calibration_id	phase	processing_mode	selection_coefficient	target_allele_frequency	population_af_lower	population_af_upper	candidate_pool_diploids	sample_diploids	exact_sample_alt_count	draw_index	seed	panel_seed	slim_scaling_factor	slim_burn_in	sequence_length_bp	focal_position_bp	origin_age_generations	origin_contract_sha256	event_contract_sha256	cell_contract_sha256	slim_sha256	status	evaluable	terminal_class	candidate_pool_alt_count	candidate_pool_af	candidate_pool_frequency_gate_passed	exact_panel_feasible	pool_band_and_panel_hit	sample_alt_count	sample_af	n_hom_ref	n_heterozygous	n_hom_alt	stdpopsim_recapitation_applied	post_slim_neutral_mutation_overlay_applied	elapsed_seconds	trajectory_sha256	panel_tree_sha256	panel_manifest_sha256	error
eas_selected__confirm100__s0.005000__af0.100000__q5__draw000	confirm100	focal_2bp_forward_only_no_recap_no_neutral_overlay	0.005	0.1	0.075	0.125	500	100	20	0	282984926	2025284289	5.0	0.1	2	1	2038.0	0c428837bc8d1f349067c6dd5a4c3c09125e96875485b44ae851b95343bc2feb	1675660457129bcf37325eb1e8a2adccdea1644cefb0b68e792389375e226225	ba87e582a0f5e3344341e04e9da204fbc0e4db85b2616e759ce7daae055caec5	67409ff190808c2967c949cae6697bf235010dbe832389cb4976d9089b5f5e1d	complete	True	segregating	112	0.112	True	True	True						False	False	99.789146587	d9545a0a96379fddc16eaa127711e4a975cd4223dc7a55001b05687371ce8e3d			
eas_selected__confirm100__s0.005000__af0.100000__q5__draw001	confirm100	focal_2bp_forward_only_no_recap_no_neutral_overlay	0.005	0.1	0.075	0.125	500	100	20	1	83707317	1370854761	5.0	0.1	2	1	2038.0	0c428837bc8d1f349067c6dd5a4c3c09125e96875485b44ae851b95343bc2feb	1675660457129bcf37325eb1e8a2adccdea1644cefb0b68e792389375e226225	ba87e582a0f5e3344341e04e9da204fbc0e4db85b2616e759ce7daae055caec5	67409ff190808c2967c949cae6697bf235010dbe832389cb4976d9089b5f5e1d	complete	True	segregating	94	0.094	True	True	True						False	False	436.524919704	3048c71ec94052b94dc3935bfa4911d829ab8b60b360d1e95892d022d6db7d35			
eas_selected__confirm100__s0.005000__af0.100000__q5__draw002	confirm100	focal_2bp_forward_only_no_recap_no_neutral_overlay	0.005	0.1	0.075	0.125	500	100	20	2	53771778	1878308634	5.0	0.1	2	1	2038.0	0c428837bc8d1f349067c6dd5a4c3c09125e96875485b44ae851b95343bc2feb	1675660457129bcf37325eb1e8a2adccdea1644cefb0b68e792389375e226225	ba87e582a0f5e3344341e04e9da204fbc0e4db85b2616e759ce7daae055caec5	67409ff190808c2967c949cae6697bf235010dbe832389cb4976d9089b5f5e1d	complete	True	segregating	100	0.1	True	True	True						False	False	66.66773176499987	31565cf9fcb8f2ad3b252ad08d66439a5b40a63a776c4491d81f7dc19cb12e6e			
eas_selected__confirm100__s0.005000__af0.100000__q5__draw003	confirm100	focal_2bp_forward_only_no_recap_no_neutral_overlay	0.005	0.1	0.075	0.125	500	100	20	3	1702828631	2053469951	5.0	0.1	2	1	2038.0	0c428837bc8d1f349067c6dd5a4c3c09125e96875485b44ae851b95343bc2feb	1675660457129bcf37325eb1e8a2adccdea1644cefb0b68e792389375e226225	ba87e582a0f5e3344341e04e9da204fbc0e4db85b2616e759ce7daae055caec5	67409ff190808c2967c949cae6697bf235010dbe832389cb4976d9089b5f5e1d	complete	True	segregating	88	0.088	True	True	True						False	False	174.55794929399985	dd946da30f9f1eb75f8e60d56fb6cd090d8d359d3031cb6bf0e64c04dc3c8dca			
eas_selected__confirm100__s0.005000__af0.100000__q5__draw004	confirm100	focal_2bp_forward_only_no_recap_no_neutral_overlay	0.005	0.1	0.075	0.125	500	100	20	4	1264726008	232899110	5.0	0.1	2	1	2038.0	0c428837bc8d1f349067c6dd5a4c3c09125e96875485b44ae851b95343bc2feb	1675660457129bcf37325eb1e8a2adccdea1644cefb0b68e792389375e226225	ba87e582a0f5e3344341e04e9da204fbc0e4db85b2616e759ce7daae055caec5	67409ff190808c2967c949cae6697bf235010dbe832389cb4976d9089b5f5e1d	complete	True	segregating	107	0.107	True	True	True						False	False	101.0901578879998	8e8487a921befaf370aff6a95631793268d20503a86704ca2d198b90c949b2bb			
eas_selected__confirm100__s0.005000__af0.100000__q5__draw005	confirm100	focal_2bp_forward_only_no_recap_no_neutral_overlay	0.005	0.1	0.075	0.125	500	100	20	5	1943808333	509732928	5.0	0.1	2	1	2038.0	0c428837bc8d1f349067c6dd5a4c3c09125e96875485b44ae851b95343bc2feb	1675660457129bcf37325eb1e8a2adccdea1644cefb0b68e792389375e226225	ba87e582a0f5e3344341e04e9da204fbc0e4db85b2616e759ce7daae055caec5	67409ff190808c2967c949cae6697bf235010dbe832389cb4976d9089b5f5e1d	complete	True	segregating	107	0.107	True	True	True						False	False	227.0435111190002	aabde2d75043e9ea05a2aa0515688e01c0123e70703cafa09e7e3ddecefc618f			
eas_selected__confirm100__s0.005000__af0.100000__q5__draw006	confirm100	focal_2bp_forward_only_no_recap_no_neutral_overlay	0.005	0.1	0.075	0.125	500	100	20	6	1801392253	1023080045	5.0	0.1	2	1	2038.0	0c428837bc8d1f349067c6dd5a4c3c09125e96875485b44ae851b95343bc2feb	1675660457129bcf37325eb1e8a2adccdea1644cefb0b68e792389375e226225	ba87e582a0f5e3344341e04e9da204fbc0e4db85b2616e759ce7daae055caec5	67409ff190808c2967c949cae6697bf235010dbe832389cb4976d9089b5f5e1d	complete	True	segregating	100	0.1	True	True	True						False	False	289.6199070299999	dc06bb0fab406beb30b3ee4ec30d1c68f432bbb76da50bb4a34fdff421738da3			
eas_selected__confirm100__s0.005000__af0.100000__q5__draw007	confirm100	focal_2bp_forward_only_no_recap_no_neutral_overlay	0.005	0.1	0.075	0.125	500	100	20	7	845409223	87503715	5.0	0.1	2	1	2038.0	0c428837bc8d1f349067c6dd5a4c3c09125e96875485b44ae851b95343bc2feb	1675660457129bcf37325eb1e8a2adccdea1644cefb0b68e792389375e226225	ba87e582a0f5e3344341e04e9da204fbc0e4db85b2616e759ce7daae055caec5	67409ff190808c2967c949cae6697bf235010dbe832389cb4976d9089b5f5e1d	complete	True	segregating	148	0.148	False	False	False						False	False	366.16096869499984	57abb27d7b126151061f05c8c4c8dce2b4b35ad1e71cfd5f6a2861479e2fdea5			
eas_selected__confirm100__s0.005000__af0.100000__q5__draw008	confirm100	focal_2bp_forward_only_no_recap_no_neutral_overlay	0.005	0.1	0.075	0.125	500	100	20	8	1423498552	1388063645	5.0	0.1	2	1	2038.0	0c428837bc8d1f349067c6dd5a4c3c09125e96875485b44ae851b95343bc2feb	1675660457129bcf37325eb1e8a2adccdea1644cefb0b68e792389375e226225	ba87e582a0f5e3344341e04e9da204fbc0e4db85b2616e759ce7daae055caec5	67409ff190808c2967c949cae6697bf235010dbe832389cb4976d9089b5f5e1d	complete	True	segregating	117	0.117	True	True	True						False	False	140.31591504400012	7af437f16e93eb5423f6a49b417e6f95caab3d4ca358092146c3de820d59b51c			
eas_selected__confirm100__s0.005000__af0.100000__q5__draw009	confirm100	focal_2bp_forward_only_no_recap_no_neutral_overlay	0.005	0.1	0.075	0.125	500	100	20	9	593575570	888481176	5.0	0.1	2	1	2038.0	0c428837bc8d1f349067c6dd5a4c3c09125e96875485b44ae851b95343bc2feb	1675660457129bcf37325eb1e8a2adccdea1644cefb0b68e792389375e226225	ba87e582a0f5e3344341e04e9da204fbc0e4db85b2616e759ce7daae055caec5	67409ff190808c2967c949cae6697bf235010dbe832389cb4976d9089b5f5e1d	complete	True	segregating	77	0.077	True	True	True						False	False	130.80438668300008	cdb7dcf356536b2eca4de59157c43f809717ac1ad560a232914bc251317f0b99			
eas_selected__confirm100__s0.005000__af0.100000__q5__draw010	confirm100	focal_2bp_forward_only_no_recap_no_neutral_overlay	0.005	0.1	0.075	0.125	500	100	20	10	1379362542	1008194306	5.0	0.1	2	1	2038.0	0c428837bc8d1f349067c6dd5a4c3c09125e96875485b44ae851b95343bc2feb	1675660457129bcf37325eb1e8a2adccdea1644cefb0b68e792389375e226225	ba87e582a0f5e3344341e04e9da204fbc0e4db85b2616e759ce7daae055caec5	67409ff190808c2967c949cae6697bf235010dbe832389cb4976d9089b5f5e1d	complete	True	segregating	81	0.081	True	True	True						False	False	64.74258541199993	bfce39b0800cd1e4523c86a17817428ce40b77a3cf7b3498793f3bdfebf5b4f1			
eas_selected__confirm100__s0.005000__af0.100000__q5__draw011	confirm100	focal_2bp_forward_only_no_recap_no_neutral_overlay	0.005	0.1	0.075	0.125	500	100	20	11	253943897	800172662	5.0	0.1	2	1	2038.0	0c428837bc8d1f349067c6dd5a4c3c09125e96875485b44ae851b95343bc2feb	1675660457129bcf37325eb1e8a2adccdea1644cefb0b68e792389375e226225	ba87e582a0f5e3344341e04e9da204fbc0e4db85b2616e759ce7daae055caec5	67409ff190808c2967c949cae6697bf235010dbe832389cb4976d9089b5f5e1d	complete	True	segregating	84	0.084	True	True	True						False	False	162.44365041800006	e272cfc8415ae8936f828a1e3a9837ac07f35a3e5b99a5ea7bff50ccc6ae6486			
eas_selected__confirm100__s0.005000__af0.100000__q5__draw012	confirm100	focal_2bp_forward_only_no_recap_no_neutral_overlay	0.005	0.1	0.075	0.125	500	100	20	12	2013658978	614486904	5.0	0.1	2	1	2038.0	0c428837bc8d1f349067c6dd5a4c3c09125e96875485b44ae851b95343bc2feb	1675660457129bcf37325eb1e8a2adccdea1644cefb0b68e792389375e226225	ba87e582a0f5e3344341e04e9da204fbc0e4db85b2616e759ce7daae055caec5	67409ff190808c2967c949cae6697bf235010dbe832389cb4976d9089b5f5e1d	complete	True	segregating	82	0.082	True	True	True						False	False	77.36857098400014	9e8645111cd1d7b57b5cddd18f729d1812c2c3506a1459628ed5c0f296961f28			
eas_selected__confirm100__s0.005000__af0.100000__q5__draw013	confirm100	focal_2bp_forward_only_no_recap_no_neutral_overlay	0.005	0.1	0.075	0.125	500	100	20	13	776908897	227117169	5.0	0.1	2	1	2038.0	0c428837bc8d1f349067c6dd5a4c3c09125e96875485b44ae851b95343bc2feb	1675660457129bcf37325eb1e8a2adccdea1644cefb0b68e792389375e226225	ba87e582a0f5e3344341e04e9da204fbc0e4db85b2616e759ce7daae055caec5	67409ff190808c2967c949cae6697bf235010dbe832389cb4976d9089b5f5e1d	complete	True	segregating	108	0.108	True	True	True						False	False	146.75642760500023	5f15d5f161422abf4dcd324408fd11c94abcb505e0bae4b26cbac731771b2eb3			
eas_selected__confirm100__s0.005000__af0.100000__q5__draw014	confirm100	focal_2bp_forward_only_no_recap_no_neutral_overlay	0.005	0.1	0.075	0.125	500	100	20	14	1045465348	2005084908	5.0	0.1	2	1	2038.0	0c428837bc8d1f349067c6dd5a4c3c09125e96875485b44ae851b95343bc2feb	1675660457129bcf37325eb1e8a2adccdea1644cefb0b68e792389375e226225	ba87e582a0f5e3344341e04e9da204fbc0e4db85b2616e759ce7daae055caec5	67409ff190808c2967c949cae6697bf235010dbe832389cb4976d9089b5f5e1d	complete	True	segregating	134	0.134	False	False	False						False	False	124.85877561200004	c796050e1496aac6768c8a7189d68f31edbb93eda63c0c12b7566a6b891b3401			
eas_selected__confirm100__s0.005000__af0.100000__q5__draw015	confirm100	focal_2bp_forward_only_no_recap_no_neutral_overlay	0.005	0.1	0.075	0.125	500	100	20	15	1979115824	717415653	5.0	0.1	2	1	2038.0	0c428837bc8d1f349067c6dd5a4c3c09125e96875485b44ae851b95343bc2feb	1675660457129bcf37325eb1e8a2adccdea1644cefb0b68e792389375e226225	ba87e582a0f5e3344341e04e9da204fbc0e4db85b2616e759ce7daae055caec5	67409ff190808c2967c949cae6697bf235010dbe832389cb4976d9089b5f5e1d	complete	True	segregating	88	0.088	True	False	False						False	False	177.63567693599998	3108d189d695168d26964ecdda9dd60f408ea05d5e592368f6fcfb9b978fc2f5			
eas_selected__confirm100__s0.005000__af0.100000__q5__draw016	confirm100	focal_2bp_forward_only_no_recap_no_neutral_overlay	0.005	0.1	0.075	0.125	500	100	20	16	1808145346	1851126444	5.0	0.1	2	1	2038.0	0c428837bc8d1f349067c6dd5a4c3c09125e96875485b44ae851b95343bc2feb	1675660457129bcf37325eb1e8a2adccdea1644cefb0b68e792389375e226225	ba87e582a0f5e3344341e04e9da204fbc0e4db85b2616e759ce7daae055caec5	67409ff190808c2967c949cae6697bf235010dbe832389cb4976d9089b5f5e1d	complete	True	segregating	80	0.08	True	True	True						False	False	38.148303938000026	e5908c9961896c9aa5132fb51141520f0d25f6b82092f66616acdda19b7c97cc			
eas_selected__confirm100__s0.005000__af0.100000__q5__draw017	confirm100	focal_2bp_forward_only_no_recap_no_neutral_overlay	0.005	0.1	0.075	0.125	500	100	20	17	633954690	1627186616	5.0	0.1	2	1	2038.0	0c428837bc8d1f349067c6dd5a4c3c09125e96875485b44ae851b95343bc2feb	1675660457129bcf37325eb1e8a2adccdea1644cefb0b68e792389375e226225	ba87e582a0f5e3344341e04e9da204fbc0e4db85b2616e759ce7daae055caec5	67409ff190808c2967c949cae6697bf235010dbe832389cb4976d9089b5f5e1d	complete	True	segregating	109	0.109	True	True	True						False	False	35.68332627099994	73e872c8cd00fc49ca4a611d1d404d108fc23139098d08b96db58051b84180b1			
eas_selected__confirm100__s0.005000__af0.100000__q5__draw018	confirm100	focal_2bp_forward_only_no_recap_no_neutral_overlay	0.005	0.1	0.075	0.125	500	100	20	18	685312465	1470952437	5.0	0.1	2	1	2038.0	0c428837bc8d1f349067c6dd5a4c3c09125e96875485b44ae851b95343bc2feb	1675660457129bcf37325eb1e8a2adccdea1644cefb0b68e792389375e226225	ba87e582a0f5e3344341e04e9da204fbc0e4db85b2616e759ce7daae055caec5	67409ff190808c2967c949cae6697bf235010dbe832389cb4976d9089b5f5e1d	complete	True	segregating	93	0.093	True	True	True						False	False	141.52741407300005	6ced733648d99c965d968be9cfd21f987e8538e1a83321d79fc119b224dd50a7			
eas_selected__confirm100__s0.005000__af0.100000__q5__draw019	confirm100	focal_2bp_forward_only_no_recap_no_neutral_overlay	0.005	0.1	0.075	0.125	500	100	20	19	1582509844	1786386690	5.0	0.1	2	1	2038.0	0c428837bc8d1f349067c6dd5a4c3c09125e96875485b44ae851b95343bc2feb	1675660457129bcf37325eb1e8a2adccdea1644cefb0b68e792389375e226225	ba87e582a0f5e3344341e04e9da204fbc0e4db85b2616e759ce7daae055caec5	67409ff190808c2967c949cae6697bf235010dbe832389cb4976d9089b5f5e1d	complete	True	segregating	138	0.138	False	False	False						False	False	276.3324354980002	403d7a339642a20da40307b6cdfec260b755ab49c94c597f86e150e9dca6b5db			
eas_selected__confirm100__s0.005000__af0.100000__q5__draw020	confirm100	focal_2bp_forward_only_no_recap_no_neutral_overlay	0.005	0.1	0.075	0.125	500	100	20	20	1748696599	1407839686	5.0	0.1	2	1	2038.0	0c428837bc8d1f349067c6dd5a4c3c09125e96875485b44ae851b95343bc2feb	1675660457129bcf37325eb1e8a2adccdea1644cefb0b68e792389375e226225	ba87e582a0f5e3344341e04e9da204fbc0e4db85b2616e759ce7daae055caec5	67409ff190808c2967c949cae6697bf235010dbe832389cb4976d9089b5f5e1d	complete	True	segregating	115	0.115	True	True	True						False	False	595.512824379	6f2d9f6ecfcf94a0ad17bf7fb913a9f407cad4aca8aa7b6924c76b639f93382a			
eas_selected__confirm100__s0.005000__af0.100000__q5__draw021	confirm100	focal_2bp_forward_only_no_recap_no_neutral_overlay	0.005	0.1	0.075	0.125	500	100	20	21	459080083	164966033	5.0	0.1	2	1	2038.0	0c428837bc8d1f349067c6dd5a4c3c09125e96875485b44ae851b95343bc2feb	1675660457129bcf37325eb1e8a2adccdea1644cefb0b68e792389375e226225	ba87e582a0f5e3344341e04e9da204fbc0e4db85b2616e759ce7daae055caec5	67409ff190808c2967c949cae6697bf235010dbe832389cb4976d9089b5f5e1d	complete	True	segregating	108	0.108	True	True	True						False	False	175.60857528899987	27f3b8f98207a7a81e767b07470df0ada6f41455440ac6af38f34885b634d423			
eas_selected__confirm100__s0.005000__af0.100000__q5__draw022	confirm100	focal_2bp_forward_only_no_recap_no_neutral_overlay	0.005	0.1	0.075	0.125	500	100	20	22	309462286	1559651349	5.0	0.1	2	1	2038.0	0c428837bc8d1f349067c6dd5a4c3c09125e96875485b44ae851b95343bc2feb	1675660457129bcf37325eb1e8a2adccdea1644cefb0b68e792389375e226225	ba87e582a0f5e3344341e04e9da204fbc0e4db85b2616e759ce7daae055caec5	67409ff190808c2967c949cae6697bf235010dbe832389cb4976d9089b5f5e1d	complete	True	segregating	91	0.091	True	True	True						False	False	260.978011421	d8e2b3494cfedebe452dfea1abac53336efd8b0d13c4bb547551f76976731d65			
eas_selected__confirm100__s0.005000__af0.100000__q5__draw023	confirm100	focal_2bp_forward_only_no_recap_no_neutral_overlay	0.005	0.1	0.075	0.125	500	100	20	23	1974580203	467211726	5.0	0.1	2	1	2038.0	0c428837bc8d1f349067c6dd5a4c3c09125e96875485b44ae851b95343bc2feb	1675660457129bcf37325eb1e8a2adccdea1644cefb0b68e792389375e226225	ba87e582a0f5e3344341e04e9da204fbc0e4db85b2616e759ce7daae055caec5	67409ff190808c2967c949cae6697bf235010dbe832389cb4976d9089b5f5e1d	complete	True	segregating	89	0.089	True	True	True						False	False	107.36322649399995	587c5bb2856e99b86eef1eeca993a40e572f86a639dc8ad4f5a95980e9cc5674			
eas_selected__confirm100__s0.005000__af0.100000__q5__draw024	confirm100	focal_2bp_forward_only_no_recap_no_neutral_overlay	0.005	0.1	0.075	0.125	500	100	20	24	562952691	1550811739	5.0	0.1	2	1	2038.0	0c428837bc8d1f349067c6dd5a4c3c09125e96875485b44ae851b95343bc2feb	1675660457129bcf37325eb1e8a2adccdea1644cefb0b68e792389375e226225	ba87e582a0f5e3344341e04e9da204fbc0e4db85b2616e759ce7daae055caec5	67409ff190808c2967c949cae6697bf235010dbe832389cb4976d9089b5f5e1d	complete	True	segregating	120	0.12	True	True	True						False	False	57.29747990999999	b4a4c2363f64bd39b21bced822735acb4873ad0c0b3dea5f6469c5a939247985			
eas_selected__confirm100__s0.005000__af0.100000__q5__draw025	confirm100	focal_2bp_forward_only_no_recap_no_neutral_overlay	0.005	0.1	0.075	0.125	500	100	20	25	321105811	1300876554	5.0	0.1	2	1	2038.0	0c428837bc8d1f349067c6dd5a4c3c09125e96875485b44ae851b95343bc2feb	1675660457129bcf37325eb1e8a2adccdea1644cefb0b68e792389375e226225	ba87e582a0f5e3344341e04e9da204fbc0e4db85b2616e759ce7daae055caec5	67409ff190808c2967c949cae6697bf235010dbe832389cb4976d9089b5f5e1d	complete	True	segregating	112	0.112	True	True	True						False	False	29.05724321499997	d6da0072cc6eaa2a48c3f9fa67fb08b95278786915cff0bc19cac641c16d8a58			
eas_selected__confirm100__s0.005000__af0.100000__q5__draw026	confirm100	focal_2bp_forward_only_no_recap_no_neutral_overlay	0.005	0.1	0.075	0.125	500	100	20	26	1453693179	64109444	5.0	0.1	2	1	2038.0	0c428837bc8d1f349067c6dd5a4c3c09125e96875485b44ae851b95343bc2feb	1675660457129bcf37325eb1e8a2adccdea1644cefb0b68e792389375e226225	ba87e582a0f5e3344341e04e9da204fbc0e4db85b2616e759ce7daae055caec5	67409ff190808c2967c949cae6697bf235010dbe832389cb4976d9089b5f5e1d	complete	True	segregating	92	0.092	True	True	True						False	False	136.46093660600013	f440865a3bd1108ff368907e25efa6220b3088ac1f9898e38e7d023d06bee324			
eas_selected__confirm100__s0.005000__af0.100000__q5__draw027	confirm100	focal_2bp_forward_only_no_recap_no_neutral_overlay	0.005	0.1	0.075	0.125	500	100	20	27	219711176	123360240	5.0	0.1	2	1	2038.0	0c428837bc8d1f349067c6dd5a4c3c09125e96875485b44ae851b95343bc2feb	1675660457129bcf37325eb1e8a2adccdea1644cefb0b68e792389375e226225	ba87e582a0f5e3344341e04e9da204fbc0e4db85b2616e759ce7daae055caec5	67409ff190808c2967c949cae6697bf235010dbe832389cb4976d9089b5f5e1d	complete	True	segregating	108	0.108	True	True	True						False	False	210.2967968360001	393e0175886b19e7edbc425335685e408e13942b0b54dd721ef9488fe37f61b6			
eas_selected__confirm100__s0.005000__af0.100000__q5__draw028	confirm100	focal_2bp_forward_only_no_recap_no_neutral_overlay	0.005	0.1	0.075	0.125	500	100	20	28	1384506799	1299211092	5.0	0.1	2	1	2038.0	0c428837bc8d1f349067c6dd5a4c3c09125e96875485b44ae851b95343bc2feb	1675660457129bcf37325eb1e8a2adccdea1644cefb0b68e792389375e226225	ba87e582a0f5e3344341e04e9da204fbc0e4db85b2616e759ce7daae055caec5	67409ff190808c2967c949cae6697bf235010dbe832389cb4976d9089b5f5e1d	complete	True	segregating	96	0.096	True	True	True						False	False	462.47801961799996	ce66696954bac56d561f6bbe07a93000c904edc77602208dbf766d23fc62a182			
eas_selected__confirm100__s0.005000__af0.100000__q5__draw029	confirm100	focal_2bp_forward_only_no_recap_no_neutral_overlay	0.005	0.1	0.075	0.125	500	100	20	29	1292969829	71506714	5.0	0.1	2	1	2038.0	0c428837bc8d1f349067c6dd5a4c3c09125e96875485b44ae851b95343bc2feb	1675660457129bcf37325eb1e8a2adccdea1644cefb0b68e792389375e226225	ba87e582a0f5e3344341e04e9da204fbc0e4db85b2616e759ce7daae055caec5	67409ff190808c2967c949cae6697bf235010dbe832389cb4976d9089b5f5e1d	complete	True	segregating	126	0.126	False	False	False						False	False	151.22604459500008	ddedc25440384511002804c07c45fa71e055271abd0285486d9713747a169160			
eas_selected__confirm100__s0.005000__af0.100000__q5__draw030	confirm100	focal_2bp_forward_only_no_recap_no_neutral_overlay	0.005	0.1	0.075	0.125	500	100	20	30	69861505	1574358839	5.0	0.1	2	1	2038.0	0c428837bc8d1f349067c6dd5a4c3c09125e96875485b44ae851b95343bc2feb	1675660457129bcf37325eb1e8a2adccdea1644cefb0b68e792389375e226225	ba87e582a0f5e3344341e04e9da204fbc0e4db85b2616e759ce7daae055caec5	67409ff190808c2967c949cae6697bf235010dbe832389cb4976d9089b5f5e1d	complete	True	segregating	82	0.082	True	True	True						False	False	72.19545377399982	e1e8888a702a16f89ff2e2ce8ca8f73ffa8401e4a75cafcf269ca3ff8e260f24			
eas_selected__confirm100__s0.005000__af0.100000__q5__draw031	confirm100	focal_2bp_forward_only_no_recap_no_neutral_overlay	0.005	0.1	0.075	0.125	500	100	20	31	1146016849	1948025693	5.0	0.1	2	1	2038.0	0c428837bc8d1f349067c6dd5a4c3c09125e96875485b44ae851b95343bc2feb	1675660457129bcf37325eb1e8a2adccdea1644cefb0b68e792389375e226225	ba87e582a0f5e3344341e04e9da204fbc0e4db85b2616e759ce7daae055caec5	67409ff190808c2967c949cae6697bf235010dbe832389cb4976d9089b5f5e1d	complete	True	segregating	123	0.123	True	True	True						False	False	194.02304490300025	b0b3058e7d130149b6cc7c6092ff4ec4a144c14320607f6ccbc66ad2c27373d6			
eas_selected__confirm100__s0.005000__af0.100000__q5__draw032	confirm100	focal_2bp_forward_only_no_recap_no_neutral_overlay	0.005	0.1	0.075	0.125	500	100	20	32	1681958991	662418167	5.0	0.1	2	1	2038.0	0c428837bc8d1f349067c6dd5a4c3c09125e96875485b44ae851b95343bc2feb	1675660457129bcf37325eb1e8a2adccdea1644cefb0b68e792389375e226225	ba87e582a0f5e3344341e04e9da204fbc0e4db85b2616e759ce7daae055caec5	67409ff190808c2967c949cae6697bf235010dbe832389cb4976d9089b5f5e1d	complete	True	segregating	88	0.088	True	True	True						False	False	200.97096185200007	9f2e5c7f35063dbb6f39c70222427324b777aad21edfe18c346199b5d43eb93e			
eas_selected__confirm100__s0.005000__af0.100000__q5__draw033	confirm100	focal_2bp_forward_only_no_recap_no_neutral_overlay	0.005	0.1	0.075	0.125	500	100	20	33	582972551	589836340	5.0	0.1	2	1	2038.0	0c428837bc8d1f349067c6dd5a4c3c09125e96875485b44ae851b95343bc2feb	1675660457129bcf37325eb1e8a2adccdea1644cefb0b68e792389375e226225	ba87e582a0f5e3344341e04e9da204fbc0e4db85b2616e759ce7daae055caec5	67409ff190808c2967c949cae6697bf235010dbe832389cb4976d9089b5f5e1d	complete	True	segregating	89	0.089	True	True	True						False	False	284.25592604700023	b6392c2855864a5136db4157cd7964efe7b2236c9627c6ea663acc37ebc45c89			
eas_selected__confirm100__s0.005000__af0.100000__q5__draw034	confirm100	focal_2bp_forward_only_no_recap_no_neutral_overlay	0.005	0.1	0.075	0.125	500	100	20	34	175824362	1789813723	5.0	0.1	2	1	2038.0	0c428837bc8d1f349067c6dd5a4c3c09125e96875485b44ae851b95343bc2feb	1675660457129bcf37325eb1e8a2adccdea1644cefb0b68e792389375e226225	ba87e582a0f5e3344341e04e9da204fbc0e4db85b2616e759ce7daae055caec5	67409ff190808c2967c949cae6697bf235010dbe832389cb4976d9089b5f5e1d	complete	True	segregating	68	0.068	False	False	False						False	False	55.509895973999846	67d46ed1413a1681cd006727bb4dfcfd742a73f0ab9222811c901902d8944bdd			
eas_selected__confirm100__s0.005000__af0.100000__q5__draw035	confirm100	focal_2bp_forward_only_no_recap_no_neutral_overlay	0.005	0.1	0.075	0.125	500	100	20	35	679790053	1571807236	5.0	0.1	2	1	2038.0	0c428837bc8d1f349067c6dd5a4c3c09125e96875485b44ae851b95343bc2feb	1675660457129bcf37325eb1e8a2adccdea1644cefb0b68e792389375e226225	ba87e582a0f5e3344341e04e9da204fbc0e4db85b2616e759ce7daae055caec5	67409ff190808c2967c949cae6697bf235010dbe832389cb4976d9089b5f5e1d	complete	True	segregating	111	0.111	True	True	True						False	False	96.66607231499984	82c96612b53bf610c610125db3046c67d51172b0507f4baa26f8e0674c50ef73			
eas_selected__confirm100__s0.005000__af0.100000__q5__draw036	confirm100	focal_2bp_forward_only_no_recap_no_neutral_overlay	0.005	0.1	0.075	0.125	500	100	20	36	2054847947	1458263883	5.0	0.1	2	1	2038.0	0c428837bc8d1f349067c6dd5a4c3c09125e96875485b44ae851b95343bc2feb	1675660457129bcf37325eb1e8a2adccdea1644cefb0b68e792389375e226225	ba87e582a0f5e3344341e04e9da204fbc0e4db85b2616e759ce7daae055caec5	67409ff190808c2967c949cae6697bf235010dbe832389cb4976d9089b5f5e1d	complete	True	segregating	87	0.087	True	True	True						False	False	485.9258211089998	f9b4407d803e100510e2785ace1e09cdf938798f3072c9228071e9415f46cb49			
eas_selected__confirm100__s0.005000__af0.100000__q5__draw037	confirm100	focal_2bp_forward_only_no_recap_no_neutral_overlay	0.005	0.1	0.075	0.125	500	100	20	37	521990726	1608763878	5.0	0.1	2	1	2038.0	0c428837bc8d1f349067c6dd5a4c3c09125e96875485b44ae851b95343bc2feb	1675660457129bcf37325eb1e8a2adccdea1644cefb0b68e792389375e226225	ba87e582a0f5e3344341e04e9da204fbc0e4db85b2616e759ce7daae055caec5	67409ff190808c2967c949cae6697bf235010dbe832389cb4976d9089b5f5e1d	complete	True	segregating	86	0.086	True	True	True						False	False	485.82813537100014	189bb3abe054b69448968c4a10edeb3e0f0c234027842e24c13f23cc3614a913			
eas_selected__confirm100__s0.005000__af0.100000__q5__draw038	confirm100	focal_2bp_forward_only_no_recap_no_neutral_overlay	0.005	0.1	0.075	0.125	500	100	20	38	94771612	1475809178	5.0	0.1	2	1	2038.0	0c428837bc8d1f349067c6dd5a4c3c09125e96875485b44ae851b95343bc2feb	1675660457129bcf37325eb1e8a2adccdea1644cefb0b68e792389375e226225	ba87e582a0f5e3344341e04e9da204fbc0e4db85b2616e759ce7daae055caec5	67409ff190808c2967c949cae6697bf235010dbe832389cb4976d9089b5f5e1d	complete	True	segregating	53	0.053	False	False	False						False	False	118.15652807600009	155d79110c09e54f4c4f7faf41c8f37365ae3ce20f720f0d4287bc11ab966a97			
eas_selected__confirm100__s0.005000__af0.100000__q5__draw039	confirm100	focal_2bp_forward_only_no_recap_no_neutral_overlay	0.005	0.1	0.075	0.125	500	100	20	39	911869633	1550324663	5.0	0.1	2	1	2038.0	0c428837bc8d1f349067c6dd5a4c3c09125e96875485b44ae851b95343bc2feb	1675660457129bcf37325eb1e8a2adccdea1644cefb0b68e792389375e226225	ba87e582a0f5e3344341e04e9da204fbc0e4db85b2616e759ce7daae055caec5	67409ff190808c2967c949cae6697bf235010dbe832389cb4976d9089b5f5e1d	complete	True	segregating	87	0.087	True	True	True						False	False	162.95897933299966	d0070c121b67aa24125900c804e7bf53e6fdaf6d693129ae60c720877472fa3e			
eas_selected__confirm100__s0.005000__af0.100000__q5__draw040	confirm100	focal_2bp_forward_only_no_recap_no_neutral_overlay	0.005	0.1	0.075	0.125	500	100	20	40	2113672641	1952595124	5.0	0.1	2	1	2038.0	0c428837bc8d1f349067c6dd5a4c3c09125e96875485b44ae851b95343bc2feb	1675660457129bcf37325eb1e8a2adccdea1644cefb0b68e792389375e226225	ba87e582a0f5e3344341e04e9da204fbc0e4db85b2616e759ce7daae055caec5	67409ff190808c2967c949cae6697bf235010dbe832389cb4976d9089b5f5e1d	complete	True	segregating	95	0.095	True	True	True						False	False	99.80615225400015	e58995a9a9f2e41266ef5228c326ac5802f36f834d155ee17f1e4238dd8adf34			
eas_selected__confirm100__s0.005000__af0.100000__q5__draw041	confirm100	focal_2bp_forward_only_no_recap_no_neutral_overlay	0.005	0.1	0.075	0.125	500	100	20	41	593764941	463114074	5.0	0.1	2	1	2038.0	0c428837bc8d1f349067c6dd5a4c3c09125e96875485b44ae851b95343bc2feb	1675660457129bcf37325eb1e8a2adccdea1644cefb0b68e792389375e226225	ba87e582a0f5e3344341e04e9da204fbc0e4db85b2616e759ce7daae055caec5	67409ff190808c2967c949cae6697bf235010dbe832389cb4976d9089b5f5e1d	complete	True	segregating	94	0.094	True	True	True						False	False	287.1418640689999	d7230bcd6c8677657566520109e57c3d3fed7d2a03b743b4fd82814dbdb6bfd4			
eas_selected__confirm100__s0.005000__af0.100000__q5__draw042	confirm100	focal_2bp_forward_only_no_recap_no_neutral_overlay	0.005	0.1	0.075	0.125	500	100	20	42	204572310	212318871	5.0	0.1	2	1	2038.0	0c428837bc8d1f349067c6dd5a4c3c09125e96875485b44ae851b95343bc2feb	1675660457129bcf37325eb1e8a2adccdea1644cefb0b68e792389375e226225	ba87e582a0f5e3344341e04e9da204fbc0e4db85b2616e759ce7daae055caec5	67409ff190808c2967c949cae6697bf235010dbe832389cb4976d9089b5f5e1d	complete	True	segregating	93	0.093	True	True	True						False	False	249.13754142900007	f4e15bee085644aa210186a1bea8ba4b9048164a702162f0ef055ae6a1a5d23c			
eas_selected__confirm100__s0.005000__af0.100000__q5__draw043	confirm100	focal_2bp_forward_only_no_recap_no_neutral_overlay	0.005	0.1	0.075	0.125	500	100	20	43	1534749599	241457216	5.0	0.1	2	1	2038.0	0c428837bc8d1f349067c6dd5a4c3c09125e96875485b44ae851b95343bc2feb	1675660457129bcf37325eb1e8a2adccdea1644cefb0b68e792389375e226225	ba87e582a0f5e3344341e04e9da204fbc0e4db85b2616e759ce7daae055caec5	67409ff190808c2967c949cae6697bf235010dbe832389cb4976d9089b5f5e1d	complete	True	segregating	90	0.09	True	False	False						False	False	548.505254357	a9bed903405a6455d4eba657d93390ac330d2770ac723969b972643302f52946			
eas_selected__confirm100__s0.005000__af0.100000__q5__draw044	confirm100	focal_2bp_forward_only_no_recap_no_neutral_overlay	0.005	0.1	0.075	0.125	500	100	20	44	44361180	2087394001	5.0	0.1	2	1	2038.0	0c428837bc8d1f349067c6dd5a4c3c09125e96875485b44ae851b95343bc2feb	1675660457129bcf37325eb1e8a2adccdea1644cefb0b68e792389375e226225	ba87e582a0f5e3344341e04e9da204fbc0e4db85b2616e759ce7daae055caec5	67409ff190808c2967c949cae6697bf235010dbe832389cb4976d9089b5f5e1d	complete	True	segregating	101	0.101	True	True	True						False	False	120.84262100299975	ba9726a6e7ae82de7ca9f241402386a0c919323595cbb0f3d047f48e9a0841f6			
eas_selected__confirm100__s0.005000__af0.100000__q5__draw045	confirm100	focal_2bp_forward_only_no_recap_no_neutral_overlay	0.005	0.1	0.075	0.125	500	100	20	45	1569967668	757562823	5.0	0.1	2	1	2038.0	0c428837bc8d1f349067c6dd5a4c3c09125e96875485b44ae851b95343bc2feb	1675660457129bcf37325eb1e8a2adccdea1644cefb0b68e792389375e226225	ba87e582a0f5e3344341e04e9da204fbc0e4db85b2616e759ce7daae055caec5	67409ff190808c2967c949cae6697bf235010dbe832389cb4976d9089b5f5e1d	complete	True	segregating	109	0.109	True	True	True						False	False	404.67499905700015	a883072b976e5a038e81e55394eda56f7956abee6803950589f021c3b4c02c48			
eas_selected__confirm100__s0.005000__af0.100000__q5__draw046	confirm100	focal_2bp_forward_only_no_recap_no_neutral_overlay	0.005	0.1	0.075	0.125	500	100	20	46	183227831	621756218	5.0	0.1	2	1	2038.0	0c428837bc8d1f349067c6dd5a4c3c09125e96875485b44ae851b95343bc2feb	1675660457129bcf37325eb1e8a2adccdea1644cefb0b68e792389375e226225	ba87e582a0f5e3344341e04e9da204fbc0e4db85b2616e759ce7daae055caec5	67409ff190808c2967c949cae6697bf235010dbe832389cb4976d9089b5f5e1d	complete	True	segregating	93	0.093	True	True	True						False	False	32.5927177640001	094dba334235dadc2bb225c832e08906029696e7faefe987f9a3511eba50cc64			
eas_selected__confirm100__s0.005000__af0.100000__q5__draw047	confirm100	focal_2bp_forward_only_no_recap_no_neutral_overlay	0.005	0.1	0.075	0.125	500	100	20	47	463427964	148720343	5.0	0.1	2	1	2038.0	0c428837bc8d1f349067c6dd5a4c3c09125e96875485b44ae851b95343bc2feb	1675660457129bcf37325eb1e8a2adccdea1644cefb0b68e792389375e226225	ba87e582a0f5e3344341e04e9da204fbc0e4db85b2616e759ce7daae055caec5	67409ff190808c2967c949cae6697bf235010dbe832389cb4976d9089b5f5e1d	complete	True	segregating	109	0.109	True	True	True						False	False	117.09129561200007	ad8928d1a3075b25c8c86fc95a8acbd53900ea9627cfcd75eedf8c4a4190f7c7			
eas_selected__confirm100__s0.005000__af0.100000__q5__draw048	confirm100	focal_2bp_forward_only_no_recap_no_neutral_overlay	0.005	0.1	0.075	0.125	500	100	20	48	1641900550	1173949089	5.0	0.1	2	1	2038.0	0c428837bc8d1f349067c6dd5a4c3c09125e96875485b44ae851b95343bc2feb	1675660457129bcf37325eb1e8a2adccdea1644cefb0b68e792389375e226225	ba87e582a0f5e3344341e04e9da204fbc0e4db85b2616e759ce7daae055caec5	67409ff190808c2967c949cae6697bf235010dbe832389cb4976d9089b5f5e1d	complete	True	segregating	87	0.087	True	True	True						False	False	145.68419561100018	93e2c8838be56e29c577efc7e7a0a4debe1c4297a1682e278e4dbad26bfc6143			
eas_selected__confirm100__s0.005000__af0.100000__q5__draw049	confirm100	focal_2bp_forward_only_no_recap_no_neutral_overlay	0.005	0.1	0.075	0.125	500	100	20	49	1399305079	1352663522	5.0	0.1	2	1	2038.0	0c428837bc8d1f349067c6dd5a4c3c09125e96875485b44ae851b95343bc2feb	1675660457129bcf37325eb1e8a2adccdea1644cefb0b68e792389375e226225	ba87e582a0f5e3344341e04e9da204fbc0e4db85b2616e759ce7daae055caec5	67409ff190808c2967c949cae6697bf235010dbe832389cb4976d9089b5f5e1d	complete	True	segregating	119	0.119	True	True	True						False	False	71.37908765400016	f67130dd53f60c60e39573d0d061930a420ad1714ea7d645b041aefeecb12b8d			
eas_selected__confirm100__s0.005000__af0.100000__q5__draw050	confirm100	focal_2bp_forward_only_no_recap_no_neutral_overlay	0.005	0.1	0.075	0.125	500	100	20	50	1313384045	685460262	5.0	0.1	2	1	2038.0	0c428837bc8d1f349067c6dd5a4c3c09125e96875485b44ae851b95343bc2feb	1675660457129bcf37325eb1e8a2adccdea1644cefb0b68e792389375e226225	ba87e582a0f5e3344341e04e9da204fbc0e4db85b2616e759ce7daae055caec5	67409ff190808c2967c949cae6697bf235010dbe832389cb4976d9089b5f5e1d	complete	True	segregating	66	0.066	False	False	False						False	False	212.66130389799991	e9dbd0db47056382e04c06e9bcb149530ba6fb4719f8642995b51ce03c741130			
eas_selected__confirm100__s0.005000__af0.100000__q5__draw051	confirm100	focal_2bp_forward_only_no_recap_no_neutral_overlay	0.005	0.1	0.075	0.125	500	100	20	51	1212735188	1147703303	5.0	0.1	2	1	2038.0	0c428837bc8d1f349067c6dd5a4c3c09125e96875485b44ae851b95343bc2feb	1675660457129bcf37325eb1e8a2adccdea1644cefb0b68e792389375e226225	ba87e582a0f5e3344341e04e9da204fbc0e4db85b2616e759ce7daae055caec5	67409ff190808c2967c949cae6697bf235010dbe832389cb4976d9089b5f5e1d	complete	True	segregating	120	0.12	True	True	True						False	False	49.61295511800017	9d9972164996aed52b0403e1a5d0d5de1289d246375374568a3c4bcb02902576			
eas_selected__confirm100__s0.005000__af0.100000__q5__draw052	confirm100	focal_2bp_forward_only_no_recap_no_neutral_overlay	0.005	0.1	0.075	0.125	500	100	20	52	729847629	1090129077	5.0	0.1	2	1	2038.0	0c428837bc8d1f349067c6dd5a4c3c09125e96875485b44ae851b95343bc2feb	1675660457129bcf37325eb1e8a2adccdea1644cefb0b68e792389375e226225	ba87e582a0f5e3344341e04e9da204fbc0e4db85b2616e759ce7daae055caec5	67409ff190808c2967c949cae6697bf235010dbe832389cb4976d9089b5f5e1d	complete	True	segregating	102	0.102	True	True	True						False	False	204.60223637700028	7e817edcec8e1da299d2ed6eb350a3611b6bbf2bc1d9983eaf92570f9eb52bc2			
eas_selected__confirm100__s0.005000__af0.100000__q5__draw053	confirm100	focal_2bp_forward_only_no_recap_no_neutral_overlay	0.005	0.1	0.075	0.125	500	100	20	53	70789011	440219780	5.0	0.1	2	1	2038.0	0c428837bc8d1f349067c6dd5a4c3c09125e96875485b44ae851b95343bc2feb	1675660457129bcf37325eb1e8a2adccdea1644cefb0b68e792389375e226225	ba87e582a0f5e3344341e04e9da204fbc0e4db85b2616e759ce7daae055caec5	67409ff190808c2967c949cae6697bf235010dbe832389cb4976d9089b5f5e1d	complete	True	segregating	75	0.075	True	False	False						False	False	27.811205960999814	0c025c5b81309b5fb78e155fc7275cb646efc181021245ad5388c74dc3d140e1			
eas_selected__confirm100__s0.005000__af0.100000__q5__draw054	confirm100	focal_2bp_forward_only_no_recap_no_neutral_overlay	0.005	0.1	0.075	0.125	500	100	20	54	382019949	979867875	5.0	0.1	2	1	2038.0	0c428837bc8d1f349067c6dd5a4c3c09125e96875485b44ae851b95343bc2feb	1675660457129bcf37325eb1e8a2adccdea1644cefb0b68e792389375e226225	ba87e582a0f5e3344341e04e9da204fbc0e4db85b2616e759ce7daae055caec5	67409ff190808c2967c949cae6697bf235010dbe832389cb4976d9089b5f5e1d	complete	True	segregating	117	0.117	True	True	True						False	False	369.18490019200044	1d1439ffebf69caced50e737681dcc8e940f1fa2aee52e95e79f8bfcbab3844c			
eas_selected__confirm100__s0.005000__af0.100000__q5__draw055	confirm100	focal_2bp_forward_only_no_recap_no_neutral_overlay	0.005	0.1	0.075	0.125	500	100	20	55	305475643	386717405	5.0	0.1	2	1	2038.0	0c428837bc8d1f349067c6dd5a4c3c09125e96875485b44ae851b95343bc2feb	1675660457129bcf37325eb1e8a2adccdea1644cefb0b68e792389375e226225	ba87e582a0f5e3344341e04e9da204fbc0e4db85b2616e759ce7daae055caec5	67409ff190808c2967c949cae6697bf235010dbe832389cb4976d9089b5f5e1d	complete	True	segregating	123	0.123	True	True	True						False	False	40.68886279599974	4c7898e6a4ce783a75631e81aed1840797d077956bf574cd9036500ceff9420a			
eas_selected__confirm100__s0.005000__af0.100000__q5__draw056	confirm100	focal_2bp_forward_only_no_recap_no_neutral_overlay	0.005	0.1	0.075	0.125	500	100	20	56	576488650	850978370	5.0	0.1	2	1	2038.0	0c428837bc8d1f349067c6dd5a4c3c09125e96875485b44ae851b95343bc2feb	1675660457129bcf37325eb1e8a2adccdea1644cefb0b68e792389375e226225	ba87e582a0f5e3344341e04e9da204fbc0e4db85b2616e759ce7daae055caec5	67409ff190808c2967c949cae6697bf235010dbe832389cb4976d9089b5f5e1d	complete	True	segregating	118	0.118	True	True	True						False	False	65.83630454800004	852ac9d17bf4360f5b52ac88d9bccfb9e34cd68878bb29b49e7399b416ba25b2			
eas_selected__confirm100__s0.005000__af0.100000__q5__draw057	confirm100	focal_2bp_forward_only_no_recap_no_neutral_overlay	0.005	0.1	0.075	0.125	500	100	20	57	1673518115	1080687846	5.0	0.1	2	1	2038.0	0c428837bc8d1f349067c6dd5a4c3c09125e96875485b44ae851b95343bc2feb	1675660457129bcf37325eb1e8a2adccdea1644cefb0b68e792389375e226225	ba87e582a0f5e3344341e04e9da204fbc0e4db85b2616e759ce7daae055caec5	67409ff190808c2967c949cae6697bf235010dbe832389cb4976d9089b5f5e1d	complete	True	segregating	102	0.102	True	True	True						False	False	115.51467103700043	34c2f9300a70c057a3079171951aa624b84bfbb64fe1e38f627d32ecf833704d			
eas_selected__confirm100__s0.005000__af0.100000__q5__draw058	confirm100	focal_2bp_forward_only_no_recap_no_neutral_overlay	0.005	0.1	0.075	0.125	500	100	20	58	1550320117	1323702243	5.0	0.1	2	1	2038.0	0c428837bc8d1f349067c6dd5a4c3c09125e96875485b44ae851b95343bc2feb	1675660457129bcf37325eb1e8a2adccdea1644cefb0b68e792389375e226225	ba87e582a0f5e3344341e04e9da204fbc0e4db85b2616e759ce7daae055caec5	67409ff190808c2967c949cae6697bf235010dbe832389cb4976d9089b5f5e1d	complete	True	segregating	69	0.069	False	False	False						False	False	446.862442094	9a8d7ea80cb609e7044bea01f1e06f046dd02e3e5e66e0fb069d0e121821ed71			
eas_selected__confirm100__s0.005000__af0.100000__q5__draw059	confirm100	focal_2bp_forward_only_no_recap_no_neutral_overlay	0.005	0.1	0.075	0.125	500	100	20	59	1288885523	130372993	5.0	0.1	2	1	2038.0	0c428837bc8d1f349067c6dd5a4c3c09125e96875485b44ae851b95343bc2feb	1675660457129bcf37325eb1e8a2adccdea1644cefb0b68e792389375e226225	ba87e582a0f5e3344341e04e9da204fbc0e4db85b2616e759ce7daae055caec5	67409ff190808c2967c949cae6697bf235010dbe832389cb4976d9089b5f5e1d	complete	True	segregating	104	0.104	True	True	True						False	False	370.9448680830001	b55cd46cb98479e77c9737ed79a85f3b8ca34dcf1b7d69ab7940898a632d7b8d			
eas_selected__confirm100__s0.005000__af0.100000__q5__draw060	confirm100	focal_2bp_forward_only_no_recap_no_neutral_overlay	0.005	0.1	0.075	0.125	500	100	20	60	904496870	301865960	5.0	0.1	2	1	2038.0	0c428837bc8d1f349067c6dd5a4c3c09125e96875485b44ae851b95343bc2feb	1675660457129bcf37325eb1e8a2adccdea1644cefb0b68e792389375e226225	ba87e582a0f5e3344341e04e9da204fbc0e4db85b2616e759ce7daae055caec5	67409ff190808c2967c949cae6697bf235010dbe832389cb4976d9089b5f5e1d	complete	True	segregating	107	0.107	True	True	True						False	False	275.8113041319998	7bb0c4c2d57dd432313dc1e178880be57521501342cd9058e9e41d8fe4f9f6f3			
eas_selected__confirm100__s0.005000__af0.100000__q5__draw061	confirm100	focal_2bp_forward_only_no_recap_no_neutral_overlay	0.005	0.1	0.075	0.125	500	100	20	61	267232780	2047513886	5.0	0.1	2	1	2038.0	0c428837bc8d1f349067c6dd5a4c3c09125e96875485b44ae851b95343bc2feb	1675660457129bcf37325eb1e8a2adccdea1644cefb0b68e792389375e226225	ba87e582a0f5e3344341e04e9da204fbc0e4db85b2616e759ce7daae055caec5	67409ff190808c2967c949cae6697bf235010dbe832389cb4976d9089b5f5e1d	complete	True	segregating	95	0.095	True	True	True						False	False	422.2031248630001	237df76bbf15bff5654aa0d0f43d3f253827f2a79b6c3b193ae1439ec24a0225			
eas_selected__confirm100__s0.005000__af0.100000__q5__draw062	confirm100	focal_2bp_forward_only_no_recap_no_neutral_overlay	0.005	0.1	0.075	0.125	500	100	20	62	646246630	1321147550	5.0	0.1	2	1	2038.0	0c428837bc8d1f349067c6dd5a4c3c09125e96875485b44ae851b95343bc2feb	1675660457129bcf37325eb1e8a2adccdea1644cefb0b68e792389375e226225	ba87e582a0f5e3344341e04e9da204fbc0e4db85b2616e759ce7daae055caec5	67409ff190808c2967c949cae6697bf235010dbe832389cb4976d9089b5f5e1d	complete	True	segregating	137	0.137	False	False	False						False	False	56.157611093000014	46576fcd72522f3046e030e621a18dd0e53d9ca9e9f69c3465f850484e4fddb4			
eas_selected__confirm100__s0.005000__af0.100000__q5__draw063	confirm100	focal_2bp_forward_only_no_recap_no_neutral_overlay	0.005	0.1	0.075	0.125	500	100	20	63	1314198985	1574412855	5.0	0.1	2	1	2038.0	0c428837bc8d1f349067c6dd5a4c3c09125e96875485b44ae851b95343bc2feb	1675660457129bcf37325eb1e8a2adccdea1644cefb0b68e792389375e226225	ba87e582a0f5e3344341e04e9da204fbc0e4db85b2616e759ce7daae055caec5	67409ff190808c2967c949cae6697bf235010dbe832389cb4976d9089b5f5e1d	complete	True	segregating	101	0.101	True	True	True						False	False	60.26060685699986	9d716e72dfc735c74defefcfe7c1b1aa2ea3bfae3408df413f4c93301cc48769			
eas_selected__confirm100__s0.005000__af0.100000__q5__draw064	confirm100	focal_2bp_forward_only_no_recap_no_neutral_overlay	0.005	0.1	0.075	0.125	500	100	20	64	1324550867	642486263	5.0	0.1	2	1	2038.0	0c428837bc8d1f349067c6dd5a4c3c09125e96875485b44ae851b95343bc2feb	1675660457129bcf37325eb1e8a2adccdea1644cefb0b68e792389375e226225	ba87e582a0f5e3344341e04e9da204fbc0e4db85b2616e759ce7daae055caec5	67409ff190808c2967c949cae6697bf235010dbe832389cb4976d9089b5f5e1d	complete	True	segregating	120	0.12	True	True	True						False	False	349.8554062979997	f8af3d51110f65a0b5511fde0cb2d4b11239caf9792bc341c73d04902056ccd9			
eas_selected__confirm100__s0.005000__af0.100000__q5__draw065	confirm100	focal_2bp_forward_only_no_recap_no_neutral_overlay	0.005	0.1	0.075	0.125	500	100	20	65	56778789	39972962	5.0	0.1	2	1	2038.0	0c428837bc8d1f349067c6dd5a4c3c09125e96875485b44ae851b95343bc2feb	1675660457129bcf37325eb1e8a2adccdea1644cefb0b68e792389375e226225	ba87e582a0f5e3344341e04e9da204fbc0e4db85b2616e759ce7daae055caec5	67409ff190808c2967c949cae6697bf235010dbe832389cb4976d9089b5f5e1d	complete	True	segregating	92	0.092	True	True	True						False	False	82.61762512199994	4df450c8d39b9d1f8f97ad0cf48573aca3a0eec23e4139e8f9627adf030432dd			
eas_selected__confirm100__s0.005000__af0.100000__q5__draw066	confirm100	focal_2bp_forward_only_no_recap_no_neutral_overlay	0.005	0.1	0.075	0.125	500	100	20	66	667668572	1141586974	5.0	0.1	2	1	2038.0	0c428837bc8d1f349067c6dd5a4c3c09125e96875485b44ae851b95343bc2feb	1675660457129bcf37325eb1e8a2adccdea1644cefb0b68e792389375e226225	ba87e582a0f5e3344341e04e9da204fbc0e4db85b2616e759ce7daae055caec5	67409ff190808c2967c949cae6697bf235010dbe832389cb4976d9089b5f5e1d	complete	True	segregating	98	0.098	True	True	True						False	False	400.0720079160001	8c11e50900c49bda7f238fae8d4525777b176d0dc74bfe0eda13a7dc5dd1a139			
eas_selected__confirm100__s0.005000__af0.100000__q5__draw067	confirm100	focal_2bp_forward_only_no_recap_no_neutral_overlay	0.005	0.1	0.075	0.125	500	100	20	67	476058998	405203968	5.0	0.1	2	1	2038.0	0c428837bc8d1f349067c6dd5a4c3c09125e96875485b44ae851b95343bc2feb	1675660457129bcf37325eb1e8a2adccdea1644cefb0b68e792389375e226225	ba87e582a0f5e3344341e04e9da204fbc0e4db85b2616e759ce7daae055caec5	67409ff190808c2967c949cae6697bf235010dbe832389cb4976d9089b5f5e1d	complete	True	segregating	126	0.126	False	False	False						False	False	287.47229219400015	adb3552b3ff1ddd186bf4a8aceb0f5e2e5f200651a75a0868a0717855a0f0a78			
eas_selected__confirm100__s0.005000__af0.100000__q5__draw068	confirm100	focal_2bp_forward_only_no_recap_no_neutral_overlay	0.005	0.1	0.075	0.125	500	100	20	68	540714397	1944863765	5.0	0.1	2	1	2038.0	0c428837bc8d1f349067c6dd5a4c3c09125e96875485b44ae851b95343bc2feb	1675660457129bcf37325eb1e8a2adccdea1644cefb0b68e792389375e226225	ba87e582a0f5e3344341e04e9da204fbc0e4db85b2616e759ce7daae055caec5	67409ff190808c2967c949cae6697bf235010dbe832389cb4976d9089b5f5e1d	complete	True	segregating	83	0.083	True	True	True						False	False	139.3396891299999	cd014749b0c2479dd3bcfcc2dbd5ade7179af3a18a4c53025378ca3b64cad91e			
eas_selected__confirm100__s0.005000__af0.100000__q5__draw069	confirm100	focal_2bp_forward_only_no_recap_no_neutral_overlay	0.005	0.1	0.075	0.125	500	100	20	69	1736930777	1756756723	5.0	0.1	2	1	2038.0	0c428837bc8d1f349067c6dd5a4c3c09125e96875485b44ae851b95343bc2feb	1675660457129bcf37325eb1e8a2adccdea1644cefb0b68e792389375e226225	ba87e582a0f5e3344341e04e9da204fbc0e4db85b2616e759ce7daae055caec5	67409ff190808c2967c949cae6697bf235010dbe832389cb4976d9089b5f5e1d	complete	True	segregating	106	0.106	True	True	True						False	False	158.8299049950001	ed5699e77fe7e177517828b5ed4a9dec16fa45afede87a603773dc82dc64e04c			
eas_selected__confirm100__s0.005000__af0.100000__q5__draw070	confirm100	focal_2bp_forward_only_no_recap_no_neutral_overlay	0.005	0.1	0.075	0.125	500	100	20	70	1382620604	312648485	5.0	0.1	2	1	2038.0	0c428837bc8d1f349067c6dd5a4c3c09125e96875485b44ae851b95343bc2feb	1675660457129bcf37325eb1e8a2adccdea1644cefb0b68e792389375e226225	ba87e582a0f5e3344341e04e9da204fbc0e4db85b2616e759ce7daae055caec5	67409ff190808c2967c949cae6697bf235010dbe832389cb4976d9089b5f5e1d	complete	True	segregating	100	0.1	True	True	True						False	False	45.047052033	0da8998b67d2fcbabdd3b32c3051c5a6b2393ff665591b2a3f6db04932152c58			
eas_selected__confirm100__s0.005000__af0.100000__q5__draw071	confirm100	focal_2bp_forward_only_no_recap_no_neutral_overlay	0.005	0.1	0.075	0.125	500	100	20	71	304720264	729601576	5.0	0.1	2	1	2038.0	0c428837bc8d1f349067c6dd5a4c3c09125e96875485b44ae851b95343bc2feb	1675660457129bcf37325eb1e8a2adccdea1644cefb0b68e792389375e226225	ba87e582a0f5e3344341e04e9da204fbc0e4db85b2616e759ce7daae055caec5	67409ff190808c2967c949cae6697bf235010dbe832389cb4976d9089b5f5e1d	complete	True	segregating	78	0.078	True	True	True						False	False	372.68024726500016	4151181e56569c985d23be01ba1438aeeda153c319632aa75b6cf640a93241c6			
eas_selected__confirm100__s0.005000__af0.100000__q5__draw072	confirm100	focal_2bp_forward_only_no_recap_no_neutral_overlay	0.005	0.1	0.075	0.125	500	100	20	72	220171261	1106481599	5.0	0.1	2	1	2038.0	0c428837bc8d1f349067c6dd5a4c3c09125e96875485b44ae851b95343bc2feb	1675660457129bcf37325eb1e8a2adccdea1644cefb0b68e792389375e226225	ba87e582a0f5e3344341e04e9da204fbc0e4db85b2616e759ce7daae055caec5	67409ff190808c2967c949cae6697bf235010dbe832389cb4976d9089b5f5e1d	complete	True	segregating	113	0.113	True	True	True						False	False	253.2299165270001	4cdd98714ee6874f3b3b763b4925cfdb06fba7da3d0e3b3a44133c3fbadc3159			
eas_selected__confirm100__s0.005000__af0.100000__q5__draw073	confirm100	focal_2bp_forward_only_no_recap_no_neutral_overlay	0.005	0.1	0.075	0.125	500	100	20	73	601067992	261411051	5.0	0.1	2	1	2038.0	0c428837bc8d1f349067c6dd5a4c3c09125e96875485b44ae851b95343bc2feb	1675660457129bcf37325eb1e8a2adccdea1644cefb0b68e792389375e226225	ba87e582a0f5e3344341e04e9da204fbc0e4db85b2616e759ce7daae055caec5	67409ff190808c2967c949cae6697bf235010dbe832389cb4976d9089b5f5e1d	complete	True	segregating	85	0.085	True	True	True						False	False	49.12131133599996	1ec15ed93b2ce50c1d0dace16884a8ca7e6747463bdc69b98e15f0f1c08d68cd			
eas_selected__confirm100__s0.005000__af0.100000__q5__draw074	confirm100	focal_2bp_forward_only_no_recap_no_neutral_overlay	0.005	0.1	0.075	0.125	500	100	20	74	1149445670	285435246	5.0	0.1	2	1	2038.0	0c428837bc8d1f349067c6dd5a4c3c09125e96875485b44ae851b95343bc2feb	1675660457129bcf37325eb1e8a2adccdea1644cefb0b68e792389375e226225	ba87e582a0f5e3344341e04e9da204fbc0e4db85b2616e759ce7daae055caec5	67409ff190808c2967c949cae6697bf235010dbe832389cb4976d9089b5f5e1d	complete	True	segregating	110	0.11	True	True	True						False	False	162.19073440800003	5e12e79c11c99f2c36e2550400c16cf4de70e00ff80952a5fb67cca12be14a68			
eas_selected__confirm100__s0.005000__af0.100000__q5__draw075	confirm100	focal_2bp_forward_only_no_recap_no_neutral_overlay	0.005	0.1	0.075	0.125	500	100	20	75	539840278	272141266	5.0	0.1	2	1	2038.0	0c428837bc8d1f349067c6dd5a4c3c09125e96875485b44ae851b95343bc2feb	1675660457129bcf37325eb1e8a2adccdea1644cefb0b68e792389375e226225	ba87e582a0f5e3344341e04e9da204fbc0e4db85b2616e759ce7daae055caec5	67409ff190808c2967c949cae6697bf235010dbe832389cb4976d9089b5f5e1d	complete	True	segregating	82	0.082	True	True	True						False	False	143.37953638499994	2ac88dd45a05fb8daaee3a248e0533394d3a0c3e5970971e521f7555622183ae			
eas_selected__confirm100__s0.005000__af0.100000__q5__draw076	confirm100	focal_2bp_forward_only_no_recap_no_neutral_overlay	0.005	0.1	0.075	0.125	500	100	20	76	1660407321	1935984523	5.0	0.1	2	1	2038.0	0c428837bc8d1f349067c6dd5a4c3c09125e96875485b44ae851b95343bc2feb	1675660457129bcf37325eb1e8a2adccdea1644cefb0b68e792389375e226225	ba87e582a0f5e3344341e04e9da204fbc0e4db85b2616e759ce7daae055caec5	67409ff190808c2967c949cae6697bf235010dbe832389cb4976d9089b5f5e1d	complete	True	segregating	99	0.099	True	True	True						False	False	168.5997020079999	c0688fdf4cf6159b46cce733765cecceef637d74de38e4328058249653bfe1e4			
eas_selected__confirm100__s0.005000__af0.100000__q5__draw077	confirm100	focal_2bp_forward_only_no_recap_no_neutral_overlay	0.005	0.1	0.075	0.125	500	100	20	77	1360930292	2071846084	5.0	0.1	2	1	2038.0	0c428837bc8d1f349067c6dd5a4c3c09125e96875485b44ae851b95343bc2feb	1675660457129bcf37325eb1e8a2adccdea1644cefb0b68e792389375e226225	ba87e582a0f5e3344341e04e9da204fbc0e4db85b2616e759ce7daae055caec5	67409ff190808c2967c949cae6697bf235010dbe832389cb4976d9089b5f5e1d	complete	True	segregating	95	0.095	True	True	True						False	False	116.26973382599999	03785b7525b7167e2bdeba0649d9c6fb3675b7956a0be13b72327d9147968411			
eas_selected__confirm100__s0.005000__af0.100000__q5__draw078	confirm100	focal_2bp_forward_only_no_recap_no_neutral_overlay	0.005	0.1	0.075	0.125	500	100	20	78	52308674	1108130051	5.0	0.1	2	1	2038.0	0c428837bc8d1f349067c6dd5a4c3c09125e96875485b44ae851b95343bc2feb	1675660457129bcf37325eb1e8a2adccdea1644cefb0b68e792389375e226225	ba87e582a0f5e3344341e04e9da204fbc0e4db85b2616e759ce7daae055caec5	67409ff190808c2967c949cae6697bf235010dbe832389cb4976d9089b5f5e1d	complete	True	segregating	108	0.108	True	True	True						False	False	46.62704136299999	36451e05867583435c5645cbce54bbf6e8e8d14c6c287f258fd3b8f3d0473155			
eas_selected__confirm100__s0.005000__af0.100000__q5__draw079	confirm100	focal_2bp_forward_only_no_recap_no_neutral_overlay	0.005	0.1	0.075	0.125	500	100	20	79	341888159	869239233	5.0	0.1	2	1	2038.0	0c428837bc8d1f349067c6dd5a4c3c09125e96875485b44ae851b95343bc2feb	1675660457129bcf37325eb1e8a2adccdea1644cefb0b68e792389375e226225	ba87e582a0f5e3344341e04e9da204fbc0e4db85b2616e759ce7daae055caec5	67409ff190808c2967c949cae6697bf235010dbe832389cb4976d9089b5f5e1d	complete	True	segregating	128	0.128	False	False	False						False	False	106.37042654799961	9a062d21482ac1a1c022b10fac35c72d9dc492826f8f8875bf975bae899dbd5d			
eas_selected__confirm100__s0.005000__af0.100000__q5__draw080	confirm100	focal_2bp_forward_only_no_recap_no_neutral_overlay	0.005	0.1	0.075	0.125	500	100	20	80	1280374683	247230618	5.0	0.1	2	1	2038.0	0c428837bc8d1f349067c6dd5a4c3c09125e96875485b44ae851b95343bc2feb	1675660457129bcf37325eb1e8a2adccdea1644cefb0b68e792389375e226225	ba87e582a0f5e3344341e04e9da204fbc0e4db85b2616e759ce7daae055caec5	67409ff190808c2967c949cae6697bf235010dbe832389cb4976d9089b5f5e1d	complete	True	segregating	130	0.13	False	False	False						False	False	583.8624754399998	3e4f3d3e4ba6393be0acb1800d956338b957f3ec1cc5c9d6f65dd6a66fabc8f9			
eas_selected__confirm100__s0.005000__af0.100000__q5__draw081	confirm100	focal_2bp_forward_only_no_recap_no_neutral_overlay	0.005	0.1	0.075	0.125	500	100	20	81	1536106778	851133895	5.0	0.1	2	1	2038.0	0c428837bc8d1f349067c6dd5a4c3c09125e96875485b44ae851b95343bc2feb	1675660457129bcf37325eb1e8a2adccdea1644cefb0b68e792389375e226225	ba87e582a0f5e3344341e04e9da204fbc0e4db85b2616e759ce7daae055caec5	67409ff190808c2967c949cae6697bf235010dbe832389cb4976d9089b5f5e1d	complete	True	segregating	69	0.069	False	False	False						False	False	184.7190729920003	de469dcf2569de3dcbb9d9e7022493d323ef82450aad3ae4980962092ede9db1			
eas_selected__confirm100__s0.005000__af0.100000__q5__draw082	confirm100	focal_2bp_forward_only_no_recap_no_neutral_overlay	0.005	0.1	0.075	0.125	500	100	20	82	2121940122	446525678	5.0	0.1	2	1	2038.0	0c428837bc8d1f349067c6dd5a4c3c09125e96875485b44ae851b95343bc2feb	1675660457129bcf37325eb1e8a2adccdea1644cefb0b68e792389375e226225	ba87e582a0f5e3344341e04e9da204fbc0e4db85b2616e759ce7daae055caec5	67409ff190808c2967c949cae6697bf235010dbe832389cb4976d9089b5f5e1d	complete	True	segregating	86	0.086	True	True	True						False	False	104.91288972499979	9a8e8659f74d8b77caa6959d84386018f9bd929be0caaff1cacafd6a3df77694			
eas_selected__confirm100__s0.005000__af0.100000__q5__draw083	confirm100	focal_2bp_forward_only_no_recap_no_neutral_overlay	0.005	0.1	0.075	0.125	500	100	20	83	1011199909	135594170	5.0	0.1	2	1	2038.0	0c428837bc8d1f349067c6dd5a4c3c09125e96875485b44ae851b95343bc2feb	1675660457129bcf37325eb1e8a2adccdea1644cefb0b68e792389375e226225	ba87e582a0f5e3344341e04e9da204fbc0e4db85b2616e759ce7daae055caec5	67409ff190808c2967c949cae6697bf235010dbe832389cb4976d9089b5f5e1d	complete	True	segregating	117	0.117	True	True	True						False	False	163.95964875200025	72537ac245bf68bb503f2808327f377b65d563919120d2300431beeb4cc053de			
eas_selected__confirm100__s0.005000__af0.100000__q5__draw084	confirm100	focal_2bp_forward_only_no_recap_no_neutral_overlay	0.005	0.1	0.075	0.125	500	100	20	84	1227860626	1053558586	5.0	0.1	2	1	2038.0	0c428837bc8d1f349067c6dd5a4c3c09125e96875485b44ae851b95343bc2feb	1675660457129bcf37325eb1e8a2adccdea1644cefb0b68e792389375e226225	ba87e582a0f5e3344341e04e9da204fbc0e4db85b2616e759ce7daae055caec5	67409ff190808c2967c949cae6697bf235010dbe832389cb4976d9089b5f5e1d	complete	True	segregating	76	0.076	True	True	True						False	False	94.1874890869999	9b982fd8265653ca6bb290eb0c3b661b5b9bd7a0b532a41fb6f4945f0b93279e			
eas_selected__confirm100__s0.005000__af0.100000__q5__draw085	confirm100	focal_2bp_forward_only_no_recap_no_neutral_overlay	0.005	0.1	0.075	0.125	500	100	20	85	1438048798	1012339687	5.0	0.1	2	1	2038.0	0c428837bc8d1f349067c6dd5a4c3c09125e96875485b44ae851b95343bc2feb	1675660457129bcf37325eb1e8a2adccdea1644cefb0b68e792389375e226225	ba87e582a0f5e3344341e04e9da204fbc0e4db85b2616e759ce7daae055caec5	67409ff190808c2967c949cae6697bf235010dbe832389cb4976d9089b5f5e1d	complete	True	segregating	130	0.13	False	False	False						False	False	128.2520029430002	481b49f689965b3114b213849a6bc5c329bbbbaab3ad2f0f3159fa9d251e7590			
eas_selected__confirm100__s0.005000__af0.100000__q5__draw086	confirm100	focal_2bp_forward_only_no_recap_no_neutral_overlay	0.005	0.1	0.075	0.125	500	100	20	86	2113076538	1924752577	5.0	0.1	2	1	2038.0	0c428837bc8d1f349067c6dd5a4c3c09125e96875485b44ae851b95343bc2feb	1675660457129bcf37325eb1e8a2adccdea1644cefb0b68e792389375e226225	ba87e582a0f5e3344341e04e9da204fbc0e4db85b2616e759ce7daae055caec5	67409ff190808c2967c949cae6697bf235010dbe832389cb4976d9089b5f5e1d	complete	True	segregating	85	0.085	True	True	True						False	False	211.6216717110001	e5ef29fb41ad129cab55d7a1cac9c2db9078e53fa9c40752b483dafc6c87b0c6			
eas_selected__confirm100__s0.005000__af0.100000__q5__draw087	confirm100	focal_2bp_forward_only_no_recap_no_neutral_overlay	0.005	0.1	0.075	0.125	500	100	20	87	1694664347	1264042450	5.0	0.1	2	1	2038.0	0c428837bc8d1f349067c6dd5a4c3c09125e96875485b44ae851b95343bc2feb	1675660457129bcf37325eb1e8a2adccdea1644cefb0b68e792389375e226225	ba87e582a0f5e3344341e04e9da204fbc0e4db85b2616e759ce7daae055caec5	67409ff190808c2967c949cae6697bf235010dbe832389cb4976d9089b5f5e1d	complete	True	segregating	113	0.113	True	True	True						False	False	185.67298609199997	481d15c13c46e0ea6ccaa6fb607cfe77b8db98e16e797dd36b3bfabe4936cf4a			
eas_selected__confirm100__s0.005000__af0.100000__q5__draw088	confirm100	focal_2bp_forward_only_no_recap_no_neutral_overlay	0.005	0.1	0.075	0.125	500	100	20	88	1920815851	31650951	5.0	0.1	2	1	2038.0	0c428837bc8d1f349067c6dd5a4c3c09125e96875485b44ae851b95343bc2feb	1675660457129bcf37325eb1e8a2adccdea1644cefb0b68e792389375e226225	ba87e582a0f5e3344341e04e9da204fbc0e4db85b2616e759ce7daae055caec5	67409ff190808c2967c949cae6697bf235010dbe832389cb4976d9089b5f5e1d	complete	True	segregating	88	0.088	True	True	True						False	False	210.69040759899963	f81ab95ab9e7600e168961bffcd39e051b7b880017938f04cb22e4e9290c55db			
eas_selected__confirm100__s0.005000__af0.100000__q5__draw089	confirm100	focal_2bp_forward_only_no_recap_no_neutral_overlay	0.005	0.1	0.075	0.125	500	100	20	89	287661092	1075671049	5.0	0.1	2	1	2038.0	0c428837bc8d1f349067c6dd5a4c3c09125e96875485b44ae851b95343bc2feb	1675660457129bcf37325eb1e8a2adccdea1644cefb0b68e792389375e226225	ba87e582a0f5e3344341e04e9da204fbc0e4db85b2616e759ce7daae055caec5	67409ff190808c2967c949cae6697bf235010dbe832389cb4976d9089b5f5e1d	complete	True	segregating	122	0.122	True	True	True						False	False	260.51526962599974	3086695ed2ee93595d278224d5b592e14d2c70011840c3b4d545df3e68275ed5			
eas_selected__confirm100__s0.005000__af0.100000__q5__draw090	confirm100	focal_2bp_forward_only_no_recap_no_neutral_overlay	0.005	0.1	0.075	0.125	500	100	20	90	1944569040	1067708620	5.0	0.1	2	1	2038.0	0c428837bc8d1f349067c6dd5a4c3c09125e96875485b44ae851b95343bc2feb	1675660457129bcf37325eb1e8a2adccdea1644cefb0b68e792389375e226225	ba87e582a0f5e3344341e04e9da204fbc0e4db85b2616e759ce7daae055caec5	67409ff190808c2967c949cae6697bf235010dbe832389cb4976d9089b5f5e1d	complete	True	segregating	77	0.077	True	True	True						False	False	64.41732261700008	f3338151d8856bc52d8303d995af34305028643de917a9919937c114c02c710c			
eas_selected__confirm100__s0.005000__af0.100000__q5__draw091	confirm100	focal_2bp_forward_only_no_recap_no_neutral_overlay	0.005	0.1	0.075	0.125	500	100	20	91	801705514	360608687	5.0	0.1	2	1	2038.0	0c428837bc8d1f349067c6dd5a4c3c09125e96875485b44ae851b95343bc2feb	1675660457129bcf37325eb1e8a2adccdea1644cefb0b68e792389375e226225	ba87e582a0f5e3344341e04e9da204fbc0e4db85b2616e759ce7daae055caec5	67409ff190808c2967c949cae6697bf235010dbe832389cb4976d9089b5f5e1d	complete	True	segregating	97	0.097	True	True	True						False	False	56.49472172700007	d37d4680e471ca5e86ad95153333e29f0a87eea6382f891117e4b431e52314d6			
eas_selected__confirm100__s0.005000__af0.100000__q5__draw092	confirm100	focal_2bp_forward_only_no_recap_no_neutral_overlay	0.005	0.1	0.075	0.125	500	100	20	92	765041708	1133285274	5.0	0.1	2	1	2038.0	0c428837bc8d1f349067c6dd5a4c3c09125e96875485b44ae851b95343bc2feb	1675660457129bcf37325eb1e8a2adccdea1644cefb0b68e792389375e226225	ba87e582a0f5e3344341e04e9da204fbc0e4db85b2616e759ce7daae055caec5	67409ff190808c2967c949cae6697bf235010dbe832389cb4976d9089b5f5e1d	complete	True	segregating	119	0.119	True	True	True						False	False	36.71139674699998	aca108600732d1761dc0a9635db993193630c080f0245ee1633f6bdce995766b			
eas_selected__confirm100__s0.005000__af0.100000__q5__draw093	confirm100	focal_2bp_forward_only_no_recap_no_neutral_overlay	0.005	0.1	0.075	0.125	500	100	20	93	307339437	1052267353	5.0	0.1	2	1	2038.0	0c428837bc8d1f349067c6dd5a4c3c09125e96875485b44ae851b95343bc2feb	1675660457129bcf37325eb1e8a2adccdea1644cefb0b68e792389375e226225	ba87e582a0f5e3344341e04e9da204fbc0e4db85b2616e759ce7daae055caec5	67409ff190808c2967c949cae6697bf235010dbe832389cb4976d9089b5f5e1d	complete	True	segregating	98	0.098	True	True	True						False	False	85.10603464199994	fa8911d73da003a2e58b0eb316779d50527ae587c845b19ede68eae116311f5d			
eas_selected__confirm100__s0.005000__af0.100000__q5__draw094	confirm100	focal_2bp_forward_only_no_recap_no_neutral_overlay	0.005	0.1	0.075	0.125	500	100	20	94	1576600008	856018258	5.0	0.1	2	1	2038.0	0c428837bc8d1f349067c6dd5a4c3c09125e96875485b44ae851b95343bc2feb	1675660457129bcf37325eb1e8a2adccdea1644cefb0b68e792389375e226225	ba87e582a0f5e3344341e04e9da204fbc0e4db85b2616e759ce7daae055caec5	67409ff190808c2967c949cae6697bf235010dbe832389cb4976d9089b5f5e1d	complete	True	segregating	87	0.087	True	True	True						False	False	134.32506770199961	3198542002d562c82d8feb48965301f09f231cfc4ad16cae39e3a55483b11252			
eas_selected__confirm100__s0.005000__af0.100000__q5__draw095	confirm100	focal_2bp_forward_only_no_recap_no_neutral_overlay	0.005	0.1	0.075	0.125	500	100	20	95	1497567725	387730301	5.0	0.1	2	1	2038.0	0c428837bc8d1f349067c6dd5a4c3c09125e96875485b44ae851b95343bc2feb	1675660457129bcf37325eb1e8a2adccdea1644cefb0b68e792389375e226225	ba87e582a0f5e3344341e04e9da204fbc0e4db85b2616e759ce7daae055caec5	67409ff190808c2967c949cae6697bf235010dbe832389cb4976d9089b5f5e1d	complete	True	segregating	115	0.115	True	True	True						False	False	213.93022305500017	eaa427f1cc7ddebc2aa7bdda06364f2a92e4a1a39617d210e1f2742c3e2bd77b			
eas_selected__confirm100__s0.005000__af0.100000__q5__draw096	confirm100	focal_2bp_forward_only_no_recap_no_neutral_overlay	0.005	0.1	0.075	0.125	500	100	20	96	2077319015	2080709133	5.0	0.1	2	1	2038.0	0c428837bc8d1f349067c6dd5a4c3c09125e96875485b44ae851b95343bc2feb	1675660457129bcf37325eb1e8a2adccdea1644cefb0b68e792389375e226225	ba87e582a0f5e3344341e04e9da204fbc0e4db85b2616e759ce7daae055caec5	67409ff190808c2967c949cae6697bf235010dbe832389cb4976d9089b5f5e1d	complete	True	segregating	89	0.089	True	True	True						False	False	140.9893107329999	85e407c22f655fe548f467f888bc5ffde5e40d64f24bc936103769456088cd46			
eas_selected__confirm100__s0.005000__af0.100000__q5__draw097	confirm100	focal_2bp_forward_only_no_recap_no_neutral_overlay	0.005	0.1	0.075	0.125	500	100	20	97	1253535031	1369885546	5.0	0.1	2	1	2038.0	0c428837bc8d1f349067c6dd5a4c3c09125e96875485b44ae851b95343bc2feb	1675660457129bcf37325eb1e8a2adccdea1644cefb0b68e792389375e226225	ba87e582a0f5e3344341e04e9da204fbc0e4db85b2616e759ce7daae055caec5	67409ff190808c2967c949cae6697bf235010dbe832389cb4976d9089b5f5e1d	complete	True	segregating	80	0.08	True	False	False						False	False	73.75544496300017	30cceff1abbc80378b99fafaf3ef0d07cf0483872c2f495309ec08bdc571d869			
eas_selected__confirm100__s0.005000__af0.100000__q5__draw098	confirm100	focal_2bp_forward_only_no_recap_no_neutral_overlay	0.005	0.1	0.075	0.125	500	100	20	98	299737403	603121751	5.0	0.1	2	1	2038.0	0c428837bc8d1f349067c6dd5a4c3c09125e96875485b44ae851b95343bc2feb	1675660457129bcf37325eb1e8a2adccdea1644cefb0b68e792389375e226225	ba87e582a0f5e3344341e04e9da204fbc0e4db85b2616e759ce7daae055caec5	67409ff190808c2967c949cae6697bf235010dbe832389cb4976d9089b5f5e1d	complete	True	segregating	112	0.112	True	True	True						False	False	31.59314181300033	a25efbd1fc0f50fda1d6c6deda474463da845fbfc3be852b0f331221c1f29ce7			
eas_selected__confirm100__s0.005000__af0.100000__q5__draw099	confirm100	focal_2bp_forward_only_no_recap_no_neutral_overlay	0.005	0.1	0.075	0.125	500	100	20	99	95446614	1273399763	5.0	0.1	2	1	2038.0	0c428837bc8d1f349067c6dd5a4c3c09125e96875485b44ae851b95343bc2feb	1675660457129bcf37325eb1e8a2adccdea1644cefb0b68e792389375e226225	ba87e582a0f5e3344341e04e9da204fbc0e4db85b2616e759ce7daae055caec5	67409ff190808c2967c949cae6697bf235010dbe832389cb4976d9089b5f5e1d	complete	True	segregating	89	0.089	True	True	True						False	False	41.594225554999866	46befbe18417e85250bf3b167734a030725e42ba7c735726e9aa47a0d57235bf			
eas_selected__confirm100__s0.005000__af0.200000__q5__draw000	confirm100	focal_2bp_forward_only_no_recap_no_neutral_overlay	0.005	0.2	0.175	0.225	500	100	40	0	1253952778	1591664674	5.0	0.1	2	1	2409.0	6bfc1e42438244d3e75a20747cd4028e31c628d61d05e247084f7662de0314c2	1a99e6eede61e5c3ddfeb9ddc0e21b1cee234393fc5d12b3c668b93d9424abac	d78b9e0c6f7d1a77484af3b4d4a0a046503fa48624b0957ef590ab8ea5ca6eae	67409ff190808c2967c949cae6697bf235010dbe832389cb4976d9089b5f5e1d	complete	True	segregating	210	0.21	True	True	True						False	False	148.26602642200032	a9d198045dcda857a81778fb2ebd9703bfc11c054eaa8c7ef1c7ccf4dfeedb52			
eas_selected__confirm100__s0.005000__af0.200000__q5__draw001	confirm100	focal_2bp_forward_only_no_recap_no_neutral_overlay	0.005	0.2	0.175	0.225	500	100	40	1	850200813	942497995	5.0	0.1	2	1	2409.0	6bfc1e42438244d3e75a20747cd4028e31c628d61d05e247084f7662de0314c2	1a99e6eede61e5c3ddfeb9ddc0e21b1cee234393fc5d12b3c668b93d9424abac	d78b9e0c6f7d1a77484af3b4d4a0a046503fa48624b0957ef590ab8ea5ca6eae	67409ff190808c2967c949cae6697bf235010dbe832389cb4976d9089b5f5e1d	complete	True	segregating	199	0.199	True	True	True						False	False	484.0829401830001	a3f4152c1ae753cab37b45f1f8d3185667186ce03896004db6c8859dfa50af7b			
eas_selected__confirm100__s0.005000__af0.200000__q5__draw002	confirm100	focal_2bp_forward_only_no_recap_no_neutral_overlay	0.005	0.2	0.175	0.225	500	100	40	2	362146823	1702589267	5.0	0.1	2	1	2409.0	6bfc1e42438244d3e75a20747cd4028e31c628d61d05e247084f7662de0314c2	1a99e6eede61e5c3ddfeb9ddc0e21b1cee234393fc5d12b3c668b93d9424abac	d78b9e0c6f7d1a77484af3b4d4a0a046503fa48624b0957ef590ab8ea5ca6eae	67409ff190808c2967c949cae6697bf235010dbe832389cb4976d9089b5f5e1d	complete	True	segregating	226	0.226	False	False	False						False	False	32.193489536000016	596df1ef5da5501bff74273883655098515d11b1410fbf3d2e6dcdf29fc64151			
eas_selected__confirm100__s0.005000__af0.200000__q5__draw003	confirm100	focal_2bp_forward_only_no_recap_no_neutral_overlay	0.005	0.2	0.175	0.225	500	100	40	3	1227372272	1942482047	5.0	0.1	2	1	2409.0	6bfc1e42438244d3e75a20747cd4028e31c628d61d05e247084f7662de0314c2	1a99e6eede61e5c3ddfeb9ddc0e21b1cee234393fc5d12b3c668b93d9424abac	d78b9e0c6f7d1a77484af3b4d4a0a046503fa48624b0957ef590ab8ea5ca6eae	67409ff190808c2967c949cae6697bf235010dbe832389cb4976d9089b5f5e1d	complete	True	segregating	203	0.203	True	True	True						False	False	209.7124584039998	0cc5be17426af86b0de2df324dcf8829f283c7197bf76c3b3ec462ba5fa4aa9d			
eas_selected__confirm100__s0.005000__af0.200000__q5__draw004	confirm100	focal_2bp_forward_only_no_recap_no_neutral_overlay	0.005	0.2	0.175	0.225	500	100	40	4	1213984178	1598175385	5.0	0.1	2	1	2409.0	6bfc1e42438244d3e75a20747cd4028e31c628d61d05e247084f7662de0314c2	1a99e6eede61e5c3ddfeb9ddc0e21b1cee234393fc5d12b3c668b93d9424abac	d78b9e0c6f7d1a77484af3b4d4a0a046503fa48624b0957ef590ab8ea5ca6eae	67409ff190808c2967c949cae6697bf235010dbe832389cb4976d9089b5f5e1d	complete	True	segregating	187	0.187	True	True	True						False	False	79.2670177	b5a9bf01cca80003b67be3dd5b006f06feb96d09817e3460179a1c9ff02b13b1			
eas_selected__confirm100__s0.005000__af0.200000__q5__draw005	confirm100	focal_2bp_forward_only_no_recap_no_neutral_overlay	0.005	0.2	0.175	0.225	500	100	40	5	1999858789	1336468842	5.0	0.1	2	1	2409.0	6bfc1e42438244d3e75a20747cd4028e31c628d61d05e247084f7662de0314c2	1a99e6eede61e5c3ddfeb9ddc0e21b1cee234393fc5d12b3c668b93d9424abac	d78b9e0c6f7d1a77484af3b4d4a0a046503fa48624b0957ef590ab8ea5ca6eae	67409ff190808c2967c949cae6697bf235010dbe832389cb4976d9089b5f5e1d	complete	True	segregating	169	0.169	False	False	False						False	False	293.5239464609999	c6c4f7a828d464d979467fbfad4133a4409300967a8ef8121847ffd075709578			
eas_selected__confirm100__s0.005000__af0.200000__q5__draw006	confirm100	focal_2bp_forward_only_no_recap_no_neutral_overlay	0.005	0.2	0.175	0.225	500	100	40	6	695595666	1568487860	5.0	0.1	2	1	2409.0	6bfc1e42438244d3e75a20747cd4028e31c628d61d05e247084f7662de0314c2	1a99e6eede61e5c3ddfeb9ddc0e21b1cee234393fc5d12b3c668b93d9424abac	d78b9e0c6f7d1a77484af3b4d4a0a046503fa48624b0957ef590ab8ea5ca6eae	67409ff190808c2967c949cae6697bf235010dbe832389cb4976d9089b5f5e1d	complete	True	segregating	204	0.204	True	True	True						False	False	596.5749286119999	ed3dc8abb3a29f5c8b8572a8be428441c4468a844050bc1908746856321c6e10			
eas_selected__confirm100__s0.005000__af0.200000__q5__draw007	confirm100	focal_2bp_forward_only_no_recap_no_neutral_overlay	0.005	0.2	0.175	0.225	500	100	40	7	1117137179	510210343	5.0	0.1	2	1	2409.0	6bfc1e42438244d3e75a20747cd4028e31c628d61d05e247084f7662de0314c2	1a99e6eede61e5c3ddfeb9ddc0e21b1cee234393fc5d12b3c668b93d9424abac	d78b9e0c6f7d1a77484af3b4d4a0a046503fa48624b0957ef590ab8ea5ca6eae	67409ff190808c2967c949cae6697bf235010dbe832389cb4976d9089b5f5e1d	complete	True	segregating	173	0.173	False	False	False						False	False	211.93858637099993	320b3f4b9a1cc2cb81a0594a2b9080a82c753451ec89139a2d65e77e0ef2e8e9			
eas_selected__confirm100__s0.005000__af0.200000__q5__draw008	confirm100	focal_2bp_forward_only_no_recap_no_neutral_overlay	0.005	0.2	0.175	0.225	500	100	40	8	1291146516	1337981969	5.0	0.1	2	1	2409.0	6bfc1e42438244d3e75a20747cd4028e31c628d61d05e247084f7662de0314c2	1a99e6eede61e5c3ddfeb9ddc0e21b1cee234393fc5d12b3c668b93d9424abac	d78b9e0c6f7d1a77484af3b4d4a0a046503fa48624b0957ef590ab8ea5ca6eae	67409ff190808c2967c949cae6697bf235010dbe832389cb4976d9089b5f5e1d	complete	True	segregating	214	0.214	True	True	True						False	False	84.51794686999983	9cff6b053da788e9cfc31e2475d7cefaef97e8bdbc24231affa6c262233b0982			
eas_selected__confirm100__s0.005000__af0.200000__q5__draw009	confirm100	focal_2bp_forward_only_no_recap_no_neutral_overlay	0.005	0.2	0.175	0.225	500	100	40	9	778747273	1705612766	5.0	0.1	2	1	2409.0	6bfc1e42438244d3e75a20747cd4028e31c628d61d05e247084f7662de0314c2	1a99e6eede61e5c3ddfeb9ddc0e21b1cee234393fc5d12b3c668b93d9424abac	d78b9e0c6f7d1a77484af3b4d4a0a046503fa48624b0957ef590ab8ea5ca6eae	67409ff190808c2967c949cae6697bf235010dbe832389cb4976d9089b5f5e1d	complete	True	segregating	208	0.208	True	True	True						False	False	376.17204498	fbae9a42b638d7be1bab507a13bdc9cc7908f01c798da6bd7b53c382439ac9df			
eas_selected__confirm100__s0.005000__af0.200000__q5__draw010	confirm100	focal_2bp_forward_only_no_recap_no_neutral_overlay	0.005	0.2	0.175	0.225	500	100	40	10	1152275831	845053809	5.0	0.1	2	1	2409.0	6bfc1e42438244d3e75a20747cd4028e31c628d61d05e247084f7662de0314c2	1a99e6eede61e5c3ddfeb9ddc0e21b1cee234393fc5d12b3c668b93d9424abac	d78b9e0c6f7d1a77484af3b4d4a0a046503fa48624b0957ef590ab8ea5ca6eae	67409ff190808c2967c949cae6697bf235010dbe832389cb4976d9089b5f5e1d	complete	True	segregating	220	0.22	True	True	True						False	False	119.18966673700015	8b0c0f86252299f862c641351b8734fc2b393834f1761e0f523420bceb419b96			
eas_selected__confirm100__s0.005000__af0.200000__q5__draw011	confirm100	focal_2bp_forward_only_no_recap_no_neutral_overlay	0.005	0.2	0.175	0.225	500	100	40	11	324399340	405918346	5.0	0.1	2	1	2409.0	6bfc1e42438244d3e75a20747cd4028e31c628d61d05e247084f7662de0314c2	1a99e6eede61e5c3ddfeb9ddc0e21b1cee234393fc5d12b3c668b93d9424abac	d78b9e0c6f7d1a77484af3b4d4a0a046503fa48624b0957ef590ab8ea5ca6eae	67409ff190808c2967c949cae6697bf235010dbe832389cb4976d9089b5f5e1d	complete	True	segregating	196	0.196	True	True	True						False	False	118.11048921700012	a559ac61533107e672d1f125b8a7f95fccddcceaa2843b4911a1df275a2844e9			
eas_selected__confirm100__s0.005000__af0.200000__q5__draw012	confirm100	focal_2bp_forward_only_no_recap_no_neutral_overlay	0.005	0.2	0.175	0.225	500	100	40	12	814435181	724110666	5.0	0.1	2	1	2409.0	6bfc1e42438244d3e75a20747cd4028e31c628d61d05e247084f7662de0314c2	1a99e6eede61e5c3ddfeb9ddc0e21b1cee234393fc5d12b3c668b93d9424abac	d78b9e0c6f7d1a77484af3b4d4a0a046503fa48624b0957ef590ab8ea5ca6eae	67409ff190808c2967c949cae6697bf235010dbe832389cb4976d9089b5f5e1d	complete	True	segregating	231	0.231	False	False	False						False	False	196.13214941599972	6463710d5f88bdea6e0107e1e14025e8a14e3e9a20c332dc425fa5bde81f284c			
eas_selected__confirm100__s0.005000__af0.200000__q5__draw013	confirm100	focal_2bp_forward_only_no_recap_no_neutral_overlay	0.005	0.2	0.175	0.225	500	100	40	13	770552963	502341755	5.0	0.1	2	1	2409.0	6bfc1e42438244d3e75a20747cd4028e31c628d61d05e247084f7662de0314c2	1a99e6eede61e5c3ddfeb9ddc0e21b1cee234393fc5d12b3c668b93d9424abac	d78b9e0c6f7d1a77484af3b4d4a0a046503fa48624b0957ef590ab8ea5ca6eae	67409ff190808c2967c949cae6697bf235010dbe832389cb4976d9089b5f5e1d	complete	True	segregating	179	0.179	True	True	True						False	False	486.8953621139999	c341dc4f06bbfd236166a3227a1bccab9540e17d99f0a8d6926f14bc3ecee0b9			
eas_selected__confirm100__s0.005000__af0.200000__q5__draw014	confirm100	focal_2bp_forward_only_no_recap_no_neutral_overlay	0.005	0.2	0.175	0.225	500	100	40	14	2076990383	843158602	5.0	0.1	2	1	2409.0	6bfc1e42438244d3e75a20747cd4028e31c628d61d05e247084f7662de0314c2	1a99e6eede61e5c3ddfeb9ddc0e21b1cee234393fc5d12b3c668b93d9424abac	d78b9e0c6f7d1a77484af3b4d4a0a046503fa48624b0957ef590ab8ea5ca6eae	67409ff190808c2967c949cae6697bf235010dbe832389cb4976d9089b5f5e1d	complete	True	segregating	198	0.198	True	True	True						False	False	348.81719436599997	b716104e0546aa4e24988adfd208d93ab1cf44b7e200eb6a7550888c92b3897b			
eas_selected__confirm100__s0.005000__af0.200000__q5__draw015	confirm100	focal_2bp_forward_only_no_recap_no_neutral_overlay	0.005	0.2	0.175	0.225	500	100	40	15	1138022642	1240135675	5.0	0.1	2	1	2409.0	6bfc1e42438244d3e75a20747cd4028e31c628d61d05e247084f7662de0314c2	1a99e6eede61e5c3ddfeb9ddc0e21b1cee234393fc5d12b3c668b93d9424abac	d78b9e0c6f7d1a77484af3b4d4a0a046503fa48624b0957ef590ab8ea5ca6eae	67409ff190808c2967c949cae6697bf235010dbe832389cb4976d9089b5f5e1d	complete	True	segregating	195	0.195	True	True	True						False	False	36.41880331099992	d707daad727cfecbcff9651bb8492ee9d039b6dea25244acdfe016ef7f0b192e			
eas_selected__confirm100__s0.005000__af0.200000__q5__draw016	confirm100	focal_2bp_forward_only_no_recap_no_neutral_overlay	0.005	0.2	0.175	0.225	500	100	40	16	953550681	865234919	5.0	0.1	2	1	2409.0	6bfc1e42438244d3e75a20747cd4028e31c628d61d05e247084f7662de0314c2	1a99e6eede61e5c3ddfeb9ddc0e21b1cee234393fc5d12b3c668b93d9424abac	d78b9e0c6f7d1a77484af3b4d4a0a046503fa48624b0957ef590ab8ea5ca6eae	67409ff190808c2967c949cae6697bf235010dbe832389cb4976d9089b5f5e1d	complete	True	segregating	207	0.207	True	True	True						False	False	159.31955353000012	fde63c559d2dba63b149f8c71eb1c26bf38824056ffa090602bccc67a496282d			
eas_selected__confirm100__s0.005000__af0.200000__q5__draw017	confirm100	focal_2bp_forward_only_no_recap_no_neutral_overlay	0.005	0.2	0.175	0.225	500	100	40	17	1894380049	240114526	5.0	0.1	2	1	2409.0	6bfc1e42438244d3e75a20747cd4028e31c628d61d05e247084f7662de0314c2	1a99e6eede61e5c3ddfeb9ddc0e21b1cee234393fc5d12b3c668b93d9424abac	d78b9e0c6f7d1a77484af3b4d4a0a046503fa48624b0957ef590ab8ea5ca6eae	67409ff190808c2967c949cae6697bf235010dbe832389cb4976d9089b5f5e1d	complete	True	segregating	189	0.189	True	True	True						False	False	443.39173960000016	6c1e46df544b61f05effbc926cbab71f583a5f806a85825e31e1a1420c42a0c1			
eas_selected__confirm100__s0.005000__af0.200000__q5__draw018	confirm100	focal_2bp_forward_only_no_recap_no_neutral_overlay	0.005	0.2	0.175	0.225	500	100	40	18	1506668781	1345507976	5.0	0.1	2	1	2409.0	6bfc1e42438244d3e75a20747cd4028e31c628d61d05e247084f7662de0314c2	1a99e6eede61e5c3ddfeb9ddc0e21b1cee234393fc5d12b3c668b93d9424abac	d78b9e0c6f7d1a77484af3b4d4a0a046503fa48624b0957ef590ab8ea5ca6eae	67409ff190808c2967c949cae6697bf235010dbe832389cb4976d9089b5f5e1d	complete	True	segregating	182	0.182	True	True	True						False	False	596.610864835	5df2f0908d13a36f209a65fd9af0ed438c137bd2eed539c20ce575dc0ebe9c08			
eas_selected__confirm100__s0.005000__af0.200000__q5__draw019	confirm100	focal_2bp_forward_only_no_recap_no_neutral_overlay	0.005	0.2	0.175	0.225	500	100	40	19	1779031939	1182983038	5.0	0.1	2	1	2409.0	6bfc1e42438244d3e75a20747cd4028e31c628d61d05e247084f7662de0314c2	1a99e6eede61e5c3ddfeb9ddc0e21b1cee234393fc5d12b3c668b93d9424abac	d78b9e0c6f7d1a77484af3b4d4a0a046503fa48624b0957ef590ab8ea5ca6eae	67409ff190808c2967c949cae6697bf235010dbe832389cb4976d9089b5f5e1d	complete	True	segregating	195	0.195	True	True	True						False	False	313.3334486670001	bd7016ddfa2cb1295afc4d3e405d1ff2a99a90645948fd1d2420bb48390e53f7			
eas_selected__confirm100__s0.005000__af0.200000__q5__draw020	confirm100	focal_2bp_forward_only_no_recap_no_neutral_overlay	0.005	0.2	0.175	0.225	500	100	40	20	1628214972	783911634	5.0	0.1	2	1	2409.0	6bfc1e42438244d3e75a20747cd4028e31c628d61d05e247084f7662de0314c2	1a99e6eede61e5c3ddfeb9ddc0e21b1cee234393fc5d12b3c668b93d9424abac	d78b9e0c6f7d1a77484af3b4d4a0a046503fa48624b0957ef590ab8ea5ca6eae	67409ff190808c2967c949cae6697bf235010dbe832389cb4976d9089b5f5e1d	complete	True	segregating	200	0.2	True	True	True						False	False	43.72056841299991	c7857786a741368bd7cd876284be214cf63a77cf1697b5bde7f3b199e65d6c48			
eas_selected__confirm100__s0.005000__af0.200000__q5__draw021	confirm100	focal_2bp_forward_only_no_recap_no_neutral_overlay	0.005	0.2	0.175	0.225	500	100	40	21	1025478379	1798286345	5.0	0.1	2	1	2409.0	6bfc1e42438244d3e75a20747cd4028e31c628d61d05e247084f7662de0314c2	1a99e6eede61e5c3ddfeb9ddc0e21b1cee234393fc5d12b3c668b93d9424abac	d78b9e0c6f7d1a77484af3b4d4a0a046503fa48624b0957ef590ab8ea5ca6eae	67409ff190808c2967c949cae6697bf235010dbe832389cb4976d9089b5f5e1d	complete	True	segregating	178	0.178	True	True	True						False	False	195.9634410790004	bb48d26b1164e9e949755cb4f332c53ecef0a847fe5ef872934b648ffca0a1e7			
eas_selected__confirm100__s0.005000__af0.200000__q5__draw022	confirm100	focal_2bp_forward_only_no_recap_no_neutral_overlay	0.005	0.2	0.175	0.225	500	100	40	22	2102700813	1061835642	5.0	0.1	2	1	2409.0	6bfc1e42438244d3e75a20747cd4028e31c628d61d05e247084f7662de0314c2	1a99e6eede61e5c3ddfeb9ddc0e21b1cee234393fc5d12b3c668b93d9424abac	d78b9e0c6f7d1a77484af3b4d4a0a046503fa48624b0957ef590ab8ea5ca6eae	67409ff190808c2967c949cae6697bf235010dbe832389cb4976d9089b5f5e1d	complete	True	segregating	191	0.191	True	True	True						False	False	374.98934304299974	2a8587219cfb5f3debf65863958316c42b256f949cac1f68c0d3522a0a8b25ee			
eas_selected__confirm100__s0.005000__af0.200000__q5__draw023	confirm100	focal_2bp_forward_only_no_recap_no_neutral_overlay	0.005	0.2	0.175	0.225	500	100	40	23	1171649474	606142303	5.0	0.1	2	1	2409.0	6bfc1e42438244d3e75a20747cd4028e31c628d61d05e247084f7662de0314c2	1a99e6eede61e5c3ddfeb9ddc0e21b1cee234393fc5d12b3c668b93d9424abac	d78b9e0c6f7d1a77484af3b4d4a0a046503fa48624b0957ef590ab8ea5ca6eae	67409ff190808c2967c949cae6697bf235010dbe832389cb4976d9089b5f5e1d	complete	True	segregating	213	0.213	True	True	True						False	False	316.2982610129998	fdc7d46d36d0e479a38ffb846c0c9f6d3ea16f4918f551631ab0e5605ae7bcd6			
eas_selected__confirm100__s0.005000__af0.200000__q5__draw024	confirm100	focal_2bp_forward_only_no_recap_no_neutral_overlay	0.005	0.2	0.175	0.225	500	100	40	24	1030771426	1170769083	5.0	0.1	2	1	2409.0	6bfc1e42438244d3e75a20747cd4028e31c628d61d05e247084f7662de0314c2	1a99e6eede61e5c3ddfeb9ddc0e21b1cee234393fc5d12b3c668b93d9424abac	d78b9e0c6f7d1a77484af3b4d4a0a046503fa48624b0957ef590ab8ea5ca6eae	67409ff190808c2967c949cae6697bf235010dbe832389cb4976d9089b5f5e1d	complete	True	segregating	185	0.185	True	True	True						False	False	79.64008708499978	1d7f3e84299fdcd7110e95f93657d62af8ba2e03252ae72e98e0c558e089838d			
eas_selected__confirm100__s0.005000__af0.200000__q5__draw025	confirm100	focal_2bp_forward_only_no_recap_no_neutral_overlay	0.005	0.2	0.175	0.225	500	100	40	25	302542348	2034608726	5.0	0.1	2	1	2409.0	6bfc1e42438244d3e75a20747cd4028e31c628d61d05e247084f7662de0314c2	1a99e6eede61e5c3ddfeb9ddc0e21b1cee234393fc5d12b3c668b93d9424abac	d78b9e0c6f7d1a77484af3b4d4a0a046503fa48624b0957ef590ab8ea5ca6eae	67409ff190808c2967c949cae6697bf235010dbe832389cb4976d9089b5f5e1d	complete	True	segregating	192	0.192	True	True	True						False	False	181.76150322900003	b5236f032e81f34c8538baa7c2babb2b40a556cf43d62987e6b750dc6c00fb9f			
eas_selected__confirm100__s0.005000__af0.200000__q5__draw026	confirm100	focal_2bp_forward_only_no_recap_no_neutral_overlay	0.005	0.2	0.175	0.225	500	100	40	26	966971703	1379357878	5.0	0.1	2	1	2409.0	6bfc1e42438244d3e75a20747cd4028e31c628d61d05e247084f7662de0314c2	1a99e6eede61e5c3ddfeb9ddc0e21b1cee234393fc5d12b3c668b93d9424abac	d78b9e0c6f7d1a77484af3b4d4a0a046503fa48624b0957ef590ab8ea5ca6eae	67409ff190808c2967c949cae6697bf235010dbe832389cb4976d9089b5f5e1d	complete	True	segregating	183	0.183	True	True	True						False	False	706.149132428	cfb519c17d30e9749e2c18f1090fa50fb86672dcc0f17c3b0d2b59f484076cb9			
eas_selected__confirm100__s0.005000__af0.200000__q5__draw027	confirm100	focal_2bp_forward_only_no_recap_no_neutral_overlay	0.005	0.2	0.175	0.225	500	100	40	27	763043735	260301240	5.0	0.1	2	1	2409.0	6bfc1e42438244d3e75a20747cd4028e31c628d61d05e247084f7662de0314c2	1a99e6eede61e5c3ddfeb9ddc0e21b1cee234393fc5d12b3c668b93d9424abac	d78b9e0c6f7d1a77484af3b4d4a0a046503fa48624b0957ef590ab8ea5ca6eae	67409ff190808c2967c949cae6697bf235010dbe832389cb4976d9089b5f5e1d	complete	True	segregating	197	0.197	True	True	True						False	False	271.61109409200026	900f33b1a6fee9cb211f5dd9b14c4b766515500aea7ad7e1972149006833adae			
eas_selected__confirm100__s0.005000__af0.200000__q5__draw028	confirm100	focal_2bp_forward_only_no_recap_no_neutral_overlay	0.005	0.2	0.175	0.225	500	100	40	28	977833310	18838850	5.0	0.1	2	1	2409.0	6bfc1e42438244d3e75a20747cd4028e31c628d61d05e247084f7662de0314c2	1a99e6eede61e5c3ddfeb9ddc0e21b1cee234393fc5d12b3c668b93d9424abac	d78b9e0c6f7d1a77484af3b4d4a0a046503fa48624b0957ef590ab8ea5ca6eae	67409ff190808c2967c949cae6697bf235010dbe832389cb4976d9089b5f5e1d	complete	True	segregating	232	0.232	False	False	False						False	False	441.55766381099966	ef249f38ffb260a8042bd324cef6dc6456010db791712ec54a24a2f659e17a0d			
eas_selected__confirm100__s0.005000__af0.200000__q5__draw029	confirm100	focal_2bp_forward_only_no_recap_no_neutral_overlay	0.005	0.2	0.175	0.225	500	100	40	29	1358563963	2056734280	5.0	0.1	2	1	2409.0	6bfc1e42438244d3e75a20747cd4028e31c628d61d05e247084f7662de0314c2	1a99e6eede61e5c3ddfeb9ddc0e21b1cee234393fc5d12b3c668b93d9424abac	d78b9e0c6f7d1a77484af3b4d4a0a046503fa48624b0957ef590ab8ea5ca6eae	67409ff190808c2967c949cae6697bf235010dbe832389cb4976d9089b5f5e1d	complete	True	segregating	180	0.18	True	True	True						False	False	581.065330459	392025539f51355bbf1f9236109febac165ceea4c175af84792e69768066ccce			
eas_selected__confirm100__s0.005000__af0.200000__q5__draw030	confirm100	focal_2bp_forward_only_no_recap_no_neutral_overlay	0.005	0.2	0.175	0.225	500	100	40	30	1331878532	735405819	5.0	0.1	2	1	2409.0	6bfc1e42438244d3e75a20747cd4028e31c628d61d05e247084f7662de0314c2	1a99e6eede61e5c3ddfeb9ddc0e21b1cee234393fc5d12b3c668b93d9424abac	d78b9e0c6f7d1a77484af3b4d4a0a046503fa48624b0957ef590ab8ea5ca6eae	67409ff190808c2967c949cae6697bf235010dbe832389cb4976d9089b5f5e1d	complete	True	segregating	211	0.211	True	True	True						False	False	1044.6354833319997	4f3c5828b226ae64bec8819b0a9605da408a5c5f05780a6f188bfef550482748			
eas_selected__confirm100__s0.005000__af0.200000__q5__draw031	confirm100	focal_2bp_forward_only_no_recap_no_neutral_overlay	0.005	0.2	0.175	0.225	500	100	40	31	1739544066	325893205	5.0	0.1	2	1	2409.0	6bfc1e42438244d3e75a20747cd4028e31c628d61d05e247084f7662de0314c2	1a99e6eede61e5c3ddfeb9ddc0e21b1cee234393fc5d12b3c668b93d9424abac	d78b9e0c6f7d1a77484af3b4d4a0a046503fa48624b0957ef590ab8ea5ca6eae	67409ff190808c2967c949cae6697bf235010dbe832389cb4976d9089b5f5e1d	complete	True	segregating	172	0.172	False	False	False						False	False	48.31176496699982	9493bce925f8bc636cd4b7dc7e20c93347f9266daee603c07e17e001525e94cd			
eas_selected__confirm100__s0.005000__af0.200000__q5__draw032	confirm100	focal_2bp_forward_only_no_recap_no_neutral_overlay	0.005	0.2	0.175	0.225	500	100	40	32	309732324	1791618818	5.0	0.1	2	1	2409.0	6bfc1e42438244d3e75a20747cd4028e31c628d61d05e247084f7662de0314c2	1a99e6eede61e5c3ddfeb9ddc0e21b1cee234393fc5d12b3c668b93d9424abac	d78b9e0c6f7d1a77484af3b4d4a0a046503fa48624b0957ef590ab8ea5ca6eae	67409ff190808c2967c949cae6697bf235010dbe832389cb4976d9089b5f5e1d	complete	True	segregating	195	0.195	True	True	True						False	False	546.7723615260002	41a482aea5d8d98121874dc1ec7b12f7a95e255752650b8407b95ae36f894060			
eas_selected__confirm100__s0.005000__af0.200000__q5__draw033	confirm100	focal_2bp_forward_only_no_recap_no_neutral_overlay	0.005	0.2	0.175	0.225	500	100	40	33	820194483	1520022454	5.0	0.1	2	1	2409.0	6bfc1e42438244d3e75a20747cd4028e31c628d61d05e247084f7662de0314c2	1a99e6eede61e5c3ddfeb9ddc0e21b1cee234393fc5d12b3c668b93d9424abac	d78b9e0c6f7d1a77484af3b4d4a0a046503fa48624b0957ef590ab8ea5ca6eae	67409ff190808c2967c949cae6697bf235010dbe832389cb4976d9089b5f5e1d	complete	True	segregating	201	0.201	True	True	True						False	False	323.23527779000005	1b78bf990420dc28d08f9b925ce5bdedbe9dc8fc1f7f30852558f1266e5e6816			
eas_selected__confirm100__s0.005000__af0.200000__q5__draw034	confirm100	focal_2bp_forward_only_no_recap_no_neutral_overlay	0.005	0.2	0.175	0.225	500	100	40	34	1117753771	624674428	5.0	0.1	2	1	2409.0	6bfc1e42438244d3e75a20747cd4028e31c628d61d05e247084f7662de0314c2	1a99e6eede61e5c3ddfeb9ddc0e21b1cee234393fc5d12b3c668b93d9424abac	d78b9e0c6f7d1a77484af3b4d4a0a046503fa48624b0957ef590ab8ea5ca6eae	67409ff190808c2967c949cae6697bf235010dbe832389cb4976d9089b5f5e1d	complete	True	segregating	208	0.208	True	True	True						False	False	601.037250897	79b5772de1d67401cf7581b70caf2bbe1e17be1a8e73639335662717625e963e			
eas_selected__confirm100__s0.005000__af0.200000__q5__draw035	confirm100	focal_2bp_forward_only_no_recap_no_neutral_overlay	0.005	0.2	0.175	0.225	500	100	40	35	441036403	872617206	5.0	0.1	2	1	2409.0	6bfc1e42438244d3e75a20747cd4028e31c628d61d05e247084f7662de0314c2	1a99e6eede61e5c3ddfeb9ddc0e21b1cee234393fc5d12b3c668b93d9424abac	d78b9e0c6f7d1a77484af3b4d4a0a046503fa48624b0957ef590ab8ea5ca6eae	67409ff190808c2967c949cae6697bf235010dbe832389cb4976d9089b5f5e1d	complete	True	segregating	181	0.181	True	True	True						False	False	172.684332455	93a00ddecda448eb95f398aeabcf3c305c625b9fe4f888ec2a20498c515490fb			
eas_selected__confirm100__s0.005000__af0.200000__q5__draw036	confirm100	focal_2bp_forward_only_no_recap_no_neutral_overlay	0.005	0.2	0.175	0.225	500	100	40	36	1323951551	774713412	5.0	0.1	2	1	2409.0	6bfc1e42438244d3e75a20747cd4028e31c628d61d05e247084f7662de0314c2	1a99e6eede61e5c3ddfeb9ddc0e21b1cee234393fc5d12b3c668b93d9424abac	d78b9e0c6f7d1a77484af3b4d4a0a046503fa48624b0957ef590ab8ea5ca6eae	67409ff190808c2967c949cae6697bf235010dbe832389cb4976d9089b5f5e1d	complete	True	segregating	197	0.197	True	True	True						False	False	392.02132336800014	0891aceacd721edcfb0d1b0e81c02aa10e00e5412a309eb6fdd4493e9c1bf9ef			
eas_selected__confirm100__s0.005000__af0.200000__q5__draw037	confirm100	focal_2bp_forward_only_no_recap_no_neutral_overlay	0.005	0.2	0.175	0.225	500	100	40	37	900974701	1768176902	5.0	0.1	2	1	2409.0	6bfc1e42438244d3e75a20747cd4028e31c628d61d05e247084f7662de0314c2	1a99e6eede61e5c3ddfeb9ddc0e21b1cee234393fc5d12b3c668b93d9424abac	d78b9e0c6f7d1a77484af3b4d4a0a046503fa48624b0957ef590ab8ea5ca6eae	67409ff190808c2967c949cae6697bf235010dbe832389cb4976d9089b5f5e1d	complete	True	segregating	160	0.16	False	False	False						False	False	132.77172283699974	407481f62999087af8bd2e980910267b1f101f639b423416a9ab96dab2d392cb			
eas_selected__confirm100__s0.005000__af0.200000__q5__draw038	confirm100	focal_2bp_forward_only_no_recap_no_neutral_overlay	0.005	0.2	0.175	0.225	500	100	40	38	2025757831	764270121	5.0	0.1	2	1	2409.0	6bfc1e42438244d3e75a20747cd4028e31c628d61d05e247084f7662de0314c2	1a99e6eede61e5c3ddfeb9ddc0e21b1cee234393fc5d12b3c668b93d9424abac	d78b9e0c6f7d1a77484af3b4d4a0a046503fa48624b0957ef590ab8ea5ca6eae	67409ff190808c2967c949cae6697bf235010dbe832389cb4976d9089b5f5e1d	complete	True	segregating	193	0.193	True	True	True						False	False	324.18305780200035	ccf48852c81c6be28179f9fcc5d6c68dfc88224e6a161a87313638d3f699418f			
eas_selected__confirm100__s0.005000__af0.200000__q5__draw039	confirm100	focal_2bp_forward_only_no_recap_no_neutral_overlay	0.005	0.2	0.175	0.225	500	100	40	39	1678809132	38391337	5.0	0.1	2	1	2409.0	6bfc1e42438244d3e75a20747cd4028e31c628d61d05e247084f7662de0314c2	1a99e6eede61e5c3ddfeb9ddc0e21b1cee234393fc5d12b3c668b93d9424abac	d78b9e0c6f7d1a77484af3b4d4a0a046503fa48624b0957ef590ab8ea5ca6eae	67409ff190808c2967c949cae6697bf235010dbe832389cb4976d9089b5f5e1d	complete	True	segregating	196	0.196	True	True	True						False	False	537.7633997000003	2a8d6cf086b2c51e5cd9465aa01d8c8490c735c6b3a5352a821a9c1fda484134			
eas_selected__confirm100__s0.005000__af0.200000__q5__draw040	confirm100	focal_2bp_forward_only_no_recap_no_neutral_overlay	0.005	0.2	0.175	0.225	500	100	40	40	193984735	1558487096	5.0	0.1	2	1	2409.0	6bfc1e42438244d3e75a20747cd4028e31c628d61d05e247084f7662de0314c2	1a99e6eede61e5c3ddfeb9ddc0e21b1cee234393fc5d12b3c668b93d9424abac	d78b9e0c6f7d1a77484af3b4d4a0a046503fa48624b0957ef590ab8ea5ca6eae	67409ff190808c2967c949cae6697bf235010dbe832389cb4976d9089b5f5e1d	complete	True	segregating	203	0.203	True	True	True						False	False	1604.374110095	f98b2c421ff41c0543776a45977102ff55b3eb1fad19d23cf32f1a6dcc9cd6ee			
eas_selected__confirm100__s0.005000__af0.200000__q5__draw041	confirm100	focal_2bp_forward_only_no_recap_no_neutral_overlay	0.005	0.2	0.175	0.225	500	100	40	41	1351438331	635108342	5.0	0.1	2	1	2409.0	6bfc1e42438244d3e75a20747cd4028e31c628d61d05e247084f7662de0314c2	1a99e6eede61e5c3ddfeb9ddc0e21b1cee234393fc5d12b3c668b93d9424abac	d78b9e0c6f7d1a77484af3b4d4a0a046503fa48624b0957ef590ab8ea5ca6eae	67409ff190808c2967c949cae6697bf235010dbe832389cb4976d9089b5f5e1d	complete	True	segregating	212	0.212	True	True	True						False	False	298.8475334159998	e0a2cec419ef947f77a2a336856a706b177ea571b9de67646e2fca1d03238580			
eas_selected__confirm100__s0.005000__af0.200000__q5__draw042	confirm100	focal_2bp_forward_only_no_recap_no_neutral_overlay	0.005	0.2	0.175	0.225	500	100	40	42	630083336	1609089254	5.0	0.1	2	1	2409.0	6bfc1e42438244d3e75a20747cd4028e31c628d61d05e247084f7662de0314c2	1a99e6eede61e5c3ddfeb9ddc0e21b1cee234393fc5d12b3c668b93d9424abac	d78b9e0c6f7d1a77484af3b4d4a0a046503fa48624b0957ef590ab8ea5ca6eae	67409ff190808c2967c949cae6697bf235010dbe832389cb4976d9089b5f5e1d	complete	True	segregating	209	0.209	True	True	True						False	False	44.048358990999986	96619c877c4f85665e976372cd237a7246d7da2d6c8e3a45ad5be6c6a167e0b3			
eas_selected__confirm100__s0.005000__af0.200000__q5__draw043	confirm100	focal_2bp_forward_only_no_recap_no_neutral_overlay	0.005	0.2	0.175	0.225	500	100	40	43	1437716415	1827882832	5.0	0.1	2	1	2409.0	6bfc1e42438244d3e75a20747cd4028e31c628d61d05e247084f7662de0314c2	1a99e6eede61e5c3ddfeb9ddc0e21b1cee234393fc5d12b3c668b93d9424abac	d78b9e0c6f7d1a77484af3b4d4a0a046503fa48624b0957ef590ab8ea5ca6eae	67409ff190808c2967c949cae6697bf235010dbe832389cb4976d9089b5f5e1d	complete	True	segregating	183	0.183	True	True	True						False	False	357.7247708570003	4dc2e80cb0f5cb57da422ef505302bf5ee0726e85565e66aaf7f642dca4946bb			
eas_selected__confirm100__s0.005000__af0.200000__q5__draw044	confirm100	focal_2bp_forward_only_no_recap_no_neutral_overlay	0.005	0.2	0.175	0.225	500	100	40	44	1716027125	682838785	5.0	0.1	2	1	2409.0	6bfc1e42438244d3e75a20747cd4028e31c628d61d05e247084f7662de0314c2	1a99e6eede61e5c3ddfeb9ddc0e21b1cee234393fc5d12b3c668b93d9424abac	d78b9e0c6f7d1a77484af3b4d4a0a046503fa48624b0957ef590ab8ea5ca6eae	67409ff190808c2967c949cae6697bf235010dbe832389cb4976d9089b5f5e1d	complete	True	segregating	186	0.186	True	True	True						False	False	645.6509881920001	fc8e272bda27763d76f18a46ce6fa16da90d291bb33ba879787bf13649109fd2			
eas_selected__confirm100__s0.005000__af0.200000__q5__draw045	confirm100	focal_2bp_forward_only_no_recap_no_neutral_overlay	0.005	0.2	0.175	0.225	500	100	40	45	2023340314	1033415551	5.0	0.1	2	1	2409.0	6bfc1e42438244d3e75a20747cd4028e31c628d61d05e247084f7662de0314c2	1a99e6eede61e5c3ddfeb9ddc0e21b1cee234393fc5d12b3c668b93d9424abac	d78b9e0c6f7d1a77484af3b4d4a0a046503fa48624b0957ef590ab8ea5ca6eae	67409ff190808c2967c949cae6697bf235010dbe832389cb4976d9089b5f5e1d	complete	True	segregating	177	0.177	True	True	True						False	False	46.21917567799983	31abd3618d2457eb268aaadde365cb4268ff0afe1b9212b032dad197916dcedb			
eas_selected__confirm100__s0.005000__af0.200000__q5__draw046	confirm100	focal_2bp_forward_only_no_recap_no_neutral_overlay	0.005	0.2	0.175	0.225	500	100	40	46	1647372890	1415432751	5.0	0.1	2	1	2409.0	6bfc1e42438244d3e75a20747cd4028e31c628d61d05e247084f7662de0314c2	1a99e6eede61e5c3ddfeb9ddc0e21b1cee234393fc5d12b3c668b93d9424abac	d78b9e0c6f7d1a77484af3b4d4a0a046503fa48624b0957ef590ab8ea5ca6eae	67409ff190808c2967c949cae6697bf235010dbe832389cb4976d9089b5f5e1d	complete	True	segregating	203	0.203	True	True	True						False	False	138.78956798799982	d317424031b99409315d4571de82bd8e4d4d78df8f0a82c27febbdf5bbc496be			
eas_selected__confirm100__s0.005000__af0.200000__q5__draw047	confirm100	focal_2bp_forward_only_no_recap_no_neutral_overlay	0.005	0.2	0.175	0.225	500	100	40	47	645528952	1786402885	5.0	0.1	2	1	2409.0	6bfc1e42438244d3e75a20747cd4028e31c628d61d05e247084f7662de0314c2	1a99e6eede61e5c3ddfeb9ddc0e21b1cee234393fc5d12b3c668b93d9424abac	d78b9e0c6f7d1a77484af3b4d4a0a046503fa48624b0957ef590ab8ea5ca6eae	67409ff190808c2967c949cae6697bf235010dbe832389cb4976d9089b5f5e1d	complete	True	segregating	207	0.207	True	True	True						False	False	419.5368719009998	b8bab7b8611c44e934a91c58988d5b88635bfd00fc18cb0ec1d31156c951fa8f			
eas_selected__confirm100__s0.005000__af0.200000__q5__draw048	confirm100	focal_2bp_forward_only_no_recap_no_neutral_overlay	0.005	0.2	0.175	0.225	500	100	40	48	1242356921	131941562	5.0	0.1	2	1	2409.0	6bfc1e42438244d3e75a20747cd4028e31c628d61d05e247084f7662de0314c2	1a99e6eede61e5c3ddfeb9ddc0e21b1cee234393fc5d12b3c668b93d9424abac	d78b9e0c6f7d1a77484af3b4d4a0a046503fa48624b0957ef590ab8ea5ca6eae	67409ff190808c2967c949cae6697bf235010dbe832389cb4976d9089b5f5e1d	complete	True	segregating	203	0.203	True	True	True						False	False	210.25022430399986	7101de15f5d7f425a047b5c271fb017d7d8f354b33bfa40c4615ac34155a72c7			
eas_selected__confirm100__s0.005000__af0.200000__q5__draw049	confirm100	focal_2bp_forward_only_no_recap_no_neutral_overlay	0.005	0.2	0.175	0.225	500	100	40	49	1333834202	1012811728	5.0	0.1	2	1	2409.0	6bfc1e42438244d3e75a20747cd4028e31c628d61d05e247084f7662de0314c2	1a99e6eede61e5c3ddfeb9ddc0e21b1cee234393fc5d12b3c668b93d9424abac	d78b9e0c6f7d1a77484af3b4d4a0a046503fa48624b0957ef590ab8ea5ca6eae	67409ff190808c2967c949cae6697bf235010dbe832389cb4976d9089b5f5e1d	complete	True	segregating	250	0.25	False	False	False						False	False	480.66241016899994	10701c2d351d2fba79b382eae507eb315033316ee3c79138bd7cbf30051f592a			
eas_selected__confirm100__s0.005000__af0.200000__q5__draw050	confirm100	focal_2bp_forward_only_no_recap_no_neutral_overlay	0.005	0.2	0.175	0.225	500	100	40	50	814067054	1306238168	5.0	0.1	2	1	2409.0	6bfc1e42438244d3e75a20747cd4028e31c628d61d05e247084f7662de0314c2	1a99e6eede61e5c3ddfeb9ddc0e21b1cee234393fc5d12b3c668b93d9424abac	d78b9e0c6f7d1a77484af3b4d4a0a046503fa48624b0957ef590ab8ea5ca6eae	67409ff190808c2967c949cae6697bf235010dbe832389cb4976d9089b5f5e1d	complete	True	segregating	209	0.209	True	True	True						False	False	33.94651024299992	23e1bd780097da5df1983c283cbb0a34da3be8989431c3f7ad5d35e444a609e8			
eas_selected__confirm100__s0.005000__af0.200000__q5__draw051	confirm100	focal_2bp_forward_only_no_recap_no_neutral_overlay	0.005	0.2	0.175	0.225	500	100	40	51	851829933	2005649107	5.0	0.1	2	1	2409.0	6bfc1e42438244d3e75a20747cd4028e31c628d61d05e247084f7662de0314c2	1a99e6eede61e5c3ddfeb9ddc0e21b1cee234393fc5d12b3c668b93d9424abac	d78b9e0c6f7d1a77484af3b4d4a0a046503fa48624b0957ef590ab8ea5ca6eae	67409ff190808c2967c949cae6697bf235010dbe832389cb4976d9089b5f5e1d	complete	True	segregating	207	0.207	True	True	True						False	False	107.08584300300026	97961e0bc6e45b2e961439517f8e9e55889099103699ead6f2c8d45623f7a676			
eas_selected__confirm100__s0.005000__af0.200000__q5__draw052	confirm100	focal_2bp_forward_only_no_recap_no_neutral_overlay	0.005	0.2	0.175	0.225	500	100	40	52	2134884588	677491812	5.0	0.1	2	1	2409.0	6bfc1e42438244d3e75a20747cd4028e31c628d61d05e247084f7662de0314c2	1a99e6eede61e5c3ddfeb9ddc0e21b1cee234393fc5d12b3c668b93d9424abac	d78b9e0c6f7d1a77484af3b4d4a0a046503fa48624b0957ef590ab8ea5ca6eae	67409ff190808c2967c949cae6697bf235010dbe832389cb4976d9089b5f5e1d	complete	True	segregating	167	0.167	False	False	False						False	False	893.4848559859997	97fae8847aa1686617b65be4fa3917c67a2648c304e1134a60b3495fc42e34f7			
eas_selected__confirm100__s0.005000__af0.200000__q5__draw053	confirm100	focal_2bp_forward_only_no_recap_no_neutral_overlay	0.005	0.2	0.175	0.225	500	100	40	53	1956233722	882454791	5.0	0.1	2	1	2409.0	6bfc1e42438244d3e75a20747cd4028e31c628d61d05e247084f7662de0314c2	1a99e6eede61e5c3ddfeb9ddc0e21b1cee234393fc5d12b3c668b93d9424abac	d78b9e0c6f7d1a77484af3b4d4a0a046503fa48624b0957ef590ab8ea5ca6eae	67409ff190808c2967c949cae6697bf235010dbe832389cb4976d9089b5f5e1d	complete	True	segregating	188	0.188	True	True	True						False	False	346.1771995529998	a4390cf152f8c4e09349cff551b15ceb1760a48ce95b0ff79cbdc87c5eb898ec			
eas_selected__confirm100__s0.005000__af0.200000__q5__draw054	confirm100	focal_2bp_forward_only_no_recap_no_neutral_overlay	0.005	0.2	0.175	0.225	500	100	40	54	380670723	1764760888	5.0	0.1	2	1	2409.0	6bfc1e42438244d3e75a20747cd4028e31c628d61d05e247084f7662de0314c2	1a99e6eede61e5c3ddfeb9ddc0e21b1cee234393fc5d12b3c668b93d9424abac	d78b9e0c6f7d1a77484af3b4d4a0a046503fa48624b0957ef590ab8ea5ca6eae	67409ff190808c2967c949cae6697bf235010dbe832389cb4976d9089b5f5e1d	complete	True	segregating	229	0.229	False	False	False						False	False	1384.2995827949994	4c67f8ce825d1390011c904fe64cc73a55e8bca0023c5fe7c4e554177ef7a576			
eas_selected__confirm100__s0.005000__af0.200000__q5__draw055	confirm100	focal_2bp_forward_only_no_recap_no_neutral_overlay	0.005	0.2	0.175	0.225	500	100	40	55	170222505	955369854	5.0	0.1	2	1	2409.0	6bfc1e42438244d3e75a20747cd4028e31c628d61d05e247084f7662de0314c2	1a99e6eede61e5c3ddfeb9ddc0e21b1cee234393fc5d12b3c668b93d9424abac	d78b9e0c6f7d1a77484af3b4d4a0a046503fa48624b0957ef590ab8ea5ca6eae	67409ff190808c2967c949cae6697bf235010dbe832389cb4976d9089b5f5e1d	complete	True	segregating	172	0.172	False	False	False						False	False	236.3272993139999	2ed205a871bebbf90435ee90a634f5db6de88f6f7592b696693d16c4cf8c7079			
eas_selected__confirm100__s0.005000__af0.200000__q5__draw056	confirm100	focal_2bp_forward_only_no_recap_no_neutral_overlay	0.005	0.2	0.175	0.225	500	100	40	56	1755169444	1828603449	5.0	0.1	2	1	2409.0	6bfc1e42438244d3e75a20747cd4028e31c628d61d05e247084f7662de0314c2	1a99e6eede61e5c3ddfeb9ddc0e21b1cee234393fc5d12b3c668b93d9424abac	d78b9e0c6f7d1a77484af3b4d4a0a046503fa48624b0957ef590ab8ea5ca6eae	67409ff190808c2967c949cae6697bf235010dbe832389cb4976d9089b5f5e1d	complete	True	segregating	220	0.22	True	True	True						False	False	97.71303688300031	7d0ae3eefa220d5a445ab6f4e0a75a24cd3cd9557344fe2926063a8207632130			
eas_selected__confirm100__s0.005000__af0.200000__q5__draw057	confirm100	focal_2bp_forward_only_no_recap_no_neutral_overlay	0.005	0.2	0.175	0.225	500	100	40	57	1243308770	703421663	5.0	0.1	2	1	2409.0	6bfc1e42438244d3e75a20747cd4028e31c628d61d05e247084f7662de0314c2	1a99e6eede61e5c3ddfeb9ddc0e21b1cee234393fc5d12b3c668b93d9424abac	d78b9e0c6f7d1a77484af3b4d4a0a046503fa48624b0957ef590ab8ea5ca6eae	67409ff190808c2967c949cae6697bf235010dbe832389cb4976d9089b5f5e1d	complete	True	segregating	175	0.175	True	True	True						False	False	74.91503212200041	2d0b2196fd2aac33022a287092d964f810a1d824423b13678b2dc092fafb0a30			
eas_selected__confirm100__s0.005000__af0.200000__q5__draw058	confirm100	focal_2bp_forward_only_no_recap_no_neutral_overlay	0.005	0.2	0.175	0.225	500	100	40	58	1031509486	802941091	5.0	0.1	2	1	2409.0	6bfc1e42438244d3e75a20747cd4028e31c628d61d05e247084f7662de0314c2	1a99e6eede61e5c3ddfeb9ddc0e21b1cee234393fc5d12b3c668b93d9424abac	d78b9e0c6f7d1a77484af3b4d4a0a046503fa48624b0957ef590ab8ea5ca6eae	67409ff190808c2967c949cae6697bf235010dbe832389cb4976d9089b5f5e1d	complete	True	segregating	229	0.229	False	False	False						False	False	234.12887993000004	74cc2d801465d92c7b4cb5c010d6d89284851612d3d57251b05801cb6b3c8681			
eas_selected__confirm100__s0.005000__af0.200000__q5__draw059	confirm100	focal_2bp_forward_only_no_recap_no_neutral_overlay	0.005	0.2	0.175	0.225	500	100	40	59	1898912263	1321670340	5.0	0.1	2	1	2409.0	6bfc1e42438244d3e75a20747cd4028e31c628d61d05e247084f7662de0314c2	1a99e6eede61e5c3ddfeb9ddc0e21b1cee234393fc5d12b3c668b93d9424abac	d78b9e0c6f7d1a77484af3b4d4a0a046503fa48624b0957ef590ab8ea5ca6eae	67409ff190808c2967c949cae6697bf235010dbe832389cb4976d9089b5f5e1d	complete	True	segregating	222	0.222	True	True	True						False	False	191.00553194900021	3dd0d929c2a2ccd2c9b079550d0559ffa4762a18819d11d8a31bd31a26e657ac			
eas_selected__confirm100__s0.005000__af0.200000__q5__draw060	confirm100	focal_2bp_forward_only_no_recap_no_neutral_overlay	0.005	0.2	0.175	0.225	500	100	40	60	1082160080	2055706771	5.0	0.1	2	1	2409.0	6bfc1e42438244d3e75a20747cd4028e31c628d61d05e247084f7662de0314c2	1a99e6eede61e5c3ddfeb9ddc0e21b1cee234393fc5d12b3c668b93d9424abac	d78b9e0c6f7d1a77484af3b4d4a0a046503fa48624b0957ef590ab8ea5ca6eae	67409ff190808c2967c949cae6697bf235010dbe832389cb4976d9089b5f5e1d	complete	True	segregating	173	0.173	False	False	False						False	False	374.94465186900015	aa630db21b8e050419e8744accffd7680ba400a3afc01e35889e520e4809de4a			
eas_selected__confirm100__s0.005000__af0.200000__q5__draw061	confirm100	focal_2bp_forward_only_no_recap_no_neutral_overlay	0.005	0.2	0.175	0.225	500	100	40	61	439553306	1959311428	5.0	0.1	2	1	2409.0	6bfc1e42438244d3e75a20747cd4028e31c628d61d05e247084f7662de0314c2	1a99e6eede61e5c3ddfeb9ddc0e21b1cee234393fc5d12b3c668b93d9424abac	d78b9e0c6f7d1a77484af3b4d4a0a046503fa48624b0957ef590ab8ea5ca6eae	67409ff190808c2967c949cae6697bf235010dbe832389cb4976d9089b5f5e1d	complete	True	segregating	216	0.216	True	True	True						False	False	500.61494537199997	ec06fe858f26d6b9c931fad42219579c8e3c1526614e578e01733d5fa1200073			
eas_selected__confirm100__s0.005000__af0.200000__q5__draw062	confirm100	focal_2bp_forward_only_no_recap_no_neutral_overlay	0.005	0.2	0.175	0.225	500	100	40	62	1008153172	1833346058	5.0	0.1	2	1	2409.0	6bfc1e42438244d3e75a20747cd4028e31c628d61d05e247084f7662de0314c2	1a99e6eede61e5c3ddfeb9ddc0e21b1cee234393fc5d12b3c668b93d9424abac	d78b9e0c6f7d1a77484af3b4d4a0a046503fa48624b0957ef590ab8ea5ca6eae	67409ff190808c2967c949cae6697bf235010dbe832389cb4976d9089b5f5e1d	complete	True	segregating	237	0.237	False	False	False						False	False	894.3076621950004	71635251c17b32750e81eb4a84458a7d6eedbecf98bada790faf8ba4a8766d91			
eas_selected__confirm100__s0.005000__af0.200000__q5__draw063	confirm100	focal_2bp_forward_only_no_recap_no_neutral_overlay	0.005	0.2	0.175	0.225	500	100	40	63	111143975	355981971	5.0	0.1	2	1	2409.0	6bfc1e42438244d3e75a20747cd4028e31c628d61d05e247084f7662de0314c2	1a99e6eede61e5c3ddfeb9ddc0e21b1cee234393fc5d12b3c668b93d9424abac	d78b9e0c6f7d1a77484af3b4d4a0a046503fa48624b0957ef590ab8ea5ca6eae	67409ff190808c2967c949cae6697bf235010dbe832389cb4976d9089b5f5e1d	complete	True	segregating	214	0.214	True	True	True						False	False	327.9552009710005	34fda4a6ed180290c6eeb8ead42b27255c2c5b92d37c0563e6416638fd7544a4			
eas_selected__confirm100__s0.005000__af0.200000__q5__draw064	confirm100	focal_2bp_forward_only_no_recap_no_neutral_overlay	0.005	0.2	0.175	0.225	500	100	40	64	1518328484	1980798301	5.0	0.1	2	1	2409.0	6bfc1e42438244d3e75a20747cd4028e31c628d61d05e247084f7662de0314c2	1a99e6eede61e5c3ddfeb9ddc0e21b1cee234393fc5d12b3c668b93d9424abac	d78b9e0c6f7d1a77484af3b4d4a0a046503fa48624b0957ef590ab8ea5ca6eae	67409ff190808c2967c949cae6697bf235010dbe832389cb4976d9089b5f5e1d	complete	True	segregating	190	0.19	True	True	True						False	False	390.1696619270001	b9b63e2fceb4b7e7f4864abffcead068614072743ac25fdbf1e827f7f6bf0fb1			
eas_selected__confirm100__s0.005000__af0.200000__q5__draw065	confirm100	focal_2bp_forward_only_no_recap_no_neutral_overlay	0.005	0.2	0.175	0.225	500	100	40	65	317070434	1619598147	5.0	0.1	2	1	2409.0	6bfc1e42438244d3e75a20747cd4028e31c628d61d05e247084f7662de0314c2	1a99e6eede61e5c3ddfeb9ddc0e21b1cee234393fc5d12b3c668b93d9424abac	d78b9e0c6f7d1a77484af3b4d4a0a046503fa48624b0957ef590ab8ea5ca6eae	67409ff190808c2967c949cae6697bf235010dbe832389cb4976d9089b5f5e1d	complete	True	segregating	169	0.169	False	False	False						False	False	698.7704258849999	3120bf2c33fa115fd0780dee64349cfbcb2a0539bcc41a7cb922e93a56f36e2e			
eas_selected__confirm100__s0.005000__af0.200000__q5__draw066	confirm100	focal_2bp_forward_only_no_recap_no_neutral_overlay	0.005	0.2	0.175	0.225	500	100	40	66	1785646870	1773206337	5.0	0.1	2	1	2409.0	6bfc1e42438244d3e75a20747cd4028e31c628d61d05e247084f7662de0314c2	1a99e6eede61e5c3ddfeb9ddc0e21b1cee234393fc5d12b3c668b93d9424abac	d78b9e0c6f7d1a77484af3b4d4a0a046503fa48624b0957ef590ab8ea5ca6eae	67409ff190808c2967c949cae6697bf235010dbe832389cb4976d9089b5f5e1d	complete	True	segregating	226	0.226	False	False	False						False	False	114.82408361800026	789f00501fedd4befdb0c2a827eabfbc0cbb50933517f90f137a4dba69fc9dce			
eas_selected__confirm100__s0.005000__af0.200000__q5__draw067	confirm100	focal_2bp_forward_only_no_recap_no_neutral_overlay	0.005	0.2	0.175	0.225	500	100	40	67	110856809	2049627510	5.0	0.1	2	1	2409.0	6bfc1e42438244d3e75a20747cd4028e31c628d61d05e247084f7662de0314c2	1a99e6eede61e5c3ddfeb9ddc0e21b1cee234393fc5d12b3c668b93d9424abac	d78b9e0c6f7d1a77484af3b4d4a0a046503fa48624b0957ef590ab8ea5ca6eae	67409ff190808c2967c949cae6697bf235010dbe832389cb4976d9089b5f5e1d	complete	True	segregating	168	0.168	False	False	False						False	False	226.51437338999995	fc02ddfadfa4b1eabcc5998f5d112698bdf1fb30cd042d3600bf11e125276f8b			
eas_selected__confirm100__s0.005000__af0.200000__q5__draw068	confirm100	focal_2bp_forward_only_no_recap_no_neutral_overlay	0.005	0.2	0.175	0.225	500	100	40	68	165929873	463411569	5.0	0.1	2	1	2409.0	6bfc1e42438244d3e75a20747cd4028e31c628d61d05e247084f7662de0314c2	1a99e6eede61e5c3ddfeb9ddc0e21b1cee234393fc5d12b3c668b93d9424abac	d78b9e0c6f7d1a77484af3b4d4a0a046503fa48624b0957ef590ab8ea5ca6eae	67409ff190808c2967c949cae6697bf235010dbe832389cb4976d9089b5f5e1d	complete	True	segregating	201	0.201	True	True	True						False	False	47.32568240099954	fd60fdb7d01ba7e102f0937e33e663a8ae1bf51746a043ead87746663135f756			
eas_selected__confirm100__s0.005000__af0.200000__q5__draw069	confirm100	focal_2bp_forward_only_no_recap_no_neutral_overlay	0.005	0.2	0.175	0.225	500	100	40	69	1525206770	883924379	5.0	0.1	2	1	2409.0	6bfc1e42438244d3e75a20747cd4028e31c628d61d05e247084f7662de0314c2	1a99e6eede61e5c3ddfeb9ddc0e21b1cee234393fc5d12b3c668b93d9424abac	d78b9e0c6f7d1a77484af3b4d4a0a046503fa48624b0957ef590ab8ea5ca6eae	67409ff190808c2967c949cae6697bf235010dbe832389cb4976d9089b5f5e1d	complete	True	segregating	217	0.217	True	True	True						False	False	344.1636059980001	fe36772b0528266e17a5388119b73fcecf7e8a1ff2044c0110c660d1e7b50a7f			
eas_selected__confirm100__s0.005000__af0.200000__q5__draw070	confirm100	focal_2bp_forward_only_no_recap_no_neutral_overlay	0.005	0.2	0.175	0.225	500	100	40	70	729567477	40553166	5.0	0.1	2	1	2409.0	6bfc1e42438244d3e75a20747cd4028e31c628d61d05e247084f7662de0314c2	1a99e6eede61e5c3ddfeb9ddc0e21b1cee234393fc5d12b3c668b93d9424abac	d78b9e0c6f7d1a77484af3b4d4a0a046503fa48624b0957ef590ab8ea5ca6eae	67409ff190808c2967c949cae6697bf235010dbe832389cb4976d9089b5f5e1d	complete	True	segregating	196	0.196	True	True	True						False	False	135.50618878800014	fc503ce8a7818ffc3f68af1be22065e4e3ae9073539d46465a99e574d557bf3c			
eas_selected__confirm100__s0.005000__af0.200000__q5__draw071	confirm100	focal_2bp_forward_only_no_recap_no_neutral_overlay	0.005	0.2	0.175	0.225	500	100	40	71	1427198873	1859486926	5.0	0.1	2	1	2409.0	6bfc1e42438244d3e75a20747cd4028e31c628d61d05e247084f7662de0314c2	1a99e6eede61e5c3ddfeb9ddc0e21b1cee234393fc5d12b3c668b93d9424abac	d78b9e0c6f7d1a77484af3b4d4a0a046503fa48624b0957ef590ab8ea5ca6eae	67409ff190808c2967c949cae6697bf235010dbe832389cb4976d9089b5f5e1d	complete	True	segregating	223	0.223	True	True	True						False	False	623.5594576610001	8d457617a4ed3d5b1b7c8b3f66b0133cd1fb43893c87f1c40b2b28124fbec2e5			
eas_selected__confirm100__s0.005000__af0.200000__q5__draw072	confirm100	focal_2bp_forward_only_no_recap_no_neutral_overlay	0.005	0.2	0.175	0.225	500	100	40	72	1828382842	1104604682	5.0	0.1	2	1	2409.0	6bfc1e42438244d3e75a20747cd4028e31c628d61d05e247084f7662de0314c2	1a99e6eede61e5c3ddfeb9ddc0e21b1cee234393fc5d12b3c668b93d9424abac	d78b9e0c6f7d1a77484af3b4d4a0a046503fa48624b0957ef590ab8ea5ca6eae	67409ff190808c2967c949cae6697bf235010dbe832389cb4976d9089b5f5e1d	complete	True	segregating	171	0.171	False	False	False						False	False	229.92543068099985	13ca62a8d7cb572961f5ab6a0b470b54afabb16674d655f4842bcbf03ea2d100			
eas_selected__confirm100__s0.005000__af0.200000__q5__draw073	confirm100	focal_2bp_forward_only_no_recap_no_neutral_overlay	0.005	0.2	0.175	0.225	500	100	40	73	1399427698	756650114	5.0	0.1	2	1	2409.0	6bfc1e42438244d3e75a20747cd4028e31c628d61d05e247084f7662de0314c2	1a99e6eede61e5c3ddfeb9ddc0e21b1cee234393fc5d12b3c668b93d9424abac	d78b9e0c6f7d1a77484af3b4d4a0a046503fa48624b0957ef590ab8ea5ca6eae	67409ff190808c2967c949cae6697bf235010dbe832389cb4976d9089b5f5e1d	complete	True	segregating	204	0.204	True	True	True						False	False	275.091712077	ce5fbe0b86a81a69c91d4fb7c4d695e29e5f3129eed88ec8f6c3acbc261000ef			
eas_selected__confirm100__s0.005000__af0.200000__q5__draw074	confirm100	focal_2bp_forward_only_no_recap_no_neutral_overlay	0.005	0.2	0.175	0.225	500	100	40	74	2053635574	917969770	5.0	0.1	2	1	2409.0	6bfc1e42438244d3e75a20747cd4028e31c628d61d05e247084f7662de0314c2	1a99e6eede61e5c3ddfeb9ddc0e21b1cee234393fc5d12b3c668b93d9424abac	d78b9e0c6f7d1a77484af3b4d4a0a046503fa48624b0957ef590ab8ea5ca6eae	67409ff190808c2967c949cae6697bf235010dbe832389cb4976d9089b5f5e1d	complete	True	segregating	175	0.175	True	True	True						False	False	354.5824842989996	1ee6f017ccc8583afdcce4c4bdc90e2a3184379beec7e1ac6cff36a3ad791dcc			
eas_selected__confirm100__s0.005000__af0.200000__q5__draw075	confirm100	focal_2bp_forward_only_no_recap_no_neutral_overlay	0.005	0.2	0.175	0.225	500	100	40	75	808346717	1747348172	5.0	0.1	2	1	2409.0	6bfc1e42438244d3e75a20747cd4028e31c628d61d05e247084f7662de0314c2	1a99e6eede61e5c3ddfeb9ddc0e21b1cee234393fc5d12b3c668b93d9424abac	d78b9e0c6f7d1a77484af3b4d4a0a046503fa48624b0957ef590ab8ea5ca6eae	67409ff190808c2967c949cae6697bf235010dbe832389cb4976d9089b5f5e1d	complete	True	segregating	195	0.195	True	True	True						False	False	165.64558023600057	0a9918f54f5b866d74cadeb81e1d9b20b7bde447d5d490e77a9d22f5d89a8d72			
eas_selected__confirm100__s0.005000__af0.200000__q5__draw076	confirm100	focal_2bp_forward_only_no_recap_no_neutral_overlay	0.005	0.2	0.175	0.225	500	100	40	76	2003339603	1581427733	5.0	0.1	2	1	2409.0	6bfc1e42438244d3e75a20747cd4028e31c628d61d05e247084f7662de0314c2	1a99e6eede61e5c3ddfeb9ddc0e21b1cee234393fc5d12b3c668b93d9424abac	d78b9e0c6f7d1a77484af3b4d4a0a046503fa48624b0957ef590ab8ea5ca6eae	67409ff190808c2967c949cae6697bf235010dbe832389cb4976d9089b5f5e1d	complete	True	segregating	215	0.215	True	True	True						False	False	98.27730325399989	e932ca001c33dab116218dbf3600e346cbb7646edff5f08e0a8a3e6abda9d192			
eas_selected__confirm100__s0.005000__af0.200000__q5__draw077	confirm100	focal_2bp_forward_only_no_recap_no_neutral_overlay	0.005	0.2	0.175	0.225	500	100	40	77	761859994	335291637	5.0	0.1	2	1	2409.0	6bfc1e42438244d3e75a20747cd4028e31c628d61d05e247084f7662de0314c2	1a99e6eede61e5c3ddfeb9ddc0e21b1cee234393fc5d12b3c668b93d9424abac	d78b9e0c6f7d1a77484af3b4d4a0a046503fa48624b0957ef590ab8ea5ca6eae	67409ff190808c2967c949cae6697bf235010dbe832389cb4976d9089b5f5e1d	complete	True	segregating	204	0.204	True	True	True						False	False	347.8313469169998	a4b4acf90485d2e3e425c3d059268ff28c0cf0c38bab9b5080cbb2337a323476			
eas_selected__confirm100__s0.005000__af0.200000__q5__draw078	confirm100	focal_2bp_forward_only_no_recap_no_neutral_overlay	0.005	0.2	0.175	0.225	500	100	40	78	1560704473	1343069612	5.0	0.1	2	1	2409.0	6bfc1e42438244d3e75a20747cd4028e31c628d61d05e247084f7662de0314c2	1a99e6eede61e5c3ddfeb9ddc0e21b1cee234393fc5d12b3c668b93d9424abac	d78b9e0c6f7d1a77484af3b4d4a0a046503fa48624b0957ef590ab8ea5ca6eae	67409ff190808c2967c949cae6697bf235010dbe832389cb4976d9089b5f5e1d	complete	True	segregating	215	0.215	True	True	True						False	False	704.2598091110003	65a3cceebe8d0d91f3793f6e0d72956a6b8eff3ad2552cba5807e3f45c5a09d6			
eas_selected__confirm100__s0.005000__af0.200000__q5__draw079	confirm100	focal_2bp_forward_only_no_recap_no_neutral_overlay	0.005	0.2	0.175	0.225	500	100	40	79	131759610	1410662378	5.0	0.1	2	1	2409.0	6bfc1e42438244d3e75a20747cd4028e31c628d61d05e247084f7662de0314c2	1a99e6eede61e5c3ddfeb9ddc0e21b1cee234393fc5d12b3c668b93d9424abac	d78b9e0c6f7d1a77484af3b4d4a0a046503fa48624b0957ef590ab8ea5ca6eae	67409ff190808c2967c949cae6697bf235010dbe832389cb4976d9089b5f5e1d	complete	True	segregating	194	0.194	True	True	True						False	False	571.4110797900003	3a3994ab557dfb9ca79a09ba40ebeab4a461059df3f639baa07d2512700616d7			
eas_selected__confirm100__s0.005000__af0.200000__q5__draw080	confirm100	focal_2bp_forward_only_no_recap_no_neutral_overlay	0.005	0.2	0.175	0.225	500	100	40	80	1710818203	1244458206	5.0	0.1	2	1	2409.0	6bfc1e42438244d3e75a20747cd4028e31c628d61d05e247084f7662de0314c2	1a99e6eede61e5c3ddfeb9ddc0e21b1cee234393fc5d12b3c668b93d9424abac	d78b9e0c6f7d1a77484af3b4d4a0a046503fa48624b0957ef590ab8ea5ca6eae	67409ff190808c2967c949cae6697bf235010dbe832389cb4976d9089b5f5e1d	complete	True	segregating	222	0.222	True	True	True						False	False	389.2466535269996	979e78d6047c312b831de354a5a094ce5f8cfcd27d90ece936b2c0e81bac88a1			
eas_selected__confirm100__s0.005000__af0.200000__q5__draw081	confirm100	focal_2bp_forward_only_no_recap_no_neutral_overlay	0.005	0.2	0.175	0.225	500	100	40	81	383749030	1917213362	5.0	0.1	2	1	2409.0	6bfc1e42438244d3e75a20747cd4028e31c628d61d05e247084f7662de0314c2	1a99e6eede61e5c3ddfeb9ddc0e21b1cee234393fc5d12b3c668b93d9424abac	d78b9e0c6f7d1a77484af3b4d4a0a046503fa48624b0957ef590ab8ea5ca6eae	67409ff190808c2967c949cae6697bf235010dbe832389cb4976d9089b5f5e1d	complete	True	segregating	220	0.22	True	True	True						False	False	27.62497155500023	d3fe07bf4bc88d59d7fa371abd11a6824690173cbc05109f3c10955dc90898f8			
eas_selected__confirm100__s0.005000__af0.200000__q5__draw082	confirm100	focal_2bp_forward_only_no_recap_no_neutral_overlay	0.005	0.2	0.175	0.225	500	100	40	82	320767987	1095254158	5.0	0.1	2	1	2409.0	6bfc1e42438244d3e75a20747cd4028e31c628d61d05e247084f7662de0314c2	1a99e6eede61e5c3ddfeb9ddc0e21b1cee234393fc5d12b3c668b93d9424abac	d78b9e0c6f7d1a77484af3b4d4a0a046503fa48624b0957ef590ab8ea5ca6eae	67409ff190808c2967c949cae6697bf235010dbe832389cb4976d9089b5f5e1d	complete	True	segregating	190	0.19	True	True	True						False	False	236.5413860159997	b61cd8ca1128ca72dbe2377cc8267c741332583376e30fd2af70a0d7eddf2ef1			
eas_selected__confirm100__s0.005000__af0.200000__q5__draw083	confirm100	focal_2bp_forward_only_no_recap_no_neutral_overlay	0.005	0.2	0.175	0.225	500	100	40	83	212496720	1104829250	5.0	0.1	2	1	2409.0	6bfc1e42438244d3e75a20747cd4028e31c628d61d05e247084f7662de0314c2	1a99e6eede61e5c3ddfeb9ddc0e21b1cee234393fc5d12b3c668b93d9424abac	d78b9e0c6f7d1a77484af3b4d4a0a046503fa48624b0957ef590ab8ea5ca6eae	67409ff190808c2967c949cae6697bf235010dbe832389cb4976d9089b5f5e1d	complete	True	segregating	190	0.19	True	True	True						False	False	285.2670251520003	c6439078f78111e5c9b0e6a69703de0ae40acba14bcb8901f3e8fc03bdcc1c80			
eas_selected__confirm100__s0.005000__af0.200000__q5__draw084	confirm100	focal_2bp_forward_only_no_recap_no_neutral_overlay	0.005	0.2	0.175	0.225	500	100	40	84	760220681	1051041644	5.0	0.1	2	1	2409.0	6bfc1e42438244d3e75a20747cd4028e31c628d61d05e247084f7662de0314c2	1a99e6eede61e5c3ddfeb9ddc0e21b1cee234393fc5d12b3c668b93d9424abac	d78b9e0c6f7d1a77484af3b4d4a0a046503fa48624b0957ef590ab8ea5ca6eae	67409ff190808c2967c949cae6697bf235010dbe832389cb4976d9089b5f5e1d	complete	True	segregating	218	0.218	True	True	True						False	False	39.17806833400027	5a376419672e027671872727506341a9fdbad769be2cd8f7847e7c554711234d			
eas_selected__confirm100__s0.005000__af0.200000__q5__draw085	confirm100	focal_2bp_forward_only_no_recap_no_neutral_overlay	0.005	0.2	0.175	0.225	500	100	40	85	1307659914	736942402	5.0	0.1	2	1	2409.0	6bfc1e42438244d3e75a20747cd4028e31c628d61d05e247084f7662de0314c2	1a99e6eede61e5c3ddfeb9ddc0e21b1cee234393fc5d12b3c668b93d9424abac	d78b9e0c6f7d1a77484af3b4d4a0a046503fa48624b0957ef590ab8ea5ca6eae	67409ff190808c2967c949cae6697bf235010dbe832389cb4976d9089b5f5e1d	complete	True	segregating	184	0.184	True	True	True						False	False	710.7549535450007	a9cbb05080cce7da51ce998ce69ef9f58ebe261f99ae4017e5d528f7f8fad772			
eas_selected__confirm100__s0.005000__af0.200000__q5__draw086	confirm100	focal_2bp_forward_only_no_recap_no_neutral_overlay	0.005	0.2	0.175	0.225	500	100	40	86	269026001	1894061438	5.0	0.1	2	1	2409.0	6bfc1e42438244d3e75a20747cd4028e31c628d61d05e247084f7662de0314c2	1a99e6eede61e5c3ddfeb9ddc0e21b1cee234393fc5d12b3c668b93d9424abac	d78b9e0c6f7d1a77484af3b4d4a0a046503fa48624b0957ef590ab8ea5ca6eae	67409ff190808c2967c949cae6697bf235010dbe832389cb4976d9089b5f5e1d	complete	True	segregating	183	0.183	True	True	True						False	False	61.55283531199984	2bec50555507a3bc6e3a7ba261782f37e4f4fb8b626bd516456ec42507ff3168			
eas_selected__confirm100__s0.005000__af0.200000__q5__draw087	confirm100	focal_2bp_forward_only_no_recap_no_neutral_overlay	0.005	0.2	0.175	0.225	500	100	40	87	1266822544	1390959454	5.0	0.1	2	1	2409.0	6bfc1e42438244d3e75a20747cd4028e31c628d61d05e247084f7662de0314c2	1a99e6eede61e5c3ddfeb9ddc0e21b1cee234393fc5d12b3c668b93d9424abac	d78b9e0c6f7d1a77484af3b4d4a0a046503fa48624b0957ef590ab8ea5ca6eae	67409ff190808c2967c949cae6697bf235010dbe832389cb4976d9089b5f5e1d	complete	True	segregating	203	0.203	True	True	True						False	False	161.7076081689993	9c4bfbed287bd2a9708172dfb37f24e6e744c88960a9fc83777c2e8bbb5c8676			
eas_selected__confirm100__s0.005000__af0.200000__q5__draw088	confirm100	focal_2bp_forward_only_no_recap_no_neutral_overlay	0.005	0.2	0.175	0.225	500	100	40	88	853868701	916362926	5.0	0.1	2	1	2409.0	6bfc1e42438244d3e75a20747cd4028e31c628d61d05e247084f7662de0314c2	1a99e6eede61e5c3ddfeb9ddc0e21b1cee234393fc5d12b3c668b93d9424abac	d78b9e0c6f7d1a77484af3b4d4a0a046503fa48624b0957ef590ab8ea5ca6eae	67409ff190808c2967c949cae6697bf235010dbe832389cb4976d9089b5f5e1d	complete	True	segregating	221	0.221	True	True	True						False	False	46.90755397799967	e9e70b58790ae25830549556136e0288e8f6d0674d177883dbdccd1844715f9a			
eas_selected__confirm100__s0.005000__af0.200000__q5__draw089	confirm100	focal_2bp_forward_only_no_recap_no_neutral_overlay	0.005	0.2	0.175	0.225	500	100	40	89	1263873936	1914186807	5.0	0.1	2	1	2409.0	6bfc1e42438244d3e75a20747cd4028e31c628d61d05e247084f7662de0314c2	1a99e6eede61e5c3ddfeb9ddc0e21b1cee234393fc5d12b3c668b93d9424abac	d78b9e0c6f7d1a77484af3b4d4a0a046503fa48624b0957ef590ab8ea5ca6eae	67409ff190808c2967c949cae6697bf235010dbe832389cb4976d9089b5f5e1d	complete	True	segregating	184	0.184	True	True	True						False	False	178.1572073110001	206915dbf123cccfb21e79a4e61285c614798fb72993782e363c45cab5aab1a0			
eas_selected__confirm100__s0.005000__af0.200000__q5__draw090	confirm100	focal_2bp_forward_only_no_recap_no_neutral_overlay	0.005	0.2	0.175	0.225	500	100	40	90	781469275	840531541	5.0	0.1	2	1	2409.0	6bfc1e42438244d3e75a20747cd4028e31c628d61d05e247084f7662de0314c2	1a99e6eede61e5c3ddfeb9ddc0e21b1cee234393fc5d12b3c668b93d9424abac	d78b9e0c6f7d1a77484af3b4d4a0a046503fa48624b0957ef590ab8ea5ca6eae	67409ff190808c2967c949cae6697bf235010dbe832389cb4976d9089b5f5e1d	complete	True	segregating	210	0.21	True	True	True						False	False	55.54286319700077	3512650f859c6f4b79d1ff43f6e81b9467156bbfa28c7cfa466c58d81afbe05c			
eas_selected__confirm100__s0.005000__af0.200000__q5__draw091	confirm100	focal_2bp_forward_only_no_recap_no_neutral_overlay	0.005	0.2	0.175	0.225	500	100	40	91	186456770	1695511427	5.0	0.1	2	1	2409.0	6bfc1e42438244d3e75a20747cd4028e31c628d61d05e247084f7662de0314c2	1a99e6eede61e5c3ddfeb9ddc0e21b1cee234393fc5d12b3c668b93d9424abac	d78b9e0c6f7d1a77484af3b4d4a0a046503fa48624b0957ef590ab8ea5ca6eae	67409ff190808c2967c949cae6697bf235010dbe832389cb4976d9089b5f5e1d	complete	True	segregating	217	0.217	True	True	True						False	False	479.5770424729999	0fcb9dcdd3f44531ec9b2c3349cabbda5b47da54b2aab193dbbe6d944fc9532b			
eas_selected__confirm100__s0.005000__af0.200000__q5__draw092	confirm100	focal_2bp_forward_only_no_recap_no_neutral_overlay	0.005	0.2	0.175	0.225	500	100	40	92	69295428	239172476	5.0	0.1	2	1	2409.0	6bfc1e42438244d3e75a20747cd4028e31c628d61d05e247084f7662de0314c2	1a99e6eede61e5c3ddfeb9ddc0e21b1cee234393fc5d12b3c668b93d9424abac	d78b9e0c6f7d1a77484af3b4d4a0a046503fa48624b0957ef590ab8ea5ca6eae	67409ff190808c2967c949cae6697bf235010dbe832389cb4976d9089b5f5e1d	complete	True	segregating	197	0.197	True	True	True						False	False	79.11401446499985	e2d135f9f0f6f190fcc5d6350a88ccb7751c5bae19ccb1f38c623d8a2d3786ec			
eas_selected__confirm100__s0.005000__af0.200000__q5__draw093	confirm100	focal_2bp_forward_only_no_recap_no_neutral_overlay	0.005	0.2	0.175	0.225	500	100	40	93	911509690	54543796	5.0	0.1	2	1	2409.0	6bfc1e42438244d3e75a20747cd4028e31c628d61d05e247084f7662de0314c2	1a99e6eede61e5c3ddfeb9ddc0e21b1cee234393fc5d12b3c668b93d9424abac	d78b9e0c6f7d1a77484af3b4d4a0a046503fa48624b0957ef590ab8ea5ca6eae	67409ff190808c2967c949cae6697bf235010dbe832389cb4976d9089b5f5e1d	complete	True	segregating	177	0.177	True	True	True						False	False	183.02559229600047	f0214b8d32f91491a95f2d2c939e15ced61274110862f98d9cc38c0c9bd7beb1			
eas_selected__confirm100__s0.005000__af0.200000__q5__draw094	confirm100	focal_2bp_forward_only_no_recap_no_neutral_overlay	0.005	0.2	0.175	0.225	500	100	40	94	2022592883	234378372	5.0	0.1	2	1	2409.0	6bfc1e42438244d3e75a20747cd4028e31c628d61d05e247084f7662de0314c2	1a99e6eede61e5c3ddfeb9ddc0e21b1cee234393fc5d12b3c668b93d9424abac	d78b9e0c6f7d1a77484af3b4d4a0a046503fa48624b0957ef590ab8ea5ca6eae	67409ff190808c2967c949cae6697bf235010dbe832389cb4976d9089b5f5e1d	complete	True	segregating	181	0.181	True	True	True						False	False	155.0758823999995	ab09af016603a509d7f735aa9a353e474e354db7a9df971358a7ccf05f110b15			
eas_selected__confirm100__s0.005000__af0.200000__q5__draw095	confirm100	focal_2bp_forward_only_no_recap_no_neutral_overlay	0.005	0.2	0.175	0.225	500	100	40	95	1039054270	2140262909	5.0	0.1	2	1	2409.0	6bfc1e42438244d3e75a20747cd4028e31c628d61d05e247084f7662de0314c2	1a99e6eede61e5c3ddfeb9ddc0e21b1cee234393fc5d12b3c668b93d9424abac	d78b9e0c6f7d1a77484af3b4d4a0a046503fa48624b0957ef590ab8ea5ca6eae	67409ff190808c2967c949cae6697bf235010dbe832389cb4976d9089b5f5e1d	complete	True	segregating	194	0.194	True	True	True						False	False	28.419897647000653	b82524892790b774584a6efbbc3ed4bd5630434e32647759db78a44289fa3427			
eas_selected__confirm100__s0.005000__af0.200000__q5__draw096	confirm100	focal_2bp_forward_only_no_recap_no_neutral_overlay	0.005	0.2	0.175	0.225	500	100	40	96	1937367706	936319685	5.0	0.1	2	1	2409.0	6bfc1e42438244d3e75a20747cd4028e31c628d61d05e247084f7662de0314c2	1a99e6eede61e5c3ddfeb9ddc0e21b1cee234393fc5d12b3c668b93d9424abac	d78b9e0c6f7d1a77484af3b4d4a0a046503fa48624b0957ef590ab8ea5ca6eae	67409ff190808c2967c949cae6697bf235010dbe832389cb4976d9089b5f5e1d	complete	True	segregating	187	0.187	True	True	True						False	False	44.49342381599945	a56799d8a50f7f22df6679f8d71c51f54724f0c9a0c58fc29953561fa86d7740			
eas_selected__confirm100__s0.005000__af0.200000__q5__draw097	confirm100	focal_2bp_forward_only_no_recap_no_neutral_overlay	0.005	0.2	0.175	0.225	500	100	40	97	1853008904	1742218243	5.0	0.1	2	1	2409.0	6bfc1e42438244d3e75a20747cd4028e31c628d61d05e247084f7662de0314c2	1a99e6eede61e5c3ddfeb9ddc0e21b1cee234393fc5d12b3c668b93d9424abac	d78b9e0c6f7d1a77484af3b4d4a0a046503fa48624b0957ef590ab8ea5ca6eae	67409ff190808c2967c949cae6697bf235010dbe832389cb4976d9089b5f5e1d	complete	True	segregating	194	0.194	True	True	True						False	False	344.5819847549992	cef3f3ba136aa5e5b9e9cdf6a16cba90ce3644c0c4f259e850749005d794e4ce			
eas_selected__confirm100__s0.005000__af0.200000__q5__draw098	confirm100	focal_2bp_forward_only_no_recap_no_neutral_overlay	0.005	0.2	0.175	0.225	500	100	40	98	1157205953	349239499	5.0	0.1	2	1	2409.0	6bfc1e42438244d3e75a20747cd4028e31c628d61d05e247084f7662de0314c2	1a99e6eede61e5c3ddfeb9ddc0e21b1cee234393fc5d12b3c668b93d9424abac	d78b9e0c6f7d1a77484af3b4d4a0a046503fa48624b0957ef590ab8ea5ca6eae	67409ff190808c2967c949cae6697bf235010dbe832389cb4976d9089b5f5e1d	complete	True	segregating	220	0.22	True	True	True						False	False	307.22648886500065	9e983cae50ac1de9ad844148d84a5c3181befb1432f46a35812ec6c5e28a30d5			
eas_selected__confirm100__s0.005000__af0.200000__q5__draw099	confirm100	focal_2bp_forward_only_no_recap_no_neutral_overlay	0.005	0.2	0.175	0.225	500	100	40	99	399621064	993990253	5.0	0.1	2	1	2409.0	6bfc1e42438244d3e75a20747cd4028e31c628d61d05e247084f7662de0314c2	1a99e6eede61e5c3ddfeb9ddc0e21b1cee234393fc5d12b3c668b93d9424abac	d78b9e0c6f7d1a77484af3b4d4a0a046503fa48624b0957ef590ab8ea5ca6eae	67409ff190808c2967c949cae6697bf235010dbe832389cb4976d9089b5f5e1d	complete	True	segregating	235	0.235	False	False	False						False	False	627.798765601	59d25af15159eccd90c449aff3624f7c1619c7df2c84050d3feed8b3797e7983			
eas_selected__confirm100__s0.005000__af0.300000__q5__draw000	confirm100	focal_2bp_forward_only_no_recap_no_neutral_overlay	0.005	0.3	0.2749999999999999	0.325	500	100	60	0	1139204305	1436824792	5.0	0.1	2	1	2657.0	86f74ed1e8d6fea0b14478b50ba281ff4f67e1fbb3ad110ee3a25790704f38ce	9de44d14c4d4fcf1d637714e54627e5539d86da79377566f8dcc825ebf0e347e	51600aaee32b97b010036789ecbcc1c03681cb8e11310b67b18021e917106650	67409ff190808c2967c949cae6697bf235010dbe832389cb4976d9089b5f5e1d	complete	True	segregating	309	0.309	True	True	True						False	False	88.19814585099994	b83ee950c6d561818b2d5e06a68d0071e0b0e85eaeaf534d2070126865b5e19d			
eas_selected__confirm100__s0.005000__af0.300000__q5__draw001	confirm100	focal_2bp_forward_only_no_recap_no_neutral_overlay	0.005	0.3	0.2749999999999999	0.325	500	100	60	1	861001005	714898138	5.0	0.1	2	1	2657.0	86f74ed1e8d6fea0b14478b50ba281ff4f67e1fbb3ad110ee3a25790704f38ce	9de44d14c4d4fcf1d637714e54627e5539d86da79377566f8dcc825ebf0e347e	51600aaee32b97b010036789ecbcc1c03681cb8e11310b67b18021e917106650	67409ff190808c2967c949cae6697bf235010dbe832389cb4976d9089b5f5e1d	complete	True	segregating	297	0.297	True	True	True						False	False	27.335949410000467	20fd3f6f771ecd58fdf0b48a454400b1265abf2968330f98eab40f710128aade			
eas_selected__confirm100__s0.005000__af0.300000__q5__draw002	confirm100	focal_2bp_forward_only_no_recap_no_neutral_overlay	0.005	0.3	0.2749999999999999	0.325	500	100	60	2	450655849	287678258	5.0	0.1	2	1	2657.0	86f74ed1e8d6fea0b14478b50ba281ff4f67e1fbb3ad110ee3a25790704f38ce	9de44d14c4d4fcf1d637714e54627e5539d86da79377566f8dcc825ebf0e347e	51600aaee32b97b010036789ecbcc1c03681cb8e11310b67b18021e917106650	67409ff190808c2967c949cae6697bf235010dbe832389cb4976d9089b5f5e1d	complete	True	segregating	320	0.32	True	True	True						False	False	78.60533970600045	166fa7da5aeb0d6bf1fed05fbe950f5093b89bd57bbf8de962dd5f727e0171ae			
eas_selected__confirm100__s0.005000__af0.300000__q5__draw003	confirm100	focal_2bp_forward_only_no_recap_no_neutral_overlay	0.005	0.3	0.2749999999999999	0.325	500	100	60	3	1711262303	1445505115	5.0	0.1	2	1	2657.0	86f74ed1e8d6fea0b14478b50ba281ff4f67e1fbb3ad110ee3a25790704f38ce	9de44d14c4d4fcf1d637714e54627e5539d86da79377566f8dcc825ebf0e347e	51600aaee32b97b010036789ecbcc1c03681cb8e11310b67b18021e917106650	67409ff190808c2967c949cae6697bf235010dbe832389cb4976d9089b5f5e1d	complete	True	segregating	309	0.309	True	True	True						False	False	423.65955270799986	09b9cda426540b6c09dde267ec2103384680d8bdb3b4849b0ea4e4e4328a9dc5			
eas_selected__confirm100__s0.005000__af0.300000__q5__draw004	confirm100	focal_2bp_forward_only_no_recap_no_neutral_overlay	0.005	0.3	0.2749999999999999	0.325	500	100	60	4	1188110521	26321854	5.0	0.1	2	1	2657.0	86f74ed1e8d6fea0b14478b50ba281ff4f67e1fbb3ad110ee3a25790704f38ce	9de44d14c4d4fcf1d637714e54627e5539d86da79377566f8dcc825ebf0e347e	51600aaee32b97b010036789ecbcc1c03681cb8e11310b67b18021e917106650	67409ff190808c2967c949cae6697bf235010dbe832389cb4976d9089b5f5e1d	complete	True	segregating	334	0.334	False	False	False						False	False	223.9501912100004	525ed66f441a7df17113ab7e73c69b1d4e130b48030a5be8f9d7b9dd9e7b7ae0			
eas_selected__confirm100__s0.005000__af0.300000__q5__draw005	confirm100	focal_2bp_forward_only_no_recap_no_neutral_overlay	0.005	0.3	0.2749999999999999	0.325	500	100	60	5	17004302	469296571	5.0	0.1	2	1	2657.0	86f74ed1e8d6fea0b14478b50ba281ff4f67e1fbb3ad110ee3a25790704f38ce	9de44d14c4d4fcf1d637714e54627e5539d86da79377566f8dcc825ebf0e347e	51600aaee32b97b010036789ecbcc1c03681cb8e11310b67b18021e917106650	67409ff190808c2967c949cae6697bf235010dbe832389cb4976d9089b5f5e1d	complete	True	segregating	276	0.276	True	True	True						False	False	46.08373289799965	4682bd7bf644d755cfe3947e9d49f79088aebfa300210838a266a31a6cedd8a6			
eas_selected__confirm100__s0.005000__af0.300000__q5__draw006	confirm100	focal_2bp_forward_only_no_recap_no_neutral_overlay	0.005	0.3	0.2749999999999999	0.325	500	100	60	6	2071309946	565423973	5.0	0.1	2	1	2657.0	86f74ed1e8d6fea0b14478b50ba281ff4f67e1fbb3ad110ee3a25790704f38ce	9de44d14c4d4fcf1d637714e54627e5539d86da79377566f8dcc825ebf0e347e	51600aaee32b97b010036789ecbcc1c03681cb8e11310b67b18021e917106650	67409ff190808c2967c949cae6697bf235010dbe832389cb4976d9089b5f5e1d	complete	True	segregating	293	0.293	True	True	True						False	False	31.38571505999971	9bf328d86fa243a77ff1515195df1f1dbb55070f74002af02b0affd180415669			
eas_selected__confirm100__s0.005000__af0.300000__q5__draw007	confirm100	focal_2bp_forward_only_no_recap_no_neutral_overlay	0.005	0.3	0.2749999999999999	0.325	500	100	60	7	247681257	126205655	5.0	0.1	2	1	2657.0	86f74ed1e8d6fea0b14478b50ba281ff4f67e1fbb3ad110ee3a25790704f38ce	9de44d14c4d4fcf1d637714e54627e5539d86da79377566f8dcc825ebf0e347e	51600aaee32b97b010036789ecbcc1c03681cb8e11310b67b18021e917106650	67409ff190808c2967c949cae6697bf235010dbe832389cb4976d9089b5f5e1d	complete	True	segregating	301	0.301	True	True	True						False	False	30.10462823599937	0d800310a42b4d653babbedc251bc21fd96bdf32e9e1c78eef0856a76b0e8979			
eas_selected__confirm100__s0.005000__af0.300000__q5__draw008	confirm100	focal_2bp_forward_only_no_recap_no_neutral_overlay	0.005	0.3	0.2749999999999999	0.325	500	100	60	8	199432443	1534162326	5.0	0.1	2	1	2657.0	86f74ed1e8d6fea0b14478b50ba281ff4f67e1fbb3ad110ee3a25790704f38ce	9de44d14c4d4fcf1d637714e54627e5539d86da79377566f8dcc825ebf0e347e	51600aaee32b97b010036789ecbcc1c03681cb8e11310b67b18021e917106650	67409ff190808c2967c949cae6697bf235010dbe832389cb4976d9089b5f5e1d	complete	True	segregating	316	0.316	True	True	True						False	False	611.991627931	1938fa7f3f79ab74af9ed73d28049172311b8785c981e4fde9412eff032c12e3			
eas_selected__confirm100__s0.005000__af0.300000__q5__draw009	confirm100	focal_2bp_forward_only_no_recap_no_neutral_overlay	0.005	0.3	0.2749999999999999	0.325	500	100	60	9	464564832	1605345316	5.0	0.1	2	1	2657.0	86f74ed1e8d6fea0b14478b50ba281ff4f67e1fbb3ad110ee3a25790704f38ce	9de44d14c4d4fcf1d637714e54627e5539d86da79377566f8dcc825ebf0e347e	51600aaee32b97b010036789ecbcc1c03681cb8e11310b67b18021e917106650	67409ff190808c2967c949cae6697bf235010dbe832389cb4976d9089b5f5e1d	complete	True	segregating	287	0.287	True	True	True						False	False	372.6469523829992	34ec1ac1a6dd6c5f263589ab770147edee16c7e0c73f8e1548a28bd39d0f8aa8			
eas_selected__confirm100__s0.005000__af0.300000__q5__draw010	confirm100	focal_2bp_forward_only_no_recap_no_neutral_overlay	0.005	0.3	0.2749999999999999	0.325	500	100	60	10	616424958	874237948	5.0	0.1	2	1	2657.0	86f74ed1e8d6fea0b14478b50ba281ff4f67e1fbb3ad110ee3a25790704f38ce	9de44d14c4d4fcf1d637714e54627e5539d86da79377566f8dcc825ebf0e347e	51600aaee32b97b010036789ecbcc1c03681cb8e11310b67b18021e917106650	67409ff190808c2967c949cae6697bf235010dbe832389cb4976d9089b5f5e1d	complete	True	segregating	307	0.307	True	True	True						False	False	389.82477073300015	1f99ababa48733206db20618252132841fb9dfe9e0ff60c2b867c2a5ce404322			
eas_selected__confirm100__s0.005000__af0.300000__q5__draw011	confirm100	focal_2bp_forward_only_no_recap_no_neutral_overlay	0.005	0.3	0.2749999999999999	0.325	500	100	60	11	2064522638	186459932	5.0	0.1	2	1	2657.0	86f74ed1e8d6fea0b14478b50ba281ff4f67e1fbb3ad110ee3a25790704f38ce	9de44d14c4d4fcf1d637714e54627e5539d86da79377566f8dcc825ebf0e347e	51600aaee32b97b010036789ecbcc1c03681cb8e11310b67b18021e917106650	67409ff190808c2967c949cae6697bf235010dbe832389cb4976d9089b5f5e1d	complete	True	segregating	306	0.306	True	True	True						False	False	385.74236899400057	39432451b6af59f89ad0d8ed9ab77b5c793a21ee9aafa339c6c2aba1537ff87a			
eas_selected__confirm100__s0.005000__af0.300000__q5__draw012	confirm100	focal_2bp_forward_only_no_recap_no_neutral_overlay	0.005	0.3	0.2749999999999999	0.325	500	100	60	12	495507196	1148431404	5.0	0.1	2	1	2657.0	86f74ed1e8d6fea0b14478b50ba281ff4f67e1fbb3ad110ee3a25790704f38ce	9de44d14c4d4fcf1d637714e54627e5539d86da79377566f8dcc825ebf0e347e	51600aaee32b97b010036789ecbcc1c03681cb8e11310b67b18021e917106650	67409ff190808c2967c949cae6697bf235010dbe832389cb4976d9089b5f5e1d	complete	True	segregating	320	0.32	True	True	True						False	False	1031.5052223790008	15763a4aff033f3266fd45d07769d9e0cd2afcdff420c31543bfee6c5d7305d9			
eas_selected__confirm100__s0.005000__af0.300000__q5__draw013	confirm100	focal_2bp_forward_only_no_recap_no_neutral_overlay	0.005	0.3	0.2749999999999999	0.325	500	100	60	13	58552992	995124410	5.0	0.1	2	1	2657.0	86f74ed1e8d6fea0b14478b50ba281ff4f67e1fbb3ad110ee3a25790704f38ce	9de44d14c4d4fcf1d637714e54627e5539d86da79377566f8dcc825ebf0e347e	51600aaee32b97b010036789ecbcc1c03681cb8e11310b67b18021e917106650	67409ff190808c2967c949cae6697bf235010dbe832389cb4976d9089b5f5e1d	complete	True	segregating	314	0.314	True	True	True						False	False	683.471939262	3667451610448716b4faff70e09a21090c58dcf5a019061ec6f3745b4c8cae42			
eas_selected__confirm100__s0.005000__af0.300000__q5__draw014	confirm100	focal_2bp_forward_only_no_recap_no_neutral_overlay	0.005	0.3	0.2749999999999999	0.325	500	100	60	14	498617134	218548291	5.0	0.1	2	1	2657.0	86f74ed1e8d6fea0b14478b50ba281ff4f67e1fbb3ad110ee3a25790704f38ce	9de44d14c4d4fcf1d637714e54627e5539d86da79377566f8dcc825ebf0e347e	51600aaee32b97b010036789ecbcc1c03681cb8e11310b67b18021e917106650	67409ff190808c2967c949cae6697bf235010dbe832389cb4976d9089b5f5e1d	complete	True	segregating	291	0.291	True	True	True						False	False	100.92288303900023	1bc5a84885dd0d58e6d14d88b0934f917835487503539a52b777a42c54d0750e			
eas_selected__confirm100__s0.005000__af0.300000__q5__draw015	confirm100	focal_2bp_forward_only_no_recap_no_neutral_overlay	0.005	0.3	0.2749999999999999	0.325	500	100	60	15	1608870322	1515579367	5.0	0.1	2	1	2657.0	86f74ed1e8d6fea0b14478b50ba281ff4f67e1fbb3ad110ee3a25790704f38ce	9de44d14c4d4fcf1d637714e54627e5539d86da79377566f8dcc825ebf0e347e	51600aaee32b97b010036789ecbcc1c03681cb8e11310b67b18021e917106650	67409ff190808c2967c949cae6697bf235010dbe832389cb4976d9089b5f5e1d	complete	True	segregating	342	0.342	False	False	False						False	False	212.3178912050007	f148a2cd0e7b148d6e5136943957dcf92d74b6da298d225a679954695f5ccb9f			
eas_selected__confirm100__s0.005000__af0.300000__q5__draw016	confirm100	focal_2bp_forward_only_no_recap_no_neutral_overlay	0.005	0.3	0.2749999999999999	0.325	500	100	60	16	1134556867	245572800	5.0	0.1	2	1	2657.0	86f74ed1e8d6fea0b14478b50ba281ff4f67e1fbb3ad110ee3a25790704f38ce	9de44d14c4d4fcf1d637714e54627e5539d86da79377566f8dcc825ebf0e347e	51600aaee32b97b010036789ecbcc1c03681cb8e11310b67b18021e917106650	67409ff190808c2967c949cae6697bf235010dbe832389cb4976d9089b5f5e1d	complete	True	segregating	320	0.32	True	True	True						False	False	800.6195068879997	68ab32f200b70bcedeab54d6ba731a8bc51d2da3c46af52037c9ea9f00928739			
eas_selected__confirm100__s0.005000__af0.300000__q5__draw017	confirm100	focal_2bp_forward_only_no_recap_no_neutral_overlay	0.005	0.3	0.2749999999999999	0.325	500	100	60	17	2014432321	821887943	5.0	0.1	2	1	2657.0	86f74ed1e8d6fea0b14478b50ba281ff4f67e1fbb3ad110ee3a25790704f38ce	9de44d14c4d4fcf1d637714e54627e5539d86da79377566f8dcc825ebf0e347e	51600aaee32b97b010036789ecbcc1c03681cb8e11310b67b18021e917106650	67409ff190808c2967c949cae6697bf235010dbe832389cb4976d9089b5f5e1d	complete	True	segregating	320	0.32	True	True	True						False	False	187.11228773899984	7cf22ee5ae079813f54868e81285472c3ab70ecac1513397b6c769068c1d9a9f			
eas_selected__confirm100__s0.005000__af0.300000__q5__draw018	confirm100	focal_2bp_forward_only_no_recap_no_neutral_overlay	0.005	0.3	0.2749999999999999	0.325	500	100	60	18	2058133612	1258927526	5.0	0.1	2	1	2657.0	86f74ed1e8d6fea0b14478b50ba281ff4f67e1fbb3ad110ee3a25790704f38ce	9de44d14c4d4fcf1d637714e54627e5539d86da79377566f8dcc825ebf0e347e	51600aaee32b97b010036789ecbcc1c03681cb8e11310b67b18021e917106650	67409ff190808c2967c949cae6697bf235010dbe832389cb4976d9089b5f5e1d	complete	True	segregating	282	0.282	True	True	True						False	False	97.98305944399999	dbb1d1f9f146001558504c64011bc394f855d8b0091f426915e56c47e33c3e6a			
eas_selected__confirm100__s0.005000__af0.300000__q5__draw019	confirm100	focal_2bp_forward_only_no_recap_no_neutral_overlay	0.005	0.3	0.2749999999999999	0.325	500	100	60	19	911108816	1318008063	5.0	0.1	2	1	2657.0	86f74ed1e8d6fea0b14478b50ba281ff4f67e1fbb3ad110ee3a25790704f38ce	9de44d14c4d4fcf1d637714e54627e5539d86da79377566f8dcc825ebf0e347e	51600aaee32b97b010036789ecbcc1c03681cb8e11310b67b18021e917106650	67409ff190808c2967c949cae6697bf235010dbe832389cb4976d9089b5f5e1d	complete	True	segregating	308	0.308	True	True	True						False	False	77.29444942499958	f17091c5ab81f60ef597805811cbdcb0dba6822b236fa282af985646f0288b3a			
eas_selected__confirm100__s0.005000__af0.300000__q5__draw020	confirm100	focal_2bp_forward_only_no_recap_no_neutral_overlay	0.005	0.3	0.2749999999999999	0.325	500	100	60	20	247957616	1318802676	5.0	0.1	2	1	2657.0	86f74ed1e8d6fea0b14478b50ba281ff4f67e1fbb3ad110ee3a25790704f38ce	9de44d14c4d4fcf1d637714e54627e5539d86da79377566f8dcc825ebf0e347e	51600aaee32b97b010036789ecbcc1c03681cb8e11310b67b18021e917106650	67409ff190808c2967c949cae6697bf235010dbe832389cb4976d9089b5f5e1d	complete	True	segregating	273	0.273	False	False	False						False	False	639.4150314510007	e073172183dd4fa4d9d2f4019910d4f1e686862a9701803c57bdafbda7a41086			
eas_selected__confirm100__s0.005000__af0.300000__q5__draw021	confirm100	focal_2bp_forward_only_no_recap_no_neutral_overlay	0.005	0.3	0.2749999999999999	0.325	500	100	60	21	568026277	306836571	5.0	0.1	2	1	2657.0	86f74ed1e8d6fea0b14478b50ba281ff4f67e1fbb3ad110ee3a25790704f38ce	9de44d14c4d4fcf1d637714e54627e5539d86da79377566f8dcc825ebf0e347e	51600aaee32b97b010036789ecbcc1c03681cb8e11310b67b18021e917106650	67409ff190808c2967c949cae6697bf235010dbe832389cb4976d9089b5f5e1d	complete	True	segregating	329	0.329	False	False	False						False	False	26.297689453000203	227d9747ae353311909ab25827729569c14a496a7a057e42ec3ade2ca8fad75f			
eas_selected__confirm100__s0.005000__af0.300000__q5__draw022	confirm100	focal_2bp_forward_only_no_recap_no_neutral_overlay	0.005	0.3	0.2749999999999999	0.325	500	100	60	22	920414252	1920474368	5.0	0.1	2	1	2657.0	86f74ed1e8d6fea0b14478b50ba281ff4f67e1fbb3ad110ee3a25790704f38ce	9de44d14c4d4fcf1d637714e54627e5539d86da79377566f8dcc825ebf0e347e	51600aaee32b97b010036789ecbcc1c03681cb8e11310b67b18021e917106650	67409ff190808c2967c949cae6697bf235010dbe832389cb4976d9089b5f5e1d	complete	True	segregating	322	0.322	True	True	True						False	False	1097.3046266870006	b9028c12761de7753486e8d8eb7e5ff1e5106eb89dca764f678090e7329b4712			
eas_selected__confirm100__s0.005000__af0.300000__q5__draw023	confirm100	focal_2bp_forward_only_no_recap_no_neutral_overlay	0.005	0.3	0.2749999999999999	0.325	500	100	60	23	1193662265	456630709	5.0	0.1	2	1	2657.0	86f74ed1e8d6fea0b14478b50ba281ff4f67e1fbb3ad110ee3a25790704f38ce	9de44d14c4d4fcf1d637714e54627e5539d86da79377566f8dcc825ebf0e347e	51600aaee32b97b010036789ecbcc1c03681cb8e11310b67b18021e917106650	67409ff190808c2967c949cae6697bf235010dbe832389cb4976d9089b5f5e1d	complete	True	segregating	297	0.297	True	True	True						False	False	148.72060087299997	b70ee386032a01e5816e65d25de988a0d6476059938d2e4997e56b9ccf5ef661			
eas_selected__confirm100__s0.005000__af0.300000__q5__draw024	confirm100	focal_2bp_forward_only_no_recap_no_neutral_overlay	0.005	0.3	0.2749999999999999	0.325	500	100	60	24	590986181	404057663	5.0	0.1	2	1	2657.0	86f74ed1e8d6fea0b14478b50ba281ff4f67e1fbb3ad110ee3a25790704f38ce	9de44d14c4d4fcf1d637714e54627e5539d86da79377566f8dcc825ebf0e347e	51600aaee32b97b010036789ecbcc1c03681cb8e11310b67b18021e917106650	67409ff190808c2967c949cae6697bf235010dbe832389cb4976d9089b5f5e1d	complete	True	segregating	280	0.28	True	True	True						False	False	100.88472465500035	f7a06e64b0a28630dfa9e5aa65687a366ce19ccb502e19cca9675e7c7338362d			
eas_selected__confirm100__s0.005000__af0.300000__q5__draw025	confirm100	focal_2bp_forward_only_no_recap_no_neutral_overlay	0.005	0.3	0.2749999999999999	0.325	500	100	60	25	675823308	442773305	5.0	0.1	2	1	2657.0	86f74ed1e8d6fea0b14478b50ba281ff4f67e1fbb3ad110ee3a25790704f38ce	9de44d14c4d4fcf1d637714e54627e5539d86da79377566f8dcc825ebf0e347e	51600aaee32b97b010036789ecbcc1c03681cb8e11310b67b18021e917106650	67409ff190808c2967c949cae6697bf235010dbe832389cb4976d9089b5f5e1d	complete	True	segregating	293	0.293	True	True	True						False	False	1518.1453781180007	9fcfe4b7f891960e2ec0347ea88aa97c84a2d8afd9dda2d9ca1b9518b4fa12e3			
eas_selected__confirm100__s0.005000__af0.300000__q5__draw026	confirm100	focal_2bp_forward_only_no_recap_no_neutral_overlay	0.005	0.3	0.2749999999999999	0.325	500	100	60	26	1057320111	364483692	5.0	0.1	2	1	2657.0	86f74ed1e8d6fea0b14478b50ba281ff4f67e1fbb3ad110ee3a25790704f38ce	9de44d14c4d4fcf1d637714e54627e5539d86da79377566f8dcc825ebf0e347e	51600aaee32b97b010036789ecbcc1c03681cb8e11310b67b18021e917106650	67409ff190808c2967c949cae6697bf235010dbe832389cb4976d9089b5f5e1d	complete	True	segregating	303	0.303	True	True	True						False	False	1404.8571309749996	0ce60c810297deda4faf0e4bdad5c4364b6bf82ab1466151fb065ec9aa1b3e38			
eas_selected__confirm100__s0.005000__af0.300000__q5__draw027	confirm100	focal_2bp_forward_only_no_recap_no_neutral_overlay	0.005	0.3	0.2749999999999999	0.325	500	100	60	27	2082251513	1726791140	5.0	0.1	2	1	2657.0	86f74ed1e8d6fea0b14478b50ba281ff4f67e1fbb3ad110ee3a25790704f38ce	9de44d14c4d4fcf1d637714e54627e5539d86da79377566f8dcc825ebf0e347e	51600aaee32b97b010036789ecbcc1c03681cb8e11310b67b18021e917106650	67409ff190808c2967c949cae6697bf235010dbe832389cb4976d9089b5f5e1d	complete	True	segregating	312	0.312	True	True	True						False	False	1509.3966032220005	9c0a74dcd8c0fd4f0ba645de12a1d72fa7dbdf63491c3382a72e1d4ba51c11fc			
eas_selected__confirm100__s0.005000__af0.300000__q5__draw028	confirm100	focal_2bp_forward_only_no_recap_no_neutral_overlay	0.005	0.3	0.2749999999999999	0.325	500	100	60	28	221520034	15985686	5.0	0.1	2	1	2657.0	86f74ed1e8d6fea0b14478b50ba281ff4f67e1fbb3ad110ee3a25790704f38ce	9de44d14c4d4fcf1d637714e54627e5539d86da79377566f8dcc825ebf0e347e	51600aaee32b97b010036789ecbcc1c03681cb8e11310b67b18021e917106650	67409ff190808c2967c949cae6697bf235010dbe832389cb4976d9089b5f5e1d	complete	True	segregating	293	0.293	True	True	True						False	False	43.724100735999855	17b5a4a6f1b8cfa7d4c7b4576181fa799a154c5411b3aaf84b16e0c420e84d63			
eas_selected__confirm100__s0.005000__af0.300000__q5__draw029	confirm100	focal_2bp_forward_only_no_recap_no_neutral_overlay	0.005	0.3	0.2749999999999999	0.325	500	100	60	29	2026085370	1352008329	5.0	0.1	2	1	2657.0	86f74ed1e8d6fea0b14478b50ba281ff4f67e1fbb3ad110ee3a25790704f38ce	9de44d14c4d4fcf1d637714e54627e5539d86da79377566f8dcc825ebf0e347e	51600aaee32b97b010036789ecbcc1c03681cb8e11310b67b18021e917106650	67409ff190808c2967c949cae6697bf235010dbe832389cb4976d9089b5f5e1d	complete	True	segregating	310	0.31	True	True	True						False	False	119.4574417089998	a7d1a9d94428c1226b57b58e2fb48eeb901298f9d1b698549806d7fd78505238			
eas_selected__confirm100__s0.005000__af0.300000__q5__draw030	confirm100	focal_2bp_forward_only_no_recap_no_neutral_overlay	0.005	0.3	0.2749999999999999	0.325	500	100	60	30	2047064486	119342667	5.0	0.1	2	1	2657.0	86f74ed1e8d6fea0b14478b50ba281ff4f67e1fbb3ad110ee3a25790704f38ce	9de44d14c4d4fcf1d637714e54627e5539d86da79377566f8dcc825ebf0e347e	51600aaee32b97b010036789ecbcc1c03681cb8e11310b67b18021e917106650	67409ff190808c2967c949cae6697bf235010dbe832389cb4976d9089b5f5e1d	complete	True	segregating	323	0.323	True	True	True						False	False	153.4375338789996	8f11e8745448c02fc3d9920d58a5853f86940213d907b98ce240f937834f5017			
eas_selected__confirm100__s0.005000__af0.300000__q5__draw031	confirm100	focal_2bp_forward_only_no_recap_no_neutral_overlay	0.005	0.3	0.2749999999999999	0.325	500	100	60	31	119594075	618949710	5.0	0.1	2	1	2657.0	86f74ed1e8d6fea0b14478b50ba281ff4f67e1fbb3ad110ee3a25790704f38ce	9de44d14c4d4fcf1d637714e54627e5539d86da79377566f8dcc825ebf0e347e	51600aaee32b97b010036789ecbcc1c03681cb8e11310b67b18021e917106650	67409ff190808c2967c949cae6697bf235010dbe832389cb4976d9089b5f5e1d	complete	True	segregating	306	0.306	True	True	True						False	False	249.31267691599987	bab5a95ba7b1d4d1afdea3d634d56da3851eae5b1ec3735cab994b9aa2d914d9			
eas_selected__confirm100__s0.005000__af0.300000__q5__draw032	confirm100	focal_2bp_forward_only_no_recap_no_neutral_overlay	0.005	0.3	0.2749999999999999	0.325	500	100	60	32	767094583	713336766	5.0	0.1	2	1	2657.0	86f74ed1e8d6fea0b14478b50ba281ff4f67e1fbb3ad110ee3a25790704f38ce	9de44d14c4d4fcf1d637714e54627e5539d86da79377566f8dcc825ebf0e347e	51600aaee32b97b010036789ecbcc1c03681cb8e11310b67b18021e917106650	67409ff190808c2967c949cae6697bf235010dbe832389cb4976d9089b5f5e1d	complete	True	segregating	292	0.292	True	True	True						False	False	221.98212515100022	c486cacba77e2a98d5f487bf0615545c0a774e11957a5ea8559dc0c833f71dcd			
eas_selected__confirm100__s0.005000__af0.300000__q5__draw033	confirm100	focal_2bp_forward_only_no_recap_no_neutral_overlay	0.005	0.3	0.2749999999999999	0.325	500	100	60	33	1834517485	346533679	5.0	0.1	2	1	2657.0	86f74ed1e8d6fea0b14478b50ba281ff4f67e1fbb3ad110ee3a25790704f38ce	9de44d14c4d4fcf1d637714e54627e5539d86da79377566f8dcc825ebf0e347e	51600aaee32b97b010036789ecbcc1c03681cb8e11310b67b18021e917106650	67409ff190808c2967c949cae6697bf235010dbe832389cb4976d9089b5f5e1d	complete	True	segregating	295	0.295	True	True	True						False	False	308.98546156700013	1738405d9afae4634f3f885108895b471f80c488ef56519f0cbbcd9423ace576			
eas_selected__confirm100__s0.005000__af0.300000__q5__draw034	confirm100	focal_2bp_forward_only_no_recap_no_neutral_overlay	0.005	0.3	0.2749999999999999	0.325	500	100	60	34	1082758343	286807821	5.0	0.1	2	1	2657.0	86f74ed1e8d6fea0b14478b50ba281ff4f67e1fbb3ad110ee3a25790704f38ce	9de44d14c4d4fcf1d637714e54627e5539d86da79377566f8dcc825ebf0e347e	51600aaee32b97b010036789ecbcc1c03681cb8e11310b67b18021e917106650	67409ff190808c2967c949cae6697bf235010dbe832389cb4976d9089b5f5e1d	complete	True	segregating	317	0.317	True	True	True						False	False	115.37809918400035	eb7b4aa376278085ff87d97e45805ff5a220276ad24a41cbaf0e17a7f7e9f313			
eas_selected__confirm100__s0.005000__af0.300000__q5__draw035	confirm100	focal_2bp_forward_only_no_recap_no_neutral_overlay	0.005	0.3	0.2749999999999999	0.325	500	100	60	35	2014237849	455212214	5.0	0.1	2	1	2657.0	86f74ed1e8d6fea0b14478b50ba281ff4f67e1fbb3ad110ee3a25790704f38ce	9de44d14c4d4fcf1d637714e54627e5539d86da79377566f8dcc825ebf0e347e	51600aaee32b97b010036789ecbcc1c03681cb8e11310b67b18021e917106650	67409ff190808c2967c949cae6697bf235010dbe832389cb4976d9089b5f5e1d	complete	True	segregating	297	0.297	True	True	True						False	False	638.60274476	1b562a8e40b5816599c7763fbdaf91b25d437f43bee9f6363d16fdaa5b4bfc17			
eas_selected__confirm100__s0.005000__af0.300000__q5__draw036	confirm100	focal_2bp_forward_only_no_recap_no_neutral_overlay	0.005	0.3	0.2749999999999999	0.325	500	100	60	36	1260515645	444093673	5.0	0.1	2	1	2657.0	86f74ed1e8d6fea0b14478b50ba281ff4f67e1fbb3ad110ee3a25790704f38ce	9de44d14c4d4fcf1d637714e54627e5539d86da79377566f8dcc825ebf0e347e	51600aaee32b97b010036789ecbcc1c03681cb8e11310b67b18021e917106650	67409ff190808c2967c949cae6697bf235010dbe832389cb4976d9089b5f5e1d	complete	True	segregating	297	0.297	True	True	True						False	False	223.62373920999926	f70f6591252cffc2508d09cf7b6e3cede2fe3ef0f49ebd1c669f3f4af2bd41af			
eas_selected__confirm100__s0.005000__af0.300000__q5__draw037	confirm100	focal_2bp_forward_only_no_recap_no_neutral_overlay	0.005	0.3	0.2749999999999999	0.325	500	100	60	37	892675320	1871387925	5.0	0.1	2	1	2657.0	86f74ed1e8d6fea0b14478b50ba281ff4f67e1fbb3ad110ee3a25790704f38ce	9de44d14c4d4fcf1d637714e54627e5539d86da79377566f8dcc825ebf0e347e	51600aaee32b97b010036789ecbcc1c03681cb8e11310b67b18021e917106650	67409ff190808c2967c949cae6697bf235010dbe832389cb4976d9089b5f5e1d	complete	True	segregating	286	0.286	True	True	True						False	False	26.36043594900002	a8f08fb44fc552cee985a52896bebc89df5b8db222ed3b34a280ef5c5d426ac3			
eas_selected__confirm100__s0.005000__af0.300000__q5__draw038	confirm100	focal_2bp_forward_only_no_recap_no_neutral_overlay	0.005	0.3	0.2749999999999999	0.325	500	100	60	38	1519990238	434546770	5.0	0.1	2	1	2657.0	86f74ed1e8d6fea0b14478b50ba281ff4f67e1fbb3ad110ee3a25790704f38ce	9de44d14c4d4fcf1d637714e54627e5539d86da79377566f8dcc825ebf0e347e	51600aaee32b97b010036789ecbcc1c03681cb8e11310b67b18021e917106650	67409ff190808c2967c949cae6697bf235010dbe832389cb4976d9089b5f5e1d	complete	True	segregating	351	0.351	False	False	False						False	False	292.5182042530005	a5bf56e18f01d1e672f6f650746795bd8fa56dece93b7a5704c0fdfb9aaa0d53			
eas_selected__confirm100__s0.005000__af0.300000__q5__draw039	confirm100	focal_2bp_forward_only_no_recap_no_neutral_overlay	0.005	0.3	0.2749999999999999	0.325	500	100	60	39	543726845	1196230369	5.0	0.1	2	1	2657.0	86f74ed1e8d6fea0b14478b50ba281ff4f67e1fbb3ad110ee3a25790704f38ce	9de44d14c4d4fcf1d637714e54627e5539d86da79377566f8dcc825ebf0e347e	51600aaee32b97b010036789ecbcc1c03681cb8e11310b67b18021e917106650	67409ff190808c2967c949cae6697bf235010dbe832389cb4976d9089b5f5e1d	complete	True	segregating	296	0.296	True	True	True						False	False	85.18386046500018	747bcff1e48c45027593b76c42b684ad88a328065028946dc2ee7b8cea9b058b			
eas_selected__confirm100__s0.005000__af0.300000__q5__draw040	confirm100	focal_2bp_forward_only_no_recap_no_neutral_overlay	0.005	0.3	0.2749999999999999	0.325	500	100	60	40	161621180	2011365758	5.0	0.1	2	1	2657.0	86f74ed1e8d6fea0b14478b50ba281ff4f67e1fbb3ad110ee3a25790704f38ce	9de44d14c4d4fcf1d637714e54627e5539d86da79377566f8dcc825ebf0e347e	51600aaee32b97b010036789ecbcc1c03681cb8e11310b67b18021e917106650	67409ff190808c2967c949cae6697bf235010dbe832389cb4976d9089b5f5e1d	complete	True	segregating	268	0.268	False	False	False						False	False	610.2436047279998	9f22b5ef74e5baaac2354e9cb05df50aac73acd7dc7269b50f5625a372e22f8c			
eas_selected__confirm100__s0.005000__af0.300000__q5__draw041	confirm100	focal_2bp_forward_only_no_recap_no_neutral_overlay	0.005	0.3	0.2749999999999999	0.325	500	100	60	41	1193227980	24354584	5.0	0.1	2	1	2657.0	86f74ed1e8d6fea0b14478b50ba281ff4f67e1fbb3ad110ee3a25790704f38ce	9de44d14c4d4fcf1d637714e54627e5539d86da79377566f8dcc825ebf0e347e	51600aaee32b97b010036789ecbcc1c03681cb8e11310b67b18021e917106650	67409ff190808c2967c949cae6697bf235010dbe832389cb4976d9089b5f5e1d	complete	True	segregating	308	0.308	True	True	True						False	False	316.0322471419995	ee4d394ab2a93371867627550018d922837d70e43daf31c61b9b2e6892e7284e			
eas_selected__confirm100__s0.005000__af0.300000__q5__draw042	confirm100	focal_2bp_forward_only_no_recap_no_neutral_overlay	0.005	0.3	0.2749999999999999	0.325	500	100	60	42	273899987	311838658	5.0	0.1	2	1	2657.0	86f74ed1e8d6fea0b14478b50ba281ff4f67e1fbb3ad110ee3a25790704f38ce	9de44d14c4d4fcf1d637714e54627e5539d86da79377566f8dcc825ebf0e347e	51600aaee32b97b010036789ecbcc1c03681cb8e11310b67b18021e917106650	67409ff190808c2967c949cae6697bf235010dbe832389cb4976d9089b5f5e1d	complete	True	segregating	290	0.29	True	True	True						False	False	188.7458177540002	f691b7ae4839557717bf3cfb4a2b498a66842721a20e35b46ea10329825c34ca			
eas_selected__confirm100__s0.005000__af0.300000__q5__draw043	confirm100	focal_2bp_forward_only_no_recap_no_neutral_overlay	0.005	0.3	0.2749999999999999	0.325	500	100	60	43	847441072	285509331	5.0	0.1	2	1	2657.0	86f74ed1e8d6fea0b14478b50ba281ff4f67e1fbb3ad110ee3a25790704f38ce	9de44d14c4d4fcf1d637714e54627e5539d86da79377566f8dcc825ebf0e347e	51600aaee32b97b010036789ecbcc1c03681cb8e11310b67b18021e917106650	67409ff190808c2967c949cae6697bf235010dbe832389cb4976d9089b5f5e1d	complete	True	segregating	299	0.299	True	True	True						False	False	632.3797191200001	f5aac2c6ba0fa2a2ecd5df37da7a8e150ae8a62ba4d2f16ee284c3325501f2ee			
eas_selected__confirm100__s0.005000__af0.300000__q5__draw044	confirm100	focal_2bp_forward_only_no_recap_no_neutral_overlay	0.005	0.3	0.2749999999999999	0.325	500	100	60	44	764690101	931658976	5.0	0.1	2	1	2657.0	86f74ed1e8d6fea0b14478b50ba281ff4f67e1fbb3ad110ee3a25790704f38ce	9de44d14c4d4fcf1d637714e54627e5539d86da79377566f8dcc825ebf0e347e	51600aaee32b97b010036789ecbcc1c03681cb8e11310b67b18021e917106650	67409ff190808c2967c949cae6697bf235010dbe832389cb4976d9089b5f5e1d	complete	True	segregating	350	0.35	False	False	False						False	False	396.3878493329994	2e88fff93ef91bc962c6f68df104942d2a85fd0b47a14ed7963ddb864123ee3e			
eas_selected__confirm100__s0.005000__af0.300000__q5__draw045	confirm100	focal_2bp_forward_only_no_recap_no_neutral_overlay	0.005	0.3	0.2749999999999999	0.325	500	100	60	45	1801657967	225881822	5.0	0.1	2	1	2657.0	86f74ed1e8d6fea0b14478b50ba281ff4f67e1fbb3ad110ee3a25790704f38ce	9de44d14c4d4fcf1d637714e54627e5539d86da79377566f8dcc825ebf0e347e	51600aaee32b97b010036789ecbcc1c03681cb8e11310b67b18021e917106650	67409ff190808c2967c949cae6697bf235010dbe832389cb4976d9089b5f5e1d	complete	True	segregating	315	0.315	True	True	True						False	False	75.13676036600009	3acdbd624686a412d579ded4b500828d16d87274c16f2ada5d6daf4a7b8d3d36			
eas_selected__confirm100__s0.005000__af0.300000__q5__draw046	confirm100	focal_2bp_forward_only_no_recap_no_neutral_overlay	0.005	0.3	0.2749999999999999	0.325	500	100	60	46	632381243	386904196	5.0	0.1	2	1	2657.0	86f74ed1e8d6fea0b14478b50ba281ff4f67e1fbb3ad110ee3a25790704f38ce	9de44d14c4d4fcf1d637714e54627e5539d86da79377566f8dcc825ebf0e347e	51600aaee32b97b010036789ecbcc1c03681cb8e11310b67b18021e917106650	67409ff190808c2967c949cae6697bf235010dbe832389cb4976d9089b5f5e1d	complete	True	segregating	315	0.315	True	True	True						False	False	185.74863114900018	e6352c8eb1083ae00c39dce015353e89ae01c7dd3cf8d4f2e46eac5df39fd113			
eas_selected__confirm100__s0.005000__af0.300000__q5__draw047	confirm100	focal_2bp_forward_only_no_recap_no_neutral_overlay	0.005	0.3	0.2749999999999999	0.325	500	100	60	47	222048725	1589449232	5.0	0.1	2	1	2657.0	86f74ed1e8d6fea0b14478b50ba281ff4f67e1fbb3ad110ee3a25790704f38ce	9de44d14c4d4fcf1d637714e54627e5539d86da79377566f8dcc825ebf0e347e	51600aaee32b97b010036789ecbcc1c03681cb8e11310b67b18021e917106650	67409ff190808c2967c949cae6697bf235010dbe832389cb4976d9089b5f5e1d	complete	True	segregating	283	0.283	True	True	True						False	False	189.06564953699944	5e6889b106220efad6ab04837c3e4f3c02bf0c9d121e18aebe7534dd6ac14712			
eas_selected__confirm100__s0.005000__af0.300000__q5__draw048	confirm100	focal_2bp_forward_only_no_recap_no_neutral_overlay	0.005	0.3	0.2749999999999999	0.325	500	100	60	48	1960137173	1463363266	5.0	0.1	2	1	2657.0	86f74ed1e8d6fea0b14478b50ba281ff4f67e1fbb3ad110ee3a25790704f38ce	9de44d14c4d4fcf1d637714e54627e5539d86da79377566f8dcc825ebf0e347e	51600aaee32b97b010036789ecbcc1c03681cb8e11310b67b18021e917106650	67409ff190808c2967c949cae6697bf235010dbe832389cb4976d9089b5f5e1d	complete	True	segregating	321	0.321	True	True	True						False	False	227.0946014430001	adcd67a4887045b633e1bf37ed460d6bf5a1a4225e805bdb13980f6807041499			
eas_selected__confirm100__s0.005000__af0.300000__q5__draw049	confirm100	focal_2bp_forward_only_no_recap_no_neutral_overlay	0.005	0.3	0.2749999999999999	0.325	500	100	60	49	818154595	1821533536	5.0	0.1	2	1	2657.0	86f74ed1e8d6fea0b14478b50ba281ff4f67e1fbb3ad110ee3a25790704f38ce	9de44d14c4d4fcf1d637714e54627e5539d86da79377566f8dcc825ebf0e347e	51600aaee32b97b010036789ecbcc1c03681cb8e11310b67b18021e917106650	67409ff190808c2967c949cae6697bf235010dbe832389cb4976d9089b5f5e1d	complete	True	segregating	283	0.283	True	True	True						False	False	184.30445230799978	469772bec92364fbb725173d1f367ed210ef99ac1f488646ef58eeac015f603a			
eas_selected__confirm100__s0.005000__af0.300000__q5__draw050	confirm100	focal_2bp_forward_only_no_recap_no_neutral_overlay	0.005	0.3	0.2749999999999999	0.325	500	100	60	50	992048121	827323860	5.0	0.1	2	1	2657.0	86f74ed1e8d6fea0b14478b50ba281ff4f67e1fbb3ad110ee3a25790704f38ce	9de44d14c4d4fcf1d637714e54627e5539d86da79377566f8dcc825ebf0e347e	51600aaee32b97b010036789ecbcc1c03681cb8e11310b67b18021e917106650	67409ff190808c2967c949cae6697bf235010dbe832389cb4976d9089b5f5e1d	complete	True	segregating	325	0.325	True	True	True						False	False	434.93680188300004	526cb692c83fcbf6288ebb9e62cf31e3ba189ab9e0422b951e2214ddbc2bcab1			
eas_selected__confirm100__s0.005000__af0.300000__q5__draw051	confirm100	focal_2bp_forward_only_no_recap_no_neutral_overlay	0.005	0.3	0.2749999999999999	0.325	500	100	60	51	523665194	1829716888	5.0	0.1	2	1	2657.0	86f74ed1e8d6fea0b14478b50ba281ff4f67e1fbb3ad110ee3a25790704f38ce	9de44d14c4d4fcf1d637714e54627e5539d86da79377566f8dcc825ebf0e347e	51600aaee32b97b010036789ecbcc1c03681cb8e11310b67b18021e917106650	67409ff190808c2967c949cae6697bf235010dbe832389cb4976d9089b5f5e1d	complete	True	segregating	295	0.295	True	True	True						False	False	61.97002859700024	e3ff9a31fca7a129b6e65d8eddb1fe3599e7cad2d8a8c6e70052ed1deacd0fdd			
eas_selected__confirm100__s0.005000__af0.300000__q5__draw052	confirm100	focal_2bp_forward_only_no_recap_no_neutral_overlay	0.005	0.3	0.2749999999999999	0.325	500	100	60	52	1038260165	1730993958	5.0	0.1	2	1	2657.0	86f74ed1e8d6fea0b14478b50ba281ff4f67e1fbb3ad110ee3a25790704f38ce	9de44d14c4d4fcf1d637714e54627e5539d86da79377566f8dcc825ebf0e347e	51600aaee32b97b010036789ecbcc1c03681cb8e11310b67b18021e917106650	67409ff190808c2967c949cae6697bf235010dbe832389cb4976d9089b5f5e1d	complete	True	segregating	318	0.318	True	True	True						False	False	190.81688305199987	6f0e17061cb53273dd07f4a753483220787787f9dee97a233783b3eeca6f2f62			
eas_selected__confirm100__s0.005000__af0.300000__q5__draw053	confirm100	focal_2bp_forward_only_no_recap_no_neutral_overlay	0.005	0.3	0.2749999999999999	0.325	500	100	60	53	1371293241	1217565968	5.0	0.1	2	1	2657.0	86f74ed1e8d6fea0b14478b50ba281ff4f67e1fbb3ad110ee3a25790704f38ce	9de44d14c4d4fcf1d637714e54627e5539d86da79377566f8dcc825ebf0e347e	51600aaee32b97b010036789ecbcc1c03681cb8e11310b67b18021e917106650	67409ff190808c2967c949cae6697bf235010dbe832389cb4976d9089b5f5e1d	complete	True	segregating	295	0.295	True	True	True						False	False	28.569602440999915	a7f8ec1d2510955d827738262724e6dd2b7a7a57b8e04e3781a6352be16825c9			
eas_selected__confirm100__s0.005000__af0.300000__q5__draw054	confirm100	focal_2bp_forward_only_no_recap_no_neutral_overlay	0.005	0.3	0.2749999999999999	0.325	500	100	60	54	2106158311	1512543576	5.0	0.1	2	1	2657.0	86f74ed1e8d6fea0b14478b50ba281ff4f67e1fbb3ad110ee3a25790704f38ce	9de44d14c4d4fcf1d637714e54627e5539d86da79377566f8dcc825ebf0e347e	51600aaee32b97b010036789ecbcc1c03681cb8e11310b67b18021e917106650	67409ff190808c2967c949cae6697bf235010dbe832389cb4976d9089b5f5e1d	complete	True	segregating	293	0.293	True	True	True						False	False	198.33459891300026	f5d6736c916d22365d7146502093c76f2a7e9288b7e66751432d6429c2a209e5			
eas_selected__confirm100__s0.005000__af0.300000__q5__draw055	confirm100	focal_2bp_forward_only_no_recap_no_neutral_overlay	0.005	0.3	0.2749999999999999	0.325	500	100	60	55	1272913446	765579286	5.0	0.1	2	1	2657.0	86f74ed1e8d6fea0b14478b50ba281ff4f67e1fbb3ad110ee3a25790704f38ce	9de44d14c4d4fcf1d637714e54627e5539d86da79377566f8dcc825ebf0e347e	51600aaee32b97b010036789ecbcc1c03681cb8e11310b67b18021e917106650	67409ff190808c2967c949cae6697bf235010dbe832389cb4976d9089b5f5e1d	complete	True	segregating	314	0.314	True	True	True						False	False	515.8932758660003	2013a6fc1d40f64c7d6cbae48265f8250b6a3830e688c9ceab3a1f6edb6c9865			
eas_selected__confirm100__s0.005000__af0.300000__q5__draw056	confirm100	focal_2bp_forward_only_no_recap_no_neutral_overlay	0.005	0.3	0.2749999999999999	0.325	500	100	60	56	430939511	1877248366	5.0	0.1	2	1	2657.0	86f74ed1e8d6fea0b14478b50ba281ff4f67e1fbb3ad110ee3a25790704f38ce	9de44d14c4d4fcf1d637714e54627e5539d86da79377566f8dcc825ebf0e347e	51600aaee32b97b010036789ecbcc1c03681cb8e11310b67b18021e917106650	67409ff190808c2967c949cae6697bf235010dbe832389cb4976d9089b5f5e1d	complete	True	segregating	296	0.296	True	True	True						False	False	1294.8581977970007	5fc543f0db54ddd060f837eee2349bce29e24609fd3005380eaf0549f6b18b4b			
eas_selected__confirm100__s0.005000__af0.300000__q5__draw057	confirm100	focal_2bp_forward_only_no_recap_no_neutral_overlay	0.005	0.3	0.2749999999999999	0.325	500	100	60	57	289049591	463746875	5.0	0.1	2	1	2657.0	86f74ed1e8d6fea0b14478b50ba281ff4f67e1fbb3ad110ee3a25790704f38ce	9de44d14c4d4fcf1d637714e54627e5539d86da79377566f8dcc825ebf0e347e	51600aaee32b97b010036789ecbcc1c03681cb8e11310b67b18021e917106650	67409ff190808c2967c949cae6697bf235010dbe832389cb4976d9089b5f5e1d	complete	True	segregating	291	0.291	True	True	True						False	False	266.862891922	204be2c1b5ea9a1744b34081d4d72ee3f9b35ecf0418d3c2b535f82878e1d5f8			
eas_selected__confirm100__s0.005000__af0.300000__q5__draw058	confirm100	focal_2bp_forward_only_no_recap_no_neutral_overlay	0.005	0.3	0.2749999999999999	0.325	500	100	60	58	310699038	700924683	5.0	0.1	2	1	2657.0	86f74ed1e8d6fea0b14478b50ba281ff4f67e1fbb3ad110ee3a25790704f38ce	9de44d14c4d4fcf1d637714e54627e5539d86da79377566f8dcc825ebf0e347e	51600aaee32b97b010036789ecbcc1c03681cb8e11310b67b18021e917106650	67409ff190808c2967c949cae6697bf235010dbe832389cb4976d9089b5f5e1d	complete	True	segregating	308	0.308	True	True	True						False	False	459.4598348789996	ff6326f6165188bb49881c92fe11ce049f0415fe9d97fc7478a3e560bdd96adc			
eas_selected__confirm100__s0.005000__af0.300000__q5__draw059	confirm100	focal_2bp_forward_only_no_recap_no_neutral_overlay	0.005	0.3	0.2749999999999999	0.325	500	100	60	59	2050448045	1088405856	5.0	0.1	2	1	2657.0	86f74ed1e8d6fea0b14478b50ba281ff4f67e1fbb3ad110ee3a25790704f38ce	9de44d14c4d4fcf1d637714e54627e5539d86da79377566f8dcc825ebf0e347e	51600aaee32b97b010036789ecbcc1c03681cb8e11310b67b18021e917106650	67409ff190808c2967c949cae6697bf235010dbe832389cb4976d9089b5f5e1d	complete	True	segregating	297	0.297	True	True	True						False	False	193.9664378260004	25ddadb88b8bd668834bf7cda1353458c30991e97ccada7e0cdd7a8c2ebee99b			
eas_selected__confirm100__s0.005000__af0.300000__q5__draw060	confirm100	focal_2bp_forward_only_no_recap_no_neutral_overlay	0.005	0.3	0.2749999999999999	0.325	500	100	60	60	644217388	1425552306	5.0	0.1	2	1	2657.0	86f74ed1e8d6fea0b14478b50ba281ff4f67e1fbb3ad110ee3a25790704f38ce	9de44d14c4d4fcf1d637714e54627e5539d86da79377566f8dcc825ebf0e347e	51600aaee32b97b010036789ecbcc1c03681cb8e11310b67b18021e917106650	67409ff190808c2967c949cae6697bf235010dbe832389cb4976d9089b5f5e1d	complete	True	segregating	328	0.328	False	False	False						False	False	289.11051971300003	420e6e1b639b896e29acb542fc7844d082b7234558db8f6c1dec41ba9a61fc62			
eas_selected__confirm100__s0.005000__af0.300000__q5__draw061	confirm100	focal_2bp_forward_only_no_recap_no_neutral_overlay	0.005	0.3	0.2749999999999999	0.325	500	100	60	61	536985030	1780646075	5.0	0.1	2	1	2657.0	86f74ed1e8d6fea0b14478b50ba281ff4f67e1fbb3ad110ee3a25790704f38ce	9de44d14c4d4fcf1d637714e54627e5539d86da79377566f8dcc825ebf0e347e	51600aaee32b97b010036789ecbcc1c03681cb8e11310b67b18021e917106650	67409ff190808c2967c949cae6697bf235010dbe832389cb4976d9089b5f5e1d	complete	True	segregating	305	0.305	True	True	True						False	False	723.3722185199995	898c01c9d0a0819433bb7831946df8e104b7148677ba8c160579abfd76f017ef			
eas_selected__confirm100__s0.005000__af0.300000__q5__draw062	confirm100	focal_2bp_forward_only_no_recap_no_neutral_overlay	0.005	0.3	0.2749999999999999	0.325	500	100	60	62	168739936	1211567046	5.0	0.1	2	1	2657.0	86f74ed1e8d6fea0b14478b50ba281ff4f67e1fbb3ad110ee3a25790704f38ce	9de44d14c4d4fcf1d637714e54627e5539d86da79377566f8dcc825ebf0e347e	51600aaee32b97b010036789ecbcc1c03681cb8e11310b67b18021e917106650	67409ff190808c2967c949cae6697bf235010dbe832389cb4976d9089b5f5e1d	complete	True	segregating	322	0.322	True	True	True						False	False	198.47462265099966	1cbbfac185e33e091503d222c8bd56fbd965590692310c9b7528fb54e8a58831			
eas_selected__confirm100__s0.005000__af0.300000__q5__draw063	confirm100	focal_2bp_forward_only_no_recap_no_neutral_overlay	0.005	0.3	0.2749999999999999	0.325	500	100	60	63	1024234620	1978272487	5.0	0.1	2	1	2657.0	86f74ed1e8d6fea0b14478b50ba281ff4f67e1fbb3ad110ee3a25790704f38ce	9de44d14c4d4fcf1d637714e54627e5539d86da79377566f8dcc825ebf0e347e	51600aaee32b97b010036789ecbcc1c03681cb8e11310b67b18021e917106650	67409ff190808c2967c949cae6697bf235010dbe832389cb4976d9089b5f5e1d	complete	True	segregating	329	0.329	False	False	False						False	False	427.0943380339995	6c63b36ae6201c5ab638988564e6f261c79f79da922218953a68fa4f0747fbbf			
eas_selected__confirm100__s0.005000__af0.300000__q5__draw064	confirm100	focal_2bp_forward_only_no_recap_no_neutral_overlay	0.005	0.3	0.2749999999999999	0.325	500	100	60	64	1770570700	115414686	5.0	0.1	2	1	2657.0	86f74ed1e8d6fea0b14478b50ba281ff4f67e1fbb3ad110ee3a25790704f38ce	9de44d14c4d4fcf1d637714e54627e5539d86da79377566f8dcc825ebf0e347e	51600aaee32b97b010036789ecbcc1c03681cb8e11310b67b18021e917106650	67409ff190808c2967c949cae6697bf235010dbe832389cb4976d9089b5f5e1d	complete	True	segregating	274	0.274	False	False	False						False	False	109.5869331799995	6da5087e65601fc65fe1f319bb4c92cbb5282da5facccf176c3aa65cee0042a3			
eas_selected__confirm100__s0.005000__af0.300000__q5__draw065	confirm100	focal_2bp_forward_only_no_recap_no_neutral_overlay	0.005	0.3	0.2749999999999999	0.325	500	100	60	65	1828666660	1505216898	5.0	0.1	2	1	2657.0	86f74ed1e8d6fea0b14478b50ba281ff4f67e1fbb3ad110ee3a25790704f38ce	9de44d14c4d4fcf1d637714e54627e5539d86da79377566f8dcc825ebf0e347e	51600aaee32b97b010036789ecbcc1c03681cb8e11310b67b18021e917106650	67409ff190808c2967c949cae6697bf235010dbe832389cb4976d9089b5f5e1d	complete	True	segregating	274	0.274	False	False	False						False	False	620.5779196590001	52093c232c3643c2602d62c1a650c4eab4df010598003767e1cb50d4f5708653			
eas_selected__confirm100__s0.005000__af0.300000__q5__draw066	confirm100	focal_2bp_forward_only_no_recap_no_neutral_overlay	0.005	0.3	0.2749999999999999	0.325	500	100	60	66	2128776812	272301363	5.0	0.1	2	1	2657.0	86f74ed1e8d6fea0b14478b50ba281ff4f67e1fbb3ad110ee3a25790704f38ce	9de44d14c4d4fcf1d637714e54627e5539d86da79377566f8dcc825ebf0e347e	51600aaee32b97b010036789ecbcc1c03681cb8e11310b67b18021e917106650	67409ff190808c2967c949cae6697bf235010dbe832389cb4976d9089b5f5e1d	complete	True	segregating	338	0.338	False	False	False						False	False	148.6722805669997	c332eb28de86a552ec06268630c69b61a856209e8e9571e17b7229382a253739			
eas_selected__confirm100__s0.005000__af0.300000__q5__draw067	confirm100	focal_2bp_forward_only_no_recap_no_neutral_overlay	0.005	0.3	0.2749999999999999	0.325	500	100	60	67	1778423455	1525044137	5.0	0.1	2	1	2657.0	86f74ed1e8d6fea0b14478b50ba281ff4f67e1fbb3ad110ee3a25790704f38ce	9de44d14c4d4fcf1d637714e54627e5539d86da79377566f8dcc825ebf0e347e	51600aaee32b97b010036789ecbcc1c03681cb8e11310b67b18021e917106650	67409ff190808c2967c949cae6697bf235010dbe832389cb4976d9089b5f5e1d	complete	True	segregating	298	0.298	True	True	True						False	False	22.95924250400003	01b6131f8b5a4b126597806a050104aaab3cbc27dd9ea86b75a92c5e986555ee			
eas_selected__confirm100__s0.005000__af0.300000__q5__draw068	confirm100	focal_2bp_forward_only_no_recap_no_neutral_overlay	0.005	0.3	0.2749999999999999	0.325	500	100	60	68	2074437263	21473827	5.0	0.1	2	1	2657.0	86f74ed1e8d6fea0b14478b50ba281ff4f67e1fbb3ad110ee3a25790704f38ce	9de44d14c4d4fcf1d637714e54627e5539d86da79377566f8dcc825ebf0e347e	51600aaee32b97b010036789ecbcc1c03681cb8e11310b67b18021e917106650	67409ff190808c2967c949cae6697bf235010dbe832389cb4976d9089b5f5e1d	complete	True	segregating	259	0.259	False	False	False						False	False	627.3460668460002	c0f5e861933fdde73b40368f1ac2a5ec9624b7d37a0d15b038da48fbcaf30fb0			
eas_selected__confirm100__s0.005000__af0.300000__q5__draw069	confirm100	focal_2bp_forward_only_no_recap_no_neutral_overlay	0.005	0.3	0.2749999999999999	0.325	500	100	60	69	613867278	1726434475	5.0	0.1	2	1	2657.0	86f74ed1e8d6fea0b14478b50ba281ff4f67e1fbb3ad110ee3a25790704f38ce	9de44d14c4d4fcf1d637714e54627e5539d86da79377566f8dcc825ebf0e347e	51600aaee32b97b010036789ecbcc1c03681cb8e11310b67b18021e917106650	67409ff190808c2967c949cae6697bf235010dbe832389cb4976d9089b5f5e1d	complete	True	segregating	324	0.324	True	True	True						False	False	241.3592198589995	adf6ddc803ef614e08eca3c6f642475cbe2824443f103372027d742e23b37345			
eas_selected__confirm100__s0.005000__af0.300000__q5__draw070	confirm100	focal_2bp_forward_only_no_recap_no_neutral_overlay	0.005	0.3	0.2749999999999999	0.325	500	100	60	70	222958833	1423494139	5.0	0.1	2	1	2657.0	86f74ed1e8d6fea0b14478b50ba281ff4f67e1fbb3ad110ee3a25790704f38ce	9de44d14c4d4fcf1d637714e54627e5539d86da79377566f8dcc825ebf0e347e	51600aaee32b97b010036789ecbcc1c03681cb8e11310b67b18021e917106650	67409ff190808c2967c949cae6697bf235010dbe832389cb4976d9089b5f5e1d	complete	True	segregating	297	0.297	True	True	True						False	False	203.24612543799958	492ab7b48232fc8ab7b69d754a1683dfa40390fdb3fc2694f4b872d96b69af01			
eas_selected__confirm100__s0.005000__af0.300000__q5__draw071	confirm100	focal_2bp_forward_only_no_recap_no_neutral_overlay	0.005	0.3	0.2749999999999999	0.325	500	100	60	71	2019419512	480366774	5.0	0.1	2	1	2657.0	86f74ed1e8d6fea0b14478b50ba281ff4f67e1fbb3ad110ee3a25790704f38ce	9de44d14c4d4fcf1d637714e54627e5539d86da79377566f8dcc825ebf0e347e	51600aaee32b97b010036789ecbcc1c03681cb8e11310b67b18021e917106650	67409ff190808c2967c949cae6697bf235010dbe832389cb4976d9089b5f5e1d	complete	True	segregating	290	0.29	True	True	True						False	False	475.9005987700002	bfe4671c8526cebb94503c01523f2512200a4574e265f4fa20fc0841de55504b			
eas_selected__confirm100__s0.005000__af0.300000__q5__draw072	confirm100	focal_2bp_forward_only_no_recap_no_neutral_overlay	0.005	0.3	0.2749999999999999	0.325	500	100	60	72	580297963	1060410805	5.0	0.1	2	1	2657.0	86f74ed1e8d6fea0b14478b50ba281ff4f67e1fbb3ad110ee3a25790704f38ce	9de44d14c4d4fcf1d637714e54627e5539d86da79377566f8dcc825ebf0e347e	51600aaee32b97b010036789ecbcc1c03681cb8e11310b67b18021e917106650	67409ff190808c2967c949cae6697bf235010dbe832389cb4976d9089b5f5e1d	complete	True	segregating	281	0.281	True	True	True						False	False	732.2567230889999	da0e4a6cbad4327ceff93bef3ce4522b52a4a1a4de4b680943a0da2855488f00			
eas_selected__confirm100__s0.005000__af0.300000__q5__draw073	confirm100	focal_2bp_forward_only_no_recap_no_neutral_overlay	0.005	0.3	0.2749999999999999	0.325	500	100	60	73	1990957990	527637153	5.0	0.1	2	1	2657.0	86f74ed1e8d6fea0b14478b50ba281ff4f67e1fbb3ad110ee3a25790704f38ce	9de44d14c4d4fcf1d637714e54627e5539d86da79377566f8dcc825ebf0e347e	51600aaee32b97b010036789ecbcc1c03681cb8e11310b67b18021e917106650	67409ff190808c2967c949cae6697bf235010dbe832389cb4976d9089b5f5e1d	complete	True	segregating	302	0.302	True	True	True						False	False	188.68162313700032	317f3e635e015192e376a2ee8b66be2546d38cd385987e90d597aa63a0a1ad75			
eas_selected__confirm100__s0.005000__af0.300000__q5__draw074	confirm100	focal_2bp_forward_only_no_recap_no_neutral_overlay	0.005	0.3	0.2749999999999999	0.325	500	100	60	74	662095863	1532592122	5.0	0.1	2	1	2657.0	86f74ed1e8d6fea0b14478b50ba281ff4f67e1fbb3ad110ee3a25790704f38ce	9de44d14c4d4fcf1d637714e54627e5539d86da79377566f8dcc825ebf0e347e	51600aaee32b97b010036789ecbcc1c03681cb8e11310b67b18021e917106650	67409ff190808c2967c949cae6697bf235010dbe832389cb4976d9089b5f5e1d	complete	True	segregating	333	0.333	False	False	False						False	False	689.8022710700006	62470c9ce30f9ca50e55dc2241dddf07306c092250a5c3a2705e3215f72fee0c			
eas_selected__confirm100__s0.005000__af0.300000__q5__draw075	confirm100	focal_2bp_forward_only_no_recap_no_neutral_overlay	0.005	0.3	0.2749999999999999	0.325	500	100	60	75	400410698	1036867296	5.0	0.1	2	1	2657.0	86f74ed1e8d6fea0b14478b50ba281ff4f67e1fbb3ad110ee3a25790704f38ce	9de44d14c4d4fcf1d637714e54627e5539d86da79377566f8dcc825ebf0e347e	51600aaee32b97b010036789ecbcc1c03681cb8e11310b67b18021e917106650	67409ff190808c2967c949cae6697bf235010dbe832389cb4976d9089b5f5e1d	complete	True	segregating	299	0.299	True	True	True						False	False	337.31155443199987	931a05172fd9fc5c62123c9b789807fe1a149f7246b22598a71a23447aa8c827			
eas_selected__confirm100__s0.005000__af0.300000__q5__draw076	confirm100	focal_2bp_forward_only_no_recap_no_neutral_overlay	0.005	0.3	0.2749999999999999	0.325	500	100	60	76	1321895051	1974445759	5.0	0.1	2	1	2657.0	86f74ed1e8d6fea0b14478b50ba281ff4f67e1fbb3ad110ee3a25790704f38ce	9de44d14c4d4fcf1d637714e54627e5539d86da79377566f8dcc825ebf0e347e	51600aaee32b97b010036789ecbcc1c03681cb8e11310b67b18021e917106650	67409ff190808c2967c949cae6697bf235010dbe832389cb4976d9089b5f5e1d	complete	True	segregating	325	0.325	True	True	True						False	False	241.68630424899948	d146cb5a96c719b67b832de10f807e9d8a6a97b3ff9b5c216d86ad81931de6c7			
eas_selected__confirm100__s0.005000__af0.300000__q5__draw077	confirm100	focal_2bp_forward_only_no_recap_no_neutral_overlay	0.005	0.3	0.2749999999999999	0.325	500	100	60	77	1373170402	291544696	5.0	0.1	2	1	2657.0	86f74ed1e8d6fea0b14478b50ba281ff4f67e1fbb3ad110ee3a25790704f38ce	9de44d14c4d4fcf1d637714e54627e5539d86da79377566f8dcc825ebf0e347e	51600aaee32b97b010036789ecbcc1c03681cb8e11310b67b18021e917106650	67409ff190808c2967c949cae6697bf235010dbe832389cb4976d9089b5f5e1d	complete	True	segregating	310	0.31	True	True	True						False	False	189.85544794999987	ef7b88701e382da28a266cd625d49d39554c3c7309fa2c8709068311b54f5ca9			
eas_selected__confirm100__s0.005000__af0.300000__q5__draw078	confirm100	focal_2bp_forward_only_no_recap_no_neutral_overlay	0.005	0.3	0.2749999999999999	0.325	500	100	60	78	1418701531	1425203556	5.0	0.1	2	1	2657.0	86f74ed1e8d6fea0b14478b50ba281ff4f67e1fbb3ad110ee3a25790704f38ce	9de44d14c4d4fcf1d637714e54627e5539d86da79377566f8dcc825ebf0e347e	51600aaee32b97b010036789ecbcc1c03681cb8e11310b67b18021e917106650	67409ff190808c2967c949cae6697bf235010dbe832389cb4976d9089b5f5e1d	complete	True	segregating	308	0.308	True	True	True						False	False	240.6329888420005	4d68b0b4a4e30d859249a9b44f6e527eca8778a2db7ed6ec689bf02d80f979df			
eas_selected__confirm100__s0.005000__af0.300000__q5__draw079	confirm100	focal_2bp_forward_only_no_recap_no_neutral_overlay	0.005	0.3	0.2749999999999999	0.325	500	100	60	79	1471476057	103149990	5.0	0.1	2	1	2657.0	86f74ed1e8d6fea0b14478b50ba281ff4f67e1fbb3ad110ee3a25790704f38ce	9de44d14c4d4fcf1d637714e54627e5539d86da79377566f8dcc825ebf0e347e	51600aaee32b97b010036789ecbcc1c03681cb8e11310b67b18021e917106650	67409ff190808c2967c949cae6697bf235010dbe832389cb4976d9089b5f5e1d	complete	True	segregating	295	0.295	True	True	True						False	False	710.6273806670006	dc95df76003987559e2661a9bcad8e558745e0881f401cce894fba3a608b0b9a			
eas_selected__confirm100__s0.005000__af0.300000__q5__draw080	confirm100	focal_2bp_forward_only_no_recap_no_neutral_overlay	0.005	0.3	0.2749999999999999	0.325	500	100	60	80	474575606	1607163669	5.0	0.1	2	1	2657.0	86f74ed1e8d6fea0b14478b50ba281ff4f67e1fbb3ad110ee3a25790704f38ce	9de44d14c4d4fcf1d637714e54627e5539d86da79377566f8dcc825ebf0e347e	51600aaee32b97b010036789ecbcc1c03681cb8e11310b67b18021e917106650	67409ff190808c2967c949cae6697bf235010dbe832389cb4976d9089b5f5e1d	complete	True	segregating	321	0.321	True	True	True						False	False	666.9783599419998	8ec5105fe2a70bc729cfc46ba59ba77ebbfe21fb36042ca81527733c99caa979			
eas_selected__confirm100__s0.005000__af0.300000__q5__draw081	confirm100	focal_2bp_forward_only_no_recap_no_neutral_overlay	0.005	0.3	0.2749999999999999	0.325	500	100	60	81	174452791	51734151	5.0	0.1	2	1	2657.0	86f74ed1e8d6fea0b14478b50ba281ff4f67e1fbb3ad110ee3a25790704f38ce	9de44d14c4d4fcf1d637714e54627e5539d86da79377566f8dcc825ebf0e347e	51600aaee32b97b010036789ecbcc1c03681cb8e11310b67b18021e917106650	67409ff190808c2967c949cae6697bf235010dbe832389cb4976d9089b5f5e1d	complete	True	segregating	280	0.28	True	True	True						False	False	283.8231989729993	10cda33cc871d874cebb0be44b094b739b3adb9f577fc64ded661828bfb21bfd			
eas_selected__confirm100__s0.005000__af0.300000__q5__draw082	confirm100	focal_2bp_forward_only_no_recap_no_neutral_overlay	0.005	0.3	0.2749999999999999	0.325	500	100	60	82	1508251389	1867378620	5.0	0.1	2	1	2657.0	86f74ed1e8d6fea0b14478b50ba281ff4f67e1fbb3ad110ee3a25790704f38ce	9de44d14c4d4fcf1d637714e54627e5539d86da79377566f8dcc825ebf0e347e	51600aaee32b97b010036789ecbcc1c03681cb8e11310b67b18021e917106650	67409ff190808c2967c949cae6697bf235010dbe832389cb4976d9089b5f5e1d	complete	True	segregating	307	0.307	True	True	True						False	False	335.0672990289995	714a8cfc35b93a8c2c631bbcc28d7cbea851e125eb69cd5915fd1463b6e3ee65			
eas_selected__confirm100__s0.005000__af0.300000__q5__draw083	confirm100	focal_2bp_forward_only_no_recap_no_neutral_overlay	0.005	0.3	0.2749999999999999	0.325	500	100	60	83	2090217788	1494066335	5.0	0.1	2	1	2657.0	86f74ed1e8d6fea0b14478b50ba281ff4f67e1fbb3ad110ee3a25790704f38ce	9de44d14c4d4fcf1d637714e54627e5539d86da79377566f8dcc825ebf0e347e	51600aaee32b97b010036789ecbcc1c03681cb8e11310b67b18021e917106650	67409ff190808c2967c949cae6697bf235010dbe832389cb4976d9089b5f5e1d	complete	True	segregating	331	0.331	False	False	False						False	False	271.00245252900004	b8c966f4c358d0b3f93d86d0318a91ff204c30aa3454f9f752474c0365dcc7ca			
eas_selected__confirm100__s0.005000__af0.300000__q5__draw084	confirm100	focal_2bp_forward_only_no_recap_no_neutral_overlay	0.005	0.3	0.2749999999999999	0.325	500	100	60	84	1150725912	1954681272	5.0	0.1	2	1	2657.0	86f74ed1e8d6fea0b14478b50ba281ff4f67e1fbb3ad110ee3a25790704f38ce	9de44d14c4d4fcf1d637714e54627e5539d86da79377566f8dcc825ebf0e347e	51600aaee32b97b010036789ecbcc1c03681cb8e11310b67b18021e917106650	67409ff190808c2967c949cae6697bf235010dbe832389cb4976d9089b5f5e1d	complete	True	segregating	306	0.306	True	True	True						False	False	194.73049201599952	86fa361f273d77dc8aa1b16173044dca6b540910db3b7aac18fb8747cd6b799a			
eas_selected__confirm100__s0.005000__af0.300000__q5__draw085	confirm100	focal_2bp_forward_only_no_recap_no_neutral_overlay	0.005	0.3	0.2749999999999999	0.325	500	100	60	85	1867583737	1005592632	5.0	0.1	2	1	2657.0	86f74ed1e8d6fea0b14478b50ba281ff4f67e1fbb3ad110ee3a25790704f38ce	9de44d14c4d4fcf1d637714e54627e5539d86da79377566f8dcc825ebf0e347e	51600aaee32b97b010036789ecbcc1c03681cb8e11310b67b18021e917106650	67409ff190808c2967c949cae6697bf235010dbe832389cb4976d9089b5f5e1d	complete	True	segregating	270	0.27	False	False	False						False	False	180.56268519900004	f371cc8e5a6f315559bda078647023ae5326780b8e1b41e8d80e14d6358217c8			
eas_selected__confirm100__s0.005000__af0.300000__q5__draw086	confirm100	focal_2bp_forward_only_no_recap_no_neutral_overlay	0.005	0.3	0.2749999999999999	0.325	500	100	60	86	1385017779	426878162	5.0	0.1	2	1	2657.0	86f74ed1e8d6fea0b14478b50ba281ff4f67e1fbb3ad110ee3a25790704f38ce	9de44d14c4d4fcf1d637714e54627e5539d86da79377566f8dcc825ebf0e347e	51600aaee32b97b010036789ecbcc1c03681cb8e11310b67b18021e917106650	67409ff190808c2967c949cae6697bf235010dbe832389cb4976d9089b5f5e1d	complete	True	segregating	342	0.342	False	False	False						False	False	399.2073102300001	ab7bfd7ce6311d981bedd0a1bc7ddbe858474415c125a13c429ea56df7cea6ab			
eas_selected__confirm100__s0.005000__af0.300000__q5__draw087	confirm100	focal_2bp_forward_only_no_recap_no_neutral_overlay	0.005	0.3	0.2749999999999999	0.325	500	100	60	87	1407985295	1947592514	5.0	0.1	2	1	2657.0	86f74ed1e8d6fea0b14478b50ba281ff4f67e1fbb3ad110ee3a25790704f38ce	9de44d14c4d4fcf1d637714e54627e5539d86da79377566f8dcc825ebf0e347e	51600aaee32b97b010036789ecbcc1c03681cb8e11310b67b18021e917106650	67409ff190808c2967c949cae6697bf235010dbe832389cb4976d9089b5f5e1d	complete	True	segregating	266	0.266	False	False	False						False	False	328.43473491700024	173f398b64b92b2b70e1cb458970a2c066e730ee169c899b39b62c69ed40a1b4			
eas_selected__confirm100__s0.005000__af0.300000__q5__draw088	confirm100	focal_2bp_forward_only_no_recap_no_neutral_overlay	0.005	0.3	0.2749999999999999	0.325	500	100	60	88	2129921227	1804198770	5.0	0.1	2	1	2657.0	86f74ed1e8d6fea0b14478b50ba281ff4f67e1fbb3ad110ee3a25790704f38ce	9de44d14c4d4fcf1d637714e54627e5539d86da79377566f8dcc825ebf0e347e	51600aaee32b97b010036789ecbcc1c03681cb8e11310b67b18021e917106650	67409ff190808c2967c949cae6697bf235010dbe832389cb4976d9089b5f5e1d	complete	True	segregating	309	0.309	True	True	True						False	False	233.5560677430003	8a805aa8632d66bae6dfa47e54a730abfefcd7b653e79da84f9459a84c4bac78			
eas_selected__confirm100__s0.005000__af0.300000__q5__draw089	confirm100	focal_2bp_forward_only_no_recap_no_neutral_overlay	0.005	0.3	0.2749999999999999	0.325	500	100	60	89	213049501	1218632738	5.0	0.1	2	1	2657.0	86f74ed1e8d6fea0b14478b50ba281ff4f67e1fbb3ad110ee3a25790704f38ce	9de44d14c4d4fcf1d637714e54627e5539d86da79377566f8dcc825ebf0e347e	51600aaee32b97b010036789ecbcc1c03681cb8e11310b67b18021e917106650	67409ff190808c2967c949cae6697bf235010dbe832389cb4976d9089b5f5e1d	complete	True	segregating	305	0.305	True	True	True						False	False	410.4678156559994	b63558899fe16290c0f83fad4458facdbb0a4ee5d57563aef2b5691c05b33ca7			
eas_selected__confirm100__s0.005000__af0.300000__q5__draw090	confirm100	focal_2bp_forward_only_no_recap_no_neutral_overlay	0.005	0.3	0.2749999999999999	0.325	500	100	60	90	1416526413	1519606990	5.0	0.1	2	1	2657.0	86f74ed1e8d6fea0b14478b50ba281ff4f67e1fbb3ad110ee3a25790704f38ce	9de44d14c4d4fcf1d637714e54627e5539d86da79377566f8dcc825ebf0e347e	51600aaee32b97b010036789ecbcc1c03681cb8e11310b67b18021e917106650	67409ff190808c2967c949cae6697bf235010dbe832389cb4976d9089b5f5e1d	complete	True	segregating	276	0.276	True	True	True						False	False	39.36549037799978	f83194a16d83163021c4a2e8ac927cc15b04c89c65ba363edfdb3a63b3e69dd8			
eas_selected__confirm100__s0.005000__af0.300000__q5__draw091	confirm100	focal_2bp_forward_only_no_recap_no_neutral_overlay	0.005	0.3	0.2749999999999999	0.325	500	100	60	91	1059521707	1923785077	5.0	0.1	2	1	2657.0	86f74ed1e8d6fea0b14478b50ba281ff4f67e1fbb3ad110ee3a25790704f38ce	9de44d14c4d4fcf1d637714e54627e5539d86da79377566f8dcc825ebf0e347e	51600aaee32b97b010036789ecbcc1c03681cb8e11310b67b18021e917106650	67409ff190808c2967c949cae6697bf235010dbe832389cb4976d9089b5f5e1d	complete	True	segregating	285	0.285	True	True	True						False	False	248.4937877399998	3f52afb1e1afde9c248cfae63b9215c0fb7b594b89543083e62745303c2a0621			
eas_selected__confirm100__s0.005000__af0.300000__q5__draw092	confirm100	focal_2bp_forward_only_no_recap_no_neutral_overlay	0.005	0.3	0.2749999999999999	0.325	500	100	60	92	1784486509	64861932	5.0	0.1	2	1	2657.0	86f74ed1e8d6fea0b14478b50ba281ff4f67e1fbb3ad110ee3a25790704f38ce	9de44d14c4d4fcf1d637714e54627e5539d86da79377566f8dcc825ebf0e347e	51600aaee32b97b010036789ecbcc1c03681cb8e11310b67b18021e917106650	67409ff190808c2967c949cae6697bf235010dbe832389cb4976d9089b5f5e1d	complete	True	segregating	287	0.287	True	True	True						False	False	293.9769319899997	86f4138a03db3a44a5aaaecf749597467f29442f051745250ffba9da1c69d95c			
eas_selected__confirm100__s0.005000__af0.300000__q5__draw093	confirm100	focal_2bp_forward_only_no_recap_no_neutral_overlay	0.005	0.3	0.2749999999999999	0.325	500	100	60	93	469409740	1557502166	5.0	0.1	2	1	2657.0	86f74ed1e8d6fea0b14478b50ba281ff4f67e1fbb3ad110ee3a25790704f38ce	9de44d14c4d4fcf1d637714e54627e5539d86da79377566f8dcc825ebf0e347e	51600aaee32b97b010036789ecbcc1c03681cb8e11310b67b18021e917106650	67409ff190808c2967c949cae6697bf235010dbe832389cb4976d9089b5f5e1d	complete	True	segregating	289	0.289	True	True	True						False	False	679.6783838330002	49249a0dc4b1769e9534fe2ee6c845ab7b0e3ba15532a085d058a7ae38d8046e			
eas_selected__confirm100__s0.005000__af0.300000__q5__draw094	confirm100	focal_2bp_forward_only_no_recap_no_neutral_overlay	0.005	0.3	0.2749999999999999	0.325	500	100	60	94	708047621	1665014318	5.0	0.1	2	1	2657.0	86f74ed1e8d6fea0b14478b50ba281ff4f67e1fbb3ad110ee3a25790704f38ce	9de44d14c4d4fcf1d637714e54627e5539d86da79377566f8dcc825ebf0e347e	51600aaee32b97b010036789ecbcc1c03681cb8e11310b67b18021e917106650	67409ff190808c2967c949cae6697bf235010dbe832389cb4976d9089b5f5e1d	complete	True	segregating	308	0.308	True	True	True						False	False	83.89719842700015	e36e162c0cdea49bb2dce03e7d161081a43f925345f0e8ec9bfa66bf237dc190			
eas_selected__confirm100__s0.005000__af0.300000__q5__draw095	confirm100	focal_2bp_forward_only_no_recap_no_neutral_overlay	0.005	0.3	0.2749999999999999	0.325	500	100	60	95	1918791508	1333723098	5.0	0.1	2	1	2657.0	86f74ed1e8d6fea0b14478b50ba281ff4f67e1fbb3ad110ee3a25790704f38ce	9de44d14c4d4fcf1d637714e54627e5539d86da79377566f8dcc825ebf0e347e	51600aaee32b97b010036789ecbcc1c03681cb8e11310b67b18021e917106650	67409ff190808c2967c949cae6697bf235010dbe832389cb4976d9089b5f5e1d	complete	True	segregating	319	0.319	True	True	True						False	False	241.78670947999944	b8f9f1bac9fc5a7470c6ea8a6814ea787839a755d206b736afd400cd529f67ca			
eas_selected__confirm100__s0.005000__af0.300000__q5__draw096	confirm100	focal_2bp_forward_only_no_recap_no_neutral_overlay	0.005	0.3	0.2749999999999999	0.325	500	100	60	96	909861416	72839175	5.0	0.1	2	1	2657.0	86f74ed1e8d6fea0b14478b50ba281ff4f67e1fbb3ad110ee3a25790704f38ce	9de44d14c4d4fcf1d637714e54627e5539d86da79377566f8dcc825ebf0e347e	51600aaee32b97b010036789ecbcc1c03681cb8e11310b67b18021e917106650	67409ff190808c2967c949cae6697bf235010dbe832389cb4976d9089b5f5e1d	complete	True	segregating	299	0.299	True	True	True						False	False	114.84139103399957	690df3269a2149f6680e404c4054b93bbe1088465ba72813d674eb036cb431fd			
eas_selected__confirm100__s0.005000__af0.300000__q5__draw097	confirm100	focal_2bp_forward_only_no_recap_no_neutral_overlay	0.005	0.3	0.2749999999999999	0.325	500	100	60	97	224073566	87863421	5.0	0.1	2	1	2657.0	86f74ed1e8d6fea0b14478b50ba281ff4f67e1fbb3ad110ee3a25790704f38ce	9de44d14c4d4fcf1d637714e54627e5539d86da79377566f8dcc825ebf0e347e	51600aaee32b97b010036789ecbcc1c03681cb8e11310b67b18021e917106650	67409ff190808c2967c949cae6697bf235010dbe832389cb4976d9089b5f5e1d	complete	True	segregating	289	0.289	True	True	True						False	False	182.70108798100046	a8ca2753f4e01ac956a22a858905adc3fa9cd717385132fbd5137d4aa95220f9			
eas_selected__confirm100__s0.005000__af0.300000__q5__draw098	confirm100	focal_2bp_forward_only_no_recap_no_neutral_overlay	0.005	0.3	0.2749999999999999	0.325	500	100	60	98	1838715077	1046890876	5.0	0.1	2	1	2657.0	86f74ed1e8d6fea0b14478b50ba281ff4f67e1fbb3ad110ee3a25790704f38ce	9de44d14c4d4fcf1d637714e54627e5539d86da79377566f8dcc825ebf0e347e	51600aaee32b97b010036789ecbcc1c03681cb8e11310b67b18021e917106650	67409ff190808c2967c949cae6697bf235010dbe832389cb4976d9089b5f5e1d	complete	True	segregating	330	0.33	False	False	False						False	False	171.34778230899974	df68666671eda4f6896974073318ca711e7c0805edb4b9c747d2ab97ac63fe2b			
eas_selected__confirm100__s0.005000__af0.300000__q5__draw099	confirm100	focal_2bp_forward_only_no_recap_no_neutral_overlay	0.005	0.3	0.2749999999999999	0.325	500	100	60	99	422944648	1242421257	5.0	0.1	2	1	2657.0	86f74ed1e8d6fea0b14478b50ba281ff4f67e1fbb3ad110ee3a25790704f38ce	9de44d14c4d4fcf1d637714e54627e5539d86da79377566f8dcc825ebf0e347e	51600aaee32b97b010036789ecbcc1c03681cb8e11310b67b18021e917106650	67409ff190808c2967c949cae6697bf235010dbe832389cb4976d9089b5f5e1d	complete	True	segregating	301	0.301	True	True	True						False	False	140.76138387599985	55f381f66a3a816e9ced29513aa924dac837493f6b2f0136a44e0a84aaf490f5			
eas_selected__confirm100__s0.010000__af0.100000__q5__draw000	confirm100	focal_2bp_forward_only_no_recap_no_neutral_overlay	0.01	0.1	0.075	0.125	500	100	20	0	1051930327	124297944	5.0	0.1	2	1	999.0	b1db82958255b8c5c4f2e0a17f5d200b5d1b756e06400731ae9ef5ef8f4bdfb8	b8d07f8c4b5806e65ff47687e2f9be3db988beab960581d2809cf76e33b9f49d	a1736619482bc1798b40e9cbba175da8e3610d6fa7bb554776babd30f16ef30b	67409ff190808c2967c949cae6697bf235010dbe832389cb4976d9089b5f5e1d	complete	True	segregating	91	0.091	True	True	True						False	False	73.07043565200001	014249646e35ae26df5da870b51acb69439765208465731ce0a577621aa86edc			
eas_selected__confirm100__s0.010000__af0.100000__q5__draw001	confirm100	focal_2bp_forward_only_no_recap_no_neutral_overlay	0.01	0.1	0.075	0.125	500	100	20	1	266008069	551689613	5.0	0.1	2	1	999.0	b1db82958255b8c5c4f2e0a17f5d200b5d1b756e06400731ae9ef5ef8f4bdfb8	b8d07f8c4b5806e65ff47687e2f9be3db988beab960581d2809cf76e33b9f49d	a1736619482bc1798b40e9cbba175da8e3610d6fa7bb554776babd30f16ef30b	67409ff190808c2967c949cae6697bf235010dbe832389cb4976d9089b5f5e1d	complete	True	segregating	84	0.084	True	True	True						False	False	69.659930473	72a7b7631a4da7b40c4a2646850da66144703d35f6aeae9c362f2f6d4a179735			
eas_selected__confirm100__s0.010000__af0.100000__q5__draw002	confirm100	focal_2bp_forward_only_no_recap_no_neutral_overlay	0.01	0.1	0.075	0.125	500	100	20	2	1892510863	480709554	5.0	0.1	2	1	999.0	b1db82958255b8c5c4f2e0a17f5d200b5d1b756e06400731ae9ef5ef8f4bdfb8	b8d07f8c4b5806e65ff47687e2f9be3db988beab960581d2809cf76e33b9f49d	a1736619482bc1798b40e9cbba175da8e3610d6fa7bb554776babd30f16ef30b	67409ff190808c2967c949cae6697bf235010dbe832389cb4976d9089b5f5e1d	complete	True	segregating	122	0.122	True	True	True						False	False	38.31712128600001	be5456580cbd73ad2b956b0e63e1d3fe06a5b2e1e95b287191f720500e1f5cb2			
eas_selected__confirm100__s0.010000__af0.100000__q5__draw003	confirm100	focal_2bp_forward_only_no_recap_no_neutral_overlay	0.01	0.1	0.075	0.125	500	100	20	3	455110472	930175213	5.0	0.1	2	1	999.0	b1db82958255b8c5c4f2e0a17f5d200b5d1b756e06400731ae9ef5ef8f4bdfb8	b8d07f8c4b5806e65ff47687e2f9be3db988beab960581d2809cf76e33b9f49d	a1736619482bc1798b40e9cbba175da8e3610d6fa7bb554776babd30f16ef30b	67409ff190808c2967c949cae6697bf235010dbe832389cb4976d9089b5f5e1d	complete	True	segregating	112	0.112	True	True	True						False	False	240.30669497900004	6eacecea5928f23a7b1f94ca525d138f9eb1cfe2098f0dcd8f101636f58bded5			
eas_selected__confirm100__s0.010000__af0.100000__q5__draw004	confirm100	focal_2bp_forward_only_no_recap_no_neutral_overlay	0.01	0.1	0.075	0.125	500	100	20	4	1036705673	483084426	5.0	0.1	2	1	999.0	b1db82958255b8c5c4f2e0a17f5d200b5d1b756e06400731ae9ef5ef8f4bdfb8	b8d07f8c4b5806e65ff47687e2f9be3db988beab960581d2809cf76e33b9f49d	a1736619482bc1798b40e9cbba175da8e3610d6fa7bb554776babd30f16ef30b	67409ff190808c2967c949cae6697bf235010dbe832389cb4976d9089b5f5e1d	complete	True	segregating	83	0.083	True	True	True						False	False	57.587819683000006	e06fd27a757c6e0e237099ee6d2e7d201309b0ed6f81a368b534c80becf468c3			
eas_selected__confirm100__s0.010000__af0.100000__q5__draw005	confirm100	focal_2bp_forward_only_no_recap_no_neutral_overlay	0.01	0.1	0.075	0.125	500	100	20	5	1300909443	393490001	5.0	0.1	2	1	999.0	b1db82958255b8c5c4f2e0a17f5d200b5d1b756e06400731ae9ef5ef8f4bdfb8	b8d07f8c4b5806e65ff47687e2f9be3db988beab960581d2809cf76e33b9f49d	a1736619482bc1798b40e9cbba175da8e3610d6fa7bb554776babd30f16ef30b	67409ff190808c2967c949cae6697bf235010dbe832389cb4976d9089b5f5e1d	complete	True	segregating	139	0.139	False	False	False						False	False	48.687124434999994	edd0dfec48e9a82a76cba93784d660707150e755b761d718a7ff2572a847e661			
eas_selected__confirm100__s0.010000__af0.100000__q5__draw006	confirm100	focal_2bp_forward_only_no_recap_no_neutral_overlay	0.01	0.1	0.075	0.125	500	100	20	6	276521479	1822345782	5.0	0.1	2	1	999.0	b1db82958255b8c5c4f2e0a17f5d200b5d1b756e06400731ae9ef5ef8f4bdfb8	b8d07f8c4b5806e65ff47687e2f9be3db988beab960581d2809cf76e33b9f49d	a1736619482bc1798b40e9cbba175da8e3610d6fa7bb554776babd30f16ef30b	67409ff190808c2967c949cae6697bf235010dbe832389cb4976d9089b5f5e1d	complete	True	segregating	95	0.095	True	True	True						False	False	28.333367833000004	032c86e2735ce0b3e89a92646e53c8c3d22d5bd41fe217f1414dd7c94d5837d0			
eas_selected__confirm100__s0.010000__af0.100000__q5__draw007	confirm100	focal_2bp_forward_only_no_recap_no_neutral_overlay	0.01	0.1	0.075	0.125	500	100	20	7	286126967	65763047	5.0	0.1	2	1	999.0	b1db82958255b8c5c4f2e0a17f5d200b5d1b756e06400731ae9ef5ef8f4bdfb8	b8d07f8c4b5806e65ff47687e2f9be3db988beab960581d2809cf76e33b9f49d	a1736619482bc1798b40e9cbba175da8e3610d6fa7bb554776babd30f16ef30b	67409ff190808c2967c949cae6697bf235010dbe832389cb4976d9089b5f5e1d	complete	True	segregating	109	0.109	True	True	True						False	False	42.14254945	e13e0d0785bd7d24e4908cc3dfdb63b7a483c7eab76ae8a645709c2b41c92241			
eas_selected__confirm100__s0.010000__af0.100000__q5__draw008	confirm100	focal_2bp_forward_only_no_recap_no_neutral_overlay	0.01	0.1	0.075	0.125	500	100	20	8	1678458177	952778308	5.0	0.1	2	1	999.0	b1db82958255b8c5c4f2e0a17f5d200b5d1b756e06400731ae9ef5ef8f4bdfb8	b8d07f8c4b5806e65ff47687e2f9be3db988beab960581d2809cf76e33b9f49d	a1736619482bc1798b40e9cbba175da8e3610d6fa7bb554776babd30f16ef30b	67409ff190808c2967c949cae6697bf235010dbe832389cb4976d9089b5f5e1d	complete	True	segregating	101	0.101	True	True	True						False	False	32.826456198	f08e8f3154048dae21d5911867b74c17df5f020172530a858cbd3328cbd2d42d			
eas_selected__confirm100__s0.010000__af0.100000__q5__draw009	confirm100	focal_2bp_forward_only_no_recap_no_neutral_overlay	0.01	0.1	0.075	0.125	500	100	20	9	1606631942	495685444	5.0	0.1	2	1	999.0	b1db82958255b8c5c4f2e0a17f5d200b5d1b756e06400731ae9ef5ef8f4bdfb8	b8d07f8c4b5806e65ff47687e2f9be3db988beab960581d2809cf76e33b9f49d	a1736619482bc1798b40e9cbba175da8e3610d6fa7bb554776babd30f16ef30b	67409ff190808c2967c949cae6697bf235010dbe832389cb4976d9089b5f5e1d	complete	True	segregating	84	0.084	True	True	True						False	False	55.48204659700001	01dd8efc661db7ceb960dce03ce48c9d63c134e45911930b28052579e56f4db4			
eas_selected__confirm100__s0.010000__af0.100000__q5__draw010	confirm100	focal_2bp_forward_only_no_recap_no_neutral_overlay	0.01	0.1	0.075	0.125	500	100	20	10	1230519500	346739513	5.0	0.1	2	1	999.0	b1db82958255b8c5c4f2e0a17f5d200b5d1b756e06400731ae9ef5ef8f4bdfb8	b8d07f8c4b5806e65ff47687e2f9be3db988beab960581d2809cf76e33b9f49d	a1736619482bc1798b40e9cbba175da8e3610d6fa7bb554776babd30f16ef30b	67409ff190808c2967c949cae6697bf235010dbe832389cb4976d9089b5f5e1d	complete	True	segregating	87	0.087	True	True	True						False	False	35.128848233	70a38056d04018387719aeaa5cf8193b55a9e025db77d8e239136e52aeed9e55			
eas_selected__confirm100__s0.010000__af0.100000__q5__draw011	confirm100	focal_2bp_forward_only_no_recap_no_neutral_overlay	0.01	0.1	0.075	0.125	500	100	20	11	998555142	182266288	5.0	0.1	2	1	999.0	b1db82958255b8c5c4f2e0a17f5d200b5d1b756e06400731ae9ef5ef8f4bdfb8	b8d07f8c4b5806e65ff47687e2f9be3db988beab960581d2809cf76e33b9f49d	a1736619482bc1798b40e9cbba175da8e3610d6fa7bb554776babd30f16ef30b	67409ff190808c2967c949cae6697bf235010dbe832389cb4976d9089b5f5e1d	complete	True	segregating	73	0.073	False	False	False						False	False	40.656626900000006	8a354b284a8b8740cc32c96c5c903c62f45f7c9e5e404650c661ad9a0a42d496			
eas_selected__confirm100__s0.010000__af0.100000__q5__draw012	confirm100	focal_2bp_forward_only_no_recap_no_neutral_overlay	0.01	0.1	0.075	0.125	500	100	20	12	130806947	1250730864	5.0	0.1	2	1	999.0	b1db82958255b8c5c4f2e0a17f5d200b5d1b756e06400731ae9ef5ef8f4bdfb8	b8d07f8c4b5806e65ff47687e2f9be3db988beab960581d2809cf76e33b9f49d	a1736619482bc1798b40e9cbba175da8e3610d6fa7bb554776babd30f16ef30b	67409ff190808c2967c949cae6697bf235010dbe832389cb4976d9089b5f5e1d	complete	True	segregating	107	0.107	True	True	True						False	False	38.158809844	e3ab5106687bdaf6e2da730afc1a12f7d5abc9dc142de68e83bbabe4d20ccf54			
eas_selected__confirm100__s0.010000__af0.100000__q5__draw013	confirm100	focal_2bp_forward_only_no_recap_no_neutral_overlay	0.01	0.1	0.075	0.125	500	100	20	13	987687420	53478892	5.0	0.1	2	1	999.0	b1db82958255b8c5c4f2e0a17f5d200b5d1b756e06400731ae9ef5ef8f4bdfb8	b8d07f8c4b5806e65ff47687e2f9be3db988beab960581d2809cf76e33b9f49d	a1736619482bc1798b40e9cbba175da8e3610d6fa7bb554776babd30f16ef30b	67409ff190808c2967c949cae6697bf235010dbe832389cb4976d9089b5f5e1d	complete	True	segregating	122	0.122	True	True	True						False	False	44.976328497	434d0ecf0924cf00bd6944dee524b675936e25f8bd08f195837852f4d9e6a6c6			
eas_selected__confirm100__s0.010000__af0.100000__q5__draw014	confirm100	focal_2bp_forward_only_no_recap_no_neutral_overlay	0.01	0.1	0.075	0.125	500	100	20	14	398534931	1301227880	5.0	0.1	2	1	999.0	b1db82958255b8c5c4f2e0a17f5d200b5d1b756e06400731ae9ef5ef8f4bdfb8	b8d07f8c4b5806e65ff47687e2f9be3db988beab960581d2809cf76e33b9f49d	a1736619482bc1798b40e9cbba175da8e3610d6fa7bb554776babd30f16ef30b	67409ff190808c2967c949cae6697bf235010dbe832389cb4976d9089b5f5e1d	complete	True	segregating	104	0.104	True	True	True						False	False	30.252998267000002	279dfca83bc2bd84583902632122117d728bff2116ad00fe3942336129a6da8f			
eas_selected__confirm100__s0.010000__af0.100000__q5__draw015	confirm100	focal_2bp_forward_only_no_recap_no_neutral_overlay	0.01	0.1	0.075	0.125	500	100	20	15	1821747700	360662500	5.0	0.1	2	1	999.0	b1db82958255b8c5c4f2e0a17f5d200b5d1b756e06400731ae9ef5ef8f4bdfb8	b8d07f8c4b5806e65ff47687e2f9be3db988beab960581d2809cf76e33b9f49d	a1736619482bc1798b40e9cbba175da8e3610d6fa7bb554776babd30f16ef30b	67409ff190808c2967c949cae6697bf235010dbe832389cb4976d9089b5f5e1d	complete	True	segregating	97	0.097	True	True	True						False	False	29.951694284999995	331a3d0534e106b1bf25f6e222479b1f4dbe363d0246b7a32192fcb26fc2690f			
eas_selected__confirm100__s0.010000__af0.100000__q5__draw016	confirm100	focal_2bp_forward_only_no_recap_no_neutral_overlay	0.01	0.1	0.075	0.125	500	100	20	16	156490210	1646042675	5.0	0.1	2	1	999.0	b1db82958255b8c5c4f2e0a17f5d200b5d1b756e06400731ae9ef5ef8f4bdfb8	b8d07f8c4b5806e65ff47687e2f9be3db988beab960581d2809cf76e33b9f49d	a1736619482bc1798b40e9cbba175da8e3610d6fa7bb554776babd30f16ef30b	67409ff190808c2967c949cae6697bf235010dbe832389cb4976d9089b5f5e1d	complete	True	segregating	81	0.081	True	True	True						False	False	293.578869351	94c2bfd7c5f70a53b9c1e842aee407c13fa51415aeb00a2a7c29a5a0e66ee94e			
eas_selected__confirm100__s0.010000__af0.100000__q5__draw017	confirm100	focal_2bp_forward_only_no_recap_no_neutral_overlay	0.01	0.1	0.075	0.125	500	100	20	17	1631205443	2620163	5.0	0.1	2	1	999.0	b1db82958255b8c5c4f2e0a17f5d200b5d1b756e06400731ae9ef5ef8f4bdfb8	b8d07f8c4b5806e65ff47687e2f9be3db988beab960581d2809cf76e33b9f49d	a1736619482bc1798b40e9cbba175da8e3610d6fa7bb554776babd30f16ef30b	67409ff190808c2967c949cae6697bf235010dbe832389cb4976d9089b5f5e1d	complete	True	segregating	105	0.105	True	True	True						False	False	36.30531372200001	384fc781e6b66b05bd21f56bc70ae7523118cf221cc9395b191bbe236234a4a7			
eas_selected__confirm100__s0.010000__af0.100000__q5__draw018	confirm100	focal_2bp_forward_only_no_recap_no_neutral_overlay	0.01	0.1	0.075	0.125	500	100	20	18	613034096	1065976284	5.0	0.1	2	1	999.0	b1db82958255b8c5c4f2e0a17f5d200b5d1b756e06400731ae9ef5ef8f4bdfb8	b8d07f8c4b5806e65ff47687e2f9be3db988beab960581d2809cf76e33b9f49d	a1736619482bc1798b40e9cbba175da8e3610d6fa7bb554776babd30f16ef30b	67409ff190808c2967c949cae6697bf235010dbe832389cb4976d9089b5f5e1d	complete	True	segregating	99	0.099	True	True	True						False	False	44.573456393	b4c6500a3d157e285c00d520f919f235022fcc5fe604af9bb9971b9e01b28caa			
eas_selected__confirm100__s0.010000__af0.100000__q5__draw019	confirm100	focal_2bp_forward_only_no_recap_no_neutral_overlay	0.01	0.1	0.075	0.125	500	100	20	19	1170108587	259854445	5.0	0.1	2	1	999.0	b1db82958255b8c5c4f2e0a17f5d200b5d1b756e06400731ae9ef5ef8f4bdfb8	b8d07f8c4b5806e65ff47687e2f9be3db988beab960581d2809cf76e33b9f49d	a1736619482bc1798b40e9cbba175da8e3610d6fa7bb554776babd30f16ef30b	67409ff190808c2967c949cae6697bf235010dbe832389cb4976d9089b5f5e1d	complete	True	segregating	69	0.069	False	False	False						False	False	75.55680103399999	79a9b48946daced0d1dbf748abd2f97c7cabaeb221f0a730c621c218e28201cb			
eas_selected__confirm100__s0.010000__af0.100000__q5__draw020	confirm100	focal_2bp_forward_only_no_recap_no_neutral_overlay	0.01	0.1	0.075	0.125	500	100	20	20	130130884	1629754305	5.0	0.1	2	1	999.0	b1db82958255b8c5c4f2e0a17f5d200b5d1b756e06400731ae9ef5ef8f4bdfb8	b8d07f8c4b5806e65ff47687e2f9be3db988beab960581d2809cf76e33b9f49d	a1736619482bc1798b40e9cbba175da8e3610d6fa7bb554776babd30f16ef30b	67409ff190808c2967c949cae6697bf235010dbe832389cb4976d9089b5f5e1d	complete	True	segregating	112	0.112	True	True	True						False	False	58.96136959699999	b5721e58e087aab16fd2f92fe860dafd4a7fcc59ffb932bda86009e163f9e7e1			
eas_selected__confirm100__s0.010000__af0.100000__q5__draw021	confirm100	focal_2bp_forward_only_no_recap_no_neutral_overlay	0.01	0.1	0.075	0.125	500	100	20	21	1356056705	1029440022	5.0	0.1	2	1	999.0	b1db82958255b8c5c4f2e0a17f5d200b5d1b756e06400731ae9ef5ef8f4bdfb8	b8d07f8c4b5806e65ff47687e2f9be3db988beab960581d2809cf76e33b9f49d	a1736619482bc1798b40e9cbba175da8e3610d6fa7bb554776babd30f16ef30b	67409ff190808c2967c949cae6697bf235010dbe832389cb4976d9089b5f5e1d	complete	True	segregating	121	0.121	True	True	True						False	False	48.369624629	315cd17e800f236fabd247da2a7f0e4c45aca51bcf9007d472cfeb3dccffa6a7			
eas_selected__confirm100__s0.010000__af0.100000__q5__draw022	confirm100	focal_2bp_forward_only_no_recap_no_neutral_overlay	0.01	0.1	0.075	0.125	500	100	20	22	669844628	1675317647	5.0	0.1	2	1	999.0	b1db82958255b8c5c4f2e0a17f5d200b5d1b756e06400731ae9ef5ef8f4bdfb8	b8d07f8c4b5806e65ff47687e2f9be3db988beab960581d2809cf76e33b9f49d	a1736619482bc1798b40e9cbba175da8e3610d6fa7bb554776babd30f16ef30b	67409ff190808c2967c949cae6697bf235010dbe832389cb4976d9089b5f5e1d	complete	True	segregating	88	0.088	True	True	True						False	False	79.469674429	bde9305ff6ba21c844fff38c47dc3b2024b80ce3712ea9aced1270a44c80d398			
eas_selected__confirm100__s0.010000__af0.100000__q5__draw023	confirm100	focal_2bp_forward_only_no_recap_no_neutral_overlay	0.01	0.1	0.075	0.125	500	100	20	23	750386198	573228667	5.0	0.1	2	1	999.0	b1db82958255b8c5c4f2e0a17f5d200b5d1b756e06400731ae9ef5ef8f4bdfb8	b8d07f8c4b5806e65ff47687e2f9be3db988beab960581d2809cf76e33b9f49d	a1736619482bc1798b40e9cbba175da8e3610d6fa7bb554776babd30f16ef30b	67409ff190808c2967c949cae6697bf235010dbe832389cb4976d9089b5f5e1d	complete	True	segregating	110	0.11	True	True	True						False	False	114.115304673	b8dfe9a1b1c3a35d7e2a67ef9bb1a2d33f71cb80ca2fcc6a908e7aac4dbbeea2			
eas_selected__confirm100__s0.010000__af0.100000__q5__draw024	confirm100	focal_2bp_forward_only_no_recap_no_neutral_overlay	0.01	0.1	0.075	0.125	500	100	20	24	491441643	955555046	5.0	0.1	2	1	999.0	b1db82958255b8c5c4f2e0a17f5d200b5d1b756e06400731ae9ef5ef8f4bdfb8	b8d07f8c4b5806e65ff47687e2f9be3db988beab960581d2809cf76e33b9f49d	a1736619482bc1798b40e9cbba175da8e3610d6fa7bb554776babd30f16ef30b	67409ff190808c2967c949cae6697bf235010dbe832389cb4976d9089b5f5e1d	complete	True	segregating	76	0.076	True	True	True						False	False	55.00393070300001	a35f108182abe7fdc179385dae0062e4e8a374c00b6903b4d42532d052cd3bbd			
eas_selected__confirm100__s0.010000__af0.100000__q5__draw025	confirm100	focal_2bp_forward_only_no_recap_no_neutral_overlay	0.01	0.1	0.075	0.125	500	100	20	25	1057038385	1706242507	5.0	0.1	2	1	999.0	b1db82958255b8c5c4f2e0a17f5d200b5d1b756e06400731ae9ef5ef8f4bdfb8	b8d07f8c4b5806e65ff47687e2f9be3db988beab960581d2809cf76e33b9f49d	a1736619482bc1798b40e9cbba175da8e3610d6fa7bb554776babd30f16ef30b	67409ff190808c2967c949cae6697bf235010dbe832389cb4976d9089b5f5e1d	complete	True	segregating	109	0.109	True	True	True						False	False	33.677001147	9ef3df7925433a5b9e7a5fa6342c3a28b3bcee3c637bb1e9c285ed30202ca03e			
eas_selected__confirm100__s0.010000__af0.100000__q5__draw026	confirm100	focal_2bp_forward_only_no_recap_no_neutral_overlay	0.01	0.1	0.075	0.125	500	100	20	26	802640446	824611080	5.0	0.1	2	1	999.0	b1db82958255b8c5c4f2e0a17f5d200b5d1b756e06400731ae9ef5ef8f4bdfb8	b8d07f8c4b5806e65ff47687e2f9be3db988beab960581d2809cf76e33b9f49d	a1736619482bc1798b40e9cbba175da8e3610d6fa7bb554776babd30f16ef30b	67409ff190808c2967c949cae6697bf235010dbe832389cb4976d9089b5f5e1d	complete	True	segregating	98	0.098	True	True	True						False	False	47.51815444500001	d7e649c0c9b41e5ce647824e919b5b24dedce3657733c9e1cc53608159978563			
eas_selected__confirm100__s0.010000__af0.100000__q5__draw027	confirm100	focal_2bp_forward_only_no_recap_no_neutral_overlay	0.01	0.1	0.075	0.125	500	100	20	27	560707156	222449283	5.0	0.1	2	1	999.0	b1db82958255b8c5c4f2e0a17f5d200b5d1b756e06400731ae9ef5ef8f4bdfb8	b8d07f8c4b5806e65ff47687e2f9be3db988beab960581d2809cf76e33b9f49d	a1736619482bc1798b40e9cbba175da8e3610d6fa7bb554776babd30f16ef30b	67409ff190808c2967c949cae6697bf235010dbe832389cb4976d9089b5f5e1d	complete	True	segregating	102	0.102	True	True	True						False	False	43.164717088	c0999732c512c636a0847da4bf8c00a7e9289aefb427888f106b1e00181f7565			
eas_selected__confirm100__s0.010000__af0.100000__q5__draw028	confirm100	focal_2bp_forward_only_no_recap_no_neutral_overlay	0.01	0.1	0.075	0.125	500	100	20	28	1015785824	759996953	5.0	0.1	2	1	999.0	b1db82958255b8c5c4f2e0a17f5d200b5d1b756e06400731ae9ef5ef8f4bdfb8	b8d07f8c4b5806e65ff47687e2f9be3db988beab960581d2809cf76e33b9f49d	a1736619482bc1798b40e9cbba175da8e3610d6fa7bb554776babd30f16ef30b	67409ff190808c2967c949cae6697bf235010dbe832389cb4976d9089b5f5e1d	complete	True	segregating	121	0.121	True	True	True						False	False	99.14549368700001	8be0d775ab1d75ed0a160b332bd1cc1045776b10bfff9c75647cbe7d87bd8769			
eas_selected__confirm100__s0.010000__af0.100000__q5__draw029	confirm100	focal_2bp_forward_only_no_recap_no_neutral_overlay	0.01	0.1	0.075	0.125	500	100	20	29	680279361	559474449	5.0	0.1	2	1	999.0	b1db82958255b8c5c4f2e0a17f5d200b5d1b756e06400731ae9ef5ef8f4bdfb8	b8d07f8c4b5806e65ff47687e2f9be3db988beab960581d2809cf76e33b9f49d	a1736619482bc1798b40e9cbba175da8e3610d6fa7bb554776babd30f16ef30b	67409ff190808c2967c949cae6697bf235010dbe832389cb4976d9089b5f5e1d	complete	True	segregating	77	0.077	True	True	True						False	False	64.87111523800002	d75a1beb99e5d18b9ce281e28f21ad96a496afc02b72372345760183a254f808			
eas_selected__confirm100__s0.010000__af0.100000__q5__draw030	confirm100	focal_2bp_forward_only_no_recap_no_neutral_overlay	0.01	0.1	0.075	0.125	500	100	20	30	30930630	154607369	5.0	0.1	2	1	999.0	b1db82958255b8c5c4f2e0a17f5d200b5d1b756e06400731ae9ef5ef8f4bdfb8	b8d07f8c4b5806e65ff47687e2f9be3db988beab960581d2809cf76e33b9f49d	a1736619482bc1798b40e9cbba175da8e3610d6fa7bb554776babd30f16ef30b	67409ff190808c2967c949cae6697bf235010dbe832389cb4976d9089b5f5e1d	complete	True	segregating	104	0.104	True	True	True						False	False	42.196652421999985	05ab046dfdce44e4c4d70926eb0f4c1abe069bb6f8f12cf0fd344a8dbedf5096			
eas_selected__confirm100__s0.010000__af0.100000__q5__draw031	confirm100	focal_2bp_forward_only_no_recap_no_neutral_overlay	0.01	0.1	0.075	0.125	500	100	20	31	440362547	1090124688	5.0	0.1	2	1	999.0	b1db82958255b8c5c4f2e0a17f5d200b5d1b756e06400731ae9ef5ef8f4bdfb8	b8d07f8c4b5806e65ff47687e2f9be3db988beab960581d2809cf76e33b9f49d	a1736619482bc1798b40e9cbba175da8e3610d6fa7bb554776babd30f16ef30b	67409ff190808c2967c949cae6697bf235010dbe832389cb4976d9089b5f5e1d	complete	True	segregating	107	0.107	True	True	True						False	False	28.687589516999992	2e0614dde22868c7f4b0d4042f2e7deb69c3db2b7ffcead12c86d272eb7ea6c8			
eas_selected__confirm100__s0.010000__af0.100000__q5__draw032	confirm100	focal_2bp_forward_only_no_recap_no_neutral_overlay	0.01	0.1	0.075	0.125	500	100	20	32	351040692	1090568549	5.0	0.1	2	1	999.0	b1db82958255b8c5c4f2e0a17f5d200b5d1b756e06400731ae9ef5ef8f4bdfb8	b8d07f8c4b5806e65ff47687e2f9be3db988beab960581d2809cf76e33b9f49d	a1736619482bc1798b40e9cbba175da8e3610d6fa7bb554776babd30f16ef30b	67409ff190808c2967c949cae6697bf235010dbe832389cb4976d9089b5f5e1d	complete	True	segregating	85	0.085	True	True	True						False	False	72.905077017	6c7759b908432291d33373498f22917a94e90977a842f567d98d8276829bada9			
eas_selected__confirm100__s0.010000__af0.100000__q5__draw033	confirm100	focal_2bp_forward_only_no_recap_no_neutral_overlay	0.01	0.1	0.075	0.125	500	100	20	33	2110867296	87724269	5.0	0.1	2	1	999.0	b1db82958255b8c5c4f2e0a17f5d200b5d1b756e06400731ae9ef5ef8f4bdfb8	b8d07f8c4b5806e65ff47687e2f9be3db988beab960581d2809cf76e33b9f49d	a1736619482bc1798b40e9cbba175da8e3610d6fa7bb554776babd30f16ef30b	67409ff190808c2967c949cae6697bf235010dbe832389cb4976d9089b5f5e1d	complete	True	segregating	87	0.087	True	True	True						False	False	127.47569741900003	5e5062bec67403beb3d86f909e378cf494b54eac9cfdb7b50beb8e8bcefef748			
eas_selected__confirm100__s0.010000__af0.100000__q5__draw034	confirm100	focal_2bp_forward_only_no_recap_no_neutral_overlay	0.01	0.1	0.075	0.125	500	100	20	34	1328667141	233554561	5.0	0.1	2	1	999.0	b1db82958255b8c5c4f2e0a17f5d200b5d1b756e06400731ae9ef5ef8f4bdfb8	b8d07f8c4b5806e65ff47687e2f9be3db988beab960581d2809cf76e33b9f49d	a1736619482bc1798b40e9cbba175da8e3610d6fa7bb554776babd30f16ef30b	67409ff190808c2967c949cae6697bf235010dbe832389cb4976d9089b5f5e1d	complete	True	segregating	96	0.096	True	True	True						False	False	33.28296487699998	b11cf225811e32418e85e53b95058cd1bd2355f2cc8df35427318d38401111ee			
eas_selected__confirm100__s0.010000__af0.100000__q5__draw035	confirm100	focal_2bp_forward_only_no_recap_no_neutral_overlay	0.01	0.1	0.075	0.125	500	100	20	35	1164726111	389350088	5.0	0.1	2	1	999.0	b1db82958255b8c5c4f2e0a17f5d200b5d1b756e06400731ae9ef5ef8f4bdfb8	b8d07f8c4b5806e65ff47687e2f9be3db988beab960581d2809cf76e33b9f49d	a1736619482bc1798b40e9cbba175da8e3610d6fa7bb554776babd30f16ef30b	67409ff190808c2967c949cae6697bf235010dbe832389cb4976d9089b5f5e1d	complete	True	segregating	89	0.089	True	True	True						False	False	105.73903163599999	e55cbb1c6090216d44611b1497d283ae44478a86cc0ca7fa1a79db6cd7faa63f			
eas_selected__confirm100__s0.010000__af0.100000__q5__draw036	confirm100	focal_2bp_forward_only_no_recap_no_neutral_overlay	0.01	0.1	0.075	0.125	500	100	20	36	1138290667	1534142673	5.0	0.1	2	1	999.0	b1db82958255b8c5c4f2e0a17f5d200b5d1b756e06400731ae9ef5ef8f4bdfb8	b8d07f8c4b5806e65ff47687e2f9be3db988beab960581d2809cf76e33b9f49d	a1736619482bc1798b40e9cbba175da8e3610d6fa7bb554776babd30f16ef30b	67409ff190808c2967c949cae6697bf235010dbe832389cb4976d9089b5f5e1d	complete	True	segregating	92	0.092	True	True	True						False	False	34.122982733000015	d7196a19f1487e8e3f02edc78730da1f5d65e96f3aa4ce45894bce156ccb0dc9			
eas_selected__confirm100__s0.010000__af0.100000__q5__draw037	confirm100	focal_2bp_forward_only_no_recap_no_neutral_overlay	0.01	0.1	0.075	0.125	500	100	20	37	739024557	2107672277	5.0	0.1	2	1	999.0	b1db82958255b8c5c4f2e0a17f5d200b5d1b756e06400731ae9ef5ef8f4bdfb8	b8d07f8c4b5806e65ff47687e2f9be3db988beab960581d2809cf76e33b9f49d	a1736619482bc1798b40e9cbba175da8e3610d6fa7bb554776babd30f16ef30b	67409ff190808c2967c949cae6697bf235010dbe832389cb4976d9089b5f5e1d	complete	True	segregating	119	0.119	True	True	True						False	False	146.594741637	3ec430352ac3db20f245c8f2c9e2344985412978f7f19c5281e6e79360802602			
eas_selected__confirm100__s0.010000__af0.100000__q5__draw038	confirm100	focal_2bp_forward_only_no_recap_no_neutral_overlay	0.01	0.1	0.075	0.125	500	100	20	38	1392625411	73652571	5.0	0.1	2	1	999.0	b1db82958255b8c5c4f2e0a17f5d200b5d1b756e06400731ae9ef5ef8f4bdfb8	b8d07f8c4b5806e65ff47687e2f9be3db988beab960581d2809cf76e33b9f49d	a1736619482bc1798b40e9cbba175da8e3610d6fa7bb554776babd30f16ef30b	67409ff190808c2967c949cae6697bf235010dbe832389cb4976d9089b5f5e1d	complete	True	segregating	133	0.133	False	False	False						False	False	408.86527057899997	3dda961dbf50003c09a3a998c0d32a9f447a7c2d71a6703ce85eb52c8628d5d8			
eas_selected__confirm100__s0.010000__af0.100000__q5__draw039	confirm100	focal_2bp_forward_only_no_recap_no_neutral_overlay	0.01	0.1	0.075	0.125	500	100	20	39	1467232025	207614659	5.0	0.1	2	1	999.0	b1db82958255b8c5c4f2e0a17f5d200b5d1b756e06400731ae9ef5ef8f4bdfb8	b8d07f8c4b5806e65ff47687e2f9be3db988beab960581d2809cf76e33b9f49d	a1736619482bc1798b40e9cbba175da8e3610d6fa7bb554776babd30f16ef30b	67409ff190808c2967c949cae6697bf235010dbe832389cb4976d9089b5f5e1d	complete	True	segregating	122	0.122	True	True	True						False	False	167.12759349600003	5f7063dafe358327417b9d24d5932ec29482c7fd4c42b9fb4239fd4087bdaf57			
eas_selected__confirm100__s0.010000__af0.100000__q5__draw040	confirm100	focal_2bp_forward_only_no_recap_no_neutral_overlay	0.01	0.1	0.075	0.125	500	100	20	40	1596402064	547489723	5.0	0.1	2	1	999.0	b1db82958255b8c5c4f2e0a17f5d200b5d1b756e06400731ae9ef5ef8f4bdfb8	b8d07f8c4b5806e65ff47687e2f9be3db988beab960581d2809cf76e33b9f49d	a1736619482bc1798b40e9cbba175da8e3610d6fa7bb554776babd30f16ef30b	67409ff190808c2967c949cae6697bf235010dbe832389cb4976d9089b5f5e1d	complete	True	segregating	116	0.116	True	True	True						False	False	85.14732016599999	73ef32b8f009706b97dd43453e6760095c375d1d23591c0d1294a1e2c5f5b4d3			
eas_selected__confirm100__s0.010000__af0.100000__q5__draw041	confirm100	focal_2bp_forward_only_no_recap_no_neutral_overlay	0.01	0.1	0.075	0.125	500	100	20	41	187318898	1157785028	5.0	0.1	2	1	999.0	b1db82958255b8c5c4f2e0a17f5d200b5d1b756e06400731ae9ef5ef8f4bdfb8	b8d07f8c4b5806e65ff47687e2f9be3db988beab960581d2809cf76e33b9f49d	a1736619482bc1798b40e9cbba175da8e3610d6fa7bb554776babd30f16ef30b	67409ff190808c2967c949cae6697bf235010dbe832389cb4976d9089b5f5e1d	complete	True	segregating	88	0.088	True	True	True						False	False	73.64006965600001	0073de1134738f8412a5d42d5c3ebe83d97a435a5a2586b9849469d13bfcb6f0			
eas_selected__confirm100__s0.010000__af0.100000__q5__draw042	confirm100	focal_2bp_forward_only_no_recap_no_neutral_overlay	0.01	0.1	0.075	0.125	500	100	20	42	188161508	1189027187	5.0	0.1	2	1	999.0	b1db82958255b8c5c4f2e0a17f5d200b5d1b756e06400731ae9ef5ef8f4bdfb8	b8d07f8c4b5806e65ff47687e2f9be3db988beab960581d2809cf76e33b9f49d	a1736619482bc1798b40e9cbba175da8e3610d6fa7bb554776babd30f16ef30b	67409ff190808c2967c949cae6697bf235010dbe832389cb4976d9089b5f5e1d	complete	True	segregating	121	0.121	True	True	True						False	False	70.88155482799999	5fc3f584665545ad6ab9bb20839a917fa915fc3428307d9c21e36166c277dbfc			
eas_selected__confirm100__s0.010000__af0.100000__q5__draw043	confirm100	focal_2bp_forward_only_no_recap_no_neutral_overlay	0.01	0.1	0.075	0.125	500	100	20	43	1008491296	40287907	5.0	0.1	2	1	999.0	b1db82958255b8c5c4f2e0a17f5d200b5d1b756e06400731ae9ef5ef8f4bdfb8	b8d07f8c4b5806e65ff47687e2f9be3db988beab960581d2809cf76e33b9f49d	a1736619482bc1798b40e9cbba175da8e3610d6fa7bb554776babd30f16ef30b	67409ff190808c2967c949cae6697bf235010dbe832389cb4976d9089b5f5e1d	complete	True	segregating	105	0.105	True	True	True						False	False	137.10706244	53f9b0cf7d100aadc9db5a55e6d3eadd37dc701de793c310441a5e8dd3a328e4			
eas_selected__confirm100__s0.010000__af0.100000__q5__draw044	confirm100	focal_2bp_forward_only_no_recap_no_neutral_overlay	0.01	0.1	0.075	0.125	500	100	20	44	1991828803	1375588305	5.0	0.1	2	1	999.0	b1db82958255b8c5c4f2e0a17f5d200b5d1b756e06400731ae9ef5ef8f4bdfb8	b8d07f8c4b5806e65ff47687e2f9be3db988beab960581d2809cf76e33b9f49d	a1736619482bc1798b40e9cbba175da8e3610d6fa7bb554776babd30f16ef30b	67409ff190808c2967c949cae6697bf235010dbe832389cb4976d9089b5f5e1d	complete	True	segregating	98	0.098	True	True	True						False	False	61.615102303000015	b3f9cf178734e963af250a78bf307740293d6159fa7780331ff5467691df2e34			
eas_selected__confirm100__s0.010000__af0.100000__q5__draw045	confirm100	focal_2bp_forward_only_no_recap_no_neutral_overlay	0.01	0.1	0.075	0.125	500	100	20	45	548625534	2077229816	5.0	0.1	2	1	999.0	b1db82958255b8c5c4f2e0a17f5d200b5d1b756e06400731ae9ef5ef8f4bdfb8	b8d07f8c4b5806e65ff47687e2f9be3db988beab960581d2809cf76e33b9f49d	a1736619482bc1798b40e9cbba175da8e3610d6fa7bb554776babd30f16ef30b	67409ff190808c2967c949cae6697bf235010dbe832389cb4976d9089b5f5e1d	complete	True	segregating	76	0.076	True	True	True						False	False	59.017953584	3e45eb3be1d327db0bdcacc7ce4b93360d1f32fd8c477522eebfb17c32862688			
eas_selected__confirm100__s0.010000__af0.100000__q5__draw046	confirm100	focal_2bp_forward_only_no_recap_no_neutral_overlay	0.01	0.1	0.075	0.125	500	100	20	46	1931399492	1936993413	5.0	0.1	2	1	999.0	b1db82958255b8c5c4f2e0a17f5d200b5d1b756e06400731ae9ef5ef8f4bdfb8	b8d07f8c4b5806e65ff47687e2f9be3db988beab960581d2809cf76e33b9f49d	a1736619482bc1798b40e9cbba175da8e3610d6fa7bb554776babd30f16ef30b	67409ff190808c2967c949cae6697bf235010dbe832389cb4976d9089b5f5e1d	complete	True	segregating	99	0.099	True	True	True						False	False	116.171773107	375788c43349033328affdb0172eecb080185e79f85fefb7476ab3fb3775d151			
eas_selected__confirm100__s0.010000__af0.100000__q5__draw047	confirm100	focal_2bp_forward_only_no_recap_no_neutral_overlay	0.01	0.1	0.075	0.125	500	100	20	47	494637875	988682826	5.0	0.1	2	1	999.0	b1db82958255b8c5c4f2e0a17f5d200b5d1b756e06400731ae9ef5ef8f4bdfb8	b8d07f8c4b5806e65ff47687e2f9be3db988beab960581d2809cf76e33b9f49d	a1736619482bc1798b40e9cbba175da8e3610d6fa7bb554776babd30f16ef30b	67409ff190808c2967c949cae6697bf235010dbe832389cb4976d9089b5f5e1d	complete	True	segregating	102	0.102	True	True	True						False	False	85.21350008799996	2cc827eb8997f2286ff7d58da870b36c87e6145c4bda2dee915cbcbab7db5835			
eas_selected__confirm100__s0.010000__af0.100000__q5__draw048	confirm100	focal_2bp_forward_only_no_recap_no_neutral_overlay	0.01	0.1	0.075	0.125	500	100	20	48	223046800	2062087759	5.0	0.1	2	1	999.0	b1db82958255b8c5c4f2e0a17f5d200b5d1b756e06400731ae9ef5ef8f4bdfb8	b8d07f8c4b5806e65ff47687e2f9be3db988beab960581d2809cf76e33b9f49d	a1736619482bc1798b40e9cbba175da8e3610d6fa7bb554776babd30f16ef30b	67409ff190808c2967c949cae6697bf235010dbe832389cb4976d9089b5f5e1d	complete	True	segregating	133	0.133	False	False	False						False	False	126.69188957599997	1f7a0f45137d48c8c7d6b57979078aee264c425a06be952243e46e1b59b6936e			
eas_selected__confirm100__s0.010000__af0.100000__q5__draw049	confirm100	focal_2bp_forward_only_no_recap_no_neutral_overlay	0.01	0.1	0.075	0.125	500	100	20	49	1328276308	1679499043	5.0	0.1	2	1	999.0	b1db82958255b8c5c4f2e0a17f5d200b5d1b756e06400731ae9ef5ef8f4bdfb8	b8d07f8c4b5806e65ff47687e2f9be3db988beab960581d2809cf76e33b9f49d	a1736619482bc1798b40e9cbba175da8e3610d6fa7bb554776babd30f16ef30b	67409ff190808c2967c949cae6697bf235010dbe832389cb4976d9089b5f5e1d	complete	True	segregating	94	0.094	True	True	True						False	False	74.93876532299998	9bc9dbf477475a10680d43de6b85227972c675ee84f817da1aa0551117508069			
eas_selected__confirm100__s0.010000__af0.100000__q5__draw050	confirm100	focal_2bp_forward_only_no_recap_no_neutral_overlay	0.01	0.1	0.075	0.125	500	100	20	50	2040798787	470682060	5.0	0.1	2	1	999.0	b1db82958255b8c5c4f2e0a17f5d200b5d1b756e06400731ae9ef5ef8f4bdfb8	b8d07f8c4b5806e65ff47687e2f9be3db988beab960581d2809cf76e33b9f49d	a1736619482bc1798b40e9cbba175da8e3610d6fa7bb554776babd30f16ef30b	67409ff190808c2967c949cae6697bf235010dbe832389cb4976d9089b5f5e1d	complete	True	segregating	72	0.072	False	False	False						False	False	198.55213844500003	6896405f5d7589af27c9cb6ba7f053f79bbc02402916d731fc2a7b66442b338b			
eas_selected__confirm100__s0.010000__af0.100000__q5__draw051	confirm100	focal_2bp_forward_only_no_recap_no_neutral_overlay	0.01	0.1	0.075	0.125	500	100	20	51	288009935	878029820	5.0	0.1	2	1	999.0	b1db82958255b8c5c4f2e0a17f5d200b5d1b756e06400731ae9ef5ef8f4bdfb8	b8d07f8c4b5806e65ff47687e2f9be3db988beab960581d2809cf76e33b9f49d	a1736619482bc1798b40e9cbba175da8e3610d6fa7bb554776babd30f16ef30b	67409ff190808c2967c949cae6697bf235010dbe832389cb4976d9089b5f5e1d	complete	True	segregating	97	0.097	True	True	True						False	False	87.98522561299998	6fa9f5bdf3a2253457b9f8d9dd0c31e45a62ef3619442d97b05e499ee35599bc			
eas_selected__confirm100__s0.010000__af0.100000__q5__draw052	confirm100	focal_2bp_forward_only_no_recap_no_neutral_overlay	0.01	0.1	0.075	0.125	500	100	20	52	1625852961	1842104664	5.0	0.1	2	1	999.0	b1db82958255b8c5c4f2e0a17f5d200b5d1b756e06400731ae9ef5ef8f4bdfb8	b8d07f8c4b5806e65ff47687e2f9be3db988beab960581d2809cf76e33b9f49d	a1736619482bc1798b40e9cbba175da8e3610d6fa7bb554776babd30f16ef30b	67409ff190808c2967c949cae6697bf235010dbe832389cb4976d9089b5f5e1d	complete	True	segregating	75	0.075	True	True	True						False	False	82.83315948499998	f5408bfafa80c9bf65fcf4aa5c7287412e4feb5f3f06f72f97ffc7e4522efd39			
eas_selected__confirm100__s0.010000__af0.100000__q5__draw053	confirm100	focal_2bp_forward_only_no_recap_no_neutral_overlay	0.01	0.1	0.075	0.125	500	100	20	53	841814532	1890225410	5.0	0.1	2	1	999.0	b1db82958255b8c5c4f2e0a17f5d200b5d1b756e06400731ae9ef5ef8f4bdfb8	b8d07f8c4b5806e65ff47687e2f9be3db988beab960581d2809cf76e33b9f49d	a1736619482bc1798b40e9cbba175da8e3610d6fa7bb554776babd30f16ef30b	67409ff190808c2967c949cae6697bf235010dbe832389cb4976d9089b5f5e1d	complete	True	segregating	112	0.112	True	True	True						False	False	50.36177120099998	e74624a85249b03b0b59a3bf76aa0593efc8341a95ff89f358aed8cfdad731f0			
eas_selected__confirm100__s0.010000__af0.100000__q5__draw054	confirm100	focal_2bp_forward_only_no_recap_no_neutral_overlay	0.01	0.1	0.075	0.125	500	100	20	54	2016404785	1648802268	5.0	0.1	2	1	999.0	b1db82958255b8c5c4f2e0a17f5d200b5d1b756e06400731ae9ef5ef8f4bdfb8	b8d07f8c4b5806e65ff47687e2f9be3db988beab960581d2809cf76e33b9f49d	a1736619482bc1798b40e9cbba175da8e3610d6fa7bb554776babd30f16ef30b	67409ff190808c2967c949cae6697bf235010dbe832389cb4976d9089b5f5e1d	complete	True	segregating	60	0.06	False	False	False						False	False	97.55475029299998	ce9d8f977bc2b258f3b3dd27424cfe76f623a88255f83979c2db84d78e8f8b40			
eas_selected__confirm100__s0.010000__af0.100000__q5__draw055	confirm100	focal_2bp_forward_only_no_recap_no_neutral_overlay	0.01	0.1	0.075	0.125	500	100	20	55	1149393150	195154281	5.0	0.1	2	1	999.0	b1db82958255b8c5c4f2e0a17f5d200b5d1b756e06400731ae9ef5ef8f4bdfb8	b8d07f8c4b5806e65ff47687e2f9be3db988beab960581d2809cf76e33b9f49d	a1736619482bc1798b40e9cbba175da8e3610d6fa7bb554776babd30f16ef30b	67409ff190808c2967c949cae6697bf235010dbe832389cb4976d9089b5f5e1d	complete	True	segregating	104	0.104	True	True	True						False	False	65.00390808700001	2aa5ce9f50f9d5acbd3fe0de6184a275cff65485d6528912628a787b44f550d7			
eas_selected__confirm100__s0.010000__af0.100000__q5__draw056	confirm100	focal_2bp_forward_only_no_recap_no_neutral_overlay	0.01	0.1	0.075	0.125	500	100	20	56	1122695273	567619900	5.0	0.1	2	1	999.0	b1db82958255b8c5c4f2e0a17f5d200b5d1b756e06400731ae9ef5ef8f4bdfb8	b8d07f8c4b5806e65ff47687e2f9be3db988beab960581d2809cf76e33b9f49d	a1736619482bc1798b40e9cbba175da8e3610d6fa7bb554776babd30f16ef30b	67409ff190808c2967c949cae6697bf235010dbe832389cb4976d9089b5f5e1d	complete	True	segregating	76	0.076	True	True	True						False	False	31.30776076899997	99e2cf6634ca3515e0494973e3587a0afe3275b3eee0db954d007ab02361bf2e			
eas_selected__confirm100__s0.010000__af0.100000__q5__draw057	confirm100	focal_2bp_forward_only_no_recap_no_neutral_overlay	0.01	0.1	0.075	0.125	500	100	20	57	1569798012	2001516298	5.0	0.1	2	1	999.0	b1db82958255b8c5c4f2e0a17f5d200b5d1b756e06400731ae9ef5ef8f4bdfb8	b8d07f8c4b5806e65ff47687e2f9be3db988beab960581d2809cf76e33b9f49d	a1736619482bc1798b40e9cbba175da8e3610d6fa7bb554776babd30f16ef30b	67409ff190808c2967c949cae6697bf235010dbe832389cb4976d9089b5f5e1d	complete	True	segregating	81	0.081	True	True	True						False	False	31.484391007	9bed2249947c243fdc915d7faccab211066d63f719a054f50e549c2d4a122398			
eas_selected__confirm100__s0.010000__af0.100000__q5__draw058	confirm100	focal_2bp_forward_only_no_recap_no_neutral_overlay	0.01	0.1	0.075	0.125	500	100	20	58	3527014	981306621	5.0	0.1	2	1	999.0	b1db82958255b8c5c4f2e0a17f5d200b5d1b756e06400731ae9ef5ef8f4bdfb8	b8d07f8c4b5806e65ff47687e2f9be3db988beab960581d2809cf76e33b9f49d	a1736619482bc1798b40e9cbba175da8e3610d6fa7bb554776babd30f16ef30b	67409ff190808c2967c949cae6697bf235010dbe832389cb4976d9089b5f5e1d	complete	True	segregating	122	0.122	True	True	True						False	False	27.505479863000005	d2db136f9e56349773e3796521fc76ef8792bafa992395c2f058395a347410fa			
eas_selected__confirm100__s0.010000__af0.100000__q5__draw059	confirm100	focal_2bp_forward_only_no_recap_no_neutral_overlay	0.01	0.1	0.075	0.125	500	100	20	59	2116341796	1088262332	5.0	0.1	2	1	999.0	b1db82958255b8c5c4f2e0a17f5d200b5d1b756e06400731ae9ef5ef8f4bdfb8	b8d07f8c4b5806e65ff47687e2f9be3db988beab960581d2809cf76e33b9f49d	a1736619482bc1798b40e9cbba175da8e3610d6fa7bb554776babd30f16ef30b	67409ff190808c2967c949cae6697bf235010dbe832389cb4976d9089b5f5e1d	complete	True	segregating	80	0.08	True	True	True						False	False	30.650953046999973	716b5a5a0053438493f4e3e65c2252bb39cd03d1af0dd31de7ac1a611a466159			
eas_selected__confirm100__s0.010000__af0.100000__q5__draw060	confirm100	focal_2bp_forward_only_no_recap_no_neutral_overlay	0.01	0.1	0.075	0.125	500	100	20	60	1115962357	1069770027	5.0	0.1	2	1	999.0	b1db82958255b8c5c4f2e0a17f5d200b5d1b756e06400731ae9ef5ef8f4bdfb8	b8d07f8c4b5806e65ff47687e2f9be3db988beab960581d2809cf76e33b9f49d	a1736619482bc1798b40e9cbba175da8e3610d6fa7bb554776babd30f16ef30b	67409ff190808c2967c949cae6697bf235010dbe832389cb4976d9089b5f5e1d	complete	True	segregating	89	0.089	True	True	True						False	False	37.119323248	e98eb14b8334fd3d49d185311bfa8d8b2edc4cd49332c11c30fd497bbad20c7c			
eas_selected__confirm100__s0.010000__af0.100000__q5__draw061	confirm100	focal_2bp_forward_only_no_recap_no_neutral_overlay	0.01	0.1	0.075	0.125	500	100	20	61	688133002	865936696	5.0	0.1	2	1	999.0	b1db82958255b8c5c4f2e0a17f5d200b5d1b756e06400731ae9ef5ef8f4bdfb8	b8d07f8c4b5806e65ff47687e2f9be3db988beab960581d2809cf76e33b9f49d	a1736619482bc1798b40e9cbba175da8e3610d6fa7bb554776babd30f16ef30b	67409ff190808c2967c949cae6697bf235010dbe832389cb4976d9089b5f5e1d	complete	True	segregating	85	0.085	True	True	True						False	False	26.560531169	3fae58bbdf0c15f6c3fc7c9a14fedf907876a7d272cec904b886d36e370683dc			
eas_selected__confirm100__s0.010000__af0.100000__q5__draw062	confirm100	focal_2bp_forward_only_no_recap_no_neutral_overlay	0.01	0.1	0.075	0.125	500	100	20	62	176591630	1832124685	5.0	0.1	2	1	999.0	b1db82958255b8c5c4f2e0a17f5d200b5d1b756e06400731ae9ef5ef8f4bdfb8	b8d07f8c4b5806e65ff47687e2f9be3db988beab960581d2809cf76e33b9f49d	a1736619482bc1798b40e9cbba175da8e3610d6fa7bb554776babd30f16ef30b	67409ff190808c2967c949cae6697bf235010dbe832389cb4976d9089b5f5e1d	complete	True	segregating	92	0.092	True	True	True						False	False	22.116269621999948	bc67f1941b4c3d0d3dbca7b9feb460dfaaa8c7649775ca36f7b6a424845be509			
eas_selected__confirm100__s0.010000__af0.100000__q5__draw063	confirm100	focal_2bp_forward_only_no_recap_no_neutral_overlay	0.01	0.1	0.075	0.125	500	100	20	63	1498943878	2063433811	5.0	0.1	2	1	999.0	b1db82958255b8c5c4f2e0a17f5d200b5d1b756e06400731ae9ef5ef8f4bdfb8	b8d07f8c4b5806e65ff47687e2f9be3db988beab960581d2809cf76e33b9f49d	a1736619482bc1798b40e9cbba175da8e3610d6fa7bb554776babd30f16ef30b	67409ff190808c2967c949cae6697bf235010dbe832389cb4976d9089b5f5e1d	complete	True	segregating	84	0.084	True	True	True						False	False	38.755651648000025	0edc753f817bf43e0b0a035bf9ab82f060c517ba4977bedf6028cec980af137f			
eas_selected__confirm100__s0.010000__af0.100000__q5__draw064	confirm100	focal_2bp_forward_only_no_recap_no_neutral_overlay	0.01	0.1	0.075	0.125	500	100	20	64	760818311	1963944342	5.0	0.1	2	1	999.0	b1db82958255b8c5c4f2e0a17f5d200b5d1b756e06400731ae9ef5ef8f4bdfb8	b8d07f8c4b5806e65ff47687e2f9be3db988beab960581d2809cf76e33b9f49d	a1736619482bc1798b40e9cbba175da8e3610d6fa7bb554776babd30f16ef30b	67409ff190808c2967c949cae6697bf235010dbe832389cb4976d9089b5f5e1d	complete	True	segregating	110	0.11	True	True	True						False	False	31.26648006800002	91d4f947be9368769ac7bf211c25eceddaaf1a2243f1bc9c91d78abd8f5b1bb5			
eas_selected__confirm100__s0.010000__af0.100000__q5__draw065	confirm100	focal_2bp_forward_only_no_recap_no_neutral_overlay	0.01	0.1	0.075	0.125	500	100	20	65	3336631	90776320	5.0	0.1	2	1	999.0	b1db82958255b8c5c4f2e0a17f5d200b5d1b756e06400731ae9ef5ef8f4bdfb8	b8d07f8c4b5806e65ff47687e2f9be3db988beab960581d2809cf76e33b9f49d	a1736619482bc1798b40e9cbba175da8e3610d6fa7bb554776babd30f16ef30b	67409ff190808c2967c949cae6697bf235010dbe832389cb4976d9089b5f5e1d	complete	True	segregating	126	0.126	False	False	False						False	False	130.481710954	773f2ae1cb8ec371f4b6042de11570e38d102e076f38b0d929746536a5517d49			
eas_selected__confirm100__s0.010000__af0.100000__q5__draw066	confirm100	focal_2bp_forward_only_no_recap_no_neutral_overlay	0.01	0.1	0.075	0.125	500	100	20	66	744554388	2004883087	5.0	0.1	2	1	999.0	b1db82958255b8c5c4f2e0a17f5d200b5d1b756e06400731ae9ef5ef8f4bdfb8	b8d07f8c4b5806e65ff47687e2f9be3db988beab960581d2809cf76e33b9f49d	a1736619482bc1798b40e9cbba175da8e3610d6fa7bb554776babd30f16ef30b	67409ff190808c2967c949cae6697bf235010dbe832389cb4976d9089b5f5e1d	complete	True	segregating	121	0.121	True	True	True						False	False	42.89201034000001	ef6c16dfa4ffccb84a7c96e3797017441237c1b8e919fe02fd78d113b763dcb1			
eas_selected__confirm100__s0.010000__af0.100000__q5__draw067	confirm100	focal_2bp_forward_only_no_recap_no_neutral_overlay	0.01	0.1	0.075	0.125	500	100	20	67	1091660531	1499427090	5.0	0.1	2	1	999.0	b1db82958255b8c5c4f2e0a17f5d200b5d1b756e06400731ae9ef5ef8f4bdfb8	b8d07f8c4b5806e65ff47687e2f9be3db988beab960581d2809cf76e33b9f49d	a1736619482bc1798b40e9cbba175da8e3610d6fa7bb554776babd30f16ef30b	67409ff190808c2967c949cae6697bf235010dbe832389cb4976d9089b5f5e1d	complete	True	segregating	87	0.087	True	True	True						False	False	53.61690032300004	bf5e0abce203f42c27cdec67df08bd53b6094ca6812854bc0505bf3375180441			
eas_selected__confirm100__s0.010000__af0.100000__q5__draw068	confirm100	focal_2bp_forward_only_no_recap_no_neutral_overlay	0.01	0.1	0.075	0.125	500	100	20	68	1092266448	1369639780	5.0	0.1	2	1	999.0	b1db82958255b8c5c4f2e0a17f5d200b5d1b756e06400731ae9ef5ef8f4bdfb8	b8d07f8c4b5806e65ff47687e2f9be3db988beab960581d2809cf76e33b9f49d	a1736619482bc1798b40e9cbba175da8e3610d6fa7bb554776babd30f16ef30b	67409ff190808c2967c949cae6697bf235010dbe832389cb4976d9089b5f5e1d	complete	True	segregating	89	0.089	True	True	True						False	False	23.01619271300001	9a0c3fa871b9357c09ebfea54b8c7523761264656412ddbdd187cc3558f6f9e9			
eas_selected__confirm100__s0.010000__af0.100000__q5__draw069	confirm100	focal_2bp_forward_only_no_recap_no_neutral_overlay	0.01	0.1	0.075	0.125	500	100	20	69	648458186	470053468	5.0	0.1	2	1	999.0	b1db82958255b8c5c4f2e0a17f5d200b5d1b756e06400731ae9ef5ef8f4bdfb8	b8d07f8c4b5806e65ff47687e2f9be3db988beab960581d2809cf76e33b9f49d	a1736619482bc1798b40e9cbba175da8e3610d6fa7bb554776babd30f16ef30b	67409ff190808c2967c949cae6697bf235010dbe832389cb4976d9089b5f5e1d	complete	True	segregating	65	0.065	False	False	False						False	False	25.54877042800001	2390fa9addcb14e9e31244600a00eeeb17b1bcb3b4eddce0e9fb254b2499e09a			
eas_selected__confirm100__s0.010000__af0.100000__q5__draw070	confirm100	focal_2bp_forward_only_no_recap_no_neutral_overlay	0.01	0.1	0.075	0.125	500	100	20	70	2074903057	1554639860	5.0	0.1	2	1	999.0	b1db82958255b8c5c4f2e0a17f5d200b5d1b756e06400731ae9ef5ef8f4bdfb8	b8d07f8c4b5806e65ff47687e2f9be3db988beab960581d2809cf76e33b9f49d	a1736619482bc1798b40e9cbba175da8e3610d6fa7bb554776babd30f16ef30b	67409ff190808c2967c949cae6697bf235010dbe832389cb4976d9089b5f5e1d	complete	True	segregating	92	0.092	True	True	True						False	False	117.10117233	c889cf6920d23af69f0031703b81ddb0cec64b0fdbb4011cf619e4805f6e9eb8			
eas_selected__confirm100__s0.010000__af0.100000__q5__draw071	confirm100	focal_2bp_forward_only_no_recap_no_neutral_overlay	0.01	0.1	0.075	0.125	500	100	20	71	568675350	130978524	5.0	0.1	2	1	999.0	b1db82958255b8c5c4f2e0a17f5d200b5d1b756e06400731ae9ef5ef8f4bdfb8	b8d07f8c4b5806e65ff47687e2f9be3db988beab960581d2809cf76e33b9f49d	a1736619482bc1798b40e9cbba175da8e3610d6fa7bb554776babd30f16ef30b	67409ff190808c2967c949cae6697bf235010dbe832389cb4976d9089b5f5e1d	complete	True	segregating	120	0.12	True	True	True						False	False	24.053260101999967	90d9213a5cc083d90edf60a06d80bfbfa9e339d769daa52e6ca0135f5d2231d2			
eas_selected__confirm100__s0.010000__af0.100000__q5__draw072	confirm100	focal_2bp_forward_only_no_recap_no_neutral_overlay	0.01	0.1	0.075	0.125	500	100	20	72	186187511	1528430091	5.0	0.1	2	1	999.0	b1db82958255b8c5c4f2e0a17f5d200b5d1b756e06400731ae9ef5ef8f4bdfb8	b8d07f8c4b5806e65ff47687e2f9be3db988beab960581d2809cf76e33b9f49d	a1736619482bc1798b40e9cbba175da8e3610d6fa7bb554776babd30f16ef30b	67409ff190808c2967c949cae6697bf235010dbe832389cb4976d9089b5f5e1d	complete	True	segregating	96	0.096	True	True	True						False	False	37.310257584	420cd54b8b60e717c6b6fa2bf446fd43b08b08616570510ab33969d1cc2aef0b			
eas_selected__confirm100__s0.010000__af0.100000__q5__draw073	confirm100	focal_2bp_forward_only_no_recap_no_neutral_overlay	0.01	0.1	0.075	0.125	500	100	20	73	1060909281	1325113875	5.0	0.1	2	1	999.0	b1db82958255b8c5c4f2e0a17f5d200b5d1b756e06400731ae9ef5ef8f4bdfb8	b8d07f8c4b5806e65ff47687e2f9be3db988beab960581d2809cf76e33b9f49d	a1736619482bc1798b40e9cbba175da8e3610d6fa7bb554776babd30f16ef30b	67409ff190808c2967c949cae6697bf235010dbe832389cb4976d9089b5f5e1d	complete	True	segregating	76	0.076	True	True	True						False	False	40.31010162199999	6bf18e51760dc30fe8570ef327e35c4ffd32524236714afe2ac7d47ebe8b94fc			
eas_selected__confirm100__s0.010000__af0.100000__q5__draw074	confirm100	focal_2bp_forward_only_no_recap_no_neutral_overlay	0.01	0.1	0.075	0.125	500	100	20	74	779534555	229676995	5.0	0.1	2	1	999.0	b1db82958255b8c5c4f2e0a17f5d200b5d1b756e06400731ae9ef5ef8f4bdfb8	b8d07f8c4b5806e65ff47687e2f9be3db988beab960581d2809cf76e33b9f49d	a1736619482bc1798b40e9cbba175da8e3610d6fa7bb554776babd30f16ef30b	67409ff190808c2967c949cae6697bf235010dbe832389cb4976d9089b5f5e1d	complete	True	segregating	102	0.102	True	True	True						False	False	55.705462459000046	ad63c8da7f54c0f6ff557923a41c20e7c6fb1554989dbdfb9e8fbcab03d6cce6			
eas_selected__confirm100__s0.010000__af0.100000__q5__draw075	confirm100	focal_2bp_forward_only_no_recap_no_neutral_overlay	0.01	0.1	0.075	0.125	500	100	20	75	1953254529	1122576772	5.0	0.1	2	1	999.0	b1db82958255b8c5c4f2e0a17f5d200b5d1b756e06400731ae9ef5ef8f4bdfb8	b8d07f8c4b5806e65ff47687e2f9be3db988beab960581d2809cf76e33b9f49d	a1736619482bc1798b40e9cbba175da8e3610d6fa7bb554776babd30f16ef30b	67409ff190808c2967c949cae6697bf235010dbe832389cb4976d9089b5f5e1d	complete	True	segregating	117	0.117	True	True	True						False	False	22.519890169999996	6145873a72ed8253b051f37e12f555ccc381832d0e3645c91fa8dfffb8843603			
eas_selected__confirm100__s0.010000__af0.100000__q5__draw076	confirm100	focal_2bp_forward_only_no_recap_no_neutral_overlay	0.01	0.1	0.075	0.125	500	100	20	76	856747442	2002117367	5.0	0.1	2	1	999.0	b1db82958255b8c5c4f2e0a17f5d200b5d1b756e06400731ae9ef5ef8f4bdfb8	b8d07f8c4b5806e65ff47687e2f9be3db988beab960581d2809cf76e33b9f49d	a1736619482bc1798b40e9cbba175da8e3610d6fa7bb554776babd30f16ef30b	67409ff190808c2967c949cae6697bf235010dbe832389cb4976d9089b5f5e1d	complete	True	segregating	103	0.103	True	True	True						False	False	73.68474056500003	acecf184f789c53c719e21feca4e9cc7c25dc4bcf095bfb7916338bcfdfb011a			
eas_selected__confirm100__s0.010000__af0.100000__q5__draw077	confirm100	focal_2bp_forward_only_no_recap_no_neutral_overlay	0.01	0.1	0.075	0.125	500	100	20	77	612579577	834031616	5.0	0.1	2	1	999.0	b1db82958255b8c5c4f2e0a17f5d200b5d1b756e06400731ae9ef5ef8f4bdfb8	b8d07f8c4b5806e65ff47687e2f9be3db988beab960581d2809cf76e33b9f49d	a1736619482bc1798b40e9cbba175da8e3610d6fa7bb554776babd30f16ef30b	67409ff190808c2967c949cae6697bf235010dbe832389cb4976d9089b5f5e1d	complete	True	segregating	110	0.11	True	True	True						False	False	20.020448466000005	8f71822b9fd4ef07aa93e82778ddd63c18814fb578761431a41ef2f759979936			
eas_selected__confirm100__s0.010000__af0.100000__q5__draw078	confirm100	focal_2bp_forward_only_no_recap_no_neutral_overlay	0.01	0.1	0.075	0.125	500	100	20	78	1336694561	998843543	5.0	0.1	2	1	999.0	b1db82958255b8c5c4f2e0a17f5d200b5d1b756e06400731ae9ef5ef8f4bdfb8	b8d07f8c4b5806e65ff47687e2f9be3db988beab960581d2809cf76e33b9f49d	a1736619482bc1798b40e9cbba175da8e3610d6fa7bb554776babd30f16ef30b	67409ff190808c2967c949cae6697bf235010dbe832389cb4976d9089b5f5e1d	complete	True	segregating	90	0.09	True	True	True						False	False	33.72354970699996	d7eaa1f6c7810a751e95a6a7f62d38c949a4a6b23e8e3b96129ccb15fdbf9a31			
eas_selected__confirm100__s0.010000__af0.100000__q5__draw079	confirm100	focal_2bp_forward_only_no_recap_no_neutral_overlay	0.01	0.1	0.075	0.125	500	100	20	79	497299200	1898896756	5.0	0.1	2	1	999.0	b1db82958255b8c5c4f2e0a17f5d200b5d1b756e06400731ae9ef5ef8f4bdfb8	b8d07f8c4b5806e65ff47687e2f9be3db988beab960581d2809cf76e33b9f49d	a1736619482bc1798b40e9cbba175da8e3610d6fa7bb554776babd30f16ef30b	67409ff190808c2967c949cae6697bf235010dbe832389cb4976d9089b5f5e1d	complete	True	segregating	96	0.096	True	True	True						False	False	26.55358254600003	7fbb269165796b904f49bdb0b145569e64f0a754135f604506eb52934fd89c9f			
eas_selected__confirm100__s0.010000__af0.100000__q5__draw080	confirm100	focal_2bp_forward_only_no_recap_no_neutral_overlay	0.01	0.1	0.075	0.125	500	100	20	80	1674917589	385539264	5.0	0.1	2	1	999.0	b1db82958255b8c5c4f2e0a17f5d200b5d1b756e06400731ae9ef5ef8f4bdfb8	b8d07f8c4b5806e65ff47687e2f9be3db988beab960581d2809cf76e33b9f49d	a1736619482bc1798b40e9cbba175da8e3610d6fa7bb554776babd30f16ef30b	67409ff190808c2967c949cae6697bf235010dbe832389cb4976d9089b5f5e1d	complete	True	segregating	86	0.086	True	True	True						False	False	22.475329257	4b6c630368869b1559f32928fa8ca3ebbb4bc868d75f5785675d9ce581842b4d			
eas_selected__confirm100__s0.010000__af0.100000__q5__draw081	confirm100	focal_2bp_forward_only_no_recap_no_neutral_overlay	0.01	0.1	0.075	0.125	500	100	20	81	1100879133	1135969239	5.0	0.1	2	1	999.0	b1db82958255b8c5c4f2e0a17f5d200b5d1b756e06400731ae9ef5ef8f4bdfb8	b8d07f8c4b5806e65ff47687e2f9be3db988beab960581d2809cf76e33b9f49d	a1736619482bc1798b40e9cbba175da8e3610d6fa7bb554776babd30f16ef30b	67409ff190808c2967c949cae6697bf235010dbe832389cb4976d9089b5f5e1d	complete	True	segregating	93	0.093	True	True	True						False	False	101.60617259000003	ae8067b2387436e75b37c6a448c22ddbc9108f8dd333908cb69b9e58de80b0cf			
eas_selected__confirm100__s0.010000__af0.100000__q5__draw082	confirm100	focal_2bp_forward_only_no_recap_no_neutral_overlay	0.01	0.1	0.075	0.125	500	100	20	82	366188406	386293658	5.0	0.1	2	1	999.0	b1db82958255b8c5c4f2e0a17f5d200b5d1b756e06400731ae9ef5ef8f4bdfb8	b8d07f8c4b5806e65ff47687e2f9be3db988beab960581d2809cf76e33b9f49d	a1736619482bc1798b40e9cbba175da8e3610d6fa7bb554776babd30f16ef30b	67409ff190808c2967c949cae6697bf235010dbe832389cb4976d9089b5f5e1d	complete	True	segregating	105	0.105	True	True	True						False	False	101.27238426299999	9599f8cc8b085b6aad08180caa05d6c89640ac7cf8a9753ffdde704b554f290f			
eas_selected__confirm100__s0.010000__af0.100000__q5__draw083	confirm100	focal_2bp_forward_only_no_recap_no_neutral_overlay	0.01	0.1	0.075	0.125	500	100	20	83	2011098051	440649758	5.0	0.1	2	1	999.0	b1db82958255b8c5c4f2e0a17f5d200b5d1b756e06400731ae9ef5ef8f4bdfb8	b8d07f8c4b5806e65ff47687e2f9be3db988beab960581d2809cf76e33b9f49d	a1736619482bc1798b40e9cbba175da8e3610d6fa7bb554776babd30f16ef30b	67409ff190808c2967c949cae6697bf235010dbe832389cb4976d9089b5f5e1d	complete	True	segregating	81	0.081	True	True	True						False	False	31.30001236800001	39c7cb3b3267ae22934129755d8d2c3a1b0d88e6bc18322cf1aae31b13da998d			
eas_selected__confirm100__s0.010000__af0.100000__q5__draw084	confirm100	focal_2bp_forward_only_no_recap_no_neutral_overlay	0.01	0.1	0.075	0.125	500	100	20	84	1268448768	272566200	5.0	0.1	2	1	999.0	b1db82958255b8c5c4f2e0a17f5d200b5d1b756e06400731ae9ef5ef8f4bdfb8	b8d07f8c4b5806e65ff47687e2f9be3db988beab960581d2809cf76e33b9f49d	a1736619482bc1798b40e9cbba175da8e3610d6fa7bb554776babd30f16ef30b	67409ff190808c2967c949cae6697bf235010dbe832389cb4976d9089b5f5e1d	complete	True	segregating	95	0.095	True	True	True						False	False	33.282505879999974	b1e72e4d3e282246a436618397edaf62e08173eaf610d51e7bbf554bc871080a			
eas_selected__confirm100__s0.010000__af0.100000__q5__draw085	confirm100	focal_2bp_forward_only_no_recap_no_neutral_overlay	0.01	0.1	0.075	0.125	500	100	20	85	1919806560	1401318438	5.0	0.1	2	1	999.0	b1db82958255b8c5c4f2e0a17f5d200b5d1b756e06400731ae9ef5ef8f4bdfb8	b8d07f8c4b5806e65ff47687e2f9be3db988beab960581d2809cf76e33b9f49d	a1736619482bc1798b40e9cbba175da8e3610d6fa7bb554776babd30f16ef30b	67409ff190808c2967c949cae6697bf235010dbe832389cb4976d9089b5f5e1d	complete	True	segregating	98	0.098	True	True	True						False	False	43.36753338099999	6099d9fec3eb3969bb1d045967034c87cd0a79b5429397521bdbc30bef054a76			
eas_selected__confirm100__s0.010000__af0.100000__q5__draw086	confirm100	focal_2bp_forward_only_no_recap_no_neutral_overlay	0.01	0.1	0.075	0.125	500	100	20	86	7063835	1710971056	5.0	0.1	2	1	999.0	b1db82958255b8c5c4f2e0a17f5d200b5d1b756e06400731ae9ef5ef8f4bdfb8	b8d07f8c4b5806e65ff47687e2f9be3db988beab960581d2809cf76e33b9f49d	a1736619482bc1798b40e9cbba175da8e3610d6fa7bb554776babd30f16ef30b	67409ff190808c2967c949cae6697bf235010dbe832389cb4976d9089b5f5e1d	complete	True	segregating	123	0.123	True	True	True						False	False	50.835041724999996	48e1c6caca58cf132a3d5224f5a21044907aa7e3a91d61f6a18a2ca4089e0c8c			
eas_selected__confirm100__s0.010000__af0.100000__q5__draw087	confirm100	focal_2bp_forward_only_no_recap_no_neutral_overlay	0.01	0.1	0.075	0.125	500	100	20	87	822465799	1349699849	5.0	0.1	2	1	999.0	b1db82958255b8c5c4f2e0a17f5d200b5d1b756e06400731ae9ef5ef8f4bdfb8	b8d07f8c4b5806e65ff47687e2f9be3db988beab960581d2809cf76e33b9f49d	a1736619482bc1798b40e9cbba175da8e3610d6fa7bb554776babd30f16ef30b	67409ff190808c2967c949cae6697bf235010dbe832389cb4976d9089b5f5e1d	complete	True	segregating	101	0.101	True	True	True						False	False	78.80896908099999	2dfdbd5f651dd07a344fc4c2b68bef959061251c7bdcb10a5b2a3c2a9c9a0c6e			
eas_selected__confirm100__s0.010000__af0.100000__q5__draw088	confirm100	focal_2bp_forward_only_no_recap_no_neutral_overlay	0.01	0.1	0.075	0.125	500	100	20	88	1047882581	30467291	5.0	0.1	2	1	999.0	b1db82958255b8c5c4f2e0a17f5d200b5d1b756e06400731ae9ef5ef8f4bdfb8	b8d07f8c4b5806e65ff47687e2f9be3db988beab960581d2809cf76e33b9f49d	a1736619482bc1798b40e9cbba175da8e3610d6fa7bb554776babd30f16ef30b	67409ff190808c2967c949cae6697bf235010dbe832389cb4976d9089b5f5e1d	complete	True	segregating	93	0.093	True	True	True						False	False	25.033978994999984	a017b808eb24305fb90f7f1243bcf8369821308fd6ef03eca3e2999f34eaa756			
eas_selected__confirm100__s0.010000__af0.100000__q5__draw089	confirm100	focal_2bp_forward_only_no_recap_no_neutral_overlay	0.01	0.1	0.075	0.125	500	100	20	89	467638389	2038520243	5.0	0.1	2	1	999.0	b1db82958255b8c5c4f2e0a17f5d200b5d1b756e06400731ae9ef5ef8f4bdfb8	b8d07f8c4b5806e65ff47687e2f9be3db988beab960581d2809cf76e33b9f49d	a1736619482bc1798b40e9cbba175da8e3610d6fa7bb554776babd30f16ef30b	67409ff190808c2967c949cae6697bf235010dbe832389cb4976d9089b5f5e1d	complete	True	segregating	90	0.09	True	True	True						False	False	38.97153533300002	5fd96cf994ba3f170806f2142c5f6c2be219bb9351283a8e3419f341b9615470			
eas_selected__confirm100__s0.010000__af0.100000__q5__draw090	confirm100	focal_2bp_forward_only_no_recap_no_neutral_overlay	0.01	0.1	0.075	0.125	500	100	20	90	994143677	543237210	5.0	0.1	2	1	999.0	b1db82958255b8c5c4f2e0a17f5d200b5d1b756e06400731ae9ef5ef8f4bdfb8	b8d07f8c4b5806e65ff47687e2f9be3db988beab960581d2809cf76e33b9f49d	a1736619482bc1798b40e9cbba175da8e3610d6fa7bb554776babd30f16ef30b	67409ff190808c2967c949cae6697bf235010dbe832389cb4976d9089b5f5e1d	complete	True	segregating	133	0.133	False	False	False						False	False	54.15767271100003	6ddcc58dddce12d4275cbdfca8125f28ab34fa4006f0f805ff91a9126eee48e4			
eas_selected__confirm100__s0.010000__af0.100000__q5__draw091	confirm100	focal_2bp_forward_only_no_recap_no_neutral_overlay	0.01	0.1	0.075	0.125	500	100	20	91	33762625	1753510207	5.0	0.1	2	1	999.0	b1db82958255b8c5c4f2e0a17f5d200b5d1b756e06400731ae9ef5ef8f4bdfb8	b8d07f8c4b5806e65ff47687e2f9be3db988beab960581d2809cf76e33b9f49d	a1736619482bc1798b40e9cbba175da8e3610d6fa7bb554776babd30f16ef30b	67409ff190808c2967c949cae6697bf235010dbe832389cb4976d9089b5f5e1d	complete	True	segregating	132	0.132	False	False	False						False	False	27.13809270400003	536e3ab3700cc4998d233ecb9469c9d81d997a51d7632da7b344d76efdbb94e3			
eas_selected__confirm100__s0.010000__af0.100000__q5__draw092	confirm100	focal_2bp_forward_only_no_recap_no_neutral_overlay	0.01	0.1	0.075	0.125	500	100	20	92	378323288	1436087283	5.0	0.1	2	1	999.0	b1db82958255b8c5c4f2e0a17f5d200b5d1b756e06400731ae9ef5ef8f4bdfb8	b8d07f8c4b5806e65ff47687e2f9be3db988beab960581d2809cf76e33b9f49d	a1736619482bc1798b40e9cbba175da8e3610d6fa7bb554776babd30f16ef30b	67409ff190808c2967c949cae6697bf235010dbe832389cb4976d9089b5f5e1d	complete	True	segregating	120	0.12	True	True	True						False	False	150.68952285400002	08ad264defb658d1700f5d7a68df3429dd5852665b51cb87d9ea99e25f68b13d			
eas_selected__confirm100__s0.010000__af0.100000__q5__draw093	confirm100	focal_2bp_forward_only_no_recap_no_neutral_overlay	0.01	0.1	0.075	0.125	500	100	20	93	35739785	1211094602	5.0	0.1	2	1	999.0	b1db82958255b8c5c4f2e0a17f5d200b5d1b756e06400731ae9ef5ef8f4bdfb8	b8d07f8c4b5806e65ff47687e2f9be3db988beab960581d2809cf76e33b9f49d	a1736619482bc1798b40e9cbba175da8e3610d6fa7bb554776babd30f16ef30b	67409ff190808c2967c949cae6697bf235010dbe832389cb4976d9089b5f5e1d	complete	True	segregating	130	0.13	False	False	False						False	False	50.358700322999994	8be794310cb08a9db07f71399183fe1606e7b3f772919b2f1617a1e5e77401d1			
eas_selected__confirm100__s0.010000__af0.100000__q5__draw094	confirm100	focal_2bp_forward_only_no_recap_no_neutral_overlay	0.01	0.1	0.075	0.125	500	100	20	94	1069840881	151493203	5.0	0.1	2	1	999.0	b1db82958255b8c5c4f2e0a17f5d200b5d1b756e06400731ae9ef5ef8f4bdfb8	b8d07f8c4b5806e65ff47687e2f9be3db988beab960581d2809cf76e33b9f49d	a1736619482bc1798b40e9cbba175da8e3610d6fa7bb554776babd30f16ef30b	67409ff190808c2967c949cae6697bf235010dbe832389cb4976d9089b5f5e1d	complete	True	segregating	107	0.107	True	True	True						False	False	60.69242103099998	30cc96e96f6cd988bac710907795dc87b50db325fe6e2770723b118ed8885658			
eas_selected__confirm100__s0.010000__af0.100000__q5__draw095	confirm100	focal_2bp_forward_only_no_recap_no_neutral_overlay	0.01	0.1	0.075	0.125	500	100	20	95	1782619366	1043154450	5.0	0.1	2	1	999.0	b1db82958255b8c5c4f2e0a17f5d200b5d1b756e06400731ae9ef5ef8f4bdfb8	b8d07f8c4b5806e65ff47687e2f9be3db988beab960581d2809cf76e33b9f49d	a1736619482bc1798b40e9cbba175da8e3610d6fa7bb554776babd30f16ef30b	67409ff190808c2967c949cae6697bf235010dbe832389cb4976d9089b5f5e1d	complete	True	segregating	77	0.077	True	True	True						False	False	66.73971111200001	a33fa7a6a1b1224883ff09165fc5267b26d9aabadaffd55d9d363fc7bd804c12			
eas_selected__confirm100__s0.010000__af0.100000__q5__draw096	confirm100	focal_2bp_forward_only_no_recap_no_neutral_overlay	0.01	0.1	0.075	0.125	500	100	20	96	1415637446	1006477973	5.0	0.1	2	1	999.0	b1db82958255b8c5c4f2e0a17f5d200b5d1b756e06400731ae9ef5ef8f4bdfb8	b8d07f8c4b5806e65ff47687e2f9be3db988beab960581d2809cf76e33b9f49d	a1736619482bc1798b40e9cbba175da8e3610d6fa7bb554776babd30f16ef30b	67409ff190808c2967c949cae6697bf235010dbe832389cb4976d9089b5f5e1d	complete	True	segregating	88	0.088	True	True	True						False	False	28.358989236000014	bb1a5791bde1fdce9e9c2580964f9df84b1b99e28a71e1fb0e121ced6a55c89d			
eas_selected__confirm100__s0.010000__af0.100000__q5__draw097	confirm100	focal_2bp_forward_only_no_recap_no_neutral_overlay	0.01	0.1	0.075	0.125	500	100	20	97	1019322908	302650455	5.0	0.1	2	1	999.0	b1db82958255b8c5c4f2e0a17f5d200b5d1b756e06400731ae9ef5ef8f4bdfb8	b8d07f8c4b5806e65ff47687e2f9be3db988beab960581d2809cf76e33b9f49d	a1736619482bc1798b40e9cbba175da8e3610d6fa7bb554776babd30f16ef30b	67409ff190808c2967c949cae6697bf235010dbe832389cb4976d9089b5f5e1d	complete	True	segregating	116	0.116	True	True	True						False	False	27.707674967999992	e4941d7ad4bf05647305a59a954afdd163b7073bee8ca4f3cacdea502aeee250			
eas_selected__confirm100__s0.010000__af0.100000__q5__draw098	confirm100	focal_2bp_forward_only_no_recap_no_neutral_overlay	0.01	0.1	0.075	0.125	500	100	20	98	1731782050	1541209878	5.0	0.1	2	1	999.0	b1db82958255b8c5c4f2e0a17f5d200b5d1b756e06400731ae9ef5ef8f4bdfb8	b8d07f8c4b5806e65ff47687e2f9be3db988beab960581d2809cf76e33b9f49d	a1736619482bc1798b40e9cbba175da8e3610d6fa7bb554776babd30f16ef30b	67409ff190808c2967c949cae6697bf235010dbe832389cb4976d9089b5f5e1d	complete	True	segregating	105	0.105	True	True	True						False	False	22.86349079500002	39480e46a084e0bc767d2de2bf73d16478e95d0392e5bb6a4b49fc81bd3e2147			
eas_selected__confirm100__s0.010000__af0.100000__q5__draw099	confirm100	focal_2bp_forward_only_no_recap_no_neutral_overlay	0.01	0.1	0.075	0.125	500	100	20	99	1012096656	381439113	5.0	0.1	2	1	999.0	b1db82958255b8c5c4f2e0a17f5d200b5d1b756e06400731ae9ef5ef8f4bdfb8	b8d07f8c4b5806e65ff47687e2f9be3db988beab960581d2809cf76e33b9f49d	a1736619482bc1798b40e9cbba175da8e3610d6fa7bb554776babd30f16ef30b	67409ff190808c2967c949cae6697bf235010dbe832389cb4976d9089b5f5e1d	complete	True	segregating	91	0.091	True	True	True						False	False	35.982862925000006	dbb45044b975c3a7577765235eb76c7601c5a1a8988828daad0c55e1b5165a87			
eas_selected__confirm100__s0.010000__af0.200000__q5__draw000	confirm100	focal_2bp_forward_only_no_recap_no_neutral_overlay	0.01	0.2	0.175	0.225	500	100	40	0	1876676412	1489928943	5.0	0.1	2	1	1152.0	4cfa2c17f60941a05b793e8bc9840fafe1d1ff3d1f54a04998aab0d0de32394f	c3b66bbac06ec9012ecc12581469a36c1edd8dd20de5bc27a3c4fdae49a5c026	c593c6cb03f6145a0058f3602d1ada7b5f3d930e76d5c5a97849676f5eab8831	67409ff190808c2967c949cae6697bf235010dbe832389cb4976d9089b5f5e1d	complete	True	segregating	180	0.18	True	True	True						False	False	46.682149568	6eb4bcbe576b7f2d6b8d21a8167767caeeef28fc94dc042689649b3bcb502bb9			
eas_selected__confirm100__s0.010000__af0.200000__q5__draw001	confirm100	focal_2bp_forward_only_no_recap_no_neutral_overlay	0.01	0.2	0.175	0.225	500	100	40	1	813570550	609172463	5.0	0.1	2	1	1152.0	4cfa2c17f60941a05b793e8bc9840fafe1d1ff3d1f54a04998aab0d0de32394f	c3b66bbac06ec9012ecc12581469a36c1edd8dd20de5bc27a3c4fdae49a5c026	c593c6cb03f6145a0058f3602d1ada7b5f3d930e76d5c5a97849676f5eab8831	67409ff190808c2967c949cae6697bf235010dbe832389cb4976d9089b5f5e1d	complete	True	segregating	173	0.173	False	False	False						False	False	53.72096060400003	f9c03bc87e0b2bb157d9cbc0b5ddbdeb32014c33fcd20e127649db2d287ef82d			
eas_selected__confirm100__s0.010000__af0.200000__q5__draw002	confirm100	focal_2bp_forward_only_no_recap_no_neutral_overlay	0.01	0.2	0.175	0.225	500	100	40	2	626267470	277661926	5.0	0.1	2	1	1152.0	4cfa2c17f60941a05b793e8bc9840fafe1d1ff3d1f54a04998aab0d0de32394f	c3b66bbac06ec9012ecc12581469a36c1edd8dd20de5bc27a3c4fdae49a5c026	c593c6cb03f6145a0058f3602d1ada7b5f3d930e76d5c5a97849676f5eab8831	67409ff190808c2967c949cae6697bf235010dbe832389cb4976d9089b5f5e1d	complete	True	segregating	217	0.217	True	True	True						False	False	33.23569150000003	4e051d9206f014d5aa992c47bef506c5aedd9fc9caee9dd3c5014dce0f400685			
eas_selected__confirm100__s0.010000__af0.200000__q5__draw003	confirm100	focal_2bp_forward_only_no_recap_no_neutral_overlay	0.01	0.2	0.175	0.225	500	100	40	3	1493918456	2057584926	5.0	0.1	2	1	1152.0	4cfa2c17f60941a05b793e8bc9840fafe1d1ff3d1f54a04998aab0d0de32394f	c3b66bbac06ec9012ecc12581469a36c1edd8dd20de5bc27a3c4fdae49a5c026	c593c6cb03f6145a0058f3602d1ada7b5f3d930e76d5c5a97849676f5eab8831	67409ff190808c2967c949cae6697bf235010dbe832389cb4976d9089b5f5e1d	complete	True	segregating	197	0.197	True	True	True						False	False	67.97689912600003	d25f315667bdddea59dc3d27f79f37e6a5d083c499eab4fa4821515e1be020db			
eas_selected__confirm100__s0.010000__af0.200000__q5__draw004	confirm100	focal_2bp_forward_only_no_recap_no_neutral_overlay	0.01	0.2	0.175	0.225	500	100	40	4	466979057	477991924	5.0	0.1	2	1	1152.0	4cfa2c17f60941a05b793e8bc9840fafe1d1ff3d1f54a04998aab0d0de32394f	c3b66bbac06ec9012ecc12581469a36c1edd8dd20de5bc27a3c4fdae49a5c026	c593c6cb03f6145a0058f3602d1ada7b5f3d930e76d5c5a97849676f5eab8831	67409ff190808c2967c949cae6697bf235010dbe832389cb4976d9089b5f5e1d	complete	True	segregating	204	0.204	True	True	True						False	False	30.50793755899997	33dcaff1423bbd6e4ad4e4b4170e25bdca9c8d0985f2c4de7525a0bf7a1fd2ce			
eas_selected__confirm100__s0.010000__af0.200000__q5__draw005	confirm100	focal_2bp_forward_only_no_recap_no_neutral_overlay	0.01	0.2	0.175	0.225	500	100	40	5	1116642003	2070895493	5.0	0.1	2	1	1152.0	4cfa2c17f60941a05b793e8bc9840fafe1d1ff3d1f54a04998aab0d0de32394f	c3b66bbac06ec9012ecc12581469a36c1edd8dd20de5bc27a3c4fdae49a5c026	c593c6cb03f6145a0058f3602d1ada7b5f3d930e76d5c5a97849676f5eab8831	67409ff190808c2967c949cae6697bf235010dbe832389cb4976d9089b5f5e1d	complete	True	segregating	204	0.204	True	True	True						False	False	149.02994132100002	498ca04a1455d16f34482b7b44be92cc23d5332fb4bcf2f2fac9fd1afc05969e			
eas_selected__confirm100__s0.010000__af0.200000__q5__draw006	confirm100	focal_2bp_forward_only_no_recap_no_neutral_overlay	0.01	0.2	0.175	0.225	500	100	40	6	1077932320	454642994	5.0	0.1	2	1	1152.0	4cfa2c17f60941a05b793e8bc9840fafe1d1ff3d1f54a04998aab0d0de32394f	c3b66bbac06ec9012ecc12581469a36c1edd8dd20de5bc27a3c4fdae49a5c026	c593c6cb03f6145a0058f3602d1ada7b5f3d930e76d5c5a97849676f5eab8831	67409ff190808c2967c949cae6697bf235010dbe832389cb4976d9089b5f5e1d	complete	True	segregating	201	0.201	True	True	True						False	False	39.05152686800005	cf6ed7af937e16d8864698deda9c70de3ce66cfe3596894e0f760480e1c8bd44			
eas_selected__confirm100__s0.010000__af0.200000__q5__draw007	confirm100	focal_2bp_forward_only_no_recap_no_neutral_overlay	0.01	0.2	0.175	0.225	500	100	40	7	1744263095	1833892080	5.0	0.1	2	1	1152.0	4cfa2c17f60941a05b793e8bc9840fafe1d1ff3d1f54a04998aab0d0de32394f	c3b66bbac06ec9012ecc12581469a36c1edd8dd20de5bc27a3c4fdae49a5c026	c593c6cb03f6145a0058f3602d1ada7b5f3d930e76d5c5a97849676f5eab8831	67409ff190808c2967c949cae6697bf235010dbe832389cb4976d9089b5f5e1d	complete	True	segregating	203	0.203	True	True	True						False	False	80.20793686499997	aa2a8acdcbced992300e1e305a4f70ac9e2a2c8a250e8b64b05f1c84c6f5f64c			
eas_selected__confirm100__s0.010000__af0.200000__q5__draw008	confirm100	focal_2bp_forward_only_no_recap_no_neutral_overlay	0.01	0.2	0.175	0.225	500	100	40	8	811641650	1999148629	5.0	0.1	2	1	1152.0	4cfa2c17f60941a05b793e8bc9840fafe1d1ff3d1f54a04998aab0d0de32394f	c3b66bbac06ec9012ecc12581469a36c1edd8dd20de5bc27a3c4fdae49a5c026	c593c6cb03f6145a0058f3602d1ada7b5f3d930e76d5c5a97849676f5eab8831	67409ff190808c2967c949cae6697bf235010dbe832389cb4976d9089b5f5e1d	complete	True	segregating	192	0.192	True	True	True						False	False	141.914469398	b20b230a5698ee83fe7018d3f6fff05d9eed1027053faddbab412964eccad36a			
eas_selected__confirm100__s0.010000__af0.200000__q5__draw009	confirm100	focal_2bp_forward_only_no_recap_no_neutral_overlay	0.01	0.2	0.175	0.225	500	100	40	9	394882089	369252429	5.0	0.1	2	1	1152.0	4cfa2c17f60941a05b793e8bc9840fafe1d1ff3d1f54a04998aab0d0de32394f	c3b66bbac06ec9012ecc12581469a36c1edd8dd20de5bc27a3c4fdae49a5c026	c593c6cb03f6145a0058f3602d1ada7b5f3d930e76d5c5a97849676f5eab8831	67409ff190808c2967c949cae6697bf235010dbe832389cb4976d9089b5f5e1d	complete	True	segregating	222	0.222	True	True	True						False	False	79.437482166	c3933243028b992c8187ccb503a5fbc655b9e25a7696f1eba69d5847489ce58d			
eas_selected__confirm100__s0.010000__af0.200000__q5__draw010	confirm100	focal_2bp_forward_only_no_recap_no_neutral_overlay	0.01	0.2	0.175	0.225	500	100	40	10	1282778289	1684766185	5.0	0.1	2	1	1152.0	4cfa2c17f60941a05b793e8bc9840fafe1d1ff3d1f54a04998aab0d0de32394f	c3b66bbac06ec9012ecc12581469a36c1edd8dd20de5bc27a3c4fdae49a5c026	c593c6cb03f6145a0058f3602d1ada7b5f3d930e76d5c5a97849676f5eab8831	67409ff190808c2967c949cae6697bf235010dbe832389cb4976d9089b5f5e1d	complete	True	segregating	187	0.187	True	True	True						False	False	77.43712578100002	a0b3222f131032ad49d7bccd158366ad3d82f9f99d6fd4b0f749e3c3229a1e52			
eas_selected__confirm100__s0.010000__af0.200000__q5__draw011	confirm100	focal_2bp_forward_only_no_recap_no_neutral_overlay	0.01	0.2	0.175	0.225	500	100	40	11	1983570675	1716108380	5.0	0.1	2	1	1152.0	4cfa2c17f60941a05b793e8bc9840fafe1d1ff3d1f54a04998aab0d0de32394f	c3b66bbac06ec9012ecc12581469a36c1edd8dd20de5bc27a3c4fdae49a5c026	c593c6cb03f6145a0058f3602d1ada7b5f3d930e76d5c5a97849676f5eab8831	67409ff190808c2967c949cae6697bf235010dbe832389cb4976d9089b5f5e1d	complete	True	segregating	187	0.187	True	True	True						False	False	65.77362348899999	381e562b7955c2b5a3c10c1521820c7697e575de61b99ad716d6955bb2a32bd9			
eas_selected__confirm100__s0.010000__af0.200000__q5__draw012	confirm100	focal_2bp_forward_only_no_recap_no_neutral_overlay	0.01	0.2	0.175	0.225	500	100	40	12	832736636	645316238	5.0	0.1	2	1	1152.0	4cfa2c17f60941a05b793e8bc9840fafe1d1ff3d1f54a04998aab0d0de32394f	c3b66bbac06ec9012ecc12581469a36c1edd8dd20de5bc27a3c4fdae49a5c026	c593c6cb03f6145a0058f3602d1ada7b5f3d930e76d5c5a97849676f5eab8831	67409ff190808c2967c949cae6697bf235010dbe832389cb4976d9089b5f5e1d	complete	True	segregating	208	0.208	True	True	True						False	False	23.55704116200002	b845d15b73f116935f475c4d6bb889abb4bcc8b9154b3f21a945cbab0623c685			
eas_selected__confirm100__s0.010000__af0.200000__q5__draw013	confirm100	focal_2bp_forward_only_no_recap_no_neutral_overlay	0.01	0.2	0.175	0.225	500	100	40	13	2018015096	1626696411	5.0	0.1	2	1	1152.0	4cfa2c17f60941a05b793e8bc9840fafe1d1ff3d1f54a04998aab0d0de32394f	c3b66bbac06ec9012ecc12581469a36c1edd8dd20de5bc27a3c4fdae49a5c026	c593c6cb03f6145a0058f3602d1ada7b5f3d930e76d5c5a97849676f5eab8831	67409ff190808c2967c949cae6697bf235010dbe832389cb4976d9089b5f5e1d	complete	True	segregating	172	0.172	False	False	False						False	False	99.02643688900002	6341dff5f70091ca67e025b064021c108a5ec181320f5ad5f077aae29a2231ce			
eas_selected__confirm100__s0.010000__af0.200000__q5__draw014	confirm100	focal_2bp_forward_only_no_recap_no_neutral_overlay	0.01	0.2	0.175	0.225	500	100	40	14	1672918276	2107520026	5.0	0.1	2	1	1152.0	4cfa2c17f60941a05b793e8bc9840fafe1d1ff3d1f54a04998aab0d0de32394f	c3b66bbac06ec9012ecc12581469a36c1edd8dd20de5bc27a3c4fdae49a5c026	c593c6cb03f6145a0058f3602d1ada7b5f3d930e76d5c5a97849676f5eab8831	67409ff190808c2967c949cae6697bf235010dbe832389cb4976d9089b5f5e1d	complete	True	segregating	200	0.2	True	True	True						False	False	79.39069676200006	495613e64fd5bb50dcb082ad34a3c5405656dc9d2b692f7005fac341d593de5a			
eas_selected__confirm100__s0.010000__af0.200000__q5__draw015	confirm100	focal_2bp_forward_only_no_recap_no_neutral_overlay	0.01	0.2	0.175	0.225	500	100	40	15	1598392172	522091019	5.0	0.1	2	1	1152.0	4cfa2c17f60941a05b793e8bc9840fafe1d1ff3d1f54a04998aab0d0de32394f	c3b66bbac06ec9012ecc12581469a36c1edd8dd20de5bc27a3c4fdae49a5c026	c593c6cb03f6145a0058f3602d1ada7b5f3d930e76d5c5a97849676f5eab8831	67409ff190808c2967c949cae6697bf235010dbe832389cb4976d9089b5f5e1d	complete	True	segregating	196	0.196	True	True	True						False	False	67.12689580199998	025bc0f64a9d5169cf385057153c8b08448bbc7bdc3f966db5239184b68c5061			
eas_selected__confirm100__s0.010000__af0.200000__q5__draw016	confirm100	focal_2bp_forward_only_no_recap_no_neutral_overlay	0.01	0.2	0.175	0.225	500	100	40	16	597008016	1642657507	5.0	0.1	2	1	1152.0	4cfa2c17f60941a05b793e8bc9840fafe1d1ff3d1f54a04998aab0d0de32394f	c3b66bbac06ec9012ecc12581469a36c1edd8dd20de5bc27a3c4fdae49a5c026	c593c6cb03f6145a0058f3602d1ada7b5f3d930e76d5c5a97849676f5eab8831	67409ff190808c2967c949cae6697bf235010dbe832389cb4976d9089b5f5e1d	complete	True	segregating	194	0.194	True	True	True						False	False	60.22880655499995	f6a73e869662b63123e5c270310fad01ac647b5dedf5eb71228560982ffded95			
eas_selected__confirm100__s0.010000__af0.200000__q5__draw017	confirm100	focal_2bp_forward_only_no_recap_no_neutral_overlay	0.01	0.2	0.175	0.225	500	100	40	17	964036531	1692724583	5.0	0.1	2	1	1152.0	4cfa2c17f60941a05b793e8bc9840fafe1d1ff3d1f54a04998aab0d0de32394f	c3b66bbac06ec9012ecc12581469a36c1edd8dd20de5bc27a3c4fdae49a5c026	c593c6cb03f6145a0058f3602d1ada7b5f3d930e76d5c5a97849676f5eab8831	67409ff190808c2967c949cae6697bf235010dbe832389cb4976d9089b5f5e1d	complete	True	segregating	201	0.201	True	True	True						False	False	34.225137982000035	de1aee6b180c72e35fa1c27b48841a27ded184cc4f9b6e9baa7a424ea3c6acc6			
eas_selected__confirm100__s0.010000__af0.200000__q5__draw018	confirm100	focal_2bp_forward_only_no_recap_no_neutral_overlay	0.01	0.2	0.175	0.225	500	100	40	18	147569366	1265410419	5.0	0.1	2	1	1152.0	4cfa2c17f60941a05b793e8bc9840fafe1d1ff3d1f54a04998aab0d0de32394f	c3b66bbac06ec9012ecc12581469a36c1edd8dd20de5bc27a3c4fdae49a5c026	c593c6cb03f6145a0058f3602d1ada7b5f3d930e76d5c5a97849676f5eab8831	67409ff190808c2967c949cae6697bf235010dbe832389cb4976d9089b5f5e1d	complete	True	segregating	214	0.214	True	True	True						False	False	115.43258769900001	3640f348312f4cbcb54b55d33d11049823dbeb218bc4ec1f1d05491763109916			
eas_selected__confirm100__s0.010000__af0.200000__q5__draw019	confirm100	focal_2bp_forward_only_no_recap_no_neutral_overlay	0.01	0.2	0.175	0.225	500	100	40	19	318022400	131832916	5.0	0.1	2	1	1152.0	4cfa2c17f60941a05b793e8bc9840fafe1d1ff3d1f54a04998aab0d0de32394f	c3b66bbac06ec9012ecc12581469a36c1edd8dd20de5bc27a3c4fdae49a5c026	c593c6cb03f6145a0058f3602d1ada7b5f3d930e76d5c5a97849676f5eab8831	67409ff190808c2967c949cae6697bf235010dbe832389cb4976d9089b5f5e1d	complete	True	segregating	206	0.206	True	True	True						False	False	46.635918315000026	bd0836cc7d8b912e74390660bf5019a8569a9fd139ed409ae5b58ed7909a33d6			
eas_selected__confirm100__s0.010000__af0.200000__q5__draw020	confirm100	focal_2bp_forward_only_no_recap_no_neutral_overlay	0.01	0.2	0.175	0.225	500	100	40	20	13560467	1992763072	5.0	0.1	2	1	1152.0	4cfa2c17f60941a05b793e8bc9840fafe1d1ff3d1f54a04998aab0d0de32394f	c3b66bbac06ec9012ecc12581469a36c1edd8dd20de5bc27a3c4fdae49a5c026	c593c6cb03f6145a0058f3602d1ada7b5f3d930e76d5c5a97849676f5eab8831	67409ff190808c2967c949cae6697bf235010dbe832389cb4976d9089b5f5e1d	complete	True	segregating	192	0.192	True	True	True						False	False	61.961255435	b8ad06d49daee70b732d1ca76ad8a0a2c646c2832a87b2296d8091a2c73a4724			
eas_selected__confirm100__s0.010000__af0.200000__q5__draw021	confirm100	focal_2bp_forward_only_no_recap_no_neutral_overlay	0.01	0.2	0.175	0.225	500	100	40	21	1437558681	2098690512	5.0	0.1	2	1	1152.0	4cfa2c17f60941a05b793e8bc9840fafe1d1ff3d1f54a04998aab0d0de32394f	c3b66bbac06ec9012ecc12581469a36c1edd8dd20de5bc27a3c4fdae49a5c026	c593c6cb03f6145a0058f3602d1ada7b5f3d930e76d5c5a97849676f5eab8831	67409ff190808c2967c949cae6697bf235010dbe832389cb4976d9089b5f5e1d	complete	True	segregating	193	0.193	True	True	True						False	False	40.51041542199994	54af9894d9e5dba6fc3704c758d37a71235a9a3c8cd095e9d029837f9bb1e69c			
eas_selected__confirm100__s0.010000__af0.200000__q5__draw022	confirm100	focal_2bp_forward_only_no_recap_no_neutral_overlay	0.01	0.2	0.175	0.225	500	100	40	22	361136422	1033588058	5.0	0.1	2	1	1152.0	4cfa2c17f60941a05b793e8bc9840fafe1d1ff3d1f54a04998aab0d0de32394f	c3b66bbac06ec9012ecc12581469a36c1edd8dd20de5bc27a3c4fdae49a5c026	c593c6cb03f6145a0058f3602d1ada7b5f3d930e76d5c5a97849676f5eab8831	67409ff190808c2967c949cae6697bf235010dbe832389cb4976d9089b5f5e1d	complete	True	segregating	167	0.167	False	False	False						False	False	77.40658997100002	10114714d3d10e31083d5abc2234373c12f15c8049f658cfab169b6442192634			
eas_selected__confirm100__s0.010000__af0.200000__q5__draw023	confirm100	focal_2bp_forward_only_no_recap_no_neutral_overlay	0.01	0.2	0.175	0.225	500	100	40	23	2045197973	1397592126	5.0	0.1	2	1	1152.0	4cfa2c17f60941a05b793e8bc9840fafe1d1ff3d1f54a04998aab0d0de32394f	c3b66bbac06ec9012ecc12581469a36c1edd8dd20de5bc27a3c4fdae49a5c026	c593c6cb03f6145a0058f3602d1ada7b5f3d930e76d5c5a97849676f5eab8831	67409ff190808c2967c949cae6697bf235010dbe832389cb4976d9089b5f5e1d	complete	True	segregating	222	0.222	True	True	True						False	False	121.380090311	f4307c417cb5519f8f26846142ba49fc1696a717e3bee3305ef8b91a7cff6aaa			
eas_selected__confirm100__s0.010000__af0.200000__q5__draw024	confirm100	focal_2bp_forward_only_no_recap_no_neutral_overlay	0.01	0.2	0.175	0.225	500	100	40	24	1752626553	197441954	5.0	0.1	2	1	1152.0	4cfa2c17f60941a05b793e8bc9840fafe1d1ff3d1f54a04998aab0d0de32394f	c3b66bbac06ec9012ecc12581469a36c1edd8dd20de5bc27a3c4fdae49a5c026	c593c6cb03f6145a0058f3602d1ada7b5f3d930e76d5c5a97849676f5eab8831	67409ff190808c2967c949cae6697bf235010dbe832389cb4976d9089b5f5e1d	complete	True	segregating	186	0.186	True	True	True						False	False	23.555385656999988	aad654653f871fa4cfa783f59c594fb5ae1e3057fe289fc7473db8c4777ae7be			
eas_selected__confirm100__s0.010000__af0.200000__q5__draw025	confirm100	focal_2bp_forward_only_no_recap_no_neutral_overlay	0.01	0.2	0.175	0.225	500	100	40	25	867089269	437308776	5.0	0.1	2	1	1152.0	4cfa2c17f60941a05b793e8bc9840fafe1d1ff3d1f54a04998aab0d0de32394f	c3b66bbac06ec9012ecc12581469a36c1edd8dd20de5bc27a3c4fdae49a5c026	c593c6cb03f6145a0058f3602d1ada7b5f3d930e76d5c5a97849676f5eab8831	67409ff190808c2967c949cae6697bf235010dbe832389cb4976d9089b5f5e1d	complete	True	segregating	203	0.203	True	True	True						False	False	21.04802087300004	bdd462c64bc20da822db14330c189e1bff6d7dcc9d0053d2b946d181663f6e5b			
eas_selected__confirm100__s0.010000__af0.200000__q5__draw026	confirm100	focal_2bp_forward_only_no_recap_no_neutral_overlay	0.01	0.2	0.175	0.225	500	100	40	26	751663893	953436173	5.0	0.1	2	1	1152.0	4cfa2c17f60941a05b793e8bc9840fafe1d1ff3d1f54a04998aab0d0de32394f	c3b66bbac06ec9012ecc12581469a36c1edd8dd20de5bc27a3c4fdae49a5c026	c593c6cb03f6145a0058f3602d1ada7b5f3d930e76d5c5a97849676f5eab8831	67409ff190808c2967c949cae6697bf235010dbe832389cb4976d9089b5f5e1d	complete	True	segregating	190	0.19	True	True	True						False	False	129.82688125899995	a424245cfa4df13debd99f49957012c919d5a09e4725f0654a00e572ee37d7a5			
eas_selected__confirm100__s0.010000__af0.200000__q5__draw027	confirm100	focal_2bp_forward_only_no_recap_no_neutral_overlay	0.01	0.2	0.175	0.225	500	100	40	27	1233282147	1651215397	5.0	0.1	2	1	1152.0	4cfa2c17f60941a05b793e8bc9840fafe1d1ff3d1f54a04998aab0d0de32394f	c3b66bbac06ec9012ecc12581469a36c1edd8dd20de5bc27a3c4fdae49a5c026	c593c6cb03f6145a0058f3602d1ada7b5f3d930e76d5c5a97849676f5eab8831	67409ff190808c2967c949cae6697bf235010dbe832389cb4976d9089b5f5e1d	complete	True	segregating	190	0.19	True	True	True						False	False	37.75003179599992	1842f78c52e6ec27c279badb84a96e5841cf7b6c585d9281e5324f5ef5e3be7a			
eas_selected__confirm100__s0.010000__af0.200000__q5__draw028	confirm100	focal_2bp_forward_only_no_recap_no_neutral_overlay	0.01	0.2	0.175	0.225	500	100	40	28	1903488934	42383499	5.0	0.1	2	1	1152.0	4cfa2c17f60941a05b793e8bc9840fafe1d1ff3d1f54a04998aab0d0de32394f	c3b66bbac06ec9012ecc12581469a36c1edd8dd20de5bc27a3c4fdae49a5c026	c593c6cb03f6145a0058f3602d1ada7b5f3d930e76d5c5a97849676f5eab8831	67409ff190808c2967c949cae6697bf235010dbe832389cb4976d9089b5f5e1d	complete	True	segregating	166	0.166	False	False	False						False	False	48.611628475999964	98f716359c0fc62924bbc615fc006873bd9108eb607ad81b35fd6f18290a7a40			
eas_selected__confirm100__s0.010000__af0.200000__q5__draw029	confirm100	focal_2bp_forward_only_no_recap_no_neutral_overlay	0.01	0.2	0.175	0.225	500	100	40	29	1788010044	1321943970	5.0	0.1	2	1	1152.0	4cfa2c17f60941a05b793e8bc9840fafe1d1ff3d1f54a04998aab0d0de32394f	c3b66bbac06ec9012ecc12581469a36c1edd8dd20de5bc27a3c4fdae49a5c026	c593c6cb03f6145a0058f3602d1ada7b5f3d930e76d5c5a97849676f5eab8831	67409ff190808c2967c949cae6697bf235010dbe832389cb4976d9089b5f5e1d	complete	True	segregating	182	0.182	True	True	True						False	False	47.740146460999995	cc49ed066cfe43c3994d9d47db104a46596b458d420008424b1c536517ce1b80			
eas_selected__confirm100__s0.010000__af0.200000__q5__draw030	confirm100	focal_2bp_forward_only_no_recap_no_neutral_overlay	0.01	0.2	0.175	0.225	500	100	40	30	1687024856	2108869394	5.0	0.1	2	1	1152.0	4cfa2c17f60941a05b793e8bc9840fafe1d1ff3d1f54a04998aab0d0de32394f	c3b66bbac06ec9012ecc12581469a36c1edd8dd20de5bc27a3c4fdae49a5c026	c593c6cb03f6145a0058f3602d1ada7b5f3d930e76d5c5a97849676f5eab8831	67409ff190808c2967c949cae6697bf235010dbe832389cb4976d9089b5f5e1d	complete	True	segregating	215	0.215	True	True	True						False	False	25.073369833000015	7f008cf734d0f81ced7e1810ae6901745d5476679ed0e2f82ff1832604477457			
eas_selected__confirm100__s0.010000__af0.200000__q5__draw031	confirm100	focal_2bp_forward_only_no_recap_no_neutral_overlay	0.01	0.2	0.175	0.225	500	100	40	31	911408165	1642798791	5.0	0.1	2	1	1152.0	4cfa2c17f60941a05b793e8bc9840fafe1d1ff3d1f54a04998aab0d0de32394f	c3b66bbac06ec9012ecc12581469a36c1edd8dd20de5bc27a3c4fdae49a5c026	c593c6cb03f6145a0058f3602d1ada7b5f3d930e76d5c5a97849676f5eab8831	67409ff190808c2967c949cae6697bf235010dbe832389cb4976d9089b5f5e1d	complete	True	segregating	172	0.172	False	False	False						False	False	251.79626999200002	424b52c9453aeb0a65d6d3cfcb92960a42a052338567f81dafee39d0f3248997			
eas_selected__confirm100__s0.010000__af0.200000__q5__draw032	confirm100	focal_2bp_forward_only_no_recap_no_neutral_overlay	0.01	0.2	0.175	0.225	500	100	40	32	1956009461	274148803	5.0	0.1	2	1	1152.0	4cfa2c17f60941a05b793e8bc9840fafe1d1ff3d1f54a04998aab0d0de32394f	c3b66bbac06ec9012ecc12581469a36c1edd8dd20de5bc27a3c4fdae49a5c026	c593c6cb03f6145a0058f3602d1ada7b5f3d930e76d5c5a97849676f5eab8831	67409ff190808c2967c949cae6697bf235010dbe832389cb4976d9089b5f5e1d	complete	True	segregating	181	0.181	True	True	True						False	False	207.50374837200002	663c98fff13095d191271122c3c335bdf5878dc5b90acf21ee15cead9aeb950d			
eas_selected__confirm100__s0.010000__af0.200000__q5__draw033	confirm100	focal_2bp_forward_only_no_recap_no_neutral_overlay	0.01	0.2	0.175	0.225	500	100	40	33	1099298635	881332965	5.0	0.1	2	1	1152.0	4cfa2c17f60941a05b793e8bc9840fafe1d1ff3d1f54a04998aab0d0de32394f	c3b66bbac06ec9012ecc12581469a36c1edd8dd20de5bc27a3c4fdae49a5c026	c593c6cb03f6145a0058f3602d1ada7b5f3d930e76d5c5a97849676f5eab8831	67409ff190808c2967c949cae6697bf235010dbe832389cb4976d9089b5f5e1d	complete	True	segregating	229	0.229	False	False	False						False	False	50.45732401999999	89c977fa0d43b139684390e4696ee3a9bf265c358e6a7cb2d416f4f1fad01dcd			
eas_selected__confirm100__s0.010000__af0.200000__q5__draw034	confirm100	focal_2bp_forward_only_no_recap_no_neutral_overlay	0.01	0.2	0.175	0.225	500	100	40	34	1176240330	916724330	5.0	0.1	2	1	1152.0	4cfa2c17f60941a05b793e8bc9840fafe1d1ff3d1f54a04998aab0d0de32394f	c3b66bbac06ec9012ecc12581469a36c1edd8dd20de5bc27a3c4fdae49a5c026	c593c6cb03f6145a0058f3602d1ada7b5f3d930e76d5c5a97849676f5eab8831	67409ff190808c2967c949cae6697bf235010dbe832389cb4976d9089b5f5e1d	complete	True	segregating	207	0.207	True	True	True						False	False	27.360753009000064	89573ea30ffbf9500fb1cb366ccd8c8f1a90d349f0d72ebdecb00a5367ad30ce			
eas_selected__confirm100__s0.010000__af0.200000__q5__draw035	confirm100	focal_2bp_forward_only_no_recap_no_neutral_overlay	0.01	0.2	0.175	0.225	500	100	40	35	1146774431	1470963005	5.0	0.1	2	1	1152.0	4cfa2c17f60941a05b793e8bc9840fafe1d1ff3d1f54a04998aab0d0de32394f	c3b66bbac06ec9012ecc12581469a36c1edd8dd20de5bc27a3c4fdae49a5c026	c593c6cb03f6145a0058f3602d1ada7b5f3d930e76d5c5a97849676f5eab8831	67409ff190808c2967c949cae6697bf235010dbe832389cb4976d9089b5f5e1d	complete	True	segregating	209	0.209	True	True	True						False	False	51.15526670199995	a94a07bc054f02a818520df56402d399460f4d18eb41aaca7e7b053a14c1a301			
eas_selected__confirm100__s0.010000__af0.200000__q5__draw036	confirm100	focal_2bp_forward_only_no_recap_no_neutral_overlay	0.01	0.2	0.175	0.225	500	100	40	36	172675214	1561040728	5.0	0.1	2	1	1152.0	4cfa2c17f60941a05b793e8bc9840fafe1d1ff3d1f54a04998aab0d0de32394f	c3b66bbac06ec9012ecc12581469a36c1edd8dd20de5bc27a3c4fdae49a5c026	c593c6cb03f6145a0058f3602d1ada7b5f3d930e76d5c5a97849676f5eab8831	67409ff190808c2967c949cae6697bf235010dbe832389cb4976d9089b5f5e1d	complete	True	segregating	192	0.192	True	True	True						False	False	29.137971904999972	93ba92814d110de417c9c6be75847f41ab85dde476875b708895d3bec2bc09a3			
eas_selected__confirm100__s0.010000__af0.200000__q5__draw037	confirm100	focal_2bp_forward_only_no_recap_no_neutral_overlay	0.01	0.2	0.175	0.225	500	100	40	37	1141804322	1266495833	5.0	0.1	2	1	1152.0	4cfa2c17f60941a05b793e8bc9840fafe1d1ff3d1f54a04998aab0d0de32394f	c3b66bbac06ec9012ecc12581469a36c1edd8dd20de5bc27a3c4fdae49a5c026	c593c6cb03f6145a0058f3602d1ada7b5f3d930e76d5c5a97849676f5eab8831	67409ff190808c2967c949cae6697bf235010dbe832389cb4976d9089b5f5e1d	complete	True	segregating	201	0.201	True	True	True						False	False	36.126716499000054	acaf8aba89af15ee4acb3fb2203ffccb5a3584cac711058e873d61ab5f064aeb			
eas_selected__confirm100__s0.010000__af0.200000__q5__draw038	confirm100	focal_2bp_forward_only_no_recap_no_neutral_overlay	0.01	0.2	0.175	0.225	500	100	40	38	707670327	2023964310	5.0	0.1	2	1	1152.0	4cfa2c17f60941a05b793e8bc9840fafe1d1ff3d1f54a04998aab0d0de32394f	c3b66bbac06ec9012ecc12581469a36c1edd8dd20de5bc27a3c4fdae49a5c026	c593c6cb03f6145a0058f3602d1ada7b5f3d930e76d5c5a97849676f5eab8831	67409ff190808c2967c949cae6697bf235010dbe832389cb4976d9089b5f5e1d	complete	True	segregating	190	0.19	True	True	True						False	False	181.45247828100003	171c1d2c2ed7e66f52fe3232caa70ac58834b27be71e41cd6b0173a1d237cb26			
eas_selected__confirm100__s0.010000__af0.200000__q5__draw039	confirm100	focal_2bp_forward_only_no_recap_no_neutral_overlay	0.01	0.2	0.175	0.225	500	100	40	39	140076208	1430501154	5.0	0.1	2	1	1152.0	4cfa2c17f60941a05b793e8bc9840fafe1d1ff3d1f54a04998aab0d0de32394f	c3b66bbac06ec9012ecc12581469a36c1edd8dd20de5bc27a3c4fdae49a5c026	c593c6cb03f6145a0058f3602d1ada7b5f3d930e76d5c5a97849676f5eab8831	67409ff190808c2967c949cae6697bf235010dbe832389cb4976d9089b5f5e1d	complete	True	segregating	187	0.187	True	True	True						False	False	31.679399235999995	89ebd94468790bd4db2c5f0ff3986c53ec1259632a9f1ed4165a7286bfc175b7			
eas_selected__confirm100__s0.010000__af0.200000__q5__draw040	confirm100	focal_2bp_forward_only_no_recap_no_neutral_overlay	0.01	0.2	0.175	0.225	500	100	40	40	564029602	743485646	5.0	0.1	2	1	1152.0	4cfa2c17f60941a05b793e8bc9840fafe1d1ff3d1f54a04998aab0d0de32394f	c3b66bbac06ec9012ecc12581469a36c1edd8dd20de5bc27a3c4fdae49a5c026	c593c6cb03f6145a0058f3602d1ada7b5f3d930e76d5c5a97849676f5eab8831	67409ff190808c2967c949cae6697bf235010dbe832389cb4976d9089b5f5e1d	complete	True	segregating	185	0.185	True	True	True						False	False	130.677959105	87d36d194b70b4604c7c8191ddadd25579e60226f586f0bd25ea8f4de8bd5f95			
eas_selected__confirm100__s0.010000__af0.200000__q5__draw041	confirm100	focal_2bp_forward_only_no_recap_no_neutral_overlay	0.01	0.2	0.175	0.225	500	100	40	41	1091561682	209611390	5.0	0.1	2	1	1152.0	4cfa2c17f60941a05b793e8bc9840fafe1d1ff3d1f54a04998aab0d0de32394f	c3b66bbac06ec9012ecc12581469a36c1edd8dd20de5bc27a3c4fdae49a5c026	c593c6cb03f6145a0058f3602d1ada7b5f3d930e76d5c5a97849676f5eab8831	67409ff190808c2967c949cae6697bf235010dbe832389cb4976d9089b5f5e1d	complete	True	segregating	219	0.219	True	True	True						False	False	104.88129630499998	33eb2995e04ea7e6485d99625b2166fb10e3684563627d66d5d487becc31a2f7			
eas_selected__confirm100__s0.010000__af0.200000__q5__draw042	confirm100	focal_2bp_forward_only_no_recap_no_neutral_overlay	0.01	0.2	0.175	0.225	500	100	40	42	2083971605	699018631	5.0	0.1	2	1	1152.0	4cfa2c17f60941a05b793e8bc9840fafe1d1ff3d1f54a04998aab0d0de32394f	c3b66bbac06ec9012ecc12581469a36c1edd8dd20de5bc27a3c4fdae49a5c026	c593c6cb03f6145a0058f3602d1ada7b5f3d930e76d5c5a97849676f5eab8831	67409ff190808c2967c949cae6697bf235010dbe832389cb4976d9089b5f5e1d	complete	True	segregating	186	0.186	True	True	True						False	False	130.77533325699994	c53a74c4d6f842d70f4e67f156fe4f984206b4ff485ce3628771bfd1e922f61c			
eas_selected__confirm100__s0.010000__af0.200000__q5__draw043	confirm100	focal_2bp_forward_only_no_recap_no_neutral_overlay	0.01	0.2	0.175	0.225	500	100	40	43	1829513820	1951725158	5.0	0.1	2	1	1152.0	4cfa2c17f60941a05b793e8bc9840fafe1d1ff3d1f54a04998aab0d0de32394f	c3b66bbac06ec9012ecc12581469a36c1edd8dd20de5bc27a3c4fdae49a5c026	c593c6cb03f6145a0058f3602d1ada7b5f3d930e76d5c5a97849676f5eab8831	67409ff190808c2967c949cae6697bf235010dbe832389cb4976d9089b5f5e1d	complete	True	segregating	185	0.185	True	True	True						False	False	113.29247075799992	4a2dbb86c29270075d110675cedf35c00a4c3f85bc55e2d91ea593a5aab94e60			
eas_selected__confirm100__s0.010000__af0.200000__q5__draw044	confirm100	focal_2bp_forward_only_no_recap_no_neutral_overlay	0.01	0.2	0.175	0.225	500	100	40	44	1838640157	1112413078	5.0	0.1	2	1	1152.0	4cfa2c17f60941a05b793e8bc9840fafe1d1ff3d1f54a04998aab0d0de32394f	c3b66bbac06ec9012ecc12581469a36c1edd8dd20de5bc27a3c4fdae49a5c026	c593c6cb03f6145a0058f3602d1ada7b5f3d930e76d5c5a97849676f5eab8831	67409ff190808c2967c949cae6697bf235010dbe832389cb4976d9089b5f5e1d	complete	True	segregating	204	0.204	True	True	True						False	False	137.758813464	f718ebf969e706bc8bb9d5699785e212a3bdd027372430d44dbf5452cb395d6c			
eas_selected__confirm100__s0.010000__af0.200000__q5__draw045	confirm100	focal_2bp_forward_only_no_recap_no_neutral_overlay	0.01	0.2	0.175	0.225	500	100	40	45	1324640054	877678360	5.0	0.1	2	1	1152.0	4cfa2c17f60941a05b793e8bc9840fafe1d1ff3d1f54a04998aab0d0de32394f	c3b66bbac06ec9012ecc12581469a36c1edd8dd20de5bc27a3c4fdae49a5c026	c593c6cb03f6145a0058f3602d1ada7b5f3d930e76d5c5a97849676f5eab8831	67409ff190808c2967c949cae6697bf235010dbe832389cb4976d9089b5f5e1d	complete	True	segregating	196	0.196	True	True	True						False	False	20.849898543999984	a7ffce040c1e08ac73713c6124f3b0e11c124c3c3dbf7ae96497e7ef40193470			
eas_selected__confirm100__s0.010000__af0.200000__q5__draw046	confirm100	focal_2bp_forward_only_no_recap_no_neutral_overlay	0.01	0.2	0.175	0.225	500	100	40	46	1790525784	1943707896	5.0	0.1	2	1	1152.0	4cfa2c17f60941a05b793e8bc9840fafe1d1ff3d1f54a04998aab0d0de32394f	c3b66bbac06ec9012ecc12581469a36c1edd8dd20de5bc27a3c4fdae49a5c026	c593c6cb03f6145a0058f3602d1ada7b5f3d930e76d5c5a97849676f5eab8831	67409ff190808c2967c949cae6697bf235010dbe832389cb4976d9089b5f5e1d	complete	True	segregating	165	0.165	False	False	False						False	False	25.256400327999927	88588cec61d0a28f65f63be145d813fd7c8516fdb6700294f48b6dd96d73f8ce			
eas_selected__confirm100__s0.010000__af0.200000__q5__draw047	confirm100	focal_2bp_forward_only_no_recap_no_neutral_overlay	0.01	0.2	0.175	0.225	500	100	40	47	1945539776	492864414	5.0	0.1	2	1	1152.0	4cfa2c17f60941a05b793e8bc9840fafe1d1ff3d1f54a04998aab0d0de32394f	c3b66bbac06ec9012ecc12581469a36c1edd8dd20de5bc27a3c4fdae49a5c026	c593c6cb03f6145a0058f3602d1ada7b5f3d930e76d5c5a97849676f5eab8831	67409ff190808c2967c949cae6697bf235010dbe832389cb4976d9089b5f5e1d	complete	True	segregating	196	0.196	True	True	True						False	False	40.693020477999994	aed4c3ed8b59c1f8516be213e55d421005a52cdde208dd70f8a72e70507812cd			
eas_selected__confirm100__s0.010000__af0.200000__q5__draw048	confirm100	focal_2bp_forward_only_no_recap_no_neutral_overlay	0.01	0.2	0.175	0.225	500	100	40	48	73916522	1581624488	5.0	0.1	2	1	1152.0	4cfa2c17f60941a05b793e8bc9840fafe1d1ff3d1f54a04998aab0d0de32394f	c3b66bbac06ec9012ecc12581469a36c1edd8dd20de5bc27a3c4fdae49a5c026	c593c6cb03f6145a0058f3602d1ada7b5f3d930e76d5c5a97849676f5eab8831	67409ff190808c2967c949cae6697bf235010dbe832389cb4976d9089b5f5e1d	complete	True	segregating	230	0.23	False	False	False						False	False	42.36951564200001	3e1583fe168e99d2335941b76e23a465df7d12da3d78a60b9027d9dbd04b4bee			
eas_selected__confirm100__s0.010000__af0.200000__q5__draw049	confirm100	focal_2bp_forward_only_no_recap_no_neutral_overlay	0.01	0.2	0.175	0.225	500	100	40	49	1828950890	1881897981	5.0	0.1	2	1	1152.0	4cfa2c17f60941a05b793e8bc9840fafe1d1ff3d1f54a04998aab0d0de32394f	c3b66bbac06ec9012ecc12581469a36c1edd8dd20de5bc27a3c4fdae49a5c026	c593c6cb03f6145a0058f3602d1ada7b5f3d930e76d5c5a97849676f5eab8831	67409ff190808c2967c949cae6697bf235010dbe832389cb4976d9089b5f5e1d	complete	True	segregating	212	0.212	True	True	True						False	False	161.31311548400004	5dbcfc06d7681302289b1ab719104e2793b15e867aa3f06fe834b9701f010fb3			
eas_selected__confirm100__s0.010000__af0.200000__q5__draw050	confirm100	focal_2bp_forward_only_no_recap_no_neutral_overlay	0.01	0.2	0.175	0.225	500	100	40	50	1991963485	653876681	5.0	0.1	2	1	1152.0	4cfa2c17f60941a05b793e8bc9840fafe1d1ff3d1f54a04998aab0d0de32394f	c3b66bbac06ec9012ecc12581469a36c1edd8dd20de5bc27a3c4fdae49a5c026	c593c6cb03f6145a0058f3602d1ada7b5f3d930e76d5c5a97849676f5eab8831	67409ff190808c2967c949cae6697bf235010dbe832389cb4976d9089b5f5e1d	complete	True	segregating	236	0.236	False	False	False						False	False	35.36338776000002	9d10a1df23e0b35b3cf7f901cfbd59c09eb33d3d820e75c78752089ec912368a			
eas_selected__confirm100__s0.010000__af0.200000__q5__draw051	confirm100	focal_2bp_forward_only_no_recap_no_neutral_overlay	0.01	0.2	0.175	0.225	500	100	40	51	47471109	1966051403	5.0	0.1	2	1	1152.0	4cfa2c17f60941a05b793e8bc9840fafe1d1ff3d1f54a04998aab0d0de32394f	c3b66bbac06ec9012ecc12581469a36c1edd8dd20de5bc27a3c4fdae49a5c026	c593c6cb03f6145a0058f3602d1ada7b5f3d930e76d5c5a97849676f5eab8831	67409ff190808c2967c949cae6697bf235010dbe832389cb4976d9089b5f5e1d	complete	True	segregating	179	0.179	True	True	True						False	False	238.66843159000007	ad0360f776f744cff6b9ca280c0c47fab38aa155c7477cda8cf45c92d227abd0			
eas_selected__confirm100__s0.010000__af0.200000__q5__draw052	confirm100	focal_2bp_forward_only_no_recap_no_neutral_overlay	0.01	0.2	0.175	0.225	500	100	40	52	1710156088	888911191	5.0	0.1	2	1	1152.0	4cfa2c17f60941a05b793e8bc9840fafe1d1ff3d1f54a04998aab0d0de32394f	c3b66bbac06ec9012ecc12581469a36c1edd8dd20de5bc27a3c4fdae49a5c026	c593c6cb03f6145a0058f3602d1ada7b5f3d930e76d5c5a97849676f5eab8831	67409ff190808c2967c949cae6697bf235010dbe832389cb4976d9089b5f5e1d	complete	True	segregating	203	0.203	True	True	True						False	False	60.29521227300006	8db4d6c1f76e3aa2f93d75857044a8973d121fe19e158b19f727aa71446997ed			
eas_selected__confirm100__s0.010000__af0.200000__q5__draw053	confirm100	focal_2bp_forward_only_no_recap_no_neutral_overlay	0.01	0.2	0.175	0.225	500	100	40	53	1762756121	290309017	5.0	0.1	2	1	1152.0	4cfa2c17f60941a05b793e8bc9840fafe1d1ff3d1f54a04998aab0d0de32394f	c3b66bbac06ec9012ecc12581469a36c1edd8dd20de5bc27a3c4fdae49a5c026	c593c6cb03f6145a0058f3602d1ada7b5f3d930e76d5c5a97849676f5eab8831	67409ff190808c2967c949cae6697bf235010dbe832389cb4976d9089b5f5e1d	complete	True	segregating	208	0.208	True	True	True						False	False	82.33126038699993	b16ec7a8e02c30cdc7563aed5e4c057669a50d43b1093993fef92b1645e25e61			
eas_selected__confirm100__s0.010000__af0.200000__q5__draw054	confirm100	focal_2bp_forward_only_no_recap_no_neutral_overlay	0.01	0.2	0.175	0.225	500	100	40	54	224744523	443329362	5.0	0.1	2	1	1152.0	4cfa2c17f60941a05b793e8bc9840fafe1d1ff3d1f54a04998aab0d0de32394f	c3b66bbac06ec9012ecc12581469a36c1edd8dd20de5bc27a3c4fdae49a5c026	c593c6cb03f6145a0058f3602d1ada7b5f3d930e76d5c5a97849676f5eab8831	67409ff190808c2967c949cae6697bf235010dbe832389cb4976d9089b5f5e1d	complete	True	segregating	175	0.175	True	True	True						False	False	62.125800090999974	45ae4985e21cfe5608fbcd73a37ad5518caf667e04d387e5b2a11f7ac5cb0db6			
eas_selected__confirm100__s0.010000__af0.200000__q5__draw055	confirm100	focal_2bp_forward_only_no_recap_no_neutral_overlay	0.01	0.2	0.175	0.225	500	100	40	55	215143786	1636371512	5.0	0.1	2	1	1152.0	4cfa2c17f60941a05b793e8bc9840fafe1d1ff3d1f54a04998aab0d0de32394f	c3b66bbac06ec9012ecc12581469a36c1edd8dd20de5bc27a3c4fdae49a5c026	c593c6cb03f6145a0058f3602d1ada7b5f3d930e76d5c5a97849676f5eab8831	67409ff190808c2967c949cae6697bf235010dbe832389cb4976d9089b5f5e1d	complete	True	segregating	244	0.244	False	False	False						False	False	30.755752998999924	c7a1e437aa3137ac7c64bb5531ca27a6a631d5704714e51082ce33ee2d9fbd1e			
eas_selected__confirm100__s0.010000__af0.200000__q5__draw056	confirm100	focal_2bp_forward_only_no_recap_no_neutral_overlay	0.01	0.2	0.175	0.225	500	100	40	56	129390079	1746514250	5.0	0.1	2	1	1152.0	4cfa2c17f60941a05b793e8bc9840fafe1d1ff3d1f54a04998aab0d0de32394f	c3b66bbac06ec9012ecc12581469a36c1edd8dd20de5bc27a3c4fdae49a5c026	c593c6cb03f6145a0058f3602d1ada7b5f3d930e76d5c5a97849676f5eab8831	67409ff190808c2967c949cae6697bf235010dbe832389cb4976d9089b5f5e1d	complete	True	segregating	221	0.221	True	True	True						False	False	38.605475531000025	6f6d8e1df8bcc034a45757f06e046c1594dd62318e72f1a92e976c0b19f6e61c			
eas_selected__confirm100__s0.010000__af0.200000__q5__draw057	confirm100	focal_2bp_forward_only_no_recap_no_neutral_overlay	0.01	0.2	0.175	0.225	500	100	40	57	2137240305	1992696957	5.0	0.1	2	1	1152.0	4cfa2c17f60941a05b793e8bc9840fafe1d1ff3d1f54a04998aab0d0de32394f	c3b66bbac06ec9012ecc12581469a36c1edd8dd20de5bc27a3c4fdae49a5c026	c593c6cb03f6145a0058f3602d1ada7b5f3d930e76d5c5a97849676f5eab8831	67409ff190808c2967c949cae6697bf235010dbe832389cb4976d9089b5f5e1d	complete	True	segregating	214	0.214	True	True	True						False	False	50.50868786199999	e8c4b04542a20eecb9bc97eff8f5cde9dbdf3930c86b54a56a277e872f917391			
eas_selected__confirm100__s0.010000__af0.200000__q5__draw058	confirm100	focal_2bp_forward_only_no_recap_no_neutral_overlay	0.01	0.2	0.175	0.225	500	100	40	58	1330261875	1506960509	5.0	0.1	2	1	1152.0	4cfa2c17f60941a05b793e8bc9840fafe1d1ff3d1f54a04998aab0d0de32394f	c3b66bbac06ec9012ecc12581469a36c1edd8dd20de5bc27a3c4fdae49a5c026	c593c6cb03f6145a0058f3602d1ada7b5f3d930e76d5c5a97849676f5eab8831	67409ff190808c2967c949cae6697bf235010dbe832389cb4976d9089b5f5e1d	complete	True	segregating	194	0.194	True	True	True						False	False	24.963367797999922	a526ebbad1b8a4e71179eb3cbb36b32781288d23d4035d6d9e7e8b10ed526356			
eas_selected__confirm100__s0.010000__af0.200000__q5__draw059	confirm100	focal_2bp_forward_only_no_recap_no_neutral_overlay	0.01	0.2	0.175	0.225	500	100	40	59	809543112	3997089	5.0	0.1	2	1	1152.0	4cfa2c17f60941a05b793e8bc9840fafe1d1ff3d1f54a04998aab0d0de32394f	c3b66bbac06ec9012ecc12581469a36c1edd8dd20de5bc27a3c4fdae49a5c026	c593c6cb03f6145a0058f3602d1ada7b5f3d930e76d5c5a97849676f5eab8831	67409ff190808c2967c949cae6697bf235010dbe832389cb4976d9089b5f5e1d	complete	True	segregating	198	0.198	True	True	True						False	False	96.68944273200009	a0c49297aef0156582fb66389b77a82dc9384b159f1366462e887bea2aff269a			
eas_selected__confirm100__s0.010000__af0.200000__q5__draw060	confirm100	focal_2bp_forward_only_no_recap_no_neutral_overlay	0.01	0.2	0.175	0.225	500	100	40	60	1309707501	1047709838	5.0	0.1	2	1	1152.0	4cfa2c17f60941a05b793e8bc9840fafe1d1ff3d1f54a04998aab0d0de32394f	c3b66bbac06ec9012ecc12581469a36c1edd8dd20de5bc27a3c4fdae49a5c026	c593c6cb03f6145a0058f3602d1ada7b5f3d930e76d5c5a97849676f5eab8831	67409ff190808c2967c949cae6697bf235010dbe832389cb4976d9089b5f5e1d	complete	True	segregating	177	0.177	True	True	True						False	False	33.030870603999915	8df0074321cd946bfbb119919e57f188e7be65295b44e1fa4d01eb4bc5d5d754			
eas_selected__confirm100__s0.010000__af0.200000__q5__draw061	confirm100	focal_2bp_forward_only_no_recap_no_neutral_overlay	0.01	0.2	0.175	0.225	500	100	40	61	657487263	1656032602	5.0	0.1	2	1	1152.0	4cfa2c17f60941a05b793e8bc9840fafe1d1ff3d1f54a04998aab0d0de32394f	c3b66bbac06ec9012ecc12581469a36c1edd8dd20de5bc27a3c4fdae49a5c026	c593c6cb03f6145a0058f3602d1ada7b5f3d930e76d5c5a97849676f5eab8831	67409ff190808c2967c949cae6697bf235010dbe832389cb4976d9089b5f5e1d	complete	True	segregating	207	0.207	True	True	True						False	False	22.24692074699999	cb07e472a45a7dbdae945a761ff022770e6a329f73d28661b141a97e73279cc6			
eas_selected__confirm100__s0.010000__af0.200000__q5__draw062	confirm100	focal_2bp_forward_only_no_recap_no_neutral_overlay	0.01	0.2	0.175	0.225	500	100	40	62	1005678516	178319706	5.0	0.1	2	1	1152.0	4cfa2c17f60941a05b793e8bc9840fafe1d1ff3d1f54a04998aab0d0de32394f	c3b66bbac06ec9012ecc12581469a36c1edd8dd20de5bc27a3c4fdae49a5c026	c593c6cb03f6145a0058f3602d1ada7b5f3d930e76d5c5a97849676f5eab8831	67409ff190808c2967c949cae6697bf235010dbe832389cb4976d9089b5f5e1d	complete	True	segregating	202	0.202	True	True	True						False	False	52.196888597	279837e11083bb5894d92ec4e4f4f04c3c7aaaac3181434683a1a5f1697253a0			
eas_selected__confirm100__s0.010000__af0.200000__q5__draw063	confirm100	focal_2bp_forward_only_no_recap_no_neutral_overlay	0.01	0.2	0.175	0.225	500	100	40	63	1273295513	1466253106	5.0	0.1	2	1	1152.0	4cfa2c17f60941a05b793e8bc9840fafe1d1ff3d1f54a04998aab0d0de32394f	c3b66bbac06ec9012ecc12581469a36c1edd8dd20de5bc27a3c4fdae49a5c026	c593c6cb03f6145a0058f3602d1ada7b5f3d930e76d5c5a97849676f5eab8831	67409ff190808c2967c949cae6697bf235010dbe832389cb4976d9089b5f5e1d	complete	True	segregating	198	0.198	True	True	True						False	False	127.72636790499996	d2c4e7a02d11733fb446dec4a373e51f70e5146d568d676e64250ddf0de599db			
eas_selected__confirm100__s0.010000__af0.200000__q5__draw064	confirm100	focal_2bp_forward_only_no_recap_no_neutral_overlay	0.01	0.2	0.175	0.225	500	100	40	64	2122374409	210046199	5.0	0.1	2	1	1152.0	4cfa2c17f60941a05b793e8bc9840fafe1d1ff3d1f54a04998aab0d0de32394f	c3b66bbac06ec9012ecc12581469a36c1edd8dd20de5bc27a3c4fdae49a5c026	c593c6cb03f6145a0058f3602d1ada7b5f3d930e76d5c5a97849676f5eab8831	67409ff190808c2967c949cae6697bf235010dbe832389cb4976d9089b5f5e1d	complete	True	segregating	234	0.234	False	False	False						False	False	182.510293014	91eab191e452d0e2499986d0930d33ebf621889b5e773c8836e781089130fe13			
eas_selected__confirm100__s0.010000__af0.200000__q5__draw065	confirm100	focal_2bp_forward_only_no_recap_no_neutral_overlay	0.01	0.2	0.175	0.225	500	100	40	65	1308668384	1416327171	5.0	0.1	2	1	1152.0	4cfa2c17f60941a05b793e8bc9840fafe1d1ff3d1f54a04998aab0d0de32394f	c3b66bbac06ec9012ecc12581469a36c1edd8dd20de5bc27a3c4fdae49a5c026	c593c6cb03f6145a0058f3602d1ada7b5f3d930e76d5c5a97849676f5eab8831	67409ff190808c2967c949cae6697bf235010dbe832389cb4976d9089b5f5e1d	complete	True	segregating	193	0.193	True	True	True						False	False	68.88220963799995	623a590e9761ab8d33739dec4c3917ec73a77a6b538ed49e26dd8414b28ee3dd			
eas_selected__confirm100__s0.010000__af0.200000__q5__draw066	confirm100	focal_2bp_forward_only_no_recap_no_neutral_overlay	0.01	0.2	0.175	0.225	500	100	40	66	736796451	1263370726	5.0	0.1	2	1	1152.0	4cfa2c17f60941a05b793e8bc9840fafe1d1ff3d1f54a04998aab0d0de32394f	c3b66bbac06ec9012ecc12581469a36c1edd8dd20de5bc27a3c4fdae49a5c026	c593c6cb03f6145a0058f3602d1ada7b5f3d930e76d5c5a97849676f5eab8831	67409ff190808c2967c949cae6697bf235010dbe832389cb4976d9089b5f5e1d	complete	True	segregating	236	0.236	False	False	False						False	False	62.315248516	203fcab4da09baddb8aeeeecf360d7f310ed25f23e794264bb8adb7cde212e5b			
eas_selected__confirm100__s0.010000__af0.200000__q5__draw067	confirm100	focal_2bp_forward_only_no_recap_no_neutral_overlay	0.01	0.2	0.175	0.225	500	100	40	67	848937137	1287609648	5.0	0.1	2	1	1152.0	4cfa2c17f60941a05b793e8bc9840fafe1d1ff3d1f54a04998aab0d0de32394f	c3b66bbac06ec9012ecc12581469a36c1edd8dd20de5bc27a3c4fdae49a5c026	c593c6cb03f6145a0058f3602d1ada7b5f3d930e76d5c5a97849676f5eab8831	67409ff190808c2967c949cae6697bf235010dbe832389cb4976d9089b5f5e1d	complete	True	segregating	225	0.225	True	True	True						False	False	55.624818551999965	7f4e609b3fcbd0164f5b1c934c15ce0897ee216d0a959633c78b2bd9580019b0			
eas_selected__confirm100__s0.010000__af0.200000__q5__draw068	confirm100	focal_2bp_forward_only_no_recap_no_neutral_overlay	0.01	0.2	0.175	0.225	500	100	40	68	1245107896	1521335785	5.0	0.1	2	1	1152.0	4cfa2c17f60941a05b793e8bc9840fafe1d1ff3d1f54a04998aab0d0de32394f	c3b66bbac06ec9012ecc12581469a36c1edd8dd20de5bc27a3c4fdae49a5c026	c593c6cb03f6145a0058f3602d1ada7b5f3d930e76d5c5a97849676f5eab8831	67409ff190808c2967c949cae6697bf235010dbe832389cb4976d9089b5f5e1d	complete	True	segregating	212	0.212	True	True	True						False	False	30.202662642000064	fd127ba0679dd9e5cd285f5c5eb0fc063d4c0871b0ee48763c2618df9d2a563a			
eas_selected__confirm100__s0.010000__af0.200000__q5__draw069	confirm100	focal_2bp_forward_only_no_recap_no_neutral_overlay	0.01	0.2	0.175	0.225	500	100	40	69	1149008580	85318015	5.0	0.1	2	1	1152.0	4cfa2c17f60941a05b793e8bc9840fafe1d1ff3d1f54a04998aab0d0de32394f	c3b66bbac06ec9012ecc12581469a36c1edd8dd20de5bc27a3c4fdae49a5c026	c593c6cb03f6145a0058f3602d1ada7b5f3d930e76d5c5a97849676f5eab8831	67409ff190808c2967c949cae6697bf235010dbe832389cb4976d9089b5f5e1d	complete	True	segregating	180	0.18	True	True	True						False	False	65.75712880399999	e11f2d46ccdc4de049bfa6222745d1d47758c39aa7e88b24051a8de00fbee474			
eas_selected__confirm100__s0.010000__af0.200000__q5__draw070	confirm100	focal_2bp_forward_only_no_recap_no_neutral_overlay	0.01	0.2	0.175	0.225	500	100	40	70	1725377710	1898653865	5.0	0.1	2	1	1152.0	4cfa2c17f60941a05b793e8bc9840fafe1d1ff3d1f54a04998aab0d0de32394f	c3b66bbac06ec9012ecc12581469a36c1edd8dd20de5bc27a3c4fdae49a5c026	c593c6cb03f6145a0058f3602d1ada7b5f3d930e76d5c5a97849676f5eab8831	67409ff190808c2967c949cae6697bf235010dbe832389cb4976d9089b5f5e1d	complete	True	segregating	203	0.203	True	True	True						False	False	42.09882534600001	3f6f52497d9b0ddc01ff67bff83c3ace32b1491e5e083013d3d41b2d69e90bbe			
eas_selected__confirm100__s0.010000__af0.200000__q5__draw071	confirm100	focal_2bp_forward_only_no_recap_no_neutral_overlay	0.01	0.2	0.175	0.225	500	100	40	71	632384157	579217762	5.0	0.1	2	1	1152.0	4cfa2c17f60941a05b793e8bc9840fafe1d1ff3d1f54a04998aab0d0de32394f	c3b66bbac06ec9012ecc12581469a36c1edd8dd20de5bc27a3c4fdae49a5c026	c593c6cb03f6145a0058f3602d1ada7b5f3d930e76d5c5a97849676f5eab8831	67409ff190808c2967c949cae6697bf235010dbe832389cb4976d9089b5f5e1d	complete	True	segregating	213	0.213	True	True	True						False	False	249.326021428	8d061595c55151f620a1f7b0dd44f75f93d9f6629ccba516ede1dbfc91bf9f62			
eas_selected__confirm100__s0.010000__af0.200000__q5__draw072	confirm100	focal_2bp_forward_only_no_recap_no_neutral_overlay	0.01	0.2	0.175	0.225	500	100	40	72	648183083	909291492	5.0	0.1	2	1	1152.0	4cfa2c17f60941a05b793e8bc9840fafe1d1ff3d1f54a04998aab0d0de32394f	c3b66bbac06ec9012ecc12581469a36c1edd8dd20de5bc27a3c4fdae49a5c026	c593c6cb03f6145a0058f3602d1ada7b5f3d930e76d5c5a97849676f5eab8831	67409ff190808c2967c949cae6697bf235010dbe832389cb4976d9089b5f5e1d	complete	True	segregating	205	0.205	True	True	True						False	False	98.17743661999998	29fc92384a8b06602336222a635b507b0c888c5c9bb31d33217acdef443ad0e3			
eas_selected__confirm100__s0.010000__af0.200000__q5__draw073	confirm100	focal_2bp_forward_only_no_recap_no_neutral_overlay	0.01	0.2	0.175	0.225	500	100	40	73	2035511841	902981403	5.0	0.1	2	1	1152.0	4cfa2c17f60941a05b793e8bc9840fafe1d1ff3d1f54a04998aab0d0de32394f	c3b66bbac06ec9012ecc12581469a36c1edd8dd20de5bc27a3c4fdae49a5c026	c593c6cb03f6145a0058f3602d1ada7b5f3d930e76d5c5a97849676f5eab8831	67409ff190808c2967c949cae6697bf235010dbe832389cb4976d9089b5f5e1d	complete	True	segregating	207	0.207	True	True	True						False	False	265.701038176	90f641c7100572dc80bce6d5e6c73945f0ea1b824c93eda08056ecbde80c4d85			
eas_selected__confirm100__s0.010000__af0.200000__q5__draw074	confirm100	focal_2bp_forward_only_no_recap_no_neutral_overlay	0.01	0.2	0.175	0.225	500	100	40	74	1378939234	1111886415	5.0	0.1	2	1	1152.0	4cfa2c17f60941a05b793e8bc9840fafe1d1ff3d1f54a04998aab0d0de32394f	c3b66bbac06ec9012ecc12581469a36c1edd8dd20de5bc27a3c4fdae49a5c026	c593c6cb03f6145a0058f3602d1ada7b5f3d930e76d5c5a97849676f5eab8831	67409ff190808c2967c949cae6697bf235010dbe832389cb4976d9089b5f5e1d	complete	True	segregating	220	0.22	True	True	True						False	False	100.75306009600001	3a61ae9de1ae9a5c15bd97ebd31fb23963ec597a0b045f50e402c85d23ae5b81			
eas_selected__confirm100__s0.010000__af0.200000__q5__draw075	confirm100	focal_2bp_forward_only_no_recap_no_neutral_overlay	0.01	0.2	0.175	0.225	500	100	40	75	1783320127	166087871	5.0	0.1	2	1	1152.0	4cfa2c17f60941a05b793e8bc9840fafe1d1ff3d1f54a04998aab0d0de32394f	c3b66bbac06ec9012ecc12581469a36c1edd8dd20de5bc27a3c4fdae49a5c026	c593c6cb03f6145a0058f3602d1ada7b5f3d930e76d5c5a97849676f5eab8831	67409ff190808c2967c949cae6697bf235010dbe832389cb4976d9089b5f5e1d	complete	True	segregating	190	0.19	True	True	True						False	False	25.343510129999913	8c3b865e68c46d07912902eeddeeaadd8933ead096b006b71101880ed19be640			
eas_selected__confirm100__s0.010000__af0.200000__q5__draw076	confirm100	focal_2bp_forward_only_no_recap_no_neutral_overlay	0.01	0.2	0.175	0.225	500	100	40	76	1808833896	1586328440	5.0	0.1	2	1	1152.0	4cfa2c17f60941a05b793e8bc9840fafe1d1ff3d1f54a04998aab0d0de32394f	c3b66bbac06ec9012ecc12581469a36c1edd8dd20de5bc27a3c4fdae49a5c026	c593c6cb03f6145a0058f3602d1ada7b5f3d930e76d5c5a97849676f5eab8831	67409ff190808c2967c949cae6697bf235010dbe832389cb4976d9089b5f5e1d	complete	True	segregating	220	0.22	True	True	True						False	False	28.208809223999992	45b7698034e8fd670eb2efe1ba90eafec4d9c68b6a84f343b545053dff46542d			
eas_selected__confirm100__s0.010000__af0.200000__q5__draw077	confirm100	focal_2bp_forward_only_no_recap_no_neutral_overlay	0.01	0.2	0.175	0.225	500	100	40	77	248875177	1424858298	5.0	0.1	2	1	1152.0	4cfa2c17f60941a05b793e8bc9840fafe1d1ff3d1f54a04998aab0d0de32394f	c3b66bbac06ec9012ecc12581469a36c1edd8dd20de5bc27a3c4fdae49a5c026	c593c6cb03f6145a0058f3602d1ada7b5f3d930e76d5c5a97849676f5eab8831	67409ff190808c2967c949cae6697bf235010dbe832389cb4976d9089b5f5e1d	complete	True	segregating	225	0.225	True	True	True						False	False	54.44245501799992	5018d031a50cd978f395653309cfd6704bcb0b793d4d399c9fd54535aa420cdb			
eas_selected__confirm100__s0.010000__af0.200000__q5__draw078	confirm100	focal_2bp_forward_only_no_recap_no_neutral_overlay	0.01	0.2	0.175	0.225	500	100	40	78	427676466	1077254891	5.0	0.1	2	1	1152.0	4cfa2c17f60941a05b793e8bc9840fafe1d1ff3d1f54a04998aab0d0de32394f	c3b66bbac06ec9012ecc12581469a36c1edd8dd20de5bc27a3c4fdae49a5c026	c593c6cb03f6145a0058f3602d1ada7b5f3d930e76d5c5a97849676f5eab8831	67409ff190808c2967c949cae6697bf235010dbe832389cb4976d9089b5f5e1d	complete	True	segregating	205	0.205	True	True	True						False	False	47.46167647000004	518d5770e511e3bb96d3536f1b2c1b74d2188a202b13c29afce0b532a6a7ca3c			
eas_selected__confirm100__s0.010000__af0.200000__q5__draw079	confirm100	focal_2bp_forward_only_no_recap_no_neutral_overlay	0.01	0.2	0.175	0.225	500	100	40	79	1758716409	82417888	5.0	0.1	2	1	1152.0	4cfa2c17f60941a05b793e8bc9840fafe1d1ff3d1f54a04998aab0d0de32394f	c3b66bbac06ec9012ecc12581469a36c1edd8dd20de5bc27a3c4fdae49a5c026	c593c6cb03f6145a0058f3602d1ada7b5f3d930e76d5c5a97849676f5eab8831	67409ff190808c2967c949cae6697bf235010dbe832389cb4976d9089b5f5e1d	complete	True	segregating	199	0.199	True	True	True						False	False	192.59192271899997	ba6f375bf5bea18601d48600f7d2755cd78d7bfb8a3f1a7d5f4bb767d2b9f2dc			
eas_selected__confirm100__s0.010000__af0.200000__q5__draw080	confirm100	focal_2bp_forward_only_no_recap_no_neutral_overlay	0.01	0.2	0.175	0.225	500	100	40	80	13234980	50939510	5.0	0.1	2	1	1152.0	4cfa2c17f60941a05b793e8bc9840fafe1d1ff3d1f54a04998aab0d0de32394f	c3b66bbac06ec9012ecc12581469a36c1edd8dd20de5bc27a3c4fdae49a5c026	c593c6cb03f6145a0058f3602d1ada7b5f3d930e76d5c5a97849676f5eab8831	67409ff190808c2967c949cae6697bf235010dbe832389cb4976d9089b5f5e1d	complete	True	segregating	230	0.23	False	False	False						False	False	185.54730299599998	86873f67f2efd705199b6c8d7b2883582b6e15dcc5d502d8b7dc1989f3e0c82b			
eas_selected__confirm100__s0.010000__af0.200000__q5__draw081	confirm100	focal_2bp_forward_only_no_recap_no_neutral_overlay	0.01	0.2	0.175	0.225	500	100	40	81	1566475849	1614243526	5.0	0.1	2	1	1152.0	4cfa2c17f60941a05b793e8bc9840fafe1d1ff3d1f54a04998aab0d0de32394f	c3b66bbac06ec9012ecc12581469a36c1edd8dd20de5bc27a3c4fdae49a5c026	c593c6cb03f6145a0058f3602d1ada7b5f3d930e76d5c5a97849676f5eab8831	67409ff190808c2967c949cae6697bf235010dbe832389cb4976d9089b5f5e1d	complete	True	segregating	181	0.181	True	True	True						False	False	34.3124082569999	8068851899bb669410ed706584cc72c0b9ccf97da5e3bf8bee731795feb2a6b8			
eas_selected__confirm100__s0.010000__af0.200000__q5__draw082	confirm100	focal_2bp_forward_only_no_recap_no_neutral_overlay	0.01	0.2	0.175	0.225	500	100	40	82	1617946302	1849367986	5.0	0.1	2	1	1152.0	4cfa2c17f60941a05b793e8bc9840fafe1d1ff3d1f54a04998aab0d0de32394f	c3b66bbac06ec9012ecc12581469a36c1edd8dd20de5bc27a3c4fdae49a5c026	c593c6cb03f6145a0058f3602d1ada7b5f3d930e76d5c5a97849676f5eab8831	67409ff190808c2967c949cae6697bf235010dbe832389cb4976d9089b5f5e1d	complete	True	segregating	200	0.2	True	True	True						False	False	44.099407638	3b5c5856d849011d06aca1e369ac96d7937e53e3f0f8c7f9906c0c3581cf1ad8			
eas_selected__confirm100__s0.010000__af0.200000__q5__draw083	confirm100	focal_2bp_forward_only_no_recap_no_neutral_overlay	0.01	0.2	0.175	0.225	500	100	40	83	2092386432	859807981	5.0	0.1	2	1	1152.0	4cfa2c17f60941a05b793e8bc9840fafe1d1ff3d1f54a04998aab0d0de32394f	c3b66bbac06ec9012ecc12581469a36c1edd8dd20de5bc27a3c4fdae49a5c026	c593c6cb03f6145a0058f3602d1ada7b5f3d930e76d5c5a97849676f5eab8831	67409ff190808c2967c949cae6697bf235010dbe832389cb4976d9089b5f5e1d	complete	True	segregating	231	0.231	False	False	False						False	False	71.21058340400009	623bee09fa7ac3c54a0e3bf757f8944e7d612d3b3b600f260802c76a1c2ddfd2			
eas_selected__confirm100__s0.010000__af0.200000__q5__draw084	confirm100	focal_2bp_forward_only_no_recap_no_neutral_overlay	0.01	0.2	0.175	0.225	500	100	40	84	122747640	485711515	5.0	0.1	2	1	1152.0	4cfa2c17f60941a05b793e8bc9840fafe1d1ff3d1f54a04998aab0d0de32394f	c3b66bbac06ec9012ecc12581469a36c1edd8dd20de5bc27a3c4fdae49a5c026	c593c6cb03f6145a0058f3602d1ada7b5f3d930e76d5c5a97849676f5eab8831	67409ff190808c2967c949cae6697bf235010dbe832389cb4976d9089b5f5e1d	complete	True	segregating	202	0.202	True	True	True						False	False	146.933374017	c966f6d970f281dd04861449dfafd95f87d9ab92e89f3968e9bc411786a2fcec			
eas_selected__confirm100__s0.010000__af0.200000__q5__draw085	confirm100	focal_2bp_forward_only_no_recap_no_neutral_overlay	0.01	0.2	0.175	0.225	500	100	40	85	1734224827	1359555480	5.0	0.1	2	1	1152.0	4cfa2c17f60941a05b793e8bc9840fafe1d1ff3d1f54a04998aab0d0de32394f	c3b66bbac06ec9012ecc12581469a36c1edd8dd20de5bc27a3c4fdae49a5c026	c593c6cb03f6145a0058f3602d1ada7b5f3d930e76d5c5a97849676f5eab8831	67409ff190808c2967c949cae6697bf235010dbe832389cb4976d9089b5f5e1d	complete	True	segregating	168	0.168	False	False	False						False	False	96.71523560100002	abd341313054af28994d7610376a7358222f60e5ff6f4491ed20336414c9e200			
eas_selected__confirm100__s0.010000__af0.200000__q5__draw086	confirm100	focal_2bp_forward_only_no_recap_no_neutral_overlay	0.01	0.2	0.175	0.225	500	100	40	86	768902521	1425361556	5.0	0.1	2	1	1152.0	4cfa2c17f60941a05b793e8bc9840fafe1d1ff3d1f54a04998aab0d0de32394f	c3b66bbac06ec9012ecc12581469a36c1edd8dd20de5bc27a3c4fdae49a5c026	c593c6cb03f6145a0058f3602d1ada7b5f3d930e76d5c5a97849676f5eab8831	67409ff190808c2967c949cae6697bf235010dbe832389cb4976d9089b5f5e1d	complete	True	segregating	201	0.201	True	True	True						False	False	150.17441564600006	3a960eb076eee3aa127fdc8caed9a26a7fc31830a7dbc37c054e35a83af1713e			
eas_selected__confirm100__s0.010000__af0.200000__q5__draw087	confirm100	focal_2bp_forward_only_no_recap_no_neutral_overlay	0.01	0.2	0.175	0.225	500	100	40	87	1567889806	1245729185	5.0	0.1	2	1	1152.0	4cfa2c17f60941a05b793e8bc9840fafe1d1ff3d1f54a04998aab0d0de32394f	c3b66bbac06ec9012ecc12581469a36c1edd8dd20de5bc27a3c4fdae49a5c026	c593c6cb03f6145a0058f3602d1ada7b5f3d930e76d5c5a97849676f5eab8831	67409ff190808c2967c949cae6697bf235010dbe832389cb4976d9089b5f5e1d	complete	True	segregating	243	0.243	False	False	False						False	False	235.769058953	b6074ecca070ef93c13e0ac1db483f75641aac4f4b921ae8521b117d0b4d6939			
eas_selected__confirm100__s0.010000__af0.200000__q5__draw088	confirm100	focal_2bp_forward_only_no_recap_no_neutral_overlay	0.01	0.2	0.175	0.225	500	100	40	88	203768157	151685445	5.0	0.1	2	1	1152.0	4cfa2c17f60941a05b793e8bc9840fafe1d1ff3d1f54a04998aab0d0de32394f	c3b66bbac06ec9012ecc12581469a36c1edd8dd20de5bc27a3c4fdae49a5c026	c593c6cb03f6145a0058f3602d1ada7b5f3d930e76d5c5a97849676f5eab8831	67409ff190808c2967c949cae6697bf235010dbe832389cb4976d9089b5f5e1d	complete	True	segregating	188	0.188	True	True	True						False	False	47.90947685599997	0f9220001582c9c91bf39691452c8c3ff787f07ab260a2b013081ccc72c4e34d			
eas_selected__confirm100__s0.010000__af0.200000__q5__draw089	confirm100	focal_2bp_forward_only_no_recap_no_neutral_overlay	0.01	0.2	0.175	0.225	500	100	40	89	1867078226	1033401789	5.0	0.1	2	1	1152.0	4cfa2c17f60941a05b793e8bc9840fafe1d1ff3d1f54a04998aab0d0de32394f	c3b66bbac06ec9012ecc12581469a36c1edd8dd20de5bc27a3c4fdae49a5c026	c593c6cb03f6145a0058f3602d1ada7b5f3d930e76d5c5a97849676f5eab8831	67409ff190808c2967c949cae6697bf235010dbe832389cb4976d9089b5f5e1d	complete	True	segregating	231	0.231	False	False	False						False	False	194.24787808300005	d3516f3a79dcd8e3369f648bd91de800a85df1e8e1e9f9c5f2d3f49855b18e82			
eas_selected__confirm100__s0.010000__af0.200000__q5__draw090	confirm100	focal_2bp_forward_only_no_recap_no_neutral_overlay	0.01	0.2	0.175	0.225	500	100	40	90	1704394193	1419727385	5.0	0.1	2	1	1152.0	4cfa2c17f60941a05b793e8bc9840fafe1d1ff3d1f54a04998aab0d0de32394f	c3b66bbac06ec9012ecc12581469a36c1edd8dd20de5bc27a3c4fdae49a5c026	c593c6cb03f6145a0058f3602d1ada7b5f3d930e76d5c5a97849676f5eab8831	67409ff190808c2967c949cae6697bf235010dbe832389cb4976d9089b5f5e1d	complete	True	segregating	219	0.219	True	True	True						False	False	34.265598528000055	be52af9d9715c53cd3cab21ca45cd04c63cc2e01fad591d3176a50f37a8222f3			
eas_selected__confirm100__s0.010000__af0.200000__q5__draw091	confirm100	focal_2bp_forward_only_no_recap_no_neutral_overlay	0.01	0.2	0.175	0.225	500	100	40	91	1606776183	765509702	5.0	0.1	2	1	1152.0	4cfa2c17f60941a05b793e8bc9840fafe1d1ff3d1f54a04998aab0d0de32394f	c3b66bbac06ec9012ecc12581469a36c1edd8dd20de5bc27a3c4fdae49a5c026	c593c6cb03f6145a0058f3602d1ada7b5f3d930e76d5c5a97849676f5eab8831	67409ff190808c2967c949cae6697bf235010dbe832389cb4976d9089b5f5e1d	complete	True	segregating	181	0.181	True	True	True						False	False	42.512718720000066	5acf48314002cbcf9c5fcecfb6f62679876efc491c2f94c66f231cc28249575d			
eas_selected__confirm100__s0.010000__af0.200000__q5__draw092	confirm100	focal_2bp_forward_only_no_recap_no_neutral_overlay	0.01	0.2	0.175	0.225	500	100	40	92	1233771796	1039925007	5.0	0.1	2	1	1152.0	4cfa2c17f60941a05b793e8bc9840fafe1d1ff3d1f54a04998aab0d0de32394f	c3b66bbac06ec9012ecc12581469a36c1edd8dd20de5bc27a3c4fdae49a5c026	c593c6cb03f6145a0058f3602d1ada7b5f3d930e76d5c5a97849676f5eab8831	67409ff190808c2967c949cae6697bf235010dbe832389cb4976d9089b5f5e1d	complete	True	segregating	185	0.185	True	True	True						False	False	38.82754428800001	1aedbff776591b158a9838bb47079d5a4243091ad6b94b00b27400e5a4df366b			
eas_selected__confirm100__s0.010000__af0.200000__q5__draw093	confirm100	focal_2bp_forward_only_no_recap_no_neutral_overlay	0.01	0.2	0.175	0.225	500	100	40	93	641448099	965046171	5.0	0.1	2	1	1152.0	4cfa2c17f60941a05b793e8bc9840fafe1d1ff3d1f54a04998aab0d0de32394f	c3b66bbac06ec9012ecc12581469a36c1edd8dd20de5bc27a3c4fdae49a5c026	c593c6cb03f6145a0058f3602d1ada7b5f3d930e76d5c5a97849676f5eab8831	67409ff190808c2967c949cae6697bf235010dbe832389cb4976d9089b5f5e1d	complete	True	segregating	198	0.198	True	True	True						False	False	36.920182476000036	e087b79625fea794030c883d1cb7994523c93fb0ad8884193a54c44c058ac1eb			
eas_selected__confirm100__s0.010000__af0.200000__q5__draw094	confirm100	focal_2bp_forward_only_no_recap_no_neutral_overlay	0.01	0.2	0.175	0.225	500	100	40	94	1797514058	925035893	5.0	0.1	2	1	1152.0	4cfa2c17f60941a05b793e8bc9840fafe1d1ff3d1f54a04998aab0d0de32394f	c3b66bbac06ec9012ecc12581469a36c1edd8dd20de5bc27a3c4fdae49a5c026	c593c6cb03f6145a0058f3602d1ada7b5f3d930e76d5c5a97849676f5eab8831	67409ff190808c2967c949cae6697bf235010dbe832389cb4976d9089b5f5e1d	complete	True	segregating	227	0.227	False	False	False						False	False	115.700068364	ca9c2bbaf1d1b34f36ebe9d06dfa93c77b47ef27444fb764d02b12c606ad0570			
eas_selected__confirm100__s0.010000__af0.200000__q5__draw095	confirm100	focal_2bp_forward_only_no_recap_no_neutral_overlay	0.01	0.2	0.175	0.225	500	100	40	95	1743481946	1150141500	5.0	0.1	2	1	1152.0	4cfa2c17f60941a05b793e8bc9840fafe1d1ff3d1f54a04998aab0d0de32394f	c3b66bbac06ec9012ecc12581469a36c1edd8dd20de5bc27a3c4fdae49a5c026	c593c6cb03f6145a0058f3602d1ada7b5f3d930e76d5c5a97849676f5eab8831	67409ff190808c2967c949cae6697bf235010dbe832389cb4976d9089b5f5e1d	complete	True	segregating	233	0.233	False	False	False						False	False	52.09785117499996	6bdc044e175d8ed578e05ef48e3329d5acade419eafeb0a7c533e235488b1542			
eas_selected__confirm100__s0.010000__af0.200000__q5__draw096	confirm100	focal_2bp_forward_only_no_recap_no_neutral_overlay	0.01	0.2	0.175	0.225	500	100	40	96	974908125	2039872533	5.0	0.1	2	1	1152.0	4cfa2c17f60941a05b793e8bc9840fafe1d1ff3d1f54a04998aab0d0de32394f	c3b66bbac06ec9012ecc12581469a36c1edd8dd20de5bc27a3c4fdae49a5c026	c593c6cb03f6145a0058f3602d1ada7b5f3d930e76d5c5a97849676f5eab8831	67409ff190808c2967c949cae6697bf235010dbe832389cb4976d9089b5f5e1d	complete	True	segregating	174	0.174	False	False	False						False	False	27.839616179000018	96c4c8efe6391aa686367fffbb93d52745adb4156828c23d659a76c2e3740bb8			
eas_selected__confirm100__s0.010000__af0.200000__q5__draw097	confirm100	focal_2bp_forward_only_no_recap_no_neutral_overlay	0.01	0.2	0.175	0.225	500	100	40	97	1470113491	40848197	5.0	0.1	2	1	1152.0	4cfa2c17f60941a05b793e8bc9840fafe1d1ff3d1f54a04998aab0d0de32394f	c3b66bbac06ec9012ecc12581469a36c1edd8dd20de5bc27a3c4fdae49a5c026	c593c6cb03f6145a0058f3602d1ada7b5f3d930e76d5c5a97849676f5eab8831	67409ff190808c2967c949cae6697bf235010dbe832389cb4976d9089b5f5e1d	complete	True	segregating	201	0.201	True	True	True						False	False	61.73994875000005	7906d7df84bea6df17d718e49f5631d22a524b8c8628b3d277f06464f6ba5bc9			
eas_selected__confirm100__s0.010000__af0.200000__q5__draw098	confirm100	focal_2bp_forward_only_no_recap_no_neutral_overlay	0.01	0.2	0.175	0.225	500	100	40	98	671398870	1356776988	5.0	0.1	2	1	1152.0	4cfa2c17f60941a05b793e8bc9840fafe1d1ff3d1f54a04998aab0d0de32394f	c3b66bbac06ec9012ecc12581469a36c1edd8dd20de5bc27a3c4fdae49a5c026	c593c6cb03f6145a0058f3602d1ada7b5f3d930e76d5c5a97849676f5eab8831	67409ff190808c2967c949cae6697bf235010dbe832389cb4976d9089b5f5e1d	complete	True	segregating	219	0.219	True	True	True						False	False	23.026231339000105	392be1a4aba21c2cd8f7786ac18641bc6d029301d052dcdcaef25e747a41e669			
eas_selected__confirm100__s0.010000__af0.200000__q5__draw099	confirm100	focal_2bp_forward_only_no_recap_no_neutral_overlay	0.01	0.2	0.175	0.225	500	100	40	99	1405840130	1062248557	5.0	0.1	2	1	1152.0	4cfa2c17f60941a05b793e8bc9840fafe1d1ff3d1f54a04998aab0d0de32394f	c3b66bbac06ec9012ecc12581469a36c1edd8dd20de5bc27a3c4fdae49a5c026	c593c6cb03f6145a0058f3602d1ada7b5f3d930e76d5c5a97849676f5eab8831	67409ff190808c2967c949cae6697bf235010dbe832389cb4976d9089b5f5e1d	complete	True	segregating	214	0.214	True	True	True						False	False	33.50292268599992	dc9143abbbc39af08f5322288e24666aaf1e6f51d6b6514034f0a3dcb135bd1e			
eas_selected__confirm100__s0.010000__af0.300000__q5__draw000	confirm100	focal_2bp_forward_only_no_recap_no_neutral_overlay	0.01	0.3	0.2749999999999999	0.325	500	100	60	0	275459659	1788989335	5.0	0.1	2	1	1258.0	3bc0b4353f9cb11b8d34742ad46ccf6ed94a9745db985e17867fe8a3c0d99e5a	7e3fbbb5d9b6782e689e56f3dfe7344378b54b992cfa3375779fc2ed40220edf	b2ff2b052e207c1fe9f479665db6ece313c068e369f2eb11630c45665d8dac25	67409ff190808c2967c949cae6697bf235010dbe832389cb4976d9089b5f5e1d	complete	True	segregating	325	0.325	True	True	True						False	False	30.433653476999893	220d3d8df7f769919b1be20c156929eade96e1fcdcb571e0733a395d6f795018			
eas_selected__confirm100__s0.010000__af0.300000__q5__draw001	confirm100	focal_2bp_forward_only_no_recap_no_neutral_overlay	0.01	0.3	0.2749999999999999	0.325	500	100	60	1	1667835369	849224910	5.0	0.1	2	1	1258.0	3bc0b4353f9cb11b8d34742ad46ccf6ed94a9745db985e17867fe8a3c0d99e5a	7e3fbbb5d9b6782e689e56f3dfe7344378b54b992cfa3375779fc2ed40220edf	b2ff2b052e207c1fe9f479665db6ece313c068e369f2eb11630c45665d8dac25	67409ff190808c2967c949cae6697bf235010dbe832389cb4976d9089b5f5e1d	complete	True	segregating	255	0.255	False	False	False						False	False	38.51132811499997	a3f2e7ef04b8bdd1a7388d22d45a662a65d7ca7d6f68ce7aca15b7e2d54b10a8			
eas_selected__confirm100__s0.010000__af0.300000__q5__draw002	confirm100	focal_2bp_forward_only_no_recap_no_neutral_overlay	0.01	0.3	0.2749999999999999	0.325	500	100	60	2	581928181	1381843768	5.0	0.1	2	1	1258.0	3bc0b4353f9cb11b8d34742ad46ccf6ed94a9745db985e17867fe8a3c0d99e5a	7e3fbbb5d9b6782e689e56f3dfe7344378b54b992cfa3375779fc2ed40220edf	b2ff2b052e207c1fe9f479665db6ece313c068e369f2eb11630c45665d8dac25	67409ff190808c2967c949cae6697bf235010dbe832389cb4976d9089b5f5e1d	complete	True	segregating	330	0.33	False	False	False						False	False	121.456242503	8fd621abe5b503a0d8f7718dbb458cf256c63f48b263956b88956f9242017372			
eas_selected__confirm100__s0.010000__af0.300000__q5__draw003	confirm100	focal_2bp_forward_only_no_recap_no_neutral_overlay	0.01	0.3	0.2749999999999999	0.325	500	100	60	3	1339959968	2044325539	5.0	0.1	2	1	1258.0	3bc0b4353f9cb11b8d34742ad46ccf6ed94a9745db985e17867fe8a3c0d99e5a	7e3fbbb5d9b6782e689e56f3dfe7344378b54b992cfa3375779fc2ed40220edf	b2ff2b052e207c1fe9f479665db6ece313c068e369f2eb11630c45665d8dac25	67409ff190808c2967c949cae6697bf235010dbe832389cb4976d9089b5f5e1d	complete	True	segregating	287	0.287	True	True	True						False	False	92.14423956799999	82656c052d5debcbdf5d6b2d57c3c0da6cc394b3a09c5de20d296c7ea747fecb			
eas_selected__confirm100__s0.010000__af0.300000__q5__draw004	confirm100	focal_2bp_forward_only_no_recap_no_neutral_overlay	0.01	0.3	0.2749999999999999	0.325	500	100	60	4	567081896	626496440	5.0	0.1	2	1	1258.0	3bc0b4353f9cb11b8d34742ad46ccf6ed94a9745db985e17867fe8a3c0d99e5a	7e3fbbb5d9b6782e689e56f3dfe7344378b54b992cfa3375779fc2ed40220edf	b2ff2b052e207c1fe9f479665db6ece313c068e369f2eb11630c45665d8dac25	67409ff190808c2967c949cae6697bf235010dbe832389cb4976d9089b5f5e1d	complete	True	segregating	330	0.33	False	False	False						False	False	375.7186615300001	5bfb0ea7874fbade79f44e2d79891b96d0849aaa34b98be67f0d02425d77c332			
eas_selected__confirm100__s0.010000__af0.300000__q5__draw005	confirm100	focal_2bp_forward_only_no_recap_no_neutral_overlay	0.01	0.3	0.2749999999999999	0.325	500	100	60	5	415331962	1532280100	5.0	0.1	2	1	1258.0	3bc0b4353f9cb11b8d34742ad46ccf6ed94a9745db985e17867fe8a3c0d99e5a	7e3fbbb5d9b6782e689e56f3dfe7344378b54b992cfa3375779fc2ed40220edf	b2ff2b052e207c1fe9f479665db6ece313c068e369f2eb11630c45665d8dac25	67409ff190808c2967c949cae6697bf235010dbe832389cb4976d9089b5f5e1d	complete	True	segregating	306	0.306	True	True	True						False	False	27.561792482999977	5923f63595081976edde4ef97963df745e91583302b9ab2d7c7702fbd23cf369			
eas_selected__confirm100__s0.010000__af0.300000__q5__draw006	confirm100	focal_2bp_forward_only_no_recap_no_neutral_overlay	0.01	0.3	0.2749999999999999	0.325	500	100	60	6	82310210	2073675544	5.0	0.1	2	1	1258.0	3bc0b4353f9cb11b8d34742ad46ccf6ed94a9745db985e17867fe8a3c0d99e5a	7e3fbbb5d9b6782e689e56f3dfe7344378b54b992cfa3375779fc2ed40220edf	b2ff2b052e207c1fe9f479665db6ece313c068e369f2eb11630c45665d8dac25	67409ff190808c2967c949cae6697bf235010dbe832389cb4976d9089b5f5e1d	complete	True	segregating	289	0.289	True	True	True						False	False	204.821087832	7ae48784962244f05e10bd6cee9d9ced29aafea9e99fb964d462863d59699943			
eas_selected__confirm100__s0.010000__af0.300000__q5__draw007	confirm100	focal_2bp_forward_only_no_recap_no_neutral_overlay	0.01	0.3	0.2749999999999999	0.325	500	100	60	7	391194211	1837574646	5.0	0.1	2	1	1258.0	3bc0b4353f9cb11b8d34742ad46ccf6ed94a9745db985e17867fe8a3c0d99e5a	7e3fbbb5d9b6782e689e56f3dfe7344378b54b992cfa3375779fc2ed40220edf	b2ff2b052e207c1fe9f479665db6ece313c068e369f2eb11630c45665d8dac25	67409ff190808c2967c949cae6697bf235010dbe832389cb4976d9089b5f5e1d	complete	True	segregating	287	0.287	True	True	True						False	False	59.099992364999935	416fc73f4c90234ee901d78b5831be78bb4752b8706854a877d38df647017fec			
eas_selected__confirm100__s0.010000__af0.300000__q5__draw008	confirm100	focal_2bp_forward_only_no_recap_no_neutral_overlay	0.01	0.3	0.2749999999999999	0.325	500	100	60	8	1026124991	1964396369	5.0	0.1	2	1	1258.0	3bc0b4353f9cb11b8d34742ad46ccf6ed94a9745db985e17867fe8a3c0d99e5a	7e3fbbb5d9b6782e689e56f3dfe7344378b54b992cfa3375779fc2ed40220edf	b2ff2b052e207c1fe9f479665db6ece313c068e369f2eb11630c45665d8dac25	67409ff190808c2967c949cae6697bf235010dbe832389cb4976d9089b5f5e1d	complete	True	segregating	316	0.316	True	True	True						False	False	49.28208641499998	b4f545837bc2a83bbd65229ddc7de60bb724a4d0726bfb3d89424543cb68d479			
eas_selected__confirm100__s0.010000__af0.300000__q5__draw009	confirm100	focal_2bp_forward_only_no_recap_no_neutral_overlay	0.01	0.3	0.2749999999999999	0.325	500	100	60	9	602585401	478750340	5.0	0.1	2	1	1258.0	3bc0b4353f9cb11b8d34742ad46ccf6ed94a9745db985e17867fe8a3c0d99e5a	7e3fbbb5d9b6782e689e56f3dfe7344378b54b992cfa3375779fc2ed40220edf	b2ff2b052e207c1fe9f479665db6ece313c068e369f2eb11630c45665d8dac25	67409ff190808c2967c949cae6697bf235010dbe832389cb4976d9089b5f5e1d	complete	True	segregating	272	0.272	False	False	False						False	False	66.16919927499987	fa718fb181f7190a0215ce31333523b3212de68a913061b417b64da91bc43495			
eas_selected__confirm100__s0.010000__af0.300000__q5__draw010	confirm100	focal_2bp_forward_only_no_recap_no_neutral_overlay	0.01	0.3	0.2749999999999999	0.325	500	100	60	10	892485580	2110930159	5.0	0.1	2	1	1258.0	3bc0b4353f9cb11b8d34742ad46ccf6ed94a9745db985e17867fe8a3c0d99e5a	7e3fbbb5d9b6782e689e56f3dfe7344378b54b992cfa3375779fc2ed40220edf	b2ff2b052e207c1fe9f479665db6ece313c068e369f2eb11630c45665d8dac25	67409ff190808c2967c949cae6697bf235010dbe832389cb4976d9089b5f5e1d	complete	True	segregating	339	0.339	False	False	False						False	False	99.32004748999998	793957caf14f300fecf7a4691c84ed957a29223cff888e432f50a55114ef7544			
eas_selected__confirm100__s0.010000__af0.300000__q5__draw011	confirm100	focal_2bp_forward_only_no_recap_no_neutral_overlay	0.01	0.3	0.2749999999999999	0.325	500	100	60	11	660740617	388121758	5.0	0.1	2	1	1258.0	3bc0b4353f9cb11b8d34742ad46ccf6ed94a9745db985e17867fe8a3c0d99e5a	7e3fbbb5d9b6782e689e56f3dfe7344378b54b992cfa3375779fc2ed40220edf	b2ff2b052e207c1fe9f479665db6ece313c068e369f2eb11630c45665d8dac25	67409ff190808c2967c949cae6697bf235010dbe832389cb4976d9089b5f5e1d	complete	True	segregating	330	0.33	False	False	False						False	False	89.98925937199999	9c3e7a31689db19fa0010933ea2d8e612df34b5b17f176e7ddd40e803ffa9428			
eas_selected__confirm100__s0.010000__af0.300000__q5__draw012	confirm100	focal_2bp_forward_only_no_recap_no_neutral_overlay	0.01	0.3	0.2749999999999999	0.325	500	100	60	12	112099639	2038791570	5.0	0.1	2	1	1258.0	3bc0b4353f9cb11b8d34742ad46ccf6ed94a9745db985e17867fe8a3c0d99e5a	7e3fbbb5d9b6782e689e56f3dfe7344378b54b992cfa3375779fc2ed40220edf	b2ff2b052e207c1fe9f479665db6ece313c068e369f2eb11630c45665d8dac25	67409ff190808c2967c949cae6697bf235010dbe832389cb4976d9089b5f5e1d	complete	True	segregating	306	0.306	True	True	True						False	False	504.8568757659999	f5da4953197c131c9fc3c83a530061bc5a86916fd2007fc010aa4e954bc8eb54			
eas_selected__confirm100__s0.010000__af0.300000__q5__draw013	confirm100	focal_2bp_forward_only_no_recap_no_neutral_overlay	0.01	0.3	0.2749999999999999	0.325	500	100	60	13	441234291	357835700	5.0	0.1	2	1	1258.0	3bc0b4353f9cb11b8d34742ad46ccf6ed94a9745db985e17867fe8a3c0d99e5a	7e3fbbb5d9b6782e689e56f3dfe7344378b54b992cfa3375779fc2ed40220edf	b2ff2b052e207c1fe9f479665db6ece313c068e369f2eb11630c45665d8dac25	67409ff190808c2967c949cae6697bf235010dbe832389cb4976d9089b5f5e1d	complete	True	segregating	327	0.327	False	False	False						False	False	26.00840987899994	a2b2dbb961229efa2d88ba26fd7589ced0a31f8750f6b4f0baa53b87e9aaf285			
eas_selected__confirm100__s0.010000__af0.300000__q5__draw014	confirm100	focal_2bp_forward_only_no_recap_no_neutral_overlay	0.01	0.3	0.2749999999999999	0.325	500	100	60	14	933376038	2130400862	5.0	0.1	2	1	1258.0	3bc0b4353f9cb11b8d34742ad46ccf6ed94a9745db985e17867fe8a3c0d99e5a	7e3fbbb5d9b6782e689e56f3dfe7344378b54b992cfa3375779fc2ed40220edf	b2ff2b052e207c1fe9f479665db6ece313c068e369f2eb11630c45665d8dac25	67409ff190808c2967c949cae6697bf235010dbe832389cb4976d9089b5f5e1d	complete	True	segregating	285	0.285	True	True	True						False	False	21.26207763700006	b3c84b0e4522c28ef8326d8a7ac88c354f7d203464e3c968217576bcfe2f8538			
eas_selected__confirm100__s0.010000__af0.300000__q5__draw015	confirm100	focal_2bp_forward_only_no_recap_no_neutral_overlay	0.01	0.3	0.2749999999999999	0.325	500	100	60	15	1179734828	676043145	5.0	0.1	2	1	1258.0	3bc0b4353f9cb11b8d34742ad46ccf6ed94a9745db985e17867fe8a3c0d99e5a	7e3fbbb5d9b6782e689e56f3dfe7344378b54b992cfa3375779fc2ed40220edf	b2ff2b052e207c1fe9f479665db6ece313c068e369f2eb11630c45665d8dac25	67409ff190808c2967c949cae6697bf235010dbe832389cb4976d9089b5f5e1d	complete	True	segregating	318	0.318	True	True	True						False	False	187.0286864829999	34e758237cd15fe2bf9375ae5a0ba2f0c5bccfc2934c1cf61b3853333a1be0ac			
eas_selected__confirm100__s0.010000__af0.300000__q5__draw016	confirm100	focal_2bp_forward_only_no_recap_no_neutral_overlay	0.01	0.3	0.2749999999999999	0.325	500	100	60	16	132325512	31931446	5.0	0.1	2	1	1258.0	3bc0b4353f9cb11b8d34742ad46ccf6ed94a9745db985e17867fe8a3c0d99e5a	7e3fbbb5d9b6782e689e56f3dfe7344378b54b992cfa3375779fc2ed40220edf	b2ff2b052e207c1fe9f479665db6ece313c068e369f2eb11630c45665d8dac25	67409ff190808c2967c949cae6697bf235010dbe832389cb4976d9089b5f5e1d	complete	True	segregating	300	0.3	True	True	True						False	False	161.98615193199987	0a0ec2a7291b264e9c3d95aed08048f3dd1e2957b9f6195a360dd118de96f64c			
eas_selected__confirm100__s0.010000__af0.300000__q5__draw017	confirm100	focal_2bp_forward_only_no_recap_no_neutral_overlay	0.01	0.3	0.2749999999999999	0.325	500	100	60	17	1521064280	125706114	5.0	0.1	2	1	1258.0	3bc0b4353f9cb11b8d34742ad46ccf6ed94a9745db985e17867fe8a3c0d99e5a	7e3fbbb5d9b6782e689e56f3dfe7344378b54b992cfa3375779fc2ed40220edf	b2ff2b052e207c1fe9f479665db6ece313c068e369f2eb11630c45665d8dac25	67409ff190808c2967c949cae6697bf235010dbe832389cb4976d9089b5f5e1d	complete	True	segregating	350	0.35	False	False	False						False	False	109.59677354200005	f870e9625d0a61c97ff6bae11f60646b2921ff0e39eb6259d4e635f6e04391c0			
eas_selected__confirm100__s0.010000__af0.300000__q5__draw018	confirm100	focal_2bp_forward_only_no_recap_no_neutral_overlay	0.01	0.3	0.2749999999999999	0.325	500	100	60	18	61148556	1342287967	5.0	0.1	2	1	1258.0	3bc0b4353f9cb11b8d34742ad46ccf6ed94a9745db985e17867fe8a3c0d99e5a	7e3fbbb5d9b6782e689e56f3dfe7344378b54b992cfa3375779fc2ed40220edf	b2ff2b052e207c1fe9f479665db6ece313c068e369f2eb11630c45665d8dac25	67409ff190808c2967c949cae6697bf235010dbe832389cb4976d9089b5f5e1d	complete	True	segregating	303	0.303	True	True	True						False	False	173.41048880899996	52801004c1a36b88ed9ec6dc0e016da7d02083bccce8728d32bdcb288fedbaa2			
eas_selected__confirm100__s0.010000__af0.300000__q5__draw019	confirm100	focal_2bp_forward_only_no_recap_no_neutral_overlay	0.01	0.3	0.2749999999999999	0.325	500	100	60	19	1944082786	2000089391	5.0	0.1	2	1	1258.0	3bc0b4353f9cb11b8d34742ad46ccf6ed94a9745db985e17867fe8a3c0d99e5a	7e3fbbb5d9b6782e689e56f3dfe7344378b54b992cfa3375779fc2ed40220edf	b2ff2b052e207c1fe9f479665db6ece313c068e369f2eb11630c45665d8dac25	67409ff190808c2967c949cae6697bf235010dbe832389cb4976d9089b5f5e1d	complete	True	segregating	313	0.313	True	True	True						False	False	60.12307594299989	70354976e352d3cc0b9627184bf2ac437432cde27f91f3a2ab12de0b59d47397			
eas_selected__confirm100__s0.010000__af0.300000__q5__draw020	confirm100	focal_2bp_forward_only_no_recap_no_neutral_overlay	0.01	0.3	0.2749999999999999	0.325	500	100	60	20	924435782	1568240893	5.0	0.1	2	1	1258.0	3bc0b4353f9cb11b8d34742ad46ccf6ed94a9745db985e17867fe8a3c0d99e5a	7e3fbbb5d9b6782e689e56f3dfe7344378b54b992cfa3375779fc2ed40220edf	b2ff2b052e207c1fe9f479665db6ece313c068e369f2eb11630c45665d8dac25	67409ff190808c2967c949cae6697bf235010dbe832389cb4976d9089b5f5e1d	complete	True	segregating	299	0.299	True	True	True						False	False	46.56349837699986	b4f4ca1581b4a1299cebb413601efe69e6c3bd231e39f6daace15c29b9484579			
eas_selected__confirm100__s0.010000__af0.300000__q5__draw021	confirm100	focal_2bp_forward_only_no_recap_no_neutral_overlay	0.01	0.3	0.2749999999999999	0.325	500	100	60	21	800552807	867824363	5.0	0.1	2	1	1258.0	3bc0b4353f9cb11b8d34742ad46ccf6ed94a9745db985e17867fe8a3c0d99e5a	7e3fbbb5d9b6782e689e56f3dfe7344378b54b992cfa3375779fc2ed40220edf	b2ff2b052e207c1fe9f479665db6ece313c068e369f2eb11630c45665d8dac25	67409ff190808c2967c949cae6697bf235010dbe832389cb4976d9089b5f5e1d	complete	True	segregating	291	0.291	True	True	True						False	False	148.7232315230001	edfd92fe3047df22a831141d92aeaddc4ec4cfb072340eba817719bc86693562			
eas_selected__confirm100__s0.010000__af0.300000__q5__draw022	confirm100	focal_2bp_forward_only_no_recap_no_neutral_overlay	0.01	0.3	0.2749999999999999	0.325	500	100	60	22	909309720	930137000	5.0	0.1	2	1	1258.0	3bc0b4353f9cb11b8d34742ad46ccf6ed94a9745db985e17867fe8a3c0d99e5a	7e3fbbb5d9b6782e689e56f3dfe7344378b54b992cfa3375779fc2ed40220edf	b2ff2b052e207c1fe9f479665db6ece313c068e369f2eb11630c45665d8dac25	67409ff190808c2967c949cae6697bf235010dbe832389cb4976d9089b5f5e1d	complete	True	segregating	332	0.332	False	False	False						False	False	103.53943462100005	d00f3160c95f04974e5721bda4047d07203b7f60e6daaec32dc96730c4f27f23			
eas_selected__confirm100__s0.010000__af0.300000__q5__draw023	confirm100	focal_2bp_forward_only_no_recap_no_neutral_overlay	0.01	0.3	0.2749999999999999	0.325	500	100	60	23	1705060894	2086413390	5.0	0.1	2	1	1258.0	3bc0b4353f9cb11b8d34742ad46ccf6ed94a9745db985e17867fe8a3c0d99e5a	7e3fbbb5d9b6782e689e56f3dfe7344378b54b992cfa3375779fc2ed40220edf	b2ff2b052e207c1fe9f479665db6ece313c068e369f2eb11630c45665d8dac25	67409ff190808c2967c949cae6697bf235010dbe832389cb4976d9089b5f5e1d	complete	True	segregating	318	0.318	True	True	True						False	False	33.605989176000094	4e4f58bfea5907ebc053b0d3aaa28d9783a095cc8915e874c8eca38167f7635b			
eas_selected__confirm100__s0.010000__af0.300000__q5__draw024	confirm100	focal_2bp_forward_only_no_recap_no_neutral_overlay	0.01	0.3	0.2749999999999999	0.325	500	100	60	24	1392264373	29279740	5.0	0.1	2	1	1258.0	3bc0b4353f9cb11b8d34742ad46ccf6ed94a9745db985e17867fe8a3c0d99e5a	7e3fbbb5d9b6782e689e56f3dfe7344378b54b992cfa3375779fc2ed40220edf	b2ff2b052e207c1fe9f479665db6ece313c068e369f2eb11630c45665d8dac25	67409ff190808c2967c949cae6697bf235010dbe832389cb4976d9089b5f5e1d	complete	True	segregating	278	0.278	True	True	True						False	False	218.56093771500014	5fa627c10868793dcb5e7d8afabbc30476f8aa779ad43280dd204713932588b7			
eas_selected__confirm100__s0.010000__af0.300000__q5__draw025	confirm100	focal_2bp_forward_only_no_recap_no_neutral_overlay	0.01	0.3	0.2749999999999999	0.325	500	100	60	25	1764083519	218768315	5.0	0.1	2	1	1258.0	3bc0b4353f9cb11b8d34742ad46ccf6ed94a9745db985e17867fe8a3c0d99e5a	7e3fbbb5d9b6782e689e56f3dfe7344378b54b992cfa3375779fc2ed40220edf	b2ff2b052e207c1fe9f479665db6ece313c068e369f2eb11630c45665d8dac25	67409ff190808c2967c949cae6697bf235010dbe832389cb4976d9089b5f5e1d	complete	True	segregating	291	0.291	True	True	True						False	False	142.60596371199995	372d792e58fc474fb81f535273e516093e33a3821ab312e4c54e8ebfe0707504			
eas_selected__confirm100__s0.010000__af0.300000__q5__draw026	confirm100	focal_2bp_forward_only_no_recap_no_neutral_overlay	0.01	0.3	0.2749999999999999	0.325	500	100	60	26	1776894014	1254301587	5.0	0.1	2	1	1258.0	3bc0b4353f9cb11b8d34742ad46ccf6ed94a9745db985e17867fe8a3c0d99e5a	7e3fbbb5d9b6782e689e56f3dfe7344378b54b992cfa3375779fc2ed40220edf	b2ff2b052e207c1fe9f479665db6ece313c068e369f2eb11630c45665d8dac25	67409ff190808c2967c949cae6697bf235010dbe832389cb4976d9089b5f5e1d	complete	True	segregating	309	0.309	True	True	True						False	False	20.714416106999806	0929b71867fd1d357ffa186a7662e171245ad3f11f1ba2ac78053612512a60fb			
eas_selected__confirm100__s0.010000__af0.300000__q5__draw027	confirm100	focal_2bp_forward_only_no_recap_no_neutral_overlay	0.01	0.3	0.2749999999999999	0.325	500	100	60	27	1322308310	432074037	5.0	0.1	2	1	1258.0	3bc0b4353f9cb11b8d34742ad46ccf6ed94a9745db985e17867fe8a3c0d99e5a	7e3fbbb5d9b6782e689e56f3dfe7344378b54b992cfa3375779fc2ed40220edf	b2ff2b052e207c1fe9f479665db6ece313c068e369f2eb11630c45665d8dac25	67409ff190808c2967c949cae6697bf235010dbe832389cb4976d9089b5f5e1d	complete	True	segregating	303	0.303	True	True	True						False	False	131.22926681600006	9df4528e282a0774963d92c1080ebe513723f3df6db6ff1f1cd228f8e223d515			
eas_selected__confirm100__s0.010000__af0.300000__q5__draw028	confirm100	focal_2bp_forward_only_no_recap_no_neutral_overlay	0.01	0.3	0.2749999999999999	0.325	500	100	60	28	1629574617	1071457870	5.0	0.1	2	1	1258.0	3bc0b4353f9cb11b8d34742ad46ccf6ed94a9745db985e17867fe8a3c0d99e5a	7e3fbbb5d9b6782e689e56f3dfe7344378b54b992cfa3375779fc2ed40220edf	b2ff2b052e207c1fe9f479665db6ece313c068e369f2eb11630c45665d8dac25	67409ff190808c2967c949cae6697bf235010dbe832389cb4976d9089b5f5e1d	complete	True	segregating	336	0.336	False	False	False						False	False	55.814041320000115	4c78e80e3583f5614aa8e2c8815645a4f7ea4be7f4d3b2f9cb9579608c449417			
eas_selected__confirm100__s0.010000__af0.300000__q5__draw029	confirm100	focal_2bp_forward_only_no_recap_no_neutral_overlay	0.01	0.3	0.2749999999999999	0.325	500	100	60	29	22458169	887065744	5.0	0.1	2	1	1258.0	3bc0b4353f9cb11b8d34742ad46ccf6ed94a9745db985e17867fe8a3c0d99e5a	7e3fbbb5d9b6782e689e56f3dfe7344378b54b992cfa3375779fc2ed40220edf	b2ff2b052e207c1fe9f479665db6ece313c068e369f2eb11630c45665d8dac25	67409ff190808c2967c949cae6697bf235010dbe832389cb4976d9089b5f5e1d	complete	True	segregating	325	0.325	True	True	True						False	False	198.66281001300013	27cbb800ae557f4e0c1f7c25d18233431276fe19d441c3fd84667c4ab306dab7			
eas_selected__confirm100__s0.010000__af0.300000__q5__draw030	confirm100	focal_2bp_forward_only_no_recap_no_neutral_overlay	0.01	0.3	0.2749999999999999	0.325	500	100	60	30	1586221484	1836503556	5.0	0.1	2	1	1258.0	3bc0b4353f9cb11b8d34742ad46ccf6ed94a9745db985e17867fe8a3c0d99e5a	7e3fbbb5d9b6782e689e56f3dfe7344378b54b992cfa3375779fc2ed40220edf	b2ff2b052e207c1fe9f479665db6ece313c068e369f2eb11630c45665d8dac25	67409ff190808c2967c949cae6697bf235010dbe832389cb4976d9089b5f5e1d	complete	True	segregating	316	0.316	True	True	True						False	False	111.45596308900008	ff16d30345a8a57ad5d9fd68c20ef0848a8fcb42cb2c872f708e17ac66e5379e			
eas_selected__confirm100__s0.010000__af0.300000__q5__draw031	confirm100	focal_2bp_forward_only_no_recap_no_neutral_overlay	0.01	0.3	0.2749999999999999	0.325	500	100	60	31	977494309	1600170401	5.0	0.1	2	1	1258.0	3bc0b4353f9cb11b8d34742ad46ccf6ed94a9745db985e17867fe8a3c0d99e5a	7e3fbbb5d9b6782e689e56f3dfe7344378b54b992cfa3375779fc2ed40220edf	b2ff2b052e207c1fe9f479665db6ece313c068e369f2eb11630c45665d8dac25	67409ff190808c2967c949cae6697bf235010dbe832389cb4976d9089b5f5e1d	complete	True	segregating	285	0.285	True	True	True						False	False	356.1636569379998	6064e720214384ce4fa186ae6f5e73dfbbde6a592134afa21a0baecfaa025060			
eas_selected__confirm100__s0.010000__af0.300000__q5__draw032	confirm100	focal_2bp_forward_only_no_recap_no_neutral_overlay	0.01	0.3	0.2749999999999999	0.325	500	100	60	32	2035287964	1658900707	5.0	0.1	2	1	1258.0	3bc0b4353f9cb11b8d34742ad46ccf6ed94a9745db985e17867fe8a3c0d99e5a	7e3fbbb5d9b6782e689e56f3dfe7344378b54b992cfa3375779fc2ed40220edf	b2ff2b052e207c1fe9f479665db6ece313c068e369f2eb11630c45665d8dac25	67409ff190808c2967c949cae6697bf235010dbe832389cb4976d9089b5f5e1d	complete	True	segregating	308	0.308	True	True	True						False	False	26.840042306999976	771958f541885a79af935cb6581a923e90465dfd8408c548064c955ab9b79102			
eas_selected__confirm100__s0.010000__af0.300000__q5__draw033	confirm100	focal_2bp_forward_only_no_recap_no_neutral_overlay	0.01	0.3	0.2749999999999999	0.325	500	100	60	33	1049362172	987503241	5.0	0.1	2	1	1258.0	3bc0b4353f9cb11b8d34742ad46ccf6ed94a9745db985e17867fe8a3c0d99e5a	7e3fbbb5d9b6782e689e56f3dfe7344378b54b992cfa3375779fc2ed40220edf	b2ff2b052e207c1fe9f479665db6ece313c068e369f2eb11630c45665d8dac25	67409ff190808c2967c949cae6697bf235010dbe832389cb4976d9089b5f5e1d	complete	True	segregating	339	0.339	False	False	False						False	False	161.78729202299996	f4d99ccd5abc8dba20fa79074208e1d719d18027fdcf1923b7e0574819ff7d51			
eas_selected__confirm100__s0.010000__af0.300000__q5__draw034	confirm100	focal_2bp_forward_only_no_recap_no_neutral_overlay	0.01	0.3	0.2749999999999999	0.325	500	100	60	34	1652014938	122046161	5.0	0.1	2	1	1258.0	3bc0b4353f9cb11b8d34742ad46ccf6ed94a9745db985e17867fe8a3c0d99e5a	7e3fbbb5d9b6782e689e56f3dfe7344378b54b992cfa3375779fc2ed40220edf	b2ff2b052e207c1fe9f479665db6ece313c068e369f2eb11630c45665d8dac25	67409ff190808c2967c949cae6697bf235010dbe832389cb4976d9089b5f5e1d	complete	True	segregating	271	0.271	False	False	False						False	False	45.21409422500005	e3b985ebf1aeab280bb905cec03cb5d0e1a208ce9f0fa7dc90120d4b83628174			
eas_selected__confirm100__s0.010000__af0.300000__q5__draw035	confirm100	focal_2bp_forward_only_no_recap_no_neutral_overlay	0.01	0.3	0.2749999999999999	0.325	500	100	60	35	922747706	1784724551	5.0	0.1	2	1	1258.0	3bc0b4353f9cb11b8d34742ad46ccf6ed94a9745db985e17867fe8a3c0d99e5a	7e3fbbb5d9b6782e689e56f3dfe7344378b54b992cfa3375779fc2ed40220edf	b2ff2b052e207c1fe9f479665db6ece313c068e369f2eb11630c45665d8dac25	67409ff190808c2967c949cae6697bf235010dbe832389cb4976d9089b5f5e1d	complete	True	segregating	297	0.297	True	True	True						False	False	41.93094158500003	c888b83920b39a2305727fe71a3f51336bcb6636532e865a5573c75a672a9621			
eas_selected__confirm100__s0.010000__af0.300000__q5__draw036	confirm100	focal_2bp_forward_only_no_recap_no_neutral_overlay	0.01	0.3	0.2749999999999999	0.325	500	100	60	36	1167386009	1551233002	5.0	0.1	2	1	1258.0	3bc0b4353f9cb11b8d34742ad46ccf6ed94a9745db985e17867fe8a3c0d99e5a	7e3fbbb5d9b6782e689e56f3dfe7344378b54b992cfa3375779fc2ed40220edf	b2ff2b052e207c1fe9f479665db6ece313c068e369f2eb11630c45665d8dac25	67409ff190808c2967c949cae6697bf235010dbe832389cb4976d9089b5f5e1d	complete	True	segregating	294	0.294	True	True	True						False	False	42.668419031999974	cfc3feebdd1742d42b9e96caac9115dfc1d22d47824ebe77d55930b52eeb0bfa			
eas_selected__confirm100__s0.010000__af0.300000__q5__draw037	confirm100	focal_2bp_forward_only_no_recap_no_neutral_overlay	0.01	0.3	0.2749999999999999	0.325	500	100	60	37	647946729	1441440557	5.0	0.1	2	1	1258.0	3bc0b4353f9cb11b8d34742ad46ccf6ed94a9745db985e17867fe8a3c0d99e5a	7e3fbbb5d9b6782e689e56f3dfe7344378b54b992cfa3375779fc2ed40220edf	b2ff2b052e207c1fe9f479665db6ece313c068e369f2eb11630c45665d8dac25	67409ff190808c2967c949cae6697bf235010dbe832389cb4976d9089b5f5e1d	complete	True	segregating	296	0.296	True	True	True						False	False	73.80700840700001	e5cbc0fedd6d0b962de17257e2a2279250e8c2d21a3a6291e059537c19c1c158			
eas_selected__confirm100__s0.010000__af0.300000__q5__draw038	confirm100	focal_2bp_forward_only_no_recap_no_neutral_overlay	0.01	0.3	0.2749999999999999	0.325	500	100	60	38	346879283	1129391833	5.0	0.1	2	1	1258.0	3bc0b4353f9cb11b8d34742ad46ccf6ed94a9745db985e17867fe8a3c0d99e5a	7e3fbbb5d9b6782e689e56f3dfe7344378b54b992cfa3375779fc2ed40220edf	b2ff2b052e207c1fe9f479665db6ece313c068e369f2eb11630c45665d8dac25	67409ff190808c2967c949cae6697bf235010dbe832389cb4976d9089b5f5e1d	complete	True	segregating	309	0.309	True	True	True						False	False	181.80527073999997	9f1d4cab16cce0086f3f10a3953c9f4389ab50acb14b2c43f8baf6328a35d271			
eas_selected__confirm100__s0.010000__af0.300000__q5__draw039	confirm100	focal_2bp_forward_only_no_recap_no_neutral_overlay	0.01	0.3	0.2749999999999999	0.325	500	100	60	39	1436620950	1075129365	5.0	0.1	2	1	1258.0	3bc0b4353f9cb11b8d34742ad46ccf6ed94a9745db985e17867fe8a3c0d99e5a	7e3fbbb5d9b6782e689e56f3dfe7344378b54b992cfa3375779fc2ed40220edf	b2ff2b052e207c1fe9f479665db6ece313c068e369f2eb11630c45665d8dac25	67409ff190808c2967c949cae6697bf235010dbe832389cb4976d9089b5f5e1d	complete	True	segregating	269	0.269	False	False	False						False	False	48.570240023999986	da1ee489ca02d660b2e99480b17e9f0269cf19986502afb8fc547e02ac349407			
eas_selected__confirm100__s0.010000__af0.300000__q5__draw040	confirm100	focal_2bp_forward_only_no_recap_no_neutral_overlay	0.01	0.3	0.2749999999999999	0.325	500	100	60	40	157189180	1501676344	5.0	0.1	2	1	1258.0	3bc0b4353f9cb11b8d34742ad46ccf6ed94a9745db985e17867fe8a3c0d99e5a	7e3fbbb5d9b6782e689e56f3dfe7344378b54b992cfa3375779fc2ed40220edf	b2ff2b052e207c1fe9f479665db6ece313c068e369f2eb11630c45665d8dac25	67409ff190808c2967c949cae6697bf235010dbe832389cb4976d9089b5f5e1d	complete	True	segregating	315	0.315	True	True	True						False	False	76.47626363100017	9688482858ed5d34154c6a0e96b54e26f0a66ea3707e023091a0a3a256173519			
eas_selected__confirm100__s0.010000__af0.300000__q5__draw041	confirm100	focal_2bp_forward_only_no_recap_no_neutral_overlay	0.01	0.3	0.2749999999999999	0.325	500	100	60	41	364691541	126354515	5.0	0.1	2	1	1258.0	3bc0b4353f9cb11b8d34742ad46ccf6ed94a9745db985e17867fe8a3c0d99e5a	7e3fbbb5d9b6782e689e56f3dfe7344378b54b992cfa3375779fc2ed40220edf	b2ff2b052e207c1fe9f479665db6ece313c068e369f2eb11630c45665d8dac25	67409ff190808c2967c949cae6697bf235010dbe832389cb4976d9089b5f5e1d	complete	True	segregating	312	0.312	True	True	True						False	False	246.690702913	01a8d6a200e62ff1fcab290f9a1aedb236e7431d2e8fc1ce9c5383ae0ee4e553			
eas_selected__confirm100__s0.010000__af0.300000__q5__draw042	confirm100	focal_2bp_forward_only_no_recap_no_neutral_overlay	0.01	0.3	0.2749999999999999	0.325	500	100	60	42	1776409560	1824387801	5.0	0.1	2	1	1258.0	3bc0b4353f9cb11b8d34742ad46ccf6ed94a9745db985e17867fe8a3c0d99e5a	7e3fbbb5d9b6782e689e56f3dfe7344378b54b992cfa3375779fc2ed40220edf	b2ff2b052e207c1fe9f479665db6ece313c068e369f2eb11630c45665d8dac25	67409ff190808c2967c949cae6697bf235010dbe832389cb4976d9089b5f5e1d	complete	True	segregating	293	0.293	True	True	True						False	False	185.43718904999992	0ca5f8d766114bd1ee17a3b446d6bec43856dfd67c3b45135ac090477e61c415			
eas_selected__confirm100__s0.010000__af0.300000__q5__draw043	confirm100	focal_2bp_forward_only_no_recap_no_neutral_overlay	0.01	0.3	0.2749999999999999	0.325	500	100	60	43	750786856	54182752	5.0	0.1	2	1	1258.0	3bc0b4353f9cb11b8d34742ad46ccf6ed94a9745db985e17867fe8a3c0d99e5a	7e3fbbb5d9b6782e689e56f3dfe7344378b54b992cfa3375779fc2ed40220edf	b2ff2b052e207c1fe9f479665db6ece313c068e369f2eb11630c45665d8dac25	67409ff190808c2967c949cae6697bf235010dbe832389cb4976d9089b5f5e1d	complete	True	segregating	310	0.31	True	True	True						False	False	124.31288945799997	d0835d2bba7c788e443b35a67d1cc57bbbc4eec2c7163567744f359a7f221c06			
eas_selected__confirm100__s0.010000__af0.300000__q5__draw044	confirm100	focal_2bp_forward_only_no_recap_no_neutral_overlay	0.01	0.3	0.2749999999999999	0.325	500	100	60	44	591030291	1758610239	5.0	0.1	2	1	1258.0	3bc0b4353f9cb11b8d34742ad46ccf6ed94a9745db985e17867fe8a3c0d99e5a	7e3fbbb5d9b6782e689e56f3dfe7344378b54b992cfa3375779fc2ed40220edf	b2ff2b052e207c1fe9f479665db6ece313c068e369f2eb11630c45665d8dac25	67409ff190808c2967c949cae6697bf235010dbe832389cb4976d9089b5f5e1d	complete	True	segregating	317	0.317	True	True	True						False	False	265.49409812299996	4c23770ac85c13416a9753367869d41ac6598bfc371e309327667f5cc11c6ea8			
eas_selected__confirm100__s0.010000__af0.300000__q5__draw045	confirm100	focal_2bp_forward_only_no_recap_no_neutral_overlay	0.01	0.3	0.2749999999999999	0.325	500	100	60	45	1593615796	1235033183	5.0	0.1	2	1	1258.0	3bc0b4353f9cb11b8d34742ad46ccf6ed94a9745db985e17867fe8a3c0d99e5a	7e3fbbb5d9b6782e689e56f3dfe7344378b54b992cfa3375779fc2ed40220edf	b2ff2b052e207c1fe9f479665db6ece313c068e369f2eb11630c45665d8dac25	67409ff190808c2967c949cae6697bf235010dbe832389cb4976d9089b5f5e1d	complete	True	segregating	280	0.28	True	True	True						False	False	23.897373734999974	b4d810f1cdf5c4ebd28813b74b164170d2d72f43e44299c252726f77f2ccc06a			
eas_selected__confirm100__s0.010000__af0.300000__q5__draw046	confirm100	focal_2bp_forward_only_no_recap_no_neutral_overlay	0.01	0.3	0.2749999999999999	0.325	500	100	60	46	230482142	185615561	5.0	0.1	2	1	1258.0	3bc0b4353f9cb11b8d34742ad46ccf6ed94a9745db985e17867fe8a3c0d99e5a	7e3fbbb5d9b6782e689e56f3dfe7344378b54b992cfa3375779fc2ed40220edf	b2ff2b052e207c1fe9f479665db6ece313c068e369f2eb11630c45665d8dac25	67409ff190808c2967c949cae6697bf235010dbe832389cb4976d9089b5f5e1d	complete	True	segregating	302	0.302	True	True	True						False	False	85.24909819599998	8ca29929031b9e0e82a8d513c82edecafeeac92d56bcd3167b42c3fc1ed86e41			
eas_selected__confirm100__s0.010000__af0.300000__q5__draw047	confirm100	focal_2bp_forward_only_no_recap_no_neutral_overlay	0.01	0.3	0.2749999999999999	0.325	500	100	60	47	1194799121	396292841	5.0	0.1	2	1	1258.0	3bc0b4353f9cb11b8d34742ad46ccf6ed94a9745db985e17867fe8a3c0d99e5a	7e3fbbb5d9b6782e689e56f3dfe7344378b54b992cfa3375779fc2ed40220edf	b2ff2b052e207c1fe9f479665db6ece313c068e369f2eb11630c45665d8dac25	67409ff190808c2967c949cae6697bf235010dbe832389cb4976d9089b5f5e1d	complete	True	segregating	310	0.31	True	True	True						False	False	189.63384387400015	7a81fcb921ea0aff34a7159f8aa7bdb14af0918a7c8fef4736848dcca999dfeb			
eas_selected__confirm100__s0.010000__af0.300000__q5__draw048	confirm100	focal_2bp_forward_only_no_recap_no_neutral_overlay	0.01	0.3	0.2749999999999999	0.325	500	100	60	48	1785580067	1520844644	5.0	0.1	2	1	1258.0	3bc0b4353f9cb11b8d34742ad46ccf6ed94a9745db985e17867fe8a3c0d99e5a	7e3fbbb5d9b6782e689e56f3dfe7344378b54b992cfa3375779fc2ed40220edf	b2ff2b052e207c1fe9f479665db6ece313c068e369f2eb11630c45665d8dac25	67409ff190808c2967c949cae6697bf235010dbe832389cb4976d9089b5f5e1d	complete	True	segregating	324	0.324	True	True	True						False	False	65.19740750300002	012a5f9f595bf213d1e6a9b2a2a53febf973fea6a4111ec463648adec589a7a7			
eas_selected__confirm100__s0.010000__af0.300000__q5__draw049	confirm100	focal_2bp_forward_only_no_recap_no_neutral_overlay	0.01	0.3	0.2749999999999999	0.325	500	100	60	49	379415610	430272953	5.0	0.1	2	1	1258.0	3bc0b4353f9cb11b8d34742ad46ccf6ed94a9745db985e17867fe8a3c0d99e5a	7e3fbbb5d9b6782e689e56f3dfe7344378b54b992cfa3375779fc2ed40220edf	b2ff2b052e207c1fe9f479665db6ece313c068e369f2eb11630c45665d8dac25	67409ff190808c2967c949cae6697bf235010dbe832389cb4976d9089b5f5e1d	complete	True	segregating	272	0.272	False	False	False						False	False	136.23421201799988	38d18011549e575eb1a84accc352314404280dbffb61f3da5e6a7793ff396e7c			
eas_selected__confirm100__s0.010000__af0.300000__q5__draw050	confirm100	focal_2bp_forward_only_no_recap_no_neutral_overlay	0.01	0.3	0.2749999999999999	0.325	500	100	60	50	2144921682	470293742	5.0	0.1	2	1	1258.0	3bc0b4353f9cb11b8d34742ad46ccf6ed94a9745db985e17867fe8a3c0d99e5a	7e3fbbb5d9b6782e689e56f3dfe7344378b54b992cfa3375779fc2ed40220edf	b2ff2b052e207c1fe9f479665db6ece313c068e369f2eb11630c45665d8dac25	67409ff190808c2967c949cae6697bf235010dbe832389cb4976d9089b5f5e1d	complete	True	segregating	270	0.27	False	False	False						False	False	57.55487109700016	f9e1019121c099543ecee249e7ab75b9931717d0b83d53d721dfc2f2728879bb			
eas_selected__confirm100__s0.010000__af0.300000__q5__draw051	confirm100	focal_2bp_forward_only_no_recap_no_neutral_overlay	0.01	0.3	0.2749999999999999	0.325	500	100	60	51	890212277	2028219906	5.0	0.1	2	1	1258.0	3bc0b4353f9cb11b8d34742ad46ccf6ed94a9745db985e17867fe8a3c0d99e5a	7e3fbbb5d9b6782e689e56f3dfe7344378b54b992cfa3375779fc2ed40220edf	b2ff2b052e207c1fe9f479665db6ece313c068e369f2eb11630c45665d8dac25	67409ff190808c2967c949cae6697bf235010dbe832389cb4976d9089b5f5e1d	complete	True	segregating	316	0.316	True	True	True						False	False	148.74381001899997	b41927b947e28fbf9ea298c8fbccffbeeda843438bfa735bb27aec2a5a2732ba			
eas_selected__confirm100__s0.010000__af0.300000__q5__draw052	confirm100	focal_2bp_forward_only_no_recap_no_neutral_overlay	0.01	0.3	0.2749999999999999	0.325	500	100	60	52	601418250	1073728576	5.0	0.1	2	1	1258.0	3bc0b4353f9cb11b8d34742ad46ccf6ed94a9745db985e17867fe8a3c0d99e5a	7e3fbbb5d9b6782e689e56f3dfe7344378b54b992cfa3375779fc2ed40220edf	b2ff2b052e207c1fe9f479665db6ece313c068e369f2eb11630c45665d8dac25	67409ff190808c2967c949cae6697bf235010dbe832389cb4976d9089b5f5e1d	complete	True	segregating	320	0.32	True	True	True						False	False	83.04294785900015	fcde17f81c1bbc888ca1d5417c125c2628b780860991cf336890aa1bada0d12c			
eas_selected__confirm100__s0.010000__af0.300000__q5__draw053	confirm100	focal_2bp_forward_only_no_recap_no_neutral_overlay	0.01	0.3	0.2749999999999999	0.325	500	100	60	53	1010488342	452099855	5.0	0.1	2	1	1258.0	3bc0b4353f9cb11b8d34742ad46ccf6ed94a9745db985e17867fe8a3c0d99e5a	7e3fbbb5d9b6782e689e56f3dfe7344378b54b992cfa3375779fc2ed40220edf	b2ff2b052e207c1fe9f479665db6ece313c068e369f2eb11630c45665d8dac25	67409ff190808c2967c949cae6697bf235010dbe832389cb4976d9089b5f5e1d	complete	True	segregating	334	0.334	False	False	False						False	False	82.37769448800009	c6e5bbd0d76254b1b6c4115e4beec833e600bc8ec23f1a879b48aaeefb42dbd0			
eas_selected__confirm100__s0.010000__af0.300000__q5__draw054	confirm100	focal_2bp_forward_only_no_recap_no_neutral_overlay	0.01	0.3	0.2749999999999999	0.325	500	100	60	54	1641002093	1864784248	5.0	0.1	2	1	1258.0	3bc0b4353f9cb11b8d34742ad46ccf6ed94a9745db985e17867fe8a3c0d99e5a	7e3fbbb5d9b6782e689e56f3dfe7344378b54b992cfa3375779fc2ed40220edf	b2ff2b052e207c1fe9f479665db6ece313c068e369f2eb11630c45665d8dac25	67409ff190808c2967c949cae6697bf235010dbe832389cb4976d9089b5f5e1d	complete	True	segregating	321	0.321	True	True	True						False	False	210.78293312799997	43ab57e912e93726663cc8330c68cd106fefd60489611d0a8b87da1c801e148d			
eas_selected__confirm100__s0.010000__af0.300000__q5__draw055	confirm100	focal_2bp_forward_only_no_recap_no_neutral_overlay	0.01	0.3	0.2749999999999999	0.325	500	100	60	55	1668553310	721893571	5.0	0.1	2	1	1258.0	3bc0b4353f9cb11b8d34742ad46ccf6ed94a9745db985e17867fe8a3c0d99e5a	7e3fbbb5d9b6782e689e56f3dfe7344378b54b992cfa3375779fc2ed40220edf	b2ff2b052e207c1fe9f479665db6ece313c068e369f2eb11630c45665d8dac25	67409ff190808c2967c949cae6697bf235010dbe832389cb4976d9089b5f5e1d	complete	True	segregating	295	0.295	True	True	True						False	False	51.968681756000024	edc76d0e0ac34bba88752b9e481f6d2af56f6d8c97d19c11503b86a7a9e9c1a5			
eas_selected__confirm100__s0.010000__af0.300000__q5__draw056	confirm100	focal_2bp_forward_only_no_recap_no_neutral_overlay	0.01	0.3	0.2749999999999999	0.325	500	100	60	56	1453877342	2140978095	5.0	0.1	2	1	1258.0	3bc0b4353f9cb11b8d34742ad46ccf6ed94a9745db985e17867fe8a3c0d99e5a	7e3fbbb5d9b6782e689e56f3dfe7344378b54b992cfa3375779fc2ed40220edf	b2ff2b052e207c1fe9f479665db6ece313c068e369f2eb11630c45665d8dac25	67409ff190808c2967c949cae6697bf235010dbe832389cb4976d9089b5f5e1d	complete	True	segregating	301	0.301	True	True	True						False	False	90.54732400300009	48499e02de7370271398a09d8b997c0dadfa579df5e01d1fe397c079892c5a40			
eas_selected__confirm100__s0.010000__af0.300000__q5__draw057	confirm100	focal_2bp_forward_only_no_recap_no_neutral_overlay	0.01	0.3	0.2749999999999999	0.325	500	100	60	57	976662143	726332229	5.0	0.1	2	1	1258.0	3bc0b4353f9cb11b8d34742ad46ccf6ed94a9745db985e17867fe8a3c0d99e5a	7e3fbbb5d9b6782e689e56f3dfe7344378b54b992cfa3375779fc2ed40220edf	b2ff2b052e207c1fe9f479665db6ece313c068e369f2eb11630c45665d8dac25	67409ff190808c2967c949cae6697bf235010dbe832389cb4976d9089b5f5e1d	complete	True	segregating	300	0.3	True	True	True						False	False	90.94230725699981	539678c5e773bbb24644a3e9b077ba1b2bfb11693baa8015a7c485b00b102d3b			
eas_selected__confirm100__s0.010000__af0.300000__q5__draw058	confirm100	focal_2bp_forward_only_no_recap_no_neutral_overlay	0.01	0.3	0.2749999999999999	0.325	500	100	60	58	1967217107	1293939121	5.0	0.1	2	1	1258.0	3bc0b4353f9cb11b8d34742ad46ccf6ed94a9745db985e17867fe8a3c0d99e5a	7e3fbbb5d9b6782e689e56f3dfe7344378b54b992cfa3375779fc2ed40220edf	b2ff2b052e207c1fe9f479665db6ece313c068e369f2eb11630c45665d8dac25	67409ff190808c2967c949cae6697bf235010dbe832389cb4976d9089b5f5e1d	complete	True	segregating	315	0.315	True	True	True						False	False	88.586928166	635ae0b09163c512039ad3176bcc02ff22faa12de453a67752ceaa199e99924e			
eas_selected__confirm100__s0.010000__af0.300000__q5__draw059	confirm100	focal_2bp_forward_only_no_recap_no_neutral_overlay	0.01	0.3	0.2749999999999999	0.325	500	100	60	59	1773625669	399518646	5.0	0.1	2	1	1258.0	3bc0b4353f9cb11b8d34742ad46ccf6ed94a9745db985e17867fe8a3c0d99e5a	7e3fbbb5d9b6782e689e56f3dfe7344378b54b992cfa3375779fc2ed40220edf	b2ff2b052e207c1fe9f479665db6ece313c068e369f2eb11630c45665d8dac25	67409ff190808c2967c949cae6697bf235010dbe832389cb4976d9089b5f5e1d	complete	True	segregating	294	0.294	True	True	True						False	False	142.98703826899987	876660a3ac4e5f60713b682c11ff051dae88f98ef23912db54ee01f5fe7c5092			
eas_selected__confirm100__s0.010000__af0.300000__q5__draw060	confirm100	focal_2bp_forward_only_no_recap_no_neutral_overlay	0.01	0.3	0.2749999999999999	0.325	500	100	60	60	2053617907	231154407	5.0	0.1	2	1	1258.0	3bc0b4353f9cb11b8d34742ad46ccf6ed94a9745db985e17867fe8a3c0d99e5a	7e3fbbb5d9b6782e689e56f3dfe7344378b54b992cfa3375779fc2ed40220edf	b2ff2b052e207c1fe9f479665db6ece313c068e369f2eb11630c45665d8dac25	67409ff190808c2967c949cae6697bf235010dbe832389cb4976d9089b5f5e1d	complete	True	segregating	263	0.263	False	False	False						False	False	32.13889296699995	b0820e6af15ebd1ed5102fd708ad99a278c70a3602ecbf2997be0c3e35286b22			
eas_selected__confirm100__s0.010000__af0.300000__q5__draw061	confirm100	focal_2bp_forward_only_no_recap_no_neutral_overlay	0.01	0.3	0.2749999999999999	0.325	500	100	60	61	1392355253	243849140	5.0	0.1	2	1	1258.0	3bc0b4353f9cb11b8d34742ad46ccf6ed94a9745db985e17867fe8a3c0d99e5a	7e3fbbb5d9b6782e689e56f3dfe7344378b54b992cfa3375779fc2ed40220edf	b2ff2b052e207c1fe9f479665db6ece313c068e369f2eb11630c45665d8dac25	67409ff190808c2967c949cae6697bf235010dbe832389cb4976d9089b5f5e1d	complete	True	segregating	295	0.295	True	True	True						False	False	190.5540519729998	8bd50c880afd316e65b1b4bb74defdb3d0e3da66fa05e771b54bd915b46384bb			
eas_selected__confirm100__s0.010000__af0.300000__q5__draw062	confirm100	focal_2bp_forward_only_no_recap_no_neutral_overlay	0.01	0.3	0.2749999999999999	0.325	500	100	60	62	843611594	1005050057	5.0	0.1	2	1	1258.0	3bc0b4353f9cb11b8d34742ad46ccf6ed94a9745db985e17867fe8a3c0d99e5a	7e3fbbb5d9b6782e689e56f3dfe7344378b54b992cfa3375779fc2ed40220edf	b2ff2b052e207c1fe9f479665db6ece313c068e369f2eb11630c45665d8dac25	67409ff190808c2967c949cae6697bf235010dbe832389cb4976d9089b5f5e1d	complete	True	segregating	276	0.276	True	True	True						False	False	22.61118787800001	116c505649b788c81c89b9c594761867f05870b372ac76ba8ce4b4dc8c79d59a			
eas_selected__confirm100__s0.010000__af0.300000__q5__draw063	confirm100	focal_2bp_forward_only_no_recap_no_neutral_overlay	0.01	0.3	0.2749999999999999	0.325	500	100	60	63	1316516415	721615386	5.0	0.1	2	1	1258.0	3bc0b4353f9cb11b8d34742ad46ccf6ed94a9745db985e17867fe8a3c0d99e5a	7e3fbbb5d9b6782e689e56f3dfe7344378b54b992cfa3375779fc2ed40220edf	b2ff2b052e207c1fe9f479665db6ece313c068e369f2eb11630c45665d8dac25	67409ff190808c2967c949cae6697bf235010dbe832389cb4976d9089b5f5e1d	complete	True	segregating	320	0.32	True	True	True						False	False	41.92569215499998	08069236b12efda439c70eaf3e7872674d6f554c984e33d6183619db6eed84ba			
eas_selected__confirm100__s0.010000__af0.300000__q5__draw064	confirm100	focal_2bp_forward_only_no_recap_no_neutral_overlay	0.01	0.3	0.2749999999999999	0.325	500	100	60	64	345804331	1419985860	5.0	0.1	2	1	1258.0	3bc0b4353f9cb11b8d34742ad46ccf6ed94a9745db985e17867fe8a3c0d99e5a	7e3fbbb5d9b6782e689e56f3dfe7344378b54b992cfa3375779fc2ed40220edf	b2ff2b052e207c1fe9f479665db6ece313c068e369f2eb11630c45665d8dac25	67409ff190808c2967c949cae6697bf235010dbe832389cb4976d9089b5f5e1d	complete	True	segregating	336	0.336	False	False	False						False	False	313.5964145780001	26f460d5a86d42e5283cbad986507ce27933a7b744fc37bcf104faa3959501a8			
eas_selected__confirm100__s0.010000__af0.300000__q5__draw065	confirm100	focal_2bp_forward_only_no_recap_no_neutral_overlay	0.01	0.3	0.2749999999999999	0.325	500	100	60	65	879688191	481002972	5.0	0.1	2	1	1258.0	3bc0b4353f9cb11b8d34742ad46ccf6ed94a9745db985e17867fe8a3c0d99e5a	7e3fbbb5d9b6782e689e56f3dfe7344378b54b992cfa3375779fc2ed40220edf	b2ff2b052e207c1fe9f479665db6ece313c068e369f2eb11630c45665d8dac25	67409ff190808c2967c949cae6697bf235010dbe832389cb4976d9089b5f5e1d	complete	True	segregating	280	0.28	True	True	True						False	False	48.179040430999976	56048fc7362001a9c55d4facbcbea8bd2dbceb59766cf2f7d74b71da6773ab71			
eas_selected__confirm100__s0.010000__af0.300000__q5__draw066	confirm100	focal_2bp_forward_only_no_recap_no_neutral_overlay	0.01	0.3	0.2749999999999999	0.325	500	100	60	66	1248151463	1223324843	5.0	0.1	2	1	1258.0	3bc0b4353f9cb11b8d34742ad46ccf6ed94a9745db985e17867fe8a3c0d99e5a	7e3fbbb5d9b6782e689e56f3dfe7344378b54b992cfa3375779fc2ed40220edf	b2ff2b052e207c1fe9f479665db6ece313c068e369f2eb11630c45665d8dac25	67409ff190808c2967c949cae6697bf235010dbe832389cb4976d9089b5f5e1d	complete	True	segregating	325	0.325	True	True	True						False	False	234.62781624299987	291d0a13da54782bb0dfca60270bec23532e2e32922624940274cfb03ffbf26d			
eas_selected__confirm100__s0.010000__af0.300000__q5__draw067	confirm100	focal_2bp_forward_only_no_recap_no_neutral_overlay	0.01	0.3	0.2749999999999999	0.325	500	100	60	67	908715105	886893147	5.0	0.1	2	1	1258.0	3bc0b4353f9cb11b8d34742ad46ccf6ed94a9745db985e17867fe8a3c0d99e5a	7e3fbbb5d9b6782e689e56f3dfe7344378b54b992cfa3375779fc2ed40220edf	b2ff2b052e207c1fe9f479665db6ece313c068e369f2eb11630c45665d8dac25	67409ff190808c2967c949cae6697bf235010dbe832389cb4976d9089b5f5e1d	complete	True	segregating	270	0.27	False	False	False						False	False	193.91444586500006	e6860048204a93df22660e421833411202a54fb0484639eb0f573e6ae5c7f8da			
eas_selected__confirm100__s0.010000__af0.300000__q5__draw068	confirm100	focal_2bp_forward_only_no_recap_no_neutral_overlay	0.01	0.3	0.2749999999999999	0.325	500	100	60	68	558477131	1396277601	5.0	0.1	2	1	1258.0	3bc0b4353f9cb11b8d34742ad46ccf6ed94a9745db985e17867fe8a3c0d99e5a	7e3fbbb5d9b6782e689e56f3dfe7344378b54b992cfa3375779fc2ed40220edf	b2ff2b052e207c1fe9f479665db6ece313c068e369f2eb11630c45665d8dac25	67409ff190808c2967c949cae6697bf235010dbe832389cb4976d9089b5f5e1d	complete	True	segregating	305	0.305	True	True	True						False	False	130.10506030300007	a9feade20094995001ea8a5fcee60b68d1a4f23c2c5eef93c75efe3544b0c2e0			
eas_selected__confirm100__s0.010000__af0.300000__q5__draw069	confirm100	focal_2bp_forward_only_no_recap_no_neutral_overlay	0.01	0.3	0.2749999999999999	0.325	500	100	60	69	1924510959	1350010386	5.0	0.1	2	1	1258.0	3bc0b4353f9cb11b8d34742ad46ccf6ed94a9745db985e17867fe8a3c0d99e5a	7e3fbbb5d9b6782e689e56f3dfe7344378b54b992cfa3375779fc2ed40220edf	b2ff2b052e207c1fe9f479665db6ece313c068e369f2eb11630c45665d8dac25	67409ff190808c2967c949cae6697bf235010dbe832389cb4976d9089b5f5e1d	complete	True	segregating	297	0.297	True	True	True						False	False	103.41444417000002	43c9c8bba67521885104dccbd0ace9b3baa94fa4d4fe7dcbf8eebb93127c727e			
eas_selected__confirm100__s0.010000__af0.300000__q5__draw070	confirm100	focal_2bp_forward_only_no_recap_no_neutral_overlay	0.01	0.3	0.2749999999999999	0.325	500	100	60	70	366560223	406599603	5.0	0.1	2	1	1258.0	3bc0b4353f9cb11b8d34742ad46ccf6ed94a9745db985e17867fe8a3c0d99e5a	7e3fbbb5d9b6782e689e56f3dfe7344378b54b992cfa3375779fc2ed40220edf	b2ff2b052e207c1fe9f479665db6ece313c068e369f2eb11630c45665d8dac25	67409ff190808c2967c949cae6697bf235010dbe832389cb4976d9089b5f5e1d	complete	True	segregating	271	0.271	False	False	False						False	False	50.04627262400004	30a703f2d4518826e49a04f48188010d0e9bf944016411916d7820effcd478cb			
eas_selected__confirm100__s0.010000__af0.300000__q5__draw071	confirm100	focal_2bp_forward_only_no_recap_no_neutral_overlay	0.01	0.3	0.2749999999999999	0.325	500	100	60	71	911780052	1942433454	5.0	0.1	2	1	1258.0	3bc0b4353f9cb11b8d34742ad46ccf6ed94a9745db985e17867fe8a3c0d99e5a	7e3fbbb5d9b6782e689e56f3dfe7344378b54b992cfa3375779fc2ed40220edf	b2ff2b052e207c1fe9f479665db6ece313c068e369f2eb11630c45665d8dac25	67409ff190808c2967c949cae6697bf235010dbe832389cb4976d9089b5f5e1d	complete	True	segregating	294	0.294	True	True	True						False	False	50.15851873199995	53f054ae0ffc583190011481e4f6ebc7200256d481dd866c220c446c0b5f70e1			
eas_selected__confirm100__s0.010000__af0.300000__q5__draw072	confirm100	focal_2bp_forward_only_no_recap_no_neutral_overlay	0.01	0.3	0.2749999999999999	0.325	500	100	60	72	1482521016	1630522408	5.0	0.1	2	1	1258.0	3bc0b4353f9cb11b8d34742ad46ccf6ed94a9745db985e17867fe8a3c0d99e5a	7e3fbbb5d9b6782e689e56f3dfe7344378b54b992cfa3375779fc2ed40220edf	b2ff2b052e207c1fe9f479665db6ece313c068e369f2eb11630c45665d8dac25	67409ff190808c2967c949cae6697bf235010dbe832389cb4976d9089b5f5e1d	complete	True	segregating	299	0.299	True	True	True						False	False	124.18444830299995	b75bcad2638be9b2c307655dbbe45e0bcaa2254296625a0368b809e7c77b14cf			
eas_selected__confirm100__s0.010000__af0.300000__q5__draw073	confirm100	focal_2bp_forward_only_no_recap_no_neutral_overlay	0.01	0.3	0.2749999999999999	0.325	500	100	60	73	1927867802	1498467879	5.0	0.1	2	1	1258.0	3bc0b4353f9cb11b8d34742ad46ccf6ed94a9745db985e17867fe8a3c0d99e5a	7e3fbbb5d9b6782e689e56f3dfe7344378b54b992cfa3375779fc2ed40220edf	b2ff2b052e207c1fe9f479665db6ece313c068e369f2eb11630c45665d8dac25	67409ff190808c2967c949cae6697bf235010dbe832389cb4976d9089b5f5e1d	complete	True	segregating	285	0.285	True	True	True						False	False	93.83088500100007	e357b597eea7b8416bc1a846f3e5e1d56579006e90f7e4e386ede5312accf6a9			
eas_selected__confirm100__s0.010000__af0.300000__q5__draw074	confirm100	focal_2bp_forward_only_no_recap_no_neutral_overlay	0.01	0.3	0.2749999999999999	0.325	500	100	60	74	1674633344	918967113	5.0	0.1	2	1	1258.0	3bc0b4353f9cb11b8d34742ad46ccf6ed94a9745db985e17867fe8a3c0d99e5a	7e3fbbb5d9b6782e689e56f3dfe7344378b54b992cfa3375779fc2ed40220edf	b2ff2b052e207c1fe9f479665db6ece313c068e369f2eb11630c45665d8dac25	67409ff190808c2967c949cae6697bf235010dbe832389cb4976d9089b5f5e1d	complete	True	segregating	291	0.291	True	True	True						False	False	398.695697808	f35b625d2d4d5b9569e0aff171d9cba2d0d38e0706b6c5b479521aea850fcec5			
eas_selected__confirm100__s0.010000__af0.300000__q5__draw075	confirm100	focal_2bp_forward_only_no_recap_no_neutral_overlay	0.01	0.3	0.2749999999999999	0.325	500	100	60	75	844880772	610492241	5.0	0.1	2	1	1258.0	3bc0b4353f9cb11b8d34742ad46ccf6ed94a9745db985e17867fe8a3c0d99e5a	7e3fbbb5d9b6782e689e56f3dfe7344378b54b992cfa3375779fc2ed40220edf	b2ff2b052e207c1fe9f479665db6ece313c068e369f2eb11630c45665d8dac25	67409ff190808c2967c949cae6697bf235010dbe832389cb4976d9089b5f5e1d	complete	True	segregating	281	0.281	True	True	True						False	False	308.85860550300004	19273da9f6bb1543c61d77e9d1acaea1694155bb45c6a7bb0132febb6a083eda			
eas_selected__confirm100__s0.010000__af0.300000__q5__draw076	confirm100	focal_2bp_forward_only_no_recap_no_neutral_overlay	0.01	0.3	0.2749999999999999	0.325	500	100	60	76	359965546	1386096340	5.0	0.1	2	1	1258.0	3bc0b4353f9cb11b8d34742ad46ccf6ed94a9745db985e17867fe8a3c0d99e5a	7e3fbbb5d9b6782e689e56f3dfe7344378b54b992cfa3375779fc2ed40220edf	b2ff2b052e207c1fe9f479665db6ece313c068e369f2eb11630c45665d8dac25	67409ff190808c2967c949cae6697bf235010dbe832389cb4976d9089b5f5e1d	complete	True	segregating	304	0.304	True	True	True						False	False	134.95777947199986	a076044ac77a31e541e0a799554545ee0ba886c0a43b9de9f5076fb21bdb9ef8			
eas_selected__confirm100__s0.010000__af0.300000__q5__draw077	confirm100	focal_2bp_forward_only_no_recap_no_neutral_overlay	0.01	0.3	0.2749999999999999	0.325	500	100	60	77	2075247994	141140347	5.0	0.1	2	1	1258.0	3bc0b4353f9cb11b8d34742ad46ccf6ed94a9745db985e17867fe8a3c0d99e5a	7e3fbbb5d9b6782e689e56f3dfe7344378b54b992cfa3375779fc2ed40220edf	b2ff2b052e207c1fe9f479665db6ece313c068e369f2eb11630c45665d8dac25	67409ff190808c2967c949cae6697bf235010dbe832389cb4976d9089b5f5e1d	complete	True	segregating	261	0.261	False	False	False						False	False	28.622695455999974	5df0aca6d04bdf8bbdd3a6add68f437d16da957f6488ee9bbbd73b851e75d91b			
eas_selected__confirm100__s0.010000__af0.300000__q5__draw078	confirm100	focal_2bp_forward_only_no_recap_no_neutral_overlay	0.01	0.3	0.2749999999999999	0.325	500	100	60	78	560521074	1808571184	5.0	0.1	2	1	1258.0	3bc0b4353f9cb11b8d34742ad46ccf6ed94a9745db985e17867fe8a3c0d99e5a	7e3fbbb5d9b6782e689e56f3dfe7344378b54b992cfa3375779fc2ed40220edf	b2ff2b052e207c1fe9f479665db6ece313c068e369f2eb11630c45665d8dac25	67409ff190808c2967c949cae6697bf235010dbe832389cb4976d9089b5f5e1d	complete	True	segregating	299	0.299	True	True	True						False	False	236.50548950999996	281b1acff7ede9b78862637e99f89d367756c789385b1e5dec5b04530fda5ef7			
eas_selected__confirm100__s0.010000__af0.300000__q5__draw079	confirm100	focal_2bp_forward_only_no_recap_no_neutral_overlay	0.01	0.3	0.2749999999999999	0.325	500	100	60	79	1489506557	1158573613	5.0	0.1	2	1	1258.0	3bc0b4353f9cb11b8d34742ad46ccf6ed94a9745db985e17867fe8a3c0d99e5a	7e3fbbb5d9b6782e689e56f3dfe7344378b54b992cfa3375779fc2ed40220edf	b2ff2b052e207c1fe9f479665db6ece313c068e369f2eb11630c45665d8dac25	67409ff190808c2967c949cae6697bf235010dbe832389cb4976d9089b5f5e1d	complete	True	segregating	286	0.286	True	True	True						False	False	94.7374980479999	c4c0f8c01be67e2e139989c09289312afc3eb0c3522ebc57d1f9ba99564b1068			
eas_selected__confirm100__s0.010000__af0.300000__q5__draw080	confirm100	focal_2bp_forward_only_no_recap_no_neutral_overlay	0.01	0.3	0.2749999999999999	0.325	500	100	60	80	1149965587	545453037	5.0	0.1	2	1	1258.0	3bc0b4353f9cb11b8d34742ad46ccf6ed94a9745db985e17867fe8a3c0d99e5a	7e3fbbb5d9b6782e689e56f3dfe7344378b54b992cfa3375779fc2ed40220edf	b2ff2b052e207c1fe9f479665db6ece313c068e369f2eb11630c45665d8dac25	67409ff190808c2967c949cae6697bf235010dbe832389cb4976d9089b5f5e1d	complete	True	segregating	321	0.321	True	True	True						False	False	67.83790836699995	870c8e9443030a2731ca7e774578f48dc54b3250ccd6db146c87114e11f116ab			
eas_selected__confirm100__s0.010000__af0.300000__q5__draw081	confirm100	focal_2bp_forward_only_no_recap_no_neutral_overlay	0.01	0.3	0.2749999999999999	0.325	500	100	60	81	1906775304	491319676	5.0	0.1	2	1	1258.0	3bc0b4353f9cb11b8d34742ad46ccf6ed94a9745db985e17867fe8a3c0d99e5a	7e3fbbb5d9b6782e689e56f3dfe7344378b54b992cfa3375779fc2ed40220edf	b2ff2b052e207c1fe9f479665db6ece313c068e369f2eb11630c45665d8dac25	67409ff190808c2967c949cae6697bf235010dbe832389cb4976d9089b5f5e1d	complete	True	segregating	278	0.278	True	True	True						False	False	45.50398660899987	958e0caa61ec739a3763d67e21b716b2c1c8602af67487ce1541541ada56e856			
eas_selected__confirm100__s0.010000__af0.300000__q5__draw082	confirm100	focal_2bp_forward_only_no_recap_no_neutral_overlay	0.01	0.3	0.2749999999999999	0.325	500	100	60	82	115461134	72909394	5.0	0.1	2	1	1258.0	3bc0b4353f9cb11b8d34742ad46ccf6ed94a9745db985e17867fe8a3c0d99e5a	7e3fbbb5d9b6782e689e56f3dfe7344378b54b992cfa3375779fc2ed40220edf	b2ff2b052e207c1fe9f479665db6ece313c068e369f2eb11630c45665d8dac25	67409ff190808c2967c949cae6697bf235010dbe832389cb4976d9089b5f5e1d	complete	True	segregating	269	0.269	False	False	False						False	False	21.37148557500018	677a4a0a9a59e9b07f1d734c5b777d0d9ebf25841107f6968a8d6da1c4044bff			
eas_selected__confirm100__s0.010000__af0.300000__q5__draw083	confirm100	focal_2bp_forward_only_no_recap_no_neutral_overlay	0.01	0.3	0.2749999999999999	0.325	500	100	60	83	650793702	1533674765	5.0	0.1	2	1	1258.0	3bc0b4353f9cb11b8d34742ad46ccf6ed94a9745db985e17867fe8a3c0d99e5a	7e3fbbb5d9b6782e689e56f3dfe7344378b54b992cfa3375779fc2ed40220edf	b2ff2b052e207c1fe9f479665db6ece313c068e369f2eb11630c45665d8dac25	67409ff190808c2967c949cae6697bf235010dbe832389cb4976d9089b5f5e1d	complete	True	segregating	294	0.294	True	True	True						False	False	75.96983792700007	0dcc3e538aa11b3af1529d122e40e8287e14a5341ee515c9274e9c1063ffc89c			
eas_selected__confirm100__s0.010000__af0.300000__q5__draw084	confirm100	focal_2bp_forward_only_no_recap_no_neutral_overlay	0.01	0.3	0.2749999999999999	0.325	500	100	60	84	1553729399	747198782	5.0	0.1	2	1	1258.0	3bc0b4353f9cb11b8d34742ad46ccf6ed94a9745db985e17867fe8a3c0d99e5a	7e3fbbb5d9b6782e689e56f3dfe7344378b54b992cfa3375779fc2ed40220edf	b2ff2b052e207c1fe9f479665db6ece313c068e369f2eb11630c45665d8dac25	67409ff190808c2967c949cae6697bf235010dbe832389cb4976d9089b5f5e1d	complete	True	segregating	256	0.256	False	False	False						False	False	576.9058872940002	db3361a025c1fe2d69480d148d827f4e9da3f6e0819d8ce2390ca863ab0f067a			
eas_selected__confirm100__s0.010000__af0.300000__q5__draw085	confirm100	focal_2bp_forward_only_no_recap_no_neutral_overlay	0.01	0.3	0.2749999999999999	0.325	500	100	60	85	1105393153	1480729175	5.0	0.1	2	1	1258.0	3bc0b4353f9cb11b8d34742ad46ccf6ed94a9745db985e17867fe8a3c0d99e5a	7e3fbbb5d9b6782e689e56f3dfe7344378b54b992cfa3375779fc2ed40220edf	b2ff2b052e207c1fe9f479665db6ece313c068e369f2eb11630c45665d8dac25	67409ff190808c2967c949cae6697bf235010dbe832389cb4976d9089b5f5e1d	complete	True	segregating	305	0.305	True	True	True						False	False	45.59405087099981	490b6f061ae98bb629c6cc2e77462a09a4a5d4c47612a85fc270d62bbff80036			
eas_selected__confirm100__s0.010000__af0.300000__q5__draw086	confirm100	focal_2bp_forward_only_no_recap_no_neutral_overlay	0.01	0.3	0.2749999999999999	0.325	500	100	60	86	1084210389	1132606008	5.0	0.1	2	1	1258.0	3bc0b4353f9cb11b8d34742ad46ccf6ed94a9745db985e17867fe8a3c0d99e5a	7e3fbbb5d9b6782e689e56f3dfe7344378b54b992cfa3375779fc2ed40220edf	b2ff2b052e207c1fe9f479665db6ece313c068e369f2eb11630c45665d8dac25	67409ff190808c2967c949cae6697bf235010dbe832389cb4976d9089b5f5e1d	complete	True	segregating	287	0.287	True	True	True						False	False	28.181394003999912	a8b7e2a40168e4e9904751a0fe4949c57b89d4900a8330eb73d1d2455354a65d			
eas_selected__confirm100__s0.010000__af0.300000__q5__draw087	confirm100	focal_2bp_forward_only_no_recap_no_neutral_overlay	0.01	0.3	0.2749999999999999	0.325	500	100	60	87	106045251	1037494088	5.0	0.1	2	1	1258.0	3bc0b4353f9cb11b8d34742ad46ccf6ed94a9745db985e17867fe8a3c0d99e5a	7e3fbbb5d9b6782e689e56f3dfe7344378b54b992cfa3375779fc2ed40220edf	b2ff2b052e207c1fe9f479665db6ece313c068e369f2eb11630c45665d8dac25	67409ff190808c2967c949cae6697bf235010dbe832389cb4976d9089b5f5e1d	complete	True	segregating	318	0.318	True	True	True						False	False	256.62404716499987	3642a7532c3bff405eb99682d648eb646c3806cea791ce919eeadb80d0658a34			
eas_selected__confirm100__s0.010000__af0.300000__q5__draw088	confirm100	focal_2bp_forward_only_no_recap_no_neutral_overlay	0.01	0.3	0.2749999999999999	0.325	500	100	60	88	671541103	1809030258	5.0	0.1	2	1	1258.0	3bc0b4353f9cb11b8d34742ad46ccf6ed94a9745db985e17867fe8a3c0d99e5a	7e3fbbb5d9b6782e689e56f3dfe7344378b54b992cfa3375779fc2ed40220edf	b2ff2b052e207c1fe9f479665db6ece313c068e369f2eb11630c45665d8dac25	67409ff190808c2967c949cae6697bf235010dbe832389cb4976d9089b5f5e1d	complete	True	segregating	291	0.291	True	True	True						False	False	25.77974686199991	1fc08c414c0f773bb6b5b0b799aa1b58c6c7baae508b2f010f54238a272ea36b			
eas_selected__confirm100__s0.010000__af0.300000__q5__draw089	confirm100	focal_2bp_forward_only_no_recap_no_neutral_overlay	0.01	0.3	0.2749999999999999	0.325	500	100	60	89	1839038931	364322093	5.0	0.1	2	1	1258.0	3bc0b4353f9cb11b8d34742ad46ccf6ed94a9745db985e17867fe8a3c0d99e5a	7e3fbbb5d9b6782e689e56f3dfe7344378b54b992cfa3375779fc2ed40220edf	b2ff2b052e207c1fe9f479665db6ece313c068e369f2eb11630c45665d8dac25	67409ff190808c2967c949cae6697bf235010dbe832389cb4976d9089b5f5e1d	complete	True	segregating	284	0.284	True	True	True						False	False	220.58919958799993	661f364bb1730f489a413227b5a7d494d88c9cb7cf3f513beee69e8ff8f42144			
eas_selected__confirm100__s0.010000__af0.300000__q5__draw090	confirm100	focal_2bp_forward_only_no_recap_no_neutral_overlay	0.01	0.3	0.2749999999999999	0.325	500	100	60	90	174332167	209261809	5.0	0.1	2	1	1258.0	3bc0b4353f9cb11b8d34742ad46ccf6ed94a9745db985e17867fe8a3c0d99e5a	7e3fbbb5d9b6782e689e56f3dfe7344378b54b992cfa3375779fc2ed40220edf	b2ff2b052e207c1fe9f479665db6ece313c068e369f2eb11630c45665d8dac25	67409ff190808c2967c949cae6697bf235010dbe832389cb4976d9089b5f5e1d	complete	True	segregating	338	0.338	False	False	False						False	False	191.2244839519999	87388919c83a897ce8eb6eb1483cd26d6ebb5bb3a5ec4850c6f42096fac0f974			
eas_selected__confirm100__s0.010000__af0.300000__q5__draw091	confirm100	focal_2bp_forward_only_no_recap_no_neutral_overlay	0.01	0.3	0.2749999999999999	0.325	500	100	60	91	569814948	1607393268	5.0	0.1	2	1	1258.0	3bc0b4353f9cb11b8d34742ad46ccf6ed94a9745db985e17867fe8a3c0d99e5a	7e3fbbb5d9b6782e689e56f3dfe7344378b54b992cfa3375779fc2ed40220edf	b2ff2b052e207c1fe9f479665db6ece313c068e369f2eb11630c45665d8dac25	67409ff190808c2967c949cae6697bf235010dbe832389cb4976d9089b5f5e1d	complete	True	segregating	305	0.305	True	True	True						False	False	68.4298781829998	a28371b94c9e203b39235a0447d163978d6b7b880d1ce9f6d7de39344e60dd8d			
eas_selected__confirm100__s0.010000__af0.300000__q5__draw092	confirm100	focal_2bp_forward_only_no_recap_no_neutral_overlay	0.01	0.3	0.2749999999999999	0.325	500	100	60	92	364081856	1401442972	5.0	0.1	2	1	1258.0	3bc0b4353f9cb11b8d34742ad46ccf6ed94a9745db985e17867fe8a3c0d99e5a	7e3fbbb5d9b6782e689e56f3dfe7344378b54b992cfa3375779fc2ed40220edf	b2ff2b052e207c1fe9f479665db6ece313c068e369f2eb11630c45665d8dac25	67409ff190808c2967c949cae6697bf235010dbe832389cb4976d9089b5f5e1d	complete	True	segregating	294	0.294	True	True	True						False	False	354.4031642369998	7df6fdc29f21a0c82cfda4e84701c72a4847722d95d826d60d139fea4faea274			
eas_selected__confirm100__s0.010000__af0.300000__q5__draw093	confirm100	focal_2bp_forward_only_no_recap_no_neutral_overlay	0.01	0.3	0.2749999999999999	0.325	500	100	60	93	1847309878	1336200981	5.0	0.1	2	1	1258.0	3bc0b4353f9cb11b8d34742ad46ccf6ed94a9745db985e17867fe8a3c0d99e5a	7e3fbbb5d9b6782e689e56f3dfe7344378b54b992cfa3375779fc2ed40220edf	b2ff2b052e207c1fe9f479665db6ece313c068e369f2eb11630c45665d8dac25	67409ff190808c2967c949cae6697bf235010dbe832389cb4976d9089b5f5e1d	complete	True	segregating	295	0.295	True	True	True						False	False	31.06704964000005	5eeafd824a20e31af89b0fdd388e147c5eb2fdd63bee092deb960b3dee04ce55			
eas_selected__confirm100__s0.010000__af0.300000__q5__draw094	confirm100	focal_2bp_forward_only_no_recap_no_neutral_overlay	0.01	0.3	0.2749999999999999	0.325	500	100	60	94	824263631	2022983743	5.0	0.1	2	1	1258.0	3bc0b4353f9cb11b8d34742ad46ccf6ed94a9745db985e17867fe8a3c0d99e5a	7e3fbbb5d9b6782e689e56f3dfe7344378b54b992cfa3375779fc2ed40220edf	b2ff2b052e207c1fe9f479665db6ece313c068e369f2eb11630c45665d8dac25	67409ff190808c2967c949cae6697bf235010dbe832389cb4976d9089b5f5e1d	complete	True	segregating	288	0.288	True	True	True						False	False	191.95372231800002	e60b186da2a752f7a93c69d039efdd804e323eafda371834b4d857aa2114c875			
eas_selected__confirm100__s0.010000__af0.300000__q5__draw095	confirm100	focal_2bp_forward_only_no_recap_no_neutral_overlay	0.01	0.3	0.2749999999999999	0.325	500	100	60	95	2038432390	98487335	5.0	0.1	2	1	1258.0	3bc0b4353f9cb11b8d34742ad46ccf6ed94a9745db985e17867fe8a3c0d99e5a	7e3fbbb5d9b6782e689e56f3dfe7344378b54b992cfa3375779fc2ed40220edf	b2ff2b052e207c1fe9f479665db6ece313c068e369f2eb11630c45665d8dac25	67409ff190808c2967c949cae6697bf235010dbe832389cb4976d9089b5f5e1d	complete	True	segregating	296	0.296	True	True	True						False	False	63.867746862000104	bae79eb93f1e43ca1f551e6665718b530cd041a539060458666089763d8ce00f			
eas_selected__confirm100__s0.010000__af0.300000__q5__draw096	confirm100	focal_2bp_forward_only_no_recap_no_neutral_overlay	0.01	0.3	0.2749999999999999	0.325	500	100	60	96	100080669	1077560841	5.0	0.1	2	1	1258.0	3bc0b4353f9cb11b8d34742ad46ccf6ed94a9745db985e17867fe8a3c0d99e5a	7e3fbbb5d9b6782e689e56f3dfe7344378b54b992cfa3375779fc2ed40220edf	b2ff2b052e207c1fe9f479665db6ece313c068e369f2eb11630c45665d8dac25	67409ff190808c2967c949cae6697bf235010dbe832389cb4976d9089b5f5e1d	complete	True	segregating	314	0.314	True	True	True						False	False	70.84535972100002	942b3e63b0f0528eeaba69d59a5a142a4ef1d31879c49fdc0c36d38987349462			
eas_selected__confirm100__s0.010000__af0.300000__q5__draw097	confirm100	focal_2bp_forward_only_no_recap_no_neutral_overlay	0.01	0.3	0.2749999999999999	0.325	500	100	60	97	1088713434	1807136010	5.0	0.1	2	1	1258.0	3bc0b4353f9cb11b8d34742ad46ccf6ed94a9745db985e17867fe8a3c0d99e5a	7e3fbbb5d9b6782e689e56f3dfe7344378b54b992cfa3375779fc2ed40220edf	b2ff2b052e207c1fe9f479665db6ece313c068e369f2eb11630c45665d8dac25	67409ff190808c2967c949cae6697bf235010dbe832389cb4976d9089b5f5e1d	complete	True	segregating	276	0.276	True	True	True						False	False	60.31764694599997	c471d3c2dc9c55deeaea6eb01d3cbf72c7def98e48617b8b38989847d95a93e5			
eas_selected__confirm100__s0.010000__af0.300000__q5__draw098	confirm100	focal_2bp_forward_only_no_recap_no_neutral_overlay	0.01	0.3	0.2749999999999999	0.325	500	100	60	98	1921296273	1565551608	5.0	0.1	2	1	1258.0	3bc0b4353f9cb11b8d34742ad46ccf6ed94a9745db985e17867fe8a3c0d99e5a	7e3fbbb5d9b6782e689e56f3dfe7344378b54b992cfa3375779fc2ed40220edf	b2ff2b052e207c1fe9f479665db6ece313c068e369f2eb11630c45665d8dac25	67409ff190808c2967c949cae6697bf235010dbe832389cb4976d9089b5f5e1d	complete	True	segregating	305	0.305	True	True	True						False	False	57.679392575000065	54733d4d5a59de13fb3f8e2940d99310b1eebe22b4c2edd6336ef8d379c8b86c			
eas_selected__confirm100__s0.010000__af0.300000__q5__draw099	confirm100	focal_2bp_forward_only_no_recap_no_neutral_overlay	0.01	0.3	0.2749999999999999	0.325	500	100	60	99	589747343	1061779466	5.0	0.1	2	1	1258.0	3bc0b4353f9cb11b8d34742ad46ccf6ed94a9745db985e17867fe8a3c0d99e5a	7e3fbbb5d9b6782e689e56f3dfe7344378b54b992cfa3375779fc2ed40220edf	b2ff2b052e207c1fe9f479665db6ece313c068e369f2eb11630c45665d8dac25	67409ff190808c2967c949cae6697bf235010dbe832389cb4976d9089b5f5e1d	complete	True	segregating	322	0.322	True	True	True						False	False	138.72270728700005	c4ab2c6083b3031090c9a8c1024b3d9f040c71f429e845addd3a11b385524c87			
