unit_id	demography	simulation_class	selection_coefficient	seed	generation_time_years	statistic	window	threshold_years	score	final_population_af	sample_alt_count	sample_af
eas_neutral_exact_population_af_reverse_bridge_r000	EAS	neutral	0	2026083600	25	mean_p_tmrca_lt	focal	1000	0.0082103224369999995	0.19533969232404283	44	0.22
eas_neutral_exact_population_af_reverse_bridge_r000	EAS	neutral	0	2026083600	25	mean_p_tmrca_lt	focal	4500	0.036777435550000001	0.19533969232404283	44	0.22
eas_neutral_exact_population_af_reverse_bridge_r000	EAS	neutral	0	2026083600	25	mean_p_tmrca_lt	focal	10000	0.076965022620000004	0.19533969232404283	44	0.22
eas_neutral_exact_population_af_reverse_bridge_r000	EAS	neutral	0	2026083600	25	mean_p_tmrca_lt	focal	20000	0.13450855910000001	0.19533969232404283	44	0.22
eas_neutral_exact_population_af_reverse_bridge_r000	EAS	neutral	0	2026083600	25	mean_p_tmrca_lt	focal	30000	0.17719107370000001	0.19533969232404283	44	0.22
eas_neutral_exact_population_af_reverse_bridge_r000	EAS	neutral	0	2026083600	25	mean_p_tmrca_lt	focal	40000	0.20980186219999999	0.19533969232404283	44	0.22
eas_neutral_exact_population_af_reverse_bridge_r000	EAS	neutral	0	2026083600	25	mean_p_tmrca_lt	focal	50000	0.23542951000000001	0.19533969232404283	44	0.22
eas_neutral_exact_population_af_reverse_bridge_r000	EAS	neutral	0	2026083600	25	mean_p_tmrca_lt	local_100kb	1000	0.0095496493486699995	0.19533969232404283	44	0.22
eas_neutral_exact_population_af_reverse_bridge_r000	EAS	neutral	0	2026083600	25	mean_p_tmrca_lt	local_100kb	4500	0.043674416351000001	0.19533969232404283	44	0.22
eas_neutral_exact_population_af_reverse_bridge_r000	EAS	neutral	0	2026083600	25	mean_p_tmrca_lt	local_100kb	10000	0.092910357055199996	0.19533969232404283	44	0.22
eas_neutral_exact_population_af_reverse_bridge_r000	EAS	neutral	0	2026083600	25	mean_p_tmrca_lt	local_100kb	20000	0.16698850986700001	0.19533969232404283	44	0.22
eas_neutral_exact_population_af_reverse_bridge_r000	EAS	neutral	0	2026083600	25	mean_p_tmrca_lt	local_100kb	30000	0.22632858928999999	0.19533969232404283	44	0.22
eas_neutral_exact_population_af_reverse_bridge_r000	EAS	neutral	0	2026083600	25	mean_p_tmrca_lt	local_100kb	40000	0.27542489479999999	0.19533969232404283	44	0.22
eas_neutral_exact_population_af_reverse_bridge_r000	EAS	neutral	0	2026083600	25	mean_p_tmrca_lt	local_100kb	50000	0.31708000263800001	0.19533969232404283	44	0.22
eas_neutral_exact_population_af_reverse_bridge_r000	EAS	neutral	0	2026083600	25	paper_frac_posterior_mean_below	focal	1000	0.0006060606061	0.19533969232404283	44	0.22
eas_neutral_exact_population_af_reverse_bridge_r000	EAS	neutral	0	2026083600	25	paper_frac_posterior_mean_below	focal	4500	0.002626262626	0.19533969232404283	44	0.22
eas_neutral_exact_population_af_reverse_bridge_r000	EAS	neutral	0	2026083600	25	paper_frac_posterior_mean_below	focal	10000	0.01878787879	0.19533969232404283	44	0.22
eas_neutral_exact_population_af_reverse_bridge_r000	EAS	neutral	0	2026083600	25	paper_frac_posterior_mean_below	focal	20000	0.074747474750000001	0.19533969232404283	44	0.22
eas_neutral_exact_population_af_reverse_bridge_r000	EAS	neutral	0	2026083600	25	paper_frac_posterior_mean_below	focal	30000	0.12262626259999999	0.19533969232404283	44	0.22
eas_neutral_exact_population_af_reverse_bridge_r000	EAS	neutral	0	2026083600	25	paper_frac_posterior_mean_below	focal	40000	0.1763636364	0.19533969232404283	44	0.22
eas_neutral_exact_population_af_reverse_bridge_r000	EAS	neutral	0	2026083600	25	paper_frac_posterior_mean_below	focal	50000	0.2018181818	0.19533969232404283	44	0.22
eas_neutral_exact_population_af_reverse_bridge_r000	EAS	neutral	0	2026083600	25	paper_frac_posterior_mean_below	local_100kb	1000	0.0006060606061	0.19533969232404283	44	0.22
eas_neutral_exact_population_af_reverse_bridge_r000	EAS	neutral	0	2026083600	25	paper_frac_posterior_mean_below	local_100kb	4500	0.0028571428568600001	0.19533969232404283	44	0.22
eas_neutral_exact_population_af_reverse_bridge_r000	EAS	neutral	0	2026083600	25	paper_frac_posterior_mean_below	local_100kb	10000	0.020654160653800002	0.19533969232404283	44	0.22
eas_neutral_exact_population_af_reverse_bridge_r000	EAS	neutral	0	2026083600	25	paper_frac_posterior_mean_below	local_100kb	20000	0.073795093793800004	0.19533969232404283	44	0.22
eas_neutral_exact_population_af_reverse_bridge_r000	EAS	neutral	0	2026083600	25	paper_frac_posterior_mean_below	local_100kb	30000	0.124733044733	0.19533969232404283	44	0.22
eas_neutral_exact_population_af_reverse_bridge_r000	EAS	neutral	0	2026083600	25	paper_frac_posterior_mean_below	local_100kb	40000	0.18001924002899999	0.19533969232404283	44	0.22
eas_neutral_exact_population_af_reverse_bridge_r000	EAS	neutral	0	2026083600	25	paper_frac_posterior_mean_below	local_100kb	50000	0.22355940355699999	0.19533969232404283	44	0.22
eas_neutral_exact_population_af_reverse_bridge_r001	EAS	neutral	0	2026083601	25	mean_p_tmrca_lt	focal	1000	0.01022938344	0.19533969232404283	33	0.16500000000000001
eas_neutral_exact_population_af_reverse_bridge_r001	EAS	neutral	0	2026083601	25	mean_p_tmrca_lt	focal	4500	0.044433974010000002	0.19533969232404283	33	0.16500000000000001
eas_neutral_exact_population_af_reverse_bridge_r001	EAS	neutral	0	2026083601	25	mean_p_tmrca_lt	focal	10000	0.090376831029999993	0.19533969232404283	33	0.16500000000000001
eas_neutral_exact_population_af_reverse_bridge_r001	EAS	neutral	0	2026083601	25	mean_p_tmrca_lt	focal	20000	0.15386594549999999	0.19533969232404283	33	0.16500000000000001
eas_neutral_exact_population_af_reverse_bridge_r001	EAS	neutral	0	2026083601	25	mean_p_tmrca_lt	focal	30000	0.19967601600000001	0.19533969232404283	33	0.16500000000000001
eas_neutral_exact_population_af_reverse_bridge_r001	EAS	neutral	0	2026083601	25	mean_p_tmrca_lt	focal	40000	0.2338715888	0.19533969232404283	33	0.16500000000000001
eas_neutral_exact_population_af_reverse_bridge_r001	EAS	neutral	0	2026083601	25	mean_p_tmrca_lt	focal	50000	0.2601590386	0.19533969232404283	33	0.16500000000000001
eas_neutral_exact_population_af_reverse_bridge_r001	EAS	neutral	0	2026083601	25	mean_p_tmrca_lt	local_100kb	1000	0.0099646899038099996	0.19533969232404283	33	0.16500000000000001
eas_neutral_exact_population_af_reverse_bridge_r001	EAS	neutral	0	2026083601	25	mean_p_tmrca_lt	local_100kb	4500	0.043643750982899999	0.19533969232404283	33	0.16500000000000001
eas_neutral_exact_population_af_reverse_bridge_r001	EAS	neutral	0	2026083601	25	mean_p_tmrca_lt	local_100kb	10000	0.089639806587099996	0.19533969232404283	33	0.16500000000000001
eas_neutral_exact_population_af_reverse_bridge_r001	EAS	neutral	0	2026083601	25	mean_p_tmrca_lt	local_100kb	20000	0.15476330414299999	0.19533969232404283	33	0.16500000000000001
eas_neutral_exact_population_af_reverse_bridge_r001	EAS	neutral	0	2026083601	25	mean_p_tmrca_lt	local_100kb	30000	0.20395001385700001	0.19533969232404283	33	0.16500000000000001
eas_neutral_exact_population_af_reverse_bridge_r001	EAS	neutral	0	2026083601	25	mean_p_tmrca_lt	local_100kb	40000	0.24305748262900001	0.19533969232404283	33	0.16500000000000001
eas_neutral_exact_population_af_reverse_bridge_r001	EAS	neutral	0	2026083601	25	mean_p_tmrca_lt	local_100kb	50000	0.27537354688600002	0.19533969232404283	33	0.16500000000000001
eas_neutral_exact_population_af_reverse_bridge_r001	EAS	neutral	0	2026083601	25	paper_frac_posterior_mean_below	focal	1000	0.000404040404	0.19533969232404283	33	0.16500000000000001
eas_neutral_exact_population_af_reverse_bridge_r001	EAS	neutral	0	2026083601	25	paper_frac_posterior_mean_below	focal	4500	0.0022222222219999998	0.19533969232404283	33	0.16500000000000001
eas_neutral_exact_population_af_reverse_bridge_r001	EAS	neutral	0	2026083601	25	paper_frac_posterior_mean_below	focal	10000	0.023636363640000001	0.19533969232404283	33	0.16500000000000001
eas_neutral_exact_population_af_reverse_bridge_r001	EAS	neutral	0	2026083601	25	paper_frac_posterior_mean_below	focal	20000	0.086868686870000003	0.19533969232404283	33	0.16500000000000001
eas_neutral_exact_population_af_reverse_bridge_r001	EAS	neutral	0	2026083601	25	paper_frac_posterior_mean_below	focal	30000	0.14848484849999999	0.19533969232404283	33	0.16500000000000001
eas_neutral_exact_population_af_reverse_bridge_r001	EAS	neutral	0	2026083601	25	paper_frac_posterior_mean_below	focal	40000	0.19474747470000001	0.19533969232404283	33	0.16500000000000001
eas_neutral_exact_population_af_reverse_bridge_r001	EAS	neutral	0	2026083601	25	paper_frac_posterior_mean_below	focal	50000	0.2406060606	0.19533969232404283	33	0.16500000000000001
eas_neutral_exact_population_af_reverse_bridge_r001	EAS	neutral	0	2026083601	25	paper_frac_posterior_mean_below	local_100kb	1000	0.000404040404	0.19533969232404283	33	0.16500000000000001
eas_neutral_exact_population_af_reverse_bridge_r001	EAS	neutral	0	2026083601	25	paper_frac_posterior_mean_below	local_100kb	4500	0.00221260221238	0.19533969232404283	33	0.16500000000000001
eas_neutral_exact_population_af_reverse_bridge_r001	EAS	neutral	0	2026083601	25	paper_frac_posterior_mean_below	local_100kb	10000	0.023838383837600001	0.19533969232404283	33	0.16500000000000001
eas_neutral_exact_population_af_reverse_bridge_r001	EAS	neutral	0	2026083601	25	paper_frac_posterior_mean_below	local_100kb	20000	0.084886964887600003	0.19533969232404283	33	0.16500000000000001
eas_neutral_exact_population_af_reverse_bridge_r001	EAS	neutral	0	2026083601	25	paper_frac_posterior_mean_below	local_100kb	30000	0.14216450216199999	0.19533969232404283	33	0.16500000000000001
eas_neutral_exact_population_af_reverse_bridge_r001	EAS	neutral	0	2026083601	25	paper_frac_posterior_mean_below	local_100kb	40000	0.17810485810500001	0.19533969232404283	33	0.16500000000000001
eas_neutral_exact_population_af_reverse_bridge_r001	EAS	neutral	0	2026083601	25	paper_frac_posterior_mean_below	local_100kb	50000	0.20786916786699999	0.19533969232404283	33	0.16500000000000001
eas_neutral_exact_population_af_reverse_bridge_r002	EAS	neutral	0	2026083602	25	mean_p_tmrca_lt	focal	1000	0.0084710057929999992	0.19533969232404283	46	0.23000000000000001
eas_neutral_exact_population_af_reverse_bridge_r002	EAS	neutral	0	2026083602	25	mean_p_tmrca_lt	focal	4500	0.035476415300000001	0.19533969232404283	46	0.23000000000000001
eas_neutral_exact_population_af_reverse_bridge_r002	EAS	neutral	0	2026083602	25	mean_p_tmrca_lt	focal	10000	0.074382749260000006	0.19533969232404283	46	0.23000000000000001
eas_neutral_exact_population_af_reverse_bridge_r002	EAS	neutral	0	2026083602	25	mean_p_tmrca_lt	focal	20000	0.13557385080000001	0.19533969232404283	46	0.23000000000000001
eas_neutral_exact_population_af_reverse_bridge_r002	EAS	neutral	0	2026083602	25	mean_p_tmrca_lt	focal	30000	0.186093905	0.19533969232404283	46	0.23000000000000001
eas_neutral_exact_population_af_reverse_bridge_r002	EAS	neutral	0	2026083602	25	mean_p_tmrca_lt	focal	40000	0.22808864570000001	0.19533969232404283	46	0.23000000000000001
eas_neutral_exact_population_af_reverse_bridge_r002	EAS	neutral	0	2026083602	25	mean_p_tmrca_lt	focal	50000	0.26347182629999999	0.19533969232404283	46	0.23000000000000001
eas_neutral_exact_population_af_reverse_bridge_r002	EAS	neutral	0	2026083602	25	mean_p_tmrca_lt	local_100kb	1000	0.0101689206964	0.19533969232404283	46	0.23000000000000001
eas_neutral_exact_population_af_reverse_bridge_r002	EAS	neutral	0	2026083602	25	mean_p_tmrca_lt	local_100kb	4500	0.043076647974299997	0.19533969232404283	46	0.23000000000000001
eas_neutral_exact_population_af_reverse_bridge_r002	EAS	neutral	0	2026083602	25	mean_p_tmrca_lt	local_100kb	10000	0.089397292164799996	0.19533969232404283	46	0.23000000000000001
eas_neutral_exact_population_af_reverse_bridge_r002	EAS	neutral	0	2026083602	25	mean_p_tmrca_lt	local_100kb	20000	0.16000185409500001	0.19533969232404283	46	0.23000000000000001
eas_neutral_exact_population_af_reverse_bridge_r002	EAS	neutral	0	2026083602	25	mean_p_tmrca_lt	local_100kb	30000	0.21778842691	0.19533969232404283	46	0.23000000000000001
eas_neutral_exact_population_af_reverse_bridge_r002	EAS	neutral	0	2026083602	25	mean_p_tmrca_lt	local_100kb	40000	0.26637441377100002	0.19533969232404283	46	0.23000000000000001
eas_neutral_exact_population_af_reverse_bridge_r002	EAS	neutral	0	2026083602	25	mean_p_tmrca_lt	local_100kb	50000	0.308050294557	0.19533969232404283	46	0.23000000000000001
eas_neutral_exact_population_af_reverse_bridge_r002	EAS	neutral	0	2026083602	25	paper_frac_posterior_mean_below	focal	1000	0.00080808080809999998	0.19533969232404283	46	0.23000000000000001
eas_neutral_exact_population_af_reverse_bridge_r002	EAS	neutral	0	2026083602	25	paper_frac_posterior_mean_below	focal	4500	0.0052525252530000004	0.19533969232404283	46	0.23000000000000001
eas_neutral_exact_population_af_reverse_bridge_r002	EAS	neutral	0	2026083602	25	paper_frac_posterior_mean_below	focal	10000	0.01595959596	0.19533969232404283	46	0.23000000000000001
eas_neutral_exact_population_af_reverse_bridge_r002	EAS	neutral	0	2026083602	25	paper_frac_posterior_mean_below	focal	20000	0.057979797979999997	0.19533969232404283	46	0.23000000000000001
eas_neutral_exact_population_af_reverse_bridge_r002	EAS	neutral	0	2026083602	25	paper_frac_posterior_mean_below	focal	30000	0.097777777780000005	0.19533969232404283	46	0.23000000000000001
eas_neutral_exact_population_af_reverse_bridge_r002	EAS	neutral	0	2026083602	25	paper_frac_posterior_mean_below	focal	40000	0.15858585859999999	0.19533969232404283	46	0.23000000000000001
eas_neutral_exact_population_af_reverse_bridge_r002	EAS	neutral	0	2026083602	25	paper_frac_posterior_mean_below	focal	50000	0.18989898990000001	0.19533969232404283	46	0.23000000000000001
eas_neutral_exact_population_af_reverse_bridge_r002	EAS	neutral	0	2026083602	25	paper_frac_posterior_mean_below	local_100kb	1000	0.00080808080809999998	0.19533969232404283	46	0.23000000000000001
eas_neutral_exact_population_af_reverse_bridge_r002	EAS	neutral	0	2026083602	25	paper_frac_posterior_mean_below	local_100kb	4500	0.0050312650314300001	0.19533969232404283	46	0.23000000000000001
eas_neutral_exact_population_af_reverse_bridge_r002	EAS	neutral	0	2026083602	25	paper_frac_posterior_mean_below	local_100kb	10000	0.018951418950999999	0.19533969232404283	46	0.23000000000000001
eas_neutral_exact_population_af_reverse_bridge_r002	EAS	neutral	0	2026083602	25	paper_frac_posterior_mean_below	local_100kb	20000	0.061471861471900001	0.19533969232404283	46	0.23000000000000001
eas_neutral_exact_population_af_reverse_bridge_r002	EAS	neutral	0	2026083602	25	paper_frac_posterior_mean_below	local_100kb	30000	0.11037999038	0.19533969232404283	46	0.23000000000000001
eas_neutral_exact_population_af_reverse_bridge_r002	EAS	neutral	0	2026083602	25	paper_frac_posterior_mean_below	local_100kb	40000	0.16556036556699999	0.19533969232404283	46	0.23000000000000001
eas_neutral_exact_population_af_reverse_bridge_r002	EAS	neutral	0	2026083602	25	paper_frac_posterior_mean_below	local_100kb	50000	0.21497835497100001	0.19533969232404283	46	0.23000000000000001
eas_neutral_exact_population_af_reverse_bridge_r003	EAS	neutral	0	2026083603	25	mean_p_tmrca_lt	focal	1000	0.010048826699999999	0.19533969232404283	35	0.17499999999999999
eas_neutral_exact_population_af_reverse_bridge_r003	EAS	neutral	0	2026083603	25	mean_p_tmrca_lt	focal	4500	0.04618291796	0.19533969232404283	35	0.17499999999999999
eas_neutral_exact_population_af_reverse_bridge_r003	EAS	neutral	0	2026083603	25	mean_p_tmrca_lt	focal	10000	0.09938992327	0.19533969232404283	35	0.17499999999999999
eas_neutral_exact_population_af_reverse_bridge_r003	EAS	neutral	0	2026083603	25	mean_p_tmrca_lt	focal	20000	0.18048591850000001	0.19533969232404283	35	0.17499999999999999
eas_neutral_exact_population_af_reverse_bridge_r003	EAS	neutral	0	2026083603	25	mean_p_tmrca_lt	focal	30000	0.24429077299999999	0.19533969232404283	35	0.17499999999999999
eas_neutral_exact_population_af_reverse_bridge_r003	EAS	neutral	0	2026083603	25	mean_p_tmrca_lt	focal	40000	0.29535117319999998	0.19533969232404283	35	0.17499999999999999
eas_neutral_exact_population_af_reverse_bridge_r003	EAS	neutral	0	2026083603	25	mean_p_tmrca_lt	focal	50000	0.3371906542	0.19533969232404283	35	0.17499999999999999
eas_neutral_exact_population_af_reverse_bridge_r003	EAS	neutral	0	2026083603	25	mean_p_tmrca_lt	local_100kb	1000	0.0139625130085	0.19533969232404283	35	0.17499999999999999
eas_neutral_exact_population_af_reverse_bridge_r003	EAS	neutral	0	2026083603	25	mean_p_tmrca_lt	local_100kb	4500	0.062510276333300002	0.19533969232404283	35	0.17499999999999999
eas_neutral_exact_population_af_reverse_bridge_r003	EAS	neutral	0	2026083603	25	mean_p_tmrca_lt	local_100kb	10000	0.12995733128100001	0.19533969232404283	35	0.17499999999999999
eas_neutral_exact_population_af_reverse_bridge_r003	EAS	neutral	0	2026083603	25	mean_p_tmrca_lt	local_100kb	20000	0.225568824438	0.19533969232404283	35	0.17499999999999999
eas_neutral_exact_population_af_reverse_bridge_r003	EAS	neutral	0	2026083603	25	mean_p_tmrca_lt	local_100kb	30000	0.29634614455699998	0.19533969232404283	35	0.17499999999999999
eas_neutral_exact_population_af_reverse_bridge_r003	EAS	neutral	0	2026083603	25	mean_p_tmrca_lt	local_100kb	40000	0.35103848002900001	0.19533969232404283	35	0.17499999999999999
eas_neutral_exact_population_af_reverse_bridge_r003	EAS	neutral	0	2026083603	25	mean_p_tmrca_lt	local_100kb	50000	0.394972933576	0.19533969232404283	35	0.17499999999999999
eas_neutral_exact_population_af_reverse_bridge_r003	EAS	neutral	0	2026083603	25	paper_frac_posterior_mean_below	focal	1000	0.0006060606061	0.19533969232404283	35	0.17499999999999999
eas_neutral_exact_population_af_reverse_bridge_r003	EAS	neutral	0	2026083603	25	paper_frac_posterior_mean_below	focal	4500	0.0036363636360000002	0.19533969232404283	35	0.17499999999999999
eas_neutral_exact_population_af_reverse_bridge_r003	EAS	neutral	0	2026083603	25	paper_frac_posterior_mean_below	focal	10000	0.03474747475	0.19533969232404283	35	0.17499999999999999
eas_neutral_exact_population_af_reverse_bridge_r003	EAS	neutral	0	2026083603	25	paper_frac_posterior_mean_below	focal	20000	0.099393939390000005	0.19533969232404283	35	0.17499999999999999
eas_neutral_exact_population_af_reverse_bridge_r003	EAS	neutral	0	2026083603	25	paper_frac_posterior_mean_below	focal	30000	0.17030303029999999	0.19533969232404283	35	0.17499999999999999
eas_neutral_exact_population_af_reverse_bridge_r003	EAS	neutral	0	2026083603	25	paper_frac_posterior_mean_below	focal	40000	0.23999999999999999	0.19533969232404283	35	0.17499999999999999
eas_neutral_exact_population_af_reverse_bridge_r003	EAS	neutral	0	2026083603	25	paper_frac_posterior_mean_below	focal	50000	0.2892929293	0.19533969232404283	35	0.17499999999999999
eas_neutral_exact_population_af_reverse_bridge_r003	EAS	neutral	0	2026083603	25	paper_frac_posterior_mean_below	local_100kb	1000	0.0006060606061	0.19533969232404283	35	0.17499999999999999
eas_neutral_exact_population_af_reverse_bridge_r003	EAS	neutral	0	2026083603	25	paper_frac_posterior_mean_below	local_100kb	4500	0.0038672438668599998	0.19533969232404283	35	0.17499999999999999
eas_neutral_exact_population_af_reverse_bridge_r003	EAS	neutral	0	2026083603	25	paper_frac_posterior_mean_below	local_100kb	10000	0.032063492064300002	0.19533969232404283	35	0.17499999999999999
eas_neutral_exact_population_af_reverse_bridge_r003	EAS	neutral	0	2026083603	25	paper_frac_posterior_mean_below	local_100kb	20000	0.123203463197	0.19533969232404283	35	0.17499999999999999
eas_neutral_exact_population_af_reverse_bridge_r003	EAS	neutral	0	2026083603	25	paper_frac_posterior_mean_below	local_100kb	30000	0.208936988938	0.19533969232404283	35	0.17499999999999999
eas_neutral_exact_population_af_reverse_bridge_r003	EAS	neutral	0	2026083603	25	paper_frac_posterior_mean_below	local_100kb	40000	0.27434343433300001	0.19533969232404283	35	0.17499999999999999
eas_neutral_exact_population_af_reverse_bridge_r003	EAS	neutral	0	2026083603	25	paper_frac_posterior_mean_below	local_100kb	50000	0.32262626262400002	0.19533969232404283	35	0.17499999999999999
eas_neutral_exact_population_af_reverse_bridge_r004	EAS	neutral	0	2026083604	25	mean_p_tmrca_lt	focal	1000	0.0094285384080000003	0.19533969232404283	0	0
eas_neutral_exact_population_af_reverse_bridge_r004	EAS	neutral	0	2026083604	25	mean_p_tmrca_lt	focal	4500	0.044106878039999999	0.19533969232404283	0	0
eas_neutral_exact_population_af_reverse_bridge_r004	EAS	neutral	0	2026083604	25	mean_p_tmrca_lt	focal	10000	0.095785196949999998	0.19533969232404283	0	0
eas_neutral_exact_population_af_reverse_bridge_r004	EAS	neutral	0	2026083604	25	mean_p_tmrca_lt	focal	20000	0.17698600410000001	0.19533969232404283	0	0
eas_neutral_exact_population_af_reverse_bridge_r004	EAS	neutral	0	2026083604	25	mean_p_tmrca_lt	focal	30000	0.2436973576	0.19533969232404283	0	0
eas_neutral_exact_population_af_reverse_bridge_r004	EAS	neutral	0	2026083604	25	mean_p_tmrca_lt	focal	40000	0.29872071049999999	0.19533969232404283	0	0
eas_neutral_exact_population_af_reverse_bridge_r004	EAS	neutral	0	2026083604	25	mean_p_tmrca_lt	focal	50000	0.34441606650000001	0.19533969232404283	0	0
eas_neutral_exact_population_af_reverse_bridge_r004	EAS	neutral	0	2026083604	25	mean_p_tmrca_lt	local_100kb	1000	0.012631785159	0.19533969232404283	0	0
eas_neutral_exact_population_af_reverse_bridge_r004	EAS	neutral	0	2026083604	25	mean_p_tmrca_lt	local_100kb	4500	0.057909603439500003	0.19533969232404283	0	0
eas_neutral_exact_population_af_reverse_bridge_r004	EAS	neutral	0	2026083604	25	mean_p_tmrca_lt	local_100kb	10000	0.123336542592	0.19533969232404283	0	0
eas_neutral_exact_population_af_reverse_bridge_r004	EAS	neutral	0	2026083604	25	mean_p_tmrca_lt	local_100kb	20000	0.22215750778599999	0.19533969232404283	0	0
eas_neutral_exact_population_af_reverse_bridge_r004	EAS	neutral	0	2026083604	25	mean_p_tmrca_lt	local_100kb	30000	0.30009896050500001	0.19533969232404283	0	0
eas_neutral_exact_population_af_reverse_bridge_r004	EAS	neutral	0	2026083604	25	mean_p_tmrca_lt	local_100kb	40000	0.36254707585200002	0.19533969232404283	0	0
eas_neutral_exact_population_af_reverse_bridge_r004	EAS	neutral	0	2026083604	25	mean_p_tmrca_lt	local_100kb	50000	0.413427503576	0.19533969232404283	0	0
eas_neutral_exact_population_af_reverse_bridge_r004	EAS	neutral	0	2026083604	25	paper_frac_posterior_mean_below	focal	1000	0.000404040404	0.19533969232404283	0	0
eas_neutral_exact_population_af_reverse_bridge_r004	EAS	neutral	0	2026083604	25	paper_frac_posterior_mean_below	focal	4500	0.003232323232	0.19533969232404283	0	0
eas_neutral_exact_population_af_reverse_bridge_r004	EAS	neutral	0	2026083604	25	paper_frac_posterior_mean_below	focal	10000	0.022020202020000001	0.19533969232404283	0	0
eas_neutral_exact_population_af_reverse_bridge_r004	EAS	neutral	0	2026083604	25	paper_frac_posterior_mean_below	focal	20000	0.076767676770000001	0.19533969232404283	0	0
eas_neutral_exact_population_af_reverse_bridge_r004	EAS	neutral	0	2026083604	25	paper_frac_posterior_mean_below	focal	30000	0.1373737374	0.19533969232404283	0	0
eas_neutral_exact_population_af_reverse_bridge_r004	EAS	neutral	0	2026083604	25	paper_frac_posterior_mean_below	focal	40000	0.1997979798	0.19533969232404283	0	0
eas_neutral_exact_population_af_reverse_bridge_r004	EAS	neutral	0	2026083604	25	paper_frac_posterior_mean_below	focal	50000	0.27333333329999998	0.19533969232404283	0	0
eas_neutral_exact_population_af_reverse_bridge_r004	EAS	neutral	0	2026083604	25	paper_frac_posterior_mean_below	local_100kb	1000	0.000404040404	0.19533969232404283	0	0
eas_neutral_exact_population_af_reverse_bridge_r004	EAS	neutral	0	2026083604	25	paper_frac_posterior_mean_below	local_100kb	4500	0.0033092833089499998	0.19533969232404283	0	0
eas_neutral_exact_population_af_reverse_bridge_r004	EAS	neutral	0	2026083604	25	paper_frac_posterior_mean_below	local_100kb	10000	0.024040404038999999	0.19533969232404283	0	0
eas_neutral_exact_population_af_reverse_bridge_r004	EAS	neutral	0	2026083604	25	paper_frac_posterior_mean_below	local_100kb	20000	0.096777296776699995	0.19533969232404283	0	0
eas_neutral_exact_population_af_reverse_bridge_r004	EAS	neutral	0	2026083604	25	paper_frac_posterior_mean_below	local_100kb	30000	0.18987974988600001	0.19533969232404283	0	0
eas_neutral_exact_population_af_reverse_bridge_r004	EAS	neutral	0	2026083604	25	paper_frac_posterior_mean_below	local_100kb	40000	0.27804713804800002	0.19533969232404283	0	0
eas_neutral_exact_population_af_reverse_bridge_r004	EAS	neutral	0	2026083604	25	paper_frac_posterior_mean_below	local_100kb	50000	0.34494468493300001	0.19533969232404283	0	0
eas_neutral_exact_population_af_reverse_bridge_r005	EAS	neutral	0	2026083605	25	mean_p_tmrca_lt	focal	1000	0.007440798044	0.19533969232404283	42	0.20999999999999999
eas_neutral_exact_population_af_reverse_bridge_r005	EAS	neutral	0	2026083605	25	mean_p_tmrca_lt	focal	4500	0.03581940695	0.19533969232404283	42	0.20999999999999999
eas_neutral_exact_population_af_reverse_bridge_r005	EAS	neutral	0	2026083605	25	mean_p_tmrca_lt	focal	10000	0.078937065919999994	0.19533969232404283	42	0.20999999999999999
eas_neutral_exact_population_af_reverse_bridge_r005	EAS	neutral	0	2026083605	25	mean_p_tmrca_lt	focal	20000	0.14750058990000001	0.19533969232404283	42	0.20999999999999999
eas_neutral_exact_population_af_reverse_bridge_r005	EAS	neutral	0	2026083605	25	mean_p_tmrca_lt	focal	30000	0.20301958170000001	0.19533969232404283	42	0.20999999999999999
eas_neutral_exact_population_af_reverse_bridge_r005	EAS	neutral	0	2026083605	25	mean_p_tmrca_lt	focal	40000	0.2471641118	0.19533969232404283	42	0.20999999999999999
eas_neutral_exact_population_af_reverse_bridge_r005	EAS	neutral	0	2026083605	25	mean_p_tmrca_lt	focal	50000	0.28201229360000002	0.19533969232404283	42	0.20999999999999999
eas_neutral_exact_population_af_reverse_bridge_r005	EAS	neutral	0	2026083605	25	mean_p_tmrca_lt	local_100kb	1000	0.0101563398108	0.19533969232404283	42	0.20999999999999999
eas_neutral_exact_population_af_reverse_bridge_r005	EAS	neutral	0	2026083605	25	mean_p_tmrca_lt	local_100kb	4500	0.045602487125700003	0.19533969232404283	42	0.20999999999999999
eas_neutral_exact_population_af_reverse_bridge_r005	EAS	neutral	0	2026083605	25	mean_p_tmrca_lt	local_100kb	10000	0.094731382418600005	0.19533969232404283	42	0.20999999999999999
eas_neutral_exact_population_af_reverse_bridge_r005	EAS	neutral	0	2026083605	25	mean_p_tmrca_lt	local_100kb	20000	0.16615379717100001	0.19533969232404283	42	0.20999999999999999
eas_neutral_exact_population_af_reverse_bridge_r005	EAS	neutral	0	2026083605	25	mean_p_tmrca_lt	local_100kb	30000	0.22121374300999999	0.19533969232404283	42	0.20999999999999999
eas_neutral_exact_population_af_reverse_bridge_r005	EAS	neutral	0	2026083605	25	mean_p_tmrca_lt	local_100kb	40000	0.26527730118999998	0.19533969232404283	42	0.20999999999999999
eas_neutral_exact_population_af_reverse_bridge_r005	EAS	neutral	0	2026083605	25	mean_p_tmrca_lt	local_100kb	50000	0.30166404954800002	0.19533969232404283	42	0.20999999999999999
eas_neutral_exact_population_af_reverse_bridge_r005	EAS	neutral	0	2026083605	25	paper_frac_posterior_mean_below	focal	1000	0.000202020202	0.19533969232404283	42	0.20999999999999999
eas_neutral_exact_population_af_reverse_bridge_r005	EAS	neutral	0	2026083605	25	paper_frac_posterior_mean_below	focal	4500	0.0034343434339999999	0.19533969232404283	42	0.20999999999999999
eas_neutral_exact_population_af_reverse_bridge_r005	EAS	neutral	0	2026083605	25	paper_frac_posterior_mean_below	focal	10000	0.01777777778	0.19533969232404283	42	0.20999999999999999
eas_neutral_exact_population_af_reverse_bridge_r005	EAS	neutral	0	2026083605	25	paper_frac_posterior_mean_below	focal	20000	0.076969696970000001	0.19533969232404283	42	0.20999999999999999
eas_neutral_exact_population_af_reverse_bridge_r005	EAS	neutral	0	2026083605	25	paper_frac_posterior_mean_below	focal	30000	0.138989899	0.19533969232404283	42	0.20999999999999999
eas_neutral_exact_population_af_reverse_bridge_r005	EAS	neutral	0	2026083605	25	paper_frac_posterior_mean_below	focal	40000	0.2018181818	0.19533969232404283	42	0.20999999999999999
eas_neutral_exact_population_af_reverse_bridge_r005	EAS	neutral	0	2026083605	25	paper_frac_posterior_mean_below	focal	50000	0.256969697	0.19533969232404283	42	0.20999999999999999
eas_neutral_exact_population_af_reverse_bridge_r005	EAS	neutral	0	2026083605	25	paper_frac_posterior_mean_below	local_100kb	1000	0.000202020202	0.19533969232404283	42	0.20999999999999999
eas_neutral_exact_population_af_reverse_bridge_r005	EAS	neutral	0	2026083605	25	paper_frac_posterior_mean_below	local_100kb	4500	0.0035401635398099999	0.19533969232404283	42	0.20999999999999999
eas_neutral_exact_population_af_reverse_bridge_r005	EAS	neutral	0	2026083605	25	paper_frac_posterior_mean_below	local_100kb	10000	0.018374218374299998	0.19533969232404283	42	0.20999999999999999
eas_neutral_exact_population_af_reverse_bridge_r005	EAS	neutral	0	2026083605	25	paper_frac_posterior_mean_below	local_100kb	20000	0.081212121213300001	0.19533969232404283	42	0.20999999999999999
eas_neutral_exact_population_af_reverse_bridge_r005	EAS	neutral	0	2026083605	25	paper_frac_posterior_mean_below	local_100kb	30000	0.142510822516	0.19533969232404283	42	0.20999999999999999
eas_neutral_exact_population_af_reverse_bridge_r005	EAS	neutral	0	2026083605	25	paper_frac_posterior_mean_below	local_100kb	40000	0.198354978357	0.19533969232404283	42	0.20999999999999999
eas_neutral_exact_population_af_reverse_bridge_r005	EAS	neutral	0	2026083605	25	paper_frac_posterior_mean_below	local_100kb	50000	0.242222222229	0.19533969232404283	42	0.20999999999999999
eas_neutral_exact_population_af_reverse_bridge_r006	EAS	neutral	0	2026083606	25	mean_p_tmrca_lt	focal	1000	0.0074778174429999998	0.19533969232404283	40	0.20000000000000001
eas_neutral_exact_population_af_reverse_bridge_r006	EAS	neutral	0	2026083606	25	mean_p_tmrca_lt	focal	4500	0.030165053529999999	0.19533969232404283	40	0.20000000000000001
eas_neutral_exact_population_af_reverse_bridge_r006	EAS	neutral	0	2026083606	25	mean_p_tmrca_lt	focal	10000	0.061244838769999997	0.19533969232404283	40	0.20000000000000001
eas_neutral_exact_population_af_reverse_bridge_r006	EAS	neutral	0	2026083606	25	mean_p_tmrca_lt	focal	20000	0.1069727598	0.19533969232404283	40	0.20000000000000001
eas_neutral_exact_population_af_reverse_bridge_r006	EAS	neutral	0	2026083606	25	mean_p_tmrca_lt	focal	30000	0.14400097670000001	0.19533969232404283	40	0.20000000000000001
eas_neutral_exact_population_af_reverse_bridge_r006	EAS	neutral	0	2026083606	25	mean_p_tmrca_lt	focal	40000	0.17580495460000001	0.19533969232404283	40	0.20000000000000001
eas_neutral_exact_population_af_reverse_bridge_r006	EAS	neutral	0	2026083606	25	mean_p_tmrca_lt	focal	50000	0.20408236239999999	0.19533969232404283	40	0.20000000000000001
eas_neutral_exact_population_af_reverse_bridge_r006	EAS	neutral	0	2026083606	25	mean_p_tmrca_lt	local_100kb	1000	0.0086669864069499995	0.19533969232404283	40	0.20000000000000001
eas_neutral_exact_population_af_reverse_bridge_r006	EAS	neutral	0	2026083606	25	mean_p_tmrca_lt	local_100kb	4500	0.036159730049999998	0.19533969232404283	40	0.20000000000000001
eas_neutral_exact_population_af_reverse_bridge_r006	EAS	neutral	0	2026083606	25	mean_p_tmrca_lt	local_100kb	10000	0.074513189330499996	0.19533969232404283	40	0.20000000000000001
eas_neutral_exact_population_af_reverse_bridge_r006	EAS	neutral	0	2026083606	25	mean_p_tmrca_lt	local_100kb	20000	0.13063077633600001	0.19533969232404283	40	0.20000000000000001
eas_neutral_exact_population_af_reverse_bridge_r006	EAS	neutral	0	2026083606	25	mean_p_tmrca_lt	local_100kb	30000	0.17449832315700001	0.19533969232404283	40	0.20000000000000001
eas_neutral_exact_population_af_reverse_bridge_r006	EAS	neutral	0	2026083606	25	mean_p_tmrca_lt	local_100kb	40000	0.210540883619	0.19533969232404283	40	0.20000000000000001
eas_neutral_exact_population_af_reverse_bridge_r006	EAS	neutral	0	2026083606	25	mean_p_tmrca_lt	local_100kb	50000	0.24130535223800001	0.19533969232404283	40	0.20000000000000001
eas_neutral_exact_population_af_reverse_bridge_r006	EAS	neutral	0	2026083606	25	paper_frac_posterior_mean_below	focal	1000	0.0012121212120000001	0.19533969232404283	40	0.20000000000000001
eas_neutral_exact_population_af_reverse_bridge_r006	EAS	neutral	0	2026083606	25	paper_frac_posterior_mean_below	focal	4500	0.0030303030300000001	0.19533969232404283	40	0.20000000000000001
eas_neutral_exact_population_af_reverse_bridge_r006	EAS	neutral	0	2026083606	25	paper_frac_posterior_mean_below	focal	10000	0.01898989899	0.19533969232404283	40	0.20000000000000001
eas_neutral_exact_population_af_reverse_bridge_r006	EAS	neutral	0	2026083606	25	paper_frac_posterior_mean_below	focal	20000	0.057575757579999998	0.19533969232404283	40	0.20000000000000001
eas_neutral_exact_population_af_reverse_bridge_r006	EAS	neutral	0	2026083606	25	paper_frac_posterior_mean_below	focal	30000	0.089696969700000004	0.19533969232404283	40	0.20000000000000001
eas_neutral_exact_population_af_reverse_bridge_r006	EAS	neutral	0	2026083606	25	paper_frac_posterior_mean_below	focal	40000	0.1076767677	0.19533969232404283	40	0.20000000000000001
eas_neutral_exact_population_af_reverse_bridge_r006	EAS	neutral	0	2026083606	25	paper_frac_posterior_mean_below	focal	50000	0.12343434339999999	0.19533969232404283	40	0.20000000000000001
eas_neutral_exact_population_af_reverse_bridge_r006	EAS	neutral	0	2026083606	25	paper_frac_posterior_mean_below	local_100kb	1000	0.00118326118314	0.19533969232404283	40	0.20000000000000001
eas_neutral_exact_population_af_reverse_bridge_r006	EAS	neutral	0	2026083606	25	paper_frac_posterior_mean_below	local_100kb	4500	0.0031361231358100002	0.19533969232404283	40	0.20000000000000001
eas_neutral_exact_population_af_reverse_bridge_r006	EAS	neutral	0	2026083606	25	paper_frac_posterior_mean_below	local_100kb	10000	0.018970658970500001	0.19533969232404283	40	0.20000000000000001
eas_neutral_exact_population_af_reverse_bridge_r006	EAS	neutral	0	2026083606	25	paper_frac_posterior_mean_below	local_100kb	20000	0.066070226070000002	0.19533969232404283	40	0.20000000000000001
eas_neutral_exact_population_af_reverse_bridge_r006	EAS	neutral	0	2026083606	25	paper_frac_posterior_mean_below	local_100kb	30000	0.10388648388000001	0.19533969232404283	40	0.20000000000000001
eas_neutral_exact_population_af_reverse_bridge_r006	EAS	neutral	0	2026083606	25	paper_frac_posterior_mean_below	local_100kb	40000	0.13852813853000001	0.19533969232404283	40	0.20000000000000001
eas_neutral_exact_population_af_reverse_bridge_r006	EAS	neutral	0	2026083606	25	paper_frac_posterior_mean_below	local_100kb	50000	0.16347282347100001	0.19533969232404283	40	0.20000000000000001
eas_neutral_exact_population_af_reverse_bridge_r007	EAS	neutral	0	2026083607	25	mean_p_tmrca_lt	focal	1000	0.01097615393	0.19533969232404283	38	0.19
eas_neutral_exact_population_af_reverse_bridge_r007	EAS	neutral	0	2026083607	25	mean_p_tmrca_lt	focal	4500	0.046418312500000003	0.19533969232404283	38	0.19
eas_neutral_exact_population_af_reverse_bridge_r007	EAS	neutral	0	2026083607	25	mean_p_tmrca_lt	focal	10000	0.093064093240000006	0.19533969232404283	38	0.19
eas_neutral_exact_population_af_reverse_bridge_r007	EAS	neutral	0	2026083607	25	mean_p_tmrca_lt	focal	20000	0.15473614550000001	0.19533969232404283	38	0.19
eas_neutral_exact_population_af_reverse_bridge_r007	EAS	neutral	0	2026083607	25	mean_p_tmrca_lt	focal	30000	0.1965890273	0.19533969232404283	38	0.19
eas_neutral_exact_population_af_reverse_bridge_r007	EAS	neutral	0	2026083607	25	mean_p_tmrca_lt	focal	40000	0.22667749300000001	0.19533969232404283	38	0.19
eas_neutral_exact_population_af_reverse_bridge_r007	EAS	neutral	0	2026083607	25	mean_p_tmrca_lt	focal	50000	0.24971433069999999	0.19533969232404283	38	0.19
eas_neutral_exact_population_af_reverse_bridge_r007	EAS	neutral	0	2026083607	25	mean_p_tmrca_lt	local_100kb	1000	0.010277399903000001	0.19533969232404283	38	0.19
eas_neutral_exact_population_af_reverse_bridge_r007	EAS	neutral	0	2026083607	25	mean_p_tmrca_lt	local_100kb	4500	0.044406587451900001	0.19533969232404283	38	0.19
eas_neutral_exact_population_af_reverse_bridge_r007	EAS	neutral	0	2026083607	25	mean_p_tmrca_lt	local_100kb	10000	0.091795494276700002	0.19533969232404283	38	0.19
eas_neutral_exact_population_af_reverse_bridge_r007	EAS	neutral	0	2026083607	25	mean_p_tmrca_lt	local_100kb	20000	0.16061588513799999	0.19533969232404283	38	0.19
eas_neutral_exact_population_af_reverse_bridge_r007	EAS	neutral	0	2026083607	25	mean_p_tmrca_lt	local_100kb	30000	0.213326678095	0.19533969232404283	38	0.19
eas_neutral_exact_population_af_reverse_bridge_r007	EAS	neutral	0	2026083607	25	mean_p_tmrca_lt	local_100kb	40000	0.25534777753299998	0.19533969232404283	38	0.19
eas_neutral_exact_population_af_reverse_bridge_r007	EAS	neutral	0	2026083607	25	mean_p_tmrca_lt	local_100kb	50000	0.290059487271	0.19533969232404283	38	0.19
eas_neutral_exact_population_af_reverse_bridge_r007	EAS	neutral	0	2026083607	25	paper_frac_posterior_mean_below	focal	1000	0.0006060606061	0.19533969232404283	38	0.19
eas_neutral_exact_population_af_reverse_bridge_r007	EAS	neutral	0	2026083607	25	paper_frac_posterior_mean_below	focal	4500	0.003232323232	0.19533969232404283	38	0.19
eas_neutral_exact_population_af_reverse_bridge_r007	EAS	neutral	0	2026083607	25	paper_frac_posterior_mean_below	focal	10000	0.01575757576	0.19533969232404283	38	0.19
eas_neutral_exact_population_af_reverse_bridge_r007	EAS	neutral	0	2026083607	25	paper_frac_posterior_mean_below	focal	20000	0.101010101	0.19533969232404283	38	0.19
eas_neutral_exact_population_af_reverse_bridge_r007	EAS	neutral	0	2026083607	25	paper_frac_posterior_mean_below	focal	30000	0.18303030300000001	0.19533969232404283	38	0.19
eas_neutral_exact_population_af_reverse_bridge_r007	EAS	neutral	0	2026083607	25	paper_frac_posterior_mean_below	focal	40000	0.2232323232	0.19533969232404283	38	0.19
eas_neutral_exact_population_af_reverse_bridge_r007	EAS	neutral	0	2026083607	25	paper_frac_posterior_mean_below	focal	50000	0.24666666670000001	0.19533969232404283	38	0.19
eas_neutral_exact_population_af_reverse_bridge_r007	EAS	neutral	0	2026083607	25	paper_frac_posterior_mean_below	local_100kb	1000	0.0006060606061	0.19533969232404283	38	0.19
eas_neutral_exact_population_af_reverse_bridge_r007	EAS	neutral	0	2026083607	25	paper_frac_posterior_mean_below	local_100kb	4500	0.0028667628664799999	0.19533969232404283	38	0.19
eas_neutral_exact_population_af_reverse_bridge_r007	EAS	neutral	0	2026083607	25	paper_frac_posterior_mean_below	local_100kb	10000	0.016421356421899999	0.19533969232404283	38	0.19
eas_neutral_exact_population_af_reverse_bridge_r007	EAS	neutral	0	2026083607	25	paper_frac_posterior_mean_below	local_100kb	20000	0.079817219819999993	0.19533969232404283	38	0.19
eas_neutral_exact_population_af_reverse_bridge_r007	EAS	neutral	0	2026083607	25	paper_frac_posterior_mean_below	local_100kb	30000	0.149013949013	0.19533969232404283	38	0.19
eas_neutral_exact_population_af_reverse_bridge_r007	EAS	neutral	0	2026083607	25	paper_frac_posterior_mean_below	local_100kb	40000	0.19494949495700001	0.19533969232404283	38	0.19
eas_neutral_exact_population_af_reverse_bridge_r007	EAS	neutral	0	2026083607	25	paper_frac_posterior_mean_below	local_100kb	50000	0.23274651275200001	0.19533969232404283	38	0.19
eas_neutral_exact_population_af_reverse_bridge_r008	EAS	neutral	0	2026083608	25	mean_p_tmrca_lt	focal	1000	0.0091363002409999994	0.19533969232404283	34	0.17000000000000001
eas_neutral_exact_population_af_reverse_bridge_r008	EAS	neutral	0	2026083608	25	mean_p_tmrca_lt	focal	4500	0.03902285087	0.19533969232404283	34	0.17000000000000001
eas_neutral_exact_population_af_reverse_bridge_r008	EAS	neutral	0	2026083608	25	mean_p_tmrca_lt	focal	10000	0.07758063607	0.19533969232404283	34	0.17000000000000001
eas_neutral_exact_population_af_reverse_bridge_r008	EAS	neutral	0	2026083608	25	mean_p_tmrca_lt	focal	20000	0.12761195910000001	0.19533969232404283	34	0.17000000000000001
eas_neutral_exact_population_af_reverse_bridge_r008	EAS	neutral	0	2026083608	25	mean_p_tmrca_lt	focal	30000	0.16185693919999999	0.19533969232404283	34	0.17000000000000001
eas_neutral_exact_population_af_reverse_bridge_r008	EAS	neutral	0	2026083608	25	mean_p_tmrca_lt	focal	40000	0.18724377489999999	0.19533969232404283	34	0.17000000000000001
eas_neutral_exact_population_af_reverse_bridge_r008	EAS	neutral	0	2026083608	25	mean_p_tmrca_lt	focal	50000	0.20737597399999999	0.19533969232404283	34	0.17000000000000001
eas_neutral_exact_population_af_reverse_bridge_r008	EAS	neutral	0	2026083608	25	mean_p_tmrca_lt	local_100kb	1000	0.0102645132093	0.19533969232404283	34	0.17000000000000001
eas_neutral_exact_population_af_reverse_bridge_r008	EAS	neutral	0	2026083608	25	mean_p_tmrca_lt	local_100kb	4500	0.044968338120500002	0.19533969232404283	34	0.17000000000000001
eas_neutral_exact_population_af_reverse_bridge_r008	EAS	neutral	0	2026083608	25	mean_p_tmrca_lt	local_100kb	10000	0.092538626936200005	0.19533969232404283	34	0.17000000000000001
eas_neutral_exact_population_af_reverse_bridge_r008	EAS	neutral	0	2026083608	25	mean_p_tmrca_lt	local_100kb	20000	0.16067391134799999	0.19533969232404283	34	0.17000000000000001
eas_neutral_exact_population_af_reverse_bridge_r008	EAS	neutral	0	2026083608	25	mean_p_tmrca_lt	local_100kb	30000	0.21260952194300001	0.19533969232404283	34	0.17000000000000001
eas_neutral_exact_population_af_reverse_bridge_r008	EAS	neutral	0	2026083608	25	mean_p_tmrca_lt	local_100kb	40000	0.25412418551900001	0.19533969232404283	34	0.17000000000000001
eas_neutral_exact_population_af_reverse_bridge_r008	EAS	neutral	0	2026083608	25	mean_p_tmrca_lt	local_100kb	50000	0.28859649395199999	0.19533969232404283	34	0.17000000000000001
eas_neutral_exact_population_af_reverse_bridge_r008	EAS	neutral	0	2026083608	25	paper_frac_posterior_mean_below	focal	1000	0.0006060606061	0.19533969232404283	34	0.17000000000000001
eas_neutral_exact_population_af_reverse_bridge_r008	EAS	neutral	0	2026083608	25	paper_frac_posterior_mean_below	focal	4500	0.0048484848480000002	0.19533969232404283	34	0.17000000000000001
eas_neutral_exact_population_af_reverse_bridge_r008	EAS	neutral	0	2026083608	25	paper_frac_posterior_mean_below	focal	10000	0.024040404040000001	0.19533969232404283	34	0.17000000000000001
eas_neutral_exact_population_af_reverse_bridge_r008	EAS	neutral	0	2026083608	25	paper_frac_posterior_mean_below	focal	20000	0.089898989900000004	0.19533969232404283	34	0.17000000000000001
eas_neutral_exact_population_af_reverse_bridge_r008	EAS	neutral	0	2026083608	25	paper_frac_posterior_mean_below	focal	30000	0.13757575759999999	0.19533969232404283	34	0.17000000000000001
eas_neutral_exact_population_af_reverse_bridge_r008	EAS	neutral	0	2026083608	25	paper_frac_posterior_mean_below	focal	40000	0.16424242419999999	0.19533969232404283	34	0.17000000000000001
eas_neutral_exact_population_af_reverse_bridge_r008	EAS	neutral	0	2026083608	25	paper_frac_posterior_mean_below	focal	50000	0.18828282830000001	0.19533969232404283	34	0.17000000000000001
eas_neutral_exact_population_af_reverse_bridge_r008	EAS	neutral	0	2026083608	25	paper_frac_posterior_mean_below	local_100kb	1000	0.00063492063495700004	0.19533969232404283	34	0.17000000000000001
eas_neutral_exact_population_af_reverse_bridge_r008	EAS	neutral	0	2026083608	25	paper_frac_posterior_mean_below	local_100kb	4500	0.0050024050024800003	0.19533969232404283	34	0.17000000000000001
eas_neutral_exact_population_af_reverse_bridge_r008	EAS	neutral	0	2026083608	25	paper_frac_posterior_mean_below	local_100kb	10000	0.0259644059643	0.19533969232404283	34	0.17000000000000001
eas_neutral_exact_population_af_reverse_bridge_r008	EAS	neutral	0	2026083608	25	paper_frac_posterior_mean_below	local_100kb	20000	0.084540644540000001	0.19533969232404283	34	0.17000000000000001
eas_neutral_exact_population_af_reverse_bridge_r008	EAS	neutral	0	2026083608	25	paper_frac_posterior_mean_below	local_100kb	30000	0.14148148147600001	0.19533969232404283	34	0.17000000000000001
eas_neutral_exact_population_af_reverse_bridge_r008	EAS	neutral	0	2026083608	25	paper_frac_posterior_mean_below	local_100kb	40000	0.18849446849000001	0.19533969232404283	34	0.17000000000000001
eas_neutral_exact_population_af_reverse_bridge_r008	EAS	neutral	0	2026083608	25	paper_frac_posterior_mean_below	local_100kb	50000	0.226339586343	0.19533969232404283	34	0.17000000000000001
eas_neutral_exact_population_af_reverse_bridge_r009	EAS	neutral	0	2026083609	25	mean_p_tmrca_lt	focal	1000	0.0071243649020000001	0.19533969232404283	36	0.17999999999999999
eas_neutral_exact_population_af_reverse_bridge_r009	EAS	neutral	0	2026083609	25	mean_p_tmrca_lt	focal	4500	0.031807424950000003	0.19533969232404283	36	0.17999999999999999
eas_neutral_exact_population_af_reverse_bridge_r009	EAS	neutral	0	2026083609	25	mean_p_tmrca_lt	focal	10000	0.067062231700000002	0.19533969232404283	36	0.17999999999999999
eas_neutral_exact_population_af_reverse_bridge_r009	EAS	neutral	0	2026083609	25	mean_p_tmrca_lt	focal	20000	0.1211860692	0.19533969232404283	36	0.17999999999999999
eas_neutral_exact_population_af_reverse_bridge_r009	EAS	neutral	0	2026083609	25	mean_p_tmrca_lt	focal	30000	0.16467372499999999	0.19533969232404283	36	0.17999999999999999
eas_neutral_exact_population_af_reverse_bridge_r009	EAS	neutral	0	2026083609	25	mean_p_tmrca_lt	focal	40000	0.20013038359999999	0.19533969232404283	36	0.17999999999999999
eas_neutral_exact_population_af_reverse_bridge_r009	EAS	neutral	0	2026083609	25	mean_p_tmrca_lt	focal	50000	0.22969134369999999	0.19533969232404283	36	0.17999999999999999
eas_neutral_exact_population_af_reverse_bridge_r009	EAS	neutral	0	2026083609	25	mean_p_tmrca_lt	local_100kb	1000	0.0098960723863799997	0.19533969232404283	36	0.17999999999999999
eas_neutral_exact_population_af_reverse_bridge_r009	EAS	neutral	0	2026083609	25	mean_p_tmrca_lt	local_100kb	4500	0.0439077330429	0.19533969232404283	36	0.17999999999999999
eas_neutral_exact_population_af_reverse_bridge_r009	EAS	neutral	0	2026083609	25	mean_p_tmrca_lt	local_100kb	10000	0.092119430393799995	0.19533969232404283	36	0.17999999999999999
eas_neutral_exact_population_af_reverse_bridge_r009	EAS	neutral	0	2026083609	25	mean_p_tmrca_lt	local_100kb	20000	0.16466473621399999	0.19533969232404283	36	0.17999999999999999
eas_neutral_exact_population_af_reverse_bridge_r009	EAS	neutral	0	2026083609	25	mean_p_tmrca_lt	local_100kb	30000	0.22206778217100001	0.19533969232404283	36	0.17999999999999999
eas_neutral_exact_population_af_reverse_bridge_r009	EAS	neutral	0	2026083609	25	mean_p_tmrca_lt	local_100kb	40000	0.26872960516700001	0.19533969232404283	36	0.17999999999999999
eas_neutral_exact_population_af_reverse_bridge_r009	EAS	neutral	0	2026083609	25	mean_p_tmrca_lt	local_100kb	50000	0.30767694409500002	0.19533969232404283	36	0.17999999999999999
eas_neutral_exact_population_af_reverse_bridge_r009	EAS	neutral	0	2026083609	25	paper_frac_posterior_mean_below	focal	1000	0.000202020202	0.19533969232404283	36	0.17999999999999999
eas_neutral_exact_population_af_reverse_bridge_r009	EAS	neutral	0	2026083609	25	paper_frac_posterior_mean_below	focal	4500	0.003838383838	0.19533969232404283	36	0.17999999999999999
eas_neutral_exact_population_af_reverse_bridge_r009	EAS	neutral	0	2026083609	25	paper_frac_posterior_mean_below	focal	10000	0.012929292930000001	0.19533969232404283	36	0.17999999999999999
eas_neutral_exact_population_af_reverse_bridge_r009	EAS	neutral	0	2026083609	25	paper_frac_posterior_mean_below	focal	20000	0.054141414140000003	0.19533969232404283	36	0.17999999999999999
eas_neutral_exact_population_af_reverse_bridge_r009	EAS	neutral	0	2026083609	25	paper_frac_posterior_mean_below	focal	30000	0.1139393939	0.19533969232404283	36	0.17999999999999999
eas_neutral_exact_population_af_reverse_bridge_r009	EAS	neutral	0	2026083609	25	paper_frac_posterior_mean_below	focal	40000	0.16101010099999999	0.19533969232404283	36	0.17999999999999999
eas_neutral_exact_population_af_reverse_bridge_r009	EAS	neutral	0	2026083609	25	paper_frac_posterior_mean_below	focal	50000	0.20606060609999999	0.19533969232404283	36	0.17999999999999999
eas_neutral_exact_population_af_reverse_bridge_r009	EAS	neutral	0	2026083609	25	paper_frac_posterior_mean_below	local_100kb	1000	0.000202020202	0.19533969232404283	36	0.17999999999999999
eas_neutral_exact_population_af_reverse_bridge_r009	EAS	neutral	0	2026083609	25	paper_frac_posterior_mean_below	local_100kb	4500	0.00377104377067	0.19533969232404283	36	0.17999999999999999
eas_neutral_exact_population_af_reverse_bridge_r009	EAS	neutral	0	2026083609	25	paper_frac_posterior_mean_below	local_100kb	10000	0.016113516113799999	0.19533969232404283	36	0.17999999999999999
eas_neutral_exact_population_af_reverse_bridge_r009	EAS	neutral	0	2026083609	25	paper_frac_posterior_mean_below	local_100kb	20000	0.067647907647599995	0.19533969232404283	36	0.17999999999999999
eas_neutral_exact_population_af_reverse_bridge_r009	EAS	neutral	0	2026083609	25	paper_frac_posterior_mean_below	local_100kb	30000	0.13083213083299999	0.19533969232404283	36	0.17999999999999999
eas_neutral_exact_population_af_reverse_bridge_r009	EAS	neutral	0	2026083609	25	paper_frac_posterior_mean_below	local_100kb	40000	0.19084175084300001	0.19533969232404283	36	0.17999999999999999
eas_neutral_exact_population_af_reverse_bridge_r009	EAS	neutral	0	2026083609	25	paper_frac_posterior_mean_below	local_100kb	50000	0.23754689754800001	0.19533969232404283	36	0.17999999999999999
eas_neutral_exact_population_af_reverse_bridge_r010	EAS	neutral	0	2026083610	25	mean_p_tmrca_lt	focal	1000	0.01056635672	0.19533969232404283	28	0.14000000000000001
eas_neutral_exact_population_af_reverse_bridge_r010	EAS	neutral	0	2026083610	25	mean_p_tmrca_lt	focal	4500	0.048475208999999998	0.19533969232404283	28	0.14000000000000001
eas_neutral_exact_population_af_reverse_bridge_r010	EAS	neutral	0	2026083610	25	mean_p_tmrca_lt	focal	10000	0.10286846600000001	0.19533969232404283	28	0.14000000000000001
eas_neutral_exact_population_af_reverse_bridge_r010	EAS	neutral	0	2026083610	25	mean_p_tmrca_lt	focal	20000	0.1832937245	0.19533969232404283	28	0.14000000000000001
eas_neutral_exact_population_af_reverse_bridge_r010	EAS	neutral	0	2026083610	25	mean_p_tmrca_lt	focal	30000	0.24477067150000001	0.19533969232404283	28	0.14000000000000001
eas_neutral_exact_population_af_reverse_bridge_r010	EAS	neutral	0	2026083610	25	mean_p_tmrca_lt	focal	40000	0.29279965679999997	0.19533969232404283	28	0.14000000000000001
eas_neutral_exact_population_af_reverse_bridge_r010	EAS	neutral	0	2026083610	25	mean_p_tmrca_lt	focal	50000	0.33128389580000001	0.19533969232404283	28	0.14000000000000001
eas_neutral_exact_population_af_reverse_bridge_r010	EAS	neutral	0	2026083610	25	mean_p_tmrca_lt	local_100kb	1000	0.012264429853000001	0.19533969232404283	28	0.14000000000000001
eas_neutral_exact_population_af_reverse_bridge_r010	EAS	neutral	0	2026083610	25	mean_p_tmrca_lt	local_100kb	4500	0.054686902843799998	0.19533969232404283	28	0.14000000000000001
eas_neutral_exact_population_af_reverse_bridge_r010	EAS	neutral	0	2026083610	25	mean_p_tmrca_lt	local_100kb	10000	0.112225088699	0.19533969232404283	28	0.14000000000000001
eas_neutral_exact_population_af_reverse_bridge_r010	EAS	neutral	0	2026083610	25	mean_p_tmrca_lt	local_100kb	20000	0.192612282681	0.19533969232404283	28	0.14000000000000001
eas_neutral_exact_population_af_reverse_bridge_r010	EAS	neutral	0	2026083610	25	mean_p_tmrca_lt	local_100kb	30000	0.25218191360499997	0.19533969232404283	28	0.14000000000000001
eas_neutral_exact_population_af_reverse_bridge_r010	EAS	neutral	0	2026083610	25	mean_p_tmrca_lt	local_100kb	40000	0.29888032531399999	0.19533969232404283	28	0.14000000000000001
eas_neutral_exact_population_af_reverse_bridge_r010	EAS	neutral	0	2026083610	25	mean_p_tmrca_lt	local_100kb	50000	0.337192102933	0.19533969232404283	28	0.14000000000000001
eas_neutral_exact_population_af_reverse_bridge_r010	EAS	neutral	0	2026083610	25	paper_frac_posterior_mean_below	focal	1000	0.000202020202	0.19533969232404283	28	0.14000000000000001
eas_neutral_exact_population_af_reverse_bridge_r010	EAS	neutral	0	2026083610	25	paper_frac_posterior_mean_below	focal	4500	0.003838383838	0.19533969232404283	28	0.14000000000000001
eas_neutral_exact_population_af_reverse_bridge_r010	EAS	neutral	0	2026083610	25	paper_frac_posterior_mean_below	focal	10000	0.025050505050000001	0.19533969232404283	28	0.14000000000000001
eas_neutral_exact_population_af_reverse_bridge_r010	EAS	neutral	0	2026083610	25	paper_frac_posterior_mean_below	focal	20000	0.086262626260000003	0.19533969232404283	28	0.14000000000000001
eas_neutral_exact_population_af_reverse_bridge_r010	EAS	neutral	0	2026083610	25	paper_frac_posterior_mean_below	focal	30000	0.14484848480000001	0.19533969232404283	28	0.14000000000000001
eas_neutral_exact_population_af_reverse_bridge_r010	EAS	neutral	0	2026083610	25	paper_frac_posterior_mean_below	focal	40000	0.1896969697	0.19533969232404283	28	0.14000000000000001
eas_neutral_exact_population_af_reverse_bridge_r010	EAS	neutral	0	2026083610	25	paper_frac_posterior_mean_below	focal	50000	0.23535353540000001	0.19533969232404283	28	0.14000000000000001
eas_neutral_exact_population_af_reverse_bridge_r010	EAS	neutral	0	2026083610	25	paper_frac_posterior_mean_below	local_100kb	1000	0.000202020202	0.19533969232404283	28	0.14000000000000001
eas_neutral_exact_population_af_reverse_bridge_r010	EAS	neutral	0	2026083610	25	paper_frac_posterior_mean_below	local_100kb	4500	0.0037806637802899998	0.19533969232404283	28	0.14000000000000001
eas_neutral_exact_population_af_reverse_bridge_r010	EAS	neutral	0	2026083610	25	paper_frac_posterior_mean_below	local_100kb	10000	0.028840788840499999	0.19533969232404283	28	0.14000000000000001
eas_neutral_exact_population_af_reverse_bridge_r010	EAS	neutral	0	2026083610	25	paper_frac_posterior_mean_below	local_100kb	20000	0.107715247716	0.19533969232404283	28	0.14000000000000001
eas_neutral_exact_population_af_reverse_bridge_r010	EAS	neutral	0	2026083610	25	paper_frac_posterior_mean_below	local_100kb	30000	0.182837902833	0.19533969232404283	28	0.14000000000000001
eas_neutral_exact_population_af_reverse_bridge_r010	EAS	neutral	0	2026083610	25	paper_frac_posterior_mean_below	local_100kb	40000	0.22949494948999999	0.19533969232404283	28	0.14000000000000001
eas_neutral_exact_population_af_reverse_bridge_r010	EAS	neutral	0	2026083610	25	paper_frac_posterior_mean_below	local_100kb	50000	0.26588744589000002	0.19533969232404283	28	0.14000000000000001
eas_neutral_exact_population_af_reverse_bridge_r011	EAS	neutral	0	2026083611	25	mean_p_tmrca_lt	focal	1000	0.01668338062	0.19533969232404283	41	0.20499999999999999
eas_neutral_exact_population_af_reverse_bridge_r011	EAS	neutral	0	2026083611	25	mean_p_tmrca_lt	focal	4500	0.07819599327	0.19533969232404283	41	0.20499999999999999
eas_neutral_exact_population_af_reverse_bridge_r011	EAS	neutral	0	2026083611	25	mean_p_tmrca_lt	focal	10000	0.1619083757	0.19533969232404283	41	0.20499999999999999
eas_neutral_exact_population_af_reverse_bridge_r011	EAS	neutral	0	2026083611	25	mean_p_tmrca_lt	focal	20000	0.27063841760000001	0.19533969232404283	41	0.20499999999999999
eas_neutral_exact_population_af_reverse_bridge_r011	EAS	neutral	0	2026083611	25	mean_p_tmrca_lt	focal	30000	0.34039267699999998	0.19533969232404283	41	0.20499999999999999
eas_neutral_exact_population_af_reverse_bridge_r011	EAS	neutral	0	2026083611	25	mean_p_tmrca_lt	focal	40000	0.38692455520000002	0.19533969232404283	41	0.20499999999999999
eas_neutral_exact_population_af_reverse_bridge_r011	EAS	neutral	0	2026083611	25	mean_p_tmrca_lt	focal	50000	0.41968716230000003	0.19533969232404283	41	0.20499999999999999
eas_neutral_exact_population_af_reverse_bridge_r011	EAS	neutral	0	2026083611	25	mean_p_tmrca_lt	local_100kb	1000	0.0148678097514	0.19533969232404283	41	0.20499999999999999
eas_neutral_exact_population_af_reverse_bridge_r011	EAS	neutral	0	2026083611	25	mean_p_tmrca_lt	local_100kb	4500	0.068734367480000003	0.19533969232404283	41	0.20499999999999999
eas_neutral_exact_population_af_reverse_bridge_r011	EAS	neutral	0	2026083611	25	mean_p_tmrca_lt	local_100kb	10000	0.14304675577500001	0.19533969232404283	41	0.20499999999999999
eas_neutral_exact_population_af_reverse_bridge_r011	EAS	neutral	0	2026083611	25	mean_p_tmrca_lt	local_100kb	20000	0.24463569919	0.19533969232404283	41	0.20499999999999999
eas_neutral_exact_population_af_reverse_bridge_r011	EAS	neutral	0	2026083611	25	mean_p_tmrca_lt	local_100kb	30000	0.31568667618099999	0.19533969232404283	41	0.20499999999999999
eas_neutral_exact_population_af_reverse_bridge_r011	EAS	neutral	0	2026083611	25	mean_p_tmrca_lt	local_100kb	40000	0.36754608549000001	0.19533969232404283	41	0.20499999999999999
eas_neutral_exact_population_af_reverse_bridge_r011	EAS	neutral	0	2026083611	25	mean_p_tmrca_lt	local_100kb	50000	0.407104570138	0.19533969232404283	41	0.20499999999999999
eas_neutral_exact_population_af_reverse_bridge_r011	EAS	neutral	0	2026083611	25	paper_frac_posterior_mean_below	focal	1000	0.000202020202	0.19533969232404283	41	0.20499999999999999
eas_neutral_exact_population_af_reverse_bridge_r011	EAS	neutral	0	2026083611	25	paper_frac_posterior_mean_below	focal	4500	0.0042424242419999997	0.19533969232404283	41	0.20499999999999999
eas_neutral_exact_population_af_reverse_bridge_r011	EAS	neutral	0	2026083611	25	paper_frac_posterior_mean_below	focal	10000	0.044444444440000001	0.19533969232404283	41	0.20499999999999999
eas_neutral_exact_population_af_reverse_bridge_r011	EAS	neutral	0	2026083611	25	paper_frac_posterior_mean_below	focal	20000	0.1981818182	0.19533969232404283	41	0.20499999999999999
eas_neutral_exact_population_af_reverse_bridge_r011	EAS	neutral	0	2026083611	25	paper_frac_posterior_mean_below	focal	30000	0.32606060609999998	0.19533969232404283	41	0.20499999999999999
eas_neutral_exact_population_af_reverse_bridge_r011	EAS	neutral	0	2026083611	25	paper_frac_posterior_mean_below	focal	40000	0.40545454549999999	0.19533969232404283	41	0.20499999999999999
eas_neutral_exact_population_af_reverse_bridge_r011	EAS	neutral	0	2026083611	25	paper_frac_posterior_mean_below	focal	50000	0.43555555559999998	0.19533969232404283	41	0.20499999999999999
eas_neutral_exact_population_af_reverse_bridge_r011	EAS	neutral	0	2026083611	25	paper_frac_posterior_mean_below	local_100kb	1000	0.000202020202	0.19533969232404283	41	0.20499999999999999
eas_neutral_exact_population_af_reverse_bridge_r011	EAS	neutral	0	2026083611	25	paper_frac_posterior_mean_below	local_100kb	4500	0.0040307840303799997	0.19533969232404283	41	0.20499999999999999
eas_neutral_exact_population_af_reverse_bridge_r011	EAS	neutral	0	2026083611	25	paper_frac_posterior_mean_below	local_100kb	10000	0.039076479076200002	0.19533969232404283	41	0.20499999999999999
eas_neutral_exact_population_af_reverse_bridge_r011	EAS	neutral	0	2026083611	25	paper_frac_posterior_mean_below	local_100kb	20000	0.15864357864600001	0.19533969232404283	41	0.20499999999999999
eas_neutral_exact_population_af_reverse_bridge_r011	EAS	neutral	0	2026083611	25	paper_frac_posterior_mean_below	local_100kb	30000	0.26386724387100002	0.19533969232404283	41	0.20499999999999999
eas_neutral_exact_population_af_reverse_bridge_r011	EAS	neutral	0	2026083611	25	paper_frac_posterior_mean_below	local_100kb	40000	0.32998556999500001	0.19533969232404283	41	0.20499999999999999
eas_neutral_exact_population_af_reverse_bridge_r011	EAS	neutral	0	2026083611	25	paper_frac_posterior_mean_below	local_100kb	50000	0.37077441078099999	0.19533969232404283	41	0.20499999999999999
eas_neutral_exact_population_af_reverse_bridge_r012	EAS	neutral	0	2026083612	25	mean_p_tmrca_lt	focal	1000	0.0061331261079999996	0.19533969232404283	41	0.20499999999999999
eas_neutral_exact_population_af_reverse_bridge_r012	EAS	neutral	0	2026083612	25	mean_p_tmrca_lt	focal	4500	0.026460890649999999	0.19533969232404283	41	0.20499999999999999
eas_neutral_exact_population_af_reverse_bridge_r012	EAS	neutral	0	2026083612	25	mean_p_tmrca_lt	focal	10000	0.05602059928	0.19533969232404283	41	0.20499999999999999
eas_neutral_exact_population_af_reverse_bridge_r012	EAS	neutral	0	2026083612	25	mean_p_tmrca_lt	focal	20000	0.10264379279999999	0.19533969232404283	41	0.20499999999999999
eas_neutral_exact_population_af_reverse_bridge_r012	EAS	neutral	0	2026083612	25	mean_p_tmrca_lt	focal	30000	0.14199820269999999	0.19533969232404283	41	0.20499999999999999
eas_neutral_exact_population_af_reverse_bridge_r012	EAS	neutral	0	2026083612	25	mean_p_tmrca_lt	focal	40000	0.1757304251	0.19533969232404283	41	0.20499999999999999
eas_neutral_exact_population_af_reverse_bridge_r012	EAS	neutral	0	2026083612	25	mean_p_tmrca_lt	focal	50000	0.20493623559999999	0.19533969232404283	41	0.20499999999999999
eas_neutral_exact_population_af_reverse_bridge_r012	EAS	neutral	0	2026083612	25	mean_p_tmrca_lt	local_100kb	1000	0.0083486375174800006	0.19533969232404283	41	0.20499999999999999
eas_neutral_exact_population_af_reverse_bridge_r012	EAS	neutral	0	2026083612	25	mean_p_tmrca_lt	local_100kb	4500	0.037402025616700002	0.19533969232404283	41	0.20499999999999999
eas_neutral_exact_population_af_reverse_bridge_r012	EAS	neutral	0	2026083612	25	mean_p_tmrca_lt	local_100kb	10000	0.079999722639500004	0.19533969232404283	41	0.20499999999999999
eas_neutral_exact_population_af_reverse_bridge_r012	EAS	neutral	0	2026083612	25	mean_p_tmrca_lt	local_100kb	20000	0.14639230559999999	0.19533969232404283	41	0.20499999999999999
eas_neutral_exact_population_af_reverse_bridge_r012	EAS	neutral	0	2026083612	25	mean_p_tmrca_lt	local_100kb	30000	0.20155719747600001	0.19533969232404283	41	0.20499999999999999
eas_neutral_exact_population_af_reverse_bridge_r012	EAS	neutral	0	2026083612	25	mean_p_tmrca_lt	local_100kb	40000	0.24845654184800001	0.19533969232404283	41	0.20499999999999999
eas_neutral_exact_population_af_reverse_bridge_r012	EAS	neutral	0	2026083612	25	mean_p_tmrca_lt	local_100kb	50000	0.28905582041900002	0.19533969232404283	41	0.20499999999999999
eas_neutral_exact_population_af_reverse_bridge_r012	EAS	neutral	0	2026083612	25	paper_frac_posterior_mean_below	focal	1000	0.0006060606061	0.19533969232404283	41	0.20499999999999999
eas_neutral_exact_population_af_reverse_bridge_r012	EAS	neutral	0	2026083612	25	paper_frac_posterior_mean_below	focal	4500	0.0030303030300000001	0.19533969232404283	41	0.20499999999999999
eas_neutral_exact_population_af_reverse_bridge_r012	EAS	neutral	0	2026083612	25	paper_frac_posterior_mean_below	focal	10000	0.01595959596	0.19533969232404283	41	0.20499999999999999
eas_neutral_exact_population_af_reverse_bridge_r012	EAS	neutral	0	2026083612	25	paper_frac_posterior_mean_below	focal	20000	0.046262626260000002	0.19533969232404283	41	0.20499999999999999
eas_neutral_exact_population_af_reverse_bridge_r012	EAS	neutral	0	2026083612	25	paper_frac_posterior_mean_below	focal	30000	0.085252525250000002	0.19533969232404283	41	0.20499999999999999
eas_neutral_exact_population_af_reverse_bridge_r012	EAS	neutral	0	2026083612	25	paper_frac_posterior_mean_below	focal	40000	0.1175757576	0.19533969232404283	41	0.20499999999999999
eas_neutral_exact_population_af_reverse_bridge_r012	EAS	neutral	0	2026083612	25	paper_frac_posterior_mean_below	focal	50000	0.1470707071	0.19533969232404283	41	0.20499999999999999
eas_neutral_exact_population_af_reverse_bridge_r012	EAS	neutral	0	2026083612	25	paper_frac_posterior_mean_below	local_100kb	1000	0.0006060606061	0.19533969232404283	41	0.20499999999999999
eas_neutral_exact_population_af_reverse_bridge_r012	EAS	neutral	0	2026083612	25	paper_frac_posterior_mean_below	local_100kb	4500	0.0028763828761000001	0.19533969232404283	41	0.20499999999999999
eas_neutral_exact_population_af_reverse_bridge_r012	EAS	neutral	0	2026083612	25	paper_frac_posterior_mean_below	local_100kb	10000	0.016652236652899999	0.19533969232404283	41	0.20499999999999999
eas_neutral_exact_population_af_reverse_bridge_r012	EAS	neutral	0	2026083612	25	paper_frac_posterior_mean_below	local_100kb	20000	0.055853775853300001	0.19533969232404283	41	0.20499999999999999
eas_neutral_exact_population_af_reverse_bridge_r012	EAS	neutral	0	2026083612	25	paper_frac_posterior_mean_below	local_100kb	30000	0.100529100527	0.19533969232404283	41	0.20499999999999999
eas_neutral_exact_population_af_reverse_bridge_r012	EAS	neutral	0	2026083612	25	paper_frac_posterior_mean_below	local_100kb	40000	0.14657046657600001	0.19533969232404283	41	0.20499999999999999
eas_neutral_exact_population_af_reverse_bridge_r012	EAS	neutral	0	2026083612	25	paper_frac_posterior_mean_below	local_100kb	50000	0.188754208752	0.19533969232404283	41	0.20499999999999999
eas_neutral_exact_population_af_reverse_bridge_r013	EAS	neutral	0	2026083613	25	mean_p_tmrca_lt	focal	1000	0.010425272229999999	0.19533969232404283	40	0.20000000000000001
eas_neutral_exact_population_af_reverse_bridge_r013	EAS	neutral	0	2026083613	25	mean_p_tmrca_lt	focal	4500	0.041044930870000003	0.19533969232404283	40	0.20000000000000001
eas_neutral_exact_population_af_reverse_bridge_r013	EAS	neutral	0	2026083613	25	mean_p_tmrca_lt	focal	10000	0.081391438790000006	0.19533969232404283	40	0.20000000000000001
eas_neutral_exact_population_af_reverse_bridge_r013	EAS	neutral	0	2026083613	25	mean_p_tmrca_lt	focal	20000	0.14164628570000001	0.19533969232404283	40	0.20000000000000001
eas_neutral_exact_population_af_reverse_bridge_r013	EAS	neutral	0	2026083613	25	mean_p_tmrca_lt	focal	30000	0.19096328330000001	0.19533969232404283	40	0.20000000000000001
eas_neutral_exact_population_af_reverse_bridge_r013	EAS	neutral	0	2026083613	25	mean_p_tmrca_lt	focal	40000	0.23326541949999999	0.19533969232404283	40	0.20000000000000001
eas_neutral_exact_population_af_reverse_bridge_r013	EAS	neutral	0	2026083613	25	mean_p_tmrca_lt	focal	50000	0.27057224410000003	0.19533969232404283	40	0.20000000000000001
eas_neutral_exact_population_af_reverse_bridge_r013	EAS	neutral	0	2026083613	25	mean_p_tmrca_lt	local_100kb	1000	0.0118214755567	0.19533969232404283	40	0.20000000000000001
eas_neutral_exact_population_af_reverse_bridge_r013	EAS	neutral	0	2026083613	25	mean_p_tmrca_lt	local_100kb	4500	0.046742946335700003	0.19533969232404283	40	0.20000000000000001
eas_neutral_exact_population_af_reverse_bridge_r013	EAS	neutral	0	2026083613	25	mean_p_tmrca_lt	local_100kb	10000	0.091209161265199998	0.19533969232404283	40	0.20000000000000001
eas_neutral_exact_population_af_reverse_bridge_r013	EAS	neutral	0	2026083613	25	mean_p_tmrca_lt	local_100kb	20000	0.153488346957	0.19533969232404283	40	0.20000000000000001
eas_neutral_exact_population_af_reverse_bridge_r013	EAS	neutral	0	2026083613	25	mean_p_tmrca_lt	local_100kb	30000	0.20089717985700001	0.19533969232404283	40	0.20000000000000001
eas_neutral_exact_population_af_reverse_bridge_r013	EAS	neutral	0	2026083613	25	mean_p_tmrca_lt	local_100kb	40000	0.239062635148	0.19533969232404283	40	0.20000000000000001
eas_neutral_exact_population_af_reverse_bridge_r013	EAS	neutral	0	2026083613	25	mean_p_tmrca_lt	local_100kb	50000	0.271020490452	0.19533969232404283	40	0.20000000000000001
eas_neutral_exact_population_af_reverse_bridge_r013	EAS	neutral	0	2026083613	25	paper_frac_posterior_mean_below	focal	1000	0.00101010101	0.19533969232404283	40	0.20000000000000001
eas_neutral_exact_population_af_reverse_bridge_r013	EAS	neutral	0	2026083613	25	paper_frac_posterior_mean_below	focal	4500	0.0098989898989999998	0.19533969232404283	40	0.20000000000000001
eas_neutral_exact_population_af_reverse_bridge_r013	EAS	neutral	0	2026083613	25	paper_frac_posterior_mean_below	focal	10000	0.028282828279999998	0.19533969232404283	40	0.20000000000000001
eas_neutral_exact_population_af_reverse_bridge_r013	EAS	neutral	0	2026083613	25	paper_frac_posterior_mean_below	focal	20000	0.069292929289999999	0.19533969232404283	40	0.20000000000000001
eas_neutral_exact_population_af_reverse_bridge_r013	EAS	neutral	0	2026083613	25	paper_frac_posterior_mean_below	focal	30000	0.1042424242	0.19533969232404283	40	0.20000000000000001
eas_neutral_exact_population_af_reverse_bridge_r013	EAS	neutral	0	2026083613	25	paper_frac_posterior_mean_below	focal	40000	0.141010101	0.19533969232404283	40	0.20000000000000001
eas_neutral_exact_population_af_reverse_bridge_r013	EAS	neutral	0	2026083613	25	paper_frac_posterior_mean_below	focal	50000	0.17818181820000001	0.19533969232404283	40	0.20000000000000001
eas_neutral_exact_population_af_reverse_bridge_r013	EAS	neutral	0	2026083613	25	paper_frac_posterior_mean_below	local_100kb	1000	0.00101010101	0.19533969232404283	40	0.20000000000000001
eas_neutral_exact_population_af_reverse_bridge_r013	EAS	neutral	0	2026083613	25	paper_frac_posterior_mean_below	local_100kb	4500	0.010187590188200001	0.19533969232404283	40	0.20000000000000001
eas_neutral_exact_population_af_reverse_bridge_r013	EAS	neutral	0	2026083613	25	paper_frac_posterior_mean_below	local_100kb	10000	0.0302645502643	0.19533969232404283	40	0.20000000000000001
eas_neutral_exact_population_af_reverse_bridge_r013	EAS	neutral	0	2026083613	25	paper_frac_posterior_mean_below	local_100kb	20000	0.080769600769	0.19533969232404283	40	0.20000000000000001
eas_neutral_exact_population_af_reverse_bridge_r013	EAS	neutral	0	2026083613	25	paper_frac_posterior_mean_below	local_100kb	30000	0.13162097162399999	0.19533969232404283	40	0.20000000000000001
eas_neutral_exact_population_af_reverse_bridge_r013	EAS	neutral	0	2026083613	25	paper_frac_posterior_mean_below	local_100kb	40000	0.17201539201900001	0.19533969232404283	40	0.20000000000000001
eas_neutral_exact_population_af_reverse_bridge_r013	EAS	neutral	0	2026083613	25	paper_frac_posterior_mean_below	local_100kb	50000	0.204271284267	0.19533969232404283	40	0.20000000000000001
eas_neutral_exact_population_af_reverse_bridge_r014	EAS	neutral	0	2026083614	25	mean_p_tmrca_lt	focal	1000	0.0093101122180000006	0.19533969232404283	38	0.19
eas_neutral_exact_population_af_reverse_bridge_r014	EAS	neutral	0	2026083614	25	mean_p_tmrca_lt	focal	4500	0.03880558579	0.19533969232404283	38	0.19
eas_neutral_exact_population_af_reverse_bridge_r014	EAS	neutral	0	2026083614	25	mean_p_tmrca_lt	focal	10000	0.078753878449999995	0.19533969232404283	38	0.19
eas_neutral_exact_population_af_reverse_bridge_r014	EAS	neutral	0	2026083614	25	mean_p_tmrca_lt	focal	20000	0.13653238770000001	0.19533969232404283	38	0.19
eas_neutral_exact_population_af_reverse_bridge_r014	EAS	neutral	0	2026083614	25	mean_p_tmrca_lt	focal	30000	0.18051066139999999	0.19533969232404283	38	0.19
eas_neutral_exact_population_af_reverse_bridge_r014	EAS	neutral	0	2026083614	25	mean_p_tmrca_lt	focal	40000	0.2147966208	0.19533969232404283	38	0.19
eas_neutral_exact_population_af_reverse_bridge_r014	EAS	neutral	0	2026083614	25	mean_p_tmrca_lt	focal	50000	0.2420817945	0.19533969232404283	38	0.19
eas_neutral_exact_population_af_reverse_bridge_r014	EAS	neutral	0	2026083614	25	mean_p_tmrca_lt	local_100kb	1000	0.010484674756800001	0.19533969232404283	38	0.19
eas_neutral_exact_population_af_reverse_bridge_r014	EAS	neutral	0	2026083614	25	mean_p_tmrca_lt	local_100kb	4500	0.044127242582900003	0.19533969232404283	38	0.19
eas_neutral_exact_population_af_reverse_bridge_r014	EAS	neutral	0	2026083614	25	mean_p_tmrca_lt	local_100kb	10000	0.0898381991124	0.19533969232404283	38	0.19
eas_neutral_exact_population_af_reverse_bridge_r014	EAS	neutral	0	2026083614	25	mean_p_tmrca_lt	local_100kb	20000	0.15593891771900001	0.19533969232404283	38	0.19
eas_neutral_exact_population_af_reverse_bridge_r014	EAS	neutral	0	2026083614	25	mean_p_tmrca_lt	local_100kb	30000	0.206784089738	0.19533969232404283	38	0.19
eas_neutral_exact_population_af_reverse_bridge_r014	EAS	neutral	0	2026083614	25	mean_p_tmrca_lt	local_100kb	40000	0.247336530286	0.19533969232404283	38	0.19
eas_neutral_exact_population_af_reverse_bridge_r014	EAS	neutral	0	2026083614	25	mean_p_tmrca_lt	local_100kb	50000	0.28064533264800001	0.19533969232404283	38	0.19
eas_neutral_exact_population_af_reverse_bridge_r014	EAS	neutral	0	2026083614	25	paper_frac_posterior_mean_below	focal	1000	0.00101010101	0.19533969232404283	38	0.19
eas_neutral_exact_population_af_reverse_bridge_r014	EAS	neutral	0	2026083614	25	paper_frac_posterior_mean_below	focal	4500	0.0044444444439999996	0.19533969232404283	38	0.19
eas_neutral_exact_population_af_reverse_bridge_r014	EAS	neutral	0	2026083614	25	paper_frac_posterior_mean_below	focal	10000	0.01939393939	0.19533969232404283	38	0.19
eas_neutral_exact_population_af_reverse_bridge_r014	EAS	neutral	0	2026083614	25	paper_frac_posterior_mean_below	focal	20000	0.080404040400000001	0.19533969232404283	38	0.19
eas_neutral_exact_population_af_reverse_bridge_r014	EAS	neutral	0	2026083614	25	paper_frac_posterior_mean_below	focal	30000	0.12949494950000001	0.19533969232404283	38	0.19
eas_neutral_exact_population_af_reverse_bridge_r014	EAS	neutral	0	2026083614	25	paper_frac_posterior_mean_below	focal	40000	0.1705050505	0.19533969232404283	38	0.19
eas_neutral_exact_population_af_reverse_bridge_r014	EAS	neutral	0	2026083614	25	paper_frac_posterior_mean_below	focal	50000	0.2325252525	0.19533969232404283	38	0.19
eas_neutral_exact_population_af_reverse_bridge_r014	EAS	neutral	0	2026083614	25	paper_frac_posterior_mean_below	local_100kb	1000	0.00101010101	0.19533969232404283	38	0.19
eas_neutral_exact_population_af_reverse_bridge_r014	EAS	neutral	0	2026083614	25	paper_frac_posterior_mean_below	local_100kb	4500	0.0042616642612400002	0.19533969232404283	38	0.19
eas_neutral_exact_population_af_reverse_bridge_r014	EAS	neutral	0	2026083614	25	paper_frac_posterior_mean_below	local_100kb	10000	0.021164021164299999	0.19533969232404283	38	0.19
eas_neutral_exact_population_af_reverse_bridge_r014	EAS	neutral	0	2026083614	25	paper_frac_posterior_mean_below	local_100kb	20000	0.073564213564800002	0.19533969232404283	38	0.19
eas_neutral_exact_population_af_reverse_bridge_r014	EAS	neutral	0	2026083614	25	paper_frac_posterior_mean_below	local_100kb	30000	0.12724386723100001	0.19533969232404283	38	0.19
eas_neutral_exact_population_af_reverse_bridge_r014	EAS	neutral	0	2026083614	25	paper_frac_posterior_mean_below	local_100kb	40000	0.18173160172399999	0.19533969232404283	38	0.19
eas_neutral_exact_population_af_reverse_bridge_r014	EAS	neutral	0	2026083614	25	paper_frac_posterior_mean_below	local_100kb	50000	0.22815776816200001	0.19533969232404283	38	0.19
eas_neutral_exact_population_af_reverse_bridge_r015	EAS	neutral	0	2026083615	25	mean_p_tmrca_lt	focal	1000	0.0080046591949999996	0.19533969232404283	34	0.17000000000000001
eas_neutral_exact_population_af_reverse_bridge_r015	EAS	neutral	0	2026083615	25	mean_p_tmrca_lt	focal	4500	0.036095242450000002	0.19533969232404283	34	0.17000000000000001
eas_neutral_exact_population_af_reverse_bridge_r015	EAS	neutral	0	2026083615	25	mean_p_tmrca_lt	focal	10000	0.075193976250000003	0.19533969232404283	34	0.17000000000000001
eas_neutral_exact_population_af_reverse_bridge_r015	EAS	neutral	0	2026083615	25	mean_p_tmrca_lt	focal	20000	0.13180841209999999	0.19533969232404283	34	0.17000000000000001
eas_neutral_exact_population_af_reverse_bridge_r015	EAS	neutral	0	2026083615	25	mean_p_tmrca_lt	focal	30000	0.17509755630000001	0.19533969232404283	34	0.17000000000000001
eas_neutral_exact_population_af_reverse_bridge_r015	EAS	neutral	0	2026083615	25	mean_p_tmrca_lt	focal	40000	0.20947933590000001	0.19533969232404283	34	0.17000000000000001
eas_neutral_exact_population_af_reverse_bridge_r015	EAS	neutral	0	2026083615	25	mean_p_tmrca_lt	focal	50000	0.23767329000000001	0.19533969232404283	34	0.17000000000000001
eas_neutral_exact_population_af_reverse_bridge_r015	EAS	neutral	0	2026083615	25	mean_p_tmrca_lt	local_100kb	1000	0.0101335294286	0.19533969232404283	34	0.17000000000000001
eas_neutral_exact_population_af_reverse_bridge_r015	EAS	neutral	0	2026083615	25	mean_p_tmrca_lt	local_100kb	4500	0.046265759042399997	0.19533969232404283	34	0.17000000000000001
eas_neutral_exact_population_af_reverse_bridge_r015	EAS	neutral	0	2026083615	25	mean_p_tmrca_lt	local_100kb	10000	0.097748618624799999	0.19533969232404283	34	0.17000000000000001
eas_neutral_exact_population_af_reverse_bridge_r015	EAS	neutral	0	2026083615	25	mean_p_tmrca_lt	local_100kb	20000	0.17451166073300001	0.19533969232404283	34	0.17000000000000001
eas_neutral_exact_population_af_reverse_bridge_r015	EAS	neutral	0	2026083615	25	mean_p_tmrca_lt	local_100kb	30000	0.23500761576699999	0.19533969232404283	34	0.17000000000000001
eas_neutral_exact_population_af_reverse_bridge_r015	EAS	neutral	0	2026083615	25	mean_p_tmrca_lt	local_100kb	40000	0.28419735160499998	0.19533969232404283	34	0.17000000000000001
eas_neutral_exact_population_af_reverse_bridge_r015	EAS	neutral	0	2026083615	25	mean_p_tmrca_lt	local_100kb	50000	0.32527541821900002	0.19533969232404283	34	0.17000000000000001
eas_neutral_exact_population_af_reverse_bridge_r015	EAS	neutral	0	2026083615	25	paper_frac_posterior_mean_below	focal	1000	0.000202020202	0.19533969232404283	34	0.17000000000000001
eas_neutral_exact_population_af_reverse_bridge_r015	EAS	neutral	0	2026083615	25	paper_frac_posterior_mean_below	focal	4500	0.0024242424240000001	0.19533969232404283	34	0.17000000000000001
eas_neutral_exact_population_af_reverse_bridge_r015	EAS	neutral	0	2026083615	25	paper_frac_posterior_mean_below	focal	10000	0.01878787879	0.19533969232404283	34	0.17000000000000001
eas_neutral_exact_population_af_reverse_bridge_r015	EAS	neutral	0	2026083615	25	paper_frac_posterior_mean_below	focal	20000	0.06767676768	0.19533969232404283	34	0.17000000000000001
eas_neutral_exact_population_af_reverse_bridge_r015	EAS	neutral	0	2026083615	25	paper_frac_posterior_mean_below	focal	30000	0.11292929290000001	0.19533969232404283	34	0.17000000000000001
eas_neutral_exact_population_af_reverse_bridge_r015	EAS	neutral	0	2026083615	25	paper_frac_posterior_mean_below	focal	40000	0.1515151515	0.19533969232404283	34	0.17000000000000001
eas_neutral_exact_population_af_reverse_bridge_r015	EAS	neutral	0	2026083615	25	paper_frac_posterior_mean_below	focal	50000	0.18101010100000001	0.19533969232404283	34	0.17000000000000001
eas_neutral_exact_population_af_reverse_bridge_r015	EAS	neutral	0	2026083615	25	paper_frac_posterior_mean_below	local_100kb	1000	0.000202020202	0.19533969232404283	34	0.17000000000000001
eas_neutral_exact_population_af_reverse_bridge_r015	EAS	neutral	0	2026083615	25	paper_frac_posterior_mean_below	local_100kb	4500	0.0024819624817099999	0.19533969232404283	34	0.17000000000000001
eas_neutral_exact_population_af_reverse_bridge_r015	EAS	neutral	0	2026083615	25	paper_frac_posterior_mean_below	local_100kb	10000	0.017902837903800001	0.19533969232404283	34	0.17000000000000001
eas_neutral_exact_population_af_reverse_bridge_r015	EAS	neutral	0	2026083615	25	paper_frac_posterior_mean_below	local_100kb	20000	0.074035594035699995	0.19533969232404283	34	0.17000000000000001
eas_neutral_exact_population_af_reverse_bridge_r015	EAS	neutral	0	2026083615	25	paper_frac_posterior_mean_below	local_100kb	30000	0.13959595959000001	0.19533969232404283	34	0.17000000000000001
eas_neutral_exact_population_af_reverse_bridge_r015	EAS	neutral	0	2026083615	25	paper_frac_posterior_mean_below	local_100kb	40000	0.195074555067	0.19533969232404283	34	0.17000000000000001
eas_neutral_exact_population_af_reverse_bridge_r015	EAS	neutral	0	2026083615	25	paper_frac_posterior_mean_below	local_100kb	50000	0.23867243867099999	0.19533969232404283	34	0.17000000000000001
eas_neutral_exact_population_af_reverse_bridge_r016	EAS	neutral	0	2026083616	25	mean_p_tmrca_lt	focal	1000	0.01202201028	0.19533969232404283	46	0.23000000000000001
eas_neutral_exact_population_af_reverse_bridge_r016	EAS	neutral	0	2026083616	25	mean_p_tmrca_lt	focal	4500	0.054523420679999997	0.19533969232404283	46	0.23000000000000001
eas_neutral_exact_population_af_reverse_bridge_r016	EAS	neutral	0	2026083616	25	mean_p_tmrca_lt	focal	10000	0.1155460147	0.19533969232404283	46	0.23000000000000001
eas_neutral_exact_population_af_reverse_bridge_r016	EAS	neutral	0	2026083616	25	mean_p_tmrca_lt	focal	20000	0.20771097729999999	0.19533969232404283	46	0.23000000000000001
eas_neutral_exact_population_af_reverse_bridge_r016	EAS	neutral	0	2026083616	25	mean_p_tmrca_lt	focal	30000	0.28164093979999999	0.19533969232404283	46	0.23000000000000001
eas_neutral_exact_population_af_reverse_bridge_r016	EAS	neutral	0	2026083616	25	mean_p_tmrca_lt	focal	40000	0.34212563889999997	0.19533969232404283	46	0.23000000000000001
eas_neutral_exact_population_af_reverse_bridge_r016	EAS	neutral	0	2026083616	25	mean_p_tmrca_lt	focal	50000	0.39223633720000001	0.19533969232404283	46	0.23000000000000001
eas_neutral_exact_population_af_reverse_bridge_r016	EAS	neutral	0	2026083616	25	mean_p_tmrca_lt	local_100kb	1000	0.0135992379331	0.19533969232404283	46	0.23000000000000001
eas_neutral_exact_population_af_reverse_bridge_r016	EAS	neutral	0	2026083616	25	mean_p_tmrca_lt	local_100kb	4500	0.060907702997599997	0.19533969232404283	46	0.23000000000000001
eas_neutral_exact_population_af_reverse_bridge_r016	EAS	neutral	0	2026083616	25	mean_p_tmrca_lt	local_100kb	10000	0.126859207276	0.19533969232404283	46	0.23000000000000001
eas_neutral_exact_population_af_reverse_bridge_r016	EAS	neutral	0	2026083616	25	mean_p_tmrca_lt	local_100kb	20000	0.22281950639500001	0.19533969232404283	46	0.23000000000000001
eas_neutral_exact_population_af_reverse_bridge_r016	EAS	neutral	0	2026083616	25	mean_p_tmrca_lt	local_100kb	30000	0.29673371962900003	0.19533969232404283	46	0.23000000000000001
eas_neutral_exact_population_af_reverse_bridge_r016	EAS	neutral	0	2026083616	25	mean_p_tmrca_lt	local_100kb	40000	0.35559813125200002	0.19533969232404283	46	0.23000000000000001
eas_neutral_exact_population_af_reverse_bridge_r016	EAS	neutral	0	2026083616	25	mean_p_tmrca_lt	local_100kb	50000	0.40368044791899999	0.19533969232404283	46	0.23000000000000001
eas_neutral_exact_population_af_reverse_bridge_r016	EAS	neutral	0	2026083616	25	paper_frac_posterior_mean_below	focal	1000	0.000404040404	0.19533969232404283	46	0.23000000000000001
eas_neutral_exact_population_af_reverse_bridge_r016	EAS	neutral	0	2026083616	25	paper_frac_posterior_mean_below	focal	4500	0.0046464646460000003	0.19533969232404283	46	0.23000000000000001
eas_neutral_exact_population_af_reverse_bridge_r016	EAS	neutral	0	2026083616	25	paper_frac_posterior_mean_below	focal	10000	0.025050505050000001	0.19533969232404283	46	0.23000000000000001
eas_neutral_exact_population_af_reverse_bridge_r016	EAS	neutral	0	2026083616	25	paper_frac_posterior_mean_below	focal	20000	0.091111111110000004	0.19533969232404283	46	0.23000000000000001
eas_neutral_exact_population_af_reverse_bridge_r016	EAS	neutral	0	2026083616	25	paper_frac_posterior_mean_below	focal	30000	0.16767676770000001	0.19533969232404283	46	0.23000000000000001
eas_neutral_exact_population_af_reverse_bridge_r016	EAS	neutral	0	2026083616	25	paper_frac_posterior_mean_below	focal	40000	0.25757575760000001	0.19533969232404283	46	0.23000000000000001
eas_neutral_exact_population_af_reverse_bridge_r016	EAS	neutral	0	2026083616	25	paper_frac_posterior_mean_below	focal	50000	0.32000000000000001	0.19533969232404283	46	0.23000000000000001
eas_neutral_exact_population_af_reverse_bridge_r016	EAS	neutral	0	2026083616	25	paper_frac_posterior_mean_below	local_100kb	1000	0.000404040404	0.19533969232404283	46	0.23000000000000001
eas_neutral_exact_population_af_reverse_bridge_r016	EAS	neutral	0	2026083616	25	paper_frac_posterior_mean_below	local_100kb	4500	0.0044252044249	0.19533969232404283	46	0.23000000000000001
eas_neutral_exact_population_af_reverse_bridge_r016	EAS	neutral	0	2026083616	25	paper_frac_posterior_mean_below	local_100kb	10000	0.028783068781900002	0.19533969232404283	46	0.23000000000000001
eas_neutral_exact_population_af_reverse_bridge_r016	EAS	neutral	0	2026083616	25	paper_frac_posterior_mean_below	local_100kb	20000	0.098306878306699999	0.19533969232404283	46	0.23000000000000001
eas_neutral_exact_population_af_reverse_bridge_r016	EAS	neutral	0	2026083616	25	paper_frac_posterior_mean_below	local_100kb	30000	0.1812987013	0.19533969232404283	46	0.23000000000000001
eas_neutral_exact_population_af_reverse_bridge_r016	EAS	neutral	0	2026083616	25	paper_frac_posterior_mean_below	local_100kb	40000	0.25605579605200002	0.19533969232404283	46	0.23000000000000001
eas_neutral_exact_population_af_reverse_bridge_r016	EAS	neutral	0	2026083616	25	paper_frac_posterior_mean_below	local_100kb	50000	0.32686868686699999	0.19533969232404283	46	0.23000000000000001
eas_neutral_exact_population_af_reverse_bridge_r017	EAS	neutral	0	2026083617	25	mean_p_tmrca_lt	focal	1000	0.0049560036359999997	0.19533969232404283	42	0.20999999999999999
eas_neutral_exact_population_af_reverse_bridge_r017	EAS	neutral	0	2026083617	25	mean_p_tmrca_lt	focal	4500	0.021318752050000001	0.19533969232404283	42	0.20999999999999999
eas_neutral_exact_population_af_reverse_bridge_r017	EAS	neutral	0	2026083617	25	mean_p_tmrca_lt	focal	10000	0.045726416700000001	0.19533969232404283	42	0.20999999999999999
eas_neutral_exact_population_af_reverse_bridge_r017	EAS	neutral	0	2026083617	25	mean_p_tmrca_lt	focal	20000	0.08494655391	0.19533969232404283	42	0.20999999999999999
eas_neutral_exact_population_af_reverse_bridge_r017	EAS	neutral	0	2026083617	25	mean_p_tmrca_lt	focal	30000	0.11835406850000001	0.19533969232404283	42	0.20999999999999999
eas_neutral_exact_population_af_reverse_bridge_r017	EAS	neutral	0	2026083617	25	mean_p_tmrca_lt	focal	40000	0.14685246169999999	0.19533969232404283	42	0.20999999999999999
eas_neutral_exact_population_af_reverse_bridge_r017	EAS	neutral	0	2026083617	25	mean_p_tmrca_lt	focal	50000	0.17128177189999999	0.19533969232404283	42	0.20999999999999999
eas_neutral_exact_population_af_reverse_bridge_r017	EAS	neutral	0	2026083617	25	mean_p_tmrca_lt	local_100kb	1000	0.0072145011085200002	0.19533969232404283	42	0.20999999999999999
eas_neutral_exact_population_af_reverse_bridge_r017	EAS	neutral	0	2026083617	25	mean_p_tmrca_lt	local_100kb	4500	0.030770889444299999	0.19533969232404283	42	0.20999999999999999
eas_neutral_exact_population_af_reverse_bridge_r017	EAS	neutral	0	2026083617	25	mean_p_tmrca_lt	local_100kb	10000	0.064395400638599998	0.19533969232404283	42	0.20999999999999999
eas_neutral_exact_population_af_reverse_bridge_r017	EAS	neutral	0	2026083617	25	mean_p_tmrca_lt	local_100kb	20000	0.116474587686	0.19533969232404283	42	0.20999999999999999
eas_neutral_exact_population_af_reverse_bridge_r017	EAS	neutral	0	2026083617	25	mean_p_tmrca_lt	local_100kb	30000	0.160069065324	0.19533969232404283	42	0.20999999999999999
eas_neutral_exact_population_af_reverse_bridge_r017	EAS	neutral	0	2026083617	25	mean_p_tmrca_lt	local_100kb	40000	0.19777115471000001	0.19533969232404283	42	0.20999999999999999
eas_neutral_exact_population_af_reverse_bridge_r017	EAS	neutral	0	2026083617	25	mean_p_tmrca_lt	local_100kb	50000	0.231125386924	0.19533969232404283	42	0.20999999999999999
eas_neutral_exact_population_af_reverse_bridge_r017	EAS	neutral	0	2026083617	25	paper_frac_posterior_mean_below	focal	1000	0.0006060606061	0.19533969232404283	42	0.20999999999999999
eas_neutral_exact_population_af_reverse_bridge_r017	EAS	neutral	0	2026083617	25	paper_frac_posterior_mean_below	focal	4500	0.0022222222219999998	0.19533969232404283	42	0.20999999999999999
eas_neutral_exact_population_af_reverse_bridge_r017	EAS	neutral	0	2026083617	25	paper_frac_posterior_mean_below	focal	10000	0.011515151519999999	0.19533969232404283	42	0.20999999999999999
eas_neutral_exact_population_af_reverse_bridge_r017	EAS	neutral	0	2026083617	25	paper_frac_posterior_mean_below	focal	20000	0.03151515152	0.19533969232404283	42	0.20999999999999999
eas_neutral_exact_population_af_reverse_bridge_r017	EAS	neutral	0	2026083617	25	paper_frac_posterior_mean_below	focal	30000	0.058989898989999998	0.19533969232404283	42	0.20999999999999999
eas_neutral_exact_population_af_reverse_bridge_r017	EAS	neutral	0	2026083617	25	paper_frac_posterior_mean_below	focal	40000	0.087272727270000003	0.19533969232404283	42	0.20999999999999999
eas_neutral_exact_population_af_reverse_bridge_r017	EAS	neutral	0	2026083617	25	paper_frac_posterior_mean_below	focal	50000	0.1143434343	0.19533969232404283	42	0.20999999999999999
eas_neutral_exact_population_af_reverse_bridge_r017	EAS	neutral	0	2026083617	25	paper_frac_posterior_mean_below	local_100kb	1000	0.00070226070229000004	0.19533969232404283	42	0.20999999999999999
eas_neutral_exact_population_af_reverse_bridge_r017	EAS	neutral	0	2026083617	25	paper_frac_posterior_mean_below	local_100kb	4500	0.0024723424720999999	0.19533969232404283	42	0.20999999999999999
eas_neutral_exact_population_af_reverse_bridge_r017	EAS	neutral	0	2026083617	25	paper_frac_posterior_mean_below	local_100kb	10000	0.0123232323243	0.19533969232404283	42	0.20999999999999999
eas_neutral_exact_population_af_reverse_bridge_r017	EAS	neutral	0	2026083617	25	paper_frac_posterior_mean_below	local_100kb	20000	0.041972101971900003	0.19533969232404283	42	0.20999999999999999
eas_neutral_exact_population_af_reverse_bridge_r017	EAS	neutral	0	2026083617	25	paper_frac_posterior_mean_below	local_100kb	30000	0.077787397791399995	0.19533969232404283	42	0.20999999999999999
eas_neutral_exact_population_af_reverse_bridge_r017	EAS	neutral	0	2026083617	25	paper_frac_posterior_mean_below	local_100kb	40000	0.108186628191	0.19533969232404283	42	0.20999999999999999
eas_neutral_exact_population_af_reverse_bridge_r017	EAS	neutral	0	2026083617	25	paper_frac_posterior_mean_below	local_100kb	50000	0.13383357383200001	0.19533969232404283	42	0.20999999999999999
eas_neutral_exact_population_af_reverse_bridge_r018	EAS	neutral	0	2026083618	25	mean_p_tmrca_lt	focal	1000	0.013948389	0.19533969232404283	35	0.17499999999999999
eas_neutral_exact_population_af_reverse_bridge_r018	EAS	neutral	0	2026083618	25	mean_p_tmrca_lt	focal	4500	0.062226070709999998	0.19533969232404283	35	0.17499999999999999
eas_neutral_exact_population_af_reverse_bridge_r018	EAS	neutral	0	2026083618	25	mean_p_tmrca_lt	focal	10000	0.1320298141	0.19533969232404283	35	0.17499999999999999
eas_neutral_exact_population_af_reverse_bridge_r018	EAS	neutral	0	2026083618	25	mean_p_tmrca_lt	focal	20000	0.23798908930000001	0.19533969232404283	35	0.17499999999999999
eas_neutral_exact_population_af_reverse_bridge_r018	EAS	neutral	0	2026083618	25	mean_p_tmrca_lt	focal	30000	0.32142565090000003	0.19533969232404283	35	0.17499999999999999
eas_neutral_exact_population_af_reverse_bridge_r018	EAS	neutral	0	2026083618	25	mean_p_tmrca_lt	focal	40000	0.38776799820000002	0.19533969232404283	35	0.17499999999999999
eas_neutral_exact_population_af_reverse_bridge_r018	EAS	neutral	0	2026083618	25	mean_p_tmrca_lt	focal	50000	0.44110917869999999	0.19533969232404283	35	0.17499999999999999
eas_neutral_exact_population_af_reverse_bridge_r018	EAS	neutral	0	2026083618	25	mean_p_tmrca_lt	local_100kb	1000	0.013155385495600001	0.19533969232404283	35	0.17499999999999999
eas_neutral_exact_population_af_reverse_bridge_r018	EAS	neutral	0	2026083618	25	mean_p_tmrca_lt	local_100kb	4500	0.058437499377599997	0.19533969232404283	35	0.17499999999999999
eas_neutral_exact_population_af_reverse_bridge_r018	EAS	neutral	0	2026083618	25	mean_p_tmrca_lt	local_100kb	10000	0.12273811428500001	0.19533969232404283	35	0.17499999999999999
eas_neutral_exact_population_af_reverse_bridge_r018	EAS	neutral	0	2026083618	25	mean_p_tmrca_lt	local_100kb	20000	0.21823332282399999	0.19533969232404283	35	0.17499999999999999
eas_neutral_exact_population_af_reverse_bridge_r018	EAS	neutral	0	2026083618	25	mean_p_tmrca_lt	local_100kb	30000	0.29227490292899999	0.19533969232404283	35	0.17499999999999999
eas_neutral_exact_population_af_reverse_bridge_r018	EAS	neutral	0	2026083618	25	mean_p_tmrca_lt	local_100kb	40000	0.35087998943799997	0.19533969232404283	35	0.17499999999999999
eas_neutral_exact_population_af_reverse_bridge_r018	EAS	neutral	0	2026083618	25	mean_p_tmrca_lt	local_100kb	50000	0.39821857642399999	0.19533969232404283	35	0.17499999999999999
eas_neutral_exact_population_af_reverse_bridge_r018	EAS	neutral	0	2026083618	25	paper_frac_posterior_mean_below	focal	1000	0.00080808080809999998	0.19533969232404283	35	0.17499999999999999
eas_neutral_exact_population_af_reverse_bridge_r018	EAS	neutral	0	2026083618	25	paper_frac_posterior_mean_below	focal	4500	0.0044444444439999996	0.19533969232404283	35	0.17499999999999999
eas_neutral_exact_population_af_reverse_bridge_r018	EAS	neutral	0	2026083618	25	paper_frac_posterior_mean_below	focal	10000	0.021616161620000001	0.19533969232404283	35	0.17499999999999999
eas_neutral_exact_population_af_reverse_bridge_r018	EAS	neutral	0	2026083618	25	paper_frac_posterior_mean_below	focal	20000	0.078383838380000001	0.19533969232404283	35	0.17499999999999999
eas_neutral_exact_population_af_reverse_bridge_r018	EAS	neutral	0	2026083618	25	paper_frac_posterior_mean_below	focal	30000	0.16646464650000001	0.19533969232404283	35	0.17499999999999999
eas_neutral_exact_population_af_reverse_bridge_r018	EAS	neutral	0	2026083618	25	paper_frac_posterior_mean_below	focal	40000	0.2301010101	0.19533969232404283	35	0.17499999999999999
eas_neutral_exact_population_af_reverse_bridge_r018	EAS	neutral	0	2026083618	25	paper_frac_posterior_mean_below	focal	50000	0.30080808079999999	0.19533969232404283	35	0.17499999999999999
eas_neutral_exact_population_af_reverse_bridge_r018	EAS	neutral	0	2026083618	25	paper_frac_posterior_mean_below	local_100kb	1000	0.00074074074076699997	0.19533969232404283	35	0.17499999999999999
eas_neutral_exact_population_af_reverse_bridge_r018	EAS	neutral	0	2026083618	25	paper_frac_posterior_mean_below	local_100kb	4500	0.0039634439630499996	0.19533969232404283	35	0.17499999999999999
eas_neutral_exact_population_af_reverse_bridge_r018	EAS	neutral	0	2026083618	25	paper_frac_posterior_mean_below	local_100kb	10000	0.0259644059643	0.19533969232404283	35	0.17499999999999999
eas_neutral_exact_population_af_reverse_bridge_r018	EAS	neutral	0	2026083618	25	paper_frac_posterior_mean_below	local_100kb	20000	0.10124098124600001	0.19533969232404283	35	0.17499999999999999
eas_neutral_exact_population_af_reverse_bridge_r018	EAS	neutral	0	2026083618	25	paper_frac_posterior_mean_below	local_100kb	30000	0.19020683021900001	0.19533969232404283	35	0.17499999999999999
eas_neutral_exact_population_af_reverse_bridge_r018	EAS	neutral	0	2026083618	25	paper_frac_posterior_mean_below	local_100kb	40000	0.27112073112399998	0.19533969232404283	35	0.17499999999999999
eas_neutral_exact_population_af_reverse_bridge_r018	EAS	neutral	0	2026083618	25	paper_frac_posterior_mean_below	local_100kb	50000	0.33363155362399999	0.19533969232404283	35	0.17499999999999999
eas_neutral_exact_population_af_reverse_bridge_r019	EAS	neutral	0	2026083619	25	mean_p_tmrca_lt	focal	1000	0.0097448920689999999	0.19533969232404283	37	0.185
eas_neutral_exact_population_af_reverse_bridge_r019	EAS	neutral	0	2026083619	25	mean_p_tmrca_lt	focal	4500	0.04110696304	0.19533969232404283	37	0.185
eas_neutral_exact_population_af_reverse_bridge_r019	EAS	neutral	0	2026083619	25	mean_p_tmrca_lt	focal	10000	0.084549623350000006	0.19533969232404283	37	0.185
eas_neutral_exact_population_af_reverse_bridge_r019	EAS	neutral	0	2026083619	25	mean_p_tmrca_lt	focal	20000	0.1514162966	0.19533969232404283	37	0.185
eas_neutral_exact_population_af_reverse_bridge_r019	EAS	neutral	0	2026083619	25	mean_p_tmrca_lt	focal	30000	0.2076798114	0.19533969232404283	37	0.185
eas_neutral_exact_population_af_reverse_bridge_r019	EAS	neutral	0	2026083619	25	mean_p_tmrca_lt	focal	40000	0.25608375080000001	0.19533969232404283	37	0.185
eas_neutral_exact_population_af_reverse_bridge_r019	EAS	neutral	0	2026083619	25	mean_p_tmrca_lt	focal	50000	0.2981995529	0.19533969232404283	37	0.185
eas_neutral_exact_population_af_reverse_bridge_r019	EAS	neutral	0	2026083619	25	mean_p_tmrca_lt	local_100kb	1000	0.0099879457424299992	0.19533969232404283	37	0.185
eas_neutral_exact_population_af_reverse_bridge_r019	EAS	neutral	0	2026083619	25	mean_p_tmrca_lt	local_100kb	4500	0.042765868980499999	0.19533969232404283	37	0.185
eas_neutral_exact_population_af_reverse_bridge_r019	EAS	neutral	0	2026083619	25	mean_p_tmrca_lt	local_100kb	10000	0.087925875425700004	0.19533969232404283	37	0.185
eas_neutral_exact_population_af_reverse_bridge_r019	EAS	neutral	0	2026083619	25	mean_p_tmrca_lt	local_100kb	20000	0.15428437474500001	0.19533969232404283	37	0.185
eas_neutral_exact_population_af_reverse_bridge_r019	EAS	neutral	0	2026083619	25	mean_p_tmrca_lt	local_100kb	30000	0.20641605228099999	0.19533969232404283	37	0.185
eas_neutral_exact_population_af_reverse_bridge_r019	EAS	neutral	0	2026083619	25	mean_p_tmrca_lt	local_100kb	40000	0.24869358469	0.19533969232404283	37	0.185
eas_neutral_exact_population_af_reverse_bridge_r019	EAS	neutral	0	2026083619	25	mean_p_tmrca_lt	local_100kb	50000	0.28374973598100001	0.19533969232404283	37	0.185
eas_neutral_exact_population_af_reverse_bridge_r019	EAS	neutral	0	2026083619	25	paper_frac_posterior_mean_below	focal	1000	0.0006060606061	0.19533969232404283	37	0.185
eas_neutral_exact_population_af_reverse_bridge_r019	EAS	neutral	0	2026083619	25	paper_frac_posterior_mean_below	focal	4500	0.0052525252530000004	0.19533969232404283	37	0.185
eas_neutral_exact_population_af_reverse_bridge_r019	EAS	neutral	0	2026083619	25	paper_frac_posterior_mean_below	focal	10000	0.025656565659999998	0.19533969232404283	37	0.185
eas_neutral_exact_population_af_reverse_bridge_r019	EAS	neutral	0	2026083619	25	paper_frac_posterior_mean_below	focal	20000	0.059393939389999997	0.19533969232404283	37	0.185
eas_neutral_exact_population_af_reverse_bridge_r019	EAS	neutral	0	2026083619	25	paper_frac_posterior_mean_below	focal	30000	0.095151515150000004	0.19533969232404283	37	0.185
eas_neutral_exact_population_af_reverse_bridge_r019	EAS	neutral	0	2026083619	25	paper_frac_posterior_mean_below	focal	40000	0.1434343434	0.19533969232404283	37	0.185
eas_neutral_exact_population_af_reverse_bridge_r019	EAS	neutral	0	2026083619	25	paper_frac_posterior_mean_below	focal	50000	0.18747474750000001	0.19533969232404283	37	0.185
eas_neutral_exact_population_af_reverse_bridge_r019	EAS	neutral	0	2026083619	25	paper_frac_posterior_mean_below	local_100kb	1000	0.0006060606061	0.19533969232404283	37	0.185
eas_neutral_exact_population_af_reverse_bridge_r019	EAS	neutral	0	2026083619	25	paper_frac_posterior_mean_below	local_100kb	4500	0.0045791245790000002	0.19533969232404283	37	0.185
eas_neutral_exact_population_af_reverse_bridge_r019	EAS	neutral	0	2026083619	25	paper_frac_posterior_mean_below	local_100kb	10000	0.0232708032705	0.19533969232404283	37	0.185
eas_neutral_exact_population_af_reverse_bridge_r019	EAS	neutral	0	2026083619	25	paper_frac_posterior_mean_below	local_100kb	20000	0.067994227992900003	0.19533969232404283	37	0.185
eas_neutral_exact_population_af_reverse_bridge_r019	EAS	neutral	0	2026083619	25	paper_frac_posterior_mean_below	local_100kb	30000	0.12689754689300001	0.19533969232404283	37	0.185
eas_neutral_exact_population_af_reverse_bridge_r019	EAS	neutral	0	2026083619	25	paper_frac_posterior_mean_below	local_100kb	40000	0.18178932179000001	0.19533969232404283	37	0.185
eas_neutral_exact_population_af_reverse_bridge_r019	EAS	neutral	0	2026083619	25	paper_frac_posterior_mean_below	local_100kb	50000	0.22865800866200001	0.19533969232404283	37	0.185
eas_neutral_exact_population_af_reverse_bridge_r020	EAS	neutral	0	2026083620	25	mean_p_tmrca_lt	focal	1000	0.0068178644650000002	0.19533969232404283	38	0.19
eas_neutral_exact_population_af_reverse_bridge_r020	EAS	neutral	0	2026083620	25	mean_p_tmrca_lt	focal	4500	0.031339096800000001	0.19533969232404283	38	0.19
eas_neutral_exact_population_af_reverse_bridge_r020	EAS	neutral	0	2026083620	25	mean_p_tmrca_lt	focal	10000	0.067202593840000005	0.19533969232404283	38	0.19
eas_neutral_exact_population_af_reverse_bridge_r020	EAS	neutral	0	2026083620	25	mean_p_tmrca_lt	focal	20000	0.1219540033	0.19533969232404283	38	0.19
eas_neutral_exact_population_af_reverse_bridge_r020	EAS	neutral	0	2026083620	25	mean_p_tmrca_lt	focal	30000	0.16656579890000001	0.19533969232404283	38	0.19
eas_neutral_exact_population_af_reverse_bridge_r020	EAS	neutral	0	2026083620	25	mean_p_tmrca_lt	focal	40000	0.2042680365	0.19533969232404283	38	0.19
eas_neutral_exact_population_af_reverse_bridge_r020	EAS	neutral	0	2026083620	25	mean_p_tmrca_lt	focal	50000	0.23701981520000001	0.19533969232404283	38	0.19
eas_neutral_exact_population_af_reverse_bridge_r020	EAS	neutral	0	2026083620	25	mean_p_tmrca_lt	local_100kb	1000	0.0097606565639500008	0.19533969232404283	38	0.19
eas_neutral_exact_population_af_reverse_bridge_r020	EAS	neutral	0	2026083620	25	mean_p_tmrca_lt	local_100kb	4500	0.044274208367600001	0.19533969232404283	38	0.19
eas_neutral_exact_population_af_reverse_bridge_r020	EAS	neutral	0	2026083620	25	mean_p_tmrca_lt	local_100kb	10000	0.093916837872900005	0.19533969232404283	38	0.19
eas_neutral_exact_population_af_reverse_bridge_r020	EAS	neutral	0	2026083620	25	mean_p_tmrca_lt	local_100kb	20000	0.16903406527699999	0.19533969232404283	38	0.19
eas_neutral_exact_population_af_reverse_bridge_r020	EAS	neutral	0	2026083620	25	mean_p_tmrca_lt	local_100kb	30000	0.22969912068600001	0.19533969232404283	38	0.19
eas_neutral_exact_population_af_reverse_bridge_r020	EAS	neutral	0	2026083620	25	mean_p_tmrca_lt	local_100kb	40000	0.28032344223299999	0.19533969232404283	38	0.19
eas_neutral_exact_population_af_reverse_bridge_r020	EAS	neutral	0	2026083620	25	mean_p_tmrca_lt	local_100kb	50000	0.32361651572400002	0.19533969232404283	38	0.19
eas_neutral_exact_population_af_reverse_bridge_r020	EAS	neutral	0	2026083620	25	paper_frac_posterior_mean_below	focal	1000	0.000404040404	0.19533969232404283	38	0.19
eas_neutral_exact_population_af_reverse_bridge_r020	EAS	neutral	0	2026083620	25	paper_frac_posterior_mean_below	focal	4500	0.002626262626	0.19533969232404283	38	0.19
eas_neutral_exact_population_af_reverse_bridge_r020	EAS	neutral	0	2026083620	25	paper_frac_posterior_mean_below	focal	10000	0.01696969697	0.19533969232404283	38	0.19
eas_neutral_exact_population_af_reverse_bridge_r020	EAS	neutral	0	2026083620	25	paper_frac_posterior_mean_below	focal	20000	0.055757575759999997	0.19533969232404283	38	0.19
eas_neutral_exact_population_af_reverse_bridge_r020	EAS	neutral	0	2026083620	25	paper_frac_posterior_mean_below	focal	30000	0.10989898989999999	0.19533969232404283	38	0.19
eas_neutral_exact_population_af_reverse_bridge_r020	EAS	neutral	0	2026083620	25	paper_frac_posterior_mean_below	focal	40000	0.13959595960000001	0.19533969232404283	38	0.19
eas_neutral_exact_population_af_reverse_bridge_r020	EAS	neutral	0	2026083620	25	paper_frac_posterior_mean_below	focal	50000	0.16969696970000001	0.19533969232404283	38	0.19
eas_neutral_exact_population_af_reverse_bridge_r020	EAS	neutral	0	2026083620	25	paper_frac_posterior_mean_below	local_100kb	1000	0.000404040404	0.19533969232404283	38	0.19
eas_neutral_exact_population_af_reverse_bridge_r020	EAS	neutral	0	2026083620	25	paper_frac_posterior_mean_below	local_100kb	4500	0.0026743626740999998	0.19533969232404283	38	0.19
eas_neutral_exact_population_af_reverse_bridge_r020	EAS	neutral	0	2026083620	25	paper_frac_posterior_mean_below	local_100kb	10000	0.019874939873799999	0.19533969232404283	38	0.19
eas_neutral_exact_population_af_reverse_bridge_r020	EAS	neutral	0	2026083620	25	paper_frac_posterior_mean_below	local_100kb	20000	0.066868686868999994	0.19533969232404283	38	0.19
eas_neutral_exact_population_af_reverse_bridge_r020	EAS	neutral	0	2026083620	25	paper_frac_posterior_mean_below	local_100kb	30000	0.120432900442	0.19533969232404283	38	0.19
eas_neutral_exact_population_af_reverse_bridge_r020	EAS	neutral	0	2026083620	25	paper_frac_posterior_mean_below	local_100kb	40000	0.17956709957100001	0.19533969232404283	38	0.19
eas_neutral_exact_population_af_reverse_bridge_r020	EAS	neutral	0	2026083620	25	paper_frac_posterior_mean_below	local_100kb	50000	0.23419913419499999	0.19533969232404283	38	0.19
eas_neutral_exact_population_af_reverse_bridge_r021	EAS	neutral	0	2026083621	25	mean_p_tmrca_lt	focal	1000	0.01099549044	0.19533969232404283	41	0.20499999999999999
eas_neutral_exact_population_af_reverse_bridge_r021	EAS	neutral	0	2026083621	25	mean_p_tmrca_lt	focal	4500	0.04851470527	0.19533969232404283	41	0.20499999999999999
eas_neutral_exact_population_af_reverse_bridge_r021	EAS	neutral	0	2026083621	25	mean_p_tmrca_lt	focal	10000	0.099732354339999996	0.19533969232404283	41	0.20499999999999999
eas_neutral_exact_population_af_reverse_bridge_r021	EAS	neutral	0	2026083621	25	mean_p_tmrca_lt	focal	20000	0.17366026840000001	0.19533969232404283	41	0.20499999999999999
eas_neutral_exact_population_af_reverse_bridge_r021	EAS	neutral	0	2026083621	25	mean_p_tmrca_lt	focal	30000	0.2304749375	0.19533969232404283	41	0.20499999999999999
eas_neutral_exact_population_af_reverse_bridge_r021	EAS	neutral	0	2026083621	25	mean_p_tmrca_lt	focal	40000	0.27559844420000001	0.19533969232404283	41	0.20499999999999999
eas_neutral_exact_population_af_reverse_bridge_r021	EAS	neutral	0	2026083621	25	mean_p_tmrca_lt	focal	50000	0.31224481720000002	0.19533969232404283	41	0.20499999999999999
eas_neutral_exact_population_af_reverse_bridge_r021	EAS	neutral	0	2026083621	25	mean_p_tmrca_lt	local_100kb	1000	0.010614032627199999	0.19533969232404283	41	0.20499999999999999
eas_neutral_exact_population_af_reverse_bridge_r021	EAS	neutral	0	2026083621	25	mean_p_tmrca_lt	local_100kb	4500	0.047719428426700003	0.19533969232404283	41	0.20499999999999999
eas_neutral_exact_population_af_reverse_bridge_r021	EAS	neutral	0	2026083621	25	mean_p_tmrca_lt	local_100kb	10000	0.099789689198099996	0.19533969232404283	41	0.20499999999999999
eas_neutral_exact_population_af_reverse_bridge_r021	EAS	neutral	0	2026083621	25	mean_p_tmrca_lt	local_100kb	20000	0.176819830471	0.19533969232404283	41	0.20499999999999999
eas_neutral_exact_population_af_reverse_bridge_r021	EAS	neutral	0	2026083621	25	mean_p_tmrca_lt	local_100kb	30000	0.23734715456700001	0.19533969232404283	41	0.20499999999999999
eas_neutral_exact_population_af_reverse_bridge_r021	EAS	neutral	0	2026083621	25	mean_p_tmrca_lt	local_100kb	40000	0.28645426201399998	0.19533969232404283	41	0.20499999999999999
eas_neutral_exact_population_af_reverse_bridge_r021	EAS	neutral	0	2026083621	25	mean_p_tmrca_lt	local_100kb	50000	0.32735861379999998	0.19533969232404283	41	0.20499999999999999
eas_neutral_exact_population_af_reverse_bridge_r021	EAS	neutral	0	2026083621	25	paper_frac_posterior_mean_below	focal	1000	0.000202020202	0.19533969232404283	41	0.20499999999999999
eas_neutral_exact_population_af_reverse_bridge_r021	EAS	neutral	0	2026083621	25	paper_frac_posterior_mean_below	focal	4500	0.0054545454550000002	0.19533969232404283	41	0.20499999999999999
eas_neutral_exact_population_af_reverse_bridge_r021	EAS	neutral	0	2026083621	25	paper_frac_posterior_mean_below	focal	10000	0.023434343430000001	0.19533969232404283	41	0.20499999999999999
eas_neutral_exact_population_af_reverse_bridge_r021	EAS	neutral	0	2026083621	25	paper_frac_posterior_mean_below	focal	20000	0.082626262630000002	0.19533969232404283	41	0.20499999999999999
eas_neutral_exact_population_af_reverse_bridge_r021	EAS	neutral	0	2026083621	25	paper_frac_posterior_mean_below	focal	30000	0.1402020202	0.19533969232404283	41	0.20499999999999999
eas_neutral_exact_population_af_reverse_bridge_r021	EAS	neutral	0	2026083621	25	paper_frac_posterior_mean_below	focal	40000	0.2280808081	0.19533969232404283	41	0.20499999999999999
eas_neutral_exact_population_af_reverse_bridge_r021	EAS	neutral	0	2026083621	25	paper_frac_posterior_mean_below	focal	50000	0.2852525253	0.19533969232404283	41	0.20499999999999999
eas_neutral_exact_population_af_reverse_bridge_r021	EAS	neutral	0	2026083621	25	paper_frac_posterior_mean_below	local_100kb	1000	0.000202020202	0.19533969232404283	41	0.20499999999999999
eas_neutral_exact_population_af_reverse_bridge_r021	EAS	neutral	0	2026083621	25	paper_frac_posterior_mean_below	local_100kb	4500	0.0051370851372400002	0.19533969232404283	41	0.20499999999999999
eas_neutral_exact_population_af_reverse_bridge_r021	EAS	neutral	0	2026083621	25	paper_frac_posterior_mean_below	local_100kb	10000	0.021875901875199999	0.19533969232404283	41	0.20499999999999999
eas_neutral_exact_population_af_reverse_bridge_r021	EAS	neutral	0	2026083621	25	paper_frac_posterior_mean_below	local_100kb	20000	0.075411255410999994	0.19533969232404283	41	0.20499999999999999
eas_neutral_exact_population_af_reverse_bridge_r021	EAS	neutral	0	2026083621	25	paper_frac_posterior_mean_below	local_100kb	30000	0.14334776334800001	0.19533969232404283	41	0.20499999999999999
eas_neutral_exact_population_af_reverse_bridge_r021	EAS	neutral	0	2026083621	25	paper_frac_posterior_mean_below	local_100kb	40000	0.21071669072400001	0.19533969232404283	41	0.20499999999999999
eas_neutral_exact_population_af_reverse_bridge_r021	EAS	neutral	0	2026083621	25	paper_frac_posterior_mean_below	local_100kb	50000	0.26130832130499998	0.19533969232404283	41	0.20499999999999999
eas_neutral_exact_population_af_reverse_bridge_r022	EAS	neutral	0	2026083622	25	mean_p_tmrca_lt	focal	1000	0.010175751280000001	0.19533969232404283	43	0.215
eas_neutral_exact_population_af_reverse_bridge_r022	EAS	neutral	0	2026083622	25	mean_p_tmrca_lt	focal	4500	0.044666189709999998	0.19533969232404283	43	0.215
eas_neutral_exact_population_af_reverse_bridge_r022	EAS	neutral	0	2026083622	25	mean_p_tmrca_lt	focal	10000	0.094809048719999997	0.19533969232404283	43	0.215
eas_neutral_exact_population_af_reverse_bridge_r022	EAS	neutral	0	2026083622	25	mean_p_tmrca_lt	focal	20000	0.17159245400000001	0.19533969232404283	43	0.215
eas_neutral_exact_population_af_reverse_bridge_r022	EAS	neutral	0	2026083622	25	mean_p_tmrca_lt	focal	30000	0.23459885	0.19533969232404283	43	0.215
eas_neutral_exact_population_af_reverse_bridge_r022	EAS	neutral	0	2026083622	25	mean_p_tmrca_lt	focal	40000	0.2881424393	0.19533969232404283	43	0.215
eas_neutral_exact_population_af_reverse_bridge_r022	EAS	neutral	0	2026083622	25	mean_p_tmrca_lt	focal	50000	0.33483909420000002	0.19533969232404283	43	0.215
eas_neutral_exact_population_af_reverse_bridge_r022	EAS	neutral	0	2026083622	25	mean_p_tmrca_lt	local_100kb	1000	0.0114569471315	0.19533969232404283	43	0.215
eas_neutral_exact_population_af_reverse_bridge_r022	EAS	neutral	0	2026083622	25	mean_p_tmrca_lt	local_100kb	4500	0.049237079782899998	0.19533969232404283	43	0.215
eas_neutral_exact_population_af_reverse_bridge_r022	EAS	neutral	0	2026083622	25	mean_p_tmrca_lt	local_100kb	10000	0.10310190015700001	0.19533969232404283	43	0.215
eas_neutral_exact_population_af_reverse_bridge_r022	EAS	neutral	0	2026083622	25	mean_p_tmrca_lt	local_100kb	20000	0.18532492805699999	0.19533969232404283	43	0.215
eas_neutral_exact_population_af_reverse_bridge_r022	EAS	neutral	0	2026083622	25	mean_p_tmrca_lt	local_100kb	30000	0.25259790658999998	0.19533969232404283	43	0.215
eas_neutral_exact_population_af_reverse_bridge_r022	EAS	neutral	0	2026083622	25	mean_p_tmrca_lt	local_100kb	40000	0.30910110868099999	0.19533969232404283	43	0.215
eas_neutral_exact_population_af_reverse_bridge_r022	EAS	neutral	0	2026083622	25	mean_p_tmrca_lt	local_100kb	50000	0.35741155511900002	0.19533969232404283	43	0.215
eas_neutral_exact_population_af_reverse_bridge_r022	EAS	neutral	0	2026083622	25	paper_frac_posterior_mean_below	focal	1000	0.00101010101	0.19533969232404283	43	0.215
eas_neutral_exact_population_af_reverse_bridge_r022	EAS	neutral	0	2026083622	25	paper_frac_posterior_mean_below	focal	4500	0.0048484848480000002	0.19533969232404283	43	0.215
eas_neutral_exact_population_af_reverse_bridge_r022	EAS	neutral	0	2026083622	25	paper_frac_posterior_mean_below	focal	10000	0.022222222220000001	0.19533969232404283	43	0.215
eas_neutral_exact_population_af_reverse_bridge_r022	EAS	neutral	0	2026083622	25	paper_frac_posterior_mean_below	focal	20000	0.078585858590000002	0.19533969232404283	43	0.215
eas_neutral_exact_population_af_reverse_bridge_r022	EAS	neutral	0	2026083622	25	paper_frac_posterior_mean_below	focal	30000	0.12585858589999999	0.19533969232404283	43	0.215
eas_neutral_exact_population_af_reverse_bridge_r022	EAS	neutral	0	2026083622	25	paper_frac_posterior_mean_below	focal	40000	0.16222222219999999	0.19533969232404283	43	0.215
eas_neutral_exact_population_af_reverse_bridge_r022	EAS	neutral	0	2026083622	25	paper_frac_posterior_mean_below	focal	50000	0.1872727273	0.19533969232404283	43	0.215
eas_neutral_exact_population_af_reverse_bridge_r022	EAS	neutral	0	2026083622	25	paper_frac_posterior_mean_below	local_100kb	1000	0.00101010101	0.19533969232404283	43	0.215
eas_neutral_exact_population_af_reverse_bridge_r022	EAS	neutral	0	2026083622	25	paper_frac_posterior_mean_below	local_100kb	4500	0.0051851851851399998	0.19533969232404283	43	0.215
eas_neutral_exact_population_af_reverse_bridge_r022	EAS	neutral	0	2026083622	25	paper_frac_posterior_mean_below	local_100kb	10000	0.024203944204299999	0.19533969232404283	43	0.215
eas_neutral_exact_population_af_reverse_bridge_r022	EAS	neutral	0	2026083622	25	paper_frac_posterior_mean_below	local_100kb	20000	0.079461279461399997	0.19533969232404283	43	0.215
eas_neutral_exact_population_af_reverse_bridge_r022	EAS	neutral	0	2026083622	25	paper_frac_posterior_mean_below	local_100kb	30000	0.12791726791899999	0.19533969232404283	43	0.215
eas_neutral_exact_population_af_reverse_bridge_r022	EAS	neutral	0	2026083622	25	paper_frac_posterior_mean_below	local_100kb	40000	0.18405002405699999	0.19533969232404283	43	0.215
eas_neutral_exact_population_af_reverse_bridge_r022	EAS	neutral	0	2026083622	25	paper_frac_posterior_mean_below	local_100kb	50000	0.24714766714799999	0.19533969232404283	43	0.215
eas_neutral_exact_population_af_reverse_bridge_r023	EAS	neutral	0	2026083623	25	mean_p_tmrca_lt	focal	1000	0.0098929350170000006	0.19533969232404283	42	0.20999999999999999
eas_neutral_exact_population_af_reverse_bridge_r023	EAS	neutral	0	2026083623	25	mean_p_tmrca_lt	focal	4500	0.041959180259999999	0.19533969232404283	42	0.20999999999999999
eas_neutral_exact_population_af_reverse_bridge_r023	EAS	neutral	0	2026083623	25	mean_p_tmrca_lt	focal	10000	0.084312161720000001	0.19533969232404283	42	0.20999999999999999
eas_neutral_exact_population_af_reverse_bridge_r023	EAS	neutral	0	2026083623	25	mean_p_tmrca_lt	focal	20000	0.14334035010000001	0.19533969232404283	42	0.20999999999999999
eas_neutral_exact_population_af_reverse_bridge_r023	EAS	neutral	0	2026083623	25	mean_p_tmrca_lt	focal	30000	0.18666761949999999	0.19533969232404283	42	0.20999999999999999
eas_neutral_exact_population_af_reverse_bridge_r023	EAS	neutral	0	2026083623	25	mean_p_tmrca_lt	focal	40000	0.21943906890000001	0.19533969232404283	42	0.20999999999999999
eas_neutral_exact_population_af_reverse_bridge_r023	EAS	neutral	0	2026083623	25	mean_p_tmrca_lt	focal	50000	0.2448905247	0.19533969232404283	42	0.20999999999999999
eas_neutral_exact_population_af_reverse_bridge_r023	EAS	neutral	0	2026083623	25	mean_p_tmrca_lt	local_100kb	1000	0.010975111916000001	0.19533969232404283	42	0.20999999999999999
eas_neutral_exact_population_af_reverse_bridge_r023	EAS	neutral	0	2026083623	25	mean_p_tmrca_lt	local_100kb	4500	0.048537608977599997	0.19533969232404283	42	0.20999999999999999
eas_neutral_exact_population_af_reverse_bridge_r023	EAS	neutral	0	2026083623	25	mean_p_tmrca_lt	local_100kb	10000	0.101047759637	0.19533969232404283	42	0.20999999999999999
eas_neutral_exact_population_af_reverse_bridge_r023	EAS	neutral	0	2026083623	25	mean_p_tmrca_lt	local_100kb	20000	0.177639920895	0.19533969232404283	42	0.20999999999999999
eas_neutral_exact_population_af_reverse_bridge_r023	EAS	neutral	0	2026083623	25	mean_p_tmrca_lt	local_100kb	30000	0.23664091765199999	0.19533969232404283	42	0.20999999999999999
eas_neutral_exact_population_af_reverse_bridge_r023	EAS	neutral	0	2026083623	25	mean_p_tmrca_lt	local_100kb	40000	0.28379587229999997	0.19533969232404283	42	0.20999999999999999
eas_neutral_exact_population_af_reverse_bridge_r023	EAS	neutral	0	2026083623	25	mean_p_tmrca_lt	local_100kb	50000	0.32268593152899999	0.19533969232404283	42	0.20999999999999999
eas_neutral_exact_population_af_reverse_bridge_r023	EAS	neutral	0	2026083623	25	paper_frac_posterior_mean_below	focal	1000	0.00080808080809999998	0.19533969232404283	42	0.20999999999999999
eas_neutral_exact_population_af_reverse_bridge_r023	EAS	neutral	0	2026083623	25	paper_frac_posterior_mean_below	focal	4500	0.0048484848480000002	0.19533969232404283	42	0.20999999999999999
eas_neutral_exact_population_af_reverse_bridge_r023	EAS	neutral	0	2026083623	25	paper_frac_posterior_mean_below	focal	10000	0.027272727270000002	0.19533969232404283	42	0.20999999999999999
eas_neutral_exact_population_af_reverse_bridge_r023	EAS	neutral	0	2026083623	25	paper_frac_posterior_mean_below	focal	20000	0.083232323230000002	0.19533969232404283	42	0.20999999999999999
eas_neutral_exact_population_af_reverse_bridge_r023	EAS	neutral	0	2026083623	25	paper_frac_posterior_mean_below	focal	30000	0.12101010099999999	0.19533969232404283	42	0.20999999999999999
eas_neutral_exact_population_af_reverse_bridge_r023	EAS	neutral	0	2026083623	25	paper_frac_posterior_mean_below	focal	40000	0.1721212121	0.19533969232404283	42	0.20999999999999999
eas_neutral_exact_population_af_reverse_bridge_r023	EAS	neutral	0	2026083623	25	paper_frac_posterior_mean_below	focal	50000	0.23555555559999999	0.19533969232404283	42	0.20999999999999999
eas_neutral_exact_population_af_reverse_bridge_r023	EAS	neutral	0	2026083623	25	paper_frac_posterior_mean_below	local_100kb	1000	0.00080808080809999998	0.19533969232404283	42	0.20999999999999999
eas_neutral_exact_population_af_reverse_bridge_r023	EAS	neutral	0	2026083623	25	paper_frac_posterior_mean_below	local_100kb	4500	0.0045598845596699997	0.19533969232404283	42	0.20999999999999999
eas_neutral_exact_population_af_reverse_bridge_r023	EAS	neutral	0	2026083623	25	paper_frac_posterior_mean_below	local_100kb	10000	0.022626262626199999	0.19533969232404283	42	0.20999999999999999
eas_neutral_exact_population_af_reverse_bridge_r023	EAS	neutral	0	2026083623	25	paper_frac_posterior_mean_below	local_100kb	20000	0.087580567580999996	0.19533969232404283	42	0.20999999999999999
eas_neutral_exact_population_af_reverse_bridge_r023	EAS	neutral	0	2026083623	25	paper_frac_posterior_mean_below	local_100kb	30000	0.14784992783799999	0.19533969232404283	42	0.20999999999999999
eas_neutral_exact_population_af_reverse_bridge_r023	EAS	neutral	0	2026083623	25	paper_frac_posterior_mean_below	local_100kb	40000	0.19915343915200001	0.19533969232404283	42	0.20999999999999999
eas_neutral_exact_population_af_reverse_bridge_r023	EAS	neutral	0	2026083623	25	paper_frac_posterior_mean_below	local_100kb	50000	0.241760461762	0.19533969232404283	42	0.20999999999999999
eas_neutral_exact_population_af_reverse_bridge_r024	EAS	neutral	0	2026083624	25	mean_p_tmrca_lt	focal	1000	0.016622267640000001	0.19533969232404283	36	0.17999999999999999
eas_neutral_exact_population_af_reverse_bridge_r024	EAS	neutral	0	2026083624	25	mean_p_tmrca_lt	focal	4500	0.070034892749999994	0.19533969232404283	36	0.17999999999999999
eas_neutral_exact_population_af_reverse_bridge_r024	EAS	neutral	0	2026083624	25	mean_p_tmrca_lt	focal	10000	0.14234438520000001	0.19533969232404283	36	0.17999999999999999
eas_neutral_exact_population_af_reverse_bridge_r024	EAS	neutral	0	2026083624	25	mean_p_tmrca_lt	focal	20000	0.2448317971	0.19533969232404283	36	0.17999999999999999
eas_neutral_exact_population_af_reverse_bridge_r024	EAS	neutral	0	2026083624	25	mean_p_tmrca_lt	focal	30000	0.32151433660000001	0.19533969232404283	36	0.17999999999999999
eas_neutral_exact_population_af_reverse_bridge_r024	EAS	neutral	0	2026083624	25	mean_p_tmrca_lt	focal	40000	0.38105845100000002	0.19533969232404283	36	0.17999999999999999
eas_neutral_exact_population_af_reverse_bridge_r024	EAS	neutral	0	2026083624	25	mean_p_tmrca_lt	focal	50000	0.4287565358	0.19533969232404283	36	0.17999999999999999
eas_neutral_exact_population_af_reverse_bridge_r024	EAS	neutral	0	2026083624	25	mean_p_tmrca_lt	local_100kb	1000	0.0112508905659	0.19533969232404283	36	0.17999999999999999
eas_neutral_exact_population_af_reverse_bridge_r024	EAS	neutral	0	2026083624	25	mean_p_tmrca_lt	local_100kb	4500	0.046942644801400001	0.19533969232404283	36	0.17999999999999999
eas_neutral_exact_population_af_reverse_bridge_r024	EAS	neutral	0	2026083624	25	mean_p_tmrca_lt	local_100kb	10000	0.095319017918999993	0.19533969232404283	36	0.17999999999999999
eas_neutral_exact_population_af_reverse_bridge_r024	EAS	neutral	0	2026083624	25	mean_p_tmrca_lt	local_100kb	20000	0.16364537678999999	0.19533969232404283	36	0.17999999999999999
eas_neutral_exact_population_af_reverse_bridge_r024	EAS	neutral	0	2026083624	25	mean_p_tmrca_lt	local_100kb	30000	0.21498897545199999	0.19533969232404283	36	0.17999999999999999
eas_neutral_exact_population_af_reverse_bridge_r024	EAS	neutral	0	2026083624	25	mean_p_tmrca_lt	local_100kb	40000	0.25552802873300001	0.19533969232404283	36	0.17999999999999999
eas_neutral_exact_population_af_reverse_bridge_r024	EAS	neutral	0	2026083624	25	mean_p_tmrca_lt	local_100kb	50000	0.288842559567	0.19533969232404283	36	0.17999999999999999
eas_neutral_exact_population_af_reverse_bridge_r024	EAS	neutral	0	2026083624	25	paper_frac_posterior_mean_below	focal	1000	0.00101010101	0.19533969232404283	36	0.17999999999999999
eas_neutral_exact_population_af_reverse_bridge_r024	EAS	neutral	0	2026083624	25	paper_frac_posterior_mean_below	focal	4500	0.0042424242419999997	0.19533969232404283	36	0.17999999999999999
eas_neutral_exact_population_af_reverse_bridge_r024	EAS	neutral	0	2026083624	25	paper_frac_posterior_mean_below	focal	10000	0.023636363640000001	0.19533969232404283	36	0.17999999999999999
eas_neutral_exact_population_af_reverse_bridge_r024	EAS	neutral	0	2026083624	25	paper_frac_posterior_mean_below	focal	20000	0.10828282829999999	0.19533969232404283	36	0.17999999999999999
eas_neutral_exact_population_af_reverse_bridge_r024	EAS	neutral	0	2026083624	25	paper_frac_posterior_mean_below	focal	30000	0.21616161619999999	0.19533969232404283	36	0.17999999999999999
eas_neutral_exact_population_af_reverse_bridge_r024	EAS	neutral	0	2026083624	25	paper_frac_posterior_mean_below	focal	40000	0.28222222219999998	0.19533969232404283	36	0.17999999999999999
eas_neutral_exact_population_af_reverse_bridge_r024	EAS	neutral	0	2026083624	25	paper_frac_posterior_mean_below	focal	50000	0.32808080810000001	0.19533969232404283	36	0.17999999999999999
eas_neutral_exact_population_af_reverse_bridge_r024	EAS	neutral	0	2026083624	25	paper_frac_posterior_mean_below	local_100kb	1000	0.00093314093308600001	0.19533969232404283	36	0.17999999999999999
eas_neutral_exact_population_af_reverse_bridge_r024	EAS	neutral	0	2026083624	25	paper_frac_posterior_mean_below	local_100kb	4500	0.0039249639245699996	0.19533969232404283	36	0.17999999999999999
eas_neutral_exact_population_af_reverse_bridge_r024	EAS	neutral	0	2026083624	25	paper_frac_posterior_mean_below	local_100kb	10000	0.023174603174799999	0.19533969232404283	36	0.17999999999999999
eas_neutral_exact_population_af_reverse_bridge_r024	EAS	neutral	0	2026083624	25	paper_frac_posterior_mean_below	local_100kb	20000	0.087253487254300002	0.19533969232404283	36	0.17999999999999999
eas_neutral_exact_population_af_reverse_bridge_r024	EAS	neutral	0	2026083624	25	paper_frac_posterior_mean_below	local_100kb	30000	0.148994709	0.19533969232404283	36	0.17999999999999999
eas_neutral_exact_population_af_reverse_bridge_r024	EAS	neutral	0	2026083624	25	paper_frac_posterior_mean_below	local_100kb	40000	0.19475709475700001	0.19533969232404283	36	0.17999999999999999
eas_neutral_exact_population_af_reverse_bridge_r024	EAS	neutral	0	2026083624	25	paper_frac_posterior_mean_below	local_100kb	50000	0.225704665705	0.19533969232404283	36	0.17999999999999999
eas_neutral_exact_population_af_reverse_bridge_r025	EAS	neutral	0	2026083625	25	mean_p_tmrca_lt	focal	1000	0.01235310601	0.19533969232404283	43	0.215
eas_neutral_exact_population_af_reverse_bridge_r025	EAS	neutral	0	2026083625	25	mean_p_tmrca_lt	focal	4500	0.051957202770000002	0.19533969232404283	43	0.215
eas_neutral_exact_population_af_reverse_bridge_r025	EAS	neutral	0	2026083625	25	mean_p_tmrca_lt	focal	10000	0.1062561524	0.19533969232404283	43	0.215
eas_neutral_exact_population_af_reverse_bridge_r025	EAS	neutral	0	2026083625	25	mean_p_tmrca_lt	focal	20000	0.1844005276	0.19533969232404283	43	0.215
eas_neutral_exact_population_af_reverse_bridge_r025	EAS	neutral	0	2026083625	25	mean_p_tmrca_lt	focal	30000	0.24368584090000001	0.19533969232404283	43	0.215
eas_neutral_exact_population_af_reverse_bridge_r025	EAS	neutral	0	2026083625	25	mean_p_tmrca_lt	focal	40000	0.29019402319999998	0.19533969232404283	43	0.215
eas_neutral_exact_population_af_reverse_bridge_r025	EAS	neutral	0	2026083625	25	mean_p_tmrca_lt	focal	50000	0.32773545389999997	0.19533969232404283	43	0.215
eas_neutral_exact_population_af_reverse_bridge_r025	EAS	neutral	0	2026083625	25	mean_p_tmrca_lt	local_100kb	1000	0.011939380639499999	0.19533969232404283	43	0.215
eas_neutral_exact_population_af_reverse_bridge_r025	EAS	neutral	0	2026083625	25	mean_p_tmrca_lt	local_100kb	4500	0.051905867941000002	0.19533969232404283	43	0.215
eas_neutral_exact_population_af_reverse_bridge_r025	EAS	neutral	0	2026083625	25	mean_p_tmrca_lt	local_100kb	10000	0.108818604093	0.19533969232404283	43	0.215
eas_neutral_exact_population_af_reverse_bridge_r025	EAS	neutral	0	2026083625	25	mean_p_tmrca_lt	local_100kb	20000	0.1941233161	0.19533969232404283	43	0.215
eas_neutral_exact_population_af_reverse_bridge_r025	EAS	neutral	0	2026083625	25	mean_p_tmrca_lt	local_100kb	30000	0.26156599590500001	0.19533969232404283	43	0.215
eas_neutral_exact_population_af_reverse_bridge_r025	EAS	neutral	0	2026083625	25	mean_p_tmrca_lt	local_100kb	40000	0.31625832207600002	0.19533969232404283	43	0.215
eas_neutral_exact_population_af_reverse_bridge_r025	EAS	neutral	0	2026083625	25	mean_p_tmrca_lt	local_100kb	50000	0.36159989622400002	0.19533969232404283	43	0.215
eas_neutral_exact_population_af_reverse_bridge_r025	EAS	neutral	0	2026083625	25	paper_frac_posterior_mean_below	focal	1000	0.00080808080809999998	0.19533969232404283	43	0.215
eas_neutral_exact_population_af_reverse_bridge_r025	EAS	neutral	0	2026083625	25	paper_frac_posterior_mean_below	focal	4500	0.0034343434339999999	0.19533969232404283	43	0.215
eas_neutral_exact_population_af_reverse_bridge_r025	EAS	neutral	0	2026083625	25	paper_frac_posterior_mean_below	focal	10000	0.01878787879	0.19533969232404283	43	0.215
eas_neutral_exact_population_af_reverse_bridge_r025	EAS	neutral	0	2026083625	25	paper_frac_posterior_mean_below	focal	20000	0.080606060610000002	0.19533969232404283	43	0.215
eas_neutral_exact_population_af_reverse_bridge_r025	EAS	neutral	0	2026083625	25	paper_frac_posterior_mean_below	focal	30000	0.16	0.19533969232404283	43	0.215
eas_neutral_exact_population_af_reverse_bridge_r025	EAS	neutral	0	2026083625	25	paper_frac_posterior_mean_below	focal	40000	0.27010101009999998	0.19533969232404283	43	0.215
eas_neutral_exact_population_af_reverse_bridge_r025	EAS	neutral	0	2026083625	25	paper_frac_posterior_mean_below	focal	50000	0.31212121209999999	0.19533969232404283	43	0.215
eas_neutral_exact_population_af_reverse_bridge_r025	EAS	neutral	0	2026083625	25	paper_frac_posterior_mean_below	local_100kb	1000	0.00080808080809999998	0.19533969232404283	43	0.215
eas_neutral_exact_population_af_reverse_bridge_r025	EAS	neutral	0	2026083625	25	paper_frac_posterior_mean_below	local_100kb	4500	0.0036844636841	0.19533969232404283	43	0.215
eas_neutral_exact_population_af_reverse_bridge_r025	EAS	neutral	0	2026083625	25	paper_frac_posterior_mean_below	local_100kb	10000	0.022058682058999999	0.19533969232404283	43	0.215
eas_neutral_exact_population_af_reverse_bridge_r025	EAS	neutral	0	2026083625	25	paper_frac_posterior_mean_below	local_100kb	20000	0.081702741701000003	0.19533969232404283	43	0.215
eas_neutral_exact_population_af_reverse_bridge_r025	EAS	neutral	0	2026083625	25	paper_frac_posterior_mean_below	local_100kb	30000	0.156190476198	0.19533969232404283	43	0.215
eas_neutral_exact_population_af_reverse_bridge_r025	EAS	neutral	0	2026083625	25	paper_frac_posterior_mean_below	local_100kb	40000	0.23509379508100001	0.19533969232404283	43	0.215
eas_neutral_exact_population_af_reverse_bridge_r025	EAS	neutral	0	2026083625	25	paper_frac_posterior_mean_below	local_100kb	50000	0.29817219817599999	0.19533969232404283	43	0.215
eas_neutral_exact_population_af_reverse_bridge_r026	EAS	neutral	0	2026083626	25	mean_p_tmrca_lt	focal	1000	0.0088565320619999992	0.19533969232404283	44	0.22
eas_neutral_exact_population_af_reverse_bridge_r026	EAS	neutral	0	2026083626	25	mean_p_tmrca_lt	focal	4500	0.038508108579999999	0.19533969232404283	44	0.22
eas_neutral_exact_population_af_reverse_bridge_r026	EAS	neutral	0	2026083626	25	mean_p_tmrca_lt	focal	10000	0.079149445530000001	0.19533969232404283	44	0.22
eas_neutral_exact_population_af_reverse_bridge_r026	EAS	neutral	0	2026083626	25	mean_p_tmrca_lt	focal	20000	0.1370408907	0.19533969232404283	44	0.22
eas_neutral_exact_population_af_reverse_bridge_r026	EAS	neutral	0	2026083626	25	mean_p_tmrca_lt	focal	30000	0.181210283	0.19533969232404283	44	0.22
eas_neutral_exact_population_af_reverse_bridge_r026	EAS	neutral	0	2026083626	25	mean_p_tmrca_lt	focal	40000	0.21663126390000001	0.19533969232404283	44	0.22
eas_neutral_exact_population_af_reverse_bridge_r026	EAS	neutral	0	2026083626	25	mean_p_tmrca_lt	focal	50000	0.24621734649999999	0.19533969232404283	44	0.22
eas_neutral_exact_population_af_reverse_bridge_r026	EAS	neutral	0	2026083626	25	mean_p_tmrca_lt	local_100kb	1000	0.011012282450999999	0.19533969232404283	44	0.22
eas_neutral_exact_population_af_reverse_bridge_r026	EAS	neutral	0	2026083626	25	mean_p_tmrca_lt	local_100kb	4500	0.048268768349500002	0.19533969232404283	44	0.22
eas_neutral_exact_population_af_reverse_bridge_r026	EAS	neutral	0	2026083626	25	mean_p_tmrca_lt	local_100kb	10000	0.100403321361	0.19533969232404283	44	0.22
eas_neutral_exact_population_af_reverse_bridge_r026	EAS	neutral	0	2026083626	25	mean_p_tmrca_lt	local_100kb	20000	0.17775883449999999	0.19533969232404283	44	0.22
eas_neutral_exact_population_af_reverse_bridge_r026	EAS	neutral	0	2026083626	25	mean_p_tmrca_lt	local_100kb	30000	0.239306877705	0.19533969232404283	44	0.22
eas_neutral_exact_population_af_reverse_bridge_r026	EAS	neutral	0	2026083626	25	mean_p_tmrca_lt	local_100kb	40000	0.290090972143	0.19533969232404283	44	0.22
eas_neutral_exact_population_af_reverse_bridge_r026	EAS	neutral	0	2026083626	25	mean_p_tmrca_lt	local_100kb	50000	0.33314407869500001	0.19533969232404283	44	0.22
eas_neutral_exact_population_af_reverse_bridge_r026	EAS	neutral	0	2026083626	25	paper_frac_posterior_mean_below	focal	1000	0.0006060606061	0.19533969232404283	44	0.22
eas_neutral_exact_population_af_reverse_bridge_r026	EAS	neutral	0	2026083626	25	paper_frac_posterior_mean_below	focal	4500	0.0052525252530000004	0.19533969232404283	44	0.22
eas_neutral_exact_population_af_reverse_bridge_r026	EAS	neutral	0	2026083626	25	paper_frac_posterior_mean_below	focal	10000	0.02141414141	0.19533969232404283	44	0.22
eas_neutral_exact_population_af_reverse_bridge_r026	EAS	neutral	0	2026083626	25	paper_frac_posterior_mean_below	focal	20000	0.065252525249999999	0.19533969232404283	44	0.22
eas_neutral_exact_population_af_reverse_bridge_r026	EAS	neutral	0	2026083626	25	paper_frac_posterior_mean_below	focal	30000	0.12585858589999999	0.19533969232404283	44	0.22
eas_neutral_exact_population_af_reverse_bridge_r026	EAS	neutral	0	2026083626	25	paper_frac_posterior_mean_below	focal	40000	0.1616161616	0.19533969232404283	44	0.22
eas_neutral_exact_population_af_reverse_bridge_r026	EAS	neutral	0	2026083626	25	paper_frac_posterior_mean_below	focal	50000	0.17959595959999999	0.19533969232404283	44	0.22
eas_neutral_exact_population_af_reverse_bridge_r026	EAS	neutral	0	2026083626	25	paper_frac_posterior_mean_below	local_100kb	1000	0.00068302068305199995	0.19533969232404283	44	0.22
eas_neutral_exact_population_af_reverse_bridge_r026	EAS	neutral	0	2026083626	25	paper_frac_posterior_mean_below	local_100kb	4500	0.0045214045211899997	0.19533969232404283	44	0.22
eas_neutral_exact_population_af_reverse_bridge_r026	EAS	neutral	0	2026083626	25	paper_frac_posterior_mean_below	local_100kb	10000	0.021471861471000001	0.19533969232404283	44	0.22
eas_neutral_exact_population_af_reverse_bridge_r026	EAS	neutral	0	2026083626	25	paper_frac_posterior_mean_below	local_100kb	20000	0.074805194806200001	0.19533969232404283	44	0.22
eas_neutral_exact_population_af_reverse_bridge_r026	EAS	neutral	0	2026083626	25	paper_frac_posterior_mean_below	local_100kb	30000	0.14162578162600001	0.19533969232404283	44	0.22
eas_neutral_exact_population_af_reverse_bridge_r026	EAS	neutral	0	2026083626	25	paper_frac_posterior_mean_below	local_100kb	40000	0.19509379508999999	0.19533969232404283	44	0.22
eas_neutral_exact_population_af_reverse_bridge_r026	EAS	neutral	0	2026083626	25	paper_frac_posterior_mean_below	local_100kb	50000	0.2383068783	0.19533969232404283	44	0.22
eas_neutral_exact_population_af_reverse_bridge_r027	EAS	neutral	0	2026083627	25	mean_p_tmrca_lt	focal	1000	0.02238653312	0.19533969232404283	31	0.155
eas_neutral_exact_population_af_reverse_bridge_r027	EAS	neutral	0	2026083627	25	mean_p_tmrca_lt	focal	4500	0.099851425559999998	0.19533969232404283	31	0.155
eas_neutral_exact_population_af_reverse_bridge_r027	EAS	neutral	0	2026083627	25	mean_p_tmrca_lt	focal	10000	0.2096378874	0.19533969232404283	31	0.155
eas_neutral_exact_population_af_reverse_bridge_r027	EAS	neutral	0	2026083627	25	mean_p_tmrca_lt	focal	20000	0.37168686179999999	0.19533969232404283	31	0.155
eas_neutral_exact_population_af_reverse_bridge_r027	EAS	neutral	0	2026083627	25	mean_p_tmrca_lt	focal	30000	0.49424472660000002	0.19533969232404283	31	0.155
eas_neutral_exact_population_af_reverse_bridge_r027	EAS	neutral	0	2026083627	25	mean_p_tmrca_lt	focal	40000	0.5872443759	0.19533969232404283	31	0.155
eas_neutral_exact_population_af_reverse_bridge_r027	EAS	neutral	0	2026083627	25	mean_p_tmrca_lt	focal	50000	0.65838219570000001	0.19533969232404283	31	0.155
eas_neutral_exact_population_af_reverse_bridge_r027	EAS	neutral	0	2026083627	25	mean_p_tmrca_lt	local_100kb	1000	0.0130781683901	0.19533969232404283	31	0.155
eas_neutral_exact_population_af_reverse_bridge_r027	EAS	neutral	0	2026083627	25	mean_p_tmrca_lt	local_100kb	4500	0.058824475885199998	0.19533969232404283	31	0.155
eas_neutral_exact_population_af_reverse_bridge_r027	EAS	neutral	0	2026083627	25	mean_p_tmrca_lt	local_100kb	10000	0.123523216873	0.19533969232404283	31	0.155
eas_neutral_exact_population_af_reverse_bridge_r027	EAS	neutral	0	2026083627	25	mean_p_tmrca_lt	local_100kb	20000	0.21913667399	0.19533969232404283	31	0.155
eas_neutral_exact_population_af_reverse_bridge_r027	EAS	neutral	0	2026083627	25	mean_p_tmrca_lt	local_100kb	30000	0.29316454075199999	0.19533969232404283	31	0.155
eas_neutral_exact_population_af_reverse_bridge_r027	EAS	neutral	0	2026083627	25	mean_p_tmrca_lt	local_100kb	40000	0.35198533698599999	0.19533969232404283	31	0.155
eas_neutral_exact_population_af_reverse_bridge_r027	EAS	neutral	0	2026083627	25	mean_p_tmrca_lt	local_100kb	50000	0.39994502421400002	0.19533969232404283	31	0.155
eas_neutral_exact_population_af_reverse_bridge_r027	EAS	neutral	0	2026083627	25	paper_frac_posterior_mean_below	focal	1000	0.000404040404	0.19533969232404283	31	0.155
eas_neutral_exact_population_af_reverse_bridge_r027	EAS	neutral	0	2026083627	25	paper_frac_posterior_mean_below	focal	4500	0.0050505050509999996	0.19533969232404283	31	0.155
eas_neutral_exact_population_af_reverse_bridge_r027	EAS	neutral	0	2026083627	25	paper_frac_posterior_mean_below	focal	10000	0.020808080810000001	0.19533969232404283	31	0.155
eas_neutral_exact_population_af_reverse_bridge_r027	EAS	neutral	0	2026083627	25	paper_frac_posterior_mean_below	focal	20000	0.1373737374	0.19533969232404283	31	0.155
eas_neutral_exact_population_af_reverse_bridge_r027	EAS	neutral	0	2026083627	25	paper_frac_posterior_mean_below	focal	30000	0.39535353540000001	0.19533969232404283	31	0.155
eas_neutral_exact_population_af_reverse_bridge_r027	EAS	neutral	0	2026083627	25	paper_frac_posterior_mean_below	focal	40000	0.53191919190000003	0.19533969232404283	31	0.155
eas_neutral_exact_population_af_reverse_bridge_r027	EAS	neutral	0	2026083627	25	paper_frac_posterior_mean_below	focal	50000	0.65636363639999995	0.19533969232404283	31	0.155
eas_neutral_exact_population_af_reverse_bridge_r027	EAS	neutral	0	2026083627	25	paper_frac_posterior_mean_below	local_100kb	1000	0.000404040404	0.19533969232404283	31	0.155
eas_neutral_exact_population_af_reverse_bridge_r027	EAS	neutral	0	2026083627	25	paper_frac_posterior_mean_below	local_100kb	4500	0.0049831649833799998	0.19533969232404283	31	0.155
eas_neutral_exact_population_af_reverse_bridge_r027	EAS	neutral	0	2026083627	25	paper_frac_posterior_mean_below	local_100kb	10000	0.023915343915200001	0.19533969232404283	31	0.155
eas_neutral_exact_population_af_reverse_bridge_r027	EAS	neutral	0	2026083627	25	paper_frac_posterior_mean_below	local_100kb	20000	0.10299182299200001	0.19533969232404283	31	0.155
eas_neutral_exact_population_af_reverse_bridge_r027	EAS	neutral	0	2026083627	25	paper_frac_posterior_mean_below	local_100kb	30000	0.20105820105700001	0.19533969232404283	31	0.155
eas_neutral_exact_population_af_reverse_bridge_r027	EAS	neutral	0	2026083627	25	paper_frac_posterior_mean_below	local_100kb	40000	0.27064935065200002	0.19533969232404283	31	0.155
eas_neutral_exact_population_af_reverse_bridge_r027	EAS	neutral	0	2026083627	25	paper_frac_posterior_mean_below	local_100kb	50000	0.33056277057099998	0.19533969232404283	31	0.155
eas_neutral_exact_population_af_reverse_bridge_r028	EAS	neutral	0	2026083628	25	mean_p_tmrca_lt	focal	1000	0.0085750900699999993	0.19533969232404283	0	0
eas_neutral_exact_population_af_reverse_bridge_r028	EAS	neutral	0	2026083628	25	mean_p_tmrca_lt	focal	4500	0.035730579399999997	0.19533969232404283	0	0
eas_neutral_exact_population_af_reverse_bridge_r028	EAS	neutral	0	2026083628	25	mean_p_tmrca_lt	focal	10000	0.072522314340000005	0.19533969232404283	0	0
eas_neutral_exact_population_af_reverse_bridge_r028	EAS	neutral	0	2026083628	25	mean_p_tmrca_lt	focal	20000	0.1269589643	0.19533969232404283	0	0
eas_neutral_exact_population_af_reverse_bridge_r028	EAS	neutral	0	2026083628	25	mean_p_tmrca_lt	focal	30000	0.17149702059999999	0.19533969232404283	0	0
eas_neutral_exact_population_af_reverse_bridge_r028	EAS	neutral	0	2026083628	25	mean_p_tmrca_lt	focal	40000	0.20964163529999999	0.19533969232404283	0	0
eas_neutral_exact_population_af_reverse_bridge_r028	EAS	neutral	0	2026083628	25	mean_p_tmrca_lt	focal	50000	0.2431227839	0.19533969232404283	0	0
eas_neutral_exact_population_af_reverse_bridge_r028	EAS	neutral	0	2026083628	25	mean_p_tmrca_lt	local_100kb	1000	0.0093253400993300005	0.19533969232404283	0	0
eas_neutral_exact_population_af_reverse_bridge_r028	EAS	neutral	0	2026083628	25	mean_p_tmrca_lt	local_100kb	4500	0.039556216175199999	0.19533969232404283	0	0
eas_neutral_exact_population_af_reverse_bridge_r028	EAS	neutral	0	2026083628	25	mean_p_tmrca_lt	local_100kb	10000	0.080458318047100005	0.19533969232404283	0	0
eas_neutral_exact_population_af_reverse_bridge_r028	EAS	neutral	0	2026083628	25	mean_p_tmrca_lt	local_100kb	20000	0.139265184918	0.19533969232404283	0	0
eas_neutral_exact_population_af_reverse_bridge_r028	EAS	neutral	0	2026083628	25	mean_p_tmrca_lt	local_100kb	30000	0.18528642698600001	0.19533969232404283	0	0
eas_neutral_exact_population_af_reverse_bridge_r028	EAS	neutral	0	2026083628	25	mean_p_tmrca_lt	local_100kb	40000	0.223361244376	0.19533969232404283	0	0
eas_neutral_exact_population_af_reverse_bridge_r028	EAS	neutral	0	2026083628	25	mean_p_tmrca_lt	local_100kb	50000	0.25605104667599998	0.19533969232404283	0	0
eas_neutral_exact_population_af_reverse_bridge_r028	EAS	neutral	0	2026083628	25	paper_frac_posterior_mean_below	focal	1000	0.0006060606061	0.19533969232404283	0	0
eas_neutral_exact_population_af_reverse_bridge_r028	EAS	neutral	0	2026083628	25	paper_frac_posterior_mean_below	focal	4500	0.003232323232	0.19533969232404283	0	0
eas_neutral_exact_population_af_reverse_bridge_r028	EAS	neutral	0	2026083628	25	paper_frac_posterior_mean_below	focal	10000	0.025252525250000001	0.19533969232404283	0	0
eas_neutral_exact_population_af_reverse_bridge_r028	EAS	neutral	0	2026083628	25	paper_frac_posterior_mean_below	focal	20000	0.07131313131	0.19533969232404283	0	0
eas_neutral_exact_population_af_reverse_bridge_r028	EAS	neutral	0	2026083628	25	paper_frac_posterior_mean_below	focal	30000	0.1068686869	0.19533969232404283	0	0
eas_neutral_exact_population_af_reverse_bridge_r028	EAS	neutral	0	2026083628	25	paper_frac_posterior_mean_below	focal	40000	0.1381818182	0.19533969232404283	0	0
eas_neutral_exact_population_af_reverse_bridge_r028	EAS	neutral	0	2026083628	25	paper_frac_posterior_mean_below	focal	50000	0.1636363636	0.19533969232404283	0	0
eas_neutral_exact_population_af_reverse_bridge_r028	EAS	neutral	0	2026083628	25	paper_frac_posterior_mean_below	local_100kb	1000	0.0006060606061	0.19533969232404283	0	0
eas_neutral_exact_population_af_reverse_bridge_r028	EAS	neutral	0	2026083628	25	paper_frac_posterior_mean_below	local_100kb	4500	0.0030206830203799999	0.19533969232404283	0	0
eas_neutral_exact_population_af_reverse_bridge_r028	EAS	neutral	0	2026083628	25	paper_frac_posterior_mean_below	local_100kb	10000	0.02175084175	0.19533969232404283	0	0
eas_neutral_exact_population_af_reverse_bridge_r028	EAS	neutral	0	2026083628	25	paper_frac_posterior_mean_below	local_100kb	20000	0.068523328523299995	0.19533969232404283	0	0
eas_neutral_exact_population_af_reverse_bridge_r028	EAS	neutral	0	2026083628	25	paper_frac_posterior_mean_below	local_100kb	30000	0.109273689282	0.19533969232404283	0	0
eas_neutral_exact_population_af_reverse_bridge_r028	EAS	neutral	0	2026083628	25	paper_frac_posterior_mean_below	local_100kb	40000	0.14320346320999999	0.19533969232404283	0	0
eas_neutral_exact_population_af_reverse_bridge_r028	EAS	neutral	0	2026083628	25	paper_frac_posterior_mean_below	local_100kb	50000	0.169754689757	0.19533969232404283	0	0
eas_neutral_exact_population_af_reverse_bridge_r029	EAS	neutral	0	2026083629	25	mean_p_tmrca_lt	focal	1000	0.011552192750000001	0.19533969232404283	34	0.17000000000000001
eas_neutral_exact_population_af_reverse_bridge_r029	EAS	neutral	0	2026083629	25	mean_p_tmrca_lt	focal	4500	0.053334315960000003	0.19533969232404283	34	0.17000000000000001
eas_neutral_exact_population_af_reverse_bridge_r029	EAS	neutral	0	2026083629	25	mean_p_tmrca_lt	focal	10000	0.1115958272	0.19533969232404283	34	0.17000000000000001
eas_neutral_exact_population_af_reverse_bridge_r029	EAS	neutral	0	2026083629	25	mean_p_tmrca_lt	focal	20000	0.1948499048	0.19533969232404283	34	0.17000000000000001
eas_neutral_exact_population_af_reverse_bridge_r029	EAS	neutral	0	2026083629	25	mean_p_tmrca_lt	focal	30000	0.25847344970000002	0.19533969232404283	34	0.17000000000000001
eas_neutral_exact_population_af_reverse_bridge_r029	EAS	neutral	0	2026083629	25	mean_p_tmrca_lt	focal	40000	0.30978443880000001	0.19533969232404283	34	0.17000000000000001
eas_neutral_exact_population_af_reverse_bridge_r029	EAS	neutral	0	2026083629	25	mean_p_tmrca_lt	focal	50000	0.35282438049999998	0.19533969232404283	34	0.17000000000000001
eas_neutral_exact_population_af_reverse_bridge_r029	EAS	neutral	0	2026083629	25	mean_p_tmrca_lt	local_100kb	1000	0.011360509462	0.19533969232404283	34	0.17000000000000001
eas_neutral_exact_population_af_reverse_bridge_r029	EAS	neutral	0	2026083629	25	mean_p_tmrca_lt	local_100kb	4500	0.051252113315700003	0.19533969232404283	34	0.17000000000000001
eas_neutral_exact_population_af_reverse_bridge_r029	EAS	neutral	0	2026083629	25	mean_p_tmrca_lt	local_100kb	10000	0.10602180736	0.19533969232404283	34	0.17000000000000001
eas_neutral_exact_population_af_reverse_bridge_r029	EAS	neutral	0	2026083629	25	mean_p_tmrca_lt	local_100kb	20000	0.183300267233	0.19533969232404283	34	0.17000000000000001
eas_neutral_exact_population_af_reverse_bridge_r029	EAS	neutral	0	2026083629	25	mean_p_tmrca_lt	local_100kb	30000	0.24121861933800001	0.19533969232404283	34	0.17000000000000001
eas_neutral_exact_population_af_reverse_bridge_r029	EAS	neutral	0	2026083629	25	mean_p_tmrca_lt	local_100kb	40000	0.28687944326699999	0.19533969232404283	34	0.17000000000000001
eas_neutral_exact_population_af_reverse_bridge_r029	EAS	neutral	0	2026083629	25	mean_p_tmrca_lt	local_100kb	50000	0.32433511597100001	0.19533969232404283	34	0.17000000000000001
eas_neutral_exact_population_af_reverse_bridge_r029	EAS	neutral	0	2026083629	25	paper_frac_posterior_mean_below	focal	1000	0.000202020202	0.19533969232404283	34	0.17000000000000001
eas_neutral_exact_population_af_reverse_bridge_r029	EAS	neutral	0	2026083629	25	paper_frac_posterior_mean_below	focal	4500	0.002626262626	0.19533969232404283	34	0.17000000000000001
eas_neutral_exact_population_af_reverse_bridge_r029	EAS	neutral	0	2026083629	25	paper_frac_posterior_mean_below	focal	10000	0.025454545450000001	0.19533969232404283	34	0.17000000000000001
eas_neutral_exact_population_af_reverse_bridge_r029	EAS	neutral	0	2026083629	25	paper_frac_posterior_mean_below	focal	20000	0.1187878788	0.19533969232404283	34	0.17000000000000001
eas_neutral_exact_population_af_reverse_bridge_r029	EAS	neutral	0	2026083629	25	paper_frac_posterior_mean_below	focal	30000	0.1733333333	0.19533969232404283	34	0.17000000000000001
eas_neutral_exact_population_af_reverse_bridge_r029	EAS	neutral	0	2026083629	25	paper_frac_posterior_mean_below	focal	40000	0.21131313130000001	0.19533969232404283	34	0.17000000000000001
eas_neutral_exact_population_af_reverse_bridge_r029	EAS	neutral	0	2026083629	25	paper_frac_posterior_mean_below	focal	50000	0.24505050510000001	0.19533969232404283	34	0.17000000000000001
eas_neutral_exact_population_af_reverse_bridge_r029	EAS	neutral	0	2026083629	25	paper_frac_posterior_mean_below	local_100kb	1000	0.000202020202	0.19533969232404283	34	0.17000000000000001
eas_neutral_exact_population_af_reverse_bridge_r029	EAS	neutral	0	2026083629	25	paper_frac_posterior_mean_below	local_100kb	4500	0.0028763828761000001	0.19533969232404283	34	0.17000000000000001
eas_neutral_exact_population_af_reverse_bridge_r029	EAS	neutral	0	2026083629	25	paper_frac_posterior_mean_below	local_100kb	10000	0.027022607022399999	0.19533969232404283	34	0.17000000000000001
eas_neutral_exact_population_af_reverse_bridge_r029	EAS	neutral	0	2026083629	25	paper_frac_posterior_mean_below	local_100kb	20000	0.103790283789	0.19533969232404283	34	0.17000000000000001
eas_neutral_exact_population_af_reverse_bridge_r029	EAS	neutral	0	2026083629	25	paper_frac_posterior_mean_below	local_100kb	30000	0.166628186619	0.19533969232404283	34	0.17000000000000001
eas_neutral_exact_population_af_reverse_bridge_r029	EAS	neutral	0	2026083629	25	paper_frac_posterior_mean_below	local_100kb	40000	0.21764309763299999	0.19533969232404283	34	0.17000000000000001
eas_neutral_exact_population_af_reverse_bridge_r029	EAS	neutral	0	2026083629	25	paper_frac_posterior_mean_below	local_100kb	50000	0.25864357864800003	0.19533969232404283	34	0.17000000000000001
eas_neutral_exact_population_af_reverse_bridge_r030	EAS	neutral	0	2026083630	25	mean_p_tmrca_lt	focal	1000	0.010649601	0.19533969232404283	39	0.19500000000000001
eas_neutral_exact_population_af_reverse_bridge_r030	EAS	neutral	0	2026083630	25	mean_p_tmrca_lt	focal	4500	0.050424376559999998	0.19533969232404283	39	0.19500000000000001
eas_neutral_exact_population_af_reverse_bridge_r030	EAS	neutral	0	2026083630	25	mean_p_tmrca_lt	focal	10000	0.1087537832	0.19533969232404283	39	0.19500000000000001
eas_neutral_exact_population_af_reverse_bridge_r030	EAS	neutral	0	2026083630	25	mean_p_tmrca_lt	focal	20000	0.1984080547	0.19533969232404283	39	0.19500000000000001
eas_neutral_exact_population_af_reverse_bridge_r030	EAS	neutral	0	2026083630	25	mean_p_tmrca_lt	focal	30000	0.27169828080000002	0.19533969232404283	39	0.19500000000000001
eas_neutral_exact_population_af_reverse_bridge_r030	EAS	neutral	0	2026083630	25	mean_p_tmrca_lt	focal	40000	0.33335162219999998	0.19533969232404283	39	0.19500000000000001
eas_neutral_exact_population_af_reverse_bridge_r030	EAS	neutral	0	2026083630	25	mean_p_tmrca_lt	focal	50000	0.38634600499999999	0.19533969232404283	39	0.19500000000000001
eas_neutral_exact_population_af_reverse_bridge_r030	EAS	neutral	0	2026083630	25	mean_p_tmrca_lt	local_100kb	1000	0.0110824996322	0.19533969232404283	39	0.19500000000000001
eas_neutral_exact_population_af_reverse_bridge_r030	EAS	neutral	0	2026083630	25	mean_p_tmrca_lt	local_100kb	4500	0.052052936377600001	0.19533969232404283	39	0.19500000000000001
eas_neutral_exact_population_af_reverse_bridge_r030	EAS	neutral	0	2026083630	25	mean_p_tmrca_lt	local_100kb	10000	0.111127315377	0.19533969232404283	39	0.19500000000000001
eas_neutral_exact_population_af_reverse_bridge_r030	EAS	neutral	0	2026083630	25	mean_p_tmrca_lt	local_100kb	20000	0.19988884813499999	0.19533969232404283	39	0.19500000000000001
eas_neutral_exact_population_af_reverse_bridge_r030	EAS	neutral	0	2026083630	25	mean_p_tmrca_lt	local_100kb	30000	0.27061688750500001	0.19533969232404283	39	0.19500000000000001
eas_neutral_exact_population_af_reverse_bridge_r030	EAS	neutral	0	2026083630	25	mean_p_tmrca_lt	local_100kb	40000	0.328665555143	0.19533969232404283	39	0.19500000000000001
eas_neutral_exact_population_af_reverse_bridge_r030	EAS	neutral	0	2026083630	25	mean_p_tmrca_lt	local_100kb	50000	0.37740210080499997	0.19533969232404283	39	0.19500000000000001
eas_neutral_exact_population_af_reverse_bridge_r030	EAS	neutral	0	2026083630	25	paper_frac_posterior_mean_below	focal	1000	0	0.19533969232404283	39	0.19500000000000001
eas_neutral_exact_population_af_reverse_bridge_r030	EAS	neutral	0	2026083630	25	paper_frac_posterior_mean_below	focal	4500	0.001616161616	0.19533969232404283	39	0.19500000000000001
eas_neutral_exact_population_af_reverse_bridge_r030	EAS	neutral	0	2026083630	25	paper_frac_posterior_mean_below	focal	10000	0.019595959600000001	0.19533969232404283	39	0.19500000000000001
eas_neutral_exact_population_af_reverse_bridge_r030	EAS	neutral	0	2026083630	25	paper_frac_posterior_mean_below	focal	20000	0.093333333330000004	0.19533969232404283	39	0.19500000000000001
eas_neutral_exact_population_af_reverse_bridge_r030	EAS	neutral	0	2026083630	25	paper_frac_posterior_mean_below	focal	30000	0.1531313131	0.19533969232404283	39	0.19500000000000001
eas_neutral_exact_population_af_reverse_bridge_r030	EAS	neutral	0	2026083630	25	paper_frac_posterior_mean_below	focal	40000	0.19717171720000001	0.19533969232404283	39	0.19500000000000001
eas_neutral_exact_population_af_reverse_bridge_r030	EAS	neutral	0	2026083630	25	paper_frac_posterior_mean_below	focal	50000	0.27979797979999999	0.19533969232404283	39	0.19500000000000001
eas_neutral_exact_population_af_reverse_bridge_r030	EAS	neutral	0	2026083630	25	paper_frac_posterior_mean_below	local_100kb	1000	0	0.19533969232404283	39	0.19500000000000001
eas_neutral_exact_population_af_reverse_bridge_r030	EAS	neutral	0	2026083630	25	paper_frac_posterior_mean_below	local_100kb	4500	0.0019240019238099999	0.19533969232404283	39	0.19500000000000001
eas_neutral_exact_population_af_reverse_bridge_r030	EAS	neutral	0	2026083630	25	paper_frac_posterior_mean_below	local_100kb	10000	0.021279461279999998	0.19533969232404283	39	0.19500000000000001
eas_neutral_exact_population_af_reverse_bridge_r030	EAS	neutral	0	2026083630	25	paper_frac_posterior_mean_below	local_100kb	20000	0.090803270805199995	0.19533969232404283	39	0.19500000000000001
eas_neutral_exact_population_af_reverse_bridge_r030	EAS	neutral	0	2026083630	25	paper_frac_posterior_mean_below	local_100kb	30000	0.15709475709599999	0.19533969232404283	39	0.19500000000000001
eas_neutral_exact_population_af_reverse_bridge_r030	EAS	neutral	0	2026083630	25	paper_frac_posterior_mean_below	local_100kb	40000	0.22299182299500001	0.19533969232404283	39	0.19500000000000001
eas_neutral_exact_population_af_reverse_bridge_r030	EAS	neutral	0	2026083630	25	paper_frac_posterior_mean_below	local_100kb	50000	0.282607022614	0.19533969232404283	39	0.19500000000000001
eas_neutral_exact_population_af_reverse_bridge_r031	EAS	neutral	0	2026083631	25	mean_p_tmrca_lt	focal	1000	0.0086654706499999998	0.19533969232404283	34	0.17000000000000001
eas_neutral_exact_population_af_reverse_bridge_r031	EAS	neutral	0	2026083631	25	mean_p_tmrca_lt	focal	4500	0.035532667140000002	0.19533969232404283	34	0.17000000000000001
eas_neutral_exact_population_af_reverse_bridge_r031	EAS	neutral	0	2026083631	25	mean_p_tmrca_lt	focal	10000	0.071523407880000001	0.19533969232404283	34	0.17000000000000001
eas_neutral_exact_population_af_reverse_bridge_r031	EAS	neutral	0	2026083631	25	mean_p_tmrca_lt	focal	20000	0.12449289030000001	0.19533969232404283	34	0.17000000000000001
eas_neutral_exact_population_af_reverse_bridge_r031	EAS	neutral	0	2026083631	25	mean_p_tmrca_lt	focal	30000	0.16794902179999999	0.19533969232404283	34	0.17000000000000001
eas_neutral_exact_population_af_reverse_bridge_r031	EAS	neutral	0	2026083631	25	mean_p_tmrca_lt	focal	40000	0.2056024364	0.19533969232404283	34	0.17000000000000001
eas_neutral_exact_population_af_reverse_bridge_r031	EAS	neutral	0	2026083631	25	mean_p_tmrca_lt	focal	50000	0.23931175669999999	0.19533969232404283	34	0.17000000000000001
eas_neutral_exact_population_af_reverse_bridge_r031	EAS	neutral	0	2026083631	25	mean_p_tmrca_lt	local_100kb	1000	0.010117683721800001	0.19533969232404283	34	0.17000000000000001
eas_neutral_exact_population_af_reverse_bridge_r031	EAS	neutral	0	2026083631	25	mean_p_tmrca_lt	local_100kb	4500	0.043234882390999999	0.19533969232404283	34	0.17000000000000001
eas_neutral_exact_population_af_reverse_bridge_r031	EAS	neutral	0	2026083631	25	mean_p_tmrca_lt	local_100kb	10000	0.088756453968600005	0.19533969232404283	34	0.17000000000000001
eas_neutral_exact_population_af_reverse_bridge_r031	EAS	neutral	0	2026083631	25	mean_p_tmrca_lt	local_100kb	20000	0.15483985874299999	0.19533969232404283	34	0.17000000000000001
eas_neutral_exact_population_af_reverse_bridge_r031	EAS	neutral	0	2026083631	25	mean_p_tmrca_lt	local_100kb	30000	0.20632601323800001	0.19533969232404283	34	0.17000000000000001
eas_neutral_exact_population_af_reverse_bridge_r031	EAS	neutral	0	2026083631	25	mean_p_tmrca_lt	local_100kb	40000	0.248334780595	0.19533969232404283	34	0.17000000000000001
eas_neutral_exact_population_af_reverse_bridge_r031	EAS	neutral	0	2026083631	25	mean_p_tmrca_lt	local_100kb	50000	0.28375225767599999	0.19533969232404283	34	0.17000000000000001
eas_neutral_exact_population_af_reverse_bridge_r031	EAS	neutral	0	2026083631	25	paper_frac_posterior_mean_below	focal	1000	0.00080808080809999998	0.19533969232404283	34	0.17000000000000001
eas_neutral_exact_population_af_reverse_bridge_r031	EAS	neutral	0	2026083631	25	paper_frac_posterior_mean_below	focal	4500	0.003232323232	0.19533969232404283	34	0.17000000000000001
eas_neutral_exact_population_af_reverse_bridge_r031	EAS	neutral	0	2026083631	25	paper_frac_posterior_mean_below	focal	10000	0.019797979800000001	0.19533969232404283	34	0.17000000000000001
eas_neutral_exact_population_af_reverse_bridge_r031	EAS	neutral	0	2026083631	25	paper_frac_posterior_mean_below	focal	20000	0.055959595959999997	0.19533969232404283	34	0.17000000000000001
eas_neutral_exact_population_af_reverse_bridge_r031	EAS	neutral	0	2026083631	25	paper_frac_posterior_mean_below	focal	30000	0.098585858590000006	0.19533969232404283	34	0.17000000000000001
eas_neutral_exact_population_af_reverse_bridge_r031	EAS	neutral	0	2026083631	25	paper_frac_posterior_mean_below	focal	40000	0.14727272729999999	0.19533969232404283	34	0.17000000000000001
eas_neutral_exact_population_af_reverse_bridge_r031	EAS	neutral	0	2026083631	25	paper_frac_posterior_mean_below	focal	50000	0.17919191919999999	0.19533969232404283	34	0.17000000000000001
eas_neutral_exact_population_af_reverse_bridge_r031	EAS	neutral	0	2026083631	25	paper_frac_posterior_mean_below	local_100kb	1000	0.00080808080809999998	0.19533969232404283	34	0.17000000000000001
eas_neutral_exact_population_af_reverse_bridge_r031	EAS	neutral	0	2026083631	25	paper_frac_posterior_mean_below	local_100kb	4500	0.0032227032223800002	0.19533969232404283	34	0.17000000000000001
eas_neutral_exact_population_af_reverse_bridge_r031	EAS	neutral	0	2026083631	25	paper_frac_posterior_mean_below	local_100kb	10000	0.022491582491000001	0.19533969232404283	34	0.17000000000000001
eas_neutral_exact_population_af_reverse_bridge_r031	EAS	neutral	0	2026083631	25	paper_frac_posterior_mean_below	local_100kb	20000	0.073035113034300006	0.19533969232404283	34	0.17000000000000001
eas_neutral_exact_population_af_reverse_bridge_r031	EAS	neutral	0	2026083631	25	paper_frac_posterior_mean_below	local_100kb	30000	0.12656084655200001	0.19533969232404283	34	0.17000000000000001
eas_neutral_exact_population_af_reverse_bridge_r031	EAS	neutral	0	2026083631	25	paper_frac_posterior_mean_below	local_100kb	40000	0.175959595962	0.19533969232404283	34	0.17000000000000001
eas_neutral_exact_population_af_reverse_bridge_r031	EAS	neutral	0	2026083631	25	paper_frac_posterior_mean_below	local_100kb	50000	0.21272727273299999	0.19533969232404283	34	0.17000000000000001
eas_neutral_exact_population_af_reverse_bridge_r032	EAS	neutral	0	2026083632	25	mean_p_tmrca_lt	focal	1000	0.0056531458000000003	0.19533969232404283	42	0.20999999999999999
eas_neutral_exact_population_af_reverse_bridge_r032	EAS	neutral	0	2026083632	25	mean_p_tmrca_lt	focal	4500	0.02707718819	0.19533969232404283	42	0.20999999999999999
eas_neutral_exact_population_af_reverse_bridge_r032	EAS	neutral	0	2026083632	25	mean_p_tmrca_lt	focal	10000	0.059511324400000003	0.19533969232404283	42	0.20999999999999999
eas_neutral_exact_population_af_reverse_bridge_r032	EAS	neutral	0	2026083632	25	mean_p_tmrca_lt	focal	20000	0.11040347189999999	0.19533969232404283	42	0.20999999999999999
eas_neutral_exact_population_af_reverse_bridge_r032	EAS	neutral	0	2026083632	25	mean_p_tmrca_lt	focal	30000	0.15173919890000001	0.19533969232404283	42	0.20999999999999999
eas_neutral_exact_population_af_reverse_bridge_r032	EAS	neutral	0	2026083632	25	mean_p_tmrca_lt	focal	40000	0.1859902279	0.19533969232404283	42	0.20999999999999999
eas_neutral_exact_population_af_reverse_bridge_r032	EAS	neutral	0	2026083632	25	mean_p_tmrca_lt	focal	50000	0.2151715666	0.19533969232404283	42	0.20999999999999999
eas_neutral_exact_population_af_reverse_bridge_r032	EAS	neutral	0	2026083632	25	mean_p_tmrca_lt	local_100kb	1000	0.0100127275525	0.19533969232404283	42	0.20999999999999999
eas_neutral_exact_population_af_reverse_bridge_r032	EAS	neutral	0	2026083632	25	mean_p_tmrca_lt	local_100kb	4500	0.044413345329999999	0.19533969232404283	42	0.20999999999999999
eas_neutral_exact_population_af_reverse_bridge_r032	EAS	neutral	0	2026083632	25	mean_p_tmrca_lt	local_100kb	10000	0.091821054878599997	0.19533969232404283	42	0.20999999999999999
eas_neutral_exact_population_af_reverse_bridge_r032	EAS	neutral	0	2026083632	25	mean_p_tmrca_lt	local_100kb	20000	0.16030867135099999	0.19533969232404283	42	0.20999999999999999
eas_neutral_exact_population_af_reverse_bridge_r032	EAS	neutral	0	2026083632	25	mean_p_tmrca_lt	local_100kb	30000	0.21253072052399999	0.19533969232404283	42	0.20999999999999999
eas_neutral_exact_population_af_reverse_bridge_r032	EAS	neutral	0	2026083632	25	mean_p_tmrca_lt	local_100kb	40000	0.253917356333	0.19533969232404283	42	0.20999999999999999
eas_neutral_exact_population_af_reverse_bridge_r032	EAS	neutral	0	2026083632	25	mean_p_tmrca_lt	local_100kb	50000	0.28786027194800001	0.19533969232404283	42	0.20999999999999999
eas_neutral_exact_population_af_reverse_bridge_r032	EAS	neutral	0	2026083632	25	paper_frac_posterior_mean_below	focal	1000	0.000404040404	0.19533969232404283	42	0.20999999999999999
eas_neutral_exact_population_af_reverse_bridge_r032	EAS	neutral	0	2026083632	25	paper_frac_posterior_mean_below	focal	4500	0.0028282828279999998	0.19533969232404283	42	0.20999999999999999
eas_neutral_exact_population_af_reverse_bridge_r032	EAS	neutral	0	2026083632	25	paper_frac_posterior_mean_below	focal	10000	0.014343434340000001	0.19533969232404283	42	0.20999999999999999
eas_neutral_exact_population_af_reverse_bridge_r032	EAS	neutral	0	2026083632	25	paper_frac_posterior_mean_below	focal	20000	0.053333333330000003	0.19533969232404283	42	0.20999999999999999
eas_neutral_exact_population_af_reverse_bridge_r032	EAS	neutral	0	2026083632	25	paper_frac_posterior_mean_below	focal	30000	0.092323232320000004	0.19533969232404283	42	0.20999999999999999
eas_neutral_exact_population_af_reverse_bridge_r032	EAS	neutral	0	2026083632	25	paper_frac_posterior_mean_below	focal	40000	0.12242424239999999	0.19533969232404283	42	0.20999999999999999
eas_neutral_exact_population_af_reverse_bridge_r032	EAS	neutral	0	2026083632	25	paper_frac_posterior_mean_below	focal	50000	0.15050505049999999	0.19533969232404283	42	0.20999999999999999
eas_neutral_exact_population_af_reverse_bridge_r032	EAS	neutral	0	2026083632	25	paper_frac_posterior_mean_below	local_100kb	1000	0.000404040404	0.19533969232404283	42	0.20999999999999999
eas_neutral_exact_population_af_reverse_bridge_r032	EAS	neutral	0	2026083632	25	paper_frac_posterior_mean_below	local_100kb	4500	0.0030784030780999999	0.19533969232404283	42	0.20999999999999999
eas_neutral_exact_population_af_reverse_bridge_r032	EAS	neutral	0	2026083632	25	paper_frac_posterior_mean_below	local_100kb	10000	0.0157383357386	0.19533969232404283	42	0.20999999999999999
eas_neutral_exact_population_af_reverse_bridge_r032	EAS	neutral	0	2026083632	25	paper_frac_posterior_mean_below	local_100kb	20000	0.076017316015699998	0.19533969232404283	42	0.20999999999999999
eas_neutral_exact_population_af_reverse_bridge_r032	EAS	neutral	0	2026083632	25	paper_frac_posterior_mean_below	local_100kb	30000	0.139134199136	0.19533969232404283	42	0.20999999999999999
eas_neutral_exact_population_af_reverse_bridge_r032	EAS	neutral	0	2026083632	25	paper_frac_posterior_mean_below	local_100kb	40000	0.187330447329	0.19533969232404283	42	0.20999999999999999
eas_neutral_exact_population_af_reverse_bridge_r032	EAS	neutral	0	2026083632	25	paper_frac_posterior_mean_below	local_100kb	50000	0.22459836458999999	0.19533969232404283	42	0.20999999999999999
eas_neutral_exact_population_af_reverse_bridge_r033	EAS	neutral	0	2026083633	25	mean_p_tmrca_lt	focal	1000	0.010299734430000001	0.19533969232404283	42	0.20999999999999999
eas_neutral_exact_population_af_reverse_bridge_r033	EAS	neutral	0	2026083633	25	mean_p_tmrca_lt	focal	4500	0.04638328295	0.19533969232404283	42	0.20999999999999999
eas_neutral_exact_population_af_reverse_bridge_r033	EAS	neutral	0	2026083633	25	mean_p_tmrca_lt	focal	10000	0.1001701977	0.19533969232404283	42	0.20999999999999999
eas_neutral_exact_population_af_reverse_bridge_r033	EAS	neutral	0	2026083633	25	mean_p_tmrca_lt	focal	20000	0.18766634879999999	0.19533969232404283	42	0.20999999999999999
eas_neutral_exact_population_af_reverse_bridge_r033	EAS	neutral	0	2026083633	25	mean_p_tmrca_lt	focal	30000	0.2638195981	0.19533969232404283	42	0.20999999999999999
eas_neutral_exact_population_af_reverse_bridge_r033	EAS	neutral	0	2026083633	25	mean_p_tmrca_lt	focal	40000	0.33045387770000001	0.19533969232404283	42	0.20999999999999999
eas_neutral_exact_population_af_reverse_bridge_r033	EAS	neutral	0	2026083633	25	mean_p_tmrca_lt	focal	50000	0.38893344019999998	0.19533969232404283	42	0.20999999999999999
eas_neutral_exact_population_af_reverse_bridge_r033	EAS	neutral	0	2026083633	25	mean_p_tmrca_lt	local_100kb	1000	0.012565609400900001	0.19533969232404283	42	0.20999999999999999
eas_neutral_exact_population_af_reverse_bridge_r033	EAS	neutral	0	2026083633	25	mean_p_tmrca_lt	local_100kb	4500	0.055311489119499999	0.19533969232404283	42	0.20999999999999999
eas_neutral_exact_population_af_reverse_bridge_r033	EAS	neutral	0	2026083633	25	mean_p_tmrca_lt	local_100kb	10000	0.11512847835700001	0.19533969232404283	42	0.20999999999999999
eas_neutral_exact_population_af_reverse_bridge_r033	EAS	neutral	0	2026083633	25	mean_p_tmrca_lt	local_100kb	20000	0.2030629373	0.19533969232404283	42	0.20999999999999999
eas_neutral_exact_population_af_reverse_bridge_r033	EAS	neutral	0	2026083633	25	mean_p_tmrca_lt	local_100kb	30000	0.27140195346700002	0.19533969232404283	42	0.20999999999999999
eas_neutral_exact_population_af_reverse_bridge_r033	EAS	neutral	0	2026083633	25	mean_p_tmrca_lt	local_100kb	40000	0.32625234697599997	0.19533969232404283	42	0.20999999999999999
eas_neutral_exact_population_af_reverse_bridge_r033	EAS	neutral	0	2026083633	25	mean_p_tmrca_lt	local_100kb	50000	0.37148184171900001	0.19533969232404283	42	0.20999999999999999
eas_neutral_exact_population_af_reverse_bridge_r033	EAS	neutral	0	2026083633	25	paper_frac_posterior_mean_below	focal	1000	0.000404040404	0.19533969232404283	42	0.20999999999999999
eas_neutral_exact_population_af_reverse_bridge_r033	EAS	neutral	0	2026083633	25	paper_frac_posterior_mean_below	focal	4500	0.0056565656570000001	0.19533969232404283	42	0.20999999999999999
eas_neutral_exact_population_af_reverse_bridge_r033	EAS	neutral	0	2026083633	25	paper_frac_posterior_mean_below	focal	10000	0.025858585860000002	0.19533969232404283	42	0.20999999999999999
eas_neutral_exact_population_af_reverse_bridge_r033	EAS	neutral	0	2026083633	25	paper_frac_posterior_mean_below	focal	20000	0.080202020200000002	0.19533969232404283	42	0.20999999999999999
eas_neutral_exact_population_af_reverse_bridge_r033	EAS	neutral	0	2026083633	25	paper_frac_posterior_mean_below	focal	30000	0.138989899	0.19533969232404283	42	0.20999999999999999
eas_neutral_exact_population_af_reverse_bridge_r033	EAS	neutral	0	2026083633	25	paper_frac_posterior_mean_below	focal	40000	0.18787878790000001	0.19533969232404283	42	0.20999999999999999
eas_neutral_exact_population_af_reverse_bridge_r033	EAS	neutral	0	2026083633	25	paper_frac_posterior_mean_below	focal	50000	0.26808080810000001	0.19533969232404283	42	0.20999999999999999
eas_neutral_exact_population_af_reverse_bridge_r033	EAS	neutral	0	2026083633	25	paper_frac_posterior_mean_below	local_100kb	1000	0.000404040404	0.19533969232404283	42	0.20999999999999999
eas_neutral_exact_population_af_reverse_bridge_r033	EAS	neutral	0	2026083633	25	paper_frac_posterior_mean_below	local_100kb	4500	0.0055218855222400002	0.19533969232404283	42	0.20999999999999999
eas_neutral_exact_population_af_reverse_bridge_r033	EAS	neutral	0	2026083633	25	paper_frac_posterior_mean_below	local_100kb	10000	0.0254256854257	0.19533969232404283	42	0.20999999999999999
eas_neutral_exact_population_af_reverse_bridge_r033	EAS	neutral	0	2026083633	25	paper_frac_posterior_mean_below	local_100kb	20000	0.0976911976914	0.19533969232404283	42	0.20999999999999999
eas_neutral_exact_population_af_reverse_bridge_r033	EAS	neutral	0	2026083633	25	paper_frac_posterior_mean_below	local_100kb	30000	0.16621452620900001	0.19533969232404283	42	0.20999999999999999
eas_neutral_exact_population_af_reverse_bridge_r033	EAS	neutral	0	2026083633	25	paper_frac_posterior_mean_below	local_100kb	40000	0.23043771043299999	0.19533969232404283	42	0.20999999999999999
eas_neutral_exact_population_af_reverse_bridge_r033	EAS	neutral	0	2026083633	25	paper_frac_posterior_mean_below	local_100kb	50000	0.28732082732399999	0.19533969232404283	42	0.20999999999999999
eas_neutral_exact_population_af_reverse_bridge_r034	EAS	neutral	0	2026083634	25	mean_p_tmrca_lt	focal	1000	0.0081241865119999999	0.19533969232404283	45	0.22500000000000001
eas_neutral_exact_population_af_reverse_bridge_r034	EAS	neutral	0	2026083634	25	mean_p_tmrca_lt	focal	4500	0.033389816930000003	0.19533969232404283	45	0.22500000000000001
eas_neutral_exact_population_af_reverse_bridge_r034	EAS	neutral	0	2026083634	25	mean_p_tmrca_lt	focal	10000	0.06571220572	0.19533969232404283	45	0.22500000000000001
eas_neutral_exact_population_af_reverse_bridge_r034	EAS	neutral	0	2026083634	25	mean_p_tmrca_lt	focal	20000	0.1113626398	0.19533969232404283	45	0.22500000000000001
eas_neutral_exact_population_af_reverse_bridge_r034	EAS	neutral	0	2026083634	25	mean_p_tmrca_lt	focal	30000	0.1489956798	0.19533969232404283	45	0.22500000000000001
eas_neutral_exact_population_af_reverse_bridge_r034	EAS	neutral	0	2026083634	25	mean_p_tmrca_lt	focal	40000	0.18272999470000001	0.19533969232404283	45	0.22500000000000001
eas_neutral_exact_population_af_reverse_bridge_r034	EAS	neutral	0	2026083634	25	mean_p_tmrca_lt	focal	50000	0.21390548340000001	0.19533969232404283	45	0.22500000000000001
eas_neutral_exact_population_af_reverse_bridge_r034	EAS	neutral	0	2026083634	25	mean_p_tmrca_lt	local_100kb	1000	0.010899450376599999	0.19533969232404283	45	0.22500000000000001
eas_neutral_exact_population_af_reverse_bridge_r034	EAS	neutral	0	2026083634	25	mean_p_tmrca_lt	local_100kb	4500	0.045941726253799997	0.19533969232404283	45	0.22500000000000001
eas_neutral_exact_population_af_reverse_bridge_r034	EAS	neutral	0	2026083634	25	mean_p_tmrca_lt	local_100kb	10000	0.091431998364299993	0.19533969232404283	45	0.22500000000000001
eas_neutral_exact_population_af_reverse_bridge_r034	EAS	neutral	0	2026083634	25	mean_p_tmrca_lt	local_100kb	20000	0.15382276064600001	0.19533969232404283	45	0.22500000000000001
eas_neutral_exact_population_af_reverse_bridge_r034	EAS	neutral	0	2026083634	25	mean_p_tmrca_lt	local_100kb	30000	0.20076991286699999	0.19533969232404283	45	0.22500000000000001
eas_neutral_exact_population_af_reverse_bridge_r034	EAS	neutral	0	2026083634	25	mean_p_tmrca_lt	local_100kb	40000	0.238699011519	0.19533969232404283	45	0.22500000000000001
eas_neutral_exact_population_af_reverse_bridge_r034	EAS	neutral	0	2026083634	25	mean_p_tmrca_lt	local_100kb	50000	0.27078573675700002	0.19533969232404283	45	0.22500000000000001
eas_neutral_exact_population_af_reverse_bridge_r034	EAS	neutral	0	2026083634	25	paper_frac_posterior_mean_below	focal	1000	0.0006060606061	0.19533969232404283	45	0.22500000000000001
eas_neutral_exact_population_af_reverse_bridge_r034	EAS	neutral	0	2026083634	25	paper_frac_posterior_mean_below	focal	4500	0.0046464646460000003	0.19533969232404283	45	0.22500000000000001
eas_neutral_exact_population_af_reverse_bridge_r034	EAS	neutral	0	2026083634	25	paper_frac_posterior_mean_below	focal	10000	0.021818181820000001	0.19533969232404283	45	0.22500000000000001
eas_neutral_exact_population_af_reverse_bridge_r034	EAS	neutral	0	2026083634	25	paper_frac_posterior_mean_below	focal	20000	0.07090909091	0.19533969232404283	45	0.22500000000000001
eas_neutral_exact_population_af_reverse_bridge_r034	EAS	neutral	0	2026083634	25	paper_frac_posterior_mean_below	focal	30000	0.10808080809999999	0.19533969232404283	45	0.22500000000000001
eas_neutral_exact_population_af_reverse_bridge_r034	EAS	neutral	0	2026083634	25	paper_frac_posterior_mean_below	focal	40000	0.1284848485	0.19533969232404283	45	0.22500000000000001
eas_neutral_exact_population_af_reverse_bridge_r034	EAS	neutral	0	2026083634	25	paper_frac_posterior_mean_below	focal	50000	0.1547474747	0.19533969232404283	45	0.22500000000000001
eas_neutral_exact_population_af_reverse_bridge_r034	EAS	neutral	0	2026083634	25	paper_frac_posterior_mean_below	local_100kb	1000	0.0006060606061	0.19533969232404283	45	0.22500000000000001
eas_neutral_exact_population_af_reverse_bridge_r034	EAS	neutral	0	2026083634	25	paper_frac_posterior_mean_below	local_100kb	4500	0.0047715247714299998	0.19533969232404283	45	0.22500000000000001
eas_neutral_exact_population_af_reverse_bridge_r034	EAS	neutral	0	2026083634	25	paper_frac_posterior_mean_below	local_100kb	10000	0.029273689274300001	0.19533969232404283	45	0.22500000000000001
eas_neutral_exact_population_af_reverse_bridge_r034	EAS	neutral	0	2026083634	25	paper_frac_posterior_mean_below	local_100kb	20000	0.085954785957100002	0.19533969232404283	45	0.22500000000000001
eas_neutral_exact_population_af_reverse_bridge_r034	EAS	neutral	0	2026083634	25	paper_frac_posterior_mean_below	local_100kb	30000	0.127417027416	0.19533969232404283	45	0.22500000000000001
eas_neutral_exact_population_af_reverse_bridge_r034	EAS	neutral	0	2026083634	25	paper_frac_posterior_mean_below	local_100kb	40000	0.161654641652	0.19533969232404283	45	0.22500000000000001
eas_neutral_exact_population_af_reverse_bridge_r034	EAS	neutral	0	2026083634	25	paper_frac_posterior_mean_below	local_100kb	50000	0.191236171229	0.19533969232404283	45	0.22500000000000001
eas_neutral_exact_population_af_reverse_bridge_r035	EAS	neutral	0	2026083635	25	mean_p_tmrca_lt	focal	1000	0.011078373230000001	0.19533969232404283	48	0.23999999999999999
eas_neutral_exact_population_af_reverse_bridge_r035	EAS	neutral	0	2026083635	25	mean_p_tmrca_lt	focal	4500	0.050270330500000002	0.19533969232404283	48	0.23999999999999999
eas_neutral_exact_population_af_reverse_bridge_r035	EAS	neutral	0	2026083635	25	mean_p_tmrca_lt	focal	10000	0.10657185769999999	0.19533969232404283	48	0.23999999999999999
eas_neutral_exact_population_af_reverse_bridge_r035	EAS	neutral	0	2026083635	25	mean_p_tmrca_lt	focal	20000	0.19015943730000001	0.19533969232404283	48	0.23999999999999999
eas_neutral_exact_population_af_reverse_bridge_r035	EAS	neutral	0	2026083635	25	mean_p_tmrca_lt	focal	30000	0.254843239	0.19533969232404283	48	0.23999999999999999
eas_neutral_exact_population_af_reverse_bridge_r035	EAS	neutral	0	2026083635	25	mean_p_tmrca_lt	focal	40000	0.30683667310000001	0.19533969232404283	48	0.23999999999999999
eas_neutral_exact_population_af_reverse_bridge_r035	EAS	neutral	0	2026083635	25	mean_p_tmrca_lt	focal	50000	0.35030583189999998	0.19533969232404283	48	0.23999999999999999
eas_neutral_exact_population_af_reverse_bridge_r035	EAS	neutral	0	2026083635	25	mean_p_tmrca_lt	local_100kb	1000	0.0120699059493	0.19533969232404283	48	0.23999999999999999
eas_neutral_exact_population_af_reverse_bridge_r035	EAS	neutral	0	2026083635	25	mean_p_tmrca_lt	local_100kb	4500	0.054462028624799999	0.19533969232404283	48	0.23999999999999999
eas_neutral_exact_population_af_reverse_bridge_r035	EAS	neutral	0	2026083635	25	mean_p_tmrca_lt	local_100kb	10000	0.114150169604	0.19533969232404283	48	0.23999999999999999
eas_neutral_exact_population_af_reverse_bridge_r035	EAS	neutral	0	2026083635	25	mean_p_tmrca_lt	local_100kb	20000	0.20136923921	0.19533969232404283	48	0.23999999999999999
eas_neutral_exact_population_af_reverse_bridge_r035	EAS	neutral	0	2026083635	25	mean_p_tmrca_lt	local_100kb	30000	0.26781181589500003	0.19533969232404283	48	0.23999999999999999
eas_neutral_exact_population_af_reverse_bridge_r035	EAS	neutral	0	2026083635	25	mean_p_tmrca_lt	local_100kb	40000	0.319926074876	0.19533969232404283	48	0.23999999999999999
eas_neutral_exact_population_af_reverse_bridge_r035	EAS	neutral	0	2026083635	25	mean_p_tmrca_lt	local_100kb	50000	0.36201519077599997	0.19533969232404283	48	0.23999999999999999
eas_neutral_exact_population_af_reverse_bridge_r035	EAS	neutral	0	2026083635	25	paper_frac_posterior_mean_below	focal	1000	0.000202020202	0.19533969232404283	48	0.23999999999999999
eas_neutral_exact_population_af_reverse_bridge_r035	EAS	neutral	0	2026083635	25	paper_frac_posterior_mean_below	focal	4500	0.0042424242419999997	0.19533969232404283	48	0.23999999999999999
eas_neutral_exact_population_af_reverse_bridge_r035	EAS	neutral	0	2026083635	25	paper_frac_posterior_mean_below	focal	10000	0.0202020202	0.19533969232404283	48	0.23999999999999999
eas_neutral_exact_population_af_reverse_bridge_r035	EAS	neutral	0	2026083635	25	paper_frac_posterior_mean_below	focal	20000	0.1056565657	0.19533969232404283	48	0.23999999999999999
eas_neutral_exact_population_af_reverse_bridge_r035	EAS	neutral	0	2026083635	25	paper_frac_posterior_mean_below	focal	30000	0.19232323230000001	0.19533969232404283	48	0.23999999999999999
eas_neutral_exact_population_af_reverse_bridge_r035	EAS	neutral	0	2026083635	25	paper_frac_posterior_mean_below	focal	40000	0.26080808080000001	0.19533969232404283	48	0.23999999999999999
eas_neutral_exact_population_af_reverse_bridge_r035	EAS	neutral	0	2026083635	25	paper_frac_posterior_mean_below	focal	50000	0.29575757580000001	0.19533969232404283	48	0.23999999999999999
eas_neutral_exact_population_af_reverse_bridge_r035	EAS	neutral	0	2026083635	25	paper_frac_posterior_mean_below	local_100kb	1000	0.00034632034628599999	0.19533969232404283	48	0.23999999999999999
eas_neutral_exact_population_af_reverse_bridge_r035	EAS	neutral	0	2026083635	25	paper_frac_posterior_mean_below	local_100kb	4500	0.0042616642612900001	0.19533969232404283	48	0.23999999999999999
eas_neutral_exact_population_af_reverse_bridge_r035	EAS	neutral	0	2026083635	25	paper_frac_posterior_mean_below	local_100kb	10000	0.023299663299	0.19533969232404283	48	0.23999999999999999
eas_neutral_exact_population_af_reverse_bridge_r035	EAS	neutral	0	2026083635	25	paper_frac_posterior_mean_below	local_100kb	20000	0.10062530063	0.19533969232404283	48	0.23999999999999999
eas_neutral_exact_population_af_reverse_bridge_r035	EAS	neutral	0	2026083635	25	paper_frac_posterior_mean_below	local_100kb	30000	0.18784030782899999	0.19533969232404283	48	0.23999999999999999
eas_neutral_exact_population_af_reverse_bridge_r035	EAS	neutral	0	2026083635	25	paper_frac_posterior_mean_below	local_100kb	40000	0.24881192881899999	0.19533969232404283	48	0.23999999999999999
eas_neutral_exact_population_af_reverse_bridge_r035	EAS	neutral	0	2026083635	25	paper_frac_posterior_mean_below	local_100kb	50000	0.290331890333	0.19533969232404283	48	0.23999999999999999
eas_neutral_exact_population_af_reverse_bridge_r036	EAS	neutral	0	2026083636	25	mean_p_tmrca_lt	focal	1000	0.011875998570000001	0.19533969232404283	34	0.17000000000000001
eas_neutral_exact_population_af_reverse_bridge_r036	EAS	neutral	0	2026083636	25	mean_p_tmrca_lt	focal	4500	0.051708176049999999	0.19533969232404283	34	0.17000000000000001
eas_neutral_exact_population_af_reverse_bridge_r036	EAS	neutral	0	2026083636	25	mean_p_tmrca_lt	focal	10000	0.1050989906	0.19533969232404283	34	0.17000000000000001
eas_neutral_exact_population_af_reverse_bridge_r036	EAS	neutral	0	2026083636	25	mean_p_tmrca_lt	focal	20000	0.178128334	0.19533969232404283	34	0.17000000000000001
eas_neutral_exact_population_af_reverse_bridge_r036	EAS	neutral	0	2026083636	25	mean_p_tmrca_lt	focal	30000	0.23152450690000001	0.19533969232404283	34	0.17000000000000001
eas_neutral_exact_population_af_reverse_bridge_r036	EAS	neutral	0	2026083636	25	mean_p_tmrca_lt	focal	40000	0.27352895869999999	0.19533969232404283	34	0.17000000000000001
eas_neutral_exact_population_af_reverse_bridge_r036	EAS	neutral	0	2026083636	25	mean_p_tmrca_lt	focal	50000	0.30838242189999998	0.19533969232404283	34	0.17000000000000001
eas_neutral_exact_population_af_reverse_bridge_r036	EAS	neutral	0	2026083636	25	mean_p_tmrca_lt	local_100kb	1000	0.0123643239121	0.19533969232404283	34	0.17000000000000001
eas_neutral_exact_population_af_reverse_bridge_r036	EAS	neutral	0	2026083636	25	mean_p_tmrca_lt	local_100kb	4500	0.0555542430367	0.19533969232404283	34	0.17000000000000001
eas_neutral_exact_population_af_reverse_bridge_r036	EAS	neutral	0	2026083636	25	mean_p_tmrca_lt	local_100kb	10000	0.115429833336	0.19533969232404283	34	0.17000000000000001
eas_neutral_exact_population_af_reverse_bridge_r036	EAS	neutral	0	2026083636	25	mean_p_tmrca_lt	local_100kb	20000	0.20119824232399999	0.19533969232404283	34	0.17000000000000001
eas_neutral_exact_population_af_reverse_bridge_r036	EAS	neutral	0	2026083636	25	mean_p_tmrca_lt	local_100kb	30000	0.26636934219500003	0.19533969232404283	34	0.17000000000000001
eas_neutral_exact_population_af_reverse_bridge_r036	EAS	neutral	0	2026083636	25	mean_p_tmrca_lt	local_100kb	40000	0.31831404428600002	0.19533969232404283	34	0.17000000000000001
eas_neutral_exact_population_af_reverse_bridge_r036	EAS	neutral	0	2026083636	25	mean_p_tmrca_lt	local_100kb	50000	0.36131427446199998	0.19533969232404283	34	0.17000000000000001
eas_neutral_exact_population_af_reverse_bridge_r036	EAS	neutral	0	2026083636	25	paper_frac_posterior_mean_below	focal	1000	0.000404040404	0.19533969232404283	34	0.17000000000000001
eas_neutral_exact_population_af_reverse_bridge_r036	EAS	neutral	0	2026083636	25	paper_frac_posterior_mean_below	focal	4500	0.0028282828279999998	0.19533969232404283	34	0.17000000000000001
eas_neutral_exact_population_af_reverse_bridge_r036	EAS	neutral	0	2026083636	25	paper_frac_posterior_mean_below	focal	10000	0.029696969699999999	0.19533969232404283	34	0.17000000000000001
eas_neutral_exact_population_af_reverse_bridge_r036	EAS	neutral	0	2026083636	25	paper_frac_posterior_mean_below	focal	20000	0.1157575758	0.19533969232404283	34	0.17000000000000001
eas_neutral_exact_population_af_reverse_bridge_r036	EAS	neutral	0	2026083636	25	paper_frac_posterior_mean_below	focal	30000	0.16626262629999999	0.19533969232404283	34	0.17000000000000001
eas_neutral_exact_population_af_reverse_bridge_r036	EAS	neutral	0	2026083636	25	paper_frac_posterior_mean_below	focal	40000	0.2187878788	0.19533969232404283	34	0.17000000000000001
eas_neutral_exact_population_af_reverse_bridge_r036	EAS	neutral	0	2026083636	25	paper_frac_posterior_mean_below	focal	50000	0.27434343430000002	0.19533969232404283	34	0.17000000000000001
eas_neutral_exact_population_af_reverse_bridge_r036	EAS	neutral	0	2026083636	25	paper_frac_posterior_mean_below	local_100kb	1000	0.00030784030781000002	0.19533969232404283	34	0.17000000000000001
eas_neutral_exact_population_af_reverse_bridge_r036	EAS	neutral	0	2026083636	25	paper_frac_posterior_mean_below	local_100kb	4500	0.0028282828279999998	0.19533969232404283	34	0.17000000000000001
eas_neutral_exact_population_af_reverse_bridge_r036	EAS	neutral	0	2026083636	25	paper_frac_posterior_mean_below	local_100kb	10000	0.029908609908999999	0.19533969232404283	34	0.17000000000000001
eas_neutral_exact_population_af_reverse_bridge_r036	EAS	neutral	0	2026083636	25	paper_frac_posterior_mean_below	local_100kb	20000	0.111467051463	0.19533969232404283	34	0.17000000000000001
eas_neutral_exact_population_af_reverse_bridge_r036	EAS	neutral	0	2026083636	25	paper_frac_posterior_mean_below	local_100kb	30000	0.181067821071	0.19533969232404283	34	0.17000000000000001
eas_neutral_exact_population_af_reverse_bridge_r036	EAS	neutral	0	2026083636	25	paper_frac_posterior_mean_below	local_100kb	40000	0.23521885521399999	0.19533969232404283	34	0.17000000000000001
eas_neutral_exact_population_af_reverse_bridge_r036	EAS	neutral	0	2026083636	25	paper_frac_posterior_mean_below	local_100kb	50000	0.27791245791399999	0.19533969232404283	34	0.17000000000000001
eas_neutral_exact_population_af_reverse_bridge_r037	EAS	neutral	0	2026083637	25	mean_p_tmrca_lt	focal	1000	0.01238678726	0.19533969232404283	48	0.23999999999999999
eas_neutral_exact_population_af_reverse_bridge_r037	EAS	neutral	0	2026083637	25	mean_p_tmrca_lt	focal	4500	0.053347298680000002	0.19533969232404283	48	0.23999999999999999
eas_neutral_exact_population_af_reverse_bridge_r037	EAS	neutral	0	2026083637	25	mean_p_tmrca_lt	focal	10000	0.1119510074	0.19533969232404283	48	0.23999999999999999
eas_neutral_exact_population_af_reverse_bridge_r037	EAS	neutral	0	2026083637	25	mean_p_tmrca_lt	focal	20000	0.1996968693	0.19533969232404283	48	0.23999999999999999
eas_neutral_exact_population_af_reverse_bridge_r037	EAS	neutral	0	2026083637	25	mean_p_tmrca_lt	focal	30000	0.26820759	0.19533969232404283	48	0.23999999999999999
eas_neutral_exact_population_af_reverse_bridge_r037	EAS	neutral	0	2026083637	25	mean_p_tmrca_lt	focal	40000	0.32267726279999998	0.19533969232404283	48	0.23999999999999999
eas_neutral_exact_population_af_reverse_bridge_r037	EAS	neutral	0	2026083637	25	mean_p_tmrca_lt	focal	50000	0.36678960300000002	0.19533969232404283	48	0.23999999999999999
eas_neutral_exact_population_af_reverse_bridge_r037	EAS	neutral	0	2026083637	25	mean_p_tmrca_lt	local_100kb	1000	0.0099903613296699993	0.19533969232404283	48	0.23999999999999999
eas_neutral_exact_population_af_reverse_bridge_r037	EAS	neutral	0	2026083637	25	mean_p_tmrca_lt	local_100kb	4500	0.041670245873799999	0.19533969232404283	48	0.23999999999999999
eas_neutral_exact_population_af_reverse_bridge_r037	EAS	neutral	0	2026083637	25	mean_p_tmrca_lt	local_100kb	10000	0.085674666475700004	0.19533969232404283	48	0.23999999999999999
eas_neutral_exact_population_af_reverse_bridge_r037	EAS	neutral	0	2026083637	25	mean_p_tmrca_lt	local_100kb	20000	0.149617212083	0.19533969232404283	48	0.23999999999999999
eas_neutral_exact_population_af_reverse_bridge_r037	EAS	neutral	0	2026083637	25	mean_p_tmrca_lt	local_100kb	30000	0.199157138929	0.19533969232404283	48	0.23999999999999999
eas_neutral_exact_population_af_reverse_bridge_r037	EAS	neutral	0	2026083637	25	mean_p_tmrca_lt	local_100kb	40000	0.23927500131900001	0.19533969232404283	48	0.23999999999999999
eas_neutral_exact_population_af_reverse_bridge_r037	EAS	neutral	0	2026083637	25	mean_p_tmrca_lt	local_100kb	50000	0.27286818234299998	0.19533969232404283	48	0.23999999999999999
eas_neutral_exact_population_af_reverse_bridge_r037	EAS	neutral	0	2026083637	25	paper_frac_posterior_mean_below	focal	1000	0.00101010101	0.19533969232404283	48	0.23999999999999999
eas_neutral_exact_population_af_reverse_bridge_r037	EAS	neutral	0	2026083637	25	paper_frac_posterior_mean_below	focal	4500	0.0040404040399999999	0.19533969232404283	48	0.23999999999999999
eas_neutral_exact_population_af_reverse_bridge_r037	EAS	neutral	0	2026083637	25	paper_frac_posterior_mean_below	focal	10000	0.025050505050000001	0.19533969232404283	48	0.23999999999999999
eas_neutral_exact_population_af_reverse_bridge_r037	EAS	neutral	0	2026083637	25	paper_frac_posterior_mean_below	focal	20000	0.076767676770000001	0.19533969232404283	48	0.23999999999999999
eas_neutral_exact_population_af_reverse_bridge_r037	EAS	neutral	0	2026083637	25	paper_frac_posterior_mean_below	focal	30000	0.14565656569999999	0.19533969232404283	48	0.23999999999999999
eas_neutral_exact_population_af_reverse_bridge_r037	EAS	neutral	0	2026083637	25	paper_frac_posterior_mean_below	focal	40000	0.19959595960000001	0.19533969232404283	48	0.23999999999999999
eas_neutral_exact_population_af_reverse_bridge_r037	EAS	neutral	0	2026083637	25	paper_frac_posterior_mean_below	focal	50000	0.2812121212	0.19533969232404283	48	0.23999999999999999
eas_neutral_exact_population_af_reverse_bridge_r037	EAS	neutral	0	2026083637	25	paper_frac_posterior_mean_below	local_100kb	1000	0.00104858104848	0.19533969232404283	48	0.23999999999999999
eas_neutral_exact_population_af_reverse_bridge_r037	EAS	neutral	0	2026083637	25	paper_frac_posterior_mean_below	local_100kb	4500	0.0038864838861899999	0.19533969232404283	48	0.23999999999999999
eas_neutral_exact_population_af_reverse_bridge_r037	EAS	neutral	0	2026083637	25	paper_frac_posterior_mean_below	local_100kb	10000	0.022924482923800001	0.19533969232404283	48	0.23999999999999999
eas_neutral_exact_population_af_reverse_bridge_r037	EAS	neutral	0	2026083637	25	paper_frac_posterior_mean_below	local_100kb	20000	0.075113035113800006	0.19533969232404283	48	0.23999999999999999
eas_neutral_exact_population_af_reverse_bridge_r037	EAS	neutral	0	2026083637	25	paper_frac_posterior_mean_below	local_100kb	30000	0.128234728248	0.19533969232404283	48	0.23999999999999999
eas_neutral_exact_population_af_reverse_bridge_r037	EAS	neutral	0	2026083637	25	paper_frac_posterior_mean_below	local_100kb	40000	0.16720538720399999	0.19533969232404283	48	0.23999999999999999
eas_neutral_exact_population_af_reverse_bridge_r037	EAS	neutral	0	2026083637	25	paper_frac_posterior_mean_below	local_100kb	50000	0.203270803276	0.19533969232404283	48	0.23999999999999999
eas_neutral_exact_population_af_reverse_bridge_r038	EAS	neutral	0	2026083638	25	mean_p_tmrca_lt	focal	1000	0.0069922004960000003	0.19533969232404283	42	0.20999999999999999
eas_neutral_exact_population_af_reverse_bridge_r038	EAS	neutral	0	2026083638	25	mean_p_tmrca_lt	focal	4500	0.031319580079999999	0.19533969232404283	42	0.20999999999999999
eas_neutral_exact_population_af_reverse_bridge_r038	EAS	neutral	0	2026083638	25	mean_p_tmrca_lt	focal	10000	0.066317728569999998	0.19533969232404283	42	0.20999999999999999
eas_neutral_exact_population_af_reverse_bridge_r038	EAS	neutral	0	2026083638	25	mean_p_tmrca_lt	focal	20000	0.1193600703	0.19533969232404283	42	0.20999999999999999
eas_neutral_exact_population_af_reverse_bridge_r038	EAS	neutral	0	2026083638	25	mean_p_tmrca_lt	focal	30000	0.16175978190000001	0.19533969232404283	42	0.20999999999999999
eas_neutral_exact_population_af_reverse_bridge_r038	EAS	neutral	0	2026083638	25	mean_p_tmrca_lt	focal	40000	0.1967718628	0.19533969232404283	42	0.20999999999999999
eas_neutral_exact_population_af_reverse_bridge_r038	EAS	neutral	0	2026083638	25	mean_p_tmrca_lt	focal	50000	0.2266342033	0.19533969232404283	42	0.20999999999999999
eas_neutral_exact_population_af_reverse_bridge_r038	EAS	neutral	0	2026083638	25	mean_p_tmrca_lt	local_100kb	1000	0.0093818927865199995	0.19533969232404283	42	0.20999999999999999
eas_neutral_exact_population_af_reverse_bridge_r038	EAS	neutral	0	2026083638	25	mean_p_tmrca_lt	local_100kb	4500	0.042008542518999999	0.19533969232404283	42	0.20999999999999999
eas_neutral_exact_population_af_reverse_bridge_r038	EAS	neutral	0	2026083638	25	mean_p_tmrca_lt	local_100kb	10000	0.088151663807100003	0.19533969232404283	42	0.20999999999999999
eas_neutral_exact_population_af_reverse_bridge_r038	EAS	neutral	0	2026083638	25	mean_p_tmrca_lt	local_100kb	20000	0.156846256336	0.19533969232404283	42	0.20999999999999999
eas_neutral_exact_population_af_reverse_bridge_r038	EAS	neutral	0	2026083638	25	mean_p_tmrca_lt	local_100kb	30000	0.21096580841900001	0.19533969232404283	42	0.20999999999999999
eas_neutral_exact_population_af_reverse_bridge_r038	EAS	neutral	0	2026083638	25	mean_p_tmrca_lt	local_100kb	40000	0.25495593053299997	0.19533969232404283	42	0.20999999999999999
eas_neutral_exact_population_af_reverse_bridge_r038	EAS	neutral	0	2026083638	25	mean_p_tmrca_lt	local_100kb	50000	0.29170943642399999	0.19533969232404283	42	0.20999999999999999
eas_neutral_exact_population_af_reverse_bridge_r038	EAS	neutral	0	2026083638	25	paper_frac_posterior_mean_below	focal	1000	0.000202020202	0.19533969232404283	42	0.20999999999999999
eas_neutral_exact_population_af_reverse_bridge_r038	EAS	neutral	0	2026083638	25	paper_frac_posterior_mean_below	focal	4500	0.0024242424240000001	0.19533969232404283	42	0.20999999999999999
eas_neutral_exact_population_af_reverse_bridge_r038	EAS	neutral	0	2026083638	25	paper_frac_posterior_mean_below	focal	10000	0.01818181818	0.19533969232404283	42	0.20999999999999999
eas_neutral_exact_population_af_reverse_bridge_r038	EAS	neutral	0	2026083638	25	paper_frac_posterior_mean_below	focal	20000	0.058989898989999998	0.19533969232404283	42	0.20999999999999999
eas_neutral_exact_population_af_reverse_bridge_r038	EAS	neutral	0	2026083638	25	paper_frac_posterior_mean_below	focal	30000	0.098989898990000005	0.19533969232404283	42	0.20999999999999999
eas_neutral_exact_population_af_reverse_bridge_r038	EAS	neutral	0	2026083638	25	paper_frac_posterior_mean_below	focal	40000	0.15090909089999999	0.19533969232404283	42	0.20999999999999999
eas_neutral_exact_population_af_reverse_bridge_r038	EAS	neutral	0	2026083638	25	paper_frac_posterior_mean_below	focal	50000	0.17393939389999999	0.19533969232404283	42	0.20999999999999999
eas_neutral_exact_population_af_reverse_bridge_r038	EAS	neutral	0	2026083638	25	paper_frac_posterior_mean_below	local_100kb	1000	0.000202020202	0.19533969232404283	42	0.20999999999999999
eas_neutral_exact_population_af_reverse_bridge_r038	EAS	neutral	0	2026083638	25	paper_frac_posterior_mean_below	local_100kb	4500	0.0025108225105700001	0.19533969232404283	42	0.20999999999999999
eas_neutral_exact_population_af_reverse_bridge_r038	EAS	neutral	0	2026083638	25	paper_frac_posterior_mean_below	local_100kb	10000	0.016315536316199999	0.19533969232404283	42	0.20999999999999999
eas_neutral_exact_population_af_reverse_bridge_r038	EAS	neutral	0	2026083638	25	paper_frac_posterior_mean_below	local_100kb	20000	0.068879268876699998	0.19533969232404283	42	0.20999999999999999
eas_neutral_exact_population_af_reverse_bridge_r038	EAS	neutral	0	2026083638	25	paper_frac_posterior_mean_below	local_100kb	30000	0.118508898508	0.19533969232404283	42	0.20999999999999999
eas_neutral_exact_population_af_reverse_bridge_r038	EAS	neutral	0	2026083638	25	paper_frac_posterior_mean_below	local_100kb	40000	0.17933621933800001	0.19533969232404283	42	0.20999999999999999
eas_neutral_exact_population_af_reverse_bridge_r038	EAS	neutral	0	2026083638	25	paper_frac_posterior_mean_below	local_100kb	50000	0.22570466571	0.19533969232404283	42	0.20999999999999999
eas_neutral_exact_population_af_reverse_bridge_r039	EAS	neutral	0	2026083639	25	mean_p_tmrca_lt	focal	1000	0.0091786828970000008	0.19533969232404283	49	0.245
eas_neutral_exact_population_af_reverse_bridge_r039	EAS	neutral	0	2026083639	25	mean_p_tmrca_lt	focal	4500	0.038444413769999998	0.19533969232404283	49	0.245
eas_neutral_exact_population_af_reverse_bridge_r039	EAS	neutral	0	2026083639	25	mean_p_tmrca_lt	focal	10000	0.07788127836	0.19533969232404283	49	0.245
eas_neutral_exact_population_af_reverse_bridge_r039	EAS	neutral	0	2026083639	25	mean_p_tmrca_lt	focal	20000	0.13412386070000001	0.19533969232404283	49	0.245
eas_neutral_exact_population_af_reverse_bridge_r039	EAS	neutral	0	2026083639	25	mean_p_tmrca_lt	focal	30000	0.17781205350000001	0.19533969232404283	49	0.245
eas_neutral_exact_population_af_reverse_bridge_r039	EAS	neutral	0	2026083639	25	mean_p_tmrca_lt	focal	40000	0.2138226905	0.19533969232404283	49	0.245
eas_neutral_exact_population_af_reverse_bridge_r039	EAS	neutral	0	2026083639	25	mean_p_tmrca_lt	focal	50000	0.2445953941	0.19533969232404283	49	0.245
eas_neutral_exact_population_af_reverse_bridge_r039	EAS	neutral	0	2026083639	25	mean_p_tmrca_lt	local_100kb	1000	0.012807857081100001	0.19533969232404283	49	0.245
eas_neutral_exact_population_af_reverse_bridge_r039	EAS	neutral	0	2026083639	25	mean_p_tmrca_lt	local_100kb	4500	0.055344668538999997	0.19533969232404283	49	0.245
eas_neutral_exact_population_af_reverse_bridge_r039	EAS	neutral	0	2026083639	25	mean_p_tmrca_lt	local_100kb	10000	0.113639926148	0.19533969232404283	49	0.245
eas_neutral_exact_population_af_reverse_bridge_r039	EAS	neutral	0	2026083639	25	mean_p_tmrca_lt	local_100kb	20000	0.19597183198099999	0.19533969232404283	49	0.245
eas_neutral_exact_population_af_reverse_bridge_r039	EAS	neutral	0	2026083639	25	mean_p_tmrca_lt	local_100kb	30000	0.25692751561400001	0.19533969232404283	49	0.245
eas_neutral_exact_population_af_reverse_bridge_r039	EAS	neutral	0	2026083639	25	mean_p_tmrca_lt	local_100kb	40000	0.30414183338599998	0.19533969232404283	49	0.245
eas_neutral_exact_population_af_reverse_bridge_r039	EAS	neutral	0	2026083639	25	mean_p_tmrca_lt	local_100kb	50000	0.34216143318999998	0.19533969232404283	49	0.245
eas_neutral_exact_population_af_reverse_bridge_r039	EAS	neutral	0	2026083639	25	paper_frac_posterior_mean_below	focal	1000	0.00080808080809999998	0.19533969232404283	49	0.245
eas_neutral_exact_population_af_reverse_bridge_r039	EAS	neutral	0	2026083639	25	paper_frac_posterior_mean_below	focal	4500	0.0036363636360000002	0.19533969232404283	49	0.245
eas_neutral_exact_population_af_reverse_bridge_r039	EAS	neutral	0	2026083639	25	paper_frac_posterior_mean_below	focal	10000	0.02	0.19533969232404283	49	0.245
eas_neutral_exact_population_af_reverse_bridge_r039	EAS	neutral	0	2026083639	25	paper_frac_posterior_mean_below	focal	20000	0.0698989899	0.19533969232404283	49	0.245
eas_neutral_exact_population_af_reverse_bridge_r039	EAS	neutral	0	2026083639	25	paper_frac_posterior_mean_below	focal	30000	0.11212121210000001	0.19533969232404283	49	0.245
eas_neutral_exact_population_af_reverse_bridge_r039	EAS	neutral	0	2026083639	25	paper_frac_posterior_mean_below	focal	40000	0.13959595960000001	0.19533969232404283	49	0.245
eas_neutral_exact_population_af_reverse_bridge_r039	EAS	neutral	0	2026083639	25	paper_frac_posterior_mean_below	focal	50000	0.15676767680000001	0.19533969232404283	49	0.245
eas_neutral_exact_population_af_reverse_bridge_r039	EAS	neutral	0	2026083639	25	paper_frac_posterior_mean_below	local_100kb	1000	0.00080808080809999998	0.19533969232404283	49	0.245
eas_neutral_exact_population_af_reverse_bridge_r039	EAS	neutral	0	2026083639	25	paper_frac_posterior_mean_below	local_100kb	4500	0.0043771043768600004	0.19533969232404283	49	0.245
eas_neutral_exact_population_af_reverse_bridge_r039	EAS	neutral	0	2026083639	25	paper_frac_posterior_mean_below	local_100kb	10000	0.0234151034143	0.19533969232404283	49	0.245
eas_neutral_exact_population_af_reverse_bridge_r039	EAS	neutral	0	2026083639	25	paper_frac_posterior_mean_below	local_100kb	20000	0.111630591626	0.19533969232404283	49	0.245
eas_neutral_exact_population_af_reverse_bridge_r039	EAS	neutral	0	2026083639	25	paper_frac_posterior_mean_below	local_100kb	30000	0.19136123135700001	0.19533969232404283	49	0.245
eas_neutral_exact_population_af_reverse_bridge_r039	EAS	neutral	0	2026083639	25	paper_frac_posterior_mean_below	local_100kb	40000	0.24284752285200001	0.19533969232404283	49	0.245
eas_neutral_exact_population_af_reverse_bridge_r039	EAS	neutral	0	2026083639	25	paper_frac_posterior_mean_below	local_100kb	50000	0.28197210198099998	0.19533969232404283	49	0.245
eas_neutral_exact_population_af_reverse_bridge_r040	EAS	neutral	0	2026083640	25	mean_p_tmrca_lt	focal	1000	0.01454126518	0.19533969232404283	47	0.23499999999999999
eas_neutral_exact_population_af_reverse_bridge_r040	EAS	neutral	0	2026083640	25	mean_p_tmrca_lt	focal	4500	0.066552842530000003	0.19533969232404283	47	0.23499999999999999
eas_neutral_exact_population_af_reverse_bridge_r040	EAS	neutral	0	2026083640	25	mean_p_tmrca_lt	focal	10000	0.14149668679999999	0.19533969232404283	47	0.23499999999999999
eas_neutral_exact_population_af_reverse_bridge_r040	EAS	neutral	0	2026083640	25	mean_p_tmrca_lt	focal	20000	0.25297706520000002	0.19533969232404283	47	0.23499999999999999
eas_neutral_exact_population_af_reverse_bridge_r040	EAS	neutral	0	2026083640	25	mean_p_tmrca_lt	focal	30000	0.33899398939999997	0.19533969232404283	47	0.23499999999999999
eas_neutral_exact_population_af_reverse_bridge_r040	EAS	neutral	0	2026083640	25	mean_p_tmrca_lt	focal	40000	0.40644635950000002	0.19533969232404283	47	0.23499999999999999
eas_neutral_exact_population_af_reverse_bridge_r040	EAS	neutral	0	2026083640	25	mean_p_tmrca_lt	focal	50000	0.46004060660000001	0.19533969232404283	47	0.23499999999999999
eas_neutral_exact_population_af_reverse_bridge_r040	EAS	neutral	0	2026083640	25	mean_p_tmrca_lt	local_100kb	1000	0.0156182972365	0.19533969232404283	47	0.23499999999999999
eas_neutral_exact_population_af_reverse_bridge_r040	EAS	neutral	0	2026083640	25	mean_p_tmrca_lt	local_100kb	4500	0.072589637649499994	0.19533969232404283	47	0.23499999999999999
eas_neutral_exact_population_af_reverse_bridge_r040	EAS	neutral	0	2026083640	25	mean_p_tmrca_lt	local_100kb	10000	0.155683143883	0.19533969232404283	47	0.23499999999999999
eas_neutral_exact_population_af_reverse_bridge_r040	EAS	neutral	0	2026083640	25	mean_p_tmrca_lt	local_100kb	20000	0.27914113328599999	0.19533969232404283	47	0.23499999999999999
eas_neutral_exact_population_af_reverse_bridge_r040	EAS	neutral	0	2026083640	25	mean_p_tmrca_lt	local_100kb	30000	0.372716940133	0.19533969232404283	47	0.23499999999999999
eas_neutral_exact_population_af_reverse_bridge_r040	EAS	neutral	0	2026083640	25	mean_p_tmrca_lt	local_100kb	40000	0.44446577239500001	0.19533969232404283	47	0.23499999999999999
eas_neutral_exact_population_af_reverse_bridge_r040	EAS	neutral	0	2026083640	25	mean_p_tmrca_lt	local_100kb	50000	0.50044100157600002	0.19533969232404283	47	0.23499999999999999
eas_neutral_exact_population_af_reverse_bridge_r040	EAS	neutral	0	2026083640	25	paper_frac_posterior_mean_below	focal	1000	0.0006060606061	0.19533969232404283	47	0.23499999999999999
eas_neutral_exact_population_af_reverse_bridge_r040	EAS	neutral	0	2026083640	25	paper_frac_posterior_mean_below	focal	4500	0.003232323232	0.19533969232404283	47	0.23499999999999999
eas_neutral_exact_population_af_reverse_bridge_r040	EAS	neutral	0	2026083640	25	paper_frac_posterior_mean_below	focal	10000	0.031919191919999999	0.19533969232404283	47	0.23499999999999999
eas_neutral_exact_population_af_reverse_bridge_r040	EAS	neutral	0	2026083640	25	paper_frac_posterior_mean_below	focal	20000	0.16767676770000001	0.19533969232404283	47	0.23499999999999999
eas_neutral_exact_population_af_reverse_bridge_r040	EAS	neutral	0	2026083640	25	paper_frac_posterior_mean_below	focal	30000	0.27171717169999998	0.19533969232404283	47	0.23499999999999999
eas_neutral_exact_population_af_reverse_bridge_r040	EAS	neutral	0	2026083640	25	paper_frac_posterior_mean_below	focal	40000	0.37414141410000001	0.19533969232404283	47	0.23499999999999999
eas_neutral_exact_population_af_reverse_bridge_r040	EAS	neutral	0	2026083640	25	paper_frac_posterior_mean_below	focal	50000	0.44040404039999997	0.19533969232404283	47	0.23499999999999999
eas_neutral_exact_population_af_reverse_bridge_r040	EAS	neutral	0	2026083640	25	paper_frac_posterior_mean_below	local_100kb	1000	0.0006060606061	0.19533969232404283	47	0.23499999999999999
eas_neutral_exact_population_af_reverse_bridge_r040	EAS	neutral	0	2026083640	25	paper_frac_posterior_mean_below	local_100kb	4500	0.0032611832608599998	0.19533969232404283	47	0.23499999999999999
eas_neutral_exact_population_af_reverse_bridge_r040	EAS	neutral	0	2026083640	25	paper_frac_posterior_mean_below	local_100kb	10000	0.025473785473299999	0.19533969232404283	47	0.23499999999999999
eas_neutral_exact_population_af_reverse_bridge_r040	EAS	neutral	0	2026083640	25	paper_frac_posterior_mean_below	local_100kb	20000	0.14197210197400001	0.19533969232404283	47	0.23499999999999999
eas_neutral_exact_population_af_reverse_bridge_r040	EAS	neutral	0	2026083640	25	paper_frac_posterior_mean_below	local_100kb	30000	0.27140933140500001	0.19533969232404283	47	0.23499999999999999
eas_neutral_exact_population_af_reverse_bridge_r040	EAS	neutral	0	2026083640	25	paper_frac_posterior_mean_below	local_100kb	40000	0.38241462241399998	0.19533969232404283	47	0.23499999999999999
eas_neutral_exact_population_af_reverse_bridge_r040	EAS	neutral	0	2026083640	25	paper_frac_posterior_mean_below	local_100kb	50000	0.463145743143	0.19533969232404283	47	0.23499999999999999
eas_neutral_exact_population_af_reverse_bridge_r041	EAS	neutral	0	2026083641	25	mean_p_tmrca_lt	focal	1000	0.0095196721529999997	0.19533969232404283	35	0.17499999999999999
eas_neutral_exact_population_af_reverse_bridge_r041	EAS	neutral	0	2026083641	25	mean_p_tmrca_lt	focal	4500	0.041235868170000002	0.19533969232404283	35	0.17499999999999999
eas_neutral_exact_population_af_reverse_bridge_r041	EAS	neutral	0	2026083641	25	mean_p_tmrca_lt	focal	10000	0.084199632019999998	0.19533969232404283	35	0.17499999999999999
eas_neutral_exact_population_af_reverse_bridge_r041	EAS	neutral	0	2026083641	25	mean_p_tmrca_lt	focal	20000	0.14661371440000001	0.19533969232404283	35	0.17499999999999999
eas_neutral_exact_population_af_reverse_bridge_r041	EAS	neutral	0	2026083641	25	mean_p_tmrca_lt	focal	30000	0.1953310546	0.19533969232404283	35	0.17499999999999999
eas_neutral_exact_population_af_reverse_bridge_r041	EAS	neutral	0	2026083641	25	mean_p_tmrca_lt	focal	40000	0.2347271896	0.19533969232404283	35	0.17499999999999999
eas_neutral_exact_population_af_reverse_bridge_r041	EAS	neutral	0	2026083641	25	mean_p_tmrca_lt	focal	50000	0.26747802370000001	0.19533969232404283	35	0.17499999999999999
eas_neutral_exact_population_af_reverse_bridge_r041	EAS	neutral	0	2026083641	25	mean_p_tmrca_lt	local_100kb	1000	0.011956657544699999	0.19533969232404283	35	0.17499999999999999
eas_neutral_exact_population_af_reverse_bridge_r041	EAS	neutral	0	2026083641	25	mean_p_tmrca_lt	local_100kb	4500	0.053496458822900002	0.19533969232404283	35	0.17499999999999999
eas_neutral_exact_population_af_reverse_bridge_r041	EAS	neutral	0	2026083641	25	mean_p_tmrca_lt	local_100kb	10000	0.11131258633799999	0.19533969232404283	35	0.17499999999999999
eas_neutral_exact_population_af_reverse_bridge_r041	EAS	neutral	0	2026083641	25	mean_p_tmrca_lt	local_100kb	20000	0.194928941567	0.19533969232404283	35	0.17499999999999999
eas_neutral_exact_population_af_reverse_bridge_r041	EAS	neutral	0	2026083641	25	mean_p_tmrca_lt	local_100kb	30000	0.25848361291900002	0.19533969232404283	35	0.17499999999999999
eas_neutral_exact_population_af_reverse_bridge_r041	EAS	neutral	0	2026083641	25	mean_p_tmrca_lt	local_100kb	40000	0.30850076022900003	0.19533969232404283	35	0.17499999999999999
eas_neutral_exact_population_af_reverse_bridge_r041	EAS	neutral	0	2026083641	25	mean_p_tmrca_lt	local_100kb	50000	0.34906653865199999	0.19533969232404283	35	0.17499999999999999
eas_neutral_exact_population_af_reverse_bridge_r041	EAS	neutral	0	2026083641	25	paper_frac_posterior_mean_below	focal	1000	0.000404040404	0.19533969232404283	35	0.17499999999999999
eas_neutral_exact_population_af_reverse_bridge_r041	EAS	neutral	0	2026083641	25	paper_frac_posterior_mean_below	focal	4500	0.0042424242419999997	0.19533969232404283	35	0.17499999999999999
eas_neutral_exact_population_af_reverse_bridge_r041	EAS	neutral	0	2026083641	25	paper_frac_posterior_mean_below	focal	10000	0.025858585860000002	0.19533969232404283	35	0.17499999999999999
eas_neutral_exact_population_af_reverse_bridge_r041	EAS	neutral	0	2026083641	25	paper_frac_posterior_mean_below	focal	20000	0.086262626260000003	0.19533969232404283	35	0.17499999999999999
eas_neutral_exact_population_af_reverse_bridge_r041	EAS	neutral	0	2026083641	25	paper_frac_posterior_mean_below	focal	30000	0.1450505051	0.19533969232404283	35	0.17499999999999999
eas_neutral_exact_population_af_reverse_bridge_r041	EAS	neutral	0	2026083641	25	paper_frac_posterior_mean_below	focal	40000	0.18787878790000001	0.19533969232404283	35	0.17499999999999999
eas_neutral_exact_population_af_reverse_bridge_r041	EAS	neutral	0	2026083641	25	paper_frac_posterior_mean_below	focal	50000	0.2317171717	0.19533969232404283	35	0.17499999999999999
eas_neutral_exact_population_af_reverse_bridge_r041	EAS	neutral	0	2026083641	25	paper_frac_posterior_mean_below	local_100kb	1000	0.00044252044249500002	0.19533969232404283	35	0.17499999999999999
eas_neutral_exact_population_af_reverse_bridge_r041	EAS	neutral	0	2026083641	25	paper_frac_posterior_mean_below	local_100kb	4500	0.0042712842708600004	0.19533969232404283	35	0.17499999999999999
eas_neutral_exact_population_af_reverse_bridge_r041	EAS	neutral	0	2026083641	25	paper_frac_posterior_mean_below	local_100kb	10000	0.024146224145700002	0.19533969232404283	35	0.17499999999999999
eas_neutral_exact_population_af_reverse_bridge_r041	EAS	neutral	0	2026083641	25	paper_frac_posterior_mean_below	local_100kb	20000	0.092140452136199993	0.19533969232404283	35	0.17499999999999999
eas_neutral_exact_population_af_reverse_bridge_r041	EAS	neutral	0	2026083641	25	paper_frac_posterior_mean_below	local_100kb	30000	0.17136123136699999	0.19533969232404283	35	0.17499999999999999
eas_neutral_exact_population_af_reverse_bridge_r041	EAS	neutral	0	2026083641	25	paper_frac_posterior_mean_below	local_100kb	40000	0.23881673882400001	0.19533969232404283	35	0.17499999999999999
eas_neutral_exact_population_af_reverse_bridge_r041	EAS	neutral	0	2026083641	25	paper_frac_posterior_mean_below	local_100kb	50000	0.28861952861399998	0.19533969232404283	35	0.17499999999999999
eas_neutral_exact_population_af_reverse_bridge_r042	EAS	neutral	0	2026083642	25	mean_p_tmrca_lt	focal	1000	0.0052061751179999999	0.19533969232404283	40	0.20000000000000001
eas_neutral_exact_population_af_reverse_bridge_r042	EAS	neutral	0	2026083642	25	mean_p_tmrca_lt	focal	4500	0.02424930175	0.19533969232404283	40	0.20000000000000001
eas_neutral_exact_population_af_reverse_bridge_r042	EAS	neutral	0	2026083642	25	mean_p_tmrca_lt	focal	10000	0.051762275920000003	0.19533969232404283	40	0.20000000000000001
eas_neutral_exact_population_af_reverse_bridge_r042	EAS	neutral	0	2026083642	25	mean_p_tmrca_lt	focal	20000	0.094005342369999995	0.19533969232404283	40	0.20000000000000001
eas_neutral_exact_population_af_reverse_bridge_r042	EAS	neutral	0	2026083642	25	mean_p_tmrca_lt	focal	30000	0.12819359850000001	0.19533969232404283	40	0.20000000000000001
eas_neutral_exact_population_af_reverse_bridge_r042	EAS	neutral	0	2026083642	25	mean_p_tmrca_lt	focal	40000	0.1565823506	0.19533969232404283	40	0.20000000000000001
eas_neutral_exact_population_af_reverse_bridge_r042	EAS	neutral	0	2026083642	25	mean_p_tmrca_lt	focal	50000	0.1807658865	0.19533969232404283	40	0.20000000000000001
eas_neutral_exact_population_af_reverse_bridge_r042	EAS	neutral	0	2026083642	25	mean_p_tmrca_lt	local_100kb	1000	0.011789000445199999	0.19533969232404283	40	0.20000000000000001
eas_neutral_exact_population_af_reverse_bridge_r042	EAS	neutral	0	2026083642	25	mean_p_tmrca_lt	local_100kb	4500	0.053429892715699999	0.19533969232404283	40	0.20000000000000001
eas_neutral_exact_population_af_reverse_bridge_r042	EAS	neutral	0	2026083642	25	mean_p_tmrca_lt	local_100kb	10000	0.11257078504900001	0.19533969232404283	40	0.20000000000000001
eas_neutral_exact_population_af_reverse_bridge_r042	EAS	neutral	0	2026083642	25	mean_p_tmrca_lt	local_100kb	20000	0.20074571472700001	0.19533969232404283	40	0.20000000000000001
eas_neutral_exact_population_af_reverse_bridge_r042	EAS	neutral	0	2026083642	25	mean_p_tmrca_lt	local_100kb	30000	0.27000935692900002	0.19533969232404283	40	0.20000000000000001
eas_neutral_exact_population_af_reverse_bridge_r042	EAS	neutral	0	2026083642	25	mean_p_tmrca_lt	local_100kb	40000	0.325812578252	0.19533969232404283	40	0.20000000000000001
eas_neutral_exact_population_af_reverse_bridge_r042	EAS	neutral	0	2026083642	25	mean_p_tmrca_lt	local_100kb	50000	0.37181482306699998	0.19533969232404283	40	0.20000000000000001
eas_neutral_exact_population_af_reverse_bridge_r042	EAS	neutral	0	2026083642	25	paper_frac_posterior_mean_below	focal	1000	0.000202020202	0.19533969232404283	40	0.20000000000000001
eas_neutral_exact_population_af_reverse_bridge_r042	EAS	neutral	0	2026083642	25	paper_frac_posterior_mean_below	focal	4500	0.0034343434339999999	0.19533969232404283	40	0.20000000000000001
eas_neutral_exact_population_af_reverse_bridge_r042	EAS	neutral	0	2026083642	25	paper_frac_posterior_mean_below	focal	10000	0.012929292930000001	0.19533969232404283	40	0.20000000000000001
eas_neutral_exact_population_af_reverse_bridge_r042	EAS	neutral	0	2026083642	25	paper_frac_posterior_mean_below	focal	20000	0.047272727270000002	0.19533969232404283	40	0.20000000000000001
eas_neutral_exact_population_af_reverse_bridge_r042	EAS	neutral	0	2026083642	25	paper_frac_posterior_mean_below	focal	30000	0.075555555560000001	0.19533969232404283	40	0.20000000000000001
eas_neutral_exact_population_af_reverse_bridge_r042	EAS	neutral	0	2026083642	25	paper_frac_posterior_mean_below	focal	40000	0.11191919190000001	0.19533969232404283	40	0.20000000000000001
eas_neutral_exact_population_af_reverse_bridge_r042	EAS	neutral	0	2026083642	25	paper_frac_posterior_mean_below	focal	50000	0.14848484849999999	0.19533969232404283	40	0.20000000000000001
eas_neutral_exact_population_af_reverse_bridge_r042	EAS	neutral	0	2026083642	25	paper_frac_posterior_mean_below	local_100kb	1000	0.00037518037517599999	0.19533969232404283	40	0.20000000000000001
eas_neutral_exact_population_af_reverse_bridge_r042	EAS	neutral	0	2026083642	25	paper_frac_posterior_mean_below	local_100kb	4500	0.0034054834051400001	0.19533969232404283	40	0.20000000000000001
eas_neutral_exact_population_af_reverse_bridge_r042	EAS	neutral	0	2026083642	25	paper_frac_posterior_mean_below	local_100kb	10000	0.018845598845700001	0.19533969232404283	40	0.20000000000000001
eas_neutral_exact_population_af_reverse_bridge_r042	EAS	neutral	0	2026083642	25	paper_frac_posterior_mean_below	local_100kb	20000	0.0807792207781	0.19533969232404283	40	0.20000000000000001
eas_neutral_exact_population_af_reverse_bridge_r042	EAS	neutral	0	2026083642	25	paper_frac_posterior_mean_below	local_100kb	30000	0.156450216447	0.19533969232404283	40	0.20000000000000001
eas_neutral_exact_population_af_reverse_bridge_r042	EAS	neutral	0	2026083642	25	paper_frac_posterior_mean_below	local_100kb	40000	0.226878306871	0.19533969232404283	40	0.20000000000000001
eas_neutral_exact_population_af_reverse_bridge_r042	EAS	neutral	0	2026083642	25	paper_frac_posterior_mean_below	local_100kb	50000	0.29268879269999998	0.19533969232404283	40	0.20000000000000001
eas_neutral_exact_population_af_reverse_bridge_r043	EAS	neutral	0	2026083643	25	mean_p_tmrca_lt	focal	1000	0.012713624180000001	0.19533969232404283	41	0.20499999999999999
eas_neutral_exact_population_af_reverse_bridge_r043	EAS	neutral	0	2026083643	25	mean_p_tmrca_lt	focal	4500	0.058113884310000002	0.19533969232404283	41	0.20499999999999999
eas_neutral_exact_population_af_reverse_bridge_r043	EAS	neutral	0	2026083643	25	mean_p_tmrca_lt	focal	10000	0.1244454805	0.19533969232404283	41	0.20499999999999999
eas_neutral_exact_population_af_reverse_bridge_r043	EAS	neutral	0	2026083643	25	mean_p_tmrca_lt	focal	20000	0.22364148140000001	0.19533969232404283	41	0.20499999999999999
eas_neutral_exact_population_af_reverse_bridge_r043	EAS	neutral	0	2026083643	25	mean_p_tmrca_lt	focal	30000	0.3000424968	0.19533969232404283	41	0.20499999999999999
eas_neutral_exact_population_af_reverse_bridge_r043	EAS	neutral	0	2026083643	25	mean_p_tmrca_lt	focal	40000	0.35979193780000002	0.19533969232404283	41	0.20499999999999999
eas_neutral_exact_population_af_reverse_bridge_r043	EAS	neutral	0	2026083643	25	mean_p_tmrca_lt	focal	50000	0.40739104590000003	0.19533969232404283	41	0.20499999999999999
eas_neutral_exact_population_af_reverse_bridge_r043	EAS	neutral	0	2026083643	25	mean_p_tmrca_lt	local_100kb	1000	0.011701658691899999	0.19533969232404283	41	0.20499999999999999
eas_neutral_exact_population_af_reverse_bridge_r043	EAS	neutral	0	2026083643	25	mean_p_tmrca_lt	local_100kb	4500	0.0515567317319	0.19533969232404283	41	0.20499999999999999
eas_neutral_exact_population_af_reverse_bridge_r043	EAS	neutral	0	2026083643	25	mean_p_tmrca_lt	local_100kb	10000	0.10765503120100001	0.19533969232404283	41	0.20499999999999999
eas_neutral_exact_population_af_reverse_bridge_r043	EAS	neutral	0	2026083643	25	mean_p_tmrca_lt	local_100kb	20000	0.18999028852899999	0.19533969232404283	41	0.20499999999999999
eas_neutral_exact_population_af_reverse_bridge_r043	EAS	neutral	0	2026083643	25	mean_p_tmrca_lt	local_100kb	30000	0.25395598204300002	0.19533969232404283	41	0.20499999999999999
eas_neutral_exact_population_af_reverse_bridge_r043	EAS	neutral	0	2026083643	25	mean_p_tmrca_lt	local_100kb	40000	0.30549872849499998	0.19533969232404283	41	0.20499999999999999
eas_neutral_exact_population_af_reverse_bridge_r043	EAS	neutral	0	2026083643	25	mean_p_tmrca_lt	local_100kb	50000	0.34829640391900002	0.19533969232404283	41	0.20499999999999999
eas_neutral_exact_population_af_reverse_bridge_r043	EAS	neutral	0	2026083643	25	paper_frac_posterior_mean_below	focal	1000	0.00080808080809999998	0.19533969232404283	41	0.20499999999999999
eas_neutral_exact_population_af_reverse_bridge_r043	EAS	neutral	0	2026083643	25	paper_frac_posterior_mean_below	focal	4500	0.0034343434339999999	0.19533969232404283	41	0.20499999999999999
eas_neutral_exact_population_af_reverse_bridge_r043	EAS	neutral	0	2026083643	25	paper_frac_posterior_mean_below	focal	10000	0.022020202020000001	0.19533969232404283	41	0.20499999999999999
eas_neutral_exact_population_af_reverse_bridge_r043	EAS	neutral	0	2026083643	25	paper_frac_posterior_mean_below	focal	20000	0.095151515150000004	0.19533969232404283	41	0.20499999999999999
eas_neutral_exact_population_af_reverse_bridge_r043	EAS	neutral	0	2026083643	25	paper_frac_posterior_mean_below	focal	30000	0.17272727269999999	0.19533969232404283	41	0.20499999999999999
eas_neutral_exact_population_af_reverse_bridge_r043	EAS	neutral	0	2026083643	25	paper_frac_posterior_mean_below	focal	40000	0.3014141414	0.19533969232404283	41	0.20499999999999999
eas_neutral_exact_population_af_reverse_bridge_r043	EAS	neutral	0	2026083643	25	paper_frac_posterior_mean_below	focal	50000	0.36646464649999999	0.19533969232404283	41	0.20499999999999999
eas_neutral_exact_population_af_reverse_bridge_r043	EAS	neutral	0	2026083643	25	paper_frac_posterior_mean_below	local_100kb	1000	0.00080808080809999998	0.19533969232404283	41	0.20499999999999999
eas_neutral_exact_population_af_reverse_bridge_r043	EAS	neutral	0	2026083643	25	paper_frac_posterior_mean_below	local_100kb	4500	0.00366522366486	0.19533969232404283	41	0.20499999999999999
eas_neutral_exact_population_af_reverse_bridge_r043	EAS	neutral	0	2026083643	25	paper_frac_posterior_mean_below	local_100kb	10000	0.021693121692400001	0.19533969232404283	41	0.20499999999999999
eas_neutral_exact_population_af_reverse_bridge_r043	EAS	neutral	0	2026083643	25	paper_frac_posterior_mean_below	local_100kb	20000	0.091332371326699996	0.19533969232404283	41	0.20499999999999999
eas_neutral_exact_population_af_reverse_bridge_r043	EAS	neutral	0	2026083643	25	paper_frac_posterior_mean_below	local_100kb	30000	0.16074074074299999	0.19533969232404283	41	0.20499999999999999
eas_neutral_exact_population_af_reverse_bridge_r043	EAS	neutral	0	2026083643	25	paper_frac_posterior_mean_below	local_100kb	40000	0.22177008177099999	0.19533969232404283	41	0.20499999999999999
eas_neutral_exact_population_af_reverse_bridge_r043	EAS	neutral	0	2026083643	25	paper_frac_posterior_mean_below	local_100kb	50000	0.26360750361000002	0.19533969232404283	41	0.20499999999999999
eas_neutral_exact_population_af_reverse_bridge_r044	EAS	neutral	0	2026083644	25	mean_p_tmrca_lt	focal	1000	0.01178579062	0.19533969232404283	35	0.17499999999999999
eas_neutral_exact_population_af_reverse_bridge_r044	EAS	neutral	0	2026083644	25	mean_p_tmrca_lt	focal	4500	0.045816156300000001	0.19533969232404283	35	0.17499999999999999
eas_neutral_exact_population_af_reverse_bridge_r044	EAS	neutral	0	2026083644	25	mean_p_tmrca_lt	focal	10000	0.088546630239999993	0.19533969232404283	35	0.17499999999999999
eas_neutral_exact_population_af_reverse_bridge_r044	EAS	neutral	0	2026083644	25	mean_p_tmrca_lt	focal	20000	0.1456350619	0.19533969232404283	35	0.17499999999999999
eas_neutral_exact_population_af_reverse_bridge_r044	EAS	neutral	0	2026083644	25	mean_p_tmrca_lt	focal	30000	0.18773681540000001	0.19533969232404283	35	0.17499999999999999
eas_neutral_exact_population_af_reverse_bridge_r044	EAS	neutral	0	2026083644	25	mean_p_tmrca_lt	focal	40000	0.22111762900000001	0.19533969232404283	35	0.17499999999999999
eas_neutral_exact_population_af_reverse_bridge_r044	EAS	neutral	0	2026083644	25	mean_p_tmrca_lt	focal	50000	0.2487758266	0.19533969232404283	35	0.17499999999999999
eas_neutral_exact_population_af_reverse_bridge_r044	EAS	neutral	0	2026083644	25	mean_p_tmrca_lt	local_100kb	1000	0.0131539771551	0.19533969232404283	35	0.17499999999999999
eas_neutral_exact_population_af_reverse_bridge_r044	EAS	neutral	0	2026083644	25	mean_p_tmrca_lt	local_100kb	4500	0.054969597550500002	0.19533969232404283	35	0.17499999999999999
eas_neutral_exact_population_af_reverse_bridge_r044	EAS	neutral	0	2026083644	25	mean_p_tmrca_lt	local_100kb	10000	0.112932375605	0.19533969232404283	35	0.17499999999999999
eas_neutral_exact_population_af_reverse_bridge_r044	EAS	neutral	0	2026083644	25	mean_p_tmrca_lt	local_100kb	20000	0.19741882506700001	0.19533969232404283	35	0.17499999999999999
eas_neutral_exact_population_af_reverse_bridge_r044	EAS	neutral	0	2026083644	25	mean_p_tmrca_lt	local_100kb	30000	0.262620479962	0.19533969232404283	35	0.17499999999999999
eas_neutral_exact_population_af_reverse_bridge_r044	EAS	neutral	0	2026083644	25	mean_p_tmrca_lt	local_100kb	40000	0.314756933919	0.19533969232404283	35	0.17499999999999999
eas_neutral_exact_population_af_reverse_bridge_r044	EAS	neutral	0	2026083644	25	mean_p_tmrca_lt	local_100kb	50000	0.35760476675199998	0.19533969232404283	35	0.17499999999999999
eas_neutral_exact_population_af_reverse_bridge_r044	EAS	neutral	0	2026083644	25	paper_frac_posterior_mean_below	focal	1000	0.0012121212120000001	0.19533969232404283	35	0.17499999999999999
eas_neutral_exact_population_af_reverse_bridge_r044	EAS	neutral	0	2026083644	25	paper_frac_posterior_mean_below	focal	4500	0.0056565656570000001	0.19533969232404283	35	0.17499999999999999
eas_neutral_exact_population_af_reverse_bridge_r044	EAS	neutral	0	2026083644	25	paper_frac_posterior_mean_below	focal	10000	0.034343434339999999	0.19533969232404283	35	0.17499999999999999
eas_neutral_exact_population_af_reverse_bridge_r044	EAS	neutral	0	2026083644	25	paper_frac_posterior_mean_below	focal	20000	0.086666666670000003	0.19533969232404283	35	0.17499999999999999
eas_neutral_exact_population_af_reverse_bridge_r044	EAS	neutral	0	2026083644	25	paper_frac_posterior_mean_below	focal	30000	0.14242424240000001	0.19533969232404283	35	0.17499999999999999
eas_neutral_exact_population_af_reverse_bridge_r044	EAS	neutral	0	2026083644	25	paper_frac_posterior_mean_below	focal	40000	0.1767676768	0.19533969232404283	35	0.17499999999999999
eas_neutral_exact_population_af_reverse_bridge_r044	EAS	neutral	0	2026083644	25	paper_frac_posterior_mean_below	focal	50000	0.19919191920000001	0.19533969232404283	35	0.17499999999999999
eas_neutral_exact_population_af_reverse_bridge_r044	EAS	neutral	0	2026083644	25	paper_frac_posterior_mean_below	local_100kb	1000	0.0012217412216200001	0.19533969232404283	35	0.17499999999999999
eas_neutral_exact_population_af_reverse_bridge_r044	EAS	neutral	0	2026083644	25	paper_frac_posterior_mean_below	local_100kb	4500	0.0054449254453300001	0.19533969232404283	35	0.17499999999999999
eas_neutral_exact_population_af_reverse_bridge_r044	EAS	neutral	0	2026083644	25	paper_frac_posterior_mean_below	local_100kb	10000	0.029187109186699998	0.19533969232404283	35	0.17499999999999999
eas_neutral_exact_population_af_reverse_bridge_r044	EAS	neutral	0	2026083644	25	paper_frac_posterior_mean_below	local_100kb	20000	0.0990957190919	0.19533969232404283	35	0.17499999999999999
eas_neutral_exact_population_af_reverse_bridge_r044	EAS	neutral	0	2026083644	25	paper_frac_posterior_mean_below	local_100kb	30000	0.161750841757	0.19533969232404283	35	0.17499999999999999
eas_neutral_exact_population_af_reverse_bridge_r044	EAS	neutral	0	2026083644	25	paper_frac_posterior_mean_below	local_100kb	40000	0.22832130831899999	0.19533969232404283	35	0.17499999999999999
eas_neutral_exact_population_af_reverse_bridge_r044	EAS	neutral	0	2026083644	25	paper_frac_posterior_mean_below	local_100kb	50000	0.28828282828099999	0.19533969232404283	35	0.17499999999999999
eas_neutral_exact_population_af_reverse_bridge_r045	EAS	neutral	0	2026083645	25	mean_p_tmrca_lt	focal	1000	0.014473676669999999	0.19533969232404283	30	0.14999999999999999
eas_neutral_exact_population_af_reverse_bridge_r045	EAS	neutral	0	2026083645	25	mean_p_tmrca_lt	focal	4500	0.060115833680000001	0.19533969232404283	30	0.14999999999999999
eas_neutral_exact_population_af_reverse_bridge_r045	EAS	neutral	0	2026083645	25	mean_p_tmrca_lt	focal	10000	0.1180803747	0.19533969232404283	30	0.14999999999999999
eas_neutral_exact_population_af_reverse_bridge_r045	EAS	neutral	0	2026083645	25	mean_p_tmrca_lt	focal	20000	0.1947393211	0.19533969232404283	30	0.14999999999999999
eas_neutral_exact_population_af_reverse_bridge_r045	EAS	neutral	0	2026083645	25	mean_p_tmrca_lt	focal	30000	0.2482275682	0.19533969232404283	30	0.14999999999999999
eas_neutral_exact_population_af_reverse_bridge_r045	EAS	neutral	0	2026083645	25	mean_p_tmrca_lt	focal	40000	0.28739530120000001	0.19533969232404283	30	0.14999999999999999
eas_neutral_exact_population_af_reverse_bridge_r045	EAS	neutral	0	2026083645	25	mean_p_tmrca_lt	focal	50000	0.31722427819999999	0.19533969232404283	30	0.14999999999999999
eas_neutral_exact_population_af_reverse_bridge_r045	EAS	neutral	0	2026083645	25	mean_p_tmrca_lt	local_100kb	1000	0.0127515471582	0.19533969232404283	30	0.14999999999999999
eas_neutral_exact_population_af_reverse_bridge_r045	EAS	neutral	0	2026083645	25	mean_p_tmrca_lt	local_100kb	4500	0.054780872036200003	0.19533969232404283	30	0.14999999999999999
eas_neutral_exact_population_af_reverse_bridge_r045	EAS	neutral	0	2026083645	25	mean_p_tmrca_lt	local_100kb	10000	0.112021388803	0.19533969232404283	30	0.14999999999999999
eas_neutral_exact_population_af_reverse_bridge_r045	EAS	neutral	0	2026083645	25	mean_p_tmrca_lt	local_100kb	20000	0.194746010676	0.19533969232404283	30	0.14999999999999999
eas_neutral_exact_population_af_reverse_bridge_r045	EAS	neutral	0	2026083645	25	mean_p_tmrca_lt	local_100kb	30000	0.25810033948599997	0.19533969232404283	30	0.14999999999999999
eas_neutral_exact_population_af_reverse_bridge_r045	EAS	neutral	0	2026083645	25	mean_p_tmrca_lt	local_100kb	40000	0.30843817494800002	0.19533969232404283	30	0.14999999999999999
eas_neutral_exact_population_af_reverse_bridge_r045	EAS	neutral	0	2026083645	25	mean_p_tmrca_lt	local_100kb	50000	0.34970591564800002	0.19533969232404283	30	0.14999999999999999
eas_neutral_exact_population_af_reverse_bridge_r045	EAS	neutral	0	2026083645	25	paper_frac_posterior_mean_below	focal	1000	0.0006060606061	0.19533969232404283	30	0.14999999999999999
eas_neutral_exact_population_af_reverse_bridge_r045	EAS	neutral	0	2026083645	25	paper_frac_posterior_mean_below	focal	4500	0.0062626262629999997	0.19533969232404283	30	0.14999999999999999
eas_neutral_exact_population_af_reverse_bridge_r045	EAS	neutral	0	2026083645	25	paper_frac_posterior_mean_below	focal	10000	0.027474747470000001	0.19533969232404283	30	0.14999999999999999
eas_neutral_exact_population_af_reverse_bridge_r045	EAS	neutral	0	2026083645	25	paper_frac_posterior_mean_below	focal	20000	0.1187878788	0.19533969232404283	30	0.14999999999999999
eas_neutral_exact_population_af_reverse_bridge_r045	EAS	neutral	0	2026083645	25	paper_frac_posterior_mean_below	focal	30000	0.19959595960000001	0.19533969232404283	30	0.14999999999999999
eas_neutral_exact_population_af_reverse_bridge_r045	EAS	neutral	0	2026083645	25	paper_frac_posterior_mean_below	focal	40000	0.25878787879999998	0.19533969232404283	30	0.14999999999999999
eas_neutral_exact_population_af_reverse_bridge_r045	EAS	neutral	0	2026083645	25	paper_frac_posterior_mean_below	focal	50000	0.28505050510000002	0.19533969232404283	30	0.14999999999999999
eas_neutral_exact_population_af_reverse_bridge_r045	EAS	neutral	0	2026083645	25	paper_frac_posterior_mean_below	local_100kb	1000	0.0006060606061	0.19533969232404283	30	0.14999999999999999
eas_neutral_exact_population_af_reverse_bridge_r045	EAS	neutral	0	2026083645	25	paper_frac_posterior_mean_below	local_100kb	4500	0.00607022607062	0.19533969232404283	30	0.14999999999999999
eas_neutral_exact_population_af_reverse_bridge_r045	EAS	neutral	0	2026083645	25	paper_frac_posterior_mean_below	local_100kb	10000	0.024396344394799999	0.19533969232404283	30	0.14999999999999999
eas_neutral_exact_population_af_reverse_bridge_r045	EAS	neutral	0	2026083645	25	paper_frac_posterior_mean_below	local_100kb	20000	0.099393939399500003	0.19533969232404283	30	0.14999999999999999
eas_neutral_exact_population_af_reverse_bridge_r045	EAS	neutral	0	2026083645	25	paper_frac_posterior_mean_below	local_100kb	30000	0.17090909091000001	0.19533969232404283	30	0.14999999999999999
eas_neutral_exact_population_af_reverse_bridge_r045	EAS	neutral	0	2026083645	25	paper_frac_posterior_mean_below	local_100kb	40000	0.22771524772400001	0.19533969232404283	30	0.14999999999999999
eas_neutral_exact_population_af_reverse_bridge_r045	EAS	neutral	0	2026083645	25	paper_frac_posterior_mean_below	local_100kb	50000	0.272910052914	0.19533969232404283	30	0.14999999999999999
eas_neutral_exact_population_af_reverse_bridge_r046	EAS	neutral	0	2026083646	25	mean_p_tmrca_lt	focal	1000	0.017216261770000001	0.19533969232404283	35	0.17499999999999999
eas_neutral_exact_population_af_reverse_bridge_r046	EAS	neutral	0	2026083646	25	mean_p_tmrca_lt	focal	4500	0.076846361299999999	0.19533969232404283	35	0.17499999999999999
eas_neutral_exact_population_af_reverse_bridge_r046	EAS	neutral	0	2026083646	25	mean_p_tmrca_lt	focal	10000	0.15755200529999999	0.19533969232404283	35	0.17499999999999999
eas_neutral_exact_population_af_reverse_bridge_r046	EAS	neutral	0	2026083646	25	mean_p_tmrca_lt	focal	20000	0.26783352760000001	0.19533969232404283	35	0.17499999999999999
eas_neutral_exact_population_af_reverse_bridge_r046	EAS	neutral	0	2026083646	25	mean_p_tmrca_lt	focal	30000	0.34601498450000001	0.19533969232404283	35	0.17499999999999999
eas_neutral_exact_population_af_reverse_bridge_r046	EAS	neutral	0	2026083646	25	mean_p_tmrca_lt	focal	40000	0.40368727739999999	0.19533969232404283	35	0.17499999999999999
eas_neutral_exact_population_af_reverse_bridge_r046	EAS	neutral	0	2026083646	25	mean_p_tmrca_lt	focal	50000	0.4476053371	0.19533969232404283	35	0.17499999999999999
eas_neutral_exact_population_af_reverse_bridge_r046	EAS	neutral	0	2026083646	25	mean_p_tmrca_lt	local_100kb	1000	0.0175805350433	0.19533969232404283	35	0.17499999999999999
eas_neutral_exact_population_af_reverse_bridge_r046	EAS	neutral	0	2026083646	25	mean_p_tmrca_lt	local_100kb	4500	0.078227111629999999	0.19533969232404283	35	0.17499999999999999
eas_neutral_exact_population_af_reverse_bridge_r046	EAS	neutral	0	2026083646	25	mean_p_tmrca_lt	local_100kb	10000	0.15778768387100001	0.19533969232404283	35	0.17499999999999999
eas_neutral_exact_population_af_reverse_bridge_r046	EAS	neutral	0	2026083646	25	mean_p_tmrca_lt	local_100kb	20000	0.26151838205200001	0.19533969232404283	35	0.17499999999999999
eas_neutral_exact_population_af_reverse_bridge_r046	EAS	neutral	0	2026083646	25	mean_p_tmrca_lt	local_100kb	30000	0.33233910328100003	0.19533969232404283	35	0.17499999999999999
eas_neutral_exact_population_af_reverse_bridge_r046	EAS	neutral	0	2026083646	25	mean_p_tmrca_lt	local_100kb	40000	0.38398798025199998	0.19533969232404283	35	0.17499999999999999
eas_neutral_exact_population_af_reverse_bridge_r046	EAS	neutral	0	2026083646	25	mean_p_tmrca_lt	local_100kb	50000	0.423585331186	0.19533969232404283	35	0.17499999999999999
eas_neutral_exact_population_af_reverse_bridge_r046	EAS	neutral	0	2026083646	25	paper_frac_posterior_mean_below	focal	1000	0.000202020202	0.19533969232404283	35	0.17499999999999999
eas_neutral_exact_population_af_reverse_bridge_r046	EAS	neutral	0	2026083646	25	paper_frac_posterior_mean_below	focal	4500	0.0068686868690000001	0.19533969232404283	35	0.17499999999999999
eas_neutral_exact_population_af_reverse_bridge_r046	EAS	neutral	0	2026083646	25	paper_frac_posterior_mean_below	focal	10000	0.0701010101	0.19533969232404283	35	0.17499999999999999
eas_neutral_exact_population_af_reverse_bridge_r046	EAS	neutral	0	2026083646	25	paper_frac_posterior_mean_below	focal	20000	0.19555555559999999	0.19533969232404283	35	0.17499999999999999
eas_neutral_exact_population_af_reverse_bridge_r046	EAS	neutral	0	2026083646	25	paper_frac_posterior_mean_below	focal	30000	0.28181818180000001	0.19533969232404283	35	0.17499999999999999
eas_neutral_exact_population_af_reverse_bridge_r046	EAS	neutral	0	2026083646	25	paper_frac_posterior_mean_below	focal	40000	0.3646464646	0.19533969232404283	35	0.17499999999999999
eas_neutral_exact_population_af_reverse_bridge_r046	EAS	neutral	0	2026083646	25	paper_frac_posterior_mean_below	focal	50000	0.4101010101	0.19533969232404283	35	0.17499999999999999
eas_neutral_exact_population_af_reverse_bridge_r046	EAS	neutral	0	2026083646	25	paper_frac_posterior_mean_below	local_100kb	1000	0.00022126022123800001	0.19533969232404283	35	0.17499999999999999
eas_neutral_exact_population_af_reverse_bridge_r046	EAS	neutral	0	2026083646	25	paper_frac_posterior_mean_below	local_100kb	4500	0.0064261664263800004	0.19533969232404283	35	0.17499999999999999
eas_neutral_exact_population_af_reverse_bridge_r046	EAS	neutral	0	2026083646	25	paper_frac_posterior_mean_below	local_100kb	10000	0.06074074074	0.19533969232404283	35	0.17499999999999999
eas_neutral_exact_population_af_reverse_bridge_r046	EAS	neutral	0	2026083646	25	paper_frac_posterior_mean_below	local_100kb	20000	0.16968734969499999	0.19533969232404283	35	0.17499999999999999
eas_neutral_exact_population_af_reverse_bridge_r046	EAS	neutral	0	2026083646	25	paper_frac_posterior_mean_below	local_100kb	30000	0.269687349681	0.19533969232404283	35	0.17499999999999999
eas_neutral_exact_population_af_reverse_bridge_r046	EAS	neutral	0	2026083646	25	paper_frac_posterior_mean_below	local_100kb	40000	0.33785473785199999	0.19533969232404283	35	0.17499999999999999
eas_neutral_exact_population_af_reverse_bridge_r046	EAS	neutral	0	2026083646	25	paper_frac_posterior_mean_below	local_100kb	50000	0.38478114477600001	0.19533969232404283	35	0.17499999999999999
eas_neutral_exact_population_af_reverse_bridge_r047	EAS	neutral	0	2026083647	25	mean_p_tmrca_lt	focal	1000	0.0067398981940000003	0.19533969232404283	35	0.17499999999999999
eas_neutral_exact_population_af_reverse_bridge_r047	EAS	neutral	0	2026083647	25	mean_p_tmrca_lt	focal	4500	0.028488017609999999	0.19533969232404283	35	0.17499999999999999
eas_neutral_exact_population_af_reverse_bridge_r047	EAS	neutral	0	2026083647	25	mean_p_tmrca_lt	focal	10000	0.056987226289999998	0.19533969232404283	35	0.17499999999999999
eas_neutral_exact_population_af_reverse_bridge_r047	EAS	neutral	0	2026083647	25	mean_p_tmrca_lt	focal	20000	0.096082232850000004	0.19533969232404283	35	0.17499999999999999
eas_neutral_exact_population_af_reverse_bridge_r047	EAS	neutral	0	2026083647	25	mean_p_tmrca_lt	focal	30000	0.1252259818	0.19533969232404283	35	0.17499999999999999
eas_neutral_exact_population_af_reverse_bridge_r047	EAS	neutral	0	2026083647	25	mean_p_tmrca_lt	focal	40000	0.1485199502	0.19533969232404283	35	0.17499999999999999
eas_neutral_exact_population_af_reverse_bridge_r047	EAS	neutral	0	2026083647	25	mean_p_tmrca_lt	focal	50000	0.1680364617	0.19533969232404283	35	0.17499999999999999
eas_neutral_exact_population_af_reverse_bridge_r047	EAS	neutral	0	2026083647	25	mean_p_tmrca_lt	local_100kb	1000	0.0087808760826199993	0.19533969232404283	35	0.17499999999999999
eas_neutral_exact_population_af_reverse_bridge_r047	EAS	neutral	0	2026083647	25	mean_p_tmrca_lt	local_100kb	4500	0.038416296878099998	0.19533969232404283	35	0.17499999999999999
eas_neutral_exact_population_af_reverse_bridge_r047	EAS	neutral	0	2026083647	25	mean_p_tmrca_lt	local_100kb	10000	0.079848285806700003	0.19533969232404283	35	0.17499999999999999
eas_neutral_exact_population_af_reverse_bridge_r047	EAS	neutral	0	2026083647	25	mean_p_tmrca_lt	local_100kb	20000	0.14111231143700001	0.19533969232404283	35	0.17499999999999999
eas_neutral_exact_population_af_reverse_bridge_r047	EAS	neutral	0	2026083647	25	mean_p_tmrca_lt	local_100kb	30000	0.189463637405	0.19533969232404283	35	0.17499999999999999
eas_neutral_exact_population_af_reverse_bridge_r047	EAS	neutral	0	2026083647	25	mean_p_tmrca_lt	local_100kb	40000	0.22911215481399999	0.19533969232404283	35	0.17499999999999999
eas_neutral_exact_population_af_reverse_bridge_r047	EAS	neutral	0	2026083647	25	mean_p_tmrca_lt	local_100kb	50000	0.26264437645700001	0.19533969232404283	35	0.17499999999999999
eas_neutral_exact_population_af_reverse_bridge_r047	EAS	neutral	0	2026083647	25	paper_frac_posterior_mean_below	focal	1000	0.000404040404	0.19533969232404283	35	0.17499999999999999
eas_neutral_exact_population_af_reverse_bridge_r047	EAS	neutral	0	2026083647	25	paper_frac_posterior_mean_below	focal	4500	0.003838383838	0.19533969232404283	35	0.17499999999999999
eas_neutral_exact_population_af_reverse_bridge_r047	EAS	neutral	0	2026083647	25	paper_frac_posterior_mean_below	focal	10000	0.014343434340000001	0.19533969232404283	35	0.17499999999999999
eas_neutral_exact_population_af_reverse_bridge_r047	EAS	neutral	0	2026083647	25	paper_frac_posterior_mean_below	focal	20000	0.055959595959999997	0.19533969232404283	35	0.17499999999999999
eas_neutral_exact_population_af_reverse_bridge_r047	EAS	neutral	0	2026083647	25	paper_frac_posterior_mean_below	focal	30000	0.080404040400000001	0.19533969232404283	35	0.17499999999999999
eas_neutral_exact_population_af_reverse_bridge_r047	EAS	neutral	0	2026083647	25	paper_frac_posterior_mean_below	focal	40000	0.1044444444	0.19533969232404283	35	0.17499999999999999
eas_neutral_exact_population_af_reverse_bridge_r047	EAS	neutral	0	2026083647	25	paper_frac_posterior_mean_below	focal	50000	0.13030303030000001	0.19533969232404283	35	0.17499999999999999
eas_neutral_exact_population_af_reverse_bridge_r047	EAS	neutral	0	2026083647	25	paper_frac_posterior_mean_below	local_100kb	1000	0.000404040404	0.19533969232404283	35	0.17499999999999999
eas_neutral_exact_population_af_reverse_bridge_r047	EAS	neutral	0	2026083647	25	paper_frac_posterior_mean_below	local_100kb	4500	0.00385762385724	0.19533969232404283	35	0.17499999999999999
eas_neutral_exact_population_af_reverse_bridge_r047	EAS	neutral	0	2026083647	25	paper_frac_posterior_mean_below	local_100kb	10000	0.015670995671400002	0.19533969232404283	35	0.17499999999999999
eas_neutral_exact_population_af_reverse_bridge_r047	EAS	neutral	0	2026083647	25	paper_frac_posterior_mean_below	local_100kb	20000	0.064242424242899998	0.19533969232404283	35	0.17499999999999999
eas_neutral_exact_population_af_reverse_bridge_r047	EAS	neutral	0	2026083647	25	paper_frac_posterior_mean_below	local_100kb	30000	0.11309283308900001	0.19533969232404283	35	0.17499999999999999
eas_neutral_exact_population_af_reverse_bridge_r047	EAS	neutral	0	2026083647	25	paper_frac_posterior_mean_below	local_100kb	40000	0.15898989898599999	0.19533969232404283	35	0.17499999999999999
eas_neutral_exact_population_af_reverse_bridge_r047	EAS	neutral	0	2026083647	25	paper_frac_posterior_mean_below	local_100kb	50000	0.19551707552399999	0.19533969232404283	35	0.17499999999999999
eas_neutral_exact_population_af_reverse_bridge_r048	EAS	neutral	0	2026083648	25	mean_p_tmrca_lt	focal	1000	0.012348552489999999	0.19533969232404283	39	0.19500000000000001
eas_neutral_exact_population_af_reverse_bridge_r048	EAS	neutral	0	2026083648	25	mean_p_tmrca_lt	focal	4500	0.056281402799999998	0.19533969232404283	39	0.19500000000000001
eas_neutral_exact_population_af_reverse_bridge_r048	EAS	neutral	0	2026083648	25	mean_p_tmrca_lt	focal	10000	0.1208236144	0.19533969232404283	39	0.19500000000000001
eas_neutral_exact_population_af_reverse_bridge_r048	EAS	neutral	0	2026083648	25	mean_p_tmrca_lt	focal	20000	0.22102309119999999	0.19533969232404283	39	0.19500000000000001
eas_neutral_exact_population_af_reverse_bridge_r048	EAS	neutral	0	2026083648	25	mean_p_tmrca_lt	focal	30000	0.30184133909999999	0.19533969232404283	39	0.19500000000000001
eas_neutral_exact_population_af_reverse_bridge_r048	EAS	neutral	0	2026083648	25	mean_p_tmrca_lt	focal	40000	0.36721311880000002	0.19533969232404283	39	0.19500000000000001
eas_neutral_exact_population_af_reverse_bridge_r048	EAS	neutral	0	2026083648	25	mean_p_tmrca_lt	focal	50000	0.42046156410000002	0.19533969232404283	39	0.19500000000000001
eas_neutral_exact_population_af_reverse_bridge_r048	EAS	neutral	0	2026083648	25	mean_p_tmrca_lt	local_100kb	1000	0.0131378142438	0.19533969232404283	39	0.19500000000000001
eas_neutral_exact_population_af_reverse_bridge_r048	EAS	neutral	0	2026083648	25	mean_p_tmrca_lt	local_100kb	4500	0.060581179932400003	0.19533969232404283	39	0.19500000000000001
eas_neutral_exact_population_af_reverse_bridge_r048	EAS	neutral	0	2026083648	25	mean_p_tmrca_lt	local_100kb	10000	0.130444809212	0.19533969232404283	39	0.19500000000000001
eas_neutral_exact_population_af_reverse_bridge_r048	EAS	neutral	0	2026083648	25	mean_p_tmrca_lt	local_100kb	20000	0.237227954524	0.19533969232404283	39	0.19500000000000001
eas_neutral_exact_population_af_reverse_bridge_r048	EAS	neutral	0	2026083648	25	mean_p_tmrca_lt	local_100kb	30000	0.32133799516200001	0.19533969232404283	39	0.19500000000000001
eas_neutral_exact_population_af_reverse_bridge_r048	EAS	neutral	0	2026083648	25	mean_p_tmrca_lt	local_100kb	40000	0.38809404134800002	0.19533969232404283	39	0.19500000000000001
eas_neutral_exact_population_af_reverse_bridge_r048	EAS	neutral	0	2026083648	25	mean_p_tmrca_lt	local_100kb	50000	0.44175405131899997	0.19533969232404283	39	0.19500000000000001
eas_neutral_exact_population_af_reverse_bridge_r048	EAS	neutral	0	2026083648	25	paper_frac_posterior_mean_below	focal	1000	0.0006060606061	0.19533969232404283	39	0.19500000000000001
eas_neutral_exact_population_af_reverse_bridge_r048	EAS	neutral	0	2026083648	25	paper_frac_posterior_mean_below	focal	4500	0.0030303030300000001	0.19533969232404283	39	0.19500000000000001
eas_neutral_exact_population_af_reverse_bridge_r048	EAS	neutral	0	2026083648	25	paper_frac_posterior_mean_below	focal	10000	0.01676767677	0.19533969232404283	39	0.19500000000000001
eas_neutral_exact_population_af_reverse_bridge_r048	EAS	neutral	0	2026083648	25	paper_frac_posterior_mean_below	focal	20000	0.080404040400000001	0.19533969232404283	39	0.19500000000000001
eas_neutral_exact_population_af_reverse_bridge_r048	EAS	neutral	0	2026083648	25	paper_frac_posterior_mean_below	focal	30000	0.1527272727	0.19533969232404283	39	0.19500000000000001
eas_neutral_exact_population_af_reverse_bridge_r048	EAS	neutral	0	2026083648	25	paper_frac_posterior_mean_below	focal	40000	0.25191919190000001	0.19533969232404283	39	0.19500000000000001
eas_neutral_exact_population_af_reverse_bridge_r048	EAS	neutral	0	2026083648	25	paper_frac_posterior_mean_below	focal	50000	0.39010101009999998	0.19533969232404283	39	0.19500000000000001
eas_neutral_exact_population_af_reverse_bridge_r048	EAS	neutral	0	2026083648	25	paper_frac_posterior_mean_below	local_100kb	1000	0.0006060606061	0.19533969232404283	39	0.19500000000000001
eas_neutral_exact_population_af_reverse_bridge_r048	EAS	neutral	0	2026083648	25	paper_frac_posterior_mean_below	local_100kb	4500	0.00277056277029	0.19533969232404283	39	0.19500000000000001
eas_neutral_exact_population_af_reverse_bridge_r048	EAS	neutral	0	2026083648	25	paper_frac_posterior_mean_below	local_100kb	10000	0.0165464165462	0.19533969232404283	39	0.19500000000000001
eas_neutral_exact_population_af_reverse_bridge_r048	EAS	neutral	0	2026083648	25	paper_frac_posterior_mean_below	local_100kb	20000	0.083011063011000003	0.19533969232404283	39	0.19500000000000001
eas_neutral_exact_population_af_reverse_bridge_r048	EAS	neutral	0	2026083648	25	paper_frac_posterior_mean_below	local_100kb	30000	0.189023569024	0.19533969232404283	39	0.19500000000000001
eas_neutral_exact_population_af_reverse_bridge_r048	EAS	neutral	0	2026083648	25	paper_frac_posterior_mean_below	local_100kb	40000	0.29571909571900001	0.19533969232404283	39	0.19500000000000001
eas_neutral_exact_population_af_reverse_bridge_r048	EAS	neutral	0	2026083648	25	paper_frac_posterior_mean_below	local_100kb	50000	0.38649350649000003	0.19533969232404283	39	0.19500000000000001
eas_neutral_exact_population_af_reverse_bridge_r049	EAS	neutral	0	2026083649	25	mean_p_tmrca_lt	focal	1000	0.0083902411319999991	0.19533969232404283	27	0.13500000000000001
eas_neutral_exact_population_af_reverse_bridge_r049	EAS	neutral	0	2026083649	25	mean_p_tmrca_lt	focal	4500	0.036649184369999997	0.19533969232404283	27	0.13500000000000001
eas_neutral_exact_population_af_reverse_bridge_r049	EAS	neutral	0	2026083649	25	mean_p_tmrca_lt	focal	10000	0.073550701630000007	0.19533969232404283	27	0.13500000000000001
eas_neutral_exact_population_af_reverse_bridge_r049	EAS	neutral	0	2026083649	25	mean_p_tmrca_lt	focal	20000	0.1239315423	0.19533969232404283	27	0.13500000000000001
eas_neutral_exact_population_af_reverse_bridge_r049	EAS	neutral	0	2026083649	25	mean_p_tmrca_lt	focal	30000	0.16143128979999999	0.19533969232404283	27	0.13500000000000001
eas_neutral_exact_population_af_reverse_bridge_r049	EAS	neutral	0	2026083649	25	mean_p_tmrca_lt	focal	40000	0.1915727673	0.19533969232404283	27	0.13500000000000001
eas_neutral_exact_population_af_reverse_bridge_r049	EAS	neutral	0	2026083649	25	mean_p_tmrca_lt	focal	50000	0.21710166829999999	0.19533969232404283	27	0.13500000000000001
eas_neutral_exact_population_af_reverse_bridge_r049	EAS	neutral	0	2026083649	25	mean_p_tmrca_lt	local_100kb	1000	0.0086113299251900002	0.19533969232404283	27	0.13500000000000001
eas_neutral_exact_population_af_reverse_bridge_r049	EAS	neutral	0	2026083649	25	mean_p_tmrca_lt	local_100kb	4500	0.037665479627600001	0.19533969232404283	27	0.13500000000000001
eas_neutral_exact_population_af_reverse_bridge_r049	EAS	neutral	0	2026083649	25	mean_p_tmrca_lt	local_100kb	10000	0.076266385428999994	0.19533969232404283	27	0.13500000000000001
eas_neutral_exact_population_af_reverse_bridge_r049	EAS	neutral	0	2026083649	25	mean_p_tmrca_lt	local_100kb	20000	0.130498412919	0.19533969232404283	27	0.13500000000000001
eas_neutral_exact_population_af_reverse_bridge_r049	EAS	neutral	0	2026083649	25	mean_p_tmrca_lt	local_100kb	30000	0.17201894956700001	0.19533969232404283	27	0.13500000000000001
eas_neutral_exact_population_af_reverse_bridge_r049	EAS	neutral	0	2026083649	25	mean_p_tmrca_lt	local_100kb	40000	0.205850033643	0.19533969232404283	27	0.13500000000000001
eas_neutral_exact_population_af_reverse_bridge_r049	EAS	neutral	0	2026083649	25	mean_p_tmrca_lt	local_100kb	50000	0.23459228767599999	0.19533969232404283	27	0.13500000000000001
eas_neutral_exact_population_af_reverse_bridge_r049	EAS	neutral	0	2026083649	25	paper_frac_posterior_mean_below	focal	1000	0.000404040404	0.19533969232404283	27	0.13500000000000001
eas_neutral_exact_population_af_reverse_bridge_r049	EAS	neutral	0	2026083649	25	paper_frac_posterior_mean_below	focal	4500	0.0028282828279999998	0.19533969232404283	27	0.13500000000000001
eas_neutral_exact_population_af_reverse_bridge_r049	EAS	neutral	0	2026083649	25	paper_frac_posterior_mean_below	focal	10000	0.020808080810000001	0.19533969232404283	27	0.13500000000000001
eas_neutral_exact_population_af_reverse_bridge_r049	EAS	neutral	0	2026083649	25	paper_frac_posterior_mean_below	focal	20000	0.079393939390000001	0.19533969232404283	27	0.13500000000000001
eas_neutral_exact_population_af_reverse_bridge_r049	EAS	neutral	0	2026083649	25	paper_frac_posterior_mean_below	focal	30000	0.1056565657	0.19533969232404283	27	0.13500000000000001
eas_neutral_exact_population_af_reverse_bridge_r049	EAS	neutral	0	2026083649	25	paper_frac_posterior_mean_below	focal	40000	0.1317171717	0.19533969232404283	27	0.13500000000000001
eas_neutral_exact_population_af_reverse_bridge_r049	EAS	neutral	0	2026083649	25	paper_frac_posterior_mean_below	focal	50000	0.143030303	0.19533969232404283	27	0.13500000000000001
eas_neutral_exact_population_af_reverse_bridge_r049	EAS	neutral	0	2026083649	25	paper_frac_posterior_mean_below	local_100kb	1000	0.000404040404	0.19533969232404283	27	0.13500000000000001
eas_neutral_exact_population_af_reverse_bridge_r049	EAS	neutral	0	2026083649	25	paper_frac_posterior_mean_below	local_100kb	4500	0.0028763828761000001	0.19533969232404283	27	0.13500000000000001
eas_neutral_exact_population_af_reverse_bridge_r049	EAS	neutral	0	2026083649	25	paper_frac_posterior_mean_below	local_100kb	10000	0.020355940356699999	0.19533969232404283	27	0.13500000000000001
eas_neutral_exact_population_af_reverse_bridge_r049	EAS	neutral	0	2026083649	25	paper_frac_posterior_mean_below	local_100kb	20000	0.070245310244800005	0.19533969232404283	27	0.13500000000000001
eas_neutral_exact_population_af_reverse_bridge_r049	EAS	neutral	0	2026083649	25	paper_frac_posterior_mean_below	local_100kb	30000	0.106464646469	0.19533969232404283	27	0.13500000000000001
eas_neutral_exact_population_af_reverse_bridge_r049	EAS	neutral	0	2026083649	25	paper_frac_posterior_mean_below	local_100kb	40000	0.140144300143	0.19533969232404283	27	0.13500000000000001
eas_neutral_exact_population_af_reverse_bridge_r049	EAS	neutral	0	2026083649	25	paper_frac_posterior_mean_below	local_100kb	50000	0.16688792688599999	0.19533969232404283	27	0.13500000000000001
eas_neutral_exact_population_af_reverse_bridge_r050	EAS	neutral	0	2026083650	25	mean_p_tmrca_lt	focal	1000	0.011811885310000001	0.19533969232404283	38	0.19
eas_neutral_exact_population_af_reverse_bridge_r050	EAS	neutral	0	2026083650	25	mean_p_tmrca_lt	focal	4500	0.050367726270000003	0.19533969232404283	38	0.19
eas_neutral_exact_population_af_reverse_bridge_r050	EAS	neutral	0	2026083650	25	mean_p_tmrca_lt	focal	10000	0.10096804130000001	0.19533969232404283	38	0.19
eas_neutral_exact_population_af_reverse_bridge_r050	EAS	neutral	0	2026083650	25	mean_p_tmrca_lt	focal	20000	0.16838182939999999	0.19533969232404283	38	0.19
eas_neutral_exact_population_af_reverse_bridge_r050	EAS	neutral	0	2026083650	25	mean_p_tmrca_lt	focal	30000	0.21645147649999999	0.19533969232404283	38	0.19
eas_neutral_exact_population_af_reverse_bridge_r050	EAS	neutral	0	2026083650	25	mean_p_tmrca_lt	focal	40000	0.2538259122	0.19533969232404283	38	0.19
eas_neutral_exact_population_af_reverse_bridge_r050	EAS	neutral	0	2026083650	25	mean_p_tmrca_lt	focal	50000	0.28496830099999998	0.19533969232404283	38	0.19
eas_neutral_exact_population_af_reverse_bridge_r050	EAS	neutral	0	2026083650	25	mean_p_tmrca_lt	local_100kb	1000	0.0130647532609	0.19533969232404283	38	0.19
eas_neutral_exact_population_af_reverse_bridge_r050	EAS	neutral	0	2026083650	25	mean_p_tmrca_lt	local_100kb	4500	0.059526167302399999	0.19533969232404283	38	0.19
eas_neutral_exact_population_af_reverse_bridge_r050	EAS	neutral	0	2026083650	25	mean_p_tmrca_lt	local_100kb	10000	0.126979831426	0.19533969232404283	38	0.19
eas_neutral_exact_population_af_reverse_bridge_r050	EAS	neutral	0	2026083650	25	mean_p_tmrca_lt	local_100kb	20000	0.2284022798	0.19533969232404283	38	0.19
eas_neutral_exact_population_af_reverse_bridge_r050	EAS	neutral	0	2026083650	25	mean_p_tmrca_lt	local_100kb	30000	0.30867038545699998	0.19533969232404283	38	0.19
eas_neutral_exact_population_af_reverse_bridge_r050	EAS	neutral	0	2026083650	25	mean_p_tmrca_lt	local_100kb	40000	0.37429533719000002	0.19533969232404283	38	0.19
eas_neutral_exact_population_af_reverse_bridge_r050	EAS	neutral	0	2026083650	25	mean_p_tmrca_lt	local_100kb	50000	0.42942628348599998	0.19533969232404283	38	0.19
eas_neutral_exact_population_af_reverse_bridge_r050	EAS	neutral	0	2026083650	25	paper_frac_posterior_mean_below	focal	1000	0.0006060606061	0.19533969232404283	38	0.19
eas_neutral_exact_population_af_reverse_bridge_r050	EAS	neutral	0	2026083650	25	paper_frac_posterior_mean_below	focal	4500	0.0024242424240000001	0.19533969232404283	38	0.19
eas_neutral_exact_population_af_reverse_bridge_r050	EAS	neutral	0	2026083650	25	paper_frac_posterior_mean_below	focal	10000	0.031111111109999999	0.19533969232404283	38	0.19
eas_neutral_exact_population_af_reverse_bridge_r050	EAS	neutral	0	2026083650	25	paper_frac_posterior_mean_below	focal	20000	0.11131313130000001	0.19533969232404283	38	0.19
eas_neutral_exact_population_af_reverse_bridge_r050	EAS	neutral	0	2026083650	25	paper_frac_posterior_mean_below	focal	30000	0.19212121209999999	0.19533969232404283	38	0.19
eas_neutral_exact_population_af_reverse_bridge_r050	EAS	neutral	0	2026083650	25	paper_frac_posterior_mean_below	focal	40000	0.22909090909999999	0.19533969232404283	38	0.19
eas_neutral_exact_population_af_reverse_bridge_r050	EAS	neutral	0	2026083650	25	paper_frac_posterior_mean_below	focal	50000	0.25171717170000002	0.19533969232404283	38	0.19
eas_neutral_exact_population_af_reverse_bridge_r050	EAS	neutral	0	2026083650	25	paper_frac_posterior_mean_below	local_100kb	1000	0.0006060606061	0.19533969232404283	38	0.19
eas_neutral_exact_population_af_reverse_bridge_r050	EAS	neutral	0	2026083650	25	paper_frac_posterior_mean_below	local_100kb	4500	0.00279942279914	0.19533969232404283	38	0.19
eas_neutral_exact_population_af_reverse_bridge_r050	EAS	neutral	0	2026083650	25	paper_frac_posterior_mean_below	local_100kb	10000	0.027186147186200001	0.19533969232404283	38	0.19
eas_neutral_exact_population_af_reverse_bridge_r050	EAS	neutral	0	2026083650	25	paper_frac_posterior_mean_below	local_100kb	20000	0.11798941799	0.19533969232404283	38	0.19
eas_neutral_exact_population_af_reverse_bridge_r050	EAS	neutral	0	2026083650	25	paper_frac_posterior_mean_below	local_100kb	30000	0.19056277056199999	0.19533969232404283	38	0.19
eas_neutral_exact_population_af_reverse_bridge_r050	EAS	neutral	0	2026083650	25	paper_frac_posterior_mean_below	local_100kb	40000	0.25275613276199999	0.19533969232404283	38	0.19
eas_neutral_exact_population_af_reverse_bridge_r050	EAS	neutral	0	2026083650	25	paper_frac_posterior_mean_below	local_100kb	50000	0.29988455988099999	0.19533969232404283	38	0.19
eas_neutral_exact_population_af_reverse_bridge_r051	EAS	neutral	0	2026083651	25	mean_p_tmrca_lt	focal	1000	0.02201419273	0.19533969232404283	42	0.20999999999999999
eas_neutral_exact_population_af_reverse_bridge_r051	EAS	neutral	0	2026083651	25	mean_p_tmrca_lt	focal	4500	0.089823186299999996	0.19533969232404283	42	0.20999999999999999
eas_neutral_exact_population_af_reverse_bridge_r051	EAS	neutral	0	2026083651	25	mean_p_tmrca_lt	focal	10000	0.17460165259999999	0.19533969232404283	42	0.20999999999999999
eas_neutral_exact_population_af_reverse_bridge_r051	EAS	neutral	0	2026083651	25	mean_p_tmrca_lt	focal	20000	0.2838285149	0.19533969232404283	42	0.20999999999999999
eas_neutral_exact_population_af_reverse_bridge_r051	EAS	neutral	0	2026083651	25	mean_p_tmrca_lt	focal	30000	0.35855624860000002	0.19533969232404283	42	0.20999999999999999
eas_neutral_exact_population_af_reverse_bridge_r051	EAS	neutral	0	2026083651	25	mean_p_tmrca_lt	focal	40000	0.41310853809999998	0.19533969232404283	42	0.20999999999999999
eas_neutral_exact_population_af_reverse_bridge_r051	EAS	neutral	0	2026083651	25	mean_p_tmrca_lt	focal	50000	0.45477858249999997	0.19533969232404283	42	0.20999999999999999
eas_neutral_exact_population_af_reverse_bridge_r051	EAS	neutral	0	2026083651	25	mean_p_tmrca_lt	local_100kb	1000	0.0152869873992	0.19533969232404283	42	0.20999999999999999
eas_neutral_exact_population_af_reverse_bridge_r051	EAS	neutral	0	2026083651	25	mean_p_tmrca_lt	local_100kb	4500	0.065793177767100003	0.19533969232404283	42	0.20999999999999999
eas_neutral_exact_population_af_reverse_bridge_r051	EAS	neutral	0	2026083651	25	mean_p_tmrca_lt	local_100kb	10000	0.13439683875	0.19533969232404283	42	0.20999999999999999
eas_neutral_exact_population_af_reverse_bridge_r051	EAS	neutral	0	2026083651	25	mean_p_tmrca_lt	local_100kb	20000	0.22880779300000001	0.19533969232404283	42	0.20999999999999999
eas_neutral_exact_population_af_reverse_bridge_r051	EAS	neutral	0	2026083651	25	mean_p_tmrca_lt	local_100kb	30000	0.296221106505	0.19533969232404283	42	0.20999999999999999
eas_neutral_exact_population_af_reverse_bridge_r051	EAS	neutral	0	2026083651	25	mean_p_tmrca_lt	local_100kb	40000	0.34684597113799998	0.19533969232404283	42	0.20999999999999999
eas_neutral_exact_population_af_reverse_bridge_r051	EAS	neutral	0	2026083651	25	mean_p_tmrca_lt	local_100kb	50000	0.38662580545199998	0.19533969232404283	42	0.20999999999999999
eas_neutral_exact_population_af_reverse_bridge_r051	EAS	neutral	0	2026083651	25	paper_frac_posterior_mean_below	focal	1000	0.00101010101	0.19533969232404283	42	0.20999999999999999
eas_neutral_exact_population_af_reverse_bridge_r051	EAS	neutral	0	2026083651	25	paper_frac_posterior_mean_below	focal	4500	0.0074747474749999997	0.19533969232404283	42	0.20999999999999999
eas_neutral_exact_population_af_reverse_bridge_r051	EAS	neutral	0	2026083651	25	paper_frac_posterior_mean_below	focal	10000	0.040404040400000001	0.19533969232404283	42	0.20999999999999999
eas_neutral_exact_population_af_reverse_bridge_r051	EAS	neutral	0	2026083651	25	paper_frac_posterior_mean_below	focal	20000	0.18787878790000001	0.19533969232404283	42	0.20999999999999999
eas_neutral_exact_population_af_reverse_bridge_r051	EAS	neutral	0	2026083651	25	paper_frac_posterior_mean_below	focal	30000	0.26222222220000002	0.19533969232404283	42	0.20999999999999999
eas_neutral_exact_population_af_reverse_bridge_r051	EAS	neutral	0	2026083651	25	paper_frac_posterior_mean_below	focal	40000	0.2981818182	0.19533969232404283	42	0.20999999999999999
eas_neutral_exact_population_af_reverse_bridge_r051	EAS	neutral	0	2026083651	25	paper_frac_posterior_mean_below	focal	50000	0.4286868687	0.19533969232404283	42	0.20999999999999999
eas_neutral_exact_population_af_reverse_bridge_r051	EAS	neutral	0	2026083651	25	paper_frac_posterior_mean_below	local_100kb	1000	0.0010582010581	0.19533969232404283	42	0.20999999999999999
eas_neutral_exact_population_af_reverse_bridge_r051	EAS	neutral	0	2026083651	25	paper_frac_posterior_mean_below	local_100kb	4500	0.0067051467054800003	0.19533969232404283	42	0.20999999999999999
eas_neutral_exact_population_af_reverse_bridge_r051	EAS	neutral	0	2026083651	25	paper_frac_posterior_mean_below	local_100kb	10000	0.034391534391399997	0.19533969232404283	42	0.20999999999999999
eas_neutral_exact_population_af_reverse_bridge_r051	EAS	neutral	0	2026083651	25	paper_frac_posterior_mean_below	local_100kb	20000	0.146685906679	0.19533969232404283	42	0.20999999999999999
eas_neutral_exact_population_af_reverse_bridge_r051	EAS	neutral	0	2026083651	25	paper_frac_posterior_mean_below	local_100kb	30000	0.22136604137599999	0.19533969232404283	42	0.20999999999999999
eas_neutral_exact_population_af_reverse_bridge_r051	EAS	neutral	0	2026083651	25	paper_frac_posterior_mean_below	local_100kb	40000	0.273391053386	0.19533969232404283	42	0.20999999999999999
eas_neutral_exact_population_af_reverse_bridge_r051	EAS	neutral	0	2026083651	25	paper_frac_posterior_mean_below	local_100kb	50000	0.33233285232400001	0.19533969232404283	42	0.20999999999999999
eas_neutral_exact_population_af_reverse_bridge_r052	EAS	neutral	0	2026083652	25	mean_p_tmrca_lt	focal	1000	0.0086126733509999994	0.19533969232404283	41	0.20499999999999999
eas_neutral_exact_population_af_reverse_bridge_r052	EAS	neutral	0	2026083652	25	mean_p_tmrca_lt	focal	4500	0.036480402039999998	0.19533969232404283	41	0.20499999999999999
eas_neutral_exact_population_af_reverse_bridge_r052	EAS	neutral	0	2026083652	25	mean_p_tmrca_lt	focal	10000	0.074167481529999996	0.19533969232404283	41	0.20499999999999999
eas_neutral_exact_population_af_reverse_bridge_r052	EAS	neutral	0	2026083652	25	mean_p_tmrca_lt	focal	20000	0.1282383913	0.19533969232404283	41	0.20499999999999999
eas_neutral_exact_population_af_reverse_bridge_r052	EAS	neutral	0	2026083652	25	mean_p_tmrca_lt	focal	30000	0.1702262095	0.19533969232404283	41	0.20499999999999999
eas_neutral_exact_population_af_reverse_bridge_r052	EAS	neutral	0	2026083652	25	mean_p_tmrca_lt	focal	40000	0.20456781299999999	0.19533969232404283	41	0.20499999999999999
eas_neutral_exact_population_af_reverse_bridge_r052	EAS	neutral	0	2026083652	25	mean_p_tmrca_lt	focal	50000	0.2337340819	0.19533969232404283	41	0.20499999999999999
eas_neutral_exact_population_af_reverse_bridge_r052	EAS	neutral	0	2026083652	25	mean_p_tmrca_lt	local_100kb	1000	0.0099865699272900007	0.19533969232404283	41	0.20499999999999999
eas_neutral_exact_population_af_reverse_bridge_r052	EAS	neutral	0	2026083652	25	mean_p_tmrca_lt	local_100kb	4500	0.043559681951899999	0.19533969232404283	41	0.20499999999999999
eas_neutral_exact_population_af_reverse_bridge_r052	EAS	neutral	0	2026083652	25	mean_p_tmrca_lt	local_100kb	10000	0.0905390775471	0.19533969232404283	41	0.20499999999999999
eas_neutral_exact_population_af_reverse_bridge_r052	EAS	neutral	0	2026083652	25	mean_p_tmrca_lt	local_100kb	20000	0.16088844432900001	0.19533969232404283	41	0.20499999999999999
eas_neutral_exact_population_af_reverse_bridge_r052	EAS	neutral	0	2026083652	25	mean_p_tmrca_lt	local_100kb	30000	0.21762043596700001	0.19533969232404283	41	0.20499999999999999
eas_neutral_exact_population_af_reverse_bridge_r052	EAS	neutral	0	2026083652	25	mean_p_tmrca_lt	local_100kb	40000	0.265037113805	0.19533969232404283	41	0.20499999999999999
eas_neutral_exact_population_af_reverse_bridge_r052	EAS	neutral	0	2026083652	25	mean_p_tmrca_lt	local_100kb	50000	0.30569630590500002	0.19533969232404283	41	0.20499999999999999
eas_neutral_exact_population_af_reverse_bridge_r052	EAS	neutral	0	2026083652	25	paper_frac_posterior_mean_below	focal	1000	0.00080808080809999998	0.19533969232404283	41	0.20499999999999999
eas_neutral_exact_population_af_reverse_bridge_r052	EAS	neutral	0	2026083652	25	paper_frac_posterior_mean_below	focal	4500	0.0036363636360000002	0.19533969232404283	41	0.20499999999999999
eas_neutral_exact_population_af_reverse_bridge_r052	EAS	neutral	0	2026083652	25	paper_frac_posterior_mean_below	focal	10000	0.01616161616	0.19533969232404283	41	0.20499999999999999
eas_neutral_exact_population_af_reverse_bridge_r052	EAS	neutral	0	2026083652	25	paper_frac_posterior_mean_below	focal	20000	0.083232323230000002	0.19533969232404283	41	0.20499999999999999
eas_neutral_exact_population_af_reverse_bridge_r052	EAS	neutral	0	2026083652	25	paper_frac_posterior_mean_below	focal	30000	0.12303030299999999	0.19533969232404283	41	0.20499999999999999
eas_neutral_exact_population_af_reverse_bridge_r052	EAS	neutral	0	2026083652	25	paper_frac_posterior_mean_below	focal	40000	0.14646464649999999	0.19533969232404283	41	0.20499999999999999
eas_neutral_exact_population_af_reverse_bridge_r052	EAS	neutral	0	2026083652	25	paper_frac_posterior_mean_below	focal	50000	0.16141414139999999	0.19533969232404283	41	0.20499999999999999
eas_neutral_exact_population_af_reverse_bridge_r052	EAS	neutral	0	2026083652	25	paper_frac_posterior_mean_below	local_100kb	1000	0.00075036075038600002	0.19533969232404283	41	0.20499999999999999
eas_neutral_exact_population_af_reverse_bridge_r052	EAS	neutral	0	2026083652	25	paper_frac_posterior_mean_below	local_100kb	4500	0.0034247234243800001	0.19533969232404283	41	0.20499999999999999
eas_neutral_exact_population_af_reverse_bridge_r052	EAS	neutral	0	2026083652	25	paper_frac_posterior_mean_below	local_100kb	10000	0.018941798942400001	0.19533969232404283	41	0.20499999999999999
eas_neutral_exact_population_af_reverse_bridge_r052	EAS	neutral	0	2026083652	25	paper_frac_posterior_mean_below	local_100kb	20000	0.069206349206200002	0.19533969232404283	41	0.20499999999999999
eas_neutral_exact_population_af_reverse_bridge_r052	EAS	neutral	0	2026083652	25	paper_frac_posterior_mean_below	local_100kb	30000	0.119143819146	0.19533969232404283	41	0.20499999999999999
eas_neutral_exact_population_af_reverse_bridge_r052	EAS	neutral	0	2026083652	25	paper_frac_posterior_mean_below	local_100kb	40000	0.16091390090499999	0.19533969232404283	41	0.20499999999999999
eas_neutral_exact_population_af_reverse_bridge_r052	EAS	neutral	0	2026083652	25	paper_frac_posterior_mean_below	local_100kb	50000	0.20558922558600001	0.19533969232404283	41	0.20499999999999999
eas_neutral_exact_population_af_reverse_bridge_r053	EAS	neutral	0	2026083653	25	mean_p_tmrca_lt	focal	1000	0.0069220468709999998	0.19533969232404283	38	0.19
eas_neutral_exact_population_af_reverse_bridge_r053	EAS	neutral	0	2026083653	25	mean_p_tmrca_lt	focal	4500	0.031030389910000001	0.19533969232404283	38	0.19
eas_neutral_exact_population_af_reverse_bridge_r053	EAS	neutral	0	2026083653	25	mean_p_tmrca_lt	focal	10000	0.065356632610000007	0.19533969232404283	38	0.19
eas_neutral_exact_population_af_reverse_bridge_r053	EAS	neutral	0	2026083653	25	mean_p_tmrca_lt	focal	20000	0.11781282849999999	0.19533969232404283	38	0.19
eas_neutral_exact_population_af_reverse_bridge_r053	EAS	neutral	0	2026083653	25	mean_p_tmrca_lt	focal	30000	0.1613399167	0.19533969232404283	38	0.19
eas_neutral_exact_population_af_reverse_bridge_r053	EAS	neutral	0	2026083653	25	mean_p_tmrca_lt	focal	40000	0.1988242013	0.19533969232404283	38	0.19
eas_neutral_exact_population_af_reverse_bridge_r053	EAS	neutral	0	2026083653	25	mean_p_tmrca_lt	focal	50000	0.23187606520000001	0.19533969232404283	38	0.19
eas_neutral_exact_population_af_reverse_bridge_r053	EAS	neutral	0	2026083653	25	mean_p_tmrca_lt	local_100kb	1000	0.0107595904195	0.19533969232404283	38	0.19
eas_neutral_exact_population_af_reverse_bridge_r053	EAS	neutral	0	2026083653	25	mean_p_tmrca_lt	local_100kb	4500	0.047461001647599997	0.19533969232404283	38	0.19
eas_neutral_exact_population_af_reverse_bridge_r053	EAS	neutral	0	2026083653	25	mean_p_tmrca_lt	local_100kb	10000	0.098325472355699994	0.19533969232404283	38	0.19
eas_neutral_exact_population_af_reverse_bridge_r053	EAS	neutral	0	2026083653	25	mean_p_tmrca_lt	local_100kb	20000	0.173531325307	0.19533969232404283	38	0.19
eas_neutral_exact_population_af_reverse_bridge_r053	EAS	neutral	0	2026083653	25	mean_p_tmrca_lt	local_100kb	30000	0.23350383759500001	0.19533969232404283	38	0.19
eas_neutral_exact_population_af_reverse_bridge_r053	EAS	neutral	0	2026083653	25	mean_p_tmrca_lt	local_100kb	40000	0.28323521402899998	0.19533969232404283	38	0.19
eas_neutral_exact_population_af_reverse_bridge_r053	EAS	neutral	0	2026083653	25	mean_p_tmrca_lt	local_100kb	50000	0.325548096324	0.19533969232404283	38	0.19
eas_neutral_exact_population_af_reverse_bridge_r053	EAS	neutral	0	2026083653	25	paper_frac_posterior_mean_below	focal	1000	0.000404040404	0.19533969232404283	38	0.19
eas_neutral_exact_population_af_reverse_bridge_r053	EAS	neutral	0	2026083653	25	paper_frac_posterior_mean_below	focal	4500	0.0036363636360000002	0.19533969232404283	38	0.19
eas_neutral_exact_population_af_reverse_bridge_r053	EAS	neutral	0	2026083653	25	paper_frac_posterior_mean_below	focal	10000	0.022828282830000001	0.19533969232404283	38	0.19
eas_neutral_exact_population_af_reverse_bridge_r053	EAS	neutral	0	2026083653	25	paper_frac_posterior_mean_below	focal	20000	0.067070707069999999	0.19533969232404283	38	0.19
eas_neutral_exact_population_af_reverse_bridge_r053	EAS	neutral	0	2026083653	25	paper_frac_posterior_mean_below	focal	30000	0.1046464646	0.19533969232404283	38	0.19
eas_neutral_exact_population_af_reverse_bridge_r053	EAS	neutral	0	2026083653	25	paper_frac_posterior_mean_below	focal	40000	0.14202020200000001	0.19533969232404283	38	0.19
eas_neutral_exact_population_af_reverse_bridge_r053	EAS	neutral	0	2026083653	25	paper_frac_posterior_mean_below	focal	50000	0.17979797980000001	0.19533969232404283	38	0.19
eas_neutral_exact_population_af_reverse_bridge_r053	EAS	neutral	0	2026083653	25	paper_frac_posterior_mean_below	local_100kb	1000	0.00039442039438100001	0.19533969232404283	38	0.19
eas_neutral_exact_population_af_reverse_bridge_r053	EAS	neutral	0	2026083653	25	paper_frac_posterior_mean_below	local_100kb	4500	0.0034535834532399999	0.19533969232404283	38	0.19
eas_neutral_exact_population_af_reverse_bridge_r053	EAS	neutral	0	2026083653	25	paper_frac_posterior_mean_below	local_100kb	10000	0.023145743145200001	0.19533969232404283	38	0.19
eas_neutral_exact_population_af_reverse_bridge_r053	EAS	neutral	0	2026083653	25	paper_frac_posterior_mean_below	local_100kb	20000	0.071447811447099996	0.19533969232404283	38	0.19
eas_neutral_exact_population_af_reverse_bridge_r053	EAS	neutral	0	2026083653	25	paper_frac_posterior_mean_below	local_100kb	30000	0.12570466570300001	0.19533969232404283	38	0.19
eas_neutral_exact_population_af_reverse_bridge_r053	EAS	neutral	0	2026083653	25	paper_frac_posterior_mean_below	local_100kb	40000	0.18092352093299999	0.19533969232404283	38	0.19
eas_neutral_exact_population_af_reverse_bridge_r053	EAS	neutral	0	2026083653	25	paper_frac_posterior_mean_below	local_100kb	50000	0.232178932181	0.19533969232404283	38	0.19
eas_neutral_exact_population_af_reverse_bridge_r054	EAS	neutral	0	2026083654	25	mean_p_tmrca_lt	focal	1000	0.017912509690000002	0.19533969232404283	0	0
eas_neutral_exact_population_af_reverse_bridge_r054	EAS	neutral	0	2026083654	25	mean_p_tmrca_lt	focal	4500	0.077194453329999996	0.19533969232404283	0	0
eas_neutral_exact_population_af_reverse_bridge_r054	EAS	neutral	0	2026083654	25	mean_p_tmrca_lt	focal	10000	0.15139631570000001	0.19533969232404283	0	0
eas_neutral_exact_population_af_reverse_bridge_r054	EAS	neutral	0	2026083654	25	mean_p_tmrca_lt	focal	20000	0.2424514596	0.19533969232404283	0	0
eas_neutral_exact_population_af_reverse_bridge_r054	EAS	neutral	0	2026083654	25	mean_p_tmrca_lt	focal	30000	0.30083038509999999	0.19533969232404283	0	0
eas_neutral_exact_population_af_reverse_bridge_r054	EAS	neutral	0	2026083654	25	mean_p_tmrca_lt	focal	40000	0.34147250540000001	0.19533969232404283	0	0
eas_neutral_exact_population_af_reverse_bridge_r054	EAS	neutral	0	2026083654	25	mean_p_tmrca_lt	focal	50000	0.3716948672	0.19533969232404283	0	0
eas_neutral_exact_population_af_reverse_bridge_r054	EAS	neutral	0	2026083654	25	mean_p_tmrca_lt	local_100kb	1000	0.017692861408499998	0.19533969232404283	0	0
eas_neutral_exact_population_af_reverse_bridge_r054	EAS	neutral	0	2026083654	25	mean_p_tmrca_lt	local_100kb	4500	0.080823691655699997	0.19533969232404283	0	0
eas_neutral_exact_population_af_reverse_bridge_r054	EAS	neutral	0	2026083654	25	mean_p_tmrca_lt	local_100kb	10000	0.16672355460900001	0.19533969232404283	0	0
eas_neutral_exact_population_af_reverse_bridge_r054	EAS	neutral	0	2026083654	25	mean_p_tmrca_lt	local_100kb	20000	0.28196290289499998	0.19533969232404283	0	0
eas_neutral_exact_population_af_reverse_bridge_r054	EAS	neutral	0	2026083654	25	mean_p_tmrca_lt	local_100kb	30000	0.36184118149	0.19533969232404283	0	0
eas_neutral_exact_population_af_reverse_bridge_r054	EAS	neutral	0	2026083654	25	mean_p_tmrca_lt	local_100kb	40000	0.42039977354300001	0.19533969232404283	0	0
eas_neutral_exact_population_af_reverse_bridge_r054	EAS	neutral	0	2026083654	25	mean_p_tmrca_lt	local_100kb	50000	0.46554683290499999	0.19533969232404283	0	0
eas_neutral_exact_population_af_reverse_bridge_r054	EAS	neutral	0	2026083654	25	paper_frac_posterior_mean_below	focal	1000	0.000404040404	0.19533969232404283	0	0
eas_neutral_exact_population_af_reverse_bridge_r054	EAS	neutral	0	2026083654	25	paper_frac_posterior_mean_below	focal	4500	0.0042424242419999997	0.19533969232404283	0	0
eas_neutral_exact_population_af_reverse_bridge_r054	EAS	neutral	0	2026083654	25	paper_frac_posterior_mean_below	focal	10000	0.046262626260000002	0.19533969232404283	0	0
eas_neutral_exact_population_af_reverse_bridge_r054	EAS	neutral	0	2026083654	25	paper_frac_posterior_mean_below	focal	20000	0.17313131309999999	0.19533969232404283	0	0
eas_neutral_exact_population_af_reverse_bridge_r054	EAS	neutral	0	2026083654	25	paper_frac_posterior_mean_below	focal	30000	0.23737373740000001	0.19533969232404283	0	0
eas_neutral_exact_population_af_reverse_bridge_r054	EAS	neutral	0	2026083654	25	paper_frac_posterior_mean_below	focal	40000	0.34747474750000001	0.19533969232404283	0	0
eas_neutral_exact_population_af_reverse_bridge_r054	EAS	neutral	0	2026083654	25	paper_frac_posterior_mean_below	focal	50000	0.3791919192	0.19533969232404283	0	0
eas_neutral_exact_population_af_reverse_bridge_r054	EAS	neutral	0	2026083654	25	paper_frac_posterior_mean_below	local_100kb	1000	0.000404040404	0.19533969232404283	0	0
eas_neutral_exact_population_af_reverse_bridge_r054	EAS	neutral	0	2026083654	25	paper_frac_posterior_mean_below	local_100kb	4500	0.00456950456924	0.19533969232404283	0	0
eas_neutral_exact_population_af_reverse_bridge_r054	EAS	neutral	0	2026083654	25	paper_frac_posterior_mean_below	local_100kb	10000	0.047426647426200001	0.19533969232404283	0	0
eas_neutral_exact_population_af_reverse_bridge_r054	EAS	neutral	0	2026083654	25	paper_frac_posterior_mean_below	local_100kb	20000	0.19560365560000001	0.19533969232404283	0	0
eas_neutral_exact_population_af_reverse_bridge_r054	EAS	neutral	0	2026083654	25	paper_frac_posterior_mean_below	local_100kb	30000	0.28980278980000002	0.19533969232404283	0	0
eas_neutral_exact_population_af_reverse_bridge_r054	EAS	neutral	0	2026083654	25	paper_frac_posterior_mean_below	local_100kb	40000	0.37164021164299998	0.19533969232404283	0	0
eas_neutral_exact_population_af_reverse_bridge_r054	EAS	neutral	0	2026083654	25	paper_frac_posterior_mean_below	local_100kb	50000	0.42059644059000001	0.19533969232404283	0	0
eas_neutral_exact_population_af_reverse_bridge_r055	EAS	neutral	0	2026083655	25	mean_p_tmrca_lt	focal	1000	0.013290112010000001	0.19533969232404283	40	0.20000000000000001
eas_neutral_exact_population_af_reverse_bridge_r055	EAS	neutral	0	2026083655	25	mean_p_tmrca_lt	focal	4500	0.055277444439999997	0.19533969232404283	40	0.20000000000000001
eas_neutral_exact_population_af_reverse_bridge_r055	EAS	neutral	0	2026083655	25	mean_p_tmrca_lt	focal	10000	0.111938395	0.19533969232404283	40	0.20000000000000001
eas_neutral_exact_population_af_reverse_bridge_r055	EAS	neutral	0	2026083655	25	mean_p_tmrca_lt	focal	20000	0.19378998480000001	0.19533969232404283	40	0.20000000000000001
eas_neutral_exact_population_af_reverse_bridge_r055	EAS	neutral	0	2026083655	25	mean_p_tmrca_lt	focal	30000	0.25767516109999999	0.19533969232404283	40	0.20000000000000001
eas_neutral_exact_population_af_reverse_bridge_r055	EAS	neutral	0	2026083655	25	mean_p_tmrca_lt	focal	40000	0.30976658410000002	0.19533969232404283	40	0.20000000000000001
eas_neutral_exact_population_af_reverse_bridge_r055	EAS	neutral	0	2026083655	25	mean_p_tmrca_lt	focal	50000	0.35356443939999999	0.19533969232404283	40	0.20000000000000001
eas_neutral_exact_population_af_reverse_bridge_r055	EAS	neutral	0	2026083655	25	mean_p_tmrca_lt	local_100kb	1000	0.0097644895140999999	0.19533969232404283	40	0.20000000000000001
eas_neutral_exact_population_af_reverse_bridge_r055	EAS	neutral	0	2026083655	25	mean_p_tmrca_lt	local_100kb	4500	0.0393856961262	0.19533969232404283	40	0.20000000000000001
eas_neutral_exact_population_af_reverse_bridge_r055	EAS	neutral	0	2026083655	25	mean_p_tmrca_lt	local_100kb	10000	0.079051718578599994	0.19533969232404283	40	0.20000000000000001
eas_neutral_exact_population_af_reverse_bridge_r055	EAS	neutral	0	2026083655	25	mean_p_tmrca_lt	local_100kb	20000	0.13613151791799999	0.19533969232404283	40	0.20000000000000001
eas_neutral_exact_population_af_reverse_bridge_r055	EAS	neutral	0	2026083655	25	mean_p_tmrca_lt	local_100kb	30000	0.18054719071399999	0.19533969232404283	40	0.20000000000000001
eas_neutral_exact_population_af_reverse_bridge_r055	EAS	neutral	0	2026083655	25	mean_p_tmrca_lt	local_100kb	40000	0.21690103633800001	0.19533969232404283	40	0.20000000000000001
eas_neutral_exact_population_af_reverse_bridge_r055	EAS	neutral	0	2026083655	25	mean_p_tmrca_lt	local_100kb	50000	0.247754683019	0.19533969232404283	40	0.20000000000000001
eas_neutral_exact_population_af_reverse_bridge_r055	EAS	neutral	0	2026083655	25	paper_frac_posterior_mean_below	focal	1000	0.0014141414139999999	0.19533969232404283	40	0.20000000000000001
eas_neutral_exact_population_af_reverse_bridge_r055	EAS	neutral	0	2026083655	25	paper_frac_posterior_mean_below	focal	4500	0.0052525252530000004	0.19533969232404283	40	0.20000000000000001
eas_neutral_exact_population_af_reverse_bridge_r055	EAS	neutral	0	2026083655	25	paper_frac_posterior_mean_below	focal	10000	0.023434343430000001	0.19533969232404283	40	0.20000000000000001
eas_neutral_exact_population_af_reverse_bridge_r055	EAS	neutral	0	2026083655	25	paper_frac_posterior_mean_below	focal	20000	0.076363636360000001	0.19533969232404283	40	0.20000000000000001
eas_neutral_exact_population_af_reverse_bridge_r055	EAS	neutral	0	2026083655	25	paper_frac_posterior_mean_below	focal	30000	0.13030303030000001	0.19533969232404283	40	0.20000000000000001
eas_neutral_exact_population_af_reverse_bridge_r055	EAS	neutral	0	2026083655	25	paper_frac_posterior_mean_below	focal	40000	0.1965656566	0.19533969232404283	40	0.20000000000000001
eas_neutral_exact_population_af_reverse_bridge_r055	EAS	neutral	0	2026083655	25	paper_frac_posterior_mean_below	focal	50000	0.23515151519999999	0.19533969232404283	40	0.20000000000000001
eas_neutral_exact_population_af_reverse_bridge_r055	EAS	neutral	0	2026083655	25	paper_frac_posterior_mean_below	local_100kb	1000	0.0014141414139999999	0.19533969232404283	40	0.20000000000000001
eas_neutral_exact_population_af_reverse_bridge_r055	EAS	neutral	0	2026083655	25	paper_frac_posterior_mean_below	local_100kb	4500	0.00502164502171	0.19533969232404283	40	0.20000000000000001
eas_neutral_exact_population_af_reverse_bridge_r055	EAS	neutral	0	2026083655	25	paper_frac_posterior_mean_below	local_100kb	10000	0.022328042328600001	0.19533969232404283	40	0.20000000000000001
eas_neutral_exact_population_af_reverse_bridge_r055	EAS	neutral	0	2026083655	25	paper_frac_posterior_mean_below	local_100kb	20000	0.068340548340000001	0.19533969232404283	40	0.20000000000000001
eas_neutral_exact_population_af_reverse_bridge_r055	EAS	neutral	0	2026083655	25	paper_frac_posterior_mean_below	local_100kb	30000	0.10795574795100001	0.19533969232404283	40	0.20000000000000001
eas_neutral_exact_population_af_reverse_bridge_r055	EAS	neutral	0	2026083655	25	paper_frac_posterior_mean_below	local_100kb	40000	0.142501202509	0.19533969232404283	40	0.20000000000000001
eas_neutral_exact_population_af_reverse_bridge_r055	EAS	neutral	0	2026083655	25	paper_frac_posterior_mean_below	local_100kb	50000	0.16729196729500001	0.19533969232404283	40	0.20000000000000001
eas_neutral_exact_population_af_reverse_bridge_r056	EAS	neutral	0	2026083656	25	mean_p_tmrca_lt	focal	1000	0.0097840965259999996	0.19533969232404283	42	0.20999999999999999
eas_neutral_exact_population_af_reverse_bridge_r056	EAS	neutral	0	2026083656	25	mean_p_tmrca_lt	focal	4500	0.039426062630000001	0.19533969232404283	42	0.20999999999999999
eas_neutral_exact_population_af_reverse_bridge_r056	EAS	neutral	0	2026083656	25	mean_p_tmrca_lt	focal	10000	0.076853455789999997	0.19533969232404283	42	0.20999999999999999
eas_neutral_exact_population_af_reverse_bridge_r056	EAS	neutral	0	2026083656	25	mean_p_tmrca_lt	focal	20000	0.1237539582	0.19533969232404283	42	0.20999999999999999
eas_neutral_exact_population_af_reverse_bridge_r056	EAS	neutral	0	2026083656	25	mean_p_tmrca_lt	focal	30000	0.1541898229	0.19533969232404283	42	0.20999999999999999
eas_neutral_exact_population_af_reverse_bridge_r056	EAS	neutral	0	2026083656	25	mean_p_tmrca_lt	focal	40000	0.17545746500000001	0.19533969232404283	42	0.20999999999999999
eas_neutral_exact_population_af_reverse_bridge_r056	EAS	neutral	0	2026083656	25	mean_p_tmrca_lt	focal	50000	0.19129775060000001	0.19533969232404283	42	0.20999999999999999
eas_neutral_exact_population_af_reverse_bridge_r056	EAS	neutral	0	2026083656	25	mean_p_tmrca_lt	local_100kb	1000	0.0111233687909	0.19533969232404283	42	0.20999999999999999
eas_neutral_exact_population_af_reverse_bridge_r056	EAS	neutral	0	2026083656	25	mean_p_tmrca_lt	local_100kb	4500	0.047301299869499998	0.19533969232404283	42	0.20999999999999999
eas_neutral_exact_population_af_reverse_bridge_r056	EAS	neutral	0	2026083656	25	mean_p_tmrca_lt	local_100kb	10000	0.097578569483300001	0.19533969232404283	42	0.20999999999999999
eas_neutral_exact_population_af_reverse_bridge_r056	EAS	neutral	0	2026083656	25	mean_p_tmrca_lt	local_100kb	20000	0.17061617370000001	0.19533969232404283	42	0.20999999999999999
eas_neutral_exact_population_af_reverse_bridge_r056	EAS	neutral	0	2026083656	25	mean_p_tmrca_lt	local_100kb	30000	0.22670820863300001	0.19533969232404283	42	0.20999999999999999
eas_neutral_exact_population_af_reverse_bridge_r056	EAS	neutral	0	2026083656	25	mean_p_tmrca_lt	local_100kb	40000	0.27148882038099997	0.19533969232404283	42	0.20999999999999999
eas_neutral_exact_population_af_reverse_bridge_r056	EAS	neutral	0	2026083656	25	mean_p_tmrca_lt	local_100kb	50000	0.30841867727099997	0.19533969232404283	42	0.20999999999999999
eas_neutral_exact_population_af_reverse_bridge_r056	EAS	neutral	0	2026083656	25	paper_frac_posterior_mean_below	focal	1000	0.00101010101	0.19533969232404283	42	0.20999999999999999
eas_neutral_exact_population_af_reverse_bridge_r056	EAS	neutral	0	2026083656	25	paper_frac_posterior_mean_below	focal	4500	0.002626262626	0.19533969232404283	42	0.20999999999999999
eas_neutral_exact_population_af_reverse_bridge_r056	EAS	neutral	0	2026083656	25	paper_frac_posterior_mean_below	focal	10000	0.027474747470000001	0.19533969232404283	42	0.20999999999999999
eas_neutral_exact_population_af_reverse_bridge_r056	EAS	neutral	0	2026083656	25	paper_frac_posterior_mean_below	focal	20000	0.10060606060000001	0.19533969232404283	42	0.20999999999999999
eas_neutral_exact_population_af_reverse_bridge_r056	EAS	neutral	0	2026083656	25	paper_frac_posterior_mean_below	focal	30000	0.13515151519999999	0.19533969232404283	42	0.20999999999999999
eas_neutral_exact_population_af_reverse_bridge_r056	EAS	neutral	0	2026083656	25	paper_frac_posterior_mean_below	focal	40000	0.16707070709999999	0.19533969232404283	42	0.20999999999999999
eas_neutral_exact_population_af_reverse_bridge_r056	EAS	neutral	0	2026083656	25	paper_frac_posterior_mean_below	focal	50000	0.18404040399999999	0.19533969232404283	42	0.20999999999999999
eas_neutral_exact_population_af_reverse_bridge_r056	EAS	neutral	0	2026083656	25	paper_frac_posterior_mean_below	local_100kb	1000	0.00101010101001	0.19533969232404283	42	0.20999999999999999
eas_neutral_exact_population_af_reverse_bridge_r056	EAS	neutral	0	2026083656	25	paper_frac_posterior_mean_below	local_100kb	4500	0.0031168831165700002	0.19533969232404283	42	0.20999999999999999
eas_neutral_exact_population_af_reverse_bridge_r056	EAS	neutral	0	2026083656	25	paper_frac_posterior_mean_below	local_100kb	10000	0.0221452621452	0.19533969232404283	42	0.20999999999999999
eas_neutral_exact_population_af_reverse_bridge_r056	EAS	neutral	0	2026083656	25	paper_frac_posterior_mean_below	local_100kb	20000	0.083549783550000006	0.19533969232404283	42	0.20999999999999999
eas_neutral_exact_population_af_reverse_bridge_r056	EAS	neutral	0	2026083656	25	paper_frac_posterior_mean_below	local_100kb	30000	0.14245310245600001	0.19533969232404283	42	0.20999999999999999
eas_neutral_exact_population_af_reverse_bridge_r056	EAS	neutral	0	2026083656	25	paper_frac_posterior_mean_below	local_100kb	40000	0.19663299663299999	0.19533969232404283	42	0.20999999999999999
eas_neutral_exact_population_af_reverse_bridge_r056	EAS	neutral	0	2026083656	25	paper_frac_posterior_mean_below	local_100kb	50000	0.23745069745200001	0.19533969232404283	42	0.20999999999999999
eas_neutral_exact_population_af_reverse_bridge_r057	EAS	neutral	0	2026083657	25	mean_p_tmrca_lt	focal	1000	0.01017475166	0.19533969232404283	34	0.17000000000000001
eas_neutral_exact_population_af_reverse_bridge_r057	EAS	neutral	0	2026083657	25	mean_p_tmrca_lt	focal	4500	0.051786791149999997	0.19533969232404283	34	0.17000000000000001
eas_neutral_exact_population_af_reverse_bridge_r057	EAS	neutral	0	2026083657	25	mean_p_tmrca_lt	focal	10000	0.1235542977	0.19533969232404283	34	0.17000000000000001
eas_neutral_exact_population_af_reverse_bridge_r057	EAS	neutral	0	2026083657	25	mean_p_tmrca_lt	focal	20000	0.24822821710000001	0.19533969232404283	34	0.17000000000000001
eas_neutral_exact_population_af_reverse_bridge_r057	EAS	neutral	0	2026083657	25	mean_p_tmrca_lt	focal	30000	0.3535234673	0.19533969232404283	34	0.17000000000000001
eas_neutral_exact_population_af_reverse_bridge_r057	EAS	neutral	0	2026083657	25	mean_p_tmrca_lt	focal	40000	0.43873098399999999	0.19533969232404283	34	0.17000000000000001
eas_neutral_exact_population_af_reverse_bridge_r057	EAS	neutral	0	2026083657	25	mean_p_tmrca_lt	focal	50000	0.50694255909999997	0.19533969232404283	34	0.17000000000000001
eas_neutral_exact_population_af_reverse_bridge_r057	EAS	neutral	0	2026083657	25	mean_p_tmrca_lt	local_100kb	1000	0.014993823603	0.19533969232404283	34	0.17000000000000001
eas_neutral_exact_population_af_reverse_bridge_r057	EAS	neutral	0	2026083657	25	mean_p_tmrca_lt	local_100kb	4500	0.068237208645700001	0.19533969232404283	34	0.17000000000000001
eas_neutral_exact_population_af_reverse_bridge_r057	EAS	neutral	0	2026083657	25	mean_p_tmrca_lt	local_100kb	10000	0.14459902126499999	0.19533969232404283	34	0.17000000000000001
eas_neutral_exact_population_af_reverse_bridge_r057	EAS	neutral	0	2026083657	25	mean_p_tmrca_lt	local_100kb	20000	0.25614391503799999	0.19533969232404283	34	0.17000000000000001
eas_neutral_exact_population_af_reverse_bridge_r057	EAS	neutral	0	2026083657	25	mean_p_tmrca_lt	local_100kb	30000	0.34006141468599999	0.19533969232404283	34	0.17000000000000001
eas_neutral_exact_population_af_reverse_bridge_r057	EAS	neutral	0	2026083657	25	mean_p_tmrca_lt	local_100kb	40000	0.40477431021900001	0.19533969232404283	34	0.17000000000000001
eas_neutral_exact_population_af_reverse_bridge_r057	EAS	neutral	0	2026083657	25	mean_p_tmrca_lt	local_100kb	50000	0.45600929991900002	0.19533969232404283	34	0.17000000000000001
eas_neutral_exact_population_af_reverse_bridge_r057	EAS	neutral	0	2026083657	25	paper_frac_posterior_mean_below	focal	1000	0.000404040404	0.19533969232404283	34	0.17000000000000001
eas_neutral_exact_population_af_reverse_bridge_r057	EAS	neutral	0	2026083657	25	paper_frac_posterior_mean_below	focal	4500	0.0024242424240000001	0.19533969232404283	34	0.17000000000000001
eas_neutral_exact_population_af_reverse_bridge_r057	EAS	neutral	0	2026083657	25	paper_frac_posterior_mean_below	focal	10000	0.024040404040000001	0.19533969232404283	34	0.17000000000000001
eas_neutral_exact_population_af_reverse_bridge_r057	EAS	neutral	0	2026083657	25	paper_frac_posterior_mean_below	focal	20000	0.1204040404	0.19533969232404283	34	0.17000000000000001
eas_neutral_exact_population_af_reverse_bridge_r057	EAS	neutral	0	2026083657	25	paper_frac_posterior_mean_below	focal	30000	0.23575757580000001	0.19533969232404283	34	0.17000000000000001
eas_neutral_exact_population_af_reverse_bridge_r057	EAS	neutral	0	2026083657	25	paper_frac_posterior_mean_below	focal	40000	0.35232323230000001	0.19533969232404283	34	0.17000000000000001
eas_neutral_exact_population_af_reverse_bridge_r057	EAS	neutral	0	2026083657	25	paper_frac_posterior_mean_below	focal	50000	0.43696969699999999	0.19533969232404283	34	0.17000000000000001
eas_neutral_exact_population_af_reverse_bridge_r057	EAS	neutral	0	2026083657	25	paper_frac_posterior_mean_below	local_100kb	1000	0.000500240500238	0.19533969232404283	34	0.17000000000000001
eas_neutral_exact_population_af_reverse_bridge_r057	EAS	neutral	0	2026083657	25	paper_frac_posterior_mean_below	local_100kb	4500	0.0028475228472399998	0.19533969232404283	34	0.17000000000000001
eas_neutral_exact_population_af_reverse_bridge_r057	EAS	neutral	0	2026083657	25	paper_frac_posterior_mean_below	local_100kb	10000	0.025916305916700001	0.19533969232404283	34	0.17000000000000001
eas_neutral_exact_population_af_reverse_bridge_r057	EAS	neutral	0	2026083657	25	paper_frac_posterior_mean_below	local_100kb	20000	0.13335257335	0.19533969232404283	34	0.17000000000000001
eas_neutral_exact_population_af_reverse_bridge_r057	EAS	neutral	0	2026083657	25	paper_frac_posterior_mean_below	local_100kb	30000	0.24140452140999999	0.19533969232404283	34	0.17000000000000001
eas_neutral_exact_population_af_reverse_bridge_r057	EAS	neutral	0	2026083657	25	paper_frac_posterior_mean_below	local_100kb	40000	0.32632996633799999	0.19533969232404283	34	0.17000000000000001
eas_neutral_exact_population_af_reverse_bridge_r057	EAS	neutral	0	2026083657	25	paper_frac_posterior_mean_below	local_100kb	50000	0.386878306876	0.19533969232404283	34	0.17000000000000001
eas_neutral_exact_population_af_reverse_bridge_r058	EAS	neutral	0	2026083658	25	mean_p_tmrca_lt	focal	1000	0.01279425612	0.19533969232404283	30	0.14999999999999999
eas_neutral_exact_population_af_reverse_bridge_r058	EAS	neutral	0	2026083658	25	mean_p_tmrca_lt	focal	4500	0.055356527439999997	0.19533969232404283	30	0.14999999999999999
eas_neutral_exact_population_af_reverse_bridge_r058	EAS	neutral	0	2026083658	25	mean_p_tmrca_lt	focal	10000	0.1096786195	0.19533969232404283	30	0.14999999999999999
eas_neutral_exact_population_af_reverse_bridge_r058	EAS	neutral	0	2026083658	25	mean_p_tmrca_lt	focal	20000	0.17872268729999999	0.19533969232404283	30	0.14999999999999999
eas_neutral_exact_population_af_reverse_bridge_r058	EAS	neutral	0	2026083658	25	mean_p_tmrca_lt	focal	30000	0.22431098490000001	0.19533969232404283	30	0.14999999999999999
eas_neutral_exact_population_af_reverse_bridge_r058	EAS	neutral	0	2026083658	25	mean_p_tmrca_lt	focal	40000	0.2563474798	0.19533969232404283	30	0.14999999999999999
eas_neutral_exact_population_af_reverse_bridge_r058	EAS	neutral	0	2026083658	25	mean_p_tmrca_lt	focal	50000	0.2800905192	0.19533969232404283	30	0.14999999999999999
eas_neutral_exact_population_af_reverse_bridge_r058	EAS	neutral	0	2026083658	25	mean_p_tmrca_lt	local_100kb	1000	0.0114543739812	0.19533969232404283	30	0.14999999999999999
eas_neutral_exact_population_af_reverse_bridge_r058	EAS	neutral	0	2026083658	25	mean_p_tmrca_lt	local_100kb	4500	0.051523165959500003	0.19533969232404283	30	0.14999999999999999
eas_neutral_exact_population_af_reverse_bridge_r058	EAS	neutral	0	2026083658	25	mean_p_tmrca_lt	local_100kb	10000	0.10721342169799999	0.19533969232404283	30	0.14999999999999999
eas_neutral_exact_population_af_reverse_bridge_r058	EAS	neutral	0	2026083658	25	mean_p_tmrca_lt	local_100kb	20000	0.18724778267600001	0.19533969232404283	30	0.14999999999999999
eas_neutral_exact_population_af_reverse_bridge_r058	EAS	neutral	0	2026083658	25	mean_p_tmrca_lt	local_100kb	30000	0.24822326138100001	0.19533969232404283	30	0.14999999999999999
eas_neutral_exact_population_af_reverse_bridge_r058	EAS	neutral	0	2026083658	25	mean_p_tmrca_lt	local_100kb	40000	0.29677320760999998	0.19533969232404283	30	0.14999999999999999
eas_neutral_exact_population_af_reverse_bridge_r058	EAS	neutral	0	2026083658	25	mean_p_tmrca_lt	local_100kb	50000	0.33683464958600001	0.19533969232404283	30	0.14999999999999999
eas_neutral_exact_population_af_reverse_bridge_r058	EAS	neutral	0	2026083658	25	paper_frac_posterior_mean_below	focal	1000	0.000404040404	0.19533969232404283	30	0.14999999999999999
eas_neutral_exact_population_af_reverse_bridge_r058	EAS	neutral	0	2026083658	25	paper_frac_posterior_mean_below	focal	4500	0.0048484848480000002	0.19533969232404283	30	0.14999999999999999
eas_neutral_exact_population_af_reverse_bridge_r058	EAS	neutral	0	2026083658	25	paper_frac_posterior_mean_below	focal	10000	0.032323232319999999	0.19533969232404283	30	0.14999999999999999
eas_neutral_exact_population_af_reverse_bridge_r058	EAS	neutral	0	2026083658	25	paper_frac_posterior_mean_below	focal	20000	0.1143434343	0.19533969232404283	30	0.14999999999999999
eas_neutral_exact_population_af_reverse_bridge_r058	EAS	neutral	0	2026083658	25	paper_frac_posterior_mean_below	focal	30000	0.18828282830000001	0.19533969232404283	30	0.14999999999999999
eas_neutral_exact_population_af_reverse_bridge_r058	EAS	neutral	0	2026083658	25	paper_frac_posterior_mean_below	focal	40000	0.23191919189999999	0.19533969232404283	30	0.14999999999999999
eas_neutral_exact_population_af_reverse_bridge_r058	EAS	neutral	0	2026083658	25	paper_frac_posterior_mean_below	focal	50000	0.27838383840000003	0.19533969232404283	30	0.14999999999999999
eas_neutral_exact_population_af_reverse_bridge_r058	EAS	neutral	0	2026083658	25	paper_frac_posterior_mean_below	local_100kb	1000	0.000404040404	0.19533969232404283	30	0.14999999999999999
eas_neutral_exact_population_af_reverse_bridge_r058	EAS	neutral	0	2026083658	25	paper_frac_posterior_mean_below	local_100kb	4500	0.0045117845118100002	0.19533969232404283	30	0.14999999999999999
eas_neutral_exact_population_af_reverse_bridge_r058	EAS	neutral	0	2026083658	25	paper_frac_posterior_mean_below	local_100kb	10000	0.0274555074548	0.19533969232404283	30	0.14999999999999999
eas_neutral_exact_population_af_reverse_bridge_r058	EAS	neutral	0	2026083658	25	paper_frac_posterior_mean_below	local_100kb	20000	0.099249639242900006	0.19533969232404283	30	0.14999999999999999
eas_neutral_exact_population_af_reverse_bridge_r058	EAS	neutral	0	2026083658	25	paper_frac_posterior_mean_below	local_100kb	30000	0.16176046176200001	0.19533969232404283	30	0.14999999999999999
eas_neutral_exact_population_af_reverse_bridge_r058	EAS	neutral	0	2026083658	25	paper_frac_posterior_mean_below	local_100kb	40000	0.20854256853799999	0.19533969232404283	30	0.14999999999999999
eas_neutral_exact_population_af_reverse_bridge_r058	EAS	neutral	0	2026083658	25	paper_frac_posterior_mean_below	local_100kb	50000	0.25356421357100001	0.19533969232404283	30	0.14999999999999999
eas_neutral_exact_population_af_reverse_bridge_r059	EAS	neutral	0	2026083659	25	mean_p_tmrca_lt	focal	1000	0.011166229769999999	0.19533969232404283	42	0.20999999999999999
eas_neutral_exact_population_af_reverse_bridge_r059	EAS	neutral	0	2026083659	25	mean_p_tmrca_lt	focal	4500	0.046687126830000002	0.19533969232404283	42	0.20999999999999999
eas_neutral_exact_population_af_reverse_bridge_r059	EAS	neutral	0	2026083659	25	mean_p_tmrca_lt	focal	10000	0.097927394599999995	0.19533969232404283	42	0.20999999999999999
eas_neutral_exact_population_af_reverse_bridge_r059	EAS	neutral	0	2026083659	25	mean_p_tmrca_lt	focal	20000	0.17447849930000001	0.19533969232404283	42	0.20999999999999999
eas_neutral_exact_population_af_reverse_bridge_r059	EAS	neutral	0	2026083659	25	mean_p_tmrca_lt	focal	30000	0.23431631929999999	0.19533969232404283	42	0.20999999999999999
eas_neutral_exact_population_af_reverse_bridge_r059	EAS	neutral	0	2026083659	25	mean_p_tmrca_lt	focal	40000	0.28259314619999998	0.19533969232404283	42	0.20999999999999999
eas_neutral_exact_population_af_reverse_bridge_r059	EAS	neutral	0	2026083659	25	mean_p_tmrca_lt	focal	50000	0.32263423209999997	0.19533969232404283	42	0.20999999999999999
eas_neutral_exact_population_af_reverse_bridge_r059	EAS	neutral	0	2026083659	25	mean_p_tmrca_lt	local_100kb	1000	0.0095907567994300003	0.19533969232404283	42	0.20999999999999999
eas_neutral_exact_population_af_reverse_bridge_r059	EAS	neutral	0	2026083659	25	mean_p_tmrca_lt	local_100kb	4500	0.038363071249	0.19533969232404283	42	0.20999999999999999
eas_neutral_exact_population_af_reverse_bridge_r059	EAS	neutral	0	2026083659	25	mean_p_tmrca_lt	local_100kb	10000	0.079062764858100001	0.19533969232404283	42	0.20999999999999999
eas_neutral_exact_population_af_reverse_bridge_r059	EAS	neutral	0	2026083659	25	mean_p_tmrca_lt	local_100kb	20000	0.13964213961899999	0.19533969232404283	42	0.20999999999999999
eas_neutral_exact_population_af_reverse_bridge_r059	EAS	neutral	0	2026083659	25	mean_p_tmrca_lt	local_100kb	30000	0.18751521854299999	0.19533969232404283	42	0.20999999999999999
eas_neutral_exact_population_af_reverse_bridge_r059	EAS	neutral	0	2026083659	25	mean_p_tmrca_lt	local_100kb	40000	0.226828536957	0.19533969232404283	42	0.20999999999999999
eas_neutral_exact_population_af_reverse_bridge_r059	EAS	neutral	0	2026083659	25	mean_p_tmrca_lt	local_100kb	50000	0.26015957267599998	0.19533969232404283	42	0.20999999999999999
eas_neutral_exact_population_af_reverse_bridge_r059	EAS	neutral	0	2026083659	25	paper_frac_posterior_mean_below	focal	1000	0.0020202020199999999	0.19533969232404283	42	0.20999999999999999
eas_neutral_exact_population_af_reverse_bridge_r059	EAS	neutral	0	2026083659	25	paper_frac_posterior_mean_below	focal	4500	0.0040404040399999999	0.19533969232404283	42	0.20999999999999999
eas_neutral_exact_population_af_reverse_bridge_r059	EAS	neutral	0	2026083659	25	paper_frac_posterior_mean_below	focal	10000	0.015151515149999999	0.19533969232404283	42	0.20999999999999999
eas_neutral_exact_population_af_reverse_bridge_r059	EAS	neutral	0	2026083659	25	paper_frac_posterior_mean_below	focal	20000	0.062222222219999998	0.19533969232404283	42	0.20999999999999999
eas_neutral_exact_population_af_reverse_bridge_r059	EAS	neutral	0	2026083659	25	paper_frac_posterior_mean_below	focal	30000	0.102020202	0.19533969232404283	42	0.20999999999999999
eas_neutral_exact_population_af_reverse_bridge_r059	EAS	neutral	0	2026083659	25	paper_frac_posterior_mean_below	focal	40000	0.14727272729999999	0.19533969232404283	42	0.20999999999999999
eas_neutral_exact_population_af_reverse_bridge_r059	EAS	neutral	0	2026083659	25	paper_frac_posterior_mean_below	focal	50000	0.19474747470000001	0.19533969232404283	42	0.20999999999999999
eas_neutral_exact_population_af_reverse_bridge_r059	EAS	neutral	0	2026083659	25	paper_frac_posterior_mean_below	local_100kb	1000	0.0020202020199999999	0.19533969232404283	42	0.20999999999999999
eas_neutral_exact_population_af_reverse_bridge_r059	EAS	neutral	0	2026083659	25	paper_frac_posterior_mean_below	local_100kb	4500	0.0039923039918999996	0.19533969232404283	42	0.20999999999999999
eas_neutral_exact_population_af_reverse_bridge_r059	EAS	neutral	0	2026083659	25	paper_frac_posterior_mean_below	local_100kb	10000	0.016488696489000001	0.19533969232404283	42	0.20999999999999999
eas_neutral_exact_population_af_reverse_bridge_r059	EAS	neutral	0	2026083659	25	paper_frac_posterior_mean_below	local_100kb	20000	0.0622703222705	0.19533969232404283	42	0.20999999999999999
eas_neutral_exact_population_af_reverse_bridge_r059	EAS	neutral	0	2026083659	25	paper_frac_posterior_mean_below	local_100kb	30000	0.109870129867	0.19533969232404283	42	0.20999999999999999
eas_neutral_exact_population_af_reverse_bridge_r059	EAS	neutral	0	2026083659	25	paper_frac_posterior_mean_below	local_100kb	40000	0.1498989899	0.19533969232404283	42	0.20999999999999999
eas_neutral_exact_population_af_reverse_bridge_r059	EAS	neutral	0	2026083659	25	paper_frac_posterior_mean_below	local_100kb	50000	0.18789802789999999	0.19533969232404283	42	0.20999999999999999
eas_neutral_exact_population_af_reverse_bridge_r060	EAS	neutral	0	2026083660	25	mean_p_tmrca_lt	focal	1000	0.010670682500000001	0.19533969232404283	46	0.23000000000000001
eas_neutral_exact_population_af_reverse_bridge_r060	EAS	neutral	0	2026083660	25	mean_p_tmrca_lt	focal	4500	0.047328766670000001	0.19533969232404283	46	0.23000000000000001
eas_neutral_exact_population_af_reverse_bridge_r060	EAS	neutral	0	2026083660	25	mean_p_tmrca_lt	focal	10000	0.096238166690000002	0.19533969232404283	46	0.23000000000000001
eas_neutral_exact_population_af_reverse_bridge_r060	EAS	neutral	0	2026083660	25	mean_p_tmrca_lt	focal	20000	0.16415039479999999	0.19533969232404283	46	0.23000000000000001
eas_neutral_exact_population_af_reverse_bridge_r060	EAS	neutral	0	2026083660	25	mean_p_tmrca_lt	focal	30000	0.21520643540000001	0.19533969232404283	46	0.23000000000000001
eas_neutral_exact_population_af_reverse_bridge_r060	EAS	neutral	0	2026083660	25	mean_p_tmrca_lt	focal	40000	0.2561151337	0.19533969232404283	46	0.23000000000000001
eas_neutral_exact_population_af_reverse_bridge_r060	EAS	neutral	0	2026083660	25	mean_p_tmrca_lt	focal	50000	0.29035149939999999	0.19533969232404283	46	0.23000000000000001
eas_neutral_exact_population_af_reverse_bridge_r060	EAS	neutral	0	2026083660	25	mean_p_tmrca_lt	local_100kb	1000	0.0110450844188	0.19533969232404283	46	0.23000000000000001
eas_neutral_exact_population_af_reverse_bridge_r060	EAS	neutral	0	2026083660	25	mean_p_tmrca_lt	local_100kb	4500	0.050547505641400002	0.19533969232404283	46	0.23000000000000001
eas_neutral_exact_population_af_reverse_bridge_r060	EAS	neutral	0	2026083660	25	mean_p_tmrca_lt	local_100kb	10000	0.106730757624	0.19533969232404283	46	0.23000000000000001
eas_neutral_exact_population_af_reverse_bridge_r060	EAS	neutral	0	2026083660	25	mean_p_tmrca_lt	local_100kb	20000	0.19243671512900001	0.19533969232404283	46	0.23000000000000001
eas_neutral_exact_population_af_reverse_bridge_r060	EAS	neutral	0	2026083660	25	mean_p_tmrca_lt	local_100kb	30000	0.26249219879000002	0.19533969232404283	46	0.23000000000000001
eas_neutral_exact_population_af_reverse_bridge_r060	EAS	neutral	0	2026083660	25	mean_p_tmrca_lt	local_100kb	40000	0.32104858129000002	0.19533969232404283	46	0.23000000000000001
eas_neutral_exact_population_af_reverse_bridge_r060	EAS	neutral	0	2026083660	25	mean_p_tmrca_lt	local_100kb	50000	0.37071317579500002	0.19533969232404283	46	0.23000000000000001
eas_neutral_exact_population_af_reverse_bridge_r060	EAS	neutral	0	2026083660	25	paper_frac_posterior_mean_below	focal	1000	0	0.19533969232404283	46	0.23000000000000001
eas_neutral_exact_population_af_reverse_bridge_r060	EAS	neutral	0	2026083660	25	paper_frac_posterior_mean_below	focal	4500	0.0042424242419999997	0.19533969232404283	46	0.23000000000000001
eas_neutral_exact_population_af_reverse_bridge_r060	EAS	neutral	0	2026083660	25	paper_frac_posterior_mean_below	focal	10000	0.024444444440000001	0.19533969232404283	46	0.23000000000000001
eas_neutral_exact_population_af_reverse_bridge_r060	EAS	neutral	0	2026083660	25	paper_frac_posterior_mean_below	focal	20000	0.06888888889	0.19533969232404283	46	0.23000000000000001
eas_neutral_exact_population_af_reverse_bridge_r060	EAS	neutral	0	2026083660	25	paper_frac_posterior_mean_below	focal	30000	0.15171717169999999	0.19533969232404283	46	0.23000000000000001
eas_neutral_exact_population_af_reverse_bridge_r060	EAS	neutral	0	2026083660	25	paper_frac_posterior_mean_below	focal	40000	0.19454545449999999	0.19533969232404283	46	0.23000000000000001
eas_neutral_exact_population_af_reverse_bridge_r060	EAS	neutral	0	2026083660	25	paper_frac_posterior_mean_below	focal	50000	0.2406060606	0.19533969232404283	46	0.23000000000000001
eas_neutral_exact_population_af_reverse_bridge_r060	EAS	neutral	0	2026083660	25	paper_frac_posterior_mean_below	local_100kb	1000	0	0.19533969232404283	46	0.23000000000000001
eas_neutral_exact_population_af_reverse_bridge_r060	EAS	neutral	0	2026083660	25	paper_frac_posterior_mean_below	local_100kb	4500	0.0040788840784799999	0.19533969232404283	46	0.23000000000000001
eas_neutral_exact_population_af_reverse_bridge_r060	EAS	neutral	0	2026083660	25	paper_frac_posterior_mean_below	local_100kb	10000	0.024050024049500001	0.19533969232404283	46	0.23000000000000001
eas_neutral_exact_population_af_reverse_bridge_r060	EAS	neutral	0	2026083660	25	paper_frac_posterior_mean_below	local_100kb	20000	0.068860028860000005	0.19533969232404283	46	0.23000000000000001
eas_neutral_exact_population_af_reverse_bridge_r060	EAS	neutral	0	2026083660	25	paper_frac_posterior_mean_below	local_100kb	30000	0.12856180855900001	0.19533969232404283	46	0.23000000000000001
eas_neutral_exact_population_af_reverse_bridge_r060	EAS	neutral	0	2026083660	25	paper_frac_posterior_mean_below	local_100kb	40000	0.198682058676	0.19533969232404283	46	0.23000000000000001
eas_neutral_exact_population_af_reverse_bridge_r060	EAS	neutral	0	2026083660	25	paper_frac_posterior_mean_below	local_100kb	50000	0.27667147667600001	0.19533969232404283	46	0.23000000000000001
eas_neutral_exact_population_af_reverse_bridge_r061	EAS	neutral	0	2026083661	25	mean_p_tmrca_lt	focal	1000	0.011038236030000001	0.19533969232404283	36	0.17999999999999999
eas_neutral_exact_population_af_reverse_bridge_r061	EAS	neutral	0	2026083661	25	mean_p_tmrca_lt	focal	4500	0.04683377885	0.19533969232404283	36	0.17999999999999999
eas_neutral_exact_population_af_reverse_bridge_r061	EAS	neutral	0	2026083661	25	mean_p_tmrca_lt	focal	10000	0.095123169539999997	0.19533969232404283	36	0.17999999999999999
eas_neutral_exact_population_af_reverse_bridge_r061	EAS	neutral	0	2026083661	25	mean_p_tmrca_lt	focal	20000	0.16338137729999999	0.19533969232404283	36	0.17999999999999999
eas_neutral_exact_population_af_reverse_bridge_r061	EAS	neutral	0	2026083661	25	mean_p_tmrca_lt	focal	30000	0.2145759683	0.19533969232404283	36	0.17999999999999999
eas_neutral_exact_population_af_reverse_bridge_r061	EAS	neutral	0	2026083661	25	mean_p_tmrca_lt	focal	40000	0.25476008300000003	0.19533969232404283	36	0.17999999999999999
eas_neutral_exact_population_af_reverse_bridge_r061	EAS	neutral	0	2026083661	25	mean_p_tmrca_lt	focal	50000	0.28757527449999998	0.19533969232404283	36	0.17999999999999999
eas_neutral_exact_population_af_reverse_bridge_r061	EAS	neutral	0	2026083661	25	mean_p_tmrca_lt	local_100kb	1000	0.0105399008664	0.19533969232404283	36	0.17999999999999999
eas_neutral_exact_population_af_reverse_bridge_r061	EAS	neutral	0	2026083661	25	mean_p_tmrca_lt	local_100kb	4500	0.048435429994299999	0.19533969232404283	36	0.17999999999999999
eas_neutral_exact_population_af_reverse_bridge_r061	EAS	neutral	0	2026083661	25	mean_p_tmrca_lt	local_100kb	10000	0.104319637659	0.19533969232404283	36	0.17999999999999999
eas_neutral_exact_population_af_reverse_bridge_r061	EAS	neutral	0	2026083661	25	mean_p_tmrca_lt	local_100kb	20000	0.18985290483299999	0.19533969232404283	36	0.17999999999999999
eas_neutral_exact_population_af_reverse_bridge_r061	EAS	neutral	0	2026083661	25	mean_p_tmrca_lt	local_100kb	30000	0.25777796933800001	0.19533969232404283	36	0.17999999999999999
eas_neutral_exact_population_af_reverse_bridge_r061	EAS	neutral	0	2026083661	25	mean_p_tmrca_lt	local_100kb	40000	0.31250090563799998	0.19533969232404283	36	0.17999999999999999
eas_neutral_exact_population_af_reverse_bridge_r061	EAS	neutral	0	2026083661	25	mean_p_tmrca_lt	local_100kb	50000	0.35738829011899997	0.19533969232404283	36	0.17999999999999999
eas_neutral_exact_population_af_reverse_bridge_r061	EAS	neutral	0	2026083661	25	paper_frac_posterior_mean_below	focal	1000	0.0006060606061	0.19533969232404283	36	0.17999999999999999
eas_neutral_exact_population_af_reverse_bridge_r061	EAS	neutral	0	2026083661	25	paper_frac_posterior_mean_below	focal	4500	0.002626262626	0.19533969232404283	36	0.17999999999999999
eas_neutral_exact_population_af_reverse_bridge_r061	EAS	neutral	0	2026083661	25	paper_frac_posterior_mean_below	focal	10000	0.01454545455	0.19533969232404283	36	0.17999999999999999
eas_neutral_exact_population_af_reverse_bridge_r061	EAS	neutral	0	2026083661	25	paper_frac_posterior_mean_below	focal	20000	0.069090909089999999	0.19533969232404283	36	0.17999999999999999
eas_neutral_exact_population_af_reverse_bridge_r061	EAS	neutral	0	2026083661	25	paper_frac_posterior_mean_below	focal	30000	0.1301010101	0.19533969232404283	36	0.17999999999999999
eas_neutral_exact_population_af_reverse_bridge_r061	EAS	neutral	0	2026083661	25	paper_frac_posterior_mean_below	focal	40000	0.19212121209999999	0.19533969232404283	36	0.17999999999999999
eas_neutral_exact_population_af_reverse_bridge_r061	EAS	neutral	0	2026083661	25	paper_frac_posterior_mean_below	focal	50000	0.24484848479999999	0.19533969232404283	36	0.17999999999999999
eas_neutral_exact_population_af_reverse_bridge_r061	EAS	neutral	0	2026083661	25	paper_frac_posterior_mean_below	local_100kb	1000	0.00059644059647600005	0.19533969232404283	36	0.17999999999999999
eas_neutral_exact_population_af_reverse_bridge_r061	EAS	neutral	0	2026083661	25	paper_frac_posterior_mean_below	local_100kb	4500	0.0025685425682900002	0.19533969232404283	36	0.17999999999999999
eas_neutral_exact_population_af_reverse_bridge_r061	EAS	neutral	0	2026083661	25	paper_frac_posterior_mean_below	local_100kb	10000	0.017210197210499999	0.19533969232404283	36	0.17999999999999999
eas_neutral_exact_population_af_reverse_bridge_r061	EAS	neutral	0	2026083661	25	paper_frac_posterior_mean_below	local_100kb	20000	0.075536315534800003	0.19533969232404283	36	0.17999999999999999
eas_neutral_exact_population_af_reverse_bridge_r061	EAS	neutral	0	2026083661	25	paper_frac_posterior_mean_below	local_100kb	30000	0.15320827320899999	0.19533969232404283	36	0.17999999999999999
eas_neutral_exact_population_af_reverse_bridge_r061	EAS	neutral	0	2026083661	25	paper_frac_posterior_mean_below	local_100kb	40000	0.22792688793300001	0.19533969232404283	36	0.17999999999999999
eas_neutral_exact_population_af_reverse_bridge_r061	EAS	neutral	0	2026083661	25	paper_frac_posterior_mean_below	local_100kb	50000	0.29671957671400001	0.19533969232404283	36	0.17999999999999999
eas_neutral_exact_population_af_reverse_bridge_r062	EAS	neutral	0	2026083662	25	mean_p_tmrca_lt	focal	1000	0.010781410559999999	0.19533969232404283	33	0.16500000000000001
eas_neutral_exact_population_af_reverse_bridge_r062	EAS	neutral	0	2026083662	25	mean_p_tmrca_lt	focal	4500	0.048064393470000001	0.19533969232404283	33	0.16500000000000001
eas_neutral_exact_population_af_reverse_bridge_r062	EAS	neutral	0	2026083662	25	mean_p_tmrca_lt	focal	10000	0.099410487919999999	0.19533969232404283	33	0.16500000000000001
eas_neutral_exact_population_af_reverse_bridge_r062	EAS	neutral	0	2026083662	25	mean_p_tmrca_lt	focal	20000	0.1693235599	0.19533969232404283	33	0.16500000000000001
eas_neutral_exact_population_af_reverse_bridge_r062	EAS	neutral	0	2026083662	25	mean_p_tmrca_lt	focal	30000	0.2176249176	0.19533969232404283	33	0.16500000000000001
eas_neutral_exact_population_af_reverse_bridge_r062	EAS	neutral	0	2026083662	25	mean_p_tmrca_lt	focal	40000	0.25205181580000002	0.19533969232404283	33	0.16500000000000001
eas_neutral_exact_population_af_reverse_bridge_r062	EAS	neutral	0	2026083662	25	mean_p_tmrca_lt	focal	50000	0.27725914340000002	0.19533969232404283	33	0.16500000000000001
eas_neutral_exact_population_af_reverse_bridge_r062	EAS	neutral	0	2026083662	25	mean_p_tmrca_lt	local_100kb	1000	0.012068080775	0.19533969232404283	33	0.16500000000000001
eas_neutral_exact_population_af_reverse_bridge_r062	EAS	neutral	0	2026083662	25	mean_p_tmrca_lt	local_100kb	4500	0.052676641175699999	0.19533969232404283	33	0.16500000000000001
eas_neutral_exact_population_af_reverse_bridge_r062	EAS	neutral	0	2026083662	25	mean_p_tmrca_lt	local_100kb	10000	0.10763256368100001	0.19533969232404283	33	0.16500000000000001
eas_neutral_exact_population_af_reverse_bridge_r062	EAS	neutral	0	2026083662	25	mean_p_tmrca_lt	local_100kb	20000	0.18547734839499999	0.19533969232404283	33	0.16500000000000001
eas_neutral_exact_population_af_reverse_bridge_r062	EAS	neutral	0	2026083662	25	mean_p_tmrca_lt	local_100kb	30000	0.243919310986	0.19533969232404283	33	0.16500000000000001
eas_neutral_exact_population_af_reverse_bridge_r062	EAS	neutral	0	2026083662	25	mean_p_tmrca_lt	local_100kb	40000	0.28968082297600001	0.19533969232404283	33	0.16500000000000001
eas_neutral_exact_population_af_reverse_bridge_r062	EAS	neutral	0	2026083662	25	mean_p_tmrca_lt	local_100kb	50000	0.32675388649499998	0.19533969232404283	33	0.16500000000000001
eas_neutral_exact_population_af_reverse_bridge_r062	EAS	neutral	0	2026083662	25	paper_frac_posterior_mean_below	focal	1000	0.000404040404	0.19533969232404283	33	0.16500000000000001
eas_neutral_exact_population_af_reverse_bridge_r062	EAS	neutral	0	2026083662	25	paper_frac_posterior_mean_below	focal	4500	0.0050505050509999996	0.19533969232404283	33	0.16500000000000001
eas_neutral_exact_population_af_reverse_bridge_r062	EAS	neutral	0	2026083662	25	paper_frac_posterior_mean_below	focal	10000	0.024848484850000001	0.19533969232404283	33	0.16500000000000001
eas_neutral_exact_population_af_reverse_bridge_r062	EAS	neutral	0	2026083662	25	paper_frac_posterior_mean_below	focal	20000	0.099595959600000006	0.19533969232404283	33	0.16500000000000001
eas_neutral_exact_population_af_reverse_bridge_r062	EAS	neutral	0	2026083662	25	paper_frac_posterior_mean_below	focal	30000	0.18626262630000001	0.19533969232404283	33	0.16500000000000001
eas_neutral_exact_population_af_reverse_bridge_r062	EAS	neutral	0	2026083662	25	paper_frac_posterior_mean_below	focal	40000	0.26202020199999998	0.19533969232404283	33	0.16500000000000001
eas_neutral_exact_population_af_reverse_bridge_r062	EAS	neutral	0	2026083662	25	paper_frac_posterior_mean_below	focal	50000	0.29111111109999999	0.19533969232404283	33	0.16500000000000001
eas_neutral_exact_population_af_reverse_bridge_r062	EAS	neutral	0	2026083662	25	paper_frac_posterior_mean_below	local_100kb	1000	0.00036556036554799998	0.19533969232404283	33	0.16500000000000001
eas_neutral_exact_population_af_reverse_bridge_r062	EAS	neutral	0	2026083662	25	paper_frac_posterior_mean_below	local_100kb	4500	0.0049831649832399998	0.19533969232404283	33	0.16500000000000001
eas_neutral_exact_population_af_reverse_bridge_r062	EAS	neutral	0	2026083662	25	paper_frac_posterior_mean_below	local_100kb	10000	0.027243867242400001	0.19533969232404283	33	0.16500000000000001
eas_neutral_exact_population_af_reverse_bridge_r062	EAS	neutral	0	2026083662	25	paper_frac_posterior_mean_below	local_100kb	20000	0.093949013951900001	0.19533969232404283	33	0.16500000000000001
eas_neutral_exact_population_af_reverse_bridge_r062	EAS	neutral	0	2026083662	25	paper_frac_posterior_mean_below	local_100kb	30000	0.164030784033	0.19533969232404283	33	0.16500000000000001
eas_neutral_exact_population_af_reverse_bridge_r062	EAS	neutral	0	2026083662	25	paper_frac_posterior_mean_below	local_100kb	40000	0.23441077439999999	0.19533969232404283	33	0.16500000000000001
eas_neutral_exact_population_af_reverse_bridge_r062	EAS	neutral	0	2026083662	25	paper_frac_posterior_mean_below	local_100kb	50000	0.28174122172400001	0.19533969232404283	33	0.16500000000000001
eas_neutral_exact_population_af_reverse_bridge_r063	EAS	neutral	0	2026083663	25	mean_p_tmrca_lt	focal	1000	0.0080198934250000006	0.19533969232404283	37	0.185
eas_neutral_exact_population_af_reverse_bridge_r063	EAS	neutral	0	2026083663	25	mean_p_tmrca_lt	focal	4500	0.034836212659999997	0.19533969232404283	37	0.185
eas_neutral_exact_population_af_reverse_bridge_r063	EAS	neutral	0	2026083663	25	mean_p_tmrca_lt	focal	10000	0.073117393929999996	0.19533969232404283	37	0.185
eas_neutral_exact_population_af_reverse_bridge_r063	EAS	neutral	0	2026083663	25	mean_p_tmrca_lt	focal	20000	0.1341718801	0.19533969232404283	37	0.185
eas_neutral_exact_population_af_reverse_bridge_r063	EAS	neutral	0	2026083663	25	mean_p_tmrca_lt	focal	30000	0.18745216479999999	0.19533969232404283	37	0.185
eas_neutral_exact_population_af_reverse_bridge_r063	EAS	neutral	0	2026083663	25	mean_p_tmrca_lt	focal	40000	0.23499149	0.19533969232404283	37	0.185
eas_neutral_exact_population_af_reverse_bridge_r063	EAS	neutral	0	2026083663	25	mean_p_tmrca_lt	focal	50000	0.2778448436	0.19533969232404283	37	0.185
eas_neutral_exact_population_af_reverse_bridge_r063	EAS	neutral	0	2026083663	25	mean_p_tmrca_lt	local_100kb	1000	0.010765129904399999	0.19533969232404283	37	0.185
eas_neutral_exact_population_af_reverse_bridge_r063	EAS	neutral	0	2026083663	25	mean_p_tmrca_lt	local_100kb	4500	0.046449192682900001	0.19533969232404283	37	0.185
eas_neutral_exact_population_af_reverse_bridge_r063	EAS	neutral	0	2026083663	25	mean_p_tmrca_lt	local_100kb	10000	0.095887673478999999	0.19533969232404283	37	0.185
eas_neutral_exact_population_af_reverse_bridge_r063	EAS	neutral	0	2026083663	25	mean_p_tmrca_lt	local_100kb	20000	0.169271440133	0.19533969232404283	37	0.185
eas_neutral_exact_population_af_reverse_bridge_r063	EAS	neutral	0	2026083663	25	mean_p_tmrca_lt	local_100kb	30000	0.22754709453300001	0.19533969232404283	37	0.185
eas_neutral_exact_population_af_reverse_bridge_r063	EAS	neutral	0	2026083663	25	mean_p_tmrca_lt	local_100kb	40000	0.275453028795	0.19533969232404283	37	0.185
eas_neutral_exact_population_af_reverse_bridge_r063	EAS	neutral	0	2026083663	25	mean_p_tmrca_lt	local_100kb	50000	0.31584980919	0.19533969232404283	37	0.185
eas_neutral_exact_population_af_reverse_bridge_r063	EAS	neutral	0	2026083663	25	paper_frac_posterior_mean_below	focal	1000	0.00080808080809999998	0.19533969232404283	37	0.185
eas_neutral_exact_population_af_reverse_bridge_r063	EAS	neutral	0	2026083663	25	paper_frac_posterior_mean_below	focal	4500	0.0050505050509999996	0.19533969232404283	37	0.185
eas_neutral_exact_population_af_reverse_bridge_r063	EAS	neutral	0	2026083663	25	paper_frac_posterior_mean_below	focal	10000	0.023434343430000001	0.19533969232404283	37	0.185
eas_neutral_exact_population_af_reverse_bridge_r063	EAS	neutral	0	2026083663	25	paper_frac_posterior_mean_below	focal	20000	0.055555555559999997	0.19533969232404283	37	0.185
eas_neutral_exact_population_af_reverse_bridge_r063	EAS	neutral	0	2026083663	25	paper_frac_posterior_mean_below	focal	30000	0.085252525250000002	0.19533969232404283	37	0.185
eas_neutral_exact_population_af_reverse_bridge_r063	EAS	neutral	0	2026083663	25	paper_frac_posterior_mean_below	focal	40000	0.12444444440000001	0.19533969232404283	37	0.185
eas_neutral_exact_population_af_reverse_bridge_r063	EAS	neutral	0	2026083663	25	paper_frac_posterior_mean_below	focal	50000	0.16929292930000001	0.19533969232404283	37	0.185
eas_neutral_exact_population_af_reverse_bridge_r063	EAS	neutral	0	2026083663	25	paper_frac_posterior_mean_below	local_100kb	1000	0.00080808080809999998	0.19533969232404283	37	0.185
eas_neutral_exact_population_af_reverse_bridge_r063	EAS	neutral	0	2026083663	25	paper_frac_posterior_mean_below	local_100kb	4500	0.0047522847521400003	0.19533969232404283	37	0.185
eas_neutral_exact_population_af_reverse_bridge_r063	EAS	neutral	0	2026083663	25	paper_frac_posterior_mean_below	local_100kb	10000	0.023973063973299999	0.19533969232404283	37	0.185
eas_neutral_exact_population_af_reverse_bridge_r063	EAS	neutral	0	2026083663	25	paper_frac_posterior_mean_below	local_100kb	20000	0.076459836457600003	0.19533969232404283	37	0.185
eas_neutral_exact_population_af_reverse_bridge_r063	EAS	neutral	0	2026083663	25	paper_frac_posterior_mean_below	local_100kb	30000	0.13013949014100001	0.19533969232404283	37	0.185
eas_neutral_exact_population_af_reverse_bridge_r063	EAS	neutral	0	2026083663	25	paper_frac_posterior_mean_below	local_100kb	40000	0.18593554591899999	0.19533969232404283	37	0.185
eas_neutral_exact_population_af_reverse_bridge_r063	EAS	neutral	0	2026083663	25	paper_frac_posterior_mean_below	local_100kb	50000	0.23912457912900001	0.19533969232404283	37	0.185
eas_neutral_exact_population_af_reverse_bridge_r064	EAS	neutral	0	2026083664	25	mean_p_tmrca_lt	focal	1000	0.011177840410000001	0.19533969232404283	36	0.17999999999999999
eas_neutral_exact_population_af_reverse_bridge_r064	EAS	neutral	0	2026083664	25	mean_p_tmrca_lt	focal	4500	0.05061038071	0.19533969232404283	36	0.17999999999999999
eas_neutral_exact_population_af_reverse_bridge_r064	EAS	neutral	0	2026083664	25	mean_p_tmrca_lt	focal	10000	0.1055794675	0.19533969232404283	36	0.17999999999999999
eas_neutral_exact_population_af_reverse_bridge_r064	EAS	neutral	0	2026083664	25	mean_p_tmrca_lt	focal	20000	0.18299556810000001	0.19533969232404283	36	0.17999999999999999
eas_neutral_exact_population_af_reverse_bridge_r064	EAS	neutral	0	2026083664	25	mean_p_tmrca_lt	focal	30000	0.2387853117	0.19533969232404283	36	0.17999999999999999
eas_neutral_exact_population_af_reverse_bridge_r064	EAS	neutral	0	2026083664	25	mean_p_tmrca_lt	focal	40000	0.28033214880000001	0.19533969232404283	36	0.17999999999999999
eas_neutral_exact_population_af_reverse_bridge_r064	EAS	neutral	0	2026083664	25	mean_p_tmrca_lt	focal	50000	0.31241314139999998	0.19533969232404283	36	0.17999999999999999
eas_neutral_exact_population_af_reverse_bridge_r064	EAS	neutral	0	2026083664	25	mean_p_tmrca_lt	local_100kb	1000	0.013024041646499999	0.19533969232404283	36	0.17999999999999999
eas_neutral_exact_population_af_reverse_bridge_r064	EAS	neutral	0	2026083664	25	mean_p_tmrca_lt	local_100kb	4500	0.057982455896199998	0.19533969232404283	36	0.17999999999999999
eas_neutral_exact_population_af_reverse_bridge_r064	EAS	neutral	0	2026083664	25	mean_p_tmrca_lt	local_100kb	10000	0.119130356012	0.19533969232404283	36	0.17999999999999999
eas_neutral_exact_population_af_reverse_bridge_r064	EAS	neutral	0	2026083664	25	mean_p_tmrca_lt	local_100kb	20000	0.20356893666199999	0.19533969232404283	36	0.17999999999999999
eas_neutral_exact_population_af_reverse_bridge_r064	EAS	neutral	0	2026083664	25	mean_p_tmrca_lt	local_100kb	30000	0.264512811919	0.19533969232404283	36	0.17999999999999999
eas_neutral_exact_population_af_reverse_bridge_r064	EAS	neutral	0	2026083664	25	mean_p_tmrca_lt	local_100kb	40000	0.31074188886699999	0.19533969232404283	36	0.17999999999999999
eas_neutral_exact_population_af_reverse_bridge_r064	EAS	neutral	0	2026083664	25	mean_p_tmrca_lt	local_100kb	50000	0.34735212701899998	0.19533969232404283	36	0.17999999999999999
eas_neutral_exact_population_af_reverse_bridge_r064	EAS	neutral	0	2026083664	25	paper_frac_posterior_mean_below	focal	1000	0.000404040404	0.19533969232404283	36	0.17999999999999999
eas_neutral_exact_population_af_reverse_bridge_r064	EAS	neutral	0	2026083664	25	paper_frac_posterior_mean_below	focal	4500	0.0040404040399999999	0.19533969232404283	36	0.17999999999999999
eas_neutral_exact_population_af_reverse_bridge_r064	EAS	neutral	0	2026083664	25	paper_frac_posterior_mean_below	focal	10000	0.026464646460000001	0.19533969232404283	36	0.17999999999999999
eas_neutral_exact_population_af_reverse_bridge_r064	EAS	neutral	0	2026083664	25	paper_frac_posterior_mean_below	focal	20000	0.096161616160000005	0.19533969232404283	36	0.17999999999999999
eas_neutral_exact_population_af_reverse_bridge_r064	EAS	neutral	0	2026083664	25	paper_frac_posterior_mean_below	focal	30000	0.198989899	0.19533969232404283	36	0.17999999999999999
eas_neutral_exact_population_af_reverse_bridge_r064	EAS	neutral	0	2026083664	25	paper_frac_posterior_mean_below	focal	40000	0.27050505050000001	0.19533969232404283	36	0.17999999999999999
eas_neutral_exact_population_af_reverse_bridge_r064	EAS	neutral	0	2026083664	25	paper_frac_posterior_mean_below	focal	50000	0.30606060610000002	0.19533969232404283	36	0.17999999999999999
eas_neutral_exact_population_af_reverse_bridge_r064	EAS	neutral	0	2026083664	25	paper_frac_posterior_mean_below	local_100kb	1000	0.000404040404	0.19533969232404283	36	0.17999999999999999
eas_neutral_exact_population_af_reverse_bridge_r064	EAS	neutral	0	2026083664	25	paper_frac_posterior_mean_below	local_100kb	4500	0.0043386243382400004	0.19533969232404283	36	0.17999999999999999
eas_neutral_exact_population_af_reverse_bridge_r064	EAS	neutral	0	2026083664	25	paper_frac_posterior_mean_below	local_100kb	10000	0.032400192400500002	0.19533969232404283	36	0.17999999999999999
eas_neutral_exact_population_af_reverse_bridge_r064	EAS	neutral	0	2026083664	25	paper_frac_posterior_mean_below	local_100kb	20000	0.11752765752200001	0.19533969232404283	36	0.17999999999999999
eas_neutral_exact_population_af_reverse_bridge_r064	EAS	neutral	0	2026083664	25	paper_frac_posterior_mean_below	local_100kb	30000	0.20100048100500001	0.19533969232404283	36	0.17999999999999999
eas_neutral_exact_population_af_reverse_bridge_r064	EAS	neutral	0	2026083664	25	paper_frac_posterior_mean_below	local_100kb	40000	0.258951418943	0.19533969232404283	36	0.17999999999999999
eas_neutral_exact_population_af_reverse_bridge_r064	EAS	neutral	0	2026083664	25	paper_frac_posterior_mean_below	local_100kb	50000	0.29190957191400002	0.19533969232404283	36	0.17999999999999999
eas_neutral_exact_population_af_reverse_bridge_r065	EAS	neutral	0	2026083665	25	mean_p_tmrca_lt	focal	1000	0.0068974011860000002	0.19533969232404283	43	0.215
eas_neutral_exact_population_af_reverse_bridge_r065	EAS	neutral	0	2026083665	25	mean_p_tmrca_lt	focal	4500	0.030429497909999999	0.19533969232404283	43	0.215
eas_neutral_exact_population_af_reverse_bridge_r065	EAS	neutral	0	2026083665	25	mean_p_tmrca_lt	focal	10000	0.062199350170000001	0.19533969232404283	43	0.215
eas_neutral_exact_population_af_reverse_bridge_r065	EAS	neutral	0	2026083665	25	mean_p_tmrca_lt	focal	20000	0.1064639654	0.19533969232404283	43	0.215
eas_neutral_exact_population_af_reverse_bridge_r065	EAS	neutral	0	2026083665	25	mean_p_tmrca_lt	focal	30000	0.13930692650000001	0.19533969232404283	43	0.215
eas_neutral_exact_population_af_reverse_bridge_r065	EAS	neutral	0	2026083665	25	mean_p_tmrca_lt	focal	40000	0.16527406610000001	0.19533969232404283	43	0.215
eas_neutral_exact_population_af_reverse_bridge_r065	EAS	neutral	0	2026083665	25	mean_p_tmrca_lt	focal	50000	0.1869058525	0.19533969232404283	43	0.215
eas_neutral_exact_population_af_reverse_bridge_r065	EAS	neutral	0	2026083665	25	mean_p_tmrca_lt	local_100kb	1000	0.0096341392205699997	0.19533969232404283	43	0.215
eas_neutral_exact_population_af_reverse_bridge_r065	EAS	neutral	0	2026083665	25	mean_p_tmrca_lt	local_100kb	4500	0.043040819021400001	0.19533969232404283	43	0.215
eas_neutral_exact_population_af_reverse_bridge_r065	EAS	neutral	0	2026083665	25	mean_p_tmrca_lt	local_100kb	10000	0.089377749256199998	0.19533969232404283	43	0.215
eas_neutral_exact_population_af_reverse_bridge_r065	EAS	neutral	0	2026083665	25	mean_p_tmrca_lt	local_100kb	20000	0.156521755938	0.19533969232404283	43	0.215
eas_neutral_exact_population_af_reverse_bridge_r065	EAS	neutral	0	2026083665	25	mean_p_tmrca_lt	local_100kb	30000	0.20820660783299999	0.19533969232404283	43	0.215
eas_neutral_exact_population_af_reverse_bridge_r065	EAS	neutral	0	2026083665	25	mean_p_tmrca_lt	local_100kb	40000	0.24967955026200001	0.19533969232404283	43	0.215
eas_neutral_exact_population_af_reverse_bridge_r065	EAS	neutral	0	2026083665	25	mean_p_tmrca_lt	local_100kb	50000	0.28402512673300001	0.19533969232404283	43	0.215
eas_neutral_exact_population_af_reverse_bridge_r065	EAS	neutral	0	2026083665	25	paper_frac_posterior_mean_below	focal	1000	0.000404040404	0.19533969232404283	43	0.215
eas_neutral_exact_population_af_reverse_bridge_r065	EAS	neutral	0	2026083665	25	paper_frac_posterior_mean_below	focal	4500	0.0030303030300000001	0.19533969232404283	43	0.215
eas_neutral_exact_population_af_reverse_bridge_r065	EAS	neutral	0	2026083665	25	paper_frac_posterior_mean_below	focal	10000	0.019595959600000001	0.19533969232404283	43	0.215
eas_neutral_exact_population_af_reverse_bridge_r065	EAS	neutral	0	2026083665	25	paper_frac_posterior_mean_below	focal	20000	0.058383838379999997	0.19533969232404283	43	0.215
eas_neutral_exact_population_af_reverse_bridge_r065	EAS	neutral	0	2026083665	25	paper_frac_posterior_mean_below	focal	30000	0.10949494949999999	0.19533969232404283	43	0.215
eas_neutral_exact_population_af_reverse_bridge_r065	EAS	neutral	0	2026083665	25	paper_frac_posterior_mean_below	focal	40000	0.1450505051	0.19533969232404283	43	0.215
eas_neutral_exact_population_af_reverse_bridge_r065	EAS	neutral	0	2026083665	25	paper_frac_posterior_mean_below	focal	50000	0.17030303029999999	0.19533969232404283	43	0.215
eas_neutral_exact_population_af_reverse_bridge_r065	EAS	neutral	0	2026083665	25	paper_frac_posterior_mean_below	local_100kb	1000	0.00043290043287100001	0.19533969232404283	43	0.215
eas_neutral_exact_population_af_reverse_bridge_r065	EAS	neutral	0	2026083665	25	paper_frac_posterior_mean_below	local_100kb	4500	0.0030206830203799999	0.19533969232404283	43	0.215
eas_neutral_exact_population_af_reverse_bridge_r065	EAS	neutral	0	2026083665	25	paper_frac_posterior_mean_below	local_100kb	10000	0.0217412217405	0.19533969232404283	43	0.215
eas_neutral_exact_population_af_reverse_bridge_r065	EAS	neutral	0	2026083665	25	paper_frac_posterior_mean_below	local_100kb	20000	0.069196729195699996	0.19533969232404283	43	0.215
eas_neutral_exact_population_af_reverse_bridge_r065	EAS	neutral	0	2026083665	25	paper_frac_posterior_mean_below	local_100kb	30000	0.12945646945700001	0.19533969232404283	43	0.215
eas_neutral_exact_population_af_reverse_bridge_r065	EAS	neutral	0	2026083665	25	paper_frac_posterior_mean_below	local_100kb	40000	0.18157768157599999	0.19533969232404283	43	0.215
eas_neutral_exact_population_af_reverse_bridge_r065	EAS	neutral	0	2026083665	25	paper_frac_posterior_mean_below	local_100kb	50000	0.220673400681	0.19533969232404283	43	0.215
eas_neutral_exact_population_af_reverse_bridge_r066	EAS	neutral	0	2026083666	25	mean_p_tmrca_lt	focal	1000	0.014906234670000001	0.19533969232404283	42	0.20999999999999999
eas_neutral_exact_population_af_reverse_bridge_r066	EAS	neutral	0	2026083666	25	mean_p_tmrca_lt	focal	4500	0.06548659003	0.19533969232404283	42	0.20999999999999999
eas_neutral_exact_population_af_reverse_bridge_r066	EAS	neutral	0	2026083666	25	mean_p_tmrca_lt	focal	10000	0.13502505300000001	0.19533969232404283	42	0.20999999999999999
eas_neutral_exact_population_af_reverse_bridge_r066	EAS	neutral	0	2026083666	25	mean_p_tmrca_lt	focal	20000	0.23558745540000001	0.19533969232404283	42	0.20999999999999999
eas_neutral_exact_population_af_reverse_bridge_r066	EAS	neutral	0	2026083666	25	mean_p_tmrca_lt	focal	30000	0.31204434209999998	0.19533969232404283	42	0.20999999999999999
eas_neutral_exact_population_af_reverse_bridge_r066	EAS	neutral	0	2026083666	25	mean_p_tmrca_lt	focal	40000	0.37170820859999998	0.19533969232404283	42	0.20999999999999999
eas_neutral_exact_population_af_reverse_bridge_r066	EAS	neutral	0	2026083666	25	mean_p_tmrca_lt	focal	50000	0.4191744745	0.19533969232404283	42	0.20999999999999999
eas_neutral_exact_population_af_reverse_bridge_r066	EAS	neutral	0	2026083666	25	mean_p_tmrca_lt	local_100kb	1000	0.012205435517999999	0.19533969232404283	42	0.20999999999999999
eas_neutral_exact_population_af_reverse_bridge_r066	EAS	neutral	0	2026083666	25	mean_p_tmrca_lt	local_100kb	4500	0.056522038742900002	0.19533969232404283	42	0.20999999999999999
eas_neutral_exact_population_af_reverse_bridge_r066	EAS	neutral	0	2026083666	25	mean_p_tmrca_lt	local_100kb	10000	0.122354948964	0.19533969232404283	42	0.20999999999999999
eas_neutral_exact_population_af_reverse_bridge_r066	EAS	neutral	0	2026083666	25	mean_p_tmrca_lt	local_100kb	20000	0.22599599205199999	0.19533969232404283	42	0.20999999999999999
eas_neutral_exact_population_af_reverse_bridge_r066	EAS	neutral	0	2026083666	25	mean_p_tmrca_lt	local_100kb	30000	0.31154559726699999	0.19533969232404283	42	0.20999999999999999
eas_neutral_exact_population_af_reverse_bridge_r066	EAS	neutral	0	2026083666	25	mean_p_tmrca_lt	local_100kb	40000	0.38297128920500001	0.19533969232404283	42	0.20999999999999999
eas_neutral_exact_population_af_reverse_bridge_r066	EAS	neutral	0	2026083666	25	mean_p_tmrca_lt	local_100kb	50000	0.44327999784799998	0.19533969232404283	42	0.20999999999999999
eas_neutral_exact_population_af_reverse_bridge_r066	EAS	neutral	0	2026083666	25	paper_frac_posterior_mean_below	focal	1000	0.000404040404	0.19533969232404283	42	0.20999999999999999
eas_neutral_exact_population_af_reverse_bridge_r066	EAS	neutral	0	2026083666	25	paper_frac_posterior_mean_below	focal	4500	0.0036363636360000002	0.19533969232404283	42	0.20999999999999999
eas_neutral_exact_population_af_reverse_bridge_r066	EAS	neutral	0	2026083666	25	paper_frac_posterior_mean_below	focal	10000	0.030505050509999999	0.19533969232404283	42	0.20999999999999999
eas_neutral_exact_population_af_reverse_bridge_r066	EAS	neutral	0	2026083666	25	paper_frac_posterior_mean_below	focal	20000	0.083232323230000002	0.19533969232404283	42	0.20999999999999999
eas_neutral_exact_population_af_reverse_bridge_r066	EAS	neutral	0	2026083666	25	paper_frac_posterior_mean_below	focal	30000	0.164040404	0.19533969232404283	42	0.20999999999999999
eas_neutral_exact_population_af_reverse_bridge_r066	EAS	neutral	0	2026083666	25	paper_frac_posterior_mean_below	focal	40000	0.25050505049999999	0.19533969232404283	42	0.20999999999999999
eas_neutral_exact_population_af_reverse_bridge_r066	EAS	neutral	0	2026083666	25	paper_frac_posterior_mean_below	focal	50000	0.29313131310000001	0.19533969232404283	42	0.20999999999999999
eas_neutral_exact_population_af_reverse_bridge_r066	EAS	neutral	0	2026083666	25	paper_frac_posterior_mean_below	local_100kb	1000	0.00026936026933299998	0.19533969232404283	42	0.20999999999999999
eas_neutral_exact_population_af_reverse_bridge_r066	EAS	neutral	0	2026083666	25	paper_frac_posterior_mean_below	local_100kb	4500	0.0037037037033300002	0.19533969232404283	42	0.20999999999999999
eas_neutral_exact_population_af_reverse_bridge_r066	EAS	neutral	0	2026083666	25	paper_frac_posterior_mean_below	local_100kb	10000	0.0243771043776	0.19533969232404283	42	0.20999999999999999
eas_neutral_exact_population_af_reverse_bridge_r066	EAS	neutral	0	2026083666	25	paper_frac_posterior_mean_below	local_100kb	20000	0.086628186628099998	0.19533969232404283	42	0.20999999999999999
eas_neutral_exact_population_af_reverse_bridge_r066	EAS	neutral	0	2026083666	25	paper_frac_posterior_mean_below	local_100kb	30000	0.160788840795	0.19533969232404283	42	0.20999999999999999
eas_neutral_exact_population_af_reverse_bridge_r066	EAS	neutral	0	2026083666	25	paper_frac_posterior_mean_below	local_100kb	40000	0.24352092351900001	0.19533969232404283	42	0.20999999999999999
eas_neutral_exact_population_af_reverse_bridge_r066	EAS	neutral	0	2026083666	25	paper_frac_posterior_mean_below	local_100kb	50000	0.311669071671	0.19533969232404283	42	0.20999999999999999
eas_neutral_exact_population_af_reverse_bridge_r067	EAS	neutral	0	2026083667	25	mean_p_tmrca_lt	focal	1000	0.015953976660000001	0.19533969232404283	42	0.20999999999999999
eas_neutral_exact_population_af_reverse_bridge_r067	EAS	neutral	0	2026083667	25	mean_p_tmrca_lt	focal	4500	0.070842252859999996	0.19533969232404283	42	0.20999999999999999
eas_neutral_exact_population_af_reverse_bridge_r067	EAS	neutral	0	2026083667	25	mean_p_tmrca_lt	focal	10000	0.1429268035	0.19533969232404283	42	0.20999999999999999
eas_neutral_exact_population_af_reverse_bridge_r067	EAS	neutral	0	2026083667	25	mean_p_tmrca_lt	focal	20000	0.23594219	0.19533969232404283	42	0.20999999999999999
eas_neutral_exact_population_af_reverse_bridge_r067	EAS	neutral	0	2026083667	25	mean_p_tmrca_lt	focal	30000	0.29676566119999997	0.19533969232404283	42	0.20999999999999999
eas_neutral_exact_population_af_reverse_bridge_r067	EAS	neutral	0	2026083667	25	mean_p_tmrca_lt	focal	40000	0.33875002030000001	0.19533969232404283	42	0.20999999999999999
eas_neutral_exact_population_af_reverse_bridge_r067	EAS	neutral	0	2026083667	25	mean_p_tmrca_lt	focal	50000	0.36943337640000001	0.19533969232404283	42	0.20999999999999999
eas_neutral_exact_population_af_reverse_bridge_r067	EAS	neutral	0	2026083667	25	mean_p_tmrca_lt	local_100kb	1000	0.0132809221548	0.19533969232404283	42	0.20999999999999999
eas_neutral_exact_population_af_reverse_bridge_r067	EAS	neutral	0	2026083667	25	mean_p_tmrca_lt	local_100kb	4500	0.061516787047599997	0.19533969232404283	42	0.20999999999999999
eas_neutral_exact_population_af_reverse_bridge_r067	EAS	neutral	0	2026083667	25	mean_p_tmrca_lt	local_100kb	10000	0.12987900579700001	0.19533969232404283	42	0.20999999999999999
eas_neutral_exact_population_af_reverse_bridge_r067	EAS	neutral	0	2026083667	25	mean_p_tmrca_lt	local_100kb	20000	0.22871827847100001	0.19533969232404283	42	0.20999999999999999
eas_neutral_exact_population_af_reverse_bridge_r067	EAS	neutral	0	2026083667	25	mean_p_tmrca_lt	local_100kb	30000	0.30275270584800001	0.19533969232404283	42	0.20999999999999999
eas_neutral_exact_population_af_reverse_bridge_r067	EAS	neutral	0	2026083667	25	mean_p_tmrca_lt	local_100kb	40000	0.35996385396199998	0.19533969232404283	42	0.20999999999999999
eas_neutral_exact_population_af_reverse_bridge_r067	EAS	neutral	0	2026083667	25	mean_p_tmrca_lt	local_100kb	50000	0.40563975900999999	0.19533969232404283	42	0.20999999999999999
eas_neutral_exact_population_af_reverse_bridge_r067	EAS	neutral	0	2026083667	25	paper_frac_posterior_mean_below	focal	1000	0.000202020202	0.19533969232404283	42	0.20999999999999999
eas_neutral_exact_population_af_reverse_bridge_r067	EAS	neutral	0	2026083667	25	paper_frac_posterior_mean_below	focal	4500	0.0036363636360000002	0.19533969232404283	42	0.20999999999999999
eas_neutral_exact_population_af_reverse_bridge_r067	EAS	neutral	0	2026083667	25	paper_frac_posterior_mean_below	focal	10000	0.02141414141	0.19533969232404283	42	0.20999999999999999
eas_neutral_exact_population_af_reverse_bridge_r067	EAS	neutral	0	2026083667	25	paper_frac_posterior_mean_below	focal	20000	0.17838383839999999	0.19533969232404283	42	0.20999999999999999
eas_neutral_exact_population_af_reverse_bridge_r067	EAS	neutral	0	2026083667	25	paper_frac_posterior_mean_below	focal	30000	0.26969696970000001	0.19533969232404283	42	0.20999999999999999
eas_neutral_exact_population_af_reverse_bridge_r067	EAS	neutral	0	2026083667	25	paper_frac_posterior_mean_below	focal	40000	0.33474747469999999	0.19533969232404283	42	0.20999999999999999
eas_neutral_exact_population_af_reverse_bridge_r067	EAS	neutral	0	2026083667	25	paper_frac_posterior_mean_below	focal	50000	0.37797979799999998	0.19533969232404283	42	0.20999999999999999
eas_neutral_exact_population_af_reverse_bridge_r067	EAS	neutral	0	2026083667	25	paper_frac_posterior_mean_below	local_100kb	1000	0.000202020202	0.19533969232404283	42	0.20999999999999999
eas_neutral_exact_population_af_reverse_bridge_r067	EAS	neutral	0	2026083667	25	paper_frac_posterior_mean_below	local_100kb	4500	0.0036075036071399999	0.19533969232404283	42	0.20999999999999999
eas_neutral_exact_population_af_reverse_bridge_r067	EAS	neutral	0	2026083667	25	paper_frac_posterior_mean_below	local_100kb	10000	0.023963443962400001	0.19533969232404283	42	0.20999999999999999
eas_neutral_exact_population_af_reverse_bridge_r067	EAS	neutral	0	2026083667	25	paper_frac_posterior_mean_below	local_100kb	20000	0.124482924482	0.19533969232404283	42	0.20999999999999999
eas_neutral_exact_population_af_reverse_bridge_r067	EAS	neutral	0	2026083667	25	paper_frac_posterior_mean_below	local_100kb	30000	0.214025974019	0.19533969232404283	42	0.20999999999999999
eas_neutral_exact_population_af_reverse_bridge_r067	EAS	neutral	0	2026083667	25	paper_frac_posterior_mean_below	local_100kb	40000	0.28638768638599998	0.19533969232404283	42	0.20999999999999999
eas_neutral_exact_population_af_reverse_bridge_r067	EAS	neutral	0	2026083667	25	paper_frac_posterior_mean_below	local_100kb	50000	0.33636363636700001	0.19533969232404283	42	0.20999999999999999
eas_neutral_exact_population_af_reverse_bridge_r068	EAS	neutral	0	2026083668	25	mean_p_tmrca_lt	focal	1000	0.01117249042	0.19533969232404283	31	0.155
eas_neutral_exact_population_af_reverse_bridge_r068	EAS	neutral	0	2026083668	25	mean_p_tmrca_lt	focal	4500	0.041748566469999998	0.19533969232404283	31	0.155
eas_neutral_exact_population_af_reverse_bridge_r068	EAS	neutral	0	2026083668	25	mean_p_tmrca_lt	focal	10000	0.079927576	0.19533969232404283	31	0.155
eas_neutral_exact_population_af_reverse_bridge_r068	EAS	neutral	0	2026083668	25	mean_p_tmrca_lt	focal	20000	0.13212043300000001	0.19533969232404283	31	0.155
eas_neutral_exact_population_af_reverse_bridge_r068	EAS	neutral	0	2026083668	25	mean_p_tmrca_lt	focal	30000	0.1717030628	0.19533969232404283	31	0.155
eas_neutral_exact_population_af_reverse_bridge_r068	EAS	neutral	0	2026083668	25	mean_p_tmrca_lt	focal	40000	0.20381140640000001	0.19533969232404283	31	0.155
eas_neutral_exact_population_af_reverse_bridge_r068	EAS	neutral	0	2026083668	25	mean_p_tmrca_lt	focal	50000	0.23099317380000001	0.19533969232404283	31	0.155
eas_neutral_exact_population_af_reverse_bridge_r068	EAS	neutral	0	2026083668	25	mean_p_tmrca_lt	local_100kb	1000	0.0130994392226	0.19533969232404283	31	0.155
eas_neutral_exact_population_af_reverse_bridge_r068	EAS	neutral	0	2026083668	25	mean_p_tmrca_lt	local_100kb	4500	0.051034232546699997	0.19533969232404283	31	0.155
eas_neutral_exact_population_af_reverse_bridge_r068	EAS	neutral	0	2026083668	25	mean_p_tmrca_lt	local_100kb	10000	0.10068955231600001	0.19533969232404283	31	0.155
eas_neutral_exact_population_af_reverse_bridge_r068	EAS	neutral	0	2026083668	25	mean_p_tmrca_lt	local_100kb	20000	0.171625480829	0.19533969232404283	31	0.155
eas_neutral_exact_population_af_reverse_bridge_r068	EAS	neutral	0	2026083668	25	mean_p_tmrca_lt	local_100kb	30000	0.22702085659999999	0.19533969232404283	31	0.155
eas_neutral_exact_population_af_reverse_bridge_r068	EAS	neutral	0	2026083668	25	mean_p_tmrca_lt	local_100kb	40000	0.27242207189500001	0.19533969232404283	31	0.155
eas_neutral_exact_population_af_reverse_bridge_r068	EAS	neutral	0	2026083668	25	mean_p_tmrca_lt	local_100kb	50000	0.31079450889999999	0.19533969232404283	31	0.155
eas_neutral_exact_population_af_reverse_bridge_r068	EAS	neutral	0	2026083668	25	paper_frac_posterior_mean_below	focal	1000	0.0014141414139999999	0.19533969232404283	31	0.155
eas_neutral_exact_population_af_reverse_bridge_r068	EAS	neutral	0	2026083668	25	paper_frac_posterior_mean_below	focal	4500	0.0078787878789999995	0.19533969232404283	31	0.155
eas_neutral_exact_population_af_reverse_bridge_r068	EAS	neutral	0	2026083668	25	paper_frac_posterior_mean_below	focal	10000	0.030505050509999999	0.19533969232404283	31	0.155
eas_neutral_exact_population_af_reverse_bridge_r068	EAS	neutral	0	2026083668	25	paper_frac_posterior_mean_below	focal	20000	0.07151515152	0.19533969232404283	31	0.155
eas_neutral_exact_population_af_reverse_bridge_r068	EAS	neutral	0	2026083668	25	paper_frac_posterior_mean_below	focal	30000	0.10040404040000001	0.19533969232404283	31	0.155
eas_neutral_exact_population_af_reverse_bridge_r068	EAS	neutral	0	2026083668	25	paper_frac_posterior_mean_below	focal	40000	0.12121212119999999	0.19533969232404283	31	0.155
eas_neutral_exact_population_af_reverse_bridge_r068	EAS	neutral	0	2026083668	25	paper_frac_posterior_mean_below	focal	50000	0.15616161619999999	0.19533969232404283	31	0.155
eas_neutral_exact_population_af_reverse_bridge_r068	EAS	neutral	0	2026083668	25	paper_frac_posterior_mean_below	local_100kb	1000	0.0014141414139999999	0.19533969232404283	31	0.155
eas_neutral_exact_population_af_reverse_bridge_r068	EAS	neutral	0	2026083668	25	paper_frac_posterior_mean_below	local_100kb	4500	0.0073881673884300001	0.19533969232404283	31	0.155
eas_neutral_exact_population_af_reverse_bridge_r068	EAS	neutral	0	2026083668	25	paper_frac_posterior_mean_below	local_100kb	10000	0.029687349685699999	0.19533969232404283	31	0.155
eas_neutral_exact_population_af_reverse_bridge_r068	EAS	neutral	0	2026083668	25	paper_frac_posterior_mean_below	local_100kb	20000	0.081577681575199998	0.19533969232404283	31	0.155
eas_neutral_exact_population_af_reverse_bridge_r068	EAS	neutral	0	2026083668	25	paper_frac_posterior_mean_below	local_100kb	30000	0.135670995667	0.19533969232404283	31	0.155
eas_neutral_exact_population_af_reverse_bridge_r068	EAS	neutral	0	2026083668	25	paper_frac_posterior_mean_below	local_100kb	40000	0.190351130343	0.19533969232404283	31	0.155
eas_neutral_exact_population_af_reverse_bridge_r068	EAS	neutral	0	2026083668	25	paper_frac_posterior_mean_below	local_100kb	50000	0.23417027416700001	0.19533969232404283	31	0.155
eas_neutral_exact_population_af_reverse_bridge_r069	EAS	neutral	0	2026083669	25	mean_p_tmrca_lt	focal	1000	0.008419210937	0.19533969232404283	31	0.155
eas_neutral_exact_population_af_reverse_bridge_r069	EAS	neutral	0	2026083669	25	mean_p_tmrca_lt	focal	4500	0.035869787909999999	0.19533969232404283	31	0.155
eas_neutral_exact_population_af_reverse_bridge_r069	EAS	neutral	0	2026083669	25	mean_p_tmrca_lt	focal	10000	0.073635937900000004	0.19533969232404283	31	0.155
eas_neutral_exact_population_af_reverse_bridge_r069	EAS	neutral	0	2026083669	25	mean_p_tmrca_lt	focal	20000	0.1273696315	0.19533969232404283	31	0.155
eas_neutral_exact_population_af_reverse_bridge_r069	EAS	neutral	0	2026083669	25	mean_p_tmrca_lt	focal	30000	0.1679129922	0.19533969232404283	31	0.155
eas_neutral_exact_population_af_reverse_bridge_r069	EAS	neutral	0	2026083669	25	mean_p_tmrca_lt	focal	40000	0.20037245370000001	0.19533969232404283	31	0.155
eas_neutral_exact_population_af_reverse_bridge_r069	EAS	neutral	0	2026083669	25	mean_p_tmrca_lt	focal	50000	0.22767703719999999	0.19533969232404283	31	0.155
eas_neutral_exact_population_af_reverse_bridge_r069	EAS	neutral	0	2026083669	25	mean_p_tmrca_lt	local_100kb	1000	0.010330315973	0.19533969232404283	31	0.155
eas_neutral_exact_population_af_reverse_bridge_r069	EAS	neutral	0	2026083669	25	mean_p_tmrca_lt	local_100kb	4500	0.045753728526200001	0.19533969232404283	31	0.155
eas_neutral_exact_population_af_reverse_bridge_r069	EAS	neutral	0	2026083669	25	mean_p_tmrca_lt	local_100kb	10000	0.096721448362900003	0.19533969232404283	31	0.155
eas_neutral_exact_population_af_reverse_bridge_r069	EAS	neutral	0	2026083669	25	mean_p_tmrca_lt	local_100kb	20000	0.173023175113	0.19533969232404283	31	0.155
eas_neutral_exact_population_af_reverse_bridge_r069	EAS	neutral	0	2026083669	25	mean_p_tmrca_lt	local_100kb	30000	0.23274797788599999	0.19533969232404283	31	0.155
eas_neutral_exact_population_af_reverse_bridge_r069	EAS	neutral	0	2026083669	25	mean_p_tmrca_lt	local_100kb	40000	0.2807605675	0.19533969232404283	31	0.155
eas_neutral_exact_population_af_reverse_bridge_r069	EAS	neutral	0	2026083669	25	mean_p_tmrca_lt	local_100kb	50000	0.32040739708100002	0.19533969232404283	31	0.155
eas_neutral_exact_population_af_reverse_bridge_r069	EAS	neutral	0	2026083669	25	paper_frac_posterior_mean_below	focal	1000	0.0006060606061	0.19533969232404283	31	0.155
eas_neutral_exact_population_af_reverse_bridge_r069	EAS	neutral	0	2026083669	25	paper_frac_posterior_mean_below	focal	4500	0.002626262626	0.19533969232404283	31	0.155
eas_neutral_exact_population_af_reverse_bridge_r069	EAS	neutral	0	2026083669	25	paper_frac_posterior_mean_below	focal	10000	0.01696969697	0.19533969232404283	31	0.155
eas_neutral_exact_population_af_reverse_bridge_r069	EAS	neutral	0	2026083669	25	paper_frac_posterior_mean_below	focal	20000	0.068282828279999999	0.19533969232404283	31	0.155
eas_neutral_exact_population_af_reverse_bridge_r069	EAS	neutral	0	2026083669	25	paper_frac_posterior_mean_below	focal	30000	0.12424242420000001	0.19533969232404283	31	0.155
eas_neutral_exact_population_af_reverse_bridge_r069	EAS	neutral	0	2026083669	25	paper_frac_posterior_mean_below	focal	40000	0.15616161619999999	0.19533969232404283	31	0.155
eas_neutral_exact_population_af_reverse_bridge_r069	EAS	neutral	0	2026083669	25	paper_frac_posterior_mean_below	focal	50000	0.18323232319999999	0.19533969232404283	31	0.155
eas_neutral_exact_population_af_reverse_bridge_r069	EAS	neutral	0	2026083669	25	paper_frac_posterior_mean_below	local_100kb	1000	0.0006060606061	0.19533969232404283	31	0.155
eas_neutral_exact_population_af_reverse_bridge_r069	EAS	neutral	0	2026083669	25	paper_frac_posterior_mean_below	local_100kb	4500	0.00227994227971	0.19533969232404283	31	0.155
eas_neutral_exact_population_af_reverse_bridge_r069	EAS	neutral	0	2026083669	25	paper_frac_posterior_mean_below	local_100kb	10000	0.017190957190300001	0.19533969232404283	31	0.155
eas_neutral_exact_population_af_reverse_bridge_r069	EAS	neutral	0	2026083669	25	paper_frac_posterior_mean_below	local_100kb	20000	0.080057720059500001	0.19533969232404283	31	0.155
eas_neutral_exact_population_af_reverse_bridge_r069	EAS	neutral	0	2026083669	25	paper_frac_posterior_mean_below	local_100kb	30000	0.151871091864	0.19533969232404283	31	0.155
eas_neutral_exact_population_af_reverse_bridge_r069	EAS	neutral	0	2026083669	25	paper_frac_posterior_mean_below	local_100kb	40000	0.20340548341	0.19533969232404283	31	0.155
eas_neutral_exact_population_af_reverse_bridge_r069	EAS	neutral	0	2026083669	25	paper_frac_posterior_mean_below	local_100kb	50000	0.24578162577099999	0.19533969232404283	31	0.155
eas_neutral_exact_population_af_reverse_bridge_r070	EAS	neutral	0	2026083670	25	mean_p_tmrca_lt	focal	1000	0.02129635765	0.19533969232404283	41	0.20499999999999999
eas_neutral_exact_population_af_reverse_bridge_r070	EAS	neutral	0	2026083670	25	mean_p_tmrca_lt	focal	4500	0.089239257899999994	0.19533969232404283	41	0.20499999999999999
eas_neutral_exact_population_af_reverse_bridge_r070	EAS	neutral	0	2026083670	25	mean_p_tmrca_lt	focal	10000	0.1768738809	0.19533969232404283	41	0.20499999999999999
eas_neutral_exact_population_af_reverse_bridge_r070	EAS	neutral	0	2026083670	25	mean_p_tmrca_lt	focal	20000	0.2931519903	0.19533969232404283	41	0.20499999999999999
eas_neutral_exact_population_af_reverse_bridge_r070	EAS	neutral	0	2026083670	25	mean_p_tmrca_lt	focal	30000	0.37368164529999998	0.19533969232404283	41	0.20499999999999999
eas_neutral_exact_population_af_reverse_bridge_r070	EAS	neutral	0	2026083670	25	mean_p_tmrca_lt	focal	40000	0.43201506119999999	0.19533969232404283	41	0.20499999999999999
eas_neutral_exact_population_af_reverse_bridge_r070	EAS	neutral	0	2026083670	25	mean_p_tmrca_lt	focal	50000	0.47580843410000001	0.19533969232404283	41	0.20499999999999999
eas_neutral_exact_population_af_reverse_bridge_r070	EAS	neutral	0	2026083670	25	mean_p_tmrca_lt	local_100kb	1000	0.011901360371	0.19533969232404283	41	0.20499999999999999
eas_neutral_exact_population_af_reverse_bridge_r070	EAS	neutral	0	2026083670	25	mean_p_tmrca_lt	local_100kb	4500	0.051346483121900002	0.19533969232404283	41	0.20499999999999999
eas_neutral_exact_population_af_reverse_bridge_r070	EAS	neutral	0	2026083670	25	mean_p_tmrca_lt	local_100kb	10000	0.10489773761100001	0.19533969232404283	41	0.20499999999999999
eas_neutral_exact_population_af_reverse_bridge_r070	EAS	neutral	0	2026083670	25	mean_p_tmrca_lt	local_100kb	20000	0.18009383294299999	0.19533969232404283	41	0.20499999999999999
eas_neutral_exact_population_af_reverse_bridge_r070	EAS	neutral	0	2026083670	25	mean_p_tmrca_lt	local_100kb	30000	0.23585709727099999	0.19533969232404283	41	0.20499999999999999
eas_neutral_exact_population_af_reverse_bridge_r070	EAS	neutral	0	2026083670	25	mean_p_tmrca_lt	local_100kb	40000	0.279128829814	0.19533969232404283	41	0.20499999999999999
eas_neutral_exact_population_af_reverse_bridge_r070	EAS	neutral	0	2026083670	25	mean_p_tmrca_lt	local_100kb	50000	0.313987795776	0.19533969232404283	41	0.20499999999999999
eas_neutral_exact_population_af_reverse_bridge_r070	EAS	neutral	0	2026083670	25	paper_frac_posterior_mean_below	focal	1000	0.0006060606061	0.19533969232404283	41	0.20499999999999999
eas_neutral_exact_population_af_reverse_bridge_r070	EAS	neutral	0	2026083670	25	paper_frac_posterior_mean_below	focal	4500	0.0044444444439999996	0.19533969232404283	41	0.20499999999999999
eas_neutral_exact_population_af_reverse_bridge_r070	EAS	neutral	0	2026083670	25	paper_frac_posterior_mean_below	focal	10000	0.026060606060000002	0.19533969232404283	41	0.20499999999999999
eas_neutral_exact_population_af_reverse_bridge_r070	EAS	neutral	0	2026083670	25	paper_frac_posterior_mean_below	focal	20000	0.1361616162	0.19533969232404283	41	0.20499999999999999
eas_neutral_exact_population_af_reverse_bridge_r070	EAS	neutral	0	2026083670	25	paper_frac_posterior_mean_below	focal	30000	0.28000000000000003	0.19533969232404283	41	0.20499999999999999
eas_neutral_exact_population_af_reverse_bridge_r070	EAS	neutral	0	2026083670	25	paper_frac_posterior_mean_below	focal	40000	0.40060606059999998	0.19533969232404283	41	0.20499999999999999
eas_neutral_exact_population_af_reverse_bridge_r070	EAS	neutral	0	2026083670	25	paper_frac_posterior_mean_below	focal	50000	0.52363636359999999	0.19533969232404283	41	0.20499999999999999
eas_neutral_exact_population_af_reverse_bridge_r070	EAS	neutral	0	2026083670	25	paper_frac_posterior_mean_below	local_100kb	1000	0.00070226070229000004	0.19533969232404283	41	0.20499999999999999
eas_neutral_exact_population_af_reverse_bridge_r070	EAS	neutral	0	2026083670	25	paper_frac_posterior_mean_below	local_100kb	4500	0.00373256373219	0.19533969232404283	41	0.20499999999999999
eas_neutral_exact_population_af_reverse_bridge_r070	EAS	neutral	0	2026083670	25	paper_frac_posterior_mean_below	local_100kb	10000	0.022770562770499998	0.19533969232404283	41	0.20499999999999999
eas_neutral_exact_population_af_reverse_bridge_r070	EAS	neutral	0	2026083670	25	paper_frac_posterior_mean_below	local_100kb	20000	0.093660413661000003	0.19533969232404283	41	0.20499999999999999
eas_neutral_exact_population_af_reverse_bridge_r070	EAS	neutral	0	2026083670	25	paper_frac_posterior_mean_below	local_100kb	30000	0.166089466095	0.19533969232404283	41	0.20499999999999999
eas_neutral_exact_population_af_reverse_bridge_r070	EAS	neutral	0	2026083670	25	paper_frac_posterior_mean_below	local_100kb	40000	0.22750360750500001	0.19533969232404283	41	0.20499999999999999
eas_neutral_exact_population_af_reverse_bridge_r070	EAS	neutral	0	2026083670	25	paper_frac_posterior_mean_below	local_100kb	50000	0.27862433862899999	0.19533969232404283	41	0.20499999999999999
eas_neutral_exact_population_af_reverse_bridge_r071	EAS	neutral	0	2026083671	25	mean_p_tmrca_lt	focal	1000	0.0092708698910000005	0.19533969232404283	40	0.20000000000000001
eas_neutral_exact_population_af_reverse_bridge_r071	EAS	neutral	0	2026083671	25	mean_p_tmrca_lt	focal	4500	0.037669427249999998	0.19533969232404283	40	0.20000000000000001
eas_neutral_exact_population_af_reverse_bridge_r071	EAS	neutral	0	2026083671	25	mean_p_tmrca_lt	focal	10000	0.076463640279999995	0.19533969232404283	40	0.20000000000000001
eas_neutral_exact_population_af_reverse_bridge_r071	EAS	neutral	0	2026083671	25	mean_p_tmrca_lt	focal	20000	0.13460757209999999	0.19533969232404283	40	0.20000000000000001
eas_neutral_exact_population_af_reverse_bridge_r071	EAS	neutral	0	2026083671	25	mean_p_tmrca_lt	focal	30000	0.18277198280000001	0.19533969232404283	40	0.20000000000000001
eas_neutral_exact_population_af_reverse_bridge_r071	EAS	neutral	0	2026083671	25	mean_p_tmrca_lt	focal	40000	0.22498492880000001	0.19533969232404283	40	0.20000000000000001
eas_neutral_exact_population_af_reverse_bridge_r071	EAS	neutral	0	2026083671	25	mean_p_tmrca_lt	focal	50000	0.26326705179999998	0.19533969232404283	40	0.20000000000000001
eas_neutral_exact_population_af_reverse_bridge_r071	EAS	neutral	0	2026083671	25	mean_p_tmrca_lt	local_100kb	1000	0.0105464943311	0.19533969232404283	40	0.20000000000000001
eas_neutral_exact_population_af_reverse_bridge_r071	EAS	neutral	0	2026083671	25	mean_p_tmrca_lt	local_100kb	4500	0.043998072689499998	0.19533969232404283	40	0.20000000000000001
eas_neutral_exact_population_af_reverse_bridge_r071	EAS	neutral	0	2026083671	25	mean_p_tmrca_lt	local_100kb	10000	0.090686993868600005	0.19533969232404283	40	0.20000000000000001
eas_neutral_exact_population_af_reverse_bridge_r071	EAS	neutral	0	2026083671	25	mean_p_tmrca_lt	local_100kb	20000	0.16106606118299999	0.19533969232404283	40	0.20000000000000001
eas_neutral_exact_population_af_reverse_bridge_r071	EAS	neutral	0	2026083671	25	mean_p_tmrca_lt	local_100kb	30000	0.21787100366699999	0.19533969232404283	40	0.20000000000000001
eas_neutral_exact_population_af_reverse_bridge_r071	EAS	neutral	0	2026083671	25	mean_p_tmrca_lt	local_100kb	40000	0.26531585646700001	0.19533969232404283	40	0.20000000000000001
eas_neutral_exact_population_af_reverse_bridge_r071	EAS	neutral	0	2026083671	25	mean_p_tmrca_lt	local_100kb	50000	0.30596378220499998	0.19533969232404283	40	0.20000000000000001
eas_neutral_exact_population_af_reverse_bridge_r071	EAS	neutral	0	2026083671	25	paper_frac_posterior_mean_below	focal	1000	0.00101010101	0.19533969232404283	40	0.20000000000000001
eas_neutral_exact_population_af_reverse_bridge_r071	EAS	neutral	0	2026083671	25	paper_frac_posterior_mean_below	focal	4500	0.003838383838	0.19533969232404283	40	0.20000000000000001
eas_neutral_exact_population_af_reverse_bridge_r071	EAS	neutral	0	2026083671	25	paper_frac_posterior_mean_below	focal	10000	0.01898989899	0.19533969232404283	40	0.20000000000000001
eas_neutral_exact_population_af_reverse_bridge_r071	EAS	neutral	0	2026083671	25	paper_frac_posterior_mean_below	focal	20000	0.058585858589999998	0.19533969232404283	40	0.20000000000000001
eas_neutral_exact_population_af_reverse_bridge_r071	EAS	neutral	0	2026083671	25	paper_frac_posterior_mean_below	focal	30000	0.092929292930000004	0.19533969232404283	40	0.20000000000000001
eas_neutral_exact_population_af_reverse_bridge_r071	EAS	neutral	0	2026083671	25	paper_frac_posterior_mean_below	focal	40000	0.1272727273	0.19533969232404283	40	0.20000000000000001
eas_neutral_exact_population_af_reverse_bridge_r071	EAS	neutral	0	2026083671	25	paper_frac_posterior_mean_below	focal	50000	0.16888888890000001	0.19533969232404283	40	0.20000000000000001
eas_neutral_exact_population_af_reverse_bridge_r071	EAS	neutral	0	2026083671	25	paper_frac_posterior_mean_below	local_100kb	1000	0.00101010101	0.19533969232404283	40	0.20000000000000001
eas_neutral_exact_population_af_reverse_bridge_r071	EAS	neutral	0	2026083671	25	paper_frac_posterior_mean_below	local_100kb	4500	0.0037902837899000002	0.19533969232404283	40	0.20000000000000001
eas_neutral_exact_population_af_reverse_bridge_r071	EAS	neutral	0	2026083671	25	paper_frac_posterior_mean_below	local_100kb	10000	0.017210197210499999	0.19533969232404283	40	0.20000000000000001
eas_neutral_exact_population_af_reverse_bridge_r071	EAS	neutral	0	2026083671	25	paper_frac_posterior_mean_below	local_100kb	20000	0.065887445889000001	0.19533969232404283	40	0.20000000000000001
eas_neutral_exact_population_af_reverse_bridge_r071	EAS	neutral	0	2026083671	25	paper_frac_posterior_mean_below	local_100kb	30000	0.123213083207	0.19533969232404283	40	0.20000000000000001
eas_neutral_exact_population_af_reverse_bridge_r071	EAS	neutral	0	2026083671	25	paper_frac_posterior_mean_below	local_100kb	40000	0.165550745556	0.19533969232404283	40	0.20000000000000001
eas_neutral_exact_population_af_reverse_bridge_r071	EAS	neutral	0	2026083671	25	paper_frac_posterior_mean_below	local_100kb	50000	0.203790283781	0.19533969232404283	40	0.20000000000000001
eas_neutral_exact_population_af_reverse_bridge_r072	EAS	neutral	0	2026083672	25	mean_p_tmrca_lt	focal	1000	0.0084802739980000003	0.19533969232404283	37	0.185
eas_neutral_exact_population_af_reverse_bridge_r072	EAS	neutral	0	2026083672	25	mean_p_tmrca_lt	focal	4500	0.036950415370000003	0.19533969232404283	37	0.185
eas_neutral_exact_population_af_reverse_bridge_r072	EAS	neutral	0	2026083672	25	mean_p_tmrca_lt	focal	10000	0.075605055439999999	0.19533969232404283	37	0.185
eas_neutral_exact_population_af_reverse_bridge_r072	EAS	neutral	0	2026083672	25	mean_p_tmrca_lt	focal	20000	0.12905538529999999	0.19533969232404283	37	0.185
eas_neutral_exact_population_af_reverse_bridge_r072	EAS	neutral	0	2026083672	25	mean_p_tmrca_lt	focal	30000	0.1682748523	0.19533969232404283	37	0.185
eas_neutral_exact_population_af_reverse_bridge_r072	EAS	neutral	0	2026083672	25	mean_p_tmrca_lt	focal	40000	0.19893094629999999	0.19533969232404283	37	0.185
eas_neutral_exact_population_af_reverse_bridge_r072	EAS	neutral	0	2026083672	25	mean_p_tmrca_lt	focal	50000	0.2239600692	0.19533969232404283	37	0.185
eas_neutral_exact_population_af_reverse_bridge_r072	EAS	neutral	0	2026083672	25	mean_p_tmrca_lt	local_100kb	1000	0.010647685551	0.19533969232404283	37	0.185
eas_neutral_exact_population_af_reverse_bridge_r072	EAS	neutral	0	2026083672	25	mean_p_tmrca_lt	local_100kb	4500	0.047167937902899998	0.19533969232404283	37	0.185
eas_neutral_exact_population_af_reverse_bridge_r072	EAS	neutral	0	2026083672	25	mean_p_tmrca_lt	local_100kb	10000	0.098847118920999996	0.19533969232404283	37	0.185
eas_neutral_exact_population_af_reverse_bridge_r072	EAS	neutral	0	2026083672	25	mean_p_tmrca_lt	local_100kb	20000	0.176263680008	0.19533969232404283	37	0.185
eas_neutral_exact_population_af_reverse_bridge_r072	EAS	neutral	0	2026083672	25	mean_p_tmrca_lt	local_100kb	30000	0.23819791579499999	0.19533969232404283	37	0.185
eas_neutral_exact_population_af_reverse_bridge_r072	EAS	neutral	0	2026083672	25	mean_p_tmrca_lt	local_100kb	40000	0.28927742380999999	0.19533969232404283	37	0.185
eas_neutral_exact_population_af_reverse_bridge_r072	EAS	neutral	0	2026083672	25	mean_p_tmrca_lt	local_100kb	50000	0.33228703412900001	0.19533969232404283	37	0.185
eas_neutral_exact_population_af_reverse_bridge_r072	EAS	neutral	0	2026083672	25	paper_frac_posterior_mean_below	focal	1000	0.000404040404	0.19533969232404283	37	0.185
eas_neutral_exact_population_af_reverse_bridge_r072	EAS	neutral	0	2026083672	25	paper_frac_posterior_mean_below	focal	4500	0.0028282828279999998	0.19533969232404283	37	0.185
eas_neutral_exact_population_af_reverse_bridge_r072	EAS	neutral	0	2026083672	25	paper_frac_posterior_mean_below	focal	10000	0.020808080810000001	0.19533969232404283	37	0.185
eas_neutral_exact_population_af_reverse_bridge_r072	EAS	neutral	0	2026083672	25	paper_frac_posterior_mean_below	focal	20000	0.062424242419999998	0.19533969232404283	37	0.185
eas_neutral_exact_population_af_reverse_bridge_r072	EAS	neutral	0	2026083672	25	paper_frac_posterior_mean_below	focal	30000	0.098383838380000005	0.19533969232404283	37	0.185
eas_neutral_exact_population_af_reverse_bridge_r072	EAS	neutral	0	2026083672	25	paper_frac_posterior_mean_below	focal	40000	0.1280808081	0.19533969232404283	37	0.185
eas_neutral_exact_population_af_reverse_bridge_r072	EAS	neutral	0	2026083672	25	paper_frac_posterior_mean_below	focal	50000	0.16585858589999999	0.19533969232404283	37	0.185
eas_neutral_exact_population_af_reverse_bridge_r072	EAS	neutral	0	2026083672	25	paper_frac_posterior_mean_below	local_100kb	1000	0.00048100048098999998	0.19533969232404283	37	0.185
eas_neutral_exact_population_af_reverse_bridge_r072	EAS	neutral	0	2026083672	25	paper_frac_posterior_mean_below	local_100kb	4500	0.0031553631550500002	0.19533969232404283	37	0.185
eas_neutral_exact_population_af_reverse_bridge_r072	EAS	neutral	0	2026083672	25	paper_frac_posterior_mean_below	local_100kb	10000	0.0213468013471	0.19533969232404283	37	0.185
eas_neutral_exact_population_af_reverse_bridge_r072	EAS	neutral	0	2026083672	25	paper_frac_posterior_mean_below	local_100kb	20000	0.067349687349500004	0.19533969232404283	37	0.185
eas_neutral_exact_population_af_reverse_bridge_r072	EAS	neutral	0	2026083672	25	paper_frac_posterior_mean_below	local_100kb	30000	0.124069264062	0.19533969232404283	37	0.185
eas_neutral_exact_population_af_reverse_bridge_r072	EAS	neutral	0	2026083672	25	paper_frac_posterior_mean_below	local_100kb	40000	0.183761423767	0.19533969232404283	37	0.185
eas_neutral_exact_population_af_reverse_bridge_r072	EAS	neutral	0	2026083672	25	paper_frac_posterior_mean_below	local_100kb	50000	0.24478114478099999	0.19533969232404283	37	0.185
eas_neutral_exact_population_af_reverse_bridge_r073	EAS	neutral	0	2026083673	25	mean_p_tmrca_lt	focal	1000	0.012215782870000001	0.19533969232404283	45	0.22500000000000001
eas_neutral_exact_population_af_reverse_bridge_r073	EAS	neutral	0	2026083673	25	mean_p_tmrca_lt	focal	4500	0.053353788720000003	0.19533969232404283	45	0.22500000000000001
eas_neutral_exact_population_af_reverse_bridge_r073	EAS	neutral	0	2026083673	25	mean_p_tmrca_lt	focal	10000	0.11157214529999999	0.19533969232404283	45	0.22500000000000001
eas_neutral_exact_population_af_reverse_bridge_r073	EAS	neutral	0	2026083673	25	mean_p_tmrca_lt	focal	20000	0.1975963563	0.19533969232404283	45	0.22500000000000001
eas_neutral_exact_population_af_reverse_bridge_r073	EAS	neutral	0	2026083673	25	mean_p_tmrca_lt	focal	30000	0.26425462599999999	0.19533969232404283	45	0.22500000000000001
eas_neutral_exact_population_af_reverse_bridge_r073	EAS	neutral	0	2026083673	25	mean_p_tmrca_lt	focal	40000	0.31754077289999999	0.19533969232404283	45	0.22500000000000001
eas_neutral_exact_population_af_reverse_bridge_r073	EAS	neutral	0	2026083673	25	mean_p_tmrca_lt	focal	50000	0.36148911810000001	0.19533969232404283	45	0.22500000000000001
eas_neutral_exact_population_af_reverse_bridge_r073	EAS	neutral	0	2026083673	25	mean_p_tmrca_lt	local_100kb	1000	0.0134276144753	0.19533969232404283	45	0.22500000000000001
eas_neutral_exact_population_af_reverse_bridge_r073	EAS	neutral	0	2026083673	25	mean_p_tmrca_lt	local_100kb	4500	0.060271520231900001	0.19533969232404283	45	0.22500000000000001
eas_neutral_exact_population_af_reverse_bridge_r073	EAS	neutral	0	2026083673	25	mean_p_tmrca_lt	local_100kb	10000	0.12879787600100001	0.19533969232404283	45	0.22500000000000001
eas_neutral_exact_population_af_reverse_bridge_r073	EAS	neutral	0	2026083673	25	mean_p_tmrca_lt	local_100kb	20000	0.23307673159	0.19533969232404283	45	0.22500000000000001
eas_neutral_exact_population_af_reverse_bridge_r073	EAS	neutral	0	2026083673	25	mean_p_tmrca_lt	local_100kb	30000	0.315162097571	0.19533969232404283	45	0.22500000000000001
eas_neutral_exact_population_af_reverse_bridge_r073	EAS	neutral	0	2026083673	25	mean_p_tmrca_lt	local_100kb	40000	0.380671349848	0.19533969232404283	45	0.22500000000000001
eas_neutral_exact_population_af_reverse_bridge_r073	EAS	neutral	0	2026083673	25	mean_p_tmrca_lt	local_100kb	50000	0.43389634622399997	0.19533969232404283	45	0.22500000000000001
eas_neutral_exact_population_af_reverse_bridge_r073	EAS	neutral	0	2026083673	25	paper_frac_posterior_mean_below	focal	1000	0.00101010101	0.19533969232404283	45	0.22500000000000001
eas_neutral_exact_population_af_reverse_bridge_r073	EAS	neutral	0	2026083673	25	paper_frac_posterior_mean_below	focal	4500	0.0044444444439999996	0.19533969232404283	45	0.22500000000000001
eas_neutral_exact_population_af_reverse_bridge_r073	EAS	neutral	0	2026083673	25	paper_frac_posterior_mean_below	focal	10000	0.022424242420000001	0.19533969232404283	45	0.22500000000000001
eas_neutral_exact_population_af_reverse_bridge_r073	EAS	neutral	0	2026083673	25	paper_frac_posterior_mean_below	focal	20000	0.088888888890000003	0.19533969232404283	45	0.22500000000000001
eas_neutral_exact_population_af_reverse_bridge_r073	EAS	neutral	0	2026083673	25	paper_frac_posterior_mean_below	focal	30000	0.18626262630000001	0.19533969232404283	45	0.22500000000000001
eas_neutral_exact_population_af_reverse_bridge_r073	EAS	neutral	0	2026083673	25	paper_frac_posterior_mean_below	focal	40000	0.24484848479999999	0.19533969232404283	45	0.22500000000000001
eas_neutral_exact_population_af_reverse_bridge_r073	EAS	neutral	0	2026083673	25	paper_frac_posterior_mean_below	focal	50000	0.30080808079999999	0.19533969232404283	45	0.22500000000000001
eas_neutral_exact_population_af_reverse_bridge_r073	EAS	neutral	0	2026083673	25	paper_frac_posterior_mean_below	local_100kb	1000	0.00100048100039	0.19533969232404283	45	0.22500000000000001
eas_neutral_exact_population_af_reverse_bridge_r073	EAS	neutral	0	2026083673	25	paper_frac_posterior_mean_below	local_100kb	4500	0.0045214045209499999	0.19533969232404283	45	0.22500000000000001
eas_neutral_exact_population_af_reverse_bridge_r073	EAS	neutral	0	2026083673	25	paper_frac_posterior_mean_below	local_100kb	10000	0.019788359788999999	0.19533969232404283	45	0.22500000000000001
eas_neutral_exact_population_af_reverse_bridge_r073	EAS	neutral	0	2026083673	25	paper_frac_posterior_mean_below	local_100kb	20000	0.091649831651000005	0.19533969232404283	45	0.22500000000000001
eas_neutral_exact_population_af_reverse_bridge_r073	EAS	neutral	0	2026083673	25	paper_frac_posterior_mean_below	local_100kb	30000	0.191159211148	0.19533969232404283	45	0.22500000000000001
eas_neutral_exact_population_af_reverse_bridge_r073	EAS	neutral	0	2026083673	25	paper_frac_posterior_mean_below	local_100kb	40000	0.28095238095199998	0.19533969232404283	45	0.22500000000000001
eas_neutral_exact_population_af_reverse_bridge_r073	EAS	neutral	0	2026083673	25	paper_frac_posterior_mean_below	local_100kb	50000	0.35927849928099997	0.19533969232404283	45	0.22500000000000001
eas_neutral_exact_population_af_reverse_bridge_r074	EAS	neutral	0	2026083674	25	mean_p_tmrca_lt	focal	1000	0.01096428451	0.19533969232404283	44	0.22
eas_neutral_exact_population_af_reverse_bridge_r074	EAS	neutral	0	2026083674	25	mean_p_tmrca_lt	focal	4500	0.047412993440000002	0.19533969232404283	44	0.22
eas_neutral_exact_population_af_reverse_bridge_r074	EAS	neutral	0	2026083674	25	mean_p_tmrca_lt	focal	10000	0.096980427430000002	0.19533969232404283	44	0.22
eas_neutral_exact_population_af_reverse_bridge_r074	EAS	neutral	0	2026083674	25	mean_p_tmrca_lt	focal	20000	0.1699675326	0.19533969232404283	44	0.22
eas_neutral_exact_population_af_reverse_bridge_r074	EAS	neutral	0	2026083674	25	mean_p_tmrca_lt	focal	30000	0.228996856	0.19533969232404283	44	0.22
eas_neutral_exact_population_af_reverse_bridge_r074	EAS	neutral	0	2026083674	25	mean_p_tmrca_lt	focal	40000	0.27868499479999997	0.19533969232404283	44	0.22
eas_neutral_exact_population_af_reverse_bridge_r074	EAS	neutral	0	2026083674	25	mean_p_tmrca_lt	focal	50000	0.32156907379999999	0.19533969232404283	44	0.22
eas_neutral_exact_population_af_reverse_bridge_r074	EAS	neutral	0	2026083674	25	mean_p_tmrca_lt	local_100kb	1000	0.0096468904577100001	0.19533969232404283	44	0.22
eas_neutral_exact_population_af_reverse_bridge_r074	EAS	neutral	0	2026083674	25	mean_p_tmrca_lt	local_100kb	4500	0.040900485080500003	0.19533969232404283	44	0.22
eas_neutral_exact_population_af_reverse_bridge_r074	EAS	neutral	0	2026083674	25	mean_p_tmrca_lt	local_100kb	10000	0.082386150154299995	0.19533969232404283	44	0.22
eas_neutral_exact_population_af_reverse_bridge_r074	EAS	neutral	0	2026083674	25	mean_p_tmrca_lt	local_100kb	20000	0.14033243114800001	0.19533969232404283	44	0.22
eas_neutral_exact_population_af_reverse_bridge_r074	EAS	neutral	0	2026083674	25	mean_p_tmrca_lt	local_100kb	30000	0.184361806376	0.19533969232404283	44	0.22
eas_neutral_exact_population_af_reverse_bridge_r074	EAS	neutral	0	2026083674	25	mean_p_tmrca_lt	local_100kb	40000	0.219922148314	0.19533969232404283	44	0.22
eas_neutral_exact_population_af_reverse_bridge_r074	EAS	neutral	0	2026083674	25	mean_p_tmrca_lt	local_100kb	50000	0.24977756852899999	0.19533969232404283	44	0.22
eas_neutral_exact_population_af_reverse_bridge_r074	EAS	neutral	0	2026083674	25	paper_frac_posterior_mean_below	focal	1000	0.0006060606061	0.19533969232404283	44	0.22
eas_neutral_exact_population_af_reverse_bridge_r074	EAS	neutral	0	2026083674	25	paper_frac_posterior_mean_below	focal	4500	0.003838383838	0.19533969232404283	44	0.22
eas_neutral_exact_population_af_reverse_bridge_r074	EAS	neutral	0	2026083674	25	paper_frac_posterior_mean_below	focal	10000	0.030505050509999999	0.19533969232404283	44	0.22
eas_neutral_exact_population_af_reverse_bridge_r074	EAS	neutral	0	2026083674	25	paper_frac_posterior_mean_below	focal	20000	0.081818181820000002	0.19533969232404283	44	0.22
eas_neutral_exact_population_af_reverse_bridge_r074	EAS	neutral	0	2026083674	25	paper_frac_posterior_mean_below	focal	30000	0.12464646460000001	0.19533969232404283	44	0.22
eas_neutral_exact_population_af_reverse_bridge_r074	EAS	neutral	0	2026083674	25	paper_frac_posterior_mean_below	focal	40000	0.16464646459999999	0.19533969232404283	44	0.22
eas_neutral_exact_population_af_reverse_bridge_r074	EAS	neutral	0	2026083674	25	paper_frac_posterior_mean_below	focal	50000	0.19111111110000001	0.19533969232404283	44	0.22
eas_neutral_exact_population_af_reverse_bridge_r074	EAS	neutral	0	2026083674	25	paper_frac_posterior_mean_below	local_100kb	1000	0.00069264069267099999	0.19533969232404283	44	0.22
eas_neutral_exact_population_af_reverse_bridge_r074	EAS	neutral	0	2026083674	25	paper_frac_posterior_mean_below	local_100kb	4500	0.00373256373219	0.19533969232404283	44	0.22
eas_neutral_exact_population_af_reverse_bridge_r074	EAS	neutral	0	2026083674	25	paper_frac_posterior_mean_below	local_100kb	10000	0.028600288601000001	0.19533969232404283	44	0.22
eas_neutral_exact_population_af_reverse_bridge_r074	EAS	neutral	0	2026083674	25	paper_frac_posterior_mean_below	local_100kb	20000	0.072525252525200007	0.19533969232404283	44	0.22
eas_neutral_exact_population_af_reverse_bridge_r074	EAS	neutral	0	2026083674	25	paper_frac_posterior_mean_below	local_100kb	30000	0.117287157287	0.19533969232404283	44	0.22
eas_neutral_exact_population_af_reverse_bridge_r074	EAS	neutral	0	2026083674	25	paper_frac_posterior_mean_below	local_100kb	40000	0.157239057229	0.19533969232404283	44	0.22
eas_neutral_exact_population_af_reverse_bridge_r074	EAS	neutral	0	2026083674	25	paper_frac_posterior_mean_below	local_100kb	50000	0.187465127471	0.19533969232404283	44	0.22
eas_neutral_exact_population_af_reverse_bridge_r075	EAS	neutral	0	2026083675	25	mean_p_tmrca_lt	focal	1000	0.0093954338610000004	0.19533969232404283	43	0.215
eas_neutral_exact_population_af_reverse_bridge_r075	EAS	neutral	0	2026083675	25	mean_p_tmrca_lt	focal	4500	0.040018860250000003	0.19533969232404283	43	0.215
eas_neutral_exact_population_af_reverse_bridge_r075	EAS	neutral	0	2026083675	25	mean_p_tmrca_lt	focal	10000	0.079689789080000004	0.19533969232404283	43	0.215
eas_neutral_exact_population_af_reverse_bridge_r075	EAS	neutral	0	2026083675	25	mean_p_tmrca_lt	focal	20000	0.13424755990000001	0.19533969232404283	43	0.215
eas_neutral_exact_population_af_reverse_bridge_r075	EAS	neutral	0	2026083675	25	mean_p_tmrca_lt	focal	30000	0.1767990505	0.19533969232404283	43	0.215
eas_neutral_exact_population_af_reverse_bridge_r075	EAS	neutral	0	2026083675	25	mean_p_tmrca_lt	focal	40000	0.21363507840000001	0.19533969232404283	43	0.215
eas_neutral_exact_population_af_reverse_bridge_r075	EAS	neutral	0	2026083675	25	mean_p_tmrca_lt	focal	50000	0.24746192680000001	0.19533969232404283	43	0.215
eas_neutral_exact_population_af_reverse_bridge_r075	EAS	neutral	0	2026083675	25	mean_p_tmrca_lt	local_100kb	1000	0.011339943565299999	0.19533969232404283	43	0.215
eas_neutral_exact_population_af_reverse_bridge_r075	EAS	neutral	0	2026083675	25	mean_p_tmrca_lt	local_100kb	4500	0.050478289990499997	0.19533969232404283	43	0.215
eas_neutral_exact_population_af_reverse_bridge_r075	EAS	neutral	0	2026083675	25	mean_p_tmrca_lt	local_100kb	10000	0.104493177625	0.19533969232404283	43	0.215
eas_neutral_exact_population_af_reverse_bridge_r075	EAS	neutral	0	2026083675	25	mean_p_tmrca_lt	local_100kb	20000	0.18246191206699999	0.19533969232404283	43	0.215
eas_neutral_exact_population_af_reverse_bridge_r075	EAS	neutral	0	2026083675	25	mean_p_tmrca_lt	local_100kb	30000	0.24300918285699999	0.19533969232404283	43	0.215
eas_neutral_exact_population_af_reverse_bridge_r075	EAS	neutral	0	2026083675	25	mean_p_tmrca_lt	local_100kb	40000	0.29243482488599998	0.19533969232404283	43	0.215
eas_neutral_exact_population_af_reverse_bridge_r075	EAS	neutral	0	2026083675	25	mean_p_tmrca_lt	local_100kb	50000	0.33423142392900002	0.19533969232404283	43	0.215
eas_neutral_exact_population_af_reverse_bridge_r075	EAS	neutral	0	2026083675	25	paper_frac_posterior_mean_below	focal	1000	0.000404040404	0.19533969232404283	43	0.215
eas_neutral_exact_population_af_reverse_bridge_r075	EAS	neutral	0	2026083675	25	paper_frac_posterior_mean_below	focal	4500	0.0034343434339999999	0.19533969232404283	43	0.215
eas_neutral_exact_population_af_reverse_bridge_r075	EAS	neutral	0	2026083675	25	paper_frac_posterior_mean_below	focal	10000	0.026060606060000002	0.19533969232404283	43	0.215
eas_neutral_exact_population_af_reverse_bridge_r075	EAS	neutral	0	2026083675	25	paper_frac_posterior_mean_below	focal	20000	0.086060606060000003	0.19533969232404283	43	0.215
eas_neutral_exact_population_af_reverse_bridge_r075	EAS	neutral	0	2026083675	25	paper_frac_posterior_mean_below	focal	30000	0.1329292929	0.19533969232404283	43	0.215
eas_neutral_exact_population_af_reverse_bridge_r075	EAS	neutral	0	2026083675	25	paper_frac_posterior_mean_below	focal	40000	0.16606060610000001	0.19533969232404283	43	0.215
eas_neutral_exact_population_af_reverse_bridge_r075	EAS	neutral	0	2026083675	25	paper_frac_posterior_mean_below	focal	50000	0.21131313130000001	0.19533969232404283	43	0.215
eas_neutral_exact_population_af_reverse_bridge_r075	EAS	neutral	0	2026083675	25	paper_frac_posterior_mean_below	local_100kb	1000	0.000404040404	0.19533969232404283	43	0.215
eas_neutral_exact_population_af_reverse_bridge_r075	EAS	neutral	0	2026083675	25	paper_frac_posterior_mean_below	local_100kb	4500	0.00331890331857	0.19533969232404283	43	0.215
eas_neutral_exact_population_af_reverse_bridge_r075	EAS	neutral	0	2026083675	25	paper_frac_posterior_mean_below	local_100kb	10000	0.0250120250133	0.19533969232404283	43	0.215
eas_neutral_exact_population_af_reverse_bridge_r075	EAS	neutral	0	2026083675	25	paper_frac_posterior_mean_below	local_100kb	20000	0.085550745545699997	0.19533969232404283	43	0.215
eas_neutral_exact_population_af_reverse_bridge_r075	EAS	neutral	0	2026083675	25	paper_frac_posterior_mean_below	local_100kb	30000	0.14689754689500001	0.19533969232404283	43	0.215
eas_neutral_exact_population_af_reverse_bridge_r075	EAS	neutral	0	2026083675	25	paper_frac_posterior_mean_below	local_100kb	40000	0.19736411737099999	0.19533969232404283	43	0.215
eas_neutral_exact_population_af_reverse_bridge_r075	EAS	neutral	0	2026083675	25	paper_frac_posterior_mean_below	local_100kb	50000	0.243761423762	0.19533969232404283	43	0.215
eas_neutral_exact_population_af_reverse_bridge_r076	EAS	neutral	0	2026083676	25	mean_p_tmrca_lt	focal	1000	0.01579130439	0.19533969232404283	32	0.16
eas_neutral_exact_population_af_reverse_bridge_r076	EAS	neutral	0	2026083676	25	mean_p_tmrca_lt	focal	4500	0.066588355320000001	0.19533969232404283	32	0.16
eas_neutral_exact_population_af_reverse_bridge_r076	EAS	neutral	0	2026083676	25	mean_p_tmrca_lt	focal	10000	0.12928533179999999	0.19533969232404283	32	0.16
eas_neutral_exact_population_af_reverse_bridge_r076	EAS	neutral	0	2026083676	25	mean_p_tmrca_lt	focal	20000	0.20479189810000001	0.19533969232404283	32	0.16
eas_neutral_exact_population_af_reverse_bridge_r076	EAS	neutral	0	2026083676	25	mean_p_tmrca_lt	focal	30000	0.25135079199999999	0.19533969232404283	32	0.16
eas_neutral_exact_population_af_reverse_bridge_r076	EAS	neutral	0	2026083676	25	mean_p_tmrca_lt	focal	40000	0.28212484830000001	0.19533969232404283	32	0.16
eas_neutral_exact_population_af_reverse_bridge_r076	EAS	neutral	0	2026083676	25	mean_p_tmrca_lt	focal	50000	0.30366833030000001	0.19533969232404283	32	0.16
eas_neutral_exact_population_af_reverse_bridge_r076	EAS	neutral	0	2026083676	25	mean_p_tmrca_lt	local_100kb	1000	0.015409376408999999	0.19533969232404283	32	0.16
eas_neutral_exact_population_af_reverse_bridge_r076	EAS	neutral	0	2026083676	25	mean_p_tmrca_lt	local_100kb	4500	0.066184719153800003	0.19533969232404283	32	0.16
eas_neutral_exact_population_af_reverse_bridge_r076	EAS	neutral	0	2026083676	25	mean_p_tmrca_lt	local_100kb	10000	0.130794996271	0.19533969232404283	32	0.16
eas_neutral_exact_population_af_reverse_bridge_r076	EAS	neutral	0	2026083676	25	mean_p_tmrca_lt	local_100kb	20000	0.213592742581	0.19533969232404283	32	0.16
eas_neutral_exact_population_af_reverse_bridge_r076	EAS	neutral	0	2026083676	25	mean_p_tmrca_lt	local_100kb	30000	0.27057579720500002	0.19533969232404283	32	0.16
eas_neutral_exact_population_af_reverse_bridge_r076	EAS	neutral	0	2026083676	25	mean_p_tmrca_lt	local_100kb	40000	0.31309647758100001	0.19533969232404283	32	0.16
eas_neutral_exact_population_af_reverse_bridge_r076	EAS	neutral	0	2026083676	25	mean_p_tmrca_lt	local_100kb	50000	0.34662967523299998	0.19533969232404283	32	0.16
eas_neutral_exact_population_af_reverse_bridge_r076	EAS	neutral	0	2026083676	25	paper_frac_posterior_mean_below	focal	1000	0.00080808080809999998	0.19533969232404283	32	0.16
eas_neutral_exact_population_af_reverse_bridge_r076	EAS	neutral	0	2026083676	25	paper_frac_posterior_mean_below	focal	4500	0.0078787878789999995	0.19533969232404283	32	0.16
eas_neutral_exact_population_af_reverse_bridge_r076	EAS	neutral	0	2026083676	25	paper_frac_posterior_mean_below	focal	10000	0.062424242419999998	0.19533969232404283	32	0.16
eas_neutral_exact_population_af_reverse_bridge_r076	EAS	neutral	0	2026083676	25	paper_frac_posterior_mean_below	focal	20000	0.15939393939999999	0.19533969232404283	32	0.16
eas_neutral_exact_population_af_reverse_bridge_r076	EAS	neutral	0	2026083676	25	paper_frac_posterior_mean_below	focal	30000	0.22383838380000001	0.19533969232404283	32	0.16
eas_neutral_exact_population_af_reverse_bridge_r076	EAS	neutral	0	2026083676	25	paper_frac_posterior_mean_below	focal	40000	0.25050505049999999	0.19533969232404283	32	0.16
eas_neutral_exact_population_af_reverse_bridge_r076	EAS	neutral	0	2026083676	25	paper_frac_posterior_mean_below	focal	50000	0.2828282828	0.19533969232404283	32	0.16
eas_neutral_exact_population_af_reverse_bridge_r076	EAS	neutral	0	2026083676	25	paper_frac_posterior_mean_below	local_100kb	1000	0.00080808080809999998	0.19533969232404283	32	0.16
eas_neutral_exact_population_af_reverse_bridge_r076	EAS	neutral	0	2026083676	25	paper_frac_posterior_mean_below	local_100kb	4500	0.0077248677250999999	0.19533969232404283	32	0.16
eas_neutral_exact_population_af_reverse_bridge_r076	EAS	neutral	0	2026083676	25	paper_frac_posterior_mean_below	local_100kb	10000	0.057441077441900003	0.19533969232404283	32	0.16
eas_neutral_exact_population_af_reverse_bridge_r076	EAS	neutral	0	2026083676	25	paper_frac_posterior_mean_below	local_100kb	20000	0.139624819619	0.19533969232404283	32	0.16
eas_neutral_exact_population_af_reverse_bridge_r076	EAS	neutral	0	2026083676	25	paper_frac_posterior_mean_below	local_100kb	30000	0.20852332851399999	0.19533969232404283	32	0.16
eas_neutral_exact_population_af_reverse_bridge_r076	EAS	neutral	0	2026083676	25	paper_frac_posterior_mean_below	local_100kb	40000	0.25013949014300002	0.19533969232404283	32	0.16
eas_neutral_exact_population_af_reverse_bridge_r076	EAS	neutral	0	2026083676	25	paper_frac_posterior_mean_below	local_100kb	50000	0.28521404521400001	0.19533969232404283	32	0.16
eas_neutral_exact_population_af_reverse_bridge_r077	EAS	neutral	0	2026083677	25	mean_p_tmrca_lt	focal	1000	0.01034271365	0.19533969232404283	35	0.17499999999999999
eas_neutral_exact_population_af_reverse_bridge_r077	EAS	neutral	0	2026083677	25	mean_p_tmrca_lt	focal	4500	0.044233989090000002	0.19533969232404283	35	0.17499999999999999
eas_neutral_exact_population_af_reverse_bridge_r077	EAS	neutral	0	2026083677	25	mean_p_tmrca_lt	focal	10000	0.088095429160000002	0.19533969232404283	35	0.17499999999999999
eas_neutral_exact_population_af_reverse_bridge_r077	EAS	neutral	0	2026083677	25	mean_p_tmrca_lt	focal	20000	0.1445617749	0.19533969232404283	35	0.17499999999999999
eas_neutral_exact_population_af_reverse_bridge_r077	EAS	neutral	0	2026083677	25	mean_p_tmrca_lt	focal	30000	0.182228006	0.19533969232404283	35	0.17499999999999999
eas_neutral_exact_population_af_reverse_bridge_r077	EAS	neutral	0	2026083677	25	mean_p_tmrca_lt	focal	40000	0.20935548170000001	0.19533969232404283	35	0.17499999999999999
eas_neutral_exact_population_af_reverse_bridge_r077	EAS	neutral	0	2026083677	25	mean_p_tmrca_lt	focal	50000	0.2304653921	0.19533969232404283	35	0.17499999999999999
eas_neutral_exact_population_af_reverse_bridge_r077	EAS	neutral	0	2026083677	25	mean_p_tmrca_lt	local_100kb	1000	0.012516496512399999	0.19533969232404283	35	0.17499999999999999
eas_neutral_exact_population_af_reverse_bridge_r077	EAS	neutral	0	2026083677	25	mean_p_tmrca_lt	local_100kb	4500	0.054666510570500003	0.19533969232404283	35	0.17499999999999999
eas_neutral_exact_population_af_reverse_bridge_r077	EAS	neutral	0	2026083677	25	mean_p_tmrca_lt	local_100kb	10000	0.110864640702	0.19533969232404283	35	0.17499999999999999
eas_neutral_exact_population_af_reverse_bridge_r077	EAS	neutral	0	2026083677	25	mean_p_tmrca_lt	local_100kb	20000	0.18588679163300001	0.19533969232404283	35	0.17499999999999999
eas_neutral_exact_population_af_reverse_bridge_r077	EAS	neutral	0	2026083677	25	mean_p_tmrca_lt	local_100kb	30000	0.23799878573300001	0.19533969232404283	35	0.17499999999999999
eas_neutral_exact_population_af_reverse_bridge_r077	EAS	neutral	0	2026083677	25	mean_p_tmrca_lt	local_100kb	40000	0.27654708882899998	0.19533969232404283	35	0.17499999999999999
eas_neutral_exact_population_af_reverse_bridge_r077	EAS	neutral	0	2026083677	25	mean_p_tmrca_lt	local_100kb	50000	0.30671270780499998	0.19533969232404283	35	0.17499999999999999
eas_neutral_exact_population_af_reverse_bridge_r077	EAS	neutral	0	2026083677	25	paper_frac_posterior_mean_below	focal	1000	0.00080808080809999998	0.19533969232404283	35	0.17499999999999999
eas_neutral_exact_population_af_reverse_bridge_r077	EAS	neutral	0	2026083677	25	paper_frac_posterior_mean_below	focal	4500	0.003838383838	0.19533969232404283	35	0.17499999999999999
eas_neutral_exact_population_af_reverse_bridge_r077	EAS	neutral	0	2026083677	25	paper_frac_posterior_mean_below	focal	10000	0.031717171719999999	0.19533969232404283	35	0.17499999999999999
eas_neutral_exact_population_af_reverse_bridge_r077	EAS	neutral	0	2026083677	25	paper_frac_posterior_mean_below	focal	20000	0.11171717170000001	0.19533969232404283	35	0.17499999999999999
eas_neutral_exact_population_af_reverse_bridge_r077	EAS	neutral	0	2026083677	25	paper_frac_posterior_mean_below	focal	30000	0.16545454549999999	0.19533969232404283	35	0.17499999999999999
eas_neutral_exact_population_af_reverse_bridge_r077	EAS	neutral	0	2026083677	25	paper_frac_posterior_mean_below	focal	40000	0.1961616162	0.19533969232404283	35	0.17499999999999999
eas_neutral_exact_population_af_reverse_bridge_r077	EAS	neutral	0	2026083677	25	paper_frac_posterior_mean_below	focal	50000	0.2183838384	0.19533969232404283	35	0.17499999999999999
eas_neutral_exact_population_af_reverse_bridge_r077	EAS	neutral	0	2026083677	25	paper_frac_posterior_mean_below	local_100kb	1000	0.00078884078882400001	0.19533969232404283	35	0.17499999999999999
eas_neutral_exact_population_af_reverse_bridge_r077	EAS	neutral	0	2026083677	25	paper_frac_posterior_mean_below	local_100kb	4500	0.0040211640207600003	0.19533969232404283	35	0.17499999999999999
eas_neutral_exact_population_af_reverse_bridge_r077	EAS	neutral	0	2026083677	25	paper_frac_posterior_mean_below	local_100kb	10000	0.030197210196699999	0.19533969232404283	35	0.17499999999999999
eas_neutral_exact_population_af_reverse_bridge_r077	EAS	neutral	0	2026083677	25	paper_frac_posterior_mean_below	local_100kb	20000	0.12779220779	0.19533969232404283	35	0.17499999999999999
eas_neutral_exact_population_af_reverse_bridge_r077	EAS	neutral	0	2026083677	25	paper_frac_posterior_mean_below	local_100kb	30000	0.19025493025699999	0.19533969232404283	35	0.17499999999999999
eas_neutral_exact_population_af_reverse_bridge_r077	EAS	neutral	0	2026083677	25	paper_frac_posterior_mean_below	local_100kb	40000	0.227243867243	0.19533969232404283	35	0.17499999999999999
eas_neutral_exact_population_af_reverse_bridge_r077	EAS	neutral	0	2026083677	25	paper_frac_posterior_mean_below	local_100kb	50000	0.25598845598999997	0.19533969232404283	35	0.17499999999999999
eas_neutral_exact_population_af_reverse_bridge_r078	EAS	neutral	0	2026083678	25	mean_p_tmrca_lt	focal	1000	0.013817999169999999	0.19533969232404283	35	0.17499999999999999
eas_neutral_exact_population_af_reverse_bridge_r078	EAS	neutral	0	2026083678	25	mean_p_tmrca_lt	focal	4500	0.06174088782	0.19533969232404283	35	0.17499999999999999
eas_neutral_exact_population_af_reverse_bridge_r078	EAS	neutral	0	2026083678	25	mean_p_tmrca_lt	focal	10000	0.1265134873	0.19533969232404283	35	0.17499999999999999
eas_neutral_exact_population_af_reverse_bridge_r078	EAS	neutral	0	2026083678	25	mean_p_tmrca_lt	focal	20000	0.21621130190000001	0.19533969232404283	35	0.17499999999999999
eas_neutral_exact_population_af_reverse_bridge_r078	EAS	neutral	0	2026083678	25	mean_p_tmrca_lt	focal	30000	0.28177918200000002	0.19533969232404283	35	0.17499999999999999
eas_neutral_exact_population_af_reverse_bridge_r078	EAS	neutral	0	2026083678	25	mean_p_tmrca_lt	focal	40000	0.33171812429999997	0.19533969232404283	35	0.17499999999999999
eas_neutral_exact_population_af_reverse_bridge_r078	EAS	neutral	0	2026083678	25	mean_p_tmrca_lt	focal	50000	0.37090429190000002	0.19533969232404283	35	0.17499999999999999
eas_neutral_exact_population_af_reverse_bridge_r078	EAS	neutral	0	2026083678	25	mean_p_tmrca_lt	local_100kb	1000	0.0123524464623	0.19533969232404283	35	0.17499999999999999
eas_neutral_exact_population_af_reverse_bridge_r078	EAS	neutral	0	2026083678	25	mean_p_tmrca_lt	local_100kb	4500	0.056106689693300002	0.19533969232404283	35	0.17499999999999999
eas_neutral_exact_population_af_reverse_bridge_r078	EAS	neutral	0	2026083678	25	mean_p_tmrca_lt	local_100kb	10000	0.11706926273400001	0.19533969232404283	35	0.17499999999999999
eas_neutral_exact_population_af_reverse_bridge_r078	EAS	neutral	0	2026083678	25	mean_p_tmrca_lt	local_100kb	20000	0.20510567655199999	0.19533969232404283	35	0.17499999999999999
eas_neutral_exact_population_af_reverse_bridge_r078	EAS	neutral	0	2026083678	25	mean_p_tmrca_lt	local_100kb	30000	0.27208481427600001	0.19533969232404283	35	0.17499999999999999
eas_neutral_exact_population_af_reverse_bridge_r078	EAS	neutral	0	2026083678	25	mean_p_tmrca_lt	local_100kb	40000	0.32485286644799999	0.19533969232404283	35	0.17499999999999999
eas_neutral_exact_population_af_reverse_bridge_r078	EAS	neutral	0	2026083678	25	mean_p_tmrca_lt	local_100kb	50000	0.36769013113299998	0.19533969232404283	35	0.17499999999999999
eas_neutral_exact_population_af_reverse_bridge_r078	EAS	neutral	0	2026083678	25	paper_frac_posterior_mean_below	focal	1000	0.000202020202	0.19533969232404283	35	0.17499999999999999
eas_neutral_exact_population_af_reverse_bridge_r078	EAS	neutral	0	2026083678	25	paper_frac_posterior_mean_below	focal	4500	0.0046464646460000003	0.19533969232404283	35	0.17499999999999999
eas_neutral_exact_population_af_reverse_bridge_r078	EAS	neutral	0	2026083678	25	paper_frac_posterior_mean_below	focal	10000	0.021010101010000001	0.19533969232404283	35	0.17499999999999999
eas_neutral_exact_population_af_reverse_bridge_r078	EAS	neutral	0	2026083678	25	paper_frac_posterior_mean_below	focal	20000	0.092121212120000004	0.19533969232404283	35	0.17499999999999999
eas_neutral_exact_population_af_reverse_bridge_r078	EAS	neutral	0	2026083678	25	paper_frac_posterior_mean_below	focal	30000	0.1737373737	0.19533969232404283	35	0.17499999999999999
eas_neutral_exact_population_af_reverse_bridge_r078	EAS	neutral	0	2026083678	25	paper_frac_posterior_mean_below	focal	40000	0.24969696969999999	0.19533969232404283	35	0.17499999999999999
eas_neutral_exact_population_af_reverse_bridge_r078	EAS	neutral	0	2026083678	25	paper_frac_posterior_mean_below	focal	50000	0.32242424240000001	0.19533969232404283	35	0.17499999999999999
eas_neutral_exact_population_af_reverse_bridge_r078	EAS	neutral	0	2026083678	25	paper_frac_posterior_mean_below	local_100kb	1000	0.000202020202	0.19533969232404283	35	0.17499999999999999
eas_neutral_exact_population_af_reverse_bridge_r078	EAS	neutral	0	2026083678	25	paper_frac_posterior_mean_below	local_100kb	4500	0.0048388648387099999	0.19533969232404283	35	0.17499999999999999
eas_neutral_exact_population_af_reverse_bridge_r078	EAS	neutral	0	2026083678	25	paper_frac_posterior_mean_below	local_100kb	10000	0.024444444444299999	0.19533969232404283	35	0.17499999999999999
eas_neutral_exact_population_af_reverse_bridge_r078	EAS	neutral	0	2026083678	25	paper_frac_posterior_mean_below	local_100kb	20000	0.096036556039000007	0.19533969232404283	35	0.17499999999999999
eas_neutral_exact_population_af_reverse_bridge_r078	EAS	neutral	0	2026083678	25	paper_frac_posterior_mean_below	local_100kb	30000	0.178249158243	0.19533969232404283	35	0.17499999999999999
eas_neutral_exact_population_af_reverse_bridge_r078	EAS	neutral	0	2026083678	25	paper_frac_posterior_mean_below	local_100kb	40000	0.24931216931899999	0.19533969232404283	35	0.17499999999999999
eas_neutral_exact_population_af_reverse_bridge_r078	EAS	neutral	0	2026083678	25	paper_frac_posterior_mean_below	local_100kb	50000	0.30944684945200002	0.19533969232404283	35	0.17499999999999999
eas_neutral_exact_population_af_reverse_bridge_r079	EAS	neutral	0	2026083679	25	mean_p_tmrca_lt	focal	1000	0.016469179819999999	0.19533969232404283	44	0.22
eas_neutral_exact_population_af_reverse_bridge_r079	EAS	neutral	0	2026083679	25	mean_p_tmrca_lt	focal	4500	0.069120803440000003	0.19533969232404283	44	0.22
eas_neutral_exact_population_af_reverse_bridge_r079	EAS	neutral	0	2026083679	25	mean_p_tmrca_lt	focal	10000	0.1370068482	0.19533969232404283	44	0.22
eas_neutral_exact_population_af_reverse_bridge_r079	EAS	neutral	0	2026083679	25	mean_p_tmrca_lt	focal	20000	0.22591713150000001	0.19533969232404283	44	0.22
eas_neutral_exact_population_af_reverse_bridge_r079	EAS	neutral	0	2026083679	25	mean_p_tmrca_lt	focal	30000	0.28643337419999998	0.19533969232404283	44	0.22
eas_neutral_exact_population_af_reverse_bridge_r079	EAS	neutral	0	2026083679	25	mean_p_tmrca_lt	focal	40000	0.32963141080000002	0.19533969232404283	44	0.22
eas_neutral_exact_population_af_reverse_bridge_r079	EAS	neutral	0	2026083679	25	mean_p_tmrca_lt	focal	50000	0.36162492349999997	0.19533969232404283	44	0.22
eas_neutral_exact_population_af_reverse_bridge_r079	EAS	neutral	0	2026083679	25	mean_p_tmrca_lt	local_100kb	1000	0.012760057496299999	0.19533969232404283	44	0.22
eas_neutral_exact_population_af_reverse_bridge_r079	EAS	neutral	0	2026083679	25	mean_p_tmrca_lt	local_100kb	4500	0.054779808403299997	0.19533969232404283	44	0.22
eas_neutral_exact_population_af_reverse_bridge_r079	EAS	neutral	0	2026083679	25	mean_p_tmrca_lt	local_100kb	10000	0.110634095153	0.19533969232404283	44	0.22
eas_neutral_exact_population_af_reverse_bridge_r079	EAS	neutral	0	2026083679	25	mean_p_tmrca_lt	local_100kb	20000	0.18733273292399999	0.19533969232404283	44	0.22
eas_neutral_exact_population_af_reverse_bridge_r079	EAS	neutral	0	2026083679	25	mean_p_tmrca_lt	local_100kb	30000	0.24344928360500001	0.19533969232404283	44	0.22
eas_neutral_exact_population_af_reverse_bridge_r079	EAS	neutral	0	2026083679	25	mean_p_tmrca_lt	local_100kb	40000	0.28705669705699999	0.19533969232404283	44	0.22
eas_neutral_exact_population_af_reverse_bridge_r079	EAS	neutral	0	2026083679	25	mean_p_tmrca_lt	local_100kb	50000	0.32251684591000002	0.19533969232404283	44	0.22
eas_neutral_exact_population_af_reverse_bridge_r079	EAS	neutral	0	2026083679	25	paper_frac_posterior_mean_below	focal	1000	0.0006060606061	0.19533969232404283	44	0.22
eas_neutral_exact_population_af_reverse_bridge_r079	EAS	neutral	0	2026083679	25	paper_frac_posterior_mean_below	focal	4500	0.0048484848480000002	0.19533969232404283	44	0.22
eas_neutral_exact_population_af_reverse_bridge_r079	EAS	neutral	0	2026083679	25	paper_frac_posterior_mean_below	focal	10000	0.03595959596	0.19533969232404283	44	0.22
eas_neutral_exact_population_af_reverse_bridge_r079	EAS	neutral	0	2026083679	25	paper_frac_posterior_mean_below	focal	20000	0.1256565657	0.19533969232404283	44	0.22
eas_neutral_exact_population_af_reverse_bridge_r079	EAS	neutral	0	2026083679	25	paper_frac_posterior_mean_below	focal	30000	0.23878787879999999	0.19533969232404283	44	0.22
eas_neutral_exact_population_af_reverse_bridge_r079	EAS	neutral	0	2026083679	25	paper_frac_posterior_mean_below	focal	40000	0.30989898989999998	0.19533969232404283	44	0.22
eas_neutral_exact_population_af_reverse_bridge_r079	EAS	neutral	0	2026083679	25	paper_frac_posterior_mean_below	focal	50000	0.35272727269999998	0.19533969232404283	44	0.22
eas_neutral_exact_population_af_reverse_bridge_r079	EAS	neutral	0	2026083679	25	paper_frac_posterior_mean_below	local_100kb	1000	0.00069264069266700005	0.19533969232404283	44	0.22
eas_neutral_exact_population_af_reverse_bridge_r079	EAS	neutral	0	2026083679	25	paper_frac_posterior_mean_below	local_100kb	4500	0.0048581048581000002	0.19533969232404283	44	0.22
eas_neutral_exact_population_af_reverse_bridge_r079	EAS	neutral	0	2026083679	25	paper_frac_posterior_mean_below	local_100kb	10000	0.035622895622899997	0.19533969232404283	44	0.22
eas_neutral_exact_population_af_reverse_bridge_r079	EAS	neutral	0	2026083679	25	paper_frac_posterior_mean_below	local_100kb	20000	0.106127946135	0.19533969232404283	44	0.22
eas_neutral_exact_population_af_reverse_bridge_r079	EAS	neutral	0	2026083679	25	paper_frac_posterior_mean_below	local_100kb	30000	0.18050024050999999	0.19533969232404283	44	0.22
eas_neutral_exact_population_af_reverse_bridge_r079	EAS	neutral	0	2026083679	25	paper_frac_posterior_mean_below	local_100kb	40000	0.229350649352	0.19533969232404283	44	0.22
eas_neutral_exact_population_af_reverse_bridge_r079	EAS	neutral	0	2026083679	25	paper_frac_posterior_mean_below	local_100kb	50000	0.267878787876	0.19533969232404283	44	0.22
eas_neutral_exact_population_af_reverse_bridge_r080	EAS	neutral	0	2026083680	25	mean_p_tmrca_lt	focal	1000	0.0095941586599999993	0.19533969232404283	41	0.20499999999999999
eas_neutral_exact_population_af_reverse_bridge_r080	EAS	neutral	0	2026083680	25	mean_p_tmrca_lt	focal	4500	0.042888999910000003	0.19533969232404283	41	0.20499999999999999
eas_neutral_exact_population_af_reverse_bridge_r080	EAS	neutral	0	2026083680	25	mean_p_tmrca_lt	focal	10000	0.089397571519999997	0.19533969232404283	41	0.20499999999999999
eas_neutral_exact_population_af_reverse_bridge_r080	EAS	neutral	0	2026083680	25	mean_p_tmrca_lt	focal	20000	0.1577760077	0.19533969232404283	41	0.20499999999999999
eas_neutral_exact_population_af_reverse_bridge_r080	EAS	neutral	0	2026083680	25	mean_p_tmrca_lt	focal	30000	0.21185232679999999	0.19533969232404283	41	0.20499999999999999
eas_neutral_exact_population_af_reverse_bridge_r080	EAS	neutral	0	2026083680	25	mean_p_tmrca_lt	focal	40000	0.25641376519999998	0.19533969232404283	41	0.20499999999999999
eas_neutral_exact_population_af_reverse_bridge_r080	EAS	neutral	0	2026083680	25	mean_p_tmrca_lt	focal	50000	0.2943265612	0.19533969232404283	41	0.20499999999999999
eas_neutral_exact_population_af_reverse_bridge_r080	EAS	neutral	0	2026083680	25	mean_p_tmrca_lt	local_100kb	1000	0.0122551891289	0.19533969232404283	41	0.20499999999999999
eas_neutral_exact_population_af_reverse_bridge_r080	EAS	neutral	0	2026083680	25	mean_p_tmrca_lt	local_100kb	4500	0.054398989222400003	0.19533969232404283	41	0.20499999999999999
eas_neutral_exact_population_af_reverse_bridge_r080	EAS	neutral	0	2026083680	25	mean_p_tmrca_lt	local_100kb	10000	0.112669013873	0.19533969232404283	41	0.20499999999999999
eas_neutral_exact_population_af_reverse_bridge_r080	EAS	neutral	0	2026083680	25	mean_p_tmrca_lt	local_100kb	20000	0.19710712557099999	0.19533969232404283	41	0.20499999999999999
eas_neutral_exact_population_af_reverse_bridge_r080	EAS	neutral	0	2026083680	25	mean_p_tmrca_lt	local_100kb	30000	0.26239163687599998	0.19533969232404283	41	0.20499999999999999
eas_neutral_exact_population_af_reverse_bridge_r080	EAS	neutral	0	2026083680	25	mean_p_tmrca_lt	local_100kb	40000	0.31495315490499998	0.19533969232404283	41	0.20499999999999999
eas_neutral_exact_population_af_reverse_bridge_r080	EAS	neutral	0	2026083680	25	mean_p_tmrca_lt	local_100kb	50000	0.35854133328600002	0.19533969232404283	41	0.20499999999999999
eas_neutral_exact_population_af_reverse_bridge_r080	EAS	neutral	0	2026083680	25	paper_frac_posterior_mean_below	focal	1000	0.000404040404	0.19533969232404283	41	0.20499999999999999
eas_neutral_exact_population_af_reverse_bridge_r080	EAS	neutral	0	2026083680	25	paper_frac_posterior_mean_below	focal	4500	0.0046464646460000003	0.19533969232404283	41	0.20499999999999999
eas_neutral_exact_population_af_reverse_bridge_r080	EAS	neutral	0	2026083680	25	paper_frac_posterior_mean_below	focal	10000	0.03393939394	0.19533969232404283	41	0.20499999999999999
eas_neutral_exact_population_af_reverse_bridge_r080	EAS	neutral	0	2026083680	25	paper_frac_posterior_mean_below	focal	20000	0.1028282828	0.19533969232404283	41	0.20499999999999999
eas_neutral_exact_population_af_reverse_bridge_r080	EAS	neutral	0	2026083680	25	paper_frac_posterior_mean_below	focal	30000	0.1426262626	0.19533969232404283	41	0.20499999999999999
eas_neutral_exact_population_af_reverse_bridge_r080	EAS	neutral	0	2026083680	25	paper_frac_posterior_mean_below	focal	40000	0.19252525249999999	0.19533969232404283	41	0.20499999999999999
eas_neutral_exact_population_af_reverse_bridge_r080	EAS	neutral	0	2026083680	25	paper_frac_posterior_mean_below	focal	50000	0.222020202	0.19533969232404283	41	0.20499999999999999
eas_neutral_exact_population_af_reverse_bridge_r080	EAS	neutral	0	2026083680	25	paper_frac_posterior_mean_below	local_100kb	1000	0.000404040404	0.19533969232404283	41	0.20499999999999999
eas_neutral_exact_population_af_reverse_bridge_r080	EAS	neutral	0	2026083680	25	paper_frac_posterior_mean_below	local_100kb	4500	0.00435786435743	0.19533969232404283	41	0.20499999999999999
eas_neutral_exact_population_af_reverse_bridge_r080	EAS	neutral	0	2026083680	25	paper_frac_posterior_mean_below	local_100kb	10000	0.029600769600499999	0.19533969232404283	41	0.20499999999999999
eas_neutral_exact_population_af_reverse_bridge_r080	EAS	neutral	0	2026083680	25	paper_frac_posterior_mean_below	local_100kb	20000	0.097575757581399997	0.19533969232404283	41	0.20499999999999999
eas_neutral_exact_population_af_reverse_bridge_r080	EAS	neutral	0	2026083680	25	paper_frac_posterior_mean_below	local_100kb	30000	0.15937469938000001	0.19533969232404283	41	0.20499999999999999
eas_neutral_exact_population_af_reverse_bridge_r080	EAS	neutral	0	2026083680	25	paper_frac_posterior_mean_below	local_100kb	40000	0.22905242905699999	0.19533969232404283	41	0.20499999999999999
eas_neutral_exact_population_af_reverse_bridge_r080	EAS	neutral	0	2026083680	25	paper_frac_posterior_mean_below	local_100kb	50000	0.283415103414	0.19533969232404283	41	0.20499999999999999
eas_neutral_exact_population_af_reverse_bridge_r081	EAS	neutral	0	2026083681	25	mean_p_tmrca_lt	focal	1000	0.010711359639999999	0.19533969232404283	38	0.19
eas_neutral_exact_population_af_reverse_bridge_r081	EAS	neutral	0	2026083681	25	mean_p_tmrca_lt	focal	4500	0.047029780209999997	0.19533969232404283	38	0.19
eas_neutral_exact_population_af_reverse_bridge_r081	EAS	neutral	0	2026083681	25	mean_p_tmrca_lt	focal	10000	0.099985012459999995	0.19533969232404283	38	0.19
eas_neutral_exact_population_af_reverse_bridge_r081	EAS	neutral	0	2026083681	25	mean_p_tmrca_lt	focal	20000	0.18480380630000001	0.19533969232404283	38	0.19
eas_neutral_exact_population_af_reverse_bridge_r081	EAS	neutral	0	2026083681	25	mean_p_tmrca_lt	focal	30000	0.25878483839999999	0.19533969232404283	38	0.19
eas_neutral_exact_population_af_reverse_bridge_r081	EAS	neutral	0	2026083681	25	mean_p_tmrca_lt	focal	40000	0.3244277082	0.19533969232404283	38	0.19
eas_neutral_exact_population_af_reverse_bridge_r081	EAS	neutral	0	2026083681	25	mean_p_tmrca_lt	focal	50000	0.38292160380000001	0.19533969232404283	38	0.19
eas_neutral_exact_population_af_reverse_bridge_r081	EAS	neutral	0	2026083681	25	mean_p_tmrca_lt	local_100kb	1000	0.0145080649248	0.19533969232404283	38	0.19
eas_neutral_exact_population_af_reverse_bridge_r081	EAS	neutral	0	2026083681	25	mean_p_tmrca_lt	local_100kb	4500	0.063562120106699996	0.19533969232404283	38	0.19
eas_neutral_exact_population_af_reverse_bridge_r081	EAS	neutral	0	2026083681	25	mean_p_tmrca_lt	local_100kb	10000	0.13227666957799999	0.19533969232404283	38	0.19
eas_neutral_exact_population_af_reverse_bridge_r081	EAS	neutral	0	2026083681	25	mean_p_tmrca_lt	local_100kb	20000	0.232802087662	0.19533969232404283	38	0.19
eas_neutral_exact_population_af_reverse_bridge_r081	EAS	neutral	0	2026083681	25	mean_p_tmrca_lt	local_100kb	30000	0.31016120567099997	0.19533969232404283	38	0.19
eas_neutral_exact_population_af_reverse_bridge_r081	EAS	neutral	0	2026083681	25	mean_p_tmrca_lt	local_100kb	40000	0.37154155598600003	0.19533969232404283	38	0.19
eas_neutral_exact_population_af_reverse_bridge_r081	EAS	neutral	0	2026083681	25	mean_p_tmrca_lt	local_100kb	50000	0.421451666748	0.19533969232404283	38	0.19
eas_neutral_exact_population_af_reverse_bridge_r081	EAS	neutral	0	2026083681	25	paper_frac_posterior_mean_below	focal	1000	0.00101010101	0.19533969232404283	38	0.19
eas_neutral_exact_population_af_reverse_bridge_r081	EAS	neutral	0	2026083681	25	paper_frac_posterior_mean_below	focal	4500	0.0042424242419999997	0.19533969232404283	38	0.19
eas_neutral_exact_population_af_reverse_bridge_r081	EAS	neutral	0	2026083681	25	paper_frac_posterior_mean_below	focal	10000	0.030909090909999999	0.19533969232404283	38	0.19
eas_neutral_exact_population_af_reverse_bridge_r081	EAS	neutral	0	2026083681	25	paper_frac_posterior_mean_below	focal	20000	0.092727272730000004	0.19533969232404283	38	0.19
eas_neutral_exact_population_af_reverse_bridge_r081	EAS	neutral	0	2026083681	25	paper_frac_posterior_mean_below	focal	30000	0.13030303030000001	0.19533969232404283	38	0.19
eas_neutral_exact_population_af_reverse_bridge_r081	EAS	neutral	0	2026083681	25	paper_frac_posterior_mean_below	focal	40000	0.1755555556	0.19533969232404283	38	0.19
eas_neutral_exact_population_af_reverse_bridge_r081	EAS	neutral	0	2026083681	25	paper_frac_posterior_mean_below	focal	50000	0.22565656570000001	0.19533969232404283	38	0.19
eas_neutral_exact_population_af_reverse_bridge_r081	EAS	neutral	0	2026083681	25	paper_frac_posterior_mean_below	local_100kb	1000	0.00109668109657	0.19533969232404283	38	0.19
eas_neutral_exact_population_af_reverse_bridge_r081	EAS	neutral	0	2026083681	25	paper_frac_posterior_mean_below	local_100kb	4500	0.0044540644537599998	0.19533969232404283	38	0.19
eas_neutral_exact_population_af_reverse_bridge_r081	EAS	neutral	0	2026083681	25	paper_frac_posterior_mean_below	local_100kb	10000	0.028177008176199999	0.19533969232404283	38	0.19
eas_neutral_exact_population_af_reverse_bridge_r081	EAS	neutral	0	2026083681	25	paper_frac_posterior_mean_below	local_100kb	20000	0.108754208755	0.19533969232404283	38	0.19
eas_neutral_exact_population_af_reverse_bridge_r081	EAS	neutral	0	2026083681	25	paper_frac_posterior_mean_below	local_100kb	30000	0.19923039922899999	0.19533969232404283	38	0.19
eas_neutral_exact_population_af_reverse_bridge_r081	EAS	neutral	0	2026083681	25	paper_frac_posterior_mean_below	local_100kb	40000	0.27983645984799999	0.19533969232404283	38	0.19
eas_neutral_exact_population_af_reverse_bridge_r081	EAS	neutral	0	2026083681	25	paper_frac_posterior_mean_below	local_100kb	50000	0.34175084175699999	0.19533969232404283	38	0.19
eas_neutral_exact_population_af_reverse_bridge_r082	EAS	neutral	0	2026083682	25	mean_p_tmrca_lt	focal	1000	0.0097372679459999997	0.19533969232404283	29	0.14499999999999999
eas_neutral_exact_population_af_reverse_bridge_r082	EAS	neutral	0	2026083682	25	mean_p_tmrca_lt	focal	4500	0.046658827379999997	0.19533969232404283	29	0.14499999999999999
eas_neutral_exact_population_af_reverse_bridge_r082	EAS	neutral	0	2026083682	25	mean_p_tmrca_lt	focal	10000	0.1025139623	0.19533969232404283	29	0.14499999999999999
eas_neutral_exact_population_af_reverse_bridge_r082	EAS	neutral	0	2026083682	25	mean_p_tmrca_lt	focal	20000	0.1903489471	0.19533969232404283	29	0.14499999999999999
eas_neutral_exact_population_af_reverse_bridge_r082	EAS	neutral	0	2026083682	25	mean_p_tmrca_lt	focal	30000	0.26254414059999998	0.19533969232404283	29	0.14499999999999999
eas_neutral_exact_population_af_reverse_bridge_r082	EAS	neutral	0	2026083682	25	mean_p_tmrca_lt	focal	40000	0.32302056159999998	0.19533969232404283	29	0.14499999999999999
eas_neutral_exact_population_af_reverse_bridge_r082	EAS	neutral	0	2026083682	25	mean_p_tmrca_lt	focal	50000	0.37472819289999998	0.19533969232404283	29	0.14499999999999999
eas_neutral_exact_population_af_reverse_bridge_r082	EAS	neutral	0	2026083682	25	mean_p_tmrca_lt	local_100kb	1000	0.011485656086000001	0.19533969232404283	29	0.14499999999999999
eas_neutral_exact_population_af_reverse_bridge_r082	EAS	neutral	0	2026083682	25	mean_p_tmrca_lt	local_100kb	4500	0.053136372137600002	0.19533969232404283	29	0.14499999999999999
eas_neutral_exact_population_af_reverse_bridge_r082	EAS	neutral	0	2026083682	25	mean_p_tmrca_lt	local_100kb	10000	0.111564423234	0.19533969232404283	29	0.14499999999999999
eas_neutral_exact_population_af_reverse_bridge_r082	EAS	neutral	0	2026083682	25	mean_p_tmrca_lt	local_100kb	20000	0.194222912419	0.19533969232404283	29	0.14499999999999999
eas_neutral_exact_population_af_reverse_bridge_r082	EAS	neutral	0	2026083682	25	mean_p_tmrca_lt	local_100kb	30000	0.25491459472900002	0.19533969232404283	29	0.14499999999999999
eas_neutral_exact_population_af_reverse_bridge_r082	EAS	neutral	0	2026083682	25	mean_p_tmrca_lt	local_100kb	40000	0.30162047158600003	0.19533969232404283	29	0.14499999999999999
eas_neutral_exact_population_af_reverse_bridge_r082	EAS	neutral	0	2026083682	25	mean_p_tmrca_lt	local_100kb	50000	0.33922716754799997	0.19533969232404283	29	0.14499999999999999
eas_neutral_exact_population_af_reverse_bridge_r082	EAS	neutral	0	2026083682	25	paper_frac_posterior_mean_below	focal	1000	0.000202020202	0.19533969232404283	29	0.14499999999999999
eas_neutral_exact_population_af_reverse_bridge_r082	EAS	neutral	0	2026083682	25	paper_frac_posterior_mean_below	focal	4500	0.0020202020199999999	0.19533969232404283	29	0.14499999999999999
eas_neutral_exact_population_af_reverse_bridge_r082	EAS	neutral	0	2026083682	25	paper_frac_posterior_mean_below	focal	10000	0.022424242420000001	0.19533969232404283	29	0.14499999999999999
eas_neutral_exact_population_af_reverse_bridge_r082	EAS	neutral	0	2026083682	25	paper_frac_posterior_mean_below	focal	20000	0.1014141414	0.19533969232404283	29	0.14499999999999999
eas_neutral_exact_population_af_reverse_bridge_r082	EAS	neutral	0	2026083682	25	paper_frac_posterior_mean_below	focal	30000	0.16747474749999999	0.19533969232404283	29	0.14499999999999999
eas_neutral_exact_population_af_reverse_bridge_r082	EAS	neutral	0	2026083682	25	paper_frac_posterior_mean_below	focal	40000	0.22828282829999999	0.19533969232404283	29	0.14499999999999999
eas_neutral_exact_population_af_reverse_bridge_r082	EAS	neutral	0	2026083682	25	paper_frac_posterior_mean_below	focal	50000	0.27818181819999999	0.19533969232404283	29	0.14499999999999999
eas_neutral_exact_population_af_reverse_bridge_r082	EAS	neutral	0	2026083682	25	paper_frac_posterior_mean_below	local_100kb	1000	0.000202020202	0.19533969232404283	29	0.14499999999999999
eas_neutral_exact_population_af_reverse_bridge_r082	EAS	neutral	0	2026083682	25	paper_frac_posterior_mean_below	local_100kb	4500	0.0024146224143799999	0.19533969232404283	29	0.14499999999999999
eas_neutral_exact_population_af_reverse_bridge_r082	EAS	neutral	0	2026083682	25	paper_frac_posterior_mean_below	local_100kb	10000	0.025377585377100002	0.19533969232404283	29	0.14499999999999999
eas_neutral_exact_population_af_reverse_bridge_r082	EAS	neutral	0	2026083682	25	paper_frac_posterior_mean_below	local_100kb	20000	0.117469937467	0.19533969232404283	29	0.14499999999999999
eas_neutral_exact_population_af_reverse_bridge_r082	EAS	neutral	0	2026083682	25	paper_frac_posterior_mean_below	local_100kb	30000	0.199028379033	0.19533969232404283	29	0.14499999999999999
eas_neutral_exact_population_af_reverse_bridge_r082	EAS	neutral	0	2026083682	25	paper_frac_posterior_mean_below	local_100kb	40000	0.24889850890000001	0.19533969232404283	29	0.14499999999999999
eas_neutral_exact_population_af_reverse_bridge_r082	EAS	neutral	0	2026083682	25	paper_frac_posterior_mean_below	local_100kb	50000	0.28293410292900001	0.19533969232404283	29	0.14499999999999999
eas_neutral_exact_population_af_reverse_bridge_r083	EAS	neutral	0	2026083683	25	mean_p_tmrca_lt	focal	1000	0.010309854	0.19533969232404283	47	0.23499999999999999
eas_neutral_exact_population_af_reverse_bridge_r083	EAS	neutral	0	2026083683	25	mean_p_tmrca_lt	focal	4500	0.044664093279999997	0.19533969232404283	47	0.23499999999999999
eas_neutral_exact_population_af_reverse_bridge_r083	EAS	neutral	0	2026083683	25	mean_p_tmrca_lt	focal	10000	0.092537184440000003	0.19533969232404283	47	0.23499999999999999
eas_neutral_exact_population_af_reverse_bridge_r083	EAS	neutral	0	2026083683	25	mean_p_tmrca_lt	focal	20000	0.1621185004	0.19533969232404283	47	0.23499999999999999
eas_neutral_exact_population_af_reverse_bridge_r083	EAS	neutral	0	2026083683	25	mean_p_tmrca_lt	focal	30000	0.21579270489999999	0.19533969232404283	47	0.23499999999999999
eas_neutral_exact_population_af_reverse_bridge_r083	EAS	neutral	0	2026083683	25	mean_p_tmrca_lt	focal	40000	0.25873966609999999	0.19533969232404283	47	0.23499999999999999
eas_neutral_exact_population_af_reverse_bridge_r083	EAS	neutral	0	2026083683	25	mean_p_tmrca_lt	focal	50000	0.29405750200000003	0.19533969232404283	47	0.23499999999999999
eas_neutral_exact_population_af_reverse_bridge_r083	EAS	neutral	0	2026083683	25	mean_p_tmrca_lt	local_100kb	1000	0.0138089239127	0.19533969232404283	47	0.23499999999999999
eas_neutral_exact_population_af_reverse_bridge_r083	EAS	neutral	0	2026083683	25	mean_p_tmrca_lt	local_100kb	4500	0.061924998590499998	0.19533969232404283	47	0.23499999999999999
eas_neutral_exact_population_af_reverse_bridge_r083	EAS	neutral	0	2026083683	25	mean_p_tmrca_lt	local_100kb	10000	0.13117125063099999	0.19533969232404283	47	0.23499999999999999
eas_neutral_exact_population_af_reverse_bridge_r083	EAS	neutral	0	2026083683	25	mean_p_tmrca_lt	local_100kb	20000	0.2334658963	0.19533969232404283	47	0.23499999999999999
eas_neutral_exact_population_af_reverse_bridge_r083	EAS	neutral	0	2026083683	25	mean_p_tmrca_lt	local_100kb	30000	0.31154888710500001	0.19533969232404283	47	0.23499999999999999
eas_neutral_exact_population_af_reverse_bridge_r083	EAS	neutral	0	2026083683	25	mean_p_tmrca_lt	local_100kb	40000	0.37238736654799998	0.19533969232404283	47	0.23499999999999999
eas_neutral_exact_population_af_reverse_bridge_r083	EAS	neutral	0	2026083683	25	mean_p_tmrca_lt	local_100kb	50000	0.42081809945199999	0.19533969232404283	47	0.23499999999999999
eas_neutral_exact_population_af_reverse_bridge_r083	EAS	neutral	0	2026083683	25	paper_frac_posterior_mean_below	focal	1000	0.00080808080809999998	0.19533969232404283	47	0.23499999999999999
eas_neutral_exact_population_af_reverse_bridge_r083	EAS	neutral	0	2026083683	25	paper_frac_posterior_mean_below	focal	4500	0.0036363636360000002	0.19533969232404283	47	0.23499999999999999
eas_neutral_exact_population_af_reverse_bridge_r083	EAS	neutral	0	2026083683	25	paper_frac_posterior_mean_below	focal	10000	0.023232323230000001	0.19533969232404283	47	0.23499999999999999
eas_neutral_exact_population_af_reverse_bridge_r083	EAS	neutral	0	2026083683	25	paper_frac_posterior_mean_below	focal	20000	0.072525252530000001	0.19533969232404283	47	0.23499999999999999
eas_neutral_exact_population_af_reverse_bridge_r083	EAS	neutral	0	2026083683	25	paper_frac_posterior_mean_below	focal	30000	0.12262626259999999	0.19533969232404283	47	0.23499999999999999
eas_neutral_exact_population_af_reverse_bridge_r083	EAS	neutral	0	2026083683	25	paper_frac_posterior_mean_below	focal	40000	0.1741414141	0.19533969232404283	47	0.23499999999999999
eas_neutral_exact_population_af_reverse_bridge_r083	EAS	neutral	0	2026083683	25	paper_frac_posterior_mean_below	focal	50000	0.2204040404	0.19533969232404283	47	0.23499999999999999
eas_neutral_exact_population_af_reverse_bridge_r083	EAS	neutral	0	2026083683	25	paper_frac_posterior_mean_below	local_100kb	1000	0.00080808080809999998	0.19533969232404283	47	0.23499999999999999
eas_neutral_exact_population_af_reverse_bridge_r083	EAS	neutral	0	2026083683	25	paper_frac_posterior_mean_below	local_100kb	4500	0.0036267436263799999	0.19533969232404283	47	0.23499999999999999
eas_neutral_exact_population_af_reverse_bridge_r083	EAS	neutral	0	2026083683	25	paper_frac_posterior_mean_below	local_100kb	10000	0.023222703222399999	0.19533969232404283	47	0.23499999999999999
eas_neutral_exact_population_af_reverse_bridge_r083	EAS	neutral	0	2026083683	25	paper_frac_posterior_mean_below	local_100kb	20000	0.110851370856	0.19533969232404283	47	0.23499999999999999
eas_neutral_exact_population_af_reverse_bridge_r083	EAS	neutral	0	2026083683	25	paper_frac_posterior_mean_below	local_100kb	30000	0.21382395381399999	0.19533969232404283	47	0.23499999999999999
eas_neutral_exact_population_af_reverse_bridge_r083	EAS	neutral	0	2026083683	25	paper_frac_posterior_mean_below	local_100kb	40000	0.29934583935199999	0.19533969232404283	47	0.23499999999999999
eas_neutral_exact_population_af_reverse_bridge_r083	EAS	neutral	0	2026083683	25	paper_frac_posterior_mean_below	local_100kb	50000	0.37122655123300002	0.19533969232404283	47	0.23499999999999999
eas_neutral_exact_population_af_reverse_bridge_r084	EAS	neutral	0	2026083684	25	mean_p_tmrca_lt	focal	1000	0.0058924295410000002	0.19533969232404283	41	0.20499999999999999
eas_neutral_exact_population_af_reverse_bridge_r084	EAS	neutral	0	2026083684	25	mean_p_tmrca_lt	focal	4500	0.026308843500000002	0.19533969232404283	41	0.20499999999999999
eas_neutral_exact_population_af_reverse_bridge_r084	EAS	neutral	0	2026083684	25	mean_p_tmrca_lt	focal	10000	0.056215408510000002	0.19533969232404283	41	0.20499999999999999
eas_neutral_exact_population_af_reverse_bridge_r084	EAS	neutral	0	2026083684	25	mean_p_tmrca_lt	focal	20000	0.1034488856	0.19533969232404283	41	0.20499999999999999
eas_neutral_exact_population_af_reverse_bridge_r084	EAS	neutral	0	2026083684	25	mean_p_tmrca_lt	focal	30000	0.1440561695	0.19533969232404283	41	0.20499999999999999
eas_neutral_exact_population_af_reverse_bridge_r084	EAS	neutral	0	2026083684	25	mean_p_tmrca_lt	focal	40000	0.1800236959	0.19533969232404283	41	0.20499999999999999
eas_neutral_exact_population_af_reverse_bridge_r084	EAS	neutral	0	2026083684	25	mean_p_tmrca_lt	focal	50000	0.21252464800000001	0.19533969232404283	41	0.20499999999999999
eas_neutral_exact_population_af_reverse_bridge_r084	EAS	neutral	0	2026083684	25	mean_p_tmrca_lt	local_100kb	1000	0.010164341305	0.19533969232404283	41	0.20499999999999999
eas_neutral_exact_population_af_reverse_bridge_r084	EAS	neutral	0	2026083684	25	mean_p_tmrca_lt	local_100kb	4500	0.044986884205200001	0.19533969232404283	41	0.20499999999999999
eas_neutral_exact_population_af_reverse_bridge_r084	EAS	neutral	0	2026083684	25	mean_p_tmrca_lt	local_100kb	10000	0.093574190858999998	0.19533969232404283	41	0.20499999999999999
eas_neutral_exact_population_af_reverse_bridge_r084	EAS	neutral	0	2026083684	25	mean_p_tmrca_lt	local_100kb	20000	0.163766862076	0.19533969232404283	41	0.20499999999999999
eas_neutral_exact_population_af_reverse_bridge_r084	EAS	neutral	0	2026083684	25	mean_p_tmrca_lt	local_100kb	30000	0.217258440276	0.19533969232404283	41	0.20499999999999999
eas_neutral_exact_population_af_reverse_bridge_r084	EAS	neutral	0	2026083684	25	mean_p_tmrca_lt	local_100kb	40000	0.25976275616200001	0.19533969232404283	41	0.20499999999999999
eas_neutral_exact_population_af_reverse_bridge_r084	EAS	neutral	0	2026083684	25	mean_p_tmrca_lt	local_100kb	50000	0.29475943541400002	0.19533969232404283	41	0.20499999999999999
eas_neutral_exact_population_af_reverse_bridge_r084	EAS	neutral	0	2026083684	25	paper_frac_posterior_mean_below	focal	1000	0.0006060606061	0.19533969232404283	41	0.20499999999999999
eas_neutral_exact_population_af_reverse_bridge_r084	EAS	neutral	0	2026083684	25	paper_frac_posterior_mean_below	focal	4500	0.003232323232	0.19533969232404283	41	0.20499999999999999
eas_neutral_exact_population_af_reverse_bridge_r084	EAS	neutral	0	2026083684	25	paper_frac_posterior_mean_below	focal	10000	0.01454545455	0.19533969232404283	41	0.20499999999999999
eas_neutral_exact_population_af_reverse_bridge_r084	EAS	neutral	0	2026083684	25	paper_frac_posterior_mean_below	focal	20000	0.053535353539999997	0.19533969232404283	41	0.20499999999999999
eas_neutral_exact_population_af_reverse_bridge_r084	EAS	neutral	0	2026083684	25	paper_frac_posterior_mean_below	focal	30000	0.10040404040000001	0.19533969232404283	41	0.20499999999999999
eas_neutral_exact_population_af_reverse_bridge_r084	EAS	neutral	0	2026083684	25	paper_frac_posterior_mean_below	focal	40000	0.12242424239999999	0.19533969232404283	41	0.20499999999999999
eas_neutral_exact_population_af_reverse_bridge_r084	EAS	neutral	0	2026083684	25	paper_frac_posterior_mean_below	focal	50000	0.1527272727	0.19533969232404283	41	0.20499999999999999
eas_neutral_exact_population_af_reverse_bridge_r084	EAS	neutral	0	2026083684	25	paper_frac_posterior_mean_below	local_100kb	1000	0.0006060606061	0.19533969232404283	41	0.20499999999999999
eas_neutral_exact_population_af_reverse_bridge_r084	EAS	neutral	0	2026083684	25	paper_frac_posterior_mean_below	local_100kb	4500	0.0030206830203799999	0.19533969232404283	41	0.20499999999999999
eas_neutral_exact_population_af_reverse_bridge_r084	EAS	neutral	0	2026083684	25	paper_frac_posterior_mean_below	local_100kb	10000	0.020009620009000001	0.19533969232404283	41	0.20499999999999999
eas_neutral_exact_population_af_reverse_bridge_r084	EAS	neutral	0	2026083684	25	paper_frac_posterior_mean_below	local_100kb	20000	0.081914381913800002	0.19533969232404283	41	0.20499999999999999
eas_neutral_exact_population_af_reverse_bridge_r084	EAS	neutral	0	2026083684	25	paper_frac_posterior_mean_below	local_100kb	30000	0.14126984127	0.19533969232404283	41	0.20499999999999999
eas_neutral_exact_population_af_reverse_bridge_r084	EAS	neutral	0	2026083684	25	paper_frac_posterior_mean_below	local_100kb	40000	0.19431457432400001	0.19533969232404283	41	0.20499999999999999
eas_neutral_exact_population_af_reverse_bridge_r084	EAS	neutral	0	2026083684	25	paper_frac_posterior_mean_below	local_100kb	50000	0.23109187109000001	0.19533969232404283	41	0.20499999999999999
eas_neutral_exact_population_af_reverse_bridge_r085	EAS	neutral	0	2026083685	25	mean_p_tmrca_lt	focal	1000	0.0086047336979999996	0.19533969232404283	40	0.20000000000000001
eas_neutral_exact_population_af_reverse_bridge_r085	EAS	neutral	0	2026083685	25	mean_p_tmrca_lt	focal	4500	0.037992979269999998	0.19533969232404283	40	0.20000000000000001
eas_neutral_exact_population_af_reverse_bridge_r085	EAS	neutral	0	2026083685	25	mean_p_tmrca_lt	focal	10000	0.0801358863	0.19533969232404283	40	0.20000000000000001
eas_neutral_exact_population_af_reverse_bridge_r085	EAS	neutral	0	2026083685	25	mean_p_tmrca_lt	focal	20000	0.146072706	0.19533969232404283	40	0.20000000000000001
eas_neutral_exact_population_af_reverse_bridge_r085	EAS	neutral	0	2026083685	25	mean_p_tmrca_lt	focal	30000	0.2009964206	0.19533969232404283	40	0.20000000000000001
eas_neutral_exact_population_af_reverse_bridge_r085	EAS	neutral	0	2026083685	25	mean_p_tmrca_lt	focal	40000	0.24761702020000001	0.19533969232404283	40	0.20000000000000001
eas_neutral_exact_population_af_reverse_bridge_r085	EAS	neutral	0	2026083685	25	mean_p_tmrca_lt	focal	50000	0.28791684070000001	0.19533969232404283	40	0.20000000000000001
eas_neutral_exact_population_af_reverse_bridge_r085	EAS	neutral	0	2026083685	25	mean_p_tmrca_lt	local_100kb	1000	0.0094770596118599996	0.19533969232404283	40	0.20000000000000001
eas_neutral_exact_population_af_reverse_bridge_r085	EAS	neutral	0	2026083685	25	mean_p_tmrca_lt	local_100kb	4500	0.042094072731399999	0.19533969232404283	40	0.20000000000000001
eas_neutral_exact_population_af_reverse_bridge_r085	EAS	neutral	0	2026083685	25	mean_p_tmrca_lt	local_100kb	10000	0.0878735556852	0.19533969232404283	40	0.20000000000000001
eas_neutral_exact_population_af_reverse_bridge_r085	EAS	neutral	0	2026083685	25	mean_p_tmrca_lt	local_100kb	20000	0.156102095133	0.19533969232404283	40	0.20000000000000001
eas_neutral_exact_population_af_reverse_bridge_r085	EAS	neutral	0	2026083685	25	mean_p_tmrca_lt	local_100kb	30000	0.21031068487099999	0.19533969232404283	40	0.20000000000000001
eas_neutral_exact_population_af_reverse_bridge_r085	EAS	neutral	0	2026083685	25	mean_p_tmrca_lt	local_100kb	40000	0.25500118678599998	0.19533969232404283	40	0.20000000000000001
eas_neutral_exact_population_af_reverse_bridge_r085	EAS	neutral	0	2026083685	25	mean_p_tmrca_lt	local_100kb	50000	0.29297253784799998	0.19533969232404283	40	0.20000000000000001
eas_neutral_exact_population_af_reverse_bridge_r085	EAS	neutral	0	2026083685	25	paper_frac_posterior_mean_below	focal	1000	0.000404040404	0.19533969232404283	40	0.20000000000000001
eas_neutral_exact_population_af_reverse_bridge_r085	EAS	neutral	0	2026083685	25	paper_frac_posterior_mean_below	focal	4500	0.0040404040399999999	0.19533969232404283	40	0.20000000000000001
eas_neutral_exact_population_af_reverse_bridge_r085	EAS	neutral	0	2026083685	25	paper_frac_posterior_mean_below	focal	10000	0.014949494949999999	0.19533969232404283	40	0.20000000000000001
eas_neutral_exact_population_af_reverse_bridge_r085	EAS	neutral	0	2026083685	25	paper_frac_posterior_mean_below	focal	20000	0.058989898989999998	0.19533969232404283	40	0.20000000000000001
eas_neutral_exact_population_af_reverse_bridge_r085	EAS	neutral	0	2026083685	25	paper_frac_posterior_mean_below	focal	30000	0.10909090909999999	0.19533969232404283	40	0.20000000000000001
eas_neutral_exact_population_af_reverse_bridge_r085	EAS	neutral	0	2026083685	25	paper_frac_posterior_mean_below	focal	40000	0.1377777778	0.19533969232404283	40	0.20000000000000001
eas_neutral_exact_population_af_reverse_bridge_r085	EAS	neutral	0	2026083685	25	paper_frac_posterior_mean_below	focal	50000	0.16888888890000001	0.19533969232404283	40	0.20000000000000001
eas_neutral_exact_population_af_reverse_bridge_r085	EAS	neutral	0	2026083685	25	paper_frac_posterior_mean_below	local_100kb	1000	0.00034632034628599999	0.19533969232404283	40	0.20000000000000001
eas_neutral_exact_population_af_reverse_bridge_r085	EAS	neutral	0	2026083685	25	paper_frac_posterior_mean_below	local_100kb	4500	0.0034824434821000001	0.19533969232404283	40	0.20000000000000001
eas_neutral_exact_population_af_reverse_bridge_r085	EAS	neutral	0	2026083685	25	paper_frac_posterior_mean_below	local_100kb	10000	0.0174025974029	0.19533969232404283	40	0.20000000000000001
eas_neutral_exact_population_af_reverse_bridge_r085	EAS	neutral	0	2026083685	25	paper_frac_posterior_mean_below	local_100kb	20000	0.069090909091000005	0.19533969232404283	40	0.20000000000000001
eas_neutral_exact_population_af_reverse_bridge_r085	EAS	neutral	0	2026083685	25	paper_frac_posterior_mean_below	local_100kb	30000	0.12789802789900001	0.19533969232404283	40	0.20000000000000001
eas_neutral_exact_population_af_reverse_bridge_r085	EAS	neutral	0	2026083685	25	paper_frac_posterior_mean_below	local_100kb	40000	0.17500721500999999	0.19533969232404283	40	0.20000000000000001
eas_neutral_exact_population_af_reverse_bridge_r085	EAS	neutral	0	2026083685	25	paper_frac_posterior_mean_below	local_100kb	50000	0.21409331408999999	0.19533969232404283	40	0.20000000000000001
eas_neutral_exact_population_af_reverse_bridge_r086	EAS	neutral	0	2026083686	25	mean_p_tmrca_lt	focal	1000	0.0091573578420000006	0.19533969232404283	47	0.23499999999999999
eas_neutral_exact_population_af_reverse_bridge_r086	EAS	neutral	0	2026083686	25	mean_p_tmrca_lt	focal	4500	0.03792192262	0.19533969232404283	47	0.23499999999999999
eas_neutral_exact_population_af_reverse_bridge_r086	EAS	neutral	0	2026083686	25	mean_p_tmrca_lt	focal	10000	0.074465301289999994	0.19533969232404283	47	0.23499999999999999
eas_neutral_exact_population_af_reverse_bridge_r086	EAS	neutral	0	2026083686	25	mean_p_tmrca_lt	focal	20000	0.1227962811	0.19533969232404283	47	0.23499999999999999
eas_neutral_exact_population_af_reverse_bridge_r086	EAS	neutral	0	2026083686	25	mean_p_tmrca_lt	focal	30000	0.1575053106	0.19533969232404283	47	0.23499999999999999
eas_neutral_exact_population_af_reverse_bridge_r086	EAS	neutral	0	2026083686	25	mean_p_tmrca_lt	focal	40000	0.1848548143	0.19533969232404283	47	0.23499999999999999
eas_neutral_exact_population_af_reverse_bridge_r086	EAS	neutral	0	2026083686	25	mean_p_tmrca_lt	focal	50000	0.20786347860000001	0.19533969232404283	47	0.23499999999999999
eas_neutral_exact_population_af_reverse_bridge_r086	EAS	neutral	0	2026083686	25	mean_p_tmrca_lt	local_100kb	1000	0.0110243300586	0.19533969232404283	47	0.23499999999999999
eas_neutral_exact_population_af_reverse_bridge_r086	EAS	neutral	0	2026083686	25	mean_p_tmrca_lt	local_100kb	4500	0.046690718467099997	0.19533969232404283	47	0.23499999999999999
eas_neutral_exact_population_af_reverse_bridge_r086	EAS	neutral	0	2026083686	25	mean_p_tmrca_lt	local_100kb	10000	0.094626850972899995	0.19533969232404283	47	0.23499999999999999
eas_neutral_exact_population_af_reverse_bridge_r086	EAS	neutral	0	2026083686	25	mean_p_tmrca_lt	local_100kb	20000	0.16372461205200001	0.19533969232404283	47	0.23499999999999999
eas_neutral_exact_population_af_reverse_bridge_r086	EAS	neutral	0	2026083686	25	mean_p_tmrca_lt	local_100kb	30000	0.217889796533	0.19533969232404283	47	0.23499999999999999
eas_neutral_exact_population_af_reverse_bridge_r086	EAS	neutral	0	2026083686	25	mean_p_tmrca_lt	local_100kb	40000	0.26278589748999998	0.19533969232404283	47	0.23499999999999999
eas_neutral_exact_population_af_reverse_bridge_r086	EAS	neutral	0	2026083686	25	mean_p_tmrca_lt	local_100kb	50000	0.30140681301	0.19533969232404283	47	0.23499999999999999
eas_neutral_exact_population_af_reverse_bridge_r086	EAS	neutral	0	2026083686	25	paper_frac_posterior_mean_below	focal	1000	0.00080808080809999998	0.19533969232404283	47	0.23499999999999999
eas_neutral_exact_population_af_reverse_bridge_r086	EAS	neutral	0	2026083686	25	paper_frac_posterior_mean_below	focal	4500	0.003838383838	0.19533969232404283	47	0.23499999999999999
eas_neutral_exact_population_af_reverse_bridge_r086	EAS	neutral	0	2026083686	25	paper_frac_posterior_mean_below	focal	10000	0.024646464650000002	0.19533969232404283	47	0.23499999999999999
eas_neutral_exact_population_af_reverse_bridge_r086	EAS	neutral	0	2026083686	25	paper_frac_posterior_mean_below	focal	20000	0.083030303030000002	0.19533969232404283	47	0.23499999999999999
eas_neutral_exact_population_af_reverse_bridge_r086	EAS	neutral	0	2026083686	25	paper_frac_posterior_mean_below	focal	30000	0.11252525250000001	0.19533969232404283	47	0.23499999999999999
eas_neutral_exact_population_af_reverse_bridge_r086	EAS	neutral	0	2026083686	25	paper_frac_posterior_mean_below	focal	40000	0.1397979798	0.19533969232404283	47	0.23499999999999999
eas_neutral_exact_population_af_reverse_bridge_r086	EAS	neutral	0	2026083686	25	paper_frac_posterior_mean_below	focal	50000	0.17232323229999999	0.19533969232404283	47	0.23499999999999999
eas_neutral_exact_population_af_reverse_bridge_r086	EAS	neutral	0	2026083686	25	paper_frac_posterior_mean_below	local_100kb	1000	0.000827320827329	0.19533969232404283	47	0.23499999999999999
eas_neutral_exact_population_af_reverse_bridge_r086	EAS	neutral	0	2026083686	25	paper_frac_posterior_mean_below	local_100kb	4500	0.0043193843190999998	0.19533969232404283	47	0.23499999999999999
eas_neutral_exact_population_af_reverse_bridge_r086	EAS	neutral	0	2026083686	25	paper_frac_posterior_mean_below	local_100kb	10000	0.024963924963300001	0.19533969232404283	47	0.23499999999999999
eas_neutral_exact_population_af_reverse_bridge_r086	EAS	neutral	0	2026083686	25	paper_frac_posterior_mean_below	local_100kb	20000	0.082626262626700003	0.19533969232404283	47	0.23499999999999999
eas_neutral_exact_population_af_reverse_bridge_r086	EAS	neutral	0	2026083686	25	paper_frac_posterior_mean_below	local_100kb	30000	0.13074555074700001	0.19533969232404283	47	0.23499999999999999
eas_neutral_exact_population_af_reverse_bridge_r086	EAS	neutral	0	2026083686	25	paper_frac_posterior_mean_below	local_100kb	40000	0.16460798460500001	0.19533969232404283	47	0.23499999999999999
eas_neutral_exact_population_af_reverse_bridge_r086	EAS	neutral	0	2026083686	25	paper_frac_posterior_mean_below	local_100kb	50000	0.204694564681	0.19533969232404283	47	0.23499999999999999
eas_neutral_exact_population_af_reverse_bridge_r087	EAS	neutral	0	2026083687	25	mean_p_tmrca_lt	focal	1000	0.015661795990000001	0.19533969232404283	44	0.22
eas_neutral_exact_population_af_reverse_bridge_r087	EAS	neutral	0	2026083687	25	mean_p_tmrca_lt	focal	4500	0.066080210900000005	0.19533969232404283	44	0.22
eas_neutral_exact_population_af_reverse_bridge_r087	EAS	neutral	0	2026083687	25	mean_p_tmrca_lt	focal	10000	0.13149798530000001	0.19533969232404283	44	0.22
eas_neutral_exact_population_af_reverse_bridge_r087	EAS	neutral	0	2026083687	25	mean_p_tmrca_lt	focal	20000	0.21695057409999999	0.19533969232404283	44	0.22
eas_neutral_exact_population_af_reverse_bridge_r087	EAS	neutral	0	2026083687	25	mean_p_tmrca_lt	focal	30000	0.27406551140000002	0.19533969232404283	44	0.22
eas_neutral_exact_population_af_reverse_bridge_r087	EAS	neutral	0	2026083687	25	mean_p_tmrca_lt	focal	40000	0.31376494630000001	0.19533969232404283	44	0.22
eas_neutral_exact_population_af_reverse_bridge_r087	EAS	neutral	0	2026083687	25	mean_p_tmrca_lt	focal	50000	0.34238899750000001	0.19533969232404283	44	0.22
eas_neutral_exact_population_af_reverse_bridge_r087	EAS	neutral	0	2026083687	25	mean_p_tmrca_lt	local_100kb	1000	0.013730326700700001	0.19533969232404283	44	0.22
eas_neutral_exact_population_af_reverse_bridge_r087	EAS	neutral	0	2026083687	25	mean_p_tmrca_lt	local_100kb	4500	0.058678337117600003	0.19533969232404283	44	0.22
eas_neutral_exact_population_af_reverse_bridge_r087	EAS	neutral	0	2026083687	25	mean_p_tmrca_lt	local_100kb	10000	0.119709497932	0.19533969232404283	44	0.22
eas_neutral_exact_population_af_reverse_bridge_r087	EAS	neutral	0	2026083687	25	mean_p_tmrca_lt	local_100kb	20000	0.206411052495	0.19533969232404283	44	0.22
eas_neutral_exact_population_af_reverse_bridge_r087	EAS	neutral	0	2026083687	25	mean_p_tmrca_lt	local_100kb	30000	0.271638549738	0.19533969232404283	44	0.22
eas_neutral_exact_population_af_reverse_bridge_r087	EAS	neutral	0	2026083687	25	mean_p_tmrca_lt	local_100kb	40000	0.32274225131000001	0.19533969232404283	44	0.22
eas_neutral_exact_population_af_reverse_bridge_r087	EAS	neutral	0	2026083687	25	mean_p_tmrca_lt	local_100kb	50000	0.36413842539000002	0.19533969232404283	44	0.22
eas_neutral_exact_population_af_reverse_bridge_r087	EAS	neutral	0	2026083687	25	paper_frac_posterior_mean_below	focal	1000	0.00080808080809999998	0.19533969232404283	44	0.22
eas_neutral_exact_population_af_reverse_bridge_r087	EAS	neutral	0	2026083687	25	paper_frac_posterior_mean_below	focal	4500	0.0054545454550000002	0.19533969232404283	44	0.22
eas_neutral_exact_population_af_reverse_bridge_r087	EAS	neutral	0	2026083687	25	paper_frac_posterior_mean_below	focal	10000	0.031717171719999999	0.19533969232404283	44	0.22
eas_neutral_exact_population_af_reverse_bridge_r087	EAS	neutral	0	2026083687	25	paper_frac_posterior_mean_below	focal	20000	0.1418181818	0.19533969232404283	44	0.22
eas_neutral_exact_population_af_reverse_bridge_r087	EAS	neutral	0	2026083687	25	paper_frac_posterior_mean_below	focal	30000	0.23696969700000001	0.19533969232404283	44	0.22
eas_neutral_exact_population_af_reverse_bridge_r087	EAS	neutral	0	2026083687	25	paper_frac_posterior_mean_below	focal	40000	0.29272727269999999	0.19533969232404283	44	0.22
eas_neutral_exact_population_af_reverse_bridge_r087	EAS	neutral	0	2026083687	25	paper_frac_posterior_mean_below	focal	50000	0.33757575760000003	0.19533969232404283	44	0.22
eas_neutral_exact_population_af_reverse_bridge_r087	EAS	neutral	0	2026083687	25	paper_frac_posterior_mean_below	local_100kb	1000	0.00080808080809999998	0.19533969232404283	44	0.22
eas_neutral_exact_population_af_reverse_bridge_r087	EAS	neutral	0	2026083687	25	paper_frac_posterior_mean_below	local_100kb	4500	0.0055796055795700001	0.19533969232404283	44	0.22
eas_neutral_exact_population_af_reverse_bridge_r087	EAS	neutral	0	2026083687	25	paper_frac_posterior_mean_below	local_100kb	10000	0.026541606541899999	0.19533969232404283	44	0.22
eas_neutral_exact_population_af_reverse_bridge_r087	EAS	neutral	0	2026083687	25	paper_frac_posterior_mean_below	local_100kb	20000	0.107272727278	0.19533969232404283	44	0.22
eas_neutral_exact_population_af_reverse_bridge_r087	EAS	neutral	0	2026083687	25	paper_frac_posterior_mean_below	local_100kb	30000	0.18891774891300001	0.19533969232404283	44	0.22
eas_neutral_exact_population_af_reverse_bridge_r087	EAS	neutral	0	2026083687	25	paper_frac_posterior_mean_below	local_100kb	40000	0.25246753246699999	0.19533969232404283	44	0.22
eas_neutral_exact_population_af_reverse_bridge_r087	EAS	neutral	0	2026083687	25	paper_frac_posterior_mean_below	local_100kb	50000	0.31102453103299998	0.19533969232404283	44	0.22
eas_neutral_exact_population_af_reverse_bridge_r088	EAS	neutral	0	2026083688	25	mean_p_tmrca_lt	focal	1000	0.011335685490000001	0.19533969232404283	35	0.17499999999999999
eas_neutral_exact_population_af_reverse_bridge_r088	EAS	neutral	0	2026083688	25	mean_p_tmrca_lt	focal	4500	0.046926375319999998	0.19533969232404283	35	0.17499999999999999
eas_neutral_exact_population_af_reverse_bridge_r088	EAS	neutral	0	2026083688	25	mean_p_tmrca_lt	focal	10000	0.0927048709	0.19533969232404283	35	0.17499999999999999
eas_neutral_exact_population_af_reverse_bridge_r088	EAS	neutral	0	2026083688	25	mean_p_tmrca_lt	focal	20000	0.1514397851	0.19533969232404283	35	0.17499999999999999
eas_neutral_exact_population_af_reverse_bridge_r088	EAS	neutral	0	2026083688	25	mean_p_tmrca_lt	focal	30000	0.19066996510000001	0.19533969232404283	35	0.17499999999999999
eas_neutral_exact_population_af_reverse_bridge_r088	EAS	neutral	0	2026083688	25	mean_p_tmrca_lt	focal	40000	0.21854938290000001	0.19533969232404283	35	0.17499999999999999
eas_neutral_exact_population_af_reverse_bridge_r088	EAS	neutral	0	2026083688	25	mean_p_tmrca_lt	focal	50000	0.2394740782	0.19533969232404283	35	0.17499999999999999
eas_neutral_exact_population_af_reverse_bridge_r088	EAS	neutral	0	2026083688	25	mean_p_tmrca_lt	local_100kb	1000	0.01090004912	0.19533969232404283	35	0.17499999999999999
eas_neutral_exact_population_af_reverse_bridge_r088	EAS	neutral	0	2026083688	25	mean_p_tmrca_lt	local_100kb	4500	0.046614265367600001	0.19533969232404283	35	0.17499999999999999
eas_neutral_exact_population_af_reverse_bridge_r088	EAS	neutral	0	2026083688	25	mean_p_tmrca_lt	local_100kb	10000	0.096083613560000003	0.19533969232404283	35	0.17499999999999999
eas_neutral_exact_population_af_reverse_bridge_r088	EAS	neutral	0	2026083688	25	mean_p_tmrca_lt	local_100kb	20000	0.167484015505	0.19533969232404283	35	0.17499999999999999
eas_neutral_exact_population_af_reverse_bridge_r088	EAS	neutral	0	2026083688	25	mean_p_tmrca_lt	local_100kb	30000	0.222294691081	0.19533969232404283	35	0.17499999999999999
eas_neutral_exact_population_af_reverse_bridge_r088	EAS	neutral	0	2026083688	25	mean_p_tmrca_lt	local_100kb	40000	0.2661900385	0.19533969232404283	35	0.17499999999999999
eas_neutral_exact_population_af_reverse_bridge_r088	EAS	neutral	0	2026083688	25	mean_p_tmrca_lt	local_100kb	50000	0.30254653827599998	0.19533969232404283	35	0.17499999999999999
eas_neutral_exact_population_af_reverse_bridge_r088	EAS	neutral	0	2026083688	25	paper_frac_posterior_mean_below	focal	1000	0.00101010101	0.19533969232404283	35	0.17499999999999999
eas_neutral_exact_population_af_reverse_bridge_r088	EAS	neutral	0	2026083688	25	paper_frac_posterior_mean_below	focal	4500	0.0040404040399999999	0.19533969232404283	35	0.17499999999999999
eas_neutral_exact_population_af_reverse_bridge_r088	EAS	neutral	0	2026083688	25	paper_frac_posterior_mean_below	focal	10000	0.021818181820000001	0.19533969232404283	35	0.17499999999999999
eas_neutral_exact_population_af_reverse_bridge_r088	EAS	neutral	0	2026083688	25	paper_frac_posterior_mean_below	focal	20000	0.10848484849999999	0.19533969232404283	35	0.17499999999999999
eas_neutral_exact_population_af_reverse_bridge_r088	EAS	neutral	0	2026083688	25	paper_frac_posterior_mean_below	focal	30000	0.16141414139999999	0.19533969232404283	35	0.17499999999999999
eas_neutral_exact_population_af_reverse_bridge_r088	EAS	neutral	0	2026083688	25	paper_frac_posterior_mean_below	focal	40000	0.1872727273	0.19533969232404283	35	0.17499999999999999
eas_neutral_exact_population_af_reverse_bridge_r088	EAS	neutral	0	2026083688	25	paper_frac_posterior_mean_below	focal	50000	0.20202020200000001	0.19533969232404283	35	0.17499999999999999
eas_neutral_exact_population_af_reverse_bridge_r088	EAS	neutral	0	2026083688	25	paper_frac_posterior_mean_below	local_100kb	1000	0.00101010101	0.19533969232404283	35	0.17499999999999999
eas_neutral_exact_population_af_reverse_bridge_r088	EAS	neutral	0	2026083688	25	paper_frac_posterior_mean_below	local_100kb	4500	0.00474266474248	0.19533969232404283	35	0.17499999999999999
eas_neutral_exact_population_af_reverse_bridge_r088	EAS	neutral	0	2026083688	25	paper_frac_posterior_mean_below	local_100kb	10000	0.021115921115200002	0.19533969232404283	35	0.17499999999999999
eas_neutral_exact_population_af_reverse_bridge_r088	EAS	neutral	0	2026083688	25	paper_frac_posterior_mean_below	local_100kb	20000	0.0806926406905	0.19533969232404283	35	0.17499999999999999
eas_neutral_exact_population_af_reverse_bridge_r088	EAS	neutral	0	2026083688	25	paper_frac_posterior_mean_below	local_100kb	30000	0.14053872053899999	0.19533969232404283	35	0.17499999999999999
eas_neutral_exact_population_af_reverse_bridge_r088	EAS	neutral	0	2026083688	25	paper_frac_posterior_mean_below	local_100kb	40000	0.19350649350499999	0.19533969232404283	35	0.17499999999999999
eas_neutral_exact_population_af_reverse_bridge_r088	EAS	neutral	0	2026083688	25	paper_frac_posterior_mean_below	local_100kb	50000	0.23316979316700001	0.19533969232404283	35	0.17499999999999999
eas_neutral_exact_population_af_reverse_bridge_r089	EAS	neutral	0	2026083689	25	mean_p_tmrca_lt	focal	1000	0.01362359676	0.19533969232404283	33	0.16500000000000001
eas_neutral_exact_population_af_reverse_bridge_r089	EAS	neutral	0	2026083689	25	mean_p_tmrca_lt	focal	4500	0.05385526358	0.19533969232404283	33	0.16500000000000001
eas_neutral_exact_population_af_reverse_bridge_r089	EAS	neutral	0	2026083689	25	mean_p_tmrca_lt	focal	10000	0.1034908947	0.19533969232404283	33	0.16500000000000001
eas_neutral_exact_population_af_reverse_bridge_r089	EAS	neutral	0	2026083689	25	mean_p_tmrca_lt	focal	20000	0.16763092060000001	0.19533969232404283	33	0.16500000000000001
eas_neutral_exact_population_af_reverse_bridge_r089	EAS	neutral	0	2026083689	25	mean_p_tmrca_lt	focal	30000	0.21206826749999999	0.19533969232404283	33	0.16500000000000001
eas_neutral_exact_population_af_reverse_bridge_r089	EAS	neutral	0	2026083689	25	mean_p_tmrca_lt	focal	40000	0.24565620090000001	0.19533969232404283	33	0.16500000000000001
eas_neutral_exact_population_af_reverse_bridge_r089	EAS	neutral	0	2026083689	25	mean_p_tmrca_lt	focal	50000	0.27291008449999998	0.19533969232404283	33	0.16500000000000001
eas_neutral_exact_population_af_reverse_bridge_r089	EAS	neutral	0	2026083689	25	mean_p_tmrca_lt	local_100kb	1000	0.0125652617931	0.19533969232404283	33	0.16500000000000001
eas_neutral_exact_population_af_reverse_bridge_r089	EAS	neutral	0	2026083689	25	mean_p_tmrca_lt	local_100kb	4500	0.0512046204433	0.19533969232404283	33	0.16500000000000001
eas_neutral_exact_population_af_reverse_bridge_r089	EAS	neutral	0	2026083689	25	mean_p_tmrca_lt	local_100kb	10000	0.102505963421	0.19533969232404283	33	0.16500000000000001
eas_neutral_exact_population_af_reverse_bridge_r089	EAS	neutral	0	2026083689	25	mean_p_tmrca_lt	local_100kb	20000	0.175475206838	0.19533969232404283	33	0.16500000000000001
eas_neutral_exact_population_af_reverse_bridge_r089	EAS	neutral	0	2026083689	25	mean_p_tmrca_lt	local_100kb	30000	0.23091378752399999	0.19533969232404283	33	0.16500000000000001
eas_neutral_exact_population_af_reverse_bridge_r089	EAS	neutral	0	2026083689	25	mean_p_tmrca_lt	local_100kb	40000	0.27519133655700001	0.19533969232404283	33	0.16500000000000001
eas_neutral_exact_population_af_reverse_bridge_r089	EAS	neutral	0	2026083689	25	mean_p_tmrca_lt	local_100kb	50000	0.31200962019	0.19533969232404283	33	0.16500000000000001
eas_neutral_exact_population_af_reverse_bridge_r089	EAS	neutral	0	2026083689	25	paper_frac_posterior_mean_below	focal	1000	0.0014141414139999999	0.19533969232404283	33	0.16500000000000001
eas_neutral_exact_population_af_reverse_bridge_r089	EAS	neutral	0	2026083689	25	paper_frac_posterior_mean_below	focal	4500	0.0072727272729999999	0.19533969232404283	33	0.16500000000000001
eas_neutral_exact_population_af_reverse_bridge_r089	EAS	neutral	0	2026083689	25	paper_frac_posterior_mean_below	focal	10000	0.029494949489999998	0.19533969232404283	33	0.16500000000000001
eas_neutral_exact_population_af_reverse_bridge_r089	EAS	neutral	0	2026083689	25	paper_frac_posterior_mean_below	focal	20000	0.1177777778	0.19533969232404283	33	0.16500000000000001
eas_neutral_exact_population_af_reverse_bridge_r089	EAS	neutral	0	2026083689	25	paper_frac_posterior_mean_below	focal	30000	0.18545454550000001	0.19533969232404283	33	0.16500000000000001
eas_neutral_exact_population_af_reverse_bridge_r089	EAS	neutral	0	2026083689	25	paper_frac_posterior_mean_below	focal	40000	0.20808080809999999	0.19533969232404283	33	0.16500000000000001
eas_neutral_exact_population_af_reverse_bridge_r089	EAS	neutral	0	2026083689	25	paper_frac_posterior_mean_below	focal	50000	0.21898989899999999	0.19533969232404283	33	0.16500000000000001
eas_neutral_exact_population_af_reverse_bridge_r089	EAS	neutral	0	2026083689	25	paper_frac_posterior_mean_below	local_100kb	1000	0.0013371813370499999	0.19533969232404283	33	0.16500000000000001
eas_neutral_exact_population_af_reverse_bridge_r089	EAS	neutral	0	2026083689	25	paper_frac_posterior_mean_below	local_100kb	4500	0.00700336700367	0.19533969232404283	33	0.16500000000000001
eas_neutral_exact_population_af_reverse_bridge_r089	EAS	neutral	0	2026083689	25	paper_frac_posterior_mean_below	local_100kb	10000	0.026358826357100001	0.19533969232404283	33	0.16500000000000001
eas_neutral_exact_population_af_reverse_bridge_r089	EAS	neutral	0	2026083689	25	paper_frac_posterior_mean_below	local_100kb	20000	0.099961519962400006	0.19533969232404283	33	0.16500000000000001
eas_neutral_exact_population_af_reverse_bridge_r089	EAS	neutral	0	2026083689	25	paper_frac_posterior_mean_below	local_100kb	30000	0.15818181819499999	0.19533969232404283	33	0.16500000000000001
eas_neutral_exact_population_af_reverse_bridge_r089	EAS	neutral	0	2026083689	25	paper_frac_posterior_mean_below	local_100kb	40000	0.20299182298599999	0.19533969232404283	33	0.16500000000000001
eas_neutral_exact_population_af_reverse_bridge_r089	EAS	neutral	0	2026083689	25	paper_frac_posterior_mean_below	local_100kb	50000	0.23521885521399999	0.19533969232404283	33	0.16500000000000001
eas_neutral_exact_population_af_reverse_bridge_r090	EAS	neutral	0	2026083690	25	mean_p_tmrca_lt	focal	1000	0.0086580753719999997	0.19533969232404283	42	0.20999999999999999
eas_neutral_exact_population_af_reverse_bridge_r090	EAS	neutral	0	2026083690	25	mean_p_tmrca_lt	focal	4500	0.038618109679999998	0.19533969232404283	42	0.20999999999999999
eas_neutral_exact_population_af_reverse_bridge_r090	EAS	neutral	0	2026083690	25	mean_p_tmrca_lt	focal	10000	0.080442000829999999	0.19533969232404283	42	0.20999999999999999
eas_neutral_exact_population_af_reverse_bridge_r090	EAS	neutral	0	2026083690	25	mean_p_tmrca_lt	focal	20000	0.14299217019999999	0.19533969232404283	42	0.20999999999999999
eas_neutral_exact_population_af_reverse_bridge_r090	EAS	neutral	0	2026083690	25	mean_p_tmrca_lt	focal	30000	0.1931983283	0.19533969232404283	42	0.20999999999999999
eas_neutral_exact_population_af_reverse_bridge_r090	EAS	neutral	0	2026083690	25	mean_p_tmrca_lt	focal	40000	0.23486512330000001	0.19533969232404283	42	0.20999999999999999
eas_neutral_exact_population_af_reverse_bridge_r090	EAS	neutral	0	2026083690	25	mean_p_tmrca_lt	focal	50000	0.27035342769999998	0.19533969232404283	42	0.20999999999999999
eas_neutral_exact_population_af_reverse_bridge_r090	EAS	neutral	0	2026083690	25	mean_p_tmrca_lt	local_100kb	1000	0.0094574532069999998	0.19533969232404283	42	0.20999999999999999
eas_neutral_exact_population_af_reverse_bridge_r090	EAS	neutral	0	2026083690	25	mean_p_tmrca_lt	local_100kb	4500	0.043193302501899997	0.19533969232404283	42	0.20999999999999999
eas_neutral_exact_population_af_reverse_bridge_r090	EAS	neutral	0	2026083690	25	mean_p_tmrca_lt	local_100kb	10000	0.090594676503800001	0.19533969232404283	42	0.20999999999999999
eas_neutral_exact_population_af_reverse_bridge_r090	EAS	neutral	0	2026083690	25	mean_p_tmrca_lt	local_100kb	20000	0.15953774872400001	0.19533969232404283	42	0.20999999999999999
eas_neutral_exact_population_af_reverse_bridge_r090	EAS	neutral	0	2026083690	25	mean_p_tmrca_lt	local_100kb	30000	0.21221479684299999	0.19533969232404283	42	0.20999999999999999
eas_neutral_exact_population_af_reverse_bridge_r090	EAS	neutral	0	2026083690	25	mean_p_tmrca_lt	local_100kb	40000	0.253998568767	0.19533969232404283	42	0.20999999999999999
eas_neutral_exact_population_af_reverse_bridge_r090	EAS	neutral	0	2026083690	25	mean_p_tmrca_lt	local_100kb	50000	0.28823645231900002	0.19533969232404283	42	0.20999999999999999
eas_neutral_exact_population_af_reverse_bridge_r090	EAS	neutral	0	2026083690	25	paper_frac_posterior_mean_below	focal	1000	0.000202020202	0.19533969232404283	42	0.20999999999999999
eas_neutral_exact_population_af_reverse_bridge_r090	EAS	neutral	0	2026083690	25	paper_frac_posterior_mean_below	focal	4500	0.0028282828279999998	0.19533969232404283	42	0.20999999999999999
eas_neutral_exact_population_af_reverse_bridge_r090	EAS	neutral	0	2026083690	25	paper_frac_posterior_mean_below	focal	10000	0.02121212121	0.19533969232404283	42	0.20999999999999999
eas_neutral_exact_population_af_reverse_bridge_r090	EAS	neutral	0	2026083690	25	paper_frac_posterior_mean_below	focal	20000	0.079595959600000002	0.19533969232404283	42	0.20999999999999999
eas_neutral_exact_population_af_reverse_bridge_r090	EAS	neutral	0	2026083690	25	paper_frac_posterior_mean_below	focal	30000	0.12787878790000001	0.19533969232404283	42	0.20999999999999999
eas_neutral_exact_population_af_reverse_bridge_r090	EAS	neutral	0	2026083690	25	paper_frac_posterior_mean_below	focal	40000	0.1591919192	0.19533969232404283	42	0.20999999999999999
eas_neutral_exact_population_af_reverse_bridge_r090	EAS	neutral	0	2026083690	25	paper_frac_posterior_mean_below	focal	50000	0.19232323230000001	0.19533969232404283	42	0.20999999999999999
eas_neutral_exact_population_af_reverse_bridge_r090	EAS	neutral	0	2026083690	25	paper_frac_posterior_mean_below	local_100kb	1000	0.000115440115429	0.19533969232404283	42	0.20999999999999999
eas_neutral_exact_population_af_reverse_bridge_r090	EAS	neutral	0	2026083690	25	paper_frac_posterior_mean_below	local_100kb	4500	0.0027032227029500002	0.19533969232404283	42	0.20999999999999999
eas_neutral_exact_population_af_reverse_bridge_r090	EAS	neutral	0	2026083690	25	paper_frac_posterior_mean_below	local_100kb	10000	0.020788840788100001	0.19533969232404283	42	0.20999999999999999
eas_neutral_exact_population_af_reverse_bridge_r090	EAS	neutral	0	2026083690	25	paper_frac_posterior_mean_below	local_100kb	20000	0.080779220781900002	0.19533969232404283	42	0.20999999999999999
eas_neutral_exact_population_af_reverse_bridge_r090	EAS	neutral	0	2026083690	25	paper_frac_posterior_mean_below	local_100kb	30000	0.138855218852	0.19533969232404283	42	0.20999999999999999
eas_neutral_exact_population_af_reverse_bridge_r090	EAS	neutral	0	2026083690	25	paper_frac_posterior_mean_below	local_100kb	40000	0.18269360270000001	0.19533969232404283	42	0.20999999999999999
eas_neutral_exact_population_af_reverse_bridge_r090	EAS	neutral	0	2026083690	25	paper_frac_posterior_mean_below	local_100kb	50000	0.226185666181	0.19533969232404283	42	0.20999999999999999
eas_neutral_exact_population_af_reverse_bridge_r091	EAS	neutral	0	2026083691	25	mean_p_tmrca_lt	focal	1000	0.0077328759550000003	0.19533969232404283	36	0.17999999999999999
eas_neutral_exact_population_af_reverse_bridge_r091	EAS	neutral	0	2026083691	25	mean_p_tmrca_lt	focal	4500	0.034987888440000003	0.19533969232404283	36	0.17999999999999999
eas_neutral_exact_population_af_reverse_bridge_r091	EAS	neutral	0	2026083691	25	mean_p_tmrca_lt	focal	10000	0.07439489011	0.19533969232404283	36	0.17999999999999999
eas_neutral_exact_population_af_reverse_bridge_r091	EAS	neutral	0	2026083691	25	mean_p_tmrca_lt	focal	20000	0.1334341272	0.19533969232404283	36	0.17999999999999999
eas_neutral_exact_population_af_reverse_bridge_r091	EAS	neutral	0	2026083691	25	mean_p_tmrca_lt	focal	30000	0.1801475743	0.19533969232404283	36	0.17999999999999999
eas_neutral_exact_population_af_reverse_bridge_r091	EAS	neutral	0	2026083691	25	mean_p_tmrca_lt	focal	40000	0.2189380239	0.19533969232404283	36	0.17999999999999999
eas_neutral_exact_population_af_reverse_bridge_r091	EAS	neutral	0	2026083691	25	mean_p_tmrca_lt	focal	50000	0.25246729620000002	0.19533969232404283	36	0.17999999999999999
eas_neutral_exact_population_af_reverse_bridge_r091	EAS	neutral	0	2026083691	25	mean_p_tmrca_lt	local_100kb	1000	0.010024821468199999	0.19533969232404283	36	0.17999999999999999
eas_neutral_exact_population_af_reverse_bridge_r091	EAS	neutral	0	2026083691	25	mean_p_tmrca_lt	local_100kb	4500	0.044875399330000003	0.19533969232404283	36	0.17999999999999999
eas_neutral_exact_population_af_reverse_bridge_r091	EAS	neutral	0	2026083691	25	mean_p_tmrca_lt	local_100kb	10000	0.094422434815200004	0.19533969232404283	36	0.17999999999999999
eas_neutral_exact_population_af_reverse_bridge_r091	EAS	neutral	0	2026083691	25	mean_p_tmrca_lt	local_100kb	20000	0.167967721786	0.19533969232404283	36	0.17999999999999999
eas_neutral_exact_population_af_reverse_bridge_r091	EAS	neutral	0	2026083691	25	mean_p_tmrca_lt	local_100kb	30000	0.22535030475699999	0.19533969232404283	36	0.17999999999999999
eas_neutral_exact_population_af_reverse_bridge_r091	EAS	neutral	0	2026083691	25	mean_p_tmrca_lt	local_100kb	40000	0.271698814362	0.19533969232404283	36	0.17999999999999999
eas_neutral_exact_population_af_reverse_bridge_r091	EAS	neutral	0	2026083691	25	mean_p_tmrca_lt	local_100kb	50000	0.31033484258600003	0.19533969232404283	36	0.17999999999999999
eas_neutral_exact_population_af_reverse_bridge_r091	EAS	neutral	0	2026083691	25	paper_frac_posterior_mean_below	focal	1000	0.0006060606061	0.19533969232404283	36	0.17999999999999999
eas_neutral_exact_population_af_reverse_bridge_r091	EAS	neutral	0	2026083691	25	paper_frac_posterior_mean_below	focal	4500	0.0036363636360000002	0.19533969232404283	36	0.17999999999999999
eas_neutral_exact_population_af_reverse_bridge_r091	EAS	neutral	0	2026083691	25	paper_frac_posterior_mean_below	focal	10000	0.01777777778	0.19533969232404283	36	0.17999999999999999
eas_neutral_exact_population_af_reverse_bridge_r091	EAS	neutral	0	2026083691	25	paper_frac_posterior_mean_below	focal	20000	0.079191919190000001	0.19533969232404283	36	0.17999999999999999
eas_neutral_exact_population_af_reverse_bridge_r091	EAS	neutral	0	2026083691	25	paper_frac_posterior_mean_below	focal	30000	0.1329292929	0.19533969232404283	36	0.17999999999999999
eas_neutral_exact_population_af_reverse_bridge_r091	EAS	neutral	0	2026083691	25	paper_frac_posterior_mean_below	focal	40000	0.164040404	0.19533969232404283	36	0.17999999999999999
eas_neutral_exact_population_af_reverse_bridge_r091	EAS	neutral	0	2026083691	25	paper_frac_posterior_mean_below	focal	50000	0.19252525249999999	0.19533969232404283	36	0.17999999999999999
eas_neutral_exact_population_af_reverse_bridge_r091	EAS	neutral	0	2026083691	25	paper_frac_posterior_mean_below	local_100kb	1000	0.0006060606061	0.19533969232404283	36	0.17999999999999999
eas_neutral_exact_population_af_reverse_bridge_r091	EAS	neutral	0	2026083691	25	paper_frac_posterior_mean_below	local_100kb	4500	0.00381914381876	0.19533969232404283	36	0.17999999999999999
eas_neutral_exact_population_af_reverse_bridge_r091	EAS	neutral	0	2026083691	25	paper_frac_posterior_mean_below	local_100kb	10000	0.0205868205867	0.19533969232404283	36	0.17999999999999999
eas_neutral_exact_population_af_reverse_bridge_r091	EAS	neutral	0	2026083691	25	paper_frac_posterior_mean_below	local_100kb	20000	0.080942760943799999	0.19533969232404283	36	0.17999999999999999
eas_neutral_exact_population_af_reverse_bridge_r091	EAS	neutral	0	2026083691	25	paper_frac_posterior_mean_below	local_100kb	30000	0.14304954304600001	0.19533969232404283	36	0.17999999999999999
eas_neutral_exact_population_af_reverse_bridge_r091	EAS	neutral	0	2026083691	25	paper_frac_posterior_mean_below	local_100kb	40000	0.19549783549999999	0.19533969232404283	36	0.17999999999999999
eas_neutral_exact_population_af_reverse_bridge_r091	EAS	neutral	0	2026083691	25	paper_frac_posterior_mean_below	local_100kb	50000	0.23375661375199999	0.19533969232404283	36	0.17999999999999999
eas_neutral_exact_population_af_reverse_bridge_r092	EAS	neutral	0	2026083692	25	mean_p_tmrca_lt	focal	1000	0.015862455429999998	0.19533969232404283	36	0.17999999999999999
eas_neutral_exact_population_af_reverse_bridge_r092	EAS	neutral	0	2026083692	25	mean_p_tmrca_lt	focal	4500	0.068447779680000001	0.19533969232404283	36	0.17999999999999999
eas_neutral_exact_population_af_reverse_bridge_r092	EAS	neutral	0	2026083692	25	mean_p_tmrca_lt	focal	10000	0.14119886130000001	0.19533969232404283	36	0.17999999999999999
eas_neutral_exact_population_af_reverse_bridge_r092	EAS	neutral	0	2026083692	25	mean_p_tmrca_lt	focal	20000	0.24849455779999999	0.19533969232404283	36	0.17999999999999999
eas_neutral_exact_population_af_reverse_bridge_r092	EAS	neutral	0	2026083692	25	mean_p_tmrca_lt	focal	30000	0.3316413647	0.19533969232404283	36	0.17999999999999999
eas_neutral_exact_population_af_reverse_bridge_r092	EAS	neutral	0	2026083692	25	mean_p_tmrca_lt	focal	40000	0.3971519422	0.19533969232404283	36	0.17999999999999999
eas_neutral_exact_population_af_reverse_bridge_r092	EAS	neutral	0	2026083692	25	mean_p_tmrca_lt	focal	50000	0.44946470859999998	0.19533969232404283	36	0.17999999999999999
eas_neutral_exact_population_af_reverse_bridge_r092	EAS	neutral	0	2026083692	25	mean_p_tmrca_lt	local_100kb	1000	0.013905972628499999	0.19533969232404283	36	0.17999999999999999
eas_neutral_exact_population_af_reverse_bridge_r092	EAS	neutral	0	2026083692	25	mean_p_tmrca_lt	local_100kb	4500	0.0601325427424	0.19533969232404283	36	0.17999999999999999
eas_neutral_exact_population_af_reverse_bridge_r092	EAS	neutral	0	2026083692	25	mean_p_tmrca_lt	local_100kb	10000	0.12337779125999999	0.19533969232404283	36	0.17999999999999999
eas_neutral_exact_population_af_reverse_bridge_r092	EAS	neutral	0	2026083692	25	mean_p_tmrca_lt	local_100kb	20000	0.21558300015199999	0.19533969232404283	36	0.17999999999999999
eas_neutral_exact_population_af_reverse_bridge_r092	EAS	neutral	0	2026083692	25	mean_p_tmrca_lt	local_100kb	30000	0.286975136676	0.19533969232404283	36	0.17999999999999999
eas_neutral_exact_population_af_reverse_bridge_r092	EAS	neutral	0	2026083692	25	mean_p_tmrca_lt	local_100kb	40000	0.34389998910000003	0.19533969232404283	36	0.17999999999999999
eas_neutral_exact_population_af_reverse_bridge_r092	EAS	neutral	0	2026083692	25	mean_p_tmrca_lt	local_100kb	50000	0.39032902242900003	0.19533969232404283	36	0.17999999999999999
eas_neutral_exact_population_af_reverse_bridge_r092	EAS	neutral	0	2026083692	25	paper_frac_posterior_mean_below	focal	1000	0.000404040404	0.19533969232404283	36	0.17999999999999999
eas_neutral_exact_population_af_reverse_bridge_r092	EAS	neutral	0	2026083692	25	paper_frac_posterior_mean_below	focal	4500	0.0060606060609999998	0.19533969232404283	36	0.17999999999999999
eas_neutral_exact_population_af_reverse_bridge_r092	EAS	neutral	0	2026083692	25	paper_frac_posterior_mean_below	focal	10000	0.024646464650000002	0.19533969232404283	36	0.17999999999999999
eas_neutral_exact_population_af_reverse_bridge_r092	EAS	neutral	0	2026083692	25	paper_frac_posterior_mean_below	focal	20000	0.083434343430000002	0.19533969232404283	36	0.17999999999999999
eas_neutral_exact_population_af_reverse_bridge_r092	EAS	neutral	0	2026083692	25	paper_frac_posterior_mean_below	focal	30000	0.16505050509999999	0.19533969232404283	36	0.17999999999999999
eas_neutral_exact_population_af_reverse_bridge_r092	EAS	neutral	0	2026083692	25	paper_frac_posterior_mean_below	focal	40000	0.25979797980000002	0.19533969232404283	36	0.17999999999999999
eas_neutral_exact_population_af_reverse_bridge_r092	EAS	neutral	0	2026083692	25	paper_frac_posterior_mean_below	focal	50000	0.3517171717	0.19533969232404283	36	0.17999999999999999
eas_neutral_exact_population_af_reverse_bridge_r092	EAS	neutral	0	2026083692	25	paper_frac_posterior_mean_below	local_100kb	1000	0.00034632034628599999	0.19533969232404283	36	0.17999999999999999
eas_neutral_exact_population_af_reverse_bridge_r092	EAS	neutral	0	2026083692	25	paper_frac_posterior_mean_below	local_100kb	4500	0.0059644059647600001	0.19533969232404283	36	0.17999999999999999
eas_neutral_exact_population_af_reverse_bridge_r092	EAS	neutral	0	2026083692	25	paper_frac_posterior_mean_below	local_100kb	10000	0.025743145742400001	0.19533969232404283	36	0.17999999999999999
eas_neutral_exact_population_af_reverse_bridge_r092	EAS	neutral	0	2026083692	25	paper_frac_posterior_mean_below	local_100kb	20000	0.093083213079500002	0.19533969232404283	36	0.17999999999999999
eas_neutral_exact_population_af_reverse_bridge_r092	EAS	neutral	0	2026083692	25	paper_frac_posterior_mean_below	local_100kb	30000	0.171390091385	0.19533969232404283	36	0.17999999999999999
eas_neutral_exact_population_af_reverse_bridge_r092	EAS	neutral	0	2026083692	25	paper_frac_posterior_mean_below	local_100kb	40000	0.23770081770000001	0.19533969232404283	36	0.17999999999999999
eas_neutral_exact_population_af_reverse_bridge_r092	EAS	neutral	0	2026083692	25	paper_frac_posterior_mean_below	local_100kb	50000	0.30514670514800002	0.19533969232404283	36	0.17999999999999999
eas_neutral_exact_population_af_reverse_bridge_r093	EAS	neutral	0	2026083693	25	mean_p_tmrca_lt	focal	1000	0.0077586333099999997	0.19533969232404283	45	0.22500000000000001
eas_neutral_exact_population_af_reverse_bridge_r093	EAS	neutral	0	2026083693	25	mean_p_tmrca_lt	focal	4500	0.032610135030000001	0.19533969232404283	45	0.22500000000000001
eas_neutral_exact_population_af_reverse_bridge_r093	EAS	neutral	0	2026083693	25	mean_p_tmrca_lt	focal	10000	0.067867257319999999	0.19533969232404283	45	0.22500000000000001
eas_neutral_exact_population_af_reverse_bridge_r093	EAS	neutral	0	2026083693	25	mean_p_tmrca_lt	focal	20000	0.1176134283	0.19533969232404283	45	0.22500000000000001
eas_neutral_exact_population_af_reverse_bridge_r093	EAS	neutral	0	2026083693	25	mean_p_tmrca_lt	focal	30000	0.1547989239	0.19533969232404283	45	0.22500000000000001
eas_neutral_exact_population_af_reverse_bridge_r093	EAS	neutral	0	2026083693	25	mean_p_tmrca_lt	focal	40000	0.18512750459999999	0.19533969232404283	45	0.22500000000000001
eas_neutral_exact_population_af_reverse_bridge_r093	EAS	neutral	0	2026083693	25	mean_p_tmrca_lt	focal	50000	0.21156545979999999	0.19533969232404283	45	0.22500000000000001
eas_neutral_exact_population_af_reverse_bridge_r093	EAS	neutral	0	2026083693	25	mean_p_tmrca_lt	local_100kb	1000	0.010879097918500001	0.19533969232404283	45	0.22500000000000001
eas_neutral_exact_population_af_reverse_bridge_r093	EAS	neutral	0	2026083693	25	mean_p_tmrca_lt	local_100kb	4500	0.045773543340999999	0.19533969232404283	45	0.22500000000000001
eas_neutral_exact_population_af_reverse_bridge_r093	EAS	neutral	0	2026083693	25	mean_p_tmrca_lt	local_100kb	10000	0.093751328250000002	0.19533969232404283	45	0.22500000000000001
eas_neutral_exact_population_af_reverse_bridge_r093	EAS	neutral	0	2026083693	25	mean_p_tmrca_lt	local_100kb	20000	0.163518129471	0.19533969232404283	45	0.22500000000000001
eas_neutral_exact_population_af_reverse_bridge_r093	EAS	neutral	0	2026083693	25	mean_p_tmrca_lt	local_100kb	30000	0.21849699509000001	0.19533969232404283	45	0.22500000000000001
eas_neutral_exact_population_af_reverse_bridge_r093	EAS	neutral	0	2026083693	25	mean_p_tmrca_lt	local_100kb	40000	0.26400521540499999	0.19533969232404283	45	0.22500000000000001
eas_neutral_exact_population_af_reverse_bridge_r093	EAS	neutral	0	2026083693	25	mean_p_tmrca_lt	local_100kb	50000	0.30286774714800002	0.19533969232404283	45	0.22500000000000001
eas_neutral_exact_population_af_reverse_bridge_r093	EAS	neutral	0	2026083693	25	paper_frac_posterior_mean_below	focal	1000	0.0012121212120000001	0.19533969232404283	45	0.22500000000000001
eas_neutral_exact_population_af_reverse_bridge_r093	EAS	neutral	0	2026083693	25	paper_frac_posterior_mean_below	focal	4500	0.0040404040399999999	0.19533969232404283	45	0.22500000000000001
eas_neutral_exact_population_af_reverse_bridge_r093	EAS	neutral	0	2026083693	25	paper_frac_posterior_mean_below	focal	10000	0.021616161620000001	0.19533969232404283	45	0.22500000000000001
eas_neutral_exact_population_af_reverse_bridge_r093	EAS	neutral	0	2026083693	25	paper_frac_posterior_mean_below	focal	20000	0.080202020200000002	0.19533969232404283	45	0.22500000000000001
eas_neutral_exact_population_af_reverse_bridge_r093	EAS	neutral	0	2026083693	25	paper_frac_posterior_mean_below	focal	30000	0.11232323230000001	0.19533969232404283	45	0.22500000000000001
eas_neutral_exact_population_af_reverse_bridge_r093	EAS	neutral	0	2026083693	25	paper_frac_posterior_mean_below	focal	40000	0.14565656569999999	0.19533969232404283	45	0.22500000000000001
eas_neutral_exact_population_af_reverse_bridge_r093	EAS	neutral	0	2026083693	25	paper_frac_posterior_mean_below	focal	50000	0.164040404	0.19533969232404283	45	0.22500000000000001
eas_neutral_exact_population_af_reverse_bridge_r093	EAS	neutral	0	2026083693	25	paper_frac_posterior_mean_below	local_100kb	1000	0.0012121212120000001	0.19533969232404283	45	0.22500000000000001
eas_neutral_exact_population_af_reverse_bridge_r093	EAS	neutral	0	2026083693	25	paper_frac_posterior_mean_below	local_100kb	4500	0.0046464646463300003	0.19533969232404283	45	0.22500000000000001
eas_neutral_exact_population_af_reverse_bridge_r093	EAS	neutral	0	2026083693	25	paper_frac_posterior_mean_below	local_100kb	10000	0.0255507455524	0.19533969232404283	45	0.22500000000000001
eas_neutral_exact_population_af_reverse_bridge_r093	EAS	neutral	0	2026083693	25	paper_frac_posterior_mean_below	local_100kb	20000	0.079278499279000006	0.19533969232404283	45	0.22500000000000001
eas_neutral_exact_population_af_reverse_bridge_r093	EAS	neutral	0	2026083693	25	paper_frac_posterior_mean_below	local_100kb	30000	0.12332852332499999	0.19533969232404283	45	0.22500000000000001
eas_neutral_exact_population_af_reverse_bridge_r093	EAS	neutral	0	2026083693	25	paper_frac_posterior_mean_below	local_100kb	40000	0.16620490621	0.19533969232404283	45	0.22500000000000001
eas_neutral_exact_population_af_reverse_bridge_r093	EAS	neutral	0	2026083693	25	paper_frac_posterior_mean_below	local_100kb	50000	0.20611832611399999	0.19533969232404283	45	0.22500000000000001
eas_neutral_exact_population_af_reverse_bridge_r094	EAS	neutral	0	2026083694	25	mean_p_tmrca_lt	focal	1000	0.011029075419999999	0.19533969232404283	48	0.23999999999999999
eas_neutral_exact_population_af_reverse_bridge_r094	EAS	neutral	0	2026083694	25	mean_p_tmrca_lt	focal	4500	0.04747687749	0.19533969232404283	48	0.23999999999999999
eas_neutral_exact_population_af_reverse_bridge_r094	EAS	neutral	0	2026083694	25	mean_p_tmrca_lt	focal	10000	0.094777008570000001	0.19533969232404283	48	0.23999999999999999
eas_neutral_exact_population_af_reverse_bridge_r094	EAS	neutral	0	2026083694	25	mean_p_tmrca_lt	focal	20000	0.15881316240000001	0.19533969232404283	48	0.23999999999999999
eas_neutral_exact_population_af_reverse_bridge_r094	EAS	neutral	0	2026083694	25	mean_p_tmrca_lt	focal	30000	0.20492292670000001	0.19533969232404283	48	0.23999999999999999
eas_neutral_exact_population_af_reverse_bridge_r094	EAS	neutral	0	2026083694	25	mean_p_tmrca_lt	focal	40000	0.23993734159999999	0.19533969232404283	48	0.23999999999999999
eas_neutral_exact_population_af_reverse_bridge_r094	EAS	neutral	0	2026083694	25	mean_p_tmrca_lt	focal	50000	0.26762407900000001	0.19533969232404283	48	0.23999999999999999
eas_neutral_exact_population_af_reverse_bridge_r094	EAS	neutral	0	2026083694	25	mean_p_tmrca_lt	local_100kb	1000	0.010585111181200001	0.19533969232404283	48	0.23999999999999999
eas_neutral_exact_population_af_reverse_bridge_r094	EAS	neutral	0	2026083694	25	mean_p_tmrca_lt	local_100kb	4500	0.044803116414799997	0.19533969232404283	48	0.23999999999999999
eas_neutral_exact_population_af_reverse_bridge_r094	EAS	neutral	0	2026083694	25	mean_p_tmrca_lt	local_100kb	10000	0.088689565872399997	0.19533969232404283	48	0.23999999999999999
eas_neutral_exact_population_af_reverse_bridge_r094	EAS	neutral	0	2026083694	25	mean_p_tmrca_lt	local_100kb	20000	0.14807853209999999	0.19533969232404283	48	0.23999999999999999
eas_neutral_exact_population_af_reverse_bridge_r094	EAS	neutral	0	2026083694	25	mean_p_tmrca_lt	local_100kb	30000	0.19155636052399999	0.19533969232404283	48	0.23999999999999999
eas_neutral_exact_population_af_reverse_bridge_r094	EAS	neutral	0	2026083694	25	mean_p_tmrca_lt	local_100kb	40000	0.22571323652399999	0.19533969232404283	48	0.23999999999999999
eas_neutral_exact_population_af_reverse_bridge_r094	EAS	neutral	0	2026083694	25	mean_p_tmrca_lt	local_100kb	50000	0.25395691417600003	0.19533969232404283	48	0.23999999999999999
eas_neutral_exact_population_af_reverse_bridge_r094	EAS	neutral	0	2026083694	25	paper_frac_posterior_mean_below	focal	1000	0.000202020202	0.19533969232404283	48	0.23999999999999999
eas_neutral_exact_population_af_reverse_bridge_r094	EAS	neutral	0	2026083694	25	paper_frac_posterior_mean_below	focal	4500	0.0042424242419999997	0.19533969232404283	48	0.23999999999999999
eas_neutral_exact_population_af_reverse_bridge_r094	EAS	neutral	0	2026083694	25	paper_frac_posterior_mean_below	focal	10000	0.028282828279999998	0.19533969232404283	48	0.23999999999999999
eas_neutral_exact_population_af_reverse_bridge_r094	EAS	neutral	0	2026083694	25	paper_frac_posterior_mean_below	focal	20000	0.1050505051	0.19533969232404283	48	0.23999999999999999
eas_neutral_exact_population_af_reverse_bridge_r094	EAS	neutral	0	2026083694	25	paper_frac_posterior_mean_below	focal	30000	0.15292929290000001	0.19533969232404283	48	0.23999999999999999
eas_neutral_exact_population_af_reverse_bridge_r094	EAS	neutral	0	2026083694	25	paper_frac_posterior_mean_below	focal	40000	0.19414141409999999	0.19533969232404283	48	0.23999999999999999
eas_neutral_exact_population_af_reverse_bridge_r094	EAS	neutral	0	2026083694	25	paper_frac_posterior_mean_below	focal	50000	0.23030303029999999	0.19533969232404283	48	0.23999999999999999
eas_neutral_exact_population_af_reverse_bridge_r094	EAS	neutral	0	2026083694	25	paper_frac_posterior_mean_below	local_100kb	1000	0.000202020202	0.19533969232404283	48	0.23999999999999999
eas_neutral_exact_population_af_reverse_bridge_r094	EAS	neutral	0	2026083694	25	paper_frac_posterior_mean_below	local_100kb	4500	0.0040788840784799999	0.19533969232404283	48	0.23999999999999999
eas_neutral_exact_population_af_reverse_bridge_r094	EAS	neutral	0	2026083694	25	paper_frac_posterior_mean_below	local_100kb	10000	0.028051948051	0.19533969232404283	48	0.23999999999999999
eas_neutral_exact_population_af_reverse_bridge_r094	EAS	neutral	0	2026083694	25	paper_frac_posterior_mean_below	local_100kb	20000	0.088513708516199996	0.19533969232404283	48	0.23999999999999999
eas_neutral_exact_population_af_reverse_bridge_r094	EAS	neutral	0	2026083694	25	paper_frac_posterior_mean_below	local_100kb	30000	0.13486291486999999	0.19533969232404283	48	0.23999999999999999
eas_neutral_exact_population_af_reverse_bridge_r094	EAS	neutral	0	2026083694	25	paper_frac_posterior_mean_below	local_100kb	40000	0.17395863396200001	0.19533969232404283	48	0.23999999999999999
eas_neutral_exact_population_af_reverse_bridge_r094	EAS	neutral	0	2026083694	25	paper_frac_posterior_mean_below	local_100kb	50000	0.203174603186	0.19533969232404283	48	0.23999999999999999
eas_neutral_exact_population_af_reverse_bridge_r095	EAS	neutral	0	2026083695	25	mean_p_tmrca_lt	focal	1000	0.01242587853	0.19533969232404283	32	0.16
eas_neutral_exact_population_af_reverse_bridge_r095	EAS	neutral	0	2026083695	25	mean_p_tmrca_lt	focal	4500	0.055964389439999998	0.19533969232404283	32	0.16
eas_neutral_exact_population_af_reverse_bridge_r095	EAS	neutral	0	2026083695	25	mean_p_tmrca_lt	focal	10000	0.1170642318	0.19533969232404283	32	0.16
eas_neutral_exact_population_af_reverse_bridge_r095	EAS	neutral	0	2026083695	25	mean_p_tmrca_lt	focal	20000	0.2041069304	0.19533969232404283	32	0.16
eas_neutral_exact_population_af_reverse_bridge_r095	EAS	neutral	0	2026083695	25	mean_p_tmrca_lt	focal	30000	0.26847771040000001	0.19533969232404283	32	0.16
eas_neutral_exact_population_af_reverse_bridge_r095	EAS	neutral	0	2026083695	25	mean_p_tmrca_lt	focal	40000	0.31816496119999998	0.19533969232404283	32	0.16
eas_neutral_exact_population_af_reverse_bridge_r095	EAS	neutral	0	2026083695	25	mean_p_tmrca_lt	focal	50000	0.35810140109999999	0.19533969232404283	32	0.16
eas_neutral_exact_population_af_reverse_bridge_r095	EAS	neutral	0	2026083695	25	mean_p_tmrca_lt	local_100kb	1000	0.0110067528689	0.19533969232404283	32	0.16
eas_neutral_exact_population_af_reverse_bridge_r095	EAS	neutral	0	2026083695	25	mean_p_tmrca_lt	local_100kb	4500	0.047950680630999998	0.19533969232404283	32	0.16
eas_neutral_exact_population_af_reverse_bridge_r095	EAS	neutral	0	2026083695	25	mean_p_tmrca_lt	local_100kb	10000	0.098382866171000005	0.19533969232404283	32	0.16
eas_neutral_exact_population_af_reverse_bridge_r095	EAS	neutral	0	2026083695	25	mean_p_tmrca_lt	local_100kb	20000	0.16956450198799999	0.19533969232404283	32	0.16
eas_neutral_exact_population_af_reverse_bridge_r095	EAS	neutral	0	2026083695	25	mean_p_tmrca_lt	local_100kb	30000	0.22264397928599999	0.19533969232404283	32	0.16
eas_neutral_exact_population_af_reverse_bridge_r095	EAS	neutral	0	2026083695	25	mean_p_tmrca_lt	local_100kb	40000	0.26423748820499998	0.19533969232404283	32	0.16
eas_neutral_exact_population_af_reverse_bridge_r095	EAS	neutral	0	2026083695	25	mean_p_tmrca_lt	local_100kb	50000	0.29818286235199998	0.19533969232404283	32	0.16
eas_neutral_exact_population_af_reverse_bridge_r095	EAS	neutral	0	2026083695	25	paper_frac_posterior_mean_below	focal	1000	0.000404040404	0.19533969232404283	32	0.16
eas_neutral_exact_population_af_reverse_bridge_r095	EAS	neutral	0	2026083695	25	paper_frac_posterior_mean_below	focal	4500	0.002626262626	0.19533969232404283	32	0.16
eas_neutral_exact_population_af_reverse_bridge_r095	EAS	neutral	0	2026083695	25	paper_frac_posterior_mean_below	focal	10000	0.01838383838	0.19533969232404283	32	0.16
eas_neutral_exact_population_af_reverse_bridge_r095	EAS	neutral	0	2026083695	25	paper_frac_posterior_mean_below	focal	20000	0.11353535350000001	0.19533969232404283	32	0.16
eas_neutral_exact_population_af_reverse_bridge_r095	EAS	neutral	0	2026083695	25	paper_frac_posterior_mean_below	focal	30000	0.18666666670000001	0.19533969232404283	32	0.16
eas_neutral_exact_population_af_reverse_bridge_r095	EAS	neutral	0	2026083695	25	paper_frac_posterior_mean_below	focal	40000	0.23232323229999999	0.19533969232404283	32	0.16
eas_neutral_exact_population_af_reverse_bridge_r095	EAS	neutral	0	2026083695	25	paper_frac_posterior_mean_below	focal	50000	0.2771717172	0.19533969232404283	32	0.16
eas_neutral_exact_population_af_reverse_bridge_r095	EAS	neutral	0	2026083695	25	paper_frac_posterior_mean_below	local_100kb	1000	0.00039442039438100001	0.19533969232404283	32	0.16
eas_neutral_exact_population_af_reverse_bridge_r095	EAS	neutral	0	2026083695	25	paper_frac_posterior_mean_below	local_100kb	4500	0.0031553631550500002	0.19533969232404283	32	0.16
eas_neutral_exact_population_af_reverse_bridge_r095	EAS	neutral	0	2026083695	25	paper_frac_posterior_mean_below	local_100kb	10000	0.024607984607100002	0.19533969232404283	32	0.16
eas_neutral_exact_population_af_reverse_bridge_r095	EAS	neutral	0	2026083695	25	paper_frac_posterior_mean_below	local_100kb	20000	0.093083213078999999	0.19533969232404283	32	0.16
eas_neutral_exact_population_af_reverse_bridge_r095	EAS	neutral	0	2026083695	25	paper_frac_posterior_mean_below	local_100kb	30000	0.15828763828100001	0.19533969232404283	32	0.16
eas_neutral_exact_population_af_reverse_bridge_r095	EAS	neutral	0	2026083695	25	paper_frac_posterior_mean_below	local_100kb	40000	0.20281866281899999	0.19533969232404283	32	0.16
eas_neutral_exact_population_af_reverse_bridge_r095	EAS	neutral	0	2026083695	25	paper_frac_posterior_mean_below	local_100kb	50000	0.24357864358600001	0.19533969232404283	32	0.16
eas_neutral_exact_population_af_reverse_bridge_r096	EAS	neutral	0	2026083696	25	mean_p_tmrca_lt	focal	1000	0.0068320516869999999	0.19533969232404283	33	0.16500000000000001
eas_neutral_exact_population_af_reverse_bridge_r096	EAS	neutral	0	2026083696	25	mean_p_tmrca_lt	focal	4500	0.027474035099999999	0.19533969232404283	33	0.16500000000000001
eas_neutral_exact_population_af_reverse_bridge_r096	EAS	neutral	0	2026083696	25	mean_p_tmrca_lt	focal	10000	0.053150536880000002	0.19533969232404283	33	0.16500000000000001
eas_neutral_exact_population_af_reverse_bridge_r096	EAS	neutral	0	2026083696	25	mean_p_tmrca_lt	focal	20000	0.086885888319999993	0.19533969232404283	33	0.16500000000000001
eas_neutral_exact_population_af_reverse_bridge_r096	EAS	neutral	0	2026083696	25	mean_p_tmrca_lt	focal	30000	0.1112661155	0.19533969232404283	33	0.16500000000000001
eas_neutral_exact_population_af_reverse_bridge_r096	EAS	neutral	0	2026083696	25	mean_p_tmrca_lt	focal	40000	0.13033353440000001	0.19533969232404283	33	0.16500000000000001
eas_neutral_exact_population_af_reverse_bridge_r096	EAS	neutral	0	2026083696	25	mean_p_tmrca_lt	focal	50000	0.14596529790000001	0.19533969232404283	33	0.16500000000000001
eas_neutral_exact_population_af_reverse_bridge_r096	EAS	neutral	0	2026083696	25	mean_p_tmrca_lt	local_100kb	1000	0.0094493415714300005	0.19533969232404283	33	0.16500000000000001
eas_neutral_exact_population_af_reverse_bridge_r096	EAS	neutral	0	2026083696	25	mean_p_tmrca_lt	local_100kb	4500	0.038230698487600002	0.19533969232404283	33	0.16500000000000001
eas_neutral_exact_population_af_reverse_bridge_r096	EAS	neutral	0	2026083696	25	mean_p_tmrca_lt	local_100kb	10000	0.074344537101000002	0.19533969232404283	33	0.16500000000000001
eas_neutral_exact_population_af_reverse_bridge_r096	EAS	neutral	0	2026083696	25	mean_p_tmrca_lt	local_100kb	20000	0.123368912394	0.19533969232404283	33	0.16500000000000001
eas_neutral_exact_population_af_reverse_bridge_r096	EAS	neutral	0	2026083696	25	mean_p_tmrca_lt	local_100kb	30000	0.16033940217100001	0.19533969232404283	33	0.16500000000000001
eas_neutral_exact_population_af_reverse_bridge_r096	EAS	neutral	0	2026083696	25	mean_p_tmrca_lt	local_100kb	40000	0.19047248489499999	0.19533969232404283	33	0.16500000000000001
eas_neutral_exact_population_af_reverse_bridge_r096	EAS	neutral	0	2026083696	25	mean_p_tmrca_lt	local_100kb	50000	0.21624063214299999	0.19533969232404283	33	0.16500000000000001
eas_neutral_exact_population_af_reverse_bridge_r096	EAS	neutral	0	2026083696	25	paper_frac_posterior_mean_below	focal	1000	0.000404040404	0.19533969232404283	33	0.16500000000000001
eas_neutral_exact_population_af_reverse_bridge_r096	EAS	neutral	0	2026083696	25	paper_frac_posterior_mean_below	focal	4500	0.0052525252530000004	0.19533969232404283	33	0.16500000000000001
eas_neutral_exact_population_af_reverse_bridge_r096	EAS	neutral	0	2026083696	25	paper_frac_posterior_mean_below	focal	10000	0.030303030299999999	0.19533969232404283	33	0.16500000000000001
eas_neutral_exact_population_af_reverse_bridge_r096	EAS	neutral	0	2026083696	25	paper_frac_posterior_mean_below	focal	20000	0.057777777779999998	0.19533969232404283	33	0.16500000000000001
eas_neutral_exact_population_af_reverse_bridge_r096	EAS	neutral	0	2026083696	25	paper_frac_posterior_mean_below	focal	30000	0.084646464650000003	0.19533969232404283	33	0.16500000000000001
eas_neutral_exact_population_af_reverse_bridge_r096	EAS	neutral	0	2026083696	25	paper_frac_posterior_mean_below	focal	40000	0.099393939390000005	0.19533969232404283	33	0.16500000000000001
eas_neutral_exact_population_af_reverse_bridge_r096	EAS	neutral	0	2026083696	25	paper_frac_posterior_mean_below	focal	50000	0.12505050509999999	0.19533969232404283	33	0.16500000000000001
eas_neutral_exact_population_af_reverse_bridge_r096	EAS	neutral	0	2026083696	25	paper_frac_posterior_mean_below	local_100kb	1000	0.00048100048098999998	0.19533969232404283	33	0.16500000000000001
eas_neutral_exact_population_af_reverse_bridge_r096	EAS	neutral	0	2026083696	25	paper_frac_posterior_mean_below	local_100kb	4500	0.0055507455511900001	0.19533969232404283	33	0.16500000000000001
eas_neutral_exact_population_af_reverse_bridge_r096	EAS	neutral	0	2026083696	25	paper_frac_posterior_mean_below	local_100kb	10000	0.028773448773300001	0.19533969232404283	33	0.16500000000000001
eas_neutral_exact_population_af_reverse_bridge_r096	EAS	neutral	0	2026083696	25	paper_frac_posterior_mean_below	local_100kb	20000	0.072679172678999995	0.19533969232404283	33	0.16500000000000001
eas_neutral_exact_population_af_reverse_bridge_r096	EAS	neutral	0	2026083696	25	paper_frac_posterior_mean_below	local_100kb	30000	0.10318422318000001	0.19533969232404283	33	0.16500000000000001
eas_neutral_exact_population_af_reverse_bridge_r096	EAS	neutral	0	2026083696	25	paper_frac_posterior_mean_below	local_100kb	40000	0.13010101009899999	0.19533969232404283	33	0.16500000000000001
eas_neutral_exact_population_af_reverse_bridge_r096	EAS	neutral	0	2026083696	25	paper_frac_posterior_mean_below	local_100kb	50000	0.15555555555700001	0.19533969232404283	33	0.16500000000000001
eas_neutral_exact_population_af_reverse_bridge_r097	EAS	neutral	0	2026083697	25	mean_p_tmrca_lt	focal	1000	0.0084705518439999999	0.19533969232404283	0	0
eas_neutral_exact_population_af_reverse_bridge_r097	EAS	neutral	0	2026083697	25	mean_p_tmrca_lt	focal	4500	0.040157264919999998	0.19533969232404283	0	0
eas_neutral_exact_population_af_reverse_bridge_r097	EAS	neutral	0	2026083697	25	mean_p_tmrca_lt	focal	10000	0.085640199089999994	0.19533969232404283	0	0
eas_neutral_exact_population_af_reverse_bridge_r097	EAS	neutral	0	2026083697	25	mean_p_tmrca_lt	focal	20000	0.15119033909999999	0.19533969232404283	0	0
eas_neutral_exact_population_af_reverse_bridge_r097	EAS	neutral	0	2026083697	25	mean_p_tmrca_lt	focal	30000	0.19954925039999999	0.19533969232404283	0	0
eas_neutral_exact_population_af_reverse_bridge_r097	EAS	neutral	0	2026083697	25	mean_p_tmrca_lt	focal	40000	0.2363644821	0.19533969232404283	0	0
eas_neutral_exact_population_af_reverse_bridge_r097	EAS	neutral	0	2026083697	25	mean_p_tmrca_lt	focal	50000	0.26534908550000003	0.19533969232404283	0	0
eas_neutral_exact_population_af_reverse_bridge_r097	EAS	neutral	0	2026083697	25	mean_p_tmrca_lt	local_100kb	1000	0.0129901664244	0.19533969232404283	0	0
eas_neutral_exact_population_af_reverse_bridge_r097	EAS	neutral	0	2026083697	25	mean_p_tmrca_lt	local_100kb	4500	0.059168858270999998	0.19533969232404283	0	0
eas_neutral_exact_population_af_reverse_bridge_r097	EAS	neutral	0	2026083697	25	mean_p_tmrca_lt	local_100kb	10000	0.12257989788900001	0.19533969232404283	0	0
eas_neutral_exact_population_af_reverse_bridge_r097	EAS	neutral	0	2026083697	25	mean_p_tmrca_lt	local_100kb	20000	0.21104067570000001	0.19533969232404283	0	0
eas_neutral_exact_population_af_reverse_bridge_r097	EAS	neutral	0	2026083697	25	mean_p_tmrca_lt	local_100kb	30000	0.27542663695699998	0.19533969232404283	0	0
eas_neutral_exact_population_af_reverse_bridge_r097	EAS	neutral	0	2026083697	25	mean_p_tmrca_lt	local_100kb	40000	0.324691886948	0.19533969232404283	0	0
eas_neutral_exact_population_af_reverse_bridge_r097	EAS	neutral	0	2026083697	25	mean_p_tmrca_lt	local_100kb	50000	0.36411534374299998	0.19533969232404283	0	0
eas_neutral_exact_population_af_reverse_bridge_r097	EAS	neutral	0	2026083697	25	paper_frac_posterior_mean_below	focal	1000	0.000202020202	0.19533969232404283	0	0
eas_neutral_exact_population_af_reverse_bridge_r097	EAS	neutral	0	2026083697	25	paper_frac_posterior_mean_below	focal	4500	0.003232323232	0.19533969232404283	0	0
eas_neutral_exact_population_af_reverse_bridge_r097	EAS	neutral	0	2026083697	25	paper_frac_posterior_mean_below	focal	10000	0.022222222220000001	0.19533969232404283	0	0
eas_neutral_exact_population_af_reverse_bridge_r097	EAS	neutral	0	2026083697	25	paper_frac_posterior_mean_below	focal	20000	0.088282828280000003	0.19533969232404283	0	0
eas_neutral_exact_population_af_reverse_bridge_r097	EAS	neutral	0	2026083697	25	paper_frac_posterior_mean_below	focal	30000	0.14565656569999999	0.19533969232404283	0	0
eas_neutral_exact_population_af_reverse_bridge_r097	EAS	neutral	0	2026083697	25	paper_frac_posterior_mean_below	focal	40000	0.1872727273	0.19533969232404283	0	0
eas_neutral_exact_population_af_reverse_bridge_r097	EAS	neutral	0	2026083697	25	paper_frac_posterior_mean_below	focal	50000	0.2143434343	0.19533969232404283	0	0
eas_neutral_exact_population_af_reverse_bridge_r097	EAS	neutral	0	2026083697	25	paper_frac_posterior_mean_below	local_100kb	1000	0.000202020202	0.19533969232404283	0	0
eas_neutral_exact_population_af_reverse_bridge_r097	EAS	neutral	0	2026083697	25	paper_frac_posterior_mean_below	local_100kb	4500	0.0035113035109500001	0.19533969232404283	0	0
eas_neutral_exact_population_af_reverse_bridge_r097	EAS	neutral	0	2026083697	25	paper_frac_posterior_mean_below	local_100kb	10000	0.027138047139000001	0.19533969232404283	0	0
eas_neutral_exact_population_af_reverse_bridge_r097	EAS	neutral	0	2026083697	25	paper_frac_posterior_mean_below	local_100kb	20000	0.12819624819	0.19533969232404283	0	0
eas_neutral_exact_population_af_reverse_bridge_r097	EAS	neutral	0	2026083697	25	paper_frac_posterior_mean_below	local_100kb	30000	0.198855218852	0.19533969232404283	0	0
eas_neutral_exact_population_af_reverse_bridge_r097	EAS	neutral	0	2026083697	25	paper_frac_posterior_mean_below	local_100kb	40000	0.25462241461399998	0.19533969232404283	0	0
eas_neutral_exact_population_af_reverse_bridge_r097	EAS	neutral	0	2026083697	25	paper_frac_posterior_mean_below	local_100kb	50000	0.30041366041899997	0.19533969232404283	0	0
eas_neutral_exact_population_af_reverse_bridge_r098	EAS	neutral	0	2026083698	25	mean_p_tmrca_lt	focal	1000	0.015608238179999999	0.19533969232404283	43	0.215
eas_neutral_exact_population_af_reverse_bridge_r098	EAS	neutral	0	2026083698	25	mean_p_tmrca_lt	focal	4500	0.077642861480000006	0.19533969232404283	43	0.215
eas_neutral_exact_population_af_reverse_bridge_r098	EAS	neutral	0	2026083698	25	mean_p_tmrca_lt	focal	10000	0.16726801650000001	0.19533969232404283	43	0.215
eas_neutral_exact_population_af_reverse_bridge_r098	EAS	neutral	0	2026083698	25	mean_p_tmrca_lt	focal	20000	0.28994807410000001	0.19533969232404283	43	0.215
eas_neutral_exact_population_af_reverse_bridge_r098	EAS	neutral	0	2026083698	25	mean_p_tmrca_lt	focal	30000	0.3737946412	0.19533969232404283	43	0.215
eas_neutral_exact_population_af_reverse_bridge_r098	EAS	neutral	0	2026083698	25	mean_p_tmrca_lt	focal	40000	0.43325392219999997	0.19533969232404283	43	0.215
eas_neutral_exact_population_af_reverse_bridge_r098	EAS	neutral	0	2026083698	25	mean_p_tmrca_lt	focal	50000	0.47709034379999998	0.19533969232404283	43	0.215
eas_neutral_exact_population_af_reverse_bridge_r098	EAS	neutral	0	2026083698	25	mean_p_tmrca_lt	local_100kb	1000	0.017221757684799999	0.19533969232404283	43	0.215
eas_neutral_exact_population_af_reverse_bridge_r098	EAS	neutral	0	2026083698	25	mean_p_tmrca_lt	local_100kb	4500	0.080586996488099999	0.19533969232404283	43	0.215
eas_neutral_exact_population_af_reverse_bridge_r098	EAS	neutral	0	2026083698	25	mean_p_tmrca_lt	local_100kb	10000	0.17048738004799999	0.19533969232404283	43	0.215
eas_neutral_exact_population_af_reverse_bridge_r098	EAS	neutral	0	2026083698	25	mean_p_tmrca_lt	local_100kb	20000	0.29809423076699998	0.19533969232404283	43	0.215
eas_neutral_exact_population_af_reverse_bridge_r098	EAS	neutral	0	2026083698	25	mean_p_tmrca_lt	local_100kb	30000	0.39138075183299997	0.19533969232404283	43	0.215
eas_neutral_exact_population_af_reverse_bridge_r098	EAS	neutral	0	2026083698	25	mean_p_tmrca_lt	local_100kb	40000	0.46189917162400002	0.19533969232404283	43	0.215
eas_neutral_exact_population_af_reverse_bridge_r098	EAS	neutral	0	2026083698	25	mean_p_tmrca_lt	local_100kb	50000	0.51684341880499995	0.19533969232404283	43	0.215
eas_neutral_exact_population_af_reverse_bridge_r098	EAS	neutral	0	2026083698	25	paper_frac_posterior_mean_below	focal	1000	0.000404040404	0.19533969232404283	43	0.215
eas_neutral_exact_population_af_reverse_bridge_r098	EAS	neutral	0	2026083698	25	paper_frac_posterior_mean_below	focal	4500	0.003232323232	0.19533969232404283	43	0.215
eas_neutral_exact_population_af_reverse_bridge_r098	EAS	neutral	0	2026083698	25	paper_frac_posterior_mean_below	focal	10000	0.044040404040000002	0.19533969232404283	43	0.215
eas_neutral_exact_population_af_reverse_bridge_r098	EAS	neutral	0	2026083698	25	paper_frac_posterior_mean_below	focal	20000	0.1741414141	0.19533969232404283	43	0.215
eas_neutral_exact_population_af_reverse_bridge_r098	EAS	neutral	0	2026083698	25	paper_frac_posterior_mean_below	focal	30000	0.30181818179999997	0.19533969232404283	43	0.215
eas_neutral_exact_population_af_reverse_bridge_r098	EAS	neutral	0	2026083698	25	paper_frac_posterior_mean_below	focal	40000	0.38767676769999998	0.19533969232404283	43	0.215
eas_neutral_exact_population_af_reverse_bridge_r098	EAS	neutral	0	2026083698	25	paper_frac_posterior_mean_below	focal	50000	0.45797979799999999	0.19533969232404283	43	0.215
eas_neutral_exact_population_af_reverse_bridge_r098	EAS	neutral	0	2026083698	25	paper_frac_posterior_mean_below	local_100kb	1000	0.000404040404	0.19533969232404283	43	0.215
eas_neutral_exact_population_af_reverse_bridge_r098	EAS	neutral	0	2026083698	25	paper_frac_posterior_mean_below	local_100kb	4500	0.00331890331857	0.19533969232404283	43	0.215
eas_neutral_exact_population_af_reverse_bridge_r098	EAS	neutral	0	2026083698	25	paper_frac_posterior_mean_below	local_100kb	10000	0.043299663299	0.19533969232404283	43	0.215
eas_neutral_exact_population_af_reverse_bridge_r098	EAS	neutral	0	2026083698	25	paper_frac_posterior_mean_below	local_100kb	20000	0.16380952380899999	0.19533969232404283	43	0.215
eas_neutral_exact_population_af_reverse_bridge_r098	EAS	neutral	0	2026083698	25	paper_frac_posterior_mean_below	local_100kb	30000	0.28308802308600001	0.19533969232404283	43	0.215
eas_neutral_exact_population_af_reverse_bridge_r098	EAS	neutral	0	2026083698	25	paper_frac_posterior_mean_below	local_100kb	40000	0.38642616642900002	0.19533969232404283	43	0.215
eas_neutral_exact_population_af_reverse_bridge_r098	EAS	neutral	0	2026083698	25	paper_frac_posterior_mean_below	local_100kb	50000	0.456209716205	0.19533969232404283	43	0.215
eas_neutral_exact_population_af_reverse_bridge_r099	EAS	neutral	0	2026083699	25	mean_p_tmrca_lt	focal	1000	0.01239209361	0.19533969232404283	42	0.20999999999999999
eas_neutral_exact_population_af_reverse_bridge_r099	EAS	neutral	0	2026083699	25	mean_p_tmrca_lt	focal	4500	0.052518650290000003	0.19533969232404283	42	0.20999999999999999
eas_neutral_exact_population_af_reverse_bridge_r099	EAS	neutral	0	2026083699	25	mean_p_tmrca_lt	focal	10000	0.1074977875	0.19533969232404283	42	0.20999999999999999
eas_neutral_exact_population_af_reverse_bridge_r099	EAS	neutral	0	2026083699	25	mean_p_tmrca_lt	focal	20000	0.1848809048	0.19533969232404283	42	0.20999999999999999
eas_neutral_exact_population_af_reverse_bridge_r099	EAS	neutral	0	2026083699	25	mean_p_tmrca_lt	focal	30000	0.24143317519999999	0.19533969232404283	42	0.20999999999999999
eas_neutral_exact_population_af_reverse_bridge_r099	EAS	neutral	0	2026083699	25	mean_p_tmrca_lt	focal	40000	0.28440642869999999	0.19533969232404283	42	0.20999999999999999
eas_neutral_exact_population_af_reverse_bridge_r099	EAS	neutral	0	2026083699	25	mean_p_tmrca_lt	focal	50000	0.31830422229999999	0.19533969232404283	42	0.20999999999999999
eas_neutral_exact_population_af_reverse_bridge_r099	EAS	neutral	0	2026083699	25	mean_p_tmrca_lt	local_100kb	1000	0.0110389088243	0.19533969232404283	42	0.20999999999999999
eas_neutral_exact_population_af_reverse_bridge_r099	EAS	neutral	0	2026083699	25	mean_p_tmrca_lt	local_100kb	4500	0.046918384062899998	0.19533969232404283	42	0.20999999999999999
eas_neutral_exact_population_af_reverse_bridge_r099	EAS	neutral	0	2026083699	25	mean_p_tmrca_lt	local_100kb	10000	0.097261016191900002	0.19533969232404283	42	0.20999999999999999
eas_neutral_exact_population_af_reverse_bridge_r099	EAS	neutral	0	2026083699	25	mean_p_tmrca_lt	local_100kb	20000	0.171353397952	0.19533969232404283	42	0.20999999999999999
eas_neutral_exact_population_af_reverse_bridge_r099	EAS	neutral	0	2026083699	25	mean_p_tmrca_lt	local_100kb	30000	0.22886393121000001	0.19533969232404283	42	0.20999999999999999
eas_neutral_exact_population_af_reverse_bridge_r099	EAS	neutral	0	2026083699	25	mean_p_tmrca_lt	local_100kb	40000	0.27504186585200002	0.19533969232404283	42	0.20999999999999999
eas_neutral_exact_population_af_reverse_bridge_r099	EAS	neutral	0	2026083699	25	mean_p_tmrca_lt	local_100kb	50000	0.31324471320000002	0.19533969232404283	42	0.20999999999999999
eas_neutral_exact_population_af_reverse_bridge_r099	EAS	neutral	0	2026083699	25	paper_frac_posterior_mean_below	focal	1000	0.0012121212120000001	0.19533969232404283	42	0.20999999999999999
eas_neutral_exact_population_af_reverse_bridge_r099	EAS	neutral	0	2026083699	25	paper_frac_posterior_mean_below	focal	4500	0.0046464646460000003	0.19533969232404283	42	0.20999999999999999
eas_neutral_exact_population_af_reverse_bridge_r099	EAS	neutral	0	2026083699	25	paper_frac_posterior_mean_below	focal	10000	0.022020202020000001	0.19533969232404283	42	0.20999999999999999
eas_neutral_exact_population_af_reverse_bridge_r099	EAS	neutral	0	2026083699	25	paper_frac_posterior_mean_below	focal	20000	0.094949494950000005	0.19533969232404283	42	0.20999999999999999
eas_neutral_exact_population_af_reverse_bridge_r099	EAS	neutral	0	2026083699	25	paper_frac_posterior_mean_below	focal	30000	0.1745454545	0.19533969232404283	42	0.20999999999999999
eas_neutral_exact_population_af_reverse_bridge_r099	EAS	neutral	0	2026083699	25	paper_frac_posterior_mean_below	focal	40000	0.23717171719999999	0.19533969232404283	42	0.20999999999999999
eas_neutral_exact_population_af_reverse_bridge_r099	EAS	neutral	0	2026083699	25	paper_frac_posterior_mean_below	focal	50000	0.26767676769999998	0.19533969232404283	42	0.20999999999999999
eas_neutral_exact_population_af_reverse_bridge_r099	EAS	neutral	0	2026083699	25	paper_frac_posterior_mean_below	local_100kb	1000	0.0011640211639	0.19533969232404283	42	0.20999999999999999
eas_neutral_exact_population_af_reverse_bridge_r099	EAS	neutral	0	2026083699	25	paper_frac_posterior_mean_below	local_100kb	4500	0.0041462241458099999	0.19533969232404283	42	0.20999999999999999
eas_neutral_exact_population_af_reverse_bridge_r099	EAS	neutral	0	2026083699	25	paper_frac_posterior_mean_below	local_100kb	10000	0.018999518999999999	0.19533969232404283	42	0.20999999999999999
eas_neutral_exact_population_af_reverse_bridge_r099	EAS	neutral	0	2026083699	25	paper_frac_posterior_mean_below	local_100kb	20000	0.078662818665200002	0.19533969232404283	42	0.20999999999999999
eas_neutral_exact_population_af_reverse_bridge_r099	EAS	neutral	0	2026083699	25	paper_frac_posterior_mean_below	local_100kb	30000	0.13902837903199999	0.19533969232404283	42	0.20999999999999999
eas_neutral_exact_population_af_reverse_bridge_r099	EAS	neutral	0	2026083699	25	paper_frac_posterior_mean_below	local_100kb	40000	0.187734487743	0.19533969232404283	42	0.20999999999999999
eas_neutral_exact_population_af_reverse_bridge_r099	EAS	neutral	0	2026083699	25	paper_frac_posterior_mean_below	local_100kb	50000	0.24406926407599999	0.19533969232404283	42	0.20999999999999999
eas_selected_s0p01	EAS	selected	0.01	20240524	25	mean_p_tmrca_lt	focal	1000	0.0066330460250000004	0.195339692324	40	0.20000000000000001
eas_selected_s0p01	EAS	selected	0.01	20240524	25	mean_p_tmrca_lt	focal	4500	0.0257927542	0.195339692324	40	0.20000000000000001
eas_selected_s0p01	EAS	selected	0.01	20240524	25	mean_p_tmrca_lt	focal	10000	0.051519526699999998	0.195339692324	40	0.20000000000000001
eas_selected_s0p01	EAS	selected	0.01	20240524	25	mean_p_tmrca_lt	focal	20000	0.091377602069999994	0.195339692324	40	0.20000000000000001
eas_selected_s0p01	EAS	selected	0.01	20240524	25	mean_p_tmrca_lt	focal	30000	0.12762099339999999	0.195339692324	40	0.20000000000000001
eas_selected_s0p01	EAS	selected	0.01	20240524	25	mean_p_tmrca_lt	focal	40000	0.1617895459	0.195339692324	40	0.20000000000000001
eas_selected_s0p01	EAS	selected	0.01	20240524	25	mean_p_tmrca_lt	focal	50000	0.1939294805	0.195339692324	40	0.20000000000000001
eas_selected_s0p01	EAS	selected	0.01	20240524	25	mean_p_tmrca_lt	local_100kb	1000	0.010644495076900001	0.195339692324	40	0.20000000000000001
eas_selected_s0p01	EAS	selected	0.01	20240524	25	mean_p_tmrca_lt	local_100kb	4500	0.044463387968599999	0.195339692324	40	0.20000000000000001
eas_selected_s0p01	EAS	selected	0.01	20240524	25	mean_p_tmrca_lt	local_100kb	10000	0.090839781581899995	0.195339692324	40	0.20000000000000001
eas_selected_s0p01	EAS	selected	0.01	20240524	25	mean_p_tmrca_lt	local_100kb	20000	0.158070725765	0.195339692324	40	0.20000000000000001
eas_selected_s0p01	EAS	selected	0.01	20240524	25	mean_p_tmrca_lt	local_100kb	30000	0.21043675788999999	0.195339692324	40	0.20000000000000001
eas_selected_s0p01	EAS	selected	0.01	20240524	25	mean_p_tmrca_lt	local_100kb	40000	0.25316908928600002	0.195339692324	40	0.20000000000000001
eas_selected_s0p01	EAS	selected	0.01	20240524	25	mean_p_tmrca_lt	local_100kb	50000	0.28925087275200001	0.195339692324	40	0.20000000000000001
eas_selected_s0p01	EAS	selected	0.01	20240524	25	paper_frac_posterior_mean_below	focal	1000	0.0012121212120000001	0.195339692324	40	0.20000000000000001
eas_selected_s0p01	EAS	selected	0.01	20240524	25	paper_frac_posterior_mean_below	focal	4500	0.0036363636360000002	0.195339692324	40	0.20000000000000001
eas_selected_s0p01	EAS	selected	0.01	20240524	25	paper_frac_posterior_mean_below	focal	10000	0.02141414141	0.195339692324	40	0.20000000000000001
eas_selected_s0p01	EAS	selected	0.01	20240524	25	paper_frac_posterior_mean_below	focal	20000	0.048686868690000003	0.195339692324	40	0.20000000000000001
eas_selected_s0p01	EAS	selected	0.01	20240524	25	paper_frac_posterior_mean_below	focal	30000	0.078585858590000002	0.195339692324	40	0.20000000000000001
eas_selected_s0p01	EAS	selected	0.01	20240524	25	paper_frac_posterior_mean_below	focal	40000	0.1064646465	0.195339692324	40	0.20000000000000001
eas_selected_s0p01	EAS	selected	0.01	20240524	25	paper_frac_posterior_mean_below	focal	50000	0.12949494950000001	0.195339692324	40	0.20000000000000001
eas_selected_s0p01	EAS	selected	0.01	20240524	25	paper_frac_posterior_mean_below	local_100kb	1000	0.00113516113505	0.195339692324	40	0.20000000000000001
eas_selected_s0p01	EAS	selected	0.01	20240524	25	paper_frac_posterior_mean_below	local_100kb	4500	0.00390572390533	0.195339692324	40	0.20000000000000001
eas_selected_s0p01	EAS	selected	0.01	20240524	25	paper_frac_posterior_mean_below	local_100kb	10000	0.024348244348099998	0.195339692324	40	0.20000000000000001
eas_selected_s0p01	EAS	selected	0.01	20240524	25	paper_frac_posterior_mean_below	local_100kb	20000	0.080000000006200001	0.195339692324	40	0.20000000000000001
eas_selected_s0p01	EAS	selected	0.01	20240524	25	paper_frac_posterior_mean_below	local_100kb	30000	0.12968734968100001	0.195339692324	40	0.20000000000000001
eas_selected_s0p01	EAS	selected	0.01	20240524	25	paper_frac_posterior_mean_below	local_100kb	40000	0.169350649352	0.195339692324	40	0.20000000000000001
eas_selected_s0p01	EAS	selected	0.01	20240524	25	paper_frac_posterior_mean_below	local_100kb	50000	0.20098124099	0.195339692324	40	0.20000000000000001
han_introgressed_neutral_g645_gate_r000	Han	neutral	0	2026082605	29	mean_p_tmrca_lt	focal	1000	0.01113876594	0.0017695754537899999	0	0
han_introgressed_neutral_g645_gate_r000	Han	neutral	0	2026082605	29	mean_p_tmrca_lt	focal	4500	0.052069192290000003	0.0017695754537899999	0	0
han_introgressed_neutral_g645_gate_r000	Han	neutral	0	2026082605	29	mean_p_tmrca_lt	focal	10000	0.114763374	0.0017695754537899999	0	0
han_introgressed_neutral_g645_gate_r000	Han	neutral	0	2026082605	29	mean_p_tmrca_lt	focal	20000	0.21368975430000001	0.0017695754537899999	0	0
han_introgressed_neutral_g645_gate_r000	Han	neutral	0	2026082605	29	mean_p_tmrca_lt	focal	30000	0.29294185550000001	0.0017695754537899999	0	0
han_introgressed_neutral_g645_gate_r000	Han	neutral	0	2026082605	29	mean_p_tmrca_lt	focal	40000	0.35593784449999999	0.0017695754537899999	0	0
han_introgressed_neutral_g645_gate_r000	Han	neutral	0	2026082605	29	mean_p_tmrca_lt	focal	50000	0.40625399960000003	0.0017695754537899999	0	0
han_introgressed_neutral_g645_gate_r000	Han	neutral	0	2026082605	29	mean_p_tmrca_lt	local_100kb	1000	0.012001498197999999	0.0017695754537899999	0	0
han_introgressed_neutral_g645_gate_r000	Han	neutral	0	2026082605	29	mean_p_tmrca_lt	local_100kb	4500	0.054010104587099997	0.0017695754537899999	0	0
han_introgressed_neutral_g645_gate_r000	Han	neutral	0	2026082605	29	mean_p_tmrca_lt	local_100kb	10000	0.115466809617	0.0017695754537899999	0	0
han_introgressed_neutral_g645_gate_r000	Han	neutral	0	2026082605	29	mean_p_tmrca_lt	local_100kb	20000	0.208483249924	0.0017695754537899999	0	0
han_introgressed_neutral_g645_gate_r000	Han	neutral	0	2026082605	29	mean_p_tmrca_lt	local_100kb	30000	0.28121351238600001	0.0017695754537899999	0	0
han_introgressed_neutral_g645_gate_r000	Han	neutral	0	2026082605	29	mean_p_tmrca_lt	local_100kb	40000	0.339089170981	0.0017695754537899999	0	0
han_introgressed_neutral_g645_gate_r000	Han	neutral	0	2026082605	29	mean_p_tmrca_lt	local_100kb	50000	0.38622419828600002	0.0017695754537899999	0	0
han_introgressed_neutral_g645_gate_r000	Han	neutral	0	2026082605	29	paper_frac_posterior_mean_below	focal	1000	0.00080808080809999998	0.0017695754537899999	0	0
han_introgressed_neutral_g645_gate_r000	Han	neutral	0	2026082605	29	paper_frac_posterior_mean_below	focal	4500	0.0028282828279999998	0.0017695754537899999	0	0
han_introgressed_neutral_g645_gate_r000	Han	neutral	0	2026082605	29	paper_frac_posterior_mean_below	focal	10000	0.01757575758	0.0017695754537899999	0	0
han_introgressed_neutral_g645_gate_r000	Han	neutral	0	2026082605	29	paper_frac_posterior_mean_below	focal	20000	0.081212121210000002	0.0017695754537899999	0	0
han_introgressed_neutral_g645_gate_r000	Han	neutral	0	2026082605	29	paper_frac_posterior_mean_below	focal	30000	0.18505050510000001	0.0017695754537899999	0	0
han_introgressed_neutral_g645_gate_r000	Han	neutral	0	2026082605	29	paper_frac_posterior_mean_below	focal	40000	0.26606060609999999	0.0017695754537899999	0	0
han_introgressed_neutral_g645_gate_r000	Han	neutral	0	2026082605	29	paper_frac_posterior_mean_below	focal	50000	0.33737373739999998	0.0017695754537899999	0	0
han_introgressed_neutral_g645_gate_r000	Han	neutral	0	2026082605	29	paper_frac_posterior_mean_below	local_100kb	1000	0.00080808080809999998	0.0017695754537899999	0	0
han_introgressed_neutral_g645_gate_r000	Han	neutral	0	2026082605	29	paper_frac_posterior_mean_below	local_100kb	4500	0.0028475228472399998	0.0017695754537899999	0	0
han_introgressed_neutral_g645_gate_r000	Han	neutral	0	2026082605	29	paper_frac_posterior_mean_below	local_100kb	10000	0.0183838383848	0.0017695754537899999	0	0
han_introgressed_neutral_g645_gate_r000	Han	neutral	0	2026082605	29	paper_frac_posterior_mean_below	local_100kb	20000	0.090072150067599999	0.0017695754537899999	0	0
han_introgressed_neutral_g645_gate_r000	Han	neutral	0	2026082605	29	paper_frac_posterior_mean_below	local_100kb	30000	0.18667628666200001	0.0017695754537899999	0	0
han_introgressed_neutral_g645_gate_r000	Han	neutral	0	2026082605	29	paper_frac_posterior_mean_below	local_100kb	40000	0.27274651274299999	0.0017695754537899999	0	0
han_introgressed_neutral_g645_gate_r000	Han	neutral	0	2026082605	29	paper_frac_posterior_mean_below	local_100kb	50000	0.33061087061	0.0017695754537899999	0	0
han_introgressed_neutral_g645_gate_r001	Han	neutral	0	2026082614	29	mean_p_tmrca_lt	focal	1000	0.0083527665649999992	0.033599149388600001	9	0.044999999999999998
han_introgressed_neutral_g645_gate_r001	Han	neutral	0	2026082614	29	mean_p_tmrca_lt	focal	4500	0.03962591779	0.033599149388600001	9	0.044999999999999998
han_introgressed_neutral_g645_gate_r001	Han	neutral	0	2026082614	29	mean_p_tmrca_lt	focal	10000	0.085518438419999995	0.033599149388600001	9	0.044999999999999998
han_introgressed_neutral_g645_gate_r001	Han	neutral	0	2026082614	29	mean_p_tmrca_lt	focal	20000	0.15690234519999999	0.033599149388600001	9	0.044999999999999998
han_introgressed_neutral_g645_gate_r001	Han	neutral	0	2026082614	29	mean_p_tmrca_lt	focal	30000	0.21669950700000001	0.033599149388600001	9	0.044999999999999998
han_introgressed_neutral_g645_gate_r001	Han	neutral	0	2026082614	29	mean_p_tmrca_lt	focal	40000	0.26859996530000002	0.033599149388600001	9	0.044999999999999998
han_introgressed_neutral_g645_gate_r001	Han	neutral	0	2026082614	29	mean_p_tmrca_lt	focal	50000	0.31471977579999999	0.033599149388600001	9	0.044999999999999998
han_introgressed_neutral_g645_gate_r001	Han	neutral	0	2026082614	29	mean_p_tmrca_lt	local_100kb	1000	0.0093988729081000005	0.033599149388600001	9	0.044999999999999998
han_introgressed_neutral_g645_gate_r001	Han	neutral	0	2026082614	29	mean_p_tmrca_lt	local_100kb	4500	0.045081760502899998	0.033599149388600001	9	0.044999999999999998
han_introgressed_neutral_g645_gate_r001	Han	neutral	0	2026082614	29	mean_p_tmrca_lt	local_100kb	10000	0.098755598490500002	0.033599149388600001	9	0.044999999999999998
han_introgressed_neutral_g645_gate_r001	Han	neutral	0	2026082614	29	mean_p_tmrca_lt	local_100kb	20000	0.183916441214	0.033599149388600001	9	0.044999999999999998
han_introgressed_neutral_g645_gate_r001	Han	neutral	0	2026082614	29	mean_p_tmrca_lt	local_100kb	30000	0.25489732572399998	0.033599149388600001	9	0.044999999999999998
han_introgressed_neutral_g645_gate_r001	Han	neutral	0	2026082614	29	mean_p_tmrca_lt	local_100kb	40000	0.31508063121899998	0.033599149388600001	9	0.044999999999999998
han_introgressed_neutral_g645_gate_r001	Han	neutral	0	2026082614	29	mean_p_tmrca_lt	local_100kb	50000	0.36705672518100002	0.033599149388600001	9	0.044999999999999998
han_introgressed_neutral_g645_gate_r001	Han	neutral	0	2026082614	29	paper_frac_posterior_mean_below	focal	1000	0	0.033599149388600001	9	0.044999999999999998
han_introgressed_neutral_g645_gate_r001	Han	neutral	0	2026082614	29	paper_frac_posterior_mean_below	focal	4500	0.002626262626	0.033599149388600001	9	0.044999999999999998
han_introgressed_neutral_g645_gate_r001	Han	neutral	0	2026082614	29	paper_frac_posterior_mean_below	focal	10000	0.011919191920000001	0.033599149388600001	9	0.044999999999999998
han_introgressed_neutral_g645_gate_r001	Han	neutral	0	2026082614	29	paper_frac_posterior_mean_below	focal	20000	0.063030303029999998	0.033599149388600001	9	0.044999999999999998
han_introgressed_neutral_g645_gate_r001	Han	neutral	0	2026082614	29	paper_frac_posterior_mean_below	focal	30000	0.1056565657	0.033599149388600001	9	0.044999999999999998
han_introgressed_neutral_g645_gate_r001	Han	neutral	0	2026082614	29	paper_frac_posterior_mean_below	focal	40000	0.14646464649999999	0.033599149388600001	9	0.044999999999999998
han_introgressed_neutral_g645_gate_r001	Han	neutral	0	2026082614	29	paper_frac_posterior_mean_below	focal	50000	0.1767676768	0.033599149388600001	9	0.044999999999999998
han_introgressed_neutral_g645_gate_r001	Han	neutral	0	2026082614	29	paper_frac_posterior_mean_below	local_100kb	1000	0	0.033599149388600001	9	0.044999999999999998
han_introgressed_neutral_g645_gate_r001	Han	neutral	0	2026082614	29	paper_frac_posterior_mean_below	local_100kb	4500	0.0025685425682900002	0.033599149388600001	9	0.044999999999999998
han_introgressed_neutral_g645_gate_r001	Han	neutral	0	2026082614	29	paper_frac_posterior_mean_below	local_100kb	10000	0.0133910533924	0.033599149388600001	9	0.044999999999999998
han_introgressed_neutral_g645_gate_r001	Han	neutral	0	2026082614	29	paper_frac_posterior_mean_below	local_100kb	20000	0.0645598845595	0.033599149388600001	9	0.044999999999999998
han_introgressed_neutral_g645_gate_r001	Han	neutral	0	2026082614	29	paper_frac_posterior_mean_below	local_100kb	30000	0.127542087557	0.033599149388600001	9	0.044999999999999998
han_introgressed_neutral_g645_gate_r001	Han	neutral	0	2026082614	29	paper_frac_posterior_mean_below	local_100kb	40000	0.186714766714	0.033599149388600001	9	0.044999999999999998
han_introgressed_neutral_g645_gate_r001	Han	neutral	0	2026082614	29	paper_frac_posterior_mean_below	local_100kb	50000	0.231678691676	0.033599149388600001	9	0.044999999999999998
han_introgressed_neutral_g645_gate_r002	Han	neutral	0	2026082622	29	mean_p_tmrca_lt	focal	1000	0.006651933768	0.027257537783899999	6	0.029999999999999999
han_introgressed_neutral_g645_gate_r002	Han	neutral	0	2026082622	29	mean_p_tmrca_lt	focal	4500	0.029818985230000001	0.027257537783899999	6	0.029999999999999999
han_introgressed_neutral_g645_gate_r002	Han	neutral	0	2026082622	29	mean_p_tmrca_lt	focal	10000	0.062022306300000003	0.027257537783899999	6	0.029999999999999999
han_introgressed_neutral_g645_gate_r002	Han	neutral	0	2026082622	29	mean_p_tmrca_lt	focal	20000	0.10932824839999999	0.027257537783899999	6	0.029999999999999999
han_introgressed_neutral_g645_gate_r002	Han	neutral	0	2026082622	29	mean_p_tmrca_lt	focal	30000	0.14677267259999999	0.027257537783899999	6	0.029999999999999999
han_introgressed_neutral_g645_gate_r002	Han	neutral	0	2026082622	29	mean_p_tmrca_lt	focal	40000	0.17809684570000001	0.027257537783899999	6	0.029999999999999999
han_introgressed_neutral_g645_gate_r002	Han	neutral	0	2026082622	29	mean_p_tmrca_lt	focal	50000	0.20555847999999999	0.027257537783899999	6	0.029999999999999999
han_introgressed_neutral_g645_gate_r002	Han	neutral	0	2026082622	29	mean_p_tmrca_lt	local_100kb	1000	0.0099567544475700001	0.027257537783899999	6	0.029999999999999999
han_introgressed_neutral_g645_gate_r002	Han	neutral	0	2026082622	29	mean_p_tmrca_lt	local_100kb	4500	0.045489676006199999	0.027257537783899999	6	0.029999999999999999
han_introgressed_neutral_g645_gate_r002	Han	neutral	0	2026082622	29	mean_p_tmrca_lt	local_100kb	10000	0.096969174017099993	0.027257537783899999	6	0.029999999999999999
han_introgressed_neutral_g645_gate_r002	Han	neutral	0	2026082622	29	mean_p_tmrca_lt	local_100kb	20000	0.17656151531	0.027257537783899999	6	0.029999999999999999
han_introgressed_neutral_g645_gate_r002	Han	neutral	0	2026082622	29	mean_p_tmrca_lt	local_100kb	30000	0.24219028866699999	0.027257537783899999	6	0.029999999999999999
han_introgressed_neutral_g645_gate_r002	Han	neutral	0	2026082622	29	mean_p_tmrca_lt	local_100kb	40000	0.29772717878999999	0.027257537783899999	6	0.029999999999999999
han_introgressed_neutral_g645_gate_r002	Han	neutral	0	2026082622	29	mean_p_tmrca_lt	local_100kb	50000	0.34580247332399999	0.027257537783899999	6	0.029999999999999999
han_introgressed_neutral_g645_gate_r002	Han	neutral	0	2026082622	29	paper_frac_posterior_mean_below	focal	1000	0.000202020202	0.027257537783899999	6	0.029999999999999999
han_introgressed_neutral_g645_gate_r002	Han	neutral	0	2026082622	29	paper_frac_posterior_mean_below	focal	4500	0.0020202020199999999	0.027257537783899999	6	0.029999999999999999
han_introgressed_neutral_g645_gate_r002	Han	neutral	0	2026082622	29	paper_frac_posterior_mean_below	focal	10000	0.012727272729999999	0.027257537783899999	6	0.029999999999999999
han_introgressed_neutral_g645_gate_r002	Han	neutral	0	2026082622	29	paper_frac_posterior_mean_below	focal	20000	0.062828282829999998	0.027257537783899999	6	0.029999999999999999
han_introgressed_neutral_g645_gate_r002	Han	neutral	0	2026082622	29	paper_frac_posterior_mean_below	focal	30000	0.094545454550000005	0.027257537783899999	6	0.029999999999999999
han_introgressed_neutral_g645_gate_r002	Han	neutral	0	2026082622	29	paper_frac_posterior_mean_below	focal	40000	0.11313131310000001	0.027257537783899999	6	0.029999999999999999
han_introgressed_neutral_g645_gate_r002	Han	neutral	0	2026082622	29	paper_frac_posterior_mean_below	focal	50000	0.12626262630000001	0.027257537783899999	6	0.029999999999999999
han_introgressed_neutral_g645_gate_r002	Han	neutral	0	2026082622	29	paper_frac_posterior_mean_below	local_100kb	1000	0.000202020202	0.027257537783899999	6	0.029999999999999999
han_introgressed_neutral_g645_gate_r002	Han	neutral	0	2026082622	29	paper_frac_posterior_mean_below	local_100kb	4500	0.0022607022604799998	0.027257537783899999	6	0.029999999999999999
han_introgressed_neutral_g645_gate_r002	Han	neutral	0	2026082622	29	paper_frac_posterior_mean_below	local_100kb	10000	0.0133814333824	0.027257537783899999	6	0.029999999999999999
han_introgressed_neutral_g645_gate_r002	Han	neutral	0	2026082622	29	paper_frac_posterior_mean_below	local_100kb	20000	0.075132275130499998	0.027257537783899999	6	0.029999999999999999
han_introgressed_neutral_g645_gate_r002	Han	neutral	0	2026082622	29	paper_frac_posterior_mean_below	local_100kb	30000	0.13209235208799999	0.027257537783899999	6	0.029999999999999999
han_introgressed_neutral_g645_gate_r002	Han	neutral	0	2026082622	29	paper_frac_posterior_mean_below	local_100kb	40000	0.18394420393800001	0.027257537783899999	6	0.029999999999999999
han_introgressed_neutral_g645_gate_r002	Han	neutral	0	2026082622	29	paper_frac_posterior_mean_below	local_100kb	50000	0.22922558921899999	0.027257537783899999	6	0.029999999999999999
han_introgressed_neutral_g645_gate_r003	Han	neutral	0	2026082645	29	mean_p_tmrca_lt	focal	1000	0.011417129119999999	0.062466772993100002	12	0.059999999999999998
han_introgressed_neutral_g645_gate_r003	Han	neutral	0	2026082645	29	mean_p_tmrca_lt	focal	4500	0.050859366740000002	0.062466772993100002	12	0.059999999999999998
han_introgressed_neutral_g645_gate_r003	Han	neutral	0	2026082645	29	mean_p_tmrca_lt	focal	10000	0.1061265912	0.062466772993100002	12	0.059999999999999998
han_introgressed_neutral_g645_gate_r003	Han	neutral	0	2026082645	29	mean_p_tmrca_lt	focal	20000	0.19060810519999999	0.062466772993100002	12	0.059999999999999998
han_introgressed_neutral_g645_gate_r003	Han	neutral	0	2026082645	29	mean_p_tmrca_lt	focal	30000	0.2611622126	0.062466772993100002	12	0.059999999999999998
han_introgressed_neutral_g645_gate_r003	Han	neutral	0	2026082645	29	mean_p_tmrca_lt	focal	40000	0.3221167251	0.062466772993100002	12	0.059999999999999998
han_introgressed_neutral_g645_gate_r003	Han	neutral	0	2026082645	29	mean_p_tmrca_lt	focal	50000	0.37578357289999997	0.062466772993100002	12	0.059999999999999998
han_introgressed_neutral_g645_gate_r003	Han	neutral	0	2026082645	29	mean_p_tmrca_lt	local_100kb	1000	0.0116583300303	0.062466772993100002	12	0.059999999999999998
han_introgressed_neutral_g645_gate_r003	Han	neutral	0	2026082645	29	mean_p_tmrca_lt	local_100kb	4500	0.052509094535699997	0.062466772993100002	12	0.059999999999999998
han_introgressed_neutral_g645_gate_r003	Han	neutral	0	2026082645	29	mean_p_tmrca_lt	local_100kb	10000	0.109864439986	0.062466772993100002	12	0.059999999999999998
han_introgressed_neutral_g645_gate_r003	Han	neutral	0	2026082645	29	mean_p_tmrca_lt	local_100kb	20000	0.19452612834300001	0.062466772993100002	12	0.059999999999999998
han_introgressed_neutral_g645_gate_r003	Han	neutral	0	2026082645	29	mean_p_tmrca_lt	local_100kb	30000	0.26095158098100002	0.062466772993100002	12	0.059999999999999998
han_introgressed_neutral_g645_gate_r003	Han	neutral	0	2026082645	29	mean_p_tmrca_lt	local_100kb	40000	0.31521654790999998	0.062466772993100002	12	0.059999999999999998
han_introgressed_neutral_g645_gate_r003	Han	neutral	0	2026082645	29	mean_p_tmrca_lt	local_100kb	50000	0.36106203828099998	0.062466772993100002	12	0.059999999999999998
han_introgressed_neutral_g645_gate_r003	Han	neutral	0	2026082645	29	paper_frac_posterior_mean_below	focal	1000	0.000404040404	0.062466772993100002	12	0.059999999999999998
han_introgressed_neutral_g645_gate_r003	Han	neutral	0	2026082645	29	paper_frac_posterior_mean_below	focal	4500	0.003838383838	0.062466772993100002	12	0.059999999999999998
han_introgressed_neutral_g645_gate_r003	Han	neutral	0	2026082645	29	paper_frac_posterior_mean_below	focal	10000	0.020808080810000001	0.062466772993100002	12	0.059999999999999998
han_introgressed_neutral_g645_gate_r003	Han	neutral	0	2026082645	29	paper_frac_posterior_mean_below	focal	20000	0.082828282830000002	0.062466772993100002	12	0.059999999999999998
han_introgressed_neutral_g645_gate_r003	Han	neutral	0	2026082645	29	paper_frac_posterior_mean_below	focal	30000	0.1145454545	0.062466772993100002	12	0.059999999999999998
han_introgressed_neutral_g645_gate_r003	Han	neutral	0	2026082645	29	paper_frac_posterior_mean_below	focal	40000	0.15676767680000001	0.062466772993100002	12	0.059999999999999998
han_introgressed_neutral_g645_gate_r003	Han	neutral	0	2026082645	29	paper_frac_posterior_mean_below	focal	50000	0.19070707070000001	0.062466772993100002	12	0.059999999999999998
han_introgressed_neutral_g645_gate_r003	Han	neutral	0	2026082645	29	paper_frac_posterior_mean_below	local_100kb	1000	0.000404040404	0.062466772993100002	12	0.059999999999999998
han_introgressed_neutral_g645_gate_r003	Han	neutral	0	2026082645	29	paper_frac_posterior_mean_below	local_100kb	4500	0.0041943241941400002	0.062466772993100002	12	0.059999999999999998
han_introgressed_neutral_g645_gate_r003	Han	neutral	0	2026082645	29	paper_frac_posterior_mean_below	local_100kb	10000	0.019874939876199999	0.062466772993100002	12	0.059999999999999998
han_introgressed_neutral_g645_gate_r003	Han	neutral	0	2026082645	29	paper_frac_posterior_mean_below	local_100kb	20000	0.097931697935700002	0.062466772993100002	12	0.059999999999999998
han_introgressed_neutral_g645_gate_r003	Han	neutral	0	2026082645	29	paper_frac_posterior_mean_below	local_100kb	30000	0.15919191918100001	0.062466772993100002	12	0.059999999999999998
han_introgressed_neutral_g645_gate_r003	Han	neutral	0	2026082645	29	paper_frac_posterior_mean_below	local_100kb	40000	0.214699374695	0.062466772993100002	12	0.059999999999999998
han_introgressed_neutral_g645_gate_r003	Han	neutral	0	2026082645	29	paper_frac_posterior_mean_below	local_100kb	50000	0.25724867724799999	0.062466772993100002	12	0.059999999999999998
han_introgressed_neutral_g645_gate_r004	Han	neutral	0	2026082686	29	mean_p_tmrca_lt	focal	1000	0.012579232149999999	0.018880534670000001	3	0.014999999999999999
han_introgressed_neutral_g645_gate_r004	Han	neutral	0	2026082686	29	mean_p_tmrca_lt	focal	4500	0.058926521379999999	0.018880534670000001	3	0.014999999999999999
han_introgressed_neutral_g645_gate_r004	Han	neutral	0	2026082686	29	mean_p_tmrca_lt	focal	10000	0.12604269100000001	0.018880534670000001	3	0.014999999999999999
han_introgressed_neutral_g645_gate_r004	Han	neutral	0	2026082686	29	mean_p_tmrca_lt	focal	20000	0.22420316000000001	0.018880534670000001	3	0.014999999999999999
han_introgressed_neutral_g645_gate_r004	Han	neutral	0	2026082686	29	mean_p_tmrca_lt	focal	30000	0.29700745989999999	0.018880534670000001	3	0.014999999999999999
han_introgressed_neutral_g645_gate_r004	Han	neutral	0	2026082686	29	mean_p_tmrca_lt	focal	40000	0.35262378750000001	0.018880534670000001	3	0.014999999999999999
han_introgressed_neutral_g645_gate_r004	Han	neutral	0	2026082686	29	mean_p_tmrca_lt	focal	50000	0.3970104948	0.018880534670000001	3	0.014999999999999999
han_introgressed_neutral_g645_gate_r004	Han	neutral	0	2026082686	29	mean_p_tmrca_lt	local_100kb	1000	0.013021473309099999	0.018880534670000001	3	0.014999999999999999
han_introgressed_neutral_g645_gate_r004	Han	neutral	0	2026082686	29	mean_p_tmrca_lt	local_100kb	4500	0.0600360829286	0.018880534670000001	3	0.014999999999999999
han_introgressed_neutral_g645_gate_r004	Han	neutral	0	2026082686	29	mean_p_tmrca_lt	local_100kb	10000	0.12737488195300001	0.018880534670000001	3	0.014999999999999999
han_introgressed_neutral_g645_gate_r004	Han	neutral	0	2026082686	29	mean_p_tmrca_lt	local_100kb	20000	0.22652693187600001	0.018880534670000001	3	0.014999999999999999
han_introgressed_neutral_g645_gate_r004	Han	neutral	0	2026082686	29	mean_p_tmrca_lt	local_100kb	30000	0.30180307659	0.018880534670000001	3	0.014999999999999999
han_introgressed_neutral_g645_gate_r004	Han	neutral	0	2026082686	29	mean_p_tmrca_lt	local_100kb	40000	0.36061525830500002	0.018880534670000001	3	0.014999999999999999
han_introgressed_neutral_g645_gate_r004	Han	neutral	0	2026082686	29	mean_p_tmrca_lt	local_100kb	50000	0.408164208729	0.018880534670000001	3	0.014999999999999999
han_introgressed_neutral_g645_gate_r004	Han	neutral	0	2026082686	29	paper_frac_posterior_mean_below	focal	1000	0.000202020202	0.018880534670000001	3	0.014999999999999999
han_introgressed_neutral_g645_gate_r004	Han	neutral	0	2026082686	29	paper_frac_posterior_mean_below	focal	4500	0.003838383838	0.018880534670000001	3	0.014999999999999999
han_introgressed_neutral_g645_gate_r004	Han	neutral	0	2026082686	29	paper_frac_posterior_mean_below	focal	10000	0.01575757576	0.018880534670000001	3	0.014999999999999999
han_introgressed_neutral_g645_gate_r004	Han	neutral	0	2026082686	29	paper_frac_posterior_mean_below	focal	20000	0.117979798	0.018880534670000001	3	0.014999999999999999
han_introgressed_neutral_g645_gate_r004	Han	neutral	0	2026082686	29	paper_frac_posterior_mean_below	focal	30000	0.23979797980000001	0.018880534670000001	3	0.014999999999999999
han_introgressed_neutral_g645_gate_r004	Han	neutral	0	2026082686	29	paper_frac_posterior_mean_below	focal	40000	0.31696969699999999	0.018880534670000001	3	0.014999999999999999
han_introgressed_neutral_g645_gate_r004	Han	neutral	0	2026082686	29	paper_frac_posterior_mean_below	focal	50000	0.3476767677	0.018880534670000001	3	0.014999999999999999
han_introgressed_neutral_g645_gate_r004	Han	neutral	0	2026082686	29	paper_frac_posterior_mean_below	local_100kb	1000	0.000202020202	0.018880534670000001	3	0.014999999999999999
han_introgressed_neutral_g645_gate_r004	Han	neutral	0	2026082686	29	paper_frac_posterior_mean_below	local_100kb	4500	0.0036459836456199999	0.018880534670000001	3	0.014999999999999999
han_introgressed_neutral_g645_gate_r004	Han	neutral	0	2026082686	29	paper_frac_posterior_mean_below	local_100kb	10000	0.018662818661900001	0.018880534670000001	3	0.014999999999999999
han_introgressed_neutral_g645_gate_r004	Han	neutral	0	2026082686	29	paper_frac_posterior_mean_below	local_100kb	20000	0.114920634912	0.018880534670000001	3	0.014999999999999999
han_introgressed_neutral_g645_gate_r004	Han	neutral	0	2026082686	29	paper_frac_posterior_mean_below	local_100kb	30000	0.21031265031900001	0.018880534670000001	3	0.014999999999999999
han_introgressed_neutral_g645_gate_r004	Han	neutral	0	2026082686	29	paper_frac_posterior_mean_below	local_100kb	40000	0.28245310244799998	0.018880534670000001	3	0.014999999999999999
han_introgressed_neutral_g645_gate_r004	Han	neutral	0	2026082686	29	paper_frac_posterior_mean_below	local_100kb	50000	0.341625781633	0.018880534670000001	3	0.014999999999999999
han_introgressed_neutral_g645_gate_r005	Han	neutral	0	2026084640	29	mean_p_tmrca_lt	focal	1000	0.012818055260000001	0.0227462595884	4	0.02
han_introgressed_neutral_g645_gate_r005	Han	neutral	0	2026084640	29	mean_p_tmrca_lt	focal	4500	0.057809422690000001	0.0227462595884	4	0.02
han_introgressed_neutral_g645_gate_r005	Han	neutral	0	2026084640	29	mean_p_tmrca_lt	focal	10000	0.1219547247	0.0227462595884	4	0.02
han_introgressed_neutral_g645_gate_r005	Han	neutral	0	2026084640	29	mean_p_tmrca_lt	focal	20000	0.21383076840000001	0.0227462595884	4	0.02
han_introgressed_neutral_g645_gate_r005	Han	neutral	0	2026084640	29	mean_p_tmrca_lt	focal	30000	0.28035136799999999	0.0227462595884	4	0.02
han_introgressed_neutral_g645_gate_r005	Han	neutral	0	2026084640	29	mean_p_tmrca_lt	focal	40000	0.32966442029999998	0.0227462595884	4	0.02
han_introgressed_neutral_g645_gate_r005	Han	neutral	0	2026084640	29	mean_p_tmrca_lt	focal	50000	0.36762853130000001	0.0227462595884	4	0.02
han_introgressed_neutral_g645_gate_r005	Han	neutral	0	2026084640	29	mean_p_tmrca_lt	local_100kb	1000	0.0139279761978	0.0227462595884	4	0.02
han_introgressed_neutral_g645_gate_r005	Han	neutral	0	2026084640	29	mean_p_tmrca_lt	local_100kb	4500	0.062237126655699998	0.0227462595884	4	0.02
han_introgressed_neutral_g645_gate_r005	Han	neutral	0	2026084640	29	mean_p_tmrca_lt	local_100kb	10000	0.13103847643700001	0.0227462595884	4	0.02
han_introgressed_neutral_g645_gate_r005	Han	neutral	0	2026084640	29	mean_p_tmrca_lt	local_100kb	20000	0.22995463105700001	0.0227462595884	4	0.02
han_introgressed_neutral_g645_gate_r005	Han	neutral	0	2026084640	29	mean_p_tmrca_lt	local_100kb	30000	0.30229571887099999	0.0227462595884	4	0.02
han_introgressed_neutral_g645_gate_r005	Han	neutral	0	2026084640	29	mean_p_tmrca_lt	local_100kb	40000	0.35669698991400001	0.0227462595884	4	0.02
han_introgressed_neutral_g645_gate_r005	Han	neutral	0	2026084640	29	mean_p_tmrca_lt	local_100kb	50000	0.399151967848	0.0227462595884	4	0.02
han_introgressed_neutral_g645_gate_r005	Han	neutral	0	2026084640	29	paper_frac_posterior_mean_below	focal	1000	0.00080808080809999998	0.0227462595884	4	0.02
han_introgressed_neutral_g645_gate_r005	Han	neutral	0	2026084640	29	paper_frac_posterior_mean_below	focal	4500	0.002626262626	0.0227462595884	4	0.02
han_introgressed_neutral_g645_gate_r005	Han	neutral	0	2026084640	29	paper_frac_posterior_mean_below	focal	10000	0.01676767677	0.0227462595884	4	0.02
han_introgressed_neutral_g645_gate_r005	Han	neutral	0	2026084640	29	paper_frac_posterior_mean_below	focal	20000	0.1202020202	0.0227462595884	4	0.02
han_introgressed_neutral_g645_gate_r005	Han	neutral	0	2026084640	29	paper_frac_posterior_mean_below	focal	30000	0.2464646465	0.0227462595884	4	0.02
han_introgressed_neutral_g645_gate_r005	Han	neutral	0	2026084640	29	paper_frac_posterior_mean_below	focal	40000	0.32787878790000002	0.0227462595884	4	0.02
han_introgressed_neutral_g645_gate_r005	Han	neutral	0	2026084640	29	paper_frac_posterior_mean_below	focal	50000	0.36666666669999998	0.0227462595884	4	0.02
han_introgressed_neutral_g645_gate_r005	Han	neutral	0	2026084640	29	paper_frac_posterior_mean_below	local_100kb	1000	0.00080808080809999998	0.0227462595884	4	0.02
han_introgressed_neutral_g645_gate_r005	Han	neutral	0	2026084640	29	paper_frac_posterior_mean_below	local_100kb	4500	0.0025396825394299999	0.0227462595884	4	0.02
han_introgressed_neutral_g645_gate_r005	Han	neutral	0	2026084640	29	paper_frac_posterior_mean_below	local_100kb	10000	0.020481000480999999	0.0227462595884	4	0.02
han_introgressed_neutral_g645_gate_r005	Han	neutral	0	2026084640	29	paper_frac_posterior_mean_below	local_100kb	20000	0.13746031747000001	0.0227462595884	4	0.02
han_introgressed_neutral_g645_gate_r005	Han	neutral	0	2026084640	29	paper_frac_posterior_mean_below	local_100kb	30000	0.24693602694799999	0.0227462595884	4	0.02
han_introgressed_neutral_g645_gate_r005	Han	neutral	0	2026084640	29	paper_frac_posterior_mean_below	local_100kb	40000	0.32208754209000001	0.0227462595884	4	0.02
han_introgressed_neutral_g645_gate_r005	Han	neutral	0	2026084640	29	paper_frac_posterior_mean_below	local_100kb	50000	0.36911014911399997	0.0227462595884	4	0.02
han_introgressed_neutral_g645_gate_r006	Han	neutral	0	2026084650	29	mean_p_tmrca_lt	focal	1000	0.0094848801350000001	0.038011695906400002	9	0.044999999999999998
han_introgressed_neutral_g645_gate_r006	Han	neutral	0	2026084650	29	mean_p_tmrca_lt	focal	4500	0.042383570209999999	0.038011695906400002	9	0.044999999999999998
han_introgressed_neutral_g645_gate_r006	Han	neutral	0	2026084650	29	mean_p_tmrca_lt	focal	10000	0.089281356310000004	0.038011695906400002	9	0.044999999999999998
han_introgressed_neutral_g645_gate_r006	Han	neutral	0	2026084650	29	mean_p_tmrca_lt	focal	20000	0.15907050780000001	0.038011695906400002	9	0.044999999999999998
han_introgressed_neutral_g645_gate_r006	Han	neutral	0	2026084650	29	mean_p_tmrca_lt	focal	30000	0.21455553620000001	0.038011695906400002	9	0.044999999999999998
han_introgressed_neutral_g645_gate_r006	Han	neutral	0	2026084650	29	mean_p_tmrca_lt	focal	40000	0.26098297459999997	0.038011695906400002	9	0.044999999999999998
han_introgressed_neutral_g645_gate_r006	Han	neutral	0	2026084650	29	mean_p_tmrca_lt	focal	50000	0.30155551479999998	0.038011695906400002	9	0.044999999999999998
han_introgressed_neutral_g645_gate_r006	Han	neutral	0	2026084650	29	mean_p_tmrca_lt	local_100kb	1000	0.0114143485698	0.038011695906400002	9	0.044999999999999998
han_introgressed_neutral_g645_gate_r006	Han	neutral	0	2026084650	29	mean_p_tmrca_lt	local_100kb	4500	0.052570827307600002	0.038011695906400002	9	0.044999999999999998
han_introgressed_neutral_g645_gate_r006	Han	neutral	0	2026084650	29	mean_p_tmrca_lt	local_100kb	10000	0.113408399124	0.038011695906400002	9	0.044999999999999998
han_introgressed_neutral_g645_gate_r006	Han	neutral	0	2026084650	29	mean_p_tmrca_lt	local_100kb	20000	0.206106962324	0.038011695906400002	9	0.044999999999999998
han_introgressed_neutral_g645_gate_r006	Han	neutral	0	2026084650	29	mean_p_tmrca_lt	local_100kb	30000	0.279252630976	0.038011695906400002	9	0.044999999999999998
han_introgressed_neutral_g645_gate_r006	Han	neutral	0	2026084650	29	mean_p_tmrca_lt	local_100kb	40000	0.33820908356200002	0.038011695906400002	9	0.044999999999999998
han_introgressed_neutral_g645_gate_r006	Han	neutral	0	2026084650	29	mean_p_tmrca_lt	local_100kb	50000	0.38698502994299999	0.038011695906400002	9	0.044999999999999998
han_introgressed_neutral_g645_gate_r006	Han	neutral	0	2026084650	29	paper_frac_posterior_mean_below	focal	1000	0.00080808080809999998	0.038011695906400002	9	0.044999999999999998
han_introgressed_neutral_g645_gate_r006	Han	neutral	0	2026084650	29	paper_frac_posterior_mean_below	focal	4500	0.0020202020199999999	0.038011695906400002	9	0.044999999999999998
han_introgressed_neutral_g645_gate_r006	Han	neutral	0	2026084650	29	paper_frac_posterior_mean_below	focal	10000	0.01696969697	0.038011695906400002	9	0.044999999999999998
han_introgressed_neutral_g645_gate_r006	Han	neutral	0	2026084650	29	paper_frac_posterior_mean_below	focal	20000	0.075757575760000001	0.038011695906400002	9	0.044999999999999998
han_introgressed_neutral_g645_gate_r006	Han	neutral	0	2026084650	29	paper_frac_posterior_mean_below	focal	30000	0.16747474749999999	0.038011695906400002	9	0.044999999999999998
han_introgressed_neutral_g645_gate_r006	Han	neutral	0	2026084650	29	paper_frac_posterior_mean_below	focal	40000	0.20888888890000001	0.038011695906400002	9	0.044999999999999998
han_introgressed_neutral_g645_gate_r006	Han	neutral	0	2026084650	29	paper_frac_posterior_mean_below	focal	50000	0.224040404	0.038011695906400002	9	0.044999999999999998
han_introgressed_neutral_g645_gate_r006	Han	neutral	0	2026084650	29	paper_frac_posterior_mean_below	local_100kb	1000	0.00080808080809999998	0.038011695906400002	9	0.044999999999999998
han_introgressed_neutral_g645_gate_r006	Han	neutral	0	2026084650	29	paper_frac_posterior_mean_below	local_100kb	4500	0.0020298220296200002	0.038011695906400002	9	0.044999999999999998
han_introgressed_neutral_g645_gate_r006	Han	neutral	0	2026084650	29	paper_frac_posterior_mean_below	local_100kb	10000	0.015901875901599999	0.038011695906400002	9	0.044999999999999998
han_introgressed_neutral_g645_gate_r006	Han	neutral	0	2026084650	29	paper_frac_posterior_mean_below	local_100kb	20000	0.091678691677599997	0.038011695906400002	9	0.044999999999999998
han_introgressed_neutral_g645_gate_r006	Han	neutral	0	2026084650	29	paper_frac_posterior_mean_below	local_100kb	30000	0.17966329965700001	0.038011695906400002	9	0.044999999999999998
han_introgressed_neutral_g645_gate_r006	Han	neutral	0	2026084650	29	paper_frac_posterior_mean_below	local_100kb	40000	0.25698893698600001	0.038011695906400002	9	0.044999999999999998
han_introgressed_neutral_g645_gate_r006	Han	neutral	0	2026084650	29	paper_frac_posterior_mean_below	local_100kb	50000	0.30853294852899998	0.038011695906400002	9	0.044999999999999998
han_introgressed_neutral_g645_gate_r007	Han	neutral	0	2026084676	29	mean_p_tmrca_lt	focal	1000	0.01218668151	0.064509759246600004	12	0.059999999999999998
han_introgressed_neutral_g645_gate_r007	Han	neutral	0	2026084676	29	mean_p_tmrca_lt	focal	4500	0.055252480549999997	0.064509759246600004	12	0.059999999999999998
han_introgressed_neutral_g645_gate_r007	Han	neutral	0	2026084676	29	mean_p_tmrca_lt	focal	10000	0.1141593479	0.064509759246600004	12	0.059999999999999998
han_introgressed_neutral_g645_gate_r007	Han	neutral	0	2026084676	29	mean_p_tmrca_lt	focal	20000	0.19495045929999999	0.064509759246600004	12	0.059999999999999998
han_introgressed_neutral_g645_gate_r007	Han	neutral	0	2026084676	29	mean_p_tmrca_lt	focal	30000	0.25207624490000002	0.064509759246600004	12	0.059999999999999998
han_introgressed_neutral_g645_gate_r007	Han	neutral	0	2026084676	29	mean_p_tmrca_lt	focal	40000	0.29434354969999998	0.064509759246600004	12	0.059999999999999998
han_introgressed_neutral_g645_gate_r007	Han	neutral	0	2026084676	29	mean_p_tmrca_lt	focal	50000	0.32711155320000002	0.064509759246600004	12	0.059999999999999998
han_introgressed_neutral_g645_gate_r007	Han	neutral	0	2026084676	29	mean_p_tmrca_lt	local_100kb	1000	0.014053668716100001	0.064509759246600004	12	0.059999999999999998
han_introgressed_neutral_g645_gate_r007	Han	neutral	0	2026084676	29	mean_p_tmrca_lt	local_100kb	4500	0.066339739420000002	0.064509759246600004	12	0.059999999999999998
han_introgressed_neutral_g645_gate_r007	Han	neutral	0	2026084676	29	mean_p_tmrca_lt	local_100kb	10000	0.14321106734299999	0.064509759246600004	12	0.059999999999999998
han_introgressed_neutral_g645_gate_r007	Han	neutral	0	2026084676	29	mean_p_tmrca_lt	local_100kb	20000	0.25796798526699999	0.064509759246600004	12	0.059999999999999998
han_introgressed_neutral_g645_gate_r007	Han	neutral	0	2026084676	29	mean_p_tmrca_lt	local_100kb	30000	0.34549114772400003	0.064509759246600004	12	0.059999999999999998
han_introgressed_neutral_g645_gate_r007	Han	neutral	0	2026084676	29	mean_p_tmrca_lt	local_100kb	40000	0.413197609957	0.064509759246600004	12	0.059999999999999998
han_introgressed_neutral_g645_gate_r007	Han	neutral	0	2026084676	29	mean_p_tmrca_lt	local_100kb	50000	0.46668952500999999	0.064509759246600004	12	0.059999999999999998
han_introgressed_neutral_g645_gate_r007	Han	neutral	0	2026084676	29	paper_frac_posterior_mean_below	focal	1000	0.000404040404	0.064509759246600004	12	0.059999999999999998
han_introgressed_neutral_g645_gate_r007	Han	neutral	0	2026084676	29	paper_frac_posterior_mean_below	focal	4500	0.0018181818180000001	0.064509759246600004	12	0.059999999999999998
han_introgressed_neutral_g645_gate_r007	Han	neutral	0	2026084676	29	paper_frac_posterior_mean_below	focal	10000	0.01878787879	0.064509759246600004	12	0.059999999999999998
han_introgressed_neutral_g645_gate_r007	Han	neutral	0	2026084676	29	paper_frac_posterior_mean_below	focal	20000	0.1054545455	0.064509759246600004	12	0.059999999999999998
han_introgressed_neutral_g645_gate_r007	Han	neutral	0	2026084676	29	paper_frac_posterior_mean_below	focal	30000	0.2111111111	0.064509759246600004	12	0.059999999999999998
han_introgressed_neutral_g645_gate_r007	Han	neutral	0	2026084676	29	paper_frac_posterior_mean_below	focal	40000	0.28060606059999998	0.064509759246600004	12	0.059999999999999998
han_introgressed_neutral_g645_gate_r007	Han	neutral	0	2026084676	29	paper_frac_posterior_mean_below	focal	50000	0.31575757580000002	0.064509759246600004	12	0.059999999999999998
han_introgressed_neutral_g645_gate_r007	Han	neutral	0	2026084676	29	paper_frac_posterior_mean_below	local_100kb	1000	0.000404040404	0.064509759246600004	12	0.059999999999999998
han_introgressed_neutral_g645_gate_r007	Han	neutral	0	2026084676	29	paper_frac_posterior_mean_below	local_100kb	4500	0.0019047619045700001	0.064509759246600004	12	0.059999999999999998
han_introgressed_neutral_g645_gate_r007	Han	neutral	0	2026084676	29	paper_frac_posterior_mean_below	local_100kb	10000	0.021875901876200001	0.064509759246600004	12	0.059999999999999998
han_introgressed_neutral_g645_gate_r007	Han	neutral	0	2026084676	29	paper_frac_posterior_mean_below	local_100kb	20000	0.125069745058	0.064509759246600004	12	0.059999999999999998
han_introgressed_neutral_g645_gate_r007	Han	neutral	0	2026084676	29	paper_frac_posterior_mean_below	local_100kb	30000	0.24345358345199999	0.064509759246600004	12	0.059999999999999998
han_introgressed_neutral_g645_gate_r007	Han	neutral	0	2026084676	29	paper_frac_posterior_mean_below	local_100kb	40000	0.336536796538	0.064509759246600004	12	0.059999999999999998
han_introgressed_neutral_g645_gate_r007	Han	neutral	0	2026084676	29	paper_frac_posterior_mean_below	local_100kb	50000	0.40375180375199998	0.064509759246600004	12	0.059999999999999998
han_introgressed_neutral_g645_gate_r008	Han	neutral	0	2026084697	29	mean_p_tmrca_lt	focal	1000	0.01074491721	0.0302042986254	7	0.035000000000000003
han_introgressed_neutral_g645_gate_r008	Han	neutral	0	2026084697	29	mean_p_tmrca_lt	focal	4500	0.047057704729999997	0.0302042986254	7	0.035000000000000003
han_introgressed_neutral_g645_gate_r008	Han	neutral	0	2026084697	29	mean_p_tmrca_lt	focal	10000	0.095348955989999998	0.0302042986254	7	0.035000000000000003
han_introgressed_neutral_g645_gate_r008	Han	neutral	0	2026084697	29	mean_p_tmrca_lt	focal	20000	0.1601430287	0.0302042986254	7	0.035000000000000003
han_introgressed_neutral_g645_gate_r008	Han	neutral	0	2026084697	29	mean_p_tmrca_lt	focal	30000	0.2055527573	0.0302042986254	7	0.035000000000000003
han_introgressed_neutral_g645_gate_r008	Han	neutral	0	2026084697	29	mean_p_tmrca_lt	focal	40000	0.23929343920000001	0.0302042986254	7	0.035000000000000003
han_introgressed_neutral_g645_gate_r008	Han	neutral	0	2026084697	29	mean_p_tmrca_lt	focal	50000	0.26579242110000001	0.0302042986254	7	0.035000000000000003
han_introgressed_neutral_g645_gate_r008	Han	neutral	0	2026084697	29	mean_p_tmrca_lt	local_100kb	1000	0.010183928044399999	0.0302042986254	7	0.035000000000000003
han_introgressed_neutral_g645_gate_r008	Han	neutral	0	2026084697	29	mean_p_tmrca_lt	local_100kb	4500	0.046477905909	0.0302042986254	7	0.035000000000000003
han_introgressed_neutral_g645_gate_r008	Han	neutral	0	2026084697	29	mean_p_tmrca_lt	local_100kb	10000	0.097749005524799995	0.0302042986254	7	0.035000000000000003
han_introgressed_neutral_g645_gate_r008	Han	neutral	0	2026084697	29	mean_p_tmrca_lt	local_100kb	20000	0.17232941809999999	0.0302042986254	7	0.035000000000000003
han_introgressed_neutral_g645_gate_r008	Han	neutral	0	2026084697	29	mean_p_tmrca_lt	local_100kb	30000	0.229397358371	0.0302042986254	7	0.035000000000000003
han_introgressed_neutral_g645_gate_r008	Han	neutral	0	2026084697	29	mean_p_tmrca_lt	local_100kb	40000	0.27499874996700002	0.0302042986254	7	0.035000000000000003
han_introgressed_neutral_g645_gate_r008	Han	neutral	0	2026084697	29	mean_p_tmrca_lt	local_100kb	50000	0.31291316008999998	0.0302042986254	7	0.035000000000000003
han_introgressed_neutral_g645_gate_r008	Han	neutral	0	2026084697	29	paper_frac_posterior_mean_below	focal	1000	0.000404040404	0.0302042986254	7	0.035000000000000003
han_introgressed_neutral_g645_gate_r008	Han	neutral	0	2026084697	29	paper_frac_posterior_mean_below	focal	4500	0.0018181818180000001	0.0302042986254	7	0.035000000000000003
han_introgressed_neutral_g645_gate_r008	Han	neutral	0	2026084697	29	paper_frac_posterior_mean_below	focal	10000	0.01656565657	0.0302042986254	7	0.035000000000000003
han_introgressed_neutral_g645_gate_r008	Han	neutral	0	2026084697	29	paper_frac_posterior_mean_below	focal	20000	0.098989898990000005	0.0302042986254	7	0.035000000000000003
han_introgressed_neutral_g645_gate_r008	Han	neutral	0	2026084697	29	paper_frac_posterior_mean_below	focal	30000	0.17111111109999999	0.0302042986254	7	0.035000000000000003
han_introgressed_neutral_g645_gate_r008	Han	neutral	0	2026084697	29	paper_frac_posterior_mean_below	focal	40000	0.20929292930000001	0.0302042986254	7	0.035000000000000003
han_introgressed_neutral_g645_gate_r008	Han	neutral	0	2026084697	29	paper_frac_posterior_mean_below	focal	50000	0.23232323229999999	0.0302042986254	7	0.035000000000000003
han_introgressed_neutral_g645_gate_r008	Han	neutral	0	2026084697	29	paper_frac_posterior_mean_below	local_100kb	1000	0.00042328042325200002	0.0302042986254	7	0.035000000000000003
han_introgressed_neutral_g645_gate_r008	Han	neutral	0	2026084697	29	paper_frac_posterior_mean_below	local_100kb	4500	0.0019528619526699999	0.0302042986254	7	0.035000000000000003
han_introgressed_neutral_g645_gate_r008	Han	neutral	0	2026084697	29	paper_frac_posterior_mean_below	local_100kb	10000	0.0179894179895	0.0302042986254	7	0.035000000000000003
han_introgressed_neutral_g645_gate_r008	Han	neutral	0	2026084697	29	paper_frac_posterior_mean_below	local_100kb	20000	0.089571909572399994	0.0302042986254	7	0.035000000000000003
han_introgressed_neutral_g645_gate_r008	Han	neutral	0	2026084697	29	paper_frac_posterior_mean_below	local_100kb	30000	0.16050024048600001	0.0302042986254	7	0.035000000000000003
han_introgressed_neutral_g645_gate_r008	Han	neutral	0	2026084697	29	paper_frac_posterior_mean_below	local_100kb	40000	0.21041847041	0.0302042986254	7	0.035000000000000003
han_introgressed_neutral_g645_gate_r008	Han	neutral	0	2026084697	29	paper_frac_posterior_mean_below	local_100kb	50000	0.24616642617100001	0.0302042986254	7	0.035000000000000003
han_introgressed_neutral_g645_gate_r009	Han	neutral	0	2026084751	29	mean_p_tmrca_lt	focal	1000	0.01541301334	0.00021265284423200001	0	0
han_introgressed_neutral_g645_gate_r009	Han	neutral	0	2026084751	29	mean_p_tmrca_lt	focal	4500	0.073403426029999996	0.00021265284423200001	0	0
han_introgressed_neutral_g645_gate_r009	Han	neutral	0	2026084751	29	mean_p_tmrca_lt	focal	10000	0.16290977700000001	0.00021265284423200001	0	0
han_introgressed_neutral_g645_gate_r009	Han	neutral	0	2026084751	29	mean_p_tmrca_lt	focal	20000	0.30751446380000003	0.00021265284423200001	0	0
han_introgressed_neutral_g645_gate_r009	Han	neutral	0	2026084751	29	mean_p_tmrca_lt	focal	30000	0.42681774179999998	0.00021265284423200001	0	0
han_introgressed_neutral_g645_gate_r009	Han	neutral	0	2026084751	29	mean_p_tmrca_lt	focal	40000	0.52414694009999996	0.00021265284423200001	0	0
han_introgressed_neutral_g645_gate_r009	Han	neutral	0	2026084751	29	mean_p_tmrca_lt	focal	50000	0.60353270910000001	0.00021265284423200001	0	0
han_introgressed_neutral_g645_gate_r009	Han	neutral	0	2026084751	29	mean_p_tmrca_lt	local_100kb	1000	0.0138436231725	0.00021265284423200001	0	0
han_introgressed_neutral_g645_gate_r009	Han	neutral	0	2026084751	29	mean_p_tmrca_lt	local_100kb	4500	0.066250569885699995	0.00021265284423200001	0	0
han_introgressed_neutral_g645_gate_r009	Han	neutral	0	2026084751	29	mean_p_tmrca_lt	local_100kb	10000	0.14602019432300001	0.00021265284423200001	0	0
han_introgressed_neutral_g645_gate_r009	Han	neutral	0	2026084751	29	mean_p_tmrca_lt	local_100kb	20000	0.27101160553800002	0.00021265284423200001	0	0
han_introgressed_neutral_g645_gate_r009	Han	neutral	0	2026084751	29	mean_p_tmrca_lt	local_100kb	30000	0.37103948128600001	0.00021265284423200001	0	0
han_introgressed_neutral_g645_gate_r009	Han	neutral	0	2026084751	29	mean_p_tmrca_lt	local_100kb	40000	0.451206754248	0.00021265284423200001	0	0
han_introgressed_neutral_g645_gate_r009	Han	neutral	0	2026084751	29	mean_p_tmrca_lt	local_100kb	50000	0.51618675811900006	0.00021265284423200001	0	0
han_introgressed_neutral_g645_gate_r009	Han	neutral	0	2026084751	29	paper_frac_posterior_mean_below	focal	1000	0.000404040404	0.00021265284423200001	0	0
han_introgressed_neutral_g645_gate_r009	Han	neutral	0	2026084751	29	paper_frac_posterior_mean_below	focal	4500	0.0020202020199999999	0.00021265284423200001	0	0
han_introgressed_neutral_g645_gate_r009	Han	neutral	0	2026084751	29	paper_frac_posterior_mean_below	focal	10000	0.01717171717	0.00021265284423200001	0	0
han_introgressed_neutral_g645_gate_r009	Han	neutral	0	2026084751	29	paper_frac_posterior_mean_below	focal	20000	0.13272727270000001	0.00021265284423200001	0	0
han_introgressed_neutral_g645_gate_r009	Han	neutral	0	2026084751	29	paper_frac_posterior_mean_below	focal	30000	0.26707070710000003	0.00021265284423200001	0	0
han_introgressed_neutral_g645_gate_r009	Han	neutral	0	2026084751	29	paper_frac_posterior_mean_below	focal	40000	0.36040404040000001	0.00021265284423200001	0	0
han_introgressed_neutral_g645_gate_r009	Han	neutral	0	2026084751	29	paper_frac_posterior_mean_below	focal	50000	0.43717171719999998	0.00021265284423200001	0	0
han_introgressed_neutral_g645_gate_r009	Han	neutral	0	2026084751	29	paper_frac_posterior_mean_below	local_100kb	1000	0.000404040404	0.00021265284423200001	0	0
han_introgressed_neutral_g645_gate_r009	Han	neutral	0	2026084751	29	paper_frac_posterior_mean_below	local_100kb	4500	0.0019817219815199999	0.00021265284423200001	0	0
han_introgressed_neutral_g645_gate_r009	Han	neutral	0	2026084751	29	paper_frac_posterior_mean_below	local_100kb	10000	0.0146127946129	0.00021265284423200001	0	0
han_introgressed_neutral_g645_gate_r009	Han	neutral	0	2026084751	29	paper_frac_posterior_mean_below	local_100kb	20000	0.11304473303900001	0.00021265284423200001	0	0
han_introgressed_neutral_g645_gate_r009	Han	neutral	0	2026084751	29	paper_frac_posterior_mean_below	local_100kb	30000	0.226108706105	0.00021265284423200001	0	0
han_introgressed_neutral_g645_gate_r009	Han	neutral	0	2026084751	29	paper_frac_posterior_mean_below	local_100kb	40000	0.33847041846699999	0.00021265284423200001	0	0
han_introgressed_neutral_g645_gate_r009	Han	neutral	0	2026084751	29	paper_frac_posterior_mean_below	local_100kb	50000	0.43269841269499998	0.00021265284423200001	0	0
han_introgressed_neutral_g645_gate_r010	Han	neutral	0	2026084752	29	mean_p_tmrca_lt	focal	1000	0.0130175832	0.017148932938399999	8	0.040000000000000001
han_introgressed_neutral_g645_gate_r010	Han	neutral	0	2026084752	29	mean_p_tmrca_lt	focal	4500	0.060307566219999997	0.017148932938399999	8	0.040000000000000001
han_introgressed_neutral_g645_gate_r010	Han	neutral	0	2026084752	29	mean_p_tmrca_lt	focal	10000	0.12802119670000001	0.017148932938399999	8	0.040000000000000001
han_introgressed_neutral_g645_gate_r010	Han	neutral	0	2026084752	29	mean_p_tmrca_lt	focal	20000	0.22389464649999999	0.017148932938399999	8	0.040000000000000001
han_introgressed_neutral_g645_gate_r010	Han	neutral	0	2026084752	29	mean_p_tmrca_lt	focal	30000	0.29301426130000002	0.017148932938399999	8	0.040000000000000001
han_introgressed_neutral_g645_gate_r010	Han	neutral	0	2026084752	29	mean_p_tmrca_lt	focal	40000	0.3446321651	0.017148932938399999	8	0.040000000000000001
han_introgressed_neutral_g645_gate_r010	Han	neutral	0	2026084752	29	mean_p_tmrca_lt	focal	50000	0.38476346309999998	0.017148932938399999	8	0.040000000000000001
han_introgressed_neutral_g645_gate_r010	Han	neutral	0	2026084752	29	mean_p_tmrca_lt	local_100kb	1000	0.015627556584800001	0.017148932938399999	8	0.040000000000000001
han_introgressed_neutral_g645_gate_r010	Han	neutral	0	2026084752	29	mean_p_tmrca_lt	local_100kb	4500	0.072027569541399994	0.017148932938399999	8	0.040000000000000001
han_introgressed_neutral_g645_gate_r010	Han	neutral	0	2026084752	29	mean_p_tmrca_lt	local_100kb	10000	0.153620629417	0.017148932938399999	8	0.040000000000000001
han_introgressed_neutral_g645_gate_r010	Han	neutral	0	2026084752	29	mean_p_tmrca_lt	local_100kb	20000	0.271715706876	0.017148932938399999	8	0.040000000000000001
han_introgressed_neutral_g645_gate_r010	Han	neutral	0	2026084752	29	mean_p_tmrca_lt	local_100kb	30000	0.35827796650999999	0.017148932938399999	8	0.040000000000000001
han_introgressed_neutral_g645_gate_r010	Han	neutral	0	2026084752	29	mean_p_tmrca_lt	local_100kb	40000	0.42304990611900001	0.017148932938399999	8	0.040000000000000001
han_introgressed_neutral_g645_gate_r010	Han	neutral	0	2026084752	29	mean_p_tmrca_lt	local_100kb	50000	0.47289572339000002	0.017148932938399999	8	0.040000000000000001
han_introgressed_neutral_g645_gate_r010	Han	neutral	0	2026084752	29	paper_frac_posterior_mean_below	focal	1000	0.00080808080809999998	0.017148932938399999	8	0.040000000000000001
han_introgressed_neutral_g645_gate_r010	Han	neutral	0	2026084752	29	paper_frac_posterior_mean_below	focal	4500	0.0018181818180000001	0.017148932938399999	8	0.040000000000000001
han_introgressed_neutral_g645_gate_r010	Han	neutral	0	2026084752	29	paper_frac_posterior_mean_below	focal	10000	0.026060606060000002	0.017148932938399999	8	0.040000000000000001
han_introgressed_neutral_g645_gate_r010	Han	neutral	0	2026084752	29	paper_frac_posterior_mean_below	focal	20000	0.1284848485	0.017148932938399999	8	0.040000000000000001
han_introgressed_neutral_g645_gate_r010	Han	neutral	0	2026084752	29	paper_frac_posterior_mean_below	focal	30000	0.2309090909	0.017148932938399999	8	0.040000000000000001
han_introgressed_neutral_g645_gate_r010	Han	neutral	0	2026084752	29	paper_frac_posterior_mean_below	focal	40000	0.30484848479999999	0.017148932938399999	8	0.040000000000000001
han_introgressed_neutral_g645_gate_r010	Han	neutral	0	2026084752	29	paper_frac_posterior_mean_below	focal	50000	0.36404040399999998	0.017148932938399999	8	0.040000000000000001
han_introgressed_neutral_g645_gate_r010	Han	neutral	0	2026084752	29	paper_frac_posterior_mean_below	local_100kb	1000	0.00072150072152899999	0.017148932938399999	8	0.040000000000000001
han_introgressed_neutral_g645_gate_r010	Han	neutral	0	2026084752	29	paper_frac_posterior_mean_below	local_100kb	4500	0.00210678210657	0.017148932938399999	8	0.040000000000000001
han_introgressed_neutral_g645_gate_r010	Han	neutral	0	2026084752	29	paper_frac_posterior_mean_below	local_100kb	10000	0.029562289563299999	0.017148932938399999	8	0.040000000000000001
han_introgressed_neutral_g645_gate_r010	Han	neutral	0	2026084752	29	paper_frac_posterior_mean_below	local_100kb	20000	0.15204425203800001	0.017148932938399999	8	0.040000000000000001
han_introgressed_neutral_g645_gate_r010	Han	neutral	0	2026084752	29	paper_frac_posterior_mean_below	local_100kb	30000	0.28177008175700002	0.017148932938399999	8	0.040000000000000001
han_introgressed_neutral_g645_gate_r010	Han	neutral	0	2026084752	29	paper_frac_posterior_mean_below	local_100kb	40000	0.38056758056700002	0.017148932938399999	8	0.040000000000000001
han_introgressed_neutral_g645_gate_r010	Han	neutral	0	2026084752	29	paper_frac_posterior_mean_below	local_100kb	50000	0.44810004808999998	0.017148932938399999	8	0.040000000000000001
han_introgressed_neutral_g645_gate_r011	Han	neutral	0	2026084761	29	mean_p_tmrca_lt	focal	1000	0.012900317790000001	0.0077162603478399998	1	0.0050000000000000001
han_introgressed_neutral_g645_gate_r011	Han	neutral	0	2026084761	29	mean_p_tmrca_lt	focal	4500	0.06318720823	0.0077162603478399998	1	0.0050000000000000001
han_introgressed_neutral_g645_gate_r011	Han	neutral	0	2026084761	29	mean_p_tmrca_lt	focal	10000	0.13910889309999999	0.0077162603478399998	1	0.0050000000000000001
han_introgressed_neutral_g645_gate_r011	Han	neutral	0	2026084761	29	mean_p_tmrca_lt	focal	20000	0.25337606359999998	0.0077162603478399998	1	0.0050000000000000001
han_introgressed_neutral_g645_gate_r011	Han	neutral	0	2026084761	29	mean_p_tmrca_lt	focal	30000	0.3405932378	0.0077162603478399998	1	0.0050000000000000001
han_introgressed_neutral_g645_gate_r011	Han	neutral	0	2026084761	29	mean_p_tmrca_lt	focal	40000	0.40874073280000001	0.0077162603478399998	1	0.0050000000000000001
han_introgressed_neutral_g645_gate_r011	Han	neutral	0	2026084761	29	mean_p_tmrca_lt	focal	50000	0.46380585559999998	0.0077162603478399998	1	0.0050000000000000001
han_introgressed_neutral_g645_gate_r011	Han	neutral	0	2026084761	29	mean_p_tmrca_lt	local_100kb	1000	0.0122513321329	0.0077162603478399998	1	0.0050000000000000001
han_introgressed_neutral_g645_gate_r011	Han	neutral	0	2026084761	29	mean_p_tmrca_lt	local_100kb	4500	0.058714499118600001	0.0077162603478399998	1	0.0050000000000000001
han_introgressed_neutral_g645_gate_r011	Han	neutral	0	2026084761	29	mean_p_tmrca_lt	local_100kb	10000	0.12738611299700001	0.0077162603478399998	1	0.0050000000000000001
han_introgressed_neutral_g645_gate_r011	Han	neutral	0	2026084761	29	mean_p_tmrca_lt	local_100kb	20000	0.22898119406199999	0.0077162603478399998	1	0.0050000000000000001
han_introgressed_neutral_g645_gate_r011	Han	neutral	0	2026084761	29	mean_p_tmrca_lt	local_100kb	30000	0.30563221916700001	0.0077162603478399998	1	0.0050000000000000001
han_introgressed_neutral_g645_gate_r011	Han	neutral	0	2026084761	29	mean_p_tmrca_lt	local_100kb	40000	0.36503872431899997	0.0077162603478399998	1	0.0050000000000000001
han_introgressed_neutral_g645_gate_r011	Han	neutral	0	2026084761	29	mean_p_tmrca_lt	local_100kb	50000	0.41260077784299998	0.0077162603478399998	1	0.0050000000000000001
han_introgressed_neutral_g645_gate_r011	Han	neutral	0	2026084761	29	paper_frac_posterior_mean_below	focal	1000	0.000202020202	0.0077162603478399998	1	0.0050000000000000001
han_introgressed_neutral_g645_gate_r011	Han	neutral	0	2026084761	29	paper_frac_posterior_mean_below	focal	4500	0.0012121212120000001	0.0077162603478399998	1	0.0050000000000000001
han_introgressed_neutral_g645_gate_r011	Han	neutral	0	2026084761	29	paper_frac_posterior_mean_below	focal	10000	0.021616161620000001	0.0077162603478399998	1	0.0050000000000000001
han_introgressed_neutral_g645_gate_r011	Han	neutral	0	2026084761	29	paper_frac_posterior_mean_below	focal	20000	0.1272727273	0.0077162603478399998	1	0.0050000000000000001
han_introgressed_neutral_g645_gate_r011	Han	neutral	0	2026084761	29	paper_frac_posterior_mean_below	focal	30000	0.2208080808	0.0077162603478399998	1	0.0050000000000000001
han_introgressed_neutral_g645_gate_r011	Han	neutral	0	2026084761	29	paper_frac_posterior_mean_below	focal	40000	0.29151515150000001	0.0077162603478399998	1	0.0050000000000000001
han_introgressed_neutral_g645_gate_r011	Han	neutral	0	2026084761	29	paper_frac_posterior_mean_below	focal	50000	0.35232323230000001	0.0077162603478399998	1	0.0050000000000000001
han_introgressed_neutral_g645_gate_r011	Han	neutral	0	2026084761	29	paper_frac_posterior_mean_below	local_100kb	1000	0.000202020202	0.0077162603478399998	1	0.0050000000000000001
han_introgressed_neutral_g645_gate_r011	Han	neutral	0	2026084761	29	paper_frac_posterior_mean_below	local_100kb	4500	0.0012602212601000001	0.0077162603478399998	1	0.0050000000000000001
han_introgressed_neutral_g645_gate_r011	Han	neutral	0	2026084761	29	paper_frac_posterior_mean_below	local_100kb	10000	0.0211832611824	0.0077162603478399998	1	0.0050000000000000001
han_introgressed_neutral_g645_gate_r011	Han	neutral	0	2026084761	29	paper_frac_posterior_mean_below	local_100kb	20000	0.122020202026	0.0077162603478399998	1	0.0050000000000000001
han_introgressed_neutral_g645_gate_r011	Han	neutral	0	2026084761	29	paper_frac_posterior_mean_below	local_100kb	30000	0.21765271765700001	0.0077162603478399998	1	0.0050000000000000001
han_introgressed_neutral_g645_gate_r011	Han	neutral	0	2026084761	29	paper_frac_posterior_mean_below	local_100kb	40000	0.29141895141399998	0.0077162603478399998	1	0.0050000000000000001
han_introgressed_neutral_g645_gate_r011	Han	neutral	0	2026084761	29	paper_frac_posterior_mean_below	local_100kb	50000	0.34285714286199998	0.0077162603478399998	1	0.0050000000000000001
han_introgressed_neutral_g645_gate_r012	Han	neutral	0	2026084805	29	mean_p_tmrca_lt	focal	1000	0.0094773763919999993	0.0186982608035	2	0.01
han_introgressed_neutral_g645_gate_r012	Han	neutral	0	2026084805	29	mean_p_tmrca_lt	focal	4500	0.046825415420000002	0.0186982608035	2	0.01
han_introgressed_neutral_g645_gate_r012	Han	neutral	0	2026084805	29	mean_p_tmrca_lt	focal	10000	0.1049597025	0.0186982608035	2	0.01
han_introgressed_neutral_g645_gate_r012	Han	neutral	0	2026084805	29	mean_p_tmrca_lt	focal	20000	0.19833149	0.0186982608035	2	0.01
han_introgressed_neutral_g645_gate_r012	Han	neutral	0	2026084805	29	mean_p_tmrca_lt	focal	30000	0.2753922271	0.0186982608035	2	0.01
han_introgressed_neutral_g645_gate_r012	Han	neutral	0	2026084805	29	mean_p_tmrca_lt	focal	40000	0.339195788	0.0186982608035	2	0.01
han_introgressed_neutral_g645_gate_r012	Han	neutral	0	2026084805	29	mean_p_tmrca_lt	focal	50000	0.39266849339999998	0.0186982608035	2	0.01
han_introgressed_neutral_g645_gate_r012	Han	neutral	0	2026084805	29	mean_p_tmrca_lt	local_100kb	1000	0.0124220395528	0.0186982608035	2	0.01
han_introgressed_neutral_g645_gate_r012	Han	neutral	0	2026084805	29	mean_p_tmrca_lt	local_100kb	4500	0.058761321811000002	0.0186982608035	2	0.01
han_introgressed_neutral_g645_gate_r012	Han	neutral	0	2026084805	29	mean_p_tmrca_lt	local_100kb	10000	0.126952621825	0.0186982608035	2	0.01
han_introgressed_neutral_g645_gate_r012	Han	neutral	0	2026084805	29	mean_p_tmrca_lt	local_100kb	20000	0.23003048040999999	0.0186982608035	2	0.01
han_introgressed_neutral_g645_gate_r012	Han	neutral	0	2026084805	29	mean_p_tmrca_lt	local_100kb	30000	0.31026384088100001	0.0186982608035	2	0.01
han_introgressed_neutral_g645_gate_r012	Han	neutral	0	2026084805	29	mean_p_tmrca_lt	local_100kb	40000	0.373616545952	0.0186982608035	2	0.01
han_introgressed_neutral_g645_gate_r012	Han	neutral	0	2026084805	29	mean_p_tmrca_lt	local_100kb	50000	0.42465234834299997	0.0186982608035	2	0.01
han_introgressed_neutral_g645_gate_r012	Han	neutral	0	2026084805	29	paper_frac_posterior_mean_below	focal	1000	0.000202020202	0.0186982608035	2	0.01
han_introgressed_neutral_g645_gate_r012	Han	neutral	0	2026084805	29	paper_frac_posterior_mean_below	focal	4500	0.0020202020199999999	0.0186982608035	2	0.01
han_introgressed_neutral_g645_gate_r012	Han	neutral	0	2026084805	29	paper_frac_posterior_mean_below	focal	10000	0.01676767677	0.0186982608035	2	0.01
han_introgressed_neutral_g645_gate_r012	Han	neutral	0	2026084805	29	paper_frac_posterior_mean_below	focal	20000	0.079191919190000001	0.0186982608035	2	0.01
han_introgressed_neutral_g645_gate_r012	Han	neutral	0	2026084805	29	paper_frac_posterior_mean_below	focal	30000	0.15171717169999999	0.0186982608035	2	0.01
han_introgressed_neutral_g645_gate_r012	Han	neutral	0	2026084805	29	paper_frac_posterior_mean_below	focal	40000	0.222020202	0.0186982608035	2	0.01
han_introgressed_neutral_g645_gate_r012	Han	neutral	0	2026084805	29	paper_frac_posterior_mean_below	focal	50000	0.28949494949999999	0.0186982608035	2	0.01
han_introgressed_neutral_g645_gate_r012	Han	neutral	0	2026084805	29	paper_frac_posterior_mean_below	local_100kb	1000	0.000202020202	0.0186982608035	2	0.01
han_introgressed_neutral_g645_gate_r012	Han	neutral	0	2026084805	29	paper_frac_posterior_mean_below	local_100kb	4500	0.0020971620969500002	0.0186982608035	2	0.01
han_introgressed_neutral_g645_gate_r012	Han	neutral	0	2026084805	29	paper_frac_posterior_mean_below	local_100kb	10000	0.0184319384324	0.0186982608035	2	0.01
han_introgressed_neutral_g645_gate_r012	Han	neutral	0	2026084805	29	paper_frac_posterior_mean_below	local_100kb	20000	0.097604617605200006	0.0186982608035	2	0.01
han_introgressed_neutral_g645_gate_r012	Han	neutral	0	2026084805	29	paper_frac_posterior_mean_below	local_100kb	30000	0.21174603175699999	0.0186982608035	2	0.01
han_introgressed_neutral_g645_gate_r012	Han	neutral	0	2026084805	29	paper_frac_posterior_mean_below	local_100kb	40000	0.298989899	0.0186982608035	2	0.01
han_introgressed_neutral_g645_gate_r012	Han	neutral	0	2026084805	29	paper_frac_posterior_mean_below	local_100kb	50000	0.35700817701400001	0.0186982608035	2	0.01
han_introgressed_neutral_g645_gate_r013	Han	neutral	0	2026084836	29	mean_p_tmrca_lt	focal	1000	0.014588408359999999	0.0031290347079799999	1	0.0050000000000000001
han_introgressed_neutral_g645_gate_r013	Han	neutral	0	2026084836	29	mean_p_tmrca_lt	focal	4500	0.066705736710000005	0.0031290347079799999	1	0.0050000000000000001
han_introgressed_neutral_g645_gate_r013	Han	neutral	0	2026084836	29	mean_p_tmrca_lt	focal	10000	0.14316096319999999	0.0031290347079799999	1	0.0050000000000000001
han_introgressed_neutral_g645_gate_r013	Han	neutral	0	2026084836	29	mean_p_tmrca_lt	focal	20000	0.2567722341	0.0031290347079799999	1	0.0050000000000000001
han_introgressed_neutral_g645_gate_r013	Han	neutral	0	2026084836	29	mean_p_tmrca_lt	focal	30000	0.34194214839999998	0.0031290347079799999	1	0.0050000000000000001
han_introgressed_neutral_g645_gate_r013	Han	neutral	0	2026084836	29	mean_p_tmrca_lt	focal	40000	0.40653703390000001	0.0031290347079799999	1	0.0050000000000000001
han_introgressed_neutral_g645_gate_r013	Han	neutral	0	2026084836	29	mean_p_tmrca_lt	focal	50000	0.45680481000000001	0.0031290347079799999	1	0.0050000000000000001
han_introgressed_neutral_g645_gate_r013	Han	neutral	0	2026084836	29	mean_p_tmrca_lt	local_100kb	1000	0.014391685363300001	0.0031290347079799999	1	0.0050000000000000001
han_introgressed_neutral_g645_gate_r013	Han	neutral	0	2026084836	29	mean_p_tmrca_lt	local_100kb	4500	0.0628320061614	0.0031290347079799999	1	0.0050000000000000001
han_introgressed_neutral_g645_gate_r013	Han	neutral	0	2026084836	29	mean_p_tmrca_lt	local_100kb	10000	0.13040132445300001	0.0031290347079799999	1	0.0050000000000000001
han_introgressed_neutral_g645_gate_r013	Han	neutral	0	2026084836	29	mean_p_tmrca_lt	local_100kb	20000	0.22723677067100001	0.0031290347079799999	1	0.0050000000000000001
han_introgressed_neutral_g645_gate_r013	Han	neutral	0	2026084836	29	mean_p_tmrca_lt	local_100kb	30000	0.298851336257	0.0031290347079799999	1	0.0050000000000000001
han_introgressed_neutral_g645_gate_r013	Han	neutral	0	2026084836	29	mean_p_tmrca_lt	local_100kb	40000	0.35350971399499997	0.0031290347079799999	1	0.0050000000000000001
han_introgressed_neutral_g645_gate_r013	Han	neutral	0	2026084836	29	mean_p_tmrca_lt	local_100kb	50000	0.39669175173799998	0.0031290347079799999	1	0.0050000000000000001
han_introgressed_neutral_g645_gate_r013	Han	neutral	0	2026084836	29	paper_frac_posterior_mean_below	focal	1000	0.00101010101	0.0031290347079799999	1	0.0050000000000000001
han_introgressed_neutral_g645_gate_r013	Han	neutral	0	2026084836	29	paper_frac_posterior_mean_below	focal	4500	0.002626262626	0.0031290347079799999	1	0.0050000000000000001
han_introgressed_neutral_g645_gate_r013	Han	neutral	0	2026084836	29	paper_frac_posterior_mean_below	focal	10000	0.01797979798	0.0031290347079799999	1	0.0050000000000000001
han_introgressed_neutral_g645_gate_r013	Han	neutral	0	2026084836	29	paper_frac_posterior_mean_below	focal	20000	0.12989898990000001	0.0031290347079799999	1	0.0050000000000000001
han_introgressed_neutral_g645_gate_r013	Han	neutral	0	2026084836	29	paper_frac_posterior_mean_below	focal	30000	0.25212121209999999	0.0031290347079799999	1	0.0050000000000000001
han_introgressed_neutral_g645_gate_r013	Han	neutral	0	2026084836	29	paper_frac_posterior_mean_below	focal	40000	0.32383838380000002	0.0031290347079799999	1	0.0050000000000000001
han_introgressed_neutral_g645_gate_r013	Han	neutral	0	2026084836	29	paper_frac_posterior_mean_below	focal	50000	0.4408080808	0.0031290347079799999	1	0.0050000000000000001
han_introgressed_neutral_g645_gate_r013	Han	neutral	0	2026084836	29	paper_frac_posterior_mean_below	local_100kb	1000	0.00101010101	0.0031290347079799999	1	0.0050000000000000001
han_introgressed_neutral_g645_gate_r013	Han	neutral	0	2026084836	29	paper_frac_posterior_mean_below	local_100kb	4500	0.0028571428568600001	0.0031290347079799999	1	0.0050000000000000001
han_introgressed_neutral_g645_gate_r013	Han	neutral	0	2026084836	29	paper_frac_posterior_mean_below	local_100kb	10000	0.020125060124300001	0.0031290347079799999	1	0.0050000000000000001
han_introgressed_neutral_g645_gate_r013	Han	neutral	0	2026084836	29	paper_frac_posterior_mean_below	local_100kb	20000	0.12768638769400001	0.0031290347079799999	1	0.0050000000000000001
han_introgressed_neutral_g645_gate_r013	Han	neutral	0	2026084836	29	paper_frac_posterior_mean_below	local_100kb	30000	0.22224146224300001	0.0031290347079799999	1	0.0050000000000000001
han_introgressed_neutral_g645_gate_r013	Han	neutral	0	2026084836	29	paper_frac_posterior_mean_below	local_100kb	40000	0.29320827319499998	0.0031290347079799999	1	0.0050000000000000001
han_introgressed_neutral_g645_gate_r013	Han	neutral	0	2026084836	29	paper_frac_posterior_mean_below	local_100kb	50000	0.34678210678999999	0.0031290347079799999	1	0.0050000000000000001
han_introgressed_neutral_g645_gate_r014	Han	neutral	0	2026084840	29	mean_p_tmrca_lt	focal	1000	0.01399153691	0.010184552289799999	5	0.025000000000000001
han_introgressed_neutral_g645_gate_r014	Han	neutral	0	2026084840	29	mean_p_tmrca_lt	focal	4500	0.065769183189999997	0.010184552289799999	5	0.025000000000000001
han_introgressed_neutral_g645_gate_r014	Han	neutral	0	2026084840	29	mean_p_tmrca_lt	focal	10000	0.14084953629999999	0.010184552289799999	5	0.025000000000000001
han_introgressed_neutral_g645_gate_r014	Han	neutral	0	2026084840	29	mean_p_tmrca_lt	focal	20000	0.2495885098	0.010184552289799999	5	0.025000000000000001
han_introgressed_neutral_g645_gate_r014	Han	neutral	0	2026084840	29	mean_p_tmrca_lt	focal	30000	0.32839242159999998	0.010184552289799999	5	0.025000000000000001
han_introgressed_neutral_g645_gate_r014	Han	neutral	0	2026084840	29	mean_p_tmrca_lt	focal	40000	0.386357744	0.010184552289799999	5	0.025000000000000001
han_introgressed_neutral_g645_gate_r014	Han	neutral	0	2026084840	29	mean_p_tmrca_lt	focal	50000	0.43010809449999998	0.010184552289799999	5	0.025000000000000001
han_introgressed_neutral_g645_gate_r014	Han	neutral	0	2026084840	29	mean_p_tmrca_lt	local_100kb	1000	0.017044483634300001	0.010184552289799999	5	0.025000000000000001
han_introgressed_neutral_g645_gate_r014	Han	neutral	0	2026084840	29	mean_p_tmrca_lt	local_100kb	4500	0.0781035075843	0.010184552289799999	5	0.025000000000000001
han_introgressed_neutral_g645_gate_r014	Han	neutral	0	2026084840	29	mean_p_tmrca_lt	local_100kb	10000	0.164712619876	0.010184552289799999	5	0.025000000000000001
han_introgressed_neutral_g645_gate_r014	Han	neutral	0	2026084840	29	mean_p_tmrca_lt	local_100kb	20000	0.29057450419999997	0.010184552289799999	5	0.025000000000000001
han_introgressed_neutral_g645_gate_r014	Han	neutral	0	2026084840	29	mean_p_tmrca_lt	local_100kb	30000	0.38485082031399998	0.010184552289799999	5	0.025000000000000001
han_introgressed_neutral_g645_gate_r014	Han	neutral	0	2026084840	29	mean_p_tmrca_lt	local_100kb	40000	0.457244943214	0.010184552289799999	5	0.025000000000000001
han_introgressed_neutral_g645_gate_r014	Han	neutral	0	2026084840	29	mean_p_tmrca_lt	local_100kb	50000	0.51434980770500005	0.010184552289799999	5	0.025000000000000001
han_introgressed_neutral_g645_gate_r014	Han	neutral	0	2026084840	29	paper_frac_posterior_mean_below	focal	1000	0.000202020202	0.010184552289799999	5	0.025000000000000001
han_introgressed_neutral_g645_gate_r014	Han	neutral	0	2026084840	29	paper_frac_posterior_mean_below	focal	4500	0.0036363636360000002	0.010184552289799999	5	0.025000000000000001
han_introgressed_neutral_g645_gate_r014	Han	neutral	0	2026084840	29	paper_frac_posterior_mean_below	focal	10000	0.026262626260000001	0.010184552289799999	5	0.025000000000000001
han_introgressed_neutral_g645_gate_r014	Han	neutral	0	2026084840	29	paper_frac_posterior_mean_below	focal	20000	0.17757575759999999	0.010184552289799999	5	0.025000000000000001
han_introgressed_neutral_g645_gate_r014	Han	neutral	0	2026084840	29	paper_frac_posterior_mean_below	focal	30000	0.2844444444	0.010184552289799999	5	0.025000000000000001
han_introgressed_neutral_g645_gate_r014	Han	neutral	0	2026084840	29	paper_frac_posterior_mean_below	focal	40000	0.35838383839999999	0.010184552289799999	5	0.025000000000000001
han_introgressed_neutral_g645_gate_r014	Han	neutral	0	2026084840	29	paper_frac_posterior_mean_below	focal	50000	0.40646464650000003	0.010184552289799999	5	0.025000000000000001
han_introgressed_neutral_g645_gate_r014	Han	neutral	0	2026084840	29	paper_frac_posterior_mean_below	local_100kb	1000	0.000202020202	0.010184552289799999	5	0.025000000000000001
han_introgressed_neutral_g645_gate_r014	Han	neutral	0	2026084840	29	paper_frac_posterior_mean_below	local_100kb	4500	0.00366522366486	0.010184552289799999	5	0.025000000000000001
han_introgressed_neutral_g645_gate_r014	Han	neutral	0	2026084840	29	paper_frac_posterior_mean_below	local_100kb	10000	0.0291197691195	0.010184552289799999	5	0.025000000000000001
han_introgressed_neutral_g645_gate_r014	Han	neutral	0	2026084840	29	paper_frac_posterior_mean_below	local_100kb	20000	0.15839345839499999	0.010184552289799999	5	0.025000000000000001
han_introgressed_neutral_g645_gate_r014	Han	neutral	0	2026084840	29	paper_frac_posterior_mean_below	local_100kb	30000	0.27822991822900001	0.010184552289799999	5	0.025000000000000001
han_introgressed_neutral_g645_gate_r014	Han	neutral	0	2026084840	29	paper_frac_posterior_mean_below	local_100kb	40000	0.37872053873299999	0.010184552289799999	5	0.025000000000000001
han_introgressed_neutral_g645_gate_r014	Han	neutral	0	2026084840	29	paper_frac_posterior_mean_below	local_100kb	50000	0.443973063971	0.010184552289799999	5	0.025000000000000001
han_introgressed_neutral_g645_gate_r015	Han	neutral	0	2026084841	29	mean_p_tmrca_lt	focal	1000	0.025922316720000001	0.0021872863978099999	1	0.0050000000000000001
han_introgressed_neutral_g645_gate_r015	Han	neutral	0	2026084841	29	mean_p_tmrca_lt	focal	4500	0.12197011050000001	0.0021872863978099999	1	0.0050000000000000001
han_introgressed_neutral_g645_gate_r015	Han	neutral	0	2026084841	29	mean_p_tmrca_lt	focal	10000	0.25142386649999998	0.0021872863978099999	1	0.0050000000000000001
han_introgressed_neutral_g645_gate_r015	Han	neutral	0	2026084841	29	mean_p_tmrca_lt	focal	20000	0.4141937664	0.0021872863978099999	1	0.0050000000000000001
han_introgressed_neutral_g645_gate_r015	Han	neutral	0	2026084841	29	mean_p_tmrca_lt	focal	30000	0.51424780550000004	0.0021872863978099999	1	0.0050000000000000001
han_introgressed_neutral_g645_gate_r015	Han	neutral	0	2026084841	29	mean_p_tmrca_lt	focal	40000	0.57924464890000005	0.0021872863978099999	1	0.0050000000000000001
han_introgressed_neutral_g645_gate_r015	Han	neutral	0	2026084841	29	mean_p_tmrca_lt	focal	50000	0.62453959989999996	0.0021872863978099999	1	0.0050000000000000001
han_introgressed_neutral_g645_gate_r015	Han	neutral	0	2026084841	29	mean_p_tmrca_lt	local_100kb	1000	0.021826263983799998	0.0021872863978099999	1	0.0050000000000000001
han_introgressed_neutral_g645_gate_r015	Han	neutral	0	2026084841	29	mean_p_tmrca_lt	local_100kb	4500	0.104053317061	0.0021872863978099999	1	0.0050000000000000001
han_introgressed_neutral_g645_gate_r015	Han	neutral	0	2026084841	29	mean_p_tmrca_lt	local_100kb	10000	0.22077322565499999	0.0021872863978099999	1	0.0050000000000000001
han_introgressed_neutral_g645_gate_r015	Han	neutral	0	2026084841	29	mean_p_tmrca_lt	local_100kb	20000	0.38036519925700002	0.0021872863978099999	1	0.0050000000000000001
han_introgressed_neutral_g645_gate_r015	Han	neutral	0	2026084841	29	mean_p_tmrca_lt	local_100kb	30000	0.48757963084299999	0.0021872863978099999	1	0.0050000000000000001
han_introgressed_neutral_g645_gate_r015	Han	neutral	0	2026084841	29	mean_p_tmrca_lt	local_100kb	40000	0.56152887942899998	0.0021872863978099999	1	0.0050000000000000001
han_introgressed_neutral_g645_gate_r015	Han	neutral	0	2026084841	29	mean_p_tmrca_lt	local_100kb	50000	0.61480104618999998	0.0021872863978099999	1	0.0050000000000000001
han_introgressed_neutral_g645_gate_r015	Han	neutral	0	2026084841	29	paper_frac_posterior_mean_below	focal	1000	0.000202020202	0.0021872863978099999	1	0.0050000000000000001
han_introgressed_neutral_g645_gate_r015	Han	neutral	0	2026084841	29	paper_frac_posterior_mean_below	focal	4500	0.003838383838	0.0021872863978099999	1	0.0050000000000000001
han_introgressed_neutral_g645_gate_r015	Han	neutral	0	2026084841	29	paper_frac_posterior_mean_below	focal	10000	0.089696969700000004	0.0021872863978099999	1	0.0050000000000000001
han_introgressed_neutral_g645_gate_r015	Han	neutral	0	2026084841	29	paper_frac_posterior_mean_below	focal	20000	0.37696969699999999	0.0021872863978099999	1	0.0050000000000000001
han_introgressed_neutral_g645_gate_r015	Han	neutral	0	2026084841	29	paper_frac_posterior_mean_below	focal	30000	0.51838383840000002	0.0021872863978099999	1	0.0050000000000000001
han_introgressed_neutral_g645_gate_r015	Han	neutral	0	2026084841	29	paper_frac_posterior_mean_below	focal	40000	0.58121212119999999	0.0021872863978099999	1	0.0050000000000000001
han_introgressed_neutral_g645_gate_r015	Han	neutral	0	2026084841	29	paper_frac_posterior_mean_below	focal	50000	0.6044444444	0.0021872863978099999	1	0.0050000000000000001
han_introgressed_neutral_g645_gate_r015	Han	neutral	0	2026084841	29	paper_frac_posterior_mean_below	local_100kb	1000	0.00025012025009499999	0.0021872863978099999	1	0.0050000000000000001
han_introgressed_neutral_g645_gate_r015	Han	neutral	0	2026084841	29	paper_frac_posterior_mean_below	local_100kb	4500	0.0037421837418100002	0.0021872863978099999	1	0.0050000000000000001
han_introgressed_neutral_g645_gate_r015	Han	neutral	0	2026084841	29	paper_frac_posterior_mean_below	local_100kb	10000	0.0611351611357	0.0021872863978099999	1	0.0050000000000000001
han_introgressed_neutral_g645_gate_r015	Han	neutral	0	2026084841	29	paper_frac_posterior_mean_below	local_100kb	20000	0.29371813372200001	0.0021872863978099999	1	0.0050000000000000001
han_introgressed_neutral_g645_gate_r015	Han	neutral	0	2026084841	29	paper_frac_posterior_mean_below	local_100kb	30000	0.45066859067100001	0.0021872863978099999	1	0.0050000000000000001
han_introgressed_neutral_g645_gate_r015	Han	neutral	0	2026084841	29	paper_frac_posterior_mean_below	local_100kb	40000	0.53273689273799996	0.0021872863978099999	1	0.0050000000000000001
han_introgressed_neutral_g645_gate_r015	Han	neutral	0	2026084841	29	paper_frac_posterior_mean_below	local_100kb	50000	0.58447330447099999	0.0021872863978099999	1	0.0050000000000000001
han_introgressed_neutral_g645_gate_r016	Han	neutral	0	2026084853	29	mean_p_tmrca_lt	focal	1000	0.0097614686839999996	0.081651097440600007	21	0.105
han_introgressed_neutral_g645_gate_r016	Han	neutral	0	2026084853	29	mean_p_tmrca_lt	focal	4500	0.044049988999999998	0.081651097440600007	21	0.105
han_introgressed_neutral_g645_gate_r016	Han	neutral	0	2026084853	29	mean_p_tmrca_lt	focal	10000	0.1002330545	0.081651097440600007	21	0.105
han_introgressed_neutral_g645_gate_r016	Han	neutral	0	2026084853	29	mean_p_tmrca_lt	focal	20000	0.20039469809999999	0.081651097440600007	21	0.105
han_introgressed_neutral_g645_gate_r016	Han	neutral	0	2026084853	29	mean_p_tmrca_lt	focal	30000	0.29202710659999997	0.081651097440600007	21	0.105
han_introgressed_neutral_g645_gate_r016	Han	neutral	0	2026084853	29	mean_p_tmrca_lt	focal	40000	0.37264386649999998	0.081651097440600007	21	0.105
han_introgressed_neutral_g645_gate_r016	Han	neutral	0	2026084853	29	mean_p_tmrca_lt	focal	50000	0.44210973609999998	0.081651097440600007	21	0.105
han_introgressed_neutral_g645_gate_r016	Han	neutral	0	2026084853	29	mean_p_tmrca_lt	local_100kb	1000	0.016676850567800001	0.081651097440600007	21	0.105
han_introgressed_neutral_g645_gate_r016	Han	neutral	0	2026084853	29	mean_p_tmrca_lt	local_100kb	4500	0.074751024713300002	0.081651097440600007	21	0.105
han_introgressed_neutral_g645_gate_r016	Han	neutral	0	2026084853	29	mean_p_tmrca_lt	local_100kb	10000	0.15985932479000001	0.081651097440600007	21	0.105
han_introgressed_neutral_g645_gate_r016	Han	neutral	0	2026084853	29	mean_p_tmrca_lt	local_100kb	20000	0.287828670776	0.081651097440600007	21	0.105
han_introgressed_neutral_g645_gate_r016	Han	neutral	0	2026084853	29	mean_p_tmrca_lt	local_100kb	30000	0.38659533807099999	0.081651097440600007	21	0.105
han_introgressed_neutral_g645_gate_r016	Han	neutral	0	2026084853	29	mean_p_tmrca_lt	local_100kb	40000	0.46401036708100002	0.081651097440600007	21	0.105
han_introgressed_neutral_g645_gate_r016	Han	neutral	0	2026084853	29	mean_p_tmrca_lt	local_100kb	50000	0.52596424632899996	0.081651097440600007	21	0.105
han_introgressed_neutral_g645_gate_r016	Han	neutral	0	2026084853	29	paper_frac_posterior_mean_below	focal	1000	0.0012121212120000001	0.081651097440600007	21	0.105
han_introgressed_neutral_g645_gate_r016	Han	neutral	0	2026084853	29	paper_frac_posterior_mean_below	focal	4500	0.0040404040399999999	0.081651097440600007	21	0.105
han_introgressed_neutral_g645_gate_r016	Han	neutral	0	2026084853	29	paper_frac_posterior_mean_below	focal	10000	0.019797979800000001	0.081651097440600007	21	0.105
han_introgressed_neutral_g645_gate_r016	Han	neutral	0	2026084853	29	paper_frac_posterior_mean_below	focal	20000	0.1032323232	0.081651097440600007	21	0.105
han_introgressed_neutral_g645_gate_r016	Han	neutral	0	2026084853	29	paper_frac_posterior_mean_below	focal	30000	0.1628282828	0.081651097440600007	21	0.105
han_introgressed_neutral_g645_gate_r016	Han	neutral	0	2026084853	29	paper_frac_posterior_mean_below	focal	40000	0.25636363639999998	0.081651097440600007	21	0.105
han_introgressed_neutral_g645_gate_r016	Han	neutral	0	2026084853	29	paper_frac_posterior_mean_below	focal	50000	0.33696969700000001	0.081651097440600007	21	0.105
han_introgressed_neutral_g645_gate_r016	Han	neutral	0	2026084853	29	paper_frac_posterior_mean_below	local_100kb	1000	0.0012121212120000001	0.081651097440600007	21	0.105
han_introgressed_neutral_g645_gate_r016	Han	neutral	0	2026084853	29	paper_frac_posterior_mean_below	local_100kb	4500	0.0036267436263799999	0.081651097440600007	21	0.105
han_introgressed_neutral_g645_gate_r016	Han	neutral	0	2026084853	29	paper_frac_posterior_mean_below	local_100kb	10000	0.021789321790499999	0.081651097440600007	21	0.105
han_introgressed_neutral_g645_gate_r016	Han	neutral	0	2026084853	29	paper_frac_posterior_mean_below	local_100kb	20000	0.13270803271199999	0.081651097440600007	21	0.105
han_introgressed_neutral_g645_gate_r016	Han	neutral	0	2026084853	29	paper_frac_posterior_mean_below	local_100kb	30000	0.27189995189499999	0.081651097440600007	21	0.105
han_introgressed_neutral_g645_gate_r016	Han	neutral	0	2026084853	29	paper_frac_posterior_mean_below	local_100kb	40000	0.37705627706200001	0.081651097440600007	21	0.105
han_introgressed_neutral_g645_gate_r016	Han	neutral	0	2026084853	29	paper_frac_posterior_mean_below	local_100kb	50000	0.447821067814	0.081651097440600007	21	0.105
han_introgressed_neutral_g645_gate_r017	Han	neutral	0	2026084949	29	mean_p_tmrca_lt	focal	1000	0.016335566709999999	0.00142781195413	1	0.0050000000000000001
han_introgressed_neutral_g645_gate_r017	Han	neutral	0	2026084949	29	mean_p_tmrca_lt	focal	4500	0.071211760499999999	0.00142781195413	1	0.0050000000000000001
han_introgressed_neutral_g645_gate_r017	Han	neutral	0	2026084949	29	mean_p_tmrca_lt	focal	10000	0.1442551527	0.00142781195413	1	0.0050000000000000001
han_introgressed_neutral_g645_gate_r017	Han	neutral	0	2026084949	29	mean_p_tmrca_lt	focal	20000	0.2433468721	0.00142781195413	1	0.0050000000000000001
han_introgressed_neutral_g645_gate_r017	Han	neutral	0	2026084949	29	mean_p_tmrca_lt	focal	30000	0.31396061190000002	0.00142781195413	1	0.0050000000000000001
han_introgressed_neutral_g645_gate_r017	Han	neutral	0	2026084949	29	mean_p_tmrca_lt	focal	40000	0.36734405060000003	0.00142781195413	1	0.0050000000000000001
han_introgressed_neutral_g645_gate_r017	Han	neutral	0	2026084949	29	mean_p_tmrca_lt	focal	50000	0.40975679949999999	0.00142781195413	1	0.0050000000000000001
han_introgressed_neutral_g645_gate_r017	Han	neutral	0	2026084949	29	mean_p_tmrca_lt	local_100kb	1000	0.0107814079406	0.00142781195413	1	0.0050000000000000001
han_introgressed_neutral_g645_gate_r017	Han	neutral	0	2026084949	29	mean_p_tmrca_lt	local_100kb	4500	0.048922049061900001	0.00142781195413	1	0.0050000000000000001
han_introgressed_neutral_g645_gate_r017	Han	neutral	0	2026084949	29	mean_p_tmrca_lt	local_100kb	10000	0.10325220447400001	0.00142781195413	1	0.0050000000000000001
han_introgressed_neutral_g645_gate_r017	Han	neutral	0	2026084949	29	mean_p_tmrca_lt	local_100kb	20000	0.18322978847599999	0.00142781195413	1	0.0050000000000000001
han_introgressed_neutral_g645_gate_r017	Han	neutral	0	2026084949	29	mean_p_tmrca_lt	local_100kb	30000	0.24513106352399999	0.00142781195413	1	0.0050000000000000001
han_introgressed_neutral_g645_gate_r017	Han	neutral	0	2026084949	29	mean_p_tmrca_lt	local_100kb	40000	0.29504114200999998	0.00142781195413	1	0.0050000000000000001
han_introgressed_neutral_g645_gate_r017	Han	neutral	0	2026084949	29	mean_p_tmrca_lt	local_100kb	50000	0.336783151419	0.00142781195413	1	0.0050000000000000001
han_introgressed_neutral_g645_gate_r017	Han	neutral	0	2026084949	29	paper_frac_posterior_mean_below	focal	1000	0.000404040404	0.00142781195413	1	0.0050000000000000001
han_introgressed_neutral_g645_gate_r017	Han	neutral	0	2026084949	29	paper_frac_posterior_mean_below	focal	4500	0.001616161616	0.00142781195413	1	0.0050000000000000001
han_introgressed_neutral_g645_gate_r017	Han	neutral	0	2026084949	29	paper_frac_posterior_mean_below	focal	10000	0.021010101010000001	0.00142781195413	1	0.0050000000000000001
han_introgressed_neutral_g645_gate_r017	Han	neutral	0	2026084949	29	paper_frac_posterior_mean_below	focal	20000	0.14525252529999999	0.00142781195413	1	0.0050000000000000001
han_introgressed_neutral_g645_gate_r017	Han	neutral	0	2026084949	29	paper_frac_posterior_mean_below	focal	30000	0.2171717172	0.00142781195413	1	0.0050000000000000001
han_introgressed_neutral_g645_gate_r017	Han	neutral	0	2026084949	29	paper_frac_posterior_mean_below	focal	40000	0.27333333329999998	0.00142781195413	1	0.0050000000000000001
han_introgressed_neutral_g645_gate_r017	Han	neutral	0	2026084949	29	paper_frac_posterior_mean_below	focal	50000	0.303030303	0.00142781195413	1	0.0050000000000000001
han_introgressed_neutral_g645_gate_r017	Han	neutral	0	2026084949	29	paper_frac_posterior_mean_below	local_100kb	1000	0.000404040404	0.00142781195413	1	0.0050000000000000001
han_introgressed_neutral_g645_gate_r017	Han	neutral	0	2026084949	29	paper_frac_posterior_mean_below	local_100kb	4500	0.00169312169295	0.00142781195413	1	0.0050000000000000001
han_introgressed_neutral_g645_gate_r017	Han	neutral	0	2026084949	29	paper_frac_posterior_mean_below	local_100kb	10000	0.019422799422700001	0.00142781195413	1	0.0050000000000000001
han_introgressed_neutral_g645_gate_r017	Han	neutral	0	2026084949	29	paper_frac_posterior_mean_below	local_100kb	20000	0.103338143341	0.00142781195413	1	0.0050000000000000001
han_introgressed_neutral_g645_gate_r017	Han	neutral	0	2026084949	29	paper_frac_posterior_mean_below	local_100kb	30000	0.16071188072100001	0.00142781195413	1	0.0050000000000000001
han_introgressed_neutral_g645_gate_r017	Han	neutral	0	2026084949	29	paper_frac_posterior_mean_below	local_100kb	40000	0.20870610871699999	0.00142781195413	1	0.0050000000000000001
han_introgressed_neutral_g645_gate_r017	Han	neutral	0	2026084949	29	paper_frac_posterior_mean_below	local_100kb	50000	0.24259740259500001	0.00142781195413	1	0.0050000000000000001
han_introgressed_neutral_g645_gate_r018	Han	neutral	0	2026084958	29	mean_p_tmrca_lt	focal	1000	0.01246512369	0.0125085440875	2	0.01
han_introgressed_neutral_g645_gate_r018	Han	neutral	0	2026084958	29	mean_p_tmrca_lt	focal	4500	0.05496165813	0.0125085440875	2	0.01
han_introgressed_neutral_g645_gate_r018	Han	neutral	0	2026084958	29	mean_p_tmrca_lt	focal	10000	0.1148330342	0.0125085440875	2	0.01
han_introgressed_neutral_g645_gate_r018	Han	neutral	0	2026084958	29	mean_p_tmrca_lt	focal	20000	0.20250479739999999	0.0125085440875	2	0.01
han_introgressed_neutral_g645_gate_r018	Han	neutral	0	2026084958	29	mean_p_tmrca_lt	focal	30000	0.2698011944	0.0125085440875	2	0.01
han_introgressed_neutral_g645_gate_r018	Han	neutral	0	2026084958	29	mean_p_tmrca_lt	focal	40000	0.32308006519999999	0.0125085440875	2	0.01
han_introgressed_neutral_g645_gate_r018	Han	neutral	0	2026084958	29	mean_p_tmrca_lt	focal	50000	0.36643764740000001	0.0125085440875	2	0.01
han_introgressed_neutral_g645_gate_r018	Han	neutral	0	2026084958	29	mean_p_tmrca_lt	local_100kb	1000	0.011416493497599999	0.0125085440875	2	0.01
han_introgressed_neutral_g645_gate_r018	Han	neutral	0	2026084958	29	mean_p_tmrca_lt	local_100kb	4500	0.0503523764205	0.0125085440875	2	0.01
han_introgressed_neutral_g645_gate_r018	Han	neutral	0	2026084958	29	mean_p_tmrca_lt	local_100kb	10000	0.104894510205	0.0125085440875	2	0.01
han_introgressed_neutral_g645_gate_r018	Han	neutral	0	2026084958	29	mean_p_tmrca_lt	local_100kb	20000	0.18425006769499999	0.0125085440875	2	0.01
han_introgressed_neutral_g645_gate_r018	Han	neutral	0	2026084958	29	mean_p_tmrca_lt	local_100kb	30000	0.245302949219	0.0125085440875	2	0.01
han_introgressed_neutral_g645_gate_r018	Han	neutral	0	2026084958	29	mean_p_tmrca_lt	local_100kb	40000	0.29443285457099999	0.0125085440875	2	0.01
han_introgressed_neutral_g645_gate_r018	Han	neutral	0	2026084958	29	mean_p_tmrca_lt	local_100kb	50000	0.33553491984799999	0.0125085440875	2	0.01
han_introgressed_neutral_g645_gate_r018	Han	neutral	0	2026084958	29	paper_frac_posterior_mean_below	focal	1000	0.0006060606061	0.0125085440875	2	0.01
han_introgressed_neutral_g645_gate_r018	Han	neutral	0	2026084958	29	paper_frac_posterior_mean_below	focal	4500	0.0024242424240000001	0.0125085440875	2	0.01
han_introgressed_neutral_g645_gate_r018	Han	neutral	0	2026084958	29	paper_frac_posterior_mean_below	focal	10000	0.01878787879	0.0125085440875	2	0.01
han_introgressed_neutral_g645_gate_r018	Han	neutral	0	2026084958	29	paper_frac_posterior_mean_below	focal	20000	0.073737373740000001	0.0125085440875	2	0.01
han_introgressed_neutral_g645_gate_r018	Han	neutral	0	2026084958	29	paper_frac_posterior_mean_below	focal	30000	0.13515151519999999	0.0125085440875	2	0.01
han_introgressed_neutral_g645_gate_r018	Han	neutral	0	2026084958	29	paper_frac_posterior_mean_below	focal	40000	0.18707070710000001	0.0125085440875	2	0.01
han_introgressed_neutral_g645_gate_r018	Han	neutral	0	2026084958	29	paper_frac_posterior_mean_below	focal	50000	0.22545454549999999	0.0125085440875	2	0.01
han_introgressed_neutral_g645_gate_r018	Han	neutral	0	2026084958	29	paper_frac_posterior_mean_below	local_100kb	1000	0.00051948051948600001	0.0125085440875	2	0.01
han_introgressed_neutral_g645_gate_r018	Han	neutral	0	2026084958	29	paper_frac_posterior_mean_below	local_100kb	4500	0.0023472823470499999	0.0125085440875	2	0.01
han_introgressed_neutral_g645_gate_r018	Han	neutral	0	2026084958	29	paper_frac_posterior_mean_below	local_100kb	10000	0.018326118326699999	0.0125085440875	2	0.01
han_introgressed_neutral_g645_gate_r018	Han	neutral	0	2026084958	29	paper_frac_posterior_mean_below	local_100kb	20000	0.093487253482900004	0.0125085440875	2	0.01
han_introgressed_neutral_g645_gate_r018	Han	neutral	0	2026084958	29	paper_frac_posterior_mean_below	local_100kb	30000	0.16824434826199999	0.0125085440875	2	0.01
han_introgressed_neutral_g645_gate_r018	Han	neutral	0	2026084958	29	paper_frac_posterior_mean_below	local_100kb	40000	0.21459355459500001	0.0125085440875	2	0.01
han_introgressed_neutral_g645_gate_r018	Han	neutral	0	2026084958	29	paper_frac_posterior_mean_below	local_100kb	50000	0.248908128905	0.0125085440875	2	0.01
han_introgressed_neutral_g645_gate_r019	Han	neutral	0	2026085010	29	mean_p_tmrca_lt	focal	1000	0.01286107903	0.0035239614187	1	0.0050000000000000001
han_introgressed_neutral_g645_gate_r019	Han	neutral	0	2026085010	29	mean_p_tmrca_lt	focal	4500	0.062801311240000005	0.0035239614187	1	0.0050000000000000001
han_introgressed_neutral_g645_gate_r019	Han	neutral	0	2026085010	29	mean_p_tmrca_lt	focal	10000	0.13989824470000001	0.0035239614187	1	0.0050000000000000001
han_introgressed_neutral_g645_gate_r019	Han	neutral	0	2026085010	29	mean_p_tmrca_lt	focal	20000	0.2535388609	0.0035239614187	1	0.0050000000000000001
han_introgressed_neutral_g645_gate_r019	Han	neutral	0	2026085010	29	mean_p_tmrca_lt	focal	30000	0.33466689230000002	0.0035239614187	1	0.0050000000000000001
han_introgressed_neutral_g645_gate_r019	Han	neutral	0	2026085010	29	mean_p_tmrca_lt	focal	40000	0.39329906059999997	0.0035239614187	1	0.0050000000000000001
han_introgressed_neutral_g645_gate_r019	Han	neutral	0	2026085010	29	mean_p_tmrca_lt	focal	50000	0.4374708028	0.0035239614187	1	0.0050000000000000001
han_introgressed_neutral_g645_gate_r019	Han	neutral	0	2026085010	29	mean_p_tmrca_lt	local_100kb	1000	0.016698912795199999	0.0035239614187	1	0.0050000000000000001
han_introgressed_neutral_g645_gate_r019	Han	neutral	0	2026085010	29	mean_p_tmrca_lt	local_100kb	4500	0.079254516354300003	0.0035239614187	1	0.0050000000000000001
han_introgressed_neutral_g645_gate_r019	Han	neutral	0	2026085010	29	mean_p_tmrca_lt	local_100kb	10000	0.17067011609499999	0.0035239614187	1	0.0050000000000000001
han_introgressed_neutral_g645_gate_r019	Han	neutral	0	2026085010	29	mean_p_tmrca_lt	local_100kb	20000	0.30020707218100001	0.0035239614187	1	0.0050000000000000001
han_introgressed_neutral_g645_gate_r019	Han	neutral	0	2026085010	29	mean_p_tmrca_lt	local_100kb	30000	0.39103410504300001	0.0035239614187	1	0.0050000000000000001
han_introgressed_neutral_g645_gate_r019	Han	neutral	0	2026085010	29	mean_p_tmrca_lt	local_100kb	40000	0.45630236732899998	0.0035239614187	1	0.0050000000000000001
han_introgressed_neutral_g645_gate_r019	Han	neutral	0	2026085010	29	mean_p_tmrca_lt	local_100kb	50000	0.50517243587100003	0.0035239614187	1	0.0050000000000000001
han_introgressed_neutral_g645_gate_r019	Han	neutral	0	2026085010	29	paper_frac_posterior_mean_below	focal	1000	0.00080808080809999998	0.0035239614187	1	0.0050000000000000001
han_introgressed_neutral_g645_gate_r019	Han	neutral	0	2026085010	29	paper_frac_posterior_mean_below	focal	4500	0.0030303030300000001	0.0035239614187	1	0.0050000000000000001
han_introgressed_neutral_g645_gate_r019	Han	neutral	0	2026085010	29	paper_frac_posterior_mean_below	focal	10000	0.030101010099999999	0.0035239614187	1	0.0050000000000000001
han_introgressed_neutral_g645_gate_r019	Han	neutral	0	2026085010	29	paper_frac_posterior_mean_below	focal	20000	0.16505050509999999	0.0035239614187	1	0.0050000000000000001
han_introgressed_neutral_g645_gate_r019	Han	neutral	0	2026085010	29	paper_frac_posterior_mean_below	focal	30000	0.28666666670000002	0.0035239614187	1	0.0050000000000000001
han_introgressed_neutral_g645_gate_r019	Han	neutral	0	2026085010	29	paper_frac_posterior_mean_below	focal	40000	0.35858585859999997	0.0035239614187	1	0.0050000000000000001
han_introgressed_neutral_g645_gate_r019	Han	neutral	0	2026085010	29	paper_frac_posterior_mean_below	focal	50000	0.39777777780000001	0.0035239614187	1	0.0050000000000000001
han_introgressed_neutral_g645_gate_r019	Han	neutral	0	2026085010	29	paper_frac_posterior_mean_below	local_100kb	1000	0.00080808080809999998	0.0035239614187	1	0.0050000000000000001
han_introgressed_neutral_g645_gate_r019	Han	neutral	0	2026085010	29	paper_frac_posterior_mean_below	local_100kb	4500	0.00321308321276	0.0035239614187	1	0.0050000000000000001
han_introgressed_neutral_g645_gate_r019	Han	neutral	0	2026085010	29	paper_frac_posterior_mean_below	local_100kb	10000	0.035064935063799998	0.0035239614187	1	0.0050000000000000001
han_introgressed_neutral_g645_gate_r019	Han	neutral	0	2026085010	29	paper_frac_posterior_mean_below	local_100kb	20000	0.207917267924	0.0035239614187	1	0.0050000000000000001
han_introgressed_neutral_g645_gate_r019	Han	neutral	0	2026085010	29	paper_frac_posterior_mean_below	local_100kb	30000	0.34387686388099997	0.0035239614187	1	0.0050000000000000001
han_introgressed_neutral_g645_gate_r019	Han	neutral	0	2026085010	29	paper_frac_posterior_mean_below	local_100kb	40000	0.42132756133299998	0.0035239614187	1	0.0050000000000000001
han_introgressed_neutral_g645_gate_r019	Han	neutral	0	2026085010	29	paper_frac_posterior_mean_below	local_100kb	50000	0.46773448773300003	0.0035239614187	1	0.0050000000000000001
han_introgressed_neutral_g645_gate_r020	Han	neutral	0	2026085015	29	mean_p_tmrca_lt	focal	1000	0.01176469948	0.018857750436699999	2	0.01
han_introgressed_neutral_g645_gate_r020	Han	neutral	0	2026085015	29	mean_p_tmrca_lt	focal	4500	0.058033602910000003	0.018857750436699999	2	0.01
han_introgressed_neutral_g645_gate_r020	Han	neutral	0	2026085015	29	mean_p_tmrca_lt	focal	10000	0.12742499039999999	0.018857750436699999	2	0.01
han_introgressed_neutral_g645_gate_r020	Han	neutral	0	2026085015	29	mean_p_tmrca_lt	focal	20000	0.23139589699999999	0.018857750436699999	2	0.01
han_introgressed_neutral_g645_gate_r020	Han	neutral	0	2026085015	29	mean_p_tmrca_lt	focal	30000	0.31032771120000002	0.018857750436699999	2	0.01
han_introgressed_neutral_g645_gate_r020	Han	neutral	0	2026085015	29	mean_p_tmrca_lt	focal	40000	0.3712197995	0.018857750436699999	2	0.01
han_introgressed_neutral_g645_gate_r020	Han	neutral	0	2026085015	29	mean_p_tmrca_lt	focal	50000	0.41946205850000001	0.018857750436699999	2	0.01
han_introgressed_neutral_g645_gate_r020	Han	neutral	0	2026085015	29	mean_p_tmrca_lt	local_100kb	1000	0.0142688479417	0.018857750436699999	2	0.01
han_introgressed_neutral_g645_gate_r020	Han	neutral	0	2026085015	29	mean_p_tmrca_lt	local_100kb	4500	0.069107943188600002	0.018857750436699999	2	0.01
han_introgressed_neutral_g645_gate_r020	Han	neutral	0	2026085015	29	mean_p_tmrca_lt	local_100kb	10000	0.14995243942399999	0.018857750436699999	2	0.01
han_introgressed_neutral_g645_gate_r020	Han	neutral	0	2026085015	29	mean_p_tmrca_lt	local_100kb	20000	0.26997717381399999	0.018857750436699999	2	0.01
han_introgressed_neutral_g645_gate_r020	Han	neutral	0	2026085015	29	mean_p_tmrca_lt	local_100kb	30000	0.360845268705	0.018857750436699999	2	0.01
han_introgressed_neutral_g645_gate_r020	Han	neutral	0	2026085015	29	mean_p_tmrca_lt	local_100kb	40000	0.43096120517100001	0.018857750436699999	2	0.01
han_introgressed_neutral_g645_gate_r020	Han	neutral	0	2026085015	29	mean_p_tmrca_lt	local_100kb	50000	0.48654282881400002	0.018857750436699999	2	0.01
han_introgressed_neutral_g645_gate_r020	Han	neutral	0	2026085015	29	paper_frac_posterior_mean_below	focal	1000	0	0.018857750436699999	2	0.01
han_introgressed_neutral_g645_gate_r020	Han	neutral	0	2026085015	29	paper_frac_posterior_mean_below	focal	4500	0.001616161616	0.018857750436699999	2	0.01
han_introgressed_neutral_g645_gate_r020	Han	neutral	0	2026085015	29	paper_frac_posterior_mean_below	focal	10000	0.022626262630000001	0.018857750436699999	2	0.01
han_introgressed_neutral_g645_gate_r020	Han	neutral	0	2026085015	29	paper_frac_posterior_mean_below	focal	20000	0.10080808080000001	0.018857750436699999	2	0.01
han_introgressed_neutral_g645_gate_r020	Han	neutral	0	2026085015	29	paper_frac_posterior_mean_below	focal	30000	0.19272727270000001	0.018857750436699999	2	0.01
han_introgressed_neutral_g645_gate_r020	Han	neutral	0	2026085015	29	paper_frac_posterior_mean_below	focal	40000	0.26707070710000003	0.018857750436699999	2	0.01
han_introgressed_neutral_g645_gate_r020	Han	neutral	0	2026085015	29	paper_frac_posterior_mean_below	focal	50000	0.33434343430000002	0.018857750436699999	2	0.01
han_introgressed_neutral_g645_gate_r020	Han	neutral	0	2026085015	29	paper_frac_posterior_mean_below	local_100kb	1000	0	0.018857750436699999	2	0.01
han_introgressed_neutral_g645_gate_r020	Han	neutral	0	2026085015	29	paper_frac_posterior_mean_below	local_100kb	4500	0.0019240019238099999	0.018857750436699999	2	0.01
han_introgressed_neutral_g645_gate_r020	Han	neutral	0	2026085015	29	paper_frac_posterior_mean_below	local_100kb	10000	0.026782106782399999	0.018857750436699999	2	0.01
han_introgressed_neutral_g645_gate_r020	Han	neutral	0	2026085015	29	paper_frac_posterior_mean_below	local_100kb	20000	0.13705627705699999	0.018857750436699999	2	0.01
han_introgressed_neutral_g645_gate_r020	Han	neutral	0	2026085015	29	paper_frac_posterior_mean_below	local_100kb	30000	0.25691197691000001	0.018857750436699999	2	0.01
han_introgressed_neutral_g645_gate_r020	Han	neutral	0	2026085015	29	paper_frac_posterior_mean_below	local_100kb	40000	0.34241462240999998	0.018857750436699999	2	0.01
han_introgressed_neutral_g645_gate_r020	Han	neutral	0	2026085015	29	paper_frac_posterior_mean_below	local_100kb	50000	0.40149110148599998	0.018857750436699999	2	0.01
han_introgressed_neutral_g645_gate_r021	Han	neutral	0	2026085048	29	mean_p_tmrca_lt	focal	1000	0.01457748029	0.015698336750999999	3	0.014999999999999999
han_introgressed_neutral_g645_gate_r021	Han	neutral	0	2026085048	29	mean_p_tmrca_lt	focal	4500	0.065375036859999999	0.015698336750999999	3	0.014999999999999999
han_introgressed_neutral_g645_gate_r021	Han	neutral	0	2026085048	29	mean_p_tmrca_lt	focal	10000	0.1394031969	0.015698336750999999	3	0.014999999999999999
han_introgressed_neutral_g645_gate_r021	Han	neutral	0	2026085048	29	mean_p_tmrca_lt	focal	20000	0.24892070020000001	0.015698336750999999	3	0.014999999999999999
han_introgressed_neutral_g645_gate_r021	Han	neutral	0	2026085048	29	mean_p_tmrca_lt	focal	30000	0.33244219990000001	0.015698336750999999	3	0.014999999999999999
han_introgressed_neutral_g645_gate_r021	Han	neutral	0	2026085048	29	mean_p_tmrca_lt	focal	40000	0.39817641320000002	0.015698336750999999	3	0.014999999999999999
han_introgressed_neutral_g645_gate_r021	Han	neutral	0	2026085048	29	mean_p_tmrca_lt	focal	50000	0.45167237789999998	0.015698336750999999	3	0.014999999999999999
han_introgressed_neutral_g645_gate_r021	Han	neutral	0	2026085048	29	mean_p_tmrca_lt	local_100kb	1000	0.0155896104785	0.015698336750999999	3	0.014999999999999999
han_introgressed_neutral_g645_gate_r021	Han	neutral	0	2026085048	29	mean_p_tmrca_lt	local_100kb	4500	0.068306339970000005	0.015698336750999999	3	0.014999999999999999
han_introgressed_neutral_g645_gate_r021	Han	neutral	0	2026085048	29	mean_p_tmrca_lt	local_100kb	10000	0.14262782513	0.015698336750999999	3	0.014999999999999999
han_introgressed_neutral_g645_gate_r021	Han	neutral	0	2026085048	29	mean_p_tmrca_lt	local_100kb	20000	0.24955057336700001	0.015698336750999999	3	0.014999999999999999
han_introgressed_neutral_g645_gate_r021	Han	neutral	0	2026085048	29	mean_p_tmrca_lt	local_100kb	30000	0.32911917479000002	0.015698336750999999	3	0.014999999999999999
han_introgressed_neutral_g645_gate_r021	Han	neutral	0	2026085048	29	mean_p_tmrca_lt	local_100kb	40000	0.39041937826200002	0.015698336750999999	3	0.014999999999999999
han_introgressed_neutral_g645_gate_r021	Han	neutral	0	2026085048	29	mean_p_tmrca_lt	local_100kb	50000	0.43939089377599999	0.015698336750999999	3	0.014999999999999999
han_introgressed_neutral_g645_gate_r021	Han	neutral	0	2026085048	29	paper_frac_posterior_mean_below	focal	1000	0.0014141414139999999	0.015698336750999999	3	0.014999999999999999
han_introgressed_neutral_g645_gate_r021	Han	neutral	0	2026085048	29	paper_frac_posterior_mean_below	focal	4500	0.0034343434339999999	0.015698336750999999	3	0.014999999999999999
han_introgressed_neutral_g645_gate_r021	Han	neutral	0	2026085048	29	paper_frac_posterior_mean_below	focal	10000	0.027676767679999999	0.015698336750999999	3	0.014999999999999999
han_introgressed_neutral_g645_gate_r021	Han	neutral	0	2026085048	29	paper_frac_posterior_mean_below	focal	20000	0.1305050505	0.015698336750999999	3	0.014999999999999999
han_introgressed_neutral_g645_gate_r021	Han	neutral	0	2026085048	29	paper_frac_posterior_mean_below	focal	30000	0.24505050510000001	0.015698336750999999	3	0.014999999999999999
han_introgressed_neutral_g645_gate_r021	Han	neutral	0	2026085048	29	paper_frac_posterior_mean_below	focal	40000	0.324040404	0.015698336750999999	3	0.014999999999999999
han_introgressed_neutral_g645_gate_r021	Han	neutral	0	2026085048	29	paper_frac_posterior_mean_below	focal	50000	0.35454545450000002	0.015698336750999999	3	0.014999999999999999
han_introgressed_neutral_g645_gate_r021	Han	neutral	0	2026085048	29	paper_frac_posterior_mean_below	local_100kb	1000	0.0013852813851399999	0.015698336750999999	3	0.014999999999999999
han_introgressed_neutral_g645_gate_r021	Han	neutral	0	2026085048	29	paper_frac_posterior_mean_below	local_100kb	4500	0.00312650312619	0.015698336750999999	3	0.014999999999999999
han_introgressed_neutral_g645_gate_r021	Han	neutral	0	2026085048	29	paper_frac_posterior_mean_below	local_100kb	10000	0.030639730638999999	0.015698336750999999	3	0.014999999999999999
han_introgressed_neutral_g645_gate_r021	Han	neutral	0	2026085048	29	paper_frac_posterior_mean_below	local_100kb	20000	0.14425204424499999	0.015698336750999999	3	0.014999999999999999
han_introgressed_neutral_g645_gate_r021	Han	neutral	0	2026085048	29	paper_frac_posterior_mean_below	local_100kb	30000	0.249119769119	0.015698336750999999	3	0.014999999999999999
han_introgressed_neutral_g645_gate_r021	Han	neutral	0	2026085048	29	paper_frac_posterior_mean_below	local_100kb	40000	0.32834054834800003	0.015698336750999999	3	0.014999999999999999
han_introgressed_neutral_g645_gate_r021	Han	neutral	0	2026085048	29	paper_frac_posterior_mean_below	local_100kb	50000	0.37959595958999998	0.015698336750999999	3	0.014999999999999999
han_introgressed_neutral_g645_gate_r022	Han	neutral	0	2026085057	29	mean_p_tmrca_lt	focal	1000	0.012505480980000001	0.0073441178704299996	2	0.01
han_introgressed_neutral_g645_gate_r022	Han	neutral	0	2026085057	29	mean_p_tmrca_lt	focal	4500	0.054415771969999999	0.0073441178704299996	2	0.01
han_introgressed_neutral_g645_gate_r022	Han	neutral	0	2026085057	29	mean_p_tmrca_lt	focal	10000	0.1120190788	0.0073441178704299996	2	0.01
han_introgressed_neutral_g645_gate_r022	Han	neutral	0	2026085057	29	mean_p_tmrca_lt	focal	20000	0.19776304989999999	0.0073441178704299996	2	0.01
han_introgressed_neutral_g645_gate_r022	Han	neutral	0	2026085057	29	mean_p_tmrca_lt	focal	30000	0.26709264160000001	0.0073441178704299996	2	0.01
han_introgressed_neutral_g645_gate_r022	Han	neutral	0	2026085057	29	mean_p_tmrca_lt	focal	40000	0.32557164989999998	0.0073441178704299996	2	0.01
han_introgressed_neutral_g645_gate_r022	Han	neutral	0	2026085057	29	mean_p_tmrca_lt	focal	50000	0.37628000690000002	0.0073441178704299996	2	0.01
han_introgressed_neutral_g645_gate_r022	Han	neutral	0	2026085057	29	mean_p_tmrca_lt	local_100kb	1000	0.0097840032384800008	0.0073441178704299996	2	0.01
han_introgressed_neutral_g645_gate_r022	Han	neutral	0	2026085057	29	mean_p_tmrca_lt	local_100kb	4500	0.042451214472400002	0.0073441178704299996	2	0.01
han_introgressed_neutral_g645_gate_r022	Han	neutral	0	2026085057	29	mean_p_tmrca_lt	local_100kb	10000	0.086808667416199997	0.0073441178704299996	2	0.01
han_introgressed_neutral_g645_gate_r022	Han	neutral	0	2026085057	29	mean_p_tmrca_lt	local_100kb	20000	0.150812207871	0.0073441178704299996	2	0.01
han_introgressed_neutral_g645_gate_r022	Han	neutral	0	2026085057	29	mean_p_tmrca_lt	local_100kb	30000	0.20022832068099999	0.0073441178704299996	2	0.01
han_introgressed_neutral_g645_gate_r022	Han	neutral	0	2026085057	29	mean_p_tmrca_lt	local_100kb	40000	0.24034518186199999	0.0073441178704299996	2	0.01
han_introgressed_neutral_g645_gate_r022	Han	neutral	0	2026085057	29	mean_p_tmrca_lt	local_100kb	50000	0.27426061900999998	0.0073441178704299996	2	0.01
han_introgressed_neutral_g645_gate_r022	Han	neutral	0	2026085057	29	paper_frac_posterior_mean_below	focal	1000	0.000202020202	0.0073441178704299996	2	0.01
han_introgressed_neutral_g645_gate_r022	Han	neutral	0	2026085057	29	paper_frac_posterior_mean_below	focal	4500	0.0030303030300000001	0.0073441178704299996	2	0.01
han_introgressed_neutral_g645_gate_r022	Han	neutral	0	2026085057	29	paper_frac_posterior_mean_below	focal	10000	0.02141414141	0.0073441178704299996	2	0.01
han_introgressed_neutral_g645_gate_r022	Han	neutral	0	2026085057	29	paper_frac_posterior_mean_below	focal	20000	0.079595959600000002	0.0073441178704299996	2	0.01
han_introgressed_neutral_g645_gate_r022	Han	neutral	0	2026085057	29	paper_frac_posterior_mean_below	focal	30000	0.1187878788	0.0073441178704299996	2	0.01
han_introgressed_neutral_g645_gate_r022	Han	neutral	0	2026085057	29	paper_frac_posterior_mean_below	focal	40000	0.16424242419999999	0.0073441178704299996	2	0.01
han_introgressed_neutral_g645_gate_r022	Han	neutral	0	2026085057	29	paper_frac_posterior_mean_below	focal	50000	0.18989898990000001	0.0073441178704299996	2	0.01
han_introgressed_neutral_g645_gate_r022	Han	neutral	0	2026085057	29	paper_frac_posterior_mean_below	local_100kb	1000	0.000202020202	0.0073441178704299996	2	0.01
han_introgressed_neutral_g645_gate_r022	Han	neutral	0	2026085057	29	paper_frac_posterior_mean_below	local_100kb	4500	0.0030014430011399999	0.0073441178704299996	2	0.01
han_introgressed_neutral_g645_gate_r022	Han	neutral	0	2026085057	29	paper_frac_posterior_mean_below	local_100kb	10000	0.017633477632900001	0.0073441178704299996	2	0.01
han_introgressed_neutral_g645_gate_r022	Han	neutral	0	2026085057	29	paper_frac_posterior_mean_below	local_100kb	20000	0.078807118807599996	0.0073441178704299996	2	0.01
han_introgressed_neutral_g645_gate_r022	Han	neutral	0	2026085057	29	paper_frac_posterior_mean_below	local_100kb	30000	0.127176527176	0.0073441178704299996	2	0.01
han_introgressed_neutral_g645_gate_r022	Han	neutral	0	2026085057	29	paper_frac_posterior_mean_below	local_100kb	40000	0.16692640692399999	0.0073441178704299996	2	0.01
han_introgressed_neutral_g645_gate_r022	Han	neutral	0	2026085057	29	paper_frac_posterior_mean_below	local_100kb	50000	0.19696007696699999	0.0073441178704299996	2	0.01
han_introgressed_neutral_g645_gate_r023	Han	neutral	0	2026085106	29	mean_p_tmrca_lt	focal	1000	0.01947292485	0.00331130857447	0	0
han_introgressed_neutral_g645_gate_r023	Han	neutral	0	2026085106	29	mean_p_tmrca_lt	focal	4500	0.086584569240000006	0.00331130857447	0	0
han_introgressed_neutral_g645_gate_r023	Han	neutral	0	2026085106	29	mean_p_tmrca_lt	focal	10000	0.17867775059999999	0.00331130857447	0	0
han_introgressed_neutral_g645_gate_r023	Han	neutral	0	2026085106	29	mean_p_tmrca_lt	focal	20000	0.30920729229999999	0.00331130857447	0	0
han_introgressed_neutral_g645_gate_r023	Han	neutral	0	2026085106	29	mean_p_tmrca_lt	focal	30000	0.4070570657	0.00331130857447	0	0
han_introgressed_neutral_g645_gate_r023	Han	neutral	0	2026085106	29	mean_p_tmrca_lt	focal	40000	0.48369579660000001	0.00331130857447	0	0
han_introgressed_neutral_g645_gate_r023	Han	neutral	0	2026085106	29	mean_p_tmrca_lt	focal	50000	0.54575034710000003	0.00331130857447	0	0
han_introgressed_neutral_g645_gate_r023	Han	neutral	0	2026085106	29	mean_p_tmrca_lt	local_100kb	1000	0.015732123924800001	0.00331130857447	0	0
han_introgressed_neutral_g645_gate_r023	Han	neutral	0	2026085106	29	mean_p_tmrca_lt	local_100kb	4500	0.0707514242205	0.00331130857447	0	0
han_introgressed_neutral_g645_gate_r023	Han	neutral	0	2026085106	29	mean_p_tmrca_lt	local_100kb	10000	0.14720763323300001	0.00331130857447	0	0
han_introgressed_neutral_g645_gate_r023	Han	neutral	0	2026085106	29	mean_p_tmrca_lt	local_100kb	20000	0.256013466819	0.00331130857447	0	0
han_introgressed_neutral_g645_gate_r023	Han	neutral	0	2026085106	29	mean_p_tmrca_lt	local_100kb	30000	0.33693984713800001	0.00331130857447	0	0
han_introgressed_neutral_g645_gate_r023	Han	neutral	0	2026085106	29	mean_p_tmrca_lt	local_100kb	40000	0.39943379420500003	0.00331130857447	0	0
han_introgressed_neutral_g645_gate_r023	Han	neutral	0	2026085106	29	mean_p_tmrca_lt	local_100kb	50000	0.44931067385200002	0.00331130857447	0	0
han_introgressed_neutral_g645_gate_r023	Han	neutral	0	2026085106	29	paper_frac_posterior_mean_below	focal	1000	0.0006060606061	0.00331130857447	0	0
han_introgressed_neutral_g645_gate_r023	Han	neutral	0	2026085106	29	paper_frac_posterior_mean_below	focal	4500	0.0040404040399999999	0.00331130857447	0	0
han_introgressed_neutral_g645_gate_r023	Han	neutral	0	2026085106	29	paper_frac_posterior_mean_below	focal	10000	0.043838383840000002	0.00331130857447	0	0
han_introgressed_neutral_g645_gate_r023	Han	neutral	0	2026085106	29	paper_frac_posterior_mean_below	focal	20000	0.136969697	0.00331130857447	0	0
han_introgressed_neutral_g645_gate_r023	Han	neutral	0	2026085106	29	paper_frac_posterior_mean_below	focal	30000	0.2272727273	0.00331130857447	0	0
han_introgressed_neutral_g645_gate_r023	Han	neutral	0	2026085106	29	paper_frac_posterior_mean_below	focal	40000	0.32888888890000001	0.00331130857447	0	0
han_introgressed_neutral_g645_gate_r023	Han	neutral	0	2026085106	29	paper_frac_posterior_mean_below	focal	50000	0.37151515149999997	0.00331130857447	0	0
han_introgressed_neutral_g645_gate_r023	Han	neutral	0	2026085106	29	paper_frac_posterior_mean_below	local_100kb	1000	0.0006060606061	0.00331130857447	0	0
han_introgressed_neutral_g645_gate_r023	Han	neutral	0	2026085106	29	paper_frac_posterior_mean_below	local_100kb	4500	0.00381914381876	0.00331130857447	0	0
han_introgressed_neutral_g645_gate_r023	Han	neutral	0	2026085106	29	paper_frac_posterior_mean_below	local_100kb	10000	0.035526695526199997	0.00331130857447	0	0
han_introgressed_neutral_g645_gate_r023	Han	neutral	0	2026085106	29	paper_frac_posterior_mean_below	local_100kb	20000	0.13776815776199999	0.00331130857447	0	0
han_introgressed_neutral_g645_gate_r023	Han	neutral	0	2026085106	29	paper_frac_posterior_mean_below	local_100kb	30000	0.24608946609499999	0.00331130857447	0	0
han_introgressed_neutral_g645_gate_r023	Han	neutral	0	2026085106	29	paper_frac_posterior_mean_below	local_100kb	40000	0.32914862914800003	0.00331130857447	0	0
han_introgressed_neutral_g645_gate_r023	Han	neutral	0	2026085106	29	paper_frac_posterior_mean_below	local_100kb	50000	0.37974025974300002	0.00331130857447	0	0
han_introgressed_neutral_g645_gate_r024	Han	neutral	0	2026085146	29	mean_p_tmrca_lt	focal	1000	0.0073792787970000003	0.0054302422723500002	3	0.014999999999999999
han_introgressed_neutral_g645_gate_r024	Han	neutral	0	2026085146	29	mean_p_tmrca_lt	focal	4500	0.034388259800000001	0.0054302422723500002	3	0.014999999999999999
han_introgressed_neutral_g645_gate_r024	Han	neutral	0	2026085146	29	mean_p_tmrca_lt	focal	10000	0.073508099219999998	0.0054302422723500002	3	0.014999999999999999
han_introgressed_neutral_g645_gate_r024	Han	neutral	0	2026085146	29	mean_p_tmrca_lt	focal	20000	0.13244565380000001	0.0054302422723500002	3	0.014999999999999999
han_introgressed_neutral_g645_gate_r024	Han	neutral	0	2026085146	29	mean_p_tmrca_lt	focal	30000	0.17920055100000001	0.0054302422723500002	3	0.014999999999999999
han_introgressed_neutral_g645_gate_r024	Han	neutral	0	2026085146	29	mean_p_tmrca_lt	focal	40000	0.217712252	0.0054302422723500002	3	0.014999999999999999
han_introgressed_neutral_g645_gate_r024	Han	neutral	0	2026085146	29	mean_p_tmrca_lt	focal	50000	0.25079245550000001	0.0054302422723500002	3	0.014999999999999999
han_introgressed_neutral_g645_gate_r024	Han	neutral	0	2026085146	29	mean_p_tmrca_lt	local_100kb	1000	0.0115522668684	0.0054302422723500002	3	0.014999999999999999
han_introgressed_neutral_g645_gate_r024	Han	neutral	0	2026085146	29	mean_p_tmrca_lt	local_100kb	4500	0.054244965360000001	0.0054302422723500002	3	0.014999999999999999
han_introgressed_neutral_g645_gate_r024	Han	neutral	0	2026085146	29	mean_p_tmrca_lt	local_100kb	10000	0.116929768909	0.0054302422723500002	3	0.014999999999999999
han_introgressed_neutral_g645_gate_r024	Han	neutral	0	2026085146	29	mean_p_tmrca_lt	local_100kb	20000	0.21229351311	0.0054302422723500002	3	0.014999999999999999
han_introgressed_neutral_g645_gate_r024	Han	neutral	0	2026085146	29	mean_p_tmrca_lt	local_100kb	30000	0.28776135146699999	0.0054302422723500002	3	0.014999999999999999
han_introgressed_neutral_g645_gate_r024	Han	neutral	0	2026085146	29	mean_p_tmrca_lt	local_100kb	40000	0.34878917166200002	0.0054302422723500002	3	0.014999999999999999
han_introgressed_neutral_g645_gate_r024	Han	neutral	0	2026085146	29	mean_p_tmrca_lt	local_100kb	50000	0.39940106930000002	0.0054302422723500002	3	0.014999999999999999
han_introgressed_neutral_g645_gate_r024	Han	neutral	0	2026085146	29	paper_frac_posterior_mean_below	focal	1000	0.000202020202	0.0054302422723500002	3	0.014999999999999999
han_introgressed_neutral_g645_gate_r024	Han	neutral	0	2026085146	29	paper_frac_posterior_mean_below	focal	4500	0.0024242424240000001	0.0054302422723500002	3	0.014999999999999999
han_introgressed_neutral_g645_gate_r024	Han	neutral	0	2026085146	29	paper_frac_posterior_mean_below	focal	10000	0.01454545455	0.0054302422723500002	3	0.014999999999999999
han_introgressed_neutral_g645_gate_r024	Han	neutral	0	2026085146	29	paper_frac_posterior_mean_below	focal	20000	0.07191919192	0.0054302422723500002	3	0.014999999999999999
han_introgressed_neutral_g645_gate_r024	Han	neutral	0	2026085146	29	paper_frac_posterior_mean_below	focal	30000	0.1498989899	0.0054302422723500002	3	0.014999999999999999
han_introgressed_neutral_g645_gate_r024	Han	neutral	0	2026085146	29	paper_frac_posterior_mean_below	focal	40000	0.1884848485	0.0054302422723500002	3	0.014999999999999999
han_introgressed_neutral_g645_gate_r024	Han	neutral	0	2026085146	29	paper_frac_posterior_mean_below	focal	50000	0.2216161616	0.0054302422723500002	3	0.014999999999999999
han_introgressed_neutral_g645_gate_r024	Han	neutral	0	2026085146	29	paper_frac_posterior_mean_below	local_100kb	1000	0.000202020202	0.0054302422723500002	3	0.014999999999999999
han_introgressed_neutral_g645_gate_r024	Han	neutral	0	2026085146	29	paper_frac_posterior_mean_below	local_100kb	4500	0.0027609427606699998	0.0054302422723500002	3	0.014999999999999999
han_introgressed_neutral_g645_gate_r024	Han	neutral	0	2026085146	29	paper_frac_posterior_mean_below	local_100kb	10000	0.019009139011000001	0.0054302422723500002	3	0.014999999999999999
han_introgressed_neutral_g645_gate_r024	Han	neutral	0	2026085146	29	paper_frac_posterior_mean_below	local_100kb	20000	0.094506974509999994	0.0054302422723500002	3	0.014999999999999999
han_introgressed_neutral_g645_gate_r024	Han	neutral	0	2026085146	29	paper_frac_posterior_mean_below	local_100kb	30000	0.19443001441900001	0.0054302422723500002	3	0.014999999999999999
han_introgressed_neutral_g645_gate_r024	Han	neutral	0	2026085146	29	paper_frac_posterior_mean_below	local_100kb	40000	0.26848484848100002	0.0054302422723500002	3	0.014999999999999999
han_introgressed_neutral_g645_gate_r024	Han	neutral	0	2026085146	29	paper_frac_posterior_mean_below	local_100kb	50000	0.32000962001	0.0054302422723500002	3	0.014999999999999999
han_introgressed_neutral_g645_gate_r025	Han	neutral	0	2026085183	29	mean_p_tmrca_lt	focal	1000	0.0117336734	0.0148781043518	3	0.014999999999999999
han_introgressed_neutral_g645_gate_r025	Han	neutral	0	2026085183	29	mean_p_tmrca_lt	focal	4500	0.050975651990000002	0.0148781043518	3	0.014999999999999999
han_introgressed_neutral_g645_gate_r025	Han	neutral	0	2026085183	29	mean_p_tmrca_lt	focal	10000	0.1055013294	0.0148781043518	3	0.014999999999999999
han_introgressed_neutral_g645_gate_r025	Han	neutral	0	2026085183	29	mean_p_tmrca_lt	focal	20000	0.18779265070000001	0.0148781043518	3	0.014999999999999999
han_introgressed_neutral_g645_gate_r025	Han	neutral	0	2026085183	29	mean_p_tmrca_lt	focal	30000	0.25447158019999999	0.0148781043518	3	0.014999999999999999
han_introgressed_neutral_g645_gate_r025	Han	neutral	0	2026085183	29	mean_p_tmrca_lt	focal	40000	0.31007806770000002	0.0148781043518	3	0.014999999999999999
han_introgressed_neutral_g645_gate_r025	Han	neutral	0	2026085183	29	mean_p_tmrca_lt	focal	50000	0.35755864999999998	0.0148781043518	3	0.014999999999999999
han_introgressed_neutral_g645_gate_r025	Han	neutral	0	2026085183	29	mean_p_tmrca_lt	local_100kb	1000	0.0099741442314800009	0.0148781043518	3	0.014999999999999999
han_introgressed_neutral_g645_gate_r025	Han	neutral	0	2026085183	29	mean_p_tmrca_lt	local_100kb	4500	0.043186417783299999	0.0148781043518	3	0.014999999999999999
han_introgressed_neutral_g645_gate_r025	Han	neutral	0	2026085183	29	mean_p_tmrca_lt	local_100kb	10000	0.089440322928600005	0.0148781043518	3	0.014999999999999999
han_introgressed_neutral_g645_gate_r025	Han	neutral	0	2026085183	29	mean_p_tmrca_lt	local_100kb	20000	0.15911438303299999	0.0148781043518	3	0.014999999999999999
han_introgressed_neutral_g645_gate_r025	Han	neutral	0	2026085183	29	mean_p_tmrca_lt	local_100kb	30000	0.215253049305	0.0148781043518	3	0.014999999999999999
han_introgressed_neutral_g645_gate_r025	Han	neutral	0	2026085183	29	mean_p_tmrca_lt	local_100kb	40000	0.26190144310500002	0.0148781043518	3	0.014999999999999999
han_introgressed_neutral_g645_gate_r025	Han	neutral	0	2026085183	29	mean_p_tmrca_lt	local_100kb	50000	0.301719702619	0.0148781043518	3	0.014999999999999999
han_introgressed_neutral_g645_gate_r025	Han	neutral	0	2026085183	29	paper_frac_posterior_mean_below	focal	1000	0.0006060606061	0.0148781043518	3	0.014999999999999999
han_introgressed_neutral_g645_gate_r025	Han	neutral	0	2026085183	29	paper_frac_posterior_mean_below	focal	4500	0.0040404040399999999	0.0148781043518	3	0.014999999999999999
han_introgressed_neutral_g645_gate_r025	Han	neutral	0	2026085183	29	paper_frac_posterior_mean_below	focal	10000	0.01898989899	0.0148781043518	3	0.014999999999999999
han_introgressed_neutral_g645_gate_r025	Han	neutral	0	2026085183	29	paper_frac_posterior_mean_below	focal	20000	0.075959595960000001	0.0148781043518	3	0.014999999999999999
han_introgressed_neutral_g645_gate_r025	Han	neutral	0	2026085183	29	paper_frac_posterior_mean_below	focal	30000	0.15252525250000001	0.0148781043518	3	0.014999999999999999
han_introgressed_neutral_g645_gate_r025	Han	neutral	0	2026085183	29	paper_frac_posterior_mean_below	focal	40000	0.21414141410000001	0.0148781043518	3	0.014999999999999999
han_introgressed_neutral_g645_gate_r025	Han	neutral	0	2026085183	29	paper_frac_posterior_mean_below	focal	50000	0.29050505049999997	0.0148781043518	3	0.014999999999999999
han_introgressed_neutral_g645_gate_r025	Han	neutral	0	2026085183	29	paper_frac_posterior_mean_below	local_100kb	1000	0.000548340548371	0.0148781043518	3	0.014999999999999999
han_introgressed_neutral_g645_gate_r025	Han	neutral	0	2026085183	29	paper_frac_posterior_mean_below	local_100kb	4500	0.00385762385724	0.0148781043518	3	0.014999999999999999
han_introgressed_neutral_g645_gate_r025	Han	neutral	0	2026085183	29	paper_frac_posterior_mean_below	local_100kb	10000	0.0173929773938	0.0148781043518	3	0.014999999999999999
han_introgressed_neutral_g645_gate_r025	Han	neutral	0	2026085183	29	paper_frac_posterior_mean_below	local_100kb	20000	0.067493987494799998	0.0148781043518	3	0.014999999999999999
han_introgressed_neutral_g645_gate_r025	Han	neutral	0	2026085183	29	paper_frac_posterior_mean_below	local_100kb	30000	0.13298701298599999	0.0148781043518	3	0.014999999999999999
han_introgressed_neutral_g645_gate_r025	Han	neutral	0	2026085183	29	paper_frac_posterior_mean_below	local_100kb	40000	0.18242424241899999	0.0148781043518	3	0.014999999999999999
han_introgressed_neutral_g645_gate_r025	Han	neutral	0	2026085183	29	paper_frac_posterior_mean_below	local_100kb	50000	0.219057239057	0.0148781043518	3	0.014999999999999999
han_introgressed_neutral_g645_gate_r026	Han	neutral	0	2026085184	29	mean_p_tmrca_lt	focal	1000	0.014129474580000001	0.0077238550922799996	3	0.014999999999999999
han_introgressed_neutral_g645_gate_r026	Han	neutral	0	2026085184	29	mean_p_tmrca_lt	focal	4500	0.064615049709999997	0.0077238550922799996	3	0.014999999999999999
han_introgressed_neutral_g645_gate_r026	Han	neutral	0	2026085184	29	mean_p_tmrca_lt	focal	10000	0.13781264939999999	0.0077238550922799996	3	0.014999999999999999
han_introgressed_neutral_g645_gate_r026	Han	neutral	0	2026085184	29	mean_p_tmrca_lt	focal	20000	0.2480991125	0.0077238550922799996	3	0.014999999999999999
han_introgressed_neutral_g645_gate_r026	Han	neutral	0	2026085184	29	mean_p_tmrca_lt	focal	30000	0.33419502849999999	0.0077238550922799996	3	0.014999999999999999
han_introgressed_neutral_g645_gate_r026	Han	neutral	0	2026085184	29	mean_p_tmrca_lt	focal	40000	0.40267122	0.0077238550922799996	3	0.014999999999999999
han_introgressed_neutral_g645_gate_r026	Han	neutral	0	2026085184	29	mean_p_tmrca_lt	focal	50000	0.45840069059999999	0.0077238550922799996	3	0.014999999999999999
han_introgressed_neutral_g645_gate_r026	Han	neutral	0	2026085184	29	mean_p_tmrca_lt	local_100kb	1000	0.010982264959500001	0.0077238550922799996	3	0.014999999999999999
han_introgressed_neutral_g645_gate_r026	Han	neutral	0	2026085184	29	mean_p_tmrca_lt	local_100kb	4500	0.052180182260500002	0.0077238550922799996	3	0.014999999999999999
han_introgressed_neutral_g645_gate_r026	Han	neutral	0	2026085184	29	mean_p_tmrca_lt	local_100kb	10000	0.11473806904099999	0.0077238550922799996	3	0.014999999999999999
han_introgressed_neutral_g645_gate_r026	Han	neutral	0	2026085184	29	mean_p_tmrca_lt	local_100kb	20000	0.21428615367600001	0.0077238550922799996	3	0.014999999999999999
han_introgressed_neutral_g645_gate_r026	Han	neutral	0	2026085184	29	mean_p_tmrca_lt	local_100kb	30000	0.29633871279000001	0.0077238550922799996	3	0.014999999999999999
han_introgressed_neutral_g645_gate_r026	Han	neutral	0	2026085184	29	mean_p_tmrca_lt	local_100kb	40000	0.36451209668599999	0.0077238550922799996	3	0.014999999999999999
han_introgressed_neutral_g645_gate_r026	Han	neutral	0	2026085184	29	mean_p_tmrca_lt	local_100kb	50000	0.42200032514800001	0.0077238550922799996	3	0.014999999999999999
han_introgressed_neutral_g645_gate_r026	Han	neutral	0	2026085184	29	paper_frac_posterior_mean_below	focal	1000	0.000202020202	0.0077238550922799996	3	0.014999999999999999
han_introgressed_neutral_g645_gate_r026	Han	neutral	0	2026085184	29	paper_frac_posterior_mean_below	focal	4500	0.0020202020199999999	0.0077238550922799996	3	0.014999999999999999
han_introgressed_neutral_g645_gate_r026	Han	neutral	0	2026085184	29	paper_frac_posterior_mean_below	focal	10000	0.01131313131	0.0077238550922799996	3	0.014999999999999999
han_introgressed_neutral_g645_gate_r026	Han	neutral	0	2026085184	29	paper_frac_posterior_mean_below	focal	20000	0.095959595960000005	0.0077238550922799996	3	0.014999999999999999
han_introgressed_neutral_g645_gate_r026	Han	neutral	0	2026085184	29	paper_frac_posterior_mean_below	focal	30000	0.16909090909999999	0.0077238550922799996	3	0.014999999999999999
han_introgressed_neutral_g645_gate_r026	Han	neutral	0	2026085184	29	paper_frac_posterior_mean_below	focal	40000	0.24929292929999999	0.0077238550922799996	3	0.014999999999999999
han_introgressed_neutral_g645_gate_r026	Han	neutral	0	2026085184	29	paper_frac_posterior_mean_below	focal	50000	0.38565656570000001	0.0077238550922799996	3	0.014999999999999999
han_introgressed_neutral_g645_gate_r026	Han	neutral	0	2026085184	29	paper_frac_posterior_mean_below	local_100kb	1000	0.00029822029819000001	0.0077238550922799996	3	0.014999999999999999
han_introgressed_neutral_g645_gate_r026	Han	neutral	0	2026085184	29	paper_frac_posterior_mean_below	local_100kb	4500	0.0021356421354300002	0.0077238550922799996	3	0.014999999999999999
han_introgressed_neutral_g645_gate_r026	Han	neutral	0	2026085184	29	paper_frac_posterior_mean_below	local_100kb	10000	0.0124771524771	0.0077238550922799996	3	0.014999999999999999
han_introgressed_neutral_g645_gate_r026	Han	neutral	0	2026085184	29	paper_frac_posterior_mean_below	local_100kb	20000	0.083039923036700006	0.0077238550922799996	3	0.014999999999999999
han_introgressed_neutral_g645_gate_r026	Han	neutral	0	2026085184	29	paper_frac_posterior_mean_below	local_100kb	30000	0.16927368928100001	0.0077238550922799996	3	0.014999999999999999
han_introgressed_neutral_g645_gate_r026	Han	neutral	0	2026085184	29	paper_frac_posterior_mean_below	local_100kb	40000	0.24542568542900001	0.0077238550922799996	3	0.014999999999999999
han_introgressed_neutral_g645_gate_r026	Han	neutral	0	2026085184	29	paper_frac_posterior_mean_below	local_100kb	50000	0.31372775372900003	0.0077238550922799996	3	0.014999999999999999
han_introgressed_neutral_g645_gate_r027	Han	neutral	0	2026085233	29	mean_p_tmrca_lt	focal	1000	0.0097428631419999995	0.041566036302899997	8	0.040000000000000001
han_introgressed_neutral_g645_gate_r027	Han	neutral	0	2026085233	29	mean_p_tmrca_lt	focal	4500	0.043033998689999998	0.041566036302899997	8	0.040000000000000001
han_introgressed_neutral_g645_gate_r027	Han	neutral	0	2026085233	29	mean_p_tmrca_lt	focal	10000	0.086491158700000001	0.041566036302899997	8	0.040000000000000001
han_introgressed_neutral_g645_gate_r027	Han	neutral	0	2026085233	29	mean_p_tmrca_lt	focal	20000	0.1430692573	0.041566036302899997	8	0.040000000000000001
han_introgressed_neutral_g645_gate_r027	Han	neutral	0	2026085233	29	mean_p_tmrca_lt	focal	30000	0.18182164109999999	0.041566036302899997	8	0.040000000000000001
han_introgressed_neutral_g645_gate_r027	Han	neutral	0	2026085233	29	mean_p_tmrca_lt	focal	40000	0.21071554840000001	0.041566036302899997	8	0.040000000000000001
han_introgressed_neutral_g645_gate_r027	Han	neutral	0	2026085233	29	mean_p_tmrca_lt	focal	50000	0.23397096749999999	0.041566036302899997	8	0.040000000000000001
han_introgressed_neutral_g645_gate_r027	Han	neutral	0	2026085233	29	mean_p_tmrca_lt	local_100kb	1000	0.0106472840913	0.041566036302899997	8	0.040000000000000001
han_introgressed_neutral_g645_gate_r027	Han	neutral	0	2026085233	29	mean_p_tmrca_lt	local_100kb	4500	0.049102843823299998	0.041566036302899997	8	0.040000000000000001
han_introgressed_neutral_g645_gate_r027	Han	neutral	0	2026085233	29	mean_p_tmrca_lt	local_100kb	10000	0.10274273537299999	0.041566036302899997	8	0.040000000000000001
han_introgressed_neutral_g645_gate_r027	Han	neutral	0	2026085233	29	mean_p_tmrca_lt	local_100kb	20000	0.179533633562	0.041566036302899997	8	0.040000000000000001
han_introgressed_neutral_g645_gate_r027	Han	neutral	0	2026085233	29	mean_p_tmrca_lt	local_100kb	30000	0.238598546686	0.041566036302899997	8	0.040000000000000001
han_introgressed_neutral_g645_gate_r027	Han	neutral	0	2026085233	29	mean_p_tmrca_lt	local_100kb	40000	0.28693004147599999	0.041566036302899997	8	0.040000000000000001
han_introgressed_neutral_g645_gate_r027	Han	neutral	0	2026085233	29	mean_p_tmrca_lt	local_100kb	50000	0.32825438258099998	0.041566036302899997	8	0.040000000000000001
han_introgressed_neutral_g645_gate_r027	Han	neutral	0	2026085233	29	paper_frac_posterior_mean_below	focal	1000	0.000202020202	0.041566036302899997	8	0.040000000000000001
han_introgressed_neutral_g645_gate_r027	Han	neutral	0	2026085233	29	paper_frac_posterior_mean_below	focal	4500	0.0022222222219999998	0.041566036302899997	8	0.040000000000000001
han_introgressed_neutral_g645_gate_r027	Han	neutral	0	2026085233	29	paper_frac_posterior_mean_below	focal	10000	0.026666666669999999	0.041566036302899997	8	0.040000000000000001
han_introgressed_neutral_g645_gate_r027	Han	neutral	0	2026085233	29	paper_frac_posterior_mean_below	focal	20000	0.096363636360000005	0.041566036302899997	8	0.040000000000000001
han_introgressed_neutral_g645_gate_r027	Han	neutral	0	2026085233	29	paper_frac_posterior_mean_below	focal	30000	0.1632323232	0.041566036302899997	8	0.040000000000000001
han_introgressed_neutral_g645_gate_r027	Han	neutral	0	2026085233	29	paper_frac_posterior_mean_below	focal	40000	0.196969697	0.041566036302899997	8	0.040000000000000001
han_introgressed_neutral_g645_gate_r027	Han	neutral	0	2026085233	29	paper_frac_posterior_mean_below	focal	50000	0.21131313130000001	0.041566036302899997	8	0.040000000000000001
han_introgressed_neutral_g645_gate_r027	Han	neutral	0	2026085233	29	paper_frac_posterior_mean_below	local_100kb	1000	0.00015392015390500001	0.041566036302899997	8	0.040000000000000001
han_introgressed_neutral_g645_gate_r027	Han	neutral	0	2026085233	29	paper_frac_posterior_mean_below	local_100kb	4500	0.0020971620969500002	0.041566036302899997	8	0.040000000000000001
han_introgressed_neutral_g645_gate_r027	Han	neutral	0	2026085233	29	paper_frac_posterior_mean_below	local_100kb	10000	0.0281481481471	0.041566036302899997	8	0.040000000000000001
han_introgressed_neutral_g645_gate_r027	Han	neutral	0	2026085233	29	paper_frac_posterior_mean_below	local_100kb	20000	0.096402116408599997	0.041566036302899997	8	0.040000000000000001
han_introgressed_neutral_g645_gate_r027	Han	neutral	0	2026085233	29	paper_frac_posterior_mean_below	local_100kb	30000	0.14817700817099999	0.041566036302899997	8	0.040000000000000001
han_introgressed_neutral_g645_gate_r027	Han	neutral	0	2026085233	29	paper_frac_posterior_mean_below	local_100kb	40000	0.18916786916700001	0.041566036302899997	8	0.040000000000000001
han_introgressed_neutral_g645_gate_r027	Han	neutral	0	2026085233	29	paper_frac_posterior_mean_below	local_100kb	50000	0.22213564214299999	0.041566036302899997	8	0.040000000000000001
han_introgressed_neutral_g645_gate_r028	Han	neutral	0	2026085273	29	mean_p_tmrca_lt	focal	1000	0.01153839586	0.020817194501399999	3	0.014999999999999999
han_introgressed_neutral_g645_gate_r028	Han	neutral	0	2026085273	29	mean_p_tmrca_lt	focal	4500	0.052899872620000003	0.020817194501399999	3	0.014999999999999999
han_introgressed_neutral_g645_gate_r028	Han	neutral	0	2026085273	29	mean_p_tmrca_lt	focal	10000	0.1150406851	0.020817194501399999	3	0.014999999999999999
han_introgressed_neutral_g645_gate_r028	Han	neutral	0	2026085273	29	mean_p_tmrca_lt	focal	20000	0.20903605010000001	0.020817194501399999	3	0.014999999999999999
han_introgressed_neutral_g645_gate_r028	Han	neutral	0	2026085273	29	mean_p_tmrca_lt	focal	30000	0.27995513449999998	0.020817194501399999	3	0.014999999999999999
han_introgressed_neutral_g645_gate_r028	Han	neutral	0	2026085273	29	mean_p_tmrca_lt	focal	40000	0.33347732489999998	0.020817194501399999	3	0.014999999999999999
han_introgressed_neutral_g645_gate_r028	Han	neutral	0	2026085273	29	mean_p_tmrca_lt	focal	50000	0.37472238920000001	0.020817194501399999	3	0.014999999999999999
han_introgressed_neutral_g645_gate_r028	Han	neutral	0	2026085273	29	mean_p_tmrca_lt	local_100kb	1000	0.014519693798099999	0.020817194501399999	3	0.014999999999999999
han_introgressed_neutral_g645_gate_r028	Han	neutral	0	2026085273	29	mean_p_tmrca_lt	local_100kb	4500	0.065670791722899996	0.020817194501399999	3	0.014999999999999999
han_introgressed_neutral_g645_gate_r028	Han	neutral	0	2026085273	29	mean_p_tmrca_lt	local_100kb	10000	0.14047050638700001	0.020817194501399999	3	0.014999999999999999
han_introgressed_neutral_g645_gate_r028	Han	neutral	0	2026085273	29	mean_p_tmrca_lt	local_100kb	20000	0.25221971632399998	0.020817194501399999	3	0.014999999999999999
han_introgressed_neutral_g645_gate_r028	Han	neutral	0	2026085273	29	mean_p_tmrca_lt	local_100kb	30000	0.33757750231400002	0.020817194501399999	3	0.014999999999999999
han_introgressed_neutral_g645_gate_r028	Han	neutral	0	2026085273	29	mean_p_tmrca_lt	local_100kb	40000	0.40381311967599998	0.020817194501399999	3	0.014999999999999999
han_introgressed_neutral_g645_gate_r028	Han	neutral	0	2026085273	29	mean_p_tmrca_lt	local_100kb	50000	0.45646379301000001	0.020817194501399999	3	0.014999999999999999
han_introgressed_neutral_g645_gate_r028	Han	neutral	0	2026085273	29	paper_frac_posterior_mean_below	focal	1000	0.00080808080809999998	0.020817194501399999	3	0.014999999999999999
han_introgressed_neutral_g645_gate_r028	Han	neutral	0	2026085273	29	paper_frac_posterior_mean_below	focal	4500	0.0030303030300000001	0.020817194501399999	3	0.014999999999999999
han_introgressed_neutral_g645_gate_r028	Han	neutral	0	2026085273	29	paper_frac_posterior_mean_below	focal	10000	0.01454545455	0.020817194501399999	3	0.014999999999999999
han_introgressed_neutral_g645_gate_r028	Han	neutral	0	2026085273	29	paper_frac_posterior_mean_below	focal	20000	0.11212121210000001	0.020817194501399999	3	0.014999999999999999
han_introgressed_neutral_g645_gate_r028	Han	neutral	0	2026085273	29	paper_frac_posterior_mean_below	focal	30000	0.22565656570000001	0.020817194501399999	3	0.014999999999999999
han_introgressed_neutral_g645_gate_r028	Han	neutral	0	2026085273	29	paper_frac_posterior_mean_below	focal	40000	0.31676767680000001	0.020817194501399999	3	0.014999999999999999
han_introgressed_neutral_g645_gate_r028	Han	neutral	0	2026085273	29	paper_frac_posterior_mean_below	focal	50000	0.38808080810000001	0.020817194501399999	3	0.014999999999999999
han_introgressed_neutral_g645_gate_r028	Han	neutral	0	2026085273	29	paper_frac_posterior_mean_below	local_100kb	1000	0.00080808080809999998	0.020817194501399999	3	0.014999999999999999
han_introgressed_neutral_g645_gate_r028	Han	neutral	0	2026085273	29	paper_frac_posterior_mean_below	local_100kb	4500	0.0030206830203799999	0.020817194501399999	3	0.014999999999999999
han_introgressed_neutral_g645_gate_r028	Han	neutral	0	2026085273	29	paper_frac_posterior_mean_below	local_100kb	10000	0.015892255892900001	0.020817194501399999	3	0.014999999999999999
han_introgressed_neutral_g645_gate_r028	Han	neutral	0	2026085273	29	paper_frac_posterior_mean_below	local_100kb	20000	0.12948532948700001	0.020817194501399999	3	0.014999999999999999
han_introgressed_neutral_g645_gate_r028	Han	neutral	0	2026085273	29	paper_frac_posterior_mean_below	local_100kb	30000	0.240875420876	0.020817194501399999	3	0.014999999999999999
han_introgressed_neutral_g645_gate_r028	Han	neutral	0	2026085273	29	paper_frac_posterior_mean_below	local_100kb	40000	0.328840788838	0.020817194501399999	3	0.014999999999999999
han_introgressed_neutral_g645_gate_r028	Han	neutral	0	2026085273	29	paper_frac_posterior_mean_below	local_100kb	50000	0.38611832612399999	0.020817194501399999	3	0.014999999999999999
han_introgressed_neutral_g645_gate_r029	Han	neutral	0	2026085309	29	mean_p_tmrca_lt	focal	1000	0.01463156597	0.040221766537599998	7	0.035000000000000003
han_introgressed_neutral_g645_gate_r029	Han	neutral	0	2026085309	29	mean_p_tmrca_lt	focal	4500	0.061240268039999997	0.040221766537599998	7	0.035000000000000003
han_introgressed_neutral_g645_gate_r029	Han	neutral	0	2026085309	29	mean_p_tmrca_lt	focal	10000	0.1236421841	0.040221766537599998	7	0.035000000000000003
han_introgressed_neutral_g645_gate_r029	Han	neutral	0	2026085309	29	mean_p_tmrca_lt	focal	20000	0.20959472849999999	0.040221766537599998	7	0.035000000000000003
han_introgressed_neutral_g645_gate_r029	Han	neutral	0	2026085309	29	mean_p_tmrca_lt	focal	30000	0.27101787589999998	0.040221766537599998	7	0.035000000000000003
han_introgressed_neutral_g645_gate_r029	Han	neutral	0	2026085309	29	mean_p_tmrca_lt	focal	40000	0.3166388483	0.040221766537599998	7	0.035000000000000003
han_introgressed_neutral_g645_gate_r029	Han	neutral	0	2026085309	29	mean_p_tmrca_lt	focal	50000	0.35191385060000002	0.040221766537599998	7	0.035000000000000003
han_introgressed_neutral_g645_gate_r029	Han	neutral	0	2026085309	29	mean_p_tmrca_lt	local_100kb	1000	0.011540863702499999	0.040221766537599998	7	0.035000000000000003
han_introgressed_neutral_g645_gate_r029	Han	neutral	0	2026085309	29	mean_p_tmrca_lt	local_100kb	4500	0.050446192165700003	0.040221766537599998	7	0.035000000000000003
han_introgressed_neutral_g645_gate_r029	Han	neutral	0	2026085309	29	mean_p_tmrca_lt	local_100kb	10000	0.10694015265200001	0.040221766537599998	7	0.035000000000000003
han_introgressed_neutral_g645_gate_r029	Han	neutral	0	2026085309	29	mean_p_tmrca_lt	local_100kb	20000	0.193072315424	0.040221766537599998	7	0.035000000000000003
han_introgressed_neutral_g645_gate_r029	Han	neutral	0	2026085309	29	mean_p_tmrca_lt	local_100kb	30000	0.26181045966700001	0.040221766537599998	7	0.035000000000000003
han_introgressed_neutral_g645_gate_r029	Han	neutral	0	2026085309	29	mean_p_tmrca_lt	local_100kb	40000	0.317862869652	0.040221766537599998	7	0.035000000000000003
han_introgressed_neutral_g645_gate_r029	Han	neutral	0	2026085309	29	mean_p_tmrca_lt	local_100kb	50000	0.36463436985199998	0.040221766537599998	7	0.035000000000000003
han_introgressed_neutral_g645_gate_r029	Han	neutral	0	2026085309	29	paper_frac_posterior_mean_below	focal	1000	0.00101010101	0.040221766537599998	7	0.035000000000000003
han_introgressed_neutral_g645_gate_r029	Han	neutral	0	2026085309	29	paper_frac_posterior_mean_below	focal	4500	0.0028282828279999998	0.040221766537599998	7	0.035000000000000003
han_introgressed_neutral_g645_gate_r029	Han	neutral	0	2026085309	29	paper_frac_posterior_mean_below	focal	10000	0.01474747475	0.040221766537599998	7	0.035000000000000003
han_introgressed_neutral_g645_gate_r029	Han	neutral	0	2026085309	29	paper_frac_posterior_mean_below	focal	20000	0.1149494949	0.040221766537599998	7	0.035000000000000003
han_introgressed_neutral_g645_gate_r029	Han	neutral	0	2026085309	29	paper_frac_posterior_mean_below	focal	30000	0.222020202	0.040221766537599998	7	0.035000000000000003
han_introgressed_neutral_g645_gate_r029	Han	neutral	0	2026085309	29	paper_frac_posterior_mean_below	focal	40000	0.28989898990000001	0.040221766537599998	7	0.035000000000000003
han_introgressed_neutral_g645_gate_r029	Han	neutral	0	2026085309	29	paper_frac_posterior_mean_below	focal	50000	0.337979798	0.040221766537599998	7	0.035000000000000003
han_introgressed_neutral_g645_gate_r029	Han	neutral	0	2026085309	29	paper_frac_posterior_mean_below	local_100kb	1000	0.00099086099077100006	0.040221766537599998	7	0.035000000000000003
han_introgressed_neutral_g645_gate_r029	Han	neutral	0	2026085309	29	paper_frac_posterior_mean_below	local_100kb	4500	0.0028667628664799999	0.040221766537599998	7	0.035000000000000003
han_introgressed_neutral_g645_gate_r029	Han	neutral	0	2026085309	29	paper_frac_posterior_mean_below	local_100kb	10000	0.012342472342399999	0.040221766537599998	7	0.035000000000000003
han_introgressed_neutral_g645_gate_r029	Han	neutral	0	2026085309	29	paper_frac_posterior_mean_below	local_100kb	20000	0.085954785954300006	0.040221766537599998	7	0.035000000000000003
han_introgressed_neutral_g645_gate_r029	Han	neutral	0	2026085309	29	paper_frac_posterior_mean_below	local_100kb	30000	0.16927368927100001	0.040221766537599998	7	0.035000000000000003
han_introgressed_neutral_g645_gate_r029	Han	neutral	0	2026085309	29	paper_frac_posterior_mean_below	local_100kb	40000	0.23677729677600001	0.040221766537599998	7	0.035000000000000003
han_introgressed_neutral_g645_gate_r029	Han	neutral	0	2026085309	29	paper_frac_posterior_mean_below	local_100kb	50000	0.289062049062	0.040221766537599998	7	0.035000000000000003
han_introgressed_neutral_g645_gate_r030	Han	neutral	0	2026085326	29	mean_p_tmrca_lt	focal	1000	0.01341473204	0.00066833751044300001	0	0
han_introgressed_neutral_g645_gate_r030	Han	neutral	0	2026085326	29	mean_p_tmrca_lt	focal	4500	0.062145556130000001	0.00066833751044300001	0	0
han_introgressed_neutral_g645_gate_r030	Han	neutral	0	2026085326	29	mean_p_tmrca_lt	focal	10000	0.1321478022	0.00066833751044300001	0	0
han_introgressed_neutral_g645_gate_r030	Han	neutral	0	2026085326	29	mean_p_tmrca_lt	focal	20000	0.23515745639999999	0.00066833751044300001	0	0
han_introgressed_neutral_g645_gate_r030	Han	neutral	0	2026085326	29	mean_p_tmrca_lt	focal	30000	0.31358217389999998	0.00066833751044300001	0	0
han_introgressed_neutral_g645_gate_r030	Han	neutral	0	2026085326	29	mean_p_tmrca_lt	focal	40000	0.37525082739999999	0.00066833751044300001	0	0
han_introgressed_neutral_g645_gate_r030	Han	neutral	0	2026085326	29	mean_p_tmrca_lt	focal	50000	0.42563948039999999	0.00066833751044300001	0	0
han_introgressed_neutral_g645_gate_r030	Han	neutral	0	2026085326	29	mean_p_tmrca_lt	local_100kb	1000	0.0135068673391	0.00066833751044300001	0	0
han_introgressed_neutral_g645_gate_r030	Han	neutral	0	2026085326	29	mean_p_tmrca_lt	local_100kb	4500	0.061977132921000003	0.00066833751044300001	0	0
han_introgressed_neutral_g645_gate_r030	Han	neutral	0	2026085326	29	mean_p_tmrca_lt	local_100kb	10000	0.13240816314100001	0.00066833751044300001	0	0
han_introgressed_neutral_g645_gate_r030	Han	neutral	0	2026085326	29	mean_p_tmrca_lt	local_100kb	20000	0.23954764209500001	0.00066833751044300001	0	0
han_introgressed_neutral_g645_gate_r030	Han	neutral	0	2026085326	29	mean_p_tmrca_lt	local_100kb	30000	0.32440264803300001	0.00066833751044300001	0	0
han_introgressed_neutral_g645_gate_r030	Han	neutral	0	2026085326	29	mean_p_tmrca_lt	local_100kb	40000	0.39280116962900002	0.00066833751044300001	0	0
han_introgressed_neutral_g645_gate_r030	Han	neutral	0	2026085326	29	mean_p_tmrca_lt	local_100kb	50000	0.44902844615699999	0.00066833751044300001	0	0
han_introgressed_neutral_g645_gate_r030	Han	neutral	0	2026085326	29	paper_frac_posterior_mean_below	focal	1000	0.000404040404	0.00066833751044300001	0	0
han_introgressed_neutral_g645_gate_r030	Han	neutral	0	2026085326	29	paper_frac_posterior_mean_below	focal	4500	0.003838383838	0.00066833751044300001	0	0
han_introgressed_neutral_g645_gate_r030	Han	neutral	0	2026085326	29	paper_frac_posterior_mean_below	focal	10000	0.021818181820000001	0.00066833751044300001	0	0
han_introgressed_neutral_g645_gate_r030	Han	neutral	0	2026085326	29	paper_frac_posterior_mean_below	focal	20000	0.12323232319999999	0.00066833751044300001	0	0
han_introgressed_neutral_g645_gate_r030	Han	neutral	0	2026085326	29	paper_frac_posterior_mean_below	focal	30000	0.25191919190000001	0.00066833751044300001	0	0
han_introgressed_neutral_g645_gate_r030	Han	neutral	0	2026085326	29	paper_frac_posterior_mean_below	focal	40000	0.33272727270000002	0.00066833751044300001	0	0
han_introgressed_neutral_g645_gate_r030	Han	neutral	0	2026085326	29	paper_frac_posterior_mean_below	focal	50000	0.36565656569999999	0.00066833751044300001	0	0
han_introgressed_neutral_g645_gate_r030	Han	neutral	0	2026085326	29	paper_frac_posterior_mean_below	local_100kb	1000	0.000404040404	0.00066833751044300001	0	0
han_introgressed_neutral_g645_gate_r030	Han	neutral	0	2026085326	29	paper_frac_posterior_mean_below	local_100kb	4500	0.0035786435782899999	0.00066833751044300001	0	0
han_introgressed_neutral_g645_gate_r030	Han	neutral	0	2026085326	29	paper_frac_posterior_mean_below	local_100kb	10000	0.020894660895699999	0.00066833751044300001	0	0
han_introgressed_neutral_g645_gate_r030	Han	neutral	0	2026085326	29	paper_frac_posterior_mean_below	local_100kb	20000	0.102905242902	0.00066833751044300001	0	0
han_introgressed_neutral_g645_gate_r030	Han	neutral	0	2026085326	29	paper_frac_posterior_mean_below	local_100kb	30000	0.199990379986	0.00066833751044300001	0	0
han_introgressed_neutral_g645_gate_r030	Han	neutral	0	2026085326	29	paper_frac_posterior_mean_below	local_100kb	40000	0.28496392497099998	0.00066833751044300001	0	0
han_introgressed_neutral_g645_gate_r030	Han	neutral	0	2026085326	29	paper_frac_posterior_mean_below	local_100kb	50000	0.353977873976	0.00066833751044300001	0	0
han_introgressed_neutral_g645_gate_r031	Han	neutral	0	2026085340	29	mean_p_tmrca_lt	focal	1000	0.01146384131	0.012774360142799999	4	0.02
han_introgressed_neutral_g645_gate_r031	Han	neutral	0	2026085340	29	mean_p_tmrca_lt	focal	4500	0.049683269670000002	0.012774360142799999	4	0.02
han_introgressed_neutral_g645_gate_r031	Han	neutral	0	2026085340	29	mean_p_tmrca_lt	focal	10000	0.100751694	0.012774360142799999	4	0.02
han_introgressed_neutral_g645_gate_r031	Han	neutral	0	2026085340	29	mean_p_tmrca_lt	focal	20000	0.17415842179999999	0.012774360142799999	4	0.02
han_introgressed_neutral_g645_gate_r031	Han	neutral	0	2026085340	29	mean_p_tmrca_lt	focal	30000	0.23196777190000001	0.012774360142799999	4	0.02
han_introgressed_neutral_g645_gate_r031	Han	neutral	0	2026085340	29	mean_p_tmrca_lt	focal	40000	0.27984741499999999	0.012774360142799999	4	0.02
han_introgressed_neutral_g645_gate_r031	Han	neutral	0	2026085340	29	mean_p_tmrca_lt	focal	50000	0.32076789160000002	0.012774360142799999	4	0.02
han_introgressed_neutral_g645_gate_r031	Han	neutral	0	2026085340	29	mean_p_tmrca_lt	local_100kb	1000	0.012378322006	0.012774360142799999	4	0.02
han_introgressed_neutral_g645_gate_r031	Han	neutral	0	2026085340	29	mean_p_tmrca_lt	local_100kb	4500	0.054749073056199998	0.012774360142799999	4	0.02
han_introgressed_neutral_g645_gate_r031	Han	neutral	0	2026085340	29	mean_p_tmrca_lt	local_100kb	10000	0.11198691915599999	0.012774360142799999	4	0.02
han_introgressed_neutral_g645_gate_r031	Han	neutral	0	2026085340	29	mean_p_tmrca_lt	local_100kb	20000	0.192676044933	0.012774360142799999	4	0.02
han_introgressed_neutral_g645_gate_r031	Han	neutral	0	2026085340	29	mean_p_tmrca_lt	local_100kb	30000	0.25342884523800002	0.012774360142799999	4	0.02
han_introgressed_neutral_g645_gate_r031	Han	neutral	0	2026085340	29	mean_p_tmrca_lt	local_100kb	40000	0.30160140044799999	0.012774360142799999	4	0.02
han_introgressed_neutral_g645_gate_r031	Han	neutral	0	2026085340	29	mean_p_tmrca_lt	local_100kb	50000	0.34134321895699998	0.012774360142799999	4	0.02
han_introgressed_neutral_g645_gate_r031	Han	neutral	0	2026085340	29	paper_frac_posterior_mean_below	focal	1000	0.000202020202	0.012774360142799999	4	0.02
han_introgressed_neutral_g645_gate_r031	Han	neutral	0	2026085340	29	paper_frac_posterior_mean_below	focal	4500	0.0028282828279999998	0.012774360142799999	4	0.02
han_introgressed_neutral_g645_gate_r031	Han	neutral	0	2026085340	29	paper_frac_posterior_mean_below	focal	10000	0.029696969699999999	0.012774360142799999	4	0.02
han_introgressed_neutral_g645_gate_r031	Han	neutral	0	2026085340	29	paper_frac_posterior_mean_below	focal	20000	0.092727272730000004	0.012774360142799999	4	0.02
han_introgressed_neutral_g645_gate_r031	Han	neutral	0	2026085340	29	paper_frac_posterior_mean_below	focal	30000	0.1454545455	0.012774360142799999	4	0.02
han_introgressed_neutral_g645_gate_r031	Han	neutral	0	2026085340	29	paper_frac_posterior_mean_below	focal	40000	0.20121212120000001	0.012774360142799999	4	0.02
han_introgressed_neutral_g645_gate_r031	Han	neutral	0	2026085340	29	paper_frac_posterior_mean_below	focal	50000	0.24282828279999999	0.012774360142799999	4	0.02
han_introgressed_neutral_g645_gate_r031	Han	neutral	0	2026085340	29	paper_frac_posterior_mean_below	local_100kb	1000	0.00014430014428599999	0.012774360142799999	4	0.02
han_introgressed_neutral_g645_gate_r031	Han	neutral	0	2026085340	29	paper_frac_posterior_mean_below	local_100kb	4500	0.00260702260676	0.012774360142799999	4	0.02
han_introgressed_neutral_g645_gate_r031	Han	neutral	0	2026085340	29	paper_frac_posterior_mean_below	local_100kb	10000	0.026849446849000001	0.012774360142799999	4	0.02
han_introgressed_neutral_g645_gate_r031	Han	neutral	0	2026085340	29	paper_frac_posterior_mean_below	local_100kb	20000	0.095834535828600007	0.012774360142799999	4	0.02
han_introgressed_neutral_g645_gate_r031	Han	neutral	0	2026085340	29	paper_frac_posterior_mean_below	local_100kb	30000	0.17439153438999999	0.012774360142799999	4	0.02
han_introgressed_neutral_g645_gate_r031	Han	neutral	0	2026085340	29	paper_frac_posterior_mean_below	local_100kb	40000	0.23464165464299999	0.012774360142799999	4	0.02
han_introgressed_neutral_g645_gate_r031	Han	neutral	0	2026085340	29	paper_frac_posterior_mean_below	local_100kb	50000	0.28806156805700001	0.012774360142799999	4	0.02
han_introgressed_neutral_g645_gate_r032	Han	neutral	0	2026085350	29	mean_p_tmrca_lt	focal	1000	0.010358341530000001	0.0040631882737099997	0	0
han_introgressed_neutral_g645_gate_r032	Han	neutral	0	2026085350	29	mean_p_tmrca_lt	focal	4500	0.0464211707	0.0040631882737099997	0	0
han_introgressed_neutral_g645_gate_r032	Han	neutral	0	2026085350	29	mean_p_tmrca_lt	focal	10000	0.096382532130000004	0.0040631882737099997	0	0
han_introgressed_neutral_g645_gate_r032	Han	neutral	0	2026085350	29	mean_p_tmrca_lt	focal	20000	0.16804810019999999	0.0040631882737099997	0	0
han_introgressed_neutral_g645_gate_r032	Han	neutral	0	2026085350	29	mean_p_tmrca_lt	focal	30000	0.22278987750000001	0.0040631882737099997	0	0
han_introgressed_neutral_g645_gate_r032	Han	neutral	0	2026085350	29	mean_p_tmrca_lt	focal	40000	0.2668766923	0.0040631882737099997	0	0
han_introgressed_neutral_g645_gate_r032	Han	neutral	0	2026085350	29	mean_p_tmrca_lt	focal	50000	0.30396777120000001	0.0040631882737099997	0	0
han_introgressed_neutral_g645_gate_r032	Han	neutral	0	2026085350	29	mean_p_tmrca_lt	local_100kb	1000	0.0098006813693299992	0.0040631882737099997	0	0
han_introgressed_neutral_g645_gate_r032	Han	neutral	0	2026085350	29	mean_p_tmrca_lt	local_100kb	4500	0.044928062265199999	0.0040631882737099997	0	0
han_introgressed_neutral_g645_gate_r032	Han	neutral	0	2026085350	29	mean_p_tmrca_lt	local_100kb	10000	0.095220624618599994	0.0040631882737099997	0	0
han_introgressed_neutral_g645_gate_r032	Han	neutral	0	2026085350	29	mean_p_tmrca_lt	local_100kb	20000	0.16977412801899999	0.0040631882737099997	0	0
han_introgressed_neutral_g645_gate_r032	Han	neutral	0	2026085350	29	mean_p_tmrca_lt	local_100kb	30000	0.22786653821899999	0.0040631882737099997	0	0
han_introgressed_neutral_g645_gate_r032	Han	neutral	0	2026085350	29	mean_p_tmrca_lt	local_100kb	40000	0.27487693669500002	0.0040631882737099997	0	0
han_introgressed_neutral_g645_gate_r032	Han	neutral	0	2026085350	29	mean_p_tmrca_lt	local_100kb	50000	0.314285874395	0.0040631882737099997	0	0
han_introgressed_neutral_g645_gate_r032	Han	neutral	0	2026085350	29	paper_frac_posterior_mean_below	focal	1000	0.000202020202	0.0040631882737099997	0	0
han_introgressed_neutral_g645_gate_r032	Han	neutral	0	2026085350	29	paper_frac_posterior_mean_below	focal	4500	0.0018181818180000001	0.0040631882737099997	0	0
han_introgressed_neutral_g645_gate_r032	Han	neutral	0	2026085350	29	paper_frac_posterior_mean_below	focal	10000	0.013939393939999999	0.0040631882737099997	0	0
han_introgressed_neutral_g645_gate_r032	Han	neutral	0	2026085350	29	paper_frac_posterior_mean_below	focal	20000	0.080202020200000002	0.0040631882737099997	0	0
han_introgressed_neutral_g645_gate_r032	Han	neutral	0	2026085350	29	paper_frac_posterior_mean_below	focal	30000	0.15656565659999999	0.0040631882737099997	0	0
han_introgressed_neutral_g645_gate_r032	Han	neutral	0	2026085350	29	paper_frac_posterior_mean_below	focal	40000	0.1981818182	0.0040631882737099997	0	0
han_introgressed_neutral_g645_gate_r032	Han	neutral	0	2026085350	29	paper_frac_posterior_mean_below	focal	50000	0.23555555559999999	0.0040631882737099997	0	0
han_introgressed_neutral_g645_gate_r032	Han	neutral	0	2026085350	29	paper_frac_posterior_mean_below	local_100kb	1000	0.000202020202	0.0040631882737099997	0	0
han_introgressed_neutral_g645_gate_r032	Han	neutral	0	2026085350	29	paper_frac_posterior_mean_below	local_100kb	4500	0.0021837421835200002	0.0040631882737099997	0	0
han_introgressed_neutral_g645_gate_r032	Han	neutral	0	2026085350	29	paper_frac_posterior_mean_below	local_100kb	10000	0.017239057239499998	0.0040631882737099997	0	0
han_introgressed_neutral_g645_gate_r032	Han	neutral	0	2026085350	29	paper_frac_posterior_mean_below	local_100kb	20000	0.082395382396200006	0.0040631882737099997	0	0
han_introgressed_neutral_g645_gate_r032	Han	neutral	0	2026085350	29	paper_frac_posterior_mean_below	local_100kb	30000	0.14826358826700001	0.0040631882737099997	0	0
han_introgressed_neutral_g645_gate_r032	Han	neutral	0	2026085350	29	paper_frac_posterior_mean_below	local_100kb	40000	0.19589225589000001	0.0040631882737099997	0	0
han_introgressed_neutral_g645_gate_r032	Han	neutral	0	2026085350	29	paper_frac_posterior_mean_below	local_100kb	50000	0.236286676295	0.0040631882737099997	0	0
han_introgressed_neutral_g645_gate_r033	Han	neutral	0	2026085391	29	mean_p_tmrca_lt	focal	1000	0.017603636610000001	0.0136553504975	4	0.02
han_introgressed_neutral_g645_gate_r033	Han	neutral	0	2026085391	29	mean_p_tmrca_lt	focal	4500	0.087860650469999996	0.0136553504975	4	0.02
han_introgressed_neutral_g645_gate_r033	Han	neutral	0	2026085391	29	mean_p_tmrca_lt	focal	10000	0.19158500580000001	0.0136553504975	4	0.02
han_introgressed_neutral_g645_gate_r033	Han	neutral	0	2026085391	29	mean_p_tmrca_lt	focal	20000	0.33793267809999999	0.0136553504975	4	0.02
han_introgressed_neutral_g645_gate_r033	Han	neutral	0	2026085391	29	mean_p_tmrca_lt	focal	30000	0.43790951859999999	0.0136553504975	4	0.02
han_introgressed_neutral_g645_gate_r033	Han	neutral	0	2026085391	29	mean_p_tmrca_lt	focal	40000	0.50618990760000004	0.0136553504975	4	0.02
han_introgressed_neutral_g645_gate_r033	Han	neutral	0	2026085391	29	mean_p_tmrca_lt	focal	50000	0.55384669070000003	0.0136553504975	4	0.02
han_introgressed_neutral_g645_gate_r033	Han	neutral	0	2026085391	29	mean_p_tmrca_lt	local_100kb	1000	0.0176186968529	0.0136553504975	4	0.02
han_introgressed_neutral_g645_gate_r033	Han	neutral	0	2026085391	29	mean_p_tmrca_lt	local_100kb	4500	0.089472771435699996	0.0136553504975	4	0.02
han_introgressed_neutral_g645_gate_r033	Han	neutral	0	2026085391	29	mean_p_tmrca_lt	local_100kb	10000	0.19934026958600001	0.0136553504975	4	0.02
han_introgressed_neutral_g645_gate_r033	Han	neutral	0	2026085391	29	mean_p_tmrca_lt	local_100kb	20000	0.36260117228099997	0.0136553504975	4	0.02
han_introgressed_neutral_g645_gate_r033	Han	neutral	0	2026085391	29	mean_p_tmrca_lt	local_100kb	30000	0.48119269491	0.0136553504975	4	0.02
han_introgressed_neutral_g645_gate_r033	Han	neutral	0	2026085391	29	mean_p_tmrca_lt	local_100kb	40000	0.56680465472399999	0.0136553504975	4	0.02
han_introgressed_neutral_g645_gate_r033	Han	neutral	0	2026085391	29	mean_p_tmrca_lt	local_100kb	50000	0.62945095470500001	0.0136553504975	4	0.02
han_introgressed_neutral_g645_gate_r033	Han	neutral	0	2026085391	29	paper_frac_posterior_mean_below	focal	1000	0	0.0136553504975	4	0.02
han_introgressed_neutral_g645_gate_r033	Han	neutral	0	2026085391	29	paper_frac_posterior_mean_below	focal	4500	0.0020202020199999999	0.0136553504975	4	0.02
han_introgressed_neutral_g645_gate_r033	Han	neutral	0	2026085391	29	paper_frac_posterior_mean_below	focal	10000	0.029898989899999999	0.0136553504975	4	0.02
han_introgressed_neutral_g645_gate_r033	Han	neutral	0	2026085391	29	paper_frac_posterior_mean_below	focal	20000	0.2329292929	0.0136553504975	4	0.02
han_introgressed_neutral_g645_gate_r033	Han	neutral	0	2026085391	29	paper_frac_posterior_mean_below	focal	30000	0.42828282829999997	0.0136553504975	4	0.02
han_introgressed_neutral_g645_gate_r033	Han	neutral	0	2026085391	29	paper_frac_posterior_mean_below	focal	40000	0.52666666669999995	0.0136553504975	4	0.02
han_introgressed_neutral_g645_gate_r033	Han	neutral	0	2026085391	29	paper_frac_posterior_mean_below	focal	50000	0.57010101010000003	0.0136553504975	4	0.02
han_introgressed_neutral_g645_gate_r033	Han	neutral	0	2026085391	29	paper_frac_posterior_mean_below	local_100kb	1000	0	0.0136553504975	4	0.02
han_introgressed_neutral_g645_gate_r033	Han	neutral	0	2026085391	29	paper_frac_posterior_mean_below	local_100kb	4500	0.00173160173143	0.0136553504975	4	0.02
han_introgressed_neutral_g645_gate_r033	Han	neutral	0	2026085391	29	paper_frac_posterior_mean_below	local_100kb	10000	0.0282635882624	0.0136553504975	4	0.02
han_introgressed_neutral_g645_gate_r033	Han	neutral	0	2026085391	29	paper_frac_posterior_mean_below	local_100kb	20000	0.20630110630000001	0.0136553504975	4	0.02
han_introgressed_neutral_g645_gate_r033	Han	neutral	0	2026085391	29	paper_frac_posterior_mean_below	local_100kb	30000	0.408273208276	0.0136553504975	4	0.02
han_introgressed_neutral_g645_gate_r033	Han	neutral	0	2026085391	29	paper_frac_posterior_mean_below	local_100kb	40000	0.54924482925200002	0.0136553504975	4	0.02
han_introgressed_neutral_g645_gate_r033	Han	neutral	0	2026085391	29	paper_frac_posterior_mean_below	local_100kb	50000	0.634439634443	0.0136553504975	4	0.02
han_introgressed_neutral_g645_gate_r034	Han	neutral	0	2026085417	29	mean_p_tmrca_lt	focal	1000	0.01281495002	0.00519480519481	0	0
han_introgressed_neutral_g645_gate_r034	Han	neutral	0	2026085417	29	mean_p_tmrca_lt	focal	4500	0.05845570278	0.00519480519481	0	0
han_introgressed_neutral_g645_gate_r034	Han	neutral	0	2026085417	29	mean_p_tmrca_lt	focal	10000	0.1221904972	0.00519480519481	0	0
han_introgressed_neutral_g645_gate_r034	Han	neutral	0	2026085417	29	mean_p_tmrca_lt	focal	20000	0.21242223930000001	0.00519480519481	0	0
han_introgressed_neutral_g645_gate_r034	Han	neutral	0	2026085417	29	mean_p_tmrca_lt	focal	30000	0.27952691860000001	0.00519480519481	0	0
han_introgressed_neutral_g645_gate_r034	Han	neutral	0	2026085417	29	mean_p_tmrca_lt	focal	40000	0.33228204179999998	0.00519480519481	0	0
han_introgressed_neutral_g645_gate_r034	Han	neutral	0	2026085417	29	mean_p_tmrca_lt	focal	50000	0.3757706978	0.00519480519481	0	0
han_introgressed_neutral_g645_gate_r034	Han	neutral	0	2026085417	29	mean_p_tmrca_lt	local_100kb	1000	0.0119058992707	0.00519480519481	0	0
han_introgressed_neutral_g645_gate_r034	Han	neutral	0	2026085417	29	mean_p_tmrca_lt	local_100kb	4500	0.055003066933300003	0.00519480519481	0	0
han_introgressed_neutral_g645_gate_r034	Han	neutral	0	2026085417	29	mean_p_tmrca_lt	local_100kb	10000	0.117110915244	0.00519480519481	0	0
han_introgressed_neutral_g645_gate_r034	Han	neutral	0	2026085417	29	mean_p_tmrca_lt	local_100kb	20000	0.207973993238	0.00519480519481	0	0
han_introgressed_neutral_g645_gate_r034	Han	neutral	0	2026085417	29	mean_p_tmrca_lt	local_100kb	30000	0.27675214795199998	0.00519480519481	0	0
han_introgressed_neutral_g645_gate_r034	Han	neutral	0	2026085417	29	mean_p_tmrca_lt	local_100kb	40000	0.33078066545200002	0.00519480519481	0	0
han_introgressed_neutral_g645_gate_r034	Han	neutral	0	2026085417	29	mean_p_tmrca_lt	local_100kb	50000	0.37493083447100001	0.00519480519481	0	0
han_introgressed_neutral_g645_gate_r034	Han	neutral	0	2026085417	29	paper_frac_posterior_mean_below	focal	1000	0.000404040404	0.00519480519481	0	0
han_introgressed_neutral_g645_gate_r034	Han	neutral	0	2026085417	29	paper_frac_posterior_mean_below	focal	4500	0.0014141414139999999	0.00519480519481	0	0
han_introgressed_neutral_g645_gate_r034	Han	neutral	0	2026085417	29	paper_frac_posterior_mean_below	focal	10000	0.02141414141	0.00519480519481	0	0
han_introgressed_neutral_g645_gate_r034	Han	neutral	0	2026085417	29	paper_frac_posterior_mean_below	focal	20000	0.1175757576	0.00519480519481	0	0
han_introgressed_neutral_g645_gate_r034	Han	neutral	0	2026085417	29	paper_frac_posterior_mean_below	focal	30000	0.2034343434	0.00519480519481	0	0
han_introgressed_neutral_g645_gate_r034	Han	neutral	0	2026085417	29	paper_frac_posterior_mean_below	focal	40000	0.2543434343	0.00519480519481	0	0
han_introgressed_neutral_g645_gate_r034	Han	neutral	0	2026085417	29	paper_frac_posterior_mean_below	focal	50000	0.27414141409999998	0.00519480519481	0	0
han_introgressed_neutral_g645_gate_r034	Han	neutral	0	2026085417	29	paper_frac_posterior_mean_below	local_100kb	1000	0.000404040404	0.00519480519481	0	0
han_introgressed_neutral_g645_gate_r034	Han	neutral	0	2026085417	29	paper_frac_posterior_mean_below	local_100kb	4500	0.0014622414620999999	0.00519480519481	0	0
han_introgressed_neutral_g645_gate_r034	Han	neutral	0	2026085417	29	paper_frac_posterior_mean_below	local_100kb	10000	0.018643578642900002	0.00519480519481	0	0
han_introgressed_neutral_g645_gate_r034	Han	neutral	0	2026085417	29	paper_frac_posterior_mean_below	local_100kb	20000	0.112515632521	0.00519480519481	0	0
han_introgressed_neutral_g645_gate_r034	Han	neutral	0	2026085417	29	paper_frac_posterior_mean_below	local_100kb	30000	0.20370370369999999	0.00519480519481	0	0
han_introgressed_neutral_g645_gate_r034	Han	neutral	0	2026085417	29	paper_frac_posterior_mean_below	local_100kb	40000	0.26064454065199999	0.00519480519481	0	0
han_introgressed_neutral_g645_gate_r034	Han	neutral	0	2026085417	29	paper_frac_posterior_mean_below	local_100kb	50000	0.28962000962899997	0.00519480519481	0	0
han_introgressed_neutral_g645_gate_r035	Han	neutral	0	2026085458	29	mean_p_tmrca_lt	focal	1000	0.018763403009999999	0.025366446419099999	6	0.029999999999999999
han_introgressed_neutral_g645_gate_r035	Han	neutral	0	2026085458	29	mean_p_tmrca_lt	focal	4500	0.085655290009999996	0.025366446419099999	6	0.029999999999999999
han_introgressed_neutral_g645_gate_r035	Han	neutral	0	2026085458	29	mean_p_tmrca_lt	focal	10000	0.17889834339999999	0.025366446419099999	6	0.029999999999999999
han_introgressed_neutral_g645_gate_r035	Han	neutral	0	2026085458	29	mean_p_tmrca_lt	focal	20000	0.30862228400000002	0.025366446419099999	6	0.029999999999999999
han_introgressed_neutral_g645_gate_r035	Han	neutral	0	2026085458	29	mean_p_tmrca_lt	focal	30000	0.39988982239999998	0.025366446419099999	6	0.029999999999999999
han_introgressed_neutral_g645_gate_r035	Han	neutral	0	2026085458	29	mean_p_tmrca_lt	focal	40000	0.46616350779999999	0.025366446419099999	6	0.029999999999999999
han_introgressed_neutral_g645_gate_r035	Han	neutral	0	2026085458	29	mean_p_tmrca_lt	focal	50000	0.51635020720000002	0.025366446419099999	6	0.029999999999999999
han_introgressed_neutral_g645_gate_r035	Han	neutral	0	2026085458	29	mean_p_tmrca_lt	local_100kb	1000	0.015877959023300001	0.025366446419099999	6	0.029999999999999999
han_introgressed_neutral_g645_gate_r035	Han	neutral	0	2026085458	29	mean_p_tmrca_lt	local_100kb	4500	0.072934851467599995	0.025366446419099999	6	0.029999999999999999
han_introgressed_neutral_g645_gate_r035	Han	neutral	0	2026085458	29	mean_p_tmrca_lt	local_100kb	10000	0.15399140791499999	0.025366446419099999	6	0.029999999999999999
han_introgressed_neutral_g645_gate_r035	Han	neutral	0	2026085458	29	mean_p_tmrca_lt	local_100kb	20000	0.270723921576	0.025366446419099999	6	0.029999999999999999
han_introgressed_neutral_g645_gate_r035	Han	neutral	0	2026085458	29	mean_p_tmrca_lt	local_100kb	30000	0.356730836243	0.025366446419099999	6	0.029999999999999999
han_introgressed_neutral_g645_gate_r035	Han	neutral	0	2026085458	29	mean_p_tmrca_lt	local_100kb	40000	0.42181183669	0.025366446419099999	6	0.029999999999999999
han_introgressed_neutral_g645_gate_r035	Han	neutral	0	2026085458	29	mean_p_tmrca_lt	local_100kb	50000	0.47268873248600002	0.025366446419099999	6	0.029999999999999999
han_introgressed_neutral_g645_gate_r035	Han	neutral	0	2026085458	29	paper_frac_posterior_mean_below	focal	1000	0.0006060606061	0.025366446419099999	6	0.029999999999999999
han_introgressed_neutral_g645_gate_r035	Han	neutral	0	2026085458	29	paper_frac_posterior_mean_below	focal	4500	0.0030303030300000001	0.025366446419099999	6	0.029999999999999999
han_introgressed_neutral_g645_gate_r035	Han	neutral	0	2026085458	29	paper_frac_posterior_mean_below	focal	10000	0.022626262630000001	0.025366446419099999	6	0.029999999999999999
han_introgressed_neutral_g645_gate_r035	Han	neutral	0	2026085458	29	paper_frac_posterior_mean_below	focal	20000	0.19717171720000001	0.025366446419099999	6	0.029999999999999999
han_introgressed_neutral_g645_gate_r035	Han	neutral	0	2026085458	29	paper_frac_posterior_mean_below	focal	30000	0.35939393939999997	0.025366446419099999	6	0.029999999999999999
han_introgressed_neutral_g645_gate_r035	Han	neutral	0	2026085458	29	paper_frac_posterior_mean_below	focal	40000	0.43070707070000003	0.025366446419099999	6	0.029999999999999999
han_introgressed_neutral_g645_gate_r035	Han	neutral	0	2026085458	29	paper_frac_posterior_mean_below	focal	50000	0.45434343430000002	0.025366446419099999	6	0.029999999999999999
han_introgressed_neutral_g645_gate_r035	Han	neutral	0	2026085458	29	paper_frac_posterior_mean_below	local_100kb	1000	0.0006060606061	0.025366446419099999	6	0.029999999999999999
han_introgressed_neutral_g645_gate_r035	Han	neutral	0	2026085458	29	paper_frac_posterior_mean_below	local_100kb	4500	0.0029533429530499999	0.025366446419099999	6	0.029999999999999999
han_introgressed_neutral_g645_gate_r035	Han	neutral	0	2026085458	29	paper_frac_posterior_mean_below	local_100kb	10000	0.023992303991899999	0.025366446419099999	6	0.029999999999999999
han_introgressed_neutral_g645_gate_r035	Han	neutral	0	2026085458	29	paper_frac_posterior_mean_below	local_100kb	20000	0.159432419426	0.025366446419099999	6	0.029999999999999999
han_introgressed_neutral_g645_gate_r035	Han	neutral	0	2026085458	29	paper_frac_posterior_mean_below	local_100kb	30000	0.284665704671	0.025366446419099999	6	0.029999999999999999
han_introgressed_neutral_g645_gate_r035	Han	neutral	0	2026085458	29	paper_frac_posterior_mean_below	local_100kb	40000	0.36720538720500001	0.025366446419099999	6	0.029999999999999999
han_introgressed_neutral_g645_gate_r035	Han	neutral	0	2026085458	29	paper_frac_posterior_mean_below	local_100kb	50000	0.41517075517599999	0.025366446419099999	6	0.029999999999999999
han_introgressed_neutral_g645_gate_r036	Han	neutral	0	2026085476	29	mean_p_tmrca_lt	focal	1000	0.01373440777	0.0027644869750099998	1	0.0050000000000000001
han_introgressed_neutral_g645_gate_r036	Han	neutral	0	2026085476	29	mean_p_tmrca_lt	focal	4500	0.066922483089999998	0.0027644869750099998	1	0.0050000000000000001
han_introgressed_neutral_g645_gate_r036	Han	neutral	0	2026085476	29	mean_p_tmrca_lt	focal	10000	0.15077884750000001	0.0027644869750099998	1	0.0050000000000000001
han_introgressed_neutral_g645_gate_r036	Han	neutral	0	2026085476	29	mean_p_tmrca_lt	focal	20000	0.28497046910000001	0.0027644869750099998	1	0.0050000000000000001
han_introgressed_neutral_g645_gate_r036	Han	neutral	0	2026085476	29	mean_p_tmrca_lt	focal	30000	0.39198538570000002	0.0027644869750099998	1	0.0050000000000000001
han_introgressed_neutral_g645_gate_r036	Han	neutral	0	2026085476	29	mean_p_tmrca_lt	focal	40000	0.47665203839999998	0.0027644869750099998	1	0.0050000000000000001
han_introgressed_neutral_g645_gate_r036	Han	neutral	0	2026085476	29	mean_p_tmrca_lt	focal	50000	0.5445790492	0.0027644869750099998	1	0.0050000000000000001
han_introgressed_neutral_g645_gate_r036	Han	neutral	0	2026085476	29	mean_p_tmrca_lt	local_100kb	1000	0.013542812692	0.0027644869750099998	1	0.0050000000000000001
han_introgressed_neutral_g645_gate_r036	Han	neutral	0	2026085476	29	mean_p_tmrca_lt	local_100kb	4500	0.063024104075699999	0.0027644869750099998	1	0.0050000000000000001
han_introgressed_neutral_g645_gate_r036	Han	neutral	0	2026085476	29	mean_p_tmrca_lt	local_100kb	10000	0.135081246751	0.0027644869750099998	1	0.0050000000000000001
han_introgressed_neutral_g645_gate_r036	Han	neutral	0	2026085476	29	mean_p_tmrca_lt	local_100kb	20000	0.24201758578599999	0.0027644869750099998	1	0.0050000000000000001
han_introgressed_neutral_g645_gate_r036	Han	neutral	0	2026085476	29	mean_p_tmrca_lt	local_100kb	30000	0.323802035529	0.0027644869750099998	1	0.0050000000000000001
han_introgressed_neutral_g645_gate_r036	Han	neutral	0	2026085476	29	mean_p_tmrca_lt	local_100kb	40000	0.38821638346199999	0.0027644869750099998	1	0.0050000000000000001
han_introgressed_neutral_g645_gate_r036	Han	neutral	0	2026085476	29	mean_p_tmrca_lt	local_100kb	50000	0.44068250796699998	0.0027644869750099998	1	0.0050000000000000001
han_introgressed_neutral_g645_gate_r036	Han	neutral	0	2026085476	29	paper_frac_posterior_mean_below	focal	1000	0.000404040404	0.0027644869750099998	1	0.0050000000000000001
han_introgressed_neutral_g645_gate_r036	Han	neutral	0	2026085476	29	paper_frac_posterior_mean_below	focal	4500	0.0014141414139999999	0.0027644869750099998	1	0.0050000000000000001
han_introgressed_neutral_g645_gate_r036	Han	neutral	0	2026085476	29	paper_frac_posterior_mean_below	focal	10000	0.02121212121	0.0027644869750099998	1	0.0050000000000000001
han_introgressed_neutral_g645_gate_r036	Han	neutral	0	2026085476	29	paper_frac_posterior_mean_below	focal	20000	0.13757575759999999	0.0027644869750099998	1	0.0050000000000000001
han_introgressed_neutral_g645_gate_r036	Han	neutral	0	2026085476	29	paper_frac_posterior_mean_below	focal	30000	0.23777777780000001	0.0027644869750099998	1	0.0050000000000000001
han_introgressed_neutral_g645_gate_r036	Han	neutral	0	2026085476	29	paper_frac_posterior_mean_below	focal	40000	0.31575757580000002	0.0027644869750099998	1	0.0050000000000000001
han_introgressed_neutral_g645_gate_r036	Han	neutral	0	2026085476	29	paper_frac_posterior_mean_below	focal	50000	0.38646464650000001	0.0027644869750099998	1	0.0050000000000000001
han_introgressed_neutral_g645_gate_r036	Han	neutral	0	2026085476	29	paper_frac_posterior_mean_below	local_100kb	1000	0.000404040404	0.0027644869750099998	1	0.0050000000000000001
han_introgressed_neutral_g645_gate_r036	Han	neutral	0	2026085476	29	paper_frac_posterior_mean_below	local_100kb	4500	0.0017604617602900001	0.0027644869750099998	1	0.0050000000000000001
han_introgressed_neutral_g645_gate_r036	Han	neutral	0	2026085476	29	paper_frac_posterior_mean_below	local_100kb	10000	0.020952380951899999	0.0027644869750099998	1	0.0050000000000000001
han_introgressed_neutral_g645_gate_r036	Han	neutral	0	2026085476	29	paper_frac_posterior_mean_below	local_100kb	20000	0.14069264069599999	0.0027644869750099998	1	0.0050000000000000001
han_introgressed_neutral_g645_gate_r036	Han	neutral	0	2026085476	29	paper_frac_posterior_mean_below	local_100kb	30000	0.22665704666200001	0.0027644869750099998	1	0.0050000000000000001
han_introgressed_neutral_g645_gate_r036	Han	neutral	0	2026085476	29	paper_frac_posterior_mean_below	local_100kb	40000	0.302472342467	0.0027644869750099998	1	0.0050000000000000001
han_introgressed_neutral_g645_gate_r036	Han	neutral	0	2026085476	29	paper_frac_posterior_mean_below	local_100kb	50000	0.35029341028599997	0.0027644869750099998	1	0.0050000000000000001
han_introgressed_neutral_g645_gate_r037	Han	neutral	0	2026085477	29	mean_p_tmrca_lt	focal	1000	0.0075362797769999998	0.0073289283815599999	1	0.0050000000000000001
han_introgressed_neutral_g645_gate_r037	Han	neutral	0	2026085477	29	mean_p_tmrca_lt	focal	4500	0.036507348740000001	0.0073289283815599999	1	0.0050000000000000001
han_introgressed_neutral_g645_gate_r037	Han	neutral	0	2026085477	29	mean_p_tmrca_lt	focal	10000	0.079988195580000004	0.0073289283815599999	1	0.0050000000000000001
han_introgressed_neutral_g645_gate_r037	Han	neutral	0	2026085477	29	mean_p_tmrca_lt	focal	20000	0.1469227561	0.0073289283815599999	1	0.0050000000000000001
han_introgressed_neutral_g645_gate_r037	Han	neutral	0	2026085477	29	mean_p_tmrca_lt	focal	30000	0.20027792629999999	0.0073289283815599999	1	0.0050000000000000001
han_introgressed_neutral_g645_gate_r037	Han	neutral	0	2026085477	29	mean_p_tmrca_lt	focal	40000	0.24410237670000001	0.0073289283815599999	1	0.0050000000000000001
han_introgressed_neutral_g645_gate_r037	Han	neutral	0	2026085477	29	mean_p_tmrca_lt	focal	50000	0.28141631249999999	0.0073289283815599999	1	0.0050000000000000001
han_introgressed_neutral_g645_gate_r037	Han	neutral	0	2026085477	29	mean_p_tmrca_lt	local_100kb	1000	0.0083713425956199999	0.0073289283815599999	1	0.0050000000000000001
han_introgressed_neutral_g645_gate_r037	Han	neutral	0	2026085477	29	mean_p_tmrca_lt	local_100kb	4500	0.039316809899000001	0.0073289283815599999	1	0.0050000000000000001
han_introgressed_neutral_g645_gate_r037	Han	neutral	0	2026085477	29	mean_p_tmrca_lt	local_100kb	10000	0.084653840053299997	0.0073289283815599999	1	0.0050000000000000001
han_introgressed_neutral_g645_gate_r037	Han	neutral	0	2026085477	29	mean_p_tmrca_lt	local_100kb	20000	0.153782875338	0.0073289283815599999	1	0.0050000000000000001
han_introgressed_neutral_g645_gate_r037	Han	neutral	0	2026085477	29	mean_p_tmrca_lt	local_100kb	30000	0.20898202895199999	0.0073289283815599999	1	0.0050000000000000001
han_introgressed_neutral_g645_gate_r037	Han	neutral	0	2026085477	29	mean_p_tmrca_lt	local_100kb	40000	0.25437699787099999	0.0073289283815599999	1	0.0050000000000000001
han_introgressed_neutral_g645_gate_r037	Han	neutral	0	2026085477	29	mean_p_tmrca_lt	local_100kb	50000	0.29289700627600002	0.0073289283815599999	1	0.0050000000000000001
han_introgressed_neutral_g645_gate_r037	Han	neutral	0	2026085477	29	paper_frac_posterior_mean_below	focal	1000	0	0.0073289283815599999	1	0.0050000000000000001
han_introgressed_neutral_g645_gate_r037	Han	neutral	0	2026085477	29	paper_frac_posterior_mean_below	focal	4500	0.0022222222219999998	0.0073289283815599999	1	0.0050000000000000001
han_introgressed_neutral_g645_gate_r037	Han	neutral	0	2026085477	29	paper_frac_posterior_mean_below	focal	10000	0.011515151519999999	0.0073289283815599999	1	0.0050000000000000001
han_introgressed_neutral_g645_gate_r037	Han	neutral	0	2026085477	29	paper_frac_posterior_mean_below	focal	20000	0.075555555560000001	0.0073289283815599999	1	0.0050000000000000001
han_introgressed_neutral_g645_gate_r037	Han	neutral	0	2026085477	29	paper_frac_posterior_mean_below	focal	30000	0.138989899	0.0073289283815599999	1	0.0050000000000000001
han_introgressed_neutral_g645_gate_r037	Han	neutral	0	2026085477	29	paper_frac_posterior_mean_below	focal	40000	0.1868686869	0.0073289283815599999	1	0.0050000000000000001
han_introgressed_neutral_g645_gate_r037	Han	neutral	0	2026085477	29	paper_frac_posterior_mean_below	focal	50000	0.21656565659999999	0.0073289283815599999	1	0.0050000000000000001
han_introgressed_neutral_g645_gate_r037	Han	neutral	0	2026085477	29	paper_frac_posterior_mean_below	local_100kb	1000	0	0.0073289283815599999	1	0.0050000000000000001
han_introgressed_neutral_g645_gate_r037	Han	neutral	0	2026085477	29	paper_frac_posterior_mean_below	local_100kb	4500	0.0020202020199999999	0.0073289283815599999	1	0.0050000000000000001
han_introgressed_neutral_g645_gate_r037	Han	neutral	0	2026085477	29	paper_frac_posterior_mean_below	local_100kb	10000	0.012929292929799999	0.0073289283815599999	1	0.0050000000000000001
han_introgressed_neutral_g645_gate_r037	Han	neutral	0	2026085477	29	paper_frac_posterior_mean_below	local_100kb	20000	0.068253968253799993	0.0073289283815599999	1	0.0050000000000000001
han_introgressed_neutral_g645_gate_r037	Han	neutral	0	2026085477	29	paper_frac_posterior_mean_below	local_100kb	30000	0.127272727271	0.0073289283815599999	1	0.0050000000000000001
han_introgressed_neutral_g645_gate_r037	Han	neutral	0	2026085477	29	paper_frac_posterior_mean_below	local_100kb	40000	0.17512265511399999	0.0073289283815599999	1	0.0050000000000000001
han_introgressed_neutral_g645_gate_r037	Han	neutral	0	2026085477	29	paper_frac_posterior_mean_below	local_100kb	50000	0.20760942760500001	0.0073289283815599999	1	0.0050000000000000001
han_introgressed_neutral_g645_gate_r038	Han	neutral	0	2026085506	29	mean_p_tmrca_lt	focal	1000	0.020978600850000001	0.0145667198299	3	0.014999999999999999
han_introgressed_neutral_g645_gate_r038	Han	neutral	0	2026085506	29	mean_p_tmrca_lt	focal	4500	0.10625398899999999	0.0145667198299	3	0.014999999999999999
han_introgressed_neutral_g645_gate_r038	Han	neutral	0	2026085506	29	mean_p_tmrca_lt	focal	10000	0.23476067589999999	0.0145667198299	3	0.014999999999999999
han_introgressed_neutral_g645_gate_r038	Han	neutral	0	2026085506	29	mean_p_tmrca_lt	focal	20000	0.41994328619999999	0.0145667198299	3	0.014999999999999999
han_introgressed_neutral_g645_gate_r038	Han	neutral	0	2026085506	29	mean_p_tmrca_lt	focal	30000	0.55022837950000003	0.0145667198299	3	0.014999999999999999
han_introgressed_neutral_g645_gate_r038	Han	neutral	0	2026085506	29	mean_p_tmrca_lt	focal	40000	0.64238424459999999	0.0145667198299	3	0.014999999999999999
han_introgressed_neutral_g645_gate_r038	Han	neutral	0	2026085506	29	mean_p_tmrca_lt	focal	50000	0.70901720339999996	0.0145667198299	3	0.014999999999999999
han_introgressed_neutral_g645_gate_r038	Han	neutral	0	2026085506	29	mean_p_tmrca_lt	local_100kb	1000	0.025632476648099999	0.0145667198299	3	0.014999999999999999
han_introgressed_neutral_g645_gate_r038	Han	neutral	0	2026085506	29	mean_p_tmrca_lt	local_100kb	4500	0.122842322336	0.0145667198299	3	0.014999999999999999
han_introgressed_neutral_g645_gate_r038	Han	neutral	0	2026085506	29	mean_p_tmrca_lt	local_100kb	10000	0.25738994280999999	0.0145667198299	3	0.014999999999999999
han_introgressed_neutral_g645_gate_r038	Han	neutral	0	2026085506	29	mean_p_tmrca_lt	local_100kb	20000	0.43202588995699998	0.0145667198299	3	0.014999999999999999
han_introgressed_neutral_g645_gate_r038	Han	neutral	0	2026085506	29	mean_p_tmrca_lt	local_100kb	30000	0.54284408333800005	0.0145667198299	3	0.014999999999999999
han_introgressed_neutral_g645_gate_r038	Han	neutral	0	2026085506	29	mean_p_tmrca_lt	local_100kb	40000	0.61591778649499995	0.0145667198299	3	0.014999999999999999
han_introgressed_neutral_g645_gate_r038	Han	neutral	0	2026085506	29	mean_p_tmrca_lt	local_100kb	50000	0.66654378074300002	0.0145667198299	3	0.014999999999999999
han_introgressed_neutral_g645_gate_r038	Han	neutral	0	2026085506	29	paper_frac_posterior_mean_below	focal	1000	0	0.0145667198299	3	0.014999999999999999
han_introgressed_neutral_g645_gate_r038	Han	neutral	0	2026085506	29	paper_frac_posterior_mean_below	focal	4500	0.0024242424240000001	0.0145667198299	3	0.014999999999999999
han_introgressed_neutral_g645_gate_r038	Han	neutral	0	2026085506	29	paper_frac_posterior_mean_below	focal	10000	0.06767676768	0.0145667198299	3	0.014999999999999999
han_introgressed_neutral_g645_gate_r038	Han	neutral	0	2026085506	29	paper_frac_posterior_mean_below	focal	20000	0.29353535349999998	0.0145667198299	3	0.014999999999999999
han_introgressed_neutral_g645_gate_r038	Han	neutral	0	2026085506	29	paper_frac_posterior_mean_below	focal	30000	0.44060606060000002	0.0145667198299	3	0.014999999999999999
han_introgressed_neutral_g645_gate_r038	Han	neutral	0	2026085506	29	paper_frac_posterior_mean_below	focal	40000	0.58303030300000003	0.0145667198299	3	0.014999999999999999
han_introgressed_neutral_g645_gate_r038	Han	neutral	0	2026085506	29	paper_frac_posterior_mean_below	focal	50000	0.65050505049999996	0.0145667198299	3	0.014999999999999999
han_introgressed_neutral_g645_gate_r038	Han	neutral	0	2026085506	29	paper_frac_posterior_mean_below	local_100kb	1000	0	0.0145667198299	3	0.014999999999999999
han_introgressed_neutral_g645_gate_r038	Han	neutral	0	2026085506	29	paper_frac_posterior_mean_below	local_100kb	4500	0.0022895622893299998	0.0145667198299	3	0.014999999999999999
han_introgressed_neutral_g645_gate_r038	Han	neutral	0	2026085506	29	paper_frac_posterior_mean_below	local_100kb	10000	0.074083694081000004	0.0145667198299	3	0.014999999999999999
han_introgressed_neutral_g645_gate_r038	Han	neutral	0	2026085506	29	paper_frac_posterior_mean_below	local_100kb	20000	0.351871091857	0.0145667198299	3	0.014999999999999999
han_introgressed_neutral_g645_gate_r038	Han	neutral	0	2026085506	29	paper_frac_posterior_mean_below	local_100kb	30000	0.51155363156199996	0.0145667198299	3	0.014999999999999999
han_introgressed_neutral_g645_gate_r038	Han	neutral	0	2026085506	29	paper_frac_posterior_mean_below	local_100kb	40000	0.60911976911400001	0.0145667198299	3	0.014999999999999999
han_introgressed_neutral_g645_gate_r038	Han	neutral	0	2026085506	29	paper_frac_posterior_mean_below	local_100kb	50000	0.66154882154799999	0.0145667198299	3	0.014999999999999999
han_introgressed_neutral_g645_gate_r039	Han	neutral	0	2026085517	29	mean_p_tmrca_lt	focal	1000	0.0059006550240000002	0.017019822282999999	6	0.029999999999999999
han_introgressed_neutral_g645_gate_r039	Han	neutral	0	2026085517	29	mean_p_tmrca_lt	focal	4500	0.02581548233	0.017019822282999999	6	0.029999999999999999
han_introgressed_neutral_g645_gate_r039	Han	neutral	0	2026085517	29	mean_p_tmrca_lt	focal	10000	0.054967748640000001	0.017019822282999999	6	0.029999999999999999
han_introgressed_neutral_g645_gate_r039	Han	neutral	0	2026085517	29	mean_p_tmrca_lt	focal	20000	0.1016108824	0.017019822282999999	6	0.029999999999999999
han_introgressed_neutral_g645_gate_r039	Han	neutral	0	2026085517	29	mean_p_tmrca_lt	focal	30000	0.14155257339999999	0.017019822282999999	6	0.029999999999999999
han_introgressed_neutral_g645_gate_r039	Han	neutral	0	2026085517	29	mean_p_tmrca_lt	focal	40000	0.17656231310000001	0.017019822282999999	6	0.029999999999999999
han_introgressed_neutral_g645_gate_r039	Han	neutral	0	2026085517	29	mean_p_tmrca_lt	focal	50000	0.20798502790000001	0.017019822282999999	6	0.029999999999999999
han_introgressed_neutral_g645_gate_r039	Han	neutral	0	2026085517	29	mean_p_tmrca_lt	local_100kb	1000	0.0084377792150999997	0.017019822282999999	6	0.029999999999999999
han_introgressed_neutral_g645_gate_r039	Han	neutral	0	2026085517	29	mean_p_tmrca_lt	local_100kb	4500	0.0375617388538	0.017019822282999999	6	0.029999999999999999
han_introgressed_neutral_g645_gate_r039	Han	neutral	0	2026085517	29	mean_p_tmrca_lt	local_100kb	10000	0.080045633209999995	0.017019822282999999	6	0.029999999999999999
han_introgressed_neutral_g645_gate_r039	Han	neutral	0	2026085517	29	mean_p_tmrca_lt	local_100kb	20000	0.14664183553499999	0.017019822282999999	6	0.029999999999999999
han_introgressed_neutral_g645_gate_r039	Han	neutral	0	2026085517	29	mean_p_tmrca_lt	local_100kb	30000	0.20239130617600001	0.017019822282999999	6	0.029999999999999999
han_introgressed_neutral_g645_gate_r039	Han	neutral	0	2026085517	29	mean_p_tmrca_lt	local_100kb	40000	0.25031540540500002	0.017019822282999999	6	0.029999999999999999
han_introgressed_neutral_g645_gate_r039	Han	neutral	0	2026085517	29	mean_p_tmrca_lt	local_100kb	50000	0.29245236446700001	0.017019822282999999	6	0.029999999999999999
han_introgressed_neutral_g645_gate_r039	Han	neutral	0	2026085517	29	paper_frac_posterior_mean_below	focal	1000	0.0006060606061	0.017019822282999999	6	0.029999999999999999
han_introgressed_neutral_g645_gate_r039	Han	neutral	0	2026085517	29	paper_frac_posterior_mean_below	focal	4500	0.0028282828279999998	0.017019822282999999	6	0.029999999999999999
han_introgressed_neutral_g645_gate_r039	Han	neutral	0	2026085517	29	paper_frac_posterior_mean_below	focal	10000	0.0103030303	0.017019822282999999	6	0.029999999999999999
han_introgressed_neutral_g645_gate_r039	Han	neutral	0	2026085517	29	paper_frac_posterior_mean_below	focal	20000	0.03292929293	0.017019822282999999	6	0.029999999999999999
han_introgressed_neutral_g645_gate_r039	Han	neutral	0	2026085517	29	paper_frac_posterior_mean_below	focal	30000	0.07212121212	0.017019822282999999	6	0.029999999999999999
han_introgressed_neutral_g645_gate_r039	Han	neutral	0	2026085517	29	paper_frac_posterior_mean_below	focal	40000	0.1193939394	0.017019822282999999	6	0.029999999999999999
han_introgressed_neutral_g645_gate_r039	Han	neutral	0	2026085517	29	paper_frac_posterior_mean_below	focal	50000	0.1713131313	0.017019822282999999	6	0.029999999999999999
han_introgressed_neutral_g645_gate_r039	Han	neutral	0	2026085517	29	paper_frac_posterior_mean_below	local_100kb	1000	0.00057720057722899999	0.017019822282999999	6	0.029999999999999999
han_introgressed_neutral_g645_gate_r039	Han	neutral	0	2026085517	29	paper_frac_posterior_mean_below	local_100kb	4500	0.0029052429049500001	0.017019822282999999	6	0.029999999999999999
han_introgressed_neutral_g645_gate_r039	Han	neutral	0	2026085517	29	paper_frac_posterior_mean_below	local_100kb	10000	0.010755170756	0.017019822282999999	6	0.029999999999999999
han_introgressed_neutral_g645_gate_r039	Han	neutral	0	2026085517	29	paper_frac_posterior_mean_below	local_100kb	20000	0.058143338143800002	0.017019822282999999	6	0.029999999999999999
han_introgressed_neutral_g645_gate_r039	Han	neutral	0	2026085517	29	paper_frac_posterior_mean_below	local_100kb	30000	0.099499759504800001	0.017019822282999999	6	0.029999999999999999
han_introgressed_neutral_g645_gate_r039	Han	neutral	0	2026085517	29	paper_frac_posterior_mean_below	local_100kb	40000	0.14443482443799999	0.017019822282999999	6	0.029999999999999999
han_introgressed_neutral_g645_gate_r039	Han	neutral	0	2026085517	29	paper_frac_posterior_mean_below	local_100kb	50000	0.18410774411399999	0.017019822282999999	6	0.029999999999999999
han_introgressed_neutral_g645_gate_r040	Han	neutral	0	2026085550	29	mean_p_tmrca_lt	focal	1000	0.0081857510639999995	0.015660363028800001	0	0
han_introgressed_neutral_g645_gate_r040	Han	neutral	0	2026085550	29	mean_p_tmrca_lt	focal	4500	0.038508528760000001	0.015660363028800001	0	0
han_introgressed_neutral_g645_gate_r040	Han	neutral	0	2026085550	29	mean_p_tmrca_lt	focal	10000	0.087037605899999995	0.015660363028800001	0	0
han_introgressed_neutral_g645_gate_r040	Han	neutral	0	2026085550	29	mean_p_tmrca_lt	focal	20000	0.17012181749999999	0.015660363028800001	0	0
han_introgressed_neutral_g645_gate_r040	Han	neutral	0	2026085550	29	mean_p_tmrca_lt	focal	30000	0.24403852400000001	0.015660363028800001	0	0
han_introgressed_neutral_g645_gate_r040	Han	neutral	0	2026085550	29	mean_p_tmrca_lt	focal	40000	0.30938875659999998	0.015660363028800001	0	0
han_introgressed_neutral_g645_gate_r040	Han	neutral	0	2026085550	29	mean_p_tmrca_lt	focal	50000	0.36734059159999999	0.015660363028800001	0	0
han_introgressed_neutral_g645_gate_r040	Han	neutral	0	2026085550	29	mean_p_tmrca_lt	local_100kb	1000	0.0128232699187	0.015660363028800001	0	0
han_introgressed_neutral_g645_gate_r040	Han	neutral	0	2026085550	29	mean_p_tmrca_lt	local_100kb	4500	0.057673703701000001	0.015660363028800001	0	0
han_introgressed_neutral_g645_gate_r040	Han	neutral	0	2026085550	29	mean_p_tmrca_lt	local_100kb	10000	0.123184166708	0.015660363028800001	0	0
han_introgressed_neutral_g645_gate_r040	Han	neutral	0	2026085550	29	mean_p_tmrca_lt	local_100kb	20000	0.22358132377600001	0.015660363028800001	0	0
han_introgressed_neutral_g645_gate_r040	Han	neutral	0	2026085550	29	mean_p_tmrca_lt	local_100kb	30000	0.303473847119	0.015660363028800001	0	0
han_introgressed_neutral_g645_gate_r040	Han	neutral	0	2026085550	29	mean_p_tmrca_lt	local_100kb	40000	0.36808035217599999	0.015660363028800001	0	0
han_introgressed_neutral_g645_gate_r040	Han	neutral	0	2026085550	29	mean_p_tmrca_lt	local_100kb	50000	0.42144986141399998	0.015660363028800001	0	0
han_introgressed_neutral_g645_gate_r040	Han	neutral	0	2026085550	29	paper_frac_posterior_mean_below	focal	1000	0.0006060606061	0.015660363028800001	0	0
han_introgressed_neutral_g645_gate_r040	Han	neutral	0	2026085550	29	paper_frac_posterior_mean_below	focal	4500	0.0044444444439999996	0.015660363028800001	0	0
han_introgressed_neutral_g645_gate_r040	Han	neutral	0	2026085550	29	paper_frac_posterior_mean_below	focal	10000	0.014343434340000001	0.015660363028800001	0	0
han_introgressed_neutral_g645_gate_r040	Han	neutral	0	2026085550	29	paper_frac_posterior_mean_below	focal	20000	0.0701010101	0.015660363028800001	0	0
han_introgressed_neutral_g645_gate_r040	Han	neutral	0	2026085550	29	paper_frac_posterior_mean_below	focal	30000	0.15252525250000001	0.015660363028800001	0	0
han_introgressed_neutral_g645_gate_r040	Han	neutral	0	2026085550	29	paper_frac_posterior_mean_below	focal	40000	0.2212121212	0.015660363028800001	0	0
han_introgressed_neutral_g645_gate_r040	Han	neutral	0	2026085550	29	paper_frac_posterior_mean_below	focal	50000	0.2828282828	0.015660363028800001	0	0
han_introgressed_neutral_g645_gate_r040	Han	neutral	0	2026085550	29	paper_frac_posterior_mean_below	local_100kb	1000	0.00064454064457599998	0.015660363028800001	0	0
han_introgressed_neutral_g645_gate_r040	Han	neutral	0	2026085550	29	paper_frac_posterior_mean_below	local_100kb	4500	0.0040885040881000001	0.015660363028800001	0	0
han_introgressed_neutral_g645_gate_r040	Han	neutral	0	2026085550	29	paper_frac_posterior_mean_below	local_100kb	10000	0.017508417508600001	0.015660363028800001	0	0
han_introgressed_neutral_g645_gate_r040	Han	neutral	0	2026085550	29	paper_frac_posterior_mean_below	local_100kb	20000	0.095709475709	0.015660363028800001	0	0
han_introgressed_neutral_g645_gate_r040	Han	neutral	0	2026085550	29	paper_frac_posterior_mean_below	local_100kb	30000	0.19824915824299999	0.015660363028800001	0	0
han_introgressed_neutral_g645_gate_r040	Han	neutral	0	2026085550	29	paper_frac_posterior_mean_below	local_100kb	40000	0.28175084174800002	0.015660363028800001	0	0
han_introgressed_neutral_g645_gate_r040	Han	neutral	0	2026085550	29	paper_frac_posterior_mean_below	local_100kb	50000	0.34174122174299998	0.015660363028800001	0	0
han_introgressed_neutral_g645_gate_r041	Han	neutral	0	2026085553	29	mean_p_tmrca_lt	focal	1000	0.01085823195	0.0070555175818299998	3	0.014999999999999999
han_introgressed_neutral_g645_gate_r041	Han	neutral	0	2026085553	29	mean_p_tmrca_lt	focal	4500	0.051174891819999999	0.0070555175818299998	3	0.014999999999999999
han_introgressed_neutral_g645_gate_r041	Han	neutral	0	2026085553	29	mean_p_tmrca_lt	focal	10000	0.1129307762	0.0070555175818299998	3	0.014999999999999999
han_introgressed_neutral_g645_gate_r041	Han	neutral	0	2026085553	29	mean_p_tmrca_lt	focal	20000	0.21059397420000001	0.0070555175818299998	3	0.014999999999999999
han_introgressed_neutral_g645_gate_r041	Han	neutral	0	2026085553	29	mean_p_tmrca_lt	focal	30000	0.28972906790000003	0.0070555175818299998	3	0.014999999999999999
han_introgressed_neutral_g645_gate_r041	Han	neutral	0	2026085553	29	mean_p_tmrca_lt	focal	40000	0.3543900076	0.0070555175818299998	3	0.014999999999999999
han_introgressed_neutral_g645_gate_r041	Han	neutral	0	2026085553	29	mean_p_tmrca_lt	focal	50000	0.40820339859999999	0.0070555175818299998	3	0.014999999999999999
han_introgressed_neutral_g645_gate_r041	Han	neutral	0	2026085553	29	mean_p_tmrca_lt	local_100kb	1000	0.0127732001184	0.0070555175818299998	3	0.014999999999999999
han_introgressed_neutral_g645_gate_r041	Han	neutral	0	2026085553	29	mean_p_tmrca_lt	local_100kb	4500	0.058835301448599997	0.0070555175818299998	3	0.014999999999999999
han_introgressed_neutral_g645_gate_r041	Han	neutral	0	2026085553	29	mean_p_tmrca_lt	local_100kb	10000	0.12621183767300001	0.0070555175818299998	3	0.014999999999999999
han_introgressed_neutral_g645_gate_r041	Han	neutral	0	2026085553	29	mean_p_tmrca_lt	local_100kb	20000	0.22679738968599999	0.0070555175818299998	3	0.014999999999999999
han_introgressed_neutral_g645_gate_r041	Han	neutral	0	2026085553	29	mean_p_tmrca_lt	local_100kb	30000	0.30370473186699998	0.0070555175818299998	3	0.014999999999999999
han_introgressed_neutral_g645_gate_r041	Han	neutral	0	2026085553	29	mean_p_tmrca_lt	local_100kb	40000	0.36352520861400001	0.0070555175818299998	3	0.014999999999999999
han_introgressed_neutral_g645_gate_r041	Han	neutral	0	2026085553	29	mean_p_tmrca_lt	local_100kb	50000	0.41124676082900002	0.0070555175818299998	3	0.014999999999999999
han_introgressed_neutral_g645_gate_r041	Han	neutral	0	2026085553	29	paper_frac_posterior_mean_below	focal	1000	0.0006060606061	0.0070555175818299998	3	0.014999999999999999
han_introgressed_neutral_g645_gate_r041	Han	neutral	0	2026085553	29	paper_frac_posterior_mean_below	focal	4500	0.0018181818180000001	0.0070555175818299998	3	0.014999999999999999
han_introgressed_neutral_g645_gate_r041	Han	neutral	0	2026085553	29	paper_frac_posterior_mean_below	focal	10000	0.01595959596	0.0070555175818299998	3	0.014999999999999999
han_introgressed_neutral_g645_gate_r041	Han	neutral	0	2026085553	29	paper_frac_posterior_mean_below	focal	20000	0.098585858590000006	0.0070555175818299998	3	0.014999999999999999
han_introgressed_neutral_g645_gate_r041	Han	neutral	0	2026085553	29	paper_frac_posterior_mean_below	focal	30000	0.2018181818	0.0070555175818299998	3	0.014999999999999999
han_introgressed_neutral_g645_gate_r041	Han	neutral	0	2026085553	29	paper_frac_posterior_mean_below	focal	40000	0.27111111110000002	0.0070555175818299998	3	0.014999999999999999
han_introgressed_neutral_g645_gate_r041	Han	neutral	0	2026085553	29	paper_frac_posterior_mean_below	focal	50000	0.3143434343	0.0070555175818299998	3	0.014999999999999999
han_introgressed_neutral_g645_gate_r041	Han	neutral	0	2026085553	29	paper_frac_posterior_mean_below	local_100kb	1000	0.00072150072151400005	0.0070555175818299998	3	0.014999999999999999
han_introgressed_neutral_g645_gate_r041	Han	neutral	0	2026085553	29	paper_frac_posterior_mean_below	local_100kb	4500	0.0020683020681000002	0.0070555175818299998	3	0.014999999999999999
han_introgressed_neutral_g645_gate_r041	Han	neutral	0	2026085553	29	paper_frac_posterior_mean_below	local_100kb	10000	0.0162962962967	0.0070555175818299998	3	0.014999999999999999
han_introgressed_neutral_g645_gate_r041	Han	neutral	0	2026085553	29	paper_frac_posterior_mean_below	local_100kb	20000	0.11023569023	0.0070555175818299998	3	0.014999999999999999
han_introgressed_neutral_g645_gate_r041	Han	neutral	0	2026085553	29	paper_frac_posterior_mean_below	local_100kb	30000	0.22269360269499999	0.0070555175818299998	3	0.014999999999999999
han_introgressed_neutral_g645_gate_r041	Han	neutral	0	2026085553	29	paper_frac_posterior_mean_below	local_100kb	40000	0.30651274651900001	0.0070555175818299998	3	0.014999999999999999
han_introgressed_neutral_g645_gate_r041	Han	neutral	0	2026085553	29	paper_frac_posterior_mean_below	local_100kb	50000	0.36329004329499998	0.0070555175818299998	3	0.014999999999999999
han_introgressed_neutral_g645_gate_r042	Han	neutral	0	2026085568	29	mean_p_tmrca_lt	focal	1000	0.01151954893	0.041512873091799997	11	0.055
han_introgressed_neutral_g645_gate_r042	Han	neutral	0	2026085568	29	mean_p_tmrca_lt	focal	4500	0.052551835429999999	0.041512873091799997	11	0.055
han_introgressed_neutral_g645_gate_r042	Han	neutral	0	2026085568	29	mean_p_tmrca_lt	focal	10000	0.1097469318	0.041512873091799997	11	0.055
han_introgressed_neutral_g645_gate_r042	Han	neutral	0	2026085568	29	mean_p_tmrca_lt	focal	20000	0.1891820535	0.041512873091799997	11	0.055
han_introgressed_neutral_g645_gate_r042	Han	neutral	0	2026085568	29	mean_p_tmrca_lt	focal	30000	0.24481809090000001	0.041512873091799997	11	0.055
han_introgressed_neutral_g645_gate_r042	Han	neutral	0	2026085568	29	mean_p_tmrca_lt	focal	40000	0.28461168419999999	0.041512873091799997	11	0.055
han_introgressed_neutral_g645_gate_r042	Han	neutral	0	2026085568	29	mean_p_tmrca_lt	focal	50000	0.31387362229999999	0.041512873091799997	11	0.055
han_introgressed_neutral_g645_gate_r042	Han	neutral	0	2026085568	29	mean_p_tmrca_lt	local_100kb	1000	0.0101743643493	0.041512873091799997	11	0.055
han_introgressed_neutral_g645_gate_r042	Han	neutral	0	2026085568	29	mean_p_tmrca_lt	local_100kb	4500	0.047001256478100002	0.041512873091799997	11	0.055
han_introgressed_neutral_g645_gate_r042	Han	neutral	0	2026085568	29	mean_p_tmrca_lt	local_100kb	10000	0.10033838064300001	0.041512873091799997	11	0.055
han_introgressed_neutral_g645_gate_r042	Han	neutral	0	2026085568	29	mean_p_tmrca_lt	local_100kb	20000	0.18038281049499999	0.041512873091799997	11	0.055
han_introgressed_neutral_g645_gate_r042	Han	neutral	0	2026085568	29	mean_p_tmrca_lt	local_100kb	30000	0.24324426020000001	0.041512873091799997	11	0.055
han_introgressed_neutral_g645_gate_r042	Han	neutral	0	2026085568	29	mean_p_tmrca_lt	local_100kb	40000	0.29405043567599998	0.041512873091799997	11	0.055
han_introgressed_neutral_g645_gate_r042	Han	neutral	0	2026085568	29	mean_p_tmrca_lt	local_100kb	50000	0.33633904673300002	0.041512873091799997	11	0.055
han_introgressed_neutral_g645_gate_r042	Han	neutral	0	2026085568	29	paper_frac_posterior_mean_below	focal	1000	0.000404040404	0.041512873091799997	11	0.055
han_introgressed_neutral_g645_gate_r042	Han	neutral	0	2026085568	29	paper_frac_posterior_mean_below	focal	4500	0.0030303030300000001	0.041512873091799997	11	0.055
han_introgressed_neutral_g645_gate_r042	Han	neutral	0	2026085568	29	paper_frac_posterior_mean_below	focal	10000	0.01676767677	0.041512873091799997	11	0.055
han_introgressed_neutral_g645_gate_r042	Han	neutral	0	2026085568	29	paper_frac_posterior_mean_below	focal	20000	0.10828282829999999	0.041512873091799997	11	0.055
han_introgressed_neutral_g645_gate_r042	Han	neutral	0	2026085568	29	paper_frac_posterior_mean_below	focal	30000	0.1977777778	0.041512873091799997	11	0.055
han_introgressed_neutral_g645_gate_r042	Han	neutral	0	2026085568	29	paper_frac_posterior_mean_below	focal	40000	0.25919191920000001	0.041512873091799997	11	0.055
han_introgressed_neutral_g645_gate_r042	Han	neutral	0	2026085568	29	paper_frac_posterior_mean_below	focal	50000	0.30606060610000002	0.041512873091799997	11	0.055
han_introgressed_neutral_g645_gate_r042	Han	neutral	0	2026085568	29	paper_frac_posterior_mean_below	local_100kb	1000	0.00030784030781000002	0.041512873091799997	11	0.055
han_introgressed_neutral_g645_gate_r042	Han	neutral	0	2026085568	29	paper_frac_posterior_mean_below	local_100kb	4500	0.00340548340519	0.041512873091799997	11	0.055
han_introgressed_neutral_g645_gate_r042	Han	neutral	0	2026085568	29	paper_frac_posterior_mean_below	local_100kb	10000	0.0193458393457	0.041512873091799997	11	0.055
han_introgressed_neutral_g645_gate_r042	Han	neutral	0	2026085568	29	paper_frac_posterior_mean_below	local_100kb	20000	0.087407407411000004	0.041512873091799997	11	0.055
han_introgressed_neutral_g645_gate_r042	Han	neutral	0	2026085568	29	paper_frac_posterior_mean_below	local_100kb	30000	0.16170274170999999	0.041512873091799997	11	0.055
han_introgressed_neutral_g645_gate_r042	Han	neutral	0	2026085568	29	paper_frac_posterior_mean_below	local_100kb	40000	0.21648869648999999	0.041512873091799997	11	0.055
han_introgressed_neutral_g645_gate_r042	Han	neutral	0	2026085568	29	paper_frac_posterior_mean_below	local_100kb	50000	0.26023088023300001	0.041512873091799997	11	0.055
han_introgressed_neutral_g645_gate_r043	Han	neutral	0	2026085643	29	mean_p_tmrca_lt	focal	1000	0.0094799939169999993	0.031814384446000002	5	0.025000000000000001
han_introgressed_neutral_g645_gate_r043	Han	neutral	0	2026085643	29	mean_p_tmrca_lt	focal	4500	0.041765778849999997	0.031814384446000002	5	0.025000000000000001
han_introgressed_neutral_g645_gate_r043	Han	neutral	0	2026085643	29	mean_p_tmrca_lt	focal	10000	0.087543602849999999	0.031814384446000002	5	0.025000000000000001
han_introgressed_neutral_g645_gate_r043	Han	neutral	0	2026085643	29	mean_p_tmrca_lt	focal	20000	0.15877561130000001	0.031814384446000002	5	0.025000000000000001
han_introgressed_neutral_g645_gate_r043	Han	neutral	0	2026085643	29	mean_p_tmrca_lt	focal	30000	0.21891994179999999	0.031814384446000002	5	0.025000000000000001
han_introgressed_neutral_g645_gate_r043	Han	neutral	0	2026085643	29	mean_p_tmrca_lt	focal	40000	0.2712597981	0.031814384446000002	5	0.025000000000000001
han_introgressed_neutral_g645_gate_r043	Han	neutral	0	2026085643	29	mean_p_tmrca_lt	focal	50000	0.31775728009999998	0.031814384446000002	5	0.025000000000000001
han_introgressed_neutral_g645_gate_r043	Han	neutral	0	2026085643	29	mean_p_tmrca_lt	local_100kb	1000	0.010214284697	0.031814384446000002	5	0.025000000000000001
han_introgressed_neutral_g645_gate_r043	Han	neutral	0	2026085643	29	mean_p_tmrca_lt	local_100kb	4500	0.045540911488100001	0.031814384446000002	5	0.025000000000000001
han_introgressed_neutral_g645_gate_r043	Han	neutral	0	2026085643	29	mean_p_tmrca_lt	local_100kb	10000	0.096171054017599997	0.031814384446000002	5	0.025000000000000001
han_introgressed_neutral_g645_gate_r043	Han	neutral	0	2026085643	29	mean_p_tmrca_lt	local_100kb	20000	0.17402953132900001	0.031814384446000002	5	0.025000000000000001
han_introgressed_neutral_g645_gate_r043	Han	neutral	0	2026085643	29	mean_p_tmrca_lt	local_100kb	30000	0.23764151145199999	0.031814384446000002	5	0.025000000000000001
han_introgressed_neutral_g645_gate_r043	Han	neutral	0	2026085643	29	mean_p_tmrca_lt	local_100kb	40000	0.29110219880999999	0.031814384446000002	5	0.025000000000000001
han_introgressed_neutral_g645_gate_r043	Han	neutral	0	2026085643	29	mean_p_tmrca_lt	local_100kb	50000	0.33716159755699998	0.031814384446000002	5	0.025000000000000001
han_introgressed_neutral_g645_gate_r043	Han	neutral	0	2026085643	29	paper_frac_posterior_mean_below	focal	1000	0.000404040404	0.031814384446000002	5	0.025000000000000001
han_introgressed_neutral_g645_gate_r043	Han	neutral	0	2026085643	29	paper_frac_posterior_mean_below	focal	4500	0.0028282828279999998	0.031814384446000002	5	0.025000000000000001
han_introgressed_neutral_g645_gate_r043	Han	neutral	0	2026085643	29	paper_frac_posterior_mean_below	focal	10000	0.01676767677	0.031814384446000002	5	0.025000000000000001
han_introgressed_neutral_g645_gate_r043	Han	neutral	0	2026085643	29	paper_frac_posterior_mean_below	focal	20000	0.07070707071	0.031814384446000002	5	0.025000000000000001
han_introgressed_neutral_g645_gate_r043	Han	neutral	0	2026085643	29	paper_frac_posterior_mean_below	focal	30000	0.15555555560000001	0.031814384446000002	5	0.025000000000000001
han_introgressed_neutral_g645_gate_r043	Han	neutral	0	2026085643	29	paper_frac_posterior_mean_below	focal	40000	0.2167676768	0.031814384446000002	5	0.025000000000000001
han_introgressed_neutral_g645_gate_r043	Han	neutral	0	2026085643	29	paper_frac_posterior_mean_below	focal	50000	0.24282828279999999	0.031814384446000002	5	0.025000000000000001
han_introgressed_neutral_g645_gate_r043	Han	neutral	0	2026085643	29	paper_frac_posterior_mean_below	local_100kb	1000	0.00049062049061400004	0.031814384446000002	5	0.025000000000000001
han_introgressed_neutral_g645_gate_r043	Han	neutral	0	2026085643	29	paper_frac_posterior_mean_below	local_100kb	4500	0.0030880230877099999	0.031814384446000002	5	0.025000000000000001
han_introgressed_neutral_g645_gate_r043	Han	neutral	0	2026085643	29	paper_frac_posterior_mean_below	local_100kb	10000	0.0181914381919	0.031814384446000002	5	0.025000000000000001
han_introgressed_neutral_g645_gate_r043	Han	neutral	0	2026085643	29	paper_frac_posterior_mean_below	local_100kb	20000	0.0753342953343	0.031814384446000002	5	0.025000000000000001
han_introgressed_neutral_g645_gate_r043	Han	neutral	0	2026085643	29	paper_frac_posterior_mean_below	local_100kb	30000	0.13982683983800001	0.031814384446000002	5	0.025000000000000001
han_introgressed_neutral_g645_gate_r043	Han	neutral	0	2026085643	29	paper_frac_posterior_mean_below	local_100kb	40000	0.19337181337600001	0.031814384446000002	5	0.025000000000000001
han_introgressed_neutral_g645_gate_r043	Han	neutral	0	2026085643	29	paper_frac_posterior_mean_below	local_100kb	50000	0.237152477148	0.031814384446000002	5	0.025000000000000001
han_introgressed_neutral_g645_gate_r044	Han	neutral	0	2026085730	29	mean_p_tmrca_lt	focal	1000	0.0092066500080000002	0.0178172704488	6	0.029999999999999999
han_introgressed_neutral_g645_gate_r044	Han	neutral	0	2026085730	29	mean_p_tmrca_lt	focal	4500	0.039550214559999998	0.0178172704488	6	0.029999999999999999
han_introgressed_neutral_g645_gate_r044	Han	neutral	0	2026085730	29	mean_p_tmrca_lt	focal	10000	0.083246909250000001	0.0178172704488	6	0.029999999999999999
han_introgressed_neutral_g645_gate_r044	Han	neutral	0	2026085730	29	mean_p_tmrca_lt	focal	20000	0.15231179049999999	0.0178172704488	6	0.029999999999999999
han_introgressed_neutral_g645_gate_r044	Han	neutral	0	2026085730	29	mean_p_tmrca_lt	focal	30000	0.21099030590000001	0.0178172704488	6	0.029999999999999999
han_introgressed_neutral_g645_gate_r044	Han	neutral	0	2026085730	29	mean_p_tmrca_lt	focal	40000	0.26206698610000001	0.0178172704488	6	0.029999999999999999
han_introgressed_neutral_g645_gate_r044	Han	neutral	0	2026085730	29	mean_p_tmrca_lt	focal	50000	0.30738065799999997	0.0178172704488	6	0.029999999999999999
han_introgressed_neutral_g645_gate_r044	Han	neutral	0	2026085730	29	mean_p_tmrca_lt	local_100kb	1000	0.0087514773484800006	0.0178172704488	6	0.029999999999999999
han_introgressed_neutral_g645_gate_r044	Han	neutral	0	2026085730	29	mean_p_tmrca_lt	local_100kb	4500	0.038455248582899997	0.0178172704488	6	0.029999999999999999
han_introgressed_neutral_g645_gate_r044	Han	neutral	0	2026085730	29	mean_p_tmrca_lt	local_100kb	10000	0.082923270421000006	0.0178172704488	6	0.029999999999999999
han_introgressed_neutral_g645_gate_r044	Han	neutral	0	2026085730	29	mean_p_tmrca_lt	local_100kb	20000	0.155977236671	0.0178172704488	6	0.029999999999999999
han_introgressed_neutral_g645_gate_r044	Han	neutral	0	2026085730	29	mean_p_tmrca_lt	local_100kb	30000	0.21963576943300001	0.0178172704488	6	0.029999999999999999
han_introgressed_neutral_g645_gate_r044	Han	neutral	0	2026085730	29	mean_p_tmrca_lt	local_100kb	40000	0.27561726879499998	0.0178172704488	6	0.029999999999999999
han_introgressed_neutral_g645_gate_r044	Han	neutral	0	2026085730	29	mean_p_tmrca_lt	local_100kb	50000	0.32543673978999998	0.0178172704488	6	0.029999999999999999
han_introgressed_neutral_g645_gate_r044	Han	neutral	0	2026085730	29	paper_frac_posterior_mean_below	focal	1000	0.00080808080809999998	0.0178172704488	6	0.029999999999999999
han_introgressed_neutral_g645_gate_r044	Han	neutral	0	2026085730	29	paper_frac_posterior_mean_below	focal	4500	0.0036363636360000002	0.0178172704488	6	0.029999999999999999
han_introgressed_neutral_g645_gate_r044	Han	neutral	0	2026085730	29	paper_frac_posterior_mean_below	focal	10000	0.010707070710000001	0.0178172704488	6	0.029999999999999999
han_introgressed_neutral_g645_gate_r044	Han	neutral	0	2026085730	29	paper_frac_posterior_mean_below	focal	20000	0.053131313130000003	0.0178172704488	6	0.029999999999999999
han_introgressed_neutral_g645_gate_r044	Han	neutral	0	2026085730	29	paper_frac_posterior_mean_below	focal	30000	0.10000000000000001	0.0178172704488	6	0.029999999999999999
han_introgressed_neutral_g645_gate_r044	Han	neutral	0	2026085730	29	paper_frac_posterior_mean_below	focal	40000	0.13676767679999999	0.0178172704488	6	0.029999999999999999
han_introgressed_neutral_g645_gate_r044	Han	neutral	0	2026085730	29	paper_frac_posterior_mean_below	focal	50000	0.15595959600000001	0.0178172704488	6	0.029999999999999999
han_introgressed_neutral_g645_gate_r044	Han	neutral	0	2026085730	29	paper_frac_posterior_mean_below	local_100kb	1000	0.00080808080809999998	0.0178172704488	6	0.029999999999999999
han_introgressed_neutral_g645_gate_r044	Han	neutral	0	2026085730	29	paper_frac_posterior_mean_below	local_100kb	4500	0.0034247234243800001	0.0178172704488	6	0.029999999999999999
han_introgressed_neutral_g645_gate_r044	Han	neutral	0	2026085730	29	paper_frac_posterior_mean_below	local_100kb	10000	0.0095815295810499999	0.0178172704488	6	0.029999999999999999
han_introgressed_neutral_g645_gate_r044	Han	neutral	0	2026085730	29	paper_frac_posterior_mean_below	local_100kb	20000	0.047003367003300003	0.0178172704488	6	0.029999999999999999
han_introgressed_neutral_g645_gate_r044	Han	neutral	0	2026085730	29	paper_frac_posterior_mean_below	local_100kb	30000	0.0926214526195	0.0178172704488	6	0.029999999999999999
han_introgressed_neutral_g645_gate_r044	Han	neutral	0	2026085730	29	paper_frac_posterior_mean_below	local_100kb	40000	0.133410293407	0.0178172704488	6	0.029999999999999999
han_introgressed_neutral_g645_gate_r044	Han	neutral	0	2026085730	29	paper_frac_posterior_mean_below	local_100kb	50000	0.177652717657	0.0178172704488	6	0.029999999999999999
han_introgressed_neutral_g645_gate_r045	Han	neutral	0	2026085733	29	mean_p_tmrca_lt	focal	1000	0.0099614414220000006	0.035695298853199997	1	0.0050000000000000001
han_introgressed_neutral_g645_gate_r045	Han	neutral	0	2026085733	29	mean_p_tmrca_lt	focal	4500	0.048761444649999999	0.035695298853199997	1	0.0050000000000000001
han_introgressed_neutral_g645_gate_r045	Han	neutral	0	2026085733	29	mean_p_tmrca_lt	focal	10000	0.10732772459999999	0.035695298853199997	1	0.0050000000000000001
han_introgressed_neutral_g645_gate_r045	Han	neutral	0	2026085733	29	mean_p_tmrca_lt	focal	20000	0.19924163919999999	0.035695298853199997	1	0.0050000000000000001
han_introgressed_neutral_g645_gate_r045	Han	neutral	0	2026085733	29	mean_p_tmrca_lt	focal	30000	0.27391708749999999	0.035695298853199997	1	0.0050000000000000001
han_introgressed_neutral_g645_gate_r045	Han	neutral	0	2026085733	29	mean_p_tmrca_lt	focal	40000	0.33495470550000001	0.035695298853199997	1	0.0050000000000000001
han_introgressed_neutral_g645_gate_r045	Han	neutral	0	2026085733	29	mean_p_tmrca_lt	focal	50000	0.38559524160000003	0.035695298853199997	1	0.0050000000000000001
han_introgressed_neutral_g645_gate_r045	Han	neutral	0	2026085733	29	mean_p_tmrca_lt	local_100kb	1000	0.0131211450805	0.035695298853199997	1	0.0050000000000000001
han_introgressed_neutral_g645_gate_r045	Han	neutral	0	2026085733	29	mean_p_tmrca_lt	local_100kb	4500	0.062201867306199997	0.035695298853199997	1	0.0050000000000000001
han_introgressed_neutral_g645_gate_r045	Han	neutral	0	2026085733	29	mean_p_tmrca_lt	local_100kb	10000	0.13312737651000001	0.035695298853199997	1	0.0050000000000000001
han_introgressed_neutral_g645_gate_r045	Han	neutral	0	2026085733	29	mean_p_tmrca_lt	local_100kb	20000	0.236981072214	0.035695298853199997	1	0.0050000000000000001
han_introgressed_neutral_g645_gate_r045	Han	neutral	0	2026085733	29	mean_p_tmrca_lt	local_100kb	30000	0.315018890233	0.035695298853199997	1	0.0050000000000000001
han_introgressed_neutral_g645_gate_r045	Han	neutral	0	2026085733	29	mean_p_tmrca_lt	local_100kb	40000	0.37511311456700003	0.035695298853199997	1	0.0050000000000000001
han_introgressed_neutral_g645_gate_r045	Han	neutral	0	2026085733	29	mean_p_tmrca_lt	local_100kb	50000	0.42288788938600003	0.035695298853199997	1	0.0050000000000000001
han_introgressed_neutral_g645_gate_r045	Han	neutral	0	2026085733	29	paper_frac_posterior_mean_below	focal	1000	0	0.035695298853199997	1	0.0050000000000000001
han_introgressed_neutral_g645_gate_r045	Han	neutral	0	2026085733	29	paper_frac_posterior_mean_below	focal	4500	0.002626262626	0.035695298853199997	1	0.0050000000000000001
han_introgressed_neutral_g645_gate_r045	Han	neutral	0	2026085733	29	paper_frac_posterior_mean_below	focal	10000	0.023232323230000001	0.035695298853199997	1	0.0050000000000000001
han_introgressed_neutral_g645_gate_r045	Han	neutral	0	2026085733	29	paper_frac_posterior_mean_below	focal	20000	0.090707070710000004	0.035695298853199997	1	0.0050000000000000001
han_introgressed_neutral_g645_gate_r045	Han	neutral	0	2026085733	29	paper_frac_posterior_mean_below	focal	30000	0.16141414139999999	0.035695298853199997	1	0.0050000000000000001
han_introgressed_neutral_g645_gate_r045	Han	neutral	0	2026085733	29	paper_frac_posterior_mean_below	focal	40000	0.23070707069999999	0.035695298853199997	1	0.0050000000000000001
han_introgressed_neutral_g645_gate_r045	Han	neutral	0	2026085733	29	paper_frac_posterior_mean_below	focal	50000	0.277979798	0.035695298853199997	1	0.0050000000000000001
han_introgressed_neutral_g645_gate_r045	Han	neutral	0	2026085733	29	paper_frac_posterior_mean_below	local_100kb	1000	0	0.035695298853199997	1	0.0050000000000000001
han_introgressed_neutral_g645_gate_r045	Han	neutral	0	2026085733	29	paper_frac_posterior_mean_below	local_100kb	4500	0.0022607022604799998	0.035695298853199997	1	0.0050000000000000001
han_introgressed_neutral_g645_gate_r045	Han	neutral	0	2026085733	29	paper_frac_posterior_mean_below	local_100kb	10000	0.0214526214529	0.035695298853199997	1	0.0050000000000000001
han_introgressed_neutral_g645_gate_r045	Han	neutral	0	2026085733	29	paper_frac_posterior_mean_below	local_100kb	20000	0.118489658484	0.035695298853199997	1	0.0050000000000000001
han_introgressed_neutral_g645_gate_r045	Han	neutral	0	2026085733	29	paper_frac_posterior_mean_below	local_100kb	30000	0.24225108223799999	0.035695298853199997	1	0.0050000000000000001
han_introgressed_neutral_g645_gate_r045	Han	neutral	0	2026085733	29	paper_frac_posterior_mean_below	local_100kb	40000	0.32093314093300002	0.035695298853199997	1	0.0050000000000000001
han_introgressed_neutral_g645_gate_r045	Han	neutral	0	2026085733	29	paper_frac_posterior_mean_below	local_100kb	50000	0.36632034632400001	0.035695298853199997	1	0.0050000000000000001
han_introgressed_neutral_g645_gate_r046	Han	neutral	0	2026085762	29	mean_p_tmrca_lt	focal	1000	0.01181048826	0.024348750664499999	2	0.01
han_introgressed_neutral_g645_gate_r046	Han	neutral	0	2026085762	29	mean_p_tmrca_lt	focal	4500	0.054889778229999998	0.024348750664499999	2	0.01
han_introgressed_neutral_g645_gate_r046	Han	neutral	0	2026085762	29	mean_p_tmrca_lt	focal	10000	0.1179173996	0.024348750664499999	2	0.01
han_introgressed_neutral_g645_gate_r046	Han	neutral	0	2026085762	29	mean_p_tmrca_lt	focal	20000	0.2129968404	0.024348750664499999	2	0.01
han_introgressed_neutral_g645_gate_r046	Han	neutral	0	2026085762	29	mean_p_tmrca_lt	focal	30000	0.2881856867	0.024348750664499999	2	0.01
han_introgressed_neutral_g645_gate_r046	Han	neutral	0	2026085762	29	mean_p_tmrca_lt	focal	40000	0.34989926970000002	0.024348750664499999	2	0.01
han_introgressed_neutral_g645_gate_r046	Han	neutral	0	2026085762	29	mean_p_tmrca_lt	focal	50000	0.40218412409999998	0.024348750664499999	2	0.01
han_introgressed_neutral_g645_gate_r046	Han	neutral	0	2026085762	29	mean_p_tmrca_lt	local_100kb	1000	0.0128868631182	0.024348750664499999	2	0.01
han_introgressed_neutral_g645_gate_r046	Han	neutral	0	2026085762	29	mean_p_tmrca_lt	local_100kb	4500	0.059556986808100003	0.024348750664499999	2	0.01
han_introgressed_neutral_g645_gate_r046	Han	neutral	0	2026085762	29	mean_p_tmrca_lt	local_100kb	10000	0.12746793058	0.024348750664499999	2	0.01
han_introgressed_neutral_g645_gate_r046	Han	neutral	0	2026085762	29	mean_p_tmrca_lt	local_100kb	20000	0.22892261875700001	0.024348750664499999	2	0.01
han_introgressed_neutral_g645_gate_r046	Han	neutral	0	2026085762	29	mean_p_tmrca_lt	local_100kb	30000	0.30750119251399999	0.024348750664499999	2	0.01
han_introgressed_neutral_g645_gate_r046	Han	neutral	0	2026085762	29	mean_p_tmrca_lt	local_100kb	40000	0.37021251064799998	0.024348750664499999	2	0.01
han_introgressed_neutral_g645_gate_r046	Han	neutral	0	2026085762	29	mean_p_tmrca_lt	local_100kb	50000	0.42182289932400002	0.024348750664499999	2	0.01
han_introgressed_neutral_g645_gate_r046	Han	neutral	0	2026085762	29	paper_frac_posterior_mean_below	focal	1000	0.00080808080809999998	0.024348750664499999	2	0.01
han_introgressed_neutral_g645_gate_r046	Han	neutral	0	2026085762	29	paper_frac_posterior_mean_below	focal	4500	0.003232323232	0.024348750664499999	2	0.01
han_introgressed_neutral_g645_gate_r046	Han	neutral	0	2026085762	29	paper_frac_posterior_mean_below	focal	10000	0.023434343430000001	0.024348750664499999	2	0.01
han_introgressed_neutral_g645_gate_r046	Han	neutral	0	2026085762	29	paper_frac_posterior_mean_below	focal	20000	0.1147474747	0.024348750664499999	2	0.01
han_introgressed_neutral_g645_gate_r046	Han	neutral	0	2026085762	29	paper_frac_posterior_mean_below	focal	30000	0.17959595959999999	0.024348750664499999	2	0.01
han_introgressed_neutral_g645_gate_r046	Han	neutral	0	2026085762	29	paper_frac_posterior_mean_below	focal	40000	0.2204040404	0.024348750664499999	2	0.01
han_introgressed_neutral_g645_gate_r046	Han	neutral	0	2026085762	29	paper_frac_posterior_mean_below	focal	50000	0.24868686870000001	0.024348750664499999	2	0.01
han_introgressed_neutral_g645_gate_r046	Han	neutral	0	2026085762	29	paper_frac_posterior_mean_below	local_100kb	1000	0.00078884078886199999	0.024348750664499999	2	0.01
han_introgressed_neutral_g645_gate_r046	Han	neutral	0	2026085762	29	paper_frac_posterior_mean_below	local_100kb	4500	0.0031361231358100002	0.024348750664499999	2	0.01
han_introgressed_neutral_g645_gate_r046	Han	neutral	0	2026085762	29	paper_frac_posterior_mean_below	local_100kb	10000	0.025348725349500001	0.024348750664499999	2	0.01
han_introgressed_neutral_g645_gate_r046	Han	neutral	0	2026085762	29	paper_frac_posterior_mean_below	local_100kb	20000	0.112323232323	0.024348750664499999	2	0.01
han_introgressed_neutral_g645_gate_r046	Han	neutral	0	2026085762	29	paper_frac_posterior_mean_below	local_100kb	30000	0.20551226551400001	0.024348750664499999	2	0.01
han_introgressed_neutral_g645_gate_r046	Han	neutral	0	2026085762	29	paper_frac_posterior_mean_below	local_100kb	40000	0.27069745070000001	0.024348750664499999	2	0.01
han_introgressed_neutral_g645_gate_r046	Han	neutral	0	2026085762	29	paper_frac_posterior_mean_below	local_100kb	50000	0.321308321314	0.024348750664499999	2	0.01
han_introgressed_neutral_g645_gate_r047	Han	neutral	0	2026085828	29	mean_p_tmrca_lt	focal	1000	0.01079091446	0.00388850915167	0	0
han_introgressed_neutral_g645_gate_r047	Han	neutral	0	2026085828	29	mean_p_tmrca_lt	focal	4500	0.053192347090000001	0.00388850915167	0	0
han_introgressed_neutral_g645_gate_r047	Han	neutral	0	2026085828	29	mean_p_tmrca_lt	focal	10000	0.1248469722	0.00388850915167	0	0
han_introgressed_neutral_g645_gate_r047	Han	neutral	0	2026085828	29	mean_p_tmrca_lt	focal	20000	0.24681454759999999	0.00388850915167	0	0
han_introgressed_neutral_g645_gate_r047	Han	neutral	0	2026085828	29	mean_p_tmrca_lt	focal	30000	0.34858230909999999	0.00388850915167	0	0
han_introgressed_neutral_g645_gate_r047	Han	neutral	0	2026085828	29	mean_p_tmrca_lt	focal	40000	0.4314395553	0.00388850915167	0	0
han_introgressed_neutral_g645_gate_r047	Han	neutral	0	2026085828	29	mean_p_tmrca_lt	focal	50000	0.4993092415	0.00388850915167	0	0
han_introgressed_neutral_g645_gate_r047	Han	neutral	0	2026085828	29	mean_p_tmrca_lt	local_100kb	1000	0.015865473606600001	0.00388850915167	0	0
han_introgressed_neutral_g645_gate_r047	Han	neutral	0	2026085828	29	mean_p_tmrca_lt	local_100kb	4500	0.073226503669999998	0.00388850915167	0	0
han_introgressed_neutral_g645_gate_r047	Han	neutral	0	2026085828	29	mean_p_tmrca_lt	local_100kb	10000	0.15848852669499999	0.00388850915167	0	0
han_introgressed_neutral_g645_gate_r047	Han	neutral	0	2026085828	29	mean_p_tmrca_lt	local_100kb	20000	0.286682377652	0.00388850915167	0	0
han_introgressed_neutral_g645_gate_r047	Han	neutral	0	2026085828	29	mean_p_tmrca_lt	local_100kb	30000	0.38430377209	0.00388850915167	0	0
han_introgressed_neutral_g645_gate_r047	Han	neutral	0	2026085828	29	mean_p_tmrca_lt	local_100kb	40000	0.45944445044799997	0.00388850915167	0	0
han_introgressed_neutral_g645_gate_r047	Han	neutral	0	2026085828	29	mean_p_tmrca_lt	local_100kb	50000	0.51857942698100001	0.00388850915167	0	0
han_introgressed_neutral_g645_gate_r047	Han	neutral	0	2026085828	29	paper_frac_posterior_mean_below	focal	1000	0.0012121212120000001	0.00388850915167	0	0
han_introgressed_neutral_g645_gate_r047	Han	neutral	0	2026085828	29	paper_frac_posterior_mean_below	focal	4500	0.0042424242419999997	0.00388850915167	0	0
han_introgressed_neutral_g645_gate_r047	Han	neutral	0	2026085828	29	paper_frac_posterior_mean_below	focal	10000	0.01474747475	0.00388850915167	0	0
han_introgressed_neutral_g645_gate_r047	Han	neutral	0	2026085828	29	paper_frac_posterior_mean_below	focal	20000	0.083636363640000003	0.00388850915167	0	0
han_introgressed_neutral_g645_gate_r047	Han	neutral	0	2026085828	29	paper_frac_posterior_mean_below	focal	30000	0.19232323230000001	0.00388850915167	0	0
han_introgressed_neutral_g645_gate_r047	Han	neutral	0	2026085828	29	paper_frac_posterior_mean_below	focal	40000	0.31171717170000002	0.00388850915167	0	0
han_introgressed_neutral_g645_gate_r047	Han	neutral	0	2026085828	29	paper_frac_posterior_mean_below	focal	50000	0.40383838379999998	0.00388850915167	0	0
han_introgressed_neutral_g645_gate_r047	Han	neutral	0	2026085828	29	paper_frac_posterior_mean_below	local_100kb	1000	0.0012121212120000001	0.00388850915167	0	0
han_introgressed_neutral_g645_gate_r047	Han	neutral	0	2026085828	29	paper_frac_posterior_mean_below	local_100kb	4500	0.00405002404967	0.00388850915167	0	0
han_introgressed_neutral_g645_gate_r047	Han	neutral	0	2026085828	29	paper_frac_posterior_mean_below	local_100kb	10000	0.022462722462400001	0.00388850915167	0	0
han_introgressed_neutral_g645_gate_r047	Han	neutral	0	2026085828	29	paper_frac_posterior_mean_below	local_100kb	20000	0.139547859538	0.00388850915167	0	0
han_introgressed_neutral_g645_gate_r047	Han	neutral	0	2026085828	29	paper_frac_posterior_mean_below	local_100kb	30000	0.29427609427099999	0.00388850915167	0	0
han_introgressed_neutral_g645_gate_r047	Han	neutral	0	2026085828	29	paper_frac_posterior_mean_below	local_100kb	40000	0.393525733514	0.00388850915167	0	0
han_introgressed_neutral_g645_gate_r047	Han	neutral	0	2026085828	29	paper_frac_posterior_mean_below	local_100kb	50000	0.4622029822	0.00388850915167	0	0
han_introgressed_neutral_g645_gate_r048	Han	neutral	0	2026085837	29	mean_p_tmrca_lt	focal	1000	0.010007401670000001	0.00449608870662	1	0.0050000000000000001
han_introgressed_neutral_g645_gate_r048	Han	neutral	0	2026085837	29	mean_p_tmrca_lt	focal	4500	0.046843656240000003	0.00449608870662	1	0.0050000000000000001
han_introgressed_neutral_g645_gate_r048	Han	neutral	0	2026085837	29	mean_p_tmrca_lt	focal	10000	0.10474782470000001	0.00449608870662	1	0.0050000000000000001
han_introgressed_neutral_g645_gate_r048	Han	neutral	0	2026085837	29	mean_p_tmrca_lt	focal	20000	0.1996750142	0.00449608870662	1	0.0050000000000000001
han_introgressed_neutral_g645_gate_r048	Han	neutral	0	2026085837	29	mean_p_tmrca_lt	focal	30000	0.27968585530000001	0.00449608870662	1	0.0050000000000000001
han_introgressed_neutral_g645_gate_r048	Han	neutral	0	2026085837	29	mean_p_tmrca_lt	focal	40000	0.34715105660000001	0.00449608870662	1	0.0050000000000000001
han_introgressed_neutral_g645_gate_r048	Han	neutral	0	2026085837	29	mean_p_tmrca_lt	focal	50000	0.40468570929999997	0.00449608870662	1	0.0050000000000000001
han_introgressed_neutral_g645_gate_r048	Han	neutral	0	2026085837	29	mean_p_tmrca_lt	local_100kb	1000	0.0095281938875199992	0.00449608870662	1	0.0050000000000000001
han_introgressed_neutral_g645_gate_r048	Han	neutral	0	2026085837	29	mean_p_tmrca_lt	local_100kb	4500	0.041885279442899999	0.00449608870662	1	0.0050000000000000001
han_introgressed_neutral_g645_gate_r048	Han	neutral	0	2026085837	29	mean_p_tmrca_lt	local_100kb	10000	0.089835504705200006	0.00449608870662	1	0.0050000000000000001
han_introgressed_neutral_g645_gate_r048	Han	neutral	0	2026085837	29	mean_p_tmrca_lt	local_100kb	20000	0.16502675521900001	0.00449608870662	1	0.0050000000000000001
han_introgressed_neutral_g645_gate_r048	Han	neutral	0	2026085837	29	mean_p_tmrca_lt	local_100kb	30000	0.226638393695	0.00449608870662	1	0.0050000000000000001
han_introgressed_neutral_g645_gate_r048	Han	neutral	0	2026085837	29	mean_p_tmrca_lt	local_100kb	40000	0.27805383435199998	0.00449608870662	1	0.0050000000000000001
han_introgressed_neutral_g645_gate_r048	Han	neutral	0	2026085837	29	mean_p_tmrca_lt	local_100kb	50000	0.32192660055200001	0.00449608870662	1	0.0050000000000000001
han_introgressed_neutral_g645_gate_r048	Han	neutral	0	2026085837	29	paper_frac_posterior_mean_below	focal	1000	0.00080808080809999998	0.00449608870662	1	0.0050000000000000001
han_introgressed_neutral_g645_gate_r048	Han	neutral	0	2026085837	29	paper_frac_posterior_mean_below	focal	4500	0.0030303030300000001	0.00449608870662	1	0.0050000000000000001
han_introgressed_neutral_g645_gate_r048	Han	neutral	0	2026085837	29	paper_frac_posterior_mean_below	focal	10000	0.012121212120000001	0.00449608870662	1	0.0050000000000000001
han_introgressed_neutral_g645_gate_r048	Han	neutral	0	2026085837	29	paper_frac_posterior_mean_below	focal	20000	0.053939393939999997	0.00449608870662	1	0.0050000000000000001
han_introgressed_neutral_g645_gate_r048	Han	neutral	0	2026085837	29	paper_frac_posterior_mean_below	focal	30000	0.1147474747	0.00449608870662	1	0.0050000000000000001
han_introgressed_neutral_g645_gate_r048	Han	neutral	0	2026085837	29	paper_frac_posterior_mean_below	focal	40000	0.17979797980000001	0.00449608870662	1	0.0050000000000000001
han_introgressed_neutral_g645_gate_r048	Han	neutral	0	2026085837	29	paper_frac_posterior_mean_below	focal	50000	0.243030303	0.00449608870662	1	0.0050000000000000001
han_introgressed_neutral_g645_gate_r048	Han	neutral	0	2026085837	29	paper_frac_posterior_mean_below	local_100kb	1000	0.00080808080809999998	0.00449608870662	1	0.0050000000000000001
han_introgressed_neutral_g645_gate_r048	Han	neutral	0	2026085837	29	paper_frac_posterior_mean_below	local_100kb	4500	0.0035113035109500001	0.00449608870662	1	0.0050000000000000001
han_introgressed_neutral_g645_gate_r048	Han	neutral	0	2026085837	29	paper_frac_posterior_mean_below	local_100kb	10000	0.01242905243	0.00449608870662	1	0.0050000000000000001
han_introgressed_neutral_g645_gate_r048	Han	neutral	0	2026085837	29	paper_frac_posterior_mean_below	local_100kb	20000	0.067763347763299994	0.00449608870662	1	0.0050000000000000001
han_introgressed_neutral_g645_gate_r048	Han	neutral	0	2026085837	29	paper_frac_posterior_mean_below	local_100kb	30000	0.129937469936	0.00449608870662	1	0.0050000000000000001
han_introgressed_neutral_g645_gate_r048	Han	neutral	0	2026085837	29	paper_frac_posterior_mean_below	local_100kb	40000	0.18423280422900001	0.00449608870662	1	0.0050000000000000001
han_introgressed_neutral_g645_gate_r048	Han	neutral	0	2026085837	29	paper_frac_posterior_mean_below	local_100kb	50000	0.226301106295	0.00449608870662	1	0.0050000000000000001
han_introgressed_neutral_g645_gate_r049	Han	neutral	0	2026085874	29	mean_p_tmrca_lt	focal	1000	0.0093132070890000005	0.042933090301499999	5	0.025000000000000001
han_introgressed_neutral_g645_gate_r049	Han	neutral	0	2026085874	29	mean_p_tmrca_lt	focal	4500	0.04470610253	0.042933090301499999	5	0.025000000000000001
han_introgressed_neutral_g645_gate_r049	Han	neutral	0	2026085874	29	mean_p_tmrca_lt	focal	10000	0.099388813660000006	0.042933090301499999	5	0.025000000000000001
han_introgressed_neutral_g645_gate_r049	Han	neutral	0	2026085874	29	mean_p_tmrca_lt	focal	20000	0.18622197160000001	0.042933090301499999	5	0.025000000000000001
han_introgressed_neutral_g645_gate_r049	Han	neutral	0	2026085874	29	mean_p_tmrca_lt	focal	30000	0.25667627999999998	0.042933090301499999	5	0.025000000000000001
han_introgressed_neutral_g645_gate_r049	Han	neutral	0	2026085874	29	mean_p_tmrca_lt	focal	40000	0.3145538839	0.042933090301499999	5	0.025000000000000001
han_introgressed_neutral_g645_gate_r049	Han	neutral	0	2026085874	29	mean_p_tmrca_lt	focal	50000	0.36326429030000001	0.042933090301499999	5	0.025000000000000001
han_introgressed_neutral_g645_gate_r049	Han	neutral	0	2026085874	29	mean_p_tmrca_lt	local_100kb	1000	0.011371496440900001	0.042933090301499999	5	0.025000000000000001
han_introgressed_neutral_g645_gate_r049	Han	neutral	0	2026085874	29	mean_p_tmrca_lt	local_100kb	4500	0.053053782419499998	0.042933090301499999	5	0.025000000000000001
han_introgressed_neutral_g645_gate_r049	Han	neutral	0	2026085874	29	mean_p_tmrca_lt	local_100kb	10000	0.11389464976999999	0.042933090301499999	5	0.025000000000000001
han_introgressed_neutral_g645_gate_r049	Han	neutral	0	2026085874	29	mean_p_tmrca_lt	local_100kb	20000	0.20449410069999999	0.042933090301499999	5	0.025000000000000001
han_introgressed_neutral_g645_gate_r049	Han	neutral	0	2026085874	29	mean_p_tmrca_lt	local_100kb	30000	0.27414990211399998	0.042933090301499999	5	0.025000000000000001
han_introgressed_neutral_g645_gate_r049	Han	neutral	0	2026085874	29	mean_p_tmrca_lt	local_100kb	40000	0.32929927470499998	0.042933090301499999	5	0.025000000000000001
han_introgressed_neutral_g645_gate_r049	Han	neutral	0	2026085874	29	mean_p_tmrca_lt	local_100kb	50000	0.374507844438	0.042933090301499999	5	0.025000000000000001
han_introgressed_neutral_g645_gate_r049	Han	neutral	0	2026085874	29	paper_frac_posterior_mean_below	focal	1000	0.000202020202	0.042933090301499999	5	0.025000000000000001
han_introgressed_neutral_g645_gate_r049	Han	neutral	0	2026085874	29	paper_frac_posterior_mean_below	focal	4500	0.001616161616	0.042933090301499999	5	0.025000000000000001
han_introgressed_neutral_g645_gate_r049	Han	neutral	0	2026085874	29	paper_frac_posterior_mean_below	focal	10000	0.012525252529999999	0.042933090301499999	5	0.025000000000000001
han_introgressed_neutral_g645_gate_r049	Han	neutral	0	2026085874	29	paper_frac_posterior_mean_below	focal	20000	0.07535353535	0.042933090301499999	5	0.025000000000000001
han_introgressed_neutral_g645_gate_r049	Han	neutral	0	2026085874	29	paper_frac_posterior_mean_below	focal	30000	0.1543434343	0.042933090301499999	5	0.025000000000000001
han_introgressed_neutral_g645_gate_r049	Han	neutral	0	2026085874	29	paper_frac_posterior_mean_below	focal	40000	0.20121212120000001	0.042933090301499999	5	0.025000000000000001
han_introgressed_neutral_g645_gate_r049	Han	neutral	0	2026085874	29	paper_frac_posterior_mean_below	focal	50000	0.22909090909999999	0.042933090301499999	5	0.025000000000000001
han_introgressed_neutral_g645_gate_r049	Han	neutral	0	2026085874	29	paper_frac_posterior_mean_below	local_100kb	1000	0.000202020202	0.042933090301499999	5	0.025000000000000001
han_introgressed_neutral_g645_gate_r049	Han	neutral	0	2026085874	29	paper_frac_posterior_mean_below	local_100kb	4500	0.0017797017795200001	0.042933090301499999	5	0.025000000000000001
han_introgressed_neutral_g645_gate_r049	Han	neutral	0	2026085874	29	paper_frac_posterior_mean_below	local_100kb	10000	0.018480038479499999	0.042933090301499999	5	0.025000000000000001
han_introgressed_neutral_g645_gate_r049	Han	neutral	0	2026085874	29	paper_frac_posterior_mean_below	local_100kb	20000	0.106262626269	0.042933090301499999	5	0.025000000000000001
han_introgressed_neutral_g645_gate_r049	Han	neutral	0	2026085874	29	paper_frac_posterior_mean_below	local_100kb	30000	0.20117364116200001	0.042933090301499999	5	0.025000000000000001
han_introgressed_neutral_g645_gate_r049	Han	neutral	0	2026085874	29	paper_frac_posterior_mean_below	local_100kb	40000	0.26070226070500002	0.042933090301499999	5	0.025000000000000001
han_introgressed_neutral_g645_gate_r049	Han	neutral	0	2026085874	29	paper_frac_posterior_mean_below	local_100kb	50000	0.29519961520499999	0.042933090301499999	5	0.025000000000000001
han_introgressed_neutral_g645_gate_r050	Han	neutral	0	2026085890	29	mean_p_tmrca_lt	focal	1000	0.0095858281110000002	0.0141641983747	3	0.014999999999999999
han_introgressed_neutral_g645_gate_r050	Han	neutral	0	2026085890	29	mean_p_tmrca_lt	focal	4500	0.043631981860000002	0.0141641983747	3	0.014999999999999999
han_introgressed_neutral_g645_gate_r050	Han	neutral	0	2026085890	29	mean_p_tmrca_lt	focal	10000	0.093865861889999999	0.0141641983747	3	0.014999999999999999
han_introgressed_neutral_g645_gate_r050	Han	neutral	0	2026085890	29	mean_p_tmrca_lt	focal	20000	0.16991635460000001	0.0141641983747	3	0.014999999999999999
han_introgressed_neutral_g645_gate_r050	Han	neutral	0	2026085890	29	mean_p_tmrca_lt	focal	30000	0.22953115599999999	0.0141641983747	3	0.014999999999999999
han_introgressed_neutral_g645_gate_r050	Han	neutral	0	2026085890	29	mean_p_tmrca_lt	focal	40000	0.27783408050000002	0.0141641983747	3	0.014999999999999999
han_introgressed_neutral_g645_gate_r050	Han	neutral	0	2026085890	29	mean_p_tmrca_lt	focal	50000	0.31855553019999999	0.0141641983747	3	0.014999999999999999
han_introgressed_neutral_g645_gate_r050	Han	neutral	0	2026085890	29	mean_p_tmrca_lt	local_100kb	1000	0.0140047497011	0.0141641983747	3	0.014999999999999999
han_introgressed_neutral_g645_gate_r050	Han	neutral	0	2026085890	29	mean_p_tmrca_lt	local_100kb	4500	0.062877406421899998	0.0141641983747	3	0.014999999999999999
han_introgressed_neutral_g645_gate_r050	Han	neutral	0	2026085890	29	mean_p_tmrca_lt	local_100kb	10000	0.131824918018	0.0141641983747	3	0.014999999999999999
han_introgressed_neutral_g645_gate_r050	Han	neutral	0	2026085890	29	mean_p_tmrca_lt	local_100kb	20000	0.23163004782400001	0.0141641983747	3	0.014999999999999999
han_introgressed_neutral_g645_gate_r050	Han	neutral	0	2026085890	29	mean_p_tmrca_lt	local_100kb	30000	0.30691833461000001	0.0141641983747	3	0.014999999999999999
han_introgressed_neutral_g645_gate_r050	Han	neutral	0	2026085890	29	mean_p_tmrca_lt	local_100kb	40000	0.36580207623299998	0.0141641983747	3	0.014999999999999999
han_introgressed_neutral_g645_gate_r050	Han	neutral	0	2026085890	29	mean_p_tmrca_lt	local_100kb	50000	0.41354512817099998	0.0141641983747	3	0.014999999999999999
han_introgressed_neutral_g645_gate_r050	Han	neutral	0	2026085890	29	paper_frac_posterior_mean_below	focal	1000	0.0006060606061	0.0141641983747	3	0.014999999999999999
han_introgressed_neutral_g645_gate_r050	Han	neutral	0	2026085890	29	paper_frac_posterior_mean_below	focal	4500	0.0040404040399999999	0.0141641983747	3	0.014999999999999999
han_introgressed_neutral_g645_gate_r050	Han	neutral	0	2026085890	29	paper_frac_posterior_mean_below	focal	10000	0.022020202020000001	0.0141641983747	3	0.014999999999999999
han_introgressed_neutral_g645_gate_r050	Han	neutral	0	2026085890	29	paper_frac_posterior_mean_below	focal	20000	0.094545454550000005	0.0141641983747	3	0.014999999999999999
han_introgressed_neutral_g645_gate_r050	Han	neutral	0	2026085890	29	paper_frac_posterior_mean_below	focal	30000	0.1583838384	0.0141641983747	3	0.014999999999999999
han_introgressed_neutral_g645_gate_r050	Han	neutral	0	2026085890	29	paper_frac_posterior_mean_below	focal	40000	0.20040404040000001	0.0141641983747	3	0.014999999999999999
han_introgressed_neutral_g645_gate_r050	Han	neutral	0	2026085890	29	paper_frac_posterior_mean_below	focal	50000	0.22565656570000001	0.0141641983747	3	0.014999999999999999
han_introgressed_neutral_g645_gate_r050	Han	neutral	0	2026085890	29	paper_frac_posterior_mean_below	local_100kb	1000	0.0006060606061	0.0141641983747	3	0.014999999999999999
han_introgressed_neutral_g645_gate_r050	Han	neutral	0	2026085890	29	paper_frac_posterior_mean_below	local_100kb	4500	0.0039153439149500003	0.0141641983747	3	0.014999999999999999
han_introgressed_neutral_g645_gate_r050	Han	neutral	0	2026085890	29	paper_frac_posterior_mean_below	local_100kb	10000	0.023790283790500001	0.0141641983747	3	0.014999999999999999
han_introgressed_neutral_g645_gate_r050	Han	neutral	0	2026085890	29	paper_frac_posterior_mean_below	local_100kb	20000	0.125069745073	0.0141641983747	3	0.014999999999999999
han_introgressed_neutral_g645_gate_r050	Han	neutral	0	2026085890	29	paper_frac_posterior_mean_below	local_100kb	30000	0.22373256372399999	0.0141641983747	3	0.014999999999999999
han_introgressed_neutral_g645_gate_r050	Han	neutral	0	2026085890	29	paper_frac_posterior_mean_below	local_100kb	40000	0.294766714762	0.0141641983747	3	0.014999999999999999
han_introgressed_neutral_g645_gate_r050	Han	neutral	0	2026085890	29	paper_frac_posterior_mean_below	local_100kb	50000	0.34038480039000002	0.0141641983747	3	0.014999999999999999
han_introgressed_neutral_g645_gate_r051	Han	neutral	0	2026085940	29	mean_p_tmrca_lt	focal	1000	0.014036093019999999	0.0014126224652500001	0	0
han_introgressed_neutral_g645_gate_r051	Han	neutral	0	2026085940	29	mean_p_tmrca_lt	focal	4500	0.064075075709999998	0.0014126224652500001	0	0
han_introgressed_neutral_g645_gate_r051	Han	neutral	0	2026085940	29	mean_p_tmrca_lt	focal	10000	0.13677468470000001	0.0014126224652500001	0	0
han_introgressed_neutral_g645_gate_r051	Han	neutral	0	2026085940	29	mean_p_tmrca_lt	focal	20000	0.2476975592	0.0014126224652500001	0	0
han_introgressed_neutral_g645_gate_r051	Han	neutral	0	2026085940	29	mean_p_tmrca_lt	focal	30000	0.33633658319999998	0.0014126224652500001	0	0
han_introgressed_neutral_g645_gate_r051	Han	neutral	0	2026085940	29	mean_p_tmrca_lt	focal	40000	0.4086989747	0.0014126224652500001	0	0
han_introgressed_neutral_g645_gate_r051	Han	neutral	0	2026085940	29	mean_p_tmrca_lt	focal	50000	0.46899239269999998	0.0014126224652500001	0	0
han_introgressed_neutral_g645_gate_r051	Han	neutral	0	2026085940	29	mean_p_tmrca_lt	local_100kb	1000	0.0112084724367	0.0014126224652500001	0	0
han_introgressed_neutral_g645_gate_r051	Han	neutral	0	2026085940	29	mean_p_tmrca_lt	local_100kb	4500	0.051202340835199998	0.0014126224652500001	0	0
han_introgressed_neutral_g645_gate_r051	Han	neutral	0	2026085940	29	mean_p_tmrca_lt	local_100kb	10000	0.11038067389099999	0.0014126224652500001	0	0
han_introgressed_neutral_g645_gate_r051	Han	neutral	0	2026085940	29	mean_p_tmrca_lt	local_100kb	20000	0.20382561215200001	0.0014126224652500001	0	0
han_introgressed_neutral_g645_gate_r051	Han	neutral	0	2026085940	29	mean_p_tmrca_lt	local_100kb	30000	0.281630027743	0.0014126224652500001	0	0
han_introgressed_neutral_g645_gate_r051	Han	neutral	0	2026085940	29	mean_p_tmrca_lt	local_100kb	40000	0.34734035975200001	0.0014126224652500001	0	0
han_introgressed_neutral_g645_gate_r051	Han	neutral	0	2026085940	29	mean_p_tmrca_lt	local_100kb	50000	0.40362278801399998	0.0014126224652500001	0	0
han_introgressed_neutral_g645_gate_r051	Han	neutral	0	2026085940	29	paper_frac_posterior_mean_below	focal	1000	0.00080808080809999998	0.0014126224652500001	0	0
han_introgressed_neutral_g645_gate_r051	Han	neutral	0	2026085940	29	paper_frac_posterior_mean_below	focal	4500	0.003232323232	0.0014126224652500001	0	0
han_introgressed_neutral_g645_gate_r051	Han	neutral	0	2026085940	29	paper_frac_posterior_mean_below	focal	10000	0.01898989899	0.0014126224652500001	0	0
han_introgressed_neutral_g645_gate_r051	Han	neutral	0	2026085940	29	paper_frac_posterior_mean_below	focal	20000	0.082828282830000002	0.0014126224652500001	0	0
han_introgressed_neutral_g645_gate_r051	Han	neutral	0	2026085940	29	paper_frac_posterior_mean_below	focal	30000	0.17919191919999999	0.0014126224652500001	0	0
han_introgressed_neutral_g645_gate_r051	Han	neutral	0	2026085940	29	paper_frac_posterior_mean_below	focal	40000	0.2771717172	0.0014126224652500001	0	0
han_introgressed_neutral_g645_gate_r051	Han	neutral	0	2026085940	29	paper_frac_posterior_mean_below	focal	50000	0.3646464646	0.0014126224652500001	0	0
han_introgressed_neutral_g645_gate_r051	Han	neutral	0	2026085940	29	paper_frac_posterior_mean_below	local_100kb	1000	0.00080808080809999998	0.0014126224652500001	0	0
han_introgressed_neutral_g645_gate_r051	Han	neutral	0	2026085940	29	paper_frac_posterior_mean_below	local_100kb	4500	0.00325156325124	0.0014126224652500001	0	0
han_introgressed_neutral_g645_gate_r051	Han	neutral	0	2026085940	29	paper_frac_posterior_mean_below	local_100kb	10000	0.018874458874300001	0.0014126224652500001	0	0
han_introgressed_neutral_g645_gate_r051	Han	neutral	0	2026085940	29	paper_frac_posterior_mean_below	local_100kb	20000	0.070466570466200001	0.0014126224652500001	0	0
han_introgressed_neutral_g645_gate_r051	Han	neutral	0	2026085940	29	paper_frac_posterior_mean_below	local_100kb	30000	0.145493025493	0.0014126224652500001	0	0
han_introgressed_neutral_g645_gate_r051	Han	neutral	0	2026085940	29	paper_frac_posterior_mean_below	local_100kb	40000	0.220327080319	0.0014126224652500001	0	0
han_introgressed_neutral_g645_gate_r051	Han	neutral	0	2026085940	29	paper_frac_posterior_mean_below	local_100kb	50000	0.28216450216200001	0.0014126224652500001	0	0
han_introgressed_neutral_g645_gate_r052	Han	neutral	0	2026085973	29	mean_p_tmrca_lt	focal	1000	0.01462110158	0.0145895040632	4	0.02
han_introgressed_neutral_g645_gate_r052	Han	neutral	0	2026085973	29	mean_p_tmrca_lt	focal	4500	0.066142114370000005	0.0145895040632	4	0.02
han_introgressed_neutral_g645_gate_r052	Han	neutral	0	2026085973	29	mean_p_tmrca_lt	focal	10000	0.13780697080000001	0.0145895040632	4	0.02
han_introgressed_neutral_g645_gate_r052	Han	neutral	0	2026085973	29	mean_p_tmrca_lt	focal	20000	0.24005106870000001	0.0145895040632	4	0.02
han_introgressed_neutral_g645_gate_r052	Han	neutral	0	2026085973	29	mean_p_tmrca_lt	focal	30000	0.31582568840000003	0.0145895040632	4	0.02
han_introgressed_neutral_g645_gate_r052	Han	neutral	0	2026085973	29	mean_p_tmrca_lt	focal	40000	0.37402447	0.0145895040632	4	0.02
han_introgressed_neutral_g645_gate_r052	Han	neutral	0	2026085973	29	mean_p_tmrca_lt	focal	50000	0.42056473109999998	0.0145895040632	4	0.02
han_introgressed_neutral_g645_gate_r052	Han	neutral	0	2026085973	29	mean_p_tmrca_lt	local_100kb	1000	0.016114645602700001	0.0145895040632	4	0.02
han_introgressed_neutral_g645_gate_r052	Han	neutral	0	2026085973	29	mean_p_tmrca_lt	local_100kb	4500	0.072229903568599998	0.0145895040632	4	0.02
han_introgressed_neutral_g645_gate_r052	Han	neutral	0	2026085973	29	mean_p_tmrca_lt	local_100kb	10000	0.14917810482300001	0.0145895040632	4	0.02
han_introgressed_neutral_g645_gate_r052	Han	neutral	0	2026085973	29	mean_p_tmrca_lt	local_100kb	20000	0.25639514302400002	0.0145895040632	4	0.02
han_introgressed_neutral_g645_gate_r052	Han	neutral	0	2026085973	29	mean_p_tmrca_lt	local_100kb	30000	0.33444451575200002	0.0145895040632	4	0.02
han_introgressed_neutral_g645_gate_r052	Han	neutral	0	2026085973	29	mean_p_tmrca_lt	local_100kb	40000	0.39418404199500001	0.0145895040632	4	0.02
han_introgressed_neutral_g645_gate_r052	Han	neutral	0	2026085973	29	mean_p_tmrca_lt	local_100kb	50000	0.44203087076199998	0.0145895040632	4	0.02
han_introgressed_neutral_g645_gate_r052	Han	neutral	0	2026085973	29	paper_frac_posterior_mean_below	focal	1000	0.000202020202	0.0145895040632	4	0.02
han_introgressed_neutral_g645_gate_r052	Han	neutral	0	2026085973	29	paper_frac_posterior_mean_below	focal	4500	0.0034343434339999999	0.0145895040632	4	0.02
han_introgressed_neutral_g645_gate_r052	Han	neutral	0	2026085973	29	paper_frac_posterior_mean_below	focal	10000	0.044646464650000002	0.0145895040632	4	0.02
han_introgressed_neutral_g645_gate_r052	Han	neutral	0	2026085973	29	paper_frac_posterior_mean_below	focal	20000	0.1604040404	0.0145895040632	4	0.02
han_introgressed_neutral_g645_gate_r052	Han	neutral	0	2026085973	29	paper_frac_posterior_mean_below	focal	30000	0.25878787879999998	0.0145895040632	4	0.02
han_introgressed_neutral_g645_gate_r052	Han	neutral	0	2026085973	29	paper_frac_posterior_mean_below	focal	40000	0.31818181820000002	0.0145895040632	4	0.02
han_introgressed_neutral_g645_gate_r052	Han	neutral	0	2026085973	29	paper_frac_posterior_mean_below	focal	50000	0.35313131310000001	0.0145895040632	4	0.02
han_introgressed_neutral_g645_gate_r052	Han	neutral	0	2026085973	29	paper_frac_posterior_mean_below	local_100kb	1000	0.00028860028857100002	0.0145895040632	4	0.02
han_introgressed_neutral_g645_gate_r052	Han	neutral	0	2026085973	29	paper_frac_posterior_mean_below	local_100kb	4500	0.0032419432416199998	0.0145895040632	4	0.02
han_introgressed_neutral_g645_gate_r052	Han	neutral	0	2026085973	29	paper_frac_posterior_mean_below	local_100kb	10000	0.040278980280499997	0.0145895040632	4	0.02
han_introgressed_neutral_g645_gate_r052	Han	neutral	0	2026085973	29	paper_frac_posterior_mean_below	local_100kb	20000	0.16833092832900001	0.0145895040632	4	0.02
han_introgressed_neutral_g645_gate_r052	Han	neutral	0	2026085973	29	paper_frac_posterior_mean_below	local_100kb	30000	0.25681577681000001	0.0145895040632	4	0.02
han_introgressed_neutral_g645_gate_r052	Han	neutral	0	2026085973	29	paper_frac_posterior_mean_below	local_100kb	40000	0.314324194329	0.0145895040632	4	0.02
han_introgressed_neutral_g645_gate_r052	Han	neutral	0	2026085973	29	paper_frac_posterior_mean_below	local_100kb	50000	0.35103415102399999	0.0145895040632	4	0.02
han_introgressed_neutral_g645_gate_r053	Han	neutral	0	2026085992	29	mean_p_tmrca_lt	focal	1000	0.016879729780000002	0.0069264069264100003	4	0.02
han_introgressed_neutral_g645_gate_r053	Han	neutral	0	2026085992	29	mean_p_tmrca_lt	focal	4500	0.075101969079999997	0.0069264069264100003	4	0.02
han_introgressed_neutral_g645_gate_r053	Han	neutral	0	2026085992	29	mean_p_tmrca_lt	focal	10000	0.1566735152	0.0069264069264100003	4	0.02
han_introgressed_neutral_g645_gate_r053	Han	neutral	0	2026085992	29	mean_p_tmrca_lt	focal	20000	0.27285170419999999	0.0069264069264100003	4	0.02
han_introgressed_neutral_g645_gate_r053	Han	neutral	0	2026085992	29	mean_p_tmrca_lt	focal	30000	0.35822163950000002	0.0069264069264100003	4	0.02
han_introgressed_neutral_g645_gate_r053	Han	neutral	0	2026085992	29	mean_p_tmrca_lt	focal	40000	0.42317741190000002	0.0069264069264100003	4	0.02
han_introgressed_neutral_g645_gate_r053	Han	neutral	0	2026085992	29	mean_p_tmrca_lt	focal	50000	0.47450242069999998	0.0069264069264100003	4	0.02
han_introgressed_neutral_g645_gate_r053	Han	neutral	0	2026085992	29	mean_p_tmrca_lt	local_100kb	1000	0.0152099170957	0.0069264069264100003	4	0.02
han_introgressed_neutral_g645_gate_r053	Han	neutral	0	2026085992	29	mean_p_tmrca_lt	local_100kb	4500	0.068864586244300002	0.0069264069264100003	4	0.02
han_introgressed_neutral_g645_gate_r053	Han	neutral	0	2026085992	29	mean_p_tmrca_lt	local_100kb	10000	0.14614823698099999	0.0069264069264100003	4	0.02
han_introgressed_neutral_g645_gate_r053	Han	neutral	0	2026085992	29	mean_p_tmrca_lt	local_100kb	20000	0.259863164052	0.0069264069264100003	4	0.02
han_introgressed_neutral_g645_gate_r053	Han	neutral	0	2026085992	29	mean_p_tmrca_lt	local_100kb	30000	0.34626124545199999	0.0069264069264100003	4	0.02
han_introgressed_neutral_g645_gate_r053	Han	neutral	0	2026085992	29	mean_p_tmrca_lt	local_100kb	40000	0.413791421519	0.0069264069264100003	4	0.02
han_introgressed_neutral_g645_gate_r053	Han	neutral	0	2026085992	29	mean_p_tmrca_lt	local_100kb	50000	0.46824990191400001	0.0069264069264100003	4	0.02
han_introgressed_neutral_g645_gate_r053	Han	neutral	0	2026085992	29	paper_frac_posterior_mean_below	focal	1000	0.00080808080809999998	0.0069264069264100003	4	0.02
han_introgressed_neutral_g645_gate_r053	Han	neutral	0	2026085992	29	paper_frac_posterior_mean_below	focal	4500	0.0028282828279999998	0.0069264069264100003	4	0.02
han_introgressed_neutral_g645_gate_r053	Han	neutral	0	2026085992	29	paper_frac_posterior_mean_below	focal	10000	0.028282828279999998	0.0069264069264100003	4	0.02
han_introgressed_neutral_g645_gate_r053	Han	neutral	0	2026085992	29	paper_frac_posterior_mean_below	focal	20000	0.15696969699999999	0.0069264069264100003	4	0.02
han_introgressed_neutral_g645_gate_r053	Han	neutral	0	2026085992	29	paper_frac_posterior_mean_below	focal	30000	0.27434343430000002	0.0069264069264100003	4	0.02
han_introgressed_neutral_g645_gate_r053	Han	neutral	0	2026085992	29	paper_frac_posterior_mean_below	focal	40000	0.34565656569999997	0.0069264069264100003	4	0.02
han_introgressed_neutral_g645_gate_r053	Han	neutral	0	2026085992	29	paper_frac_posterior_mean_below	focal	50000	0.3848484848	0.0069264069264100003	4	0.02
han_introgressed_neutral_g645_gate_r053	Han	neutral	0	2026085992	29	paper_frac_posterior_mean_below	local_100kb	1000	0.00080808080809999998	0.0069264069264100003	4	0.02
han_introgressed_neutral_g645_gate_r053	Han	neutral	0	2026085992	29	paper_frac_posterior_mean_below	local_100kb	4500	0.0028956228953299998	0.0069264069264100003	4	0.02
han_introgressed_neutral_g645_gate_r053	Han	neutral	0	2026085992	29	paper_frac_posterior_mean_below	local_100kb	10000	0.0238672438662	0.0069264069264100003	4	0.02
han_introgressed_neutral_g645_gate_r053	Han	neutral	0	2026085992	29	paper_frac_posterior_mean_below	local_100kb	20000	0.146214526224	0.0069264069264100003	4	0.02
han_introgressed_neutral_g645_gate_r053	Han	neutral	0	2026085992	29	paper_frac_posterior_mean_below	local_100kb	30000	0.26210678210499999	0.0069264069264100003	4	0.02
han_introgressed_neutral_g645_gate_r053	Han	neutral	0	2026085992	29	paper_frac_posterior_mean_below	local_100kb	40000	0.34097162098599998	0.0069264069264100003	4	0.02
han_introgressed_neutral_g645_gate_r053	Han	neutral	0	2026085992	29	paper_frac_posterior_mean_below	local_100kb	50000	0.39695045695199999	0.0069264069264100003	4	0.02
han_introgressed_neutral_g645_gate_r054	Han	neutral	0	2026085994	29	mean_p_tmrca_lt	focal	1000	0.01964879219	0.017657780815699999	3	0.014999999999999999
han_introgressed_neutral_g645_gate_r054	Han	neutral	0	2026085994	29	mean_p_tmrca_lt	focal	4500	0.083414394170000003	0.017657780815699999	3	0.014999999999999999
han_introgressed_neutral_g645_gate_r054	Han	neutral	0	2026085994	29	mean_p_tmrca_lt	focal	10000	0.16895016160000001	0.017657780815699999	3	0.014999999999999999
han_introgressed_neutral_g645_gate_r054	Han	neutral	0	2026085994	29	mean_p_tmrca_lt	focal	20000	0.28584789719999998	0.017657780815699999	3	0.014999999999999999
han_introgressed_neutral_g645_gate_r054	Han	neutral	0	2026085994	29	mean_p_tmrca_lt	focal	30000	0.3678000682	0.017657780815699999	3	0.014999999999999999
han_introgressed_neutral_g645_gate_r054	Han	neutral	0	2026085994	29	mean_p_tmrca_lt	focal	40000	0.42728528580000003	0.017657780815699999	3	0.014999999999999999
han_introgressed_neutral_g645_gate_r054	Han	neutral	0	2026085994	29	mean_p_tmrca_lt	focal	50000	0.47202296440000002	0.017657780815699999	3	0.014999999999999999
han_introgressed_neutral_g645_gate_r054	Han	neutral	0	2026085994	29	mean_p_tmrca_lt	local_100kb	1000	0.015908512697600002	0.017657780815699999	3	0.014999999999999999
han_introgressed_neutral_g645_gate_r054	Han	neutral	0	2026085994	29	mean_p_tmrca_lt	local_100kb	4500	0.071545604390999995	0.017657780815699999	3	0.014999999999999999
han_introgressed_neutral_g645_gate_r054	Han	neutral	0	2026085994	29	mean_p_tmrca_lt	local_100kb	10000	0.15151047705699999	0.017657780815699999	3	0.014999999999999999
han_introgressed_neutral_g645_gate_r054	Han	neutral	0	2026085994	29	mean_p_tmrca_lt	local_100kb	20000	0.26822727718599998	0.017657780815699999	3	0.014999999999999999
han_introgressed_neutral_g645_gate_r054	Han	neutral	0	2026085994	29	mean_p_tmrca_lt	local_100kb	30000	0.355236342057	0.017657780815699999	3	0.014999999999999999
han_introgressed_neutral_g645_gate_r054	Han	neutral	0	2026085994	29	mean_p_tmrca_lt	local_100kb	40000	0.42157894283800001	0.017657780815699999	3	0.014999999999999999
han_introgressed_neutral_g645_gate_r054	Han	neutral	0	2026085994	29	mean_p_tmrca_lt	local_100kb	50000	0.47365705417100001	0.017657780815699999	3	0.014999999999999999
han_introgressed_neutral_g645_gate_r054	Han	neutral	0	2026085994	29	paper_frac_posterior_mean_below	focal	1000	0.00101010101	0.017657780815699999	3	0.014999999999999999
han_introgressed_neutral_g645_gate_r054	Han	neutral	0	2026085994	29	paper_frac_posterior_mean_below	focal	4500	0.002626262626	0.017657780815699999	3	0.014999999999999999
han_introgressed_neutral_g645_gate_r054	Han	neutral	0	2026085994	29	paper_frac_posterior_mean_below	focal	10000	0.023636363640000001	0.017657780815699999	3	0.014999999999999999
han_introgressed_neutral_g645_gate_r054	Han	neutral	0	2026085994	29	paper_frac_posterior_mean_below	focal	20000	0.18949494950000001	0.017657780815699999	3	0.014999999999999999
han_introgressed_neutral_g645_gate_r054	Han	neutral	0	2026085994	29	paper_frac_posterior_mean_below	focal	30000	0.32363636359999998	0.017657780815699999	3	0.014999999999999999
han_introgressed_neutral_g645_gate_r054	Han	neutral	0	2026085994	29	paper_frac_posterior_mean_below	focal	40000	0.40202020199999999	0.017657780815699999	3	0.014999999999999999
han_introgressed_neutral_g645_gate_r054	Han	neutral	0	2026085994	29	paper_frac_posterior_mean_below	focal	50000	0.4505050505	0.017657780815699999	3	0.014999999999999999
han_introgressed_neutral_g645_gate_r054	Han	neutral	0	2026085994	29	paper_frac_posterior_mean_below	local_100kb	1000	0.00101010101	0.017657780815699999	3	0.014999999999999999
han_introgressed_neutral_g645_gate_r054	Han	neutral	0	2026085994	29	paper_frac_posterior_mean_below	local_100kb	4500	0.0024338624336199999	0.017657780815699999	3	0.014999999999999999
han_introgressed_neutral_g645_gate_r054	Han	neutral	0	2026085994	29	paper_frac_posterior_mean_below	local_100kb	10000	0.023222703222399999	0.017657780815699999	3	0.014999999999999999
han_introgressed_neutral_g645_gate_r054	Han	neutral	0	2026085994	29	paper_frac_posterior_mean_below	local_100kb	20000	0.14905242903800001	0.017657780815699999	3	0.014999999999999999
han_introgressed_neutral_g645_gate_r054	Han	neutral	0	2026085994	29	paper_frac_posterior_mean_below	local_100kb	30000	0.276546416538	0.017657780815699999	3	0.014999999999999999
han_introgressed_neutral_g645_gate_r054	Han	neutral	0	2026085994	29	paper_frac_posterior_mean_below	local_100kb	40000	0.36894660894300002	0.017657780815699999	3	0.014999999999999999
han_introgressed_neutral_g645_gate_r054	Han	neutral	0	2026085994	29	paper_frac_posterior_mean_below	local_100kb	50000	0.42787878788099998	0.017657780815699999	3	0.014999999999999999
han_introgressed_neutral_g645_gate_r055	Han	neutral	0	2026086012	29	mean_p_tmrca_lt	focal	1000	0.0089388232689999996	0.0011999696210199999	0	0
han_introgressed_neutral_g645_gate_r055	Han	neutral	0	2026086012	29	mean_p_tmrca_lt	focal	4500	0.039484625400000001	0.0011999696210199999	0	0
han_introgressed_neutral_g645_gate_r055	Han	neutral	0	2026086012	29	mean_p_tmrca_lt	focal	10000	0.081690294100000005	0.0011999696210199999	0	0
han_introgressed_neutral_g645_gate_r055	Han	neutral	0	2026086012	29	mean_p_tmrca_lt	focal	20000	0.1409545502	0.0011999696210199999	0	0
han_introgressed_neutral_g645_gate_r055	Han	neutral	0	2026086012	29	mean_p_tmrca_lt	focal	30000	0.18471965430000001	0.0011999696210199999	0	0
han_introgressed_neutral_g645_gate_r055	Han	neutral	0	2026086012	29	mean_p_tmrca_lt	focal	40000	0.21896002740000001	0.0011999696210199999	0	0
han_introgressed_neutral_g645_gate_r055	Han	neutral	0	2026086012	29	mean_p_tmrca_lt	focal	50000	0.24716356170000001	0.0011999696210199999	0	0
han_introgressed_neutral_g645_gate_r055	Han	neutral	0	2026086012	29	mean_p_tmrca_lt	local_100kb	1000	0.0130548078556	0.0011999696210199999	0	0
han_introgressed_neutral_g645_gate_r055	Han	neutral	0	2026086012	29	mean_p_tmrca_lt	local_100kb	4500	0.060901930818099997	0.0011999696210199999	0	0
han_introgressed_neutral_g645_gate_r055	Han	neutral	0	2026086012	29	mean_p_tmrca_lt	local_100kb	10000	0.131751001502	0.0011999696210199999	0	0
han_introgressed_neutral_g645_gate_r055	Han	neutral	0	2026086012	29	mean_p_tmrca_lt	local_100kb	20000	0.239941699471	0.0011999696210199999	0	0
han_introgressed_neutral_g645_gate_r055	Han	neutral	0	2026086012	29	mean_p_tmrca_lt	local_100kb	30000	0.32505984166700003	0.0011999696210199999	0	0
han_introgressed_neutral_g645_gate_r055	Han	neutral	0	2026086012	29	mean_p_tmrca_lt	local_100kb	40000	0.39274539439	0.0011999696210199999	0	0
han_introgressed_neutral_g645_gate_r055	Han	neutral	0	2026086012	29	mean_p_tmrca_lt	local_100kb	50000	0.44746945649499997	0.0011999696210199999	0	0
han_introgressed_neutral_g645_gate_r055	Han	neutral	0	2026086012	29	paper_frac_posterior_mean_below	focal	1000	0.000404040404	0.0011999696210199999	0	0
han_introgressed_neutral_g645_gate_r055	Han	neutral	0	2026086012	29	paper_frac_posterior_mean_below	focal	4500	0.0024242424240000001	0.0011999696210199999	0	0
han_introgressed_neutral_g645_gate_r055	Han	neutral	0	2026086012	29	paper_frac_posterior_mean_below	focal	10000	0.01717171717	0.0011999696210199999	0	0
han_introgressed_neutral_g645_gate_r055	Han	neutral	0	2026086012	29	paper_frac_posterior_mean_below	focal	20000	0.095757575760000005	0.0011999696210199999	0	0
han_introgressed_neutral_g645_gate_r055	Han	neutral	0	2026086012	29	paper_frac_posterior_mean_below	focal	30000	0.15212121209999999	0.0011999696210199999	0	0
han_introgressed_neutral_g645_gate_r055	Han	neutral	0	2026086012	29	paper_frac_posterior_mean_below	focal	40000	0.19151515150000001	0.0011999696210199999	0	0
han_introgressed_neutral_g645_gate_r055	Han	neutral	0	2026086012	29	paper_frac_posterior_mean_below	focal	50000	0.21979797979999999	0.0011999696210199999	0	0
han_introgressed_neutral_g645_gate_r055	Han	neutral	0	2026086012	29	paper_frac_posterior_mean_below	local_100kb	1000	0.000404040404	0.0011999696210199999	0	0
han_introgressed_neutral_g645_gate_r055	Han	neutral	0	2026086012	29	paper_frac_posterior_mean_below	local_100kb	4500	0.0022414622412399998	0.0011999696210199999	0	0
han_introgressed_neutral_g645_gate_r055	Han	neutral	0	2026086012	29	paper_frac_posterior_mean_below	local_100kb	10000	0.017181337181000001	0.0011999696210199999	0	0
han_introgressed_neutral_g645_gate_r055	Han	neutral	0	2026086012	29	paper_frac_posterior_mean_below	local_100kb	20000	0.106455026456	0.0011999696210199999	0	0
han_introgressed_neutral_g645_gate_r055	Han	neutral	0	2026086012	29	paper_frac_posterior_mean_below	local_100kb	30000	0.20783068783299999	0.0011999696210199999	0	0
han_introgressed_neutral_g645_gate_r055	Han	neutral	0	2026086012	29	paper_frac_posterior_mean_below	local_100kb	40000	0.30022126022399998	0.0011999696210199999	0	0
han_introgressed_neutral_g645_gate_r055	Han	neutral	0	2026086012	29	paper_frac_posterior_mean_below	local_100kb	50000	0.37758537758600003	0.0011999696210199999	0	0
han_introgressed_neutral_g645_gate_r056	Han	neutral	0	2026086013	29	mean_p_tmrca_lt	focal	1000	0.012011587650000001	0.027379053694799999	9	0.044999999999999998
han_introgressed_neutral_g645_gate_r056	Han	neutral	0	2026086013	29	mean_p_tmrca_lt	focal	4500	0.058252239859999999	0.027379053694799999	9	0.044999999999999998
han_introgressed_neutral_g645_gate_r056	Han	neutral	0	2026086013	29	mean_p_tmrca_lt	focal	10000	0.12755226359999999	0.027379053694799999	9	0.044999999999999998
han_introgressed_neutral_g645_gate_r056	Han	neutral	0	2026086013	29	mean_p_tmrca_lt	focal	20000	0.23030932630000001	0.027379053694799999	9	0.044999999999999998
han_introgressed_neutral_g645_gate_r056	Han	neutral	0	2026086013	29	mean_p_tmrca_lt	focal	30000	0.30723860089999999	0.027379053694799999	9	0.044999999999999998
han_introgressed_neutral_g645_gate_r056	Han	neutral	0	2026086013	29	mean_p_tmrca_lt	focal	40000	0.36597383680000001	0.027379053694799999	9	0.044999999999999998
han_introgressed_neutral_g645_gate_r056	Han	neutral	0	2026086013	29	mean_p_tmrca_lt	focal	50000	0.41210045340000001	0.027379053694799999	9	0.044999999999999998
han_introgressed_neutral_g645_gate_r056	Han	neutral	0	2026086013	29	mean_p_tmrca_lt	local_100kb	1000	0.012380000568299999	0.027379053694799999	9	0.044999999999999998
han_introgressed_neutral_g645_gate_r056	Han	neutral	0	2026086013	29	mean_p_tmrca_lt	local_100kb	4500	0.058717489126700002	0.027379053694799999	9	0.044999999999999998
han_introgressed_neutral_g645_gate_r056	Han	neutral	0	2026086013	29	mean_p_tmrca_lt	local_100kb	10000	0.12730381095400001	0.027379053694799999	9	0.044999999999999998
han_introgressed_neutral_g645_gate_r056	Han	neutral	0	2026086013	29	mean_p_tmrca_lt	local_100kb	20000	0.22995929867100001	0.027379053694799999	9	0.044999999999999998
han_introgressed_neutral_g645_gate_r056	Han	neutral	0	2026086013	29	mean_p_tmrca_lt	local_100kb	30000	0.30873850048599999	0.027379053694799999	9	0.044999999999999998
han_introgressed_neutral_g645_gate_r056	Han	neutral	0	2026086013	29	mean_p_tmrca_lt	local_100kb	40000	0.37038537123800003	0.027379053694799999	9	0.044999999999999998
han_introgressed_neutral_g645_gate_r056	Han	neutral	0	2026086013	29	mean_p_tmrca_lt	local_100kb	50000	0.41981078523299997	0.027379053694799999	9	0.044999999999999998
han_introgressed_neutral_g645_gate_r056	Han	neutral	0	2026086013	29	paper_frac_posterior_mean_below	focal	1000	0.000404040404	0.027379053694799999	9	0.044999999999999998
han_introgressed_neutral_g645_gate_r056	Han	neutral	0	2026086013	29	paper_frac_posterior_mean_below	focal	4500	0.001616161616	0.027379053694799999	9	0.044999999999999998
han_introgressed_neutral_g645_gate_r056	Han	neutral	0	2026086013	29	paper_frac_posterior_mean_below	focal	10000	0.02	0.027379053694799999	9	0.044999999999999998
han_introgressed_neutral_g645_gate_r056	Han	neutral	0	2026086013	29	paper_frac_posterior_mean_below	focal	20000	0.11313131310000001	0.027379053694799999	9	0.044999999999999998
han_introgressed_neutral_g645_gate_r056	Han	neutral	0	2026086013	29	paper_frac_posterior_mean_below	focal	30000	0.2236363636	0.027379053694799999	9	0.044999999999999998
han_introgressed_neutral_g645_gate_r056	Han	neutral	0	2026086013	29	paper_frac_posterior_mean_below	focal	40000	0.32060606060000002	0.027379053694799999	9	0.044999999999999998
han_introgressed_neutral_g645_gate_r056	Han	neutral	0	2026086013	29	paper_frac_posterior_mean_below	focal	50000	0.37676767680000001	0.027379053694799999	9	0.044999999999999998
han_introgressed_neutral_g645_gate_r056	Han	neutral	0	2026086013	29	paper_frac_posterior_mean_below	local_100kb	1000	0.00026936026933299998	0.027379053694799999	9	0.044999999999999998
han_introgressed_neutral_g645_gate_r056	Han	neutral	0	2026086013	29	paper_frac_posterior_mean_below	local_100kb	4500	0.00152958152943	0.027379053694799999	9	0.044999999999999998
han_introgressed_neutral_g645_gate_r056	Han	neutral	0	2026086013	29	paper_frac_posterior_mean_below	local_100kb	10000	0.0200962000967	0.027379053694799999	9	0.044999999999999998
han_introgressed_neutral_g645_gate_r056	Han	neutral	0	2026086013	29	paper_frac_posterior_mean_below	local_100kb	20000	0.102029822029	0.027379053694799999	9	0.044999999999999998
han_introgressed_neutral_g645_gate_r056	Han	neutral	0	2026086013	29	paper_frac_posterior_mean_below	local_100kb	30000	0.206041366038	0.027379053694799999	9	0.044999999999999998
han_introgressed_neutral_g645_gate_r056	Han	neutral	0	2026086013	29	paper_frac_posterior_mean_below	local_100kb	40000	0.305945165962	0.027379053694799999	9	0.044999999999999998
han_introgressed_neutral_g645_gate_r056	Han	neutral	0	2026086013	29	paper_frac_posterior_mean_below	local_100kb	50000	0.37164021164799999	0.027379053694799999	9	0.044999999999999998
han_introgressed_neutral_g645_gate_r057	Han	neutral	0	2026086031	29	mean_p_tmrca_lt	focal	1000	0.012063563540000001	0.00858206121364	4	0.02
han_introgressed_neutral_g645_gate_r057	Han	neutral	0	2026086031	29	mean_p_tmrca_lt	focal	4500	0.059506523110000001	0.00858206121364	4	0.02
han_introgressed_neutral_g645_gate_r057	Han	neutral	0	2026086031	29	mean_p_tmrca_lt	focal	10000	0.1337819391	0.00858206121364	4	0.02
han_introgressed_neutral_g645_gate_r057	Han	neutral	0	2026086031	29	mean_p_tmrca_lt	focal	20000	0.24936048250000001	0.00858206121364	4	0.02
han_introgressed_neutral_g645_gate_r057	Han	neutral	0	2026086031	29	mean_p_tmrca_lt	focal	30000	0.33895895339999998	0.00858206121364	4	0.02
han_introgressed_neutral_g645_gate_r057	Han	neutral	0	2026086031	29	mean_p_tmrca_lt	focal	40000	0.40812951209999998	0.00858206121364	4	0.02
han_introgressed_neutral_g645_gate_r057	Han	neutral	0	2026086031	29	mean_p_tmrca_lt	focal	50000	0.46228326240000001	0.00858206121364	4	0.02
han_introgressed_neutral_g645_gate_r057	Han	neutral	0	2026086031	29	mean_p_tmrca_lt	local_100kb	1000	0.014915332497699999	0.00858206121364	4	0.02
han_introgressed_neutral_g645_gate_r057	Han	neutral	0	2026086031	29	mean_p_tmrca_lt	local_100kb	4500	0.069922173932899997	0.00858206121364	4	0.02
han_introgressed_neutral_g645_gate_r057	Han	neutral	0	2026086031	29	mean_p_tmrca_lt	local_100kb	10000	0.152099150076	0.00858206121364	4	0.02
han_introgressed_neutral_g645_gate_r057	Han	neutral	0	2026086031	29	mean_p_tmrca_lt	local_100kb	20000	0.27648713089499999	0.00858206121364	4	0.02
han_introgressed_neutral_g645_gate_r057	Han	neutral	0	2026086031	29	mean_p_tmrca_lt	local_100kb	30000	0.37182710028100002	0.00858206121364	4	0.02
han_introgressed_neutral_g645_gate_r057	Han	neutral	0	2026086031	29	mean_p_tmrca_lt	local_100kb	40000	0.445366305914	0.00858206121364	4	0.02
han_introgressed_neutral_g645_gate_r057	Han	neutral	0	2026086031	29	mean_p_tmrca_lt	local_100kb	50000	0.50316114281900004	0.00858206121364	4	0.02
han_introgressed_neutral_g645_gate_r057	Han	neutral	0	2026086031	29	paper_frac_posterior_mean_below	focal	1000	0.00080808080809999998	0.00858206121364	4	0.02
han_introgressed_neutral_g645_gate_r057	Han	neutral	0	2026086031	29	paper_frac_posterior_mean_below	focal	4500	0.0028282828279999998	0.00858206121364	4	0.02
han_introgressed_neutral_g645_gate_r057	Han	neutral	0	2026086031	29	paper_frac_posterior_mean_below	focal	10000	0.01777777778	0.00858206121364	4	0.02
han_introgressed_neutral_g645_gate_r057	Han	neutral	0	2026086031	29	paper_frac_posterior_mean_below	focal	20000	0.11333333330000001	0.00858206121364	4	0.02
han_introgressed_neutral_g645_gate_r057	Han	neutral	0	2026086031	29	paper_frac_posterior_mean_below	focal	30000	0.23555555559999999	0.00858206121364	4	0.02
han_introgressed_neutral_g645_gate_r057	Han	neutral	0	2026086031	29	paper_frac_posterior_mean_below	focal	40000	0.34808080810000003	0.00858206121364	4	0.02
han_introgressed_neutral_g645_gate_r057	Han	neutral	0	2026086031	29	paper_frac_posterior_mean_below	focal	50000	0.43979797980000002	0.00858206121364	4	0.02
han_introgressed_neutral_g645_gate_r057	Han	neutral	0	2026086031	29	paper_frac_posterior_mean_below	local_100kb	1000	0.00077922077924300005	0.00858206121364	4	0.02
han_introgressed_neutral_g645_gate_r057	Han	neutral	0	2026086031	29	paper_frac_posterior_mean_below	local_100kb	4500	0.0027898027895199998	0.00858206121364	4	0.02
han_introgressed_neutral_g645_gate_r057	Han	neutral	0	2026086031	29	paper_frac_posterior_mean_below	local_100kb	10000	0.0186628186629	0.00858206121364	4	0.02
han_introgressed_neutral_g645_gate_r057	Han	neutral	0	2026086031	29	paper_frac_posterior_mean_below	local_100kb	20000	0.13277537277400001	0.00858206121364	4	0.02
han_introgressed_neutral_g645_gate_r057	Han	neutral	0	2026086031	29	paper_frac_posterior_mean_below	local_100kb	30000	0.27010101010999998	0.00858206121364	4	0.02
han_introgressed_neutral_g645_gate_r057	Han	neutral	0	2026086031	29	paper_frac_posterior_mean_below	local_100kb	40000	0.37332371332399999	0.00858206121364	4	0.02
han_introgressed_neutral_g645_gate_r057	Han	neutral	0	2026086031	29	paper_frac_posterior_mean_below	local_100kb	50000	0.44646464645700001	0.00858206121364	4	0.02
han_introgressed_neutral_g645_gate_r058	Han	neutral	0	2026086037	29	mean_p_tmrca_lt	focal	1000	0.0071450972349999999	0.027705627705599999	5	0.025000000000000001
han_introgressed_neutral_g645_gate_r058	Han	neutral	0	2026086037	29	mean_p_tmrca_lt	focal	4500	0.0344281902	0.027705627705599999	5	0.025000000000000001
han_introgressed_neutral_g645_gate_r058	Han	neutral	0	2026086037	29	mean_p_tmrca_lt	focal	10000	0.076836582200000003	0.027705627705599999	5	0.025000000000000001
han_introgressed_neutral_g645_gate_r058	Han	neutral	0	2026086037	29	mean_p_tmrca_lt	focal	20000	0.14479797119999999	0.027705627705599999	5	0.025000000000000001
han_introgressed_neutral_g645_gate_r058	Han	neutral	0	2026086037	29	mean_p_tmrca_lt	focal	30000	0.20094519	0.027705627705599999	5	0.025000000000000001
han_introgressed_neutral_g645_gate_r058	Han	neutral	0	2026086037	29	mean_p_tmrca_lt	focal	40000	0.24812567150000001	0.027705627705599999	5	0.025000000000000001
han_introgressed_neutral_g645_gate_r058	Han	neutral	0	2026086037	29	mean_p_tmrca_lt	focal	50000	0.28886538709999998	0.027705627705599999	5	0.025000000000000001
han_introgressed_neutral_g645_gate_r058	Han	neutral	0	2026086037	29	mean_p_tmrca_lt	local_100kb	1000	0.0125307490697	0.027705627705599999	5	0.025000000000000001
han_introgressed_neutral_g645_gate_r058	Han	neutral	0	2026086037	29	mean_p_tmrca_lt	local_100kb	4500	0.057394951840500003	0.027705627705599999	5	0.025000000000000001
han_introgressed_neutral_g645_gate_r058	Han	neutral	0	2026086037	29	mean_p_tmrca_lt	local_100kb	10000	0.122315474029	0.027705627705599999	5	0.025000000000000001
han_introgressed_neutral_g645_gate_r058	Han	neutral	0	2026086037	29	mean_p_tmrca_lt	local_100kb	20000	0.22027933703800001	0.027705627705599999	5	0.025000000000000001
han_introgressed_neutral_g645_gate_r058	Han	neutral	0	2026086037	29	mean_p_tmrca_lt	local_100kb	30000	0.29755168458600001	0.027705627705599999	5	0.025000000000000001
han_introgressed_neutral_g645_gate_r058	Han	neutral	0	2026086037	29	mean_p_tmrca_lt	local_100kb	40000	0.36000997295199999	0.027705627705599999	5	0.025000000000000001
han_introgressed_neutral_g645_gate_r058	Han	neutral	0	2026086037	29	mean_p_tmrca_lt	local_100kb	50000	0.41180663456700001	0.027705627705599999	5	0.025000000000000001
han_introgressed_neutral_g645_gate_r058	Han	neutral	0	2026086037	29	paper_frac_posterior_mean_below	focal	1000	0.000404040404	0.027705627705599999	5	0.025000000000000001
han_introgressed_neutral_g645_gate_r058	Han	neutral	0	2026086037	29	paper_frac_posterior_mean_below	focal	4500	0.0028282828279999998	0.027705627705599999	5	0.025000000000000001
han_introgressed_neutral_g645_gate_r058	Han	neutral	0	2026086037	29	paper_frac_posterior_mean_below	focal	10000	0.013939393939999999	0.027705627705599999	5	0.025000000000000001
han_introgressed_neutral_g645_gate_r058	Han	neutral	0	2026086037	29	paper_frac_posterior_mean_below	focal	20000	0.06868686869	0.027705627705599999	5	0.025000000000000001
han_introgressed_neutral_g645_gate_r058	Han	neutral	0	2026086037	29	paper_frac_posterior_mean_below	focal	30000	0.1325252525	0.027705627705599999	5	0.025000000000000001
han_introgressed_neutral_g645_gate_r058	Han	neutral	0	2026086037	29	paper_frac_posterior_mean_below	focal	40000	0.18707070710000001	0.027705627705599999	5	0.025000000000000001
han_introgressed_neutral_g645_gate_r058	Han	neutral	0	2026086037	29	paper_frac_posterior_mean_below	focal	50000	0.23434343429999999	0.027705627705599999	5	0.025000000000000001
han_introgressed_neutral_g645_gate_r058	Han	neutral	0	2026086037	29	paper_frac_posterior_mean_below	local_100kb	1000	0.000404040404	0.027705627705599999	5	0.025000000000000001
han_introgressed_neutral_g645_gate_r058	Han	neutral	0	2026086037	29	paper_frac_posterior_mean_below	local_100kb	4500	0.0029341029338099999	0.027705627705599999	5	0.025000000000000001
han_introgressed_neutral_g645_gate_r058	Han	neutral	0	2026086037	29	paper_frac_posterior_mean_below	local_100kb	10000	0.018787878788099999	0.027705627705599999	5	0.025000000000000001
han_introgressed_neutral_g645_gate_r058	Han	neutral	0	2026086037	29	paper_frac_posterior_mean_below	local_100kb	20000	0.102501202503	0.027705627705599999	5	0.025000000000000001
han_introgressed_neutral_g645_gate_r058	Han	neutral	0	2026086037	29	paper_frac_posterior_mean_below	local_100kb	30000	0.19767195767599999	0.027705627705599999	5	0.025000000000000001
han_introgressed_neutral_g645_gate_r058	Han	neutral	0	2026086037	29	paper_frac_posterior_mean_below	local_100kb	40000	0.26497354497600001	0.027705627705599999	5	0.025000000000000001
han_introgressed_neutral_g645_gate_r058	Han	neutral	0	2026086037	29	paper_frac_posterior_mean_below	local_100kb	50000	0.31340067338599997	0.027705627705599999	5	0.025000000000000001
han_introgressed_neutral_g645_gate_r059	Han	neutral	0	2026086059	29	mean_p_tmrca_lt	focal	1000	0.01160592257	0.00155692260955	1	0.0050000000000000001
han_introgressed_neutral_g645_gate_r059	Han	neutral	0	2026086059	29	mean_p_tmrca_lt	focal	4500	0.054838245190000003	0.00155692260955	1	0.0050000000000000001
han_introgressed_neutral_g645_gate_r059	Han	neutral	0	2026086059	29	mean_p_tmrca_lt	focal	10000	0.1195513211	0.00155692260955	1	0.0050000000000000001
han_introgressed_neutral_g645_gate_r059	Han	neutral	0	2026086059	29	mean_p_tmrca_lt	focal	20000	0.2163155521	0.00155692260955	1	0.0050000000000000001
han_introgressed_neutral_g645_gate_r059	Han	neutral	0	2026086059	29	mean_p_tmrca_lt	focal	30000	0.29028264440000001	0.00155692260955	1	0.0050000000000000001
han_introgressed_neutral_g645_gate_r059	Han	neutral	0	2026086059	29	mean_p_tmrca_lt	focal	40000	0.3487246765	0.00155692260955	1	0.0050000000000000001
han_introgressed_neutral_g645_gate_r059	Han	neutral	0	2026086059	29	mean_p_tmrca_lt	focal	50000	0.39665561580000003	0.00155692260955	1	0.0050000000000000001
han_introgressed_neutral_g645_gate_r059	Han	neutral	0	2026086059	29	mean_p_tmrca_lt	local_100kb	1000	0.0131196376089	0.00155692260955	1	0.0050000000000000001
han_introgressed_neutral_g645_gate_r059	Han	neutral	0	2026086059	29	mean_p_tmrca_lt	local_100kb	4500	0.059567274821900003	0.00155692260955	1	0.0050000000000000001
han_introgressed_neutral_g645_gate_r059	Han	neutral	0	2026086059	29	mean_p_tmrca_lt	local_100kb	10000	0.126239545432	0.00155692260955	1	0.0050000000000000001
han_introgressed_neutral_g645_gate_r059	Han	neutral	0	2026086059	29	mean_p_tmrca_lt	local_100kb	20000	0.22359158037099999	0.00155692260955	1	0.0050000000000000001
han_introgressed_neutral_g645_gate_r059	Han	neutral	0	2026086059	29	mean_p_tmrca_lt	local_100kb	30000	0.29716552483300002	0.00155692260955	1	0.0050000000000000001
han_introgressed_neutral_g645_gate_r059	Han	neutral	0	2026086059	29	mean_p_tmrca_lt	local_100kb	40000	0.35487000846700001	0.00155692260955	1	0.0050000000000000001
han_introgressed_neutral_g645_gate_r059	Han	neutral	0	2026086059	29	mean_p_tmrca_lt	local_100kb	50000	0.40187638424299998	0.00155692260955	1	0.0050000000000000001
han_introgressed_neutral_g645_gate_r059	Han	neutral	0	2026086059	29	paper_frac_posterior_mean_below	focal	1000	0.00080808080809999998	0.00155692260955	1	0.0050000000000000001
han_introgressed_neutral_g645_gate_r059	Han	neutral	0	2026086059	29	paper_frac_posterior_mean_below	focal	4500	0.0022222222219999998	0.00155692260955	1	0.0050000000000000001
han_introgressed_neutral_g645_gate_r059	Han	neutral	0	2026086059	29	paper_frac_posterior_mean_below	focal	10000	0.022424242420000001	0.00155692260955	1	0.0050000000000000001
han_introgressed_neutral_g645_gate_r059	Han	neutral	0	2026086059	29	paper_frac_posterior_mean_below	focal	20000	0.12121212119999999	0.00155692260955	1	0.0050000000000000001
han_introgressed_neutral_g645_gate_r059	Han	neutral	0	2026086059	29	paper_frac_posterior_mean_below	focal	30000	0.19090909089999999	0.00155692260955	1	0.0050000000000000001
han_introgressed_neutral_g645_gate_r059	Han	neutral	0	2026086059	29	paper_frac_posterior_mean_below	focal	40000	0.25595959600000001	0.00155692260955	1	0.0050000000000000001
han_introgressed_neutral_g645_gate_r059	Han	neutral	0	2026086059	29	paper_frac_posterior_mean_below	focal	50000	0.3135353535	0.00155692260955	1	0.0050000000000000001
han_introgressed_neutral_g645_gate_r059	Han	neutral	0	2026086059	29	paper_frac_posterior_mean_below	local_100kb	1000	0.00080808080809999998	0.00155692260955	1	0.0050000000000000001
han_introgressed_neutral_g645_gate_r059	Han	neutral	0	2026086059	29	paper_frac_posterior_mean_below	local_100kb	4500	0.0021164021161900002	0.00155692260955	1	0.0050000000000000001
han_introgressed_neutral_g645_gate_r059	Han	neutral	0	2026086059	29	paper_frac_posterior_mean_below	local_100kb	10000	0.022760942760499999	0.00155692260955	1	0.0050000000000000001
han_introgressed_neutral_g645_gate_r059	Han	neutral	0	2026086059	29	paper_frac_posterior_mean_below	local_100kb	20000	0.12541606542	0.00155692260955	1	0.0050000000000000001
han_introgressed_neutral_g645_gate_r059	Han	neutral	0	2026086059	29	paper_frac_posterior_mean_below	local_100kb	30000	0.20956228955699999	0.00155692260955	1	0.0050000000000000001
han_introgressed_neutral_g645_gate_r059	Han	neutral	0	2026086059	29	paper_frac_posterior_mean_below	local_100kb	40000	0.27051467051900002	0.00155692260955	1	0.0050000000000000001
han_introgressed_neutral_g645_gate_r059	Han	neutral	0	2026086059	29	paper_frac_posterior_mean_below	local_100kb	50000	0.31851851851899998	0.00155692260955	1	0.0050000000000000001
han_introgressed_neutral_g645_gate_r060	Han	neutral	0	2026086087	29	mean_p_tmrca_lt	focal	1000	0.025812342960000002	0.0064859117490700001	1	0.0050000000000000001
han_introgressed_neutral_g645_gate_r060	Han	neutral	0	2026086087	29	mean_p_tmrca_lt	focal	4500	0.117839708	0.0064859117490700001	1	0.0050000000000000001
han_introgressed_neutral_g645_gate_r060	Han	neutral	0	2026086087	29	mean_p_tmrca_lt	focal	10000	0.2418541458	0.0064859117490700001	1	0.0050000000000000001
han_introgressed_neutral_g645_gate_r060	Han	neutral	0	2026086087	29	mean_p_tmrca_lt	focal	20000	0.40246656959999999	0.0064859117490700001	1	0.0050000000000000001
han_introgressed_neutral_g645_gate_r060	Han	neutral	0	2026086087	29	mean_p_tmrca_lt	focal	30000	0.50574273869999997	0.0064859117490700001	1	0.0050000000000000001
han_introgressed_neutral_g645_gate_r060	Han	neutral	0	2026086087	29	mean_p_tmrca_lt	focal	40000	0.57509887589999997	0.0064859117490700001	1	0.0050000000000000001
han_introgressed_neutral_g645_gate_r060	Han	neutral	0	2026086087	29	mean_p_tmrca_lt	focal	50000	0.62394105970000002	0.0064859117490700001	1	0.0050000000000000001
han_introgressed_neutral_g645_gate_r060	Han	neutral	0	2026086087	29	mean_p_tmrca_lt	local_100kb	1000	0.024220597907099999	0.0064859117490700001	1	0.0050000000000000001
han_introgressed_neutral_g645_gate_r060	Han	neutral	0	2026086087	29	mean_p_tmrca_lt	local_100kb	4500	0.109077929211	0.0064859117490700001	1	0.0050000000000000001
han_introgressed_neutral_g645_gate_r060	Han	neutral	0	2026086087	29	mean_p_tmrca_lt	local_100kb	10000	0.222484122719	0.0064859117490700001	1	0.0050000000000000001
han_introgressed_neutral_g645_gate_r060	Han	neutral	0	2026086087	29	mean_p_tmrca_lt	local_100kb	20000	0.36959577248999997	0.0064859117490700001	1	0.0050000000000000001
han_introgressed_neutral_g645_gate_r060	Han	neutral	0	2026086087	29	mean_p_tmrca_lt	local_100kb	30000	0.46495370567099997	0.0064859117490700001	1	0.0050000000000000001
han_introgressed_neutral_g645_gate_r060	Han	neutral	0	2026086087	29	mean_p_tmrca_lt	local_100kb	40000	0.52975230443300003	0.0064859117490700001	1	0.0050000000000000001
han_introgressed_neutral_g645_gate_r060	Han	neutral	0	2026086087	29	mean_p_tmrca_lt	local_100kb	50000	0.57619390279000005	0.0064859117490700001	1	0.0050000000000000001
han_introgressed_neutral_g645_gate_r060	Han	neutral	0	2026086087	29	paper_frac_posterior_mean_below	focal	1000	0.0006060606061	0.0064859117490700001	1	0.0050000000000000001
han_introgressed_neutral_g645_gate_r060	Han	neutral	0	2026086087	29	paper_frac_posterior_mean_below	focal	4500	0.003838383838	0.0064859117490700001	1	0.0050000000000000001
han_introgressed_neutral_g645_gate_r060	Han	neutral	0	2026086087	29	paper_frac_posterior_mean_below	focal	10000	0.07333333333	0.0064859117490700001	1	0.0050000000000000001
han_introgressed_neutral_g645_gate_r060	Han	neutral	0	2026086087	29	paper_frac_posterior_mean_below	focal	20000	0.31757575760000001	0.0064859117490700001	1	0.0050000000000000001
han_introgressed_neutral_g645_gate_r060	Han	neutral	0	2026086087	29	paper_frac_posterior_mean_below	focal	30000	0.48282828280000001	0.0064859117490700001	1	0.0050000000000000001
han_introgressed_neutral_g645_gate_r060	Han	neutral	0	2026086087	29	paper_frac_posterior_mean_below	focal	40000	0.55676767680000006	0.0064859117490700001	1	0.0050000000000000001
han_introgressed_neutral_g645_gate_r060	Han	neutral	0	2026086087	29	paper_frac_posterior_mean_below	focal	50000	0.60464646460000004	0.0064859117490700001	1	0.0050000000000000001
han_introgressed_neutral_g645_gate_r060	Han	neutral	0	2026086087	29	paper_frac_posterior_mean_below	local_100kb	1000	0.00053872053873299996	0.0064859117490700001	1	0.0050000000000000001
han_introgressed_neutral_g645_gate_r060	Han	neutral	0	2026086087	29	paper_frac_posterior_mean_below	local_100kb	4500	0.00390572390533	0.0064859117490700001	1	0.0050000000000000001
han_introgressed_neutral_g645_gate_r060	Han	neutral	0	2026086087	29	paper_frac_posterior_mean_below	local_100kb	10000	0.064858104858599996	0.0064859117490700001	1	0.0050000000000000001
han_introgressed_neutral_g645_gate_r060	Han	neutral	0	2026086087	29	paper_frac_posterior_mean_below	local_100kb	20000	0.29657527658600003	0.0064859117490700001	1	0.0050000000000000001
han_introgressed_neutral_g645_gate_r060	Han	neutral	0	2026086087	29	paper_frac_posterior_mean_below	local_100kb	30000	0.43110149109500001	0.0064859117490700001	1	0.0050000000000000001
han_introgressed_neutral_g645_gate_r060	Han	neutral	0	2026086087	29	paper_frac_posterior_mean_below	local_100kb	40000	0.50908128908600003	0.0064859117490700001	1	0.0050000000000000001
han_introgressed_neutral_g645_gate_r060	Han	neutral	0	2026086087	29	paper_frac_posterior_mean_below	local_100kb	50000	0.553968253962	0.0064859117490700001	1	0.0050000000000000001
han_introgressed_neutral_g645_gate_r061	Han	neutral	0	2026086123	29	mean_p_tmrca_lt	focal	1000	0.01333613988	0.057811194653300001	10	0.050000000000000003
han_introgressed_neutral_g645_gate_r061	Han	neutral	0	2026086123	29	mean_p_tmrca_lt	focal	4500	0.059995409569999998	0.057811194653300001	10	0.050000000000000003
han_introgressed_neutral_g645_gate_r061	Han	neutral	0	2026086123	29	mean_p_tmrca_lt	focal	10000	0.1287674597	0.057811194653300001	10	0.050000000000000003
han_introgressed_neutral_g645_gate_r061	Han	neutral	0	2026086123	29	mean_p_tmrca_lt	focal	20000	0.2387391707	0.057811194653300001	10	0.050000000000000003
han_introgressed_neutral_g645_gate_r061	Han	neutral	0	2026086123	29	mean_p_tmrca_lt	focal	30000	0.33183252699999999	0.057811194653300001	10	0.050000000000000003
han_introgressed_neutral_g645_gate_r061	Han	neutral	0	2026086123	29	mean_p_tmrca_lt	focal	40000	0.41100292659999998	0.057811194653300001	10	0.050000000000000003
han_introgressed_neutral_g645_gate_r061	Han	neutral	0	2026086123	29	mean_p_tmrca_lt	focal	50000	0.47867637289999998	0.057811194653300001	10	0.050000000000000003
han_introgressed_neutral_g645_gate_r061	Han	neutral	0	2026086123	29	mean_p_tmrca_lt	local_100kb	1000	0.0105750537186	0.057811194653300001	10	0.050000000000000003
han_introgressed_neutral_g645_gate_r061	Han	neutral	0	2026086123	29	mean_p_tmrca_lt	local_100kb	4500	0.047675656230499998	0.057811194653300001	10	0.050000000000000003
han_introgressed_neutral_g645_gate_r061	Han	neutral	0	2026086123	29	mean_p_tmrca_lt	local_100kb	10000	0.10230018870099999	0.057811194653300001	10	0.050000000000000003
han_introgressed_neutral_g645_gate_r061	Han	neutral	0	2026086123	29	mean_p_tmrca_lt	local_100kb	20000	0.18919250893299999	0.057811194653300001	10	0.050000000000000003
han_introgressed_neutral_g645_gate_r061	Han	neutral	0	2026086123	29	mean_p_tmrca_lt	local_100kb	30000	0.262615948105	0.057811194653300001	10	0.050000000000000003
han_introgressed_neutral_g645_gate_r061	Han	neutral	0	2026086123	29	mean_p_tmrca_lt	local_100kb	40000	0.32542055511399998	0.057811194653300001	10	0.050000000000000003
han_introgressed_neutral_g645_gate_r061	Han	neutral	0	2026086123	29	mean_p_tmrca_lt	local_100kb	50000	0.37974977215200001	0.057811194653300001	10	0.050000000000000003
han_introgressed_neutral_g645_gate_r061	Han	neutral	0	2026086123	29	paper_frac_posterior_mean_below	focal	1000	0.000404040404	0.057811194653300001	10	0.050000000000000003
han_introgressed_neutral_g645_gate_r061	Han	neutral	0	2026086123	29	paper_frac_posterior_mean_below	focal	4500	0.0028282828279999998	0.057811194653300001	10	0.050000000000000003
han_introgressed_neutral_g645_gate_r061	Han	neutral	0	2026086123	29	paper_frac_posterior_mean_below	focal	10000	0.01555555556	0.057811194653300001	10	0.050000000000000003
han_introgressed_neutral_g645_gate_r061	Han	neutral	0	2026086123	29	paper_frac_posterior_mean_below	focal	20000	0.051717171720000003	0.057811194653300001	10	0.050000000000000003
han_introgressed_neutral_g645_gate_r061	Han	neutral	0	2026086123	29	paper_frac_posterior_mean_below	focal	30000	0.1381818182	0.057811194653300001	10	0.050000000000000003
han_introgressed_neutral_g645_gate_r061	Han	neutral	0	2026086123	29	paper_frac_posterior_mean_below	focal	40000	0.2175757576	0.057811194653300001	10	0.050000000000000003
han_introgressed_neutral_g645_gate_r061	Han	neutral	0	2026086123	29	paper_frac_posterior_mean_below	focal	50000	0.32343434339999999	0.057811194653300001	10	0.050000000000000003
han_introgressed_neutral_g645_gate_r061	Han	neutral	0	2026086123	29	paper_frac_posterior_mean_below	local_100kb	1000	0.000404040404	0.057811194653300001	10	0.050000000000000003
han_introgressed_neutral_g645_gate_r061	Han	neutral	0	2026086123	29	paper_frac_posterior_mean_below	local_100kb	4500	0.00271284271257	0.057811194653300001	10	0.050000000000000003
han_introgressed_neutral_g645_gate_r061	Han	neutral	0	2026086123	29	paper_frac_posterior_mean_below	local_100kb	10000	0.014766714767699999	0.057811194653300001	10	0.050000000000000003
han_introgressed_neutral_g645_gate_r061	Han	neutral	0	2026086123	29	paper_frac_posterior_mean_below	local_100kb	20000	0.057094757095699999	0.057811194653300001	10	0.050000000000000003
han_introgressed_neutral_g645_gate_r061	Han	neutral	0	2026086123	29	paper_frac_posterior_mean_below	local_100kb	30000	0.12492544493	0.057811194653300001	10	0.050000000000000003
han_introgressed_neutral_g645_gate_r061	Han	neutral	0	2026086123	29	paper_frac_posterior_mean_below	local_100kb	40000	0.19664261664300001	0.057811194653300001	10	0.050000000000000003
han_introgressed_neutral_g645_gate_r061	Han	neutral	0	2026086123	29	paper_frac_posterior_mean_below	local_100kb	50000	0.257046657043	0.057811194653300001	10	0.050000000000000003
han_introgressed_neutral_g645_gate_r062	Han	neutral	0	2026086215	29	mean_p_tmrca_lt	focal	1000	0.0086161105190000007	0.011544011543999999	1	0.0050000000000000001
han_introgressed_neutral_g645_gate_r062	Han	neutral	0	2026086215	29	mean_p_tmrca_lt	focal	4500	0.039215102170000002	0.011544011543999999	1	0.0050000000000000001
han_introgressed_neutral_g645_gate_r062	Han	neutral	0	2026086215	29	mean_p_tmrca_lt	focal	10000	0.082400009369999999	0.011544011543999999	1	0.0050000000000000001
han_introgressed_neutral_g645_gate_r062	Han	neutral	0	2026086215	29	mean_p_tmrca_lt	focal	20000	0.14569169060000001	0.011544011543999999	1	0.0050000000000000001
han_introgressed_neutral_g645_gate_r062	Han	neutral	0	2026086215	29	mean_p_tmrca_lt	focal	30000	0.19414430699999999	0.011544011543999999	1	0.0050000000000000001
han_introgressed_neutral_g645_gate_r062	Han	neutral	0	2026086215	29	mean_p_tmrca_lt	focal	40000	0.23254869659999999	0.011544011543999999	1	0.0050000000000000001
han_introgressed_neutral_g645_gate_r062	Han	neutral	0	2026086215	29	mean_p_tmrca_lt	focal	50000	0.26408400129999998	0.011544011543999999	1	0.0050000000000000001
han_introgressed_neutral_g645_gate_r062	Han	neutral	0	2026086215	29	mean_p_tmrca_lt	local_100kb	1000	0.0121757128078	0.011544011543999999	1	0.0050000000000000001
han_introgressed_neutral_g645_gate_r062	Han	neutral	0	2026086215	29	mean_p_tmrca_lt	local_100kb	4500	0.055642627896699999	0.011544011543999999	1	0.0050000000000000001
han_introgressed_neutral_g645_gate_r062	Han	neutral	0	2026086215	29	mean_p_tmrca_lt	local_100kb	10000	0.117820295693	0.011544011543999999	1	0.0050000000000000001
han_introgressed_neutral_g645_gate_r062	Han	neutral	0	2026086215	29	mean_p_tmrca_lt	local_100kb	20000	0.21010292135700001	0.011544011543999999	1	0.0050000000000000001
han_introgressed_neutral_g645_gate_r062	Han	neutral	0	2026086215	29	mean_p_tmrca_lt	local_100kb	30000	0.28129992190000003	0.011544011543999999	1	0.0050000000000000001
han_introgressed_neutral_g645_gate_r062	Han	neutral	0	2026086215	29	mean_p_tmrca_lt	local_100kb	40000	0.33779060776199998	0.011544011543999999	1	0.0050000000000000001
han_introgressed_neutral_g645_gate_r062	Han	neutral	0	2026086215	29	mean_p_tmrca_lt	local_100kb	50000	0.38403867833299998	0.011544011543999999	1	0.0050000000000000001
han_introgressed_neutral_g645_gate_r062	Han	neutral	0	2026086215	29	paper_frac_posterior_mean_below	focal	1000	0.000202020202	0.011544011543999999	1	0.0050000000000000001
han_introgressed_neutral_g645_gate_r062	Han	neutral	0	2026086215	29	paper_frac_posterior_mean_below	focal	4500	0.0028282828279999998	0.011544011543999999	1	0.0050000000000000001
han_introgressed_neutral_g645_gate_r062	Han	neutral	0	2026086215	29	paper_frac_posterior_mean_below	focal	10000	0.01878787879	0.011544011543999999	1	0.0050000000000000001
han_introgressed_neutral_g645_gate_r062	Han	neutral	0	2026086215	29	paper_frac_posterior_mean_below	focal	20000	0.084848484850000003	0.011544011543999999	1	0.0050000000000000001
han_introgressed_neutral_g645_gate_r062	Han	neutral	0	2026086215	29	paper_frac_posterior_mean_below	focal	30000	0.14484848480000001	0.011544011543999999	1	0.0050000000000000001
han_introgressed_neutral_g645_gate_r062	Han	neutral	0	2026086215	29	paper_frac_posterior_mean_below	focal	40000	0.19212121209999999	0.011544011543999999	1	0.0050000000000000001
han_introgressed_neutral_g645_gate_r062	Han	neutral	0	2026086215	29	paper_frac_posterior_mean_below	focal	50000	0.2204040404	0.011544011543999999	1	0.0050000000000000001
han_introgressed_neutral_g645_gate_r062	Han	neutral	0	2026086215	29	paper_frac_posterior_mean_below	local_100kb	1000	0.00025012025009499999	0.011544011543999999	1	0.0050000000000000001
han_introgressed_neutral_g645_gate_r062	Han	neutral	0	2026086215	29	paper_frac_posterior_mean_below	local_100kb	4500	0.00331890331857	0.011544011543999999	1	0.0050000000000000001
han_introgressed_neutral_g645_gate_r062	Han	neutral	0	2026086215	29	paper_frac_posterior_mean_below	local_100kb	10000	0.017566137566699998	0.011544011543999999	1	0.0050000000000000001
han_introgressed_neutral_g645_gate_r062	Han	neutral	0	2026086215	29	paper_frac_posterior_mean_below	local_100kb	20000	0.108340548339	0.011544011543999999	1	0.0050000000000000001
han_introgressed_neutral_g645_gate_r062	Han	neutral	0	2026086215	29	paper_frac_posterior_mean_below	local_100kb	30000	0.200259740262	0.011544011543999999	1	0.0050000000000000001
han_introgressed_neutral_g645_gate_r062	Han	neutral	0	2026086215	29	paper_frac_posterior_mean_below	local_100kb	40000	0.26609908609999999	0.011544011543999999	1	0.0050000000000000001
han_introgressed_neutral_g645_gate_r062	Han	neutral	0	2026086215	29	paper_frac_posterior_mean_below	local_100kb	50000	0.310514670524	0.011544011543999999	1	0.0050000000000000001
han_introgressed_neutral_g645_gate_r063	Han	neutral	0	2026086230	29	mean_p_tmrca_lt	focal	1000	0.011548406460000001	0.00034935824409499999	0	0
han_introgressed_neutral_g645_gate_r063	Han	neutral	0	2026086230	29	mean_p_tmrca_lt	focal	4500	0.054550093879999997	0.00034935824409499999	0	0
han_introgressed_neutral_g645_gate_r063	Han	neutral	0	2026086230	29	mean_p_tmrca_lt	focal	10000	0.12174083400000001	0.00034935824409499999	0	0
han_introgressed_neutral_g645_gate_r063	Han	neutral	0	2026086230	29	mean_p_tmrca_lt	focal	20000	0.23152696989999999	0.00034935824409499999	0	0
han_introgressed_neutral_g645_gate_r063	Han	neutral	0	2026086230	29	mean_p_tmrca_lt	focal	30000	0.32125313960000002	0.00034935824409499999	0	0
han_introgressed_neutral_g645_gate_r063	Han	neutral	0	2026086230	29	mean_p_tmrca_lt	focal	40000	0.39281865090000001	0.00034935824409499999	0	0
han_introgressed_neutral_g645_gate_r063	Han	neutral	0	2026086230	29	mean_p_tmrca_lt	focal	50000	0.44990141	0.00034935824409499999	0	0
han_introgressed_neutral_g645_gate_r063	Han	neutral	0	2026086230	29	mean_p_tmrca_lt	local_100kb	1000	0.015623456664499999	0.00034935824409499999	0	0
han_introgressed_neutral_g645_gate_r063	Han	neutral	0	2026086230	29	mean_p_tmrca_lt	local_100kb	4500	0.071841486145200001	0.00034935824409499999	0	0
han_introgressed_neutral_g645_gate_r063	Han	neutral	0	2026086230	29	mean_p_tmrca_lt	local_100kb	10000	0.15214034957799999	0.00034935824409499999	0	0
han_introgressed_neutral_g645_gate_r063	Han	neutral	0	2026086230	29	mean_p_tmrca_lt	local_100kb	20000	0.268687677643	0.00034935824409499999	0	0
han_introgressed_neutral_g645_gate_r063	Han	neutral	0	2026086230	29	mean_p_tmrca_lt	local_100kb	30000	0.35567588207599998	0.00034935824409499999	0	0
han_introgressed_neutral_g645_gate_r063	Han	neutral	0	2026086230	29	mean_p_tmrca_lt	local_100kb	40000	0.42254377278100003	0.00034935824409499999	0	0
han_introgressed_neutral_g645_gate_r063	Han	neutral	0	2026086230	29	mean_p_tmrca_lt	local_100kb	50000	0.475679139029	0.00034935824409499999	0	0
han_introgressed_neutral_g645_gate_r063	Han	neutral	0	2026086230	29	paper_frac_posterior_mean_below	focal	1000	0.000404040404	0.00034935824409499999	0	0
han_introgressed_neutral_g645_gate_r063	Han	neutral	0	2026086230	29	paper_frac_posterior_mean_below	focal	4500	0.0024242424240000001	0.00034935824409499999	0	0
han_introgressed_neutral_g645_gate_r063	Han	neutral	0	2026086230	29	paper_frac_posterior_mean_below	focal	10000	0.024848484850000001	0.00034935824409499999	0	0
han_introgressed_neutral_g645_gate_r063	Han	neutral	0	2026086230	29	paper_frac_posterior_mean_below	focal	20000	0.1185858586	0.00034935824409499999	0	0
han_introgressed_neutral_g645_gate_r063	Han	neutral	0	2026086230	29	paper_frac_posterior_mean_below	focal	30000	0.2212121212	0.00034935824409499999	0	0
han_introgressed_neutral_g645_gate_r063	Han	neutral	0	2026086230	29	paper_frac_posterior_mean_below	focal	40000	0.30444444440000001	0.00034935824409499999	0	0
han_introgressed_neutral_g645_gate_r063	Han	neutral	0	2026086230	29	paper_frac_posterior_mean_below	focal	50000	0.37555555559999998	0.00034935824409499999	0	0
han_introgressed_neutral_g645_gate_r063	Han	neutral	0	2026086230	29	paper_frac_posterior_mean_below	local_100kb	1000	0.000404040404	0.00034935824409499999	0	0
han_introgressed_neutral_g645_gate_r063	Han	neutral	0	2026086230	29	paper_frac_posterior_mean_below	local_100kb	4500	0.0024050024047600001	0.00034935824409499999	0	0
han_introgressed_neutral_g645_gate_r063	Han	neutral	0	2026086230	29	paper_frac_posterior_mean_below	local_100kb	10000	0.023386243385700001	0.00034935824409499999	0	0
han_introgressed_neutral_g645_gate_r063	Han	neutral	0	2026086230	29	paper_frac_posterior_mean_below	local_100kb	20000	0.148244348241	0.00034935824409499999	0	0
han_introgressed_neutral_g645_gate_r063	Han	neutral	0	2026086230	29	paper_frac_posterior_mean_below	local_100kb	30000	0.27358345359000003	0.00034935824409499999	0	0
han_introgressed_neutral_g645_gate_r063	Han	neutral	0	2026086230	29	paper_frac_posterior_mean_below	local_100kb	40000	0.34393458393800003	0.00034935824409499999	0	0
han_introgressed_neutral_g645_gate_r063	Han	neutral	0	2026086230	29	paper_frac_posterior_mean_below	local_100kb	50000	0.38864838865700002	0.00034935824409499999	0	0
han_introgressed_neutral_g645_gate_r064	Han	neutral	0	2026086233	29	mean_p_tmrca_lt	focal	1000	0.010654413329999999	0.089587605377100005	11	0.055
han_introgressed_neutral_g645_gate_r064	Han	neutral	0	2026086233	29	mean_p_tmrca_lt	focal	4500	0.046617665619999998	0.089587605377100005	11	0.055
han_introgressed_neutral_g645_gate_r064	Han	neutral	0	2026086233	29	mean_p_tmrca_lt	focal	10000	0.094492372150000004	0.089587605377100005	11	0.055
han_introgressed_neutral_g645_gate_r064	Han	neutral	0	2026086233	29	mean_p_tmrca_lt	focal	20000	0.15803065569999999	0.089587605377100005	11	0.055
han_introgressed_neutral_g645_gate_r064	Han	neutral	0	2026086233	29	mean_p_tmrca_lt	focal	30000	0.2018449276	0.089587605377100005	11	0.055
han_introgressed_neutral_g645_gate_r064	Han	neutral	0	2026086233	29	mean_p_tmrca_lt	focal	40000	0.23394783199999999	0.089587605377100005	11	0.055
han_introgressed_neutral_g645_gate_r064	Han	neutral	0	2026086233	29	mean_p_tmrca_lt	focal	50000	0.25891690849999999	0.089587605377100005	11	0.055
han_introgressed_neutral_g645_gate_r064	Han	neutral	0	2026086233	29	mean_p_tmrca_lt	local_100kb	1000	0.0116813201707	0.089587605377100005	11	0.055
han_introgressed_neutral_g645_gate_r064	Han	neutral	0	2026086233	29	mean_p_tmrca_lt	local_100kb	4500	0.0531677113743	0.089587605377100005	11	0.055
han_introgressed_neutral_g645_gate_r064	Han	neutral	0	2026086233	29	mean_p_tmrca_lt	local_100kb	10000	0.112201236326	0.089587605377100005	11	0.055
han_introgressed_neutral_g645_gate_r064	Han	neutral	0	2026086233	29	mean_p_tmrca_lt	local_100kb	20000	0.19770200542399999	0.089587605377100005	11	0.055
han_introgressed_neutral_g645_gate_r064	Han	neutral	0	2026086233	29	mean_p_tmrca_lt	local_100kb	30000	0.262151577586	0.089587605377100005	11	0.055
han_introgressed_neutral_g645_gate_r064	Han	neutral	0	2026086233	29	mean_p_tmrca_lt	local_100kb	40000	0.31256779741899998	0.089587605377100005	11	0.055
han_introgressed_neutral_g645_gate_r064	Han	neutral	0	2026086233	29	mean_p_tmrca_lt	local_100kb	50000	0.353470192086	0.089587605377100005	11	0.055
han_introgressed_neutral_g645_gate_r064	Han	neutral	0	2026086233	29	paper_frac_posterior_mean_below	focal	1000	0.000404040404	0.089587605377100005	11	0.055
han_introgressed_neutral_g645_gate_r064	Han	neutral	0	2026086233	29	paper_frac_posterior_mean_below	focal	4500	0.0020202020199999999	0.089587605377100005	11	0.055
han_introgressed_neutral_g645_gate_r064	Han	neutral	0	2026086233	29	paper_frac_posterior_mean_below	focal	10000	0.030101010099999999	0.089587605377100005	11	0.055
han_introgressed_neutral_g645_gate_r064	Han	neutral	0	2026086233	29	paper_frac_posterior_mean_below	focal	20000	0.1018181818	0.089587605377100005	11	0.055
han_introgressed_neutral_g645_gate_r064	Han	neutral	0	2026086233	29	paper_frac_posterior_mean_below	focal	30000	0.1717171717	0.089587605377100005	11	0.055
han_introgressed_neutral_g645_gate_r064	Han	neutral	0	2026086233	29	paper_frac_posterior_mean_below	focal	40000	0.20383838379999999	0.089587605377100005	11	0.055
han_introgressed_neutral_g645_gate_r064	Han	neutral	0	2026086233	29	paper_frac_posterior_mean_below	focal	50000	0.2333333333	0.089587605377100005	11	0.055
han_introgressed_neutral_g645_gate_r064	Han	neutral	0	2026086233	29	paper_frac_posterior_mean_below	local_100kb	1000	0.000404040404	0.089587605377100005	11	0.055
han_introgressed_neutral_g645_gate_r064	Han	neutral	0	2026086233	29	paper_frac_posterior_mean_below	local_100kb	4500	0.00212602212581	0.089587605377100005	11	0.055
han_introgressed_neutral_g645_gate_r064	Han	neutral	0	2026086233	29	paper_frac_posterior_mean_below	local_100kb	10000	0.024848484848999999	0.089587605377100005	11	0.055
han_introgressed_neutral_g645_gate_r064	Han	neutral	0	2026086233	29	paper_frac_posterior_mean_below	local_100kb	20000	0.10218374218200001	0.089587605377100005	11	0.055
han_introgressed_neutral_g645_gate_r064	Han	neutral	0	2026086233	29	paper_frac_posterior_mean_below	local_100kb	30000	0.18303992303300001	0.089587605377100005	11	0.055
han_introgressed_neutral_g645_gate_r064	Han	neutral	0	2026086233	29	paper_frac_posterior_mean_below	local_100kb	40000	0.242760942762	0.089587605377100005	11	0.055
han_introgressed_neutral_g645_gate_r064	Han	neutral	0	2026086233	29	paper_frac_posterior_mean_below	local_100kb	50000	0.29312169311399999	0.089587605377100005	11	0.055
han_introgressed_neutral_g645_gate_r065	Han	neutral	0	2026086249	29	mean_p_tmrca_lt	focal	1000	0.010920144010000001	0.00074428495481100002	0	0
han_introgressed_neutral_g645_gate_r065	Han	neutral	0	2026086249	29	mean_p_tmrca_lt	focal	4500	0.051870980050000001	0.00074428495481100002	0	0
han_introgressed_neutral_g645_gate_r065	Han	neutral	0	2026086249	29	mean_p_tmrca_lt	focal	10000	0.1109605828	0.00074428495481100002	0	0
han_introgressed_neutral_g645_gate_r065	Han	neutral	0	2026086249	29	mean_p_tmrca_lt	focal	20000	0.1966133558	0.00074428495481100002	0	0
han_introgressed_neutral_g645_gate_r065	Han	neutral	0	2026086249	29	mean_p_tmrca_lt	focal	30000	0.2604928648	0.00074428495481100002	0	0
han_introgressed_neutral_g645_gate_r065	Han	neutral	0	2026086249	29	mean_p_tmrca_lt	focal	40000	0.30950577130000001	0.00074428495481100002	0	0
han_introgressed_neutral_g645_gate_r065	Han	neutral	0	2026086249	29	mean_p_tmrca_lt	focal	50000	0.34842274080000002	0.00074428495481100002	0	0
han_introgressed_neutral_g645_gate_r065	Han	neutral	0	2026086249	29	mean_p_tmrca_lt	local_100kb	1000	0.0108991991472	0.00074428495481100002	0	0
han_introgressed_neutral_g645_gate_r065	Han	neutral	0	2026086249	29	mean_p_tmrca_lt	local_100kb	4500	0.050483635148100003	0.00074428495481100002	0	0
han_introgressed_neutral_g645_gate_r065	Han	neutral	0	2026086249	29	mean_p_tmrca_lt	local_100kb	10000	0.10718723446599999	0.00074428495481100002	0	0
han_introgressed_neutral_g645_gate_r065	Han	neutral	0	2026086249	29	mean_p_tmrca_lt	local_100kb	20000	0.19063091090000001	0.00074428495481100002	0	0
han_introgressed_neutral_g645_gate_r065	Han	neutral	0	2026086249	29	mean_p_tmrca_lt	local_100kb	30000	0.255164042757	0.00074428495481100002	0	0
han_introgressed_neutral_g645_gate_r065	Han	neutral	0	2026086249	29	mean_p_tmrca_lt	local_100kb	40000	0.30695295126200001	0.00074428495481100002	0	0
han_introgressed_neutral_g645_gate_r065	Han	neutral	0	2026086249	29	mean_p_tmrca_lt	local_100kb	50000	0.34992101649000001	0.00074428495481100002	0	0
han_introgressed_neutral_g645_gate_r065	Han	neutral	0	2026086249	29	paper_frac_posterior_mean_below	focal	1000	0.000202020202	0.00074428495481100002	0	0
han_introgressed_neutral_g645_gate_r065	Han	neutral	0	2026086249	29	paper_frac_posterior_mean_below	focal	4500	0.0020202020199999999	0.00074428495481100002	0	0
han_introgressed_neutral_g645_gate_r065	Han	neutral	0	2026086249	29	paper_frac_posterior_mean_below	focal	10000	0.020606060610000001	0.00074428495481100002	0	0
han_introgressed_neutral_g645_gate_r065	Han	neutral	0	2026086249	29	paper_frac_posterior_mean_below	focal	20000	0.1028282828	0.00074428495481100002	0	0
han_introgressed_neutral_g645_gate_r065	Han	neutral	0	2026086249	29	paper_frac_posterior_mean_below	focal	30000	0.18323232319999999	0.00074428495481100002	0	0
han_introgressed_neutral_g645_gate_r065	Han	neutral	0	2026086249	29	paper_frac_posterior_mean_below	focal	40000	0.24868686870000001	0.00074428495481100002	0	0
han_introgressed_neutral_g645_gate_r065	Han	neutral	0	2026086249	29	paper_frac_posterior_mean_below	focal	50000	0.34949494949999999	0.00074428495481100002	0	0
han_introgressed_neutral_g645_gate_r065	Han	neutral	0	2026086249	29	paper_frac_posterior_mean_below	local_100kb	1000	0.000202020202	0.00074428495481100002	0	0
han_introgressed_neutral_g645_gate_r065	Han	neutral	0	2026086249	29	paper_frac_posterior_mean_below	local_100kb	4500	0.0018566618564800001	0.00074428495481100002	0	0
han_introgressed_neutral_g645_gate_r065	Han	neutral	0	2026086249	29	paper_frac_posterior_mean_below	local_100kb	10000	0.019557479558099999	0.00074428495481100002	0	0
han_introgressed_neutral_g645_gate_r065	Han	neutral	0	2026086249	29	paper_frac_posterior_mean_below	local_100kb	20000	0.091717171712900003	0.00074428495481100002	0	0
han_introgressed_neutral_g645_gate_r065	Han	neutral	0	2026086249	29	paper_frac_posterior_mean_below	local_100kb	30000	0.16479076479499999	0.00074428495481100002	0	0
han_introgressed_neutral_g645_gate_r065	Han	neutral	0	2026086249	29	paper_frac_posterior_mean_below	local_100kb	40000	0.22613756615200001	0.00074428495481100002	0	0
han_introgressed_neutral_g645_gate_r065	Han	neutral	0	2026086249	29	paper_frac_posterior_mean_below	local_100kb	50000	0.28121212121	0.00074428495481100002	0	0
han_introgressed_neutral_g645_gate_r066	Han	neutral	0	2026086378	29	mean_p_tmrca_lt	focal	1000	0.0070476829959999999	0.0031442241968599998	0	0
han_introgressed_neutral_g645_gate_r066	Han	neutral	0	2026086378	29	mean_p_tmrca_lt	focal	4500	0.032424070100000001	0.0031442241968599998	0	0
han_introgressed_neutral_g645_gate_r066	Han	neutral	0	2026086378	29	mean_p_tmrca_lt	focal	10000	0.069847548290000006	0.0031442241968599998	0	0
han_introgressed_neutral_g645_gate_r066	Han	neutral	0	2026086378	29	mean_p_tmrca_lt	focal	20000	0.1283308863	0.0031442241968599998	0	0
han_introgressed_neutral_g645_gate_r066	Han	neutral	0	2026086378	29	mean_p_tmrca_lt	focal	30000	0.17596697489999999	0.0031442241968599998	0	0
han_introgressed_neutral_g645_gate_r066	Han	neutral	0	2026086378	29	mean_p_tmrca_lt	focal	40000	0.21543492719999999	0.0031442241968599998	0	0
han_introgressed_neutral_g645_gate_r066	Han	neutral	0	2026086378	29	mean_p_tmrca_lt	focal	50000	0.24892802550000001	0.0031442241968599998	0	0
han_introgressed_neutral_g645_gate_r066	Han	neutral	0	2026086378	29	mean_p_tmrca_lt	local_100kb	1000	0.0095791426943800002	0.0031442241968599998	0	0
han_introgressed_neutral_g645_gate_r066	Han	neutral	0	2026086378	29	mean_p_tmrca_lt	local_100kb	4500	0.044489542218599999	0.0031442241968599998	0	0
han_introgressed_neutral_g645_gate_r066	Han	neutral	0	2026086378	29	mean_p_tmrca_lt	local_100kb	10000	0.096364743751000001	0.0031442241968599998	0	0
han_introgressed_neutral_g645_gate_r066	Han	neutral	0	2026086378	29	mean_p_tmrca_lt	local_100kb	20000	0.17741767807600001	0.0031442241968599998	0	0
han_introgressed_neutral_g645_gate_r066	Han	neutral	0	2026086378	29	mean_p_tmrca_lt	local_100kb	30000	0.243196371548	0.0031442241968599998	0	0
han_introgressed_neutral_g645_gate_r066	Han	neutral	0	2026086378	29	mean_p_tmrca_lt	local_100kb	40000	0.297244815	0.0031442241968599998	0	0
han_introgressed_neutral_g645_gate_r066	Han	neutral	0	2026086378	29	mean_p_tmrca_lt	local_100kb	50000	0.34247459099999999	0.0031442241968599998	0	0
han_introgressed_neutral_g645_gate_r066	Han	neutral	0	2026086378	29	paper_frac_posterior_mean_below	focal	1000	0.000404040404	0.0031442241968599998	0	0
han_introgressed_neutral_g645_gate_r066	Han	neutral	0	2026086378	29	paper_frac_posterior_mean_below	focal	4500	0.0028282828279999998	0.0031442241968599998	0	0
han_introgressed_neutral_g645_gate_r066	Han	neutral	0	2026086378	29	paper_frac_posterior_mean_below	focal	10000	0.0101010101	0.0031442241968599998	0	0
han_introgressed_neutral_g645_gate_r066	Han	neutral	0	2026086378	29	paper_frac_posterior_mean_below	focal	20000	0.059393939389999997	0.0031442241968599998	0	0
han_introgressed_neutral_g645_gate_r066	Han	neutral	0	2026086378	29	paper_frac_posterior_mean_below	focal	30000	0.118989899	0.0031442241968599998	0	0
han_introgressed_neutral_g645_gate_r066	Han	neutral	0	2026086378	29	paper_frac_posterior_mean_below	focal	40000	0.16787878789999999	0.0031442241968599998	0	0
han_introgressed_neutral_g645_gate_r066	Han	neutral	0	2026086378	29	paper_frac_posterior_mean_below	focal	50000	0.2018181818	0.0031442241968599998	0	0
han_introgressed_neutral_g645_gate_r066	Han	neutral	0	2026086378	29	paper_frac_posterior_mean_below	local_100kb	1000	0.00045214045211900003	0.0031442241968599998	0	0
han_introgressed_neutral_g645_gate_r066	Han	neutral	0	2026086378	29	paper_frac_posterior_mean_below	local_100kb	4500	0.0025781625779000002	0.0031442241968599998	0	0
han_introgressed_neutral_g645_gate_r066	Han	neutral	0	2026086378	29	paper_frac_posterior_mean_below	local_100kb	10000	0.011043771043900001	0.0031442241968599998	0	0
han_introgressed_neutral_g645_gate_r066	Han	neutral	0	2026086378	29	paper_frac_posterior_mean_below	local_100kb	20000	0.064954304953299999	0.0031442241968599998	0	0
han_introgressed_neutral_g645_gate_r066	Han	neutral	0	2026086378	29	paper_frac_posterior_mean_below	local_100kb	30000	0.140375180381	0.0031442241968599998	0	0
han_introgressed_neutral_g645_gate_r066	Han	neutral	0	2026086378	29	paper_frac_posterior_mean_below	local_100kb	40000	0.21188071188099999	0.0031442241968599998	0	0
han_introgressed_neutral_g645_gate_r066	Han	neutral	0	2026086378	29	paper_frac_posterior_mean_below	local_100kb	50000	0.26481000481	0.0031442241968599998	0	0
han_introgressed_neutral_g645_gate_r067	Han	neutral	0	2026086441	29	mean_p_tmrca_lt	focal	1000	0.012684905430000001	0.022571580466299999	2	0.01
han_introgressed_neutral_g645_gate_r067	Han	neutral	0	2026086441	29	mean_p_tmrca_lt	focal	4500	0.055408483250000001	0.022571580466299999	2	0.01
han_introgressed_neutral_g645_gate_r067	Han	neutral	0	2026086441	29	mean_p_tmrca_lt	focal	10000	0.1170817047	0.022571580466299999	2	0.01
han_introgressed_neutral_g645_gate_r067	Han	neutral	0	2026086441	29	mean_p_tmrca_lt	focal	20000	0.21288010439999999	0.022571580466299999	2	0.01
han_introgressed_neutral_g645_gate_r067	Han	neutral	0	2026086441	29	mean_p_tmrca_lt	focal	30000	0.29080302070000003	0.022571580466299999	2	0.01
han_introgressed_neutral_g645_gate_r067	Han	neutral	0	2026086441	29	mean_p_tmrca_lt	focal	40000	0.35507809239999999	0.022571580466299999	2	0.01
han_introgressed_neutral_g645_gate_r067	Han	neutral	0	2026086441	29	mean_p_tmrca_lt	focal	50000	0.40907733270000002	0.022571580466299999	2	0.01
han_introgressed_neutral_g645_gate_r067	Han	neutral	0	2026086441	29	mean_p_tmrca_lt	local_100kb	1000	0.012794326911300001	0.022571580466299999	2	0.01
han_introgressed_neutral_g645_gate_r067	Han	neutral	0	2026086441	29	mean_p_tmrca_lt	local_100kb	4500	0.055907568145699998	0.022571580466299999	2	0.01
han_introgressed_neutral_g645_gate_r067	Han	neutral	0	2026086441	29	mean_p_tmrca_lt	local_100kb	10000	0.117069728274	0.022571580466299999	2	0.01
han_introgressed_neutral_g645_gate_r067	Han	neutral	0	2026086441	29	mean_p_tmrca_lt	local_100kb	20000	0.20917877943800001	0.022571580466299999	2	0.01
han_introgressed_neutral_g645_gate_r067	Han	neutral	0	2026086441	29	mean_p_tmrca_lt	local_100kb	30000	0.28145806842900001	0.022571580466299999	2	0.01
han_introgressed_neutral_g645_gate_r067	Han	neutral	0	2026086441	29	mean_p_tmrca_lt	local_100kb	40000	0.339416863224	0.022571580466299999	2	0.01
han_introgressed_neutral_g645_gate_r067	Han	neutral	0	2026086441	29	mean_p_tmrca_lt	local_100kb	50000	0.38709840103299997	0.022571580466299999	2	0.01
han_introgressed_neutral_g645_gate_r067	Han	neutral	0	2026086441	29	paper_frac_posterior_mean_below	focal	1000	0.0006060606061	0.022571580466299999	2	0.01
han_introgressed_neutral_g645_gate_r067	Han	neutral	0	2026086441	29	paper_frac_posterior_mean_below	focal	4500	0.0064646464650000004	0.022571580466299999	2	0.01
han_introgressed_neutral_g645_gate_r067	Han	neutral	0	2026086441	29	paper_frac_posterior_mean_below	focal	10000	0.01797979798	0.022571580466299999	2	0.01
han_introgressed_neutral_g645_gate_r067	Han	neutral	0	2026086441	29	paper_frac_posterior_mean_below	focal	20000	0.078383838380000001	0.022571580466299999	2	0.01
han_introgressed_neutral_g645_gate_r067	Han	neutral	0	2026086441	29	paper_frac_posterior_mean_below	focal	30000	0.16383838379999999	0.022571580466299999	2	0.01
han_introgressed_neutral_g645_gate_r067	Han	neutral	0	2026086441	29	paper_frac_posterior_mean_below	focal	40000	0.1961616162	0.022571580466299999	2	0.01
han_introgressed_neutral_g645_gate_r067	Han	neutral	0	2026086441	29	paper_frac_posterior_mean_below	focal	50000	0.26040404039999998	0.022571580466299999	2	0.01
han_introgressed_neutral_g645_gate_r067	Han	neutral	0	2026086441	29	paper_frac_posterior_mean_below	local_100kb	1000	0.0006060606061	0.022571580466299999	2	0.01
han_introgressed_neutral_g645_gate_r067	Han	neutral	0	2026086441	29	paper_frac_posterior_mean_below	local_100kb	4500	0.0064742664746199998	0.022571580466299999	2	0.01
han_introgressed_neutral_g645_gate_r067	Han	neutral	0	2026086441	29	paper_frac_posterior_mean_below	local_100kb	10000	0.0202212602219	0.022571580466299999	2	0.01
han_introgressed_neutral_g645_gate_r067	Han	neutral	0	2026086441	29	paper_frac_posterior_mean_below	local_100kb	20000	0.097017797019500002	0.022571580466299999	2	0.01
han_introgressed_neutral_g645_gate_r067	Han	neutral	0	2026086441	29	paper_frac_posterior_mean_below	local_100kb	30000	0.18784030784200001	0.022571580466299999	2	0.01
han_introgressed_neutral_g645_gate_r067	Han	neutral	0	2026086441	29	paper_frac_posterior_mean_below	local_100kb	40000	0.246156806157	0.022571580466299999	2	0.01
han_introgressed_neutral_g645_gate_r067	Han	neutral	0	2026086441	29	paper_frac_posterior_mean_below	local_100kb	50000	0.29790283791	0.022571580466299999	2	0.01
han_introgressed_neutral_g645_gate_r068	Han	neutral	0	2026086539	29	mean_p_tmrca_lt	focal	1000	0.010782408259999999	0.0110199741779	1	0.0050000000000000001
han_introgressed_neutral_g645_gate_r068	Han	neutral	0	2026086539	29	mean_p_tmrca_lt	focal	4500	0.049718831159999997	0.0110199741779	1	0.0050000000000000001
han_introgressed_neutral_g645_gate_r068	Han	neutral	0	2026086539	29	mean_p_tmrca_lt	focal	10000	0.106596833	0.0110199741779	1	0.0050000000000000001
han_introgressed_neutral_g645_gate_r068	Han	neutral	0	2026086539	29	mean_p_tmrca_lt	focal	20000	0.19268042639999999	0.0110199741779	1	0.0050000000000000001
han_introgressed_neutral_g645_gate_r068	Han	neutral	0	2026086539	29	mean_p_tmrca_lt	focal	30000	0.2604644263	0.0110199741779	1	0.0050000000000000001
han_introgressed_neutral_g645_gate_r068	Han	neutral	0	2026086539	29	mean_p_tmrca_lt	focal	40000	0.3152136337	0.0110199741779	1	0.0050000000000000001
han_introgressed_neutral_g645_gate_r068	Han	neutral	0	2026086539	29	mean_p_tmrca_lt	focal	50000	0.36070541049999999	0.0110199741779	1	0.0050000000000000001
han_introgressed_neutral_g645_gate_r068	Han	neutral	0	2026086539	29	mean_p_tmrca_lt	local_100kb	1000	0.012987597263799999	0.0110199741779	1	0.0050000000000000001
han_introgressed_neutral_g645_gate_r068	Han	neutral	0	2026086539	29	mean_p_tmrca_lt	local_100kb	4500	0.060208551351900001	0.0110199741779	1	0.0050000000000000001
han_introgressed_neutral_g645_gate_r068	Han	neutral	0	2026086539	29	mean_p_tmrca_lt	local_100kb	10000	0.12771824297600001	0.0110199741779	1	0.0050000000000000001
han_introgressed_neutral_g645_gate_r068	Han	neutral	0	2026086539	29	mean_p_tmrca_lt	local_100kb	20000	0.225422695329	0.0110199741779	1	0.0050000000000000001
han_introgressed_neutral_g645_gate_r068	Han	neutral	0	2026086539	29	mean_p_tmrca_lt	local_100kb	30000	0.29835004208600002	0.0110199741779	1	0.0050000000000000001
han_introgressed_neutral_g645_gate_r068	Han	neutral	0	2026086539	29	mean_p_tmrca_lt	local_100kb	40000	0.35467781100500001	0.0110199741779	1	0.0050000000000000001
han_introgressed_neutral_g645_gate_r068	Han	neutral	0	2026086539	29	mean_p_tmrca_lt	local_100kb	50000	0.39978573444299997	0.0110199741779	1	0.0050000000000000001
han_introgressed_neutral_g645_gate_r068	Han	neutral	0	2026086539	29	paper_frac_posterior_mean_below	focal	1000	0.000202020202	0.0110199741779	1	0.0050000000000000001
han_introgressed_neutral_g645_gate_r068	Han	neutral	0	2026086539	29	paper_frac_posterior_mean_below	focal	4500	0.0012121212120000001	0.0110199741779	1	0.0050000000000000001
han_introgressed_neutral_g645_gate_r068	Han	neutral	0	2026086539	29	paper_frac_posterior_mean_below	focal	10000	0.013939393939999999	0.0110199741779	1	0.0050000000000000001
han_introgressed_neutral_g645_gate_r068	Han	neutral	0	2026086539	29	paper_frac_posterior_mean_below	focal	20000	0.07292929293	0.0110199741779	1	0.0050000000000000001
han_introgressed_neutral_g645_gate_r068	Han	neutral	0	2026086539	29	paper_frac_posterior_mean_below	focal	30000	0.17030303029999999	0.0110199741779	1	0.0050000000000000001
han_introgressed_neutral_g645_gate_r068	Han	neutral	0	2026086539	29	paper_frac_posterior_mean_below	focal	40000	0.24989898990000001	0.0110199741779	1	0.0050000000000000001
han_introgressed_neutral_g645_gate_r068	Han	neutral	0	2026086539	29	paper_frac_posterior_mean_below	focal	50000	0.29131313129999997	0.0110199741779	1	0.0050000000000000001
han_introgressed_neutral_g645_gate_r068	Han	neutral	0	2026086539	29	paper_frac_posterior_mean_below	local_100kb	1000	0.000202020202	0.0110199741779	1	0.0050000000000000001
han_introgressed_neutral_g645_gate_r068	Han	neutral	0	2026086539	29	paper_frac_posterior_mean_below	local_100kb	4500	0.0013949013947699999	0.0110199741779	1	0.0050000000000000001
han_introgressed_neutral_g645_gate_r068	Han	neutral	0	2026086539	29	paper_frac_posterior_mean_below	local_100kb	10000	0.0187974987971	0.0110199741779	1	0.0050000000000000001
han_introgressed_neutral_g645_gate_r068	Han	neutral	0	2026086539	29	paper_frac_posterior_mean_below	local_100kb	20000	0.122318422309	0.0110199741779	1	0.0050000000000000001
han_introgressed_neutral_g645_gate_r068	Han	neutral	0	2026086539	29	paper_frac_posterior_mean_below	local_100kb	30000	0.223068783076	0.0110199741779	1	0.0050000000000000001
han_introgressed_neutral_g645_gate_r068	Han	neutral	0	2026086539	29	paper_frac_posterior_mean_below	local_100kb	40000	0.29562289562900002	0.0110199741779	1	0.0050000000000000001
han_introgressed_neutral_g645_gate_r068	Han	neutral	0	2026086539	29	paper_frac_posterior_mean_below	local_100kb	50000	0.343164983157	0.0110199741779	1	0.0050000000000000001
han_introgressed_neutral_g645_gate_r069	Han	neutral	0	2026086559	29	mean_p_tmrca_lt	focal	1000	0.0097395931200000008	0.0075036075036099999	2	0.01
han_introgressed_neutral_g645_gate_r069	Han	neutral	0	2026086559	29	mean_p_tmrca_lt	focal	4500	0.043443661779999997	0.0075036075036099999	2	0.01
han_introgressed_neutral_g645_gate_r069	Han	neutral	0	2026086559	29	mean_p_tmrca_lt	focal	10000	0.09446283037	0.0075036075036099999	2	0.01
han_introgressed_neutral_g645_gate_r069	Han	neutral	0	2026086559	29	mean_p_tmrca_lt	focal	20000	0.1761411236	0.0075036075036099999	2	0.01
han_introgressed_neutral_g645_gate_r069	Han	neutral	0	2026086559	29	mean_p_tmrca_lt	focal	30000	0.2430025193	0.0075036075036099999	2	0.01
han_introgressed_neutral_g645_gate_r069	Han	neutral	0	2026086559	29	mean_p_tmrca_lt	focal	40000	0.29778220280000001	0.0075036075036099999	2	0.01
han_introgressed_neutral_g645_gate_r069	Han	neutral	0	2026086559	29	mean_p_tmrca_lt	focal	50000	0.34339571730000001	0.0075036075036099999	2	0.01
han_introgressed_neutral_g645_gate_r069	Han	neutral	0	2026086559	29	mean_p_tmrca_lt	local_100kb	1000	0.014706713959100001	0.0075036075036099999	2	0.01
han_introgressed_neutral_g645_gate_r069	Han	neutral	0	2026086559	29	mean_p_tmrca_lt	local_100kb	4500	0.067326354601000005	0.0075036075036099999	2	0.01
han_introgressed_neutral_g645_gate_r069	Han	neutral	0	2026086559	29	mean_p_tmrca_lt	local_100kb	10000	0.146587831237	0.0075036075036099999	2	0.01
han_introgressed_neutral_g645_gate_r069	Han	neutral	0	2026086559	29	mean_p_tmrca_lt	local_100kb	20000	0.26967197963299999	0.0075036075036099999	2	0.01
han_introgressed_neutral_g645_gate_r069	Han	neutral	0	2026086559	29	mean_p_tmrca_lt	local_100kb	30000	0.36608987887099997	0.0075036075036099999	2	0.01
han_introgressed_neutral_g645_gate_r069	Han	neutral	0	2026086559	29	mean_p_tmrca_lt	local_100kb	40000	0.44149791221000001	0.0075036075036099999	2	0.01
han_introgressed_neutral_g645_gate_r069	Han	neutral	0	2026086559	29	mean_p_tmrca_lt	local_100kb	50000	0.50129237252900005	0.0075036075036099999	2	0.01
han_introgressed_neutral_g645_gate_r069	Han	neutral	0	2026086559	29	paper_frac_posterior_mean_below	focal	1000	0.00080808080809999998	0.0075036075036099999	2	0.01
han_introgressed_neutral_g645_gate_r069	Han	neutral	0	2026086559	29	paper_frac_posterior_mean_below	focal	4500	0.0048484848480000002	0.0075036075036099999	2	0.01
han_introgressed_neutral_g645_gate_r069	Han	neutral	0	2026086559	29	paper_frac_posterior_mean_below	focal	10000	0.01696969697	0.0075036075036099999	2	0.01
han_introgressed_neutral_g645_gate_r069	Han	neutral	0	2026086559	29	paper_frac_posterior_mean_below	focal	20000	0.090303030300000003	0.0075036075036099999	2	0.01
han_introgressed_neutral_g645_gate_r069	Han	neutral	0	2026086559	29	paper_frac_posterior_mean_below	focal	30000	0.1846464646	0.0075036075036099999	2	0.01
han_introgressed_neutral_g645_gate_r069	Han	neutral	0	2026086559	29	paper_frac_posterior_mean_below	focal	40000	0.23898989900000001	0.0075036075036099999	2	0.01
han_introgressed_neutral_g645_gate_r069	Han	neutral	0	2026086559	29	paper_frac_posterior_mean_below	focal	50000	0.29373737370000003	0.0075036075036099999	2	0.01
han_introgressed_neutral_g645_gate_r069	Han	neutral	0	2026086559	29	paper_frac_posterior_mean_below	local_100kb	1000	0.00080808080809999998	0.0075036075036099999	2	0.01
han_introgressed_neutral_g645_gate_r069	Han	neutral	0	2026086559	29	paper_frac_posterior_mean_below	local_100kb	4500	0.0049735449736199996	0.0075036075036099999	2	0.01
han_introgressed_neutral_g645_gate_r069	Han	neutral	0	2026086559	29	paper_frac_posterior_mean_below	local_100kb	10000	0.019307359307600001	0.0075036075036099999	2	0.01
han_introgressed_neutral_g645_gate_r069	Han	neutral	0	2026086559	29	paper_frac_posterior_mean_below	local_100kb	20000	0.124550264561	0.0075036075036099999	2	0.01
han_introgressed_neutral_g645_gate_r069	Han	neutral	0	2026086559	29	paper_frac_posterior_mean_below	local_100kb	30000	0.25210197210000002	0.0075036075036099999	2	0.01
han_introgressed_neutral_g645_gate_r069	Han	neutral	0	2026086559	29	paper_frac_posterior_mean_below	local_100kb	40000	0.35732563733299999	0.0075036075036099999	2	0.01
han_introgressed_neutral_g645_gate_r069	Han	neutral	0	2026086559	29	paper_frac_posterior_mean_below	local_100kb	50000	0.435738335724	0.0075036075036099999	2	0.01
han_introgressed_neutral_g645_gate_r070	Han	neutral	0	2026086644	29	mean_p_tmrca_lt	focal	1000	0.01328110517	0.0016480595427999999	1	0.0050000000000000001
han_introgressed_neutral_g645_gate_r070	Han	neutral	0	2026086644	29	mean_p_tmrca_lt	focal	4500	0.064880228679999999	0.0016480595427999999	1	0.0050000000000000001
han_introgressed_neutral_g645_gate_r070	Han	neutral	0	2026086644	29	mean_p_tmrca_lt	focal	10000	0.14520087400000001	0.0016480595427999999	1	0.0050000000000000001
han_introgressed_neutral_g645_gate_r070	Han	neutral	0	2026086644	29	mean_p_tmrca_lt	focal	20000	0.27290465400000002	0.0016480595427999999	1	0.0050000000000000001
han_introgressed_neutral_g645_gate_r070	Han	neutral	0	2026086644	29	mean_p_tmrca_lt	focal	30000	0.37479095019999997	0.0016480595427999999	1	0.0050000000000000001
han_introgressed_neutral_g645_gate_r070	Han	neutral	0	2026086644	29	mean_p_tmrca_lt	focal	40000	0.45536625679999998	0.0016480595427999999	1	0.0050000000000000001
han_introgressed_neutral_g645_gate_r070	Han	neutral	0	2026086644	29	mean_p_tmrca_lt	focal	50000	0.51969443449999997	0.0016480595427999999	1	0.0050000000000000001
han_introgressed_neutral_g645_gate_r070	Han	neutral	0	2026086644	29	mean_p_tmrca_lt	local_100kb	1000	0.0126888271818	0.0016480595427999999	1	0.0050000000000000001
han_introgressed_neutral_g645_gate_r070	Han	neutral	0	2026086644	29	mean_p_tmrca_lt	local_100kb	4500	0.059963915896699999	0.0016480595427999999	1	0.0050000000000000001
han_introgressed_neutral_g645_gate_r070	Han	neutral	0	2026086644	29	mean_p_tmrca_lt	local_100kb	10000	0.13051219562899999	0.0016480595427999999	1	0.0050000000000000001
han_introgressed_neutral_g645_gate_r070	Han	neutral	0	2026086644	29	mean_p_tmrca_lt	local_100kb	20000	0.238666669981	0.0016480595427999999	1	0.0050000000000000001
han_introgressed_neutral_g645_gate_r070	Han	neutral	0	2026086644	29	mean_p_tmrca_lt	local_100kb	30000	0.32378848295700002	0.0016480595427999999	1	0.0050000000000000001
han_introgressed_neutral_g645_gate_r070	Han	neutral	0	2026086644	29	mean_p_tmrca_lt	local_100kb	40000	0.39157703870499999	0.0016480595427999999	1	0.0050000000000000001
han_introgressed_neutral_g645_gate_r070	Han	neutral	0	2026086644	29	mean_p_tmrca_lt	local_100kb	50000	0.446624465867	0.0016480595427999999	1	0.0050000000000000001
han_introgressed_neutral_g645_gate_r070	Han	neutral	0	2026086644	29	paper_frac_posterior_mean_below	focal	1000	0.000404040404	0.0016480595427999999	1	0.0050000000000000001
han_introgressed_neutral_g645_gate_r070	Han	neutral	0	2026086644	29	paper_frac_posterior_mean_below	focal	4500	0.0024242424240000001	0.0016480595427999999	1	0.0050000000000000001
han_introgressed_neutral_g645_gate_r070	Han	neutral	0	2026086644	29	paper_frac_posterior_mean_below	focal	10000	0.01878787879	0.0016480595427999999	1	0.0050000000000000001
han_introgressed_neutral_g645_gate_r070	Han	neutral	0	2026086644	29	paper_frac_posterior_mean_below	focal	20000	0.102020202	0.0016480595427999999	1	0.0050000000000000001
han_introgressed_neutral_g645_gate_r070	Han	neutral	0	2026086644	29	paper_frac_posterior_mean_below	focal	30000	0.2325252525	0.0016480595427999999	1	0.0050000000000000001
han_introgressed_neutral_g645_gate_r070	Han	neutral	0	2026086644	29	paper_frac_posterior_mean_below	focal	40000	0.33595959600000003	0.0016480595427999999	1	0.0050000000000000001
han_introgressed_neutral_g645_gate_r070	Han	neutral	0	2026086644	29	paper_frac_posterior_mean_below	focal	50000	0.41595959599999999	0.0016480595427999999	1	0.0050000000000000001
han_introgressed_neutral_g645_gate_r070	Han	neutral	0	2026086644	29	paper_frac_posterior_mean_below	local_100kb	1000	0.00049062049061400004	0.0016480595427999999	1	0.0050000000000000001
han_introgressed_neutral_g645_gate_r070	Han	neutral	0	2026086644	29	paper_frac_posterior_mean_below	local_100kb	4500	0.0024146224143799999	0.0016480595427999999	1	0.0050000000000000001
han_introgressed_neutral_g645_gate_r070	Han	neutral	0	2026086644	29	paper_frac_posterior_mean_below	local_100kb	10000	0.019066859067100001	0.0016480595427999999	1	0.0050000000000000001
han_introgressed_neutral_g645_gate_r070	Han	neutral	0	2026086644	29	paper_frac_posterior_mean_below	local_100kb	20000	0.10996632996	0.0016480595427999999	1	0.0050000000000000001
han_introgressed_neutral_g645_gate_r070	Han	neutral	0	2026086644	29	paper_frac_posterior_mean_below	local_100kb	30000	0.22402116402399999	0.0016480595427999999	1	0.0050000000000000001
han_introgressed_neutral_g645_gate_r070	Han	neutral	0	2026086644	29	paper_frac_posterior_mean_below	local_100kb	40000	0.31102453102900002	0.0016480595427999999	1	0.0050000000000000001
han_introgressed_neutral_g645_gate_r070	Han	neutral	0	2026086644	29	paper_frac_posterior_mean_below	local_100kb	50000	0.36829244829000002	0.0016480595427999999	1	0.0050000000000000001
han_introgressed_neutral_g645_gate_r071	Han	neutral	0	2026086696	29	mean_p_tmrca_lt	focal	1000	0.016670540139999999	0.014202172096899999	1	0.0050000000000000001
han_introgressed_neutral_g645_gate_r071	Han	neutral	0	2026086696	29	mean_p_tmrca_lt	focal	4500	0.075027220229999997	0.014202172096899999	1	0.0050000000000000001
han_introgressed_neutral_g645_gate_r071	Han	neutral	0	2026086696	29	mean_p_tmrca_lt	focal	10000	0.15428127010000001	0.014202172096899999	1	0.0050000000000000001
han_introgressed_neutral_g645_gate_r071	Han	neutral	0	2026086696	29	mean_p_tmrca_lt	focal	20000	0.2626554223	0.014202172096899999	1	0.0050000000000000001
han_introgressed_neutral_g645_gate_r071	Han	neutral	0	2026086696	29	mean_p_tmrca_lt	focal	30000	0.33890026829999997	0.014202172096899999	1	0.0050000000000000001
han_introgressed_neutral_g645_gate_r071	Han	neutral	0	2026086696	29	mean_p_tmrca_lt	focal	40000	0.39459886719999998	0.014202172096899999	1	0.0050000000000000001
han_introgressed_neutral_g645_gate_r071	Han	neutral	0	2026086696	29	mean_p_tmrca_lt	focal	50000	0.4368599058	0.014202172096899999	1	0.0050000000000000001
han_introgressed_neutral_g645_gate_r071	Han	neutral	0	2026086696	29	mean_p_tmrca_lt	local_100kb	1000	0.0146707059721	0.014202172096899999	1	0.0050000000000000001
han_introgressed_neutral_g645_gate_r071	Han	neutral	0	2026086696	29	mean_p_tmrca_lt	local_100kb	4500	0.068617768780499994	0.014202172096899999	1	0.0050000000000000001
han_introgressed_neutral_g645_gate_r071	Han	neutral	0	2026086696	29	mean_p_tmrca_lt	local_100kb	10000	0.146657443576	0.014202172096899999	1	0.0050000000000000001
han_introgressed_neutral_g645_gate_r071	Han	neutral	0	2026086696	29	mean_p_tmrca_lt	local_100kb	20000	0.262899272214	0.014202172096899999	1	0.0050000000000000001
han_introgressed_neutral_g645_gate_r071	Han	neutral	0	2026086696	29	mean_p_tmrca_lt	local_100kb	30000	0.35278795369999999	0.014202172096899999	1	0.0050000000000000001
han_introgressed_neutral_g645_gate_r071	Han	neutral	0	2026086696	29	mean_p_tmrca_lt	local_100kb	40000	0.42369706102400001	0.014202172096899999	1	0.0050000000000000001
han_introgressed_neutral_g645_gate_r071	Han	neutral	0	2026086696	29	mean_p_tmrca_lt	local_100kb	50000	0.48080811984299998	0.014202172096899999	1	0.0050000000000000001
han_introgressed_neutral_g645_gate_r071	Han	neutral	0	2026086696	29	paper_frac_posterior_mean_below	focal	1000	0.000404040404	0.014202172096899999	1	0.0050000000000000001
han_introgressed_neutral_g645_gate_r071	Han	neutral	0	2026086696	29	paper_frac_posterior_mean_below	focal	4500	0.0036363636360000002	0.014202172096899999	1	0.0050000000000000001
han_introgressed_neutral_g645_gate_r071	Han	neutral	0	2026086696	29	paper_frac_posterior_mean_below	focal	10000	0.028888888889999999	0.014202172096899999	1	0.0050000000000000001
han_introgressed_neutral_g645_gate_r071	Han	neutral	0	2026086696	29	paper_frac_posterior_mean_below	focal	20000	0.1644444444	0.014202172096899999	1	0.0050000000000000001
han_introgressed_neutral_g645_gate_r071	Han	neutral	0	2026086696	29	paper_frac_posterior_mean_below	focal	30000	0.29070707070000001	0.014202172096899999	1	0.0050000000000000001
han_introgressed_neutral_g645_gate_r071	Han	neutral	0	2026086696	29	paper_frac_posterior_mean_below	focal	40000	0.3686868687	0.014202172096899999	1	0.0050000000000000001
han_introgressed_neutral_g645_gate_r071	Han	neutral	0	2026086696	29	paper_frac_posterior_mean_below	focal	50000	0.42363636360000001	0.014202172096899999	1	0.0050000000000000001
han_introgressed_neutral_g645_gate_r071	Han	neutral	0	2026086696	29	paper_frac_posterior_mean_below	local_100kb	1000	0.000404040404	0.014202172096899999	1	0.0050000000000000001
han_introgressed_neutral_g645_gate_r071	Han	neutral	0	2026086696	29	paper_frac_posterior_mean_below	local_100kb	4500	0.0040115440112899999	0.014202172096899999	1	0.0050000000000000001
han_introgressed_neutral_g645_gate_r071	Han	neutral	0	2026086696	29	paper_frac_posterior_mean_below	local_100kb	10000	0.027349687350500002	0.014202172096899999	1	0.0050000000000000001
han_introgressed_neutral_g645_gate_r071	Han	neutral	0	2026086696	29	paper_frac_posterior_mean_below	local_100kb	20000	0.123318903311	0.014202172096899999	1	0.0050000000000000001
han_introgressed_neutral_g645_gate_r071	Han	neutral	0	2026086696	29	paper_frac_posterior_mean_below	local_100kb	30000	0.236209716205	0.014202172096899999	1	0.0050000000000000001
han_introgressed_neutral_g645_gate_r071	Han	neutral	0	2026086696	29	paper_frac_posterior_mean_below	local_100kb	40000	0.341664261671	0.014202172096899999	1	0.0050000000000000001
han_introgressed_neutral_g645_gate_r071	Han	neutral	0	2026086696	29	paper_frac_posterior_mean_below	local_100kb	50000	0.41344877343800002	0.014202172096899999	1	0.0050000000000000001
han_introgressed_neutral_g645_gate_r072	Han	neutral	0	2026086716	29	mean_p_tmrca_lt	focal	1000	0.0096550239879999999	0.023308270676700001	5	0.025000000000000001
han_introgressed_neutral_g645_gate_r072	Han	neutral	0	2026086716	29	mean_p_tmrca_lt	focal	4500	0.04325522163	0.023308270676700001	5	0.025000000000000001
han_introgressed_neutral_g645_gate_r072	Han	neutral	0	2026086716	29	mean_p_tmrca_lt	focal	10000	0.091888964419999997	0.023308270676700001	5	0.025000000000000001
han_introgressed_neutral_g645_gate_r072	Han	neutral	0	2026086716	29	mean_p_tmrca_lt	focal	20000	0.16762434300000001	0.023308270676700001	5	0.025000000000000001
han_introgressed_neutral_g645_gate_r072	Han	neutral	0	2026086716	29	mean_p_tmrca_lt	focal	30000	0.23123297100000001	0.023308270676700001	5	0.025000000000000001
han_introgressed_neutral_g645_gate_r072	Han	neutral	0	2026086716	29	mean_p_tmrca_lt	focal	40000	0.28614006600000003	0.023308270676700001	5	0.025000000000000001
han_introgressed_neutral_g645_gate_r072	Han	neutral	0	2026086716	29	mean_p_tmrca_lt	focal	50000	0.33441750100000001	0.023308270676700001	5	0.025000000000000001
han_introgressed_neutral_g645_gate_r072	Han	neutral	0	2026086716	29	mean_p_tmrca_lt	local_100kb	1000	0.011148737258	0.023308270676700001	5	0.025000000000000001
han_introgressed_neutral_g645_gate_r072	Han	neutral	0	2026086716	29	mean_p_tmrca_lt	local_100kb	4500	0.050712521225699997	0.023308270676700001	5	0.025000000000000001
han_introgressed_neutral_g645_gate_r072	Han	neutral	0	2026086716	29	mean_p_tmrca_lt	local_100kb	10000	0.10699069043499999	0.023308270676700001	5	0.025000000000000001
han_introgressed_neutral_g645_gate_r072	Han	neutral	0	2026086716	29	mean_p_tmrca_lt	local_100kb	20000	0.189840718538	0.023308270676700001	5	0.025000000000000001
han_introgressed_neutral_g645_gate_r072	Han	neutral	0	2026086716	29	mean_p_tmrca_lt	local_100kb	30000	0.25383766052899998	0.023308270676700001	5	0.025000000000000001
han_introgressed_neutral_g645_gate_r072	Han	neutral	0	2026086716	29	mean_p_tmrca_lt	local_100kb	40000	0.30491588041000001	0.023308270676700001	5	0.025000000000000001
han_introgressed_neutral_g645_gate_r072	Han	neutral	0	2026086716	29	mean_p_tmrca_lt	local_100kb	50000	0.34698072438599997	0.023308270676700001	5	0.025000000000000001
han_introgressed_neutral_g645_gate_r072	Han	neutral	0	2026086716	29	paper_frac_posterior_mean_below	focal	1000	0.000202020202	0.023308270676700001	5	0.025000000000000001
han_introgressed_neutral_g645_gate_r072	Han	neutral	0	2026086716	29	paper_frac_posterior_mean_below	focal	4500	0.0022222222219999998	0.023308270676700001	5	0.025000000000000001
han_introgressed_neutral_g645_gate_r072	Han	neutral	0	2026086716	29	paper_frac_posterior_mean_below	focal	10000	0.01616161616	0.023308270676700001	5	0.025000000000000001
han_introgressed_neutral_g645_gate_r072	Han	neutral	0	2026086716	29	paper_frac_posterior_mean_below	focal	20000	0.058989898989999998	0.023308270676700001	5	0.025000000000000001
han_introgressed_neutral_g645_gate_r072	Han	neutral	0	2026086716	29	paper_frac_posterior_mean_below	focal	30000	0.1018181818	0.023308270676700001	5	0.025000000000000001
han_introgressed_neutral_g645_gate_r072	Han	neutral	0	2026086716	29	paper_frac_posterior_mean_below	focal	40000	0.14565656569999999	0.023308270676700001	5	0.025000000000000001
han_introgressed_neutral_g645_gate_r072	Han	neutral	0	2026086716	29	paper_frac_posterior_mean_below	focal	50000	0.1842424242	0.023308270676700001	5	0.025000000000000001
han_introgressed_neutral_g645_gate_r072	Han	neutral	0	2026086716	29	paper_frac_posterior_mean_below	local_100kb	1000	0.000202020202	0.023308270676700001	5	0.025000000000000001
han_introgressed_neutral_g645_gate_r072	Han	neutral	0	2026086716	29	paper_frac_posterior_mean_below	local_100kb	4500	0.0024627224624800001	0.023308270676700001	5	0.025000000000000001
han_introgressed_neutral_g645_gate_r072	Han	neutral	0	2026086716	29	paper_frac_posterior_mean_below	local_100kb	10000	0.018075998076200001	0.023308270676700001	5	0.025000000000000001
han_introgressed_neutral_g645_gate_r072	Han	neutral	0	2026086716	29	paper_frac_posterior_mean_below	local_100kb	20000	0.092284752279000001	0.023308270676700001	5	0.025000000000000001
han_introgressed_neutral_g645_gate_r072	Han	neutral	0	2026086716	29	paper_frac_posterior_mean_below	local_100kb	30000	0.168667628657	0.023308270676700001	5	0.025000000000000001
han_introgressed_neutral_g645_gate_r072	Han	neutral	0	2026086716	29	paper_frac_posterior_mean_below	local_100kb	40000	0.22799422799999999	0.023308270676700001	5	0.025000000000000001
han_introgressed_neutral_g645_gate_r072	Han	neutral	0	2026086716	29	paper_frac_posterior_mean_below	local_100kb	50000	0.27107263107599999	0.023308270676700001	5	0.025000000000000001
han_introgressed_neutral_g645_gate_r073	Han	neutral	0	2026086727	29	mean_p_tmrca_lt	focal	1000	0.01125885544	0.00065314802156900005	0	0
han_introgressed_neutral_g645_gate_r073	Han	neutral	0	2026086727	29	mean_p_tmrca_lt	focal	4500	0.048883699119999999	0.00065314802156900005	0	0
han_introgressed_neutral_g645_gate_r073	Han	neutral	0	2026086727	29	mean_p_tmrca_lt	focal	10000	0.1012439976	0.00065314802156900005	0	0
han_introgressed_neutral_g645_gate_r073	Han	neutral	0	2026086727	29	mean_p_tmrca_lt	focal	20000	0.1786101672	0.00065314802156900005	0	0
han_introgressed_neutral_g645_gate_r073	Han	neutral	0	2026086727	29	mean_p_tmrca_lt	focal	30000	0.2398381618	0.00065314802156900005	0	0
han_introgressed_neutral_g645_gate_r073	Han	neutral	0	2026086727	29	mean_p_tmrca_lt	focal	40000	0.29037264670000001	0.00065314802156900005	0	0
han_introgressed_neutral_g645_gate_r073	Han	neutral	0	2026086727	29	mean_p_tmrca_lt	focal	50000	0.33356231790000002	0.00065314802156900005	0	0
han_introgressed_neutral_g645_gate_r073	Han	neutral	0	2026086727	29	mean_p_tmrca_lt	local_100kb	1000	0.0110874278378	0.00065314802156900005	0	0
han_introgressed_neutral_g645_gate_r073	Han	neutral	0	2026086727	29	mean_p_tmrca_lt	local_100kb	4500	0.049967089733799999	0.00065314802156900005	0	0
han_introgressed_neutral_g645_gate_r073	Han	neutral	0	2026086727	29	mean_p_tmrca_lt	local_100kb	10000	0.107407375003	0.00065314802156900005	0	0
han_introgressed_neutral_g645_gate_r073	Han	neutral	0	2026086727	29	mean_p_tmrca_lt	local_100kb	20000	0.19701500502399999	0.00065314802156900005	0	0
han_introgressed_neutral_g645_gate_r073	Han	neutral	0	2026086727	29	mean_p_tmrca_lt	local_100kb	30000	0.27007046351399999	0.00065314802156900005	0	0
han_introgressed_neutral_g645_gate_r073	Han	neutral	0	2026086727	29	mean_p_tmrca_lt	local_100kb	40000	0.330634856014	0.00065314802156900005	0	0
han_introgressed_neutral_g645_gate_r073	Han	neutral	0	2026086727	29	mean_p_tmrca_lt	local_100kb	50000	0.381888542848	0.00065314802156900005	0	0
han_introgressed_neutral_g645_gate_r073	Han	neutral	0	2026086727	29	paper_frac_posterior_mean_below	focal	1000	0.000404040404	0.00065314802156900005	0	0
han_introgressed_neutral_g645_gate_r073	Han	neutral	0	2026086727	29	paper_frac_posterior_mean_below	focal	4500	0.003838383838	0.00065314802156900005	0	0
han_introgressed_neutral_g645_gate_r073	Han	neutral	0	2026086727	29	paper_frac_posterior_mean_below	focal	10000	0.013131313130000001	0.00065314802156900005	0	0
han_introgressed_neutral_g645_gate_r073	Han	neutral	0	2026086727	29	paper_frac_posterior_mean_below	focal	20000	0.091313131310000004	0.00065314802156900005	0	0
han_introgressed_neutral_g645_gate_r073	Han	neutral	0	2026086727	29	paper_frac_posterior_mean_below	focal	30000	0.17111111109999999	0.00065314802156900005	0	0
han_introgressed_neutral_g645_gate_r073	Han	neutral	0	2026086727	29	paper_frac_posterior_mean_below	focal	40000	0.22585858589999999	0.00065314802156900005	0	0
han_introgressed_neutral_g645_gate_r073	Han	neutral	0	2026086727	29	paper_frac_posterior_mean_below	focal	50000	0.25474747469999998	0.00065314802156900005	0	0
han_introgressed_neutral_g645_gate_r073	Han	neutral	0	2026086727	29	paper_frac_posterior_mean_below	local_100kb	1000	0.000404040404	0.00065314802156900005	0	0
han_introgressed_neutral_g645_gate_r073	Han	neutral	0	2026086727	29	paper_frac_posterior_mean_below	local_100kb	4500	0.00379990379952	0.00065314802156900005	0	0
han_introgressed_neutral_g645_gate_r073	Han	neutral	0	2026086727	29	paper_frac_posterior_mean_below	local_100kb	10000	0.013593073593799999	0.00065314802156900005	0	0
han_introgressed_neutral_g645_gate_r073	Han	neutral	0	2026086727	29	paper_frac_posterior_mean_below	local_100kb	20000	0.084771524770499998	0.00065314802156900005	0	0
han_introgressed_neutral_g645_gate_r073	Han	neutral	0	2026086727	29	paper_frac_posterior_mean_below	local_100kb	30000	0.15793169793299999	0.00065314802156900005	0	0
han_introgressed_neutral_g645_gate_r073	Han	neutral	0	2026086727	29	paper_frac_posterior_mean_below	local_100kb	40000	0.21495911495700001	0.00065314802156900005	0	0
han_introgressed_neutral_g645_gate_r073	Han	neutral	0	2026086727	29	paper_frac_posterior_mean_below	local_100kb	50000	0.26364598365699998	0.00065314802156900005	0	0
han_introgressed_neutral_g645_gate_r074	Han	neutral	0	2026086806	29	mean_p_tmrca_lt	focal	1000	0.0091517567079999994	0.045606440343299998	6	0.029999999999999999
han_introgressed_neutral_g645_gate_r074	Han	neutral	0	2026086806	29	mean_p_tmrca_lt	focal	4500	0.045021508109999997	0.045606440343299998	6	0.029999999999999999
han_introgressed_neutral_g645_gate_r074	Han	neutral	0	2026086806	29	mean_p_tmrca_lt	focal	10000	0.1016234791	0.045606440343299998	6	0.029999999999999999
han_introgressed_neutral_g645_gate_r074	Han	neutral	0	2026086806	29	mean_p_tmrca_lt	focal	20000	0.19511867250000001	0.045606440343299998	6	0.029999999999999999
han_introgressed_neutral_g645_gate_r074	Han	neutral	0	2026086806	29	mean_p_tmrca_lt	focal	30000	0.27563317949999999	0.045606440343299998	6	0.029999999999999999
han_introgressed_neutral_g645_gate_r074	Han	neutral	0	2026086806	29	mean_p_tmrca_lt	focal	40000	0.3448827814	0.045606440343299998	6	0.029999999999999999
han_introgressed_neutral_g645_gate_r074	Han	neutral	0	2026086806	29	mean_p_tmrca_lt	focal	50000	0.40455555809999999	0.045606440343299998	6	0.029999999999999999
han_introgressed_neutral_g645_gate_r074	Han	neutral	0	2026086806	29	mean_p_tmrca_lt	local_100kb	1000	0.0099336855913799999	0.045606440343299998	6	0.029999999999999999
han_introgressed_neutral_g645_gate_r074	Han	neutral	0	2026086806	29	mean_p_tmrca_lt	local_100kb	4500	0.048372423889499999	0.045606440343299998	6	0.029999999999999999
han_introgressed_neutral_g645_gate_r074	Han	neutral	0	2026086806	29	mean_p_tmrca_lt	local_100kb	10000	0.107962685781	0.045606440343299998	6	0.029999999999999999
han_introgressed_neutral_g645_gate_r074	Han	neutral	0	2026086806	29	mean_p_tmrca_lt	local_100kb	20000	0.20324799273300001	0.045606440343299998	6	0.029999999999999999
han_introgressed_neutral_g645_gate_r074	Han	neutral	0	2026086806	29	mean_p_tmrca_lt	local_100kb	30000	0.28156831101399998	0.045606440343299998	6	0.029999999999999999
han_introgressed_neutral_g645_gate_r074	Han	neutral	0	2026086806	29	mean_p_tmrca_lt	local_100kb	40000	0.34609116923799998	0.045606440343299998	6	0.029999999999999999
han_introgressed_neutral_g645_gate_r074	Han	neutral	0	2026086806	29	mean_p_tmrca_lt	local_100kb	50000	0.39982980856200001	0.045606440343299998	6	0.029999999999999999
han_introgressed_neutral_g645_gate_r074	Han	neutral	0	2026086806	29	paper_frac_posterior_mean_below	focal	1000	0.000202020202	0.045606440343299998	6	0.029999999999999999
han_introgressed_neutral_g645_gate_r074	Han	neutral	0	2026086806	29	paper_frac_posterior_mean_below	focal	4500	0.0006060606061	0.045606440343299998	6	0.029999999999999999
han_introgressed_neutral_g645_gate_r074	Han	neutral	0	2026086806	29	paper_frac_posterior_mean_below	focal	10000	0.01353535354	0.045606440343299998	6	0.029999999999999999
han_introgressed_neutral_g645_gate_r074	Han	neutral	0	2026086806	29	paper_frac_posterior_mean_below	focal	20000	0.083030303030000002	0.045606440343299998	6	0.029999999999999999
han_introgressed_neutral_g645_gate_r074	Han	neutral	0	2026086806	29	paper_frac_posterior_mean_below	focal	30000	0.16707070709999999	0.045606440343299998	6	0.029999999999999999
han_introgressed_neutral_g645_gate_r074	Han	neutral	0	2026086806	29	paper_frac_posterior_mean_below	focal	40000	0.2276767677	0.045606440343299998	6	0.029999999999999999
han_introgressed_neutral_g645_gate_r074	Han	neutral	0	2026086806	29	paper_frac_posterior_mean_below	focal	50000	0.30080808079999999	0.045606440343299998	6	0.029999999999999999
han_introgressed_neutral_g645_gate_r074	Han	neutral	0	2026086806	29	paper_frac_posterior_mean_below	local_100kb	1000	0.000202020202	0.045606440343299998	6	0.029999999999999999
han_introgressed_neutral_g645_gate_r074	Han	neutral	0	2026086806	29	paper_frac_posterior_mean_below	local_100kb	4500	0.000750360750357	0.045606440343299998	6	0.029999999999999999
han_introgressed_neutral_g645_gate_r074	Han	neutral	0	2026086806	29	paper_frac_posterior_mean_below	local_100kb	10000	0.012352092353300001	0.045606440343299998	6	0.029999999999999999
han_introgressed_neutral_g645_gate_r074	Han	neutral	0	2026086806	29	paper_frac_posterior_mean_below	local_100kb	20000	0.070331890329999994	0.045606440343299998	6	0.029999999999999999
han_introgressed_neutral_g645_gate_r074	Han	neutral	0	2026086806	29	paper_frac_posterior_mean_below	local_100kb	30000	0.16191438190599999	0.045606440343299998	6	0.029999999999999999
han_introgressed_neutral_g645_gate_r074	Han	neutral	0	2026086806	29	paper_frac_posterior_mean_below	local_100kb	40000	0.23982683983	0.045606440343299998	6	0.029999999999999999
han_introgressed_neutral_g645_gate_r074	Han	neutral	0	2026086806	29	paper_frac_posterior_mean_below	local_100kb	50000	0.30872534871399998	0.045606440343299998	6	0.029999999999999999
han_introgressed_neutral_g645_gate_r075	Han	neutral	0	2026086831	29	mean_p_tmrca_lt	focal	1000	0.0122038892	0.0024682919419800001	2	0.01
han_introgressed_neutral_g645_gate_r075	Han	neutral	0	2026086831	29	mean_p_tmrca_lt	focal	4500	0.05681809728	0.0024682919419800001	2	0.01
han_introgressed_neutral_g645_gate_r075	Han	neutral	0	2026086831	29	mean_p_tmrca_lt	focal	10000	0.120939334	0.0024682919419800001	2	0.01
han_introgressed_neutral_g645_gate_r075	Han	neutral	0	2026086831	29	mean_p_tmrca_lt	focal	20000	0.21349928879999999	0.0024682919419800001	2	0.01
han_introgressed_neutral_g645_gate_r075	Han	neutral	0	2026086831	29	mean_p_tmrca_lt	focal	30000	0.28252584149999999	0.0024682919419800001	2	0.01
han_introgressed_neutral_g645_gate_r075	Han	neutral	0	2026086831	29	mean_p_tmrca_lt	focal	40000	0.33617953	0.0024682919419800001	2	0.01
han_introgressed_neutral_g645_gate_r075	Han	neutral	0	2026086831	29	mean_p_tmrca_lt	focal	50000	0.37971481010000002	0.0024682919419800001	2	0.01
han_introgressed_neutral_g645_gate_r075	Han	neutral	0	2026086831	29	mean_p_tmrca_lt	local_100kb	1000	0.013585550904800001	0.0024682919419800001	2	0.01
han_introgressed_neutral_g645_gate_r075	Han	neutral	0	2026086831	29	mean_p_tmrca_lt	local_100kb	4500	0.0623613825929	0.0024682919419800001	2	0.01
han_introgressed_neutral_g645_gate_r075	Han	neutral	0	2026086831	29	mean_p_tmrca_lt	local_100kb	10000	0.131936018243	0.0024682919419800001	2	0.01
han_introgressed_neutral_g645_gate_r075	Han	neutral	0	2026086831	29	mean_p_tmrca_lt	local_100kb	20000	0.23230073797600001	0.0024682919419800001	2	0.01
han_introgressed_neutral_g645_gate_r075	Han	neutral	0	2026086831	29	mean_p_tmrca_lt	local_100kb	30000	0.30697233851	0.0024682919419800001	2	0.01
han_introgressed_neutral_g645_gate_r075	Han	neutral	0	2026086831	29	mean_p_tmrca_lt	local_100kb	40000	0.36455282513800003	0.0024682919419800001	2	0.01
han_introgressed_neutral_g645_gate_r075	Han	neutral	0	2026086831	29	mean_p_tmrca_lt	local_100kb	50000	0.41064624868999999	0.0024682919419800001	2	0.01
han_introgressed_neutral_g645_gate_r075	Han	neutral	0	2026086831	29	paper_frac_posterior_mean_below	focal	1000	0.0006060606061	0.0024682919419800001	2	0.01
han_introgressed_neutral_g645_gate_r075	Han	neutral	0	2026086831	29	paper_frac_posterior_mean_below	focal	4500	0.0020202020199999999	0.0024682919419800001	2	0.01
han_introgressed_neutral_g645_gate_r075	Han	neutral	0	2026086831	29	paper_frac_posterior_mean_below	focal	10000	0.033333333329999999	0.0024682919419800001	2	0.01
han_introgressed_neutral_g645_gate_r075	Han	neutral	0	2026086831	29	paper_frac_posterior_mean_below	focal	20000	0.13878787879999999	0.0024682919419800001	2	0.01
han_introgressed_neutral_g645_gate_r075	Han	neutral	0	2026086831	29	paper_frac_posterior_mean_below	focal	30000	0.2296969697	0.0024682919419800001	2	0.01
han_introgressed_neutral_g645_gate_r075	Han	neutral	0	2026086831	29	paper_frac_posterior_mean_below	focal	40000	0.2795959596	0.0024682919419800001	2	0.01
han_introgressed_neutral_g645_gate_r075	Han	neutral	0	2026086831	29	paper_frac_posterior_mean_below	focal	50000	0.31171717170000002	0.0024682919419800001	2	0.01
han_introgressed_neutral_g645_gate_r075	Han	neutral	0	2026086831	29	paper_frac_posterior_mean_below	local_100kb	1000	0.0006060606061	0.0024682919419800001	2	0.01
han_introgressed_neutral_g645_gate_r075	Han	neutral	0	2026086831	29	paper_frac_posterior_mean_below	local_100kb	4500	0.0021837421835200002	0.0024682919419800001	2	0.01
han_introgressed_neutral_g645_gate_r075	Han	neutral	0	2026086831	29	paper_frac_posterior_mean_below	local_100kb	10000	0.027436267435700001	0.0024682919419800001	2	0.01
han_introgressed_neutral_g645_gate_r075	Han	neutral	0	2026086831	29	paper_frac_posterior_mean_below	local_100kb	20000	0.13134199133800001	0.0024682919419800001	2	0.01
han_introgressed_neutral_g645_gate_r075	Han	neutral	0	2026086831	29	paper_frac_posterior_mean_below	local_100kb	30000	0.22992784990500001	0.0024682919419800001	2	0.01
han_introgressed_neutral_g645_gate_r075	Han	neutral	0	2026086831	29	paper_frac_posterior_mean_below	local_100kb	40000	0.29917267916200002	0.0024682919419800001	2	0.01
han_introgressed_neutral_g645_gate_r075	Han	neutral	0	2026086831	29	paper_frac_posterior_mean_below	local_100kb	50000	0.34405964404799999	0.0024682919419800001	2	0.01
han_introgressed_neutral_g645_gate_r076	Han	neutral	0	2026086844	29	mean_p_tmrca_lt	focal	1000	0.01385754734	0.018394471026	4	0.02
han_introgressed_neutral_g645_gate_r076	Han	neutral	0	2026086844	29	mean_p_tmrca_lt	focal	4500	0.063959999759999997	0.018394471026	4	0.02
han_introgressed_neutral_g645_gate_r076	Han	neutral	0	2026086844	29	mean_p_tmrca_lt	focal	10000	0.13665218809999999	0.018394471026	4	0.02
han_introgressed_neutral_g645_gate_r076	Han	neutral	0	2026086844	29	mean_p_tmrca_lt	focal	20000	0.24469772279999999	0.018394471026	4	0.02
han_introgressed_neutral_g645_gate_r076	Han	neutral	0	2026086844	29	mean_p_tmrca_lt	focal	30000	0.32901242460000002	0.018394471026	4	0.02
han_introgressed_neutral_g645_gate_r076	Han	neutral	0	2026086844	29	mean_p_tmrca_lt	focal	40000	0.39686317869999999	0.018394471026	4	0.02
han_introgressed_neutral_g645_gate_r076	Han	neutral	0	2026086844	29	mean_p_tmrca_lt	focal	50000	0.45274190419999999	0.018394471026	4	0.02
han_introgressed_neutral_g645_gate_r076	Han	neutral	0	2026086844	29	mean_p_tmrca_lt	local_100kb	1000	0.0140411874783	0.018394471026	4	0.02
han_introgressed_neutral_g645_gate_r076	Han	neutral	0	2026086844	29	mean_p_tmrca_lt	local_100kb	4500	0.064550793053800001	0.018394471026	4	0.02
han_introgressed_neutral_g645_gate_r076	Han	neutral	0	2026086844	29	mean_p_tmrca_lt	local_100kb	10000	0.13801170333599999	0.018394471026	4	0.02
han_introgressed_neutral_g645_gate_r076	Han	neutral	0	2026086844	29	mean_p_tmrca_lt	local_100kb	20000	0.24647864971899999	0.018394471026	4	0.02
han_introgressed_neutral_g645_gate_r076	Han	neutral	0	2026086844	29	mean_p_tmrca_lt	local_100kb	30000	0.32786138268999998	0.018394471026	4	0.02
han_introgressed_neutral_g645_gate_r076	Han	neutral	0	2026086844	29	mean_p_tmrca_lt	local_100kb	40000	0.38976961761399997	0.018394471026	4	0.02
han_introgressed_neutral_g645_gate_r076	Han	neutral	0	2026086844	29	mean_p_tmrca_lt	local_100kb	50000	0.43799296100500001	0.018394471026	4	0.02
han_introgressed_neutral_g645_gate_r076	Han	neutral	0	2026086844	29	paper_frac_posterior_mean_below	focal	1000	0.00080808080809999998	0.018394471026	4	0.02
han_introgressed_neutral_g645_gate_r076	Han	neutral	0	2026086844	29	paper_frac_posterior_mean_below	focal	4500	0.0028282828279999998	0.018394471026	4	0.02
han_introgressed_neutral_g645_gate_r076	Han	neutral	0	2026086844	29	paper_frac_posterior_mean_below	focal	10000	0.024646464650000002	0.018394471026	4	0.02
han_introgressed_neutral_g645_gate_r076	Han	neutral	0	2026086844	29	paper_frac_posterior_mean_below	focal	20000	0.12	0.018394471026	4	0.02
han_introgressed_neutral_g645_gate_r076	Han	neutral	0	2026086844	29	paper_frac_posterior_mean_below	focal	30000	0.24666666670000001	0.018394471026	4	0.02
han_introgressed_neutral_g645_gate_r076	Han	neutral	0	2026086844	29	paper_frac_posterior_mean_below	focal	40000	0.33333333329999998	0.018394471026	4	0.02
han_introgressed_neutral_g645_gate_r076	Han	neutral	0	2026086844	29	paper_frac_posterior_mean_below	focal	50000	0.4068686869	0.018394471026	4	0.02
han_introgressed_neutral_g645_gate_r076	Han	neutral	0	2026086844	29	paper_frac_posterior_mean_below	local_100kb	1000	0.00080808080809999998	0.018394471026	4	0.02
han_introgressed_neutral_g645_gate_r076	Han	neutral	0	2026086844	29	paper_frac_posterior_mean_below	local_100kb	4500	0.0040981240980500003	0.018394471026	4	0.02
han_introgressed_neutral_g645_gate_r076	Han	neutral	0	2026086844	29	paper_frac_posterior_mean_below	local_100kb	10000	0.02328042328	0.018394471026	4	0.02
han_introgressed_neutral_g645_gate_r076	Han	neutral	0	2026086844	29	paper_frac_posterior_mean_below	local_100kb	20000	0.12811928811699999	0.018394471026	4	0.02
han_introgressed_neutral_g645_gate_r076	Han	neutral	0	2026086844	29	paper_frac_posterior_mean_below	local_100kb	30000	0.247676767686	0.018394471026	4	0.02
han_introgressed_neutral_g645_gate_r076	Han	neutral	0	2026086844	29	paper_frac_posterior_mean_below	local_100kb	40000	0.33905723905700003	0.018394471026	4	0.02
han_introgressed_neutral_g645_gate_r076	Han	neutral	0	2026086844	29	paper_frac_posterior_mean_below	local_100kb	50000	0.397287157286	0.018394471026	4	0.02
han_introgressed_neutral_g645_gate_r077	Han	neutral	0	2026086934	29	mean_p_tmrca_lt	focal	1000	0.0092117010089999996	0.021250094934299999	3	0.014999999999999999
han_introgressed_neutral_g645_gate_r077	Han	neutral	0	2026086934	29	mean_p_tmrca_lt	focal	4500	0.044724242769999999	0.021250094934299999	3	0.014999999999999999
han_introgressed_neutral_g645_gate_r077	Han	neutral	0	2026086934	29	mean_p_tmrca_lt	focal	10000	0.097947020300000007	0.021250094934299999	3	0.014999999999999999
han_introgressed_neutral_g645_gate_r077	Han	neutral	0	2026086934	29	mean_p_tmrca_lt	focal	20000	0.17931193040000001	0.021250094934299999	3	0.014999999999999999
han_introgressed_neutral_g645_gate_r077	Han	neutral	0	2026086934	29	mean_p_tmrca_lt	focal	30000	0.2439268731	0.021250094934299999	3	0.014999999999999999
han_introgressed_neutral_g645_gate_r077	Han	neutral	0	2026086934	29	mean_p_tmrca_lt	focal	40000	0.29679644459999999	0.021250094934299999	3	0.014999999999999999
han_introgressed_neutral_g645_gate_r077	Han	neutral	0	2026086934	29	mean_p_tmrca_lt	focal	50000	0.3415372445	0.021250094934299999	3	0.014999999999999999
han_introgressed_neutral_g645_gate_r077	Han	neutral	0	2026086934	29	mean_p_tmrca_lt	local_100kb	1000	0.011068466678100001	0.021250094934299999	3	0.014999999999999999
han_introgressed_neutral_g645_gate_r077	Han	neutral	0	2026086934	29	mean_p_tmrca_lt	local_100kb	4500	0.052995431001000001	0.021250094934299999	3	0.014999999999999999
han_introgressed_neutral_g645_gate_r077	Han	neutral	0	2026086934	29	mean_p_tmrca_lt	local_100kb	10000	0.11473987286700001	0.021250094934299999	3	0.014999999999999999
han_introgressed_neutral_g645_gate_r077	Han	neutral	0	2026086934	29	mean_p_tmrca_lt	local_100kb	20000	0.20747872035699999	0.021250094934299999	3	0.014999999999999999
han_introgressed_neutral_g645_gate_r077	Han	neutral	0	2026086934	29	mean_p_tmrca_lt	local_100kb	30000	0.27947834843300001	0.021250094934299999	3	0.014999999999999999
han_introgressed_neutral_g645_gate_r077	Han	neutral	0	2026086934	29	mean_p_tmrca_lt	local_100kb	40000	0.33689087706199999	0.021250094934299999	3	0.014999999999999999
han_introgressed_neutral_g645_gate_r077	Han	neutral	0	2026086934	29	mean_p_tmrca_lt	local_100kb	50000	0.38411294751399999	0.021250094934299999	3	0.014999999999999999
han_introgressed_neutral_g645_gate_r077	Han	neutral	0	2026086934	29	paper_frac_posterior_mean_below	focal	1000	0	0.021250094934299999	3	0.014999999999999999
han_introgressed_neutral_g645_gate_r077	Han	neutral	0	2026086934	29	paper_frac_posterior_mean_below	focal	4500	0.0018181818180000001	0.021250094934299999	3	0.014999999999999999
han_introgressed_neutral_g645_gate_r077	Han	neutral	0	2026086934	29	paper_frac_posterior_mean_below	focal	10000	0.021010101010000001	0.021250094934299999	3	0.014999999999999999
han_introgressed_neutral_g645_gate_r077	Han	neutral	0	2026086934	29	paper_frac_posterior_mean_below	focal	20000	0.099191919190000005	0.021250094934299999	3	0.014999999999999999
han_introgressed_neutral_g645_gate_r077	Han	neutral	0	2026086934	29	paper_frac_posterior_mean_below	focal	30000	0.16828282829999999	0.021250094934299999	3	0.014999999999999999
han_introgressed_neutral_g645_gate_r077	Han	neutral	0	2026086934	29	paper_frac_posterior_mean_below	focal	40000	0.2349494949	0.021250094934299999	3	0.014999999999999999
han_introgressed_neutral_g645_gate_r077	Han	neutral	0	2026086934	29	paper_frac_posterior_mean_below	focal	50000	0.26808080810000001	0.021250094934299999	3	0.014999999999999999
han_introgressed_neutral_g645_gate_r077	Han	neutral	0	2026086934	29	paper_frac_posterior_mean_below	local_100kb	1000	0	0.021250094934299999	3	0.014999999999999999
han_introgressed_neutral_g645_gate_r077	Han	neutral	0	2026086934	29	paper_frac_posterior_mean_below	local_100kb	4500	0.0018759018757100001	0.021250094934299999	3	0.014999999999999999
han_introgressed_neutral_g645_gate_r077	Han	neutral	0	2026086934	29	paper_frac_posterior_mean_below	local_100kb	10000	0.019172679172399999	0.021250094934299999	3	0.014999999999999999
han_introgressed_neutral_g645_gate_r077	Han	neutral	0	2026086934	29	paper_frac_posterior_mean_below	local_100kb	20000	0.10098124097900001	0.021250094934299999	3	0.014999999999999999
han_introgressed_neutral_g645_gate_r077	Han	neutral	0	2026086934	29	paper_frac_posterior_mean_below	local_100kb	30000	0.18826358826199999	0.021250094934299999	3	0.014999999999999999
han_introgressed_neutral_g645_gate_r077	Han	neutral	0	2026086934	29	paper_frac_posterior_mean_below	local_100kb	40000	0.25321789322400001	0.021250094934299999	3	0.014999999999999999
han_introgressed_neutral_g645_gate_r077	Han	neutral	0	2026086934	29	paper_frac_posterior_mean_below	local_100kb	50000	0.29343915343799998	0.021250094934299999	3	0.014999999999999999
han_introgressed_neutral_g645_gate_r078	Han	neutral	0	2026086983	29	mean_p_tmrca_lt	focal	1000	0.011802635440000001	0.00047846889952199998	0	0
han_introgressed_neutral_g645_gate_r078	Han	neutral	0	2026086983	29	mean_p_tmrca_lt	focal	4500	0.060538425799999997	0.00047846889952199998	0	0
han_introgressed_neutral_g645_gate_r078	Han	neutral	0	2026086983	29	mean_p_tmrca_lt	focal	10000	0.13995445240000001	0.00047846889952199998	0	0
han_introgressed_neutral_g645_gate_r078	Han	neutral	0	2026086983	29	mean_p_tmrca_lt	focal	20000	0.27169547770000002	0.00047846889952199998	0	0
han_introgressed_neutral_g645_gate_r078	Han	neutral	0	2026086983	29	mean_p_tmrca_lt	focal	30000	0.38159746630000002	0.00047846889952199998	0	0
han_introgressed_neutral_g645_gate_r078	Han	neutral	0	2026086983	29	mean_p_tmrca_lt	focal	40000	0.4718802741	0.00047846889952199998	0	0
han_introgressed_neutral_g645_gate_r078	Han	neutral	0	2026086983	29	mean_p_tmrca_lt	focal	50000	0.54619495809999996	0.00047846889952199998	0	0
han_introgressed_neutral_g645_gate_r078	Han	neutral	0	2026086983	29	mean_p_tmrca_lt	local_100kb	1000	0.013596684066800001	0.00047846889952199998	0	0
han_introgressed_neutral_g645_gate_r078	Han	neutral	0	2026086983	29	mean_p_tmrca_lt	local_100kb	4500	0.064175613790000002	0.00047846889952199998	0	0
han_introgressed_neutral_g645_gate_r078	Han	neutral	0	2026086983	29	mean_p_tmrca_lt	local_100kb	10000	0.13980561662499999	0.00047846889952199998	0	0
han_introgressed_neutral_g645_gate_r078	Han	neutral	0	2026086983	29	mean_p_tmrca_lt	local_100kb	20000	0.25678809574299999	0.00047846889952199998	0	0
han_introgressed_neutral_g645_gate_r078	Han	neutral	0	2026086983	29	mean_p_tmrca_lt	local_100kb	30000	0.34939206114299998	0.00047846889952199998	0	0
han_introgressed_neutral_g645_gate_r078	Han	neutral	0	2026086983	29	mean_p_tmrca_lt	local_100kb	40000	0.42296059129000002	0.00047846889952199998	0	0
han_introgressed_neutral_g645_gate_r078	Han	neutral	0	2026086983	29	mean_p_tmrca_lt	local_100kb	50000	0.48220628175699998	0.00047846889952199998	0	0
han_introgressed_neutral_g645_gate_r078	Han	neutral	0	2026086983	29	paper_frac_posterior_mean_below	focal	1000	0.000404040404	0.00047846889952199998	0	0
han_introgressed_neutral_g645_gate_r078	Han	neutral	0	2026086983	29	paper_frac_posterior_mean_below	focal	4500	0.002626262626	0.00047846889952199998	0	0
han_introgressed_neutral_g645_gate_r078	Han	neutral	0	2026086983	29	paper_frac_posterior_mean_below	focal	10000	0.01474747475	0.00047846889952199998	0	0
han_introgressed_neutral_g645_gate_r078	Han	neutral	0	2026086983	29	paper_frac_posterior_mean_below	focal	20000	0.094141414140000004	0.00047846889952199998	0	0
han_introgressed_neutral_g645_gate_r078	Han	neutral	0	2026086983	29	paper_frac_posterior_mean_below	focal	30000	0.20929292930000001	0.00047846889952199998	0	0
han_introgressed_neutral_g645_gate_r078	Han	neutral	0	2026086983	29	paper_frac_posterior_mean_below	focal	40000	0.34020202020000001	0.00047846889952199998	0	0
han_introgressed_neutral_g645_gate_r078	Han	neutral	0	2026086983	29	paper_frac_posterior_mean_below	focal	50000	0.44686868689999998	0.00047846889952199998	0	0
han_introgressed_neutral_g645_gate_r078	Han	neutral	0	2026086983	29	paper_frac_posterior_mean_below	local_100kb	1000	0.0003848003848	0.00047846889952199998	0	0
han_introgressed_neutral_g645_gate_r078	Han	neutral	0	2026086983	29	paper_frac_posterior_mean_below	local_100kb	4500	0.00273208273181	0.00047846889952199998	0	0
han_introgressed_neutral_g645_gate_r078	Han	neutral	0	2026086983	29	paper_frac_posterior_mean_below	local_100kb	10000	0.016883116883699999	0.00047846889952199998	0	0
han_introgressed_neutral_g645_gate_r078	Han	neutral	0	2026086983	29	paper_frac_posterior_mean_below	local_100kb	20000	0.10261664261300001	0.00047846889952199998	0	0
han_introgressed_neutral_g645_gate_r078	Han	neutral	0	2026086983	29	paper_frac_posterior_mean_below	local_100kb	30000	0.231524771529	0.00047846889952199998	0	0
han_introgressed_neutral_g645_gate_r078	Han	neutral	0	2026086983	29	paper_frac_posterior_mean_below	local_100kb	40000	0.34773448774299998	0.00047846889952199998	0	0
han_introgressed_neutral_g645_gate_r078	Han	neutral	0	2026086983	29	paper_frac_posterior_mean_below	local_100kb	50000	0.42154882155700002	0.00047846889952199998	0	0
han_introgressed_neutral_g645_gate_r079	Han	neutral	0	2026087068	29	mean_p_tmrca_lt	focal	1000	0.018949267660000001	0.035102908787099998	6	0.029999999999999999
han_introgressed_neutral_g645_gate_r079	Han	neutral	0	2026087068	29	mean_p_tmrca_lt	focal	4500	0.084468351959999993	0.035102908787099998	6	0.029999999999999999
han_introgressed_neutral_g645_gate_r079	Han	neutral	0	2026087068	29	mean_p_tmrca_lt	focal	10000	0.17412692360000001	0.035102908787099998	6	0.029999999999999999
han_introgressed_neutral_g645_gate_r079	Han	neutral	0	2026087068	29	mean_p_tmrca_lt	focal	20000	0.29924728719999999	0.035102908787099998	6	0.029999999999999999
han_introgressed_neutral_g645_gate_r079	Han	neutral	0	2026087068	29	mean_p_tmrca_lt	focal	30000	0.39045078119999999	0.035102908787099998	6	0.029999999999999999
han_introgressed_neutral_g645_gate_r079	Han	neutral	0	2026087068	29	mean_p_tmrca_lt	focal	40000	0.45999744819999999	0.035102908787099998	6	0.029999999999999999
han_introgressed_neutral_g645_gate_r079	Han	neutral	0	2026087068	29	mean_p_tmrca_lt	focal	50000	0.51519274240000001	0.035102908787099998	6	0.029999999999999999
han_introgressed_neutral_g645_gate_r079	Han	neutral	0	2026087068	29	mean_p_tmrca_lt	local_100kb	1000	0.014069614180799999	0.035102908787099998	6	0.029999999999999999
han_introgressed_neutral_g645_gate_r079	Han	neutral	0	2026087068	29	mean_p_tmrca_lt	local_100kb	4500	0.065244807779000005	0.035102908787099998	6	0.029999999999999999
han_introgressed_neutral_g645_gate_r079	Han	neutral	0	2026087068	29	mean_p_tmrca_lt	local_100kb	10000	0.13874919429599999	0.035102908787099998	6	0.029999999999999999
han_introgressed_neutral_g645_gate_r079	Han	neutral	0	2026087068	29	mean_p_tmrca_lt	local_100kb	20000	0.246003989171	0.035102908787099998	6	0.029999999999999999
han_introgressed_neutral_g645_gate_r079	Han	neutral	0	2026087068	29	mean_p_tmrca_lt	local_100kb	30000	0.32707043408100001	0.035102908787099998	6	0.029999999999999999
han_introgressed_neutral_g645_gate_r079	Han	neutral	0	2026087068	29	mean_p_tmrca_lt	local_100kb	40000	0.39035921959499997	0.035102908787099998	6	0.029999999999999999
han_introgressed_neutral_g645_gate_r079	Han	neutral	0	2026087068	29	mean_p_tmrca_lt	local_100kb	50000	0.44143733172900002	0.035102908787099998	6	0.029999999999999999
han_introgressed_neutral_g645_gate_r079	Han	neutral	0	2026087068	29	paper_frac_posterior_mean_below	focal	1000	0.000404040404	0.035102908787099998	6	0.029999999999999999
han_introgressed_neutral_g645_gate_r079	Han	neutral	0	2026087068	29	paper_frac_posterior_mean_below	focal	4500	0.0024242424240000001	0.035102908787099998	6	0.029999999999999999
han_introgressed_neutral_g645_gate_r079	Han	neutral	0	2026087068	29	paper_frac_posterior_mean_below	focal	10000	0.026262626260000001	0.035102908787099998	6	0.029999999999999999
han_introgressed_neutral_g645_gate_r079	Han	neutral	0	2026087068	29	paper_frac_posterior_mean_below	focal	20000	0.17959595959999999	0.035102908787099998	6	0.029999999999999999
han_introgressed_neutral_g645_gate_r079	Han	neutral	0	2026087068	29	paper_frac_posterior_mean_below	focal	30000	0.30323232319999999	0.035102908787099998	6	0.029999999999999999
han_introgressed_neutral_g645_gate_r079	Han	neutral	0	2026087068	29	paper_frac_posterior_mean_below	focal	40000	0.34262626260000001	0.035102908787099998	6	0.029999999999999999
han_introgressed_neutral_g645_gate_r079	Han	neutral	0	2026087068	29	paper_frac_posterior_mean_below	focal	50000	0.37595959600000001	0.035102908787099998	6	0.029999999999999999
han_introgressed_neutral_g645_gate_r079	Han	neutral	0	2026087068	29	paper_frac_posterior_mean_below	local_100kb	1000	0.00046176046174299998	0.035102908787099998	6	0.029999999999999999
han_introgressed_neutral_g645_gate_r079	Han	neutral	0	2026087068	29	paper_frac_posterior_mean_below	local_100kb	4500	0.0023376623374300001	0.035102908787099998	6	0.029999999999999999
han_introgressed_neutral_g645_gate_r079	Han	neutral	0	2026087068	29	paper_frac_posterior_mean_below	local_100kb	10000	0.026214526213300001	0.035102908787099998	6	0.029999999999999999
han_introgressed_neutral_g645_gate_r079	Han	neutral	0	2026087068	29	paper_frac_posterior_mean_below	local_100kb	20000	0.13327561328000001	0.035102908787099998	6	0.029999999999999999
han_introgressed_neutral_g645_gate_r079	Han	neutral	0	2026087068	29	paper_frac_posterior_mean_below	local_100kb	30000	0.23961519962399999	0.035102908787099998	6	0.029999999999999999
han_introgressed_neutral_g645_gate_r079	Han	neutral	0	2026087068	29	paper_frac_posterior_mean_below	local_100kb	40000	0.30321308321899998	0.035102908787099998	6	0.029999999999999999
han_introgressed_neutral_g645_gate_r079	Han	neutral	0	2026087068	29	paper_frac_posterior_mean_below	local_100kb	50000	0.34835978835199999	0.035102908787099998	6	0.029999999999999999
han_introgressed_neutral_g645_gate_r080	Han	neutral	0	2026087121	29	mean_p_tmrca_lt	focal	1000	0.01561715552	0.0039796460849099999	2	0.01
han_introgressed_neutral_g645_gate_r080	Han	neutral	0	2026087121	29	mean_p_tmrca_lt	focal	4500	0.070378201129999998	0.0039796460849099999	2	0.01
han_introgressed_neutral_g645_gate_r080	Han	neutral	0	2026087121	29	mean_p_tmrca_lt	focal	10000	0.1503280183	0.0039796460849099999	2	0.01
han_introgressed_neutral_g645_gate_r080	Han	neutral	0	2026087121	29	mean_p_tmrca_lt	focal	20000	0.27342526709999998	0.0039796460849099999	2	0.01
han_introgressed_neutral_g645_gate_r080	Han	neutral	0	2026087121	29	mean_p_tmrca_lt	focal	30000	0.37222204850000001	0.0039796460849099999	2	0.01
han_introgressed_neutral_g645_gate_r080	Han	neutral	0	2026087121	29	mean_p_tmrca_lt	focal	40000	0.45245981880000002	0.0039796460849099999	2	0.01
han_introgressed_neutral_g645_gate_r080	Han	neutral	0	2026087121	29	mean_p_tmrca_lt	focal	50000	0.51859302090000003	0.0039796460849099999	2	0.01
han_introgressed_neutral_g645_gate_r080	Han	neutral	0	2026087121	29	mean_p_tmrca_lt	local_100kb	1000	0.012147293173199999	0.0039796460849099999	2	0.01
han_introgressed_neutral_g645_gate_r080	Han	neutral	0	2026087121	29	mean_p_tmrca_lt	local_100kb	4500	0.054653304023300001	0.0039796460849099999	2	0.01
han_introgressed_neutral_g645_gate_r080	Han	neutral	0	2026087121	29	mean_p_tmrca_lt	local_100kb	10000	0.115642661455	0.0039796460849099999	2	0.01
han_introgressed_neutral_g645_gate_r080	Han	neutral	0	2026087121	29	mean_p_tmrca_lt	local_100kb	20000	0.20699980196199999	0.0039796460849099999	2	0.01
han_introgressed_neutral_g645_gate_r080	Han	neutral	0	2026087121	29	mean_p_tmrca_lt	local_100kb	30000	0.27893379034299998	0.0039796460849099999	2	0.01
han_introgressed_neutral_g645_gate_r080	Han	neutral	0	2026087121	29	mean_p_tmrca_lt	local_100kb	40000	0.33725058878600001	0.0039796460849099999	2	0.01
han_introgressed_neutral_g645_gate_r080	Han	neutral	0	2026087121	29	mean_p_tmrca_lt	local_100kb	50000	0.38582205148100002	0.0039796460849099999	2	0.01
han_introgressed_neutral_g645_gate_r080	Han	neutral	0	2026087121	29	paper_frac_posterior_mean_below	focal	1000	0.0006060606061	0.0039796460849099999	2	0.01
han_introgressed_neutral_g645_gate_r080	Han	neutral	0	2026087121	29	paper_frac_posterior_mean_below	focal	4500	0.0036363636360000002	0.0039796460849099999	2	0.01
han_introgressed_neutral_g645_gate_r080	Han	neutral	0	2026087121	29	paper_frac_posterior_mean_below	focal	10000	0.020606060610000001	0.0039796460849099999	2	0.01
han_introgressed_neutral_g645_gate_r080	Han	neutral	0	2026087121	29	paper_frac_posterior_mean_below	focal	20000	0.090303030300000003	0.0039796460849099999	2	0.01
han_introgressed_neutral_g645_gate_r080	Han	neutral	0	2026087121	29	paper_frac_posterior_mean_below	focal	30000	0.175959596	0.0039796460849099999	2	0.01
han_introgressed_neutral_g645_gate_r080	Han	neutral	0	2026087121	29	paper_frac_posterior_mean_below	focal	40000	0.23717171719999999	0.0039796460849099999	2	0.01
han_introgressed_neutral_g645_gate_r080	Han	neutral	0	2026087121	29	paper_frac_posterior_mean_below	focal	50000	0.29696969699999998	0.0039796460849099999	2	0.01
han_introgressed_neutral_g645_gate_r080	Han	neutral	0	2026087121	29	paper_frac_posterior_mean_below	local_100kb	1000	0.0006060606061	0.0039796460849099999	2	0.01
han_introgressed_neutral_g645_gate_r080	Han	neutral	0	2026087121	29	paper_frac_posterior_mean_below	local_100kb	4500	0.0035690235686700001	0.0039796460849099999	2	0.01
han_introgressed_neutral_g645_gate_r080	Han	neutral	0	2026087121	29	paper_frac_posterior_mean_below	local_100kb	10000	0.0198460798471	0.0039796460849099999	2	0.01
han_introgressed_neutral_g645_gate_r080	Han	neutral	0	2026087121	29	paper_frac_posterior_mean_below	local_100kb	20000	0.096527176520999999	0.0039796460849099999	2	0.01
han_introgressed_neutral_g645_gate_r080	Han	neutral	0	2026087121	29	paper_frac_posterior_mean_below	local_100kb	30000	0.17425685425699999	0.0039796460849099999	2	0.01
han_introgressed_neutral_g645_gate_r080	Han	neutral	0	2026087121	29	paper_frac_posterior_mean_below	local_100kb	40000	0.23513227512900001	0.0039796460849099999	2	0.01
han_introgressed_neutral_g645_gate_r080	Han	neutral	0	2026087121	29	paper_frac_posterior_mean_below	local_100kb	50000	0.28376142376199998	0.0039796460849099999	2	0.01
han_introgressed_neutral_g645_gate_r081	Han	neutral	0	2026087134	29	mean_p_tmrca_lt	focal	1000	0.0094177312959999992	0.023855092276099998	6	0.029999999999999999
han_introgressed_neutral_g645_gate_r081	Han	neutral	0	2026087134	29	mean_p_tmrca_lt	focal	4500	0.043420962959999997	0.023855092276099998	6	0.029999999999999999
han_introgressed_neutral_g645_gate_r081	Han	neutral	0	2026087134	29	mean_p_tmrca_lt	focal	10000	0.091713660340000003	0.023855092276099998	6	0.029999999999999999
han_introgressed_neutral_g645_gate_r081	Han	neutral	0	2026087134	29	mean_p_tmrca_lt	focal	20000	0.16295810099999999	0.023855092276099998	6	0.029999999999999999
han_introgressed_neutral_g645_gate_r081	Han	neutral	0	2026087134	29	mean_p_tmrca_lt	focal	30000	0.21826892949999999	0.023855092276099998	6	0.029999999999999999
han_introgressed_neutral_g645_gate_r081	Han	neutral	0	2026087134	29	mean_p_tmrca_lt	focal	40000	0.26280269049999999	0.023855092276099998	6	0.029999999999999999
han_introgressed_neutral_g645_gate_r081	Han	neutral	0	2026087134	29	mean_p_tmrca_lt	focal	50000	0.300024701	0.023855092276099998	6	0.029999999999999999
han_introgressed_neutral_g645_gate_r081	Han	neutral	0	2026087134	29	mean_p_tmrca_lt	local_100kb	1000	0.0097882377047100004	0.023855092276099998	6	0.029999999999999999
han_introgressed_neutral_g645_gate_r081	Han	neutral	0	2026087134	29	mean_p_tmrca_lt	local_100kb	4500	0.0456406883286	0.023855092276099998	6	0.029999999999999999
han_introgressed_neutral_g645_gate_r081	Han	neutral	0	2026087134	29	mean_p_tmrca_lt	local_100kb	10000	0.097680512545199993	0.023855092276099998	6	0.029999999999999999
han_introgressed_neutral_g645_gate_r081	Han	neutral	0	2026087134	29	mean_p_tmrca_lt	local_100kb	20000	0.17649853858600001	0.023855092276099998	6	0.029999999999999999
han_introgressed_neutral_g645_gate_r081	Han	neutral	0	2026087134	29	mean_p_tmrca_lt	local_100kb	30000	0.23923426818099999	0.023855092276099998	6	0.029999999999999999
han_introgressed_neutral_g645_gate_r081	Han	neutral	0	2026087134	29	mean_p_tmrca_lt	local_100kb	40000	0.29067487715200002	0.023855092276099998	6	0.029999999999999999
han_introgressed_neutral_g645_gate_r081	Han	neutral	0	2026087134	29	mean_p_tmrca_lt	local_100kb	50000	0.33412146366200002	0.023855092276099998	6	0.029999999999999999
han_introgressed_neutral_g645_gate_r081	Han	neutral	0	2026087134	29	paper_frac_posterior_mean_below	focal	1000	0.000202020202	0.023855092276099998	6	0.029999999999999999
han_introgressed_neutral_g645_gate_r081	Han	neutral	0	2026087134	29	paper_frac_posterior_mean_below	focal	4500	0.0014141414139999999	0.023855092276099998	6	0.029999999999999999
han_introgressed_neutral_g645_gate_r081	Han	neutral	0	2026087134	29	paper_frac_posterior_mean_below	focal	10000	0.01353535354	0.023855092276099998	6	0.029999999999999999
han_introgressed_neutral_g645_gate_r081	Han	neutral	0	2026087134	29	paper_frac_posterior_mean_below	focal	20000	0.092929292930000004	0.023855092276099998	6	0.029999999999999999
han_introgressed_neutral_g645_gate_r081	Han	neutral	0	2026087134	29	paper_frac_posterior_mean_below	focal	30000	0.17878787879999999	0.023855092276099998	6	0.029999999999999999
han_introgressed_neutral_g645_gate_r081	Han	neutral	0	2026087134	29	paper_frac_posterior_mean_below	focal	40000	0.23919191919999999	0.023855092276099998	6	0.029999999999999999
han_introgressed_neutral_g645_gate_r081	Han	neutral	0	2026087134	29	paper_frac_posterior_mean_below	focal	50000	0.2787878788	0.023855092276099998	6	0.029999999999999999
han_introgressed_neutral_g645_gate_r081	Han	neutral	0	2026087134	29	paper_frac_posterior_mean_below	local_100kb	1000	0.00018278018276199999	0.023855092276099998	6	0.029999999999999999
han_introgressed_neutral_g645_gate_r081	Han	neutral	0	2026087134	29	paper_frac_posterior_mean_below	local_100kb	4500	0.00173160173143	0.023855092276099998	6	0.029999999999999999
han_introgressed_neutral_g645_gate_r081	Han	neutral	0	2026087134	29	paper_frac_posterior_mean_below	local_100kb	10000	0.015305435305699999	0.023855092276099998	6	0.029999999999999999
han_introgressed_neutral_g645_gate_r081	Han	neutral	0	2026087134	29	paper_frac_posterior_mean_below	local_100kb	20000	0.082982202981399994	0.023855092276099998	6	0.029999999999999999
han_introgressed_neutral_g645_gate_r081	Han	neutral	0	2026087134	29	paper_frac_posterior_mean_below	local_100kb	30000	0.15463203462899999	0.023855092276099998	6	0.029999999999999999
han_introgressed_neutral_g645_gate_r081	Han	neutral	0	2026087134	29	paper_frac_posterior_mean_below	local_100kb	40000	0.20707070706700001	0.023855092276099998	6	0.029999999999999999
han_introgressed_neutral_g645_gate_r081	Han	neutral	0	2026087134	29	paper_frac_posterior_mean_below	local_100kb	50000	0.24599326598999999	0.023855092276099998	6	0.029999999999999999
han_introgressed_neutral_g645_gate_r082	Han	neutral	0	2026087139	29	mean_p_tmrca_lt	focal	1000	0.011861099430000001	0.0070555175818299998	1	0.0050000000000000001
han_introgressed_neutral_g645_gate_r082	Han	neutral	0	2026087139	29	mean_p_tmrca_lt	focal	4500	0.051579767649999997	0.0070555175818299998	1	0.0050000000000000001
han_introgressed_neutral_g645_gate_r082	Han	neutral	0	2026087139	29	mean_p_tmrca_lt	focal	10000	0.1048639633	0.0070555175818299998	1	0.0050000000000000001
han_introgressed_neutral_g645_gate_r082	Han	neutral	0	2026087139	29	mean_p_tmrca_lt	focal	20000	0.17873834120000001	0.0070555175818299998	1	0.0050000000000000001
han_introgressed_neutral_g645_gate_r082	Han	neutral	0	2026087139	29	mean_p_tmrca_lt	focal	30000	0.2318032686	0.0070555175818299998	1	0.0050000000000000001
han_introgressed_neutral_g645_gate_r082	Han	neutral	0	2026087139	29	mean_p_tmrca_lt	focal	40000	0.271381492	0.0070555175818299998	1	0.0050000000000000001
han_introgressed_neutral_g645_gate_r082	Han	neutral	0	2026087139	29	mean_p_tmrca_lt	focal	50000	0.30233496129999998	0.0070555175818299998	1	0.0050000000000000001
han_introgressed_neutral_g645_gate_r082	Han	neutral	0	2026087139	29	mean_p_tmrca_lt	local_100kb	1000	0.0135636281099	0.0070555175818299998	1	0.0050000000000000001
han_introgressed_neutral_g645_gate_r082	Han	neutral	0	2026087139	29	mean_p_tmrca_lt	local_100kb	4500	0.0610896762414	0.0070555175818299998	1	0.0050000000000000001
han_introgressed_neutral_g645_gate_r082	Han	neutral	0	2026087139	29	mean_p_tmrca_lt	local_100kb	10000	0.12605712650799999	0.0070555175818299998	1	0.0050000000000000001
han_introgressed_neutral_g645_gate_r082	Han	neutral	0	2026087139	29	mean_p_tmrca_lt	local_100kb	20000	0.21528722263300001	0.0070555175818299998	1	0.0050000000000000001
han_introgressed_neutral_g645_gate_r082	Han	neutral	0	2026087139	29	mean_p_tmrca_lt	local_100kb	30000	0.27904009849	0.0070555175818299998	1	0.0050000000000000001
han_introgressed_neutral_g645_gate_r082	Han	neutral	0	2026087139	29	mean_p_tmrca_lt	local_100kb	40000	0.32729370243299999	0.0070555175818299998	1	0.0050000000000000001
han_introgressed_neutral_g645_gate_r082	Han	neutral	0	2026087139	29	mean_p_tmrca_lt	local_100kb	50000	0.36583251155699997	0.0070555175818299998	1	0.0050000000000000001
han_introgressed_neutral_g645_gate_r082	Han	neutral	0	2026087139	29	paper_frac_posterior_mean_below	focal	1000	0.000202020202	0.0070555175818299998	1	0.0050000000000000001
han_introgressed_neutral_g645_gate_r082	Han	neutral	0	2026087139	29	paper_frac_posterior_mean_below	focal	4500	0.001616161616	0.0070555175818299998	1	0.0050000000000000001
han_introgressed_neutral_g645_gate_r082	Han	neutral	0	2026087139	29	paper_frac_posterior_mean_below	focal	10000	0.03838383838	0.0070555175818299998	1	0.0050000000000000001
han_introgressed_neutral_g645_gate_r082	Han	neutral	0	2026087139	29	paper_frac_posterior_mean_below	focal	20000	0.1252525253	0.0070555175818299998	1	0.0050000000000000001
han_introgressed_neutral_g645_gate_r082	Han	neutral	0	2026087139	29	paper_frac_posterior_mean_below	focal	30000	0.1981818182	0.0070555175818299998	1	0.0050000000000000001
han_introgressed_neutral_g645_gate_r082	Han	neutral	0	2026087139	29	paper_frac_posterior_mean_below	focal	40000	0.25030303030000001	0.0070555175818299998	1	0.0050000000000000001
han_introgressed_neutral_g645_gate_r082	Han	neutral	0	2026087139	29	paper_frac_posterior_mean_below	focal	50000	0.27313131309999999	0.0070555175818299998	1	0.0050000000000000001
han_introgressed_neutral_g645_gate_r082	Han	neutral	0	2026087139	29	paper_frac_posterior_mean_below	local_100kb	1000	0.000202020202	0.0070555175818299998	1	0.0050000000000000001
han_introgressed_neutral_g645_gate_r082	Han	neutral	0	2026087139	29	paper_frac_posterior_mean_below	local_100kb	4500	0.0019432419430499999	0.0070555175818299998	1	0.0050000000000000001
han_introgressed_neutral_g645_gate_r082	Han	neutral	0	2026087139	29	paper_frac_posterior_mean_below	local_100kb	10000	0.0307840307843	0.0070555175818299998	1	0.0050000000000000001
han_introgressed_neutral_g645_gate_r082	Han	neutral	0	2026087139	29	paper_frac_posterior_mean_below	local_100kb	20000	0.13867243866699999	0.0070555175818299998	1	0.0050000000000000001
han_introgressed_neutral_g645_gate_r082	Han	neutral	0	2026087139	29	paper_frac_posterior_mean_below	local_100kb	30000	0.22347282348600001	0.0070555175818299998	1	0.0050000000000000001
han_introgressed_neutral_g645_gate_r082	Han	neutral	0	2026087139	29	paper_frac_posterior_mean_below	local_100kb	40000	0.27178451178599999	0.0070555175818299998	1	0.0050000000000000001
han_introgressed_neutral_g645_gate_r082	Han	neutral	0	2026087139	29	paper_frac_posterior_mean_below	local_100kb	50000	0.301452621448	0.0070555175818299998	1	0.0050000000000000001
han_introgressed_neutral_g645_gate_r083	Han	neutral	0	2026087143	29	mean_p_tmrca_lt	focal	1000	0.01556474314	0.0108756740336	2	0.01
han_introgressed_neutral_g645_gate_r083	Han	neutral	0	2026087143	29	mean_p_tmrca_lt	focal	4500	0.074815385129999995	0.0108756740336	2	0.01
han_introgressed_neutral_g645_gate_r083	Han	neutral	0	2026087143	29	mean_p_tmrca_lt	focal	10000	0.16234685430000001	0.0108756740336	2	0.01
han_introgressed_neutral_g645_gate_r083	Han	neutral	0	2026087143	29	mean_p_tmrca_lt	focal	20000	0.28983386880000001	0.0108756740336	2	0.01
han_introgressed_neutral_g645_gate_r083	Han	neutral	0	2026087143	29	mean_p_tmrca_lt	focal	30000	0.38093048660000001	0.0108756740336	2	0.01
han_introgressed_neutral_g645_gate_r083	Han	neutral	0	2026087143	29	mean_p_tmrca_lt	focal	40000	0.44623312640000001	0.0108756740336	2	0.01
han_introgressed_neutral_g645_gate_r083	Han	neutral	0	2026087143	29	mean_p_tmrca_lt	focal	50000	0.4943676541	0.0108756740336	2	0.01
han_introgressed_neutral_g645_gate_r083	Han	neutral	0	2026087143	29	mean_p_tmrca_lt	local_100kb	1000	0.0139964221257	0.0108756740336	2	0.01
han_introgressed_neutral_g645_gate_r083	Han	neutral	0	2026087143	29	mean_p_tmrca_lt	local_100kb	4500	0.067021952516199995	0.0108756740336	2	0.01
han_introgressed_neutral_g645_gate_r083	Han	neutral	0	2026087143	29	mean_p_tmrca_lt	local_100kb	10000	0.14512718266999999	0.0108756740336	2	0.01
han_introgressed_neutral_g645_gate_r083	Han	neutral	0	2026087143	29	mean_p_tmrca_lt	local_100kb	20000	0.26112760228100002	0.0108756740336	2	0.01
han_introgressed_neutral_g645_gate_r083	Han	neutral	0	2026087143	29	mean_p_tmrca_lt	local_100kb	30000	0.34847420272899998	0.0108756740336	2	0.01
han_introgressed_neutral_g645_gate_r083	Han	neutral	0	2026087143	29	mean_p_tmrca_lt	local_100kb	40000	0.41545313998099997	0.0108756740336	2	0.01
han_introgressed_neutral_g645_gate_r083	Han	neutral	0	2026087143	29	mean_p_tmrca_lt	local_100kb	50000	0.46830337756200002	0.0108756740336	2	0.01
han_introgressed_neutral_g645_gate_r083	Han	neutral	0	2026087143	29	paper_frac_posterior_mean_below	focal	1000	0.000202020202	0.0108756740336	2	0.01
han_introgressed_neutral_g645_gate_r083	Han	neutral	0	2026087143	29	paper_frac_posterior_mean_below	focal	4500	0.002626262626	0.0108756740336	2	0.01
han_introgressed_neutral_g645_gate_r083	Han	neutral	0	2026087143	29	paper_frac_posterior_mean_below	focal	10000	0.028686868689999999	0.0108756740336	2	0.01
han_introgressed_neutral_g645_gate_r083	Han	neutral	0	2026087143	29	paper_frac_posterior_mean_below	focal	20000	0.18141414140000001	0.0108756740336	2	0.01
han_introgressed_neutral_g645_gate_r083	Han	neutral	0	2026087143	29	paper_frac_posterior_mean_below	focal	30000	0.34141414139999998	0.0108756740336	2	0.01
han_introgressed_neutral_g645_gate_r083	Han	neutral	0	2026087143	29	paper_frac_posterior_mean_below	focal	40000	0.43535353539999999	0.0108756740336	2	0.01
han_introgressed_neutral_g645_gate_r083	Han	neutral	0	2026087143	29	paper_frac_posterior_mean_below	focal	50000	0.47797979800000001	0.0108756740336	2	0.01
han_introgressed_neutral_g645_gate_r083	Han	neutral	0	2026087143	29	paper_frac_posterior_mean_below	local_100kb	1000	0.000202020202	0.0108756740336	2	0.01
han_introgressed_neutral_g645_gate_r083	Han	neutral	0	2026087143	29	paper_frac_posterior_mean_below	local_100kb	4500	0.0025012025009499999	0.0108756740336	2	0.01
han_introgressed_neutral_g645_gate_r083	Han	neutral	0	2026087143	29	paper_frac_posterior_mean_below	local_100kb	10000	0.024434824434799999	0.0108756740336	2	0.01
han_introgressed_neutral_g645_gate_r083	Han	neutral	0	2026087143	29	paper_frac_posterior_mean_below	local_100kb	20000	0.13982683982800001	0.0108756740336	2	0.01
han_introgressed_neutral_g645_gate_r083	Han	neutral	0	2026087143	29	paper_frac_posterior_mean_below	local_100kb	30000	0.26096200096200001	0.0108756740336	2	0.01
han_introgressed_neutral_g645_gate_r083	Han	neutral	0	2026087143	29	paper_frac_posterior_mean_below	local_100kb	40000	0.34348244349000001	0.0108756740336	2	0.01
han_introgressed_neutral_g645_gate_r083	Han	neutral	0	2026087143	29	paper_frac_posterior_mean_below	local_100kb	50000	0.39854737855200001	0.0108756740336	2	0.01
han_introgressed_neutral_g645_gate_r084	Han	neutral	0	2026087151	29	mean_p_tmrca_lt	focal	1000	0.015672763919999999	0.0108301055669	4	0.02
han_introgressed_neutral_g645_gate_r084	Han	neutral	0	2026087151	29	mean_p_tmrca_lt	focal	4500	0.071547519219999994	0.0108301055669	4	0.02
han_introgressed_neutral_g645_gate_r084	Han	neutral	0	2026087151	29	mean_p_tmrca_lt	focal	10000	0.1494120001	0.0108301055669	4	0.02
han_introgressed_neutral_g645_gate_r084	Han	neutral	0	2026087151	29	mean_p_tmrca_lt	focal	20000	0.25765808800000001	0.0108301055669	4	0.02
han_introgressed_neutral_g645_gate_r084	Han	neutral	0	2026087151	29	mean_p_tmrca_lt	focal	30000	0.33550573430000002	0.0108301055669	4	0.02
han_introgressed_neutral_g645_gate_r084	Han	neutral	0	2026087151	29	mean_p_tmrca_lt	focal	40000	0.39473002629999998	0.0108301055669	4	0.02
han_introgressed_neutral_g645_gate_r084	Han	neutral	0	2026087151	29	mean_p_tmrca_lt	focal	50000	0.44224101220000001	0.0108301055669	4	0.02
han_introgressed_neutral_g645_gate_r084	Han	neutral	0	2026087151	29	mean_p_tmrca_lt	local_100kb	1000	0.0127901859314	0.0108301055669	4	0.02
han_introgressed_neutral_g645_gate_r084	Han	neutral	0	2026087151	29	mean_p_tmrca_lt	local_100kb	4500	0.058505851421000003	0.0108301055669	4	0.02
han_introgressed_neutral_g645_gate_r084	Han	neutral	0	2026087151	29	mean_p_tmrca_lt	local_100kb	10000	0.123624137648	0.0108301055669	4	0.02
han_introgressed_neutral_g645_gate_r084	Han	neutral	0	2026087151	29	mean_p_tmrca_lt	local_100kb	20000	0.21621308777600001	0.0108301055669	4	0.02
han_introgressed_neutral_g645_gate_r084	Han	neutral	0	2026087151	29	mean_p_tmrca_lt	local_100kb	30000	0.28341724086699999	0.0108301055669	4	0.02
han_introgressed_neutral_g645_gate_r084	Han	neutral	0	2026087151	29	mean_p_tmrca_lt	local_100kb	40000	0.334275826005	0.0108301055669	4	0.02
han_introgressed_neutral_g645_gate_r084	Han	neutral	0	2026087151	29	mean_p_tmrca_lt	local_100kb	50000	0.3746770707	0.0108301055669	4	0.02
han_introgressed_neutral_g645_gate_r084	Han	neutral	0	2026087151	29	paper_frac_posterior_mean_below	focal	1000	0.0006060606061	0.0108301055669	4	0.02
han_introgressed_neutral_g645_gate_r084	Han	neutral	0	2026087151	29	paper_frac_posterior_mean_below	focal	4500	0.0022222222219999998	0.0108301055669	4	0.02
han_introgressed_neutral_g645_gate_r084	Han	neutral	0	2026087151	29	paper_frac_posterior_mean_below	focal	10000	0.02141414141	0.0108301055669	4	0.02
han_introgressed_neutral_g645_gate_r084	Han	neutral	0	2026087151	29	paper_frac_posterior_mean_below	focal	20000	0.16343434339999999	0.0108301055669	4	0.02
han_introgressed_neutral_g645_gate_r084	Han	neutral	0	2026087151	29	paper_frac_posterior_mean_below	focal	30000	0.26161616160000001	0.0108301055669	4	0.02
han_introgressed_neutral_g645_gate_r084	Han	neutral	0	2026087151	29	paper_frac_posterior_mean_below	focal	40000	0.303030303	0.0108301055669	4	0.02
han_introgressed_neutral_g645_gate_r084	Han	neutral	0	2026087151	29	paper_frac_posterior_mean_below	focal	50000	0.32868686870000002	0.0108301055669	4	0.02
han_introgressed_neutral_g645_gate_r084	Han	neutral	0	2026087151	29	paper_frac_posterior_mean_below	local_100kb	1000	0.0006060606061	0.0108301055669	4	0.02
han_introgressed_neutral_g645_gate_r084	Han	neutral	0	2026087151	29	paper_frac_posterior_mean_below	local_100kb	4500	0.0022895622893299998	0.0108301055669	4	0.02
han_introgressed_neutral_g645_gate_r084	Han	neutral	0	2026087151	29	paper_frac_posterior_mean_below	local_100kb	10000	0.0222991822981	0.0108301055669	4	0.02
han_introgressed_neutral_g645_gate_r084	Han	neutral	0	2026087151	29	paper_frac_posterior_mean_below	local_100kb	20000	0.13822029821000001	0.0108301055669	4	0.02
han_introgressed_neutral_g645_gate_r084	Han	neutral	0	2026087151	29	paper_frac_posterior_mean_below	local_100kb	30000	0.2331024531	0.0108301055669	4	0.02
han_introgressed_neutral_g645_gate_r084	Han	neutral	0	2026087151	29	paper_frac_posterior_mean_below	local_100kb	40000	0.28690716690000001	0.0108301055669	4	0.02
han_introgressed_neutral_g645_gate_r084	Han	neutral	0	2026087151	29	paper_frac_posterior_mean_below	local_100kb	50000	0.31987493987600002	0.0108301055669	4	0.02
han_introgressed_neutral_g645_gate_r085	Han	neutral	0	2026087173	29	mean_p_tmrca_lt	focal	1000	0.0177607119	0.0050732892838200004	2	0.01
han_introgressed_neutral_g645_gate_r085	Han	neutral	0	2026087173	29	mean_p_tmrca_lt	focal	4500	0.073286401449999997	0.0050732892838200004	2	0.01
han_introgressed_neutral_g645_gate_r085	Han	neutral	0	2026087173	29	mean_p_tmrca_lt	focal	10000	0.1433122339	0.0050732892838200004	2	0.01
han_introgressed_neutral_g645_gate_r085	Han	neutral	0	2026087173	29	mean_p_tmrca_lt	focal	20000	0.23522389899999999	0.0050732892838200004	2	0.01
han_introgressed_neutral_g645_gate_r085	Han	neutral	0	2026087173	29	mean_p_tmrca_lt	focal	30000	0.30084618819999998	0.0050732892838200004	2	0.01
han_introgressed_neutral_g645_gate_r085	Han	neutral	0	2026087173	29	mean_p_tmrca_lt	focal	40000	0.351962373	0.0050732892838200004	2	0.01
han_introgressed_neutral_g645_gate_r085	Han	neutral	0	2026087173	29	mean_p_tmrca_lt	focal	50000	0.39439585069999999	0.0050732892838200004	2	0.01
han_introgressed_neutral_g645_gate_r085	Han	neutral	0	2026087173	29	mean_p_tmrca_lt	local_100kb	1000	0.012714193218	0.0050732892838200004	2	0.01
han_introgressed_neutral_g645_gate_r085	Han	neutral	0	2026087173	29	mean_p_tmrca_lt	local_100kb	4500	0.0548004773429	0.0050732892838200004	2	0.01
han_introgressed_neutral_g645_gate_r085	Han	neutral	0	2026087173	29	mean_p_tmrca_lt	local_100kb	10000	0.111752349961	0.0050732892838200004	2	0.01
han_introgressed_neutral_g645_gate_r085	Han	neutral	0	2026087173	29	mean_p_tmrca_lt	local_100kb	20000	0.19134876854300001	0.0050732892838200004	2	0.01
han_introgressed_neutral_g645_gate_r085	Han	neutral	0	2026087173	29	mean_p_tmrca_lt	local_100kb	30000	0.25016962641399998	0.0050732892838200004	2	0.01
han_introgressed_neutral_g645_gate_r085	Han	neutral	0	2026087173	29	mean_p_tmrca_lt	local_100kb	40000	0.29606457858599999	0.0050732892838200004	2	0.01
han_introgressed_neutral_g645_gate_r085	Han	neutral	0	2026087173	29	mean_p_tmrca_lt	local_100kb	50000	0.333615767043	0.0050732892838200004	2	0.01
han_introgressed_neutral_g645_gate_r085	Han	neutral	0	2026087173	29	paper_frac_posterior_mean_below	focal	1000	0.00101010101	0.0050732892838200004	2	0.01
han_introgressed_neutral_g645_gate_r085	Han	neutral	0	2026087173	29	paper_frac_posterior_mean_below	focal	4500	0.0048484848480000002	0.0050732892838200004	2	0.01
han_introgressed_neutral_g645_gate_r085	Han	neutral	0	2026087173	29	paper_frac_posterior_mean_below	focal	10000	0.03535353535	0.0050732892838200004	2	0.01
han_introgressed_neutral_g645_gate_r085	Han	neutral	0	2026087173	29	paper_frac_posterior_mean_below	focal	20000	0.1616161616	0.0050732892838200004	2	0.01
han_introgressed_neutral_g645_gate_r085	Han	neutral	0	2026087173	29	paper_frac_posterior_mean_below	focal	30000	0.22424242420000001	0.0050732892838200004	2	0.01
han_introgressed_neutral_g645_gate_r085	Han	neutral	0	2026087173	29	paper_frac_posterior_mean_below	focal	40000	0.25494949490000002	0.0050732892838200004	2	0.01
han_introgressed_neutral_g645_gate_r085	Han	neutral	0	2026087173	29	paper_frac_posterior_mean_below	focal	50000	0.2650505051	0.0050732892838200004	2	0.01
han_introgressed_neutral_g645_gate_r085	Han	neutral	0	2026087173	29	paper_frac_posterior_mean_below	local_100kb	1000	0.00101010101	0.0050732892838200004	2	0.01
han_introgressed_neutral_g645_gate_r085	Han	neutral	0	2026087173	29	paper_frac_posterior_mean_below	local_100kb	4500	0.0041462241458099999	0.0050732892838200004	2	0.01
han_introgressed_neutral_g645_gate_r085	Han	neutral	0	2026087173	29	paper_frac_posterior_mean_below	local_100kb	10000	0.027522847522900001	0.0050732892838200004	2	0.01
han_introgressed_neutral_g645_gate_r085	Han	neutral	0	2026087173	29	paper_frac_posterior_mean_below	local_100kb	20000	0.117239057245	0.0050732892838200004	2	0.01
han_introgressed_neutral_g645_gate_r085	Han	neutral	0	2026087173	29	paper_frac_posterior_mean_below	local_100kb	30000	0.18298220298099999	0.0050732892838200004	2	0.01
han_introgressed_neutral_g645_gate_r085	Han	neutral	0	2026087173	29	paper_frac_posterior_mean_below	local_100kb	40000	0.232467532462	0.0050732892838200004	2	0.01
han_introgressed_neutral_g645_gate_r085	Han	neutral	0	2026087173	29	paper_frac_posterior_mean_below	local_100kb	50000	0.264675324662	0.0050732892838200004	2	0.01
han_introgressed_neutral_g645_gate_r086	Han	neutral	0	2026087178	29	mean_p_tmrca_lt	focal	1000	0.0075595118110000003	0.0019746335535799999	1	0.0050000000000000001
han_introgressed_neutral_g645_gate_r086	Han	neutral	0	2026087178	29	mean_p_tmrca_lt	focal	4500	0.03719545279	0.0019746335535799999	1	0.0050000000000000001
han_introgressed_neutral_g645_gate_r086	Han	neutral	0	2026087178	29	mean_p_tmrca_lt	focal	10000	0.082471315010000004	0.0019746335535799999	1	0.0050000000000000001
han_introgressed_neutral_g645_gate_r086	Han	neutral	0	2026087178	29	mean_p_tmrca_lt	focal	20000	0.15408843110000001	0.0019746335535799999	1	0.0050000000000000001
han_introgressed_neutral_g645_gate_r086	Han	neutral	0	2026087178	29	mean_p_tmrca_lt	focal	30000	0.2132838745	0.0019746335535799999	1	0.0050000000000000001
han_introgressed_neutral_g645_gate_r086	Han	neutral	0	2026087178	29	mean_p_tmrca_lt	focal	40000	0.26338931230000001	0.0019746335535799999	1	0.0050000000000000001
han_introgressed_neutral_g645_gate_r086	Han	neutral	0	2026087178	29	mean_p_tmrca_lt	focal	50000	0.30692495949999998	0.0019746335535799999	1	0.0050000000000000001
han_introgressed_neutral_g645_gate_r086	Han	neutral	0	2026087178	29	mean_p_tmrca_lt	local_100kb	1000	0.0088822717237600005	0.0019746335535799999	1	0.0050000000000000001
han_introgressed_neutral_g645_gate_r086	Han	neutral	0	2026087178	29	mean_p_tmrca_lt	local_100kb	4500	0.042555741712400001	0.0019746335535799999	1	0.0050000000000000001
han_introgressed_neutral_g645_gate_r086	Han	neutral	0	2026087178	29	mean_p_tmrca_lt	local_100kb	10000	0.092274074326199995	0.0019746335535799999	1	0.0050000000000000001
han_introgressed_neutral_g645_gate_r086	Han	neutral	0	2026087178	29	mean_p_tmrca_lt	local_100kb	20000	0.168412673762	0.0019746335535799999	1	0.0050000000000000001
han_introgressed_neutral_g645_gate_r086	Han	neutral	0	2026087178	29	mean_p_tmrca_lt	local_100kb	30000	0.22971081781899999	0.0019746335535799999	1	0.0050000000000000001
han_introgressed_neutral_g645_gate_r086	Han	neutral	0	2026087178	29	mean_p_tmrca_lt	local_100kb	40000	0.28055793798599998	0.0019746335535799999	1	0.0050000000000000001
han_introgressed_neutral_g645_gate_r086	Han	neutral	0	2026087178	29	mean_p_tmrca_lt	local_100kb	50000	0.32400021132899998	0.0019746335535799999	1	0.0050000000000000001
han_introgressed_neutral_g645_gate_r086	Han	neutral	0	2026087178	29	paper_frac_posterior_mean_below	focal	1000	0	0.0019746335535799999	1	0.0050000000000000001
han_introgressed_neutral_g645_gate_r086	Han	neutral	0	2026087178	29	paper_frac_posterior_mean_below	focal	4500	0.001616161616	0.0019746335535799999	1	0.0050000000000000001
han_introgressed_neutral_g645_gate_r086	Han	neutral	0	2026087178	29	paper_frac_posterior_mean_below	focal	10000	0.014141414139999999	0.0019746335535799999	1	0.0050000000000000001
han_introgressed_neutral_g645_gate_r086	Han	neutral	0	2026087178	29	paper_frac_posterior_mean_below	focal	20000	0.062222222219999998	0.0019746335535799999	1	0.0050000000000000001
han_introgressed_neutral_g645_gate_r086	Han	neutral	0	2026087178	29	paper_frac_posterior_mean_below	focal	30000	0.12424242420000001	0.0019746335535799999	1	0.0050000000000000001
han_introgressed_neutral_g645_gate_r086	Han	neutral	0	2026087178	29	paper_frac_posterior_mean_below	focal	40000	0.16606060610000001	0.0019746335535799999	1	0.0050000000000000001
han_introgressed_neutral_g645_gate_r086	Han	neutral	0	2026087178	29	paper_frac_posterior_mean_below	focal	50000	0.19030303030000001	0.0019746335535799999	1	0.0050000000000000001
han_introgressed_neutral_g645_gate_r086	Han	neutral	0	2026087178	29	paper_frac_posterior_mean_below	local_100kb	1000	0	0.0019746335535799999	1	0.0050000000000000001
han_introgressed_neutral_g645_gate_r086	Han	neutral	0	2026087178	29	paper_frac_posterior_mean_below	local_100kb	4500	0.00155844155829	0.0019746335535799999	1	0.0050000000000000001
han_introgressed_neutral_g645_gate_r086	Han	neutral	0	2026087178	29	paper_frac_posterior_mean_below	local_100kb	10000	0.014805194805199999	0.0019746335535799999	1	0.0050000000000000001
han_introgressed_neutral_g645_gate_r086	Han	neutral	0	2026087178	29	paper_frac_posterior_mean_below	local_100kb	20000	0.073439153438099994	0.0019746335535799999	1	0.0050000000000000001
han_introgressed_neutral_g645_gate_r086	Han	neutral	0	2026087178	29	paper_frac_posterior_mean_below	local_100kb	30000	0.14354978354299999	0.0019746335535799999	1	0.0050000000000000001
han_introgressed_neutral_g645_gate_r086	Han	neutral	0	2026087178	29	paper_frac_posterior_mean_below	local_100kb	40000	0.19066859066700001	0.0019746335535799999	1	0.0050000000000000001
han_introgressed_neutral_g645_gate_r086	Han	neutral	0	2026087178	29	paper_frac_posterior_mean_below	local_100kb	50000	0.225454545457	0.0019746335535799999	1	0.0050000000000000001
han_introgressed_neutral_g645_gate_r087	Han	neutral	0	2026087210	29	mean_p_tmrca_lt	focal	1000	0.0112319806	0.017999544315300001	1	0.0050000000000000001
han_introgressed_neutral_g645_gate_r087	Han	neutral	0	2026087210	29	mean_p_tmrca_lt	focal	4500	0.053154510170000002	0.017999544315300001	1	0.0050000000000000001
han_introgressed_neutral_g645_gate_r087	Han	neutral	0	2026087210	29	mean_p_tmrca_lt	focal	10000	0.1164860003	0.017999544315300001	1	0.0050000000000000001
han_introgressed_neutral_g645_gate_r087	Han	neutral	0	2026087210	29	mean_p_tmrca_lt	focal	20000	0.21637194579999999	0.017999544315300001	1	0.0050000000000000001
han_introgressed_neutral_g645_gate_r087	Han	neutral	0	2026087210	29	mean_p_tmrca_lt	focal	30000	0.29875804620000002	0.017999544315300001	1	0.0050000000000000001
han_introgressed_neutral_g645_gate_r087	Han	neutral	0	2026087210	29	mean_p_tmrca_lt	focal	40000	0.36806915489999997	0.017999544315300001	1	0.0050000000000000001
han_introgressed_neutral_g645_gate_r087	Han	neutral	0	2026087210	29	mean_p_tmrca_lt	focal	50000	0.42752433439999998	0.017999544315300001	1	0.0050000000000000001
han_introgressed_neutral_g645_gate_r087	Han	neutral	0	2026087210	29	mean_p_tmrca_lt	local_100kb	1000	0.016424143987100001	0.017999544315300001	1	0.0050000000000000001
han_introgressed_neutral_g645_gate_r087	Han	neutral	0	2026087210	29	mean_p_tmrca_lt	local_100kb	4500	0.075509301554799999	0.017999544315300001	1	0.0050000000000000001
han_introgressed_neutral_g645_gate_r087	Han	neutral	0	2026087210	29	mean_p_tmrca_lt	local_100kb	10000	0.16095912749499999	0.017999544315300001	1	0.0050000000000000001
han_introgressed_neutral_g645_gate_r087	Han	neutral	0	2026087210	29	mean_p_tmrca_lt	local_100kb	20000	0.28748758019999998	0.017999544315300001	1	0.0050000000000000001
han_introgressed_neutral_g645_gate_r087	Han	neutral	0	2026087210	29	mean_p_tmrca_lt	local_100kb	30000	0.38363212210999997	0.017999544315300001	1	0.0050000000000000001
han_introgressed_neutral_g645_gate_r087	Han	neutral	0	2026087210	29	mean_p_tmrca_lt	local_100kb	40000	0.45797206528099998	0.017999544315300001	1	0.0050000000000000001
han_introgressed_neutral_g645_gate_r087	Han	neutral	0	2026087210	29	mean_p_tmrca_lt	local_100kb	50000	0.51674462161000001	0.017999544315300001	1	0.0050000000000000001
han_introgressed_neutral_g645_gate_r087	Han	neutral	0	2026087210	29	paper_frac_posterior_mean_below	focal	1000	0.0006060606061	0.017999544315300001	1	0.0050000000000000001
han_introgressed_neutral_g645_gate_r087	Han	neutral	0	2026087210	29	paper_frac_posterior_mean_below	focal	4500	0.0040404040399999999	0.017999544315300001	1	0.0050000000000000001
han_introgressed_neutral_g645_gate_r087	Han	neutral	0	2026087210	29	paper_frac_posterior_mean_below	focal	10000	0.0204040404	0.017999544315300001	1	0.0050000000000000001
han_introgressed_neutral_g645_gate_r087	Han	neutral	0	2026087210	29	paper_frac_posterior_mean_below	focal	20000	0.10848484849999999	0.017999544315300001	1	0.0050000000000000001
han_introgressed_neutral_g645_gate_r087	Han	neutral	0	2026087210	29	paper_frac_posterior_mean_below	focal	30000	0.2135353535	0.017999544315300001	1	0.0050000000000000001
han_introgressed_neutral_g645_gate_r087	Han	neutral	0	2026087210	29	paper_frac_posterior_mean_below	focal	40000	0.31595959600000001	0.017999544315300001	1	0.0050000000000000001
han_introgressed_neutral_g645_gate_r087	Han	neutral	0	2026087210	29	paper_frac_posterior_mean_below	focal	50000	0.37454545449999999	0.017999544315300001	1	0.0050000000000000001
han_introgressed_neutral_g645_gate_r087	Han	neutral	0	2026087210	29	paper_frac_posterior_mean_below	local_100kb	1000	0.00067340067343300001	0.017999544315300001	1	0.0050000000000000001
han_introgressed_neutral_g645_gate_r087	Han	neutral	0	2026087210	29	paper_frac_posterior_mean_below	local_100kb	4500	0.0039826839822900001	0.017999544315300001	1	0.0050000000000000001
han_introgressed_neutral_g645_gate_r087	Han	neutral	0	2026087210	29	paper_frac_posterior_mean_below	local_100kb	10000	0.022799422799000001	0.017999544315300001	1	0.0050000000000000001
han_introgressed_neutral_g645_gate_r087	Han	neutral	0	2026087210	29	paper_frac_posterior_mean_below	local_100kb	20000	0.136296296304	0.017999544315300001	1	0.0050000000000000001
han_introgressed_neutral_g645_gate_r087	Han	neutral	0	2026087210	29	paper_frac_posterior_mean_below	local_100kb	30000	0.283338143333	0.017999544315300001	1	0.0050000000000000001
han_introgressed_neutral_g645_gate_r087	Han	neutral	0	2026087210	29	paper_frac_posterior_mean_below	local_100kb	40000	0.38378066378600001	0.017999544315300001	1	0.0050000000000000001
han_introgressed_neutral_g645_gate_r087	Han	neutral	0	2026087210	29	paper_frac_posterior_mean_below	local_100kb	50000	0.46496392496200001	0.017999544315300001	1	0.0050000000000000001
han_introgressed_neutral_g645_gate_r088	Han	neutral	0	2026087231	29	mean_p_tmrca_lt	focal	1000	0.01674137316	0.00066074276600600003	2	0.01
han_introgressed_neutral_g645_gate_r088	Han	neutral	0	2026087231	29	mean_p_tmrca_lt	focal	4500	0.078718538830000004	0.00066074276600600003	2	0.01
han_introgressed_neutral_g645_gate_r088	Han	neutral	0	2026087231	29	mean_p_tmrca_lt	focal	10000	0.1681369569	0.00066074276600600003	2	0.01
han_introgressed_neutral_g645_gate_r088	Han	neutral	0	2026087231	29	mean_p_tmrca_lt	focal	20000	0.30040552069999998	0.00066074276600600003	2	0.01
han_introgressed_neutral_g645_gate_r088	Han	neutral	0	2026087231	29	mean_p_tmrca_lt	focal	30000	0.40164100559999999	0.00066074276600600003	2	0.01
han_introgressed_neutral_g645_gate_r088	Han	neutral	0	2026087231	29	mean_p_tmrca_lt	focal	40000	0.48087786170000002	0.00066074276600600003	2	0.01
han_introgressed_neutral_g645_gate_r088	Han	neutral	0	2026087231	29	mean_p_tmrca_lt	focal	50000	0.54450580019999995	0.00066074276600600003	2	0.01
han_introgressed_neutral_g645_gate_r088	Han	neutral	0	2026087231	29	mean_p_tmrca_lt	local_100kb	1000	0.0142268310962	0.00066074276600600003	2	0.01
han_introgressed_neutral_g645_gate_r088	Han	neutral	0	2026087231	29	mean_p_tmrca_lt	local_100kb	4500	0.066521325325199998	0.00066074276600600003	2	0.01
han_introgressed_neutral_g645_gate_r088	Han	neutral	0	2026087231	29	mean_p_tmrca_lt	local_100kb	10000	0.14133106164000001	0.00066074276600600003	2	0.01
han_introgressed_neutral_g645_gate_r088	Han	neutral	0	2026087231	29	mean_p_tmrca_lt	local_100kb	20000	0.250549836262	0.00066074276600600003	2	0.01
han_introgressed_neutral_g645_gate_r088	Han	neutral	0	2026087231	29	mean_p_tmrca_lt	local_100kb	30000	0.33324503192900001	0.00066074276600600003	2	0.01
han_introgressed_neutral_g645_gate_r088	Han	neutral	0	2026087231	29	mean_p_tmrca_lt	local_100kb	40000	0.39797419077599999	0.00066074276600600003	2	0.01
han_introgressed_neutral_g645_gate_r088	Han	neutral	0	2026087231	29	mean_p_tmrca_lt	local_100kb	50000	0.450503923581	0.00066074276600600003	2	0.01
han_introgressed_neutral_g645_gate_r088	Han	neutral	0	2026087231	29	paper_frac_posterior_mean_below	focal	1000	0.000202020202	0.00066074276600600003	2	0.01
han_introgressed_neutral_g645_gate_r088	Han	neutral	0	2026087231	29	paper_frac_posterior_mean_below	focal	4500	0.003232323232	0.00066074276600600003	2	0.01
han_introgressed_neutral_g645_gate_r088	Han	neutral	0	2026087231	29	paper_frac_posterior_mean_below	focal	10000	0.027676767679999999	0.00066074276600600003	2	0.01
han_introgressed_neutral_g645_gate_r088	Han	neutral	0	2026087231	29	paper_frac_posterior_mean_below	focal	20000	0.15212121209999999	0.00066074276600600003	2	0.01
han_introgressed_neutral_g645_gate_r088	Han	neutral	0	2026087231	29	paper_frac_posterior_mean_below	focal	30000	0.27696969700000001	0.00066074276600600003	2	0.01
han_introgressed_neutral_g645_gate_r088	Han	neutral	0	2026087231	29	paper_frac_posterior_mean_below	focal	40000	0.3476767677	0.00066074276600600003	2	0.01
han_introgressed_neutral_g645_gate_r088	Han	neutral	0	2026087231	29	paper_frac_posterior_mean_below	focal	50000	0.39959595959999999	0.00066074276600600003	2	0.01
han_introgressed_neutral_g645_gate_r088	Han	neutral	0	2026087231	29	paper_frac_posterior_mean_below	local_100kb	1000	0.000202020202	0.00066074276600600003	2	0.01
han_introgressed_neutral_g645_gate_r088	Han	neutral	0	2026087231	29	paper_frac_posterior_mean_below	local_100kb	4500	0.0030495430492400001	0.00066074276600600003	2	0.01
han_introgressed_neutral_g645_gate_r088	Han	neutral	0	2026087231	29	paper_frac_posterior_mean_below	local_100kb	10000	0.0238672438662	0.00066074276600600003	2	0.01
han_introgressed_neutral_g645_gate_r088	Han	neutral	0	2026087231	29	paper_frac_posterior_mean_below	local_100kb	20000	0.14347282347400001	0.00066074276600600003	2	0.01
han_introgressed_neutral_g645_gate_r088	Han	neutral	0	2026087231	29	paper_frac_posterior_mean_below	local_100kb	30000	0.248273208276	0.00066074276600600003	2	0.01
han_introgressed_neutral_g645_gate_r088	Han	neutral	0	2026087231	29	paper_frac_posterior_mean_below	local_100kb	40000	0.31269841270499998	0.00066074276600600003	2	0.01
han_introgressed_neutral_g645_gate_r088	Han	neutral	0	2026087231	29	paper_frac_posterior_mean_below	local_100kb	50000	0.35707551707599999	0.00066074276600600003	2	0.01
han_introgressed_neutral_g645_gate_r089	Han	neutral	0	2026087268	29	mean_p_tmrca_lt	focal	1000	0.0123769823	0.00071390597706400005	0	0
han_introgressed_neutral_g645_gate_r089	Han	neutral	0	2026087268	29	mean_p_tmrca_lt	focal	4500	0.056616671899999998	0.00071390597706400005	0	0
han_introgressed_neutral_g645_gate_r089	Han	neutral	0	2026087268	29	mean_p_tmrca_lt	focal	10000	0.1185068918	0.00071390597706400005	0	0
han_introgressed_neutral_g645_gate_r089	Han	neutral	0	2026087268	29	mean_p_tmrca_lt	focal	20000	0.2075929343	0.00071390597706400005	0	0
han_introgressed_neutral_g645_gate_r089	Han	neutral	0	2026087268	29	mean_p_tmrca_lt	focal	30000	0.27575231719999999	0.00071390597706400005	0	0
han_introgressed_neutral_g645_gate_r089	Han	neutral	0	2026087268	29	mean_p_tmrca_lt	focal	40000	0.3304233607	0.00071390597706400005	0	0
han_introgressed_neutral_g645_gate_r089	Han	neutral	0	2026087268	29	mean_p_tmrca_lt	focal	50000	0.37588374899999999	0.00071390597706400005	0	0
han_introgressed_neutral_g645_gate_r089	Han	neutral	0	2026087268	29	mean_p_tmrca_lt	local_100kb	1000	0.0122579101449	0.00071390597706400005	0	0
han_introgressed_neutral_g645_gate_r089	Han	neutral	0	2026087268	29	mean_p_tmrca_lt	local_100kb	4500	0.055943499673800003	0.00071390597706400005	0	0
han_introgressed_neutral_g645_gate_r089	Han	neutral	0	2026087268	29	mean_p_tmrca_lt	local_100kb	10000	0.11697698215500001	0.00071390597706400005	0	0
han_introgressed_neutral_g645_gate_r089	Han	neutral	0	2026087268	29	mean_p_tmrca_lt	local_100kb	20000	0.203765847419	0.00071390597706400005	0	0
han_introgressed_neutral_g645_gate_r089	Han	neutral	0	2026087268	29	mean_p_tmrca_lt	local_100kb	30000	0.26827690868999998	0.00071390597706400005	0	0
han_introgressed_neutral_g645_gate_r089	Han	neutral	0	2026087268	29	mean_p_tmrca_lt	local_100kb	40000	0.31839219893800003	0.00071390597706400005	0	0
han_introgressed_neutral_g645_gate_r089	Han	neutral	0	2026087268	29	mean_p_tmrca_lt	local_100kb	50000	0.35897426615700001	0.00071390597706400005	0	0
han_introgressed_neutral_g645_gate_r089	Han	neutral	0	2026087268	29	paper_frac_posterior_mean_below	focal	1000	0.000404040404	0.00071390597706400005	0	0
han_introgressed_neutral_g645_gate_r089	Han	neutral	0	2026087268	29	paper_frac_posterior_mean_below	focal	4500	0.0024242424240000001	0.00071390597706400005	0	0
han_introgressed_neutral_g645_gate_r089	Han	neutral	0	2026087268	29	paper_frac_posterior_mean_below	focal	10000	0.025050505050000001	0.00071390597706400005	0	0
han_introgressed_neutral_g645_gate_r089	Han	neutral	0	2026087268	29	paper_frac_posterior_mean_below	focal	20000	0.1060606061	0.00071390597706400005	0	0
han_introgressed_neutral_g645_gate_r089	Han	neutral	0	2026087268	29	paper_frac_posterior_mean_below	focal	30000	0.17898989900000001	0.00071390597706400005	0	0
han_introgressed_neutral_g645_gate_r089	Han	neutral	0	2026087268	29	paper_frac_posterior_mean_below	focal	40000	0.23313131309999999	0.00071390597706400005	0	0
han_introgressed_neutral_g645_gate_r089	Han	neutral	0	2026087268	29	paper_frac_posterior_mean_below	focal	50000	0.2804040404	0.00071390597706400005	0	0
han_introgressed_neutral_g645_gate_r089	Han	neutral	0	2026087268	29	paper_frac_posterior_mean_below	local_100kb	1000	0.000404040404	0.00071390597706400005	0	0
han_introgressed_neutral_g645_gate_r089	Han	neutral	0	2026087268	29	paper_frac_posterior_mean_below	local_100kb	4500	0.0023569023566700001	0.00071390597706400005	0	0
han_introgressed_neutral_g645_gate_r089	Han	neutral	0	2026087268	29	paper_frac_posterior_mean_below	local_100kb	10000	0.026791726790500001	0.00071390597706400005	0	0
han_introgressed_neutral_g645_gate_r089	Han	neutral	0	2026087268	29	paper_frac_posterior_mean_below	local_100kb	20000	0.11741221741000001	0.00071390597706400005	0	0
han_introgressed_neutral_g645_gate_r089	Han	neutral	0	2026087268	29	paper_frac_posterior_mean_below	local_100kb	30000	0.199682539686	0.00071390597706400005	0	0
han_introgressed_neutral_g645_gate_r089	Han	neutral	0	2026087268	29	paper_frac_posterior_mean_below	local_100kb	40000	0.25172679171399998	0.00071390597706400005	0	0
han_introgressed_neutral_g645_gate_r089	Han	neutral	0	2026087268	29	paper_frac_posterior_mean_below	local_100kb	50000	0.28852332852399998	0.00071390597706400005	0	0
han_introgressed_neutral_g645_gate_r090	Han	neutral	0	2026087299	29	mean_p_tmrca_lt	focal	1000	0.0081513647429999996	0.0192147034252	3	0.014999999999999999
han_introgressed_neutral_g645_gate_r090	Han	neutral	0	2026087299	29	mean_p_tmrca_lt	focal	4500	0.040213759090000002	0.0192147034252	3	0.014999999999999999
han_introgressed_neutral_g645_gate_r090	Han	neutral	0	2026087299	29	mean_p_tmrca_lt	focal	10000	0.090400037880000006	0.0192147034252	3	0.014999999999999999
han_introgressed_neutral_g645_gate_r090	Han	neutral	0	2026087299	29	mean_p_tmrca_lt	focal	20000	0.17465560769999999	0.0192147034252	3	0.014999999999999999
han_introgressed_neutral_g645_gate_r090	Han	neutral	0	2026087299	29	mean_p_tmrca_lt	focal	30000	0.24804555910000001	0.0192147034252	3	0.014999999999999999
han_introgressed_neutral_g645_gate_r090	Han	neutral	0	2026087299	29	mean_p_tmrca_lt	focal	40000	0.31095018479999997	0.0192147034252	3	0.014999999999999999
han_introgressed_neutral_g645_gate_r090	Han	neutral	0	2026087299	29	mean_p_tmrca_lt	focal	50000	0.36467645199999998	0.0192147034252	3	0.014999999999999999
han_introgressed_neutral_g645_gate_r090	Han	neutral	0	2026087299	29	mean_p_tmrca_lt	local_100kb	1000	0.013386796194	0.0192147034252	3	0.014999999999999999
han_introgressed_neutral_g645_gate_r090	Han	neutral	0	2026087299	29	mean_p_tmrca_lt	local_100kb	4500	0.064627532114300001	0.0192147034252	3	0.014999999999999999
han_introgressed_neutral_g645_gate_r090	Han	neutral	0	2026087299	29	mean_p_tmrca_lt	local_100kb	10000	0.14056526712299999	0.0192147034252	3	0.014999999999999999
han_introgressed_neutral_g645_gate_r090	Han	neutral	0	2026087299	29	mean_p_tmrca_lt	local_100kb	20000	0.25534661680999998	0.0192147034252	3	0.014999999999999999
han_introgressed_neutral_g645_gate_r090	Han	neutral	0	2026087299	29	mean_p_tmrca_lt	local_100kb	30000	0.34379979869499999	0.0192147034252	3	0.014999999999999999
han_introgressed_neutral_g645_gate_r090	Han	neutral	0	2026087299	29	mean_p_tmrca_lt	local_100kb	40000	0.41263091423300002	0.0192147034252	3	0.014999999999999999
han_introgressed_neutral_g645_gate_r090	Han	neutral	0	2026087299	29	mean_p_tmrca_lt	local_100kb	50000	0.467199177252	0.0192147034252	3	0.014999999999999999
han_introgressed_neutral_g645_gate_r090	Han	neutral	0	2026087299	29	paper_frac_posterior_mean_below	focal	1000	0	0.0192147034252	3	0.014999999999999999
han_introgressed_neutral_g645_gate_r090	Han	neutral	0	2026087299	29	paper_frac_posterior_mean_below	focal	4500	0.003232323232	0.0192147034252	3	0.014999999999999999
han_introgressed_neutral_g645_gate_r090	Han	neutral	0	2026087299	29	paper_frac_posterior_mean_below	focal	10000	0.021010101010000001	0.0192147034252	3	0.014999999999999999
han_introgressed_neutral_g645_gate_r090	Han	neutral	0	2026087299	29	paper_frac_posterior_mean_below	focal	20000	0.07212121212	0.0192147034252	3	0.014999999999999999
han_introgressed_neutral_g645_gate_r090	Han	neutral	0	2026087299	29	paper_frac_posterior_mean_below	focal	30000	0.13191919190000001	0.0192147034252	3	0.014999999999999999
han_introgressed_neutral_g645_gate_r090	Han	neutral	0	2026087299	29	paper_frac_posterior_mean_below	focal	40000	0.1957575758	0.0192147034252	3	0.014999999999999999
han_introgressed_neutral_g645_gate_r090	Han	neutral	0	2026087299	29	paper_frac_posterior_mean_below	focal	50000	0.24989898990000001	0.0192147034252	3	0.014999999999999999
han_introgressed_neutral_g645_gate_r090	Han	neutral	0	2026087299	29	paper_frac_posterior_mean_below	local_100kb	1000	0	0.0192147034252	3	0.014999999999999999
han_introgressed_neutral_g645_gate_r090	Han	neutral	0	2026087299	29	paper_frac_posterior_mean_below	local_100kb	4500	0.0029533429530499999	0.0192147034252	3	0.014999999999999999
han_introgressed_neutral_g645_gate_r090	Han	neutral	0	2026087299	29	paper_frac_posterior_mean_below	local_100kb	10000	0.0237037037038	0.0192147034252	3	0.014999999999999999
han_introgressed_neutral_g645_gate_r090	Han	neutral	0	2026087299	29	paper_frac_posterior_mean_below	local_100kb	20000	0.12191438190999999	0.0192147034252	3	0.014999999999999999
han_introgressed_neutral_g645_gate_r090	Han	neutral	0	2026087299	29	paper_frac_posterior_mean_below	local_100kb	30000	0.23848965850000001	0.0192147034252	3	0.014999999999999999
han_introgressed_neutral_g645_gate_r090	Han	neutral	0	2026087299	29	paper_frac_posterior_mean_below	local_100kb	40000	0.34886002886700002	0.0192147034252	3	0.014999999999999999
han_introgressed_neutral_g645_gate_r090	Han	neutral	0	2026087299	29	paper_frac_posterior_mean_below	local_100kb	50000	0.42135642135700002	0.0192147034252	3	0.014999999999999999
han_introgressed_neutral_g645_gate_r091	Han	neutral	0	2026087337	29	mean_p_tmrca_lt	focal	1000	0.028916756849999999	0.036105415052800002	7	0.035000000000000003
han_introgressed_neutral_g645_gate_r091	Han	neutral	0	2026087337	29	mean_p_tmrca_lt	focal	4500	0.1406804536	0.036105415052800002	7	0.035000000000000003
han_introgressed_neutral_g645_gate_r091	Han	neutral	0	2026087337	29	mean_p_tmrca_lt	focal	10000	0.29700734499999998	0.036105415052800002	7	0.035000000000000003
han_introgressed_neutral_g645_gate_r091	Han	neutral	0	2026087337	29	mean_p_tmrca_lt	focal	20000	0.50429269119999998	0.036105415052800002	7	0.035000000000000003
han_introgressed_neutral_g645_gate_r091	Han	neutral	0	2026087337	29	mean_p_tmrca_lt	focal	30000	0.63757755540000005	0.036105415052800002	7	0.035000000000000003
han_introgressed_neutral_g645_gate_r091	Han	neutral	0	2026087337	29	mean_p_tmrca_lt	focal	40000	0.72443400420000004	0.036105415052800002	7	0.035000000000000003
han_introgressed_neutral_g645_gate_r091	Han	neutral	0	2026087337	29	mean_p_tmrca_lt	focal	50000	0.78271043549999997	0.036105415052800002	7	0.035000000000000003
han_introgressed_neutral_g645_gate_r091	Han	neutral	0	2026087337	29	mean_p_tmrca_lt	local_100kb	1000	0.022536919091000002	0.036105415052800002	7	0.035000000000000003
han_introgressed_neutral_g645_gate_r091	Han	neutral	0	2026087337	29	mean_p_tmrca_lt	local_100kb	4500	0.113708382348	0.036105415052800002	7	0.035000000000000003
han_introgressed_neutral_g645_gate_r091	Han	neutral	0	2026087337	29	mean_p_tmrca_lt	local_100kb	10000	0.25106784092899997	0.036105415052800002	7	0.035000000000000003
han_introgressed_neutral_g645_gate_r091	Han	neutral	0	2026087337	29	mean_p_tmrca_lt	local_100kb	20000	0.44813561303799998	0.036105415052800002	7	0.035000000000000003
han_introgressed_neutral_g645_gate_r091	Han	neutral	0	2026087337	29	mean_p_tmrca_lt	local_100kb	30000	0.58276016449000001	0.036105415052800002	7	0.035000000000000003
han_introgressed_neutral_g645_gate_r091	Han	neutral	0	2026087337	29	mean_p_tmrca_lt	local_100kb	40000	0.67313464961400005	0.036105415052800002	7	0.035000000000000003
han_introgressed_neutral_g645_gate_r091	Han	neutral	0	2026087337	29	mean_p_tmrca_lt	local_100kb	50000	0.73433959142399996	0.036105415052800002	7	0.035000000000000003
han_introgressed_neutral_g645_gate_r091	Han	neutral	0	2026087337	29	paper_frac_posterior_mean_below	focal	1000	0.000202020202	0.036105415052800002	7	0.035000000000000003
han_introgressed_neutral_g645_gate_r091	Han	neutral	0	2026087337	29	paper_frac_posterior_mean_below	focal	4500	0.0030303030300000001	0.036105415052800002	7	0.035000000000000003
han_introgressed_neutral_g645_gate_r091	Han	neutral	0	2026087337	29	paper_frac_posterior_mean_below	focal	10000	0.054747474749999997	0.036105415052800002	7	0.035000000000000003
han_introgressed_neutral_g645_gate_r091	Han	neutral	0	2026087337	29	paper_frac_posterior_mean_below	focal	20000	0.35999999999999999	0.036105415052800002	7	0.035000000000000003
han_introgressed_neutral_g645_gate_r091	Han	neutral	0	2026087337	29	paper_frac_posterior_mean_below	focal	30000	0.65414141410000004	0.036105415052800002	7	0.035000000000000003
han_introgressed_neutral_g645_gate_r091	Han	neutral	0	2026087337	29	paper_frac_posterior_mean_below	focal	40000	0.79252525250000005	0.036105415052800002	7	0.035000000000000003
han_introgressed_neutral_g645_gate_r091	Han	neutral	0	2026087337	29	paper_frac_posterior_mean_below	focal	50000	0.83535353540000001	0.036105415052800002	7	0.035000000000000003
han_introgressed_neutral_g645_gate_r091	Han	neutral	0	2026087337	29	paper_frac_posterior_mean_below	local_100kb	1000	0.00023088023085700001	0.036105415052800002	7	0.035000000000000003
han_introgressed_neutral_g645_gate_r091	Han	neutral	0	2026087337	29	paper_frac_posterior_mean_below	local_100kb	4500	0.0029341029338099999	0.036105415052800002	7	0.035000000000000003
han_introgressed_neutral_g645_gate_r091	Han	neutral	0	2026087337	29	paper_frac_posterior_mean_below	local_100kb	10000	0.048860028860000002	0.036105415052800002	7	0.035000000000000003
han_introgressed_neutral_g645_gate_r091	Han	neutral	0	2026087337	29	paper_frac_posterior_mean_below	local_100kb	20000	0.32625300625699999	0.036105415052800002	7	0.035000000000000003
han_introgressed_neutral_g645_gate_r091	Han	neutral	0	2026087337	29	paper_frac_posterior_mean_below	local_100kb	30000	0.56828282827099996	0.036105415052800002	7	0.035000000000000003
han_introgressed_neutral_g645_gate_r091	Han	neutral	0	2026087337	29	paper_frac_posterior_mean_below	local_100kb	40000	0.70630110630499998	0.036105415052800002	7	0.035000000000000003
han_introgressed_neutral_g645_gate_r091	Han	neutral	0	2026087337	29	paper_frac_posterior_mean_below	local_100kb	50000	0.77176527175700005	0.036105415052800002	7	0.035000000000000003
han_introgressed_neutral_g645_gate_r092	Han	neutral	0	2026087365	29	mean_p_tmrca_lt	focal	1000	0.01060528637	0.023308270676700001	4	0.02
han_introgressed_neutral_g645_gate_r092	Han	neutral	0	2026087365	29	mean_p_tmrca_lt	focal	4500	0.049548312220000001	0.023308270676700001	4	0.02
han_introgressed_neutral_g645_gate_r092	Han	neutral	0	2026087365	29	mean_p_tmrca_lt	focal	10000	0.1068214172	0.023308270676700001	4	0.02
han_introgressed_neutral_g645_gate_r092	Han	neutral	0	2026087365	29	mean_p_tmrca_lt	focal	20000	0.1931132408	0.023308270676700001	4	0.02
han_introgressed_neutral_g645_gate_r092	Han	neutral	0	2026087365	29	mean_p_tmrca_lt	focal	30000	0.26013384690000002	0.023308270676700001	4	0.02
han_introgressed_neutral_g645_gate_r092	Han	neutral	0	2026087365	29	mean_p_tmrca_lt	focal	40000	0.31356830289999998	0.023308270676700001	4	0.02
han_introgressed_neutral_g645_gate_r092	Han	neutral	0	2026087365	29	mean_p_tmrca_lt	focal	50000	0.35761036419999997	0.023308270676700001	4	0.02
han_introgressed_neutral_g645_gate_r092	Han	neutral	0	2026087365	29	mean_p_tmrca_lt	local_100kb	1000	0.011058670884400001	0.023308270676700001	4	0.02
han_introgressed_neutral_g645_gate_r092	Han	neutral	0	2026087365	29	mean_p_tmrca_lt	local_100kb	4500	0.052511560258600001	0.023308270676700001	4	0.02
han_introgressed_neutral_g645_gate_r092	Han	neutral	0	2026087365	29	mean_p_tmrca_lt	local_100kb	10000	0.115351985345	0.023308270676700001	4	0.02
han_introgressed_neutral_g645_gate_r092	Han	neutral	0	2026087365	29	mean_p_tmrca_lt	local_100kb	20000	0.21420722206199999	0.023308270676700001	4	0.02
han_introgressed_neutral_g645_gate_r092	Han	neutral	0	2026087365	29	mean_p_tmrca_lt	local_100kb	30000	0.29435147481399998	0.023308270676700001	4	0.02
han_introgressed_neutral_g645_gate_r092	Han	neutral	0	2026087365	29	mean_p_tmrca_lt	local_100kb	40000	0.35971414924299999	0.023308270676700001	4	0.02
han_introgressed_neutral_g645_gate_r092	Han	neutral	0	2026087365	29	mean_p_tmrca_lt	local_100kb	50000	0.41379761463300002	0.023308270676700001	4	0.02
han_introgressed_neutral_g645_gate_r092	Han	neutral	0	2026087365	29	paper_frac_posterior_mean_below	focal	1000	0.000202020202	0.023308270676700001	4	0.02
han_introgressed_neutral_g645_gate_r092	Han	neutral	0	2026087365	29	paper_frac_posterior_mean_below	focal	4500	0.0018181818180000001	0.023308270676700001	4	0.02
han_introgressed_neutral_g645_gate_r092	Han	neutral	0	2026087365	29	paper_frac_posterior_mean_below	focal	10000	0.0090909090910000004	0.023308270676700001	4	0.02
han_introgressed_neutral_g645_gate_r092	Han	neutral	0	2026087365	29	paper_frac_posterior_mean_below	focal	20000	0.088686868690000004	0.023308270676700001	4	0.02
han_introgressed_neutral_g645_gate_r092	Han	neutral	0	2026087365	29	paper_frac_posterior_mean_below	focal	30000	0.2147474747	0.023308270676700001	4	0.02
han_introgressed_neutral_g645_gate_r092	Han	neutral	0	2026087365	29	paper_frac_posterior_mean_below	focal	40000	0.2812121212	0.023308270676700001	4	0.02
han_introgressed_neutral_g645_gate_r092	Han	neutral	0	2026087365	29	paper_frac_posterior_mean_below	focal	50000	0.31393939389999997	0.023308270676700001	4	0.02
han_introgressed_neutral_g645_gate_r092	Han	neutral	0	2026087365	29	paper_frac_posterior_mean_below	local_100kb	1000	0.000202020202	0.023308270676700001	4	0.02
han_introgressed_neutral_g645_gate_r092	Han	neutral	0	2026087365	29	paper_frac_posterior_mean_below	local_100kb	4500	0.00205868205848	0.023308270676700001	4	0.02
han_introgressed_neutral_g645_gate_r092	Han	neutral	0	2026087365	29	paper_frac_posterior_mean_below	local_100kb	10000	0.0127849927855	0.023308270676700001	4	0.02
han_introgressed_neutral_g645_gate_r092	Han	neutral	0	2026087365	29	paper_frac_posterior_mean_below	local_100kb	20000	0.083155363150499997	0.023308270676700001	4	0.02
han_introgressed_neutral_g645_gate_r092	Han	neutral	0	2026087365	29	paper_frac_posterior_mean_below	local_100kb	30000	0.180990860989	0.023308270676700001	4	0.02
han_introgressed_neutral_g645_gate_r092	Han	neutral	0	2026087365	29	paper_frac_posterior_mean_below	local_100kb	40000	0.26436748437099999	0.023308270676700001	4	0.02
han_introgressed_neutral_g645_gate_r092	Han	neutral	0	2026087365	29	paper_frac_posterior_mean_below	local_100kb	50000	0.33117845118099998	0.023308270676700001	4	0.02
han_introgressed_neutral_g645_gate_r093	Han	neutral	0	2026087398	29	mean_p_tmrca_lt	focal	1000	0.02577478876	0.012371838687600001	3	0.014999999999999999
han_introgressed_neutral_g645_gate_r093	Han	neutral	0	2026087398	29	mean_p_tmrca_lt	focal	4500	0.1136434774	0.012371838687600001	3	0.014999999999999999
han_introgressed_neutral_g645_gate_r093	Han	neutral	0	2026087398	29	mean_p_tmrca_lt	focal	10000	0.23070403179999999	0.012371838687600001	3	0.014999999999999999
han_introgressed_neutral_g645_gate_r093	Han	neutral	0	2026087398	29	mean_p_tmrca_lt	focal	20000	0.38842717589999998	0.012371838687600001	3	0.014999999999999999
han_introgressed_neutral_g645_gate_r093	Han	neutral	0	2026087398	29	mean_p_tmrca_lt	focal	30000	0.49771245580000001	0.012371838687600001	3	0.014999999999999999
han_introgressed_neutral_g645_gate_r093	Han	neutral	0	2026087398	29	mean_p_tmrca_lt	focal	40000	0.57673219129999997	0.012371838687600001	3	0.014999999999999999
han_introgressed_neutral_g645_gate_r093	Han	neutral	0	2026087398	29	mean_p_tmrca_lt	focal	50000	0.63623398669999998	0.012371838687600001	3	0.014999999999999999
han_introgressed_neutral_g645_gate_r093	Han	neutral	0	2026087398	29	mean_p_tmrca_lt	local_100kb	1000	0.017279263762200001	0.012371838687600001	3	0.014999999999999999
han_introgressed_neutral_g645_gate_r093	Han	neutral	0	2026087398	29	mean_p_tmrca_lt	local_100kb	4500	0.079789347762400001	0.012371838687600001	3	0.014999999999999999
han_introgressed_neutral_g645_gate_r093	Han	neutral	0	2026087398	29	mean_p_tmrca_lt	local_100kb	10000	0.16852857731900001	0.012371838687600001	3	0.014999999999999999
han_introgressed_neutral_g645_gate_r093	Han	neutral	0	2026087398	29	mean_p_tmrca_lt	local_100kb	20000	0.29595922531899999	0.012371838687600001	3	0.014999999999999999
han_introgressed_neutral_g645_gate_r093	Han	neutral	0	2026087398	29	mean_p_tmrca_lt	local_100kb	30000	0.38926604127600001	0.012371838687600001	3	0.014999999999999999
han_introgressed_neutral_g645_gate_r093	Han	neutral	0	2026087398	29	mean_p_tmrca_lt	local_100kb	40000	0.459466997243	0.012371838687600001	3	0.014999999999999999
han_introgressed_neutral_g645_gate_r093	Han	neutral	0	2026087398	29	mean_p_tmrca_lt	local_100kb	50000	0.51403086894299999	0.012371838687600001	3	0.014999999999999999
han_introgressed_neutral_g645_gate_r093	Han	neutral	0	2026087398	29	paper_frac_posterior_mean_below	focal	1000	0.000202020202	0.012371838687600001	3	0.014999999999999999
han_introgressed_neutral_g645_gate_r093	Han	neutral	0	2026087398	29	paper_frac_posterior_mean_below	focal	4500	0.0030303030300000001	0.012371838687600001	3	0.014999999999999999
han_introgressed_neutral_g645_gate_r093	Han	neutral	0	2026087398	29	paper_frac_posterior_mean_below	focal	10000	0.040000000000000001	0.012371838687600001	3	0.014999999999999999
han_introgressed_neutral_g645_gate_r093	Han	neutral	0	2026087398	29	paper_frac_posterior_mean_below	focal	20000	0.21090909090000001	0.012371838687600001	3	0.014999999999999999
han_introgressed_neutral_g645_gate_r093	Han	neutral	0	2026087398	29	paper_frac_posterior_mean_below	focal	30000	0.36565656569999999	0.012371838687600001	3	0.014999999999999999
han_introgressed_neutral_g645_gate_r093	Han	neutral	0	2026087398	29	paper_frac_posterior_mean_below	focal	40000	0.49656565660000002	0.012371838687600001	3	0.014999999999999999
han_introgressed_neutral_g645_gate_r093	Han	neutral	0	2026087398	29	paper_frac_posterior_mean_below	focal	50000	0.57919191920000002	0.012371838687600001	3	0.014999999999999999
han_introgressed_neutral_g645_gate_r093	Han	neutral	0	2026087398	29	paper_frac_posterior_mean_below	local_100kb	1000	0.000202020202	0.012371838687600001	3	0.014999999999999999
han_introgressed_neutral_g645_gate_r093	Han	neutral	0	2026087398	29	paper_frac_posterior_mean_below	local_100kb	4500	0.0028571428568600001	0.012371838687600001	3	0.014999999999999999
han_introgressed_neutral_g645_gate_r093	Han	neutral	0	2026087398	29	paper_frac_posterior_mean_below	local_100kb	10000	0.031784511784300001	0.012371838687600001	3	0.014999999999999999
han_introgressed_neutral_g645_gate_r093	Han	neutral	0	2026087398	29	paper_frac_posterior_mean_below	local_100kb	20000	0.17437229436400001	0.012371838687600001	3	0.014999999999999999
han_introgressed_neutral_g645_gate_r093	Han	neutral	0	2026087398	29	paper_frac_posterior_mean_below	local_100kb	30000	0.307772967781	0.012371838687600001	3	0.014999999999999999
han_introgressed_neutral_g645_gate_r093	Han	neutral	0	2026087398	29	paper_frac_posterior_mean_below	local_100kb	40000	0.391640211643	0.012371838687600001	3	0.014999999999999999
han_introgressed_neutral_g645_gate_r093	Han	neutral	0	2026087398	29	paper_frac_posterior_mean_below	local_100kb	50000	0.44899470898600002	0.012371838687600001	3	0.014999999999999999
han_introgressed_neutral_g645_gate_r094	Han	neutral	0	2026087440	29	mean_p_tmrca_lt	focal	1000	0.01006552539	0.0118781802992	0	0
han_introgressed_neutral_g645_gate_r094	Han	neutral	0	2026087440	29	mean_p_tmrca_lt	focal	4500	0.047257075740000001	0.0118781802992	0	0
han_introgressed_neutral_g645_gate_r094	Han	neutral	0	2026087440	29	mean_p_tmrca_lt	focal	10000	0.10340534479999999	0.0118781802992	0	0
han_introgressed_neutral_g645_gate_r094	Han	neutral	0	2026087440	29	mean_p_tmrca_lt	focal	20000	0.192194913	0.0118781802992	0	0
han_introgressed_neutral_g645_gate_r094	Han	neutral	0	2026087440	29	mean_p_tmrca_lt	focal	30000	0.26527663340000002	0.0118781802992	0	0
han_introgressed_neutral_g645_gate_r094	Han	neutral	0	2026087440	29	mean_p_tmrca_lt	focal	40000	0.3259032006	0.0118781802992	0	0
han_introgressed_neutral_g645_gate_r094	Han	neutral	0	2026087440	29	mean_p_tmrca_lt	focal	50000	0.37659590110000002	0.0118781802992	0	0
han_introgressed_neutral_g645_gate_r094	Han	neutral	0	2026087440	29	mean_p_tmrca_lt	local_100kb	1000	0.011167535273	0.0118781802992	0	0
han_introgressed_neutral_g645_gate_r094	Han	neutral	0	2026087440	29	mean_p_tmrca_lt	local_100kb	4500	0.052103923847099998	0.0118781802992	0	0
han_introgressed_neutral_g645_gate_r094	Han	neutral	0	2026087440	29	mean_p_tmrca_lt	local_100kb	10000	0.113343640399	0.0118781802992	0	0
han_introgressed_neutral_g645_gate_r094	Han	neutral	0	2026087440	29	mean_p_tmrca_lt	local_100kb	20000	0.20871536304800001	0.0118781802992	0	0
han_introgressed_neutral_g645_gate_r094	Han	neutral	0	2026087440	29	mean_p_tmrca_lt	local_100kb	30000	0.28568639542899998	0.0118781802992	0	0
han_introgressed_neutral_g645_gate_r094	Han	neutral	0	2026087440	29	mean_p_tmrca_lt	local_100kb	40000	0.34865417181899999	0.0118781802992	0	0
han_introgressed_neutral_g645_gate_r094	Han	neutral	0	2026087440	29	mean_p_tmrca_lt	local_100kb	50000	0.40115995138100002	0.0118781802992	0	0
han_introgressed_neutral_g645_gate_r094	Han	neutral	0	2026087440	29	paper_frac_posterior_mean_below	focal	1000	0.000404040404	0.0118781802992	0	0
han_introgressed_neutral_g645_gate_r094	Han	neutral	0	2026087440	29	paper_frac_posterior_mean_below	focal	4500	0.001616161616	0.0118781802992	0	0
han_introgressed_neutral_g645_gate_r094	Han	neutral	0	2026087440	29	paper_frac_posterior_mean_below	focal	10000	0.01696969697	0.0118781802992	0	0
han_introgressed_neutral_g645_gate_r094	Han	neutral	0	2026087440	29	paper_frac_posterior_mean_below	focal	20000	0.094747474750000005	0.0118781802992	0	0
han_introgressed_neutral_g645_gate_r094	Han	neutral	0	2026087440	29	paper_frac_posterior_mean_below	focal	30000	0.17070707069999999	0.0118781802992	0	0
han_introgressed_neutral_g645_gate_r094	Han	neutral	0	2026087440	29	paper_frac_posterior_mean_below	focal	40000	0.22464646460000001	0.0118781802992	0	0
han_introgressed_neutral_g645_gate_r094	Han	neutral	0	2026087440	29	paper_frac_posterior_mean_below	focal	50000	0.26565656570000001	0.0118781802992	0	0
han_introgressed_neutral_g645_gate_r094	Han	neutral	0	2026087440	29	paper_frac_posterior_mean_below	local_100kb	1000	0.00046176046174299998	0.0118781802992	0	0
han_introgressed_neutral_g645_gate_r094	Han	neutral	0	2026087440	29	paper_frac_posterior_mean_below	local_100kb	4500	0.0018566618564800001	0.0118781802992	0	0
han_introgressed_neutral_g645_gate_r094	Han	neutral	0	2026087440	29	paper_frac_posterior_mean_below	local_100kb	10000	0.015882635882899999	0.0118781802992	0	0
han_introgressed_neutral_g645_gate_r094	Han	neutral	0	2026087440	29	paper_frac_posterior_mean_below	local_100kb	20000	0.089244829237600007	0.0118781802992	0	0
han_introgressed_neutral_g645_gate_r094	Han	neutral	0	2026087440	29	paper_frac_posterior_mean_below	local_100kb	30000	0.17274651275200001	0.0118781802992	0	0
han_introgressed_neutral_g645_gate_r094	Han	neutral	0	2026087440	29	paper_frac_posterior_mean_below	local_100kb	40000	0.24380952381400001	0.0118781802992	0	0
han_introgressed_neutral_g645_gate_r094	Han	neutral	0	2026087440	29	paper_frac_posterior_mean_below	local_100kb	50000	0.30790764791399999	0.0118781802992	0	0
han_introgressed_neutral_g645_gate_r095	Han	neutral	0	2026087442	29	mean_p_tmrca_lt	focal	1000	0.0099086448670000007	0.0045036834510499999	0	0
han_introgressed_neutral_g645_gate_r095	Han	neutral	0	2026087442	29	mean_p_tmrca_lt	focal	4500	0.046021251909999998	0.0045036834510499999	0	0
han_introgressed_neutral_g645_gate_r095	Han	neutral	0	2026087442	29	mean_p_tmrca_lt	focal	10000	0.098929121960000005	0.0045036834510499999	0	0
han_introgressed_neutral_g645_gate_r095	Han	neutral	0	2026087442	29	mean_p_tmrca_lt	focal	20000	0.18076167300000001	0.0045036834510499999	0	0
han_introgressed_neutral_g645_gate_r095	Han	neutral	0	2026087442	29	mean_p_tmrca_lt	focal	30000	0.2473740536	0.0045036834510499999	0	0
han_introgressed_neutral_g645_gate_r095	Han	neutral	0	2026087442	29	mean_p_tmrca_lt	focal	40000	0.30280070240000001	0.0045036834510499999	0	0
han_introgressed_neutral_g645_gate_r095	Han	neutral	0	2026087442	29	mean_p_tmrca_lt	focal	50000	0.34999103510000001	0.0045036834510499999	0	0
han_introgressed_neutral_g645_gate_r095	Han	neutral	0	2026087442	29	mean_p_tmrca_lt	local_100kb	1000	0.011200547949700001	0.0045036834510499999	0	0
han_introgressed_neutral_g645_gate_r095	Han	neutral	0	2026087442	29	mean_p_tmrca_lt	local_100kb	4500	0.0530361815486	0.0045036834510499999	0	0
han_introgressed_neutral_g645_gate_r095	Han	neutral	0	2026087442	29	mean_p_tmrca_lt	local_100kb	10000	0.116234415338	0.0045036834510499999	0	0
han_introgressed_neutral_g645_gate_r095	Han	neutral	0	2026087442	29	mean_p_tmrca_lt	local_100kb	20000	0.21701734025200001	0.0045036834510499999	0	0
han_introgressed_neutral_g645_gate_r095	Han	neutral	0	2026087442	29	mean_p_tmrca_lt	local_100kb	30000	0.30073309561400002	0.0045036834510499999	0	0
han_introgressed_neutral_g645_gate_r095	Han	neutral	0	2026087442	29	mean_p_tmrca_lt	local_100kb	40000	0.37071464671900001	0.0045036834510499999	0	0
han_introgressed_neutral_g645_gate_r095	Han	neutral	0	2026087442	29	mean_p_tmrca_lt	local_100kb	50000	0.429891184629	0.0045036834510499999	0	0
han_introgressed_neutral_g645_gate_r095	Han	neutral	0	2026087442	29	paper_frac_posterior_mean_below	focal	1000	0.000202020202	0.0045036834510499999	0	0
han_introgressed_neutral_g645_gate_r095	Han	neutral	0	2026087442	29	paper_frac_posterior_mean_below	focal	4500	0.0018181818180000001	0.0045036834510499999	0	0
han_introgressed_neutral_g645_gate_r095	Han	neutral	0	2026087442	29	paper_frac_posterior_mean_below	focal	10000	0.012727272729999999	0.0045036834510499999	0	0
han_introgressed_neutral_g645_gate_r095	Han	neutral	0	2026087442	29	paper_frac_posterior_mean_below	focal	20000	0.060808080809999998	0.0045036834510499999	0	0
han_introgressed_neutral_g645_gate_r095	Han	neutral	0	2026087442	29	paper_frac_posterior_mean_below	focal	30000	0.12383838379999999	0.0045036834510499999	0	0
han_introgressed_neutral_g645_gate_r095	Han	neutral	0	2026087442	29	paper_frac_posterior_mean_below	focal	40000	0.17474747469999999	0.0045036834510499999	0	0
han_introgressed_neutral_g645_gate_r095	Han	neutral	0	2026087442	29	paper_frac_posterior_mean_below	focal	50000	0.2143434343	0.0045036834510499999	0	0
han_introgressed_neutral_g645_gate_r095	Han	neutral	0	2026087442	29	paper_frac_posterior_mean_below	local_100kb	1000	0.00019240019238100001	0.0045036834510499999	0	0
han_introgressed_neutral_g645_gate_r095	Han	neutral	0	2026087442	29	paper_frac_posterior_mean_below	local_100kb	4500	0.0017797017795200001	0.0045036834510499999	0	0
han_introgressed_neutral_g645_gate_r095	Han	neutral	0	2026087442	29	paper_frac_posterior_mean_below	local_100kb	10000	0.0120250120253	0.0045036834510499999	0	0
han_introgressed_neutral_g645_gate_r095	Han	neutral	0	2026087442	29	paper_frac_posterior_mean_below	local_100kb	20000	0.068379028379999998	0.0045036834510499999	0	0
han_introgressed_neutral_g645_gate_r095	Han	neutral	0	2026087442	29	paper_frac_posterior_mean_below	local_100kb	30000	0.166012506019	0.0045036834510499999	0	0
han_introgressed_neutral_g645_gate_r095	Han	neutral	0	2026087442	29	paper_frac_posterior_mean_below	local_100kb	40000	0.24399230399499999	0.0045036834510499999	0	0
han_introgressed_neutral_g645_gate_r095	Han	neutral	0	2026087442	29	paper_frac_posterior_mean_below	local_100kb	50000	0.32281866281400001	0.0045036834510499999	0	0
han_introgressed_neutral_g645_gate_r096	Han	neutral	0	2026087484	29	mean_p_tmrca_lt	focal	1000	0.01152511579	0.0136857294752	3	0.014999999999999999
han_introgressed_neutral_g645_gate_r096	Han	neutral	0	2026087484	29	mean_p_tmrca_lt	focal	4500	0.05387514836	0.0136857294752	3	0.014999999999999999
han_introgressed_neutral_g645_gate_r096	Han	neutral	0	2026087484	29	mean_p_tmrca_lt	focal	10000	0.11899359819999999	0.0136857294752	3	0.014999999999999999
han_introgressed_neutral_g645_gate_r096	Han	neutral	0	2026087484	29	mean_p_tmrca_lt	focal	20000	0.22329599980000001	0.0136857294752	3	0.014999999999999999
han_introgressed_neutral_g645_gate_r096	Han	neutral	0	2026087484	29	mean_p_tmrca_lt	focal	30000	0.30881484720000002	0.0136857294752	3	0.014999999999999999
han_introgressed_neutral_g645_gate_r096	Han	neutral	0	2026087484	29	mean_p_tmrca_lt	focal	40000	0.3789836936	0.0136857294752	3	0.014999999999999999
han_introgressed_neutral_g645_gate_r096	Han	neutral	0	2026087484	29	mean_p_tmrca_lt	focal	50000	0.4373725973	0.0136857294752	3	0.014999999999999999
han_introgressed_neutral_g645_gate_r096	Han	neutral	0	2026087484	29	mean_p_tmrca_lt	local_100kb	1000	0.0132619509753	0.0136857294752	3	0.014999999999999999
han_introgressed_neutral_g645_gate_r096	Han	neutral	0	2026087484	29	mean_p_tmrca_lt	local_100kb	4500	0.0584975908738	0.0136857294752	3	0.014999999999999999
han_introgressed_neutral_g645_gate_r096	Han	neutral	0	2026087484	29	mean_p_tmrca_lt	local_100kb	10000	0.121334908583	0.0136857294752	3	0.014999999999999999
han_introgressed_neutral_g645_gate_r096	Han	neutral	0	2026087484	29	mean_p_tmrca_lt	local_100kb	20000	0.21147019282400001	0.0136857294752	3	0.014999999999999999
han_introgressed_neutral_g645_gate_r096	Han	neutral	0	2026087484	29	mean_p_tmrca_lt	local_100kb	30000	0.27921194870999999	0.0136857294752	3	0.014999999999999999
han_introgressed_neutral_g645_gate_r096	Han	neutral	0	2026087484	29	mean_p_tmrca_lt	local_100kb	40000	0.33225586402399998	0.0136857294752	3	0.014999999999999999
han_introgressed_neutral_g645_gate_r096	Han	neutral	0	2026087484	29	mean_p_tmrca_lt	local_100kb	50000	0.37541310221399998	0.0136857294752	3	0.014999999999999999
han_introgressed_neutral_g645_gate_r096	Han	neutral	0	2026087484	29	paper_frac_posterior_mean_below	focal	1000	0.0006060606061	0.0136857294752	3	0.014999999999999999
han_introgressed_neutral_g645_gate_r096	Han	neutral	0	2026087484	29	paper_frac_posterior_mean_below	focal	4500	0.002626262626	0.0136857294752	3	0.014999999999999999
han_introgressed_neutral_g645_gate_r096	Han	neutral	0	2026087484	29	paper_frac_posterior_mean_below	focal	10000	0.016363636359999999	0.0136857294752	3	0.014999999999999999
han_introgressed_neutral_g645_gate_r096	Han	neutral	0	2026087484	29	paper_frac_posterior_mean_below	focal	20000	0.092929292930000004	0.0136857294752	3	0.014999999999999999
han_introgressed_neutral_g645_gate_r096	Han	neutral	0	2026087484	29	paper_frac_posterior_mean_below	focal	30000	0.18040404039999999	0.0136857294752	3	0.014999999999999999
han_introgressed_neutral_g645_gate_r096	Han	neutral	0	2026087484	29	paper_frac_posterior_mean_below	focal	40000	0.2446464646	0.0136857294752	3	0.014999999999999999
han_introgressed_neutral_g645_gate_r096	Han	neutral	0	2026087484	29	paper_frac_posterior_mean_below	focal	50000	0.28646464649999998	0.0136857294752	3	0.014999999999999999
han_introgressed_neutral_g645_gate_r096	Han	neutral	0	2026087484	29	paper_frac_posterior_mean_below	local_100kb	1000	0.0006060606061	0.0136857294752	3	0.014999999999999999
han_introgressed_neutral_g645_gate_r096	Han	neutral	0	2026087484	29	paper_frac_posterior_mean_below	local_100kb	4500	0.002626262626	0.0136857294752	3	0.014999999999999999
han_introgressed_neutral_g645_gate_r096	Han	neutral	0	2026087484	29	paper_frac_posterior_mean_below	local_100kb	10000	0.019769119769000001	0.0136857294752	3	0.014999999999999999
han_introgressed_neutral_g645_gate_r096	Han	neutral	0	2026087484	29	paper_frac_posterior_mean_below	local_100kb	20000	0.116161616159	0.0136857294752	3	0.014999999999999999
han_introgressed_neutral_g645_gate_r096	Han	neutral	0	2026087484	29	paper_frac_posterior_mean_below	local_100kb	30000	0.203732563729	0.0136857294752	3	0.014999999999999999
han_introgressed_neutral_g645_gate_r096	Han	neutral	0	2026087484	29	paper_frac_posterior_mean_below	local_100kb	40000	0.26442520442900003	0.0136857294752	3	0.014999999999999999
han_introgressed_neutral_g645_gate_r096	Han	neutral	0	2026087484	29	paper_frac_posterior_mean_below	local_100kb	50000	0.30635882635200001	0.0136857294752	3	0.014999999999999999
han_introgressed_neutral_g645_gate_r097	Han	neutral	0	2026087510	29	mean_p_tmrca_lt	focal	1000	0.007987464029	0.0180754917597	6	0.029999999999999999
han_introgressed_neutral_g645_gate_r097	Han	neutral	0	2026087510	29	mean_p_tmrca_lt	focal	4500	0.037928199750000002	0.0180754917597	6	0.029999999999999999
han_introgressed_neutral_g645_gate_r097	Han	neutral	0	2026087510	29	mean_p_tmrca_lt	focal	10000	0.082577154469999997	0.0180754917597	6	0.029999999999999999
han_introgressed_neutral_g645_gate_r097	Han	neutral	0	2026087510	29	mean_p_tmrca_lt	focal	20000	0.15105999980000001	0.0180754917597	6	0.029999999999999999
han_introgressed_neutral_g645_gate_r097	Han	neutral	0	2026087510	29	mean_p_tmrca_lt	focal	30000	0.20739211569999999	0.0180754917597	6	0.029999999999999999
han_introgressed_neutral_g645_gate_r097	Han	neutral	0	2026087510	29	mean_p_tmrca_lt	focal	40000	0.25629209809999998	0.0180754917597	6	0.029999999999999999
han_introgressed_neutral_g645_gate_r097	Han	neutral	0	2026087510	29	mean_p_tmrca_lt	focal	50000	0.30038739489999999	0.0180754917597	6	0.029999999999999999
han_introgressed_neutral_g645_gate_r097	Han	neutral	0	2026087510	29	mean_p_tmrca_lt	local_100kb	1000	0.0099262151169500004	0.0180754917597	6	0.029999999999999999
han_introgressed_neutral_g645_gate_r097	Han	neutral	0	2026087510	29	mean_p_tmrca_lt	local_100kb	4500	0.045319853644300002	0.0180754917597	6	0.029999999999999999
han_introgressed_neutral_g645_gate_r097	Han	neutral	0	2026087510	29	mean_p_tmrca_lt	local_100kb	10000	0.095928903319999995	0.0180754917597	6	0.029999999999999999
han_introgressed_neutral_g645_gate_r097	Han	neutral	0	2026087510	29	mean_p_tmrca_lt	local_100kb	20000	0.17079538217099999	0.0180754917597	6	0.029999999999999999
han_introgressed_neutral_g645_gate_r097	Han	neutral	0	2026087510	29	mean_p_tmrca_lt	local_100kb	30000	0.229254668976	0.0180754917597	6	0.029999999999999999
han_introgressed_neutral_g645_gate_r097	Han	neutral	0	2026087510	29	mean_p_tmrca_lt	local_100kb	40000	0.27668184151899999	0.0180754917597	6	0.029999999999999999
han_introgressed_neutral_g645_gate_r097	Han	neutral	0	2026087510	29	mean_p_tmrca_lt	local_100kb	50000	0.31644518320999998	0.0180754917597	6	0.029999999999999999
han_introgressed_neutral_g645_gate_r097	Han	neutral	0	2026087510	29	paper_frac_posterior_mean_below	focal	1000	0.000404040404	0.0180754917597	6	0.029999999999999999
han_introgressed_neutral_g645_gate_r097	Han	neutral	0	2026087510	29	paper_frac_posterior_mean_below	focal	4500	0.0018181818180000001	0.0180754917597	6	0.029999999999999999
han_introgressed_neutral_g645_gate_r097	Han	neutral	0	2026087510	29	paper_frac_posterior_mean_below	focal	10000	0.015151515149999999	0.0180754917597	6	0.029999999999999999
han_introgressed_neutral_g645_gate_r097	Han	neutral	0	2026087510	29	paper_frac_posterior_mean_below	focal	20000	0.075151515150000001	0.0180754917597	6	0.029999999999999999
han_introgressed_neutral_g645_gate_r097	Han	neutral	0	2026087510	29	paper_frac_posterior_mean_below	focal	30000	0.1276767677	0.0180754917597	6	0.029999999999999999
han_introgressed_neutral_g645_gate_r097	Han	neutral	0	2026087510	29	paper_frac_posterior_mean_below	focal	40000	0.18080808079999999	0.0180754917597	6	0.029999999999999999
han_introgressed_neutral_g645_gate_r097	Han	neutral	0	2026087510	29	paper_frac_posterior_mean_below	focal	50000	0.21616161619999999	0.0180754917597	6	0.029999999999999999
han_introgressed_neutral_g645_gate_r097	Han	neutral	0	2026087510	29	paper_frac_posterior_mean_below	local_100kb	1000	0.000404040404	0.0180754917597	6	0.029999999999999999
han_introgressed_neutral_g645_gate_r097	Han	neutral	0	2026087510	29	paper_frac_posterior_mean_below	local_100kb	4500	0.0017893217891400001	0.0180754917597	6	0.029999999999999999
han_introgressed_neutral_g645_gate_r097	Han	neutral	0	2026087510	29	paper_frac_posterior_mean_below	local_100kb	10000	0.017806637807100002	0.0180754917597	6	0.029999999999999999
han_introgressed_neutral_g645_gate_r097	Han	neutral	0	2026087510	29	paper_frac_posterior_mean_below	local_100kb	20000	0.082077922077100005	0.0180754917597	6	0.029999999999999999
han_introgressed_neutral_g645_gate_r097	Han	neutral	0	2026087510	29	paper_frac_posterior_mean_below	local_100kb	30000	0.140336700329	0.0180754917597	6	0.029999999999999999
han_introgressed_neutral_g645_gate_r097	Han	neutral	0	2026087510	29	paper_frac_posterior_mean_below	local_100kb	40000	0.20169312168600001	0.0180754917597	6	0.029999999999999999
han_introgressed_neutral_g645_gate_r097	Han	neutral	0	2026087510	29	paper_frac_posterior_mean_below	local_100kb	50000	0.24438672439	0.0180754917597	6	0.029999999999999999
han_introgressed_neutral_g645_gate_r098	Han	neutral	0	2026087551	29	mean_p_tmrca_lt	focal	1000	0.0098740294500000002	0.0058023847497499998	1	0.0050000000000000001
han_introgressed_neutral_g645_gate_r098	Han	neutral	0	2026087551	29	mean_p_tmrca_lt	focal	4500	0.046103925980000002	0.0058023847497499998	1	0.0050000000000000001
han_introgressed_neutral_g645_gate_r098	Han	neutral	0	2026087551	29	mean_p_tmrca_lt	focal	10000	0.10108825170000001	0.0058023847497499998	1	0.0050000000000000001
han_introgressed_neutral_g645_gate_r098	Han	neutral	0	2026087551	29	mean_p_tmrca_lt	focal	20000	0.1893422344	0.0058023847497499998	1	0.0050000000000000001
han_introgressed_neutral_g645_gate_r098	Han	neutral	0	2026087551	29	mean_p_tmrca_lt	focal	30000	0.2630432694	0.0058023847497499998	1	0.0050000000000000001
han_introgressed_neutral_g645_gate_r098	Han	neutral	0	2026087551	29	mean_p_tmrca_lt	focal	40000	0.32472708700000003	0.0058023847497499998	1	0.0050000000000000001
han_introgressed_neutral_g645_gate_r098	Han	neutral	0	2026087551	29	mean_p_tmrca_lt	focal	50000	0.37684809689999998	0.0058023847497499998	1	0.0050000000000000001
han_introgressed_neutral_g645_gate_r098	Han	neutral	0	2026087551	29	mean_p_tmrca_lt	local_100kb	1000	0.011342071555099999	0.0058023847497499998	1	0.0050000000000000001
han_introgressed_neutral_g645_gate_r098	Han	neutral	0	2026087551	29	mean_p_tmrca_lt	local_100kb	4500	0.051985570257100003	0.0058023847497499998	1	0.0050000000000000001
han_introgressed_neutral_g645_gate_r098	Han	neutral	0	2026087551	29	mean_p_tmrca_lt	local_100kb	10000	0.112344534917	0.0058023847497499998	1	0.0050000000000000001
han_introgressed_neutral_g645_gate_r098	Han	neutral	0	2026087551	29	mean_p_tmrca_lt	local_100kb	20000	0.206440163771	0.0058023847497499998	1	0.0050000000000000001
han_introgressed_neutral_g645_gate_r098	Han	neutral	0	2026087551	29	mean_p_tmrca_lt	local_100kb	30000	0.28279992463300002	0.0058023847497499998	1	0.0050000000000000001
han_introgressed_neutral_g645_gate_r098	Han	neutral	0	2026087551	29	mean_p_tmrca_lt	local_100kb	40000	0.34554641303799999	0.0058023847497499998	1	0.0050000000000000001
han_introgressed_neutral_g645_gate_r098	Han	neutral	0	2026087551	29	mean_p_tmrca_lt	local_100kb	50000	0.39797662290000002	0.0058023847497499998	1	0.0050000000000000001
han_introgressed_neutral_g645_gate_r098	Han	neutral	0	2026087551	29	paper_frac_posterior_mean_below	focal	1000	0.000404040404	0.0058023847497499998	1	0.0050000000000000001
han_introgressed_neutral_g645_gate_r098	Han	neutral	0	2026087551	29	paper_frac_posterior_mean_below	focal	4500	0.0020202020199999999	0.0058023847497499998	1	0.0050000000000000001
han_introgressed_neutral_g645_gate_r098	Han	neutral	0	2026087551	29	paper_frac_posterior_mean_below	focal	10000	0.013131313130000001	0.0058023847497499998	1	0.0050000000000000001
han_introgressed_neutral_g645_gate_r098	Han	neutral	0	2026087551	29	paper_frac_posterior_mean_below	focal	20000	0.059393939389999997	0.0058023847497499998	1	0.0050000000000000001
han_introgressed_neutral_g645_gate_r098	Han	neutral	0	2026087551	29	paper_frac_posterior_mean_below	focal	30000	0.1446464646	0.0058023847497499998	1	0.0050000000000000001
han_introgressed_neutral_g645_gate_r098	Han	neutral	0	2026087551	29	paper_frac_posterior_mean_below	focal	40000	0.22383838380000001	0.0058023847497499998	1	0.0050000000000000001
han_introgressed_neutral_g645_gate_r098	Han	neutral	0	2026087551	29	paper_frac_posterior_mean_below	focal	50000	0.2804040404	0.0058023847497499998	1	0.0050000000000000001
han_introgressed_neutral_g645_gate_r098	Han	neutral	0	2026087551	29	paper_frac_posterior_mean_below	local_100kb	1000	0.00056758056756699995	0.0058023847497499998	1	0.0050000000000000001
han_introgressed_neutral_g645_gate_r098	Han	neutral	0	2026087551	29	paper_frac_posterior_mean_below	local_100kb	4500	0.0022029822027599998	0.0058023847497499998	1	0.0050000000000000001
han_introgressed_neutral_g645_gate_r098	Han	neutral	0	2026087551	29	paper_frac_posterior_mean_below	local_100kb	10000	0.0155170755171	0.0058023847497499998	1	0.0050000000000000001
han_introgressed_neutral_g645_gate_r098	Han	neutral	0	2026087551	29	paper_frac_posterior_mean_below	local_100kb	20000	0.075218855220000005	0.0058023847497499998	1	0.0050000000000000001
han_introgressed_neutral_g645_gate_r098	Han	neutral	0	2026087551	29	paper_frac_posterior_mean_below	local_100kb	30000	0.159557479557	0.0058023847497499998	1	0.0050000000000000001
han_introgressed_neutral_g645_gate_r098	Han	neutral	0	2026087551	29	paper_frac_posterior_mean_below	local_100kb	40000	0.24544492543300001	0.0058023847497499998	1	0.0050000000000000001
han_introgressed_neutral_g645_gate_r098	Han	neutral	0	2026087551	29	paper_frac_posterior_mean_below	local_100kb	50000	0.30683982683799998	0.0058023847497499998	1	0.0050000000000000001
han_introgressed_neutral_g645_gate_r099	Han	neutral	0	2026087564	29	mean_p_tmrca_lt	focal	1000	0.018607684770000001	0.040647072226000003	9	0.044999999999999998
han_introgressed_neutral_g645_gate_r099	Han	neutral	0	2026087564	29	mean_p_tmrca_lt	focal	4500	0.083205065100000003	0.040647072226000003	9	0.044999999999999998
han_introgressed_neutral_g645_gate_r099	Han	neutral	0	2026087564	29	mean_p_tmrca_lt	focal	10000	0.17270945800000001	0.040647072226000003	9	0.044999999999999998
han_introgressed_neutral_g645_gate_r099	Han	neutral	0	2026087564	29	mean_p_tmrca_lt	focal	20000	0.29519262740000002	0.040647072226000003	9	0.044999999999999998
han_introgressed_neutral_g645_gate_r099	Han	neutral	0	2026087564	29	mean_p_tmrca_lt	focal	30000	0.37830485530000002	0.040647072226000003	9	0.044999999999999998
han_introgressed_neutral_g645_gate_r099	Han	neutral	0	2026087564	29	mean_p_tmrca_lt	focal	40000	0.43596318540000001	0.040647072226000003	9	0.044999999999999998
han_introgressed_neutral_g645_gate_r099	Han	neutral	0	2026087564	29	mean_p_tmrca_lt	focal	50000	0.4774655458	0.040647072226000003	9	0.044999999999999998
han_introgressed_neutral_g645_gate_r099	Han	neutral	0	2026087564	29	mean_p_tmrca_lt	local_100kb	1000	0.018469554205199998	0.040647072226000003	9	0.044999999999999998
han_introgressed_neutral_g645_gate_r099	Han	neutral	0	2026087564	29	mean_p_tmrca_lt	local_100kb	4500	0.083932018297099995	0.040647072226000003	9	0.044999999999999998
han_introgressed_neutral_g645_gate_r099	Han	neutral	0	2026087564	29	mean_p_tmrca_lt	local_100kb	10000	0.17433541915699999	0.040647072226000003	9	0.044999999999999998
han_introgressed_neutral_g645_gate_r099	Han	neutral	0	2026087564	29	mean_p_tmrca_lt	local_100kb	20000	0.29735752527600001	0.040647072226000003	9	0.044999999999999998
han_introgressed_neutral_g645_gate_r099	Han	neutral	0	2026087564	29	mean_p_tmrca_lt	local_100kb	30000	0.381886950871	0.040647072226000003	9	0.044999999999999998
han_introgressed_neutral_g645_gate_r099	Han	neutral	0	2026087564	29	mean_p_tmrca_lt	local_100kb	40000	0.44254635319000002	0.040647072226000003	9	0.044999999999999998
han_introgressed_neutral_g645_gate_r099	Han	neutral	0	2026087564	29	mean_p_tmrca_lt	local_100kb	50000	0.48833644919000002	0.040647072226000003	9	0.044999999999999998
han_introgressed_neutral_g645_gate_r099	Han	neutral	0	2026087564	29	paper_frac_posterior_mean_below	focal	1000	0.000404040404	0.040647072226000003	9	0.044999999999999998
han_introgressed_neutral_g645_gate_r099	Han	neutral	0	2026087564	29	paper_frac_posterior_mean_below	focal	4500	0.0028282828279999998	0.040647072226000003	9	0.044999999999999998
han_introgressed_neutral_g645_gate_r099	Han	neutral	0	2026087564	29	paper_frac_posterior_mean_below	focal	10000	0.047272727270000002	0.040647072226000003	9	0.044999999999999998
han_introgressed_neutral_g645_gate_r099	Han	neutral	0	2026087564	29	paper_frac_posterior_mean_below	focal	20000	0.20686868689999999	0.040647072226000003	9	0.044999999999999998
han_introgressed_neutral_g645_gate_r099	Han	neutral	0	2026087564	29	paper_frac_posterior_mean_below	focal	30000	0.33272727270000002	0.040647072226000003	9	0.044999999999999998
han_introgressed_neutral_g645_gate_r099	Han	neutral	0	2026087564	29	paper_frac_posterior_mean_below	focal	40000	0.40424242420000001	0.040647072226000003	9	0.044999999999999998
han_introgressed_neutral_g645_gate_r099	Han	neutral	0	2026087564	29	paper_frac_posterior_mean_below	focal	50000	0.45151515149999999	0.040647072226000003	9	0.044999999999999998
han_introgressed_neutral_g645_gate_r099	Han	neutral	0	2026087564	29	paper_frac_posterior_mean_below	local_100kb	1000	0.000404040404	0.040647072226000003	9	0.044999999999999998
han_introgressed_neutral_g645_gate_r099	Han	neutral	0	2026087564	29	paper_frac_posterior_mean_below	local_100kb	4500	0.0031361231358100002	0.040647072226000003	9	0.044999999999999998
han_introgressed_neutral_g645_gate_r099	Han	neutral	0	2026087564	29	paper_frac_posterior_mean_below	local_100kb	10000	0.044531024531000003	0.040647072226000003	9	0.044999999999999998
han_introgressed_neutral_g645_gate_r099	Han	neutral	0	2026087564	29	paper_frac_posterior_mean_below	local_100kb	20000	0.21220779221	0.040647072226000003	9	0.044999999999999998
han_introgressed_neutral_g645_gate_r099	Han	neutral	0	2026087564	29	paper_frac_posterior_mean_below	local_100kb	30000	0.33001443001000003	0.040647072226000003	9	0.044999999999999998
han_introgressed_neutral_g645_gate_r099	Han	neutral	0	2026087564	29	paper_frac_posterior_mean_below	local_100kb	40000	0.404030784019	0.040647072226000003	9	0.044999999999999998
han_introgressed_neutral_g645_gate_r099	Han	neutral	0	2026087564	29	paper_frac_posterior_mean_below	local_100kb	50000	0.44455026453300001	0.040647072226000003	9	0.044999999999999998
han_selected_s0p01	Han	selected	0.01	20240658	29	mean_p_tmrca_lt	focal	1000	0.016721066989999998	0.19513936356	32	0.16
han_selected_s0p01	Han	selected	0.01	20240658	29	mean_p_tmrca_lt	focal	4500	0.077657668740000005	0.19513936356	32	0.16
han_selected_s0p01	Han	selected	0.01	20240658	29	mean_p_tmrca_lt	focal	10000	0.16699917589999999	0.19513936356	32	0.16
han_selected_s0p01	Han	selected	0.01	20240658	29	mean_p_tmrca_lt	focal	20000	0.30247390419999998	0.19513936356	32	0.16
han_selected_s0p01	Han	selected	0.01	20240658	29	mean_p_tmrca_lt	focal	30000	0.4088312288	0.19513936356	32	0.16
han_selected_s0p01	Han	selected	0.01	20240658	29	mean_p_tmrca_lt	focal	40000	0.49375971159999998	0.19513936356	32	0.16
han_selected_s0p01	Han	selected	0.01	20240658	29	mean_p_tmrca_lt	focal	50000	0.56287953030000004	0.19513936356	32	0.16
han_selected_s0p01	Han	selected	0.01	20240658	29	mean_p_tmrca_lt	local_100kb	1000	0.012718399548600001	0.19513936356	32	0.16
han_selected_s0p01	Han	selected	0.01	20240658	29	mean_p_tmrca_lt	local_100kb	4500	0.0590385803805	0.19513936356	32	0.16
han_selected_s0p01	Han	selected	0.01	20240658	29	mean_p_tmrca_lt	local_100kb	10000	0.12526833316800001	0.19513936356	32	0.16
han_selected_s0p01	Han	selected	0.01	20240658	29	mean_p_tmrca_lt	local_100kb	20000	0.22348741941399999	0.19513936356	32	0.16
han_selected_s0p01	Han	selected	0.01	20240658	29	mean_p_tmrca_lt	local_100kb	30000	0.30015960010999998	0.19513936356	32	0.16
han_selected_s0p01	Han	selected	0.01	20240658	29	mean_p_tmrca_lt	local_100kb	40000	0.36188438272899998	0.19513936356	32	0.16
han_selected_s0p01	Han	selected	0.01	20240658	29	mean_p_tmrca_lt	local_100kb	50000	0.412876245295	0.19513936356	32	0.16
han_selected_s0p01	Han	selected	0.01	20240658	29	paper_frac_posterior_mean_below	focal	1000	0.000202020202	0.19513936356	32	0.16
han_selected_s0p01	Han	selected	0.01	20240658	29	paper_frac_posterior_mean_below	focal	4500	0.002626262626	0.19513936356	32	0.16
han_selected_s0p01	Han	selected	0.01	20240658	29	paper_frac_posterior_mean_below	focal	10000	0.01919191919	0.19513936356	32	0.16
han_selected_s0p01	Han	selected	0.01	20240658	29	paper_frac_posterior_mean_below	focal	20000	0.092525252530000004	0.19513936356	32	0.16
han_selected_s0p01	Han	selected	0.01	20240658	29	paper_frac_posterior_mean_below	focal	30000	0.2086868687	0.19513936356	32	0.16
han_selected_s0p01	Han	selected	0.01	20240658	29	paper_frac_posterior_mean_below	focal	40000	0.3525252525	0.19513936356	32	0.16
han_selected_s0p01	Han	selected	0.01	20240658	29	paper_frac_posterior_mean_below	focal	50000	0.51232323229999999	0.19513936356	32	0.16
han_selected_s0p01	Han	selected	0.01	20240658	29	paper_frac_posterior_mean_below	local_100kb	1000	0.000202020202	0.19513936356	32	0.16
han_selected_s0p01	Han	selected	0.01	20240658	29	paper_frac_posterior_mean_below	local_100kb	4500	0.0028860028857100001	0.19513936356	32	0.16
han_selected_s0p01	Han	selected	0.01	20240658	29	paper_frac_posterior_mean_below	local_100kb	10000	0.0254160654162	0.19513936356	32	0.16
han_selected_s0p01	Han	selected	0.01	20240658	29	paper_frac_posterior_mean_below	local_100kb	20000	0.103155363155	0.19513936356	32	0.16
han_selected_s0p01	Han	selected	0.01	20240658	29	paper_frac_posterior_mean_below	local_100kb	30000	0.18647426647599999	0.19513936356	32	0.16
han_selected_s0p01	Han	selected	0.01	20240658	29	paper_frac_posterior_mean_below	local_100kb	40000	0.26775372774799999	0.19513936356	32	0.16
han_selected_s0p01	Han	selected	0.01	20240658	29	paper_frac_posterior_mean_below	local_100kb	50000	0.3404040404	0.19513936356	32	0.16
