source,cutoff_years,alpha,stride_bp,max_gap_strides,min_significant_strides,mode,subset,n,power,fdr_mean,fdr_pooled,f1_mean,fp_mean,any_call,focal_significant,tp_total,fp_total,power_50000,overlap_power_50000,overlap_fdr_50000,power_100000,overlap_power_100000,overlap_fdr_100000,power_250000,overlap_power_250000,overlap_fdr_250000,power_500000,overlap_power_500000,overlap_fdr_500000
decoded,5000,0.001,10000,0,1,neutral,all,1000,0.0,0.139,1.0,0.0,0.217,0.139,0.001,0,217,0.0,0.0,0.139,0.0,0.0,0.139,0.0,0.0,0.139,0.0,0.0,0.139
decoded,5000,0.001,10000,0,1,selected,all,100,0.08,0.18083333333333332,0.7837837837837838,0.057333333333333326,0.29,0.23,0.05,8,29,0.06,0.07,0.18416666666666665,0.08,0.08,0.18083333333333332,0.08,0.08,0.18083333333333332,0.09,0.09,0.1708333333333333
decoded,5000,0.001,10000,0,1,selected,nonfixed,100,0.08,0.18083333333333332,0.7837837837837838,0.057333333333333326,0.29,0.23,0.05,8,29,0.06,0.07,0.18416666666666665,0.08,0.08,0.18083333333333332,0.08,0.08,0.18083333333333332,0.09,0.09,0.1708333333333333
decoded,5000,0.001,10000,0,3,neutral,all,1000,0.0,0.081,1.0,0.0,0.093,0.081,0.001,0,93,0.0,0.0,0.081,0.0,0.0,0.081,0.0,0.0,0.081,0.0,0.0,0.081
decoded,5000,0.001,10000,0,3,selected,all,100,0.05,0.08,0.6153846153846154,0.05,0.08,0.13,0.05,5,8,0.04,0.05,0.08,0.05,0.05,0.08,0.06,0.06,0.07,0.07,0.07,0.06
decoded,5000,0.001,10000,0,3,selected,nonfixed,100,0.05,0.08,0.6153846153846154,0.05,0.08,0.13,0.05,5,8,0.04,0.05,0.08,0.05,0.05,0.08,0.06,0.06,0.07,0.07,0.07,0.06
decoded,5000,0.001,10000,0,5,neutral,all,1000,0.0,0.057,1.0,0.0,0.059,0.057,0.001,0,59,0.0,0.0,0.057,0.0,0.0,0.057,0.0,0.0,0.057,0.0,0.0,0.057
decoded,5000,0.001,10000,0,5,selected,all,100,0.05,0.05,0.5,0.05,0.05,0.1,0.05,5,5,0.04,0.05,0.05,0.05,0.05,0.05,0.05,0.05,0.05,0.05,0.05,0.05
decoded,5000,0.001,10000,0,5,selected,nonfixed,100,0.05,0.05,0.5,0.05,0.05,0.1,0.05,5,5,0.04,0.05,0.05,0.05,0.05,0.05,0.05,0.05,0.05,0.05,0.05,0.05
decoded,5000,0.001,10000,0,10,neutral,all,1000,0.0,0.032,1.0,0.0,0.033,0.032,0.001,0,33,0.0,0.0,0.032,0.0,0.0,0.032,0.0,0.0,0.032,0.0,0.0,0.032
decoded,5000,0.001,10000,0,10,selected,all,100,0.03,0.04,0.5714285714285714,0.03,0.04,0.07,0.05,3,4,0.02,0.03,0.04,0.03,0.03,0.04,0.03,0.03,0.04,0.03,0.03,0.04
decoded,5000,0.001,10000,0,10,selected,nonfixed,100,0.03,0.04,0.5714285714285714,0.03,0.04,0.07,0.05,3,4,0.02,0.03,0.04,0.03,0.03,0.04,0.03,0.03,0.04,0.03,0.03,0.04
decoded,5000,0.001,10000,0,20,neutral,all,1000,0.0,0.005,1.0,0.0,0.005,0.005,0.001,0,5,0.0,0.0,0.005,0.0,0.0,0.005,0.0,0.0,0.005,0.0,0.0,0.005
decoded,5000,0.001,10000,0,20,selected,all,100,0.01,0.02,0.6666666666666666,0.01,0.02,0.03,0.05,1,2,0.0,0.01,0.02,0.01,0.01,0.02,0.01,0.01,0.02,0.01,0.01,0.02
decoded,5000,0.001,10000,0,20,selected,nonfixed,100,0.01,0.02,0.6666666666666666,0.01,0.02,0.03,0.05,1,2,0.0,0.01,0.02,0.01,0.01,0.02,0.01,0.01,0.02,0.01,0.01,0.02
decoded,5000,0.001,10000,1,1,neutral,all,1000,0.0,0.139,1.0,0.0,0.196,0.139,0.001,0,196,0.0,0.0,0.139,0.0,0.0,0.139,0.0,0.0,0.139,0.0,0.0,0.139
decoded,5000,0.001,10000,1,1,selected,all,100,0.08,0.1775,0.7647058823529411,0.06066666666666667,0.26,0.23,0.05,8,26,0.06,0.07,0.1825,0.08,0.08,0.1775,0.08,0.08,0.1775,0.09,0.09,0.1675
decoded,5000,0.001,10000,1,1,selected,nonfixed,100,0.08,0.1775,0.7647058823529411,0.06066666666666667,0.26,0.23,0.05,8,26,0.06,0.07,0.1825,0.08,0.08,0.1775,0.08,0.08,0.1775,0.09,0.09,0.1675
decoded,5000,0.001,10000,1,3,neutral,all,1000,0.0,0.085,1.0,0.0,0.096,0.085,0.001,0,96,0.0,0.0,0.085,0.0,0.0,0.085,0.0,0.0,0.085,0.0,0.0,0.085
decoded,5000,0.001,10000,1,3,selected,all,100,0.05,0.09,0.6428571428571429,0.05,0.09,0.14,0.05,5,9,0.04,0.05,0.09,0.05,0.05,0.09,0.06,0.06,0.08,0.07,0.07,0.07
decoded,5000,0.001,10000,1,3,selected,nonfixed,100,0.05,0.09,0.6428571428571429,0.05,0.09,0.14,0.05,5,9,0.04,0.05,0.09,0.05,0.05,0.09,0.06,0.06,0.08,0.07,0.07,0.07
decoded,5000,0.001,10000,1,5,neutral,all,1000,0.0,0.06,1.0,0.0,0.062,0.06,0.001,0,62,0.0,0.0,0.06,0.0,0.0,0.06,0.0,0.0,0.06,0.0,0.0,0.06
decoded,5000,0.001,10000,1,5,selected,all,100,0.05,0.05,0.5,0.05,0.05,0.1,0.05,5,5,0.04,0.05,0.05,0.05,0.05,0.05,0.05,0.05,0.05,0.05,0.05,0.05
decoded,5000,0.001,10000,1,5,selected,nonfixed,100,0.05,0.05,0.5,0.05,0.05,0.1,0.05,5,5,0.04,0.05,0.05,0.05,0.05,0.05,0.05,0.05,0.05,0.05,0.05,0.05
decoded,5000,0.001,10000,1,10,neutral,all,1000,0.0,0.032,1.0,0.0,0.032,0.032,0.001,0,32,0.0,0.0,0.032,0.0,0.0,0.032,0.0,0.0,0.032,0.0,0.0,0.032
decoded,5000,0.001,10000,1,10,selected,all,100,0.03,0.04,0.5714285714285714,0.03,0.04,0.07,0.05,3,4,0.02,0.03,0.04,0.03,0.03,0.04,0.03,0.03,0.04,0.03,0.03,0.04
decoded,5000,0.001,10000,1,10,selected,nonfixed,100,0.03,0.04,0.5714285714285714,0.03,0.04,0.07,0.05,3,4,0.02,0.03,0.04,0.03,0.03,0.04,0.03,0.03,0.04,0.03,0.03,0.04
decoded,5000,0.001,10000,1,20,neutral,all,1000,0.0,0.006,1.0,0.0,0.006,0.006,0.001,0,6,0.0,0.0,0.006,0.0,0.0,0.006,0.0,0.0,0.006,0.0,0.0,0.006
decoded,5000,0.001,10000,1,20,selected,all,100,0.01,0.02,0.6666666666666666,0.01,0.02,0.03,0.05,1,2,0.0,0.01,0.02,0.01,0.01,0.02,0.01,0.01,0.02,0.01,0.01,0.02
decoded,5000,0.001,10000,1,20,selected,nonfixed,100,0.01,0.02,0.6666666666666666,0.01,0.02,0.03,0.05,1,2,0.0,0.01,0.02,0.01,0.01,0.02,0.01,0.01,0.02,0.01,0.01,0.02
decoded,5000,0.001,20000,0,1,neutral,all,1000,0.0,0.127,1.0,0.0,0.169,0.127,0.001,0,169,0.0,0.0,0.127,0.0,0.0,0.127,0.0,0.0,0.127,0.0,0.0,0.127
decoded,5000,0.001,20000,0,1,selected,all,100,0.08,0.1475,0.7419354838709677,0.06066666666666667,0.23,0.2,0.05,8,23,0.05,0.06,0.155,0.08,0.08,0.1475,0.08,0.08,0.1475,0.09,0.09,0.1375
decoded,5000,0.001,20000,0,1,selected,nonfixed,100,0.08,0.1475,0.7419354838709677,0.06066666666666667,0.23,0.2,0.05,8,23,0.05,0.06,0.155,0.08,0.08,0.1475,0.08,0.08,0.1475,0.09,0.09,0.1375
decoded,5000,0.001,20000,0,3,neutral,all,1000,0.0,0.053,1.0,0.0,0.056,0.053,0.001,0,56,0.0,0.0,0.053,0.0,0.0,0.053,0.0,0.0,0.053,0.0,0.0,0.053
decoded,5000,0.001,20000,0,3,selected,all,100,0.04,0.04,0.5,0.04,0.04,0.08,0.05,4,4,0.03,0.04,0.04,0.04,0.04,0.04,0.04,0.04,0.04,0.04,0.04,0.04
decoded,5000,0.001,20000,0,3,selected,nonfixed,100,0.04,0.04,0.5,0.04,0.04,0.08,0.05,4,4,0.03,0.04,0.04,0.04,0.04,0.04,0.04,0.04,0.04,0.04,0.04,0.04
decoded,5000,0.001,20000,0,5,neutral,all,1000,0.0,0.032,1.0,0.0,0.033,0.032,0.001,0,33,0.0,0.0,0.032,0.0,0.0,0.032,0.0,0.0,0.032,0.0,0.0,0.032
decoded,5000,0.001,20000,0,5,selected,all,100,0.03,0.04,0.5714285714285714,0.03,0.04,0.07,0.05,3,4,0.02,0.03,0.04,0.03,0.03,0.04,0.03,0.03,0.04,0.03,0.03,0.04
decoded,5000,0.001,20000,0,5,selected,nonfixed,100,0.03,0.04,0.5714285714285714,0.03,0.04,0.07,0.05,3,4,0.02,0.03,0.04,0.03,0.03,0.04,0.03,0.03,0.04,0.03,0.03,0.04
decoded,5000,0.001,20000,0,10,neutral,all,1000,0.0,0.006,1.0,0.0,0.006,0.006,0.001,0,6,0.0,0.0,0.006,0.0,0.0,0.006,0.0,0.0,0.006,0.0,0.0,0.006
decoded,5000,0.001,20000,0,10,selected,all,100,0.01,0.02,0.6666666666666666,0.01,0.02,0.03,0.05,1,2,0.0,0.01,0.02,0.01,0.01,0.02,0.01,0.01,0.02,0.01,0.01,0.02
decoded,5000,0.001,20000,0,10,selected,nonfixed,100,0.01,0.02,0.6666666666666666,0.01,0.02,0.03,0.05,1,2,0.0,0.01,0.02,0.01,0.01,0.02,0.01,0.01,0.02,0.01,0.01,0.02
decoded,5000,0.001,20000,0,20,neutral,all,1000,0.0,0.0,,0.0,0.0,0.0,0.001,0,0,0.0,0.0,0.0,0.0,0.0,0.0,0.0,0.0,0.0,0.0,0.0,0.0
decoded,5000,0.001,20000,0,20,selected,all,100,0.0,0.0,,0.0,0.0,0.0,0.05,0,0,0.0,0.0,0.0,0.0,0.0,0.0,0.0,0.0,0.0,0.0,0.0,0.0
decoded,5000,0.001,20000,0,20,selected,nonfixed,100,0.0,0.0,,0.0,0.0,0.0,0.05,0,0,0.0,0.0,0.0,0.0,0.0,0.0,0.0,0.0,0.0,0.0,0.0,0.0
decoded,5000,0.001,20000,1,1,neutral,all,1000,0.0,0.127,1.0,0.0,0.153,0.127,0.001,0,153,0.0,0.0,0.127,0.0,0.0,0.127,0.0,0.0,0.127,0.0,0.0,0.127
decoded,5000,0.001,20000,1,1,selected,all,100,0.08,0.14166666666666666,0.7037037037037037,0.065,0.19,0.2,0.05,8,19,0.05,0.06,0.15,0.08,0.08,0.14166666666666666,0.08,0.08,0.14166666666666666,0.09,0.09,0.13166666666666665
decoded,5000,0.001,20000,1,1,selected,nonfixed,100,0.08,0.14166666666666666,0.7037037037037037,0.065,0.19,0.2,0.05,8,19,0.05,0.06,0.15,0.08,0.08,0.14166666666666666,0.08,0.08,0.14166666666666666,0.09,0.09,0.13166666666666665
decoded,5000,0.001,20000,1,3,neutral,all,1000,0.0,0.055,1.0,0.0,0.057,0.055,0.001,0,57,0.0,0.0,0.055,0.0,0.0,0.055,0.0,0.0,0.055,0.0,0.0,0.055
decoded,5000,0.001,20000,1,3,selected,all,100,0.05,0.06,0.5454545454545454,0.05,0.06,0.11,0.05,5,6,0.04,0.05,0.06,0.05,0.05,0.06,0.06,0.06,0.05,0.06,0.06,0.05
decoded,5000,0.001,20000,1,3,selected,nonfixed,100,0.05,0.06,0.5454545454545454,0.05,0.06,0.11,0.05,5,6,0.04,0.05,0.06,0.05,0.05,0.06,0.06,0.06,0.05,0.06,0.06,0.05
decoded,5000,0.001,20000,1,5,neutral,all,1000,0.0,0.034,1.0,0.0,0.034,0.034,0.001,0,34,0.0,0.0,0.034,0.0,0.0,0.034,0.0,0.0,0.034,0.0,0.0,0.034
decoded,5000,0.001,20000,1,5,selected,all,100,0.03,0.04,0.5714285714285714,0.03,0.04,0.07,0.05,3,4,0.02,0.03,0.04,0.03,0.03,0.04,0.03,0.03,0.04,0.03,0.03,0.04
decoded,5000,0.001,20000,1,5,selected,nonfixed,100,0.03,0.04,0.5714285714285714,0.03,0.04,0.07,0.05,3,4,0.02,0.03,0.04,0.03,0.03,0.04,0.03,0.03,0.04,0.03,0.03,0.04
decoded,5000,0.001,20000,1,10,neutral,all,1000,0.0,0.008,1.0,0.0,0.008,0.008,0.001,0,8,0.0,0.0,0.008,0.0,0.0,0.008,0.0,0.0,0.008,0.0,0.0,0.008
decoded,5000,0.001,20000,1,10,selected,all,100,0.01,0.02,0.6666666666666666,0.01,0.02,0.03,0.05,1,2,0.0,0.01,0.02,0.01,0.01,0.02,0.01,0.01,0.02,0.01,0.01,0.02
decoded,5000,0.001,20000,1,10,selected,nonfixed,100,0.01,0.02,0.6666666666666666,0.01,0.02,0.03,0.05,1,2,0.0,0.01,0.02,0.01,0.01,0.02,0.01,0.01,0.02,0.01,0.01,0.02
decoded,5000,0.001,20000,1,20,neutral,all,1000,0.0,0.0,,0.0,0.0,0.0,0.001,0,0,0.0,0.0,0.0,0.0,0.0,0.0,0.0,0.0,0.0,0.0,0.0,0.0
decoded,5000,0.001,20000,1,20,selected,all,100,0.0,0.0,,0.0,0.0,0.0,0.05,0,0,0.0,0.0,0.0,0.0,0.0,0.0,0.0,0.0,0.0,0.0,0.0,0.0
decoded,5000,0.001,20000,1,20,selected,nonfixed,100,0.0,0.0,,0.0,0.0,0.0,0.05,0,0,0.0,0.0,0.0,0.0,0.0,0.0,0.0,0.0,0.0,0.0,0.0,0.0
decoded,5000,0.001,50000,0,1,neutral,all,1000,0.0,0.095,1.0,0.0,0.109,0.095,0.001,0,109,0.0,0.0,0.095,0.0,0.0,0.095,0.0,0.0,0.095,0.0,0.0,0.095
decoded,5000,0.001,50000,0,1,selected,all,100,0.07,0.09,0.5882352941176471,0.06333333333333332,0.1,0.15,0.05,7,10,0.06,0.07,0.09,0.07,0.07,0.09,0.07,0.07,0.09,0.08,0.08,0.08
decoded,5000,0.001,50000,0,1,selected,nonfixed,100,0.07,0.09,0.5882352941176471,0.06333333333333332,0.1,0.15,0.05,7,10,0.06,0.07,0.09,0.07,0.07,0.09,0.07,0.07,0.09,0.08,0.08,0.08
decoded,5000,0.001,50000,0,3,neutral,all,1000,0.0,0.019,1.0,0.0,0.019,0.019,0.001,0,19,0.0,0.0,0.019,0.0,0.0,0.019,0.0,0.0,0.019,0.0,0.0,0.019
decoded,5000,0.001,50000,0,3,selected,all,100,0.02,0.04,0.6666666666666666,0.02,0.04,0.06,0.05,2,4,0.01,0.02,0.04,0.02,0.02,0.04,0.02,0.02,0.04,0.02,0.02,0.04
decoded,5000,0.001,50000,0,3,selected,nonfixed,100,0.02,0.04,0.6666666666666666,0.02,0.04,0.06,0.05,2,4,0.01,0.02,0.04,0.02,0.02,0.04,0.02,0.02,0.04,0.02,0.02,0.04
decoded,5000,0.001,50000,0,5,neutral,all,1000,0.0,0.002,1.0,0.0,0.002,0.002,0.001,0,2,0.0,0.0,0.002,0.0,0.0,0.002,0.0,0.0,0.002,0.0,0.0,0.002
decoded,5000,0.001,50000,0,5,selected,all,100,0.01,0.0,0.0,0.01,0.0,0.01,0.05,1,0,0.0,0.01,0.0,0.01,0.01,0.0,0.01,0.01,0.0,0.01,0.01,0.0
decoded,5000,0.001,50000,0,5,selected,nonfixed,100,0.01,0.0,0.0,0.01,0.0,0.01,0.05,1,0,0.0,0.01,0.0,0.01,0.01,0.0,0.01,0.01,0.0,0.01,0.01,0.0
decoded,5000,0.001,50000,0,10,neutral,all,1000,0.0,0.0,,0.0,0.0,0.0,0.001,0,0,0.0,0.0,0.0,0.0,0.0,0.0,0.0,0.0,0.0,0.0,0.0,0.0
decoded,5000,0.001,50000,0,10,selected,all,100,0.0,0.0,,0.0,0.0,0.0,0.05,0,0,0.0,0.0,0.0,0.0,0.0,0.0,0.0,0.0,0.0,0.0,0.0,0.0
decoded,5000,0.001,50000,0,10,selected,nonfixed,100,0.0,0.0,,0.0,0.0,0.0,0.05,0,0,0.0,0.0,0.0,0.0,0.0,0.0,0.0,0.0,0.0,0.0,0.0,0.0
decoded,5000,0.001,50000,0,20,neutral,all,1000,0.0,0.0,,0.0,0.0,0.0,0.001,0,0,0.0,0.0,0.0,0.0,0.0,0.0,0.0,0.0,0.0,0.0,0.0,0.0
decoded,5000,0.001,50000,0,20,selected,all,100,0.0,0.0,,0.0,0.0,0.0,0.05,0,0,0.0,0.0,0.0,0.0,0.0,0.0,0.0,0.0,0.0,0.0,0.0,0.0
decoded,5000,0.001,50000,0,20,selected,nonfixed,100,0.0,0.0,,0.0,0.0,0.0,0.05,0,0,0.0,0.0,0.0,0.0,0.0,0.0,0.0,0.0,0.0,0.0,0.0,0.0
decoded,5000,0.001,50000,1,1,neutral,all,1000,0.0,0.095,1.0,0.0,0.106,0.095,0.001,0,106,0.0,0.0,0.095,0.0,0.0,0.095,0.0,0.0,0.095,0.0,0.0,0.095
decoded,5000,0.001,50000,1,1,selected,all,100,0.07,0.085,0.5625,0.06666666666666667,0.09,0.15,0.05,7,9,0.05,0.07,0.085,0.07,0.07,0.085,0.07,0.07,0.085,0.08,0.08,0.075
decoded,5000,0.001,50000,1,1,selected,nonfixed,100,0.07,0.085,0.5625,0.06666666666666667,0.09,0.15,0.05,7,9,0.05,0.07,0.085,0.07,0.07,0.085,0.07,0.07,0.085,0.08,0.08,0.075
decoded,5000,0.001,50000,1,3,neutral,all,1000,0.0,0.02,1.0,0.0,0.02,0.02,0.001,0,20,0.0,0.0,0.02,0.0,0.0,0.02,0.0,0.0,0.02,0.0,0.0,0.02
decoded,5000,0.001,50000,1,3,selected,all,100,0.02,0.04,0.6666666666666666,0.02,0.04,0.06,0.05,2,4,0.0,0.02,0.04,0.02,0.02,0.04,0.02,0.02,0.04,0.02,0.02,0.04
decoded,5000,0.001,50000,1,3,selected,nonfixed,100,0.02,0.04,0.6666666666666666,0.02,0.04,0.06,0.05,2,4,0.0,0.02,0.04,0.02,0.02,0.04,0.02,0.02,0.04,0.02,0.02,0.04
decoded,5000,0.001,50000,1,5,neutral,all,1000,0.0,0.002,1.0,0.0,0.002,0.002,0.001,0,2,0.0,0.0,0.002,0.0,0.0,0.002,0.0,0.0,0.002,0.0,0.0,0.002
decoded,5000,0.001,50000,1,5,selected,all,100,0.01,0.0,0.0,0.01,0.0,0.01,0.05,1,0,0.0,0.01,0.0,0.01,0.01,0.0,0.01,0.01,0.0,0.01,0.01,0.0
decoded,5000,0.001,50000,1,5,selected,nonfixed,100,0.01,0.0,0.0,0.01,0.0,0.01,0.05,1,0,0.0,0.01,0.0,0.01,0.01,0.0,0.01,0.01,0.0,0.01,0.01,0.0
decoded,5000,0.001,50000,1,10,neutral,all,1000,0.0,0.0,,0.0,0.0,0.0,0.001,0,0,0.0,0.0,0.0,0.0,0.0,0.0,0.0,0.0,0.0,0.0,0.0,0.0
decoded,5000,0.001,50000,1,10,selected,all,100,0.0,0.0,,0.0,0.0,0.0,0.05,0,0,0.0,0.0,0.0,0.0,0.0,0.0,0.0,0.0,0.0,0.0,0.0,0.0
decoded,5000,0.001,50000,1,10,selected,nonfixed,100,0.0,0.0,,0.0,0.0,0.0,0.05,0,0,0.0,0.0,0.0,0.0,0.0,0.0,0.0,0.0,0.0,0.0,0.0,0.0
decoded,5000,0.001,50000,1,20,neutral,all,1000,0.0,0.0,,0.0,0.0,0.0,0.001,0,0,0.0,0.0,0.0,0.0,0.0,0.0,0.0,0.0,0.0,0.0,0.0,0.0
decoded,5000,0.001,50000,1,20,selected,all,100,0.0,0.0,,0.0,0.0,0.0,0.05,0,0,0.0,0.0,0.0,0.0,0.0,0.0,0.0,0.0,0.0,0.0,0.0,0.0
decoded,5000,0.001,50000,1,20,selected,nonfixed,100,0.0,0.0,,0.0,0.0,0.0,0.05,0,0,0.0,0.0,0.0,0.0,0.0,0.0,0.0,0.0,0.0,0.0,0.0,0.0
decoded,5000,0.01,10000,0,1,neutral,all,1000,0.0,0.569,1.0,0.0,1.557,0.569,0.009,0,1557,0.0,0.0,0.569,0.0,0.0,0.569,0.0,0.0,0.569,0.0,0.0,0.569
decoded,5000,0.01,10000,0,1,selected,all,100,0.18,0.6319047619047619,0.9067357512953368,0.11169047619047619,1.75,0.72,0.11,18,175,0.12,0.19,0.6302380952380952,0.18,0.22,0.611904761904762,0.23,0.25,0.5965714285714285,0.29,0.29,0.5699047619047619
decoded,5000,0.01,10000,0,1,selected,nonfixed,100,0.18,0.6319047619047619,0.9067357512953368,0.11169047619047619,1.75,0.72,0.11,18,175,0.12,0.19,0.6302380952380952,0.18,0.22,0.611904761904762,0.23,0.25,0.5965714285714285,0.29,0.29,0.5699047619047619
decoded,5000,0.01,10000,0,3,neutral,all,1000,0.0,0.452,1.0,0.0,0.817,0.452,0.009,0,817,0.0,0.0,0.452,0.0,0.0,0.452,0.0,0.0,0.452,0.0,0.0,0.452
decoded,5000,0.01,10000,0,3,selected,all,100,0.14,0.5146666666666667,0.8715596330275229,0.115,0.95,0.62,0.11,14,95,0.06,0.16,0.5071666666666667,0.14,0.19,0.4821666666666667,0.2,0.22,0.4638333333333333,0.24,0.24,0.4488333333333333
decoded,5000,0.01,10000,0,3,selected,nonfixed,100,0.14,0.5146666666666667,0.8715596330275229,0.115,0.95,0.62,0.11,14,95,0.06,0.16,0.5071666666666667,0.14,0.19,0.4821666666666667,0.2,0.22,0.4638333333333333,0.24,0.24,0.4488333333333333
decoded,5000,0.01,10000,0,5,neutral,all,1000,0.0,0.378,1.0,0.0,0.569,0.378,0.009,0,569,0.0,0.0,0.378,0.0,0.0,0.378,0.0,0.0,0.378,0.0,0.0,0.378
decoded,5000,0.01,10000,0,5,selected,all,100,0.11,0.478,0.8658536585365854,0.09,0.71,0.56,0.11,11,71,0.06,0.13,0.46549999999999997,0.11,0.16,0.44049999999999995,0.17,0.18,0.4271666666666667,0.2,0.2,0.4071666666666667
decoded,5000,0.01,10000,0,5,selected,nonfixed,100,0.11,0.478,0.8658536585365854,0.09,0.71,0.56,0.11,11,71,0.06,0.13,0.46549999999999997,0.11,0.16,0.44049999999999995,0.17,0.18,0.4271666666666667,0.2,0.2,0.4071666666666667
decoded,5000,0.01,10000,0,10,neutral,all,1000,0.0,0.253,1.0,0.0,0.31,0.253,0.009,0,310,0.0,0.0,0.253,0.0,0.0,0.253,0.0,0.0,0.253,0.0,0.0,0.253
decoded,5000,0.01,10000,0,10,selected,all,100,0.07,0.325,0.8541666666666666,0.06,0.41,0.38,0.11,7,41,0.04,0.1,0.3,0.07,0.12,0.285,0.12,0.13,0.28,0.14,0.14,0.27
decoded,5000,0.01,10000,0,10,selected,nonfixed,100,0.07,0.325,0.8541666666666666,0.06,0.41,0.38,0.11,7,41,0.04,0.1,0.3,0.07,0.12,0.285,0.12,0.13,0.28,0.14,0.14,0.27
decoded,5000,0.01,10000,0,20,neutral,all,1000,0.0,0.107,1.0,0.0,0.117,0.107,0.009,0,117,0.0,0.0,0.107,0.0,0.0,0.107,0.0,0.0,0.107,0.0,0.0,0.107
decoded,5000,0.01,10000,0,20,selected,all,100,0.04,0.195,0.8333333333333334,0.03666666666666667,0.2,0.23,0.11,4,20,0.02,0.07,0.165,0.04,0.08,0.155,0.08,0.08,0.155,0.09,0.09,0.145
decoded,5000,0.01,10000,0,20,selected,nonfixed,100,0.04,0.195,0.8333333333333334,0.03666666666666667,0.2,0.23,0.11,4,20,0.02,0.07,0.165,0.04,0.08,0.155,0.08,0.08,0.155,0.09,0.09,0.145
decoded,5000,0.01,10000,1,1,neutral,all,1000,0.0,0.569,1.0,0.0,1.275,0.569,0.009,0,1275,0.0,0.0,0.569,0.0,0.0,0.569,0.0,0.0,0.569,0.0,0.0,0.569
decoded,5000,0.01,10000,1,1,selected,all,100,0.17,0.6216666666666666,0.8851351351351351,0.11966666666666664,1.31,0.72,0.11,17,131,0.1,0.19,0.6096666666666667,0.17,0.22,0.5913333333333333,0.23,0.25,0.5746666666666667,0.29,0.29,0.5463333333333333
decoded,5000,0.01,10000,1,1,selected,nonfixed,100,0.17,0.6216666666666666,0.8851351351351351,0.11966666666666664,1.31,0.72,0.11,17,131,0.1,0.19,0.6096666666666667,0.17,0.22,0.5913333333333333,0.23,0.25,0.5746666666666667,0.29,0.29,0.5463333333333333
decoded,5000,0.01,10000,1,3,neutral,all,1000,0.0,0.463,1.0,0.0,0.784,0.463,0.009,0,784,0.0,0.0,0.463,0.0,0.0,0.463,0.0,0.0,0.463,0.0,0.0,0.463
decoded,5000,0.01,10000,1,3,selected,all,100,0.13,0.5166666666666666,0.8712871287128713,0.11166666666666666,0.88,0.62,0.11,13,88,0.06,0.16,0.49916666666666665,0.13,0.19,0.4741666666666666,0.2,0.22,0.4558333333333333,0.24,0.24,0.4408333333333333
decoded,5000,0.01,10000,1,3,selected,nonfixed,100,0.13,0.5166666666666666,0.8712871287128713,0.11166666666666666,0.88,0.62,0.11,13,88,0.06,0.16,0.49916666666666665,0.13,0.19,0.4741666666666666,0.2,0.22,0.4558333333333333,0.24,0.24,0.4408333333333333
decoded,5000,0.01,10000,1,5,neutral,all,1000,0.0,0.395,1.0,0.0,0.581,0.395,0.009,0,581,0.0,0.0,0.395,0.0,0.0,0.395,0.0,0.0,0.395,0.0,0.0,0.395
decoded,5000,0.01,10000,1,5,selected,all,100,0.12,0.48666666666666664,0.8554216867469879,0.10166666666666666,0.71,0.58,0.11,12,71,0.06,0.15,0.4641666666666666,0.12,0.18,0.43916666666666665,0.19,0.2,0.4258333333333333,0.22,0.22,0.40583333333333327
decoded,5000,0.01,10000,1,5,selected,nonfixed,100,0.12,0.48666666666666664,0.8554216867469879,0.10166666666666666,0.71,0.58,0.11,12,71,0.06,0.15,0.4641666666666666,0.12,0.18,0.43916666666666665,0.19,0.2,0.4258333333333333,0.22,0.22,0.40583333333333327
decoded,5000,0.01,10000,1,10,neutral,all,1000,0.0,0.271,1.0,0.0,0.333,0.271,0.009,0,333,0.0,0.0,0.271,0.0,0.0,0.271,0.0,0.0,0.271,0.0,0.0,0.271
decoded,5000,0.01,10000,1,10,selected,all,100,0.08,0.345,0.8431372549019608,0.07,0.43,0.41,0.11,8,43,0.05,0.12,0.31,0.08,0.14,0.295,0.14,0.15,0.29,0.16,0.16,0.28
decoded,5000,0.01,10000,1,10,selected,nonfixed,100,0.08,0.345,0.8431372549019608,0.07,0.43,0.41,0.11,8,43,0.05,0.12,0.31,0.08,0.14,0.295,0.14,0.15,0.29,0.16,0.16,0.28
decoded,5000,0.01,10000,1,20,neutral,all,1000,0.0,0.116,1.0,0.0,0.128,0.116,0.009,0,128,0.0,0.0,0.116,0.0,0.0,0.116,0.0,0.0,0.116,0.0,0.0,0.116
decoded,5000,0.01,10000,1,20,selected,all,100,0.05,0.21,0.8148148148148148,0.04333333333333333,0.22,0.25,0.11,5,22,0.03,0.09,0.17,0.05,0.1,0.16,0.1,0.1,0.16,0.11,0.11,0.15
decoded,5000,0.01,10000,1,20,selected,nonfixed,100,0.05,0.21,0.8148148148148148,0.04333333333333333,0.22,0.25,0.11,5,22,0.03,0.09,0.17,0.05,0.1,0.16,0.1,0.1,0.16,0.11,0.11,0.15
decoded,5000,0.01,20000,0,1,neutral,all,1000,0.0,0.532,1.0,0.0,1.163,0.532,0.009,0,1163,0.0,0.0,0.532,0.0,0.0,0.532,0.0,0.0,0.532,0.0,0.0,0.532
decoded,5000,0.01,20000,0,1,selected,all,100,0.16,0.5821666666666667,0.8873239436619719,0.12233333333333335,1.26,0.69,0.11,16,126,0.09,0.18,0.5701666666666667,0.16,0.21,0.5501666666666667,0.23,0.24,0.5268333333333334,0.28,0.28,0.4985
decoded,5000,0.01,20000,0,1,selected,nonfixed,100,0.16,0.5821666666666667,0.8873239436619719,0.12233333333333335,1.26,0.69,0.11,16,126,0.09,0.18,0.5701666666666667,0.16,0.21,0.5501666666666667,0.23,0.24,0.5268333333333334,0.28,0.28,0.4985
decoded,5000,0.01,20000,0,3,neutral,all,1000,0.0,0.371,1.0,0.0,0.534,0.371,0.009,0,534,0.0,0.0,0.371,0.0,0.0,0.371,0.0,0.0,0.371,0.0,0.0,0.371
decoded,5000,0.01,20000,0,3,selected,all,100,0.12,0.4525,0.8481012658227848,0.10400000000000001,0.67,0.55,0.11,12,67,0.07,0.14,0.44,0.12,0.17,0.415,0.17,0.18,0.41,0.19,0.19,0.4
decoded,5000,0.01,20000,0,3,selected,nonfixed,100,0.12,0.4525,0.8481012658227848,0.10400000000000001,0.67,0.55,0.11,12,67,0.07,0.14,0.44,0.12,0.17,0.415,0.17,0.18,0.41,0.19,0.19,0.4
decoded,5000,0.01,20000,0,5,neutral,all,1000,0.0,0.276,1.0,0.0,0.345,0.276,0.009,0,345,0.0,0.0,0.276,0.0,0.0,0.276,0.0,0.0,0.276,0.0,0.0,0.276
decoded,5000,0.01,20000,0,5,selected,all,100,0.09,0.32,0.8301886792452831,0.07666666666666666,0.44,0.39,0.11,9,44,0.04,0.11,0.3066666666666667,0.09,0.14,0.2816666666666667,0.14,0.15,0.27666666666666667,0.16,0.16,0.26666666666666666
decoded,5000,0.01,20000,0,5,selected,nonfixed,100,0.09,0.32,0.8301886792452831,0.07666666666666666,0.44,0.39,0.11,9,44,0.04,0.11,0.3066666666666667,0.09,0.14,0.2816666666666667,0.14,0.15,0.27666666666666667,0.16,0.16,0.26666666666666666
decoded,5000,0.01,20000,0,10,neutral,all,1000,0.0,0.12,1.0,0.0,0.131,0.12,0.009,0,131,0.0,0.0,0.12,0.0,0.0,0.12,0.0,0.0,0.12,0.0,0.0,0.12
decoded,5000,0.01,20000,0,10,selected,all,100,0.05,0.225,0.8214285714285714,0.04666666666666666,0.23,0.27,0.11,5,23,0.03,0.08,0.195,0.05,0.09,0.185,0.09,0.09,0.185,0.1,0.1,0.175
decoded,5000,0.01,20000,0,10,selected,nonfixed,100,0.05,0.225,0.8214285714285714,0.04666666666666666,0.23,0.27,0.11,5,23,0.03,0.08,0.195,0.05,0.09,0.185,0.09,0.09,0.185,0.1,0.1,0.175
decoded,5000,0.01,20000,0,20,neutral,all,1000,0.0,0.007,1.0,0.0,0.007,0.007,0.009,0,7,0.0,0.0,0.007,0.0,0.0,0.007,0.0,0.0,0.007,0.0,0.0,0.007
decoded,5000,0.01,20000,0,20,selected,all,100,0.02,0.01,0.3333333333333333,0.02,0.01,0.03,0.11,2,1,0.01,0.03,0.0,0.02,0.03,0.0,0.03,0.03,0.0,0.03,0.03,0.0
decoded,5000,0.01,20000,0,20,selected,nonfixed,100,0.02,0.01,0.3333333333333333,0.02,0.01,0.03,0.11,2,1,0.01,0.03,0.0,0.02,0.03,0.0,0.03,0.03,0.0,0.03,0.03,0.0
decoded,5000,0.01,20000,1,1,neutral,all,1000,0.0,0.532,1.0,0.0,0.992,0.532,0.009,0,992,0.0,0.0,0.532,0.0,0.0,0.532,0.0,0.0,0.532,0.0,0.0,0.532
decoded,5000,0.01,20000,1,1,selected,all,100,0.15,0.5791666666666666,0.875,0.12233333333333332,1.05,0.69,0.11,15,105,0.08,0.18,0.5571666666666667,0.15,0.21,0.5371666666666667,0.23,0.24,0.5138333333333334,0.28,0.28,0.4855
decoded,5000,0.01,20000,1,1,selected,nonfixed,100,0.15,0.5791666666666666,0.875,0.12233333333333332,1.05,0.69,0.11,15,105,0.08,0.18,0.5571666666666667,0.15,0.21,0.5371666666666667,0.23,0.24,0.5138333333333334,0.28,0.28,0.4855
decoded,5000,0.01,20000,1,3,neutral,all,1000,0.0,0.38,1.0,0.0,0.539,0.38,0.009,0,539,0.0,0.0,0.38,0.0,0.0,0.38,0.0,0.0,0.38,0.0,0.0,0.38
decoded,5000,0.01,20000,1,3,selected,all,100,0.11,0.4666666666666666,0.8571428571428571,0.09833333333333333,0.66,0.56,0.11,11,66,0.06,0.14,0.44416666666666665,0.11,0.17,0.41916666666666663,0.17,0.18,0.4141666666666666,0.19,0.19,0.4041666666666666
decoded,5000,0.01,20000,1,3,selected,nonfixed,100,0.11,0.4666666666666666,0.8571428571428571,0.09833333333333333,0.66,0.56,0.11,11,66,0.06,0.14,0.44416666666666665,0.11,0.17,0.41916666666666663,0.17,0.18,0.4141666666666666,0.19,0.19,0.4041666666666666
decoded,5000,0.01,20000,1,5,neutral,all,1000,0.0,0.291,1.0,0.0,0.365,0.291,0.009,0,365,0.0,0.0,0.291,0.0,0.0,0.291,0.0,0.0,0.291,0.0,0.0,0.291
decoded,5000,0.01,20000,1,5,selected,all,100,0.09,0.35666666666666663,0.8421052631578947,0.07833333333333332,0.48,0.43,0.11,9,48,0.05,0.12,0.33333333333333326,0.09,0.15,0.30833333333333335,0.15,0.16,0.30333333333333334,0.17,0.17,0.29333333333333333
decoded,5000,0.01,20000,1,5,selected,nonfixed,100,0.09,0.35666666666666663,0.8421052631578947,0.07833333333333332,0.48,0.43,0.11,9,48,0.05,0.12,0.33333333333333326,0.09,0.15,0.30833333333333335,0.15,0.16,0.30333333333333334,0.17,0.17,0.29333333333333333
decoded,5000,0.01,20000,1,10,neutral,all,1000,0.0,0.13,1.0,0.0,0.141,0.13,0.009,0,141,0.0,0.0,0.13,0.0,0.0,0.13,0.0,0.0,0.13,0.0,0.0,0.13
decoded,5000,0.01,20000,1,10,selected,all,100,0.06,0.24,0.8064516129032258,0.05333333333333333,0.25,0.29,0.11,6,25,0.04,0.1,0.2,0.06,0.11,0.19,0.11,0.11,0.19,0.12,0.12,0.18
decoded,5000,0.01,20000,1,10,selected,nonfixed,100,0.06,0.24,0.8064516129032258,0.05333333333333333,0.25,0.29,0.11,6,25,0.04,0.1,0.2,0.06,0.11,0.19,0.11,0.11,0.19,0.12,0.12,0.18
decoded,5000,0.01,20000,1,20,neutral,all,1000,0.0,0.011,1.0,0.0,0.011,0.011,0.009,0,11,0.0,0.0,0.011,0.0,0.0,0.011,0.0,0.0,0.011,0.0,0.0,0.011
decoded,5000,0.01,20000,1,20,selected,all,100,0.02,0.01,0.3333333333333333,0.02,0.01,0.03,0.11,2,1,0.01,0.03,0.0,0.02,0.03,0.0,0.03,0.03,0.0,0.03,0.03,0.0
decoded,5000,0.01,20000,1,20,selected,nonfixed,100,0.02,0.01,0.3333333333333333,0.02,0.01,0.03,0.11,2,1,0.01,0.03,0.0,0.02,0.03,0.0,0.03,0.03,0.0,0.03,0.03,0.0
decoded,5000,0.01,50000,0,1,neutral,all,1000,0.0,0.471,1.0,0.0,0.797,0.471,0.009,0,797,0.0,0.0,0.471,0.0,0.0,0.471,0.0,0.0,0.471,0.0,0.0,0.471
decoded,5000,0.01,50000,0,1,selected,all,100,0.15,0.5366666666666666,0.8529411764705882,0.12499999999999999,0.87,0.65,0.11,15,87,0.09,0.16,0.5341666666666667,0.15,0.19,0.5091666666666667,0.21,0.22,0.4925,0.25,0.25,0.4625
decoded,5000,0.01,50000,0,1,selected,nonfixed,100,0.15,0.5366666666666666,0.8529411764705882,0.12499999999999999,0.87,0.65,0.11,15,87,0.09,0.16,0.5341666666666667,0.15,0.19,0.5091666666666667,0.21,0.22,0.4925,0.25,0.25,0.4625
decoded,5000,0.01,50000,0,3,neutral,all,1000,0.0,0.229,1.0,0.0,0.277,0.229,0.009,0,277,0.0,0.0,0.229,0.0,0.0,0.229,0.0,0.0,0.229,0.0,0.0,0.229
decoded,5000,0.01,50000,0,3,selected,all,100,0.08,0.31,0.8095238095238095,0.07333333333333332,0.34,0.38,0.11,8,34,0.04,0.1,0.29,0.08,0.13,0.26,0.13,0.13,0.26,0.14,0.14,0.25
decoded,5000,0.01,50000,0,3,selected,nonfixed,100,0.08,0.31,0.8095238095238095,0.07333333333333332,0.34,0.38,0.11,8,34,0.04,0.1,0.29,0.08,0.13,0.26,0.13,0.13,0.26,0.14,0.14,0.25
decoded,5000,0.01,50000,0,5,neutral,all,1000,0.0,0.093,1.0,0.0,0.1,0.093,0.009,0,100,0.0,0.0,0.093,0.0,0.0,0.093,0.0,0.0,0.093,0.0,0.0,0.093
decoded,5000,0.01,50000,0,5,selected,all,100,0.05,0.145,0.75,0.04666666666666666,0.15,0.19,0.11,5,15,0.01,0.07,0.125,0.05,0.07,0.125,0.07,0.07,0.125,0.08,0.08,0.115
decoded,5000,0.01,50000,0,5,selected,nonfixed,100,0.05,0.145,0.75,0.04666666666666666,0.15,0.19,0.11,5,15,0.01,0.07,0.125,0.05,0.07,0.125,0.07,0.07,0.125,0.08,0.08,0.115
decoded,5000,0.01,50000,0,10,neutral,all,1000,0.0,0.004,1.0,0.0,0.005,0.004,0.009,0,5,0.0,0.0,0.004,0.0,0.0,0.004,0.0,0.0,0.004,0.0,0.0,0.004
decoded,5000,0.01,50000,0,10,selected,all,100,0.01,0.0,0.0,0.01,0.0,0.01,0.11,1,0,0.0,0.01,0.0,0.01,0.01,0.0,0.01,0.01,0.0,0.01,0.01,0.0
decoded,5000,0.01,50000,0,10,selected,nonfixed,100,0.01,0.0,0.0,0.01,0.0,0.01,0.11,1,0,0.0,0.01,0.0,0.01,0.01,0.0,0.01,0.01,0.0,0.01,0.01,0.0
decoded,5000,0.01,50000,0,20,neutral,all,1000,0.0,0.0,,0.0,0.0,0.0,0.009,0,0,0.0,0.0,0.0,0.0,0.0,0.0,0.0,0.0,0.0,0.0,0.0,0.0
decoded,5000,0.01,50000,0,20,selected,all,100,0.0,0.0,,0.0,0.0,0.0,0.11,0,0,0.0,0.0,0.0,0.0,0.0,0.0,0.0,0.0,0.0,0.0,0.0,0.0
decoded,5000,0.01,50000,0,20,selected,nonfixed,100,0.0,0.0,,0.0,0.0,0.0,0.11,0,0,0.0,0.0,0.0,0.0,0.0,0.0,0.0,0.0,0.0,0.0,0.0,0.0
decoded,5000,0.01,50000,1,1,neutral,all,1000,0.0,0.471,1.0,0.0,0.723,0.471,0.009,0,723,0.0,0.0,0.471,0.0,0.0,0.471,0.0,0.0,0.471,0.0,0.0,0.471
decoded,5000,0.01,50000,1,1,selected,all,100,0.14,0.5366666666666666,0.851063829787234,0.12166666666666666,0.8,0.65,0.11,14,80,0.08,0.16,0.5233333333333333,0.14,0.19,0.4983333333333333,0.2,0.22,0.48,0.25,0.25,0.45
decoded,5000,0.01,50000,1,1,selected,nonfixed,100,0.14,0.5366666666666666,0.851063829787234,0.12166666666666666,0.8,0.65,0.11,14,80,0.08,0.16,0.5233333333333333,0.14,0.19,0.4983333333333333,0.2,0.22,0.48,0.25,0.25,0.45
decoded,5000,0.01,50000,1,3,neutral,all,1000,0.0,0.247,1.0,0.0,0.298,0.247,0.009,0,298,0.0,0.0,0.247,0.0,0.0,0.247,0.0,0.0,0.247,0.0,0.0,0.247
decoded,5000,0.01,50000,1,3,selected,all,100,0.08,0.33,0.8222222222222222,0.07333333333333332,0.37,0.4,0.11,8,37,0.04,0.11,0.305,0.08,0.13,0.285,0.13,0.13,0.285,0.14,0.14,0.275
decoded,5000,0.01,50000,1,3,selected,nonfixed,100,0.08,0.33,0.8222222222222222,0.07333333333333332,0.37,0.4,0.11,8,37,0.04,0.11,0.305,0.08,0.13,0.285,0.13,0.13,0.285,0.14,0.14,0.275
decoded,5000,0.01,50000,1,5,neutral,all,1000,0.0,0.098,1.0,0.0,0.105,0.098,0.009,0,105,0.0,0.0,0.098,0.0,0.0,0.098,0.0,0.0,0.098,0.0,0.0,0.098
decoded,5000,0.01,50000,1,5,selected,all,100,0.05,0.155,0.7619047619047619,0.04666666666666666,0.16,0.2,0.11,5,16,0.01,0.08,0.125,0.05,0.08,0.125,0.08,0.08,0.125,0.09,0.09,0.115
decoded,5000,0.01,50000,1,5,selected,nonfixed,100,0.05,0.155,0.7619047619047619,0.04666666666666666,0.16,0.2,0.11,5,16,0.01,0.08,0.125,0.05,0.08,0.125,0.08,0.08,0.125,0.09,0.09,0.115
decoded,5000,0.01,50000,1,10,neutral,all,1000,0.0,0.005,1.0,0.0,0.005,0.005,0.009,0,5,0.0,0.0,0.005,0.0,0.0,0.005,0.0,0.0,0.005,0.0,0.0,0.005
decoded,5000,0.01,50000,1,10,selected,all,100,0.01,0.0,0.0,0.01,0.0,0.01,0.11,1,0,0.0,0.01,0.0,0.01,0.01,0.0,0.01,0.01,0.0,0.01,0.01,0.0
decoded,5000,0.01,50000,1,10,selected,nonfixed,100,0.01,0.0,0.0,0.01,0.0,0.01,0.11,1,0,0.0,0.01,0.0,0.01,0.01,0.0,0.01,0.01,0.0,0.01,0.01,0.0
decoded,5000,0.01,50000,1,20,neutral,all,1000,0.0,0.001,1.0,0.0,0.001,0.001,0.009,0,1,0.0,0.0,0.001,0.0,0.0,0.001,0.0,0.0,0.001,0.0,0.0,0.001
decoded,5000,0.01,50000,1,20,selected,all,100,0.0,0.0,,0.0,0.0,0.0,0.11,0,0,0.0,0.0,0.0,0.0,0.0,0.0,0.0,0.0,0.0,0.0,0.0,0.0
decoded,5000,0.01,50000,1,20,selected,nonfixed,100,0.0,0.0,,0.0,0.0,0.0,0.11,0,0,0.0,0.0,0.0,0.0,0.0,0.0,0.0,0.0,0.0,0.0,0.0,0.0
decoded,5000,0.05,10000,0,1,neutral,all,1000,0.0,0.969,1.0,0.0,6.625,0.969,0.044,0,6625,0.0,0.0,0.969,0.0,0.0,0.969,0.0,0.0,0.969,0.0,0.0,0.969
decoded,5000,0.05,10000,0,1,selected,all,100,0.27,0.9473920246420247,0.9609261939218524,0.07192216117216117,6.64,0.99,0.23,27,664,0.15,0.33,0.9291102786102786,0.27,0.36,0.9250825008325009,0.42,0.47,0.9074313464313465,0.55,0.56,0.8944557664557664
decoded,5000,0.05,10000,0,1,selected,nonfixed,100,0.27,0.9473920246420247,0.9609261939218524,0.07192216117216117,6.64,0.99,0.23,27,664,0.15,0.33,0.9291102786102786,0.27,0.36,0.9250825008325009,0.42,0.47,0.9074313464313465,0.55,0.56,0.8944557664557664
decoded,5000,0.05,10000,0,3,neutral,all,1000,0.0,0.929,1.0,0.0,3.581,0.929,0.044,0,3581,0.0,0.0,0.929,0.0,0.0,0.929,0.0,0.0,0.929,0.0,0.0,0.929
decoded,5000,0.05,10000,0,3,selected,all,100,0.24,0.9169047619047619,0.9396984924623115,0.09484920634920634,3.74,0.98,0.23,24,374,0.12,0.32,0.8842261904761906,0.24,0.34,0.8802976190476192,0.39,0.45,0.849845238095238,0.53,0.54,0.8300436507936508
decoded,5000,0.05,10000,0,3,selected,nonfixed,100,0.24,0.9169047619047619,0.9396984924623115,0.09484920634920634,3.74,0.98,0.23,24,374,0.12,0.32,0.8842261904761906,0.24,0.34,0.8802976190476192,0.39,0.45,0.849845238095238,0.53,0.54,0.8300436507936508
decoded,5000,0.05,10000,0,5,neutral,all,1000,0.0,0.882,1.0,0.0,2.58,0.882,0.044,0,2580,0.0,0.0,0.882,0.0,0.0,0.882,0.0,0.0,0.882,0.0,0.0,0.882
decoded,5000,0.05,10000,0,5,selected,all,100,0.2,0.8929047619047619,0.9326599326599326,0.09588095238095239,2.77,0.96,0.23,20,277,0.1,0.29,0.8480714285714286,0.2,0.31,0.8439047619047619,0.34,0.4,0.8149047619047619,0.46,0.48,0.7878095238095238
decoded,5000,0.05,10000,0,5,selected,nonfixed,100,0.2,0.8929047619047619,0.9326599326599326,0.09588095238095239,2.77,0.96,0.23,20,277,0.1,0.29,0.8480714285714286,0.2,0.31,0.8439047619047619,0.34,0.4,0.8149047619047619,0.46,0.48,0.7878095238095238
decoded,5000,0.05,10000,0,10,neutral,all,1000,0.0,0.753,1.0,0.0,1.536,0.753,0.044,0,1536,0.0,0.0,0.753,0.0,0.0,0.753,0.0,0.0,0.753,0.0,0.0,0.753
decoded,5000,0.05,10000,0,10,selected,all,100,0.17,0.7918333333333334,0.9105263157894737,0.11733333333333333,1.73,0.89,0.23,17,173,0.09,0.27,0.7251666666666668,0.17,0.28,0.7218333333333333,0.29,0.34,0.6976666666666667,0.38,0.4,0.6698333333333334
decoded,5000,0.05,10000,0,10,selected,nonfixed,100,0.17,0.7918333333333334,0.9105263157894737,0.11733333333333333,1.73,0.89,0.23,17,173,0.09,0.27,0.7251666666666668,0.17,0.28,0.7218333333333333,0.29,0.34,0.6976666666666667,0.38,0.4,0.6698333333333334
decoded,5000,0.05,10000,0,20,neutral,all,1000,0.0,0.478,1.0,0.0,0.699,0.478,0.044,0,699,0.0,0.0,0.478,0.0,0.0,0.478,0.0,0.0,0.478,0.0,0.0,0.478
decoded,5000,0.05,10000,0,20,selected,all,100,0.11,0.5483333333333333,0.8764044943820225,0.09,0.78,0.63,0.23,11,78,0.06,0.18,0.495,0.11,0.18,0.495,0.18,0.2,0.475,0.21,0.23,0.445
decoded,5000,0.05,10000,0,20,selected,nonfixed,100,0.11,0.5483333333333333,0.8764044943820225,0.09,0.78,0.63,0.23,11,78,0.06,0.18,0.495,0.11,0.18,0.495,0.18,0.2,0.475,0.21,0.23,0.445
decoded,5000,0.05,10000,1,1,neutral,all,1000,0.0,0.969,1.0,0.0,5.317,0.969,0.044,0,5317,0.0,0.0,0.969,0.0,0.0,0.969,0.0,0.0,0.969,0.0,0.0,0.969
decoded,5000,0.05,10000,1,1,selected,all,100,0.26,0.9397615440115439,0.9535714285714286,0.08234942834942835,5.34,0.99,0.23,26,534,0.15,0.33,0.9182496392496392,0.26,0.36,0.9128329725829726,0.42,0.47,0.8892377344877345,0.54,0.56,0.8742175324675325
decoded,5000,0.05,10000,1,1,selected,nonfixed,100,0.26,0.9397615440115439,0.9535714285714286,0.08234942834942835,5.34,0.99,0.23,26,534,0.15,0.33,0.9182496392496392,0.26,0.36,0.9128329725829726,0.42,0.47,0.8892377344877345,0.54,0.56,0.8742175324675325
decoded,5000,0.05,10000,1,3,neutral,all,1000,0.0,0.932,1.0,0.0,3.373,0.932,0.044,0,3373,0.0,0.0,0.932,0.0,0.0,0.932,0.0,0.0,0.932,0.0,0.0,0.932
decoded,5000,0.05,10000,1,3,selected,all,100,0.23,0.9140833333333334,0.9378378378378378,0.0973174603174603,3.47,0.98,0.23,23,347,0.12,0.32,0.8794047619047619,0.23,0.34,0.874642857142857,0.39,0.45,0.8413809523809525,0.52,0.54,0.8188690476190478
decoded,5000,0.05,10000,1,3,selected,nonfixed,100,0.23,0.9140833333333334,0.9378378378378378,0.0973174603174603,3.47,0.98,0.23,23,347,0.12,0.32,0.8794047619047619,0.23,0.34,0.874642857142857,0.39,0.45,0.8413809523809525,0.52,0.54,0.8188690476190478
decoded,5000,0.05,10000,1,5,neutral,all,1000,0.0,0.892,1.0,0.0,2.575,0.892,0.044,0,2575,0.0,0.0,0.892,0.0,0.0,0.892,0.0,0.0,0.892,0.0,0.0,0.892
decoded,5000,0.05,10000,1,5,selected,all,100,0.22,0.8847380952380952,0.9249146757679181,0.10783333333333331,2.71,0.96,0.23,22,271,0.11,0.31,0.8469047619047619,0.22,0.33,0.8419047619047619,0.36,0.42,0.8054047619047618,0.48,0.5,0.7804880952380951
decoded,5000,0.05,10000,1,5,selected,nonfixed,100,0.22,0.8847380952380952,0.9249146757679181,0.10783333333333331,2.71,0.96,0.23,22,271,0.11,0.31,0.8469047619047619,0.22,0.33,0.8419047619047619,0.36,0.42,0.8054047619047618,0.48,0.5,0.7804880952380951
decoded,5000,0.05,10000,1,10,neutral,all,1000,0.0,0.775,1.0,0.0,1.629,0.775,0.044,0,1629,0.0,0.0,0.775,0.0,0.0,0.775,0.0,0.0,0.775,0.0,0.0,0.775
decoded,5000,0.05,10000,1,10,selected,all,100,0.17,0.7935,0.9123711340206185,0.11566666666666667,1.77,0.89,0.23,17,177,0.09,0.28,0.7248333333333333,0.17,0.29,0.7214999999999999,0.31,0.36,0.6898333333333333,0.38,0.41,0.6656666666666666
decoded,5000,0.05,10000,1,10,selected,nonfixed,100,0.17,0.7935,0.9123711340206185,0.11566666666666667,1.77,0.89,0.23,17,177,0.09,0.28,0.7248333333333333,0.17,0.29,0.7214999999999999,0.31,0.36,0.6898333333333333,0.38,0.41,0.6656666666666666
decoded,5000,0.05,10000,1,20,neutral,all,1000,0.0,0.51,1.0,0.0,0.756,0.51,0.044,0,756,0.0,0.0,0.51,0.0,0.0,0.51,0.0,0.0,0.51,0.0,0.0,0.51
decoded,5000,0.05,10000,1,20,selected,all,100,0.11,0.5583333333333332,0.8877551020408163,0.09,0.87,0.64,0.23,11,87,0.06,0.18,0.51,0.11,0.18,0.51,0.19,0.21,0.4866666666666667,0.22,0.25,0.45166666666666666
decoded,5000,0.05,10000,1,20,selected,nonfixed,100,0.11,0.5583333333333332,0.8877551020408163,0.09,0.87,0.64,0.23,11,87,0.06,0.18,0.51,0.11,0.18,0.51,0.19,0.21,0.4866666666666667,0.22,0.25,0.45166666666666666
decoded,5000,0.05,20000,0,1,neutral,all,1000,0.0,0.959,1.0,0.0,4.932,0.959,0.044,0,4932,0.0,0.0,0.959,0.0,0.0,0.959,0.0,0.0,0.959,0.0,0.0,0.959
decoded,5000,0.05,20000,0,1,selected,all,100,0.24,0.9295317460317462,0.9547169811320755,0.08006493506493506,5.06,0.98,0.23,24,506,0.13,0.31,0.9041150793650793,0.24,0.35,0.8979087301587302,0.41,0.46,0.874424603174603,0.53,0.55,0.8573210678210677
decoded,5000,0.05,20000,0,1,selected,nonfixed,100,0.24,0.9295317460317462,0.9547169811320755,0.08006493506493506,5.06,0.98,0.23,24,506,0.13,0.31,0.9041150793650793,0.24,0.35,0.8979087301587302,0.41,0.46,0.874424603174603,0.53,0.55,0.8573210678210677
decoded,5000,0.05,20000,0,3,neutral,all,1000,0.0,0.887,1.0,0.0,2.475,0.887,0.044,0,2475,0.0,0.0,0.887,0.0,0.0,0.887,0.0,0.0,0.887,0.0,0.0,0.887
decoded,5000,0.05,20000,0,3,selected,all,100,0.2,0.8778333333333334,0.9280575539568345,0.10152380952380952,2.58,0.95,0.23,20,258,0.11,0.3,0.8280714285714285,0.2,0.32,0.8239047619047619,0.36,0.4,0.7888095238095238,0.46,0.49,0.7559761904761905
decoded,5000,0.05,20000,0,3,selected,nonfixed,100,0.2,0.8778333333333334,0.9280575539568345,0.10152380952380952,2.58,0.95,0.23,20,258,0.11,0.3,0.8280714285714285,0.2,0.32,0.8239047619047619,0.36,0.4,0.7888095238095238,0.46,0.49,0.7559761904761905
decoded,5000,0.05,20000,0,5,neutral,all,1000,0.0,0.782,1.0,0.0,1.674,0.782,0.044,0,1674,0.0,0.0,0.782,0.0,0.0,0.782,0.0,0.0,0.782,0.0,0.0,0.782
decoded,5000,0.05,20000,0,5,selected,all,100,0.16,0.8043333333333333,0.9195979899497487,0.10466666666666664,1.83,0.89,0.23,16,183,0.08,0.27,0.7331666666666667,0.16,0.28,0.7306666666666668,0.29,0.33,0.7053333333333334,0.38,0.41,0.6711666666666667
decoded,5000,0.05,20000,0,5,selected,nonfixed,100,0.16,0.8043333333333333,0.9195979899497487,0.10466666666666664,1.83,0.89,0.23,16,183,0.08,0.27,0.7331666666666667,0.16,0.28,0.7306666666666668,0.29,0.33,0.7053333333333334,0.38,0.41,0.6711666666666667
decoded,5000,0.05,20000,0,10,neutral,all,1000,0.0,0.517,1.0,0.0,0.776,0.517,0.044,0,776,0.0,0.0,0.517,0.0,0.0,0.517,0.0,0.0,0.517,0.0,0.0,0.517
decoded,5000,0.05,20000,0,10,selected,all,100,0.1,0.5983333333333333,0.900990099009901,0.08,0.91,0.67,0.23,10,91,0.05,0.18,0.545,0.1,0.18,0.545,0.18,0.22,0.515,0.22,0.25,0.49
decoded,5000,0.05,20000,0,10,selected,nonfixed,100,0.1,0.5983333333333333,0.900990099009901,0.08,0.91,0.67,0.23,10,91,0.05,0.18,0.545,0.1,0.18,0.545,0.18,0.22,0.515,0.22,0.25,0.49
decoded,5000,0.05,20000,0,20,neutral,all,1000,0.0,0.093,1.0,0.0,0.098,0.093,0.044,0,98,0.0,0.0,0.093,0.0,0.0,0.093,0.0,0.0,0.093,0.0,0.0,0.093
decoded,5000,0.05,20000,0,20,selected,all,100,0.04,0.11,0.7333333333333333,0.04,0.11,0.15,0.23,4,11,0.03,0.07,0.08,0.04,0.07,0.08,0.07,0.08,0.07,0.08,0.08,0.07
decoded,5000,0.05,20000,0,20,selected,nonfixed,100,0.04,0.11,0.7333333333333333,0.04,0.11,0.15,0.23,4,11,0.03,0.07,0.08,0.04,0.07,0.08,0.07,0.08,0.07,0.08,0.08,0.07
decoded,5000,0.05,20000,1,1,neutral,all,1000,0.0,0.959,1.0,0.0,4.128,0.959,0.044,0,4128,0.0,0.0,0.959,0.0,0.0,0.959,0.0,0.0,0.959,0.0,0.0,0.959
decoded,5000,0.05,20000,1,1,selected,all,100,0.22,0.9255277777777777,0.950561797752809,0.08465079365079366,4.23,0.98,0.23,22,423,0.12,0.31,0.8943214285714285,0.22,0.35,0.8870595238095237,0.41,0.46,0.8577023809523809,0.53,0.55,0.8393369408369408
decoded,5000,0.05,20000,1,1,selected,nonfixed,100,0.22,0.9255277777777777,0.950561797752809,0.08465079365079366,4.23,0.98,0.23,22,423,0.12,0.31,0.8943214285714285,0.22,0.35,0.8870595238095237,0.41,0.46,0.8577023809523809,0.53,0.55,0.8393369408369408
decoded,5000,0.05,20000,1,3,neutral,all,1000,0.0,0.894,1.0,0.0,2.454,0.894,0.044,0,2454,0.0,0.0,0.894,0.0,0.0,0.894,0.0,0.0,0.894,0.0,0.0,0.894
decoded,5000,0.05,20000,1,3,selected,all,100,0.2,0.8851666666666667,0.9261992619926199,0.10438095238095237,2.51,0.96,0.23,20,251,0.11,0.3,0.8351666666666666,0.2,0.33,0.8278333333333333,0.38,0.42,0.7895,0.48,0.5,0.7633333333333333
decoded,5000,0.05,20000,1,3,selected,nonfixed,100,0.2,0.8851666666666667,0.9261992619926199,0.10438095238095237,2.51,0.96,0.23,20,251,0.11,0.3,0.8351666666666666,0.2,0.33,0.8278333333333333,0.38,0.42,0.7895,0.48,0.5,0.7633333333333333
decoded,5000,0.05,20000,1,5,neutral,all,1000,0.0,0.803,1.0,0.0,1.753,0.803,0.044,0,1753,0.0,0.0,0.803,0.0,0.0,0.803,0.0,0.0,0.803,0.0,0.0,0.803
decoded,5000,0.05,20000,1,5,selected,all,100,0.16,0.8188333333333333,0.92,0.102,1.84,0.9,0.23,16,184,0.08,0.27,0.7476666666666668,0.16,0.29,0.7426666666666668,0.31,0.35,0.7148333333333334,0.39,0.42,0.6831666666666666
decoded,5000,0.05,20000,1,5,selected,nonfixed,100,0.16,0.8188333333333333,0.92,0.102,1.84,0.9,0.23,16,184,0.08,0.27,0.7476666666666668,0.16,0.29,0.7426666666666668,0.31,0.35,0.7148333333333334,0.39,0.42,0.6831666666666666
decoded,5000,0.05,20000,1,10,neutral,all,1000,0.0,0.539,1.0,0.0,0.828,0.539,0.044,0,828,0.0,0.0,0.539,0.0,0.0,0.539,0.0,0.0,0.539,0.0,0.0,0.539
decoded,5000,0.05,20000,1,10,selected,all,100,0.11,0.625,0.9017857142857143,0.085,1.01,0.7,0.23,11,101,0.05,0.19,0.5716666666666667,0.11,0.2,0.5683333333333332,0.21,0.25,0.535,0.25,0.28,0.51
decoded,5000,0.05,20000,1,10,selected,nonfixed,100,0.11,0.625,0.9017857142857143,0.085,1.01,0.7,0.23,11,101,0.05,0.19,0.5716666666666667,0.11,0.2,0.5683333333333332,0.21,0.25,0.535,0.25,0.28,0.51
decoded,5000,0.05,20000,1,20,neutral,all,1000,0.0,0.111,1.0,0.0,0.119,0.111,0.044,0,119,0.0,0.0,0.111,0.0,0.0,0.111,0.0,0.0,0.111,0.0,0.0,0.111
decoded,5000,0.05,20000,1,20,selected,all,100,0.04,0.115,0.75,0.03666666666666667,0.12,0.15,0.23,4,12,0.03,0.07,0.085,0.04,0.07,0.085,0.07,0.08,0.075,0.08,0.08,0.075
decoded,5000,0.05,20000,1,20,selected,nonfixed,100,0.04,0.115,0.75,0.03666666666666667,0.12,0.15,0.23,4,12,0.03,0.07,0.085,0.04,0.07,0.085,0.07,0.08,0.075,0.08,0.08,0.075
decoded,5000,0.05,50000,0,1,neutral,all,1000,0.0,0.939,1.0,0.0,3.37,0.939,0.044,0,3370,0.0,0.0,0.939,0.0,0.0,0.939,0.0,0.0,0.939,0.0,0.0,0.939
decoded,5000,0.05,50000,0,1,selected,all,100,0.27,0.9160436507936508,0.9296875,0.11096031746031747,3.57,0.99,0.23,27,357,0.17,0.33,0.8942658730158729,0.27,0.34,0.8928373015873015,0.4,0.46,0.8587420634920635,0.53,0.54,0.83915873015873
decoded,5000,0.05,50000,0,1,selected,nonfixed,100,0.27,0.9160436507936508,0.9296875,0.11096031746031747,3.57,0.99,0.23,27,357,0.17,0.33,0.8942658730158729,0.27,0.34,0.8928373015873015,0.4,0.46,0.8587420634920635,0.53,0.54,0.83915873015873
decoded,5000,0.05,50000,0,3,neutral,all,1000,0.0,0.712,1.0,0.0,1.351,0.712,0.044,0,1351,0.0,0.0,0.712,0.0,0.0,0.712,0.0,0.0,0.712,0.0,0.0,0.712
decoded,5000,0.05,50000,0,3,selected,all,100,0.19,0.7258333333333334,0.88125,0.127,1.41,0.83,0.23,19,141,0.11,0.26,0.6766666666666665,0.19,0.26,0.6766666666666665,0.27,0.33,0.6375,0.35,0.37,0.6166666666666667
decoded,5000,0.05,50000,0,3,selected,nonfixed,100,0.19,0.7258333333333334,0.88125,0.127,1.41,0.83,0.23,19,141,0.11,0.26,0.6766666666666665,0.19,0.26,0.6766666666666665,0.27,0.33,0.6375,0.35,0.37,0.6166666666666667
decoded,5000,0.05,50000,0,5,neutral,all,1000,0.0,0.421,1.0,0.0,0.579,0.421,0.044,0,579,0.0,0.0,0.421,0.0,0.0,0.421,0.0,0.0,0.421,0.0,0.0,0.421
decoded,5000,0.05,50000,0,5,selected,all,100,0.1,0.52,0.8734177215189873,0.08666666666666666,0.69,0.6,0.23,10,69,0.05,0.16,0.47166666666666673,0.1,0.16,0.47166666666666673,0.16,0.19,0.4466666666666667,0.2,0.22,0.4216666666666667
decoded,5000,0.05,50000,0,5,selected,nonfixed,100,0.1,0.52,0.8734177215189873,0.08666666666666666,0.69,0.6,0.23,10,69,0.05,0.16,0.47166666666666673,0.1,0.16,0.47166666666666673,0.16,0.19,0.4466666666666667,0.2,0.22,0.4216666666666667
decoded,5000,0.05,50000,0,10,neutral,all,1000,0.0,0.054,1.0,0.0,0.057,0.054,0.044,0,57,0.0,0.0,0.054,0.0,0.0,0.054,0.0,0.0,0.054,0.0,0.0,0.054
decoded,5000,0.05,50000,0,10,selected,all,100,0.04,0.06,0.6,0.04,0.06,0.1,0.23,4,6,0.01,0.04,0.06,0.04,0.04,0.06,0.04,0.04,0.06,0.04,0.04,0.06
decoded,5000,0.05,50000,0,10,selected,nonfixed,100,0.04,0.06,0.6,0.04,0.06,0.1,0.23,4,6,0.01,0.04,0.06,0.04,0.04,0.06,0.04,0.04,0.06,0.04,0.04,0.06
decoded,5000,0.05,50000,0,20,neutral,all,1000,0.0,0.003,1.0,0.0,0.003,0.003,0.044,0,3,0.0,0.0,0.003,0.0,0.0,0.003,0.0,0.0,0.003,0.0,0.0,0.003
decoded,5000,0.05,50000,0,20,selected,all,100,0.0,0.0,,0.0,0.0,0.0,0.23,0,0,0.0,0.0,0.0,0.0,0.0,0.0,0.0,0.0,0.0,0.0,0.0,0.0
decoded,5000,0.05,50000,0,20,selected,nonfixed,100,0.0,0.0,,0.0,0.0,0.0,0.23,0,0,0.0,0.0,0.0,0.0,0.0,0.0,0.0,0.0,0.0,0.0,0.0,0.0
decoded,5000,0.05,50000,1,1,neutral,all,1000,0.0,0.939,1.0,0.0,2.998,0.939,0.044,0,2998,0.0,0.0,0.939,0.0,0.0,0.939,0.0,0.0,0.939,0.0,0.0,0.939
decoded,5000,0.05,50000,1,1,selected,all,100,0.26,0.9079880952380954,0.9235294117647059,0.11957936507936508,3.14,0.99,0.23,26,314,0.17,0.33,0.881404761904762,0.26,0.34,0.8797380952380952,0.4,0.46,0.8424047619047619,0.53,0.54,0.8222261904761905
decoded,5000,0.05,50000,1,1,selected,nonfixed,100,0.26,0.9079880952380954,0.9235294117647059,0.11957936507936508,3.14,0.99,0.23,26,314,0.17,0.33,0.881404761904762,0.26,0.34,0.8797380952380952,0.4,0.46,0.8424047619047619,0.53,0.54,0.8222261904761905
decoded,5000,0.05,50000,1,3,neutral,all,1000,0.0,0.732,1.0,0.0,1.406,0.732,0.044,0,1406,0.0,0.0,0.732,0.0,0.0,0.732,0.0,0.0,0.732,0.0,0.0,0.732
decoded,5000,0.05,50000,1,3,selected,all,100,0.2,0.7458333333333335,0.8830409356725146,0.1303333333333333,1.51,0.85,0.23,20,151,0.12,0.27,0.7025,0.2,0.28,0.6991666666666667,0.3,0.36,0.655,0.38,0.4,0.6341666666666668
decoded,5000,0.05,50000,1,3,selected,nonfixed,100,0.2,0.7458333333333335,0.8830409356725146,0.1303333333333333,1.51,0.85,0.23,20,151,0.12,0.27,0.7025,0.2,0.28,0.6991666666666667,0.3,0.36,0.655,0.38,0.4,0.6341666666666668
decoded,5000,0.05,50000,1,5,neutral,all,1000,0.0,0.455,1.0,0.0,0.636,0.455,0.044,0,636,0.0,0.0,0.455,0.0,0.0,0.455,0.0,0.0,0.455,0.0,0.0,0.455
decoded,5000,0.05,50000,1,5,selected,all,100,0.1,0.57,0.8823529411764706,0.08666666666666666,0.75,0.65,0.23,10,75,0.05,0.16,0.5216666666666667,0.1,0.16,0.5216666666666667,0.16,0.19,0.4966666666666667,0.21,0.23,0.4616666666666667
decoded,5000,0.05,50000,1,5,selected,nonfixed,100,0.1,0.57,0.8823529411764706,0.08666666666666666,0.75,0.65,0.23,10,75,0.05,0.16,0.5216666666666667,0.1,0.16,0.5216666666666667,0.16,0.19,0.4966666666666667,0.21,0.23,0.4616666666666667
decoded,5000,0.05,50000,1,10,neutral,all,1000,0.0,0.069,1.0,0.0,0.075,0.069,0.044,0,75,0.0,0.0,0.069,0.0,0.0,0.069,0.0,0.0,0.069,0.0,0.0,0.069
decoded,5000,0.05,50000,1,10,selected,all,100,0.04,0.08,0.6666666666666666,0.04,0.08,0.12,0.23,4,8,0.01,0.05,0.07,0.04,0.05,0.07,0.05,0.05,0.07,0.05,0.05,0.07
decoded,5000,0.05,50000,1,10,selected,nonfixed,100,0.04,0.08,0.6666666666666666,0.04,0.08,0.12,0.23,4,8,0.01,0.05,0.07,0.04,0.05,0.07,0.05,0.05,0.07,0.05,0.05,0.07
decoded,5000,0.05,50000,1,20,neutral,all,1000,0.0,0.004,1.0,0.0,0.004,0.004,0.044,0,4,0.0,0.0,0.004,0.0,0.0,0.004,0.0,0.0,0.004,0.0,0.0,0.004
decoded,5000,0.05,50000,1,20,selected,all,100,0.0,0.0,,0.0,0.0,0.0,0.23,0,0,0.0,0.0,0.0,0.0,0.0,0.0,0.0,0.0,0.0,0.0,0.0,0.0
decoded,5000,0.05,50000,1,20,selected,nonfixed,100,0.0,0.0,,0.0,0.0,0.0,0.23,0,0,0.0,0.0,0.0,0.0,0.0,0.0,0.0,0.0,0.0,0.0,0.0,0.0
decoded,10000,0.001,10000,0,1,neutral,all,1000,0.0,0.161,1.0,0.0,0.195,0.161,0.001,0,195,0.0,0.0,0.161,0.0,0.0,0.161,0.0,0.0,0.161,0.0,0.0,0.161
decoded,10000,0.001,10000,0,1,selected,all,100,0.19,0.195,0.6545454545454545,0.143,0.36,0.32,0.12,19,36,0.14,0.17,0.21,0.19,0.2,0.185,0.23,0.23,0.15499999999999997,0.23,0.23,0.15499999999999997
decoded,10000,0.001,10000,0,1,selected,nonfixed,100,0.19,0.195,0.6545454545454545,0.143,0.36,0.32,0.12,19,36,0.14,0.17,0.21,0.19,0.2,0.185,0.23,0.23,0.15499999999999997,0.23,0.23,0.15499999999999997
decoded,10000,0.001,10000,0,3,neutral,all,1000,0.0,0.111,1.0,0.0,0.121,0.111,0.001,0,121,0.0,0.0,0.111,0.0,0.0,0.111,0.0,0.0,0.111,0.0,0.0,0.111
decoded,10000,0.001,10000,0,3,selected,all,100,0.16,0.15666666666666665,0.5428571428571428,0.14166666666666666,0.19,0.29,0.12,16,19,0.12,0.15,0.16666666666666663,0.16,0.17,0.14666666666666667,0.22,0.22,0.09666666666666666,0.22,0.22,0.09666666666666666
decoded,10000,0.001,10000,0,3,selected,nonfixed,100,0.16,0.15666666666666665,0.5428571428571428,0.14166666666666666,0.19,0.29,0.12,16,19,0.12,0.15,0.16666666666666663,0.16,0.17,0.14666666666666667,0.22,0.22,0.09666666666666666,0.22,0.22,0.09666666666666666
decoded,10000,0.001,10000,0,5,neutral,all,1000,0.0,0.077,1.0,0.0,0.078,0.077,0.001,0,78,0.0,0.0,0.077,0.0,0.0,0.077,0.0,0.0,0.077,0.0,0.0,0.077
decoded,10000,0.001,10000,0,5,selected,all,100,0.16,0.11166666666666666,0.4666666666666667,0.145,0.14,0.25,0.12,16,14,0.12,0.15,0.12166666666666666,0.16,0.17,0.10166666666666666,0.2,0.2,0.07166666666666666,0.2,0.2,0.07166666666666666
decoded,10000,0.001,10000,0,5,selected,nonfixed,100,0.16,0.11166666666666666,0.4666666666666667,0.145,0.14,0.25,0.12,16,14,0.12,0.15,0.12166666666666666,0.16,0.17,0.10166666666666666,0.2,0.2,0.07166666666666666,0.2,0.2,0.07166666666666666
decoded,10000,0.001,10000,0,10,neutral,all,1000,0.0,0.03,1.0,0.0,0.03,0.03,0.001,0,30,0.0,0.0,0.03,0.0,0.0,0.03,0.0,0.0,0.03,0.0,0.0,0.03
decoded,10000,0.001,10000,0,10,selected,all,100,0.12,0.055,0.3333333333333333,0.11666666666666665,0.06,0.17,0.12,12,6,0.08,0.11,0.065,0.12,0.14,0.035,0.16,0.16,0.015,0.16,0.16,0.015
decoded,10000,0.001,10000,0,10,selected,nonfixed,100,0.12,0.055,0.3333333333333333,0.11666666666666665,0.06,0.17,0.12,12,6,0.08,0.11,0.065,0.12,0.14,0.035,0.16,0.16,0.015,0.16,0.16,0.015
decoded,10000,0.001,10000,0,20,neutral,all,1000,0.0,0.002,1.0,0.0,0.002,0.002,0.001,0,2,0.0,0.0,0.002,0.0,0.0,0.002,0.0,0.0,0.002,0.0,0.0,0.002
decoded,10000,0.001,10000,0,20,selected,all,100,0.04,0.0,0.0,0.04,0.0,0.04,0.12,4,0,0.02,0.04,0.0,0.04,0.04,0.0,0.04,0.04,0.0,0.04,0.04,0.0
decoded,10000,0.001,10000,0,20,selected,nonfixed,100,0.04,0.0,0.0,0.04,0.0,0.04,0.12,4,0,0.02,0.04,0.0,0.04,0.04,0.0,0.04,0.04,0.0,0.04,0.04,0.0
decoded,10000,0.001,10000,1,1,neutral,all,1000,0.0,0.161,1.0,0.0,0.186,0.161,0.001,0,186,0.0,0.0,0.161,0.0,0.0,0.161,0.0,0.0,0.161,0.0,0.0,0.161
decoded,10000,0.001,10000,1,1,selected,all,100,0.19,0.18083333333333332,0.5957446808510638,0.154,0.28,0.32,0.12,19,28,0.14,0.17,0.2008333333333333,0.19,0.2,0.1708333333333333,0.23,0.23,0.1408333333333333,0.23,0.23,0.1408333333333333
decoded,10000,0.001,10000,1,1,selected,nonfixed,100,0.19,0.18083333333333332,0.5957446808510638,0.154,0.28,0.32,0.12,19,28,0.14,0.17,0.2008333333333333,0.19,0.2,0.1708333333333333,0.23,0.23,0.1408333333333333,0.23,0.23,0.1408333333333333
decoded,10000,0.001,10000,1,3,neutral,all,1000,0.0,0.111,1.0,0.0,0.117,0.111,0.001,0,117,0.0,0.0,0.111,0.0,0.0,0.111,0.0,0.0,0.111,0.0,0.0,0.111
decoded,10000,0.001,10000,1,3,selected,all,100,0.17,0.14666666666666667,0.5142857142857142,0.15166666666666667,0.18,0.29,0.12,17,18,0.12,0.15,0.16666666666666663,0.17,0.18,0.13666666666666666,0.22,0.22,0.09666666666666666,0.22,0.22,0.09666666666666666
decoded,10000,0.001,10000,1,3,selected,nonfixed,100,0.17,0.14666666666666667,0.5142857142857142,0.15166666666666667,0.18,0.29,0.12,17,18,0.12,0.15,0.16666666666666663,0.17,0.18,0.13666666666666666,0.22,0.22,0.09666666666666666,0.22,0.22,0.09666666666666666
decoded,10000,0.001,10000,1,5,neutral,all,1000,0.0,0.079,1.0,0.0,0.08,0.079,0.001,0,80,0.0,0.0,0.079,0.0,0.0,0.079,0.0,0.0,0.079,0.0,0.0,0.079
decoded,10000,0.001,10000,1,5,selected,all,100,0.17,0.11666666666666665,0.46875,0.15166666666666667,0.15,0.26,0.12,17,15,0.12,0.15,0.13666666666666666,0.17,0.18,0.10666666666666666,0.21,0.21,0.07666666666666666,0.21,0.21,0.07666666666666666
decoded,10000,0.001,10000,1,5,selected,nonfixed,100,0.17,0.11666666666666665,0.46875,0.15166666666666667,0.15,0.26,0.12,17,15,0.12,0.15,0.13666666666666666,0.17,0.18,0.10666666666666666,0.21,0.21,0.07666666666666666,0.21,0.21,0.07666666666666666
decoded,10000,0.001,10000,1,10,neutral,all,1000,0.0,0.03,1.0,0.0,0.03,0.03,0.001,0,30,0.0,0.0,0.03,0.0,0.0,0.03,0.0,0.0,0.03,0.0,0.0,0.03
decoded,10000,0.001,10000,1,10,selected,all,100,0.12,0.065,0.3684210526315789,0.11666666666666665,0.07,0.18,0.12,12,7,0.08,0.11,0.075,0.12,0.14,0.045,0.16,0.16,0.025,0.16,0.16,0.025
decoded,10000,0.001,10000,1,10,selected,nonfixed,100,0.12,0.065,0.3684210526315789,0.11666666666666665,0.07,0.18,0.12,12,7,0.08,0.11,0.075,0.12,0.14,0.045,0.16,0.16,0.025,0.16,0.16,0.025
decoded,10000,0.001,10000,1,20,neutral,all,1000,0.0,0.002,1.0,0.0,0.002,0.002,0.001,0,2,0.0,0.0,0.002,0.0,0.0,0.002,0.0,0.0,0.002,0.0,0.0,0.002
decoded,10000,0.001,10000,1,20,selected,all,100,0.04,0.0,0.0,0.04,0.0,0.04,0.12,4,0,0.02,0.04,0.0,0.04,0.04,0.0,0.04,0.04,0.0,0.04,0.04,0.0
decoded,10000,0.001,10000,1,20,selected,nonfixed,100,0.04,0.0,0.0,0.04,0.0,0.04,0.12,4,0,0.02,0.04,0.0,0.04,0.04,0.0,0.04,0.04,0.0,0.04,0.04,0.0
decoded,10000,0.001,20000,0,1,neutral,all,1000,0.0,0.142,1.0,0.0,0.161,0.142,0.001,0,161,0.0,0.0,0.142,0.0,0.0,0.142,0.0,0.0,0.142,0.0,0.0,0.142
decoded,10000,0.001,20000,0,1,selected,all,100,0.17,0.19583333333333333,0.6304347826086957,0.13066666666666665,0.29,0.31,0.12,17,29,0.12,0.16,0.2058333333333333,0.17,0.18,0.18583333333333332,0.22,0.22,0.14583333333333331,0.22,0.22,0.14583333333333331
decoded,10000,0.001,20000,0,1,selected,nonfixed,100,0.17,0.19583333333333333,0.6304347826086957,0.13066666666666665,0.29,0.31,0.12,17,29,0.12,0.16,0.2058333333333333,0.17,0.18,0.18583333333333332,0.22,0.22,0.14583333333333331,0.22,0.22,0.14583333333333331
decoded,10000,0.001,20000,0,3,neutral,all,1000,0.0,0.073,1.0,0.0,0.074,0.073,0.001,0,74,0.0,0.0,0.073,0.0,0.0,0.073,0.0,0.0,0.073,0.0,0.0,0.073
decoded,10000,0.001,20000,0,3,selected,all,100,0.15,0.09666666666666666,0.4444444444444444,0.1383333333333333,0.12,0.23,0.12,15,12,0.11,0.14,0.10666666666666666,0.15,0.16,0.08666666666666666,0.19,0.19,0.056666666666666664,0.19,0.19,0.056666666666666664
decoded,10000,0.001,20000,0,3,selected,nonfixed,100,0.15,0.09666666666666666,0.4444444444444444,0.1383333333333333,0.12,0.23,0.12,15,12,0.11,0.14,0.10666666666666666,0.15,0.16,0.08666666666666666,0.19,0.19,0.056666666666666664,0.19,0.19,0.056666666666666664
decoded,10000,0.001,20000,0,5,neutral,all,1000,0.0,0.035,1.0,0.0,0.035,0.035,0.001,0,35,0.0,0.0,0.035,0.0,0.0,0.035,0.0,0.0,0.035,0.0,0.0,0.035
decoded,10000,0.001,20000,0,5,selected,all,100,0.14,0.05,0.3,0.13333333333333333,0.06,0.18,0.12,14,6,0.09,0.12,0.07,0.14,0.15,0.04,0.16,0.16,0.03,0.16,0.16,0.03
decoded,10000,0.001,20000,0,5,selected,nonfixed,100,0.14,0.05,0.3,0.13333333333333333,0.06,0.18,0.12,14,6,0.09,0.12,0.07,0.14,0.15,0.04,0.16,0.16,0.03,0.16,0.16,0.03
decoded,10000,0.001,20000,0,10,neutral,all,1000,0.0,0.002,1.0,0.0,0.002,0.002,0.001,0,2,0.0,0.0,0.002,0.0,0.0,0.002,0.0,0.0,0.002,0.0,0.0,0.002
decoded,10000,0.001,20000,0,10,selected,all,100,0.04,0.0,0.0,0.04,0.0,0.04,0.12,4,0,0.02,0.04,0.0,0.04,0.04,0.0,0.04,0.04,0.0,0.04,0.04,0.0
decoded,10000,0.001,20000,0,10,selected,nonfixed,100,0.04,0.0,0.0,0.04,0.0,0.04,0.12,4,0,0.02,0.04,0.0,0.04,0.04,0.0,0.04,0.04,0.0,0.04,0.04,0.0
decoded,10000,0.001,20000,0,20,neutral,all,1000,0.0,0.0,,0.0,0.0,0.0,0.001,0,0,0.0,0.0,0.0,0.0,0.0,0.0,0.0,0.0,0.0,0.0,0.0,0.0
decoded,10000,0.001,20000,0,20,selected,all,100,0.0,0.0,,0.0,0.0,0.0,0.12,0,0,0.0,0.0,0.0,0.0,0.0,0.0,0.0,0.0,0.0,0.0,0.0,0.0
decoded,10000,0.001,20000,0,20,selected,nonfixed,100,0.0,0.0,,0.0,0.0,0.0,0.12,0,0,0.0,0.0,0.0,0.0,0.0,0.0,0.0,0.0,0.0,0.0,0.0,0.0
decoded,10000,0.001,20000,1,1,neutral,all,1000,0.0,0.142,1.0,0.0,0.156,0.142,0.001,0,156,0.0,0.0,0.142,0.0,0.0,0.142,0.0,0.0,0.142,0.0,0.0,0.142
decoded,10000,0.001,20000,1,1,selected,all,100,0.17,0.18833333333333332,0.6046511627906976,0.13666666666666666,0.26,0.31,0.12,17,26,0.12,0.16,0.19833333333333333,0.17,0.18,0.17833333333333332,0.22,0.22,0.1383333333333333,0.22,0.22,0.1383333333333333
decoded,10000,0.001,20000,1,1,selected,nonfixed,100,0.17,0.18833333333333332,0.6046511627906976,0.13666666666666666,0.26,0.31,0.12,17,26,0.12,0.16,0.19833333333333333,0.17,0.18,0.17833333333333332,0.22,0.22,0.1383333333333333,0.22,0.22,0.1383333333333333
decoded,10000,0.001,20000,1,3,neutral,all,1000,0.0,0.075,1.0,0.0,0.076,0.075,0.001,0,76,0.0,0.0,0.075,0.0,0.0,0.075,0.0,0.0,0.075,0.0,0.0,0.075
decoded,10000,0.001,20000,1,3,selected,all,100,0.15,0.09666666666666666,0.4444444444444444,0.1383333333333333,0.12,0.23,0.12,15,12,0.11,0.14,0.10666666666666666,0.15,0.16,0.08666666666666666,0.19,0.19,0.056666666666666664,0.19,0.19,0.056666666666666664
decoded,10000,0.001,20000,1,3,selected,nonfixed,100,0.15,0.09666666666666666,0.4444444444444444,0.1383333333333333,0.12,0.23,0.12,15,12,0.11,0.14,0.10666666666666666,0.15,0.16,0.08666666666666666,0.19,0.19,0.056666666666666664,0.19,0.19,0.056666666666666664
decoded,10000,0.001,20000,1,5,neutral,all,1000,0.0,0.035,1.0,0.0,0.035,0.035,0.001,0,35,0.0,0.0,0.035,0.0,0.0,0.035,0.0,0.0,0.035,0.0,0.0,0.035
decoded,10000,0.001,20000,1,5,selected,all,100,0.14,0.05,0.3,0.13333333333333333,0.06,0.18,0.12,14,6,0.09,0.12,0.07,0.14,0.15,0.04,0.16,0.16,0.03,0.16,0.16,0.03
decoded,10000,0.001,20000,1,5,selected,nonfixed,100,0.14,0.05,0.3,0.13333333333333333,0.06,0.18,0.12,14,6,0.09,0.12,0.07,0.14,0.15,0.04,0.16,0.16,0.03,0.16,0.16,0.03
decoded,10000,0.001,20000,1,10,neutral,all,1000,0.0,0.002,1.0,0.0,0.002,0.002,0.001,0,2,0.0,0.0,0.002,0.0,0.0,0.002,0.0,0.0,0.002,0.0,0.0,0.002
decoded,10000,0.001,20000,1,10,selected,all,100,0.04,0.0,0.0,0.04,0.0,0.04,0.12,4,0,0.02,0.04,0.0,0.04,0.04,0.0,0.04,0.04,0.0,0.04,0.04,0.0
decoded,10000,0.001,20000,1,10,selected,nonfixed,100,0.04,0.0,0.0,0.04,0.0,0.04,0.12,4,0,0.02,0.04,0.0,0.04,0.04,0.0,0.04,0.04,0.0,0.04,0.04,0.0
decoded,10000,0.001,20000,1,20,neutral,all,1000,0.0,0.0,,0.0,0.0,0.0,0.001,0,0,0.0,0.0,0.0,0.0,0.0,0.0,0.0,0.0,0.0,0.0,0.0,0.0
decoded,10000,0.001,20000,1,20,selected,all,100,0.0,0.0,,0.0,0.0,0.0,0.12,0,0,0.0,0.0,0.0,0.0,0.0,0.0,0.0,0.0,0.0,0.0,0.0,0.0
decoded,10000,0.001,20000,1,20,selected,nonfixed,100,0.0,0.0,,0.0,0.0,0.0,0.12,0,0,0.0,0.0,0.0,0.0,0.0,0.0,0.0,0.0,0.0,0.0,0.0,0.0
decoded,10000,0.001,50000,0,1,neutral,all,1000,0.0,0.111,1.0,0.0,0.119,0.111,0.001,0,119,0.0,0.0,0.111,0.0,0.0,0.111,0.0,0.0,0.111,0.0,0.0,0.111
decoded,10000,0.001,50000,0,1,selected,all,100,0.16,0.15666666666666665,0.5428571428571428,0.14166666666666666,0.19,0.29,0.12,16,19,0.13,0.15,0.16666666666666663,0.16,0.17,0.14666666666666667,0.21,0.21,0.10666666666666666,0.21,0.21,0.10666666666666666
decoded,10000,0.001,50000,0,1,selected,nonfixed,100,0.16,0.15666666666666665,0.5428571428571428,0.14166666666666666,0.19,0.29,0.12,16,19,0.13,0.15,0.16666666666666663,0.16,0.17,0.14666666666666667,0.21,0.21,0.10666666666666666,0.21,0.21,0.10666666666666666
decoded,10000,0.001,50000,0,3,neutral,all,1000,0.0,0.022,1.0,0.0,0.022,0.022,0.001,0,22,0.0,0.0,0.022,0.0,0.0,0.022,0.0,0.0,0.022,0.0,0.0,0.022
decoded,10000,0.001,50000,0,3,selected,all,100,0.06,0.0,0.0,0.06,0.0,0.06,0.12,6,0,0.04,0.06,0.0,0.06,0.06,0.0,0.06,0.06,0.0,0.06,0.06,0.0
decoded,10000,0.001,50000,0,3,selected,nonfixed,100,0.06,0.0,0.0,0.06,0.0,0.06,0.12,6,0,0.04,0.06,0.0,0.06,0.06,0.0,0.06,0.06,0.0,0.06,0.06,0.0
decoded,10000,0.001,50000,0,5,neutral,all,1000,0.0,0.001,1.0,0.0,0.001,0.001,0.001,0,1,0.0,0.0,0.001,0.0,0.0,0.001,0.0,0.0,0.001,0.0,0.0,0.001
decoded,10000,0.001,50000,0,5,selected,all,100,0.02,0.0,0.0,0.02,0.0,0.02,0.12,2,0,0.01,0.02,0.0,0.02,0.02,0.0,0.02,0.02,0.0,0.02,0.02,0.0
decoded,10000,0.001,50000,0,5,selected,nonfixed,100,0.02,0.0,0.0,0.02,0.0,0.02,0.12,2,0,0.01,0.02,0.0,0.02,0.02,0.0,0.02,0.02,0.0,0.02,0.02,0.0
decoded,10000,0.001,50000,0,10,neutral,all,1000,0.0,0.0,,0.0,0.0,0.0,0.001,0,0,0.0,0.0,0.0,0.0,0.0,0.0,0.0,0.0,0.0,0.0,0.0,0.0
decoded,10000,0.001,50000,0,10,selected,all,100,0.0,0.0,,0.0,0.0,0.0,0.12,0,0,0.0,0.0,0.0,0.0,0.0,0.0,0.0,0.0,0.0,0.0,0.0,0.0
decoded,10000,0.001,50000,0,10,selected,nonfixed,100,0.0,0.0,,0.0,0.0,0.0,0.12,0,0,0.0,0.0,0.0,0.0,0.0,0.0,0.0,0.0,0.0,0.0,0.0,0.0
decoded,10000,0.001,50000,0,20,neutral,all,1000,0.0,0.0,,0.0,0.0,0.0,0.001,0,0,0.0,0.0,0.0,0.0,0.0,0.0,0.0,0.0,0.0,0.0,0.0,0.0
decoded,10000,0.001,50000,0,20,selected,all,100,0.0,0.0,,0.0,0.0,0.0,0.12,0,0,0.0,0.0,0.0,0.0,0.0,0.0,0.0,0.0,0.0,0.0,0.0,0.0
decoded,10000,0.001,50000,0,20,selected,nonfixed,100,0.0,0.0,,0.0,0.0,0.0,0.12,0,0,0.0,0.0,0.0,0.0,0.0,0.0,0.0,0.0,0.0,0.0,0.0,0.0
decoded,10000,0.001,50000,1,1,neutral,all,1000,0.0,0.111,1.0,0.0,0.118,0.111,0.001,0,118,0.0,0.0,0.111,0.0,0.0,0.111,0.0,0.0,0.111,0.0,0.0,0.111
decoded,10000,0.001,50000,1,1,selected,all,100,0.13,0.165,0.5806451612903226,0.12666666666666665,0.18,0.29,0.12,13,18,0.1,0.15,0.15,0.13,0.17,0.13,0.21,0.21,0.09,0.21,0.21,0.09
decoded,10000,0.001,50000,1,1,selected,nonfixed,100,0.13,0.165,0.5806451612903226,0.12666666666666665,0.18,0.29,0.12,13,18,0.1,0.15,0.15,0.13,0.17,0.13,0.21,0.21,0.09,0.21,0.21,0.09
decoded,10000,0.001,50000,1,3,neutral,all,1000,0.0,0.023,1.0,0.0,0.023,0.023,0.001,0,23,0.0,0.0,0.023,0.0,0.0,0.023,0.0,0.0,0.023,0.0,0.0,0.023
decoded,10000,0.001,50000,1,3,selected,all,100,0.07,0.02,0.2222222222222222,0.07,0.02,0.09,0.12,7,2,0.05,0.09,0.0,0.07,0.09,0.0,0.09,0.09,0.0,0.09,0.09,0.0
decoded,10000,0.001,50000,1,3,selected,nonfixed,100,0.07,0.02,0.2222222222222222,0.07,0.02,0.09,0.12,7,2,0.05,0.09,0.0,0.07,0.09,0.0,0.09,0.09,0.0,0.09,0.09,0.0
decoded,10000,0.001,50000,1,5,neutral,all,1000,0.0,0.001,1.0,0.0,0.001,0.001,0.001,0,1,0.0,0.0,0.001,0.0,0.0,0.001,0.0,0.0,0.001,0.0,0.0,0.001
decoded,10000,0.001,50000,1,5,selected,all,100,0.02,0.0,0.0,0.02,0.0,0.02,0.12,2,0,0.01,0.02,0.0,0.02,0.02,0.0,0.02,0.02,0.0,0.02,0.02,0.0
decoded,10000,0.001,50000,1,5,selected,nonfixed,100,0.02,0.0,0.0,0.02,0.0,0.02,0.12,2,0,0.01,0.02,0.0,0.02,0.02,0.0,0.02,0.02,0.0,0.02,0.02,0.0
decoded,10000,0.001,50000,1,10,neutral,all,1000,0.0,0.0,,0.0,0.0,0.0,0.001,0,0,0.0,0.0,0.0,0.0,0.0,0.0,0.0,0.0,0.0,0.0,0.0,0.0
decoded,10000,0.001,50000,1,10,selected,all,100,0.0,0.0,,0.0,0.0,0.0,0.12,0,0,0.0,0.0,0.0,0.0,0.0,0.0,0.0,0.0,0.0,0.0,0.0,0.0
decoded,10000,0.001,50000,1,10,selected,nonfixed,100,0.0,0.0,,0.0,0.0,0.0,0.12,0,0,0.0,0.0,0.0,0.0,0.0,0.0,0.0,0.0,0.0,0.0,0.0,0.0
decoded,10000,0.001,50000,1,20,neutral,all,1000,0.0,0.0,,0.0,0.0,0.0,0.001,0,0,0.0,0.0,0.0,0.0,0.0,0.0,0.0,0.0,0.0,0.0,0.0,0.0
decoded,10000,0.001,50000,1,20,selected,all,100,0.0,0.0,,0.0,0.0,0.0,0.12,0,0,0.0,0.0,0.0,0.0,0.0,0.0,0.0,0.0,0.0,0.0,0.0,0.0
decoded,10000,0.001,50000,1,20,selected,nonfixed,100,0.0,0.0,,0.0,0.0,0.0,0.12,0,0,0.0,0.0,0.0,0.0,0.0,0.0,0.0,0.0,0.0,0.0,0.0,0.0
decoded,10000,0.01,10000,0,1,neutral,all,1000,0.0,0.691,1.0,0.0,1.501,0.691,0.01,0,1501,0.0,0.0,0.691,0.0,0.0,0.691,0.0,0.0,0.691,0.0,0.0,0.691
decoded,10000,0.01,10000,0,1,selected,all,100,0.38,0.5667936507936507,0.8041237113402062,0.2428809523809524,1.56,0.77,0.3,38,156,0.26,0.38,0.5584603174603174,0.38,0.45,0.5264603174603174,0.5,0.5,0.5011269841269841,0.5,0.5,0.5011269841269841
decoded,10000,0.01,10000,0,1,selected,nonfixed,100,0.38,0.5667936507936507,0.8041237113402062,0.2428809523809524,1.56,0.77,0.3,38,156,0.26,0.38,0.5584603174603174,0.38,0.45,0.5264603174603174,0.5,0.5,0.5011269841269841,0.5,0.5,0.5011269841269841
decoded,10000,0.01,10000,0,3,neutral,all,1000,0.0,0.597,1.0,0.0,0.991,0.597,0.01,0,991,0.0,0.0,0.597,0.0,0.0,0.597,0.0,0.0,0.597,0.0,0.0,0.597
decoded,10000,0.01,10000,0,3,selected,all,100,0.3,0.5238333333333334,0.7945205479452054,0.21019047619047618,1.16,0.7,0.3,30,116,0.2,0.32,0.5105,0.3,0.4,0.46299999999999997,0.43,0.43,0.44549999999999995,0.43,0.43,0.44549999999999995
decoded,10000,0.01,10000,0,3,selected,nonfixed,100,0.3,0.5238333333333334,0.7945205479452054,0.21019047619047618,1.16,0.7,0.3,30,116,0.2,0.32,0.5105,0.3,0.4,0.46299999999999997,0.43,0.43,0.44549999999999995,0.43,0.43,0.44549999999999995
decoded,10000,0.01,10000,0,5,neutral,all,1000,0.0,0.525,1.0,0.0,0.77,0.525,0.01,0,770,0.0,0.0,0.525,0.0,0.0,0.525,0.0,0.0,0.525,0.0,0.0,0.525
decoded,10000,0.01,10000,0,5,selected,all,100,0.28,0.493,0.7846153846153846,0.21952380952380948,1.02,0.69,0.3,28,102,0.19,0.32,0.45966666666666667,0.28,0.4,0.41133333333333333,0.43,0.43,0.3938333333333333,0.43,0.43,0.3938333333333333
decoded,10000,0.01,10000,0,5,selected,nonfixed,100,0.28,0.493,0.7846153846153846,0.21952380952380948,1.02,0.69,0.3,28,102,0.19,0.32,0.45966666666666667,0.28,0.4,0.41133333333333333,0.43,0.43,0.3938333333333333,0.43,0.43,0.3938333333333333
decoded,10000,0.01,10000,0,10,neutral,all,1000,0.0,0.329,1.0,0.0,0.416,0.329,0.01,0,416,0.0,0.0,0.329,0.0,0.0,0.329,0.0,0.0,0.329,0.0,0.0,0.329
decoded,10000,0.01,10000,0,10,selected,all,100,0.22,0.36916666666666664,0.7027027027027027,0.19899999999999998,0.52,0.56,0.3,22,52,0.15,0.27,0.32416666666666666,0.22,0.32,0.2791666666666666,0.34,0.34,0.26416666666666666,0.34,0.34,0.26416666666666666
decoded,10000,0.01,10000,0,10,selected,nonfixed,100,0.22,0.36916666666666664,0.7027027027027027,0.19899999999999998,0.52,0.56,0.3,22,52,0.15,0.27,0.32416666666666666,0.22,0.32,0.2791666666666666,0.34,0.34,0.26416666666666666,0.34,0.34,0.26416666666666666
decoded,10000,0.01,10000,0,20,neutral,all,1000,0.0,0.059,1.0,0.0,0.06,0.059,0.01,0,60,0.0,0.0,0.059,0.0,0.0,0.059,0.0,0.0,0.059,0.0,0.0,0.059
decoded,10000,0.01,10000,0,20,selected,all,100,0.13,0.07,0.35,0.13,0.07,0.2,0.3,13,7,0.08,0.17,0.03,0.13,0.19,0.01,0.19,0.19,0.01,0.19,0.19,0.01
decoded,10000,0.01,10000,0,20,selected,nonfixed,100,0.13,0.07,0.35,0.13,0.07,0.2,0.3,13,7,0.08,0.17,0.03,0.13,0.19,0.01,0.19,0.19,0.01,0.19,0.19,0.01
decoded,10000,0.01,10000,1,1,neutral,all,1000,0.0,0.691,1.0,0.0,1.358,0.691,0.01,0,1358,0.0,0.0,0.691,0.0,0.0,0.691,0.0,0.0,0.691,0.0,0.0,0.691
decoded,10000,0.01,10000,1,1,selected,all,100,0.36,0.5596666666666666,0.7906976744186046,0.24657142857142855,1.36,0.77,0.3,36,136,0.26,0.38,0.5413333333333332,0.36,0.45,0.5068333333333334,0.5,0.5,0.4765,0.5,0.5,0.4765
decoded,10000,0.01,10000,1,1,selected,nonfixed,100,0.36,0.5596666666666666,0.7906976744186046,0.24657142857142855,1.36,0.77,0.3,36,136,0.26,0.38,0.5413333333333332,0.36,0.45,0.5068333333333334,0.5,0.5,0.4765,0.5,0.5,0.4765
decoded,10000,0.01,10000,1,3,neutral,all,1000,0.0,0.606,1.0,0.0,0.987,0.606,0.01,0,987,0.0,0.0,0.606,0.0,0.0,0.606,0.0,0.0,0.606,0.0,0.0,0.606
decoded,10000,0.01,10000,1,3,selected,all,100,0.29,0.5221666666666667,0.795774647887324,0.2085238095238095,1.13,0.7,0.3,29,113,0.2,0.32,0.49883333333333335,0.29,0.4,0.45183333333333336,0.43,0.43,0.43433333333333335,0.43,0.43,0.43433333333333335
decoded,10000,0.01,10000,1,3,selected,nonfixed,100,0.29,0.5221666666666667,0.795774647887324,0.2085238095238095,1.13,0.7,0.3,29,113,0.2,0.32,0.49883333333333335,0.29,0.4,0.45183333333333336,0.43,0.43,0.43433333333333335,0.43,0.43,0.43433333333333335
decoded,10000,0.01,10000,1,5,neutral,all,1000,0.0,0.53,1.0,0.0,0.781,0.53,0.01,0,781,0.0,0.0,0.53,0.0,0.0,0.53,0.0,0.0,0.53,0.0,0.0,0.53
decoded,10000,0.01,10000,1,5,selected,all,100,0.28,0.493,0.78125,0.21952380952380948,1.0,0.69,0.3,28,100,0.19,0.32,0.45966666666666667,0.28,0.4,0.41133333333333333,0.43,0.43,0.3938333333333333,0.43,0.43,0.3938333333333333
decoded,10000,0.01,10000,1,5,selected,nonfixed,100,0.28,0.493,0.78125,0.21952380952380948,1.0,0.69,0.3,28,100,0.19,0.32,0.45966666666666667,0.28,0.4,0.41133333333333333,0.43,0.43,0.3938333333333333,0.43,0.43,0.3938333333333333
decoded,10000,0.01,10000,1,10,neutral,all,1000,0.0,0.336,1.0,0.0,0.424,0.336,0.01,0,424,0.0,0.0,0.336,0.0,0.0,0.336,0.0,0.0,0.336,0.0,0.0,0.336
decoded,10000,0.01,10000,1,10,selected,all,100,0.22,0.36916666666666664,0.7066666666666667,0.19899999999999998,0.53,0.56,0.3,22,53,0.15,0.27,0.32416666666666666,0.22,0.32,0.2791666666666666,0.34,0.34,0.26416666666666666,0.34,0.34,0.26416666666666666
decoded,10000,0.01,10000,1,10,selected,nonfixed,100,0.22,0.36916666666666664,0.7066666666666667,0.19899999999999998,0.53,0.56,0.3,22,53,0.15,0.27,0.32416666666666666,0.22,0.32,0.2791666666666666,0.34,0.34,0.26416666666666666,0.34,0.34,0.26416666666666666
decoded,10000,0.01,10000,1,20,neutral,all,1000,0.0,0.064,1.0,0.0,0.066,0.064,0.01,0,66,0.0,0.0,0.064,0.0,0.0,0.064,0.0,0.0,0.064,0.0,0.0,0.064
decoded,10000,0.01,10000,1,20,selected,all,100,0.13,0.08,0.38095238095238093,0.13,0.08,0.21,0.3,13,8,0.08,0.17,0.04,0.13,0.19,0.02,0.19,0.19,0.02,0.19,0.19,0.02
decoded,10000,0.01,10000,1,20,selected,nonfixed,100,0.13,0.08,0.38095238095238093,0.13,0.08,0.21,0.3,13,8,0.08,0.17,0.04,0.13,0.19,0.02,0.19,0.19,0.02,0.19,0.19,0.02
decoded,10000,0.01,20000,0,1,neutral,all,1000,0.0,0.664,1.0,0.0,1.255,0.664,0.01,0,1255,0.0,0.0,0.664,0.0,0.0,0.664,0.0,0.0,0.664,0.0,0.0,0.664
decoded,10000,0.01,20000,0,1,selected,all,100,0.35,0.5335,0.7878787878787878,0.2413809523809524,1.3,0.74,0.3,35,130,0.24,0.37,0.5151666666666667,0.35,0.44,0.48066666666666663,0.47,0.47,0.4636666666666666,0.47,0.47,0.4636666666666666
decoded,10000,0.01,20000,0,1,selected,nonfixed,100,0.35,0.5335,0.7878787878787878,0.2413809523809524,1.3,0.74,0.3,35,130,0.24,0.37,0.5151666666666667,0.35,0.44,0.48066666666666663,0.47,0.47,0.4636666666666666,0.47,0.47,0.4636666666666666
decoded,10000,0.01,20000,0,3,neutral,all,1000,0.0,0.511,1.0,0.0,0.737,0.511,0.01,0,737,0.0,0.0,0.511,0.0,0.0,0.511,0.0,0.0,0.511,0.0,0.0,0.511
decoded,10000,0.01,20000,0,3,selected,all,100,0.3,0.46049999999999996,0.7580645161290323,0.24019047619047618,0.94,0.68,0.3,30,94,0.18,0.31,0.44966666666666666,0.3,0.4,0.3913333333333333,0.43,0.43,0.37383333333333335,0.43,0.43,0.37383333333333335
decoded,10000,0.01,20000,0,3,selected,nonfixed,100,0.3,0.46049999999999996,0.7580645161290323,0.24019047619047618,0.94,0.68,0.3,30,94,0.18,0.31,0.44966666666666666,0.3,0.4,0.3913333333333333,0.43,0.43,0.37383333333333335,0.43,0.43,0.37383333333333335
decoded,10000,0.01,20000,0,5,neutral,all,1000,0.0,0.362,1.0,0.0,0.465,0.362,0.01,0,465,0.0,0.0,0.362,0.0,0.0,0.362,0.0,0.0,0.362,0.0,0.0,0.362
decoded,10000,0.01,20000,0,5,selected,all,100,0.24,0.38916666666666666,0.7108433734939759,0.21899999999999997,0.59,0.6,0.3,24,59,0.14,0.27,0.36416666666666664,0.24,0.34,0.30583333333333335,0.36,0.36,0.29083333333333333,0.36,0.36,0.29083333333333333
decoded,10000,0.01,20000,0,5,selected,nonfixed,100,0.24,0.38916666666666666,0.7108433734939759,0.21899999999999997,0.59,0.6,0.3,24,59,0.14,0.27,0.36416666666666664,0.24,0.34,0.30583333333333335,0.36,0.36,0.29083333333333333,0.36,0.36,0.29083333333333333
decoded,10000,0.01,20000,0,10,neutral,all,1000,0.0,0.064,1.0,0.0,0.066,0.064,0.01,0,66,0.0,0.0,0.064,0.0,0.0,0.064,0.0,0.0,0.064,0.0,0.0,0.064
decoded,10000,0.01,20000,0,10,selected,all,100,0.14,0.08,0.391304347826087,0.14,0.09,0.22,0.3,14,9,0.09,0.18,0.04,0.14,0.2,0.02,0.21,0.21,0.015,0.21,0.21,0.015
decoded,10000,0.01,20000,0,10,selected,nonfixed,100,0.14,0.08,0.391304347826087,0.14,0.09,0.22,0.3,14,9,0.09,0.18,0.04,0.14,0.2,0.02,0.21,0.21,0.015,0.21,0.21,0.015
decoded,10000,0.01,20000,0,20,neutral,all,1000,0.0,0.001,1.0,0.0,0.001,0.001,0.01,0,1,0.0,0.0,0.001,0.0,0.0,0.001,0.0,0.0,0.001,0.0,0.0,0.001
decoded,10000,0.01,20000,0,20,selected,all,100,0.02,0.01,0.3333333333333333,0.02,0.01,0.03,0.3,2,1,0.01,0.03,0.0,0.02,0.03,0.0,0.03,0.03,0.0,0.03,0.03,0.0
decoded,10000,0.01,20000,0,20,selected,nonfixed,100,0.02,0.01,0.3333333333333333,0.02,0.01,0.03,0.3,2,1,0.01,0.03,0.0,0.02,0.03,0.0,0.03,0.03,0.0,0.03,0.03,0.0
decoded,10000,0.01,20000,1,1,neutral,all,1000,0.0,0.664,1.0,0.0,1.172,0.664,0.01,0,1172,0.0,0.0,0.664,0.0,0.0,0.664,0.0,0.0,0.664,0.0,0.0,0.664
decoded,10000,0.01,20000,1,1,selected,all,100,0.34,0.5318333333333333,0.7834394904458599,0.2413809523809524,1.23,0.74,0.3,34,123,0.24,0.37,0.5085,0.34,0.44,0.4734999999999999,0.47,0.47,0.45649999999999996,0.47,0.47,0.45649999999999996
decoded,10000,0.01,20000,1,1,selected,nonfixed,100,0.34,0.5318333333333333,0.7834394904458599,0.2413809523809524,1.23,0.74,0.3,34,123,0.24,0.37,0.5085,0.34,0.44,0.4734999999999999,0.47,0.47,0.45649999999999996,0.47,0.47,0.45649999999999996
decoded,10000,0.01,20000,1,3,neutral,all,1000,0.0,0.517,1.0,0.0,0.739,0.517,0.01,0,739,0.0,0.0,0.517,0.0,0.0,0.517,0.0,0.0,0.517,0.0,0.0,0.517
decoded,10000,0.01,20000,1,3,selected,all,100,0.3,0.4688333333333333,0.7560975609756098,0.2351904761904762,0.93,0.68,0.3,30,93,0.18,0.31,0.45799999999999996,0.3,0.4,0.39966666666666667,0.43,0.43,0.3821666666666667,0.43,0.43,0.3821666666666667
decoded,10000,0.01,20000,1,3,selected,nonfixed,100,0.3,0.4688333333333333,0.7560975609756098,0.2351904761904762,0.93,0.68,0.3,30,93,0.18,0.31,0.45799999999999996,0.3,0.4,0.39966666666666667,0.43,0.43,0.3821666666666667,0.43,0.43,0.3821666666666667
decoded,10000,0.01,20000,1,5,neutral,all,1000,0.0,0.368,1.0,0.0,0.466,0.368,0.01,0,466,0.0,0.0,0.368,0.0,0.0,0.368,0.0,0.0,0.368,0.0,0.0,0.368
decoded,10000,0.01,20000,1,5,selected,all,100,0.24,0.38916666666666666,0.7108433734939759,0.21899999999999997,0.59,0.6,0.3,24,59,0.14,0.27,0.36416666666666664,0.24,0.34,0.30583333333333335,0.36,0.36,0.29083333333333333,0.36,0.36,0.29083333333333333
decoded,10000,0.01,20000,1,5,selected,nonfixed,100,0.24,0.38916666666666666,0.7108433734939759,0.21899999999999997,0.59,0.6,0.3,24,59,0.14,0.27,0.36416666666666664,0.24,0.34,0.30583333333333335,0.36,0.36,0.29083333333333333,0.36,0.36,0.29083333333333333
decoded,10000,0.01,20000,1,10,neutral,all,1000,0.0,0.072,1.0,0.0,0.074,0.072,0.01,0,74,0.0,0.0,0.072,0.0,0.0,0.072,0.0,0.0,0.072,0.0,0.0,0.072
decoded,10000,0.01,20000,1,10,selected,all,100,0.15,0.1,0.4230769230769231,0.15,0.11,0.25,0.3,15,11,0.09,0.19,0.06,0.15,0.21,0.04,0.22,0.22,0.035,0.22,0.22,0.035
decoded,10000,0.01,20000,1,10,selected,nonfixed,100,0.15,0.1,0.4230769230769231,0.15,0.11,0.25,0.3,15,11,0.09,0.19,0.06,0.15,0.21,0.04,0.22,0.22,0.035,0.22,0.22,0.035
decoded,10000,0.01,20000,1,20,neutral,all,1000,0.0,0.001,1.0,0.0,0.001,0.001,0.01,0,1,0.0,0.0,0.001,0.0,0.0,0.001,0.0,0.0,0.001,0.0,0.0,0.001
decoded,10000,0.01,20000,1,20,selected,all,100,0.02,0.01,0.3333333333333333,0.02,0.01,0.03,0.3,2,1,0.01,0.03,0.0,0.02,0.03,0.0,0.03,0.03,0.0,0.03,0.03,0.0
decoded,10000,0.01,20000,1,20,selected,nonfixed,100,0.02,0.01,0.3333333333333333,0.02,0.01,0.03,0.3,2,1,0.01,0.03,0.0,0.02,0.03,0.0,0.03,0.03,0.0,0.03,0.03,0.0
decoded,10000,0.01,50000,0,1,neutral,all,1000,0.0,0.609,1.0,0.0,0.987,0.609,0.01,0,987,0.0,0.0,0.609,0.0,0.0,0.609,0.0,0.0,0.609,0.0,0.0,0.609
decoded,10000,0.01,50000,0,1,selected,all,100,0.33,0.5168333333333333,0.7755102040816326,0.23685714285714282,1.14,0.72,0.3,33,114,0.26,0.34,0.4993333333333333,0.33,0.42,0.4618333333333333,0.45,0.45,0.4443333333333333,0.45,0.45,0.4443333333333333
decoded,10000,0.01,50000,0,1,selected,nonfixed,100,0.33,0.5168333333333333,0.7755102040816326,0.23685714285714282,1.14,0.72,0.3,33,114,0.26,0.34,0.4993333333333333,0.33,0.42,0.4618333333333333,0.45,0.45,0.4443333333333333,0.45,0.45,0.4443333333333333
decoded,10000,0.01,50000,0,3,neutral,all,1000,0.0,0.224,1.0,0.0,0.254,0.224,0.01,0,254,0.0,0.0,0.224,0.0,0.0,0.224,0.0,0.0,0.224,0.0,0.0,0.224
decoded,10000,0.01,50000,0,3,selected,all,100,0.22,0.23,0.5510204081632653,0.21333333333333332,0.27,0.44,0.3,22,27,0.18,0.25,0.2,0.22,0.29,0.16,0.31,0.31,0.145,0.31,0.31,0.145
decoded,10000,0.01,50000,0,3,selected,nonfixed,100,0.22,0.23,0.5510204081632653,0.21333333333333332,0.27,0.44,0.3,22,27,0.18,0.25,0.2,0.22,0.29,0.16,0.31,0.31,0.145,0.31,0.31,0.145
decoded,10000,0.01,50000,0,5,neutral,all,1000,0.0,0.042,1.0,0.0,0.042,0.042,0.01,0,42,0.0,0.0,0.042,0.0,0.0,0.042,0.0,0.0,0.042,0.0,0.0,0.042
decoded,10000,0.01,50000,0,5,selected,all,100,0.13,0.05,0.2777777777777778,0.13,0.05,0.18,0.3,13,5,0.09,0.16,0.02,0.13,0.17,0.01,0.17,0.17,0.01,0.17,0.17,0.01
decoded,10000,0.01,50000,0,5,selected,nonfixed,100,0.13,0.05,0.2777777777777778,0.13,0.05,0.18,0.3,13,5,0.09,0.16,0.02,0.13,0.17,0.01,0.17,0.17,0.01,0.17,0.17,0.01
decoded,10000,0.01,50000,0,10,neutral,all,1000,0.0,0.001,1.0,0.0,0.001,0.001,0.01,0,1,0.0,0.0,0.001,0.0,0.0,0.001,0.0,0.0,0.001,0.0,0.0,0.001
decoded,10000,0.01,50000,0,10,selected,all,100,0.01,0.0,0.0,0.01,0.0,0.01,0.3,1,0,0.0,0.01,0.0,0.01,0.01,0.0,0.01,0.01,0.0,0.01,0.01,0.0
decoded,10000,0.01,50000,0,10,selected,nonfixed,100,0.01,0.0,0.0,0.01,0.0,0.01,0.3,1,0,0.0,0.01,0.0,0.01,0.01,0.0,0.01,0.01,0.0,0.01,0.01,0.0
decoded,10000,0.01,50000,0,20,neutral,all,1000,0.0,0.0,,0.0,0.0,0.0,0.01,0,0,0.0,0.0,0.0,0.0,0.0,0.0,0.0,0.0,0.0,0.0,0.0,0.0
decoded,10000,0.01,50000,0,20,selected,all,100,0.0,0.0,,0.0,0.0,0.0,0.3,0,0,0.0,0.0,0.0,0.0,0.0,0.0,0.0,0.0,0.0,0.0,0.0,0.0
decoded,10000,0.01,50000,0,20,selected,nonfixed,100,0.0,0.0,,0.0,0.0,0.0,0.3,0,0,0.0,0.0,0.0,0.0,0.0,0.0,0.0,0.0,0.0,0.0,0.0,0.0
decoded,10000,0.01,50000,1,1,neutral,all,1000,0.0,0.609,1.0,0.0,0.956,0.609,0.01,0,956,0.0,0.0,0.609,0.0,0.0,0.609,0.0,0.0,0.609,0.0,0.0,0.609
decoded,10000,0.01,50000,1,1,selected,all,100,0.33,0.5109999999999999,0.7692307692307693,0.24133333333333332,1.1,0.72,0.3,33,110,0.26,0.34,0.49349999999999994,0.33,0.42,0.45599999999999996,0.45,0.45,0.43849999999999995,0.45,0.45,0.43849999999999995
decoded,10000,0.01,50000,1,1,selected,nonfixed,100,0.33,0.5109999999999999,0.7692307692307693,0.24133333333333332,1.1,0.72,0.3,33,110,0.26,0.34,0.49349999999999994,0.33,0.42,0.45599999999999996,0.45,0.45,0.43849999999999995,0.45,0.45,0.43849999999999995
decoded,10000,0.01,50000,1,3,neutral,all,1000,0.0,0.229,1.0,0.0,0.258,0.229,0.01,0,258,0.0,0.0,0.229,0.0,0.0,0.229,0.0,0.0,0.229,0.0,0.0,0.229
decoded,10000,0.01,50000,1,3,selected,all,100,0.22,0.23166666666666663,0.56,0.21166666666666664,0.28,0.44,0.3,22,28,0.18,0.25,0.20166666666666663,0.22,0.29,0.16166666666666665,0.31,0.31,0.14666666666666667,0.31,0.31,0.14666666666666667
decoded,10000,0.01,50000,1,3,selected,nonfixed,100,0.22,0.23166666666666663,0.56,0.21166666666666664,0.28,0.44,0.3,22,28,0.18,0.25,0.20166666666666663,0.22,0.29,0.16166666666666665,0.31,0.31,0.14666666666666667,0.31,0.31,0.14666666666666667
decoded,10000,0.01,50000,1,5,neutral,all,1000,0.0,0.052,1.0,0.0,0.053,0.052,0.01,0,53,0.0,0.0,0.052,0.0,0.0,0.052,0.0,0.0,0.052,0.0,0.0,0.052
decoded,10000,0.01,50000,1,5,selected,all,100,0.14,0.05,0.2631578947368421,0.14,0.05,0.19,0.3,14,5,0.1,0.17,0.02,0.14,0.18,0.01,0.18,0.18,0.01,0.18,0.18,0.01
decoded,10000,0.01,50000,1,5,selected,nonfixed,100,0.14,0.05,0.2631578947368421,0.14,0.05,0.19,0.3,14,5,0.1,0.17,0.02,0.14,0.18,0.01,0.18,0.18,0.01,0.18,0.18,0.01
decoded,10000,0.01,50000,1,10,neutral,all,1000,0.0,0.001,1.0,0.0,0.001,0.001,0.01,0,1,0.0,0.0,0.001,0.0,0.0,0.001,0.0,0.0,0.001,0.0,0.0,0.001
decoded,10000,0.01,50000,1,10,selected,all,100,0.01,0.0,0.0,0.01,0.0,0.01,0.3,1,0,0.0,0.01,0.0,0.01,0.01,0.0,0.01,0.01,0.0,0.01,0.01,0.0
decoded,10000,0.01,50000,1,10,selected,nonfixed,100,0.01,0.0,0.0,0.01,0.0,0.01,0.3,1,0,0.0,0.01,0.0,0.01,0.01,0.0,0.01,0.01,0.0,0.01,0.01,0.0
decoded,10000,0.01,50000,1,20,neutral,all,1000,0.0,0.0,,0.0,0.0,0.0,0.01,0,0,0.0,0.0,0.0,0.0,0.0,0.0,0.0,0.0,0.0,0.0,0.0,0.0
decoded,10000,0.01,50000,1,20,selected,all,100,0.0,0.0,,0.0,0.0,0.0,0.3,0,0,0.0,0.0,0.0,0.0,0.0,0.0,0.0,0.0,0.0,0.0,0.0,0.0
decoded,10000,0.01,50000,1,20,selected,nonfixed,100,0.0,0.0,,0.0,0.0,0.0,0.3,0,0,0.0,0.0,0.0,0.0,0.0,0.0,0.0,0.0,0.0,0.0,0.0,0.0
decoded,10000,0.05,10000,0,1,neutral,all,1000,0.0,0.991,1.0,0.0,6.316,0.991,0.049,0,6316,0.0,0.0,0.991,0.0,0.0,0.991,0.0,0.0,0.991,0.0,0.0,0.991
decoded,10000,0.05,10000,0,1,selected,all,100,0.55,0.9128271173271173,0.9247606019151847,0.14729245754245754,6.76,1.0,0.51,55,676,0.4,0.63,0.8921382645132647,0.55,0.68,0.885959693084693,0.74,0.76,0.8765506021756022,0.79,0.79,0.8711339355089356
decoded,10000,0.05,10000,0,1,selected,nonfixed,100,0.55,0.9128271173271173,0.9247606019151847,0.14729245754245754,6.76,1.0,0.51,55,676,0.4,0.63,0.8921382645132647,0.55,0.68,0.885959693084693,0.74,0.76,0.8765506021756022,0.79,0.79,0.8711339355089356
decoded,10000,0.05,10000,0,3,neutral,all,1000,0.0,0.973,1.0,0.0,4.347,0.973,0.049,0,4347,0.0,0.0,0.973,0.0,0.0,0.973,0.0,0.0,0.973,0.0,0.0,0.973
decoded,10000,0.05,10000,0,3,selected,all,100,0.51,0.8640826118326119,0.89738430583501,0.19140548340548347,4.46,0.99,0.51,51,446,0.35,0.59,0.8432215007215007,0.51,0.66,0.8283957431457432,0.69,0.71,0.8196655844155845,0.74,0.74,0.8093322510822512
decoded,10000,0.05,10000,0,3,selected,nonfixed,100,0.51,0.8640826118326119,0.89738430583501,0.19140548340548347,4.46,0.99,0.51,51,446,0.35,0.59,0.8432215007215007,0.51,0.66,0.8283957431457432,0.69,0.71,0.8196655844155845,0.74,0.74,0.8093322510822512
decoded,10000,0.05,10000,0,5,neutral,all,1000,0.0,0.951,1.0,0.0,3.499,0.951,0.049,0,3499,0.0,0.0,0.951,0.0,0.0,0.951,0.0,0.0,0.951,0.0,0.0,0.951
decoded,10000,0.05,10000,0,5,selected,all,100,0.45,0.8466349206349206,0.8869346733668342,0.19370634920634924,3.53,0.98,0.51,45,353,0.3,0.55,0.8152896825396826,0.45,0.61,0.8016111111111112,0.64,0.66,0.7887380952380951,0.7,0.7,0.767904761904762
decoded,10000,0.05,10000,0,5,selected,nonfixed,100,0.45,0.8466349206349206,0.8869346733668342,0.19370634920634924,3.53,0.98,0.51,45,353,0.3,0.55,0.8152896825396826,0.45,0.61,0.8016111111111112,0.64,0.66,0.7887380952380951,0.7,0.7,0.767904761904762
decoded,10000,0.05,10000,0,10,neutral,all,1000,0.0,0.857,1.0,0.0,2.159,0.857,0.049,0,2159,0.0,0.0,0.857,0.0,0.0,0.857,0.0,0.0,0.857,0.0,0.0,0.857
decoded,10000,0.05,10000,0,10,selected,all,100,0.38,0.7442380952380953,0.8527131782945736,0.23192857142857143,2.2,0.93,0.51,38,220,0.27,0.49,0.6989047619047619,0.38,0.54,0.6827380952380951,0.54,0.55,0.6727380952380951,0.55,0.56,0.6702380952380952
decoded,10000,0.05,10000,0,10,selected,nonfixed,100,0.38,0.7442380952380953,0.8527131782945736,0.23192857142857143,2.2,0.93,0.51,38,220,0.27,0.49,0.6989047619047619,0.38,0.54,0.6827380952380951,0.54,0.55,0.6727380952380951,0.55,0.56,0.6702380952380952
decoded,10000,0.05,10000,0,20,neutral,all,1000,0.0,0.341,1.0,0.0,0.433,0.341,0.049,0,433,0.0,0.0,0.341,0.0,0.0,0.341,0.0,0.0,0.341,0.0,0.0,0.341
decoded,10000,0.05,10000,0,20,selected,all,100,0.23,0.36166666666666664,0.7012987012987013,0.20833333333333331,0.54,0.56,0.51,23,54,0.15,0.31,0.2866666666666666,0.23,0.34,0.26166666666666666,0.34,0.34,0.26166666666666666,0.34,0.35,0.25666666666666665
decoded,10000,0.05,10000,0,20,selected,nonfixed,100,0.23,0.36166666666666664,0.7012987012987013,0.20833333333333331,0.54,0.56,0.51,23,54,0.15,0.31,0.2866666666666666,0.23,0.34,0.26166666666666666,0.34,0.34,0.26166666666666666,0.34,0.35,0.25666666666666665
decoded,10000,0.05,10000,1,1,neutral,all,1000,0.0,0.991,1.0,0.0,5.644,0.991,0.049,0,5644,0.0,0.0,0.991,0.0,0.0,0.991,0.0,0.0,0.991,0.0,0.0,0.991
decoded,10000,0.05,10000,1,1,selected,all,100,0.55,0.9061013708513709,0.9161585365853658,0.1574780774780775,6.01,1.0,0.51,55,601,0.39,0.63,0.88408214008214,0.55,0.68,0.8775897158397159,0.74,0.76,0.8661055888555889,0.79,0.79,0.8606889221889223
decoded,10000,0.05,10000,1,1,selected,nonfixed,100,0.55,0.9061013708513709,0.9161585365853658,0.1574780774780775,6.01,1.0,0.51,55,601,0.39,0.63,0.88408214008214,0.55,0.68,0.8775897158397159,0.74,0.76,0.8661055888555889,0.79,0.79,0.8606889221889223
decoded,10000,0.05,10000,1,3,neutral,all,1000,0.0,0.975,1.0,0.0,4.253,0.975,0.049,0,4253,0.0,0.0,0.975,0.0,0.0,0.975,0.0,0.0,0.975,0.0,0.0,0.975
decoded,10000,0.05,10000,1,3,selected,all,100,0.51,0.8640674603174604,0.8948453608247423,0.1922236652236652,4.34,0.99,0.51,51,434,0.35,0.59,0.8423492063492064,0.51,0.66,0.8270992063492063,0.7,0.72,0.8157301587301587,0.75,0.75,0.8053968253968254
decoded,10000,0.05,10000,1,3,selected,nonfixed,100,0.51,0.8640674603174604,0.8948453608247423,0.1922236652236652,4.34,0.99,0.51,51,434,0.35,0.59,0.8423492063492064,0.51,0.66,0.8270992063492063,0.7,0.72,0.8157301587301587,0.75,0.75,0.8053968253968254
decoded,10000,0.05,10000,1,5,neutral,all,1000,0.0,0.953,1.0,0.0,3.51,0.953,0.049,0,3510,0.0,0.0,0.953,0.0,0.0,0.953,0.0,0.0,0.953,0.0,0.0,0.953
decoded,10000,0.05,10000,1,5,selected,all,100,0.45,0.8468730158730159,0.8869346733668342,0.19361904761904764,3.53,0.98,0.51,45,353,0.3,0.55,0.8155277777777777,0.45,0.61,0.8019880952380953,0.64,0.66,0.7896309523809524,0.7,0.7,0.7687976190476189
decoded,10000,0.05,10000,1,5,selected,nonfixed,100,0.45,0.8468730158730159,0.8869346733668342,0.19361904761904764,3.53,0.98,0.51,45,353,0.3,0.55,0.8155277777777777,0.45,0.61,0.8019880952380953,0.64,0.66,0.7896309523809524,0.7,0.7,0.7687976190476189
decoded,10000,0.05,10000,1,10,neutral,all,1000,0.0,0.86,1.0,0.0,2.2,0.86,0.049,0,2200,0.0,0.0,0.86,0.0,0.0,0.86,0.0,0.0,0.86,0.0,0.0,0.86
decoded,10000,0.05,10000,1,10,selected,all,100,0.38,0.748904761904762,0.8549618320610687,0.22907142857142854,2.24,0.93,0.51,38,224,0.27,0.49,0.7044047619047619,0.38,0.54,0.6882380952380952,0.54,0.55,0.6782380952380952,0.55,0.56,0.6757380952380951
decoded,10000,0.05,10000,1,10,selected,nonfixed,100,0.38,0.748904761904762,0.8549618320610687,0.22907142857142854,2.24,0.93,0.51,38,224,0.27,0.49,0.7044047619047619,0.38,0.54,0.6882380952380952,0.54,0.55,0.6782380952380952,0.55,0.56,0.6757380952380951
decoded,10000,0.05,10000,1,20,neutral,all,1000,0.0,0.366,1.0,0.0,0.464,0.366,0.049,0,464,0.0,0.0,0.366,0.0,0.0,0.366,0.0,0.0,0.366,0.0,0.0,0.366
decoded,10000,0.05,10000,1,20,selected,all,100,0.23,0.38166666666666665,0.7195121951219512,0.20833333333333331,0.59,0.58,0.51,23,59,0.15,0.31,0.30666666666666664,0.23,0.34,0.2816666666666666,0.34,0.34,0.2816666666666666,0.34,0.35,0.2766666666666666
decoded,10000,0.05,10000,1,20,selected,nonfixed,100,0.23,0.38166666666666665,0.7195121951219512,0.20833333333333331,0.59,0.58,0.51,23,59,0.15,0.31,0.30666666666666664,0.23,0.34,0.2816666666666666,0.34,0.34,0.2816666666666666,0.34,0.35,0.2766666666666666
decoded,10000,0.05,20000,0,1,neutral,all,1000,0.0,0.985,1.0,0.0,5.359,0.985,0.049,0,5359,0.0,0.0,0.985,0.0,0.0,0.985,0.0,0.0,0.985,0.0,0.0,0.985
decoded,10000,0.05,20000,0,1,selected,all,100,0.55,0.8982683982683981,0.9117174959871589,0.1667293817293817,5.68,1.0,0.51,55,568,0.35,0.58,0.8837449494949496,0.55,0.68,0.8699713897213899,0.73,0.75,0.8585067432567431,0.78,0.78,0.8523400765900766
decoded,10000,0.05,20000,0,1,selected,nonfixed,100,0.55,0.8982683982683981,0.9117174959871589,0.1667293817293817,5.68,1.0,0.51,55,568,0.35,0.58,0.8837449494949496,0.55,0.68,0.8699713897213899,0.73,0.75,0.8585067432567431,0.78,0.78,0.8523400765900766
decoded,10000,0.05,20000,0,3,neutral,all,1000,0.0,0.95,1.0,0.0,3.371,0.95,0.049,0,3371,0.0,0.0,0.95,0.0,0.0,0.95,0.0,0.0,0.95,0.0,0.0,0.95
decoded,10000,0.05,20000,0,3,selected,all,100,0.46,0.8417857142857144,0.8795811518324608,0.20088167388167388,3.36,0.98,0.51,46,336,0.28,0.52,0.8174642857142856,0.46,0.6,0.8011071428571428,0.62,0.64,0.7895238095238095,0.68,0.68,0.7686904761904763
decoded,10000,0.05,20000,0,3,selected,nonfixed,100,0.46,0.8417857142857144,0.8795811518324608,0.20088167388167388,3.36,0.98,0.51,46,336,0.28,0.52,0.8174642857142856,0.46,0.6,0.8011071428571428,0.62,0.64,0.7895238095238095,0.68,0.68,0.7686904761904763
decoded,10000,0.05,20000,0,5,neutral,all,1000,0.0,0.882,1.0,0.0,2.332,0.882,0.049,0,2332,0.0,0.0,0.882,0.0,0.0,0.882,0.0,0.0,0.882,0.0,0.0,0.882
decoded,10000,0.05,20000,0,5,selected,all,100,0.4,0.7609047619047619,0.855072463768116,0.22245238095238093,2.36,0.93,0.51,40,236,0.25,0.47,0.7267380952380953,0.4,0.54,0.706404761904762,0.54,0.56,0.6949761904761905,0.56,0.57,0.6924761904761906
decoded,10000,0.05,20000,0,5,selected,nonfixed,100,0.4,0.7609047619047619,0.855072463768116,0.22245238095238093,2.36,0.93,0.51,40,236,0.25,0.47,0.7267380952380953,0.4,0.54,0.706404761904762,0.54,0.56,0.6949761904761905,0.56,0.57,0.6924761904761906
decoded,10000,0.05,20000,0,10,neutral,all,1000,0.0,0.378,1.0,0.0,0.487,0.378,0.049,0,487,0.0,0.0,0.378,0.0,0.0,0.378,0.0,0.0,0.378,0.0,0.0,0.378
decoded,10000,0.05,20000,0,10,selected,all,100,0.25,0.3683333333333333,0.6987951807228916,0.22333333333333333,0.58,0.58,0.51,25,58,0.13,0.32,0.3108333333333333,0.25,0.36,0.2758333333333333,0.36,0.36,0.2758333333333333,0.36,0.36,0.2758333333333333
decoded,10000,0.05,20000,0,10,selected,nonfixed,100,0.25,0.3683333333333333,0.6987951807228916,0.22333333333333333,0.58,0.58,0.51,25,58,0.13,0.32,0.3108333333333333,0.25,0.36,0.2758333333333333,0.36,0.36,0.2758333333333333,0.36,0.36,0.2758333333333333
decoded,10000,0.05,20000,0,20,neutral,all,1000,0.0,0.034,1.0,0.0,0.035,0.034,0.049,0,35,0.0,0.0,0.034,0.0,0.0,0.034,0.0,0.0,0.034,0.0,0.0,0.034
decoded,10000,0.05,20000,0,20,selected,all,100,0.04,0.07,0.6363636363636364,0.04,0.07,0.11,0.51,4,7,0.02,0.08,0.03,0.04,0.08,0.03,0.08,0.08,0.03,0.08,0.09,0.02
decoded,10000,0.05,20000,0,20,selected,nonfixed,100,0.04,0.07,0.6363636363636364,0.04,0.07,0.11,0.51,4,7,0.02,0.08,0.03,0.04,0.08,0.03,0.08,0.08,0.03,0.08,0.09,0.02
decoded,10000,0.05,20000,1,1,neutral,all,1000,0.0,0.985,1.0,0.0,4.889,0.985,0.049,0,4889,0.0,0.0,0.985,0.0,0.0,0.985,0.0,0.0,0.985,0.0,0.0,0.985
decoded,10000,0.05,20000,1,1,selected,all,100,0.55,0.8895349927849928,0.9024822695035462,0.17894610944610942,5.09,1.0,0.51,55,509,0.35,0.58,0.8737059884559885,0.55,0.68,0.8584473304473305,0.73,0.75,0.8463477633477635,0.78,0.78,0.8401810966810968
decoded,10000,0.05,20000,1,1,selected,nonfixed,100,0.55,0.8895349927849928,0.9024822695035462,0.17894610944610942,5.09,1.0,0.51,55,509,0.35,0.58,0.8737059884559885,0.55,0.68,0.8584473304473305,0.73,0.75,0.8463477633477635,0.78,0.78,0.8401810966810968
decoded,10000,0.05,20000,1,3,neutral,all,1000,0.0,0.953,1.0,0.0,3.351,0.953,0.049,0,3351,0.0,0.0,0.953,0.0,0.0,0.953,0.0,0.0,0.953,0.0,0.0,0.953
decoded,10000,0.05,20000,1,3,selected,all,100,0.47,0.832968253968254,0.8763157894736842,0.20959523809523808,3.33,0.98,0.51,47,333,0.29,0.52,0.8126746031746032,0.47,0.61,0.7937182539682539,0.63,0.65,0.7819563492063492,0.69,0.69,0.7611230158730158
decoded,10000,0.05,20000,1,3,selected,nonfixed,100,0.47,0.832968253968254,0.8763157894736842,0.20959523809523808,3.33,0.98,0.51,47,333,0.29,0.52,0.8126746031746032,0.47,0.61,0.7937182539682539,0.63,0.65,0.7819563492063492,0.69,0.69,0.7611230158730158
decoded,10000,0.05,20000,1,5,neutral,all,1000,0.0,0.887,1.0,0.0,2.348,0.887,0.049,0,2348,0.0,0.0,0.887,0.0,0.0,0.887,0.0,0.0,0.887,0.0,0.0,0.887
decoded,10000,0.05,20000,1,5,selected,all,100,0.4,0.7652380952380952,0.8529411764705882,0.2267380952380952,2.32,0.94,0.51,40,232,0.25,0.47,0.7310714285714286,0.4,0.54,0.7104047619047619,0.54,0.56,0.6987380952380953,0.56,0.57,0.6954047619047619
decoded,10000,0.05,20000,1,5,selected,nonfixed,100,0.4,0.7652380952380952,0.8529411764705882,0.2267380952380952,2.32,0.94,0.51,40,232,0.25,0.47,0.7310714285714286,0.4,0.54,0.7104047619047619,0.54,0.56,0.6987380952380953,0.56,0.57,0.6954047619047619
decoded,10000,0.05,20000,1,10,neutral,all,1000,0.0,0.422,1.0,0.0,0.56,0.422,0.049,0,560,0.0,0.0,0.422,0.0,0.0,0.422,0.0,0.0,0.422,0.0,0.0,0.422
decoded,10000,0.05,20000,1,10,selected,all,100,0.26,0.4033333333333334,0.717391304347826,0.23,0.66,0.62,0.51,26,66,0.14,0.33,0.34583333333333327,0.26,0.37,0.3175,0.37,0.37,0.3175,0.37,0.37,0.3175
decoded,10000,0.05,20000,1,10,selected,nonfixed,100,0.26,0.4033333333333334,0.717391304347826,0.23,0.66,0.62,0.51,26,66,0.14,0.33,0.34583333333333327,0.26,0.37,0.3175,0.37,0.37,0.3175,0.37,0.37,0.3175
decoded,10000,0.05,20000,1,20,neutral,all,1000,0.0,0.044,1.0,0.0,0.046,0.044,0.049,0,46,0.0,0.0,0.044,0.0,0.0,0.044,0.0,0.0,0.044,0.0,0.0,0.044
decoded,10000,0.05,20000,1,20,selected,all,100,0.06,0.07,0.5384615384615384,0.06,0.07,0.13,0.51,6,7,0.03,0.1,0.03,0.06,0.1,0.03,0.1,0.1,0.03,0.1,0.11,0.02
decoded,10000,0.05,20000,1,20,selected,nonfixed,100,0.06,0.07,0.5384615384615384,0.06,0.07,0.13,0.51,6,7,0.03,0.1,0.03,0.06,0.1,0.03,0.1,0.1,0.03,0.1,0.11,0.02
decoded,10000,0.05,50000,0,1,neutral,all,1000,0.0,0.977,1.0,0.0,4.237,0.977,0.049,0,4237,0.0,0.0,0.977,0.0,0.0,0.977,0.0,0.0,0.977,0.0,0.0,0.977
decoded,10000,0.05,50000,0,1,selected,all,100,0.53,0.8611702741702741,0.8900414937759336,0.19718542568542566,4.29,0.99,0.51,53,429,0.41,0.59,0.8397972582972583,0.53,0.66,0.8267972582972584,0.72,0.73,0.8120353535353536,0.76,0.76,0.8042020202020203
decoded,10000,0.05,50000,0,1,selected,nonfixed,100,0.53,0.8611702741702741,0.8900414937759336,0.19718542568542566,4.29,0.99,0.51,53,429,0.41,0.59,0.8397972582972583,0.53,0.66,0.8267972582972584,0.72,0.73,0.8120353535353536,0.76,0.76,0.8042020202020203
decoded,10000,0.05,50000,0,3,neutral,all,1000,0.0,0.758,1.0,0.0,1.449,0.758,0.049,0,1449,0.0,0.0,0.758,0.0,0.0,0.758,0.0,0.0,0.758,0.0,0.0,0.758
decoded,10000,0.05,50000,0,3,selected,all,100,0.34,0.6721666666666667,0.8191489361702128,0.22985714285714284,1.54,0.86,0.51,34,154,0.26,0.43,0.623,0.34,0.47,0.6021666666666667,0.46,0.47,0.6021666666666667,0.48,0.49,0.5946666666666667
decoded,10000,0.05,50000,0,3,selected,nonfixed,100,0.34,0.6721666666666667,0.8191489361702128,0.22985714285714284,1.54,0.86,0.51,34,154,0.26,0.43,0.623,0.34,0.47,0.6021666666666667,0.46,0.47,0.6021666666666667,0.48,0.49,0.5946666666666667
decoded,10000,0.05,50000,0,5,neutral,all,1000,0.0,0.293,1.0,0.0,0.35,0.293,0.049,0,350,0.0,0.0,0.293,0.0,0.0,0.293,0.0,0.0,0.293,0.0,0.0,0.293
decoded,10000,0.05,50000,0,5,selected,all,100,0.22,0.37166666666666665,0.6811594202898551,0.19833333333333333,0.47,0.56,0.51,22,47,0.17,0.29,0.30166666666666664,0.22,0.32,0.2766666666666666,0.31,0.32,0.2766666666666666,0.32,0.33,0.26666666666666666
decoded,10000,0.05,50000,0,5,selected,nonfixed,100,0.22,0.37166666666666665,0.6811594202898551,0.19833333333333333,0.47,0.56,0.51,22,47,0.17,0.29,0.30166666666666664,0.22,0.32,0.2766666666666666,0.31,0.32,0.2766666666666666,0.32,0.33,0.26666666666666666
decoded,10000,0.05,50000,0,10,neutral,all,1000,0.0,0.017,1.0,0.0,0.017,0.017,0.049,0,17,0.0,0.0,0.017,0.0,0.0,0.017,0.0,0.0,0.017,0.0,0.0,0.017
decoded,10000,0.05,50000,0,10,selected,all,100,0.03,0.04,0.5714285714285714,0.03,0.04,0.07,0.51,3,4,0.01,0.06,0.01,0.03,0.06,0.01,0.05,0.06,0.01,0.06,0.06,0.01
decoded,10000,0.05,50000,0,10,selected,nonfixed,100,0.03,0.04,0.5714285714285714,0.03,0.04,0.07,0.51,3,4,0.01,0.06,0.01,0.03,0.06,0.01,0.05,0.06,0.01,0.06,0.06,0.01
decoded,10000,0.05,50000,0,20,neutral,all,1000,0.0,0.0,,0.0,0.0,0.0,0.049,0,0,0.0,0.0,0.0,0.0,0.0,0.0,0.0,0.0,0.0,0.0,0.0,0.0
decoded,10000,0.05,50000,0,20,selected,all,100,0.0,0.0,,0.0,0.0,0.0,0.51,0,0,0.0,0.0,0.0,0.0,0.0,0.0,0.0,0.0,0.0,0.0,0.0,0.0
decoded,10000,0.05,50000,0,20,selected,nonfixed,100,0.0,0.0,,0.0,0.0,0.0,0.51,0,0,0.0,0.0,0.0,0.0,0.0,0.0,0.0,0.0,0.0,0.0,0.0,0.0
decoded,10000,0.05,50000,1,1,neutral,all,1000,0.0,0.977,1.0,0.0,3.957,0.977,0.049,0,3957,0.0,0.0,0.977,0.0,0.0,0.977,0.0,0.0,0.977,0.0,0.0,0.977
decoded,10000,0.05,50000,1,1,selected,all,100,0.53,0.8564083694083696,0.8832599118942731,0.20389754689754688,4.01,0.99,0.51,53,401,0.41,0.59,0.834352813852814,0.53,0.66,0.8207417027417027,0.72,0.73,0.8053250360750361,0.76,0.76,0.7961583694083694
decoded,10000,0.05,50000,1,1,selected,nonfixed,100,0.53,0.8564083694083696,0.8832599118942731,0.20389754689754688,4.01,0.99,0.51,53,401,0.41,0.59,0.834352813852814,0.53,0.66,0.8207417027417027,0.72,0.73,0.8053250360750361,0.76,0.76,0.7961583694083694
decoded,10000,0.05,50000,1,3,neutral,all,1000,0.0,0.771,1.0,0.0,1.475,0.771,0.049,0,1475,0.0,0.0,0.771,0.0,0.0,0.771,0.0,0.0,0.771,0.0,0.0,0.771
decoded,10000,0.05,50000,1,3,selected,all,100,0.34,0.6713333333333334,0.8191489361702128,0.23085714285714284,1.54,0.86,0.51,34,154,0.26,0.43,0.6246666666666667,0.34,0.47,0.6096666666666667,0.46,0.47,0.6096666666666667,0.48,0.49,0.5996666666666667
decoded,10000,0.05,50000,1,3,selected,nonfixed,100,0.34,0.6713333333333334,0.8191489361702128,0.23085714285714284,1.54,0.86,0.51,34,154,0.26,0.43,0.6246666666666667,0.34,0.47,0.6096666666666667,0.46,0.47,0.6096666666666667,0.48,0.49,0.5996666666666667
decoded,10000,0.05,50000,1,5,neutral,all,1000,0.0,0.336,1.0,0.0,0.414,0.336,0.049,0,414,0.0,0.0,0.336,0.0,0.0,0.336,0.0,0.0,0.336,0.0,0.0,0.336
decoded,10000,0.05,50000,1,5,selected,all,100,0.22,0.37833333333333335,0.6986301369863014,0.19333333333333333,0.51,0.56,0.51,22,51,0.17,0.29,0.30833333333333335,0.22,0.32,0.2833333333333334,0.31,0.32,0.2833333333333334,0.32,0.34,0.2683333333333333
decoded,10000,0.05,50000,1,5,selected,nonfixed,100,0.22,0.37833333333333335,0.6986301369863014,0.19333333333333333,0.51,0.56,0.51,22,51,0.17,0.29,0.30833333333333335,0.22,0.32,0.2833333333333334,0.31,0.32,0.2833333333333334,0.32,0.34,0.2683333333333333
decoded,10000,0.05,50000,1,10,neutral,all,1000,0.0,0.034,1.0,0.0,0.035,0.034,0.049,0,35,0.0,0.0,0.034,0.0,0.0,0.034,0.0,0.0,0.034,0.0,0.0,0.034
decoded,10000,0.05,50000,1,10,selected,all,100,0.05,0.06,0.5454545454545454,0.05,0.06,0.11,0.51,5,6,0.03,0.08,0.03,0.05,0.08,0.03,0.07,0.08,0.03,0.08,0.09,0.02
decoded,10000,0.05,50000,1,10,selected,nonfixed,100,0.05,0.06,0.5454545454545454,0.05,0.06,0.11,0.51,5,6,0.03,0.08,0.03,0.05,0.08,0.03,0.07,0.08,0.03,0.08,0.09,0.02
decoded,10000,0.05,50000,1,20,neutral,all,1000,0.0,0.0,,0.0,0.0,0.0,0.049,0,0,0.0,0.0,0.0,0.0,0.0,0.0,0.0,0.0,0.0,0.0,0.0,0.0
decoded,10000,0.05,50000,1,20,selected,all,100,0.0,0.0,,0.0,0.0,0.0,0.51,0,0,0.0,0.0,0.0,0.0,0.0,0.0,0.0,0.0,0.0,0.0,0.0,0.0
decoded,10000,0.05,50000,1,20,selected,nonfixed,100,0.0,0.0,,0.0,0.0,0.0,0.51,0,0,0.0,0.0,0.0,0.0,0.0,0.0,0.0,0.0,0.0,0.0,0.0,0.0
decoded,20000,0.001,10000,0,1,neutral,all,1000,0.0,0.223,1.0,0.0,0.288,0.223,0.001,0,288,0.0,0.0,0.223,0.0,0.0,0.223,0.0,0.0,0.223,0.0,0.0,0.223
decoded,20000,0.001,10000,0,1,selected,all,100,0.31,0.17166666666666663,0.515625,0.258,0.33,0.41,0.14,31,33,0.29,0.31,0.17166666666666663,0.31,0.32,0.16166666666666665,0.34,0.34,0.14666666666666664,0.34,0.34,0.14666666666666664
decoded,20000,0.001,10000,0,1,selected,nonfixed,100,0.31,0.17166666666666663,0.515625,0.258,0.33,0.41,0.14,31,33,0.29,0.31,0.17166666666666663,0.31,0.32,0.16166666666666665,0.34,0.34,0.14666666666666664,0.34,0.34,0.14666666666666664
decoded,20000,0.001,10000,0,3,neutral,all,1000,0.0,0.128,1.0,0.0,0.15,0.128,0.001,0,150,0.0,0.0,0.128,0.0,0.0,0.128,0.0,0.0,0.128,0.0,0.0,0.128
decoded,20000,0.001,10000,0,3,selected,all,100,0.27,0.09333333333333332,0.34146341463414637,0.24666666666666667,0.14,0.33,0.14,27,14,0.24,0.26,0.10333333333333332,0.27,0.28,0.08333333333333331,0.29,0.29,0.07333333333333333,0.29,0.29,0.07333333333333333
decoded,20000,0.001,10000,0,3,selected,nonfixed,100,0.27,0.09333333333333332,0.34146341463414637,0.24666666666666667,0.14,0.33,0.14,27,14,0.24,0.26,0.10333333333333332,0.27,0.28,0.08333333333333331,0.29,0.29,0.07333333333333333,0.29,0.29,0.07333333333333333
decoded,20000,0.001,10000,0,5,neutral,all,1000,0.0,0.077,1.0,0.0,0.087,0.077,0.001,0,87,0.0,0.0,0.077,0.0,0.0,0.077,0.0,0.0,0.077,0.0,0.0,0.077
decoded,20000,0.001,10000,0,5,selected,all,100,0.17,0.06166666666666666,0.34615384615384615,0.15499999999999997,0.09,0.21,0.14,17,9,0.15,0.16,0.07166666666666666,0.17,0.18,0.05166666666666666,0.18,0.18,0.05166666666666666,0.18,0.18,0.05166666666666666
decoded,20000,0.001,10000,0,5,selected,nonfixed,100,0.17,0.06166666666666666,0.34615384615384615,0.15499999999999997,0.09,0.21,0.14,17,9,0.15,0.16,0.07166666666666666,0.17,0.18,0.05166666666666666,0.18,0.18,0.05166666666666666,0.18,0.18,0.05166666666666666
decoded,20000,0.001,10000,0,10,neutral,all,1000,0.0,0.01,1.0,0.0,0.01,0.01,0.001,0,10,0.0,0.0,0.01,0.0,0.0,0.01,0.0,0.0,0.01,0.0,0.0,0.01
decoded,20000,0.001,10000,0,10,selected,all,100,0.07,0.02,0.2222222222222222,0.07,0.02,0.09,0.14,7,2,0.06,0.07,0.02,0.07,0.08,0.01,0.09,0.09,0.0,0.09,0.09,0.0
decoded,20000,0.001,10000,0,10,selected,nonfixed,100,0.07,0.02,0.2222222222222222,0.07,0.02,0.09,0.14,7,2,0.06,0.07,0.02,0.07,0.08,0.01,0.09,0.09,0.0,0.09,0.09,0.0
decoded,20000,0.001,10000,0,20,neutral,all,1000,0.0,0.0,,0.0,0.0,0.0,0.001,0,0,0.0,0.0,0.0,0.0,0.0,0.0,0.0,0.0,0.0,0.0,0.0,0.0
decoded,20000,0.001,10000,0,20,selected,all,100,0.0,0.0,,0.0,0.0,0.0,0.14,0,0,0.0,0.0,0.0,0.0,0.0,0.0,0.0,0.0,0.0,0.0,0.0,0.0
decoded,20000,0.001,10000,0,20,selected,nonfixed,100,0.0,0.0,,0.0,0.0,0.0,0.14,0,0,0.0,0.0,0.0,0.0,0.0,0.0,0.0,0.0,0.0,0.0,0.0,0.0
decoded,20000,0.001,10000,1,1,neutral,all,1000,0.0,0.223,1.0,0.0,0.272,0.223,0.001,0,272,0.0,0.0,0.223,0.0,0.0,0.223,0.0,0.0,0.223,0.0,0.0,0.223
decoded,20000,0.001,10000,1,1,selected,all,100,0.31,0.16833333333333333,0.48333333333333334,0.26166666666666666,0.29,0.41,0.14,31,29,0.29,0.31,0.16833333333333333,0.31,0.32,0.15833333333333333,0.34,0.34,0.1433333333333333,0.34,0.34,0.1433333333333333
decoded,20000,0.001,10000,1,1,selected,nonfixed,100,0.31,0.16833333333333333,0.48333333333333334,0.26166666666666666,0.29,0.41,0.14,31,29,0.29,0.31,0.16833333333333333,0.31,0.32,0.15833333333333333,0.34,0.34,0.1433333333333333,0.34,0.34,0.1433333333333333
decoded,20000,0.001,10000,1,3,neutral,all,1000,0.0,0.132,1.0,0.0,0.154,0.132,0.001,0,154,0.0,0.0,0.132,0.0,0.0,0.132,0.0,0.0,0.132,0.0,0.0,0.132
decoded,20000,0.001,10000,1,3,selected,all,100,0.27,0.09166666666666666,0.34146341463414637,0.24833333333333332,0.14,0.33,0.14,27,14,0.24,0.26,0.10166666666666666,0.27,0.28,0.08166666666666667,0.29,0.29,0.07166666666666666,0.29,0.29,0.07166666666666666
decoded,20000,0.001,10000,1,3,selected,nonfixed,100,0.27,0.09166666666666666,0.34146341463414637,0.24833333333333332,0.14,0.33,0.14,27,14,0.24,0.26,0.10166666666666666,0.27,0.28,0.08166666666666667,0.29,0.29,0.07166666666666666,0.29,0.29,0.07166666666666666
decoded,20000,0.001,10000,1,5,neutral,all,1000,0.0,0.08,1.0,0.0,0.09,0.08,0.001,0,90,0.0,0.0,0.08,0.0,0.0,0.08,0.0,0.0,0.08,0.0,0.0,0.08
decoded,20000,0.001,10000,1,5,selected,all,100,0.17,0.06166666666666666,0.34615384615384615,0.15499999999999997,0.09,0.21,0.14,17,9,0.15,0.16,0.07166666666666666,0.17,0.18,0.05166666666666666,0.18,0.18,0.05166666666666666,0.18,0.18,0.05166666666666666
decoded,20000,0.001,10000,1,5,selected,nonfixed,100,0.17,0.06166666666666666,0.34615384615384615,0.15499999999999997,0.09,0.21,0.14,17,9,0.15,0.16,0.07166666666666666,0.17,0.18,0.05166666666666666,0.18,0.18,0.05166666666666666,0.18,0.18,0.05166666666666666
decoded,20000,0.001,10000,1,10,neutral,all,1000,0.0,0.011,1.0,0.0,0.011,0.011,0.001,0,11,0.0,0.0,0.011,0.0,0.0,0.011,0.0,0.0,0.011,0.0,0.0,0.011
decoded,20000,0.001,10000,1,10,selected,all,100,0.07,0.02,0.2222222222222222,0.07,0.02,0.09,0.14,7,2,0.06,0.07,0.02,0.07,0.08,0.01,0.09,0.09,0.0,0.09,0.09,0.0
decoded,20000,0.001,10000,1,10,selected,nonfixed,100,0.07,0.02,0.2222222222222222,0.07,0.02,0.09,0.14,7,2,0.06,0.07,0.02,0.07,0.08,0.01,0.09,0.09,0.0,0.09,0.09,0.0
decoded,20000,0.001,10000,1,20,neutral,all,1000,0.0,0.0,,0.0,0.0,0.0,0.001,0,0,0.0,0.0,0.0,0.0,0.0,0.0,0.0,0.0,0.0,0.0,0.0,0.0
decoded,20000,0.001,10000,1,20,selected,all,100,0.0,0.0,,0.0,0.0,0.0,0.14,0,0,0.0,0.0,0.0,0.0,0.0,0.0,0.0,0.0,0.0,0.0,0.0,0.0
decoded,20000,0.001,10000,1,20,selected,nonfixed,100,0.0,0.0,,0.0,0.0,0.0,0.14,0,0,0.0,0.0,0.0,0.0,0.0,0.0,0.0,0.0,0.0,0.0,0.0,0.0
decoded,20000,0.001,20000,0,1,neutral,all,1000,0.0,0.195,1.0,0.0,0.237,0.195,0.001,0,237,0.0,0.0,0.195,0.0,0.0,0.195,0.0,0.0,0.195,0.0,0.0,0.195
decoded,20000,0.001,20000,0,1,selected,all,100,0.31,0.15,0.42592592592592593,0.275,0.23,0.41,0.14,31,23,0.28,0.31,0.15,0.31,0.32,0.14,0.34,0.34,0.12,0.34,0.34,0.12
decoded,20000,0.001,20000,0,1,selected,nonfixed,100,0.31,0.15,0.42592592592592593,0.275,0.23,0.41,0.14,31,23,0.28,0.31,0.15,0.31,0.32,0.14,0.34,0.34,0.12,0.34,0.34,0.12
decoded,20000,0.001,20000,0,3,neutral,all,1000,0.0,0.07,1.0,0.0,0.076,0.07,0.001,0,76,0.0,0.0,0.07,0.0,0.0,0.07,0.0,0.0,0.07,0.0,0.0,0.07
decoded,20000,0.001,20000,0,3,selected,all,100,0.17,0.04666666666666666,0.2916666666666667,0.15833333333333333,0.07,0.2,0.14,17,7,0.14,0.16,0.056666666666666664,0.17,0.18,0.03666666666666667,0.18,0.18,0.03666666666666667,0.18,0.18,0.03666666666666667
decoded,20000,0.001,20000,0,3,selected,nonfixed,100,0.17,0.04666666666666666,0.2916666666666667,0.15833333333333333,0.07,0.2,0.14,17,7,0.14,0.16,0.056666666666666664,0.17,0.18,0.03666666666666667,0.18,0.18,0.03666666666666667,0.18,0.18,0.03666666666666667
decoded,20000,0.001,20000,0,5,neutral,all,1000,0.0,0.013,1.0,0.0,0.013,0.013,0.001,0,13,0.0,0.0,0.013,0.0,0.0,0.013,0.0,0.0,0.013,0.0,0.0,0.013
decoded,20000,0.001,20000,0,5,selected,all,100,0.09,0.02,0.18181818181818182,0.09,0.02,0.11,0.14,9,2,0.08,0.09,0.02,0.09,0.1,0.01,0.11,0.11,0.0,0.11,0.11,0.0
decoded,20000,0.001,20000,0,5,selected,nonfixed,100,0.09,0.02,0.18181818181818182,0.09,0.02,0.11,0.14,9,2,0.08,0.09,0.02,0.09,0.1,0.01,0.11,0.11,0.0,0.11,0.11,0.0
decoded,20000,0.001,20000,0,10,neutral,all,1000,0.0,0.0,,0.0,0.0,0.0,0.001,0,0,0.0,0.0,0.0,0.0,0.0,0.0,0.0,0.0,0.0,0.0,0.0,0.0
decoded,20000,0.001,20000,0,10,selected,all,100,0.02,0.0,0.0,0.02,0.0,0.02,0.14,2,0,0.01,0.02,0.0,0.02,0.02,0.0,0.02,0.02,0.0,0.02,0.02,0.0
decoded,20000,0.001,20000,0,10,selected,nonfixed,100,0.02,0.0,0.0,0.02,0.0,0.02,0.14,2,0,0.01,0.02,0.0,0.02,0.02,0.0,0.02,0.02,0.0,0.02,0.02,0.0
decoded,20000,0.001,20000,0,20,neutral,all,1000,0.0,0.0,,0.0,0.0,0.0,0.001,0,0,0.0,0.0,0.0,0.0,0.0,0.0,0.0,0.0,0.0,0.0,0.0,0.0
decoded,20000,0.001,20000,0,20,selected,all,100,0.0,0.0,,0.0,0.0,0.0,0.14,0,0,0.0,0.0,0.0,0.0,0.0,0.0,0.0,0.0,0.0,0.0,0.0,0.0
decoded,20000,0.001,20000,0,20,selected,nonfixed,100,0.0,0.0,,0.0,0.0,0.0,0.14,0,0,0.0,0.0,0.0,0.0,0.0,0.0,0.0,0.0,0.0,0.0,0.0,0.0
decoded,20000,0.001,20000,1,1,neutral,all,1000,0.0,0.195,1.0,0.0,0.226,0.195,0.001,0,226,0.0,0.0,0.195,0.0,0.0,0.195,0.0,0.0,0.195,0.0,0.0,0.195
decoded,20000,0.001,20000,1,1,selected,all,100,0.31,0.14,0.40384615384615385,0.2816666666666667,0.21,0.41,0.14,31,21,0.27,0.31,0.14,0.31,0.32,0.13,0.34,0.34,0.11,0.34,0.34,0.11
decoded,20000,0.001,20000,1,1,selected,nonfixed,100,0.31,0.14,0.40384615384615385,0.2816666666666667,0.21,0.41,0.14,31,21,0.27,0.31,0.14,0.31,0.32,0.13,0.34,0.34,0.11,0.34,0.34,0.11
decoded,20000,0.001,20000,1,3,neutral,all,1000,0.0,0.075,1.0,0.0,0.081,0.075,0.001,0,81,0.0,0.0,0.075,0.0,0.0,0.075,0.0,0.0,0.075,0.0,0.0,0.075
decoded,20000,0.001,20000,1,3,selected,all,100,0.18,0.04666666666666666,0.28,0.16833333333333333,0.07,0.21,0.14,18,7,0.14,0.18,0.04666666666666666,0.18,0.19,0.03666666666666667,0.19,0.19,0.03666666666666667,0.19,0.19,0.03666666666666667
decoded,20000,0.001,20000,1,3,selected,nonfixed,100,0.18,0.04666666666666666,0.28,0.16833333333333333,0.07,0.21,0.14,18,7,0.14,0.18,0.04666666666666666,0.18,0.19,0.03666666666666667,0.19,0.19,0.03666666666666667,0.19,0.19,0.03666666666666667
decoded,20000,0.001,20000,1,5,neutral,all,1000,0.0,0.014,1.0,0.0,0.014,0.014,0.001,0,14,0.0,0.0,0.014,0.0,0.0,0.014,0.0,0.0,0.014,0.0,0.0,0.014
decoded,20000,0.001,20000,1,5,selected,all,100,0.09,0.02,0.18181818181818182,0.09,0.02,0.11,0.14,9,2,0.08,0.09,0.02,0.09,0.1,0.01,0.11,0.11,0.0,0.11,0.11,0.0
decoded,20000,0.001,20000,1,5,selected,nonfixed,100,0.09,0.02,0.18181818181818182,0.09,0.02,0.11,0.14,9,2,0.08,0.09,0.02,0.09,0.1,0.01,0.11,0.11,0.0,0.11,0.11,0.0
decoded,20000,0.001,20000,1,10,neutral,all,1000,0.0,0.001,1.0,0.0,0.001,0.001,0.001,0,1,0.0,0.0,0.001,0.0,0.0,0.001,0.0,0.0,0.001,0.0,0.0,0.001
decoded,20000,0.001,20000,1,10,selected,all,100,0.02,0.0,0.0,0.02,0.0,0.02,0.14,2,0,0.01,0.02,0.0,0.02,0.02,0.0,0.02,0.02,0.0,0.02,0.02,0.0
decoded,20000,0.001,20000,1,10,selected,nonfixed,100,0.02,0.0,0.0,0.02,0.0,0.02,0.14,2,0,0.01,0.02,0.0,0.02,0.02,0.0,0.02,0.02,0.0,0.02,0.02,0.0
decoded,20000,0.001,20000,1,20,neutral,all,1000,0.0,0.0,,0.0,0.0,0.0,0.001,0,0,0.0,0.0,0.0,0.0,0.0,0.0,0.0,0.0,0.0,0.0,0.0,0.0
decoded,20000,0.001,20000,1,20,selected,all,100,0.0,0.0,,0.0,0.0,0.0,0.14,0,0,0.0,0.0,0.0,0.0,0.0,0.0,0.0,0.0,0.0,0.0,0.0,0.0
decoded,20000,0.001,20000,1,20,selected,nonfixed,100,0.0,0.0,,0.0,0.0,0.0,0.14,0,0,0.0,0.0,0.0,0.0,0.0,0.0,0.0,0.0,0.0,0.0,0.0,0.0
decoded,20000,0.001,50000,0,1,neutral,all,1000,0.0,0.143,1.0,0.0,0.164,0.143,0.001,0,164,0.0,0.0,0.143,0.0,0.0,0.143,0.0,0.0,0.143,0.0,0.0,0.143
decoded,20000,0.001,50000,0,1,selected,all,100,0.23,0.06833333333333333,0.34285714285714286,0.21,0.12,0.27,0.14,23,12,0.2,0.22,0.07833333333333332,0.23,0.24,0.05833333333333333,0.24,0.24,0.05833333333333333,0.24,0.24,0.05833333333333333
decoded,20000,0.001,50000,0,1,selected,nonfixed,100,0.23,0.06833333333333333,0.34285714285714286,0.21,0.12,0.27,0.14,23,12,0.2,0.22,0.07833333333333332,0.23,0.24,0.05833333333333333,0.24,0.24,0.05833333333333333,0.24,0.24,0.05833333333333333
decoded,20000,0.001,50000,0,3,neutral,all,1000,0.0,0.008,1.0,0.0,0.008,0.008,0.001,0,8,0.0,0.0,0.008,0.0,0.0,0.008,0.0,0.0,0.008,0.0,0.0,0.008
decoded,20000,0.001,50000,0,3,selected,all,100,0.04,0.0,0.0,0.04,0.0,0.04,0.14,4,0,0.02,0.04,0.0,0.04,0.04,0.0,0.04,0.04,0.0,0.04,0.04,0.0
decoded,20000,0.001,50000,0,3,selected,nonfixed,100,0.04,0.0,0.0,0.04,0.0,0.04,0.14,4,0,0.02,0.04,0.0,0.04,0.04,0.0,0.04,0.04,0.0,0.04,0.04,0.0
decoded,20000,0.001,50000,0,5,neutral,all,1000,0.0,0.0,,0.0,0.0,0.0,0.001,0,0,0.0,0.0,0.0,0.0,0.0,0.0,0.0,0.0,0.0,0.0,0.0,0.0
decoded,20000,0.001,50000,0,5,selected,all,100,0.0,0.0,,0.0,0.0,0.0,0.14,0,0,0.0,0.0,0.0,0.0,0.0,0.0,0.0,0.0,0.0,0.0,0.0,0.0
decoded,20000,0.001,50000,0,5,selected,nonfixed,100,0.0,0.0,,0.0,0.0,0.0,0.14,0,0,0.0,0.0,0.0,0.0,0.0,0.0,0.0,0.0,0.0,0.0,0.0,0.0
decoded,20000,0.001,50000,0,10,neutral,all,1000,0.0,0.0,,0.0,0.0,0.0,0.001,0,0,0.0,0.0,0.0,0.0,0.0,0.0,0.0,0.0,0.0,0.0,0.0,0.0
decoded,20000,0.001,50000,0,10,selected,all,100,0.0,0.0,,0.0,0.0,0.0,0.14,0,0,0.0,0.0,0.0,0.0,0.0,0.0,0.0,0.0,0.0,0.0,0.0,0.0
decoded,20000,0.001,50000,0,10,selected,nonfixed,100,0.0,0.0,,0.0,0.0,0.0,0.14,0,0,0.0,0.0,0.0,0.0,0.0,0.0,0.0,0.0,0.0,0.0,0.0,0.0
decoded,20000,0.001,50000,0,20,neutral,all,1000,0.0,0.0,,0.0,0.0,0.0,0.001,0,0,0.0,0.0,0.0,0.0,0.0,0.0,0.0,0.0,0.0,0.0,0.0,0.0
decoded,20000,0.001,50000,0,20,selected,all,100,0.0,0.0,,0.0,0.0,0.0,0.14,0,0,0.0,0.0,0.0,0.0,0.0,0.0,0.0,0.0,0.0,0.0,0.0,0.0
decoded,20000,0.001,50000,0,20,selected,nonfixed,100,0.0,0.0,,0.0,0.0,0.0,0.14,0,0,0.0,0.0,0.0,0.0,0.0,0.0,0.0,0.0,0.0,0.0,0.0,0.0
decoded,20000,0.001,50000,1,1,neutral,all,1000,0.0,0.143,1.0,0.0,0.158,0.143,0.001,0,158,0.0,0.0,0.143,0.0,0.0,0.143,0.0,0.0,0.143,0.0,0.0,0.143
decoded,20000,0.001,50000,1,1,selected,all,100,0.23,0.06166666666666666,0.28125,0.215,0.09,0.27,0.14,23,9,0.2,0.22,0.07166666666666666,0.23,0.24,0.05166666666666666,0.24,0.24,0.05166666666666666,0.24,0.24,0.05166666666666666
decoded,20000,0.001,50000,1,1,selected,nonfixed,100,0.23,0.06166666666666666,0.28125,0.215,0.09,0.27,0.14,23,9,0.2,0.22,0.07166666666666666,0.23,0.24,0.05166666666666666,0.24,0.24,0.05166666666666666,0.24,0.24,0.05166666666666666
decoded,20000,0.001,50000,1,3,neutral,all,1000,0.0,0.009,1.0,0.0,0.009,0.009,0.001,0,9,0.0,0.0,0.009,0.0,0.0,0.009,0.0,0.0,0.009,0.0,0.0,0.009
decoded,20000,0.001,50000,1,3,selected,all,100,0.05,0.01,0.16666666666666666,0.05,0.01,0.06,0.14,5,1,0.03,0.05,0.01,0.05,0.05,0.01,0.05,0.05,0.01,0.05,0.05,0.01
decoded,20000,0.001,50000,1,3,selected,nonfixed,100,0.05,0.01,0.16666666666666666,0.05,0.01,0.06,0.14,5,1,0.03,0.05,0.01,0.05,0.05,0.01,0.05,0.05,0.01,0.05,0.05,0.01
decoded,20000,0.001,50000,1,5,neutral,all,1000,0.0,0.0,,0.0,0.0,0.0,0.001,0,0,0.0,0.0,0.0,0.0,0.0,0.0,0.0,0.0,0.0,0.0,0.0,0.0
decoded,20000,0.001,50000,1,5,selected,all,100,0.0,0.0,,0.0,0.0,0.0,0.14,0,0,0.0,0.0,0.0,0.0,0.0,0.0,0.0,0.0,0.0,0.0,0.0,0.0
decoded,20000,0.001,50000,1,5,selected,nonfixed,100,0.0,0.0,,0.0,0.0,0.0,0.14,0,0,0.0,0.0,0.0,0.0,0.0,0.0,0.0,0.0,0.0,0.0,0.0,0.0
decoded,20000,0.001,50000,1,10,neutral,all,1000,0.0,0.0,,0.0,0.0,0.0,0.001,0,0,0.0,0.0,0.0,0.0,0.0,0.0,0.0,0.0,0.0,0.0,0.0,0.0
decoded,20000,0.001,50000,1,10,selected,all,100,0.0,0.0,,0.0,0.0,0.0,0.14,0,0,0.0,0.0,0.0,0.0,0.0,0.0,0.0,0.0,0.0,0.0,0.0,0.0
decoded,20000,0.001,50000,1,10,selected,nonfixed,100,0.0,0.0,,0.0,0.0,0.0,0.14,0,0,0.0,0.0,0.0,0.0,0.0,0.0,0.0,0.0,0.0,0.0,0.0,0.0
decoded,20000,0.001,50000,1,20,neutral,all,1000,0.0,0.0,,0.0,0.0,0.0,0.001,0,0,0.0,0.0,0.0,0.0,0.0,0.0,0.0,0.0,0.0,0.0,0.0,0.0
decoded,20000,0.001,50000,1,20,selected,all,100,0.0,0.0,,0.0,0.0,0.0,0.14,0,0,0.0,0.0,0.0,0.0,0.0,0.0,0.0,0.0,0.0,0.0,0.0,0.0
decoded,20000,0.001,50000,1,20,selected,nonfixed,100,0.0,0.0,,0.0,0.0,0.0,0.14,0,0,0.0,0.0,0.0,0.0,0.0,0.0,0.0,0.0,0.0,0.0,0.0,0.0
decoded,20000,0.01,10000,0,1,neutral,all,1000,0.0,0.821,1.0,0.0,2.063,0.821,0.01,0,2063,0.0,0.0,0.821,0.0,0.0,0.821,0.0,0.0,0.821,0.0,0.0,0.821
decoded,20000,0.01,10000,0,1,selected,all,100,0.47,0.6720512265512266,0.8112449799196787,0.2518333333333333,2.02,0.86,0.33,47,202,0.41,0.48,0.6665512265512266,0.47,0.52,0.6462178932178932,0.56,0.56,0.6328845598845599,0.57,0.58,0.6178845598845598
decoded,20000,0.01,10000,0,1,selected,nonfixed,100,0.47,0.6720512265512266,0.8112449799196787,0.2518333333333333,2.02,0.86,0.33,47,202,0.41,0.48,0.6665512265512266,0.47,0.52,0.6462178932178932,0.56,0.56,0.6328845598845599,0.57,0.58,0.6178845598845598
decoded,20000,0.01,10000,0,3,neutral,all,1000,0.0,0.702,1.0,0.0,1.335,0.702,0.01,0,1335,0.0,0.0,0.702,0.0,0.0,0.702,0.0,0.0,0.702,0.0,0.0,0.702
decoded,20000,0.01,10000,0,3,selected,all,100,0.4,0.5578214285714285,0.7687861271676301,0.26005555555555554,1.33,0.77,0.33,40,133,0.35,0.42,0.5494880952380953,0.4,0.45,0.531154761904762,0.5,0.5,0.5053214285714286,0.51,0.52,0.4903214285714286
decoded,20000,0.01,10000,0,3,selected,nonfixed,100,0.4,0.5578214285714285,0.7687861271676301,0.26005555555555554,1.33,0.77,0.33,40,133,0.35,0.42,0.5494880952380953,0.4,0.45,0.531154761904762,0.5,0.5,0.5053214285714286,0.51,0.52,0.4903214285714286
decoded,20000,0.01,10000,0,5,neutral,all,1000,0.0,0.56,1.0,0.0,0.911,0.56,0.01,0,911,0.0,0.0,0.56,0.0,0.0,0.56,0.0,0.0,0.56,0.0,0.0,0.56
decoded,20000,0.01,10000,0,5,selected,all,100,0.36,0.4613095238095238,0.7251908396946565,0.2623333333333333,0.95,0.69,0.33,36,95,0.33,0.38,0.45130952380952377,0.36,0.4,0.4313095238095238,0.44,0.44,0.4038095238095238,0.44,0.44,0.4038095238095238
decoded,20000,0.01,10000,0,5,selected,nonfixed,100,0.36,0.4613095238095238,0.7251908396946565,0.2623333333333333,0.95,0.69,0.33,36,95,0.33,0.38,0.45130952380952377,0.36,0.4,0.4313095238095238,0.44,0.44,0.4038095238095238,0.44,0.44,0.4038095238095238
decoded,20000,0.01,10000,0,10,neutral,all,1000,0.0,0.201,1.0,0.0,0.227,0.201,0.01,0,227,0.0,0.0,0.201,0.0,0.0,0.201,0.0,0.0,0.201,0.0,0.0,0.201
decoded,20000,0.01,10000,0,10,selected,all,100,0.23,0.1575,0.46511627906976744,0.21066666666666667,0.2,0.36,0.33,23,20,0.2,0.25,0.1375,0.23,0.27,0.1175,0.29,0.29,0.0975,0.29,0.29,0.0975
decoded,20000,0.01,10000,0,10,selected,nonfixed,100,0.23,0.1575,0.46511627906976744,0.21066666666666667,0.2,0.36,0.33,23,20,0.2,0.25,0.1375,0.23,0.27,0.1175,0.29,0.29,0.0975,0.29,0.29,0.0975
decoded,20000,0.01,10000,0,20,neutral,all,1000,0.0,0.019,1.0,0.0,0.019,0.019,0.01,0,19,0.0,0.0,0.019,0.0,0.0,0.019,0.0,0.0,0.019,0.0,0.0,0.019
decoded,20000,0.01,10000,0,20,selected,all,100,0.1,0.02,0.16666666666666666,0.1,0.02,0.12,0.33,10,2,0.09,0.11,0.01,0.1,0.11,0.01,0.12,0.12,0.0,0.12,0.12,0.0
decoded,20000,0.01,10000,0,20,selected,nonfixed,100,0.1,0.02,0.16666666666666666,0.1,0.02,0.12,0.33,10,2,0.09,0.11,0.01,0.1,0.11,0.01,0.12,0.12,0.0,0.12,0.12,0.0
decoded,20000,0.01,10000,1,1,neutral,all,1000,0.0,0.821,1.0,0.0,1.889,0.821,0.01,0,1889,0.0,0.0,0.821,0.0,0.0,0.821,0.0,0.0,0.821,0.0,0.0,0.821
decoded,20000,0.01,10000,1,1,selected,all,100,0.45,0.6711666666666666,0.8034934497816594,0.2512380952380952,1.84,0.86,0.33,45,184,0.4,0.48,0.6536666666666666,0.45,0.52,0.6311666666666667,0.56,0.56,0.6178333333333333,0.57,0.58,0.6028333333333333
decoded,20000,0.01,10000,1,1,selected,nonfixed,100,0.45,0.6711666666666666,0.8034934497816594,0.2512380952380952,1.84,0.86,0.33,45,184,0.4,0.48,0.6536666666666666,0.45,0.52,0.6311666666666667,0.56,0.56,0.6178333333333333,0.57,0.58,0.6028333333333333
decoded,20000,0.01,10000,1,3,neutral,all,1000,0.0,0.713,1.0,0.0,1.315,0.713,0.01,0,1315,0.0,0.0,0.713,0.0,0.0,0.713,0.0,0.0,0.713,0.0,0.0,0.713
decoded,20000,0.01,10000,1,3,selected,all,100,0.39,0.5581666666666666,0.7678571428571429,0.25699999999999995,1.29,0.77,0.33,39,129,0.34,0.42,0.5398333333333334,0.39,0.46,0.5173333333333333,0.5,0.5,0.494,0.51,0.52,0.479
decoded,20000,0.01,10000,1,3,selected,nonfixed,100,0.39,0.5581666666666666,0.7678571428571429,0.25699999999999995,1.29,0.77,0.33,39,129,0.34,0.42,0.5398333333333334,0.39,0.46,0.5173333333333333,0.5,0.5,0.494,0.51,0.52,0.479
decoded,20000,0.01,10000,1,5,neutral,all,1000,0.0,0.568,1.0,0.0,0.91,0.568,0.01,0,910,0.0,0.0,0.568,0.0,0.0,0.568,0.0,0.0,0.568,0.0,0.0,0.568
decoded,20000,0.01,10000,1,5,selected,all,100,0.35,0.4651666666666667,0.7222222222222222,0.2573333333333333,0.91,0.69,0.33,35,91,0.32,0.38,0.44516666666666665,0.35,0.42,0.4126666666666667,0.44,0.44,0.39766666666666667,0.44,0.44,0.39766666666666667
decoded,20000,0.01,10000,1,5,selected,nonfixed,100,0.35,0.4651666666666667,0.7222222222222222,0.2573333333333333,0.91,0.69,0.33,35,91,0.32,0.38,0.44516666666666665,0.35,0.42,0.4126666666666667,0.44,0.44,0.39766666666666667,0.44,0.44,0.39766666666666667
decoded,20000,0.01,10000,1,10,neutral,all,1000,0.0,0.219,1.0,0.0,0.248,0.219,0.01,0,248,0.0,0.0,0.219,0.0,0.0,0.219,0.0,0.0,0.219,0.0,0.0,0.219
decoded,20000,0.01,10000,1,10,selected,all,100,0.22,0.16833333333333333,0.4883720930232558,0.2,0.21,0.36,0.33,22,21,0.19,0.25,0.1383333333333333,0.22,0.28,0.10833333333333332,0.29,0.29,0.09833333333333333,0.29,0.29,0.09833333333333333
decoded,20000,0.01,10000,1,10,selected,nonfixed,100,0.22,0.16833333333333333,0.4883720930232558,0.2,0.21,0.36,0.33,22,21,0.19,0.25,0.1383333333333333,0.22,0.28,0.10833333333333332,0.29,0.29,0.09833333333333333,0.29,0.29,0.09833333333333333
decoded,20000,0.01,10000,1,20,neutral,all,1000,0.0,0.029,1.0,0.0,0.029,0.029,0.01,0,29,0.0,0.0,0.029,0.0,0.0,0.029,0.0,0.0,0.029,0.0,0.0,0.029
decoded,20000,0.01,10000,1,20,selected,all,100,0.09,0.035,0.3076923076923077,0.08666666666666666,0.04,0.12,0.33,9,4,0.08,0.11,0.015,0.09,0.11,0.015,0.12,0.12,0.005,0.12,0.12,0.005
decoded,20000,0.01,10000,1,20,selected,nonfixed,100,0.09,0.035,0.3076923076923077,0.08666666666666666,0.04,0.12,0.33,9,4,0.08,0.11,0.015,0.09,0.11,0.015,0.12,0.12,0.005,0.12,0.12,0.005
decoded,20000,0.01,20000,0,1,neutral,all,1000,0.0,0.79,1.0,0.0,1.746,0.79,0.01,0,1746,0.0,0.0,0.79,0.0,0.0,0.79,0.0,0.0,0.79,0.0,0.0,0.79
decoded,20000,0.01,20000,0,1,selected,all,100,0.42,0.6308888888888888,0.8009478672985783,0.24152380952380953,1.69,0.82,0.33,42,169,0.35,0.41,0.6237222222222222,0.42,0.48,0.5950555555555556,0.52,0.52,0.5725555555555555,0.54,0.54,0.5575555555555556
decoded,20000,0.01,20000,0,1,selected,nonfixed,100,0.42,0.6308888888888888,0.8009478672985783,0.24152380952380953,1.69,0.82,0.33,42,169,0.35,0.41,0.6237222222222222,0.42,0.48,0.5950555555555556,0.52,0.52,0.5725555555555555,0.54,0.54,0.5575555555555556
decoded,20000,0.01,20000,0,3,neutral,all,1000,0.0,0.537,1.0,0.0,0.82,0.537,0.01,0,820,0.0,0.0,0.537,0.0,0.0,0.537,0.0,0.0,0.537,0.0,0.0,0.537
decoded,20000,0.01,20000,0,3,selected,all,100,0.35,0.43799999999999994,0.6956521739130435,0.26466666666666666,0.8,0.67,0.33,35,80,0.3,0.36,0.428,0.35,0.4,0.39799999999999996,0.44,0.44,0.3696666666666667,0.44,0.44,0.3696666666666667
decoded,20000,0.01,20000,0,3,selected,nonfixed,100,0.35,0.43799999999999994,0.6956521739130435,0.26466666666666666,0.8,0.67,0.33,35,80,0.3,0.36,0.428,0.35,0.4,0.39799999999999996,0.44,0.44,0.3696666666666667,0.44,0.44,0.3696666666666667
decoded,20000,0.01,20000,0,5,neutral,all,1000,0.0,0.239,1.0,0.0,0.28,0.239,0.01,0,280,0.0,0.0,0.239,0.0,0.0,0.239,0.0,0.0,0.239,0.0,0.0,0.239
decoded,20000,0.01,20000,0,5,selected,all,100,0.24,0.20666666666666664,0.5,0.22166666666666665,0.24,0.42,0.33,24,24,0.2,0.26,0.18666666666666665,0.24,0.29,0.15666666666666665,0.31,0.31,0.13666666666666666,0.31,0.31,0.13666666666666666
decoded,20000,0.01,20000,0,5,selected,nonfixed,100,0.24,0.20666666666666664,0.5,0.22166666666666665,0.24,0.42,0.33,24,24,0.2,0.26,0.18666666666666665,0.24,0.29,0.15666666666666665,0.31,0.31,0.13666666666666666,0.31,0.31,0.13666666666666666
decoded,20000,0.01,20000,0,10,neutral,all,1000,0.0,0.029,1.0,0.0,0.029,0.029,0.01,0,29,0.0,0.0,0.029,0.0,0.0,0.029,0.0,0.0,0.029,0.0,0.0,0.029
decoded,20000,0.01,20000,0,10,selected,all,100,0.09,0.035,0.3076923076923077,0.08666666666666666,0.04,0.12,0.33,9,4,0.08,0.11,0.015,0.09,0.11,0.015,0.12,0.12,0.005,0.12,0.12,0.005
decoded,20000,0.01,20000,0,10,selected,nonfixed,100,0.09,0.035,0.3076923076923077,0.08666666666666666,0.04,0.12,0.33,9,4,0.08,0.11,0.015,0.09,0.11,0.015,0.12,0.12,0.005,0.12,0.12,0.005
decoded,20000,0.01,20000,0,20,neutral,all,1000,0.0,0.001,1.0,0.0,0.001,0.001,0.01,0,1,0.0,0.0,0.001,0.0,0.0,0.001,0.0,0.0,0.001,0.0,0.0,0.001
decoded,20000,0.01,20000,0,20,selected,all,100,0.01,0.01,0.5,0.01,0.01,0.02,0.33,1,1,0.01,0.02,0.0,0.01,0.02,0.0,0.02,0.02,0.0,0.02,0.02,0.0
decoded,20000,0.01,20000,0,20,selected,nonfixed,100,0.01,0.01,0.5,0.01,0.01,0.02,0.33,1,1,0.01,0.02,0.0,0.01,0.02,0.0,0.02,0.02,0.0,0.02,0.02,0.0
decoded,20000,0.01,20000,1,1,neutral,all,1000,0.0,0.79,1.0,0.0,1.63,0.79,0.01,0,1630,0.0,0.0,0.79,0.0,0.0,0.79,0.0,0.0,0.79,0.0,0.0,0.79
decoded,20000,0.01,20000,1,1,selected,all,100,0.41,0.6256666666666666,0.795,0.24638095238095237,1.59,0.82,0.33,41,159,0.34,0.41,0.619,0.41,0.48,0.5856666666666666,0.52,0.52,0.5631666666666666,0.54,0.54,0.5481666666666666
decoded,20000,0.01,20000,1,1,selected,nonfixed,100,0.41,0.6256666666666666,0.795,0.24638095238095237,1.59,0.82,0.33,41,159,0.34,0.41,0.619,0.41,0.48,0.5856666666666666,0.52,0.52,0.5631666666666666,0.54,0.54,0.5481666666666666
decoded,20000,0.01,20000,1,3,neutral,all,1000,0.0,0.544,1.0,0.0,0.816,0.544,0.01,0,816,0.0,0.0,0.544,0.0,0.0,0.544,0.0,0.0,0.544,0.0,0.0,0.544
decoded,20000,0.01,20000,1,3,selected,all,100,0.35,0.44516666666666665,0.6956521739130435,0.2673333333333333,0.8,0.68,0.33,35,80,0.3,0.37,0.43016666666666664,0.35,0.42,0.3918333333333333,0.44,0.44,0.3768333333333333,0.44,0.44,0.3768333333333333
decoded,20000,0.01,20000,1,3,selected,nonfixed,100,0.35,0.44516666666666665,0.6956521739130435,0.2673333333333333,0.8,0.68,0.33,35,80,0.3,0.37,0.43016666666666664,0.35,0.42,0.3918333333333333,0.44,0.44,0.3768333333333333,0.44,0.44,0.3768333333333333
decoded,20000,0.01,20000,1,5,neutral,all,1000,0.0,0.254,1.0,0.0,0.296,0.254,0.01,0,296,0.0,0.0,0.254,0.0,0.0,0.254,0.0,0.0,0.254,0.0,0.0,0.254
decoded,20000,0.01,20000,1,5,selected,all,100,0.25,0.2033333333333333,0.4897959183673469,0.2333333333333333,0.24,0.43,0.33,25,24,0.21,0.28,0.1733333333333333,0.25,0.31,0.1433333333333333,0.32,0.32,0.13333333333333333,0.32,0.32,0.13333333333333333
decoded,20000,0.01,20000,1,5,selected,nonfixed,100,0.25,0.2033333333333333,0.4897959183673469,0.2333333333333333,0.24,0.43,0.33,25,24,0.21,0.28,0.1733333333333333,0.25,0.31,0.1433333333333333,0.32,0.32,0.13333333333333333,0.32,0.32,0.13333333333333333
decoded,20000,0.01,20000,1,10,neutral,all,1000,0.0,0.035,1.0,0.0,0.035,0.035,0.01,0,35,0.0,0.0,0.035,0.0,0.0,0.035,0.0,0.0,0.035,0.0,0.0,0.035
decoded,20000,0.01,20000,1,10,selected,all,100,0.1,0.035,0.2857142857142857,0.09666666666666666,0.04,0.13,0.33,10,4,0.08,0.12,0.015,0.1,0.12,0.015,0.13,0.13,0.005,0.13,0.13,0.005
decoded,20000,0.01,20000,1,10,selected,nonfixed,100,0.1,0.035,0.2857142857142857,0.09666666666666666,0.04,0.13,0.33,10,4,0.08,0.12,0.015,0.1,0.12,0.015,0.13,0.13,0.005,0.13,0.13,0.005
decoded,20000,0.01,20000,1,20,neutral,all,1000,0.0,0.001,1.0,0.0,0.001,0.001,0.01,0,1,0.0,0.0,0.001,0.0,0.0,0.001,0.0,0.0,0.001,0.0,0.0,0.001
decoded,20000,0.01,20000,1,20,selected,all,100,0.01,0.01,0.5,0.01,0.01,0.02,0.33,1,1,0.01,0.02,0.0,0.01,0.02,0.0,0.02,0.02,0.0,0.02,0.02,0.0
decoded,20000,0.01,20000,1,20,selected,nonfixed,100,0.01,0.01,0.5,0.01,0.01,0.02,0.33,1,1,0.01,0.02,0.0,0.01,0.02,0.0,0.02,0.02,0.0,0.02,0.02,0.0
decoded,20000,0.01,50000,0,1,neutral,all,1000,0.0,0.714,1.0,0.0,1.322,0.714,0.01,0,1322,0.0,0.0,0.714,0.0,0.0,0.714,0.0,0.0,0.714,0.0,0.0,0.714
decoded,20000,0.01,50000,0,1,selected,all,100,0.41,0.5371666666666666,0.7559523809523809,0.2623809523809524,1.27,0.75,0.33,41,127,0.36,0.41,0.5371666666666666,0.41,0.44,0.5171666666666667,0.48,0.48,0.48966666666666664,0.5,0.5,0.4696666666666666
decoded,20000,0.01,50000,0,1,selected,nonfixed,100,0.41,0.5371666666666666,0.7559523809523809,0.2623809523809524,1.27,0.75,0.33,41,127,0.36,0.41,0.5371666666666666,0.41,0.44,0.5171666666666667,0.48,0.48,0.48966666666666664,0.5,0.5,0.4696666666666666
decoded,20000,0.01,50000,0,3,neutral,all,1000,0.0,0.133,1.0,0.0,0.144,0.133,0.01,0,144,0.0,0.0,0.133,0.0,0.0,0.133,0.0,0.0,0.133,0.0,0.0,0.133
decoded,20000,0.01,50000,0,3,selected,all,100,0.21,0.06166666666666666,0.27586206896551724,0.20166666666666663,0.08,0.26,0.33,21,8,0.16,0.21,0.06166666666666666,0.21,0.22,0.05166666666666666,0.23,0.23,0.04166666666666666,0.23,0.23,0.04166666666666666
decoded,20000,0.01,50000,0,3,selected,nonfixed,100,0.21,0.06166666666666666,0.27586206896551724,0.20166666666666663,0.08,0.26,0.33,21,8,0.16,0.21,0.06166666666666666,0.21,0.22,0.05166666666666666,0.23,0.23,0.04166666666666666,0.23,0.23,0.04166666666666666
decoded,20000,0.01,50000,0,5,neutral,all,1000,0.0,0.02,1.0,0.0,0.02,0.02,0.01,0,20,0.0,0.0,0.02,0.0,0.0,0.02,0.0,0.0,0.02,0.0,0.0,0.02
decoded,20000,0.01,50000,0,5,selected,all,100,0.06,0.0,0.0,0.06,0.0,0.06,0.33,6,0,0.04,0.06,0.0,0.06,0.06,0.0,0.06,0.06,0.0,0.06,0.06,0.0
decoded,20000,0.01,50000,0,5,selected,nonfixed,100,0.06,0.0,0.0,0.06,0.0,0.06,0.33,6,0,0.04,0.06,0.0,0.06,0.06,0.0,0.06,0.06,0.0,0.06,0.06,0.0
decoded,20000,0.01,50000,0,10,neutral,all,1000,0.0,0.0,,0.0,0.0,0.0,0.01,0,0,0.0,0.0,0.0,0.0,0.0,0.0,0.0,0.0,0.0,0.0,0.0,0.0
decoded,20000,0.01,50000,0,10,selected,all,100,0.01,0.0,0.0,0.01,0.0,0.01,0.33,1,0,0.0,0.01,0.0,0.01,0.01,0.0,0.01,0.01,0.0,0.01,0.01,0.0
decoded,20000,0.01,50000,0,10,selected,nonfixed,100,0.01,0.0,0.0,0.01,0.0,0.01,0.33,1,0,0.0,0.01,0.0,0.01,0.01,0.0,0.01,0.01,0.0,0.01,0.01,0.0
decoded,20000,0.01,50000,0,20,neutral,all,1000,0.0,0.0,,0.0,0.0,0.0,0.01,0,0,0.0,0.0,0.0,0.0,0.0,0.0,0.0,0.0,0.0,0.0,0.0,0.0
decoded,20000,0.01,50000,0,20,selected,all,100,0.0,0.0,,0.0,0.0,0.0,0.33,0,0,0.0,0.0,0.0,0.0,0.0,0.0,0.0,0.0,0.0,0.0,0.0,0.0
decoded,20000,0.01,50000,0,20,selected,nonfixed,100,0.0,0.0,,0.0,0.0,0.0,0.33,0,0,0.0,0.0,0.0,0.0,0.0,0.0,0.0,0.0,0.0,0.0,0.0,0.0
decoded,20000,0.01,50000,1,1,neutral,all,1000,0.0,0.714,1.0,0.0,1.277,0.714,0.01,0,1277,0.0,0.0,0.714,0.0,0.0,0.714,0.0,0.0,0.714,0.0,0.0,0.714
decoded,20000,0.01,50000,1,1,selected,all,100,0.4,0.5351666666666667,0.7419354838709677,0.26366666666666666,1.15,0.75,0.33,40,115,0.35,0.41,0.5251666666666667,0.4,0.44,0.5051666666666667,0.48,0.48,0.4776666666666667,0.5,0.5,0.45766666666666667
decoded,20000,0.01,50000,1,1,selected,nonfixed,100,0.4,0.5351666666666667,0.7419354838709677,0.26366666666666666,1.15,0.75,0.33,40,115,0.35,0.41,0.5251666666666667,0.4,0.44,0.5051666666666667,0.48,0.48,0.4776666666666667,0.5,0.5,0.45766666666666667
decoded,20000,0.01,50000,1,3,neutral,all,1000,0.0,0.147,1.0,0.0,0.16,0.147,0.01,0,160,0.0,0.0,0.147,0.0,0.0,0.147,0.0,0.0,0.147,0.0,0.0,0.147
decoded,20000,0.01,50000,1,3,selected,all,100,0.21,0.065,0.27586206896551724,0.20666666666666664,0.08,0.27,0.33,21,8,0.16,0.22,0.055,0.21,0.23,0.045,0.24,0.24,0.035,0.24,0.24,0.035
decoded,20000,0.01,50000,1,3,selected,nonfixed,100,0.21,0.065,0.27586206896551724,0.20666666666666664,0.08,0.27,0.33,21,8,0.16,0.22,0.055,0.21,0.23,0.045,0.24,0.24,0.035,0.24,0.24,0.035
decoded,20000,0.01,50000,1,5,neutral,all,1000,0.0,0.025,1.0,0.0,0.025,0.025,0.01,0,25,0.0,0.0,0.025,0.0,0.0,0.025,0.0,0.0,0.025,0.0,0.0,0.025
decoded,20000,0.01,50000,1,5,selected,all,100,0.07,0.02,0.2222222222222222,0.07,0.02,0.09,0.33,7,2,0.04,0.08,0.01,0.07,0.08,0.01,0.08,0.08,0.01,0.08,0.08,0.01
decoded,20000,0.01,50000,1,5,selected,nonfixed,100,0.07,0.02,0.2222222222222222,0.07,0.02,0.09,0.33,7,2,0.04,0.08,0.01,0.07,0.08,0.01,0.08,0.08,0.01,0.08,0.08,0.01
decoded,20000,0.01,50000,1,10,neutral,all,1000,0.0,0.001,1.0,0.0,0.001,0.001,0.01,0,1,0.0,0.0,0.001,0.0,0.0,0.001,0.0,0.0,0.001,0.0,0.0,0.001
decoded,20000,0.01,50000,1,10,selected,all,100,0.01,0.0,0.0,0.01,0.0,0.01,0.33,1,0,0.0,0.01,0.0,0.01,0.01,0.0,0.01,0.01,0.0,0.01,0.01,0.0
decoded,20000,0.01,50000,1,10,selected,nonfixed,100,0.01,0.0,0.0,0.01,0.0,0.01,0.33,1,0,0.0,0.01,0.0,0.01,0.01,0.0,0.01,0.01,0.0,0.01,0.01,0.0
decoded,20000,0.01,50000,1,20,neutral,all,1000,0.0,0.0,,0.0,0.0,0.0,0.01,0,0,0.0,0.0,0.0,0.0,0.0,0.0,0.0,0.0,0.0,0.0,0.0,0.0
decoded,20000,0.01,50000,1,20,selected,all,100,0.0,0.0,,0.0,0.0,0.0,0.33,0,0,0.0,0.0,0.0,0.0,0.0,0.0,0.0,0.0,0.0,0.0,0.0,0.0
decoded,20000,0.01,50000,1,20,selected,nonfixed,100,0.0,0.0,,0.0,0.0,0.0,0.33,0,0,0.0,0.0,0.0,0.0,0.0,0.0,0.0,0.0,0.0,0.0,0.0,0.0
decoded,20000,0.05,10000,0,1,neutral,all,1000,0.0,0.999,1.0,0.0,8.668,0.999,0.05,0,8668,0.0,0.0,0.999,0.0,0.0,0.999,0.0,0.0,0.999,0.0,0.0,0.999
decoded,20000,0.05,10000,0,1,selected,all,100,0.64,0.9188502845194023,0.9304347826086956,0.14011565885095295,8.56,1.0,0.59,64,856,0.55,0.7,0.9123761665321263,0.64,0.74,0.9084756226315824,0.79,0.8,0.9016296630356229,0.83,0.83,0.8986372387931985
decoded,20000,0.05,10000,0,1,selected,nonfixed,100,0.64,0.9188502845194023,0.9304347826086956,0.14011565885095295,8.56,1.0,0.59,64,856,0.55,0.7,0.9123761665321263,0.64,0.74,0.9084756226315824,0.79,0.8,0.9016296630356229,0.83,0.83,0.8986372387931985
decoded,20000,0.05,10000,0,3,neutral,all,1000,0.0,0.995,1.0,0.0,5.997,0.995,0.05,0,5997,0.0,0.0,0.995,0.0,0.0,0.995,0.0,0.0,0.995,0.0,0.0,0.995
decoded,20000,0.05,10000,0,3,selected,all,100,0.6,0.8939403651903652,0.9085365853658537,0.17451451326451328,5.96,1.0,0.59,60,596,0.51,0.68,0.8797736985236986,0.6,0.71,0.8758054445554445,0.74,0.76,0.8686110001110001,0.78,0.78,0.8661824286824288
decoded,20000,0.05,10000,0,3,selected,nonfixed,100,0.6,0.8939403651903652,0.9085365853658537,0.17451451326451328,5.96,1.0,0.59,60,596,0.51,0.68,0.8797736985236986,0.6,0.71,0.8758054445554445,0.74,0.76,0.8686110001110001,0.78,0.78,0.8661824286824288
decoded,20000,0.05,10000,0,5,neutral,all,1000,0.0,0.983,1.0,0.0,4.414,0.983,0.05,0,4414,0.0,0.0,0.983,0.0,0.0,0.983,0.0,0.0,0.983,0.0,0.0,0.983
decoded,20000,0.05,10000,0,5,selected,all,100,0.58,0.8431702741702742,0.8804123711340206,0.22012049062049058,4.27,0.99,0.59,58,427,0.48,0.66,0.825559163059163,0.58,0.69,0.8191305916305915,0.71,0.73,0.8120909090909092,0.75,0.76,0.8071742424242424
decoded,20000,0.05,10000,0,5,selected,nonfixed,100,0.58,0.8431702741702742,0.8804123711340206,0.22012049062049058,4.27,0.99,0.59,58,427,0.48,0.66,0.825559163059163,0.58,0.69,0.8191305916305915,0.71,0.73,0.8120909090909092,0.75,0.76,0.8071742424242424
decoded,20000,0.05,10000,0,10,neutral,all,1000,0.0,0.758,1.0,0.0,1.422,0.758,0.05,0,1422,0.0,0.0,0.758,0.0,0.0,0.758,0.0,0.0,0.758,0.0,0.0,0.758
decoded,20000,0.05,10000,0,10,selected,all,100,0.39,0.6232380952380953,0.7880434782608695,0.2550238095238095,1.45,0.83,0.59,39,145,0.34,0.47,0.5707380952380953,0.39,0.5,0.552404761904762,0.51,0.53,0.5365714285714285,0.54,0.55,0.5240714285714285
decoded,20000,0.05,10000,0,10,selected,nonfixed,100,0.39,0.6232380952380953,0.7880434782608695,0.2550238095238095,1.45,0.83,0.59,39,145,0.34,0.47,0.5707380952380953,0.39,0.5,0.552404761904762,0.51,0.53,0.5365714285714285,0.54,0.55,0.5240714285714285
decoded,20000,0.05,10000,0,20,neutral,all,1000,0.0,0.184,1.0,0.0,0.203,0.184,0.05,0,203,0.0,0.0,0.184,0.0,0.0,0.184,0.0,0.0,0.184,0.0,0.0,0.184
decoded,20000,0.05,10000,0,20,selected,all,100,0.21,0.17666666666666664,0.5,0.19833333333333333,0.21,0.37,0.59,21,21,0.18,0.27,0.11666666666666668,0.21,0.29,0.09666666666666668,0.29,0.3,0.08666666666666666,0.3,0.3,0.08666666666666666
decoded,20000,0.05,10000,0,20,selected,nonfixed,100,0.21,0.17666666666666664,0.5,0.19833333333333333,0.21,0.37,0.59,21,21,0.18,0.27,0.11666666666666668,0.21,0.29,0.09666666666666668,0.29,0.3,0.08666666666666666,0.3,0.3,0.08666666666666666
decoded,20000,0.05,10000,1,1,neutral,all,1000,0.0,0.999,1.0,0.0,7.863,0.999,0.05,0,7863,0.0,0.0,0.999,0.0,0.0,0.999,0.0,0.0,0.999,0.0,0.0,0.999
decoded,20000,0.05,10000,1,1,selected,all,100,0.63,0.9116698301698303,0.9243697478991597,0.15008449883449881,7.7,1.0,0.59,63,770,0.53,0.7,0.9039571678321678,0.63,0.74,0.8999016122766125,0.78,0.8,0.8927151043401045,0.83,0.83,0.8892865329115329
decoded,20000,0.05,10000,1,1,selected,nonfixed,100,0.63,0.9116698301698303,0.9243697478991597,0.15008449883449881,7.7,1.0,0.59,63,770,0.53,0.7,0.9039571678321678,0.63,0.74,0.8999016122766125,0.78,0.8,0.8927151043401045,0.83,0.83,0.8892865329115329
decoded,20000,0.05,10000,1,3,neutral,all,1000,0.0,0.995,1.0,0.0,5.85,0.995,0.05,0,5850,0.0,0.0,0.995,0.0,0.0,0.995,0.0,0.0,0.995,0.0,0.0,0.995
decoded,20000,0.05,10000,1,3,selected,all,100,0.6,0.8902098457098458,0.9052132701421801,0.1793126318126318,5.73,1.0,0.59,60,573,0.51,0.68,0.875932067932068,0.6,0.71,0.8720749250749253,0.73,0.76,0.8646261516261518,0.78,0.78,0.8618483738483741
decoded,20000,0.05,10000,1,3,selected,nonfixed,100,0.6,0.8902098457098458,0.9052132701421801,0.1793126318126318,5.73,1.0,0.59,60,573,0.51,0.68,0.875932067932068,0.6,0.71,0.8720749250749253,0.73,0.76,0.8646261516261518,0.78,0.78,0.8618483738483741
decoded,20000,0.05,10000,1,5,neutral,all,1000,0.0,0.983,1.0,0.0,4.385,0.983,0.05,0,4385,0.0,0.0,0.983,0.0,0.0,0.983,0.0,0.0,0.983,0.0,0.0,0.983
decoded,20000,0.05,10000,1,5,selected,all,100,0.58,0.8422222222222221,0.8784067085953878,0.22107287157287153,4.19,0.99,0.59,58,419,0.48,0.66,0.8244722222222223,0.58,0.69,0.8180436507936508,0.7,0.73,0.810765873015873,0.75,0.76,0.8053373015873015
decoded,20000,0.05,10000,1,5,selected,nonfixed,100,0.58,0.8422222222222221,0.8784067085953878,0.22107287157287153,4.19,0.99,0.59,58,419,0.48,0.66,0.8244722222222223,0.58,0.69,0.8180436507936508,0.7,0.73,0.810765873015873,0.75,0.76,0.8053373015873015
decoded,20000,0.05,10000,1,10,neutral,all,1000,0.0,0.786,1.0,0.0,1.52,0.786,0.05,0,1520,0.0,0.0,0.786,0.0,0.0,0.786,0.0,0.0,0.786,0.0,0.0,0.786
decoded,20000,0.05,10000,1,10,selected,all,100,0.4,0.6665714285714286,0.7938144329896907,0.25469047619047613,1.54,0.87,0.59,40,154,0.35,0.48,0.6145714285714284,0.4,0.51,0.5962380952380952,0.51,0.54,0.5795714285714285,0.55,0.56,0.5670714285714286
decoded,20000,0.05,10000,1,10,selected,nonfixed,100,0.4,0.6665714285714286,0.7938144329896907,0.25469047619047613,1.54,0.87,0.59,40,154,0.35,0.48,0.6145714285714284,0.4,0.51,0.5962380952380952,0.51,0.54,0.5795714285714285,0.55,0.56,0.5670714285714286
decoded,20000,0.05,10000,1,20,neutral,all,1000,0.0,0.213,1.0,0.0,0.24,0.213,0.05,0,240,0.0,0.0,0.213,0.0,0.0,0.213,0.0,0.0,0.213,0.0,0.0,0.213
decoded,20000,0.05,10000,1,20,selected,all,100,0.21,0.19666666666666666,0.5434782608695652,0.19166666666666665,0.25,0.38,0.59,21,25,0.18,0.27,0.1366666666666667,0.21,0.29,0.11666666666666668,0.29,0.31,0.09666666666666666,0.31,0.31,0.09666666666666666
decoded,20000,0.05,10000,1,20,selected,nonfixed,100,0.21,0.19666666666666666,0.5434782608695652,0.19166666666666665,0.25,0.38,0.59,21,25,0.18,0.27,0.1366666666666667,0.21,0.29,0.11666666666666668,0.29,0.31,0.09666666666666666,0.31,0.31,0.09666666666666666
decoded,20000,0.05,20000,0,1,neutral,all,1000,0.0,0.999,1.0,0.0,7.452,0.999,0.05,0,7452,0.0,0.0,0.999,0.0,0.0,0.999,0.0,0.0,0.999,0.0,0.0,0.999
decoded,20000,0.05,20000,0,1,selected,all,100,0.62,0.9083052641802641,0.9213197969543148,0.15463398529574998,7.26,1.0,0.59,62,726,0.53,0.67,0.9017268703518704,0.62,0.72,0.896373334998335,0.75,0.77,0.8896511127761129,0.82,0.82,0.8833967837717838
decoded,20000,0.05,20000,0,1,selected,nonfixed,100,0.62,0.9083052641802641,0.9213197969543148,0.15463398529574998,7.26,1.0,0.59,62,726,0.53,0.67,0.9017268703518704,0.62,0.72,0.896373334998335,0.75,0.77,0.8896511127761129,0.82,0.82,0.8833967837717838
decoded,20000,0.05,20000,0,3,neutral,all,1000,0.0,0.978,1.0,0.0,4.012,0.978,0.05,0,4012,0.0,0.0,0.978,0.0,0.0,0.978,0.0,0.0,0.978,0.0,0.0,0.978
decoded,20000,0.05,20000,0,3,selected,all,100,0.57,0.8342341269841269,0.871331828442438,0.23099999999999998,3.86,0.99,0.59,57,386,0.46,0.63,0.8175952380952382,0.57,0.69,0.8066111111111113,0.7,0.71,0.8021111111111111,0.75,0.76,0.7933333333333334
decoded,20000,0.05,20000,0,3,selected,nonfixed,100,0.57,0.8342341269841269,0.871331828442438,0.23099999999999998,3.86,0.99,0.59,57,386,0.46,0.63,0.8175952380952382,0.57,0.69,0.8066111111111113,0.7,0.71,0.8021111111111111,0.75,0.76,0.7933333333333334
decoded,20000,0.05,20000,0,5,neutral,all,1000,0.0,0.812,1.0,0.0,1.663,0.812,0.05,0,1663,0.0,0.0,0.812,0.0,0.0,0.812,0.0,0.0,0.812,0.0,0.0,0.812
decoded,20000,0.05,20000,0,5,selected,all,100,0.4,0.6909166666666667,0.8130841121495327,0.24126984126984127,1.74,0.88,0.59,40,174,0.34,0.48,0.6417499999999999,0.4,0.52,0.6200833333333333,0.52,0.54,0.61175,0.57,0.58,0.5909166666666666
decoded,20000,0.05,20000,0,5,selected,nonfixed,100,0.4,0.6909166666666667,0.8130841121495327,0.24126984126984127,1.74,0.88,0.59,40,174,0.34,0.48,0.6417499999999999,0.4,0.52,0.6200833333333333,0.52,0.54,0.61175,0.57,0.58,0.5909166666666666
decoded,20000,0.05,20000,0,10,neutral,all,1000,0.0,0.209,1.0,0.0,0.237,0.209,0.05,0,237,0.0,0.0,0.209,0.0,0.0,0.209,0.0,0.0,0.209,0.0,0.0,0.209
decoded,20000,0.05,20000,0,10,selected,all,100,0.23,0.19666666666666666,0.5208333333333334,0.21166666666666664,0.25,0.4,0.59,23,25,0.19,0.29,0.1366666666666667,0.23,0.31,0.11666666666666668,0.31,0.33,0.09666666666666666,0.33,0.33,0.09666666666666666
decoded,20000,0.05,20000,0,10,selected,nonfixed,100,0.23,0.19666666666666666,0.5208333333333334,0.21166666666666664,0.25,0.4,0.59,23,25,0.19,0.29,0.1366666666666667,0.23,0.31,0.11666666666666668,0.31,0.33,0.09666666666666666,0.33,0.33,0.09666666666666666
decoded,20000,0.05,20000,0,20,neutral,all,1000,0.0,0.013,1.0,0.0,0.013,0.013,0.05,0,13,0.0,0.0,0.013,0.0,0.0,0.013,0.0,0.0,0.013,0.0,0.0,0.013
decoded,20000,0.05,20000,0,20,selected,all,100,0.02,0.01,0.3333333333333333,0.02,0.01,0.03,0.59,2,1,0.02,0.03,0.0,0.02,0.03,0.0,0.03,0.03,0.0,0.03,0.03,0.0
decoded,20000,0.05,20000,0,20,selected,nonfixed,100,0.02,0.01,0.3333333333333333,0.02,0.01,0.03,0.59,2,1,0.02,0.03,0.0,0.02,0.03,0.0,0.03,0.03,0.0,0.03,0.03,0.0
decoded,20000,0.05,20000,1,1,neutral,all,1000,0.0,0.999,1.0,0.0,6.852,0.999,0.05,0,6852,0.0,0.0,0.999,0.0,0.0,0.999,0.0,0.0,0.999,0.0,0.0,0.999
decoded,20000,0.05,20000,1,1,selected,all,100,0.59,0.905693362193362,0.9181692094313454,0.15800333000332997,6.62,1.0,0.59,59,662,0.49,0.67,0.8956463536463537,0.59,0.72,0.890114246864247,0.75,0.77,0.8822571040071041,0.82,0.82,0.8748797591297592
decoded,20000,0.05,20000,1,1,selected,nonfixed,100,0.59,0.905693362193362,0.9181692094313454,0.15800333000332997,6.62,1.0,0.59,59,662,0.49,0.67,0.8956463536463537,0.59,0.72,0.890114246864247,0.75,0.77,0.8822571040071041,0.82,0.82,0.8748797591297592
decoded,20000,0.05,20000,1,3,neutral,all,1000,0.0,0.981,1.0,0.0,3.947,0.981,0.05,0,3947,0.0,0.0,0.981,0.0,0.0,0.981,0.0,0.0,0.981,0.0,0.0,0.981
decoded,20000,0.05,20000,1,3,selected,all,100,0.56,0.8319047619047619,0.8718535469107551,0.23253968253968252,3.81,0.99,0.59,56,381,0.46,0.64,0.8113214285714285,0.56,0.69,0.8014484126984126,0.7,0.71,0.7964484126984126,0.75,0.76,0.7870198412698411
decoded,20000,0.05,20000,1,3,selected,nonfixed,100,0.56,0.8319047619047619,0.8718535469107551,0.23253968253968252,3.81,0.99,0.59,56,381,0.46,0.64,0.8113214285714285,0.56,0.69,0.8014484126984126,0.7,0.71,0.7964484126984126,0.75,0.76,0.7870198412698411
decoded,20000,0.05,20000,1,5,neutral,all,1000,0.0,0.835,1.0,0.0,1.757,0.835,0.05,0,1757,0.0,0.0,0.835,0.0,0.0,0.835,0.0,0.0,0.835,0.0,0.0,0.835
decoded,20000,0.05,20000,1,5,selected,all,100,0.43,0.7139166666666665,0.8063063063063063,0.25307936507936507,1.79,0.91,0.59,43,179,0.36,0.53,0.6577500000000001,0.43,0.56,0.6394166666666666,0.56,0.57,0.6360833333333333,0.59,0.6,0.6194166666666666
decoded,20000,0.05,20000,1,5,selected,nonfixed,100,0.43,0.7139166666666665,0.8063063063063063,0.25307936507936507,1.79,0.91,0.59,43,179,0.36,0.53,0.6577500000000001,0.43,0.56,0.6394166666666666,0.56,0.57,0.6360833333333333,0.59,0.6,0.6194166666666666
decoded,20000,0.05,20000,1,10,neutral,all,1000,0.0,0.262,1.0,0.0,0.308,0.262,0.05,0,308,0.0,0.0,0.262,0.0,0.0,0.262,0.0,0.0,0.262,0.0,0.0,0.262
decoded,20000,0.05,20000,1,10,selected,all,100,0.26,0.21666666666666665,0.5094339622641509,0.235,0.27,0.44,0.59,26,27,0.22,0.33,0.14666666666666667,0.26,0.35,0.12666666666666665,0.35,0.36,0.11666666666666665,0.36,0.36,0.11666666666666665
decoded,20000,0.05,20000,1,10,selected,nonfixed,100,0.26,0.21666666666666665,0.5094339622641509,0.235,0.27,0.44,0.59,26,27,0.22,0.33,0.14666666666666667,0.26,0.35,0.12666666666666665,0.35,0.36,0.11666666666666665,0.36,0.36,0.11666666666666665
decoded,20000,0.05,20000,1,20,neutral,all,1000,0.0,0.018,1.0,0.0,0.018,0.018,0.05,0,18,0.0,0.0,0.018,0.0,0.0,0.018,0.0,0.0,0.018,0.0,0.0,0.018
decoded,20000,0.05,20000,1,20,selected,all,100,0.02,0.02,0.5,0.02,0.02,0.04,0.59,2,2,0.02,0.03,0.01,0.02,0.03,0.01,0.03,0.03,0.01,0.03,0.03,0.01
decoded,20000,0.05,20000,1,20,selected,nonfixed,100,0.02,0.02,0.5,0.02,0.02,0.04,0.59,2,2,0.02,0.03,0.01,0.02,0.03,0.01,0.03,0.03,0.01,0.03,0.03,0.01
decoded,20000,0.05,50000,0,1,neutral,all,1000,0.0,0.997,1.0,0.0,5.746,0.997,0.05,0,5746,0.0,0.0,0.997,0.0,0.0,0.997,0.0,0.0,0.997,0.0,0.0,0.997
decoded,20000,0.05,50000,0,1,selected,all,100,0.62,0.8718679653679655,0.8993506493506493,0.1912075147075147,5.54,0.99,0.59,62,554,0.54,0.68,0.8619671717171719,0.62,0.71,0.858200937950938,0.74,0.76,0.8492842712842713,0.79,0.79,0.8451771284271284
decoded,20000,0.05,50000,0,1,selected,nonfixed,100,0.62,0.8718679653679655,0.8993506493506493,0.1912075147075147,5.54,0.99,0.59,62,554,0.54,0.68,0.8619671717171719,0.62,0.71,0.858200937950938,0.74,0.76,0.8492842712842713,0.79,0.79,0.8451771284271284
decoded,20000,0.05,50000,0,3,neutral,all,1000,0.0,0.612,1.0,0.0,0.96,0.612,0.05,0,960,0.0,0.0,0.612,0.0,0.0,0.612,0.0,0.0,0.612,0.0,0.0,0.612
decoded,20000,0.05,50000,0,3,selected,all,100,0.39,0.5025,0.7045454545454546,0.2968571428571429,0.93,0.76,0.59,39,93,0.33,0.45,0.45,0.39,0.47,0.435,0.47,0.49,0.42,0.49,0.5,0.41666666666666663
decoded,20000,0.05,50000,0,3,selected,nonfixed,100,0.39,0.5025,0.7045454545454546,0.2968571428571429,0.93,0.76,0.59,39,93,0.33,0.45,0.45,0.39,0.47,0.435,0.47,0.49,0.42,0.49,0.5,0.41666666666666663
decoded,20000,0.05,50000,0,5,neutral,all,1000,0.0,0.171,1.0,0.0,0.187,0.171,0.05,0,187,0.0,0.0,0.171,0.0,0.0,0.171,0.0,0.0,0.171,0.0,0.0,0.171
decoded,20000,0.05,50000,0,5,selected,all,100,0.21,0.135,0.4166666666666667,0.2,0.15,0.33,0.59,21,15,0.17,0.24,0.105,0.21,0.26,0.085,0.26,0.27,0.075,0.27,0.27,0.075
decoded,20000,0.05,50000,0,5,selected,nonfixed,100,0.21,0.135,0.4166666666666667,0.2,0.15,0.33,0.59,21,15,0.17,0.24,0.105,0.21,0.26,0.085,0.26,0.27,0.075,0.27,0.27,0.075
decoded,20000,0.05,50000,0,10,neutral,all,1000,0.0,0.008,1.0,0.0,0.008,0.008,0.05,0,8,0.0,0.0,0.008,0.0,0.0,0.008,0.0,0.0,0.008,0.0,0.0,0.008
decoded,20000,0.05,50000,0,10,selected,all,100,0.01,0.01,0.5,0.01,0.01,0.02,0.59,1,1,0.0,0.02,0.0,0.01,0.02,0.0,0.02,0.02,0.0,0.02,0.02,0.0
decoded,20000,0.05,50000,0,10,selected,nonfixed,100,0.01,0.01,0.5,0.01,0.01,0.02,0.59,1,1,0.0,0.02,0.0,0.01,0.02,0.0,0.02,0.02,0.0,0.02,0.02,0.0
decoded,20000,0.05,50000,0,20,neutral,all,1000,0.0,0.0,,0.0,0.0,0.0,0.05,0,0,0.0,0.0,0.0,0.0,0.0,0.0,0.0,0.0,0.0,0.0,0.0,0.0
decoded,20000,0.05,50000,0,20,selected,all,100,0.0,0.0,,0.0,0.0,0.0,0.59,0,0,0.0,0.0,0.0,0.0,0.0,0.0,0.0,0.0,0.0,0.0,0.0,0.0
decoded,20000,0.05,50000,0,20,selected,nonfixed,100,0.0,0.0,,0.0,0.0,0.0,0.59,0,0,0.0,0.0,0.0,0.0,0.0,0.0,0.0,0.0,0.0,0.0,0.0,0.0
decoded,20000,0.05,50000,1,1,neutral,all,1000,0.0,0.997,1.0,0.0,5.338,0.997,0.05,0,5338,0.0,0.0,0.997,0.0,0.0,0.997,0.0,0.0,0.997,0.0,0.0,0.997
decoded,20000,0.05,50000,1,1,selected,all,100,0.62,0.8643805916305917,0.8892857142857142,0.2022965367965368,4.98,0.99,0.59,62,498,0.54,0.68,0.8537456709956709,0.62,0.71,0.8498885281385281,0.74,0.76,0.8398885281385282,0.79,0.79,0.8348885281385282
decoded,20000,0.05,50000,1,1,selected,nonfixed,100,0.62,0.8643805916305917,0.8892857142857142,0.2022965367965368,4.98,0.99,0.59,62,498,0.54,0.68,0.8537456709956709,0.62,0.71,0.8498885281385281,0.74,0.76,0.8398885281385282,0.79,0.79,0.8348885281385282
decoded,20000,0.05,50000,1,3,neutral,all,1000,0.0,0.659,1.0,0.0,1.078,0.659,0.05,0,1078,0.0,0.0,0.659,0.0,0.0,0.659,0.0,0.0,0.659,0.0,0.0,0.659
decoded,20000,0.05,50000,1,3,selected,all,100,0.4,0.5341666666666667,0.7183098591549296,0.2968571428571428,1.02,0.79,0.59,40,102,0.34,0.46,0.4808333333333333,0.4,0.48,0.46583333333333327,0.48,0.49,0.46083333333333326,0.49,0.51,0.4475
decoded,20000,0.05,50000,1,3,selected,nonfixed,100,0.4,0.5341666666666667,0.7183098591549296,0.2968571428571428,1.02,0.79,0.59,40,102,0.34,0.46,0.4808333333333333,0.4,0.48,0.46583333333333327,0.48,0.49,0.46083333333333326,0.49,0.51,0.4475
decoded,20000,0.05,50000,1,5,neutral,all,1000,0.0,0.217,1.0,0.0,0.242,0.217,0.05,0,242,0.0,0.0,0.217,0.0,0.0,0.217,0.0,0.0,0.217,0.0,0.0,0.217
decoded,20000,0.05,50000,1,5,selected,all,100,0.24,0.19166666666666665,0.48936170212765956,0.225,0.23,0.41,0.59,24,23,0.19,0.27,0.16166666666666665,0.24,0.29,0.14166666666666666,0.29,0.3,0.13166666666666665,0.3,0.31,0.12166666666666666
decoded,20000,0.05,50000,1,5,selected,nonfixed,100,0.24,0.19166666666666665,0.48936170212765956,0.225,0.23,0.41,0.59,24,23,0.19,0.27,0.16166666666666665,0.24,0.29,0.14166666666666666,0.29,0.3,0.13166666666666665,0.3,0.31,0.12166666666666666
decoded,20000,0.05,50000,1,10,neutral,all,1000,0.0,0.017,1.0,0.0,0.017,0.017,0.05,0,17,0.0,0.0,0.017,0.0,0.0,0.017,0.0,0.0,0.017,0.0,0.0,0.017
decoded,20000,0.05,50000,1,10,selected,all,100,0.01,0.02,0.6666666666666666,0.01,0.02,0.03,0.59,1,2,0.0,0.02,0.01,0.01,0.02,0.01,0.02,0.02,0.01,0.02,0.03,0.0
decoded,20000,0.05,50000,1,10,selected,nonfixed,100,0.01,0.02,0.6666666666666666,0.01,0.02,0.03,0.59,1,2,0.0,0.02,0.01,0.01,0.02,0.01,0.02,0.02,0.01,0.02,0.03,0.0
decoded,20000,0.05,50000,1,20,neutral,all,1000,0.0,0.0,,0.0,0.0,0.0,0.05,0,0,0.0,0.0,0.0,0.0,0.0,0.0,0.0,0.0,0.0,0.0,0.0,0.0
decoded,20000,0.05,50000,1,20,selected,all,100,0.0,0.0,,0.0,0.0,0.0,0.59,0,0,0.0,0.0,0.0,0.0,0.0,0.0,0.0,0.0,0.0,0.0,0.0,0.0
decoded,20000,0.05,50000,1,20,selected,nonfixed,100,0.0,0.0,,0.0,0.0,0.0,0.59,0,0,0.0,0.0,0.0,0.0,0.0,0.0,0.0,0.0,0.0,0.0,0.0,0.0
decoded,30000,0.001,10000,0,1,neutral,all,1000,0.0,0.268,1.0,0.0,0.368,0.268,0.001,0,368,0.0,0.0,0.268,0.0,0.0,0.268,0.0,0.0,0.268,0.0,0.0,0.268
decoded,30000,0.001,10000,0,1,selected,all,100,0.36,0.255,0.5813953488372093,0.2826666666666666,0.5,0.51,0.17,36,50,0.36,0.36,0.255,0.36,0.36,0.255,0.37,0.37,0.25,0.37,0.37,0.25
decoded,30000,0.001,10000,0,1,selected,nonfixed,100,0.36,0.255,0.5813953488372093,0.2826666666666666,0.5,0.51,0.17,36,50,0.36,0.36,0.255,0.36,0.36,0.255,0.37,0.37,0.25,0.37,0.37,0.25
decoded,30000,0.001,10000,0,3,neutral,all,1000,0.0,0.13,1.0,0.0,0.147,0.13,0.001,0,147,0.0,0.0,0.13,0.0,0.0,0.13,0.0,0.0,0.13,0.0,0.0,0.13
decoded,30000,0.001,10000,0,3,selected,all,100,0.27,0.09333333333333332,0.35714285714285715,0.24666666666666665,0.15,0.33,0.17,27,15,0.27,0.27,0.09333333333333332,0.27,0.27,0.09333333333333332,0.28,0.28,0.08333333333333331,0.28,0.28,0.08333333333333331
decoded,30000,0.001,10000,0,3,selected,nonfixed,100,0.27,0.09333333333333332,0.35714285714285715,0.24666666666666665,0.15,0.33,0.17,27,15,0.27,0.27,0.09333333333333332,0.27,0.27,0.09333333333333332,0.28,0.28,0.08333333333333331,0.28,0.28,0.08333333333333331
decoded,30000,0.001,10000,0,5,neutral,all,1000,0.0,0.052,1.0,0.0,0.055,0.052,0.001,0,55,0.0,0.0,0.052,0.0,0.0,0.052,0.0,0.0,0.052,0.0,0.0,0.052
decoded,30000,0.001,10000,0,5,selected,all,100,0.16,0.05166666666666666,0.30434782608695654,0.15166666666666667,0.07,0.2,0.17,16,7,0.16,0.16,0.05166666666666666,0.16,0.16,0.05166666666666666,0.18,0.18,0.03166666666666666,0.18,0.18,0.03166666666666666
decoded,30000,0.001,10000,0,5,selected,nonfixed,100,0.16,0.05166666666666666,0.30434782608695654,0.15166666666666667,0.07,0.2,0.17,16,7,0.16,0.16,0.05166666666666666,0.16,0.16,0.05166666666666666,0.18,0.18,0.03166666666666666,0.18,0.18,0.03166666666666666
decoded,30000,0.001,10000,0,10,neutral,all,1000,0.0,0.006,1.0,0.0,0.007,0.006,0.001,0,7,0.0,0.0,0.006,0.0,0.0,0.006,0.0,0.0,0.006,0.0,0.0,0.006
decoded,30000,0.001,10000,0,10,selected,all,100,0.07,0.01,0.125,0.07,0.01,0.08,0.17,7,1,0.07,0.07,0.01,0.07,0.07,0.01,0.08,0.08,0.0,0.08,0.08,0.0
decoded,30000,0.001,10000,0,10,selected,nonfixed,100,0.07,0.01,0.125,0.07,0.01,0.08,0.17,7,1,0.07,0.07,0.01,0.07,0.07,0.01,0.08,0.08,0.0,0.08,0.08,0.0
decoded,30000,0.001,10000,0,20,neutral,all,1000,0.0,0.0,,0.0,0.0,0.0,0.001,0,0,0.0,0.0,0.0,0.0,0.0,0.0,0.0,0.0,0.0,0.0,0.0,0.0
decoded,30000,0.001,10000,0,20,selected,all,100,0.0,0.0,,0.0,0.0,0.0,0.17,0,0,0.0,0.0,0.0,0.0,0.0,0.0,0.0,0.0,0.0,0.0,0.0,0.0
decoded,30000,0.001,10000,0,20,selected,nonfixed,100,0.0,0.0,,0.0,0.0,0.0,0.17,0,0,0.0,0.0,0.0,0.0,0.0,0.0,0.0,0.0,0.0,0.0,0.0,0.0
decoded,30000,0.001,10000,1,1,neutral,all,1000,0.0,0.268,1.0,0.0,0.35,0.268,0.001,0,350,0.0,0.0,0.268,0.0,0.0,0.268,0.0,0.0,0.268,0.0,0.0,0.268
decoded,30000,0.001,10000,1,1,selected,all,100,0.36,0.245,0.5384615384615384,0.29333333333333333,0.42,0.51,0.17,36,42,0.36,0.36,0.245,0.36,0.36,0.245,0.37,0.37,0.24,0.37,0.37,0.24
decoded,30000,0.001,10000,1,1,selected,nonfixed,100,0.36,0.245,0.5384615384615384,0.29333333333333333,0.42,0.51,0.17,36,42,0.36,0.36,0.245,0.36,0.36,0.245,0.37,0.37,0.24,0.37,0.37,0.24
decoded,30000,0.001,10000,1,3,neutral,all,1000,0.0,0.135,1.0,0.0,0.15,0.135,0.001,0,150,0.0,0.0,0.135,0.0,0.0,0.135,0.0,0.0,0.135,0.0,0.0,0.135
decoded,30000,0.001,10000,1,3,selected,all,100,0.28,0.09333333333333332,0.36363636363636365,0.25666666666666665,0.16,0.34,0.17,28,16,0.27,0.27,0.10333333333333332,0.28,0.29,0.08833333333333332,0.29,0.29,0.08833333333333332,0.29,0.29,0.08833333333333332
decoded,30000,0.001,10000,1,3,selected,nonfixed,100,0.28,0.09333333333333332,0.36363636363636365,0.25666666666666665,0.16,0.34,0.17,28,16,0.27,0.27,0.10333333333333332,0.28,0.29,0.08833333333333332,0.29,0.29,0.08833333333333332,0.29,0.29,0.08833333333333332
decoded,30000,0.001,10000,1,5,neutral,all,1000,0.0,0.054,1.0,0.0,0.058,0.054,0.001,0,58,0.0,0.0,0.054,0.0,0.0,0.054,0.0,0.0,0.054,0.0,0.0,0.054
decoded,30000,0.001,10000,1,5,selected,all,100,0.17,0.05166666666666666,0.2916666666666667,0.16166666666666668,0.07,0.21,0.17,17,7,0.17,0.17,0.05166666666666666,0.17,0.17,0.05166666666666666,0.19,0.19,0.03166666666666666,0.19,0.19,0.03166666666666666
decoded,30000,0.001,10000,1,5,selected,nonfixed,100,0.17,0.05166666666666666,0.2916666666666667,0.16166666666666668,0.07,0.21,0.17,17,7,0.17,0.17,0.05166666666666666,0.17,0.17,0.05166666666666666,0.19,0.19,0.03166666666666666,0.19,0.19,0.03166666666666666
decoded,30000,0.001,10000,1,10,neutral,all,1000,0.0,0.007,1.0,0.0,0.007,0.007,0.001,0,7,0.0,0.0,0.007,0.0,0.0,0.007,0.0,0.0,0.007,0.0,0.0,0.007
decoded,30000,0.001,10000,1,10,selected,all,100,0.07,0.01,0.125,0.07,0.01,0.08,0.17,7,1,0.07,0.07,0.01,0.07,0.07,0.01,0.08,0.08,0.0,0.08,0.08,0.0
decoded,30000,0.001,10000,1,10,selected,nonfixed,100,0.07,0.01,0.125,0.07,0.01,0.08,0.17,7,1,0.07,0.07,0.01,0.07,0.07,0.01,0.08,0.08,0.0,0.08,0.08,0.0
decoded,30000,0.001,10000,1,20,neutral,all,1000,0.0,0.001,1.0,0.0,0.001,0.001,0.001,0,1,0.0,0.0,0.001,0.0,0.0,0.001,0.0,0.0,0.001,0.0,0.0,0.001
decoded,30000,0.001,10000,1,20,selected,all,100,0.0,0.0,,0.0,0.0,0.0,0.17,0,0,0.0,0.0,0.0,0.0,0.0,0.0,0.0,0.0,0.0,0.0,0.0,0.0
decoded,30000,0.001,10000,1,20,selected,nonfixed,100,0.0,0.0,,0.0,0.0,0.0,0.17,0,0,0.0,0.0,0.0,0.0,0.0,0.0,0.0,0.0,0.0,0.0,0.0,0.0
decoded,30000,0.001,20000,0,1,neutral,all,1000,0.0,0.229,1.0,0.0,0.289,0.229,0.001,0,289,0.0,0.0,0.229,0.0,0.0,0.229,0.0,0.0,0.229,0.0,0.0,0.229
decoded,30000,0.001,20000,0,1,selected,all,100,0.33,0.23083333333333336,0.547945205479452,0.2656666666666666,0.4,0.47,0.17,33,40,0.31,0.33,0.23083333333333336,0.33,0.33,0.23083333333333336,0.34,0.34,0.22583333333333336,0.34,0.34,0.22583333333333336
decoded,30000,0.001,20000,0,1,selected,nonfixed,100,0.33,0.23083333333333336,0.547945205479452,0.2656666666666666,0.4,0.47,0.17,33,40,0.31,0.33,0.23083333333333336,0.33,0.33,0.23083333333333336,0.34,0.34,0.22583333333333336,0.34,0.34,0.22583333333333336
decoded,30000,0.001,20000,0,3,neutral,all,1000,0.0,0.045,1.0,0.0,0.05,0.045,0.001,0,50,0.0,0.0,0.045,0.0,0.0,0.045,0.0,0.0,0.045,0.0,0.0,0.045
decoded,30000,0.001,20000,0,3,selected,all,100,0.14,0.04666666666666666,0.3,0.135,0.06,0.18,0.17,14,6,0.14,0.14,0.04666666666666666,0.14,0.14,0.04666666666666666,0.15,0.15,0.03666666666666667,0.15,0.15,0.03666666666666667
decoded,30000,0.001,20000,0,3,selected,nonfixed,100,0.14,0.04666666666666666,0.3,0.135,0.06,0.18,0.17,14,6,0.14,0.14,0.04666666666666666,0.14,0.14,0.04666666666666666,0.15,0.15,0.03666666666666667,0.15,0.15,0.03666666666666667
decoded,30000,0.001,20000,0,5,neutral,all,1000,0.0,0.008,1.0,0.0,0.009,0.008,0.001,0,9,0.0,0.0,0.008,0.0,0.0,0.008,0.0,0.0,0.008,0.0,0.0,0.008
decoded,30000,0.001,20000,0,5,selected,all,100,0.08,0.01,0.1111111111111111,0.08,0.01,0.09,0.17,8,1,0.08,0.08,0.01,0.08,0.08,0.01,0.09,0.09,0.0,0.09,0.09,0.0
decoded,30000,0.001,20000,0,5,selected,nonfixed,100,0.08,0.01,0.1111111111111111,0.08,0.01,0.09,0.17,8,1,0.08,0.08,0.01,0.08,0.08,0.01,0.09,0.09,0.0,0.09,0.09,0.0
decoded,30000,0.001,20000,0,10,neutral,all,1000,0.0,0.0,,0.0,0.0,0.0,0.001,0,0,0.0,0.0,0.0,0.0,0.0,0.0,0.0,0.0,0.0,0.0,0.0,0.0
decoded,30000,0.001,20000,0,10,selected,all,100,0.0,0.0,,0.0,0.0,0.0,0.17,0,0,0.0,0.0,0.0,0.0,0.0,0.0,0.0,0.0,0.0,0.0,0.0,0.0
decoded,30000,0.001,20000,0,10,selected,nonfixed,100,0.0,0.0,,0.0,0.0,0.0,0.17,0,0,0.0,0.0,0.0,0.0,0.0,0.0,0.0,0.0,0.0,0.0,0.0,0.0
decoded,30000,0.001,20000,0,20,neutral,all,1000,0.0,0.0,,0.0,0.0,0.0,0.001,0,0,0.0,0.0,0.0,0.0,0.0,0.0,0.0,0.0,0.0,0.0,0.0,0.0
decoded,30000,0.001,20000,0,20,selected,all,100,0.0,0.0,,0.0,0.0,0.0,0.17,0,0,0.0,0.0,0.0,0.0,0.0,0.0,0.0,0.0,0.0,0.0,0.0,0.0
decoded,30000,0.001,20000,0,20,selected,nonfixed,100,0.0,0.0,,0.0,0.0,0.0,0.17,0,0,0.0,0.0,0.0,0.0,0.0,0.0,0.0,0.0,0.0,0.0,0.0,0.0
decoded,30000,0.001,20000,1,1,neutral,all,1000,0.0,0.229,1.0,0.0,0.275,0.229,0.001,0,275,0.0,0.0,0.229,0.0,0.0,0.229,0.0,0.0,0.229,0.0,0.0,0.229
decoded,30000,0.001,20000,1,1,selected,all,100,0.33,0.22,0.5147058823529411,0.275,0.35,0.47,0.17,33,35,0.3,0.33,0.22,0.33,0.33,0.22,0.34,0.34,0.215,0.34,0.34,0.215
decoded,30000,0.001,20000,1,1,selected,nonfixed,100,0.33,0.22,0.5147058823529411,0.275,0.35,0.47,0.17,33,35,0.3,0.33,0.22,0.33,0.33,0.22,0.34,0.34,0.215,0.34,0.34,0.215
decoded,30000,0.001,20000,1,3,neutral,all,1000,0.0,0.047,1.0,0.0,0.051,0.047,0.001,0,51,0.0,0.0,0.047,0.0,0.0,0.047,0.0,0.0,0.047,0.0,0.0,0.047
decoded,30000,0.001,20000,1,3,selected,all,100,0.16,0.05166666666666666,0.30434782608695654,0.15166666666666667,0.07,0.2,0.17,16,7,0.15,0.16,0.05166666666666666,0.16,0.16,0.05166666666666666,0.18,0.18,0.03166666666666666,0.18,0.18,0.03166666666666666
decoded,30000,0.001,20000,1,3,selected,nonfixed,100,0.16,0.05166666666666666,0.30434782608695654,0.15166666666666667,0.07,0.2,0.17,16,7,0.15,0.16,0.05166666666666666,0.16,0.16,0.05166666666666666,0.18,0.18,0.03166666666666666,0.18,0.18,0.03166666666666666
decoded,30000,0.001,20000,1,5,neutral,all,1000,0.0,0.012,1.0,0.0,0.012,0.012,0.001,0,12,0.0,0.0,0.012,0.0,0.0,0.012,0.0,0.0,0.012,0.0,0.0,0.012
decoded,30000,0.001,20000,1,5,selected,all,100,0.08,0.01,0.1111111111111111,0.08,0.01,0.09,0.17,8,1,0.08,0.08,0.01,0.08,0.08,0.01,0.09,0.09,0.0,0.09,0.09,0.0
decoded,30000,0.001,20000,1,5,selected,nonfixed,100,0.08,0.01,0.1111111111111111,0.08,0.01,0.09,0.17,8,1,0.08,0.08,0.01,0.08,0.08,0.01,0.09,0.09,0.0,0.09,0.09,0.0
decoded,30000,0.001,20000,1,10,neutral,all,1000,0.0,0.001,1.0,0.0,0.001,0.001,0.001,0,1,0.0,0.0,0.001,0.0,0.0,0.001,0.0,0.0,0.001,0.0,0.0,0.001
decoded,30000,0.001,20000,1,10,selected,all,100,0.0,0.0,,0.0,0.0,0.0,0.17,0,0,0.0,0.0,0.0,0.0,0.0,0.0,0.0,0.0,0.0,0.0,0.0,0.0
decoded,30000,0.001,20000,1,10,selected,nonfixed,100,0.0,0.0,,0.0,0.0,0.0,0.17,0,0,0.0,0.0,0.0,0.0,0.0,0.0,0.0,0.0,0.0,0.0,0.0,0.0
decoded,30000,0.001,20000,1,20,neutral,all,1000,0.0,0.0,,0.0,0.0,0.0,0.001,0,0,0.0,0.0,0.0,0.0,0.0,0.0,0.0,0.0,0.0,0.0,0.0,0.0
decoded,30000,0.001,20000,1,20,selected,all,100,0.0,0.0,,0.0,0.0,0.0,0.17,0,0,0.0,0.0,0.0,0.0,0.0,0.0,0.0,0.0,0.0,0.0,0.0,0.0
decoded,30000,0.001,20000,1,20,selected,nonfixed,100,0.0,0.0,,0.0,0.0,0.0,0.17,0,0,0.0,0.0,0.0,0.0,0.0,0.0,0.0,0.0,0.0,0.0,0.0,0.0
decoded,30000,0.001,50000,0,1,neutral,all,1000,0.0,0.155,1.0,0.0,0.168,0.155,0.001,0,168,0.0,0.0,0.155,0.0,0.0,0.155,0.0,0.0,0.155,0.0,0.0,0.155
decoded,30000,0.001,50000,0,1,selected,all,100,0.24,0.12666666666666665,0.4418604651162791,0.20833333333333331,0.19,0.32,0.17,24,19,0.23,0.24,0.12666666666666665,0.24,0.24,0.12666666666666665,0.25,0.25,0.11666666666666665,0.25,0.25,0.11666666666666665
decoded,30000,0.001,50000,0,1,selected,nonfixed,100,0.24,0.12666666666666665,0.4418604651162791,0.20833333333333331,0.19,0.32,0.17,24,19,0.23,0.24,0.12666666666666665,0.24,0.24,0.12666666666666665,0.25,0.25,0.11666666666666665,0.25,0.25,0.11666666666666665
decoded,30000,0.001,50000,0,3,neutral,all,1000,0.0,0.007,1.0,0.0,0.007,0.007,0.001,0,7,0.0,0.0,0.007,0.0,0.0,0.007,0.0,0.0,0.007,0.0,0.0,0.007
decoded,30000,0.001,50000,0,3,selected,all,100,0.04,0.0,0.0,0.04,0.0,0.04,0.17,4,0,0.04,0.04,0.0,0.04,0.04,0.0,0.04,0.04,0.0,0.04,0.04,0.0
decoded,30000,0.001,50000,0,3,selected,nonfixed,100,0.04,0.0,0.0,0.04,0.0,0.04,0.17,4,0,0.04,0.04,0.0,0.04,0.04,0.0,0.04,0.04,0.0,0.04,0.04,0.0
decoded,30000,0.001,50000,0,5,neutral,all,1000,0.0,0.0,,0.0,0.0,0.0,0.001,0,0,0.0,0.0,0.0,0.0,0.0,0.0,0.0,0.0,0.0,0.0,0.0,0.0
decoded,30000,0.001,50000,0,5,selected,all,100,0.0,0.0,,0.0,0.0,0.0,0.17,0,0,0.0,0.0,0.0,0.0,0.0,0.0,0.0,0.0,0.0,0.0,0.0,0.0
decoded,30000,0.001,50000,0,5,selected,nonfixed,100,0.0,0.0,,0.0,0.0,0.0,0.17,0,0,0.0,0.0,0.0,0.0,0.0,0.0,0.0,0.0,0.0,0.0,0.0,0.0
decoded,30000,0.001,50000,0,10,neutral,all,1000,0.0,0.0,,0.0,0.0,0.0,0.001,0,0,0.0,0.0,0.0,0.0,0.0,0.0,0.0,0.0,0.0,0.0,0.0,0.0
decoded,30000,0.001,50000,0,10,selected,all,100,0.0,0.0,,0.0,0.0,0.0,0.17,0,0,0.0,0.0,0.0,0.0,0.0,0.0,0.0,0.0,0.0,0.0,0.0,0.0
decoded,30000,0.001,50000,0,10,selected,nonfixed,100,0.0,0.0,,0.0,0.0,0.0,0.17,0,0,0.0,0.0,0.0,0.0,0.0,0.0,0.0,0.0,0.0,0.0,0.0,0.0
decoded,30000,0.001,50000,0,20,neutral,all,1000,0.0,0.0,,0.0,0.0,0.0,0.001,0,0,0.0,0.0,0.0,0.0,0.0,0.0,0.0,0.0,0.0,0.0,0.0,0.0
decoded,30000,0.001,50000,0,20,selected,all,100,0.0,0.0,,0.0,0.0,0.0,0.17,0,0,0.0,0.0,0.0,0.0,0.0,0.0,0.0,0.0,0.0,0.0,0.0,0.0
decoded,30000,0.001,50000,0,20,selected,nonfixed,100,0.0,0.0,,0.0,0.0,0.0,0.17,0,0,0.0,0.0,0.0,0.0,0.0,0.0,0.0,0.0,0.0,0.0,0.0,0.0
decoded,30000,0.001,50000,1,1,neutral,all,1000,0.0,0.155,1.0,0.0,0.168,0.155,0.001,0,168,0.0,0.0,0.155,0.0,0.0,0.155,0.0,0.0,0.155,0.0,0.0,0.155
decoded,30000,0.001,50000,1,1,selected,all,100,0.24,0.12166666666666666,0.4146341463414634,0.21166666666666667,0.17,0.32,0.17,24,17,0.23,0.24,0.12166666666666666,0.24,0.24,0.12166666666666666,0.25,0.25,0.11166666666666666,0.25,0.25,0.11166666666666666
decoded,30000,0.001,50000,1,1,selected,nonfixed,100,0.24,0.12166666666666666,0.4146341463414634,0.21166666666666667,0.17,0.32,0.17,24,17,0.23,0.24,0.12166666666666666,0.24,0.24,0.12166666666666666,0.25,0.25,0.11166666666666666,0.25,0.25,0.11166666666666666
decoded,30000,0.001,50000,1,3,neutral,all,1000,0.0,0.007,1.0,0.0,0.007,0.007,0.001,0,7,0.0,0.0,0.007,0.0,0.0,0.007,0.0,0.0,0.007,0.0,0.0,0.007
decoded,30000,0.001,50000,1,3,selected,all,100,0.04,0.01,0.2,0.04,0.01,0.05,0.17,4,1,0.04,0.04,0.01,0.04,0.04,0.01,0.04,0.04,0.01,0.04,0.04,0.01
decoded,30000,0.001,50000,1,3,selected,nonfixed,100,0.04,0.01,0.2,0.04,0.01,0.05,0.17,4,1,0.04,0.04,0.01,0.04,0.04,0.01,0.04,0.04,0.01,0.04,0.04,0.01
decoded,30000,0.001,50000,1,5,neutral,all,1000,0.0,0.0,,0.0,0.0,0.0,0.001,0,0,0.0,0.0,0.0,0.0,0.0,0.0,0.0,0.0,0.0,0.0,0.0,0.0
decoded,30000,0.001,50000,1,5,selected,all,100,0.0,0.0,,0.0,0.0,0.0,0.17,0,0,0.0,0.0,0.0,0.0,0.0,0.0,0.0,0.0,0.0,0.0,0.0,0.0
decoded,30000,0.001,50000,1,5,selected,nonfixed,100,0.0,0.0,,0.0,0.0,0.0,0.17,0,0,0.0,0.0,0.0,0.0,0.0,0.0,0.0,0.0,0.0,0.0,0.0,0.0
decoded,30000,0.001,50000,1,10,neutral,all,1000,0.0,0.0,,0.0,0.0,0.0,0.001,0,0,0.0,0.0,0.0,0.0,0.0,0.0,0.0,0.0,0.0,0.0,0.0,0.0
decoded,30000,0.001,50000,1,10,selected,all,100,0.0,0.0,,0.0,0.0,0.0,0.17,0,0,0.0,0.0,0.0,0.0,0.0,0.0,0.0,0.0,0.0,0.0,0.0,0.0
decoded,30000,0.001,50000,1,10,selected,nonfixed,100,0.0,0.0,,0.0,0.0,0.0,0.17,0,0,0.0,0.0,0.0,0.0,0.0,0.0,0.0,0.0,0.0,0.0,0.0,0.0
decoded,30000,0.001,50000,1,20,neutral,all,1000,0.0,0.0,,0.0,0.0,0.0,0.001,0,0,0.0,0.0,0.0,0.0,0.0,0.0,0.0,0.0,0.0,0.0,0.0,0.0
decoded,30000,0.001,50000,1,20,selected,all,100,0.0,0.0,,0.0,0.0,0.0,0.17,0,0,0.0,0.0,0.0,0.0,0.0,0.0,0.0,0.0,0.0,0.0,0.0,0.0
decoded,30000,0.001,50000,1,20,selected,nonfixed,100,0.0,0.0,,0.0,0.0,0.0,0.17,0,0,0.0,0.0,0.0,0.0,0.0,0.0,0.0,0.0,0.0,0.0,0.0,0.0
decoded,30000,0.01,10000,0,1,neutral,all,1000,0.0,0.883,1.0,0.0,2.552,0.883,0.01,0,2552,0.0,0.0,0.883,0.0,0.0,0.883,0.0,0.0,0.883,0.0,0.0,0.883
decoded,30000,0.01,10000,0,1,selected,all,100,0.5,0.7448170995670995,0.8366013071895425,0.2567619047619047,2.56,0.94,0.38,50,256,0.47,0.5,0.7429123376623376,0.5,0.51,0.7414837662337661,0.57,0.57,0.7253170995670994,0.59,0.59,0.7169837662337661
decoded,30000,0.01,10000,0,1,selected,nonfixed,100,0.5,0.7448170995670995,0.8366013071895425,0.2567619047619047,2.56,0.94,0.38,50,256,0.47,0.5,0.7429123376623376,0.5,0.51,0.7414837662337661,0.57,0.57,0.7253170995670994,0.59,0.59,0.7169837662337661
decoded,30000,0.01,10000,0,3,neutral,all,1000,0.0,0.761,1.0,0.0,1.55,0.761,0.01,0,1550,0.0,0.0,0.761,0.0,0.0,0.761,0.0,0.0,0.761,0.0,0.0,0.761
decoded,30000,0.01,10000,0,3,selected,all,100,0.47,0.6500714285714285,0.7684729064039408,0.289547619047619,1.56,0.88,0.38,47,156,0.45,0.48,0.6467380952380952,0.47,0.48,0.6467380952380952,0.54,0.54,0.6175714285714284,0.56,0.56,0.5975714285714284
decoded,30000,0.01,10000,0,3,selected,nonfixed,100,0.47,0.6500714285714285,0.7684729064039408,0.289547619047619,1.56,0.88,0.38,47,156,0.45,0.48,0.6467380952380952,0.47,0.48,0.6467380952380952,0.54,0.54,0.6175714285714284,0.56,0.56,0.5975714285714284
decoded,30000,0.01,10000,0,5,neutral,all,1000,0.0,0.519,1.0,0.0,0.79,0.519,0.01,0,790,0.0,0.0,0.519,0.0,0.0,0.519,0.0,0.0,0.519,0.0,0.0,0.519
decoded,30000,0.01,10000,0,5,selected,all,100,0.4,0.38966666666666666,0.6330275229357798,0.315,0.69,0.67,0.38,40,69,0.39,0.41,0.3796666666666667,0.4,0.42,0.3746666666666667,0.47,0.47,0.3396666666666667,0.47,0.47,0.3396666666666667
decoded,30000,0.01,10000,0,5,selected,nonfixed,100,0.4,0.38966666666666666,0.6330275229357798,0.315,0.69,0.67,0.38,40,69,0.39,0.41,0.3796666666666667,0.4,0.42,0.3746666666666667,0.47,0.47,0.3396666666666667,0.47,0.47,0.3396666666666667
decoded,30000,0.01,10000,0,10,neutral,all,1000,0.0,0.129,1.0,0.0,0.148,0.129,0.01,0,148,0.0,0.0,0.129,0.0,0.0,0.129,0.0,0.0,0.129,0.0,0.0,0.129
decoded,30000,0.01,10000,0,10,selected,all,100,0.24,0.10833333333333332,0.38461538461538464,0.22,0.15,0.32,0.38,24,15,0.23,0.25,0.09833333333333333,0.24,0.27,0.07833333333333332,0.29,0.29,0.05833333333333333,0.29,0.29,0.05833333333333333
decoded,30000,0.01,10000,0,10,selected,nonfixed,100,0.24,0.10833333333333332,0.38461538461538464,0.22,0.15,0.32,0.38,24,15,0.23,0.25,0.09833333333333333,0.24,0.27,0.07833333333333332,0.29,0.29,0.05833333333333333,0.29,0.29,0.05833333333333333
decoded,30000,0.01,10000,0,20,neutral,all,1000,0.0,0.012,1.0,0.0,0.012,0.012,0.01,0,12,0.0,0.0,0.012,0.0,0.0,0.012,0.0,0.0,0.012,0.0,0.0,0.012
decoded,30000,0.01,10000,0,20,selected,all,100,0.05,0.005,0.16666666666666666,0.04666666666666666,0.01,0.05,0.38,5,1,0.05,0.05,0.005,0.05,0.05,0.005,0.05,0.05,0.005,0.05,0.05,0.005
decoded,30000,0.01,10000,0,20,selected,nonfixed,100,0.05,0.005,0.16666666666666666,0.04666666666666666,0.01,0.05,0.38,5,1,0.05,0.05,0.005,0.05,0.05,0.005,0.05,0.05,0.005,0.05,0.05,0.005
decoded,30000,0.01,10000,1,1,neutral,all,1000,0.0,0.883,1.0,0.0,2.359,0.883,0.01,0,2359,0.0,0.0,0.883,0.0,0.0,0.883,0.0,0.0,0.883,0.0,0.0,0.883
decoded,30000,0.01,10000,1,1,selected,all,100,0.49,0.7352380952380951,0.8211678832116789,0.2673730158730158,2.25,0.94,0.38,49,225,0.47,0.5,0.7319047619047617,0.49,0.51,0.7299047619047618,0.57,0.57,0.7134047619047618,0.59,0.59,0.7034047619047619
decoded,30000,0.01,10000,1,1,selected,nonfixed,100,0.49,0.7352380952380951,0.8211678832116789,0.2673730158730158,2.25,0.94,0.38,49,225,0.47,0.5,0.7319047619047617,0.49,0.51,0.7299047619047618,0.57,0.57,0.7134047619047618,0.59,0.59,0.7034047619047619
decoded,30000,0.01,10000,1,3,neutral,all,1000,0.0,0.766,1.0,0.0,1.533,0.766,0.01,0,1533,0.0,0.0,0.766,0.0,0.0,0.766,0.0,0.0,0.766,0.0,0.0,0.766
decoded,30000,0.01,10000,1,3,selected,all,100,0.47,0.6466666666666666,0.7614213197969543,0.29352380952380946,1.5,0.88,0.38,47,150,0.45,0.48,0.6433333333333333,0.47,0.49,0.6333333333333333,0.54,0.54,0.6133333333333332,0.56,0.56,0.5983333333333332
decoded,30000,0.01,10000,1,3,selected,nonfixed,100,0.47,0.6466666666666666,0.7614213197969543,0.29352380952380946,1.5,0.88,0.38,47,150,0.45,0.48,0.6433333333333333,0.47,0.49,0.6333333333333333,0.54,0.54,0.6133333333333332,0.56,0.56,0.5983333333333332
decoded,30000,0.01,10000,1,5,neutral,all,1000,0.0,0.536,1.0,0.0,0.818,0.536,0.01,0,818,0.0,0.0,0.536,0.0,0.0,0.536,0.0,0.0,0.536,0.0,0.0,0.536
decoded,30000,0.01,10000,1,5,selected,all,100,0.4,0.38966666666666666,0.6330275229357798,0.31499999999999995,0.69,0.67,0.38,40,69,0.39,0.41,0.3796666666666667,0.4,0.43,0.3646666666666667,0.47,0.47,0.3396666666666667,0.47,0.47,0.3396666666666667
decoded,30000,0.01,10000,1,5,selected,nonfixed,100,0.4,0.38966666666666666,0.6330275229357798,0.31499999999999995,0.69,0.67,0.38,40,69,0.39,0.41,0.3796666666666667,0.4,0.43,0.3646666666666667,0.47,0.47,0.3396666666666667,0.47,0.47,0.3396666666666667
decoded,30000,0.01,10000,1,10,neutral,all,1000,0.0,0.147,1.0,0.0,0.168,0.147,0.01,0,168,0.0,0.0,0.147,0.0,0.0,0.147,0.0,0.0,0.147,0.0,0.0,0.147
decoded,30000,0.01,10000,1,10,selected,all,100,0.27,0.12166666666666666,0.37209302325581395,0.2483333333333333,0.16,0.36,0.38,27,16,0.26,0.28,0.11166666666666666,0.27,0.3,0.09166666666666666,0.32,0.32,0.07166666666666666,0.32,0.32,0.07166666666666666
decoded,30000,0.01,10000,1,10,selected,nonfixed,100,0.27,0.12166666666666666,0.37209302325581395,0.2483333333333333,0.16,0.36,0.38,27,16,0.26,0.28,0.11166666666666666,0.27,0.3,0.09166666666666666,0.32,0.32,0.07166666666666666,0.32,0.32,0.07166666666666666
decoded,30000,0.01,10000,1,20,neutral,all,1000,0.0,0.013,1.0,0.0,0.013,0.013,0.01,0,13,0.0,0.0,0.013,0.0,0.0,0.013,0.0,0.0,0.013,0.0,0.0,0.013
decoded,30000,0.01,10000,1,20,selected,all,100,0.06,0.005,0.14285714285714285,0.056666666666666664,0.01,0.06,0.38,6,1,0.06,0.06,0.005,0.06,0.06,0.005,0.06,0.06,0.005,0.06,0.06,0.005
decoded,30000,0.01,10000,1,20,selected,nonfixed,100,0.06,0.005,0.14285714285714285,0.056666666666666664,0.01,0.06,0.38,6,1,0.06,0.06,0.005,0.06,0.06,0.005,0.06,0.06,0.005,0.06,0.06,0.005
decoded,30000,0.01,20000,0,1,neutral,all,1000,0.0,0.86,1.0,0.0,2.144,0.86,0.01,0,2144,0.0,0.0,0.86,0.0,0.0,0.86,0.0,0.0,0.86,0.0,0.0,0.86
decoded,30000,0.01,20000,0,1,selected,all,100,0.48,0.723376984126984,0.8102766798418972,0.2772460317460317,2.05,0.94,0.38,48,205,0.43,0.48,0.7250436507936507,0.48,0.49,0.7200436507936507,0.56,0.56,0.6923769841269842,0.58,0.58,0.6773769841269841
decoded,30000,0.01,20000,0,1,selected,nonfixed,100,0.48,0.723376984126984,0.8102766798418972,0.2772460317460317,2.05,0.94,0.38,48,205,0.43,0.48,0.7250436507936507,0.48,0.49,0.7200436507936507,0.56,0.56,0.6923769841269842,0.58,0.58,0.6773769841269841
decoded,30000,0.01,20000,0,3,neutral,all,1000,0.0,0.479,1.0,0.0,0.674,0.479,0.01,0,674,0.0,0.0,0.479,0.0,0.0,0.479,0.0,0.0,0.479,0.0,0.0,0.479
decoded,30000,0.01,20000,0,3,selected,all,100,0.39,0.3413333333333333,0.5894736842105263,0.3183333333333333,0.56,0.63,0.38,39,56,0.35,0.4,0.3313333333333333,0.39,0.41,0.3213333333333333,0.44,0.44,0.29633333333333334,0.44,0.44,0.29633333333333334
decoded,30000,0.01,20000,0,3,selected,nonfixed,100,0.39,0.3413333333333333,0.5894736842105263,0.3183333333333333,0.56,0.63,0.38,39,56,0.35,0.4,0.3313333333333333,0.39,0.41,0.3213333333333333,0.44,0.44,0.29633333333333334,0.44,0.44,0.29633333333333334
decoded,30000,0.01,20000,0,5,neutral,all,1000,0.0,0.17,1.0,0.0,0.199,0.17,0.01,0,199,0.0,0.0,0.17,0.0,0.0,0.17,0.0,0.0,0.17,0.0,0.0,0.17
decoded,30000,0.01,20000,0,5,selected,all,100,0.26,0.1383333333333333,0.4090909090909091,0.24,0.18,0.37,0.38,26,18,0.23,0.27,0.12833333333333333,0.26,0.29,0.10833333333333332,0.31,0.31,0.08833333333333332,0.31,0.31,0.08833333333333332
decoded,30000,0.01,20000,0,5,selected,nonfixed,100,0.26,0.1383333333333333,0.4090909090909091,0.24,0.18,0.37,0.38,26,18,0.23,0.27,0.12833333333333333,0.26,0.29,0.10833333333333332,0.31,0.31,0.08833333333333332,0.31,0.31,0.08833333333333332
decoded,30000,0.01,20000,0,10,neutral,all,1000,0.0,0.012,1.0,0.0,0.012,0.012,0.01,0,12,0.0,0.0,0.012,0.0,0.0,0.012,0.0,0.0,0.012,0.0,0.0,0.012
decoded,30000,0.01,20000,0,10,selected,all,100,0.07,0.005,0.125,0.06666666666666667,0.01,0.07,0.38,7,1,0.07,0.07,0.005,0.07,0.07,0.005,0.07,0.07,0.005,0.07,0.07,0.005
decoded,30000,0.01,20000,0,10,selected,nonfixed,100,0.07,0.005,0.125,0.06666666666666667,0.01,0.07,0.38,7,1,0.07,0.07,0.005,0.07,0.07,0.005,0.07,0.07,0.005,0.07,0.07,0.005
decoded,30000,0.01,20000,0,20,neutral,all,1000,0.0,0.0,,0.0,0.0,0.0,0.01,0,0,0.0,0.0,0.0,0.0,0.0,0.0,0.0,0.0,0.0,0.0,0.0,0.0
decoded,30000,0.01,20000,0,20,selected,all,100,0.0,0.0,,0.0,0.0,0.0,0.38,0,0,0.0,0.0,0.0,0.0,0.0,0.0,0.0,0.0,0.0,0.0,0.0,0.0
decoded,30000,0.01,20000,0,20,selected,nonfixed,100,0.0,0.0,,0.0,0.0,0.0,0.38,0,0,0.0,0.0,0.0,0.0,0.0,0.0,0.0,0.0,0.0,0.0,0.0,0.0
decoded,30000,0.01,20000,1,1,neutral,all,1000,0.0,0.86,1.0,0.0,2.035,0.86,0.01,0,2035,0.0,0.0,0.86,0.0,0.0,0.86,0.0,0.0,0.86,0.0,0.0,0.86
decoded,30000,0.01,20000,1,1,selected,all,100,0.47,0.7127500000000001,0.7991452991452992,0.2861269841269841,1.87,0.94,0.38,47,187,0.41,0.48,0.7119166666666666,0.47,0.49,0.7069166666666666,0.56,0.56,0.6765833333333333,0.58,0.58,0.6615833333333333
decoded,30000,0.01,20000,1,1,selected,nonfixed,100,0.47,0.7127500000000001,0.7991452991452992,0.2861269841269841,1.87,0.94,0.38,47,187,0.41,0.48,0.7119166666666666,0.47,0.49,0.7069166666666666,0.56,0.56,0.6765833333333333,0.58,0.58,0.6615833333333333
decoded,30000,0.01,20000,1,3,neutral,all,1000,0.0,0.5,1.0,0.0,0.7,0.5,0.01,0,700,0.0,0.0,0.5,0.0,0.0,0.5,0.0,0.0,0.5,0.0,0.0,0.5
decoded,30000,0.01,20000,1,3,selected,all,100,0.39,0.353,0.5851063829787234,0.325,0.55,0.65,0.38,39,55,0.34,0.41,0.33299999999999996,0.39,0.41,0.33299999999999996,0.44,0.44,0.308,0.44,0.44,0.308
decoded,30000,0.01,20000,1,3,selected,nonfixed,100,0.39,0.353,0.5851063829787234,0.325,0.55,0.65,0.38,39,55,0.34,0.41,0.33299999999999996,0.39,0.41,0.33299999999999996,0.44,0.44,0.308,0.44,0.44,0.308
decoded,30000,0.01,20000,1,5,neutral,all,1000,0.0,0.184,1.0,0.0,0.216,0.184,0.01,0,216,0.0,0.0,0.184,0.0,0.0,0.184,0.0,0.0,0.184,0.0,0.0,0.184
decoded,30000,0.01,20000,1,5,selected,all,100,0.26,0.13666666666666666,0.38095238095238093,0.2483333333333333,0.16,0.38,0.38,26,16,0.23,0.29,0.10666666666666666,0.26,0.29,0.10666666666666666,0.31,0.31,0.08666666666666666,0.31,0.31,0.08666666666666666
decoded,30000,0.01,20000,1,5,selected,nonfixed,100,0.26,0.13666666666666666,0.38095238095238093,0.2483333333333333,0.16,0.38,0.38,26,16,0.23,0.29,0.10666666666666666,0.26,0.29,0.10666666666666666,0.31,0.31,0.08666666666666666,0.31,0.31,0.08666666666666666
decoded,30000,0.01,20000,1,10,neutral,all,1000,0.0,0.016,1.0,0.0,0.016,0.016,0.01,0,16,0.0,0.0,0.016,0.0,0.0,0.016,0.0,0.0,0.016,0.0,0.0,0.016
decoded,30000,0.01,20000,1,10,selected,all,100,0.11,0.005,0.08333333333333333,0.10666666666666666,0.01,0.11,0.38,11,1,0.1,0.11,0.005,0.11,0.11,0.005,0.11,0.11,0.005,0.11,0.11,0.005
decoded,30000,0.01,20000,1,10,selected,nonfixed,100,0.11,0.005,0.08333333333333333,0.10666666666666666,0.01,0.11,0.38,11,1,0.1,0.11,0.005,0.11,0.11,0.005,0.11,0.11,0.005,0.11,0.11,0.005
decoded,30000,0.01,20000,1,20,neutral,all,1000,0.0,0.0,,0.0,0.0,0.0,0.01,0,0,0.0,0.0,0.0,0.0,0.0,0.0,0.0,0.0,0.0,0.0,0.0,0.0
decoded,30000,0.01,20000,1,20,selected,all,100,0.0,0.0,,0.0,0.0,0.0,0.38,0,0,0.0,0.0,0.0,0.0,0.0,0.0,0.0,0.0,0.0,0.0,0.0,0.0
decoded,30000,0.01,20000,1,20,selected,nonfixed,100,0.0,0.0,,0.0,0.0,0.0,0.38,0,0,0.0,0.0,0.0,0.0,0.0,0.0,0.0,0.0,0.0,0.0,0.0,0.0
decoded,30000,0.01,50000,0,1,neutral,all,1000,0.0,0.76,1.0,0.0,1.486,0.76,0.01,0,1486,0.0,0.0,0.76,0.0,0.0,0.76,0.0,0.0,0.76,0.0,0.0,0.76
decoded,30000,0.01,50000,0,1,selected,all,100,0.46,0.6199047619047618,0.7653061224489796,0.2887380952380952,1.5,0.85,0.38,46,150,0.43,0.46,0.6199047619047618,0.46,0.47,0.6149047619047618,0.52,0.53,0.5849047619047618,0.55,0.55,0.5774047619047619
decoded,30000,0.01,50000,0,1,selected,nonfixed,100,0.46,0.6199047619047618,0.7653061224489796,0.2887380952380952,1.5,0.85,0.38,46,150,0.43,0.46,0.6199047619047618,0.46,0.47,0.6149047619047618,0.52,0.53,0.5849047619047618,0.55,0.55,0.5774047619047619
decoded,30000,0.01,50000,0,3,neutral,all,1000,0.0,0.083,1.0,0.0,0.091,0.083,0.01,0,91,0.0,0.0,0.083,0.0,0.0,0.083,0.0,0.0,0.083,0.0,0.0,0.083
decoded,30000,0.01,50000,0,3,selected,all,100,0.15,0.08666666666666666,0.4,0.145,0.1,0.23,0.38,15,10,0.12,0.15,0.08666666666666666,0.15,0.16,0.07666666666666666,0.18,0.19,0.04666666666666666,0.19,0.19,0.04666666666666666
decoded,30000,0.01,50000,0,3,selected,nonfixed,100,0.15,0.08666666666666666,0.4,0.145,0.1,0.23,0.38,15,10,0.12,0.15,0.08666666666666666,0.15,0.16,0.07666666666666666,0.18,0.19,0.04666666666666666,0.19,0.19,0.04666666666666666
decoded,30000,0.01,50000,0,5,neutral,all,1000,0.0,0.011,1.0,0.0,0.011,0.011,0.01,0,11,0.0,0.0,0.011,0.0,0.0,0.011,0.0,0.0,0.011,0.0,0.0,0.011
decoded,30000,0.01,50000,0,5,selected,all,100,0.04,0.0,0.0,0.04,0.0,0.04,0.38,4,0,0.04,0.04,0.0,0.04,0.04,0.0,0.04,0.04,0.0,0.04,0.04,0.0
decoded,30000,0.01,50000,0,5,selected,nonfixed,100,0.04,0.0,0.0,0.04,0.0,0.04,0.38,4,0,0.04,0.04,0.0,0.04,0.04,0.0,0.04,0.04,0.0,0.04,0.04,0.0
decoded,30000,0.01,50000,0,10,neutral,all,1000,0.0,0.0,,0.0,0.0,0.0,0.01,0,0,0.0,0.0,0.0,0.0,0.0,0.0,0.0,0.0,0.0,0.0,0.0,0.0
decoded,30000,0.01,50000,0,10,selected,all,100,0.0,0.0,,0.0,0.0,0.0,0.38,0,0,0.0,0.0,0.0,0.0,0.0,0.0,0.0,0.0,0.0,0.0,0.0,0.0
decoded,30000,0.01,50000,0,10,selected,nonfixed,100,0.0,0.0,,0.0,0.0,0.0,0.38,0,0,0.0,0.0,0.0,0.0,0.0,0.0,0.0,0.0,0.0,0.0,0.0,0.0
decoded,30000,0.01,50000,0,20,neutral,all,1000,0.0,0.0,,0.0,0.0,0.0,0.01,0,0,0.0,0.0,0.0,0.0,0.0,0.0,0.0,0.0,0.0,0.0,0.0,0.0
decoded,30000,0.01,50000,0,20,selected,all,100,0.0,0.0,,0.0,0.0,0.0,0.38,0,0,0.0,0.0,0.0,0.0,0.0,0.0,0.0,0.0,0.0,0.0,0.0,0.0
decoded,30000,0.01,50000,0,20,selected,nonfixed,100,0.0,0.0,,0.0,0.0,0.0,0.38,0,0,0.0,0.0,0.0,0.0,0.0,0.0,0.0,0.0,0.0,0.0,0.0,0.0
decoded,30000,0.01,50000,1,1,neutral,all,1000,0.0,0.76,1.0,0.0,1.433,0.76,0.01,0,1433,0.0,0.0,0.76,0.0,0.0,0.76,0.0,0.0,0.76,0.0,0.0,0.76
decoded,30000,0.01,50000,1,1,selected,all,100,0.46,0.6117380952380952,0.7472527472527473,0.2973571428571428,1.36,0.85,0.38,46,136,0.43,0.46,0.6117380952380952,0.46,0.47,0.6067380952380952,0.52,0.53,0.5767380952380953,0.55,0.55,0.5692380952380952
decoded,30000,0.01,50000,1,1,selected,nonfixed,100,0.46,0.6117380952380952,0.7472527472527473,0.2973571428571428,1.36,0.85,0.38,46,136,0.43,0.46,0.6117380952380952,0.46,0.47,0.6067380952380952,0.52,0.53,0.5767380952380953,0.55,0.55,0.5692380952380952
decoded,30000,0.01,50000,1,3,neutral,all,1000,0.0,0.097,1.0,0.0,0.106,0.097,0.01,0,106,0.0,0.0,0.097,0.0,0.0,0.097,0.0,0.0,0.097,0.0,0.0,0.097
decoded,30000,0.01,50000,1,3,selected,all,100,0.19,0.10166666666666666,0.3870967741935484,0.18166666666666664,0.12,0.28,0.38,19,12,0.16,0.19,0.10166666666666666,0.19,0.2,0.09166666666666666,0.21,0.22,0.07166666666666666,0.22,0.22,0.07166666666666666
decoded,30000,0.01,50000,1,3,selected,nonfixed,100,0.19,0.10166666666666666,0.3870967741935484,0.18166666666666664,0.12,0.28,0.38,19,12,0.16,0.19,0.10166666666666666,0.19,0.2,0.09166666666666666,0.21,0.22,0.07166666666666666,0.22,0.22,0.07166666666666666
decoded,30000,0.01,50000,1,5,neutral,all,1000,0.0,0.014,1.0,0.0,0.014,0.014,0.01,0,14,0.0,0.0,0.014,0.0,0.0,0.014,0.0,0.0,0.014,0.0,0.0,0.014
decoded,30000,0.01,50000,1,5,selected,all,100,0.06,0.01,0.14285714285714285,0.06,0.01,0.07,0.38,6,1,0.05,0.06,0.01,0.06,0.06,0.01,0.06,0.06,0.01,0.06,0.06,0.01
decoded,30000,0.01,50000,1,5,selected,nonfixed,100,0.06,0.01,0.14285714285714285,0.06,0.01,0.07,0.38,6,1,0.05,0.06,0.01,0.06,0.06,0.01,0.06,0.06,0.01,0.06,0.06,0.01
decoded,30000,0.01,50000,1,10,neutral,all,1000,0.0,0.0,,0.0,0.0,0.0,0.01,0,0,0.0,0.0,0.0,0.0,0.0,0.0,0.0,0.0,0.0,0.0,0.0,0.0
decoded,30000,0.01,50000,1,10,selected,all,100,0.0,0.0,,0.0,0.0,0.0,0.38,0,0,0.0,0.0,0.0,0.0,0.0,0.0,0.0,0.0,0.0,0.0,0.0,0.0
decoded,30000,0.01,50000,1,10,selected,nonfixed,100,0.0,0.0,,0.0,0.0,0.0,0.38,0,0,0.0,0.0,0.0,0.0,0.0,0.0,0.0,0.0,0.0,0.0,0.0,0.0
decoded,30000,0.01,50000,1,20,neutral,all,1000,0.0,0.0,,0.0,0.0,0.0,0.01,0,0,0.0,0.0,0.0,0.0,0.0,0.0,0.0,0.0,0.0,0.0,0.0,0.0
decoded,30000,0.01,50000,1,20,selected,all,100,0.0,0.0,,0.0,0.0,0.0,0.38,0,0,0.0,0.0,0.0,0.0,0.0,0.0,0.0,0.0,0.0,0.0,0.0,0.0
decoded,30000,0.01,50000,1,20,selected,nonfixed,100,0.0,0.0,,0.0,0.0,0.0,0.38,0,0,0.0,0.0,0.0,0.0,0.0,0.0,0.0,0.0,0.0,0.0,0.0,0.0
decoded,30000,0.05,10000,0,1,neutral,all,1000,0.0,1.0,1.0,0.0,10.745,1.0,0.05,0,10745,0.0,0.0,1.0,0.0,0.0,1.0,0.0,0.0,1.0,0.0,0.0,1.0
decoded,30000,0.05,10000,0,1,selected,all,100,0.7,0.9313740988801361,0.9393939393939394,0.12266593428930891,10.85,1.0,0.6,70,1085,0.64,0.71,0.930826479832517,0.7,0.75,0.9277014798325169,0.79,0.79,0.9240010830071202,0.82,0.82,0.9204961810463358
decoded,30000,0.05,10000,0,1,selected,nonfixed,100,0.7,0.9313740988801361,0.9393939393939394,0.12266593428930891,10.85,1.0,0.6,70,1085,0.64,0.71,0.930826479832517,0.7,0.75,0.9277014798325169,0.79,0.79,0.9240010830071202,0.82,0.82,0.9204961810463358
decoded,30000,0.05,10000,0,3,neutral,all,1000,0.0,1.0,1.0,0.0,6.973,1.0,0.05,0,6973,0.0,0.0,1.0,0.0,0.0,1.0,0.0,0.0,1.0,0.0,0.0,1.0
decoded,30000,0.05,10000,0,3,selected,all,100,0.64,0.9069848762348763,0.9140939597315436,0.15906154956154955,6.81,1.0,0.6,64,681,0.58,0.66,0.9061515429015431,0.64,0.7,0.9002156454656456,0.74,0.74,0.8949973914973915,0.76,0.77,0.8863307248307248
decoded,30000,0.05,10000,0,3,selected,nonfixed,100,0.64,0.9069848762348763,0.9140939597315436,0.15906154956154955,6.81,1.0,0.6,64,681,0.58,0.66,0.9061515429015431,0.64,0.7,0.9002156454656456,0.74,0.74,0.8949973914973915,0.76,0.77,0.8863307248307248
decoded,30000,0.05,10000,0,5,neutral,all,1000,0.0,0.975,1.0,0.0,4.003,0.975,0.05,0,4003,0.0,0.0,0.975,0.0,0.0,0.975,0.0,0.0,0.975,0.0,0.0,0.975
decoded,30000,0.05,10000,0,5,selected,all,100,0.57,0.8436468253968255,0.8671328671328671,0.2296899766899767,3.72,1.0,0.6,57,372,0.52,0.6,0.8379801587301587,0.57,0.63,0.8310357142857143,0.66,0.66,0.8240357142857142,0.69,0.71,0.8061071428571428
decoded,30000,0.05,10000,0,5,selected,nonfixed,100,0.57,0.8436468253968255,0.8671328671328671,0.2296899766899767,3.72,1.0,0.6,57,372,0.52,0.6,0.8379801587301587,0.57,0.63,0.8310357142857143,0.66,0.66,0.8240357142857142,0.69,0.71,0.8061071428571428
decoded,30000,0.05,10000,0,10,neutral,all,1000,0.0,0.652,1.0,0.0,1.073,0.652,0.05,0,1073,0.0,0.0,0.652,0.0,0.0,0.652,0.0,0.0,0.652,0.0,0.0,0.652
decoded,30000,0.05,10000,0,10,selected,all,100,0.38,0.4821666666666667,0.7164179104477612,0.27685714285714286,0.96,0.72,0.6,38,96,0.35,0.42,0.4471666666666667,0.38,0.47,0.4155,0.48,0.49,0.39549999999999996,0.49,0.5,0.39216666666666666
decoded,30000,0.05,10000,0,10,selected,nonfixed,100,0.38,0.4821666666666667,0.7164179104477612,0.27685714285714286,0.96,0.72,0.6,38,96,0.35,0.42,0.4471666666666667,0.38,0.47,0.4155,0.48,0.49,0.39549999999999996,0.49,0.5,0.39216666666666666
decoded,30000,0.05,10000,0,20,neutral,all,1000,0.0,0.124,1.0,0.0,0.133,0.124,0.05,0,133,0.0,0.0,0.124,0.0,0.0,0.124,0.0,0.0,0.124,0.0,0.0,0.124
decoded,30000,0.05,10000,0,20,selected,all,100,0.17,0.09666666666666666,0.43333333333333335,0.15833333333333333,0.13,0.25,0.6,17,13,0.16,0.2,0.06666666666666667,0.17,0.22,0.04666666666666666,0.22,0.22,0.04666666666666666,0.22,0.22,0.04666666666666666
decoded,30000,0.05,10000,0,20,selected,nonfixed,100,0.17,0.09666666666666666,0.43333333333333335,0.15833333333333333,0.13,0.25,0.6,17,13,0.16,0.2,0.06666666666666667,0.17,0.22,0.04666666666666666,0.22,0.22,0.04666666666666666,0.22,0.22,0.04666666666666666
decoded,30000,0.05,10000,1,1,neutral,all,1000,0.0,1.0,1.0,0.0,9.768,1.0,0.05,0,9768,0.0,0.0,1.0,0.0,0.0,1.0,0.0,0.0,1.0,0.0,0.0,1.0
decoded,30000,0.05,10000,1,1,selected,all,100,0.69,0.9252143701391412,0.9331395348837209,0.13257653251461302,9.63,1.0,0.6,69,963,0.64,0.71,0.9237417871665583,0.69,0.75,0.9200707914955628,0.79,0.79,0.915892469817241,0.82,0.82,0.9121305650553362
decoded,30000,0.05,10000,1,1,selected,nonfixed,100,0.69,0.9252143701391412,0.9331395348837209,0.13257653251461302,9.63,1.0,0.6,69,963,0.64,0.71,0.9237417871665583,0.69,0.75,0.9200707914955628,0.79,0.79,0.915892469817241,0.82,0.82,0.9121305650553362
decoded,30000,0.05,10000,1,3,neutral,all,1000,0.0,1.0,1.0,0.0,6.811,1.0,0.05,0,6811,0.0,0.0,1.0,0.0,0.0,1.0,0.0,0.0,1.0,0.0,0.0,1.0
decoded,30000,0.05,10000,1,3,selected,all,100,0.64,0.9057249139749142,0.9133964817320703,0.16103846153846152,6.75,1.0,0.6,64,675,0.6,0.67,0.9032804695304697,0.64,0.71,0.898018564768565,0.75,0.75,0.8931177711177714,0.77,0.77,0.8864511044511048
decoded,30000,0.05,10000,1,3,selected,nonfixed,100,0.64,0.9057249139749142,0.9133964817320703,0.16103846153846152,6.75,1.0,0.6,64,675,0.6,0.67,0.9032804695304697,0.64,0.71,0.898018564768565,0.75,0.75,0.8931177711177714,0.77,0.77,0.8864511044511048
decoded,30000,0.05,10000,1,5,neutral,all,1000,0.0,0.976,1.0,0.0,4.092,0.976,0.05,0,4092,0.0,0.0,0.976,0.0,0.0,0.976,0.0,0.0,0.976,0.0,0.0,0.976
decoded,30000,0.05,10000,1,5,selected,all,100,0.58,0.8447016594516594,0.8678815489749431,0.23099206349206347,3.81,1.0,0.6,58,381,0.55,0.62,0.8368683261183262,0.58,0.65,0.8302849927849928,0.68,0.68,0.8241183261183259,0.7,0.71,0.8106897546897546
decoded,30000,0.05,10000,1,5,selected,nonfixed,100,0.58,0.8447016594516594,0.8678815489749431,0.23099206349206347,3.81,1.0,0.6,58,381,0.55,0.62,0.8368683261183262,0.58,0.65,0.8302849927849928,0.68,0.68,0.8241183261183259,0.7,0.71,0.8106897546897546
decoded,30000,0.05,10000,1,10,neutral,all,1000,0.0,0.702,1.0,0.0,1.21,0.702,0.05,0,1210,0.0,0.0,0.702,0.0,0.0,0.702,0.0,0.0,0.702,0.0,0.0,0.702
decoded,30000,0.05,10000,1,10,selected,all,100,0.39,0.548,0.7364864864864865,0.27385714285714285,1.09,0.78,0.6,39,109,0.36,0.43,0.5146666666666667,0.39,0.48,0.483,0.49,0.5,0.46299999999999997,0.5,0.51,0.46049999999999996
decoded,30000,0.05,10000,1,10,selected,nonfixed,100,0.39,0.548,0.7364864864864865,0.27385714285714285,1.09,0.78,0.6,39,109,0.36,0.43,0.5146666666666667,0.39,0.48,0.483,0.49,0.5,0.46299999999999997,0.5,0.51,0.46049999999999996
decoded,30000,0.05,10000,1,20,neutral,all,1000,0.0,0.148,1.0,0.0,0.16,0.148,0.05,0,160,0.0,0.0,0.148,0.0,0.0,0.148,0.0,0.0,0.148,0.0,0.0,0.148
decoded,30000,0.05,10000,1,20,selected,all,100,0.18,0.11666666666666665,0.45454545454545453,0.16833333333333333,0.15,0.28,0.6,18,15,0.17,0.21,0.08666666666666666,0.18,0.23,0.06666666666666667,0.23,0.23,0.06666666666666667,0.23,0.23,0.06666666666666667
decoded,30000,0.05,10000,1,20,selected,nonfixed,100,0.18,0.11666666666666665,0.45454545454545453,0.16833333333333333,0.15,0.28,0.6,18,15,0.17,0.21,0.08666666666666666,0.18,0.23,0.06666666666666667,0.23,0.23,0.06666666666666667,0.23,0.23,0.06666666666666667
decoded,30000,0.05,20000,0,1,neutral,all,1000,0.0,1.0,1.0,0.0,9.178,1.0,0.05,0,9178,0.0,0.0,1.0,0.0,0.0,1.0,0.0,0.0,1.0,0.0,0.0,1.0
decoded,30000,0.05,20000,0,1,selected,all,100,0.69,0.92124758269766,0.9291581108829569,0.138929372914667,9.05,1.0,0.6,69,905,0.6,0.71,0.9198867213367987,0.69,0.74,0.9165778080278854,0.77,0.77,0.9142060131560906,0.81,0.81,0.9081822036322811
decoded,30000,0.05,20000,0,1,selected,nonfixed,100,0.69,0.92124758269766,0.9291581108829569,0.138929372914667,9.05,1.0,0.6,69,905,0.6,0.71,0.9198867213367987,0.69,0.74,0.9165778080278854,0.77,0.77,0.9142060131560906,0.81,0.81,0.9081822036322811
decoded,30000,0.05,20000,0,3,neutral,all,1000,0.0,0.96,1.0,0.0,3.578,0.96,0.05,0,3578,0.0,0.0,0.96,0.0,0.0,0.96,0.0,0.0,0.96,0.0,0.0,0.96
decoded,30000,0.05,20000,0,3,selected,all,100,0.56,0.8203412698412699,0.8514588859416445,0.24454834054834054,3.21,0.99,0.6,56,321,0.48,0.6,0.8103412698412699,0.56,0.63,0.8014126984126984,0.66,0.66,0.7949126984126983,0.68,0.69,0.7804126984126983
decoded,30000,0.05,20000,0,3,selected,nonfixed,100,0.56,0.8203412698412699,0.8514588859416445,0.24454834054834054,3.21,0.99,0.6,56,321,0.48,0.6,0.8103412698412699,0.56,0.63,0.8014126984126984,0.66,0.66,0.7949126984126983,0.68,0.69,0.7804126984126983
decoded,30000,0.05,20000,0,5,neutral,all,1000,0.0,0.727,1.0,0.0,1.3,0.727,0.05,0,1300,0.0,0.0,0.727,0.0,0.0,0.727,0.0,0.0,0.727,0.0,0.0,0.727
decoded,30000,0.05,20000,0,5,selected,all,100,0.39,0.5651666666666667,0.743421052631579,0.2685238095238095,1.13,0.79,0.6,39,113,0.33,0.42,0.5376666666666666,0.39,0.48,0.5035,0.49,0.5,0.48349999999999993,0.5,0.51,0.48016666666666663
decoded,30000,0.05,20000,0,5,selected,nonfixed,100,0.39,0.5651666666666667,0.743421052631579,0.2685238095238095,1.13,0.79,0.6,39,113,0.33,0.42,0.5376666666666666,0.39,0.48,0.5035,0.49,0.5,0.48349999999999993,0.5,0.51,0.48016666666666663
decoded,30000,0.05,20000,0,10,neutral,all,1000,0.0,0.146,1.0,0.0,0.16,0.146,0.05,0,160,0.0,0.0,0.146,0.0,0.0,0.146,0.0,0.0,0.146,0.0,0.0,0.146
decoded,30000,0.05,20000,0,10,selected,all,100,0.2,0.13666666666666666,0.4594594594594595,0.18833333333333332,0.17,0.32,0.6,20,17,0.18,0.23,0.10666666666666666,0.2,0.25,0.08666666666666666,0.25,0.25,0.08666666666666666,0.25,0.25,0.08666666666666666
decoded,30000,0.05,20000,0,10,selected,nonfixed,100,0.2,0.13666666666666666,0.4594594594594595,0.18833333333333332,0.17,0.32,0.6,20,17,0.18,0.23,0.10666666666666666,0.2,0.25,0.08666666666666666,0.25,0.25,0.08666666666666666,0.25,0.25,0.08666666666666666
decoded,30000,0.05,20000,0,20,neutral,all,1000,0.0,0.007,1.0,0.0,0.007,0.007,0.05,0,7,0.0,0.0,0.007,0.0,0.0,0.007,0.0,0.0,0.007,0.0,0.0,0.007
decoded,30000,0.05,20000,0,20,selected,all,100,0.01,0.01,0.5,0.01,0.01,0.02,0.6,1,1,0.01,0.02,0.0,0.01,0.02,0.0,0.02,0.02,0.0,0.02,0.02,0.0
decoded,30000,0.05,20000,0,20,selected,nonfixed,100,0.01,0.01,0.5,0.01,0.01,0.02,0.6,1,1,0.01,0.02,0.0,0.01,0.02,0.0,0.02,0.02,0.0,0.02,0.02,0.0
decoded,30000,0.05,20000,1,1,neutral,all,1000,0.0,1.0,1.0,0.0,8.431,1.0,0.05,0,8431,0.0,0.0,1.0,0.0,0.0,1.0,0.0,0.0,1.0,0.0,0.0,1.0
decoded,30000,0.05,20000,1,1,selected,all,100,0.67,0.9163622268254622,0.9236902050113895,0.14638984055160523,8.11,1.0,0.6,67,811,0.59,0.71,0.9127477579609934,0.67,0.74,0.9090608892741247,0.77,0.77,0.9064093741226094,0.81,0.81,0.8998141360273713
decoded,30000,0.05,20000,1,1,selected,nonfixed,100,0.67,0.9163622268254622,0.9236902050113895,0.14638984055160523,8.11,1.0,0.6,67,811,0.59,0.71,0.9127477579609934,0.67,0.74,0.9090608892741247,0.77,0.77,0.9064093741226094,0.81,0.81,0.8998141360273713
decoded,30000,0.05,20000,1,3,neutral,all,1000,0.0,0.968,1.0,0.0,3.653,0.968,0.05,0,3653,0.0,0.0,0.968,0.0,0.0,0.968,0.0,0.0,0.968,0.0,0.0,0.968
decoded,30000,0.05,20000,1,3,selected,all,100,0.56,0.8331190476190475,0.8567774936061381,0.2322539682539682,3.35,0.99,0.6,56,335,0.49,0.61,0.8139523809523809,0.56,0.64,0.8056190476190476,0.67,0.67,0.7994523809523809,0.69,0.7,0.7836190476190475
decoded,30000,0.05,20000,1,3,selected,nonfixed,100,0.56,0.8331190476190475,0.8567774936061381,0.2322539682539682,3.35,0.99,0.6,56,335,0.49,0.61,0.8139523809523809,0.56,0.64,0.8056190476190476,0.67,0.67,0.7994523809523809,0.69,0.7,0.7836190476190475
decoded,30000,0.05,20000,1,5,neutral,all,1000,0.0,0.771,1.0,0.0,1.467,0.771,0.05,0,1467,0.0,0.0,0.771,0.0,0.0,0.771,0.0,0.0,0.771,0.0,0.0,0.771
decoded,30000,0.05,20000,1,5,selected,all,100,0.42,0.6175,0.7469879518072289,0.28938095238095235,1.24,0.86,0.6,42,124,0.37,0.47,0.5791666666666666,0.42,0.52,0.5483333333333333,0.53,0.54,0.5283333333333333,0.54,0.55,0.5233333333333333
decoded,30000,0.05,20000,1,5,selected,nonfixed,100,0.42,0.6175,0.7469879518072289,0.28938095238095235,1.24,0.86,0.6,42,124,0.37,0.47,0.5791666666666666,0.42,0.52,0.5483333333333333,0.53,0.54,0.5283333333333333,0.54,0.55,0.5233333333333333
decoded,30000,0.05,20000,1,10,neutral,all,1000,0.0,0.177,1.0,0.0,0.2,0.177,0.05,0,200,0.0,0.0,0.177,0.0,0.0,0.177,0.0,0.0,0.177,0.0,0.0,0.177
decoded,30000,0.05,20000,1,10,selected,all,100,0.21,0.17166666666666663,0.4878048780487805,0.195,0.2,0.36,0.6,21,20,0.19,0.24,0.14166666666666666,0.21,0.26,0.12166666666666666,0.26,0.26,0.12166666666666666,0.26,0.26,0.12166666666666666
decoded,30000,0.05,20000,1,10,selected,nonfixed,100,0.21,0.17166666666666663,0.4878048780487805,0.195,0.2,0.36,0.6,21,20,0.19,0.24,0.14166666666666666,0.21,0.26,0.12166666666666666,0.26,0.26,0.12166666666666666,0.26,0.26,0.12166666666666666
decoded,30000,0.05,20000,1,20,neutral,all,1000,0.0,0.008,1.0,0.0,0.008,0.008,0.05,0,8,0.0,0.0,0.008,0.0,0.0,0.008,0.0,0.0,0.008,0.0,0.0,0.008
decoded,30000,0.05,20000,1,20,selected,all,100,0.01,0.02,0.6666666666666666,0.01,0.02,0.03,0.6,1,2,0.01,0.02,0.01,0.01,0.02,0.01,0.02,0.02,0.01,0.02,0.02,0.01
decoded,30000,0.05,20000,1,20,selected,nonfixed,100,0.01,0.02,0.6666666666666666,0.01,0.02,0.03,0.6,1,2,0.01,0.02,0.01,0.01,0.02,0.01,0.02,0.02,0.01,0.02,0.02,0.01
decoded,30000,0.05,50000,0,1,neutral,all,1000,0.0,1.0,1.0,0.0,6.51,1.0,0.05,0,6510,0.0,0.0,1.0,0.0,0.0,1.0,0.0,0.0,1.0,0.0,0.0,1.0
decoded,30000,0.05,50000,0,1,selected,all,100,0.63,0.8988556582306583,0.9093525179856116,0.16982532173708645,6.32,1.0,0.6,63,632,0.6,0.65,0.8961889915639918,0.63,0.67,0.8938278804528806,0.72,0.72,0.8879151820401823,0.76,0.76,0.878581848706849
decoded,30000,0.05,50000,0,1,selected,nonfixed,100,0.63,0.8988556582306583,0.9093525179856116,0.16982532173708645,6.32,1.0,0.6,63,632,0.6,0.65,0.8961889915639918,0.63,0.67,0.8938278804528806,0.72,0.72,0.8879151820401823,0.76,0.76,0.878581848706849
decoded,30000,0.05,50000,0,3,neutral,all,1000,0.0,0.545,1.0,0.0,0.813,0.545,0.05,0,813,0.0,0.0,0.545,0.0,0.0,0.545,0.0,0.0,0.545,0.0,0.0,0.545
decoded,30000,0.05,50000,0,3,selected,all,100,0.37,0.3775,0.6105263157894737,0.309,0.58,0.66,0.6,37,58,0.33,0.39,0.3575,0.37,0.41,0.3441666666666666,0.4,0.41,0.3441666666666666,0.41,0.42,0.3408333333333334
decoded,30000,0.05,50000,0,3,selected,nonfixed,100,0.37,0.3775,0.6105263157894737,0.309,0.58,0.66,0.6,37,58,0.33,0.39,0.3575,0.37,0.41,0.3441666666666666,0.4,0.41,0.3441666666666666,0.41,0.42,0.3408333333333334
decoded,30000,0.05,50000,0,5,neutral,all,1000,0.0,0.104,1.0,0.0,0.112,0.104,0.05,0,112,0.0,0.0,0.104,0.0,0.0,0.104,0.0,0.0,0.104,0.0,0.0,0.104
decoded,30000,0.05,50000,0,5,selected,all,100,0.16,0.085,0.36,0.15666666666666665,0.09,0.24,0.6,16,9,0.15,0.18,0.065,0.16,0.2,0.045,0.19,0.2,0.045,0.2,0.2,0.045
decoded,30000,0.05,50000,0,5,selected,nonfixed,100,0.16,0.085,0.36,0.15666666666666665,0.09,0.24,0.6,16,9,0.15,0.18,0.065,0.16,0.2,0.045,0.19,0.2,0.045,0.2,0.2,0.045
decoded,30000,0.05,50000,0,10,neutral,all,1000,0.0,0.002,1.0,0.0,0.002,0.002,0.05,0,2,0.0,0.0,0.002,0.0,0.0,0.002,0.0,0.0,0.002,0.0,0.0,0.002
decoded,30000,0.05,50000,0,10,selected,all,100,0.01,0.01,0.5,0.01,0.01,0.02,0.6,1,1,0.01,0.02,0.0,0.01,0.02,0.0,0.02,0.02,0.0,0.02,0.02,0.0
decoded,30000,0.05,50000,0,10,selected,nonfixed,100,0.01,0.01,0.5,0.01,0.01,0.02,0.6,1,1,0.01,0.02,0.0,0.01,0.02,0.0,0.02,0.02,0.0,0.02,0.02,0.0
decoded,30000,0.05,50000,0,20,neutral,all,1000,0.0,0.0,,0.0,0.0,0.0,0.05,0,0,0.0,0.0,0.0,0.0,0.0,0.0,0.0,0.0,0.0,0.0,0.0,0.0
decoded,30000,0.05,50000,0,20,selected,all,100,0.0,0.0,,0.0,0.0,0.0,0.6,0,0,0.0,0.0,0.0,0.0,0.0,0.0,0.0,0.0,0.0,0.0,0.0,0.0
decoded,30000,0.05,50000,0,20,selected,nonfixed,100,0.0,0.0,,0.0,0.0,0.0,0.6,0,0,0.0,0.0,0.0,0.0,0.0,0.0,0.0,0.0,0.0,0.0,0.0,0.0
decoded,30000,0.05,50000,1,1,neutral,all,1000,0.0,1.0,1.0,0.0,6.01,1.0,0.05,0,6010,0.0,0.0,1.0,0.0,0.0,1.0,0.0,0.0,1.0,0.0,0.0,1.0
decoded,30000,0.05,50000,1,1,selected,all,100,0.61,0.8926077533577534,0.9027113237639554,0.17814862914862917,5.66,1.0,0.6,61,566,0.56,0.65,0.8865799755799756,0.61,0.67,0.8839014041514042,0.72,0.72,0.8771192973692973,0.76,0.76,0.8664526307026307
decoded,30000,0.05,50000,1,1,selected,nonfixed,100,0.61,0.8926077533577534,0.9027113237639554,0.17814862914862917,5.66,1.0,0.6,61,566,0.56,0.65,0.8865799755799756,0.61,0.67,0.8839014041514042,0.72,0.72,0.8771192973692973,0.76,0.76,0.8664526307026307
decoded,30000,0.05,50000,1,3,neutral,all,1000,0.0,0.605,1.0,0.0,0.943,0.605,0.05,0,943,0.0,0.0,0.605,0.0,0.0,0.605,0.0,0.0,0.605,0.0,0.0,0.605
decoded,30000,0.05,50000,1,3,selected,all,100,0.39,0.40083333333333326,0.6355140186915887,0.30566666666666664,0.68,0.67,0.6,39,68,0.35,0.43,0.3675,0.39,0.44,0.3641666666666667,0.43,0.44,0.3641666666666667,0.44,0.45,0.35416666666666674
decoded,30000,0.05,50000,1,3,selected,nonfixed,100,0.39,0.40083333333333326,0.6355140186915887,0.30566666666666664,0.68,0.67,0.6,39,68,0.35,0.43,0.3675,0.39,0.44,0.3641666666666667,0.43,0.44,0.3641666666666667,0.44,0.45,0.35416666666666674
decoded,30000,0.05,50000,1,5,neutral,all,1000,0.0,0.163,1.0,0.0,0.181,0.163,0.05,0,181,0.0,0.0,0.163,0.0,0.0,0.163,0.0,0.0,0.163,0.0,0.0,0.163
decoded,30000,0.05,50000,1,5,selected,all,100,0.21,0.13,0.4,0.2033333333333333,0.14,0.33,0.6,21,14,0.18,0.24,0.1,0.21,0.25,0.09,0.24,0.25,0.09,0.25,0.26,0.08
decoded,30000,0.05,50000,1,5,selected,nonfixed,100,0.21,0.13,0.4,0.2033333333333333,0.14,0.33,0.6,21,14,0.18,0.24,0.1,0.21,0.25,0.09,0.24,0.25,0.09,0.25,0.26,0.08
decoded,30000,0.05,50000,1,10,neutral,all,1000,0.0,0.006,1.0,0.0,0.006,0.006,0.05,0,6,0.0,0.0,0.006,0.0,0.0,0.006,0.0,0.0,0.006,0.0,0.0,0.006
decoded,30000,0.05,50000,1,10,selected,all,100,0.01,0.02,0.6666666666666666,0.01,0.02,0.03,0.6,1,2,0.01,0.02,0.01,0.01,0.02,0.01,0.02,0.02,0.01,0.02,0.03,0.0
decoded,30000,0.05,50000,1,10,selected,nonfixed,100,0.01,0.02,0.6666666666666666,0.01,0.02,0.03,0.6,1,2,0.01,0.02,0.01,0.01,0.02,0.01,0.02,0.02,0.01,0.02,0.03,0.0
decoded,30000,0.05,50000,1,20,neutral,all,1000,0.0,0.0,,0.0,0.0,0.0,0.05,0,0,0.0,0.0,0.0,0.0,0.0,0.0,0.0,0.0,0.0,0.0,0.0,0.0
decoded,30000,0.05,50000,1,20,selected,all,100,0.0,0.0,,0.0,0.0,0.0,0.6,0,0,0.0,0.0,0.0,0.0,0.0,0.0,0.0,0.0,0.0,0.0,0.0,0.0
decoded,30000,0.05,50000,1,20,selected,nonfixed,100,0.0,0.0,,0.0,0.0,0.0,0.6,0,0,0.0,0.0,0.0,0.0,0.0,0.0,0.0,0.0,0.0,0.0,0.0,0.0
decoded,40000,0.001,10000,0,1,neutral,all,1000,0.0,0.293,1.0,0.0,0.403,0.293,0.001,0,403,0.0,0.0,0.293,0.0,0.0,0.293,0.0,0.0,0.293,0.0,0.0,0.293
decoded,40000,0.001,10000,0,1,selected,all,100,0.38,0.2925,0.6082474226804123,0.2833333333333333,0.59,0.54,0.24,38,59,0.36,0.36,0.305,0.38,0.38,0.2925,0.38,0.38,0.2925,0.39,0.39,0.2875
decoded,40000,0.001,10000,0,1,selected,nonfixed,100,0.38,0.2925,0.6082474226804123,0.2833333333333333,0.59,0.54,0.24,38,59,0.36,0.36,0.305,0.38,0.38,0.2925,0.38,0.38,0.2925,0.39,0.39,0.2875
decoded,40000,0.001,10000,0,3,neutral,all,1000,0.0,0.132,1.0,0.0,0.152,0.132,0.001,0,152,0.0,0.0,0.132,0.0,0.0,0.132,0.0,0.0,0.132,0.0,0.0,0.132
decoded,40000,0.001,10000,0,3,selected,all,100,0.28,0.15833333333333333,0.42857142857142855,0.2533333333333333,0.21,0.4,0.24,28,21,0.28,0.28,0.15833333333333333,0.28,0.28,0.15833333333333333,0.29,0.29,0.14833333333333332,0.29,0.29,0.14833333333333332
decoded,40000,0.001,10000,0,3,selected,nonfixed,100,0.28,0.15833333333333333,0.42857142857142855,0.2533333333333333,0.21,0.4,0.24,28,21,0.28,0.28,0.15833333333333333,0.28,0.28,0.15833333333333333,0.29,0.29,0.14833333333333332,0.29,0.29,0.14833333333333332
decoded,40000,0.001,10000,0,5,neutral,all,1000,0.0,0.042,1.0,0.0,0.045,0.042,0.001,0,45,0.0,0.0,0.042,0.0,0.0,0.042,0.0,0.0,0.042,0.0,0.0,0.042
decoded,40000,0.001,10000,0,5,selected,all,100,0.16,0.055,0.2727272727272727,0.15666666666666665,0.06,0.21,0.24,16,6,0.16,0.16,0.055,0.16,0.16,0.055,0.17,0.17,0.045,0.17,0.17,0.045
decoded,40000,0.001,10000,0,5,selected,nonfixed,100,0.16,0.055,0.2727272727272727,0.15666666666666665,0.06,0.21,0.24,16,6,0.16,0.16,0.055,0.16,0.16,0.055,0.17,0.17,0.045,0.17,0.17,0.045
decoded,40000,0.001,10000,0,10,neutral,all,1000,0.0,0.003,1.0,0.0,0.004,0.003,0.001,0,4,0.0,0.0,0.003,0.0,0.0,0.003,0.0,0.0,0.003,0.0,0.0,0.003
decoded,40000,0.001,10000,0,10,selected,all,100,0.05,0.01,0.16666666666666666,0.05,0.01,0.06,0.24,5,1,0.05,0.05,0.01,0.05,0.05,0.01,0.06,0.06,0.0,0.06,0.06,0.0
decoded,40000,0.001,10000,0,10,selected,nonfixed,100,0.05,0.01,0.16666666666666666,0.05,0.01,0.06,0.24,5,1,0.05,0.05,0.01,0.05,0.05,0.01,0.06,0.06,0.0,0.06,0.06,0.0
decoded,40000,0.001,10000,0,20,neutral,all,1000,0.0,0.0,,0.0,0.0,0.0,0.001,0,0,0.0,0.0,0.0,0.0,0.0,0.0,0.0,0.0,0.0,0.0,0.0,0.0
decoded,40000,0.001,10000,0,20,selected,all,100,0.0,0.0,,0.0,0.0,0.0,0.24,0,0,0.0,0.0,0.0,0.0,0.0,0.0,0.0,0.0,0.0,0.0,0.0,0.0
decoded,40000,0.001,10000,0,20,selected,nonfixed,100,0.0,0.0,,0.0,0.0,0.0,0.24,0,0,0.0,0.0,0.0,0.0,0.0,0.0,0.0,0.0,0.0,0.0,0.0,0.0
decoded,40000,0.001,10000,1,1,neutral,all,1000,0.0,0.293,1.0,0.0,0.385,0.293,0.001,0,385,0.0,0.0,0.293,0.0,0.0,0.293,0.0,0.0,0.293,0.0,0.0,0.293
decoded,40000,0.001,10000,1,1,selected,all,100,0.38,0.2791666666666667,0.5730337078651685,0.2956666666666667,0.51,0.54,0.24,38,51,0.36,0.36,0.2925,0.38,0.38,0.2791666666666667,0.38,0.38,0.2791666666666667,0.39,0.39,0.27416666666666667
decoded,40000,0.001,10000,1,1,selected,nonfixed,100,0.38,0.2791666666666667,0.5730337078651685,0.2956666666666667,0.51,0.54,0.24,38,51,0.36,0.36,0.2925,0.38,0.38,0.2791666666666667,0.38,0.38,0.2791666666666667,0.39,0.39,0.27416666666666667
decoded,40000,0.001,10000,1,3,neutral,all,1000,0.0,0.135,1.0,0.0,0.152,0.135,0.001,0,152,0.0,0.0,0.135,0.0,0.0,0.135,0.0,0.0,0.135,0.0,0.0,0.135
decoded,40000,0.001,10000,1,3,selected,all,100,0.28,0.16333333333333333,0.42857142857142855,0.25666666666666665,0.21,0.41,0.24,28,21,0.28,0.28,0.16333333333333333,0.28,0.28,0.16333333333333333,0.3,0.3,0.1433333333333333,0.3,0.3,0.1433333333333333
decoded,40000,0.001,10000,1,3,selected,nonfixed,100,0.28,0.16333333333333333,0.42857142857142855,0.25666666666666665,0.21,0.41,0.24,28,21,0.28,0.28,0.16333333333333333,0.28,0.28,0.16333333333333333,0.3,0.3,0.1433333333333333,0.3,0.3,0.1433333333333333
decoded,40000,0.001,10000,1,5,neutral,all,1000,0.0,0.048,1.0,0.0,0.05,0.048,0.001,0,50,0.0,0.0,0.048,0.0,0.0,0.048,0.0,0.0,0.048,0.0,0.0,0.048
decoded,40000,0.001,10000,1,5,selected,all,100,0.18,0.056666666666666664,0.28,0.175,0.07,0.23,0.24,18,7,0.18,0.18,0.056666666666666664,0.18,0.18,0.056666666666666664,0.19,0.19,0.04666666666666666,0.19,0.19,0.04666666666666666
decoded,40000,0.001,10000,1,5,selected,nonfixed,100,0.18,0.056666666666666664,0.28,0.175,0.07,0.23,0.24,18,7,0.18,0.18,0.056666666666666664,0.18,0.18,0.056666666666666664,0.19,0.19,0.04666666666666666,0.19,0.19,0.04666666666666666
decoded,40000,0.001,10000,1,10,neutral,all,1000,0.0,0.004,1.0,0.0,0.004,0.004,0.001,0,4,0.0,0.0,0.004,0.0,0.0,0.004,0.0,0.0,0.004,0.0,0.0,0.004
decoded,40000,0.001,10000,1,10,selected,all,100,0.05,0.01,0.16666666666666666,0.05,0.01,0.06,0.24,5,1,0.05,0.05,0.01,0.05,0.05,0.01,0.06,0.06,0.0,0.06,0.06,0.0
decoded,40000,0.001,10000,1,10,selected,nonfixed,100,0.05,0.01,0.16666666666666666,0.05,0.01,0.06,0.24,5,1,0.05,0.05,0.01,0.05,0.05,0.01,0.06,0.06,0.0,0.06,0.06,0.0
decoded,40000,0.001,10000,1,20,neutral,all,1000,0.0,0.001,1.0,0.0,0.001,0.001,0.001,0,1,0.0,0.0,0.001,0.0,0.0,0.001,0.0,0.0,0.001,0.0,0.0,0.001
decoded,40000,0.001,10000,1,20,selected,all,100,0.0,0.0,,0.0,0.0,0.0,0.24,0,0,0.0,0.0,0.0,0.0,0.0,0.0,0.0,0.0,0.0,0.0,0.0,0.0
decoded,40000,0.001,10000,1,20,selected,nonfixed,100,0.0,0.0,,0.0,0.0,0.0,0.24,0,0,0.0,0.0,0.0,0.0,0.0,0.0,0.0,0.0,0.0,0.0,0.0,0.0
decoded,40000,0.001,20000,0,1,neutral,all,1000,0.0,0.249,1.0,0.0,0.314,0.249,0.001,0,314,0.0,0.0,0.249,0.0,0.0,0.249,0.0,0.0,0.249,0.0,0.0,0.249
decoded,40000,0.001,20000,0,1,selected,all,100,0.33,0.25,0.5540540540540541,0.27499999999999997,0.41,0.5,0.24,33,41,0.33,0.33,0.25,0.33,0.33,0.25,0.33,0.33,0.25,0.33,0.33,0.25
decoded,40000,0.001,20000,0,1,selected,nonfixed,100,0.33,0.25,0.5540540540540541,0.27499999999999997,0.41,0.5,0.24,33,41,0.33,0.33,0.25,0.33,0.33,0.25,0.33,0.33,0.25,0.33,0.33,0.25
decoded,40000,0.001,20000,0,3,neutral,all,1000,0.0,0.038,1.0,0.0,0.039,0.038,0.001,0,39,0.0,0.0,0.038,0.0,0.0,0.038,0.0,0.0,0.038,0.0,0.0,0.038
decoded,40000,0.001,20000,0,3,selected,all,100,0.14,0.056666666666666664,0.3333333333333333,0.135,0.07,0.19,0.24,14,7,0.14,0.14,0.056666666666666664,0.14,0.14,0.056666666666666664,0.15,0.15,0.04666666666666666,0.15,0.15,0.04666666666666666
decoded,40000,0.001,20000,0,3,selected,nonfixed,100,0.14,0.056666666666666664,0.3333333333333333,0.135,0.07,0.19,0.24,14,7,0.14,0.14,0.056666666666666664,0.14,0.14,0.056666666666666664,0.15,0.15,0.04666666666666666,0.15,0.15,0.04666666666666666
decoded,40000,0.001,20000,0,5,neutral,all,1000,0.0,0.006,1.0,0.0,0.007,0.006,0.001,0,7,0.0,0.0,0.006,0.0,0.0,0.006,0.0,0.0,0.006,0.0,0.0,0.006
decoded,40000,0.001,20000,0,5,selected,all,100,0.05,0.01,0.16666666666666666,0.05,0.01,0.06,0.24,5,1,0.05,0.05,0.01,0.05,0.05,0.01,0.06,0.06,0.0,0.06,0.06,0.0
decoded,40000,0.001,20000,0,5,selected,nonfixed,100,0.05,0.01,0.16666666666666666,0.05,0.01,0.06,0.24,5,1,0.05,0.05,0.01,0.05,0.05,0.01,0.06,0.06,0.0,0.06,0.06,0.0
decoded,40000,0.001,20000,0,10,neutral,all,1000,0.0,0.0,,0.0,0.0,0.0,0.001,0,0,0.0,0.0,0.0,0.0,0.0,0.0,0.0,0.0,0.0,0.0,0.0,0.0
decoded,40000,0.001,20000,0,10,selected,all,100,0.0,0.0,,0.0,0.0,0.0,0.24,0,0,0.0,0.0,0.0,0.0,0.0,0.0,0.0,0.0,0.0,0.0,0.0,0.0
decoded,40000,0.001,20000,0,10,selected,nonfixed,100,0.0,0.0,,0.0,0.0,0.0,0.24,0,0,0.0,0.0,0.0,0.0,0.0,0.0,0.0,0.0,0.0,0.0,0.0,0.0
decoded,40000,0.001,20000,0,20,neutral,all,1000,0.0,0.0,,0.0,0.0,0.0,0.001,0,0,0.0,0.0,0.0,0.0,0.0,0.0,0.0,0.0,0.0,0.0,0.0,0.0
decoded,40000,0.001,20000,0,20,selected,all,100,0.0,0.0,,0.0,0.0,0.0,0.24,0,0,0.0,0.0,0.0,0.0,0.0,0.0,0.0,0.0,0.0,0.0,0.0,0.0
decoded,40000,0.001,20000,0,20,selected,nonfixed,100,0.0,0.0,,0.0,0.0,0.0,0.24,0,0,0.0,0.0,0.0,0.0,0.0,0.0,0.0,0.0,0.0,0.0,0.0,0.0
decoded,40000,0.001,20000,1,1,neutral,all,1000,0.0,0.249,1.0,0.0,0.303,0.249,0.001,0,303,0.0,0.0,0.249,0.0,0.0,0.249,0.0,0.0,0.249,0.0,0.0,0.249
decoded,40000,0.001,20000,1,1,selected,all,100,0.33,0.245,0.547945205479452,0.2783333333333333,0.4,0.5,0.24,33,40,0.33,0.33,0.245,0.33,0.33,0.245,0.33,0.33,0.245,0.33,0.33,0.245
decoded,40000,0.001,20000,1,1,selected,nonfixed,100,0.33,0.245,0.547945205479452,0.2783333333333333,0.4,0.5,0.24,33,40,0.33,0.33,0.245,0.33,0.33,0.245,0.33,0.33,0.245,0.33,0.33,0.245
decoded,40000,0.001,20000,1,3,neutral,all,1000,0.0,0.042,1.0,0.0,0.042,0.042,0.001,0,42,0.0,0.0,0.042,0.0,0.0,0.042,0.0,0.0,0.042,0.0,0.0,0.042
decoded,40000,0.001,20000,1,3,selected,all,100,0.14,0.056666666666666664,0.3333333333333333,0.135,0.07,0.19,0.24,14,7,0.14,0.14,0.056666666666666664,0.14,0.14,0.056666666666666664,0.15,0.15,0.04666666666666666,0.15,0.15,0.04666666666666666
decoded,40000,0.001,20000,1,3,selected,nonfixed,100,0.14,0.056666666666666664,0.3333333333333333,0.135,0.07,0.19,0.24,14,7,0.14,0.14,0.056666666666666664,0.14,0.14,0.056666666666666664,0.15,0.15,0.04666666666666666,0.15,0.15,0.04666666666666666
decoded,40000,0.001,20000,1,5,neutral,all,1000,0.0,0.006,1.0,0.0,0.006,0.006,0.001,0,6,0.0,0.0,0.006,0.0,0.0,0.006,0.0,0.0,0.006,0.0,0.0,0.006
decoded,40000,0.001,20000,1,5,selected,all,100,0.05,0.01,0.16666666666666666,0.05,0.01,0.06,0.24,5,1,0.05,0.05,0.01,0.05,0.05,0.01,0.06,0.06,0.0,0.06,0.06,0.0
decoded,40000,0.001,20000,1,5,selected,nonfixed,100,0.05,0.01,0.16666666666666666,0.05,0.01,0.06,0.24,5,1,0.05,0.05,0.01,0.05,0.05,0.01,0.06,0.06,0.0,0.06,0.06,0.0
decoded,40000,0.001,20000,1,10,neutral,all,1000,0.0,0.001,1.0,0.0,0.001,0.001,0.001,0,1,0.0,0.0,0.001,0.0,0.0,0.001,0.0,0.0,0.001,0.0,0.0,0.001
decoded,40000,0.001,20000,1,10,selected,all,100,0.0,0.0,,0.0,0.0,0.0,0.24,0,0,0.0,0.0,0.0,0.0,0.0,0.0,0.0,0.0,0.0,0.0,0.0,0.0
decoded,40000,0.001,20000,1,10,selected,nonfixed,100,0.0,0.0,,0.0,0.0,0.0,0.24,0,0,0.0,0.0,0.0,0.0,0.0,0.0,0.0,0.0,0.0,0.0,0.0,0.0
decoded,40000,0.001,20000,1,20,neutral,all,1000,0.0,0.0,,0.0,0.0,0.0,0.001,0,0,0.0,0.0,0.0,0.0,0.0,0.0,0.0,0.0,0.0,0.0,0.0,0.0
decoded,40000,0.001,20000,1,20,selected,all,100,0.0,0.0,,0.0,0.0,0.0,0.24,0,0,0.0,0.0,0.0,0.0,0.0,0.0,0.0,0.0,0.0,0.0,0.0,0.0
decoded,40000,0.001,20000,1,20,selected,nonfixed,100,0.0,0.0,,0.0,0.0,0.0,0.24,0,0,0.0,0.0,0.0,0.0,0.0,0.0,0.0,0.0,0.0,0.0,0.0,0.0
decoded,40000,0.001,50000,0,1,neutral,all,1000,0.0,0.157,1.0,0.0,0.176,0.157,0.001,0,176,0.0,0.0,0.157,0.0,0.0,0.157,0.0,0.0,0.157,0.0,0.0,0.157
decoded,40000,0.001,50000,0,1,selected,all,100,0.31,0.17666666666666664,0.44642857142857145,0.2783333333333333,0.25,0.44,0.24,31,25,0.31,0.31,0.17666666666666664,0.31,0.31,0.17666666666666664,0.31,0.31,0.17666666666666664,0.31,0.31,0.17666666666666664
decoded,40000,0.001,50000,0,1,selected,nonfixed,100,0.31,0.17666666666666664,0.44642857142857145,0.2783333333333333,0.25,0.44,0.24,31,25,0.31,0.31,0.17666666666666664,0.31,0.31,0.17666666666666664,0.31,0.31,0.17666666666666664,0.31,0.31,0.17666666666666664
decoded,40000,0.001,50000,0,3,neutral,all,1000,0.0,0.001,1.0,0.0,0.001,0.001,0.001,0,1,0.0,0.0,0.001,0.0,0.0,0.001,0.0,0.0,0.001,0.0,0.0,0.001
decoded,40000,0.001,50000,0,3,selected,all,100,0.01,0.0,0.0,0.01,0.0,0.01,0.24,1,0,0.01,0.01,0.0,0.01,0.01,0.0,0.01,0.01,0.0,0.01,0.01,0.0
decoded,40000,0.001,50000,0,3,selected,nonfixed,100,0.01,0.0,0.0,0.01,0.0,0.01,0.24,1,0,0.01,0.01,0.0,0.01,0.01,0.0,0.01,0.01,0.0,0.01,0.01,0.0
decoded,40000,0.001,50000,0,5,neutral,all,1000,0.0,0.0,,0.0,0.0,0.0,0.001,0,0,0.0,0.0,0.0,0.0,0.0,0.0,0.0,0.0,0.0,0.0,0.0,0.0
decoded,40000,0.001,50000,0,5,selected,all,100,0.0,0.0,,0.0,0.0,0.0,0.24,0,0,0.0,0.0,0.0,0.0,0.0,0.0,0.0,0.0,0.0,0.0,0.0,0.0
decoded,40000,0.001,50000,0,5,selected,nonfixed,100,0.0,0.0,,0.0,0.0,0.0,0.24,0,0,0.0,0.0,0.0,0.0,0.0,0.0,0.0,0.0,0.0,0.0,0.0,0.0
decoded,40000,0.001,50000,0,10,neutral,all,1000,0.0,0.0,,0.0,0.0,0.0,0.001,0,0,0.0,0.0,0.0,0.0,0.0,0.0,0.0,0.0,0.0,0.0,0.0,0.0
decoded,40000,0.001,50000,0,10,selected,all,100,0.0,0.0,,0.0,0.0,0.0,0.24,0,0,0.0,0.0,0.0,0.0,0.0,0.0,0.0,0.0,0.0,0.0,0.0,0.0
decoded,40000,0.001,50000,0,10,selected,nonfixed,100,0.0,0.0,,0.0,0.0,0.0,0.24,0,0,0.0,0.0,0.0,0.0,0.0,0.0,0.0,0.0,0.0,0.0,0.0,0.0
decoded,40000,0.001,50000,0,20,neutral,all,1000,0.0,0.0,,0.0,0.0,0.0,0.001,0,0,0.0,0.0,0.0,0.0,0.0,0.0,0.0,0.0,0.0,0.0,0.0,0.0
decoded,40000,0.001,50000,0,20,selected,all,100,0.0,0.0,,0.0,0.0,0.0,0.24,0,0,0.0,0.0,0.0,0.0,0.0,0.0,0.0,0.0,0.0,0.0,0.0,0.0
decoded,40000,0.001,50000,0,20,selected,nonfixed,100,0.0,0.0,,0.0,0.0,0.0,0.24,0,0,0.0,0.0,0.0,0.0,0.0,0.0,0.0,0.0,0.0,0.0,0.0,0.0
decoded,40000,0.001,50000,1,1,neutral,all,1000,0.0,0.157,1.0,0.0,0.173,0.157,0.001,0,173,0.0,0.0,0.157,0.0,0.0,0.157,0.0,0.0,0.157,0.0,0.0,0.157
decoded,40000,0.001,50000,1,1,selected,all,100,0.31,0.17166666666666663,0.43636363636363634,0.2816666666666667,0.24,0.44,0.24,31,24,0.31,0.31,0.17166666666666663,0.31,0.31,0.17166666666666663,0.31,0.31,0.17166666666666663,0.31,0.31,0.17166666666666663
decoded,40000,0.001,50000,1,1,selected,nonfixed,100,0.31,0.17166666666666663,0.43636363636363634,0.2816666666666667,0.24,0.44,0.24,31,24,0.31,0.31,0.17166666666666663,0.31,0.31,0.17166666666666663,0.31,0.31,0.17166666666666663,0.31,0.31,0.17166666666666663
decoded,40000,0.001,50000,1,3,neutral,all,1000,0.0,0.002,1.0,0.0,0.002,0.002,0.001,0,2,0.0,0.0,0.002,0.0,0.0,0.002,0.0,0.0,0.002,0.0,0.0,0.002
decoded,40000,0.001,50000,1,3,selected,all,100,0.01,0.0,0.0,0.01,0.0,0.01,0.24,1,0,0.01,0.01,0.0,0.01,0.01,0.0,0.01,0.01,0.0,0.01,0.01,0.0
decoded,40000,0.001,50000,1,3,selected,nonfixed,100,0.01,0.0,0.0,0.01,0.0,0.01,0.24,1,0,0.01,0.01,0.0,0.01,0.01,0.0,0.01,0.01,0.0,0.01,0.01,0.0
decoded,40000,0.001,50000,1,5,neutral,all,1000,0.0,0.0,,0.0,0.0,0.0,0.001,0,0,0.0,0.0,0.0,0.0,0.0,0.0,0.0,0.0,0.0,0.0,0.0,0.0
decoded,40000,0.001,50000,1,5,selected,all,100,0.0,0.0,,0.0,0.0,0.0,0.24,0,0,0.0,0.0,0.0,0.0,0.0,0.0,0.0,0.0,0.0,0.0,0.0,0.0
decoded,40000,0.001,50000,1,5,selected,nonfixed,100,0.0,0.0,,0.0,0.0,0.0,0.24,0,0,0.0,0.0,0.0,0.0,0.0,0.0,0.0,0.0,0.0,0.0,0.0,0.0
decoded,40000,0.001,50000,1,10,neutral,all,1000,0.0,0.0,,0.0,0.0,0.0,0.001,0,0,0.0,0.0,0.0,0.0,0.0,0.0,0.0,0.0,0.0,0.0,0.0,0.0
decoded,40000,0.001,50000,1,10,selected,all,100,0.0,0.0,,0.0,0.0,0.0,0.24,0,0,0.0,0.0,0.0,0.0,0.0,0.0,0.0,0.0,0.0,0.0,0.0,0.0
decoded,40000,0.001,50000,1,10,selected,nonfixed,100,0.0,0.0,,0.0,0.0,0.0,0.24,0,0,0.0,0.0,0.0,0.0,0.0,0.0,0.0,0.0,0.0,0.0,0.0,0.0
decoded,40000,0.001,50000,1,20,neutral,all,1000,0.0,0.0,,0.0,0.0,0.0,0.001,0,0,0.0,0.0,0.0,0.0,0.0,0.0,0.0,0.0,0.0,0.0,0.0,0.0
decoded,40000,0.001,50000,1,20,selected,all,100,0.0,0.0,,0.0,0.0,0.0,0.24,0,0,0.0,0.0,0.0,0.0,0.0,0.0,0.0,0.0,0.0,0.0,0.0,0.0
decoded,40000,0.001,50000,1,20,selected,nonfixed,100,0.0,0.0,,0.0,0.0,0.0,0.24,0,0,0.0,0.0,0.0,0.0,0.0,0.0,0.0,0.0,0.0,0.0,0.0,0.0
decoded,40000,0.01,10000,0,1,neutral,all,1000,0.0,0.931,1.0,0.0,2.988,0.931,0.01,0,2988,0.0,0.0,0.931,0.0,0.0,0.931,0.0,0.0,0.931,0.0,0.0,0.931
decoded,40000,0.01,10000,0,1,selected,all,100,0.53,0.7574758297258296,0.846820809248555,0.2418261183261183,2.93,0.93,0.43,53,293,0.52,0.53,0.7574758297258296,0.53,0.54,0.7554758297258297,0.57,0.57,0.7473805916305917,0.58,0.59,0.7420472582972583
decoded,40000,0.01,10000,0,1,selected,nonfixed,100,0.53,0.7574758297258296,0.846820809248555,0.2418261183261183,2.93,0.93,0.43,53,293,0.52,0.53,0.7574758297258296,0.53,0.54,0.7554758297258297,0.57,0.57,0.7473805916305917,0.58,0.59,0.7420472582972583
decoded,40000,0.01,10000,0,3,neutral,all,1000,0.0,0.773,1.0,0.0,1.539,0.773,0.01,0,1539,0.0,0.0,0.773,0.0,0.0,0.773,0.0,0.0,0.773,0.0,0.0,0.773
decoded,40000,0.01,10000,0,3,selected,all,100,0.48,0.6138333333333332,0.7525773195876289,0.30238095238095236,1.46,0.86,0.43,48,146,0.47,0.48,0.6138333333333332,0.48,0.48,0.6138333333333332,0.51,0.51,0.5938333333333332,0.52,0.53,0.5805
decoded,40000,0.01,10000,0,3,selected,nonfixed,100,0.48,0.6138333333333332,0.7525773195876289,0.30238095238095236,1.46,0.86,0.43,48,146,0.47,0.48,0.6138333333333332,0.48,0.48,0.6138333333333332,0.51,0.51,0.5938333333333332,0.52,0.53,0.5805
decoded,40000,0.01,10000,0,5,neutral,all,1000,0.0,0.479,1.0,0.0,0.684,0.479,0.01,0,684,0.0,0.0,0.479,0.0,0.0,0.479,0.0,0.0,0.479,0.0,0.0,0.479
decoded,40000,0.01,10000,0,5,selected,all,100,0.4,0.3155,0.6,0.3173333333333333,0.6,0.6,0.43,40,60,0.39,0.4,0.3155,0.4,0.41,0.3105,0.42,0.42,0.3055,0.42,0.42,0.3055
decoded,40000,0.01,10000,0,5,selected,nonfixed,100,0.4,0.3155,0.6,0.3173333333333333,0.6,0.6,0.43,40,60,0.39,0.4,0.3155,0.4,0.41,0.3105,0.42,0.42,0.3055,0.42,0.42,0.3055
decoded,40000,0.01,10000,0,10,neutral,all,1000,0.0,0.107,1.0,0.0,0.117,0.107,0.01,0,117,0.0,0.0,0.107,0.0,0.0,0.107,0.0,0.0,0.107,0.0,0.0,0.107
decoded,40000,0.01,10000,0,10,selected,all,100,0.17,0.06666666666666667,0.32,0.165,0.08,0.23,0.43,17,8,0.16,0.17,0.06666666666666667,0.17,0.18,0.056666666666666664,0.2,0.2,0.03666666666666667,0.2,0.2,0.03666666666666667
decoded,40000,0.01,10000,0,10,selected,nonfixed,100,0.17,0.06666666666666667,0.32,0.165,0.08,0.23,0.43,17,8,0.16,0.17,0.06666666666666667,0.17,0.18,0.056666666666666664,0.2,0.2,0.03666666666666667,0.2,0.2,0.03666666666666667
decoded,40000,0.01,10000,0,20,neutral,all,1000,0.0,0.005,1.0,0.0,0.005,0.005,0.01,0,5,0.0,0.0,0.005,0.0,0.0,0.005,0.0,0.0,0.005,0.0,0.0,0.005
decoded,40000,0.01,10000,0,20,selected,all,100,0.03,0.0,0.0,0.03,0.0,0.03,0.43,3,0,0.03,0.03,0.0,0.03,0.03,0.0,0.03,0.03,0.0,0.03,0.03,0.0
decoded,40000,0.01,10000,0,20,selected,nonfixed,100,0.03,0.0,0.0,0.03,0.0,0.03,0.43,3,0,0.03,0.03,0.0,0.03,0.03,0.0,0.03,0.03,0.0,0.03,0.03,0.0
decoded,40000,0.01,10000,1,1,neutral,all,1000,0.0,0.931,1.0,0.0,2.775,0.931,0.01,0,2775,0.0,0.0,0.931,0.0,0.0,0.931,0.0,0.0,0.931,0.0,0.0,0.931
decoded,40000,0.01,10000,1,1,selected,all,100,0.53,0.7438849206349206,0.8333333333333334,0.255531746031746,2.65,0.93,0.43,53,265,0.52,0.53,0.7438849206349206,0.53,0.54,0.7418849206349206,0.57,0.57,0.7337896825396826,0.58,0.59,0.7267896825396825
decoded,40000,0.01,10000,1,1,selected,nonfixed,100,0.53,0.7438849206349206,0.8333333333333334,0.255531746031746,2.65,0.93,0.43,53,265,0.52,0.53,0.7438849206349206,0.53,0.54,0.7418849206349206,0.57,0.57,0.7337896825396826,0.58,0.59,0.7267896825396825
decoded,40000,0.01,10000,1,3,neutral,all,1000,0.0,0.779,1.0,0.0,1.544,0.779,0.01,0,1544,0.0,0.0,0.779,0.0,0.0,0.779,0.0,0.0,0.779,0.0,0.0,0.779
decoded,40000,0.01,10000,1,3,selected,all,100,0.5,0.6084999999999999,0.7448979591836735,0.3113333333333333,1.46,0.86,0.43,50,146,0.49,0.5,0.6084999999999999,0.5,0.5,0.6084999999999999,0.52,0.52,0.5934999999999999,0.53,0.54,0.5851666666666666
decoded,40000,0.01,10000,1,3,selected,nonfixed,100,0.5,0.6084999999999999,0.7448979591836735,0.3113333333333333,1.46,0.86,0.43,50,146,0.49,0.5,0.6084999999999999,0.5,0.5,0.6084999999999999,0.52,0.52,0.5934999999999999,0.53,0.54,0.5851666666666666
decoded,40000,0.01,10000,1,5,neutral,all,1000,0.0,0.502,1.0,0.0,0.714,0.502,0.01,0,714,0.0,0.0,0.502,0.0,0.0,0.502,0.0,0.0,0.502,0.0,0.0,0.502
decoded,40000,0.01,10000,1,5,selected,all,100,0.4,0.3155,0.6,0.31733333333333336,0.6,0.6,0.43,40,60,0.39,0.4,0.3155,0.4,0.41,0.3105,0.42,0.42,0.3055,0.42,0.42,0.3055
decoded,40000,0.01,10000,1,5,selected,nonfixed,100,0.4,0.3155,0.6,0.31733333333333336,0.6,0.6,0.43,40,60,0.39,0.4,0.3155,0.4,0.41,0.3105,0.42,0.42,0.3055,0.42,0.42,0.3055
decoded,40000,0.01,10000,1,10,neutral,all,1000,0.0,0.115,1.0,0.0,0.125,0.115,0.01,0,125,0.0,0.0,0.115,0.0,0.0,0.115,0.0,0.0,0.115,0.0,0.0,0.115
decoded,40000,0.01,10000,1,10,selected,all,100,0.17,0.09666666666666666,0.39285714285714285,0.165,0.11,0.26,0.43,17,11,0.16,0.17,0.09666666666666666,0.17,0.18,0.08666666666666666,0.2,0.2,0.06666666666666667,0.2,0.2,0.06666666666666667
decoded,40000,0.01,10000,1,10,selected,nonfixed,100,0.17,0.09666666666666666,0.39285714285714285,0.165,0.11,0.26,0.43,17,11,0.16,0.17,0.09666666666666666,0.17,0.18,0.08666666666666666,0.2,0.2,0.06666666666666667,0.2,0.2,0.06666666666666667
decoded,40000,0.01,10000,1,20,neutral,all,1000,0.0,0.008,1.0,0.0,0.008,0.008,0.01,0,8,0.0,0.0,0.008,0.0,0.0,0.008,0.0,0.0,0.008,0.0,0.0,0.008
decoded,40000,0.01,10000,1,20,selected,all,100,0.05,0.0,0.0,0.05,0.0,0.05,0.43,5,0,0.05,0.05,0.0,0.05,0.05,0.0,0.05,0.05,0.0,0.05,0.05,0.0
decoded,40000,0.01,10000,1,20,selected,nonfixed,100,0.05,0.0,0.0,0.05,0.0,0.05,0.43,5,0,0.05,0.05,0.0,0.05,0.05,0.0,0.05,0.05,0.0,0.05,0.05,0.0
decoded,40000,0.01,20000,0,1,neutral,all,1000,0.0,0.908,1.0,0.0,2.491,0.908,0.01,0,2491,0.0,0.0,0.908,0.0,0.0,0.908,0.0,0.0,0.908,0.0,0.0,0.908
decoded,40000,0.01,20000,0,1,selected,all,100,0.54,0.7237142857142856,0.8175675675675675,0.27703246753246746,2.42,0.93,0.43,54,242,0.5,0.53,0.7257142857142856,0.54,0.54,0.7237142857142856,0.57,0.57,0.7139523809523809,0.59,0.59,0.7064523809523808
decoded,40000,0.01,20000,0,1,selected,nonfixed,100,0.54,0.7237142857142856,0.8175675675675675,0.27703246753246746,2.42,0.93,0.43,54,242,0.5,0.53,0.7257142857142856,0.54,0.54,0.7237142857142856,0.57,0.57,0.7139523809523809,0.59,0.59,0.7064523809523808
decoded,40000,0.01,20000,0,3,neutral,all,1000,0.0,0.44,1.0,0.0,0.602,0.44,0.01,0,602,0.0,0.0,0.44,0.0,0.0,0.44,0.0,0.0,0.44,0.0,0.0,0.44
decoded,40000,0.01,20000,0,3,selected,all,100,0.39,0.2658333333333333,0.5301204819277109,0.3356666666666666,0.44,0.58,0.43,39,44,0.37,0.39,0.2658333333333333,0.39,0.4,0.2558333333333333,0.41,0.41,0.24583333333333332,0.41,0.41,0.24583333333333332
decoded,40000,0.01,20000,0,3,selected,nonfixed,100,0.39,0.2658333333333333,0.5301204819277109,0.3356666666666666,0.44,0.58,0.43,39,44,0.37,0.39,0.2658333333333333,0.39,0.4,0.2558333333333333,0.41,0.41,0.24583333333333332,0.41,0.41,0.24583333333333332
decoded,40000,0.01,20000,0,5,neutral,all,1000,0.0,0.134,1.0,0.0,0.146,0.134,0.01,0,146,0.0,0.0,0.134,0.0,0.0,0.134,0.0,0.0,0.134,0.0,0.0,0.134
decoded,40000,0.01,20000,0,5,selected,all,100,0.2,0.07166666666666666,0.3103448275862069,0.19166666666666665,0.09,0.26,0.43,20,9,0.18,0.2,0.07166666666666666,0.2,0.21,0.06166666666666666,0.22,0.22,0.05166666666666666,0.22,0.22,0.05166666666666666
decoded,40000,0.01,20000,0,5,selected,nonfixed,100,0.2,0.07166666666666666,0.3103448275862069,0.19166666666666665,0.09,0.26,0.43,20,9,0.18,0.2,0.07166666666666666,0.2,0.21,0.06166666666666666,0.22,0.22,0.05166666666666666,0.22,0.22,0.05166666666666666
decoded,40000,0.01,20000,0,10,neutral,all,1000,0.0,0.005,1.0,0.0,0.005,0.005,0.01,0,5,0.0,0.0,0.005,0.0,0.0,0.005,0.0,0.0,0.005,0.0,0.0,0.005
decoded,40000,0.01,20000,0,10,selected,all,100,0.06,0.005,0.14285714285714285,0.056666666666666664,0.01,0.06,0.43,6,1,0.06,0.06,0.005,0.06,0.06,0.005,0.06,0.06,0.005,0.06,0.06,0.005
decoded,40000,0.01,20000,0,10,selected,nonfixed,100,0.06,0.005,0.14285714285714285,0.056666666666666664,0.01,0.06,0.43,6,1,0.06,0.06,0.005,0.06,0.06,0.005,0.06,0.06,0.005,0.06,0.06,0.005
decoded,40000,0.01,20000,0,20,neutral,all,1000,0.0,0.0,,0.0,0.0,0.0,0.01,0,0,0.0,0.0,0.0,0.0,0.0,0.0,0.0,0.0,0.0,0.0,0.0,0.0
decoded,40000,0.01,20000,0,20,selected,all,100,0.0,0.0,,0.0,0.0,0.0,0.43,0,0,0.0,0.0,0.0,0.0,0.0,0.0,0.0,0.0,0.0,0.0,0.0,0.0
decoded,40000,0.01,20000,0,20,selected,nonfixed,100,0.0,0.0,,0.0,0.0,0.0,0.43,0,0,0.0,0.0,0.0,0.0,0.0,0.0,0.0,0.0,0.0,0.0,0.0,0.0
decoded,40000,0.01,20000,1,1,neutral,all,1000,0.0,0.908,1.0,0.0,2.368,0.908,0.01,0,2368,0.0,0.0,0.908,0.0,0.0,0.908,0.0,0.0,0.908,0.0,0.0,0.908
decoded,40000,0.01,20000,1,1,selected,all,100,0.52,0.7225476190476191,0.8088235294117647,0.27678571428571425,2.2,0.93,0.43,52,220,0.47,0.53,0.7192142857142858,0.52,0.54,0.7167142857142857,0.57,0.57,0.7067142857142857,0.59,0.59,0.6992142857142858
decoded,40000,0.01,20000,1,1,selected,nonfixed,100,0.52,0.7225476190476191,0.8088235294117647,0.27678571428571425,2.2,0.93,0.43,52,220,0.47,0.53,0.7192142857142858,0.52,0.54,0.7167142857142857,0.57,0.57,0.7067142857142857,0.59,0.59,0.6992142857142858
decoded,40000,0.01,20000,1,3,neutral,all,1000,0.0,0.462,1.0,0.0,0.626,0.462,0.01,0,626,0.0,0.0,0.462,0.0,0.0,0.462,0.0,0.0,0.462,0.0,0.0,0.462
decoded,40000,0.01,20000,1,3,selected,all,100,0.4,0.3058333333333333,0.550561797752809,0.3456666666666666,0.49,0.63,0.43,40,49,0.36,0.41,0.2958333333333333,0.4,0.42,0.28583333333333333,0.43,0.43,0.2758333333333333,0.43,0.43,0.2758333333333333
decoded,40000,0.01,20000,1,3,selected,nonfixed,100,0.4,0.3058333333333333,0.550561797752809,0.3456666666666666,0.49,0.63,0.43,40,49,0.36,0.41,0.2958333333333333,0.4,0.42,0.28583333333333333,0.43,0.43,0.2758333333333333,0.43,0.43,0.2758333333333333
decoded,40000,0.01,20000,1,5,neutral,all,1000,0.0,0.149,1.0,0.0,0.158,0.149,0.01,0,158,0.0,0.0,0.149,0.0,0.0,0.149,0.0,0.0,0.149,0.0,0.0,0.149
decoded,40000,0.01,20000,1,5,selected,all,100,0.22,0.10166666666666666,0.35294117647058826,0.21166666666666664,0.12,0.31,0.43,22,12,0.2,0.23,0.09166666666666666,0.22,0.23,0.09166666666666666,0.24,0.24,0.08166666666666667,0.24,0.24,0.08166666666666667
decoded,40000,0.01,20000,1,5,selected,nonfixed,100,0.22,0.10166666666666666,0.35294117647058826,0.21166666666666664,0.12,0.31,0.43,22,12,0.2,0.23,0.09166666666666666,0.22,0.23,0.09166666666666666,0.24,0.24,0.08166666666666667,0.24,0.24,0.08166666666666667
decoded,40000,0.01,20000,1,10,neutral,all,1000,0.0,0.012,1.0,0.0,0.012,0.012,0.01,0,12,0.0,0.0,0.012,0.0,0.0,0.012,0.0,0.0,0.012,0.0,0.0,0.012
decoded,40000,0.01,20000,1,10,selected,all,100,0.06,0.005,0.14285714285714285,0.056666666666666664,0.01,0.06,0.43,6,1,0.06,0.06,0.005,0.06,0.06,0.005,0.06,0.06,0.005,0.06,0.06,0.005
decoded,40000,0.01,20000,1,10,selected,nonfixed,100,0.06,0.005,0.14285714285714285,0.056666666666666664,0.01,0.06,0.43,6,1,0.06,0.06,0.005,0.06,0.06,0.005,0.06,0.06,0.005,0.06,0.06,0.005
decoded,40000,0.01,20000,1,20,neutral,all,1000,0.0,0.0,,0.0,0.0,0.0,0.01,0,0,0.0,0.0,0.0,0.0,0.0,0.0,0.0,0.0,0.0,0.0,0.0,0.0
decoded,40000,0.01,20000,1,20,selected,all,100,0.0,0.0,,0.0,0.0,0.0,0.43,0,0,0.0,0.0,0.0,0.0,0.0,0.0,0.0,0.0,0.0,0.0,0.0,0.0
decoded,40000,0.01,20000,1,20,selected,nonfixed,100,0.0,0.0,,0.0,0.0,0.0,0.43,0,0,0.0,0.0,0.0,0.0,0.0,0.0,0.0,0.0,0.0,0.0,0.0,0.0
decoded,40000,0.01,50000,0,1,neutral,all,1000,0.0,0.794,1.0,0.0,1.576,0.794,0.01,0,1576,0.0,0.0,0.794,0.0,0.0,0.794,0.0,0.0,0.794,0.0,0.0,0.794
decoded,40000,0.01,50000,0,1,selected,all,100,0.48,0.6196666666666667,0.7587939698492462,0.294,1.51,0.85,0.43,48,151,0.46,0.48,0.6196666666666667,0.48,0.5,0.6046666666666667,0.52,0.52,0.5926666666666667,0.56,0.56,0.571
decoded,40000,0.01,50000,0,1,selected,nonfixed,100,0.48,0.6196666666666667,0.7587939698492462,0.294,1.51,0.85,0.43,48,151,0.46,0.48,0.6196666666666667,0.48,0.5,0.6046666666666667,0.52,0.52,0.5926666666666667,0.56,0.56,0.571
decoded,40000,0.01,50000,0,3,neutral,all,1000,0.0,0.064,1.0,0.0,0.07,0.064,0.01,0,70,0.0,0.0,0.064,0.0,0.0,0.064,0.0,0.0,0.064,0.0,0.0,0.064
decoded,40000,0.01,50000,0,3,selected,all,100,0.13,0.07666666666666666,0.4090909090909091,0.125,0.09,0.2,0.43,13,9,0.11,0.13,0.07666666666666666,0.13,0.14,0.06666666666666667,0.15,0.15,0.056666666666666664,0.15,0.15,0.056666666666666664
decoded,40000,0.01,50000,0,3,selected,nonfixed,100,0.13,0.07666666666666666,0.4090909090909091,0.125,0.09,0.2,0.43,13,9,0.11,0.13,0.07666666666666666,0.13,0.14,0.06666666666666667,0.15,0.15,0.056666666666666664,0.15,0.15,0.056666666666666664
decoded,40000,0.01,50000,0,5,neutral,all,1000,0.0,0.004,1.0,0.0,0.004,0.004,0.01,0,4,0.0,0.0,0.004,0.0,0.0,0.004,0.0,0.0,0.004,0.0,0.0,0.004
decoded,40000,0.01,50000,0,5,selected,all,100,0.03,0.0,0.0,0.03,0.0,0.03,0.43,3,0,0.03,0.03,0.0,0.03,0.03,0.0,0.03,0.03,0.0,0.03,0.03,0.0
decoded,40000,0.01,50000,0,5,selected,nonfixed,100,0.03,0.0,0.0,0.03,0.0,0.03,0.43,3,0,0.03,0.03,0.0,0.03,0.03,0.0,0.03,0.03,0.0,0.03,0.03,0.0
decoded,40000,0.01,50000,0,10,neutral,all,1000,0.0,0.0,,0.0,0.0,0.0,0.01,0,0,0.0,0.0,0.0,0.0,0.0,0.0,0.0,0.0,0.0,0.0,0.0,0.0
decoded,40000,0.01,50000,0,10,selected,all,100,0.0,0.0,,0.0,0.0,0.0,0.43,0,0,0.0,0.0,0.0,0.0,0.0,0.0,0.0,0.0,0.0,0.0,0.0,0.0
decoded,40000,0.01,50000,0,10,selected,nonfixed,100,0.0,0.0,,0.0,0.0,0.0,0.43,0,0,0.0,0.0,0.0,0.0,0.0,0.0,0.0,0.0,0.0,0.0,0.0,0.0
decoded,40000,0.01,50000,0,20,neutral,all,1000,0.0,0.0,,0.0,0.0,0.0,0.01,0,0,0.0,0.0,0.0,0.0,0.0,0.0,0.0,0.0,0.0,0.0,0.0,0.0
decoded,40000,0.01,50000,0,20,selected,all,100,0.0,0.0,,0.0,0.0,0.0,0.43,0,0,0.0,0.0,0.0,0.0,0.0,0.0,0.0,0.0,0.0,0.0,0.0,0.0
decoded,40000,0.01,50000,0,20,selected,nonfixed,100,0.0,0.0,,0.0,0.0,0.0,0.43,0,0,0.0,0.0,0.0,0.0,0.0,0.0,0.0,0.0,0.0,0.0,0.0,0.0
decoded,40000,0.01,50000,1,1,neutral,all,1000,0.0,0.794,1.0,0.0,1.525,0.794,0.01,0,1525,0.0,0.0,0.794,0.0,0.0,0.794,0.0,0.0,0.794,0.0,0.0,0.794
decoded,40000,0.01,50000,1,1,selected,all,100,0.48,0.6056666666666666,0.7433155080213903,0.30566666666666664,1.39,0.85,0.43,48,139,0.46,0.48,0.6056666666666666,0.48,0.5,0.5906666666666667,0.52,0.52,0.5786666666666667,0.56,0.56,0.5569999999999999
decoded,40000,0.01,50000,1,1,selected,nonfixed,100,0.48,0.6056666666666666,0.7433155080213903,0.30566666666666664,1.39,0.85,0.43,48,139,0.46,0.48,0.6056666666666666,0.48,0.5,0.5906666666666667,0.52,0.52,0.5786666666666667,0.56,0.56,0.5569999999999999
decoded,40000,0.01,50000,1,3,neutral,all,1000,0.0,0.075,1.0,0.0,0.081,0.075,0.01,0,81,0.0,0.0,0.075,0.0,0.0,0.075,0.0,0.0,0.075,0.0,0.0,0.075
decoded,40000,0.01,50000,1,3,selected,all,100,0.15,0.08666666666666666,0.4,0.145,0.1,0.23,0.43,15,10,0.13,0.15,0.08666666666666666,0.15,0.16,0.07666666666666666,0.17,0.17,0.06666666666666667,0.17,0.17,0.06666666666666667
decoded,40000,0.01,50000,1,3,selected,nonfixed,100,0.15,0.08666666666666666,0.4,0.145,0.1,0.23,0.43,15,10,0.13,0.15,0.08666666666666666,0.15,0.16,0.07666666666666666,0.17,0.17,0.06666666666666667,0.17,0.17,0.06666666666666667
decoded,40000,0.01,50000,1,5,neutral,all,1000,0.0,0.007,1.0,0.0,0.007,0.007,0.01,0,7,0.0,0.0,0.007,0.0,0.0,0.007,0.0,0.0,0.007,0.0,0.0,0.007
decoded,40000,0.01,50000,1,5,selected,all,100,0.03,0.0,0.0,0.03,0.0,0.03,0.43,3,0,0.03,0.03,0.0,0.03,0.03,0.0,0.03,0.03,0.0,0.03,0.03,0.0
decoded,40000,0.01,50000,1,5,selected,nonfixed,100,0.03,0.0,0.0,0.03,0.0,0.03,0.43,3,0,0.03,0.03,0.0,0.03,0.03,0.0,0.03,0.03,0.0,0.03,0.03,0.0
decoded,40000,0.01,50000,1,10,neutral,all,1000,0.0,0.0,,0.0,0.0,0.0,0.01,0,0,0.0,0.0,0.0,0.0,0.0,0.0,0.0,0.0,0.0,0.0,0.0,0.0
decoded,40000,0.01,50000,1,10,selected,all,100,0.0,0.0,,0.0,0.0,0.0,0.43,0,0,0.0,0.0,0.0,0.0,0.0,0.0,0.0,0.0,0.0,0.0,0.0,0.0
decoded,40000,0.01,50000,1,10,selected,nonfixed,100,0.0,0.0,,0.0,0.0,0.0,0.43,0,0,0.0,0.0,0.0,0.0,0.0,0.0,0.0,0.0,0.0,0.0,0.0,0.0
decoded,40000,0.01,50000,1,20,neutral,all,1000,0.0,0.0,,0.0,0.0,0.0,0.01,0,0,0.0,0.0,0.0,0.0,0.0,0.0,0.0,0.0,0.0,0.0,0.0,0.0
decoded,40000,0.01,50000,1,20,selected,all,100,0.0,0.0,,0.0,0.0,0.0,0.43,0,0,0.0,0.0,0.0,0.0,0.0,0.0,0.0,0.0,0.0,0.0,0.0,0.0
decoded,40000,0.01,50000,1,20,selected,nonfixed,100,0.0,0.0,,0.0,0.0,0.0,0.43,0,0,0.0,0.0,0.0,0.0,0.0,0.0,0.0,0.0,0.0,0.0,0.0,0.0
decoded,40000,0.05,10000,0,1,neutral,all,1000,0.0,1.0,1.0,0.0,12.223,1.0,0.05,0,12223,0.0,0.0,1.0,0.0,0.0,1.0,0.0,0.0,1.0,0.0,0.0,1.0
decoded,40000,0.05,10000,0,1,selected,all,100,0.72,0.9365871936537965,0.9424460431654677,0.11505111752712371,11.79,1.0,0.64,72,1179,0.68,0.7,0.9387300507966537,0.72,0.74,0.9353322916930124,0.81,0.81,0.9289321085428291,0.85,0.85,0.9256851430899813
decoded,40000,0.05,10000,0,1,selected,nonfixed,100,0.72,0.9365871936537965,0.9424460431654677,0.11505111752712371,11.79,1.0,0.64,72,1179,0.68,0.7,0.9387300507966537,0.72,0.74,0.9353322916930124,0.81,0.81,0.9289321085428291,0.85,0.85,0.9256851430899813
decoded,40000,0.05,10000,0,3,neutral,all,1000,0.0,0.999,1.0,0.0,7.256,0.999,0.05,0,7256,0.0,0.0,0.999,0.0,0.0,0.999,0.0,0.0,0.999,0.0,0.0,0.999
decoded,40000,0.05,10000,0,3,selected,all,100,0.62,0.9116337273837273,0.9173333333333333,0.15160667110667111,6.88,1.0,0.64,62,688,0.6,0.62,0.9118837273837274,0.62,0.66,0.9080226162726164,0.7,0.72,0.8978559496059497,0.76,0.76,0.8823559496059498
decoded,40000,0.05,10000,0,3,selected,nonfixed,100,0.62,0.9116337273837273,0.9173333333333333,0.15160667110667111,6.88,1.0,0.64,62,688,0.6,0.62,0.9118837273837274,0.62,0.66,0.9080226162726164,0.7,0.72,0.8978559496059497,0.76,0.76,0.8823559496059498
decoded,40000,0.05,10000,0,5,neutral,all,1000,0.0,0.974,1.0,0.0,3.722,0.974,0.05,0,3722,0.0,0.0,0.974,0.0,0.0,0.974,0.0,0.0,0.974,0.0,0.0,0.974
decoded,40000,0.05,10000,0,5,selected,all,100,0.56,0.8036990231990232,0.8596491228070176,0.2313095238095238,3.43,0.96,0.64,56,343,0.55,0.57,0.8011990231990233,0.56,0.6,0.7950879120879122,0.63,0.64,0.7860879120879122,0.67,0.67,0.7770879120879122
decoded,40000,0.05,10000,0,5,selected,nonfixed,100,0.56,0.8036990231990232,0.8596491228070176,0.2313095238095238,3.43,0.96,0.64,56,343,0.55,0.57,0.8011990231990233,0.56,0.6,0.7950879120879122,0.63,0.64,0.7860879120879122,0.67,0.67,0.7770879120879122
decoded,40000,0.05,10000,0,10,neutral,all,1000,0.0,0.6,1.0,0.0,0.911,0.6,0.05,0,911,0.0,0.0,0.6,0.0,0.0,0.6,0.0,0.0,0.6,0.0,0.0,0.6
decoded,40000,0.05,10000,0,10,selected,all,100,0.4,0.39049999999999996,0.6460176991150443,0.32066666666666666,0.73,0.68,0.64,40,73,0.38,0.41,0.38549999999999995,0.4,0.45,0.36383333333333323,0.44,0.45,0.36383333333333323,0.45,0.45,0.36383333333333323
decoded,40000,0.05,10000,0,10,selected,nonfixed,100,0.4,0.39049999999999996,0.6460176991150443,0.32066666666666666,0.73,0.68,0.64,40,73,0.38,0.41,0.38549999999999995,0.4,0.45,0.36383333333333323,0.44,0.45,0.36383333333333323,0.45,0.45,0.36383333333333323
decoded,40000,0.05,10000,0,20,neutral,all,1000,0.0,0.082,1.0,0.0,0.086,0.082,0.05,0,86,0.0,0.0,0.082,0.0,0.0,0.082,0.0,0.0,0.082,0.0,0.0,0.082
decoded,40000,0.05,10000,0,20,selected,all,100,0.16,0.08,0.38461538461538464,0.15333333333333332,0.1,0.23,0.64,16,10,0.16,0.17,0.07,0.16,0.19,0.05,0.18,0.19,0.05,0.19,0.19,0.05
decoded,40000,0.05,10000,0,20,selected,nonfixed,100,0.16,0.08,0.38461538461538464,0.15333333333333332,0.1,0.23,0.64,16,10,0.16,0.17,0.07,0.16,0.19,0.05,0.18,0.19,0.05,0.19,0.19,0.05
decoded,40000,0.05,10000,1,1,neutral,all,1000,0.0,1.0,1.0,0.0,11.119,1.0,0.05,0,11119,0.0,0.0,1.0,0.0,0.0,1.0,0.0,0.0,1.0,0.0,0.0,1.0
decoded,40000,0.05,10000,1,1,selected,all,100,0.7,0.9317854538971446,0.9381625441696113,0.12281092528491237,10.62,1.0,0.64,70,1062,0.66,0.7,0.9324997396114303,0.7,0.74,0.9289626516993423,0.81,0.81,0.9220966386274471,0.85,0.85,0.9187306255555515
decoded,40000,0.05,10000,1,1,selected,nonfixed,100,0.7,0.9317854538971446,0.9381625441696113,0.12281092528491237,10.62,1.0,0.64,70,1062,0.66,0.7,0.9324997396114303,0.7,0.74,0.9289626516993423,0.81,0.81,0.9220966386274471,0.85,0.85,0.9187306255555515
decoded,40000,0.05,10000,1,3,neutral,all,1000,0.0,0.999,1.0,0.0,7.103,0.999,0.05,0,7103,0.0,0.0,0.999,0.0,0.0,0.999,0.0,0.0,0.999,0.0,0.0,0.999
decoded,40000,0.05,10000,1,3,selected,all,100,0.62,0.9093489843489845,0.915068493150685,0.1548890553890554,6.68,1.0,0.64,62,668,0.58,0.62,0.9091866466866467,0.62,0.67,0.903468031968032,0.7,0.72,0.8949680319680321,0.76,0.76,0.879468031968032
decoded,40000,0.05,10000,1,3,selected,nonfixed,100,0.62,0.9093489843489845,0.915068493150685,0.1548890553890554,6.68,1.0,0.64,62,668,0.58,0.62,0.9091866466866467,0.62,0.67,0.903468031968032,0.7,0.72,0.8949680319680321,0.76,0.76,0.879468031968032
decoded,40000,0.05,10000,1,5,neutral,all,1000,0.0,0.977,1.0,0.0,3.863,0.977,0.05,0,3863,0.0,0.0,0.977,0.0,0.0,0.977,0.0,0.0,0.977,0.0,0.0,0.977
decoded,40000,0.05,10000,1,5,selected,all,100,0.55,0.8245918803418804,0.8677884615384616,0.21734126984126984,3.61,0.97,0.64,55,361,0.53,0.57,0.8200918803418804,0.55,0.61,0.8113418803418804,0.63,0.64,0.8048418803418804,0.67,0.67,0.7961752136752138
decoded,40000,0.05,10000,1,5,selected,nonfixed,100,0.55,0.8245918803418804,0.8677884615384616,0.21734126984126984,3.61,0.97,0.64,55,361,0.53,0.57,0.8200918803418804,0.55,0.61,0.8113418803418804,0.63,0.64,0.8048418803418804,0.67,0.67,0.7961752136752138
decoded,40000,0.05,10000,1,10,neutral,all,1000,0.0,0.648,1.0,0.0,1.037,0.648,0.05,0,1037,0.0,0.0,0.648,0.0,0.0,0.648,0.0,0.0,0.648,0.0,0.0,0.648
decoded,40000,0.05,10000,1,10,selected,all,100,0.4,0.45216666666666666,0.6825396825396826,0.3123333333333333,0.86,0.73,0.64,40,86,0.38,0.42,0.4421666666666667,0.4,0.47,0.4113333333333333,0.47,0.48,0.40633333333333327,0.48,0.48,0.40633333333333327
decoded,40000,0.05,10000,1,10,selected,nonfixed,100,0.4,0.45216666666666666,0.6825396825396826,0.3123333333333333,0.86,0.73,0.64,40,86,0.38,0.42,0.4421666666666667,0.4,0.47,0.4113333333333333,0.47,0.48,0.40633333333333327,0.48,0.48,0.40633333333333327
decoded,40000,0.05,10000,1,20,neutral,all,1000,0.0,0.102,1.0,0.0,0.108,0.102,0.05,0,108,0.0,0.0,0.102,0.0,0.0,0.102,0.0,0.0,0.102,0.0,0.0,0.102
decoded,40000,0.05,10000,1,20,selected,all,100,0.18,0.1,0.4,0.1733333333333333,0.12,0.27,0.64,18,12,0.17,0.2,0.08,0.18,0.22,0.06,0.21,0.22,0.06,0.22,0.22,0.06
decoded,40000,0.05,10000,1,20,selected,nonfixed,100,0.18,0.1,0.4,0.1733333333333333,0.12,0.27,0.64,18,12,0.17,0.2,0.08,0.18,0.22,0.06,0.21,0.22,0.06,0.22,0.22,0.06
decoded,40000,0.05,20000,0,1,neutral,all,1000,0.0,1.0,1.0,0.0,10.35,1.0,0.05,0,10350,0.0,0.0,1.0,0.0,0.0,1.0,0.0,0.0,1.0,0.0,0.0,1.0
decoded,40000,0.05,20000,0,1,selected,all,100,0.69,0.9276572388310004,0.9340974212034384,0.12923167029049382,9.78,1.0,0.64,69,978,0.62,0.68,0.9290217076954693,0.69,0.72,0.9254846197833814,0.78,0.79,0.9181876112363728,0.85,0.85,0.9122606631844249
decoded,40000,0.05,20000,0,1,selected,nonfixed,100,0.69,0.9276572388310004,0.9340974212034384,0.12923167029049382,9.78,1.0,0.64,69,978,0.62,0.68,0.9290217076954693,0.69,0.72,0.9254846197833814,0.78,0.79,0.9181876112363728,0.85,0.85,0.9122606631844249
decoded,40000,0.05,20000,0,3,neutral,all,1000,0.0,0.954,1.0,0.0,3.375,0.954,0.05,0,3375,0.0,0.0,0.954,0.0,0.0,0.954,0.0,0.0,0.954,0.0,0.0,0.954
decoded,40000,0.05,20000,0,3,selected,all,100,0.54,0.8107499999999999,0.850828729281768,0.2312130647130647,3.08,0.97,0.64,54,308,0.49,0.55,0.8074166666666666,0.54,0.58,0.8009880952380952,0.61,0.62,0.7903214285714284,0.66,0.66,0.7724880952380951
decoded,40000,0.05,20000,0,3,selected,nonfixed,100,0.54,0.8107499999999999,0.850828729281768,0.2312130647130647,3.08,0.97,0.64,54,308,0.49,0.55,0.8074166666666666,0.54,0.58,0.8009880952380952,0.61,0.62,0.7903214285714284,0.66,0.66,0.7724880952380951
decoded,40000,0.05,20000,0,5,neutral,all,1000,0.0,0.68,1.0,0.0,1.144,0.68,0.05,0,1144,0.0,0.0,0.68,0.0,0.0,0.68,0.0,0.0,0.68,0.0,0.0,0.68
decoded,40000,0.05,20000,0,5,selected,all,100,0.4,0.46016666666666667,0.696969696969697,0.29900000000000004,0.92,0.72,0.64,40,92,0.36,0.41,0.45516666666666666,0.4,0.45,0.43433333333333335,0.45,0.46,0.42933333333333334,0.46,0.46,0.42933333333333334
decoded,40000,0.05,20000,0,5,selected,nonfixed,100,0.4,0.46016666666666667,0.696969696969697,0.29900000000000004,0.92,0.72,0.64,40,92,0.36,0.41,0.45516666666666666,0.4,0.45,0.43433333333333335,0.45,0.46,0.42933333333333334,0.46,0.46,0.42933333333333334
decoded,40000,0.05,20000,0,10,neutral,all,1000,0.0,0.107,1.0,0.0,0.116,0.107,0.05,0,116,0.0,0.0,0.107,0.0,0.0,0.107,0.0,0.0,0.107,0.0,0.0,0.107
decoded,40000,0.05,20000,0,10,selected,all,100,0.17,0.1,0.41379310344827586,0.16333333333333333,0.12,0.26,0.64,17,12,0.17,0.18,0.09,0.17,0.2,0.07,0.19,0.2,0.07,0.2,0.2,0.07
decoded,40000,0.05,20000,0,10,selected,nonfixed,100,0.17,0.1,0.41379310344827586,0.16333333333333333,0.12,0.26,0.64,17,12,0.17,0.18,0.09,0.17,0.2,0.07,0.19,0.2,0.07,0.2,0.2,0.07
decoded,40000,0.05,20000,0,20,neutral,all,1000,0.0,0.002,1.0,0.0,0.002,0.002,0.05,0,2,0.0,0.0,0.002,0.0,0.0,0.002,0.0,0.0,0.002,0.0,0.0,0.002
decoded,40000,0.05,20000,0,20,selected,all,100,0.0,0.0,,0.0,0.0,0.0,0.64,0,0,0.0,0.0,0.0,0.0,0.0,0.0,0.0,0.0,0.0,0.0,0.0,0.0
decoded,40000,0.05,20000,0,20,selected,nonfixed,100,0.0,0.0,,0.0,0.0,0.0,0.64,0,0,0.0,0.0,0.0,0.0,0.0,0.0,0.0,0.0,0.0,0.0,0.0,0.0
decoded,40000,0.05,20000,1,1,neutral,all,1000,0.0,1.0,1.0,0.0,9.482,1.0,0.05,0,9482,0.0,0.0,1.0,0.0,0.0,1.0,0.0,0.0,1.0,0.0,0.0,1.0
decoded,40000,0.05,20000,1,1,selected,all,100,0.68,0.9206112555744909,0.9295336787564766,0.1399574848955654,8.97,1.0,0.64,68,897,0.61,0.68,0.9215636365268719,0.68,0.72,0.9176694057576411,0.78,0.79,0.9097325370707723,0.85,0.85,0.9030321402453757
decoded,40000,0.05,20000,1,1,selected,nonfixed,100,0.68,0.9206112555744909,0.9295336787564766,0.1399574848955654,8.97,1.0,0.64,68,897,0.61,0.68,0.9215636365268719,0.68,0.72,0.9176694057576411,0.78,0.79,0.9097325370707723,0.85,0.85,0.9030321402453757
decoded,40000,0.05,20000,1,3,neutral,all,1000,0.0,0.965,1.0,0.0,3.508,0.965,0.05,0,3508,0.0,0.0,0.965,0.0,0.0,0.965,0.0,0.0,0.965,0.0,0.0,0.965
decoded,40000,0.05,20000,1,3,selected,all,100,0.54,0.8094880952380953,0.852054794520548,0.23266544566544567,3.11,0.97,0.64,54,311,0.49,0.56,0.804154761904762,0.54,0.59,0.7977261904761904,0.62,0.63,0.7873928571428572,0.67,0.67,0.7698928571428572
decoded,40000,0.05,20000,1,3,selected,nonfixed,100,0.54,0.8094880952380953,0.852054794520548,0.23266544566544567,3.11,0.97,0.64,54,311,0.49,0.56,0.804154761904762,0.54,0.59,0.7977261904761904,0.62,0.63,0.7873928571428572,0.67,0.67,0.7698928571428572
decoded,40000,0.05,20000,1,5,neutral,all,1000,0.0,0.743,1.0,0.0,1.311,0.743,0.05,0,1311,0.0,0.0,0.743,0.0,0.0,0.743,0.0,0.0,0.743,0.0,0.0,0.743
decoded,40000,0.05,20000,1,5,selected,all,100,0.41,0.49516666666666664,0.7152777777777778,0.297,1.03,0.75,0.64,41,103,0.37,0.43,0.48516666666666663,0.41,0.47,0.4651666666666667,0.47,0.48,0.46016666666666667,0.48,0.48,0.46016666666666667
decoded,40000,0.05,20000,1,5,selected,nonfixed,100,0.41,0.49516666666666664,0.7152777777777778,0.297,1.03,0.75,0.64,41,103,0.37,0.43,0.48516666666666663,0.41,0.47,0.4651666666666667,0.47,0.48,0.46016666666666667,0.48,0.48,0.46016666666666667
decoded,40000,0.05,20000,1,10,neutral,all,1000,0.0,0.137,1.0,0.0,0.152,0.137,0.05,0,152,0.0,0.0,0.137,0.0,0.0,0.137,0.0,0.0,0.137,0.0,0.0,0.137
decoded,40000,0.05,20000,1,10,selected,all,100,0.17,0.145,0.48484848484848486,0.15999999999999998,0.16,0.3,0.64,17,16,0.17,0.19,0.125,0.17,0.21,0.105,0.2,0.21,0.105,0.21,0.21,0.105
decoded,40000,0.05,20000,1,10,selected,nonfixed,100,0.17,0.145,0.48484848484848486,0.15999999999999998,0.16,0.3,0.64,17,16,0.17,0.19,0.125,0.17,0.21,0.105,0.2,0.21,0.105,0.21,0.21,0.105
decoded,40000,0.05,20000,1,20,neutral,all,1000,0.0,0.004,1.0,0.0,0.004,0.004,0.05,0,4,0.0,0.0,0.004,0.0,0.0,0.004,0.0,0.0,0.004,0.0,0.0,0.004
decoded,40000,0.05,20000,1,20,selected,all,100,0.0,0.02,1.0,0.0,0.02,0.02,0.64,0,2,0.0,0.01,0.01,0.0,0.01,0.01,0.01,0.01,0.01,0.01,0.01,0.01
decoded,40000,0.05,20000,1,20,selected,nonfixed,100,0.0,0.02,1.0,0.0,0.02,0.02,0.64,0,2,0.0,0.01,0.01,0.0,0.01,0.01,0.01,0.01,0.01,0.01,0.01,0.01
decoded,40000,0.05,50000,0,1,neutral,all,1000,0.0,1.0,1.0,0.0,6.938,1.0,0.05,0,6938,0.0,0.0,1.0,0.0,0.0,1.0,0.0,0.0,1.0,0.0,0.0,1.0
decoded,40000,0.05,50000,0,1,selected,all,100,0.66,0.9004355644355644,0.9097127222982216,0.16926631701631703,6.65,1.0,0.64,66,665,0.64,0.67,0.8993244533244532,0.66,0.68,0.8982133422133421,0.74,0.74,0.8894355644355645,0.79,0.79,0.8822173104673106
decoded,40000,0.05,50000,0,1,selected,nonfixed,100,0.66,0.9004355644355644,0.9097127222982216,0.16926631701631703,6.65,1.0,0.64,66,665,0.64,0.67,0.8993244533244532,0.66,0.68,0.8982133422133421,0.74,0.74,0.8894355644355645,0.79,0.79,0.8822173104673106
decoded,40000,0.05,50000,0,3,neutral,all,1000,0.0,0.487,1.0,0.0,0.678,0.487,0.05,0,678,0.0,0.0,0.487,0.0,0.0,0.487,0.0,0.0,0.487,0.0,0.0,0.487
decoded,40000,0.05,50000,0,3,selected,all,100,0.35,0.2791666666666666,0.5833333333333334,0.28733333333333333,0.49,0.54,0.64,35,49,0.32,0.36,0.27416666666666667,0.35,0.39,0.25416666666666665,0.38,0.39,0.25416666666666665,0.39,0.39,0.25416666666666665
decoded,40000,0.05,50000,0,3,selected,nonfixed,100,0.35,0.2791666666666666,0.5833333333333334,0.28733333333333333,0.49,0.54,0.64,35,49,0.32,0.36,0.27416666666666667,0.35,0.39,0.25416666666666665,0.38,0.39,0.25416666666666665,0.39,0.39,0.25416666666666665
decoded,40000,0.05,50000,0,5,neutral,all,1000,0.0,0.073,1.0,0.0,0.078,0.073,0.05,0,78,0.0,0.0,0.073,0.0,0.0,0.073,0.0,0.0,0.073,0.0,0.0,0.073
decoded,40000,0.05,50000,0,5,selected,all,100,0.13,0.035,0.23529411764705882,0.12666666666666665,0.04,0.16,0.64,13,4,0.12,0.14,0.025,0.13,0.15,0.015,0.14,0.15,0.015,0.15,0.15,0.015
decoded,40000,0.05,50000,0,5,selected,nonfixed,100,0.13,0.035,0.23529411764705882,0.12666666666666665,0.04,0.16,0.64,13,4,0.12,0.14,0.025,0.13,0.15,0.015,0.14,0.15,0.015,0.15,0.15,0.015
decoded,40000,0.05,50000,0,10,neutral,all,1000,0.0,0.002,1.0,0.0,0.002,0.002,0.05,0,2,0.0,0.0,0.002,0.0,0.0,0.002,0.0,0.0,0.002,0.0,0.0,0.002
decoded,40000,0.05,50000,0,10,selected,all,100,0.0,0.0,,0.0,0.0,0.0,0.64,0,0,0.0,0.0,0.0,0.0,0.0,0.0,0.0,0.0,0.0,0.0,0.0,0.0
decoded,40000,0.05,50000,0,10,selected,nonfixed,100,0.0,0.0,,0.0,0.0,0.0,0.64,0,0,0.0,0.0,0.0,0.0,0.0,0.0,0.0,0.0,0.0,0.0,0.0,0.0
decoded,40000,0.05,50000,0,20,neutral,all,1000,0.0,0.0,,0.0,0.0,0.0,0.05,0,0,0.0,0.0,0.0,0.0,0.0,0.0,0.0,0.0,0.0,0.0,0.0,0.0
decoded,40000,0.05,50000,0,20,selected,all,100,0.0,0.0,,0.0,0.0,0.0,0.64,0,0,0.0,0.0,0.0,0.0,0.0,0.0,0.0,0.0,0.0,0.0,0.0,0.0
decoded,40000,0.05,50000,0,20,selected,nonfixed,100,0.0,0.0,,0.0,0.0,0.0,0.64,0,0,0.0,0.0,0.0,0.0,0.0,0.0,0.0,0.0,0.0,0.0,0.0,0.0
decoded,40000,0.05,50000,1,1,neutral,all,1000,0.0,1.0,1.0,0.0,6.415,1.0,0.05,0,6415,0.0,0.0,1.0,0.0,0.0,1.0,0.0,0.0,1.0,0.0,0.0,1.0
decoded,40000,0.05,50000,1,1,selected,all,100,0.63,0.896101370851371,0.905688622754491,0.17478016428016427,6.05,1.0,0.64,63,605,0.6,0.67,0.8911720779220778,0.63,0.68,0.8897435064935064,0.74,0.74,0.8803585858585857,0.79,0.79,0.8727633477633477
decoded,40000,0.05,50000,1,1,selected,nonfixed,100,0.63,0.896101370851371,0.905688622754491,0.17478016428016427,6.05,1.0,0.64,63,605,0.6,0.67,0.8911720779220778,0.63,0.68,0.8897435064935064,0.74,0.74,0.8803585858585857,0.79,0.79,0.8727633477633477
decoded,40000,0.05,50000,1,3,neutral,all,1000,0.0,0.563,1.0,0.0,0.82,0.563,0.05,0,820,0.0,0.0,0.563,0.0,0.0,0.563,0.0,0.0,0.563,0.0,0.0,0.563
decoded,40000,0.05,50000,1,3,selected,all,100,0.36,0.33666666666666667,0.6326530612244898,0.29133333333333333,0.62,0.6,0.64,36,62,0.33,0.4,0.30833333333333335,0.36,0.41,0.30333333333333334,0.4,0.41,0.30333333333333334,0.41,0.41,0.30333333333333334
decoded,40000,0.05,50000,1,3,selected,nonfixed,100,0.36,0.33666666666666667,0.6326530612244898,0.29133333333333333,0.62,0.6,0.64,36,62,0.33,0.4,0.30833333333333335,0.36,0.41,0.30333333333333334,0.4,0.41,0.30333333333333334,0.41,0.41,0.30333333333333334
decoded,40000,0.05,50000,1,5,neutral,all,1000,0.0,0.117,1.0,0.0,0.13,0.117,0.05,0,130,0.0,0.0,0.117,0.0,0.0,0.117,0.0,0.0,0.117,0.0,0.0,0.117
decoded,40000,0.05,50000,1,5,selected,all,100,0.16,0.105,0.4074074074074074,0.15666666666666665,0.11,0.26,0.64,16,11,0.14,0.19,0.075,0.16,0.2,0.065,0.19,0.2,0.065,0.2,0.2,0.065
decoded,40000,0.05,50000,1,5,selected,nonfixed,100,0.16,0.105,0.4074074074074074,0.15666666666666665,0.11,0.26,0.64,16,11,0.14,0.19,0.075,0.16,0.2,0.065,0.19,0.2,0.065,0.2,0.2,0.065
decoded,40000,0.05,50000,1,10,neutral,all,1000,0.0,0.004,1.0,0.0,0.004,0.004,0.05,0,4,0.0,0.0,0.004,0.0,0.0,0.004,0.0,0.0,0.004,0.0,0.0,0.004
decoded,40000,0.05,50000,1,10,selected,all,100,0.0,0.02,1.0,0.0,0.02,0.02,0.64,0,2,0.0,0.01,0.01,0.0,0.01,0.01,0.01,0.01,0.01,0.01,0.01,0.01
decoded,40000,0.05,50000,1,10,selected,nonfixed,100,0.0,0.02,1.0,0.0,0.02,0.02,0.64,0,2,0.0,0.01,0.01,0.0,0.01,0.01,0.01,0.01,0.01,0.01,0.01,0.01
decoded,40000,0.05,50000,1,20,neutral,all,1000,0.0,0.0,,0.0,0.0,0.0,0.05,0,0,0.0,0.0,0.0,0.0,0.0,0.0,0.0,0.0,0.0,0.0,0.0,0.0
decoded,40000,0.05,50000,1,20,selected,all,100,0.0,0.0,,0.0,0.0,0.0,0.64,0,0,0.0,0.0,0.0,0.0,0.0,0.0,0.0,0.0,0.0,0.0,0.0,0.0
decoded,40000,0.05,50000,1,20,selected,nonfixed,100,0.0,0.0,,0.0,0.0,0.0,0.64,0,0,0.0,0.0,0.0,0.0,0.0,0.0,0.0,0.0,0.0,0.0,0.0,0.0
decoded,50000,0.001,10000,0,1,neutral,all,1000,0.0,0.326,1.0,0.0,0.459,0.326,0.001,0,459,0.0,0.0,0.326,0.0,0.0,0.326,0.0,0.0,0.326,0.0,0.0,0.326
decoded,50000,0.001,10000,0,1,selected,all,100,0.34,0.33349999999999996,0.6565656565656566,0.262,0.65,0.57,0.23,34,65,0.31,0.31,0.3559999999999999,0.34,0.34,0.33349999999999996,0.35,0.35,0.32349999999999995,0.36,0.36,0.3135
decoded,50000,0.001,10000,0,1,selected,nonfixed,100,0.34,0.33349999999999996,0.6565656565656566,0.262,0.65,0.57,0.23,34,65,0.31,0.31,0.3559999999999999,0.34,0.34,0.33349999999999996,0.35,0.35,0.32349999999999995,0.36,0.36,0.3135
decoded,50000,0.001,10000,0,3,neutral,all,1000,0.0,0.111,1.0,0.0,0.129,0.111,0.001,0,129,0.0,0.0,0.111,0.0,0.0,0.111,0.0,0.0,0.111,0.0,0.0,0.111
decoded,50000,0.001,10000,0,3,selected,all,100,0.24,0.17666666666666664,0.4782608695652174,0.22166666666666665,0.22,0.39,0.23,24,22,0.24,0.24,0.17666666666666664,0.24,0.24,0.17666666666666664,0.25,0.25,0.16666666666666663,0.25,0.25,0.16666666666666663
decoded,50000,0.001,10000,0,3,selected,nonfixed,100,0.24,0.17666666666666664,0.4782608695652174,0.22166666666666665,0.22,0.39,0.23,24,22,0.24,0.24,0.17666666666666664,0.24,0.24,0.17666666666666664,0.25,0.25,0.16666666666666663,0.25,0.25,0.16666666666666663
decoded,50000,0.001,10000,0,5,neutral,all,1000,0.0,0.034,1.0,0.0,0.036,0.034,0.001,0,36,0.0,0.0,0.034,0.0,0.0,0.034,0.0,0.0,0.034,0.0,0.0,0.034
decoded,50000,0.001,10000,0,5,selected,all,100,0.13,0.045,0.2777777777777778,0.12666666666666665,0.05,0.17,0.23,13,5,0.13,0.13,0.045,0.13,0.13,0.045,0.14,0.14,0.035,0.14,0.14,0.035
decoded,50000,0.001,10000,0,5,selected,nonfixed,100,0.13,0.045,0.2777777777777778,0.12666666666666665,0.05,0.17,0.23,13,5,0.13,0.13,0.045,0.13,0.13,0.045,0.14,0.14,0.035,0.14,0.14,0.035
decoded,50000,0.001,10000,0,10,neutral,all,1000,0.0,0.003,1.0,0.0,0.003,0.003,0.001,0,3,0.0,0.0,0.003,0.0,0.0,0.003,0.0,0.0,0.003,0.0,0.0,0.003
decoded,50000,0.001,10000,0,10,selected,all,100,0.02,0.01,0.3333333333333333,0.02,0.01,0.03,0.23,2,1,0.02,0.02,0.01,0.02,0.02,0.01,0.03,0.03,0.0,0.03,0.03,0.0
decoded,50000,0.001,10000,0,10,selected,nonfixed,100,0.02,0.01,0.3333333333333333,0.02,0.01,0.03,0.23,2,1,0.02,0.02,0.01,0.02,0.02,0.01,0.03,0.03,0.0,0.03,0.03,0.0
decoded,50000,0.001,10000,0,20,neutral,all,1000,0.0,0.0,,0.0,0.0,0.0,0.001,0,0,0.0,0.0,0.0,0.0,0.0,0.0,0.0,0.0,0.0,0.0,0.0,0.0
decoded,50000,0.001,10000,0,20,selected,all,100,0.0,0.0,,0.0,0.0,0.0,0.23,0,0,0.0,0.0,0.0,0.0,0.0,0.0,0.0,0.0,0.0,0.0,0.0,0.0
decoded,50000,0.001,10000,0,20,selected,nonfixed,100,0.0,0.0,,0.0,0.0,0.0,0.23,0,0,0.0,0.0,0.0,0.0,0.0,0.0,0.0,0.0,0.0,0.0,0.0,0.0
decoded,50000,0.001,10000,1,1,neutral,all,1000,0.0,0.326,1.0,0.0,0.437,0.326,0.001,0,437,0.0,0.0,0.326,0.0,0.0,0.326,0.0,0.0,0.326,0.0,0.0,0.326
decoded,50000,0.001,10000,1,1,selected,all,100,0.34,0.325,0.6263736263736264,0.27099999999999996,0.57,0.57,0.23,34,57,0.31,0.31,0.3483333333333333,0.34,0.34,0.325,0.35,0.35,0.315,0.36,0.36,0.305
decoded,50000,0.001,10000,1,1,selected,nonfixed,100,0.34,0.325,0.6263736263736264,0.27099999999999996,0.57,0.57,0.23,34,57,0.31,0.31,0.3483333333333333,0.34,0.34,0.325,0.35,0.35,0.315,0.36,0.36,0.305
decoded,50000,0.001,10000,1,3,neutral,all,1000,0.0,0.114,1.0,0.0,0.129,0.114,0.001,0,129,0.0,0.0,0.114,0.0,0.0,0.114,0.0,0.0,0.114,0.0,0.0,0.114
decoded,50000,0.001,10000,1,3,selected,all,100,0.25,0.175,0.45652173913043476,0.22666666666666666,0.21,0.39,0.23,25,21,0.25,0.25,0.175,0.25,0.25,0.175,0.26,0.26,0.165,0.26,0.26,0.165
decoded,50000,0.001,10000,1,3,selected,nonfixed,100,0.25,0.175,0.45652173913043476,0.22666666666666666,0.21,0.39,0.23,25,21,0.25,0.25,0.175,0.25,0.25,0.175,0.26,0.26,0.165,0.26,0.26,0.165
decoded,50000,0.001,10000,1,5,neutral,all,1000,0.0,0.043,1.0,0.0,0.045,0.043,0.001,0,45,0.0,0.0,0.043,0.0,0.0,0.043,0.0,0.0,0.043,0.0,0.0,0.043
decoded,50000,0.001,10000,1,5,selected,all,100,0.14,0.05,0.2631578947368421,0.14,0.05,0.19,0.23,14,5,0.14,0.14,0.05,0.14,0.14,0.05,0.15,0.15,0.04,0.15,0.15,0.04
decoded,50000,0.001,10000,1,5,selected,nonfixed,100,0.14,0.05,0.2631578947368421,0.14,0.05,0.19,0.23,14,5,0.14,0.14,0.05,0.14,0.14,0.05,0.15,0.15,0.04,0.15,0.15,0.04
decoded,50000,0.001,10000,1,10,neutral,all,1000,0.0,0.003,1.0,0.0,0.003,0.003,0.001,0,3,0.0,0.0,0.003,0.0,0.0,0.003,0.0,0.0,0.003,0.0,0.0,0.003
decoded,50000,0.001,10000,1,10,selected,all,100,0.03,0.01,0.25,0.03,0.01,0.04,0.23,3,1,0.03,0.03,0.01,0.03,0.03,0.01,0.04,0.04,0.0,0.04,0.04,0.0
decoded,50000,0.001,10000,1,10,selected,nonfixed,100,0.03,0.01,0.25,0.03,0.01,0.04,0.23,3,1,0.03,0.03,0.01,0.03,0.03,0.01,0.04,0.04,0.0,0.04,0.04,0.0
decoded,50000,0.001,10000,1,20,neutral,all,1000,0.0,0.0,,0.0,0.0,0.0,0.001,0,0,0.0,0.0,0.0,0.0,0.0,0.0,0.0,0.0,0.0,0.0,0.0,0.0
decoded,50000,0.001,10000,1,20,selected,all,100,0.0,0.0,,0.0,0.0,0.0,0.23,0,0,0.0,0.0,0.0,0.0,0.0,0.0,0.0,0.0,0.0,0.0,0.0,0.0
decoded,50000,0.001,10000,1,20,selected,nonfixed,100,0.0,0.0,,0.0,0.0,0.0,0.23,0,0,0.0,0.0,0.0,0.0,0.0,0.0,0.0,0.0,0.0,0.0,0.0,0.0
decoded,50000,0.001,20000,0,1,neutral,all,1000,0.0,0.273,1.0,0.0,0.348,0.273,0.001,0,348,0.0,0.0,0.273,0.0,0.0,0.273,0.0,0.0,0.273,0.0,0.0,0.273
decoded,50000,0.001,20000,0,1,selected,all,100,0.3,0.29833333333333334,0.6052631578947368,0.25166666666666665,0.46,0.53,0.23,30,46,0.3,0.3,0.29833333333333334,0.3,0.3,0.29833333333333334,0.31,0.31,0.28833333333333333,0.31,0.31,0.28833333333333333
decoded,50000,0.001,20000,0,1,selected,nonfixed,100,0.3,0.29833333333333334,0.6052631578947368,0.25166666666666665,0.46,0.53,0.23,30,46,0.3,0.3,0.29833333333333334,0.3,0.3,0.29833333333333334,0.31,0.31,0.28833333333333333,0.31,0.31,0.28833333333333333
decoded,50000,0.001,20000,0,3,neutral,all,1000,0.0,0.031,1.0,0.0,0.031,0.031,0.001,0,31,0.0,0.0,0.031,0.0,0.0,0.031,0.0,0.0,0.031,0.0,0.0,0.031
decoded,50000,0.001,20000,0,3,selected,all,100,0.1,0.02,0.16666666666666666,0.1,0.02,0.12,0.23,10,2,0.1,0.1,0.02,0.1,0.1,0.02,0.11,0.11,0.01,0.11,0.11,0.01
decoded,50000,0.001,20000,0,3,selected,nonfixed,100,0.1,0.02,0.16666666666666666,0.1,0.02,0.12,0.23,10,2,0.1,0.1,0.02,0.1,0.1,0.02,0.11,0.11,0.01,0.11,0.11,0.01
decoded,50000,0.001,20000,0,5,neutral,all,1000,0.0,0.005,1.0,0.0,0.005,0.005,0.001,0,5,0.0,0.0,0.005,0.0,0.0,0.005,0.0,0.0,0.005,0.0,0.0,0.005
decoded,50000,0.001,20000,0,5,selected,all,100,0.02,0.01,0.3333333333333333,0.02,0.01,0.03,0.23,2,1,0.02,0.02,0.01,0.02,0.02,0.01,0.03,0.03,0.0,0.03,0.03,0.0
decoded,50000,0.001,20000,0,5,selected,nonfixed,100,0.02,0.01,0.3333333333333333,0.02,0.01,0.03,0.23,2,1,0.02,0.02,0.01,0.02,0.02,0.01,0.03,0.03,0.0,0.03,0.03,0.0
decoded,50000,0.001,20000,0,10,neutral,all,1000,0.0,0.0,,0.0,0.0,0.0,0.001,0,0,0.0,0.0,0.0,0.0,0.0,0.0,0.0,0.0,0.0,0.0,0.0,0.0
decoded,50000,0.001,20000,0,10,selected,all,100,0.0,0.0,,0.0,0.0,0.0,0.23,0,0,0.0,0.0,0.0,0.0,0.0,0.0,0.0,0.0,0.0,0.0,0.0,0.0
decoded,50000,0.001,20000,0,10,selected,nonfixed,100,0.0,0.0,,0.0,0.0,0.0,0.23,0,0,0.0,0.0,0.0,0.0,0.0,0.0,0.0,0.0,0.0,0.0,0.0,0.0
decoded,50000,0.001,20000,0,20,neutral,all,1000,0.0,0.0,,0.0,0.0,0.0,0.001,0,0,0.0,0.0,0.0,0.0,0.0,0.0,0.0,0.0,0.0,0.0,0.0,0.0
decoded,50000,0.001,20000,0,20,selected,all,100,0.0,0.0,,0.0,0.0,0.0,0.23,0,0,0.0,0.0,0.0,0.0,0.0,0.0,0.0,0.0,0.0,0.0,0.0,0.0
decoded,50000,0.001,20000,0,20,selected,nonfixed,100,0.0,0.0,,0.0,0.0,0.0,0.23,0,0,0.0,0.0,0.0,0.0,0.0,0.0,0.0,0.0,0.0,0.0,0.0,0.0
decoded,50000,0.001,20000,1,1,neutral,all,1000,0.0,0.273,1.0,0.0,0.332,0.273,0.001,0,332,0.0,0.0,0.273,0.0,0.0,0.273,0.0,0.0,0.273,0.0,0.0,0.273
decoded,50000,0.001,20000,1,1,selected,all,100,0.3,0.295,0.5945945945945946,0.255,0.44,0.53,0.23,30,44,0.3,0.3,0.295,0.3,0.3,0.295,0.31,0.31,0.285,0.31,0.31,0.285
decoded,50000,0.001,20000,1,1,selected,nonfixed,100,0.3,0.295,0.5945945945945946,0.255,0.44,0.53,0.23,30,44,0.3,0.3,0.295,0.3,0.3,0.295,0.31,0.31,0.285,0.31,0.31,0.285
decoded,50000,0.001,20000,1,3,neutral,all,1000,0.0,0.036,1.0,0.0,0.036,0.036,0.001,0,36,0.0,0.0,0.036,0.0,0.0,0.036,0.0,0.0,0.036,0.0,0.0,0.036
decoded,50000,0.001,20000,1,3,selected,all,100,0.11,0.02,0.15384615384615385,0.11,0.02,0.13,0.23,11,2,0.11,0.11,0.02,0.11,0.11,0.02,0.12,0.12,0.01,0.12,0.12,0.01
decoded,50000,0.001,20000,1,3,selected,nonfixed,100,0.11,0.02,0.15384615384615385,0.11,0.02,0.13,0.23,11,2,0.11,0.11,0.02,0.11,0.11,0.02,0.12,0.12,0.01,0.12,0.12,0.01
decoded,50000,0.001,20000,1,5,neutral,all,1000,0.0,0.006,1.0,0.0,0.006,0.006,0.001,0,6,0.0,0.0,0.006,0.0,0.0,0.006,0.0,0.0,0.006,0.0,0.0,0.006
decoded,50000,0.001,20000,1,5,selected,all,100,0.03,0.01,0.25,0.03,0.01,0.04,0.23,3,1,0.03,0.03,0.01,0.03,0.03,0.01,0.04,0.04,0.0,0.04,0.04,0.0
decoded,50000,0.001,20000,1,5,selected,nonfixed,100,0.03,0.01,0.25,0.03,0.01,0.04,0.23,3,1,0.03,0.03,0.01,0.03,0.03,0.01,0.04,0.04,0.0,0.04,0.04,0.0
decoded,50000,0.001,20000,1,10,neutral,all,1000,0.0,0.0,,0.0,0.0,0.0,0.001,0,0,0.0,0.0,0.0,0.0,0.0,0.0,0.0,0.0,0.0,0.0,0.0,0.0
decoded,50000,0.001,20000,1,10,selected,all,100,0.0,0.0,,0.0,0.0,0.0,0.23,0,0,0.0,0.0,0.0,0.0,0.0,0.0,0.0,0.0,0.0,0.0,0.0,0.0
decoded,50000,0.001,20000,1,10,selected,nonfixed,100,0.0,0.0,,0.0,0.0,0.0,0.23,0,0,0.0,0.0,0.0,0.0,0.0,0.0,0.0,0.0,0.0,0.0,0.0,0.0
decoded,50000,0.001,20000,1,20,neutral,all,1000,0.0,0.0,,0.0,0.0,0.0,0.001,0,0,0.0,0.0,0.0,0.0,0.0,0.0,0.0,0.0,0.0,0.0,0.0,0.0
decoded,50000,0.001,20000,1,20,selected,all,100,0.0,0.0,,0.0,0.0,0.0,0.23,0,0,0.0,0.0,0.0,0.0,0.0,0.0,0.0,0.0,0.0,0.0,0.0,0.0
decoded,50000,0.001,20000,1,20,selected,nonfixed,100,0.0,0.0,,0.0,0.0,0.0,0.23,0,0,0.0,0.0,0.0,0.0,0.0,0.0,0.0,0.0,0.0,0.0,0.0,0.0
decoded,50000,0.001,50000,0,1,neutral,all,1000,0.0,0.164,1.0,0.0,0.181,0.164,0.001,0,181,0.0,0.0,0.164,0.0,0.0,0.164,0.0,0.0,0.164,0.0,0.0,0.164
decoded,50000,0.001,50000,0,1,selected,all,100,0.27,0.16166666666666668,0.4489795918367347,0.24833333333333332,0.22,0.4,0.23,27,22,0.27,0.27,0.16166666666666668,0.27,0.27,0.16166666666666668,0.28,0.28,0.15166666666666667,0.28,0.28,0.15166666666666667
decoded,50000,0.001,50000,0,1,selected,nonfixed,100,0.27,0.16166666666666668,0.4489795918367347,0.24833333333333332,0.22,0.4,0.23,27,22,0.27,0.27,0.16166666666666668,0.27,0.27,0.16166666666666668,0.28,0.28,0.15166666666666667,0.28,0.28,0.15166666666666667
decoded,50000,0.001,50000,0,3,neutral,all,1000,0.0,0.002,1.0,0.0,0.002,0.002,0.001,0,2,0.0,0.0,0.002,0.0,0.0,0.002,0.0,0.0,0.002,0.0,0.0,0.002
decoded,50000,0.001,50000,0,3,selected,all,100,0.0,0.0,,0.0,0.0,0.0,0.23,0,0,0.0,0.0,0.0,0.0,0.0,0.0,0.0,0.0,0.0,0.0,0.0,0.0
decoded,50000,0.001,50000,0,3,selected,nonfixed,100,0.0,0.0,,0.0,0.0,0.0,0.23,0,0,0.0,0.0,0.0,0.0,0.0,0.0,0.0,0.0,0.0,0.0,0.0,0.0
decoded,50000,0.001,50000,0,5,neutral,all,1000,0.0,0.0,,0.0,0.0,0.0,0.001,0,0,0.0,0.0,0.0,0.0,0.0,0.0,0.0,0.0,0.0,0.0,0.0,0.0
decoded,50000,0.001,50000,0,5,selected,all,100,0.0,0.0,,0.0,0.0,0.0,0.23,0,0,0.0,0.0,0.0,0.0,0.0,0.0,0.0,0.0,0.0,0.0,0.0,0.0
decoded,50000,0.001,50000,0,5,selected,nonfixed,100,0.0,0.0,,0.0,0.0,0.0,0.23,0,0,0.0,0.0,0.0,0.0,0.0,0.0,0.0,0.0,0.0,0.0,0.0,0.0
decoded,50000,0.001,50000,0,10,neutral,all,1000,0.0,0.0,,0.0,0.0,0.0,0.001,0,0,0.0,0.0,0.0,0.0,0.0,0.0,0.0,0.0,0.0,0.0,0.0,0.0
decoded,50000,0.001,50000,0,10,selected,all,100,0.0,0.0,,0.0,0.0,0.0,0.23,0,0,0.0,0.0,0.0,0.0,0.0,0.0,0.0,0.0,0.0,0.0,0.0,0.0
decoded,50000,0.001,50000,0,10,selected,nonfixed,100,0.0,0.0,,0.0,0.0,0.0,0.23,0,0,0.0,0.0,0.0,0.0,0.0,0.0,0.0,0.0,0.0,0.0,0.0,0.0
decoded,50000,0.001,50000,0,20,neutral,all,1000,0.0,0.0,,0.0,0.0,0.0,0.001,0,0,0.0,0.0,0.0,0.0,0.0,0.0,0.0,0.0,0.0,0.0,0.0,0.0
decoded,50000,0.001,50000,0,20,selected,all,100,0.0,0.0,,0.0,0.0,0.0,0.23,0,0,0.0,0.0,0.0,0.0,0.0,0.0,0.0,0.0,0.0,0.0,0.0,0.0
decoded,50000,0.001,50000,0,20,selected,nonfixed,100,0.0,0.0,,0.0,0.0,0.0,0.23,0,0,0.0,0.0,0.0,0.0,0.0,0.0,0.0,0.0,0.0,0.0,0.0,0.0
decoded,50000,0.001,50000,1,1,neutral,all,1000,0.0,0.164,1.0,0.0,0.18,0.164,0.001,0,180,0.0,0.0,0.164,0.0,0.0,0.164,0.0,0.0,0.164,0.0,0.0,0.164
decoded,50000,0.001,50000,1,1,selected,all,100,0.27,0.16166666666666668,0.4489795918367347,0.24833333333333332,0.22,0.4,0.23,27,22,0.27,0.27,0.16166666666666668,0.27,0.27,0.16166666666666668,0.28,0.28,0.15166666666666667,0.28,0.28,0.15166666666666667
decoded,50000,0.001,50000,1,1,selected,nonfixed,100,0.27,0.16166666666666668,0.4489795918367347,0.24833333333333332,0.22,0.4,0.23,27,22,0.27,0.27,0.16166666666666668,0.27,0.27,0.16166666666666668,0.28,0.28,0.15166666666666667,0.28,0.28,0.15166666666666667
decoded,50000,0.001,50000,1,3,neutral,all,1000,0.0,0.002,1.0,0.0,0.002,0.002,0.001,0,2,0.0,0.0,0.002,0.0,0.0,0.002,0.0,0.0,0.002,0.0,0.0,0.002
decoded,50000,0.001,50000,1,3,selected,all,100,0.0,0.0,,0.0,0.0,0.0,0.23,0,0,0.0,0.0,0.0,0.0,0.0,0.0,0.0,0.0,0.0,0.0,0.0,0.0
decoded,50000,0.001,50000,1,3,selected,nonfixed,100,0.0,0.0,,0.0,0.0,0.0,0.23,0,0,0.0,0.0,0.0,0.0,0.0,0.0,0.0,0.0,0.0,0.0,0.0,0.0
decoded,50000,0.001,50000,1,5,neutral,all,1000,0.0,0.0,,0.0,0.0,0.0,0.001,0,0,0.0,0.0,0.0,0.0,0.0,0.0,0.0,0.0,0.0,0.0,0.0,0.0
decoded,50000,0.001,50000,1,5,selected,all,100,0.0,0.0,,0.0,0.0,0.0,0.23,0,0,0.0,0.0,0.0,0.0,0.0,0.0,0.0,0.0,0.0,0.0,0.0,0.0
decoded,50000,0.001,50000,1,5,selected,nonfixed,100,0.0,0.0,,0.0,0.0,0.0,0.23,0,0,0.0,0.0,0.0,0.0,0.0,0.0,0.0,0.0,0.0,0.0,0.0,0.0
decoded,50000,0.001,50000,1,10,neutral,all,1000,0.0,0.0,,0.0,0.0,0.0,0.001,0,0,0.0,0.0,0.0,0.0,0.0,0.0,0.0,0.0,0.0,0.0,0.0,0.0
decoded,50000,0.001,50000,1,10,selected,all,100,0.0,0.0,,0.0,0.0,0.0,0.23,0,0,0.0,0.0,0.0,0.0,0.0,0.0,0.0,0.0,0.0,0.0,0.0,0.0
decoded,50000,0.001,50000,1,10,selected,nonfixed,100,0.0,0.0,,0.0,0.0,0.0,0.23,0,0,0.0,0.0,0.0,0.0,0.0,0.0,0.0,0.0,0.0,0.0,0.0,0.0
decoded,50000,0.001,50000,1,20,neutral,all,1000,0.0,0.0,,0.0,0.0,0.0,0.001,0,0,0.0,0.0,0.0,0.0,0.0,0.0,0.0,0.0,0.0,0.0,0.0,0.0
decoded,50000,0.001,50000,1,20,selected,all,100,0.0,0.0,,0.0,0.0,0.0,0.23,0,0,0.0,0.0,0.0,0.0,0.0,0.0,0.0,0.0,0.0,0.0,0.0,0.0
decoded,50000,0.001,50000,1,20,selected,nonfixed,100,0.0,0.0,,0.0,0.0,0.0,0.23,0,0,0.0,0.0,0.0,0.0,0.0,0.0,0.0,0.0,0.0,0.0,0.0,0.0
decoded,50000,0.01,10000,0,1,neutral,all,1000,0.0,0.95,1.0,0.0,3.335,0.95,0.01,0,3335,0.0,0.0,0.95,0.0,0.0,0.95,0.0,0.0,0.95,0.0,0.0,0.95
decoded,50000,0.01,10000,0,1,selected,all,100,0.49,0.7936071428571428,0.8646408839779005,0.21673809523809523,3.13,0.95,0.4,49,313,0.46,0.48,0.7956071428571427,0.49,0.49,0.7936071428571428,0.52,0.52,0.786345238095238,0.55,0.55,0.776345238095238
decoded,50000,0.01,10000,0,1,selected,nonfixed,100,0.49,0.7936071428571428,0.8646408839779005,0.21673809523809523,3.13,0.95,0.4,49,313,0.46,0.48,0.7956071428571427,0.49,0.49,0.7936071428571428,0.52,0.52,0.786345238095238,0.55,0.55,0.776345238095238
decoded,50000,0.01,10000,0,3,neutral,all,1000,0.0,0.751,1.0,0.0,1.506,0.751,0.01,0,1506,0.0,0.0,0.751,0.0,0.0,0.751,0.0,0.0,0.751,0.0,0.0,0.751
decoded,50000,0.01,10000,0,3,selected,all,100,0.42,0.6053333333333333,0.7586206896551724,0.2656666666666666,1.32,0.82,0.4,42,132,0.4,0.42,0.6053333333333333,0.42,0.42,0.6053333333333333,0.43,0.43,0.6003333333333333,0.45,0.46,0.5870000000000001
decoded,50000,0.01,10000,0,3,selected,nonfixed,100,0.42,0.6053333333333333,0.7586206896551724,0.2656666666666666,1.32,0.82,0.4,42,132,0.4,0.42,0.6053333333333333,0.42,0.42,0.6053333333333333,0.43,0.43,0.6003333333333333,0.45,0.46,0.5870000000000001
decoded,50000,0.01,10000,0,5,neutral,all,1000,0.0,0.444,1.0,0.0,0.602,0.444,0.01,0,602,0.0,0.0,0.444,0.0,0.0,0.444,0.0,0.0,0.444,0.0,0.0,0.444
decoded,50000,0.01,10000,0,5,selected,all,100,0.34,0.3141666666666667,0.6344086021505376,0.259,0.59,0.54,0.4,34,59,0.32,0.34,0.3141666666666667,0.34,0.34,0.3141666666666667,0.35,0.35,0.3091666666666667,0.35,0.35,0.3091666666666667
decoded,50000,0.01,10000,0,5,selected,nonfixed,100,0.34,0.3141666666666667,0.6344086021505376,0.259,0.59,0.54,0.4,34,59,0.32,0.34,0.3141666666666667,0.34,0.34,0.3141666666666667,0.35,0.35,0.3091666666666667,0.35,0.35,0.3091666666666667
decoded,50000,0.01,10000,0,10,neutral,all,1000,0.0,0.069,1.0,0.0,0.078,0.069,0.01,0,78,0.0,0.0,0.069,0.0,0.0,0.069,0.0,0.0,0.069,0.0,0.0,0.069
decoded,50000,0.01,10000,0,10,selected,all,100,0.15,0.06666666666666667,0.34782608695652173,0.145,0.08,0.21,0.4,15,8,0.13,0.15,0.06666666666666667,0.15,0.16,0.056666666666666664,0.18,0.18,0.03666666666666667,0.18,0.18,0.03666666666666667
decoded,50000,0.01,10000,0,10,selected,nonfixed,100,0.15,0.06666666666666667,0.34782608695652173,0.145,0.08,0.21,0.4,15,8,0.13,0.15,0.06666666666666667,0.15,0.16,0.056666666666666664,0.18,0.18,0.03666666666666667,0.18,0.18,0.03666666666666667
decoded,50000,0.01,10000,0,20,neutral,all,1000,0.0,0.005,1.0,0.0,0.005,0.005,0.01,0,5,0.0,0.0,0.005,0.0,0.0,0.005,0.0,0.0,0.005,0.0,0.0,0.005
decoded,50000,0.01,10000,0,20,selected,all,100,0.01,0.01,0.5,0.01,0.01,0.02,0.4,1,1,0.01,0.01,0.01,0.01,0.01,0.01,0.01,0.02,0.0,0.02,0.02,0.0
decoded,50000,0.01,10000,0,20,selected,nonfixed,100,0.01,0.01,0.5,0.01,0.01,0.02,0.4,1,1,0.01,0.01,0.01,0.01,0.01,0.01,0.01,0.02,0.0,0.02,0.02,0.0
decoded,50000,0.01,10000,1,1,neutral,all,1000,0.0,0.95,1.0,0.0,3.111,0.95,0.01,0,3111,0.0,0.0,0.95,0.0,0.0,0.95,0.0,0.0,0.95,0.0,0.0,0.95
decoded,50000,0.01,10000,1,1,selected,all,100,0.49,0.7867619047619049,0.8524096385542169,0.22526984126984126,2.83,0.95,0.4,49,283,0.45,0.48,0.7887619047619048,0.49,0.49,0.7867619047619049,0.52,0.52,0.7789285714285715,0.55,0.55,0.7672619047619048
decoded,50000,0.01,10000,1,1,selected,nonfixed,100,0.49,0.7867619047619049,0.8524096385542169,0.22526984126984126,2.83,0.95,0.4,49,283,0.45,0.48,0.7887619047619048,0.49,0.49,0.7867619047619049,0.52,0.52,0.7789285714285715,0.55,0.55,0.7672619047619048
decoded,50000,0.01,10000,1,3,neutral,all,1000,0.0,0.762,1.0,0.0,1.53,0.762,0.01,0,1530,0.0,0.0,0.762,0.0,0.0,0.762,0.0,0.0,0.762,0.0,0.0,0.762
decoded,50000,0.01,10000,1,3,selected,all,100,0.43,0.6065,0.7514450867052023,0.2746666666666666,1.3,0.83,0.4,43,130,0.4,0.43,0.6065,0.43,0.43,0.6065,0.44,0.44,0.6015,0.45,0.46,0.5931666666666667
decoded,50000,0.01,10000,1,3,selected,nonfixed,100,0.43,0.6065,0.7514450867052023,0.2746666666666666,1.3,0.83,0.4,43,130,0.4,0.43,0.6065,0.43,0.43,0.6065,0.44,0.44,0.6015,0.45,0.46,0.5931666666666667
decoded,50000,0.01,10000,1,5,neutral,all,1000,0.0,0.469,1.0,0.0,0.642,0.469,0.01,0,642,0.0,0.0,0.469,0.0,0.0,0.469,0.0,0.0,0.469,0.0,0.0,0.469
decoded,50000,0.01,10000,1,5,selected,all,100,0.36,0.33416666666666667,0.6363636363636364,0.2723333333333333,0.63,0.57,0.4,36,63,0.33,0.36,0.33416666666666667,0.36,0.36,0.33416666666666667,0.38,0.38,0.3191666666666667,0.38,0.38,0.3191666666666667
decoded,50000,0.01,10000,1,5,selected,nonfixed,100,0.36,0.33416666666666667,0.6363636363636364,0.2723333333333333,0.63,0.57,0.4,36,63,0.33,0.36,0.33416666666666667,0.36,0.36,0.33416666666666667,0.38,0.38,0.3191666666666667,0.38,0.38,0.3191666666666667
decoded,50000,0.01,10000,1,10,neutral,all,1000,0.0,0.081,1.0,0.0,0.09,0.081,0.01,0,90,0.0,0.0,0.081,0.0,0.0,0.081,0.0,0.0,0.081,0.0,0.0,0.081
decoded,50000,0.01,10000,1,10,selected,all,100,0.15,0.09666666666666666,0.4230769230769231,0.145,0.11,0.24,0.4,15,11,0.13,0.15,0.09666666666666666,0.15,0.16,0.08666666666666666,0.18,0.18,0.06666666666666667,0.18,0.18,0.06666666666666667
decoded,50000,0.01,10000,1,10,selected,nonfixed,100,0.15,0.09666666666666666,0.4230769230769231,0.145,0.11,0.24,0.4,15,11,0.13,0.15,0.09666666666666666,0.15,0.16,0.08666666666666666,0.18,0.18,0.06666666666666667,0.18,0.18,0.06666666666666667
decoded,50000,0.01,10000,1,20,neutral,all,1000,0.0,0.006,1.0,0.0,0.006,0.006,0.01,0,6,0.0,0.0,0.006,0.0,0.0,0.006,0.0,0.0,0.006,0.0,0.0,0.006
decoded,50000,0.01,10000,1,20,selected,all,100,0.01,0.01,0.5,0.01,0.01,0.02,0.4,1,1,0.01,0.01,0.01,0.01,0.01,0.01,0.01,0.02,0.0,0.02,0.02,0.0
decoded,50000,0.01,10000,1,20,selected,nonfixed,100,0.01,0.01,0.5,0.01,0.01,0.02,0.4,1,1,0.01,0.01,0.01,0.01,0.01,0.01,0.01,0.02,0.0,0.02,0.02,0.0
decoded,50000,0.01,20000,0,1,neutral,all,1000,0.0,0.926,1.0,0.0,2.721,0.926,0.01,0,2721,0.0,0.0,0.926,0.0,0.0,0.926,0.0,0.0,0.926,0.0,0.0,0.926
decoded,50000,0.01,20000,0,1,selected,all,100,0.48,0.7603690476190477,0.840531561461794,0.23219047619047617,2.53,0.93,0.4,48,253,0.45,0.47,0.7620357142857144,0.48,0.49,0.7570357142857144,0.51,0.51,0.7512023809523811,0.55,0.55,0.736702380952381
decoded,50000,0.01,20000,0,1,selected,nonfixed,100,0.48,0.7603690476190477,0.840531561461794,0.23219047619047617,2.53,0.93,0.4,48,253,0.45,0.47,0.7620357142857144,0.48,0.49,0.7570357142857144,0.51,0.51,0.7512023809523811,0.55,0.55,0.736702380952381
decoded,50000,0.01,20000,0,3,neutral,all,1000,0.0,0.417,1.0,0.0,0.539,0.417,0.01,0,539,0.0,0.0,0.417,0.0,0.0,0.417,0.0,0.0,0.417,0.0,0.0,0.417
decoded,50000,0.01,20000,0,3,selected,all,100,0.33,0.29083333333333333,0.5975609756097561,0.27899999999999997,0.49,0.55,0.4,33,49,0.31,0.33,0.29083333333333333,0.33,0.34,0.2808333333333334,0.35,0.35,0.2758333333333334,0.36,0.36,0.26583333333333337
decoded,50000,0.01,20000,0,3,selected,nonfixed,100,0.33,0.29083333333333333,0.5975609756097561,0.27899999999999997,0.49,0.55,0.4,33,49,0.31,0.33,0.29083333333333333,0.33,0.34,0.2808333333333334,0.35,0.35,0.2758333333333334,0.36,0.36,0.26583333333333337
decoded,50000,0.01,20000,0,5,neutral,all,1000,0.0,0.1,1.0,0.0,0.111,0.1,0.01,0,111,0.0,0.0,0.1,0.0,0.0,0.1,0.0,0.0,0.1,0.0,0.0,0.1
decoded,50000,0.01,20000,0,5,selected,all,100,0.15,0.09666666666666666,0.4230769230769231,0.145,0.11,0.24,0.4,15,11,0.13,0.15,0.09666666666666666,0.15,0.17,0.07666666666666666,0.19,0.19,0.056666666666666664,0.19,0.19,0.056666666666666664
decoded,50000,0.01,20000,0,5,selected,nonfixed,100,0.15,0.09666666666666666,0.4230769230769231,0.145,0.11,0.24,0.4,15,11,0.13,0.15,0.09666666666666666,0.15,0.17,0.07666666666666666,0.19,0.19,0.056666666666666664,0.19,0.19,0.056666666666666664
decoded,50000,0.01,20000,0,10,neutral,all,1000,0.0,0.006,1.0,0.0,0.006,0.006,0.01,0,6,0.0,0.0,0.006,0.0,0.0,0.006,0.0,0.0,0.006,0.0,0.0,0.006
decoded,50000,0.01,20000,0,10,selected,all,100,0.02,0.01,0.3333333333333333,0.02,0.01,0.03,0.4,2,1,0.02,0.02,0.01,0.02,0.02,0.01,0.02,0.03,0.0,0.03,0.03,0.0
decoded,50000,0.01,20000,0,10,selected,nonfixed,100,0.02,0.01,0.3333333333333333,0.02,0.01,0.03,0.4,2,1,0.02,0.02,0.01,0.02,0.02,0.01,0.02,0.03,0.0,0.03,0.03,0.0
decoded,50000,0.01,20000,0,20,neutral,all,1000,0.0,0.0,,0.0,0.0,0.0,0.01,0,0,0.0,0.0,0.0,0.0,0.0,0.0,0.0,0.0,0.0,0.0,0.0,0.0
decoded,50000,0.01,20000,0,20,selected,all,100,0.0,0.0,,0.0,0.0,0.0,0.4,0,0,0.0,0.0,0.0,0.0,0.0,0.0,0.0,0.0,0.0,0.0,0.0,0.0
decoded,50000,0.01,20000,0,20,selected,nonfixed,100,0.0,0.0,,0.0,0.0,0.0,0.4,0,0,0.0,0.0,0.0,0.0,0.0,0.0,0.0,0.0,0.0,0.0,0.0,0.0
decoded,50000,0.01,20000,1,1,neutral,all,1000,0.0,0.926,1.0,0.0,2.589,0.926,0.01,0,2589,0.0,0.0,0.926,0.0,0.0,0.926,0.0,0.0,0.926,0.0,0.0,0.926
decoded,50000,0.01,20000,1,1,selected,all,100,0.47,0.7546309523809523,0.8321428571428572,0.237484126984127,2.33,0.93,0.4,47,233,0.42,0.47,0.7529642857142856,0.47,0.49,0.7479642857142856,0.51,0.51,0.7421309523809525,0.55,0.55,0.7271309523809525
decoded,50000,0.01,20000,1,1,selected,nonfixed,100,0.47,0.7546309523809523,0.8321428571428572,0.237484126984127,2.33,0.93,0.4,47,233,0.42,0.47,0.7529642857142856,0.47,0.49,0.7479642857142856,0.51,0.51,0.7421309523809525,0.55,0.55,0.7271309523809525
decoded,50000,0.01,20000,1,3,neutral,all,1000,0.0,0.441,1.0,0.0,0.576,0.441,0.01,0,576,0.0,0.0,0.441,0.0,0.0,0.441,0.0,0.0,0.441,0.0,0.0,0.441
decoded,50000,0.01,20000,1,3,selected,all,100,0.35,0.33083333333333337,0.6111111111111112,0.29233333333333333,0.55,0.6,0.4,35,55,0.31,0.36,0.32583333333333336,0.35,0.37,0.31583333333333335,0.38,0.38,0.31083333333333335,0.39,0.39,0.30083333333333334
decoded,50000,0.01,20000,1,3,selected,nonfixed,100,0.35,0.33083333333333337,0.6111111111111112,0.29233333333333333,0.55,0.6,0.4,35,55,0.31,0.36,0.32583333333333336,0.35,0.37,0.31583333333333335,0.38,0.38,0.31083333333333335,0.39,0.39,0.30083333333333334
decoded,50000,0.01,20000,1,5,neutral,all,1000,0.0,0.12,1.0,0.0,0.133,0.12,0.01,0,133,0.0,0.0,0.12,0.0,0.0,0.12,0.0,0.0,0.12,0.0,0.0,0.12
decoded,50000,0.01,20000,1,5,selected,all,100,0.16,0.11666666666666665,0.4482758620689655,0.155,0.13,0.27,0.4,16,13,0.14,0.17,0.10666666666666666,0.16,0.18,0.09666666666666666,0.2,0.2,0.07666666666666666,0.2,0.2,0.07666666666666666
decoded,50000,0.01,20000,1,5,selected,nonfixed,100,0.16,0.11666666666666665,0.4482758620689655,0.155,0.13,0.27,0.4,16,13,0.14,0.17,0.10666666666666666,0.16,0.18,0.09666666666666666,0.2,0.2,0.07666666666666666,0.2,0.2,0.07666666666666666
decoded,50000,0.01,20000,1,10,neutral,all,1000,0.0,0.007,1.0,0.0,0.007,0.007,0.01,0,7,0.0,0.0,0.007,0.0,0.0,0.007,0.0,0.0,0.007,0.0,0.0,0.007
decoded,50000,0.01,20000,1,10,selected,all,100,0.02,0.02,0.5,0.02,0.02,0.04,0.4,2,2,0.02,0.03,0.01,0.02,0.03,0.01,0.03,0.04,0.0,0.04,0.04,0.0
decoded,50000,0.01,20000,1,10,selected,nonfixed,100,0.02,0.02,0.5,0.02,0.02,0.04,0.4,2,2,0.02,0.03,0.01,0.02,0.03,0.01,0.03,0.04,0.0,0.04,0.04,0.0
decoded,50000,0.01,20000,1,20,neutral,all,1000,0.0,0.0,,0.0,0.0,0.0,0.01,0,0,0.0,0.0,0.0,0.0,0.0,0.0,0.0,0.0,0.0,0.0,0.0,0.0
decoded,50000,0.01,20000,1,20,selected,all,100,0.0,0.0,,0.0,0.0,0.0,0.4,0,0,0.0,0.0,0.0,0.0,0.0,0.0,0.0,0.0,0.0,0.0,0.0,0.0
decoded,50000,0.01,20000,1,20,selected,nonfixed,100,0.0,0.0,,0.0,0.0,0.0,0.4,0,0,0.0,0.0,0.0,0.0,0.0,0.0,0.0,0.0,0.0,0.0,0.0,0.0
decoded,50000,0.01,50000,0,1,neutral,all,1000,0.0,0.8,1.0,0.0,1.643,0.8,0.01,0,1643,0.0,0.0,0.8,0.0,0.0,0.8,0.0,0.0,0.8,0.0,0.0,0.8
decoded,50000,0.01,50000,0,1,selected,all,100,0.46,0.5953333333333333,0.7591623036649214,0.2835238095238095,1.45,0.82,0.4,46,145,0.43,0.45,0.6003333333333333,0.46,0.46,0.5953333333333333,0.48,0.48,0.5878333333333333,0.51,0.51,0.5745
decoded,50000,0.01,50000,0,1,selected,nonfixed,100,0.46,0.5953333333333333,0.7591623036649214,0.2835238095238095,1.45,0.82,0.4,46,145,0.43,0.45,0.6003333333333333,0.46,0.46,0.5953333333333333,0.48,0.48,0.5878333333333333,0.51,0.51,0.5745
decoded,50000,0.01,50000,0,3,neutral,all,1000,0.0,0.055,1.0,0.0,0.056,0.055,0.01,0,56,0.0,0.0,0.055,0.0,0.0,0.055,0.0,0.0,0.055,0.0,0.0,0.055
decoded,50000,0.01,50000,0,3,selected,all,100,0.13,0.056666666666666664,0.35,0.125,0.07,0.18,0.4,13,7,0.11,0.13,0.056666666666666664,0.13,0.14,0.04666666666666666,0.15,0.15,0.03666666666666667,0.15,0.15,0.03666666666666667
decoded,50000,0.01,50000,0,3,selected,nonfixed,100,0.13,0.056666666666666664,0.35,0.125,0.07,0.18,0.4,13,7,0.11,0.13,0.056666666666666664,0.13,0.14,0.04666666666666666,0.15,0.15,0.03666666666666667,0.15,0.15,0.03666666666666667
decoded,50000,0.01,50000,0,5,neutral,all,1000,0.0,0.004,1.0,0.0,0.004,0.004,0.01,0,4,0.0,0.0,0.004,0.0,0.0,0.004,0.0,0.0,0.004,0.0,0.0,0.004
decoded,50000,0.01,50000,0,5,selected,all,100,0.01,0.0,0.0,0.01,0.0,0.01,0.4,1,0,0.01,0.01,0.0,0.01,0.01,0.0,0.01,0.01,0.0,0.01,0.01,0.0
decoded,50000,0.01,50000,0,5,selected,nonfixed,100,0.01,0.0,0.0,0.01,0.0,0.01,0.4,1,0,0.01,0.01,0.0,0.01,0.01,0.0,0.01,0.01,0.0,0.01,0.01,0.0
decoded,50000,0.01,50000,0,10,neutral,all,1000,0.0,0.0,,0.0,0.0,0.0,0.01,0,0,0.0,0.0,0.0,0.0,0.0,0.0,0.0,0.0,0.0,0.0,0.0,0.0
decoded,50000,0.01,50000,0,10,selected,all,100,0.0,0.0,,0.0,0.0,0.0,0.4,0,0,0.0,0.0,0.0,0.0,0.0,0.0,0.0,0.0,0.0,0.0,0.0,0.0
decoded,50000,0.01,50000,0,10,selected,nonfixed,100,0.0,0.0,,0.0,0.0,0.0,0.4,0,0,0.0,0.0,0.0,0.0,0.0,0.0,0.0,0.0,0.0,0.0,0.0,0.0
decoded,50000,0.01,50000,0,20,neutral,all,1000,0.0,0.0,,0.0,0.0,0.0,0.01,0,0,0.0,0.0,0.0,0.0,0.0,0.0,0.0,0.0,0.0,0.0,0.0,0.0
decoded,50000,0.01,50000,0,20,selected,all,100,0.0,0.0,,0.0,0.0,0.0,0.4,0,0,0.0,0.0,0.0,0.0,0.0,0.0,0.0,0.0,0.0,0.0,0.0,0.0
decoded,50000,0.01,50000,0,20,selected,nonfixed,100,0.0,0.0,,0.0,0.0,0.0,0.4,0,0,0.0,0.0,0.0,0.0,0.0,0.0,0.0,0.0,0.0,0.0,0.0,0.0
decoded,50000,0.01,50000,1,1,neutral,all,1000,0.0,0.8,1.0,0.0,1.587,0.8,0.01,0,1587,0.0,0.0,0.8,0.0,0.0,0.8,0.0,0.0,0.8,0.0,0.0,0.8
decoded,50000,0.01,50000,1,1,selected,all,100,0.45,0.5916666666666667,0.7540983606557377,0.2843333333333333,1.38,0.82,0.4,45,138,0.42,0.45,0.5916666666666667,0.45,0.46,0.5866666666666667,0.48,0.48,0.5791666666666666,0.51,0.51,0.5658333333333334
decoded,50000,0.01,50000,1,1,selected,nonfixed,100,0.45,0.5916666666666667,0.7540983606557377,0.2843333333333333,1.38,0.82,0.4,45,138,0.42,0.45,0.5916666666666667,0.45,0.46,0.5866666666666667,0.48,0.48,0.5791666666666666,0.51,0.51,0.5658333333333334
decoded,50000,0.01,50000,1,3,neutral,all,1000,0.0,0.065,1.0,0.0,0.066,0.065,0.01,0,66,0.0,0.0,0.065,0.0,0.0,0.065,0.0,0.0,0.065,0.0,0.0,0.065
decoded,50000,0.01,50000,1,3,selected,all,100,0.15,0.06666666666666667,0.34782608695652173,0.145,0.08,0.21,0.4,15,8,0.13,0.16,0.056666666666666664,0.15,0.16,0.056666666666666664,0.17,0.17,0.04666666666666666,0.17,0.17,0.04666666666666666
decoded,50000,0.01,50000,1,3,selected,nonfixed,100,0.15,0.06666666666666667,0.34782608695652173,0.145,0.08,0.21,0.4,15,8,0.13,0.16,0.056666666666666664,0.15,0.16,0.056666666666666664,0.17,0.17,0.04666666666666666,0.17,0.17,0.04666666666666666
decoded,50000,0.01,50000,1,5,neutral,all,1000,0.0,0.007,1.0,0.0,0.007,0.007,0.01,0,7,0.0,0.0,0.007,0.0,0.0,0.007,0.0,0.0,0.007,0.0,0.0,0.007
decoded,50000,0.01,50000,1,5,selected,all,100,0.01,0.0,0.0,0.01,0.0,0.01,0.4,1,0,0.01,0.01,0.0,0.01,0.01,0.0,0.01,0.01,0.0,0.01,0.01,0.0
decoded,50000,0.01,50000,1,5,selected,nonfixed,100,0.01,0.0,0.0,0.01,0.0,0.01,0.4,1,0,0.01,0.01,0.0,0.01,0.01,0.0,0.01,0.01,0.0,0.01,0.01,0.0
decoded,50000,0.01,50000,1,10,neutral,all,1000,0.0,0.0,,0.0,0.0,0.0,0.01,0,0,0.0,0.0,0.0,0.0,0.0,0.0,0.0,0.0,0.0,0.0,0.0,0.0
decoded,50000,0.01,50000,1,10,selected,all,100,0.0,0.0,,0.0,0.0,0.0,0.4,0,0,0.0,0.0,0.0,0.0,0.0,0.0,0.0,0.0,0.0,0.0,0.0,0.0
decoded,50000,0.01,50000,1,10,selected,nonfixed,100,0.0,0.0,,0.0,0.0,0.0,0.4,0,0,0.0,0.0,0.0,0.0,0.0,0.0,0.0,0.0,0.0,0.0,0.0,0.0
decoded,50000,0.01,50000,1,20,neutral,all,1000,0.0,0.0,,0.0,0.0,0.0,0.01,0,0,0.0,0.0,0.0,0.0,0.0,0.0,0.0,0.0,0.0,0.0,0.0,0.0
decoded,50000,0.01,50000,1,20,selected,all,100,0.0,0.0,,0.0,0.0,0.0,0.4,0,0,0.0,0.0,0.0,0.0,0.0,0.0,0.0,0.0,0.0,0.0,0.0,0.0
decoded,50000,0.01,50000,1,20,selected,nonfixed,100,0.0,0.0,,0.0,0.0,0.0,0.4,0,0,0.0,0.0,0.0,0.0,0.0,0.0,0.0,0.0,0.0,0.0,0.0,0.0
decoded,50000,0.05,10000,0,1,neutral,all,1000,0.0,1.0,1.0,0.0,13.547,1.0,0.05,0,13547,0.0,0.0,1.0,0.0,0.0,1.0,0.0,0.0,1.0,0.0,0.0,1.0
decoded,50000,0.05,10000,0,1,selected,all,100,0.73,0.938036961477448,0.9444866920152091,0.11291928683283695,12.42,1.0,0.62,73,1242,0.67,0.7,0.940434397374884,0.73,0.76,0.9359429443834312,0.83,0.83,0.929931289371776,0.89,0.89,0.9244398363803231
decoded,50000,0.05,10000,0,1,selected,nonfixed,100,0.73,0.938036961477448,0.9444866920152091,0.11291928683283695,12.42,1.0,0.62,73,1242,0.67,0.7,0.940434397374884,0.73,0.76,0.9359429443834312,0.83,0.83,0.929931289371776,0.89,0.89,0.9244398363803231
decoded,50000,0.05,10000,0,3,neutral,all,1000,0.0,1.0,1.0,0.0,7.227,1.0,0.05,0,7227,0.0,0.0,1.0,0.0,0.0,1.0,0.0,0.0,1.0,0.0,0.0,1.0
decoded,50000,0.05,10000,0,3,selected,all,100,0.64,0.8908029470529472,0.9128065395095368,0.16601451326451325,6.7,0.99,0.62,64,670,0.59,0.64,0.8910529470529472,0.64,0.7,0.8840708041958044,0.74,0.74,0.8783208041958045,0.78,0.78,0.871483141858142
decoded,50000,0.05,10000,0,3,selected,nonfixed,100,0.64,0.8908029470529472,0.9128065395095368,0.16601451326451325,6.7,0.99,0.62,64,670,0.59,0.64,0.8910529470529472,0.64,0.7,0.8840708041958044,0.74,0.74,0.8783208041958045,0.78,0.78,0.871483141858142
decoded,50000,0.05,10000,0,5,neutral,all,1000,0.0,0.97,1.0,0.0,3.552,0.97,0.05,0,3552,0.0,0.0,0.97,0.0,0.0,0.97,0.0,0.0,0.97,0.0,0.0,0.97
decoded,50000,0.05,10000,0,5,selected,all,100,0.55,0.7971785714285714,0.8533333333333334,0.2418023088023088,3.2,0.97,0.62,55,320,0.51,0.56,0.7938452380952381,0.55,0.61,0.7837341269841269,0.63,0.63,0.7792341269841271,0.65,0.66,0.766734126984127
decoded,50000,0.05,10000,0,5,selected,nonfixed,100,0.55,0.7971785714285714,0.8533333333333334,0.2418023088023088,3.2,0.97,0.62,55,320,0.51,0.56,0.7938452380952381,0.55,0.61,0.7837341269841269,0.63,0.63,0.7792341269841271,0.65,0.66,0.766734126984127
decoded,50000,0.05,10000,0,10,neutral,all,1000,0.0,0.545,1.0,0.0,0.787,0.545,0.05,0,787,0.0,0.0,0.545,0.0,0.0,0.545,0.0,0.0,0.545,0.0,0.0,0.545
decoded,50000,0.05,10000,0,10,selected,all,100,0.39,0.3991666666666667,0.6454545454545455,0.31066666666666665,0.71,0.68,0.62,39,71,0.36,0.4,0.3941666666666667,0.39,0.44,0.36583333333333334,0.46,0.46,0.3508333333333333,0.46,0.46,0.3508333333333333
decoded,50000,0.05,10000,0,10,selected,nonfixed,100,0.39,0.3991666666666667,0.6454545454545455,0.31066666666666665,0.71,0.68,0.62,39,71,0.36,0.4,0.3941666666666667,0.39,0.44,0.36583333333333334,0.46,0.46,0.3508333333333333,0.46,0.46,0.3508333333333333
decoded,50000,0.05,10000,0,20,neutral,all,1000,0.0,0.062,1.0,0.0,0.064,0.062,0.05,0,64,0.0,0.0,0.062,0.0,0.0,0.062,0.0,0.0,0.062,0.0,0.0,0.062
decoded,50000,0.05,10000,0,20,selected,all,100,0.15,0.05,0.2857142857142857,0.1433333333333333,0.06,0.19,0.62,15,6,0.15,0.16,0.04,0.15,0.16,0.04,0.16,0.16,0.04,0.16,0.16,0.04
decoded,50000,0.05,10000,0,20,selected,nonfixed,100,0.15,0.05,0.2857142857142857,0.1433333333333333,0.06,0.19,0.62,15,6,0.15,0.16,0.04,0.15,0.16,0.04,0.16,0.16,0.04,0.16,0.16,0.04
decoded,50000,0.05,10000,1,1,neutral,all,1000,0.0,1.0,1.0,0.0,12.354,1.0,0.05,0,12354,0.0,0.0,1.0,0.0,0.0,1.0,0.0,0.0,1.0,0.0,0.0,1.0
decoded,50000,0.05,10000,1,1,selected,all,100,0.73,0.9326720639159528,0.9388097233864208,0.1218708623677664,11.2,1.0,0.62,73,1120,0.66,0.7,0.9351941085379972,0.73,0.76,0.9303270755709643,0.83,0.83,0.9237751650631715,0.89,0.89,0.9180694263574327
decoded,50000,0.05,10000,1,1,selected,nonfixed,100,0.73,0.9326720639159528,0.9388097233864208,0.1218708623677664,11.2,1.0,0.62,73,1120,0.66,0.7,0.9351941085379972,0.73,0.76,0.9303270755709643,0.83,0.83,0.9237751650631715,0.89,0.89,0.9180694263574327
decoded,50000,0.05,10000,1,3,neutral,all,1000,0.0,1.0,1.0,0.0,7.131,1.0,0.05,0,7131,0.0,0.0,1.0,0.0,0.0,1.0,0.0,0.0,1.0,0.0,0.0,1.0
decoded,50000,0.05,10000,1,3,selected,all,100,0.64,0.8987064879564879,0.9120879120879121,0.1690799478299478,6.64,1.0,0.62,64,664,0.59,0.64,0.898456487956488,0.64,0.7,0.8919525197025198,0.74,0.74,0.8865358530358531,0.78,0.78,0.8803767621267622
decoded,50000,0.05,10000,1,3,selected,nonfixed,100,0.64,0.8987064879564879,0.9120879120879121,0.1690799478299478,6.64,1.0,0.62,64,664,0.59,0.64,0.898456487956488,0.64,0.7,0.8919525197025198,0.74,0.74,0.8865358530358531,0.78,0.78,0.8803767621267622
decoded,50000,0.05,10000,1,5,neutral,all,1000,0.0,0.975,1.0,0.0,3.733,0.975,0.05,0,3733,0.0,0.0,0.975,0.0,0.0,0.975,0.0,0.0,0.975,0.0,0.0,0.975
decoded,50000,0.05,10000,1,5,selected,all,100,0.55,0.8116507936507936,0.8578811369509044,0.23658008658008656,3.32,0.98,0.62,55,332,0.51,0.56,0.8083174603174603,0.55,0.61,0.7977341269841269,0.63,0.63,0.7938055555555557,0.65,0.66,0.7813055555555556
decoded,50000,0.05,10000,1,5,selected,nonfixed,100,0.55,0.8116507936507936,0.8578811369509044,0.23658008658008656,3.32,0.98,0.62,55,332,0.51,0.56,0.8083174603174603,0.55,0.61,0.7977341269841269,0.63,0.63,0.7938055555555557,0.65,0.66,0.7813055555555556
decoded,50000,0.05,10000,1,10,neutral,all,1000,0.0,0.606,1.0,0.0,0.918,0.606,0.05,0,918,0.0,0.0,0.606,0.0,0.0,0.606,0.0,0.0,0.606,0.0,0.0,0.606
decoded,50000,0.05,10000,1,10,selected,all,100,0.4,0.415,0.6581196581196581,0.31633333333333336,0.77,0.7,0.62,40,77,0.37,0.41,0.41,0.4,0.46,0.37916666666666665,0.47,0.47,0.36916666666666664,0.47,0.47,0.36916666666666664
decoded,50000,0.05,10000,1,10,selected,nonfixed,100,0.4,0.415,0.6581196581196581,0.31633333333333336,0.77,0.7,0.62,40,77,0.37,0.41,0.41,0.4,0.46,0.37916666666666665,0.47,0.47,0.36916666666666664,0.47,0.47,0.36916666666666664
decoded,50000,0.05,10000,1,20,neutral,all,1000,0.0,0.081,1.0,0.0,0.087,0.081,0.05,0,87,0.0,0.0,0.081,0.0,0.0,0.081,0.0,0.0,0.081,0.0,0.0,0.081
decoded,50000,0.05,10000,1,20,selected,all,100,0.18,0.085,0.35714285714285715,0.17,0.1,0.25,0.62,18,10,0.17,0.19,0.075,0.18,0.2,0.065,0.2,0.2,0.065,0.2,0.2,0.065
decoded,50000,0.05,10000,1,20,selected,nonfixed,100,0.18,0.085,0.35714285714285715,0.17,0.1,0.25,0.62,18,10,0.17,0.19,0.075,0.18,0.2,0.065,0.2,0.2,0.065,0.2,0.2,0.065
decoded,50000,0.05,20000,0,1,neutral,all,1000,0.0,1.0,1.0,0.0,11.244,1.0,0.05,0,11244,0.0,0.0,1.0,0.0,0.0,1.0,0.0,0.0,1.0,0.0,0.0,1.0
decoded,50000,0.05,20000,0,1,selected,all,100,0.68,0.9307423290373048,0.9382940108892922,0.12376385130177699,10.34,1.0,0.62,68,1034,0.6,0.66,0.9326771116460004,0.68,0.73,0.9268834518034278,0.78,0.79,0.9209019986160921,0.86,0.86,0.9135484632625568
decoded,50000,0.05,20000,0,1,selected,nonfixed,100,0.68,0.9307423290373048,0.9382940108892922,0.12376385130177699,10.34,1.0,0.62,68,1034,0.6,0.66,0.9326771116460004,0.68,0.73,0.9268834518034278,0.78,0.79,0.9209019986160921,0.86,0.86,0.9135484632625568
decoded,50000,0.05,20000,0,3,neutral,all,1000,0.0,0.949,1.0,0.0,3.216,0.949,0.05,0,3216,0.0,0.0,0.949,0.0,0.0,0.949,0.0,0.0,0.949,0.0,0.0,0.949
decoded,50000,0.05,20000,0,3,selected,all,100,0.53,0.7951349206349205,0.8485714285714285,0.2420238095238095,2.97,0.97,0.62,53,297,0.49,0.55,0.7901349206349206,0.53,0.6,0.7783730158730158,0.61,0.62,0.773373015873016,0.64,0.64,0.763373015873016
decoded,50000,0.05,20000,0,3,selected,nonfixed,100,0.53,0.7951349206349205,0.8485714285714285,0.2420238095238095,2.97,0.97,0.62,53,297,0.49,0.55,0.7901349206349206,0.53,0.6,0.7783730158730158,0.61,0.62,0.773373015873016,0.64,0.64,0.763373015873016
decoded,50000,0.05,20000,0,5,neutral,all,1000,0.0,0.628,1.0,0.0,1.017,0.628,0.05,0,1017,0.0,0.0,0.628,0.0,0.0,0.628,0.0,0.0,0.628,0.0,0.0,0.628
decoded,50000,0.05,20000,0,5,selected,all,100,0.39,0.48416666666666663,0.706766917293233,0.29833333333333334,0.94,0.75,0.62,39,94,0.35,0.41,0.4758333333333333,0.39,0.46,0.4441666666666667,0.46,0.47,0.4391666666666667,0.47,0.47,0.4391666666666667
decoded,50000,0.05,20000,0,5,selected,nonfixed,100,0.39,0.48416666666666663,0.706766917293233,0.29833333333333334,0.94,0.75,0.62,39,94,0.35,0.41,0.4758333333333333,0.39,0.46,0.4441666666666667,0.46,0.47,0.4391666666666667,0.47,0.47,0.4391666666666667
decoded,50000,0.05,20000,0,10,neutral,all,1000,0.0,0.085,1.0,0.0,0.089,0.085,0.05,0,89,0.0,0.0,0.085,0.0,0.0,0.085,0.0,0.0,0.085,0.0,0.0,0.085
decoded,50000,0.05,20000,0,10,selected,all,100,0.14,0.11,0.46153846153846156,0.13333333333333333,0.12,0.24,0.62,14,12,0.14,0.16,0.09,0.14,0.18,0.07,0.17,0.18,0.07,0.18,0.18,0.07
decoded,50000,0.05,20000,0,10,selected,nonfixed,100,0.14,0.11,0.46153846153846156,0.13333333333333333,0.12,0.24,0.62,14,12,0.14,0.16,0.09,0.14,0.18,0.07,0.17,0.18,0.07,0.18,0.18,0.07
decoded,50000,0.05,20000,0,20,neutral,all,1000,0.0,0.001,1.0,0.0,0.001,0.001,0.05,0,1,0.0,0.0,0.001,0.0,0.0,0.001,0.0,0.0,0.001,0.0,0.0,0.001
decoded,50000,0.05,20000,0,20,selected,all,100,0.0,0.0,,0.0,0.0,0.0,0.62,0,0,0.0,0.0,0.0,0.0,0.0,0.0,0.0,0.0,0.0,0.0,0.0,0.0
decoded,50000,0.05,20000,0,20,selected,nonfixed,100,0.0,0.0,,0.0,0.0,0.0,0.62,0,0,0.0,0.0,0.0,0.0,0.0,0.0,0.0,0.0,0.0,0.0,0.0,0.0
decoded,50000,0.05,20000,1,1,neutral,all,1000,0.0,1.0,1.0,0.0,10.339,1.0,0.05,0,10339,0.0,0.0,1.0,0.0,0.0,1.0,0.0,0.0,1.0,0.0,0.0,1.0
decoded,50000,0.05,20000,1,1,selected,all,100,0.67,0.9263775719894141,0.9344422700587084,0.13070122736329493,9.55,1.0,0.62,67,955,0.59,0.66,0.9279966196084617,0.67,0.73,0.9216391535451133,0.78,0.79,0.9149169313228911,0.86,0.86,0.9072471566531165
decoded,50000,0.05,20000,1,1,selected,nonfixed,100,0.67,0.9263775719894141,0.9344422700587084,0.13070122736329493,9.55,1.0,0.62,67,955,0.59,0.66,0.9279966196084617,0.67,0.73,0.9216391535451133,0.78,0.79,0.9149169313228911,0.86,0.86,0.9072471566531165
decoded,50000,0.05,20000,1,3,neutral,all,1000,0.0,0.958,1.0,0.0,3.366,0.958,0.05,0,3366,0.0,0.0,0.958,0.0,0.0,0.958,0.0,0.0,0.958,0.0,0.0,0.958
decoded,50000,0.05,20000,1,3,selected,all,100,0.52,0.8001785714285714,0.8510028653295129,0.23617460317460318,2.97,0.97,0.62,52,297,0.48,0.55,0.7931785714285715,0.52,0.6,0.7814166666666668,0.61,0.62,0.77775,0.64,0.64,0.76775
decoded,50000,0.05,20000,1,3,selected,nonfixed,100,0.52,0.8001785714285714,0.8510028653295129,0.23617460317460318,2.97,0.97,0.62,52,297,0.48,0.55,0.7931785714285715,0.52,0.6,0.7814166666666668,0.61,0.62,0.77775,0.64,0.64,0.76775
decoded,50000,0.05,20000,1,5,neutral,all,1000,0.0,0.69,1.0,0.0,1.197,0.69,0.05,0,1197,0.0,0.0,0.69,0.0,0.0,0.69,0.0,0.0,0.69,0.0,0.0,0.69
decoded,50000,0.05,20000,1,5,selected,all,100,0.4,0.4983333333333333,0.7142857142857143,0.3036666666666667,1.0,0.77,0.62,40,100,0.36,0.43,0.485,0.4,0.48,0.4541666666666667,0.48,0.49,0.44916666666666666,0.49,0.49,0.44916666666666666
decoded,50000,0.05,20000,1,5,selected,nonfixed,100,0.4,0.4983333333333333,0.7142857142857143,0.3036666666666667,1.0,0.77,0.62,40,100,0.36,0.43,0.485,0.4,0.48,0.4541666666666667,0.48,0.49,0.44916666666666666,0.49,0.49,0.44916666666666666
decoded,50000,0.05,20000,1,10,neutral,all,1000,0.0,0.115,1.0,0.0,0.124,0.115,0.05,0,124,0.0,0.0,0.115,0.0,0.0,0.115,0.0,0.0,0.115,0.0,0.0,0.115
decoded,50000,0.05,20000,1,10,selected,all,100,0.16,0.135,0.4838709677419355,0.15,0.15,0.28,0.62,16,15,0.16,0.19,0.105,0.16,0.21,0.085,0.2,0.21,0.085,0.21,0.21,0.085
decoded,50000,0.05,20000,1,10,selected,nonfixed,100,0.16,0.135,0.4838709677419355,0.15,0.15,0.28,0.62,16,15,0.16,0.19,0.105,0.16,0.21,0.085,0.2,0.21,0.085,0.21,0.21,0.085
decoded,50000,0.05,20000,1,20,neutral,all,1000,0.0,0.004,1.0,0.0,0.004,0.004,0.05,0,4,0.0,0.0,0.004,0.0,0.0,0.004,0.0,0.0,0.004,0.0,0.0,0.004
decoded,50000,0.05,20000,1,20,selected,all,100,0.0,0.02,1.0,0.0,0.02,0.02,0.62,0,2,0.0,0.01,0.01,0.0,0.01,0.01,0.01,0.01,0.01,0.01,0.01,0.01
decoded,50000,0.05,20000,1,20,selected,nonfixed,100,0.0,0.02,1.0,0.0,0.02,0.02,0.62,0,2,0.0,0.01,0.01,0.0,0.01,0.01,0.01,0.01,0.01,0.01,0.01,0.01
decoded,50000,0.05,50000,0,1,neutral,all,1000,0.0,1.0,1.0,0.0,7.224,1.0,0.05,0,7224,0.0,0.0,1.0,0.0,0.0,1.0,0.0,0.0,1.0,0.0,0.0,1.0
decoded,50000,0.05,50000,0,1,selected,all,100,0.66,0.9019730824730824,0.9109311740890689,0.16739215196568136,6.75,1.0,0.62,66,675,0.63,0.65,0.9034377289377289,0.66,0.69,0.8989175269175269,0.72,0.72,0.8954056221556221,0.78,0.79,0.881619907869908
decoded,50000,0.05,50000,0,1,selected,nonfixed,100,0.66,0.9019730824730824,0.9109311740890689,0.16739215196568136,6.75,1.0,0.62,66,675,0.63,0.65,0.9034377289377289,0.66,0.69,0.8989175269175269,0.72,0.72,0.8954056221556221,0.78,0.79,0.881619907869908
decoded,50000,0.05,50000,0,3,neutral,all,1000,0.0,0.445,1.0,0.0,0.599,0.445,0.05,0,599,0.0,0.0,0.445,0.0,0.0,0.445,0.0,0.0,0.445,0.0,0.0,0.445
decoded,50000,0.05,50000,0,3,selected,all,100,0.32,0.29666666666666663,0.5844155844155844,0.26666666666666666,0.45,0.54,0.62,32,45,0.31,0.33,0.29166666666666663,0.32,0.34,0.2816666666666666,0.35,0.35,0.2766666666666666,0.35,0.35,0.2766666666666666
decoded,50000,0.05,50000,0,3,selected,nonfixed,100,0.32,0.29666666666666663,0.5844155844155844,0.26666666666666666,0.45,0.54,0.62,32,45,0.31,0.33,0.29166666666666663,0.32,0.34,0.2816666666666666,0.35,0.35,0.2766666666666666,0.35,0.35,0.2766666666666666
decoded,50000,0.05,50000,0,5,neutral,all,1000,0.0,0.06,1.0,0.0,0.061,0.06,0.05,0,61,0.0,0.0,0.06,0.0,0.0,0.06,0.0,0.0,0.06,0.0,0.0,0.06
decoded,50000,0.05,50000,0,5,selected,all,100,0.12,0.025,0.2,0.11666666666666665,0.03,0.14,0.62,12,3,0.12,0.13,0.015,0.12,0.13,0.015,0.13,0.13,0.015,0.13,0.13,0.015
decoded,50000,0.05,50000,0,5,selected,nonfixed,100,0.12,0.025,0.2,0.11666666666666665,0.03,0.14,0.62,12,3,0.12,0.13,0.015,0.12,0.13,0.015,0.13,0.13,0.015,0.13,0.13,0.015
decoded,50000,0.05,50000,0,10,neutral,all,1000,0.0,0.001,1.0,0.0,0.001,0.001,0.05,0,1,0.0,0.0,0.001,0.0,0.0,0.001,0.0,0.0,0.001,0.0,0.0,0.001
decoded,50000,0.05,50000,0,10,selected,all,100,0.0,0.0,,0.0,0.0,0.0,0.62,0,0,0.0,0.0,0.0,0.0,0.0,0.0,0.0,0.0,0.0,0.0,0.0,0.0
decoded,50000,0.05,50000,0,10,selected,nonfixed,100,0.0,0.0,,0.0,0.0,0.0,0.62,0,0,0.0,0.0,0.0,0.0,0.0,0.0,0.0,0.0,0.0,0.0,0.0,0.0
decoded,50000,0.05,50000,0,20,neutral,all,1000,0.0,0.0,,0.0,0.0,0.0,0.05,0,0,0.0,0.0,0.0,0.0,0.0,0.0,0.0,0.0,0.0,0.0,0.0,0.0
decoded,50000,0.05,50000,0,20,selected,all,100,0.0,0.0,,0.0,0.0,0.0,0.62,0,0,0.0,0.0,0.0,0.0,0.0,0.0,0.0,0.0,0.0,0.0,0.0,0.0
decoded,50000,0.05,50000,0,20,selected,nonfixed,100,0.0,0.0,,0.0,0.0,0.0,0.62,0,0,0.0,0.0,0.0,0.0,0.0,0.0,0.0,0.0,0.0,0.0,0.0,0.0
decoded,50000,0.05,50000,1,1,neutral,all,1000,0.0,1.0,1.0,0.0,6.658,1.0,0.05,0,6658,0.0,0.0,1.0,0.0,0.0,1.0,0.0,0.0,1.0,0.0,0.0,1.0
decoded,50000,0.05,50000,1,1,selected,all,100,0.65,0.8978588633588634,0.9060693641618497,0.17327577977577976,6.27,1.0,0.62,65,627,0.6,0.65,0.89752553002553,0.65,0.69,0.8927275502275503,0.72,0.72,0.8889613164613165,0.78,0.79,0.8748263958263958
decoded,50000,0.05,50000,1,1,selected,nonfixed,100,0.65,0.8978588633588634,0.9060693641618497,0.17327577977577976,6.27,1.0,0.62,65,627,0.6,0.65,0.89752553002553,0.65,0.69,0.8927275502275503,0.72,0.72,0.8889613164613165,0.78,0.79,0.8748263958263958
decoded,50000,0.05,50000,1,3,neutral,all,1000,0.0,0.538,1.0,0.0,0.748,0.538,0.05,0,748,0.0,0.0,0.538,0.0,0.0,0.538,0.0,0.0,0.538,0.0,0.0,0.538
decoded,50000,0.05,50000,1,3,selected,all,100,0.33,0.3283333333333333,0.6162790697674418,0.2683333333333333,0.53,0.57,0.62,33,53,0.31,0.35,0.3133333333333333,0.33,0.36,0.30833333333333335,0.36,0.36,0.30833333333333335,0.37,0.37,0.29833333333333334
decoded,50000,0.05,50000,1,3,selected,nonfixed,100,0.33,0.3283333333333333,0.6162790697674418,0.2683333333333333,0.53,0.57,0.62,33,53,0.31,0.35,0.3133333333333333,0.33,0.36,0.30833333333333335,0.36,0.36,0.30833333333333335,0.37,0.37,0.29833333333333334
decoded,50000,0.05,50000,1,5,neutral,all,1000,0.0,0.104,1.0,0.0,0.111,0.104,0.05,0,111,0.0,0.0,0.104,0.0,0.0,0.104,0.0,0.0,0.104,0.0,0.0,0.104
decoded,50000,0.05,50000,1,5,selected,all,100,0.14,0.085,0.391304347826087,0.13666666666666666,0.09,0.22,0.62,14,9,0.13,0.16,0.065,0.14,0.16,0.065,0.16,0.16,0.065,0.16,0.16,0.065
decoded,50000,0.05,50000,1,5,selected,nonfixed,100,0.14,0.085,0.391304347826087,0.13666666666666666,0.09,0.22,0.62,14,9,0.13,0.16,0.065,0.14,0.16,0.065,0.16,0.16,0.065,0.16,0.16,0.065
decoded,50000,0.05,50000,1,10,neutral,all,1000,0.0,0.002,1.0,0.0,0.002,0.002,0.05,0,2,0.0,0.0,0.002,0.0,0.0,0.002,0.0,0.0,0.002,0.0,0.0,0.002
decoded,50000,0.05,50000,1,10,selected,all,100,0.0,0.01,1.0,0.0,0.01,0.01,0.62,0,1,0.0,0.0,0.01,0.0,0.0,0.01,0.0,0.0,0.01,0.0,0.0,0.01
decoded,50000,0.05,50000,1,10,selected,nonfixed,100,0.0,0.01,1.0,0.0,0.01,0.01,0.62,0,1,0.0,0.0,0.01,0.0,0.0,0.01,0.0,0.0,0.01,0.0,0.0,0.01
decoded,50000,0.05,50000,1,20,neutral,all,1000,0.0,0.0,,0.0,0.0,0.0,0.05,0,0,0.0,0.0,0.0,0.0,0.0,0.0,0.0,0.0,0.0,0.0,0.0,0.0
decoded,50000,0.05,50000,1,20,selected,all,100,0.0,0.0,,0.0,0.0,0.0,0.62,0,0,0.0,0.0,0.0,0.0,0.0,0.0,0.0,0.0,0.0,0.0,0.0,0.0
decoded,50000,0.05,50000,1,20,selected,nonfixed,100,0.0,0.0,,0.0,0.0,0.0,0.62,0,0,0.0,0.0,0.0,0.0,0.0,0.0,0.0,0.0,0.0,0.0,0.0,0.0
truth,5000,0.001,10000,0,1,neutral,all,1000,0.0,0.107,1.0,0.0,0.24,0.107,0.001,0,240,0.0,0.0,0.107,0.0,0.0,0.107,0.0,0.0,0.107,0.0,0.0,0.107
truth,5000,0.001,10000,0,1,selected,all,100,0.0,0.07,1.0,0.0,0.11,0.07,0.0,0,11,0.0,0.0,0.07,0.0,0.0,0.07,0.01,0.02,0.05,0.02,0.02,0.05
truth,5000,0.001,10000,0,1,selected,nonfixed,100,0.0,0.07,1.0,0.0,0.11,0.07,0.0,0,11,0.0,0.0,0.07,0.0,0.0,0.07,0.01,0.02,0.05,0.02,0.02,0.05
truth,5000,0.001,10000,0,3,neutral,all,1000,0.0,0.054,1.0,0.0,0.087,0.054,0.001,0,87,0.0,0.0,0.054,0.0,0.0,0.054,0.0,0.0,0.054,0.0,0.0,0.054
truth,5000,0.001,10000,0,3,selected,all,100,0.0,0.03,1.0,0.0,0.05,0.03,0.0,0,5,0.0,0.0,0.03,0.0,0.0,0.03,0.0,0.01,0.02,0.01,0.01,0.02
truth,5000,0.001,10000,0,3,selected,nonfixed,100,0.0,0.03,1.0,0.0,0.05,0.03,0.0,0,5,0.0,0.0,0.03,0.0,0.0,0.03,0.0,0.01,0.02,0.01,0.01,0.02
truth,5000,0.001,10000,0,5,neutral,all,1000,0.0,0.032,1.0,0.0,0.041,0.032,0.001,0,41,0.0,0.0,0.032,0.0,0.0,0.032,0.0,0.0,0.032,0.0,0.0,0.032
truth,5000,0.001,10000,0,5,selected,all,100,0.0,0.02,1.0,0.0,0.02,0.02,0.0,0,2,0.0,0.0,0.02,0.0,0.0,0.02,0.0,0.01,0.01,0.01,0.01,0.01
truth,5000,0.001,10000,0,5,selected,nonfixed,100,0.0,0.02,1.0,0.0,0.02,0.02,0.0,0,2,0.0,0.0,0.02,0.0,0.0,0.02,0.0,0.01,0.01,0.01,0.01,0.01
truth,5000,0.001,10000,0,10,neutral,all,1000,0.0,0.015,1.0,0.0,0.016,0.015,0.001,0,16,0.0,0.0,0.015,0.0,0.0,0.015,0.0,0.0,0.015,0.0,0.0,0.015
truth,5000,0.001,10000,0,10,selected,all,100,0.0,0.01,1.0,0.0,0.01,0.01,0.0,0,1,0.0,0.0,0.01,0.0,0.0,0.01,0.0,0.01,0.0,0.01,0.01,0.0
truth,5000,0.001,10000,0,10,selected,nonfixed,100,0.0,0.01,1.0,0.0,0.01,0.01,0.0,0,1,0.0,0.0,0.01,0.0,0.0,0.01,0.0,0.01,0.0,0.01,0.01,0.0
truth,5000,0.001,10000,0,20,neutral,all,1000,0.0,0.005,1.0,0.0,0.005,0.005,0.001,0,5,0.0,0.0,0.005,0.0,0.0,0.005,0.0,0.0,0.005,0.0,0.0,0.005
truth,5000,0.001,10000,0,20,selected,all,100,0.0,0.01,1.0,0.0,0.01,0.01,0.0,0,1,0.0,0.0,0.01,0.0,0.0,0.01,0.0,0.01,0.0,0.01,0.01,0.0
truth,5000,0.001,10000,0,20,selected,nonfixed,100,0.0,0.01,1.0,0.0,0.01,0.01,0.0,0,1,0.0,0.0,0.01,0.0,0.0,0.01,0.0,0.01,0.0,0.01,0.01,0.0
truth,5000,0.001,10000,1,1,neutral,all,1000,0.0,0.107,1.0,0.0,0.198,0.107,0.001,0,198,0.0,0.0,0.107,0.0,0.0,0.107,0.0,0.0,0.107,0.0,0.0,0.107
truth,5000,0.001,10000,1,1,selected,all,100,0.0,0.07,1.0,0.0,0.08,0.07,0.0,0,8,0.0,0.0,0.07,0.0,0.0,0.07,0.01,0.02,0.05,0.02,0.02,0.05
truth,5000,0.001,10000,1,1,selected,nonfixed,100,0.0,0.07,1.0,0.0,0.08,0.07,0.0,0,8,0.0,0.0,0.07,0.0,0.0,0.07,0.01,0.02,0.05,0.02,0.02,0.05
truth,5000,0.001,10000,1,3,neutral,all,1000,0.0,0.061,1.0,0.0,0.089,0.061,0.001,0,89,0.0,0.0,0.061,0.0,0.0,0.061,0.0,0.0,0.061,0.0,0.0,0.061
truth,5000,0.001,10000,1,3,selected,all,100,0.0,0.03,1.0,0.0,0.03,0.03,0.0,0,3,0.0,0.0,0.03,0.0,0.0,0.03,0.0,0.01,0.02,0.01,0.01,0.02
truth,5000,0.001,10000,1,3,selected,nonfixed,100,0.0,0.03,1.0,0.0,0.03,0.03,0.0,0,3,0.0,0.0,0.03,0.0,0.0,0.03,0.0,0.01,0.02,0.01,0.01,0.02
truth,5000,0.001,10000,1,5,neutral,all,1000,0.0,0.033,1.0,0.0,0.043,0.033,0.001,0,43,0.0,0.0,0.033,0.0,0.0,0.033,0.0,0.0,0.033,0.0,0.0,0.033
truth,5000,0.001,10000,1,5,selected,all,100,0.0,0.03,1.0,0.0,0.03,0.03,0.0,0,3,0.0,0.0,0.03,0.0,0.0,0.03,0.0,0.01,0.02,0.01,0.01,0.02
truth,5000,0.001,10000,1,5,selected,nonfixed,100,0.0,0.03,1.0,0.0,0.03,0.03,0.0,0,3,0.0,0.0,0.03,0.0,0.0,0.03,0.0,0.01,0.02,0.01,0.01,0.02
truth,5000,0.001,10000,1,10,neutral,all,1000,0.0,0.017,1.0,0.0,0.02,0.017,0.001,0,20,0.0,0.0,0.017,0.0,0.0,0.017,0.0,0.0,0.017,0.0,0.0,0.017
truth,5000,0.001,10000,1,10,selected,all,100,0.0,0.02,1.0,0.0,0.02,0.02,0.0,0,2,0.0,0.0,0.02,0.0,0.0,0.02,0.0,0.01,0.01,0.01,0.01,0.01
truth,5000,0.001,10000,1,10,selected,nonfixed,100,0.0,0.02,1.0,0.0,0.02,0.02,0.0,0,2,0.0,0.0,0.02,0.0,0.0,0.02,0.0,0.01,0.01,0.01,0.01,0.01
truth,5000,0.001,10000,1,20,neutral,all,1000,0.0,0.006,1.0,0.0,0.006,0.006,0.001,0,6,0.0,0.0,0.006,0.0,0.0,0.006,0.0,0.0,0.006,0.0,0.0,0.006
truth,5000,0.001,10000,1,20,selected,all,100,0.0,0.01,1.0,0.0,0.01,0.01,0.0,0,1,0.0,0.0,0.01,0.0,0.0,0.01,0.0,0.01,0.0,0.01,0.01,0.0
truth,5000,0.001,10000,1,20,selected,nonfixed,100,0.0,0.01,1.0,0.0,0.01,0.01,0.0,0,1,0.0,0.0,0.01,0.0,0.0,0.01,0.0,0.01,0.0,0.01,0.01,0.0
truth,5000,0.001,20000,0,1,neutral,all,1000,0.0,0.094,1.0,0.0,0.169,0.094,0.001,0,169,0.0,0.0,0.094,0.0,0.0,0.094,0.0,0.0,0.094,0.0,0.0,0.094
truth,5000,0.001,20000,0,1,selected,all,100,0.0,0.06,1.0,0.0,0.07,0.06,0.0,0,7,0.0,0.0,0.06,0.0,0.0,0.06,0.01,0.02,0.04,0.02,0.02,0.04
truth,5000,0.001,20000,0,1,selected,nonfixed,100,0.0,0.06,1.0,0.0,0.07,0.06,0.0,0,7,0.0,0.0,0.06,0.0,0.0,0.06,0.01,0.02,0.04,0.02,0.02,0.04
truth,5000,0.001,20000,0,3,neutral,all,1000,0.0,0.031,1.0,0.0,0.041,0.031,0.001,0,41,0.0,0.0,0.031,0.0,0.0,0.031,0.0,0.0,0.031,0.0,0.0,0.031
truth,5000,0.001,20000,0,3,selected,all,100,0.0,0.03,1.0,0.0,0.03,0.03,0.0,0,3,0.0,0.0,0.03,0.0,0.0,0.03,0.0,0.01,0.02,0.01,0.01,0.02
truth,5000,0.001,20000,0,3,selected,nonfixed,100,0.0,0.03,1.0,0.0,0.03,0.03,0.0,0,3,0.0,0.0,0.03,0.0,0.0,0.03,0.0,0.01,0.02,0.01,0.01,0.02
truth,5000,0.001,20000,0,5,neutral,all,1000,0.0,0.018,1.0,0.0,0.021,0.018,0.001,0,21,0.0,0.0,0.018,0.0,0.0,0.018,0.0,0.0,0.018,0.0,0.0,0.018
truth,5000,0.001,20000,0,5,selected,all,100,0.0,0.03,1.0,0.0,0.03,0.03,0.0,0,3,0.0,0.0,0.03,0.0,0.0,0.03,0.0,0.01,0.02,0.01,0.01,0.02
truth,5000,0.001,20000,0,5,selected,nonfixed,100,0.0,0.03,1.0,0.0,0.03,0.03,0.0,0,3,0.0,0.0,0.03,0.0,0.0,0.03,0.0,0.01,0.02,0.01,0.01,0.02
truth,5000,0.001,20000,0,10,neutral,all,1000,0.0,0.006,1.0,0.0,0.006,0.006,0.001,0,6,0.0,0.0,0.006,0.0,0.0,0.006,0.0,0.0,0.006,0.0,0.0,0.006
truth,5000,0.001,20000,0,10,selected,all,100,0.0,0.01,1.0,0.0,0.01,0.01,0.0,0,1,0.0,0.0,0.01,0.0,0.0,0.01,0.0,0.01,0.0,0.01,0.01,0.0
truth,5000,0.001,20000,0,10,selected,nonfixed,100,0.0,0.01,1.0,0.0,0.01,0.01,0.0,0,1,0.0,0.0,0.01,0.0,0.0,0.01,0.0,0.01,0.0,0.01,0.01,0.0
truth,5000,0.001,20000,0,20,neutral,all,1000,0.0,0.0,,0.0,0.0,0.0,0.001,0,0,0.0,0.0,0.0,0.0,0.0,0.0,0.0,0.0,0.0,0.0,0.0,0.0
truth,5000,0.001,20000,0,20,selected,all,100,0.0,0.0,,0.0,0.0,0.0,0.0,0,0,0.0,0.0,0.0,0.0,0.0,0.0,0.0,0.0,0.0,0.0,0.0,0.0
truth,5000,0.001,20000,0,20,selected,nonfixed,100,0.0,0.0,,0.0,0.0,0.0,0.0,0,0,0.0,0.0,0.0,0.0,0.0,0.0,0.0,0.0,0.0,0.0,0.0,0.0
truth,5000,0.001,20000,1,1,neutral,all,1000,0.0,0.094,1.0,0.0,0.145,0.094,0.001,0,145,0.0,0.0,0.094,0.0,0.0,0.094,0.0,0.0,0.094,0.0,0.0,0.094
truth,5000,0.001,20000,1,1,selected,all,100,0.0,0.06,1.0,0.0,0.07,0.06,0.0,0,7,0.0,0.0,0.06,0.0,0.0,0.06,0.01,0.02,0.04,0.02,0.02,0.04
truth,5000,0.001,20000,1,1,selected,nonfixed,100,0.0,0.06,1.0,0.0,0.07,0.06,0.0,0,7,0.0,0.0,0.06,0.0,0.0,0.06,0.01,0.02,0.04,0.02,0.02,0.04
truth,5000,0.001,20000,1,3,neutral,all,1000,0.0,0.036,1.0,0.0,0.044,0.036,0.001,0,44,0.0,0.0,0.036,0.0,0.0,0.036,0.0,0.0,0.036,0.0,0.0,0.036
truth,5000,0.001,20000,1,3,selected,all,100,0.0,0.03,1.0,0.0,0.03,0.03,0.0,0,3,0.0,0.0,0.03,0.0,0.0,0.03,0.0,0.01,0.02,0.01,0.01,0.02
truth,5000,0.001,20000,1,3,selected,nonfixed,100,0.0,0.03,1.0,0.0,0.03,0.03,0.0,0,3,0.0,0.0,0.03,0.0,0.0,0.03,0.0,0.01,0.02,0.01,0.01,0.02
truth,5000,0.001,20000,1,5,neutral,all,1000,0.0,0.021,1.0,0.0,0.025,0.021,0.001,0,25,0.0,0.0,0.021,0.0,0.0,0.021,0.0,0.0,0.021,0.0,0.0,0.021
truth,5000,0.001,20000,1,5,selected,all,100,0.0,0.03,1.0,0.0,0.03,0.03,0.0,0,3,0.0,0.0,0.03,0.0,0.0,0.03,0.0,0.01,0.02,0.01,0.01,0.02
truth,5000,0.001,20000,1,5,selected,nonfixed,100,0.0,0.03,1.0,0.0,0.03,0.03,0.0,0,3,0.0,0.0,0.03,0.0,0.0,0.03,0.0,0.01,0.02,0.01,0.01,0.02
truth,5000,0.001,20000,1,10,neutral,all,1000,0.0,0.008,1.0,0.0,0.009,0.008,0.001,0,9,0.0,0.0,0.008,0.0,0.0,0.008,0.0,0.0,0.008,0.0,0.0,0.008
truth,5000,0.001,20000,1,10,selected,all,100,0.0,0.01,1.0,0.0,0.01,0.01,0.0,0,1,0.0,0.0,0.01,0.0,0.0,0.01,0.0,0.01,0.0,0.01,0.01,0.0
truth,5000,0.001,20000,1,10,selected,nonfixed,100,0.0,0.01,1.0,0.0,0.01,0.01,0.0,0,1,0.0,0.0,0.01,0.0,0.0,0.01,0.0,0.01,0.0,0.01,0.01,0.0
truth,5000,0.001,20000,1,20,neutral,all,1000,0.0,0.0,,0.0,0.0,0.0,0.001,0,0,0.0,0.0,0.0,0.0,0.0,0.0,0.0,0.0,0.0,0.0,0.0,0.0
truth,5000,0.001,20000,1,20,selected,all,100,0.0,0.0,,0.0,0.0,0.0,0.0,0,0,0.0,0.0,0.0,0.0,0.0,0.0,0.0,0.0,0.0,0.0,0.0,0.0
truth,5000,0.001,20000,1,20,selected,nonfixed,100,0.0,0.0,,0.0,0.0,0.0,0.0,0,0,0.0,0.0,0.0,0.0,0.0,0.0,0.0,0.0,0.0,0.0,0.0,0.0
truth,5000,0.001,50000,0,1,neutral,all,1000,0.0,0.071,1.0,0.0,0.099,0.071,0.001,0,99,0.0,0.0,0.071,0.0,0.0,0.071,0.0,0.0,0.071,0.0,0.0,0.071
truth,5000,0.001,50000,0,1,selected,all,100,0.0,0.04,1.0,0.0,0.04,0.04,0.0,0,4,0.0,0.0,0.04,0.0,0.0,0.04,0.0,0.01,0.03,0.01,0.01,0.03
truth,5000,0.001,50000,0,1,selected,nonfixed,100,0.0,0.04,1.0,0.0,0.04,0.04,0.0,0,4,0.0,0.0,0.04,0.0,0.0,0.04,0.0,0.01,0.03,0.01,0.01,0.03
truth,5000,0.001,50000,0,3,neutral,all,1000,0.0,0.014,1.0,0.0,0.016,0.014,0.001,0,16,0.0,0.0,0.014,0.0,0.0,0.014,0.0,0.0,0.014,0.0,0.0,0.014
truth,5000,0.001,50000,0,3,selected,all,100,0.0,0.02,1.0,0.0,0.02,0.02,0.0,0,2,0.0,0.0,0.02,0.0,0.0,0.02,0.0,0.01,0.01,0.01,0.01,0.01
truth,5000,0.001,50000,0,3,selected,nonfixed,100,0.0,0.02,1.0,0.0,0.02,0.02,0.0,0,2,0.0,0.0,0.02,0.0,0.0,0.02,0.0,0.01,0.01,0.01,0.01,0.01
truth,5000,0.001,50000,0,5,neutral,all,1000,0.0,0.003,1.0,0.0,0.003,0.003,0.001,0,3,0.0,0.0,0.003,0.0,0.0,0.003,0.0,0.0,0.003,0.0,0.0,0.003
truth,5000,0.001,50000,0,5,selected,all,100,0.0,0.01,1.0,0.0,0.01,0.01,0.0,0,1,0.0,0.0,0.01,0.0,0.0,0.01,0.0,0.01,0.0,0.01,0.01,0.0
truth,5000,0.001,50000,0,5,selected,nonfixed,100,0.0,0.01,1.0,0.0,0.01,0.01,0.0,0,1,0.0,0.0,0.01,0.0,0.0,0.01,0.0,0.01,0.0,0.01,0.01,0.0
truth,5000,0.001,50000,0,10,neutral,all,1000,0.0,0.0,,0.0,0.0,0.0,0.001,0,0,0.0,0.0,0.0,0.0,0.0,0.0,0.0,0.0,0.0,0.0,0.0,0.0
truth,5000,0.001,50000,0,10,selected,all,100,0.0,0.0,,0.0,0.0,0.0,0.0,0,0,0.0,0.0,0.0,0.0,0.0,0.0,0.0,0.0,0.0,0.0,0.0,0.0
truth,5000,0.001,50000,0,10,selected,nonfixed,100,0.0,0.0,,0.0,0.0,0.0,0.0,0,0,0.0,0.0,0.0,0.0,0.0,0.0,0.0,0.0,0.0,0.0,0.0,0.0
truth,5000,0.001,50000,0,20,neutral,all,1000,0.0,0.0,,0.0,0.0,0.0,0.001,0,0,0.0,0.0,0.0,0.0,0.0,0.0,0.0,0.0,0.0,0.0,0.0,0.0
truth,5000,0.001,50000,0,20,selected,all,100,0.0,0.0,,0.0,0.0,0.0,0.0,0,0,0.0,0.0,0.0,0.0,0.0,0.0,0.0,0.0,0.0,0.0,0.0,0.0
truth,5000,0.001,50000,0,20,selected,nonfixed,100,0.0,0.0,,0.0,0.0,0.0,0.0,0,0,0.0,0.0,0.0,0.0,0.0,0.0,0.0,0.0,0.0,0.0,0.0,0.0
truth,5000,0.001,50000,1,1,neutral,all,1000,0.0,0.071,1.0,0.0,0.088,0.071,0.001,0,88,0.0,0.0,0.071,0.0,0.0,0.071,0.0,0.0,0.071,0.0,0.0,0.071
truth,5000,0.001,50000,1,1,selected,all,100,0.0,0.04,1.0,0.0,0.04,0.04,0.0,0,4,0.0,0.0,0.04,0.0,0.0,0.04,0.0,0.01,0.03,0.01,0.01,0.03
truth,5000,0.001,50000,1,1,selected,nonfixed,100,0.0,0.04,1.0,0.0,0.04,0.04,0.0,0,4,0.0,0.0,0.04,0.0,0.0,0.04,0.0,0.01,0.03,0.01,0.01,0.03
truth,5000,0.001,50000,1,3,neutral,all,1000,0.0,0.014,1.0,0.0,0.015,0.014,0.001,0,15,0.0,0.0,0.014,0.0,0.0,0.014,0.0,0.0,0.014,0.0,0.0,0.014
truth,5000,0.001,50000,1,3,selected,all,100,0.0,0.02,1.0,0.0,0.02,0.02,0.0,0,2,0.0,0.0,0.02,0.0,0.0,0.02,0.0,0.01,0.01,0.01,0.01,0.01
truth,5000,0.001,50000,1,3,selected,nonfixed,100,0.0,0.02,1.0,0.0,0.02,0.02,0.0,0,2,0.0,0.0,0.02,0.0,0.0,0.02,0.0,0.01,0.01,0.01,0.01,0.01
truth,5000,0.001,50000,1,5,neutral,all,1000,0.0,0.005,1.0,0.0,0.006,0.005,0.001,0,6,0.0,0.0,0.005,0.0,0.0,0.005,0.0,0.0,0.005,0.0,0.0,0.005
truth,5000,0.001,50000,1,5,selected,all,100,0.0,0.01,1.0,0.0,0.01,0.01,0.0,0,1,0.0,0.0,0.01,0.0,0.0,0.01,0.0,0.01,0.0,0.01,0.01,0.0
truth,5000,0.001,50000,1,5,selected,nonfixed,100,0.0,0.01,1.0,0.0,0.01,0.01,0.0,0,1,0.0,0.0,0.01,0.0,0.0,0.01,0.0,0.01,0.0,0.01,0.01,0.0
truth,5000,0.001,50000,1,10,neutral,all,1000,0.0,0.0,,0.0,0.0,0.0,0.001,0,0,0.0,0.0,0.0,0.0,0.0,0.0,0.0,0.0,0.0,0.0,0.0,0.0
truth,5000,0.001,50000,1,10,selected,all,100,0.0,0.0,,0.0,0.0,0.0,0.0,0,0,0.0,0.0,0.0,0.0,0.0,0.0,0.0,0.0,0.0,0.0,0.0,0.0
truth,5000,0.001,50000,1,10,selected,nonfixed,100,0.0,0.0,,0.0,0.0,0.0,0.0,0,0,0.0,0.0,0.0,0.0,0.0,0.0,0.0,0.0,0.0,0.0,0.0,0.0
truth,5000,0.001,50000,1,20,neutral,all,1000,0.0,0.0,,0.0,0.0,0.0,0.001,0,0,0.0,0.0,0.0,0.0,0.0,0.0,0.0,0.0,0.0,0.0,0.0,0.0
truth,5000,0.001,50000,1,20,selected,all,100,0.0,0.0,,0.0,0.0,0.0,0.0,0,0,0.0,0.0,0.0,0.0,0.0,0.0,0.0,0.0,0.0,0.0,0.0,0.0
truth,5000,0.001,50000,1,20,selected,nonfixed,100,0.0,0.0,,0.0,0.0,0.0,0.0,0,0,0.0,0.0,0.0,0.0,0.0,0.0,0.0,0.0,0.0,0.0,0.0,0.0
truth,5000,0.01,10000,0,1,neutral,all,1000,0.0,0.461,1.0,0.0,1.653,0.461,0.01,0,1653,0.0,0.0,0.461,0.0,0.0,0.461,0.0,0.0,0.461,0.0,0.0,0.461
truth,5000,0.01,10000,0,1,selected,all,100,0.01,0.30875,0.9891304347826086,0.0022222222222222222,0.91,0.31,0.0,1,91,0.01,0.01,0.30875,0.01,0.01,0.30875,0.04,0.04,0.29398809523809527,0.09,0.09,0.2766547619047619
truth,5000,0.01,10000,0,1,selected,nonfixed,100,0.01,0.30875,0.9891304347826086,0.0022222222222222222,0.91,0.31,0.0,1,91,0.01,0.01,0.30875,0.01,0.01,0.30875,0.04,0.04,0.29398809523809527,0.09,0.09,0.2766547619047619
truth,5000,0.01,10000,0,3,neutral,all,1000,0.0,0.337,1.0,0.0,0.764,0.337,0.01,0,764,0.0,0.0,0.337,0.0,0.0,0.337,0.0,0.0,0.337,0.0,0.0,0.337
truth,5000,0.01,10000,0,3,selected,all,100,0.01,0.1975,0.9743589743589743,0.004,0.38,0.2,0.0,1,38,0.01,0.01,0.1975,0.01,0.01,0.1975,0.03,0.03,0.1910714285714286,0.06,0.06,0.17107142857142857
truth,5000,0.01,10000,0,3,selected,nonfixed,100,0.01,0.1975,0.9743589743589743,0.004,0.38,0.2,0.0,1,38,0.01,0.01,0.1975,0.01,0.01,0.1975,0.03,0.03,0.1910714285714286,0.06,0.06,0.17107142857142857
truth,5000,0.01,10000,0,5,neutral,all,1000,0.0,0.275,1.0,0.0,0.502,0.275,0.01,0,502,0.0,0.0,0.275,0.0,0.0,0.275,0.0,0.0,0.275,0.0,0.0,0.275
truth,5000,0.01,10000,0,5,selected,all,100,0.01,0.155,0.9583333333333334,0.006666666666666666,0.23,0.16,0.0,1,23,0.0,0.0,0.16,0.01,0.01,0.155,0.02,0.02,0.15166666666666667,0.03,0.03,0.14666666666666667
truth,5000,0.01,10000,0,5,selected,nonfixed,100,0.01,0.155,0.9583333333333334,0.006666666666666666,0.23,0.16,0.0,1,23,0.0,0.0,0.16,0.01,0.01,0.155,0.02,0.02,0.15166666666666667,0.03,0.03,0.14666666666666667
truth,5000,0.01,10000,0,10,neutral,all,1000,0.0,0.168,1.0,0.0,0.236,0.168,0.01,0,236,0.0,0.0,0.168,0.0,0.0,0.168,0.0,0.0,0.168,0.0,0.0,0.168
truth,5000,0.01,10000,0,10,selected,all,100,0.0,0.09,1.0,0.0,0.1,0.09,0.0,0,10,0.0,0.0,0.09,0.0,0.0,0.09,0.0,0.01,0.08,0.02,0.02,0.07
truth,5000,0.01,10000,0,10,selected,nonfixed,100,0.0,0.09,1.0,0.0,0.1,0.09,0.0,0,10,0.0,0.0,0.09,0.0,0.0,0.09,0.0,0.01,0.08,0.02,0.02,0.07
truth,5000,0.01,10000,0,20,neutral,all,1000,0.0,0.075,1.0,0.0,0.085,0.075,0.01,0,85,0.0,0.0,0.075,0.0,0.0,0.075,0.0,0.0,0.075,0.0,0.0,0.075
truth,5000,0.01,10000,0,20,selected,all,100,0.0,0.04,1.0,0.0,0.04,0.04,0.0,0,4,0.0,0.0,0.04,0.0,0.0,0.04,0.0,0.01,0.03,0.01,0.01,0.03
truth,5000,0.01,10000,0,20,selected,nonfixed,100,0.0,0.04,1.0,0.0,0.04,0.04,0.0,0,4,0.0,0.0,0.04,0.0,0.0,0.04,0.0,0.01,0.03,0.01,0.01,0.03
truth,5000,0.01,10000,1,1,neutral,all,1000,0.0,0.461,1.0,0.0,1.303,0.461,0.01,0,1303,0.0,0.0,0.461,0.0,0.0,0.461,0.0,0.0,0.461,0.0,0.0,0.461
truth,5000,0.01,10000,1,1,selected,all,100,0.01,0.30857142857142855,0.9868421052631579,0.0025,0.75,0.31,0.0,1,75,0.01,0.01,0.30857142857142855,0.01,0.01,0.30857142857142855,0.04,0.04,0.29273809523809524,0.09,0.09,0.27490476190476193
truth,5000,0.01,10000,1,1,selected,nonfixed,100,0.01,0.30857142857142855,0.9868421052631579,0.0025,0.75,0.31,0.0,1,75,0.01,0.01,0.30857142857142855,0.01,0.01,0.30857142857142855,0.04,0.04,0.29273809523809524,0.09,0.09,0.27490476190476193
truth,5000,0.01,10000,1,3,neutral,all,1000,0.0,0.353,1.0,0.0,0.714,0.353,0.01,0,714,0.0,0.0,0.353,0.0,0.0,0.353,0.0,0.0,0.353,0.0,0.0,0.353
truth,5000,0.01,10000,1,3,selected,all,100,0.01,0.1975,0.9705882352941176,0.004,0.33,0.2,0.0,1,33,0.01,0.01,0.1975,0.01,0.01,0.1975,0.03,0.03,0.19,0.06,0.06,0.17
truth,5000,0.01,10000,1,3,selected,nonfixed,100,0.01,0.1975,0.9705882352941176,0.004,0.33,0.2,0.0,1,33,0.01,0.01,0.1975,0.01,0.01,0.1975,0.03,0.03,0.19,0.06,0.06,0.17
truth,5000,0.01,10000,1,5,neutral,all,1000,0.0,0.287,1.0,0.0,0.5,0.287,0.01,0,500,0.0,0.0,0.287,0.0,0.0,0.287,0.0,0.0,0.287,0.0,0.0,0.287
truth,5000,0.01,10000,1,5,selected,all,100,0.01,0.165,0.9565217391304348,0.006666666666666666,0.22,0.17,0.0,1,22,0.0,0.0,0.17,0.01,0.01,0.165,0.02,0.02,0.1625,0.03,0.03,0.1575
truth,5000,0.01,10000,1,5,selected,nonfixed,100,0.01,0.165,0.9565217391304348,0.006666666666666666,0.22,0.17,0.0,1,22,0.0,0.0,0.17,0.01,0.01,0.165,0.02,0.02,0.1625,0.03,0.03,0.1575
truth,5000,0.01,10000,1,10,neutral,all,1000,0.0,0.186,1.0,0.0,0.268,0.186,0.01,0,268,0.0,0.0,0.186,0.0,0.0,0.186,0.0,0.0,0.186,0.0,0.0,0.186
truth,5000,0.01,10000,1,10,selected,all,100,0.0,0.09,1.0,0.0,0.1,0.09,0.0,0,10,0.0,0.0,0.09,0.0,0.0,0.09,0.0,0.01,0.08,0.02,0.02,0.07
truth,5000,0.01,10000,1,10,selected,nonfixed,100,0.0,0.09,1.0,0.0,0.1,0.09,0.0,0,10,0.0,0.0,0.09,0.0,0.0,0.09,0.0,0.01,0.08,0.02,0.02,0.07
truth,5000,0.01,10000,1,20,neutral,all,1000,0.0,0.086,1.0,0.0,0.1,0.086,0.01,0,100,0.0,0.0,0.086,0.0,0.0,0.086,0.0,0.0,0.086,0.0,0.0,0.086
truth,5000,0.01,10000,1,20,selected,all,100,0.0,0.04,1.0,0.0,0.04,0.04,0.0,0,4,0.0,0.0,0.04,0.0,0.0,0.04,0.0,0.01,0.03,0.01,0.01,0.03
truth,5000,0.01,10000,1,20,selected,nonfixed,100,0.0,0.04,1.0,0.0,0.04,0.04,0.0,0,4,0.0,0.0,0.04,0.0,0.0,0.04,0.0,0.01,0.03,0.01,0.01,0.03
truth,5000,0.01,20000,0,1,neutral,all,1000,0.0,0.427,1.0,0.0,1.166,0.427,0.01,0,1166,0.0,0.0,0.427,0.0,0.0,0.427,0.0,0.0,0.427,0.0,0.0,0.427
truth,5000,0.01,20000,0,1,selected,all,100,0.01,0.2985714285714286,0.9846153846153847,0.0025,0.64,0.3,0.0,1,64,0.01,0.01,0.2985714285714286,0.01,0.01,0.2985714285714286,0.03,0.03,0.28714285714285714,0.08,0.08,0.2654761904761905
truth,5000,0.01,20000,0,1,selected,nonfixed,100,0.01,0.2985714285714286,0.9846153846153847,0.0025,0.64,0.3,0.0,1,64,0.01,0.01,0.2985714285714286,0.01,0.01,0.2985714285714286,0.03,0.03,0.28714285714285714,0.08,0.08,0.2654761904761905
truth,5000,0.01,20000,0,3,neutral,all,1000,0.0,0.275,1.0,0.0,0.47,0.275,0.01,0,470,0.0,0.0,0.275,0.0,0.0,0.275,0.0,0.0,0.275,0.0,0.0,0.275
truth,5000,0.01,20000,0,3,selected,all,100,0.01,0.165,0.9545454545454546,0.006666666666666666,0.21,0.17,0.0,1,21,0.0,0.0,0.17,0.01,0.01,0.165,0.02,0.02,0.16,0.03,0.03,0.155
truth,5000,0.01,20000,0,3,selected,nonfixed,100,0.01,0.165,0.9545454545454546,0.006666666666666666,0.21,0.17,0.0,1,21,0.0,0.0,0.17,0.01,0.01,0.165,0.02,0.02,0.16,0.03,0.03,0.155
truth,5000,0.01,20000,0,5,neutral,all,1000,0.0,0.188,1.0,0.0,0.272,0.188,0.01,0,272,0.0,0.0,0.188,0.0,0.0,0.188,0.0,0.0,0.188,0.0,0.0,0.188
truth,5000,0.01,20000,0,5,selected,all,100,0.0,0.11,1.0,0.0,0.13,0.11,0.0,0,13,0.0,0.0,0.11,0.0,0.0,0.11,0.0,0.01,0.1,0.02,0.02,0.09
truth,5000,0.01,20000,0,5,selected,nonfixed,100,0.0,0.11,1.0,0.0,0.13,0.11,0.0,0,13,0.0,0.0,0.11,0.0,0.0,0.11,0.0,0.01,0.1,0.02,0.02,0.09
truth,5000,0.01,20000,0,10,neutral,all,1000,0.0,0.083,1.0,0.0,0.099,0.083,0.01,0,99,0.0,0.0,0.083,0.0,0.0,0.083,0.0,0.0,0.083,0.0,0.0,0.083
truth,5000,0.01,20000,0,10,selected,all,100,0.0,0.04,1.0,0.0,0.04,0.04,0.0,0,4,0.0,0.0,0.04,0.0,0.0,0.04,0.0,0.01,0.03,0.01,0.01,0.03
truth,5000,0.01,20000,0,10,selected,nonfixed,100,0.0,0.04,1.0,0.0,0.04,0.04,0.0,0,4,0.0,0.0,0.04,0.0,0.0,0.04,0.0,0.01,0.03,0.01,0.01,0.03
truth,5000,0.01,20000,0,20,neutral,all,1000,0.0,0.018,1.0,0.0,0.018,0.018,0.01,0,18,0.0,0.0,0.018,0.0,0.0,0.018,0.0,0.0,0.018,0.0,0.0,0.018
truth,5000,0.01,20000,0,20,selected,all,100,0.0,0.01,1.0,0.0,0.01,0.01,0.0,0,1,0.0,0.0,0.01,0.0,0.0,0.01,0.0,0.0,0.01,0.0,0.0,0.01
truth,5000,0.01,20000,0,20,selected,nonfixed,100,0.0,0.01,1.0,0.0,0.01,0.01,0.0,0,1,0.0,0.0,0.01,0.0,0.0,0.01,0.0,0.0,0.01,0.0,0.0,0.01
truth,5000,0.01,20000,1,1,neutral,all,1000,0.0,0.427,1.0,0.0,0.937,0.427,0.01,0,937,0.0,0.0,0.427,0.0,0.0,0.427,0.0,0.0,0.427,0.0,0.0,0.427
truth,5000,0.01,20000,1,1,selected,all,100,0.01,0.298,0.9814814814814815,0.003333333333333333,0.53,0.3,0.0,1,53,0.01,0.01,0.298,0.01,0.01,0.298,0.03,0.03,0.28550000000000003,0.08,0.08,0.26216666666666666
truth,5000,0.01,20000,1,1,selected,nonfixed,100,0.01,0.298,0.9814814814814815,0.003333333333333333,0.53,0.3,0.0,1,53,0.01,0.01,0.298,0.01,0.01,0.298,0.03,0.03,0.28550000000000003,0.08,0.08,0.26216666666666666
truth,5000,0.01,20000,1,3,neutral,all,1000,0.0,0.291,1.0,0.0,0.454,0.291,0.01,0,454,0.0,0.0,0.291,0.0,0.0,0.291,0.0,0.0,0.291,0.0,0.0,0.291
truth,5000,0.01,20000,1,3,selected,all,100,0.01,0.165,0.9545454545454546,0.006666666666666666,0.21,0.17,0.0,1,21,0.0,0.01,0.165,0.01,0.01,0.165,0.02,0.02,0.1625,0.02,0.03,0.1525
truth,5000,0.01,20000,1,3,selected,nonfixed,100,0.01,0.165,0.9545454545454546,0.006666666666666666,0.21,0.17,0.0,1,21,0.0,0.01,0.165,0.01,0.01,0.165,0.02,0.02,0.1625,0.02,0.03,0.1525
truth,5000,0.01,20000,1,5,neutral,all,1000,0.0,0.205,1.0,0.0,0.286,0.205,0.01,0,286,0.0,0.0,0.205,0.0,0.0,0.205,0.0,0.0,0.205,0.0,0.0,0.205
truth,5000,0.01,20000,1,5,selected,all,100,0.01,0.115,0.9285714285714286,0.006666666666666666,0.13,0.12,0.0,1,13,0.0,0.01,0.115,0.01,0.01,0.115,0.01,0.01,0.115,0.02,0.03,0.095
truth,5000,0.01,20000,1,5,selected,nonfixed,100,0.01,0.115,0.9285714285714286,0.006666666666666666,0.13,0.12,0.0,1,13,0.0,0.01,0.115,0.01,0.01,0.115,0.01,0.01,0.115,0.02,0.03,0.095
truth,5000,0.01,20000,1,10,neutral,all,1000,0.0,0.099,1.0,0.0,0.122,0.099,0.01,0,122,0.0,0.0,0.099,0.0,0.0,0.099,0.0,0.0,0.099,0.0,0.0,0.099
truth,5000,0.01,20000,1,10,selected,all,100,0.0,0.05,1.0,0.0,0.05,0.05,0.0,0,5,0.0,0.0,0.05,0.0,0.01,0.04,0.0,0.01,0.04,0.01,0.02,0.03
truth,5000,0.01,20000,1,10,selected,nonfixed,100,0.0,0.05,1.0,0.0,0.05,0.05,0.0,0,5,0.0,0.0,0.05,0.0,0.01,0.04,0.0,0.01,0.04,0.01,0.02,0.03
truth,5000,0.01,20000,1,20,neutral,all,1000,0.0,0.022,1.0,0.0,0.023,0.022,0.01,0,23,0.0,0.0,0.022,0.0,0.0,0.022,0.0,0.0,0.022,0.0,0.0,0.022
truth,5000,0.01,20000,1,20,selected,all,100,0.0,0.02,1.0,0.0,0.02,0.02,0.0,0,2,0.0,0.0,0.02,0.0,0.0,0.02,0.0,0.0,0.02,0.0,0.0,0.02
truth,5000,0.01,20000,1,20,selected,nonfixed,100,0.0,0.02,1.0,0.0,0.02,0.02,0.0,0,2,0.0,0.0,0.02,0.0,0.0,0.02,0.0,0.0,0.02,0.0,0.0,0.02
truth,5000,0.01,50000,0,1,neutral,all,1000,0.0,0.38,1.0,0.0,0.733,0.38,0.01,0,733,0.0,0.0,0.38,0.0,0.0,0.38,0.0,0.0,0.38,0.0,0.0,0.38
truth,5000,0.01,50000,0,1,selected,all,100,0.01,0.235,0.9782608695652174,0.006666666666666666,0.45,0.24,0.0,1,45,0.0,0.0,0.24,0.01,0.01,0.235,0.04,0.04,0.2175,0.08,0.08,0.1925
truth,5000,0.01,50000,0,1,selected,nonfixed,100,0.01,0.235,0.9782608695652174,0.006666666666666666,0.45,0.24,0.0,1,45,0.0,0.0,0.24,0.01,0.01,0.235,0.04,0.04,0.2175,0.08,0.08,0.1925
truth,5000,0.01,50000,0,3,neutral,all,1000,0.0,0.155,1.0,0.0,0.206,0.155,0.01,0,206,0.0,0.0,0.155,0.0,0.0,0.155,0.0,0.0,0.155,0.0,0.0,0.155
truth,5000,0.01,50000,0,3,selected,all,100,0.0,0.08,1.0,0.0,0.08,0.08,0.0,0,8,0.0,0.0,0.08,0.0,0.01,0.07,0.0,0.01,0.07,0.02,0.02,0.06
truth,5000,0.01,50000,0,3,selected,nonfixed,100,0.0,0.08,1.0,0.0,0.08,0.08,0.0,0,8,0.0,0.0,0.08,0.0,0.01,0.07,0.0,0.01,0.07,0.02,0.02,0.06
truth,5000,0.01,50000,0,5,neutral,all,1000,0.0,0.074,1.0,0.0,0.08,0.074,0.01,0,80,0.0,0.0,0.074,0.0,0.0,0.074,0.0,0.0,0.074,0.0,0.0,0.074
truth,5000,0.01,50000,0,5,selected,all,100,0.0,0.04,1.0,0.0,0.04,0.04,0.0,0,4,0.0,0.0,0.04,0.0,0.01,0.03,0.0,0.01,0.03,0.01,0.01,0.03
truth,5000,0.01,50000,0,5,selected,nonfixed,100,0.0,0.04,1.0,0.0,0.04,0.04,0.0,0,4,0.0,0.0,0.04,0.0,0.01,0.03,0.0,0.01,0.03,0.01,0.01,0.03
truth,5000,0.01,50000,0,10,neutral,all,1000,0.0,0.012,1.0,0.0,0.012,0.012,0.01,0,12,0.0,0.0,0.012,0.0,0.0,0.012,0.0,0.0,0.012,0.0,0.0,0.012
truth,5000,0.01,50000,0,10,selected,all,100,0.0,0.0,,0.0,0.0,0.0,0.0,0,0,0.0,0.0,0.0,0.0,0.0,0.0,0.0,0.0,0.0,0.0,0.0,0.0
truth,5000,0.01,50000,0,10,selected,nonfixed,100,0.0,0.0,,0.0,0.0,0.0,0.0,0,0,0.0,0.0,0.0,0.0,0.0,0.0,0.0,0.0,0.0,0.0,0.0,0.0
truth,5000,0.01,50000,0,20,neutral,all,1000,0.0,0.001,1.0,0.0,0.001,0.001,0.01,0,1,0.0,0.0,0.001,0.0,0.0,0.001,0.0,0.0,0.001,0.0,0.0,0.001
truth,5000,0.01,50000,0,20,selected,all,100,0.0,0.0,,0.0,0.0,0.0,0.0,0,0,0.0,0.0,0.0,0.0,0.0,0.0,0.0,0.0,0.0,0.0,0.0,0.0
truth,5000,0.01,50000,0,20,selected,nonfixed,100,0.0,0.0,,0.0,0.0,0.0,0.0,0,0,0.0,0.0,0.0,0.0,0.0,0.0,0.0,0.0,0.0,0.0,0.0,0.0
truth,5000,0.01,50000,1,1,neutral,all,1000,0.0,0.38,1.0,0.0,0.64,0.38,0.01,0,640,0.0,0.0,0.38,0.0,0.0,0.38,0.0,0.0,0.38,0.0,0.0,0.38
truth,5000,0.01,50000,1,1,selected,all,100,0.01,0.235,0.9714285714285714,0.006666666666666666,0.34,0.24,0.0,1,34,0.0,0.0,0.24,0.01,0.01,0.235,0.04,0.04,0.21666666666666665,0.06,0.08,0.18166666666666664
truth,5000,0.01,50000,1,1,selected,nonfixed,100,0.01,0.235,0.9714285714285714,0.006666666666666666,0.34,0.24,0.0,1,34,0.0,0.0,0.24,0.01,0.01,0.235,0.04,0.04,0.21666666666666665,0.06,0.08,0.18166666666666664
truth,5000,0.01,50000,1,3,neutral,all,1000,0.0,0.166,1.0,0.0,0.211,0.166,0.01,0,211,0.0,0.0,0.166,0.0,0.0,0.166,0.0,0.0,0.166,0.0,0.0,0.166
truth,5000,0.01,50000,1,3,selected,all,100,0.0,0.1,1.0,0.0,0.12,0.1,0.0,0,12,0.0,0.0,0.1,0.0,0.01,0.09,0.0,0.01,0.09,0.02,0.03,0.075
truth,5000,0.01,50000,1,3,selected,nonfixed,100,0.0,0.1,1.0,0.0,0.12,0.1,0.0,0,12,0.0,0.0,0.1,0.0,0.01,0.09,0.0,0.01,0.09,0.02,0.03,0.075
truth,5000,0.01,50000,1,5,neutral,all,1000,0.0,0.084,1.0,0.0,0.093,0.084,0.01,0,93,0.0,0.0,0.084,0.0,0.0,0.084,0.0,0.0,0.084,0.0,0.0,0.084
truth,5000,0.01,50000,1,5,selected,all,100,0.0,0.04,1.0,0.0,0.04,0.04,0.0,0,4,0.0,0.0,0.04,0.0,0.01,0.03,0.0,0.01,0.03,0.01,0.01,0.03
truth,5000,0.01,50000,1,5,selected,nonfixed,100,0.0,0.04,1.0,0.0,0.04,0.04,0.0,0,4,0.0,0.0,0.04,0.0,0.01,0.03,0.0,0.01,0.03,0.01,0.01,0.03
truth,5000,0.01,50000,1,10,neutral,all,1000,0.0,0.016,1.0,0.0,0.016,0.016,0.01,0,16,0.0,0.0,0.016,0.0,0.0,0.016,0.0,0.0,0.016,0.0,0.0,0.016
truth,5000,0.01,50000,1,10,selected,all,100,0.0,0.0,,0.0,0.0,0.0,0.0,0,0,0.0,0.0,0.0,0.0,0.0,0.0,0.0,0.0,0.0,0.0,0.0,0.0
truth,5000,0.01,50000,1,10,selected,nonfixed,100,0.0,0.0,,0.0,0.0,0.0,0.0,0,0,0.0,0.0,0.0,0.0,0.0,0.0,0.0,0.0,0.0,0.0,0.0,0.0
truth,5000,0.01,50000,1,20,neutral,all,1000,0.0,0.002,1.0,0.0,0.002,0.002,0.01,0,2,0.0,0.0,0.002,0.0,0.0,0.002,0.0,0.0,0.002,0.0,0.0,0.002
truth,5000,0.01,50000,1,20,selected,all,100,0.0,0.0,,0.0,0.0,0.0,0.0,0,0,0.0,0.0,0.0,0.0,0.0,0.0,0.0,0.0,0.0,0.0,0.0,0.0
truth,5000,0.01,50000,1,20,selected,nonfixed,100,0.0,0.0,,0.0,0.0,0.0,0.0,0,0,0.0,0.0,0.0,0.0,0.0,0.0,0.0,0.0,0.0,0.0,0.0,0.0
truth,5000,0.05,10000,0,1,neutral,all,1000,0.0,0.89,1.0,0.0,6.172,0.89,0.046,0,6172,0.0,0.0,0.89,0.0,0.0,0.89,0.0,0.0,0.89,0.0,0.0,0.89
truth,5000,0.05,10000,0,1,selected,all,100,0.06,0.8261746031746031,0.9869281045751634,0.021190476190476187,4.53,0.84,0.02,6,453,0.04,0.05,0.8264523809523808,0.06,0.08,0.8203412698412699,0.14,0.16,0.8017301587301587,0.27,0.27,0.7798035714285715
truth,5000,0.05,10000,0,1,selected,nonfixed,100,0.06,0.8261746031746031,0.9869281045751634,0.021190476190476187,4.53,0.84,0.02,6,453,0.04,0.05,0.8264523809523808,0.06,0.08,0.8203412698412699,0.14,0.16,0.8017301587301587,0.27,0.27,0.7798035714285715
truth,5000,0.05,10000,0,3,neutral,all,1000,0.0,0.803,1.0,0.0,3.292,0.803,0.046,0,3292,0.0,0.0,0.803,0.0,0.0,0.803,0.0,0.0,0.803,0.0,0.0,0.803
truth,5000,0.05,10000,0,3,selected,all,100,0.02,0.7125,0.991304347826087,0.010666666666666666,2.28,0.72,0.02,2,228,0.01,0.02,0.7116666666666666,0.02,0.05,0.7033333333333333,0.12,0.15,0.6651474358974359,0.19,0.19,0.6494807692307693
truth,5000,0.05,10000,0,3,selected,nonfixed,100,0.02,0.7125,0.991304347826087,0.010666666666666666,2.28,0.72,0.02,2,228,0.01,0.02,0.7116666666666666,0.02,0.05,0.7033333333333333,0.12,0.15,0.6651474358974359,0.19,0.19,0.6494807692307693
truth,5000,0.05,10000,0,5,neutral,all,1000,0.0,0.736,1.0,0.0,2.268,0.736,0.046,0,2268,0.0,0.0,0.736,0.0,0.0,0.736,0.0,0.0,0.736,0.0,0.0,0.736
truth,5000,0.05,10000,0,5,selected,all,100,0.01,0.62,0.9935064935064936,0.01,1.53,0.63,0.02,1,153,0.01,0.02,0.61,0.01,0.04,0.5966666666666667,0.08,0.11,0.57275,0.15,0.15,0.5544166666666667
truth,5000,0.05,10000,0,5,selected,nonfixed,100,0.01,0.62,0.9935064935064936,0.01,1.53,0.63,0.02,1,153,0.01,0.02,0.61,0.01,0.04,0.5966666666666667,0.08,0.11,0.57275,0.15,0.15,0.5544166666666667
truth,5000,0.05,10000,0,10,neutral,all,1000,0.0,0.582,1.0,0.0,1.237,0.582,0.046,0,1237,0.0,0.0,0.582,0.0,0.0,0.582,0.0,0.0,0.582,0.0,0.0,0.582
truth,5000,0.05,10000,0,10,selected,all,100,0.0,0.42,1.0,0.0,0.77,0.42,0.02,0,77,0.0,0.01,0.41,0.0,0.03,0.39666666666666667,0.04,0.08,0.3791666666666667,0.09,0.09,0.3741666666666667
truth,5000,0.05,10000,0,10,selected,nonfixed,100,0.0,0.42,1.0,0.0,0.77,0.42,0.02,0,77,0.0,0.01,0.41,0.0,0.03,0.39666666666666667,0.04,0.08,0.3791666666666667,0.09,0.09,0.3741666666666667
truth,5000,0.05,10000,0,20,neutral,all,1000,0.0,0.372,1.0,0.0,0.536,0.372,0.046,0,536,0.0,0.0,0.372,0.0,0.0,0.372,0.0,0.0,0.372,0.0,0.0,0.372
truth,5000,0.05,10000,0,20,selected,all,100,0.0,0.22,1.0,0.0,0.31,0.22,0.02,0,31,0.0,0.01,0.21,0.0,0.02,0.205,0.02,0.05,0.185,0.05,0.07,0.175
truth,5000,0.05,10000,0,20,selected,nonfixed,100,0.0,0.22,1.0,0.0,0.31,0.22,0.02,0,31,0.0,0.01,0.21,0.0,0.02,0.205,0.02,0.05,0.185,0.05,0.07,0.175
truth,5000,0.05,10000,1,1,neutral,all,1000,0.0,0.89,1.0,0.0,5.014,0.89,0.046,0,5014,0.0,0.0,0.89,0.0,0.0,0.89,0.0,0.0,0.89,0.0,0.0,0.89
truth,5000,0.05,10000,1,1,selected,all,100,0.05,0.8272307692307692,0.9865229110512129,0.019285714285714285,3.66,0.84,0.02,5,366,0.04,0.05,0.8255641025641026,0.05,0.08,0.8193141025641026,0.13,0.16,0.7989050116550116,0.27,0.27,0.7720597735597735
truth,5000,0.05,10000,1,1,selected,nonfixed,100,0.05,0.8272307692307692,0.9865229110512129,0.019285714285714285,3.66,0.84,0.02,5,366,0.04,0.05,0.8255641025641026,0.05,0.08,0.8193141025641026,0.13,0.16,0.7989050116550116,0.27,0.27,0.7720597735597735
truth,5000,0.05,10000,1,3,neutral,all,1000,0.0,0.807,1.0,0.0,3.045,0.807,0.046,0,3045,0.0,0.0,0.807,0.0,0.0,0.807,0.0,0.0,0.807,0.0,0.0,0.807
truth,5000,0.05,10000,1,3,selected,all,100,0.02,0.7225,0.9906976744186047,0.010666666666666666,2.13,0.73,0.02,2,213,0.01,0.02,0.72,0.02,0.05,0.7116666666666666,0.11,0.15,0.6715555555555555,0.19,0.2,0.6505555555555556
truth,5000,0.05,10000,1,3,selected,nonfixed,100,0.02,0.7225,0.9906976744186047,0.010666666666666666,2.13,0.73,0.02,2,213,0.01,0.02,0.72,0.02,0.05,0.7116666666666666,0.11,0.15,0.6715555555555555,0.19,0.2,0.6505555555555556
truth,5000,0.05,10000,1,5,neutral,all,1000,0.0,0.744,1.0,0.0,2.225,0.744,0.046,0,2225,0.0,0.0,0.744,0.0,0.0,0.744,0.0,0.0,0.744,0.0,0.0,0.744
truth,5000,0.05,10000,1,5,selected,all,100,0.01,0.64,0.9936305732484076,0.01,1.56,0.65,0.02,1,156,0.01,0.02,0.63,0.01,0.04,0.6166666666666667,0.08,0.12,0.5892499999999999,0.16,0.17,0.5659166666666667
truth,5000,0.05,10000,1,5,selected,nonfixed,100,0.01,0.64,0.9936305732484076,0.01,1.56,0.65,0.02,1,156,0.01,0.02,0.63,0.01,0.04,0.6166666666666667,0.08,0.12,0.5892499999999999,0.16,0.17,0.5659166666666667
truth,5000,0.05,10000,1,10,neutral,all,1000,0.0,0.599,1.0,0.0,1.28,0.599,0.046,0,1280,0.0,0.0,0.599,0.0,0.0,0.599,0.0,0.0,0.599,0.0,0.0,0.599
truth,5000,0.05,10000,1,10,selected,all,100,0.0,0.44,1.0,0.0,0.81,0.44,0.02,0,81,0.0,0.01,0.43,0.0,0.03,0.41666666666666663,0.04,0.08,0.3988333333333333,0.1,0.11,0.3813333333333333
truth,5000,0.05,10000,1,10,selected,nonfixed,100,0.0,0.44,1.0,0.0,0.81,0.44,0.02,0,81,0.0,0.01,0.43,0.0,0.03,0.41666666666666663,0.04,0.08,0.3988333333333333,0.1,0.11,0.3813333333333333
truth,5000,0.05,10000,1,20,neutral,all,1000,0.0,0.398,1.0,0.0,0.59,0.398,0.046,0,590,0.0,0.0,0.398,0.0,0.0,0.398,0.0,0.0,0.398,0.0,0.0,0.398
truth,5000,0.05,10000,1,20,selected,all,100,0.0,0.27,1.0,0.0,0.38,0.27,0.02,0,38,0.0,0.01,0.26,0.0,0.02,0.255,0.02,0.06,0.235,0.06,0.08,0.225
truth,5000,0.05,10000,1,20,selected,nonfixed,100,0.0,0.27,1.0,0.0,0.38,0.27,0.02,0,38,0.0,0.01,0.26,0.0,0.02,0.255,0.02,0.06,0.235,0.06,0.08,0.225
truth,5000,0.05,20000,0,1,neutral,all,1000,0.0,0.862,1.0,0.0,4.63,0.862,0.046,0,4630,0.0,0.0,0.862,0.0,0.0,0.862,0.0,0.0,0.862,0.0,0.0,0.862
truth,5000,0.05,20000,0,1,selected,all,100,0.03,0.8020833333333335,0.9908814589665653,0.011746031746031744,3.26,0.81,0.02,3,326,0.01,0.02,0.8,0.03,0.05,0.79375,0.11,0.15,0.7691345598845599,0.25,0.25,0.7425512265512265
truth,5000,0.05,20000,0,1,selected,nonfixed,100,0.03,0.8020833333333335,0.9908814589665653,0.011746031746031744,3.26,0.81,0.02,3,326,0.01,0.02,0.8,0.03,0.05,0.79375,0.11,0.15,0.7691345598845599,0.25,0.25,0.7425512265512265
truth,5000,0.05,20000,0,3,neutral,all,1000,0.0,0.725,1.0,0.0,2.116,0.725,0.046,0,2116,0.0,0.0,0.725,0.0,0.0,0.725,0.0,0.0,0.725,0.0,0.0,0.725
truth,5000,0.05,20000,0,3,selected,all,100,0.01,0.62,0.993006993006993,0.01,1.42,0.63,0.02,1,142,0.01,0.02,0.61,0.01,0.04,0.5966666666666667,0.05,0.1,0.5737575757575758,0.15,0.16,0.5404242424242425
truth,5000,0.05,20000,0,3,selected,nonfixed,100,0.01,0.62,0.993006993006993,0.01,1.42,0.63,0.02,1,142,0.01,0.02,0.61,0.01,0.04,0.5966666666666667,0.05,0.1,0.5737575757575758,0.15,0.16,0.5404242424242425
truth,5000,0.05,20000,0,5,neutral,all,1000,0.0,0.606,1.0,0.0,1.331,0.606,0.046,0,1331,0.0,0.0,0.606,0.0,0.0,0.606,0.0,0.0,0.606,0.0,0.0,0.606
truth,5000,0.05,20000,0,5,selected,all,100,0.0,0.45,1.0,0.0,0.89,0.45,0.02,0,89,0.0,0.01,0.44,0.0,0.03,0.42666666666666664,0.03,0.08,0.4094047619047619,0.1,0.11,0.39240476190476187
truth,5000,0.05,20000,0,5,selected,nonfixed,100,0.0,0.45,1.0,0.0,0.89,0.45,0.02,0,89,0.0,0.01,0.44,0.0,0.03,0.42666666666666664,0.03,0.08,0.4094047619047619,0.1,0.11,0.39240476190476187
truth,5000,0.05,20000,0,10,neutral,all,1000,0.0,0.39,1.0,0.0,0.587,0.39,0.046,0,587,0.0,0.0,0.39,0.0,0.0,0.39,0.0,0.0,0.39,0.0,0.0,0.39
truth,5000,0.05,20000,0,10,selected,all,100,0.0,0.26,1.0,0.0,0.36,0.26,0.02,0,36,0.0,0.01,0.25,0.0,0.02,0.245,0.01,0.06,0.215,0.06,0.08,0.205
truth,5000,0.05,20000,0,10,selected,nonfixed,100,0.0,0.26,1.0,0.0,0.36,0.26,0.02,0,36,0.0,0.01,0.25,0.0,0.02,0.245,0.01,0.06,0.215,0.06,0.08,0.205
truth,5000,0.05,20000,0,20,neutral,all,1000,0.0,0.138,1.0,0.0,0.167,0.138,0.046,0,167,0.0,0.0,0.138,0.0,0.0,0.138,0.0,0.0,0.138,0.0,0.0,0.138
truth,5000,0.05,20000,0,20,selected,all,100,0.0,0.07,1.0,0.0,0.07,0.07,0.02,0,7,0.0,0.01,0.06,0.0,0.01,0.06,0.0,0.02,0.05,0.01,0.02,0.05
truth,5000,0.05,20000,0,20,selected,nonfixed,100,0.0,0.07,1.0,0.0,0.07,0.07,0.02,0,7,0.0,0.01,0.06,0.0,0.01,0.06,0.0,0.02,0.05,0.01,0.02,0.05
truth,5000,0.05,20000,1,1,neutral,all,1000,0.0,0.862,1.0,0.0,3.744,0.862,0.046,0,3744,0.0,0.0,0.862,0.0,0.0,0.862,0.0,0.0,0.862,0.0,0.0,0.862
truth,5000,0.05,20000,1,1,selected,all,100,0.02,0.8025,0.9928057553956835,0.010666666666666666,2.76,0.81,0.02,2,276,0.01,0.02,0.795,0.02,0.05,0.7875,0.11,0.15,0.7589325396825396,0.24,0.25,0.7285039682539682
truth,5000,0.05,20000,1,1,selected,nonfixed,100,0.02,0.8025,0.9928057553956835,0.010666666666666666,2.76,0.81,0.02,2,276,0.01,0.02,0.795,0.02,0.05,0.7875,0.11,0.15,0.7589325396825396,0.24,0.25,0.7285039682539682
truth,5000,0.05,20000,1,3,neutral,all,1000,0.0,0.738,1.0,0.0,2.03,0.738,0.046,0,2030,0.0,0.0,0.738,0.0,0.0,0.738,0.0,0.0,0.738,0.0,0.0,0.738
truth,5000,0.05,20000,1,3,selected,all,100,0.01,0.63,0.9928057553956835,0.01,1.38,0.64,0.02,1,138,0.01,0.02,0.62,0.01,0.04,0.6066666666666667,0.06,0.11,0.5732380952380952,0.16,0.17,0.5395714285714286
truth,5000,0.05,20000,1,3,selected,nonfixed,100,0.01,0.63,0.9928057553956835,0.01,1.38,0.64,0.02,1,138,0.01,0.02,0.62,0.01,0.04,0.6066666666666667,0.06,0.11,0.5732380952380952,0.16,0.17,0.5395714285714286
truth,5000,0.05,20000,1,5,neutral,all,1000,0.0,0.627,1.0,0.0,1.346,0.627,0.046,0,1346,0.0,0.0,0.627,0.0,0.0,0.627,0.0,0.0,0.627,0.0,0.0,0.627
truth,5000,0.05,20000,1,5,selected,all,100,0.0,0.46,1.0,0.0,0.88,0.46,0.02,0,88,0.0,0.01,0.45,0.0,0.03,0.43666666666666665,0.03,0.08,0.4191666666666667,0.1,0.11,0.4016666666666667
truth,5000,0.05,20000,1,5,selected,nonfixed,100,0.0,0.46,1.0,0.0,0.88,0.46,0.02,0,88,0.0,0.01,0.45,0.0,0.03,0.43666666666666665,0.03,0.08,0.4191666666666667,0.1,0.11,0.4016666666666667
truth,5000,0.05,20000,1,10,neutral,all,1000,0.0,0.428,1.0,0.0,0.645,0.428,0.046,0,645,0.0,0.0,0.428,0.0,0.0,0.428,0.0,0.0,0.428,0.0,0.0,0.428
truth,5000,0.05,20000,1,10,selected,all,100,0.0,0.3,1.0,0.0,0.43,0.3,0.02,0,43,0.0,0.01,0.29,0.0,0.02,0.285,0.01,0.06,0.26666666666666666,0.06,0.09,0.24666666666666665
truth,5000,0.05,20000,1,10,selected,nonfixed,100,0.0,0.3,1.0,0.0,0.43,0.3,0.02,0,43,0.0,0.01,0.29,0.0,0.02,0.285,0.01,0.06,0.26666666666666666,0.06,0.09,0.24666666666666665
truth,5000,0.05,20000,1,20,neutral,all,1000,0.0,0.168,1.0,0.0,0.205,0.168,0.046,0,205,0.0,0.0,0.168,0.0,0.0,0.168,0.0,0.0,0.168,0.0,0.0,0.168
truth,5000,0.05,20000,1,20,selected,all,100,0.0,0.08,1.0,0.0,0.09,0.08,0.02,0,9,0.0,0.01,0.07,0.0,0.01,0.07,0.0,0.02,0.065,0.01,0.02,0.065
truth,5000,0.05,20000,1,20,selected,nonfixed,100,0.0,0.08,1.0,0.0,0.09,0.08,0.02,0,9,0.0,0.01,0.07,0.0,0.01,0.07,0.0,0.02,0.065,0.01,0.02,0.065
truth,5000,0.05,50000,0,1,neutral,all,1000,0.0,0.826,1.0,0.0,2.977,0.826,0.046,0,2977,0.0,0.0,0.826,0.0,0.0,0.826,0.0,0.0,0.826,0.0,0.0,0.826
truth,5000,0.05,50000,0,1,selected,all,100,0.03,0.7275,0.9864864864864865,0.017333333333333333,2.19,0.74,0.02,3,219,0.02,0.03,0.725,0.03,0.06,0.7171666666666667,0.13,0.16,0.6793928571428571,0.21,0.22,0.6548928571428572
truth,5000,0.05,50000,0,1,selected,nonfixed,100,0.03,0.7275,0.9864864864864865,0.017333333333333333,2.19,0.74,0.02,3,219,0.02,0.03,0.725,0.03,0.06,0.7171666666666667,0.13,0.16,0.6793928571428571,0.21,0.22,0.6548928571428572
truth,5000,0.05,50000,0,3,neutral,all,1000,0.0,0.555,1.0,0.0,1.031,0.555,0.046,0,1031,0.0,0.0,0.555,0.0,0.0,0.555,0.0,0.0,0.555,0.0,0.0,0.555
truth,5000,0.05,50000,0,3,selected,all,100,0.0,0.4,1.0,0.0,0.69,0.4,0.02,0,69,0.0,0.01,0.39,0.0,0.03,0.37666666666666665,0.03,0.07,0.3608333333333333,0.08,0.11,0.34
truth,5000,0.05,50000,0,3,selected,nonfixed,100,0.0,0.4,1.0,0.0,0.69,0.4,0.02,0,69,0.0,0.01,0.39,0.0,0.03,0.37666666666666665,0.03,0.07,0.3608333333333333,0.08,0.11,0.34
truth,5000,0.05,50000,0,5,neutral,all,1000,0.0,0.379,1.0,0.0,0.543,0.379,0.046,0,543,0.0,0.0,0.379,0.0,0.0,0.379,0.0,0.0,0.379,0.0,0.0,0.379
truth,5000,0.05,50000,0,5,selected,all,100,0.0,0.25,1.0,0.0,0.32,0.25,0.02,0,32,0.0,0.01,0.24,0.0,0.01,0.24,0.01,0.04,0.22166666666666665,0.04,0.07,0.20166666666666663
truth,5000,0.05,50000,0,5,selected,nonfixed,100,0.0,0.25,1.0,0.0,0.32,0.25,0.02,0,32,0.0,0.01,0.24,0.0,0.01,0.24,0.01,0.04,0.22166666666666665,0.04,0.07,0.20166666666666663
truth,5000,0.05,50000,0,10,neutral,all,1000,0.0,0.11,1.0,0.0,0.132,0.11,0.046,0,132,0.0,0.0,0.11,0.0,0.0,0.11,0.0,0.0,0.11,0.0,0.0,0.11
truth,5000,0.05,50000,0,10,selected,all,100,0.0,0.05,1.0,0.0,0.05,0.05,0.02,0,5,0.0,0.01,0.04,0.0,0.01,0.04,0.0,0.02,0.03,0.01,0.02,0.03
truth,5000,0.05,50000,0,10,selected,nonfixed,100,0.0,0.05,1.0,0.0,0.05,0.05,0.02,0,5,0.0,0.01,0.04,0.0,0.01,0.04,0.0,0.02,0.03,0.01,0.02,0.03
truth,5000,0.05,50000,0,20,neutral,all,1000,0.0,0.015,1.0,0.0,0.016,0.015,0.046,0,16,0.0,0.0,0.015,0.0,0.0,0.015,0.0,0.0,0.015,0.0,0.0,0.015
truth,5000,0.05,50000,0,20,selected,all,100,0.0,0.0,,0.0,0.0,0.0,0.02,0,0,0.0,0.0,0.0,0.0,0.0,0.0,0.0,0.0,0.0,0.0,0.0,0.0
truth,5000,0.05,50000,0,20,selected,nonfixed,100,0.0,0.0,,0.0,0.0,0.0,0.02,0,0,0.0,0.0,0.0,0.0,0.0,0.0,0.0,0.0,0.0,0.0,0.0,0.0
truth,5000,0.05,50000,1,1,neutral,all,1000,0.0,0.826,1.0,0.0,2.489,0.826,0.046,0,2489,0.0,0.0,0.826,0.0,0.0,0.826,0.0,0.0,0.826,0.0,0.0,0.826
truth,5000,0.05,50000,1,1,selected,all,100,0.03,0.7275,0.9844559585492227,0.017333333333333333,1.9,0.74,0.02,3,190,0.02,0.03,0.72,0.03,0.06,0.7105,0.11,0.16,0.6693095238095238,0.21,0.22,0.6431428571428571
truth,5000,0.05,50000,1,1,selected,nonfixed,100,0.03,0.7275,0.9844559585492227,0.017333333333333333,1.9,0.74,0.02,3,190,0.02,0.03,0.72,0.03,0.06,0.7105,0.11,0.16,0.6693095238095238,0.21,0.22,0.6431428571428571
truth,5000,0.05,50000,1,3,neutral,all,1000,0.0,0.576,1.0,0.0,1.022,0.576,0.046,0,1022,0.0,0.0,0.576,0.0,0.0,0.576,0.0,0.0,0.576,0.0,0.0,0.576
truth,5000,0.05,50000,1,3,selected,all,100,0.0,0.42,1.0,0.0,0.71,0.42,0.02,0,71,0.0,0.01,0.41,0.0,0.03,0.395,0.02,0.07,0.38166666666666665,0.08,0.11,0.3608333333333333
truth,5000,0.05,50000,1,3,selected,nonfixed,100,0.0,0.42,1.0,0.0,0.71,0.42,0.02,0,71,0.0,0.01,0.41,0.0,0.03,0.395,0.02,0.07,0.38166666666666665,0.08,0.11,0.3608333333333333
truth,5000,0.05,50000,1,5,neutral,all,1000,0.0,0.417,1.0,0.0,0.597,0.417,0.046,0,597,0.0,0.0,0.417,0.0,0.0,0.417,0.0,0.0,0.417,0.0,0.0,0.417
truth,5000,0.05,50000,1,5,selected,all,100,0.0,0.27,1.0,0.0,0.38,0.27,0.02,0,38,0.0,0.01,0.26,0.0,0.02,0.255,0.01,0.06,0.23166666666666663,0.06,0.09,0.21166666666666664
truth,5000,0.05,50000,1,5,selected,nonfixed,100,0.0,0.27,1.0,0.0,0.38,0.27,0.02,0,38,0.0,0.01,0.26,0.0,0.02,0.255,0.01,0.06,0.23166666666666663,0.06,0.09,0.21166666666666664
truth,5000,0.05,50000,1,10,neutral,all,1000,0.0,0.139,1.0,0.0,0.163,0.139,0.046,0,163,0.0,0.0,0.139,0.0,0.0,0.139,0.0,0.0,0.139,0.0,0.0,0.139
truth,5000,0.05,50000,1,10,selected,all,100,0.0,0.07,1.0,0.0,0.08,0.07,0.02,0,8,0.0,0.01,0.06,0.0,0.01,0.06,0.0,0.02,0.05,0.01,0.02,0.05
truth,5000,0.05,50000,1,10,selected,nonfixed,100,0.0,0.07,1.0,0.0,0.08,0.07,0.02,0,8,0.0,0.01,0.06,0.0,0.01,0.06,0.0,0.02,0.05,0.01,0.02,0.05
truth,5000,0.05,50000,1,20,neutral,all,1000,0.0,0.021,1.0,0.0,0.022,0.021,0.046,0,22,0.0,0.0,0.021,0.0,0.0,0.021,0.0,0.0,0.021,0.0,0.0,0.021
truth,5000,0.05,50000,1,20,selected,all,100,0.0,0.0,,0.0,0.0,0.0,0.02,0,0,0.0,0.0,0.0,0.0,0.0,0.0,0.0,0.0,0.0,0.0,0.0,0.0
truth,5000,0.05,50000,1,20,selected,nonfixed,100,0.0,0.0,,0.0,0.0,0.0,0.02,0,0,0.0,0.0,0.0,0.0,0.0,0.0,0.0,0.0,0.0,0.0,0.0,0.0
truth,10000,0.001,10000,0,1,neutral,all,1000,0.0,0.208,1.0,0.0,0.375,0.208,0.001,0,375,0.0,0.0,0.208,0.0,0.0,0.208,0.0,0.0,0.208,0.0,0.0,0.208
truth,10000,0.001,10000,0,1,selected,all,100,0.01,0.16666666666666663,0.9666666666666667,0.005,0.29,0.17,0.0,1,29,0.0,0.0,0.17,0.01,0.01,0.16666666666666663,0.02,0.02,0.16166666666666665,0.04,0.04,0.15166666666666667
truth,10000,0.001,10000,0,1,selected,nonfixed,100,0.01,0.16666666666666663,0.9666666666666667,0.005,0.29,0.17,0.0,1,29,0.0,0.0,0.17,0.01,0.01,0.16666666666666663,0.02,0.02,0.16166666666666665,0.04,0.04,0.15166666666666667
truth,10000,0.001,10000,0,3,neutral,all,1000,0.0,0.084,1.0,0.0,0.103,0.084,0.001,0,103,0.0,0.0,0.084,0.0,0.0,0.084,0.0,0.0,0.084,0.0,0.0,0.084
truth,10000,0.001,10000,0,3,selected,all,100,0.0,0.06,1.0,0.0,0.06,0.06,0.0,0,6,0.0,0.0,0.06,0.0,0.0,0.06,0.0,0.0,0.06,0.01,0.01,0.05
truth,10000,0.001,10000,0,3,selected,nonfixed,100,0.0,0.06,1.0,0.0,0.06,0.06,0.0,0,6,0.0,0.0,0.06,0.0,0.0,0.06,0.0,0.0,0.06,0.01,0.01,0.05
truth,10000,0.001,10000,0,5,neutral,all,1000,0.0,0.04,1.0,0.0,0.043,0.04,0.001,0,43,0.0,0.0,0.04,0.0,0.0,0.04,0.0,0.0,0.04,0.0,0.0,0.04
truth,10000,0.001,10000,0,5,selected,all,100,0.0,0.01,1.0,0.0,0.01,0.01,0.0,0,1,0.0,0.0,0.01,0.0,0.0,0.01,0.0,0.0,0.01,0.0,0.0,0.01
truth,10000,0.001,10000,0,5,selected,nonfixed,100,0.0,0.01,1.0,0.0,0.01,0.01,0.0,0,1,0.0,0.0,0.01,0.0,0.0,0.01,0.0,0.0,0.01,0.0,0.0,0.01
truth,10000,0.001,10000,0,10,neutral,all,1000,0.0,0.01,1.0,0.0,0.01,0.01,0.001,0,10,0.0,0.0,0.01,0.0,0.0,0.01,0.0,0.0,0.01,0.0,0.0,0.01
truth,10000,0.001,10000,0,10,selected,all,100,0.0,0.0,,0.0,0.0,0.0,0.0,0,0,0.0,0.0,0.0,0.0,0.0,0.0,0.0,0.0,0.0,0.0,0.0,0.0
truth,10000,0.001,10000,0,10,selected,nonfixed,100,0.0,0.0,,0.0,0.0,0.0,0.0,0,0,0.0,0.0,0.0,0.0,0.0,0.0,0.0,0.0,0.0,0.0,0.0,0.0
truth,10000,0.001,10000,0,20,neutral,all,1000,0.0,0.001,1.0,0.0,0.001,0.001,0.001,0,1,0.0,0.0,0.001,0.0,0.0,0.001,0.0,0.0,0.001,0.0,0.0,0.001
truth,10000,0.001,10000,0,20,selected,all,100,0.0,0.0,,0.0,0.0,0.0,0.0,0,0,0.0,0.0,0.0,0.0,0.0,0.0,0.0,0.0,0.0,0.0,0.0,0.0
truth,10000,0.001,10000,0,20,selected,nonfixed,100,0.0,0.0,,0.0,0.0,0.0,0.0,0,0,0.0,0.0,0.0,0.0,0.0,0.0,0.0,0.0,0.0,0.0,0.0,0.0
truth,10000,0.001,10000,1,1,neutral,all,1000,0.0,0.208,1.0,0.0,0.326,0.208,0.001,0,326,0.0,0.0,0.208,0.0,0.0,0.208,0.0,0.0,0.208,0.0,0.0,0.208
truth,10000,0.001,10000,1,1,selected,all,100,0.01,0.16666666666666663,0.9583333333333334,0.005,0.23,0.17,0.0,1,23,0.0,0.0,0.17,0.01,0.01,0.16666666666666663,0.02,0.02,0.16166666666666665,0.04,0.04,0.15166666666666667
truth,10000,0.001,10000,1,1,selected,nonfixed,100,0.01,0.16666666666666663,0.9583333333333334,0.005,0.23,0.17,0.0,1,23,0.0,0.0,0.17,0.01,0.01,0.16666666666666663,0.02,0.02,0.16166666666666665,0.04,0.04,0.15166666666666667
truth,10000,0.001,10000,1,3,neutral,all,1000,0.0,0.088,1.0,0.0,0.106,0.088,0.001,0,106,0.0,0.0,0.088,0.0,0.0,0.088,0.0,0.0,0.088,0.0,0.0,0.088
truth,10000,0.001,10000,1,3,selected,all,100,0.0,0.06,1.0,0.0,0.06,0.06,0.0,0,6,0.0,0.0,0.06,0.0,0.0,0.06,0.0,0.0,0.06,0.01,0.01,0.05
truth,10000,0.001,10000,1,3,selected,nonfixed,100,0.0,0.06,1.0,0.0,0.06,0.06,0.0,0,6,0.0,0.0,0.06,0.0,0.0,0.06,0.0,0.0,0.06,0.01,0.01,0.05
truth,10000,0.001,10000,1,5,neutral,all,1000,0.0,0.047,1.0,0.0,0.051,0.047,0.001,0,51,0.0,0.0,0.047,0.0,0.0,0.047,0.0,0.0,0.047,0.0,0.0,0.047
truth,10000,0.001,10000,1,5,selected,all,100,0.0,0.03,1.0,0.0,0.03,0.03,0.0,0,3,0.0,0.0,0.03,0.0,0.0,0.03,0.0,0.0,0.03,0.0,0.0,0.03
truth,10000,0.001,10000,1,5,selected,nonfixed,100,0.0,0.03,1.0,0.0,0.03,0.03,0.0,0,3,0.0,0.0,0.03,0.0,0.0,0.03,0.0,0.0,0.03,0.0,0.0,0.03
truth,10000,0.001,10000,1,10,neutral,all,1000,0.0,0.012,1.0,0.0,0.012,0.012,0.001,0,12,0.0,0.0,0.012,0.0,0.0,0.012,0.0,0.0,0.012,0.0,0.0,0.012
truth,10000,0.001,10000,1,10,selected,all,100,0.0,0.0,,0.0,0.0,0.0,0.0,0,0,0.0,0.0,0.0,0.0,0.0,0.0,0.0,0.0,0.0,0.0,0.0,0.0
truth,10000,0.001,10000,1,10,selected,nonfixed,100,0.0,0.0,,0.0,0.0,0.0,0.0,0,0,0.0,0.0,0.0,0.0,0.0,0.0,0.0,0.0,0.0,0.0,0.0,0.0
truth,10000,0.001,10000,1,20,neutral,all,1000,0.0,0.001,1.0,0.0,0.001,0.001,0.001,0,1,0.0,0.0,0.001,0.0,0.0,0.001,0.0,0.0,0.001,0.0,0.0,0.001
truth,10000,0.001,10000,1,20,selected,all,100,0.0,0.0,,0.0,0.0,0.0,0.0,0,0,0.0,0.0,0.0,0.0,0.0,0.0,0.0,0.0,0.0,0.0,0.0,0.0
truth,10000,0.001,10000,1,20,selected,nonfixed,100,0.0,0.0,,0.0,0.0,0.0,0.0,0,0,0.0,0.0,0.0,0.0,0.0,0.0,0.0,0.0,0.0,0.0,0.0,0.0
truth,10000,0.001,20000,0,1,neutral,all,1000,0.0,0.169,1.0,0.0,0.252,0.169,0.001,0,252,0.0,0.0,0.169,0.0,0.0,0.169,0.0,0.0,0.169,0.0,0.0,0.169
truth,10000,0.001,20000,0,1,selected,all,100,0.01,0.12666666666666665,0.9444444444444444,0.005,0.17,0.13,0.0,1,17,0.0,0.0,0.13,0.01,0.01,0.12666666666666665,0.01,0.01,0.12666666666666665,0.03,0.03,0.11166666666666666
truth,10000,0.001,20000,0,1,selected,nonfixed,100,0.01,0.12666666666666665,0.9444444444444444,0.005,0.17,0.13,0.0,1,17,0.0,0.0,0.13,0.01,0.01,0.12666666666666665,0.01,0.01,0.12666666666666665,0.03,0.03,0.11166666666666666
truth,10000,0.001,20000,0,3,neutral,all,1000,0.0,0.045,1.0,0.0,0.049,0.045,0.001,0,49,0.0,0.0,0.045,0.0,0.0,0.045,0.0,0.0,0.045,0.0,0.0,0.045
truth,10000,0.001,20000,0,3,selected,all,100,0.0,0.01,1.0,0.0,0.01,0.01,0.0,0,1,0.0,0.0,0.01,0.0,0.0,0.01,0.0,0.0,0.01,0.0,0.0,0.01
truth,10000,0.001,20000,0,3,selected,nonfixed,100,0.0,0.01,1.0,0.0,0.01,0.01,0.0,0,1,0.0,0.0,0.01,0.0,0.0,0.01,0.0,0.0,0.01,0.0,0.0,0.01
truth,10000,0.001,20000,0,5,neutral,all,1000,0.0,0.015,1.0,0.0,0.015,0.015,0.001,0,15,0.0,0.0,0.015,0.0,0.0,0.015,0.0,0.0,0.015,0.0,0.0,0.015
truth,10000,0.001,20000,0,5,selected,all,100,0.0,0.0,,0.0,0.0,0.0,0.0,0,0,0.0,0.0,0.0,0.0,0.0,0.0,0.0,0.0,0.0,0.0,0.0,0.0
truth,10000,0.001,20000,0,5,selected,nonfixed,100,0.0,0.0,,0.0,0.0,0.0,0.0,0,0,0.0,0.0,0.0,0.0,0.0,0.0,0.0,0.0,0.0,0.0,0.0,0.0
truth,10000,0.001,20000,0,10,neutral,all,1000,0.0,0.001,1.0,0.0,0.001,0.001,0.001,0,1,0.0,0.0,0.001,0.0,0.0,0.001,0.0,0.0,0.001,0.0,0.0,0.001
truth,10000,0.001,20000,0,10,selected,all,100,0.0,0.0,,0.0,0.0,0.0,0.0,0,0,0.0,0.0,0.0,0.0,0.0,0.0,0.0,0.0,0.0,0.0,0.0,0.0
truth,10000,0.001,20000,0,10,selected,nonfixed,100,0.0,0.0,,0.0,0.0,0.0,0.0,0,0,0.0,0.0,0.0,0.0,0.0,0.0,0.0,0.0,0.0,0.0,0.0,0.0
truth,10000,0.001,20000,0,20,neutral,all,1000,0.0,0.0,,0.0,0.0,0.0,0.001,0,0,0.0,0.0,0.0,0.0,0.0,0.0,0.0,0.0,0.0,0.0,0.0,0.0
truth,10000,0.001,20000,0,20,selected,all,100,0.0,0.0,,0.0,0.0,0.0,0.0,0,0,0.0,0.0,0.0,0.0,0.0,0.0,0.0,0.0,0.0,0.0,0.0,0.0
truth,10000,0.001,20000,0,20,selected,nonfixed,100,0.0,0.0,,0.0,0.0,0.0,0.0,0,0,0.0,0.0,0.0,0.0,0.0,0.0,0.0,0.0,0.0,0.0,0.0,0.0
truth,10000,0.001,20000,1,1,neutral,all,1000,0.0,0.169,1.0,0.0,0.229,0.169,0.001,0,229,0.0,0.0,0.169,0.0,0.0,0.169,0.0,0.0,0.169,0.0,0.0,0.169
truth,10000,0.001,20000,1,1,selected,all,100,0.0,0.13,1.0,0.0,0.15,0.13,0.0,0,15,0.0,0.0,0.13,0.0,0.01,0.125,0.01,0.01,0.125,0.03,0.03,0.105
truth,10000,0.001,20000,1,1,selected,nonfixed,100,0.0,0.13,1.0,0.0,0.15,0.13,0.0,0,15,0.0,0.0,0.13,0.0,0.01,0.125,0.01,0.01,0.125,0.03,0.03,0.105
truth,10000,0.001,20000,1,3,neutral,all,1000,0.0,0.047,1.0,0.0,0.052,0.047,0.001,0,52,0.0,0.0,0.047,0.0,0.0,0.047,0.0,0.0,0.047,0.0,0.0,0.047
truth,10000,0.001,20000,1,3,selected,all,100,0.0,0.02,1.0,0.0,0.02,0.02,0.0,0,2,0.0,0.0,0.02,0.0,0.0,0.02,0.0,0.0,0.02,0.01,0.01,0.01
truth,10000,0.001,20000,1,3,selected,nonfixed,100,0.0,0.02,1.0,0.0,0.02,0.02,0.0,0,2,0.0,0.0,0.02,0.0,0.0,0.02,0.0,0.0,0.02,0.01,0.01,0.01
truth,10000,0.001,20000,1,5,neutral,all,1000,0.0,0.018,1.0,0.0,0.019,0.018,0.001,0,19,0.0,0.0,0.018,0.0,0.0,0.018,0.0,0.0,0.018,0.0,0.0,0.018
truth,10000,0.001,20000,1,5,selected,all,100,0.0,0.0,,0.0,0.0,0.0,0.0,0,0,0.0,0.0,0.0,0.0,0.0,0.0,0.0,0.0,0.0,0.0,0.0,0.0
truth,10000,0.001,20000,1,5,selected,nonfixed,100,0.0,0.0,,0.0,0.0,0.0,0.0,0,0,0.0,0.0,0.0,0.0,0.0,0.0,0.0,0.0,0.0,0.0,0.0,0.0
truth,10000,0.001,20000,1,10,neutral,all,1000,0.0,0.002,1.0,0.0,0.002,0.002,0.001,0,2,0.0,0.0,0.002,0.0,0.0,0.002,0.0,0.0,0.002,0.0,0.0,0.002
truth,10000,0.001,20000,1,10,selected,all,100,0.0,0.0,,0.0,0.0,0.0,0.0,0,0,0.0,0.0,0.0,0.0,0.0,0.0,0.0,0.0,0.0,0.0,0.0,0.0
truth,10000,0.001,20000,1,10,selected,nonfixed,100,0.0,0.0,,0.0,0.0,0.0,0.0,0,0,0.0,0.0,0.0,0.0,0.0,0.0,0.0,0.0,0.0,0.0,0.0,0.0
truth,10000,0.001,20000,1,20,neutral,all,1000,0.0,0.0,,0.0,0.0,0.0,0.001,0,0,0.0,0.0,0.0,0.0,0.0,0.0,0.0,0.0,0.0,0.0,0.0,0.0
truth,10000,0.001,20000,1,20,selected,all,100,0.0,0.0,,0.0,0.0,0.0,0.0,0,0,0.0,0.0,0.0,0.0,0.0,0.0,0.0,0.0,0.0,0.0,0.0,0.0
truth,10000,0.001,20000,1,20,selected,nonfixed,100,0.0,0.0,,0.0,0.0,0.0,0.0,0,0,0.0,0.0,0.0,0.0,0.0,0.0,0.0,0.0,0.0,0.0,0.0,0.0
truth,10000,0.001,50000,0,1,neutral,all,1000,0.0,0.112,1.0,0.0,0.137,0.112,0.001,0,137,0.0,0.0,0.112,0.0,0.0,0.112,0.0,0.0,0.112,0.0,0.0,0.112
truth,10000,0.001,50000,0,1,selected,all,100,0.0,0.08,1.0,0.0,0.08,0.08,0.0,0,8,0.0,0.0,0.08,0.0,0.0,0.08,0.0,0.0,0.08,0.0,0.0,0.08
truth,10000,0.001,50000,0,1,selected,nonfixed,100,0.0,0.08,1.0,0.0,0.08,0.08,0.0,0,8,0.0,0.0,0.08,0.0,0.0,0.08,0.0,0.0,0.08,0.0,0.0,0.08
truth,10000,0.001,50000,0,3,neutral,all,1000,0.0,0.01,1.0,0.0,0.01,0.01,0.001,0,10,0.0,0.0,0.01,0.0,0.0,0.01,0.0,0.0,0.01,0.0,0.0,0.01
truth,10000,0.001,50000,0,3,selected,all,100,0.0,0.0,,0.0,0.0,0.0,0.0,0,0,0.0,0.0,0.0,0.0,0.0,0.0,0.0,0.0,0.0,0.0,0.0,0.0
truth,10000,0.001,50000,0,3,selected,nonfixed,100,0.0,0.0,,0.0,0.0,0.0,0.0,0,0,0.0,0.0,0.0,0.0,0.0,0.0,0.0,0.0,0.0,0.0,0.0,0.0
truth,10000,0.001,50000,0,5,neutral,all,1000,0.0,0.0,,0.0,0.0,0.0,0.001,0,0,0.0,0.0,0.0,0.0,0.0,0.0,0.0,0.0,0.0,0.0,0.0,0.0
truth,10000,0.001,50000,0,5,selected,all,100,0.0,0.0,,0.0,0.0,0.0,0.0,0,0,0.0,0.0,0.0,0.0,0.0,0.0,0.0,0.0,0.0,0.0,0.0,0.0
truth,10000,0.001,50000,0,5,selected,nonfixed,100,0.0,0.0,,0.0,0.0,0.0,0.0,0,0,0.0,0.0,0.0,0.0,0.0,0.0,0.0,0.0,0.0,0.0,0.0,0.0
truth,10000,0.001,50000,0,10,neutral,all,1000,0.0,0.0,,0.0,0.0,0.0,0.001,0,0,0.0,0.0,0.0,0.0,0.0,0.0,0.0,0.0,0.0,0.0,0.0,0.0
truth,10000,0.001,50000,0,10,selected,all,100,0.0,0.0,,0.0,0.0,0.0,0.0,0,0,0.0,0.0,0.0,0.0,0.0,0.0,0.0,0.0,0.0,0.0,0.0,0.0
truth,10000,0.001,50000,0,10,selected,nonfixed,100,0.0,0.0,,0.0,0.0,0.0,0.0,0,0,0.0,0.0,0.0,0.0,0.0,0.0,0.0,0.0,0.0,0.0,0.0,0.0
truth,10000,0.001,50000,0,20,neutral,all,1000,0.0,0.0,,0.0,0.0,0.0,0.001,0,0,0.0,0.0,0.0,0.0,0.0,0.0,0.0,0.0,0.0,0.0,0.0,0.0
truth,10000,0.001,50000,0,20,selected,all,100,0.0,0.0,,0.0,0.0,0.0,0.0,0,0,0.0,0.0,0.0,0.0,0.0,0.0,0.0,0.0,0.0,0.0,0.0,0.0
truth,10000,0.001,50000,0,20,selected,nonfixed,100,0.0,0.0,,0.0,0.0,0.0,0.0,0,0,0.0,0.0,0.0,0.0,0.0,0.0,0.0,0.0,0.0,0.0,0.0,0.0
truth,10000,0.001,50000,1,1,neutral,all,1000,0.0,0.112,1.0,0.0,0.132,0.112,0.001,0,132,0.0,0.0,0.112,0.0,0.0,0.112,0.0,0.0,0.112,0.0,0.0,0.112
truth,10000,0.001,50000,1,1,selected,all,100,0.0,0.08,1.0,0.0,0.08,0.08,0.0,0,8,0.0,0.0,0.08,0.0,0.0,0.08,0.0,0.0,0.08,0.0,0.0,0.08
truth,10000,0.001,50000,1,1,selected,nonfixed,100,0.0,0.08,1.0,0.0,0.08,0.08,0.0,0,8,0.0,0.0,0.08,0.0,0.0,0.08,0.0,0.0,0.08,0.0,0.0,0.08
truth,10000,0.001,50000,1,3,neutral,all,1000,0.0,0.01,1.0,0.0,0.01,0.01,0.001,0,10,0.0,0.0,0.01,0.0,0.0,0.01,0.0,0.0,0.01,0.0,0.0,0.01
truth,10000,0.001,50000,1,3,selected,all,100,0.0,0.0,,0.0,0.0,0.0,0.0,0,0,0.0,0.0,0.0,0.0,0.0,0.0,0.0,0.0,0.0,0.0,0.0,0.0
truth,10000,0.001,50000,1,3,selected,nonfixed,100,0.0,0.0,,0.0,0.0,0.0,0.0,0,0,0.0,0.0,0.0,0.0,0.0,0.0,0.0,0.0,0.0,0.0,0.0,0.0
truth,10000,0.001,50000,1,5,neutral,all,1000,0.0,0.0,,0.0,0.0,0.0,0.001,0,0,0.0,0.0,0.0,0.0,0.0,0.0,0.0,0.0,0.0,0.0,0.0,0.0
truth,10000,0.001,50000,1,5,selected,all,100,0.0,0.0,,0.0,0.0,0.0,0.0,0,0,0.0,0.0,0.0,0.0,0.0,0.0,0.0,0.0,0.0,0.0,0.0,0.0
truth,10000,0.001,50000,1,5,selected,nonfixed,100,0.0,0.0,,0.0,0.0,0.0,0.0,0,0,0.0,0.0,0.0,0.0,0.0,0.0,0.0,0.0,0.0,0.0,0.0,0.0
truth,10000,0.001,50000,1,10,neutral,all,1000,0.0,0.0,,0.0,0.0,0.0,0.001,0,0,0.0,0.0,0.0,0.0,0.0,0.0,0.0,0.0,0.0,0.0,0.0,0.0
truth,10000,0.001,50000,1,10,selected,all,100,0.0,0.0,,0.0,0.0,0.0,0.0,0,0,0.0,0.0,0.0,0.0,0.0,0.0,0.0,0.0,0.0,0.0,0.0,0.0
truth,10000,0.001,50000,1,10,selected,nonfixed,100,0.0,0.0,,0.0,0.0,0.0,0.0,0,0,0.0,0.0,0.0,0.0,0.0,0.0,0.0,0.0,0.0,0.0,0.0,0.0
truth,10000,0.001,50000,1,20,neutral,all,1000,0.0,0.0,,0.0,0.0,0.0,0.001,0,0,0.0,0.0,0.0,0.0,0.0,0.0,0.0,0.0,0.0,0.0,0.0,0.0
truth,10000,0.001,50000,1,20,selected,all,100,0.0,0.0,,0.0,0.0,0.0,0.0,0,0,0.0,0.0,0.0,0.0,0.0,0.0,0.0,0.0,0.0,0.0,0.0,0.0
truth,10000,0.001,50000,1,20,selected,nonfixed,100,0.0,0.0,,0.0,0.0,0.0,0.0,0,0,0.0,0.0,0.0,0.0,0.0,0.0,0.0,0.0,0.0,0.0,0.0,0.0
truth,10000,0.01,10000,0,1,neutral,all,1000,0.0,0.727,1.0,0.0,2.631,0.727,0.01,0,2631,0.0,0.0,0.727,0.0,0.0,0.727,0.0,0.0,0.727,0.0,0.0,0.727
truth,10000,0.01,10000,0,1,selected,all,100,0.01,0.7283333333333334,0.9959677419354839,0.002857142857142857,2.47,0.73,0.0,1,247,0.0,0.01,0.7275,0.01,0.02,0.7258333333333334,0.09,0.1,0.7084166666666667,0.22,0.22,0.6697103174603175
truth,10000,0.01,10000,0,1,selected,nonfixed,100,0.01,0.7283333333333334,0.9959677419354839,0.002857142857142857,2.47,0.73,0.0,1,247,0.0,0.01,0.7275,0.01,0.02,0.7258333333333334,0.09,0.1,0.7084166666666667,0.22,0.22,0.6697103174603175
truth,10000,0.01,10000,0,3,neutral,all,1000,0.0,0.485,1.0,0.0,0.997,0.485,0.01,0,997,0.0,0.0,0.485,0.0,0.0,0.485,0.0,0.0,0.485,0.0,0.0,0.485
truth,10000,0.01,10000,0,3,selected,all,100,0.01,0.4375,0.9885057471264368,0.004,0.86,0.44,0.0,1,86,0.0,0.01,0.43666666666666665,0.01,0.02,0.43416666666666665,0.05,0.06,0.42,0.12,0.13,0.3908333333333333
truth,10000,0.01,10000,0,3,selected,nonfixed,100,0.01,0.4375,0.9885057471264368,0.004,0.86,0.44,0.0,1,86,0.0,0.01,0.43666666666666665,0.01,0.02,0.43416666666666665,0.05,0.06,0.42,0.12,0.13,0.3908333333333333
truth,10000,0.01,10000,0,5,neutral,all,1000,0.0,0.373,1.0,0.0,0.574,0.373,0.01,0,574,0.0,0.0,0.373,0.0,0.0,0.373,0.0,0.0,0.373,0.0,0.0,0.373
truth,10000,0.01,10000,0,5,selected,all,100,0.0,0.28,1.0,0.0,0.44,0.28,0.0,0,44,0.0,0.01,0.275,0.0,0.01,0.275,0.03,0.05,0.25166666666666665,0.07,0.07,0.245
truth,10000,0.01,10000,0,5,selected,nonfixed,100,0.0,0.28,1.0,0.0,0.44,0.28,0.0,0,44,0.0,0.01,0.275,0.0,0.01,0.275,0.03,0.05,0.25166666666666665,0.07,0.07,0.245
truth,10000,0.01,10000,0,10,neutral,all,1000,0.0,0.168,1.0,0.0,0.2,0.168,0.01,0,200,0.0,0.0,0.168,0.0,0.0,0.168,0.0,0.0,0.168,0.0,0.0,0.168
truth,10000,0.01,10000,0,10,selected,all,100,0.0,0.12,1.0,0.0,0.19,0.12,0.0,0,19,0.0,0.01,0.115,0.0,0.01,0.115,0.02,0.04,0.095,0.05,0.05,0.09
truth,10000,0.01,10000,0,10,selected,nonfixed,100,0.0,0.12,1.0,0.0,0.19,0.12,0.0,0,19,0.0,0.01,0.115,0.0,0.01,0.115,0.02,0.04,0.095,0.05,0.05,0.09
truth,10000,0.01,10000,0,20,neutral,all,1000,0.0,0.039,1.0,0.0,0.04,0.039,0.01,0,40,0.0,0.0,0.039,0.0,0.0,0.039,0.0,0.0,0.039,0.0,0.0,0.039
truth,10000,0.01,10000,0,20,selected,all,100,0.0,0.03,1.0,0.0,0.04,0.03,0.0,0,4,0.0,0.0,0.03,0.0,0.0,0.03,0.0,0.01,0.02,0.02,0.02,0.015
truth,10000,0.01,10000,0,20,selected,nonfixed,100,0.0,0.03,1.0,0.0,0.04,0.03,0.0,0,4,0.0,0.0,0.03,0.0,0.0,0.03,0.0,0.01,0.02,0.02,0.02,0.015
truth,10000,0.01,10000,1,1,neutral,all,1000,0.0,0.727,1.0,0.0,2.127,0.727,0.01,0,2127,0.0,0.0,0.727,0.0,0.0,0.727,0.0,0.0,0.727,0.0,0.0,0.727
truth,10000,0.01,10000,1,1,selected,all,100,0.0,0.73,1.0,0.0,2.01,0.73,0.0,0,201,0.0,0.01,0.7275,0.0,0.02,0.7225,0.09,0.1,0.6977380952380952,0.21,0.22,0.6544642857142858
truth,10000,0.01,10000,1,1,selected,nonfixed,100,0.0,0.73,1.0,0.0,2.01,0.73,0.0,0,201,0.0,0.01,0.7275,0.0,0.02,0.7225,0.09,0.1,0.6977380952380952,0.21,0.22,0.6544642857142858
truth,10000,0.01,10000,1,3,neutral,all,1000,0.0,0.508,1.0,0.0,0.992,0.508,0.01,0,992,0.0,0.0,0.508,0.0,0.0,0.508,0.0,0.0,0.508,0.0,0.0,0.508
truth,10000,0.01,10000,1,3,selected,all,100,0.0,0.48,1.0,0.0,0.87,0.48,0.0,0,87,0.0,0.01,0.4766666666666666,0.0,0.02,0.4666666666666666,0.05,0.07,0.4408333333333333,0.13,0.15,0.40549999999999997
truth,10000,0.01,10000,1,3,selected,nonfixed,100,0.0,0.48,1.0,0.0,0.87,0.48,0.0,0,87,0.0,0.01,0.4766666666666666,0.0,0.02,0.4666666666666666,0.05,0.07,0.4408333333333333,0.13,0.15,0.40549999999999997
truth,10000,0.01,10000,1,5,neutral,all,1000,0.0,0.399,1.0,0.0,0.615,0.399,0.01,0,615,0.0,0.0,0.399,0.0,0.0,0.399,0.0,0.0,0.399,0.0,0.0,0.399
truth,10000,0.01,10000,1,5,selected,all,100,0.0,0.33,1.0,0.0,0.49,0.33,0.0,0,49,0.0,0.01,0.325,0.0,0.02,0.315,0.03,0.05,0.29666666666666663,0.07,0.09,0.2733333333333333
truth,10000,0.01,10000,1,5,selected,nonfixed,100,0.0,0.33,1.0,0.0,0.49,0.33,0.0,0,49,0.0,0.01,0.325,0.0,0.02,0.315,0.03,0.05,0.29666666666666663,0.07,0.09,0.2733333333333333
truth,10000,0.01,10000,1,10,neutral,all,1000,0.0,0.2,1.0,0.0,0.234,0.2,0.01,0,234,0.0,0.0,0.2,0.0,0.0,0.2,0.0,0.0,0.2,0.0,0.0,0.2
truth,10000,0.01,10000,1,10,selected,all,100,0.0,0.12,1.0,0.0,0.17,0.12,0.0,0,17,0.0,0.01,0.115,0.0,0.02,0.105,0.02,0.04,0.095,0.05,0.05,0.09
truth,10000,0.01,10000,1,10,selected,nonfixed,100,0.0,0.12,1.0,0.0,0.17,0.12,0.0,0,17,0.0,0.01,0.115,0.0,0.02,0.105,0.02,0.04,0.095,0.05,0.05,0.09
truth,10000,0.01,10000,1,20,neutral,all,1000,0.0,0.052,1.0,0.0,0.054,0.052,0.01,0,54,0.0,0.0,0.052,0.0,0.0,0.052,0.0,0.0,0.052,0.0,0.0,0.052
truth,10000,0.01,10000,1,20,selected,all,100,0.0,0.06,1.0,0.0,0.07,0.06,0.0,0,7,0.0,0.0,0.06,0.0,0.01,0.05,0.0,0.02,0.04,0.03,0.03,0.035
truth,10000,0.01,10000,1,20,selected,nonfixed,100,0.0,0.06,1.0,0.0,0.07,0.06,0.0,0,7,0.0,0.0,0.06,0.0,0.01,0.05,0.0,0.02,0.04,0.03,0.03,0.035
truth,10000,0.01,20000,0,1,neutral,all,1000,0.0,0.667,1.0,0.0,1.76,0.667,0.01,0,1760,0.0,0.0,0.667,0.0,0.0,0.667,0.0,0.0,0.667,0.0,0.0,0.667
truth,10000,0.01,20000,0,1,selected,all,100,0.01,0.655,0.9937888198757764,0.006666666666666666,1.6,0.66,0.0,1,160,0.0,0.01,0.6566666666666666,0.01,0.02,0.6516666666666666,0.08,0.09,0.6260833333333333,0.21,0.21,0.5723214285714286
truth,10000,0.01,20000,0,1,selected,nonfixed,100,0.01,0.655,0.9937888198757764,0.006666666666666666,1.6,0.66,0.0,1,160,0.0,0.01,0.6566666666666666,0.01,0.02,0.6516666666666666,0.08,0.09,0.6260833333333333,0.21,0.21,0.5723214285714286
truth,10000,0.01,20000,0,3,neutral,all,1000,0.0,0.379,1.0,0.0,0.57,0.379,0.01,0,570,0.0,0.0,0.379,0.0,0.0,0.379,0.0,0.0,0.379,0.0,0.0,0.379
truth,10000,0.01,20000,0,3,selected,all,100,0.01,0.295,0.9787234042553191,0.006666666666666666,0.46,0.3,0.0,1,46,0.0,0.01,0.295,0.01,0.02,0.29,0.04,0.05,0.27166666666666667,0.07,0.07,0.26333333333333336
truth,10000,0.01,20000,0,3,selected,nonfixed,100,0.01,0.295,0.9787234042553191,0.006666666666666666,0.46,0.3,0.0,1,46,0.0,0.01,0.295,0.01,0.02,0.29,0.04,0.05,0.27166666666666667,0.07,0.07,0.26333333333333336
truth,10000,0.01,20000,0,5,neutral,all,1000,0.0,0.214,1.0,0.0,0.258,0.214,0.01,0,258,0.0,0.0,0.214,0.0,0.0,0.214,0.0,0.0,0.214,0.0,0.0,0.214
truth,10000,0.01,20000,0,5,selected,all,100,0.01,0.135,0.9565217391304348,0.006666666666666666,0.22,0.14,0.0,1,22,0.0,0.01,0.135,0.01,0.02,0.13,0.04,0.05,0.11166666666666666,0.06,0.06,0.10666666666666666
truth,10000,0.01,20000,0,5,selected,nonfixed,100,0.01,0.135,0.9565217391304348,0.006666666666666666,0.22,0.14,0.0,1,22,0.0,0.01,0.135,0.01,0.02,0.13,0.04,0.05,0.11166666666666666,0.06,0.06,0.10666666666666666
truth,10000,0.01,20000,0,10,neutral,all,1000,0.0,0.053,1.0,0.0,0.054,0.053,0.01,0,54,0.0,0.0,0.053,0.0,0.0,0.053,0.0,0.0,0.053,0.0,0.0,0.053
truth,10000,0.01,20000,0,10,selected,all,100,0.0,0.05,1.0,0.0,0.06,0.05,0.0,0,6,0.0,0.0,0.05,0.0,0.0,0.05,0.0,0.02,0.03,0.03,0.03,0.025
truth,10000,0.01,20000,0,10,selected,nonfixed,100,0.0,0.05,1.0,0.0,0.06,0.05,0.0,0,6,0.0,0.0,0.05,0.0,0.0,0.05,0.0,0.02,0.03,0.03,0.03,0.025
truth,10000,0.01,20000,0,20,neutral,all,1000,0.0,0.002,1.0,0.0,0.002,0.002,0.01,0,2,0.0,0.0,0.002,0.0,0.0,0.002,0.0,0.0,0.002,0.0,0.0,0.002
truth,10000,0.01,20000,0,20,selected,all,100,0.0,0.0,,0.0,0.0,0.0,0.0,0,0,0.0,0.0,0.0,0.0,0.0,0.0,0.0,0.0,0.0,0.0,0.0,0.0
truth,10000,0.01,20000,0,20,selected,nonfixed,100,0.0,0.0,,0.0,0.0,0.0,0.0,0,0,0.0,0.0,0.0,0.0,0.0,0.0,0.0,0.0,0.0,0.0,0.0,0.0
truth,10000,0.01,20000,1,1,neutral,all,1000,0.0,0.667,1.0,0.0,1.512,0.667,0.01,0,1512,0.0,0.0,0.667,0.0,0.0,0.667,0.0,0.0,0.667,0.0,0.0,0.667
truth,10000,0.01,20000,1,1,selected,all,100,0.0,0.66,1.0,0.0,1.37,0.66,0.0,0,137,0.0,0.01,0.655,0.0,0.02,0.645,0.07,0.09,0.618,0.2,0.21,0.5553333333333333
truth,10000,0.01,20000,1,1,selected,nonfixed,100,0.0,0.66,1.0,0.0,1.37,0.66,0.0,0,137,0.0,0.01,0.655,0.0,0.02,0.645,0.07,0.09,0.618,0.2,0.21,0.5553333333333333
truth,10000,0.01,20000,1,3,neutral,all,1000,0.0,0.392,1.0,0.0,0.577,0.392,0.01,0,577,0.0,0.0,0.392,0.0,0.0,0.392,0.0,0.0,0.392,0.0,0.0,0.392
truth,10000,0.01,20000,1,3,selected,all,100,0.0,0.32,1.0,0.0,0.45,0.32,0.0,0,45,0.0,0.01,0.315,0.0,0.02,0.305,0.03,0.05,0.285,0.06,0.07,0.27166666666666667
truth,10000,0.01,20000,1,3,selected,nonfixed,100,0.0,0.32,1.0,0.0,0.45,0.32,0.0,0,45,0.0,0.01,0.315,0.0,0.02,0.305,0.03,0.05,0.285,0.06,0.07,0.27166666666666667
truth,10000,0.01,20000,1,5,neutral,all,1000,0.0,0.248,1.0,0.0,0.3,0.248,0.01,0,300,0.0,0.0,0.248,0.0,0.0,0.248,0.0,0.0,0.248,0.0,0.0,0.248
truth,10000,0.01,20000,1,5,selected,all,100,0.0,0.17,1.0,0.0,0.22,0.17,0.0,0,22,0.0,0.01,0.165,0.0,0.02,0.155,0.03,0.05,0.135,0.05,0.06,0.125
truth,10000,0.01,20000,1,5,selected,nonfixed,100,0.0,0.17,1.0,0.0,0.22,0.17,0.0,0,22,0.0,0.01,0.165,0.0,0.02,0.155,0.03,0.05,0.135,0.05,0.06,0.125
truth,10000,0.01,20000,1,10,neutral,all,1000,0.0,0.068,1.0,0.0,0.071,0.068,0.01,0,71,0.0,0.0,0.068,0.0,0.0,0.068,0.0,0.0,0.068,0.0,0.0,0.068
truth,10000,0.01,20000,1,10,selected,all,100,0.0,0.07,1.0,0.0,0.08,0.07,0.0,0,8,0.0,0.0,0.07,0.0,0.01,0.06,0.0,0.02,0.055,0.02,0.03,0.045
truth,10000,0.01,20000,1,10,selected,nonfixed,100,0.0,0.07,1.0,0.0,0.08,0.07,0.0,0,8,0.0,0.0,0.07,0.0,0.01,0.06,0.0,0.02,0.055,0.02,0.03,0.045
truth,10000,0.01,20000,1,20,neutral,all,1000,0.0,0.003,1.0,0.0,0.003,0.003,0.01,0,3,0.0,0.0,0.003,0.0,0.0,0.003,0.0,0.0,0.003,0.0,0.0,0.003
truth,10000,0.01,20000,1,20,selected,all,100,0.0,0.01,1.0,0.0,0.01,0.01,0.0,0,1,0.0,0.0,0.01,0.0,0.0,0.01,0.0,0.0,0.01,0.0,0.01,0.0
truth,10000,0.01,20000,1,20,selected,nonfixed,100,0.0,0.01,1.0,0.0,0.01,0.01,0.0,0,1,0.0,0.0,0.01,0.0,0.0,0.01,0.0,0.0,0.01,0.0,0.01,0.0
truth,10000,0.01,50000,0,1,neutral,all,1000,0.0,0.562,1.0,0.0,1.061,0.562,0.01,0,1061,0.0,0.0,0.562,0.0,0.0,0.562,0.0,0.0,0.562,0.0,0.0,0.562
truth,10000,0.01,50000,0,1,selected,all,100,0.02,0.49,0.978494623655914,0.013333333333333332,0.91,0.5,0.0,2,91,0.01,0.01,0.495,0.02,0.02,0.49,0.07,0.07,0.47083333333333327,0.15,0.15,0.43166666666666664
truth,10000,0.01,50000,0,1,selected,nonfixed,100,0.02,0.49,0.978494623655914,0.013333333333333332,0.91,0.5,0.0,2,91,0.01,0.01,0.495,0.02,0.02,0.49,0.07,0.07,0.47083333333333327,0.15,0.15,0.43166666666666664
truth,10000,0.01,50000,0,3,neutral,all,1000,0.0,0.167,1.0,0.0,0.195,0.167,0.01,0,195,0.0,0.0,0.167,0.0,0.0,0.167,0.0,0.0,0.167,0.0,0.0,0.167
truth,10000,0.01,50000,0,3,selected,all,100,0.01,0.14,0.9444444444444444,0.01,0.17,0.15,0.0,1,17,0.01,0.01,0.14,0.01,0.01,0.14,0.02,0.03,0.125,0.05,0.05,0.11
truth,10000,0.01,50000,0,3,selected,nonfixed,100,0.01,0.14,0.9444444444444444,0.01,0.17,0.15,0.0,1,17,0.01,0.01,0.14,0.01,0.01,0.14,0.02,0.03,0.125,0.05,0.05,0.11
truth,10000,0.01,50000,0,5,neutral,all,1000,0.0,0.042,1.0,0.0,0.043,0.042,0.01,0,43,0.0,0.0,0.042,0.0,0.0,0.042,0.0,0.0,0.042,0.0,0.0,0.042
truth,10000,0.01,50000,0,5,selected,all,100,0.0,0.04,1.0,0.0,0.04,0.04,0.0,0,4,0.0,0.0,0.04,0.0,0.0,0.04,0.01,0.02,0.02,0.03,0.03,0.01
truth,10000,0.01,50000,0,5,selected,nonfixed,100,0.0,0.04,1.0,0.0,0.04,0.04,0.0,0,4,0.0,0.0,0.04,0.0,0.0,0.04,0.01,0.02,0.02,0.03,0.03,0.01
truth,10000,0.01,50000,0,10,neutral,all,1000,0.0,0.001,1.0,0.0,0.001,0.001,0.01,0,1,0.0,0.0,0.001,0.0,0.0,0.001,0.0,0.0,0.001,0.0,0.0,0.001
truth,10000,0.01,50000,0,10,selected,all,100,0.0,0.0,,0.0,0.0,0.0,0.0,0,0,0.0,0.0,0.0,0.0,0.0,0.0,0.0,0.0,0.0,0.0,0.0,0.0
truth,10000,0.01,50000,0,10,selected,nonfixed,100,0.0,0.0,,0.0,0.0,0.0,0.0,0,0,0.0,0.0,0.0,0.0,0.0,0.0,0.0,0.0,0.0,0.0,0.0,0.0
truth,10000,0.01,50000,0,20,neutral,all,1000,0.0,0.0,,0.0,0.0,0.0,0.01,0,0,0.0,0.0,0.0,0.0,0.0,0.0,0.0,0.0,0.0,0.0,0.0,0.0
truth,10000,0.01,50000,0,20,selected,all,100,0.0,0.0,,0.0,0.0,0.0,0.0,0,0,0.0,0.0,0.0,0.0,0.0,0.0,0.0,0.0,0.0,0.0,0.0,0.0
truth,10000,0.01,50000,0,20,selected,nonfixed,100,0.0,0.0,,0.0,0.0,0.0,0.0,0,0,0.0,0.0,0.0,0.0,0.0,0.0,0.0,0.0,0.0,0.0,0.0,0.0
truth,10000,0.01,50000,1,1,neutral,all,1000,0.0,0.562,1.0,0.0,0.949,0.562,0.01,0,949,0.0,0.0,0.562,0.0,0.0,0.562,0.0,0.0,0.562,0.0,0.0,0.562
truth,10000,0.01,50000,1,1,selected,all,100,0.01,0.495,0.9878048780487805,0.006666666666666666,0.81,0.5,0.0,1,81,0.01,0.01,0.495,0.01,0.02,0.485,0.05,0.07,0.45833333333333326,0.15,0.15,0.4158333333333333
truth,10000,0.01,50000,1,1,selected,nonfixed,100,0.01,0.495,0.9878048780487805,0.006666666666666666,0.81,0.5,0.0,1,81,0.01,0.01,0.495,0.01,0.02,0.485,0.05,0.07,0.45833333333333326,0.15,0.15,0.4158333333333333
truth,10000,0.01,50000,1,3,neutral,all,1000,0.0,0.192,1.0,0.0,0.221,0.192,0.01,0,221,0.0,0.0,0.192,0.0,0.0,0.192,0.0,0.0,0.192,0.0,0.0,0.192
truth,10000,0.01,50000,1,3,selected,all,100,0.01,0.16,0.9411764705882353,0.01,0.16,0.17,0.0,1,16,0.01,0.01,0.16,0.01,0.02,0.15,0.01,0.03,0.14,0.05,0.05,0.12
truth,10000,0.01,50000,1,3,selected,nonfixed,100,0.01,0.16,0.9411764705882353,0.01,0.16,0.17,0.0,1,16,0.01,0.01,0.16,0.01,0.02,0.15,0.01,0.03,0.14,0.05,0.05,0.12
truth,10000,0.01,50000,1,5,neutral,all,1000,0.0,0.057,1.0,0.0,0.059,0.057,0.01,0,59,0.0,0.0,0.057,0.0,0.0,0.057,0.0,0.0,0.057,0.0,0.0,0.057
truth,10000,0.01,50000,1,5,selected,all,100,0.0,0.06,1.0,0.0,0.06,0.06,0.0,0,6,0.0,0.0,0.06,0.0,0.01,0.05,0.0,0.02,0.04,0.03,0.03,0.03
truth,10000,0.01,50000,1,5,selected,nonfixed,100,0.0,0.06,1.0,0.0,0.06,0.06,0.0,0,6,0.0,0.0,0.06,0.0,0.01,0.05,0.0,0.02,0.04,0.03,0.03,0.03
truth,10000,0.01,50000,1,10,neutral,all,1000,0.0,0.002,1.0,0.0,0.002,0.002,0.01,0,2,0.0,0.0,0.002,0.0,0.0,0.002,0.0,0.0,0.002,0.0,0.0,0.002
truth,10000,0.01,50000,1,10,selected,all,100,0.0,0.0,,0.0,0.0,0.0,0.0,0,0,0.0,0.0,0.0,0.0,0.0,0.0,0.0,0.0,0.0,0.0,0.0,0.0
truth,10000,0.01,50000,1,10,selected,nonfixed,100,0.0,0.0,,0.0,0.0,0.0,0.0,0,0,0.0,0.0,0.0,0.0,0.0,0.0,0.0,0.0,0.0,0.0,0.0,0.0
truth,10000,0.01,50000,1,20,neutral,all,1000,0.0,0.0,,0.0,0.0,0.0,0.01,0,0,0.0,0.0,0.0,0.0,0.0,0.0,0.0,0.0,0.0,0.0,0.0,0.0
truth,10000,0.01,50000,1,20,selected,all,100,0.0,0.0,,0.0,0.0,0.0,0.0,0,0,0.0,0.0,0.0,0.0,0.0,0.0,0.0,0.0,0.0,0.0,0.0,0.0
truth,10000,0.01,50000,1,20,selected,nonfixed,100,0.0,0.0,,0.0,0.0,0.0,0.0,0,0,0.0,0.0,0.0,0.0,0.0,0.0,0.0,0.0,0.0,0.0,0.0,0.0
truth,10000,0.05,10000,0,1,neutral,all,1000,0.0,0.988,1.0,0.0,10.239,0.988,0.044,0,10239,0.0,0.0,0.988,0.0,0.0,0.988,0.0,0.0,0.988,0.0,0.0,0.988
truth,10000,0.05,10000,0,1,selected,all,100,0.24,0.9493352163981456,0.9792207792207792,0.0369546926286797,11.31,0.97,0.05,24,1131,0.16,0.2,0.9527839898469189,0.24,0.26,0.9482754337894498,0.51,0.52,0.9210551492508603,0.65,0.65,0.910004750490042
truth,10000,0.05,10000,0,1,selected,nonfixed,100,0.24,0.9493352163981456,0.9792207792207792,0.0369546926286797,11.31,0.97,0.05,24,1131,0.16,0.2,0.9527839898469189,0.24,0.26,0.9482754337894498,0.51,0.52,0.9210551492508603,0.65,0.65,0.910004750490042
truth,10000,0.05,10000,0,3,neutral,all,1000,0.0,0.94,1.0,0.0,4.618,0.94,0.044,0,4618,0.0,0.0,0.94,0.0,0.0,0.94,0.0,0.0,0.94,0.0,0.0,0.94
truth,10000,0.05,10000,0,3,selected,all,100,0.11,0.9223531746031746,0.9767932489451476,0.0386026751026751,4.63,0.95,0.05,11,463,0.06,0.1,0.9334246031746032,0.11,0.15,0.914682178932179,0.34,0.35,0.864892746142746,0.48,0.5,0.8365312742812744
truth,10000,0.05,10000,0,3,selected,nonfixed,100,0.11,0.9223531746031746,0.9767932489451476,0.0386026751026751,4.63,0.95,0.05,11,463,0.06,0.1,0.9334246031746032,0.11,0.15,0.914682178932179,0.34,0.35,0.864892746142746,0.48,0.5,0.8365312742812744
truth,10000,0.05,10000,0,5,neutral,all,1000,0.0,0.874,1.0,0.0,2.824,0.874,0.044,0,2824,0.0,0.0,0.874,0.0,0.0,0.874,0.0,0.0,0.874,0.0,0.0,0.874
truth,10000,0.05,10000,0,5,selected,all,100,0.04,0.8591666666666665,0.985239852398524,0.017,2.67,0.87,0.05,4,267,0.02,0.04,0.8583333333333333,0.04,0.09,0.8446666666666667,0.22,0.24,0.7884761904761904,0.35,0.39,0.7309761904761903
truth,10000,0.05,10000,0,5,selected,nonfixed,100,0.04,0.8591666666666665,0.985239852398524,0.017,2.67,0.87,0.05,4,267,0.02,0.04,0.8583333333333333,0.04,0.09,0.8446666666666667,0.22,0.24,0.7884761904761904,0.35,0.39,0.7309761904761903
truth,10000,0.05,10000,0,10,neutral,all,1000,0.0,0.644,1.0,0.0,1.237,0.644,0.044,0,1237,0.0,0.0,0.644,0.0,0.0,0.644,0.0,0.0,0.644,0.0,0.0,0.644
truth,10000,0.05,10000,0,10,selected,all,100,0.01,0.615,0.9911504424778761,0.006666666666666666,1.12,0.62,0.05,1,112,0.01,0.02,0.61,0.01,0.05,0.5916666666666667,0.09,0.12,0.55,0.18,0.23,0.4763333333333333
truth,10000,0.05,10000,0,10,selected,nonfixed,100,0.01,0.615,0.9911504424778761,0.006666666666666666,1.12,0.62,0.05,1,112,0.01,0.02,0.61,0.01,0.05,0.5916666666666667,0.09,0.12,0.55,0.18,0.23,0.4763333333333333
truth,10000,0.05,10000,0,20,neutral,all,1000,0.0,0.307,1.0,0.0,0.388,0.307,0.044,0,388,0.0,0.0,0.307,0.0,0.0,0.307,0.0,0.0,0.307,0.0,0.0,0.307
truth,10000,0.05,10000,0,20,selected,all,100,0.0,0.23,1.0,0.0,0.27,0.23,0.05,0,27,0.0,0.01,0.225,0.0,0.03,0.21166666666666664,0.03,0.06,0.18666666666666665,0.07,0.11,0.13666666666666666
truth,10000,0.05,10000,0,20,selected,nonfixed,100,0.0,0.23,1.0,0.0,0.27,0.23,0.05,0,27,0.0,0.01,0.225,0.0,0.03,0.21166666666666664,0.03,0.06,0.18666666666666665,0.07,0.11,0.13666666666666666
truth,10000,0.05,10000,1,1,neutral,all,1000,0.0,0.988,1.0,0.0,8.256,0.988,0.044,0,8256,0.0,0.0,0.988,0.0,0.0,0.988,0.0,0.0,0.988,0.0,0.0,0.988
truth,10000,0.05,10000,1,1,selected,all,100,0.24,0.9449205239205241,0.9742765273311897,0.04418960279486595,9.09,0.97,0.05,24,909,0.13,0.2,0.949008436008436,0.24,0.26,0.9435630578571755,0.5,0.52,0.9099552818612417,0.64,0.65,0.8959707108766708
truth,10000,0.05,10000,1,1,selected,nonfixed,100,0.24,0.9449205239205241,0.9742765273311897,0.04418960279486595,9.09,0.97,0.05,24,909,0.13,0.2,0.949008436008436,0.24,0.26,0.9435630578571755,0.5,0.52,0.9099552818612417,0.64,0.65,0.8959707108766708
truth,10000,0.05,10000,1,3,neutral,all,1000,0.0,0.948,1.0,0.0,4.421,0.948,0.044,0,4421,0.0,0.0,0.948,0.0,0.0,0.948,0.0,0.0,0.948,0.0,0.0,0.948
truth,10000,0.05,10000,1,3,selected,all,100,0.14,0.9222655122655123,0.9701492537313433,0.04435664335664335,4.55,0.95,0.05,14,455,0.07,0.14,0.9239321789321789,0.14,0.17,0.9171897546897546,0.38,0.39,0.8590901875901876,0.51,0.53,0.8329949494949495
truth,10000,0.05,10000,1,3,selected,nonfixed,100,0.14,0.9222655122655123,0.9701492537313433,0.04435664335664335,4.55,0.95,0.05,14,455,0.07,0.14,0.9239321789321789,0.14,0.17,0.9171897546897546,0.38,0.39,0.8590901875901876,0.51,0.53,0.8329949494949495
truth,10000,0.05,10000,1,5,neutral,all,1000,0.0,0.89,1.0,0.0,2.868,0.89,0.044,0,2868,0.0,0.0,0.89,0.0,0.0,0.89,0.0,0.0,0.89,0.0,0.0,0.89
truth,10000,0.05,10000,1,5,selected,all,100,0.05,0.8776666666666667,0.9829931972789115,0.01966666666666667,2.89,0.89,0.05,5,289,0.03,0.06,0.8743333333333334,0.05,0.11,0.8609047619047618,0.24,0.27,0.8086865079365079,0.37,0.42,0.7493531746031745
truth,10000,0.05,10000,1,5,selected,nonfixed,100,0.05,0.8776666666666667,0.9829931972789115,0.01966666666666667,2.89,0.89,0.05,5,289,0.03,0.06,0.8743333333333334,0.05,0.11,0.8609047619047618,0.24,0.27,0.8086865079365079,0.37,0.42,0.7493531746031745
truth,10000,0.05,10000,1,10,neutral,all,1000,0.0,0.695,1.0,0.0,1.384,0.695,0.044,0,1384,0.0,0.0,0.695,0.0,0.0,0.695,0.0,0.0,0.695,0.0,0.0,0.695
truth,10000,0.05,10000,1,10,selected,all,100,0.01,0.6466666666666666,0.9923076923076923,0.005,1.29,0.65,0.05,1,129,0.01,0.02,0.6433333333333333,0.01,0.06,0.62,0.11,0.14,0.585,0.2,0.27,0.5088333333333332
truth,10000,0.05,10000,1,10,selected,nonfixed,100,0.01,0.6466666666666666,0.9923076923076923,0.005,1.29,0.65,0.05,1,129,0.01,0.02,0.6433333333333333,0.01,0.06,0.62,0.11,0.14,0.585,0.2,0.27,0.5088333333333332
truth,10000,0.05,10000,1,20,neutral,all,1000,0.0,0.358,1.0,0.0,0.457,0.358,0.044,0,457,0.0,0.0,0.358,0.0,0.0,0.358,0.0,0.0,0.358,0.0,0.0,0.358
truth,10000,0.05,10000,1,20,selected,all,100,0.0,0.26,1.0,0.0,0.31,0.26,0.05,0,31,0.0,0.01,0.255,0.0,0.04,0.23166666666666663,0.03,0.06,0.21666666666666665,0.07,0.11,0.16666666666666663
truth,10000,0.05,10000,1,20,selected,nonfixed,100,0.0,0.26,1.0,0.0,0.31,0.26,0.05,0,31,0.0,0.01,0.255,0.0,0.04,0.23166666666666663,0.03,0.06,0.21666666666666665,0.07,0.11,0.16666666666666663
truth,10000,0.05,20000,0,1,neutral,all,1000,0.0,0.981,1.0,0.0,7.332,0.981,0.044,0,7332,0.0,0.0,0.981,0.0,0.0,0.981,0.0,0.0,0.981,0.0,0.0,0.981
truth,10000,0.05,20000,0,1,selected,all,100,0.2,0.9465220016911193,0.9752475247524752,0.040788431726512225,7.88,0.97,0.05,20,788,0.12,0.16,0.95304123246035,0.2,0.24,0.9423970016911193,0.42,0.45,0.910701674357634,0.62,0.62,0.8895958824886844
truth,10000,0.05,20000,0,1,selected,nonfixed,100,0.2,0.9465220016911193,0.9752475247524752,0.040788431726512225,7.88,0.97,0.05,20,788,0.12,0.16,0.95304123246035,0.2,0.24,0.9423970016911193,0.42,0.45,0.910701674357634,0.62,0.62,0.8895958824886844
truth,10000,0.05,20000,0,3,neutral,all,1000,0.0,0.875,1.0,0.0,2.694,0.875,0.044,0,2694,0.0,0.0,0.875,0.0,0.0,0.875,0.0,0.0,0.875,0.0,0.0,0.875
truth,10000,0.05,20000,0,3,selected,all,100,0.04,0.8375,0.9847328244274809,0.019,2.58,0.85,0.05,4,258,0.02,0.04,0.8383333333333333,0.04,0.09,0.8176666666666667,0.2,0.25,0.7637976190476191,0.36,0.4,0.7040198412698412
truth,10000,0.05,20000,0,3,selected,nonfixed,100,0.04,0.8375,0.9847328244274809,0.019,2.58,0.85,0.05,4,258,0.02,0.04,0.8383333333333333,0.04,0.09,0.8176666666666667,0.2,0.25,0.7637976190476191,0.36,0.4,0.7040198412698412
truth,10000,0.05,20000,0,5,neutral,all,1000,0.0,0.695,1.0,0.0,1.438,0.695,0.044,0,1438,0.0,0.0,0.695,0.0,0.0,0.695,0.0,0.0,0.695,0.0,0.0,0.695
truth,10000,0.05,20000,0,5,selected,all,100,0.01,0.675,0.9923664122137404,0.006666666666666666,1.3,0.68,0.05,1,130,0.01,0.02,0.67,0.01,0.05,0.6516666666666666,0.1,0.15,0.5871666666666667,0.22,0.26,0.5143333333333333
truth,10000,0.05,20000,0,5,selected,nonfixed,100,0.01,0.675,0.9923664122137404,0.006666666666666666,1.3,0.68,0.05,1,130,0.01,0.02,0.67,0.01,0.05,0.6516666666666666,0.1,0.15,0.5871666666666667,0.22,0.26,0.5143333333333333
truth,10000,0.05,20000,0,10,neutral,all,1000,0.0,0.351,1.0,0.0,0.449,0.351,0.044,0,449,0.0,0.0,0.351,0.0,0.0,0.351,0.0,0.0,0.351,0.0,0.0,0.351
truth,10000,0.05,20000,0,10,selected,all,100,0.0,0.27,1.0,0.0,0.33,0.27,0.05,0,33,0.0,0.01,0.265,0.0,0.04,0.24666666666666665,0.04,0.07,0.22333333333333333,0.09,0.12,0.1733333333333333
truth,10000,0.05,20000,0,10,selected,nonfixed,100,0.0,0.27,1.0,0.0,0.33,0.27,0.05,0,33,0.0,0.01,0.265,0.0,0.04,0.24666666666666665,0.04,0.07,0.22333333333333333,0.09,0.12,0.1733333333333333
truth,10000,0.05,20000,0,20,neutral,all,1000,0.0,0.064,1.0,0.0,0.067,0.064,0.044,0,67,0.0,0.0,0.064,0.0,0.0,0.064,0.0,0.0,0.064,0.0,0.0,0.064
truth,10000,0.05,20000,0,20,selected,all,100,0.0,0.06,1.0,0.0,0.06,0.06,0.05,0,6,0.0,0.0,0.06,0.0,0.01,0.05,0.0,0.02,0.04,0.01,0.03,0.03
truth,10000,0.05,20000,0,20,selected,nonfixed,100,0.0,0.06,1.0,0.0,0.06,0.06,0.05,0,6,0.0,0.0,0.06,0.0,0.01,0.05,0.0,0.02,0.04,0.01,0.03,0.03
truth,10000,0.05,20000,1,1,neutral,all,1000,0.0,0.981,1.0,0.0,6.052,0.981,0.044,0,6052,0.0,0.0,0.981,0.0,0.0,0.981,0.0,0.0,0.981,0.0,0.0,0.981
truth,10000,0.05,20000,1,1,selected,all,100,0.2,0.9412532467532466,0.9700149925037481,0.048023532023532024,6.47,0.97,0.05,20,647,0.11,0.16,0.9487691197691198,0.2,0.24,0.9358054445554446,0.4,0.45,0.8989360361860362,0.61,0.62,0.8725550838050837
truth,10000,0.05,20000,1,1,selected,nonfixed,100,0.2,0.9412532467532466,0.9700149925037481,0.048023532023532024,6.47,0.97,0.05,20,647,0.11,0.16,0.9487691197691198,0.2,0.24,0.9358054445554446,0.4,0.45,0.8989360361860362,0.61,0.62,0.8725550838050837
truth,10000,0.05,20000,1,3,neutral,all,1000,0.0,0.89,1.0,0.0,2.669,0.89,0.044,0,2669,0.0,0.0,0.89,0.0,0.0,0.89,0.0,0.0,0.89,0.0,0.0,0.89
truth,10000,0.05,20000,1,3,selected,all,100,0.05,0.8560714285714286,0.981203007518797,0.0215,2.61,0.87,0.05,5,261,0.02,0.06,0.855404761904762,0.05,0.1,0.8350714285714287,0.21,0.28,0.7742976190476188,0.37,0.43,0.7180476190476189
truth,10000,0.05,20000,1,3,selected,nonfixed,100,0.05,0.8560714285714286,0.981203007518797,0.0215,2.61,0.87,0.05,5,261,0.02,0.06,0.855404761904762,0.05,0.1,0.8350714285714287,0.21,0.28,0.7742976190476188,0.37,0.43,0.7180476190476189
truth,10000,0.05,20000,1,5,neutral,all,1000,0.0,0.738,1.0,0.0,1.541,0.738,0.044,0,1541,0.0,0.0,0.738,0.0,0.0,0.738,0.0,0.0,0.738,0.0,0.0,0.738
truth,10000,0.05,20000,1,5,selected,all,100,0.02,0.7116666666666667,0.9863945578231292,0.011666666666666665,1.45,0.72,0.05,2,145,0.01,0.03,0.7091666666666666,0.02,0.06,0.6858333333333334,0.12,0.2,0.6068333333333333,0.26,0.33,0.5306666666666666
truth,10000,0.05,20000,1,5,selected,nonfixed,100,0.02,0.7116666666666667,0.9863945578231292,0.011666666666666665,1.45,0.72,0.05,2,145,0.01,0.03,0.7091666666666666,0.02,0.06,0.6858333333333334,0.12,0.2,0.6068333333333333,0.26,0.33,0.5306666666666666
truth,10000,0.05,20000,1,10,neutral,all,1000,0.0,0.414,1.0,0.0,0.555,0.414,0.044,0,555,0.0,0.0,0.414,0.0,0.0,0.414,0.0,0.0,0.414,0.0,0.0,0.414
truth,10000,0.05,20000,1,10,selected,all,100,0.0,0.33,1.0,0.0,0.41,0.33,0.05,0,41,0.0,0.02,0.32166666666666666,0.0,0.04,0.30166666666666664,0.03,0.07,0.27833333333333327,0.08,0.12,0.22833333333333333
truth,10000,0.05,20000,1,10,selected,nonfixed,100,0.0,0.33,1.0,0.0,0.41,0.33,0.05,0,41,0.0,0.02,0.32166666666666666,0.0,0.04,0.30166666666666664,0.03,0.07,0.27833333333333327,0.08,0.12,0.22833333333333333
truth,10000,0.05,20000,1,20,neutral,all,1000,0.0,0.093,1.0,0.0,0.096,0.093,0.044,0,96,0.0,0.0,0.093,0.0,0.0,0.093,0.0,0.0,0.093,0.0,0.0,0.093
truth,10000,0.05,20000,1,20,selected,all,100,0.0,0.07,1.0,0.0,0.07,0.07,0.05,0,7,0.0,0.0,0.07,0.0,0.02,0.05,0.0,0.03,0.04,0.01,0.04,0.03
truth,10000,0.05,20000,1,20,selected,nonfixed,100,0.0,0.07,1.0,0.0,0.07,0.07,0.05,0,7,0.0,0.0,0.07,0.0,0.02,0.05,0.0,0.03,0.04,0.01,0.04,0.03
truth,10000,0.05,50000,0,1,neutral,all,1000,0.0,0.953,1.0,0.0,4.426,0.953,0.044,0,4426,0.0,0.0,0.953,0.0,0.0,0.953,0.0,0.0,0.953,0.0,0.0,0.953
truth,10000,0.05,50000,0,1,selected,all,100,0.18,0.9200710678210677,0.9633401221995926,0.04945787545787546,4.73,0.95,0.05,18,473,0.14,0.16,0.9221544011544012,0.18,0.19,0.9175710678210678,0.4,0.41,0.8585869408369409,0.58,0.58,0.8273012265512265
truth,10000,0.05,50000,0,1,selected,nonfixed,100,0.18,0.9200710678210677,0.9633401221995926,0.04945787545787546,4.73,0.95,0.05,18,473,0.14,0.16,0.9221544011544012,0.18,0.19,0.9175710678210678,0.4,0.41,0.8585869408369409,0.58,0.58,0.8273012265512265
truth,10000,0.05,50000,0,3,neutral,all,1000,0.0,0.624,1.0,0.0,1.058,0.624,0.044,0,1058,0.0,0.0,0.624,0.0,0.0,0.624,0.0,0.0,0.624,0.0,0.0,0.624
truth,10000,0.05,50000,0,3,selected,all,100,0.03,0.5416666666666666,0.9690721649484536,0.021666666666666664,0.94,0.56,0.05,3,94,0.02,0.04,0.5383333333333333,0.03,0.06,0.5233333333333333,0.09,0.13,0.4775,0.23,0.25,0.39416666666666667
truth,10000,0.05,50000,0,3,selected,nonfixed,100,0.03,0.5416666666666666,0.9690721649484536,0.021666666666666664,0.94,0.56,0.05,3,94,0.02,0.04,0.5383333333333333,0.03,0.06,0.5233333333333333,0.09,0.13,0.4775,0.23,0.25,0.39416666666666667
truth,10000,0.05,50000,0,5,neutral,all,1000,0.0,0.32,1.0,0.0,0.408,0.32,0.044,0,408,0.0,0.0,0.32,0.0,0.0,0.32,0.0,0.0,0.32,0.0,0.0,0.32
truth,10000,0.05,50000,0,5,selected,all,100,0.0,0.25,1.0,0.0,0.31,0.25,0.05,0,31,0.0,0.01,0.24666666666666665,0.0,0.02,0.23666666666666664,0.02,0.05,0.21166666666666664,0.09,0.11,0.15666666666666665
truth,10000,0.05,50000,0,5,selected,nonfixed,100,0.0,0.25,1.0,0.0,0.31,0.25,0.05,0,31,0.0,0.01,0.24666666666666665,0.0,0.02,0.23666666666666664,0.02,0.05,0.21166666666666664,0.09,0.11,0.15666666666666665
truth,10000,0.05,50000,0,10,neutral,all,1000,0.0,0.043,1.0,0.0,0.045,0.043,0.044,0,45,0.0,0.0,0.043,0.0,0.0,0.043,0.0,0.0,0.043,0.0,0.0,0.043
truth,10000,0.05,50000,0,10,selected,all,100,0.0,0.04,1.0,0.0,0.04,0.04,0.05,0,4,0.0,0.0,0.04,0.0,0.0,0.04,0.0,0.01,0.03,0.02,0.02,0.02
truth,10000,0.05,50000,0,10,selected,nonfixed,100,0.0,0.04,1.0,0.0,0.04,0.04,0.05,0,4,0.0,0.0,0.04,0.0,0.0,0.04,0.0,0.01,0.03,0.02,0.02,0.02
truth,10000,0.05,50000,0,20,neutral,all,1000,0.0,0.0,,0.0,0.0,0.0,0.044,0,0,0.0,0.0,0.0,0.0,0.0,0.0,0.0,0.0,0.0,0.0,0.0,0.0
truth,10000,0.05,50000,0,20,selected,all,100,0.0,0.0,,0.0,0.0,0.0,0.05,0,0,0.0,0.0,0.0,0.0,0.0,0.0,0.0,0.0,0.0,0.0,0.0,0.0
truth,10000,0.05,50000,0,20,selected,nonfixed,100,0.0,0.0,,0.0,0.0,0.0,0.05,0,0,0.0,0.0,0.0,0.0,0.0,0.0,0.0,0.0,0.0,0.0,0.0,0.0
truth,10000,0.05,50000,1,1,neutral,all,1000,0.0,0.953,1.0,0.0,3.834,0.953,0.044,0,3834,0.0,0.0,0.953,0.0,0.0,0.953,0.0,0.0,0.953,0.0,0.0,0.953
truth,10000,0.05,50000,1,1,selected,all,100,0.15,0.9216984126984127,0.9640287769784173,0.04594516594516595,4.02,0.95,0.05,15,402,0.12,0.16,0.9171984126984127,0.15,0.19,0.9113650793650794,0.38,0.41,0.8462142857142857,0.57,0.58,0.8053968253968253
truth,10000,0.05,50000,1,1,selected,nonfixed,100,0.15,0.9216984126984127,0.9640287769784173,0.04594516594516595,4.02,0.95,0.05,15,402,0.12,0.16,0.9171984126984127,0.15,0.19,0.9113650793650794,0.38,0.41,0.8462142857142857,0.57,0.58,0.8053968253968253
truth,10000,0.05,50000,1,3,neutral,all,1000,0.0,0.66,1.0,0.0,1.131,0.66,0.044,0,1131,0.0,0.0,0.66,0.0,0.0,0.66,0.0,0.0,0.66,0.0,0.0,0.66
truth,10000,0.05,50000,1,3,selected,all,100,0.04,0.5916666666666667,0.9661016949152542,0.025,1.14,0.61,0.05,4,114,0.03,0.07,0.5741666666666666,0.04,0.08,0.5641666666666666,0.12,0.17,0.513,0.29,0.31,0.433
truth,10000,0.05,50000,1,3,selected,nonfixed,100,0.04,0.5916666666666667,0.9661016949152542,0.025,1.14,0.61,0.05,4,114,0.03,0.07,0.5741666666666666,0.04,0.08,0.5641666666666666,0.12,0.17,0.513,0.29,0.31,0.433
truth,10000,0.05,50000,1,5,neutral,all,1000,0.0,0.372,1.0,0.0,0.493,0.372,0.044,0,493,0.0,0.0,0.372,0.0,0.0,0.372,0.0,0.0,0.372,0.0,0.0,0.372
truth,10000,0.05,50000,1,5,selected,all,100,0.0,0.32,1.0,0.0,0.4,0.32,0.05,0,40,0.0,0.01,0.31666666666666665,0.0,0.03,0.29666666666666663,0.05,0.09,0.24166666666666664,0.13,0.15,0.19166666666666665
truth,10000,0.05,50000,1,5,selected,nonfixed,100,0.0,0.32,1.0,0.0,0.4,0.32,0.05,0,40,0.0,0.01,0.31666666666666665,0.0,0.03,0.29666666666666663,0.05,0.09,0.24166666666666664,0.13,0.15,0.19166666666666665
truth,10000,0.05,50000,1,10,neutral,all,1000,0.0,0.074,1.0,0.0,0.076,0.074,0.044,0,76,0.0,0.0,0.074,0.0,0.0,0.074,0.0,0.0,0.074,0.0,0.0,0.074
truth,10000,0.05,50000,1,10,selected,all,100,0.0,0.05,1.0,0.0,0.05,0.05,0.05,0,5,0.0,0.0,0.05,0.0,0.01,0.04,0.0,0.02,0.03,0.02,0.02,0.03
truth,10000,0.05,50000,1,10,selected,nonfixed,100,0.0,0.05,1.0,0.0,0.05,0.05,0.05,0,5,0.0,0.0,0.05,0.0,0.01,0.04,0.0,0.02,0.03,0.02,0.02,0.03
truth,10000,0.05,50000,1,20,neutral,all,1000,0.0,0.002,1.0,0.0,0.002,0.002,0.044,0,2,0.0,0.0,0.002,0.0,0.0,0.002,0.0,0.0,0.002,0.0,0.0,0.002
truth,10000,0.05,50000,1,20,selected,all,100,0.0,0.0,,0.0,0.0,0.0,0.05,0,0,0.0,0.0,0.0,0.0,0.0,0.0,0.0,0.0,0.0,0.0,0.0,0.0
truth,10000,0.05,50000,1,20,selected,nonfixed,100,0.0,0.0,,0.0,0.0,0.0,0.05,0,0,0.0,0.0,0.0,0.0,0.0,0.0,0.0,0.0,0.0,0.0,0.0,0.0
truth,20000,0.001,10000,0,1,neutral,all,1000,0.0,0.2,1.0,0.0,0.363,0.2,0.001,0,363,0.0,0.0,0.2,0.0,0.0,0.2,0.0,0.0,0.2,0.0,0.0,0.2
truth,20000,0.001,10000,0,1,selected,all,100,0.09,0.2813333333333333,0.8783783783783784,0.049190476190476194,0.65,0.32,0.07,9,65,0.08,0.09,0.2826666666666667,0.09,0.11,0.276,0.13,0.13,0.261,0.17,0.17,0.24266666666666667
truth,20000,0.001,10000,0,1,selected,nonfixed,100,0.09,0.2813333333333333,0.8783783783783784,0.049190476190476194,0.65,0.32,0.07,9,65,0.08,0.09,0.2826666666666667,0.09,0.11,0.276,0.13,0.13,0.261,0.17,0.17,0.24266666666666667
truth,20000,0.001,10000,0,3,neutral,all,1000,0.0,0.095,1.0,0.0,0.12,0.095,0.001,0,120,0.0,0.0,0.095,0.0,0.0,0.095,0.0,0.0,0.095,0.0,0.0,0.095
truth,20000,0.001,10000,0,3,selected,all,100,0.07,0.11833333333333332,0.7307692307692307,0.05,0.19,0.16,0.07,7,19,0.05,0.06,0.12333333333333332,0.07,0.09,0.105,0.1,0.1,0.095,0.1,0.1,0.095
truth,20000,0.001,10000,0,3,selected,nonfixed,100,0.07,0.11833333333333332,0.7307692307692307,0.05,0.19,0.16,0.07,7,19,0.05,0.06,0.12333333333333332,0.07,0.09,0.105,0.1,0.1,0.095,0.1,0.1,0.095
truth,20000,0.001,10000,0,5,neutral,all,1000,0.0,0.05,1.0,0.0,0.057,0.05,0.001,0,57,0.0,0.0,0.05,0.0,0.0,0.05,0.0,0.0,0.05,0.0,0.0,0.05
truth,20000,0.001,10000,0,5,selected,all,100,0.04,0.07,0.6666666666666666,0.04,0.08,0.11,0.07,4,8,0.04,0.05,0.065,0.04,0.05,0.065,0.06,0.06,0.055,0.06,0.06,0.055
truth,20000,0.001,10000,0,5,selected,nonfixed,100,0.04,0.07,0.6666666666666666,0.04,0.08,0.11,0.07,4,8,0.04,0.05,0.065,0.04,0.05,0.065,0.06,0.06,0.055,0.06,0.06,0.055
truth,20000,0.001,10000,0,10,neutral,all,1000,0.0,0.018,1.0,0.0,0.018,0.018,0.001,0,18,0.0,0.0,0.018,0.0,0.0,0.018,0.0,0.0,0.018,0.0,0.0,0.018
truth,20000,0.001,10000,0,10,selected,all,100,0.03,0.03,0.5,0.03,0.03,0.06,0.07,3,3,0.03,0.04,0.02,0.03,0.04,0.02,0.04,0.04,0.02,0.04,0.04,0.02
truth,20000,0.001,10000,0,10,selected,nonfixed,100,0.03,0.03,0.5,0.03,0.03,0.06,0.07,3,3,0.03,0.04,0.02,0.03,0.04,0.02,0.04,0.04,0.02,0.04,0.04,0.02
truth,20000,0.001,10000,0,20,neutral,all,1000,0.0,0.001,1.0,0.0,0.001,0.001,0.001,0,1,0.0,0.0,0.001,0.0,0.0,0.001,0.0,0.0,0.001,0.0,0.0,0.001
truth,20000,0.001,10000,0,20,selected,all,100,0.02,0.01,0.3333333333333333,0.02,0.01,0.03,0.07,2,1,0.02,0.03,0.0,0.02,0.03,0.0,0.03,0.03,0.0,0.03,0.03,0.0
truth,20000,0.001,10000,0,20,selected,nonfixed,100,0.02,0.01,0.3333333333333333,0.02,0.01,0.03,0.07,2,1,0.02,0.03,0.0,0.02,0.03,0.0,0.03,0.03,0.0,0.03,0.03,0.0
truth,20000,0.001,10000,1,1,neutral,all,1000,0.0,0.2,1.0,0.0,0.315,0.2,0.001,0,315,0.0,0.0,0.2,0.0,0.0,0.2,0.0,0.0,0.2,0.0,0.0,0.2
truth,20000,0.001,10000,1,1,selected,all,100,0.09,0.27416666666666667,0.8571428571428571,0.056999999999999995,0.54,0.32,0.07,9,54,0.08,0.09,0.2771666666666667,0.09,0.11,0.2688333333333333,0.13,0.13,0.25383333333333336,0.17,0.17,0.23383333333333334
truth,20000,0.001,10000,1,1,selected,nonfixed,100,0.09,0.27416666666666667,0.8571428571428571,0.056999999999999995,0.54,0.32,0.07,9,54,0.08,0.09,0.2771666666666667,0.09,0.11,0.2688333333333333,0.13,0.13,0.25383333333333336,0.17,0.17,0.23383333333333334
truth,20000,0.001,10000,1,3,neutral,all,1000,0.0,0.101,1.0,0.0,0.127,0.101,0.001,0,127,0.0,0.0,0.101,0.0,0.0,0.101,0.0,0.0,0.101,0.0,0.0,0.101
truth,20000,0.001,10000,1,3,selected,all,100,0.07,0.13166666666666665,0.75,0.04833333333333333,0.21,0.17,0.07,7,21,0.06,0.07,0.13333333333333333,0.07,0.1,0.10833333333333332,0.1,0.1,0.10833333333333332,0.1,0.1,0.10833333333333332
truth,20000,0.001,10000,1,3,selected,nonfixed,100,0.07,0.13166666666666665,0.75,0.04833333333333333,0.21,0.17,0.07,7,21,0.06,0.07,0.13333333333333333,0.07,0.1,0.10833333333333332,0.1,0.1,0.10833333333333332,0.1,0.1,0.10833333333333332
truth,20000,0.001,10000,1,5,neutral,all,1000,0.0,0.053,1.0,0.0,0.06,0.053,0.001,0,60,0.0,0.0,0.053,0.0,0.0,0.053,0.0,0.0,0.053,0.0,0.0,0.053
truth,20000,0.001,10000,1,5,selected,all,100,0.05,0.075,0.6428571428571429,0.04666666666666667,0.09,0.12,0.07,5,9,0.05,0.06,0.07,0.05,0.07,0.06,0.07,0.07,0.06,0.07,0.07,0.06
truth,20000,0.001,10000,1,5,selected,nonfixed,100,0.05,0.075,0.6428571428571429,0.04666666666666667,0.09,0.12,0.07,5,9,0.05,0.06,0.07,0.05,0.07,0.06,0.07,0.07,0.06,0.07,0.07,0.06
truth,20000,0.001,10000,1,10,neutral,all,1000,0.0,0.021,1.0,0.0,0.021,0.021,0.001,0,21,0.0,0.0,0.021,0.0,0.0,0.021,0.0,0.0,0.021,0.0,0.0,0.021
truth,20000,0.001,10000,1,10,selected,all,100,0.03,0.03,0.5,0.03,0.03,0.06,0.07,3,3,0.03,0.04,0.02,0.03,0.04,0.02,0.04,0.04,0.02,0.04,0.04,0.02
truth,20000,0.001,10000,1,10,selected,nonfixed,100,0.03,0.03,0.5,0.03,0.03,0.06,0.07,3,3,0.03,0.04,0.02,0.03,0.04,0.02,0.04,0.04,0.02,0.04,0.04,0.02
truth,20000,0.001,10000,1,20,neutral,all,1000,0.0,0.001,1.0,0.0,0.001,0.001,0.001,0,1,0.0,0.0,0.001,0.0,0.0,0.001,0.0,0.0,0.001,0.0,0.0,0.001
truth,20000,0.001,10000,1,20,selected,all,100,0.02,0.01,0.3333333333333333,0.02,0.01,0.03,0.07,2,1,0.02,0.03,0.0,0.02,0.03,0.0,0.03,0.03,0.0,0.03,0.03,0.0
truth,20000,0.001,10000,1,20,selected,nonfixed,100,0.02,0.01,0.3333333333333333,0.02,0.01,0.03,0.07,2,1,0.02,0.03,0.0,0.02,0.03,0.0,0.03,0.03,0.0,0.03,0.03,0.0
truth,20000,0.001,20000,0,1,neutral,all,1000,0.0,0.168,1.0,0.0,0.25,0.168,0.001,0,250,0.0,0.0,0.168,0.0,0.0,0.168,0.0,0.0,0.168,0.0,0.0,0.168
truth,20000,0.001,20000,0,1,selected,all,100,0.08,0.24133333333333332,0.8461538461538461,0.05,0.44,0.28,0.07,8,44,0.07,0.08,0.2443333333333333,0.08,0.1,0.2343333333333333,0.12,0.12,0.2143333333333333,0.15,0.15,0.1843333333333333
truth,20000,0.001,20000,0,1,selected,nonfixed,100,0.08,0.24133333333333332,0.8461538461538461,0.05,0.44,0.28,0.07,8,44,0.07,0.08,0.2443333333333333,0.08,0.1,0.2343333333333333,0.12,0.12,0.2143333333333333,0.15,0.15,0.1843333333333333
truth,20000,0.001,20000,0,3,neutral,all,1000,0.0,0.049,1.0,0.0,0.054,0.049,0.001,0,54,0.0,0.0,0.049,0.0,0.0,0.049,0.0,0.0,0.049,0.0,0.0,0.049
truth,20000,0.001,20000,0,3,selected,all,100,0.04,0.085,0.7142857142857143,0.03666666666666667,0.1,0.12,0.07,4,10,0.04,0.05,0.08,0.04,0.07,0.06,0.07,0.07,0.06,0.07,0.07,0.06
truth,20000,0.001,20000,0,3,selected,nonfixed,100,0.04,0.085,0.7142857142857143,0.03666666666666667,0.1,0.12,0.07,4,10,0.04,0.05,0.08,0.04,0.07,0.06,0.07,0.07,0.06,0.07,0.07,0.06
truth,20000,0.001,20000,0,5,neutral,all,1000,0.0,0.022,1.0,0.0,0.022,0.022,0.001,0,22,0.0,0.0,0.022,0.0,0.0,0.022,0.0,0.0,0.022,0.0,0.0,0.022
truth,20000,0.001,20000,0,5,selected,all,100,0.03,0.03,0.5,0.03,0.03,0.06,0.07,3,3,0.03,0.04,0.02,0.03,0.04,0.02,0.04,0.04,0.02,0.04,0.04,0.02
truth,20000,0.001,20000,0,5,selected,nonfixed,100,0.03,0.03,0.5,0.03,0.03,0.06,0.07,3,3,0.03,0.04,0.02,0.03,0.04,0.02,0.04,0.04,0.02,0.04,0.04,0.02
truth,20000,0.001,20000,0,10,neutral,all,1000,0.0,0.001,1.0,0.0,0.001,0.001,0.001,0,1,0.0,0.0,0.001,0.0,0.0,0.001,0.0,0.0,0.001,0.0,0.0,0.001
truth,20000,0.001,20000,0,10,selected,all,100,0.02,0.01,0.3333333333333333,0.02,0.01,0.03,0.07,2,1,0.02,0.03,0.0,0.02,0.03,0.0,0.03,0.03,0.0,0.03,0.03,0.0
truth,20000,0.001,20000,0,10,selected,nonfixed,100,0.02,0.01,0.3333333333333333,0.02,0.01,0.03,0.07,2,1,0.02,0.03,0.0,0.02,0.03,0.0,0.03,0.03,0.0,0.03,0.03,0.0
truth,20000,0.001,20000,0,20,neutral,all,1000,0.0,0.0,,0.0,0.0,0.0,0.001,0,0,0.0,0.0,0.0,0.0,0.0,0.0,0.0,0.0,0.0,0.0,0.0,0.0
truth,20000,0.001,20000,0,20,selected,all,100,0.01,0.01,0.5,0.01,0.01,0.02,0.07,1,1,0.01,0.02,0.0,0.01,0.02,0.0,0.02,0.02,0.0,0.02,0.02,0.0
truth,20000,0.001,20000,0,20,selected,nonfixed,100,0.01,0.01,0.5,0.01,0.01,0.02,0.07,1,1,0.01,0.02,0.0,0.01,0.02,0.0,0.02,0.02,0.0,0.02,0.02,0.0
truth,20000,0.001,20000,1,1,neutral,all,1000,0.0,0.168,1.0,0.0,0.225,0.168,0.001,0,225,0.0,0.0,0.168,0.0,0.0,0.168,0.0,0.0,0.168,0.0,0.0,0.168
truth,20000,0.001,20000,1,1,selected,all,100,0.08,0.24,0.8260869565217391,0.05166666666666666,0.38,0.28,0.07,8,38,0.07,0.08,0.24166666666666664,0.08,0.1,0.23166666666666663,0.12,0.12,0.21166666666666664,0.15,0.15,0.18166666666666664
truth,20000,0.001,20000,1,1,selected,nonfixed,100,0.08,0.24,0.8260869565217391,0.05166666666666666,0.38,0.28,0.07,8,38,0.07,0.08,0.24166666666666664,0.08,0.1,0.23166666666666663,0.12,0.12,0.21166666666666664,0.15,0.15,0.18166666666666664
truth,20000,0.001,20000,1,3,neutral,all,1000,0.0,0.054,1.0,0.0,0.056,0.054,0.001,0,56,0.0,0.0,0.054,0.0,0.0,0.054,0.0,0.0,0.054,0.0,0.0,0.054
truth,20000,0.001,20000,1,3,selected,all,100,0.05,0.08166666666666667,0.6875,0.04166666666666666,0.11,0.12,0.07,5,11,0.05,0.06,0.07666666666666666,0.05,0.08,0.056666666666666664,0.08,0.08,0.056666666666666664,0.08,0.08,0.056666666666666664
truth,20000,0.001,20000,1,3,selected,nonfixed,100,0.05,0.08166666666666667,0.6875,0.04166666666666666,0.11,0.12,0.07,5,11,0.05,0.06,0.07666666666666666,0.05,0.08,0.056666666666666664,0.08,0.08,0.056666666666666664,0.08,0.08,0.056666666666666664
truth,20000,0.001,20000,1,5,neutral,all,1000,0.0,0.027,1.0,0.0,0.027,0.027,0.001,0,27,0.0,0.0,0.027,0.0,0.0,0.027,0.0,0.0,0.027,0.0,0.0,0.027
truth,20000,0.001,20000,1,5,selected,all,100,0.03,0.03,0.5,0.03,0.03,0.06,0.07,3,3,0.03,0.04,0.02,0.03,0.04,0.02,0.04,0.04,0.02,0.04,0.04,0.02
truth,20000,0.001,20000,1,5,selected,nonfixed,100,0.03,0.03,0.5,0.03,0.03,0.06,0.07,3,3,0.03,0.04,0.02,0.03,0.04,0.02,0.04,0.04,0.02,0.04,0.04,0.02
truth,20000,0.001,20000,1,10,neutral,all,1000,0.0,0.003,1.0,0.0,0.003,0.003,0.001,0,3,0.0,0.0,0.003,0.0,0.0,0.003,0.0,0.0,0.003,0.0,0.0,0.003
truth,20000,0.001,20000,1,10,selected,all,100,0.02,0.01,0.3333333333333333,0.02,0.01,0.03,0.07,2,1,0.02,0.03,0.0,0.02,0.03,0.0,0.03,0.03,0.0,0.03,0.03,0.0
truth,20000,0.001,20000,1,10,selected,nonfixed,100,0.02,0.01,0.3333333333333333,0.02,0.01,0.03,0.07,2,1,0.02,0.03,0.0,0.02,0.03,0.0,0.03,0.03,0.0,0.03,0.03,0.0
truth,20000,0.001,20000,1,20,neutral,all,1000,0.0,0.0,,0.0,0.0,0.0,0.001,0,0,0.0,0.0,0.0,0.0,0.0,0.0,0.0,0.0,0.0,0.0,0.0,0.0
truth,20000,0.001,20000,1,20,selected,all,100,0.01,0.01,0.5,0.01,0.01,0.02,0.07,1,1,0.01,0.02,0.0,0.01,0.02,0.0,0.02,0.02,0.0,0.02,0.02,0.0
truth,20000,0.001,20000,1,20,selected,nonfixed,100,0.01,0.01,0.5,0.01,0.01,0.02,0.07,1,1,0.01,0.02,0.0,0.01,0.02,0.0,0.02,0.02,0.0,0.02,0.02,0.0
truth,20000,0.001,50000,0,1,neutral,all,1000,0.0,0.12,1.0,0.0,0.138,0.12,0.001,0,138,0.0,0.0,0.12,0.0,0.0,0.12,0.0,0.0,0.12,0.0,0.0,0.12
truth,20000,0.001,50000,0,1,selected,all,100,0.09,0.17666666666666664,0.7352941176470589,0.07166666666666666,0.25,0.24,0.07,9,25,0.07,0.08,0.19166666666666665,0.09,0.1,0.17166666666666663,0.1,0.1,0.17166666666666663,0.13,0.13,0.14666666666666667
truth,20000,0.001,50000,0,1,selected,nonfixed,100,0.09,0.17666666666666664,0.7352941176470589,0.07166666666666666,0.25,0.24,0.07,9,25,0.07,0.08,0.19166666666666665,0.09,0.1,0.17166666666666663,0.1,0.1,0.17166666666666663,0.13,0.13,0.14666666666666667
truth,20000,0.001,50000,0,3,neutral,all,1000,0.0,0.015,1.0,0.0,0.015,0.015,0.001,0,15,0.0,0.0,0.015,0.0,0.0,0.015,0.0,0.0,0.015,0.0,0.0,0.015
truth,20000,0.001,50000,0,3,selected,all,100,0.03,0.03,0.5,0.03,0.03,0.06,0.07,3,3,0.03,0.04,0.02,0.03,0.04,0.02,0.04,0.04,0.02,0.04,0.04,0.02
truth,20000,0.001,50000,0,3,selected,nonfixed,100,0.03,0.03,0.5,0.03,0.03,0.06,0.07,3,3,0.03,0.04,0.02,0.03,0.04,0.02,0.04,0.04,0.02,0.04,0.04,0.02
truth,20000,0.001,50000,0,5,neutral,all,1000,0.0,0.0,,0.0,0.0,0.0,0.001,0,0,0.0,0.0,0.0,0.0,0.0,0.0,0.0,0.0,0.0,0.0,0.0,0.0
truth,20000,0.001,50000,0,5,selected,all,100,0.02,0.01,0.3333333333333333,0.02,0.01,0.03,0.07,2,1,0.02,0.03,0.0,0.02,0.03,0.0,0.03,0.03,0.0,0.03,0.03,0.0
truth,20000,0.001,50000,0,5,selected,nonfixed,100,0.02,0.01,0.3333333333333333,0.02,0.01,0.03,0.07,2,1,0.02,0.03,0.0,0.02,0.03,0.0,0.03,0.03,0.0,0.03,0.03,0.0
truth,20000,0.001,50000,0,10,neutral,all,1000,0.0,0.0,,0.0,0.0,0.0,0.001,0,0,0.0,0.0,0.0,0.0,0.0,0.0,0.0,0.0,0.0,0.0,0.0,0.0
truth,20000,0.001,50000,0,10,selected,all,100,0.0,0.01,1.0,0.0,0.01,0.01,0.07,0,1,0.0,0.01,0.0,0.0,0.01,0.0,0.01,0.01,0.0,0.01,0.01,0.0
truth,20000,0.001,50000,0,10,selected,nonfixed,100,0.0,0.01,1.0,0.0,0.01,0.01,0.07,0,1,0.0,0.01,0.0,0.0,0.01,0.0,0.01,0.01,0.0,0.01,0.01,0.0
truth,20000,0.001,50000,0,20,neutral,all,1000,0.0,0.0,,0.0,0.0,0.0,0.001,0,0,0.0,0.0,0.0,0.0,0.0,0.0,0.0,0.0,0.0,0.0,0.0,0.0
truth,20000,0.001,50000,0,20,selected,all,100,0.0,0.0,,0.0,0.0,0.0,0.07,0,0,0.0,0.0,0.0,0.0,0.0,0.0,0.0,0.0,0.0,0.0,0.0,0.0
truth,20000,0.001,50000,0,20,selected,nonfixed,100,0.0,0.0,,0.0,0.0,0.0,0.07,0,0,0.0,0.0,0.0,0.0,0.0,0.0,0.0,0.0,0.0,0.0,0.0,0.0
truth,20000,0.001,50000,1,1,neutral,all,1000,0.0,0.12,1.0,0.0,0.132,0.12,0.001,0,132,0.0,0.0,0.12,0.0,0.0,0.12,0.0,0.0,0.12,0.0,0.0,0.12
truth,20000,0.001,50000,1,1,selected,all,100,0.09,0.16166666666666665,0.6896551724137931,0.08166666666666667,0.2,0.24,0.07,9,20,0.07,0.08,0.17166666666666663,0.09,0.1,0.15166666666666667,0.1,0.1,0.15166666666666667,0.13,0.13,0.12666666666666665
truth,20000,0.001,50000,1,1,selected,nonfixed,100,0.09,0.16166666666666665,0.6896551724137931,0.08166666666666667,0.2,0.24,0.07,9,20,0.07,0.08,0.17166666666666663,0.09,0.1,0.15166666666666667,0.1,0.1,0.15166666666666667,0.13,0.13,0.12666666666666665
truth,20000,0.001,50000,1,3,neutral,all,1000,0.0,0.017,1.0,0.0,0.017,0.017,0.001,0,17,0.0,0.0,0.017,0.0,0.0,0.017,0.0,0.0,0.017,0.0,0.0,0.017
truth,20000,0.001,50000,1,3,selected,all,100,0.03,0.03,0.5,0.03,0.03,0.06,0.07,3,3,0.03,0.04,0.02,0.03,0.04,0.02,0.04,0.04,0.02,0.04,0.04,0.02
truth,20000,0.001,50000,1,3,selected,nonfixed,100,0.03,0.03,0.5,0.03,0.03,0.06,0.07,3,3,0.03,0.04,0.02,0.03,0.04,0.02,0.04,0.04,0.02,0.04,0.04,0.02
truth,20000,0.001,50000,1,5,neutral,all,1000,0.0,0.0,,0.0,0.0,0.0,0.001,0,0,0.0,0.0,0.0,0.0,0.0,0.0,0.0,0.0,0.0,0.0,0.0,0.0
truth,20000,0.001,50000,1,5,selected,all,100,0.02,0.01,0.3333333333333333,0.02,0.01,0.03,0.07,2,1,0.02,0.03,0.0,0.02,0.03,0.0,0.03,0.03,0.0,0.03,0.03,0.0
truth,20000,0.001,50000,1,5,selected,nonfixed,100,0.02,0.01,0.3333333333333333,0.02,0.01,0.03,0.07,2,1,0.02,0.03,0.0,0.02,0.03,0.0,0.03,0.03,0.0,0.03,0.03,0.0
truth,20000,0.001,50000,1,10,neutral,all,1000,0.0,0.0,,0.0,0.0,0.0,0.001,0,0,0.0,0.0,0.0,0.0,0.0,0.0,0.0,0.0,0.0,0.0,0.0,0.0
truth,20000,0.001,50000,1,10,selected,all,100,0.0,0.01,1.0,0.0,0.01,0.01,0.07,0,1,0.0,0.01,0.0,0.0,0.01,0.0,0.01,0.01,0.0,0.01,0.01,0.0
truth,20000,0.001,50000,1,10,selected,nonfixed,100,0.0,0.01,1.0,0.0,0.01,0.01,0.07,0,1,0.0,0.01,0.0,0.0,0.01,0.0,0.01,0.01,0.0,0.01,0.01,0.0
truth,20000,0.001,50000,1,20,neutral,all,1000,0.0,0.0,,0.0,0.0,0.0,0.001,0,0,0.0,0.0,0.0,0.0,0.0,0.0,0.0,0.0,0.0,0.0,0.0,0.0
truth,20000,0.001,50000,1,20,selected,all,100,0.0,0.0,,0.0,0.0,0.0,0.07,0,0,0.0,0.0,0.0,0.0,0.0,0.0,0.0,0.0,0.0,0.0,0.0,0.0
truth,20000,0.001,50000,1,20,selected,nonfixed,100,0.0,0.0,,0.0,0.0,0.0,0.07,0,0,0.0,0.0,0.0,0.0,0.0,0.0,0.0,0.0,0.0,0.0,0.0,0.0
truth,20000,0.01,10000,0,1,neutral,all,1000,0.0,0.719,1.0,0.0,2.544,0.719,0.01,0,2544,0.0,0.0,0.719,0.0,0.0,0.719,0.0,0.0,0.719,0.0,0.0,0.719
truth,20000,0.01,10000,0,1,selected,all,100,0.28,0.7171702741702742,0.9202279202279202,0.11623759573759573,3.23,0.8,0.2,28,323,0.24,0.27,0.7191147186147187,0.28,0.3,0.7096702741702743,0.36,0.37,0.6930365745365745,0.43,0.43,0.6812941502941503
truth,20000,0.01,10000,0,1,selected,nonfixed,100,0.28,0.7171702741702742,0.9202279202279202,0.11623759573759573,3.23,0.8,0.2,28,323,0.24,0.27,0.7191147186147187,0.28,0.3,0.7096702741702743,0.36,0.37,0.6930365745365745,0.43,0.43,0.6812941502941503
truth,20000,0.01,10000,0,3,neutral,all,1000,0.0,0.516,1.0,0.0,1.058,0.516,0.01,0,1058,0.0,0.0,0.516,0.0,0.0,0.516,0.0,0.0,0.516,0.0,0.0,0.516
truth,20000,0.01,10000,0,3,selected,all,100,0.24,0.5295714285714286,0.8651685393258427,0.14754761904761904,1.54,0.65,0.2,24,154,0.2,0.23,0.5299047619047619,0.24,0.27,0.5129047619047619,0.3,0.31,0.49707142857142855,0.35,0.35,0.48715476190476187
truth,20000,0.01,10000,0,3,selected,nonfixed,100,0.24,0.5295714285714286,0.8651685393258427,0.14754761904761904,1.54,0.65,0.2,24,154,0.2,0.23,0.5299047619047619,0.24,0.27,0.5129047619047619,0.3,0.31,0.49707142857142855,0.35,0.35,0.48715476190476187
truth,20000,0.01,10000,0,5,neutral,all,1000,0.0,0.383,1.0,0.0,0.625,0.383,0.01,0,625,0.0,0.0,0.383,0.0,0.0,0.383,0.0,0.0,0.383,0.0,0.0,0.383
truth,20000,0.01,10000,0,5,selected,all,100,0.17,0.43133333333333335,0.839622641509434,0.11833333333333332,0.89,0.53,0.2,17,89,0.16,0.19,0.41883333333333334,0.17,0.2,0.4088333333333333,0.22,0.23,0.3913333333333333,0.29,0.29,0.3605
truth,20000,0.01,10000,0,5,selected,nonfixed,100,0.17,0.43133333333333335,0.839622641509434,0.11833333333333332,0.89,0.53,0.2,17,89,0.16,0.19,0.41883333333333334,0.17,0.2,0.4088333333333333,0.22,0.23,0.3913333333333333,0.29,0.29,0.3605
truth,20000,0.01,10000,0,10,neutral,all,1000,0.0,0.185,1.0,0.0,0.235,0.185,0.01,0,235,0.0,0.0,0.185,0.0,0.0,0.185,0.0,0.0,0.185,0.0,0.0,0.185
truth,20000,0.01,10000,0,10,selected,all,100,0.13,0.24666666666666665,0.717391304347826,0.10499999999999998,0.33,0.34,0.2,13,33,0.12,0.15,0.22666666666666666,0.13,0.16,0.21666666666666665,0.16,0.17,0.20666666666666664,0.2,0.2,0.18166666666666664
truth,20000,0.01,10000,0,10,selected,nonfixed,100,0.13,0.24666666666666665,0.717391304347826,0.10499999999999998,0.33,0.34,0.2,13,33,0.12,0.15,0.22666666666666666,0.13,0.16,0.21666666666666665,0.16,0.17,0.20666666666666664,0.2,0.2,0.18166666666666664
truth,20000,0.01,10000,0,20,neutral,all,1000,0.0,0.056,1.0,0.0,0.062,0.056,0.01,0,62,0.0,0.0,0.056,0.0,0.0,0.056,0.0,0.0,0.056,0.0,0.0,0.056
truth,20000,0.01,10000,0,20,selected,all,100,0.05,0.06,0.5454545454545454,0.05,0.06,0.11,0.2,5,6,0.05,0.07,0.04,0.05,0.07,0.04,0.07,0.07,0.04,0.07,0.07,0.04
truth,20000,0.01,10000,0,20,selected,nonfixed,100,0.05,0.06,0.5454545454545454,0.05,0.06,0.11,0.2,5,6,0.05,0.07,0.04,0.05,0.07,0.04,0.07,0.07,0.04,0.07,0.07,0.04
truth,20000,0.01,10000,1,1,neutral,all,1000,0.0,0.719,1.0,0.0,2.073,0.719,0.01,0,2073,0.0,0.0,0.719,0.0,0.0,0.719,0.0,0.0,0.719,0.0,0.0,0.719
truth,20000,0.01,10000,1,1,selected,all,100,0.27,0.7141226551226552,0.9075342465753424,0.11960317460317459,2.65,0.8,0.2,27,265,0.23,0.27,0.7062059884559885,0.27,0.3,0.6966226551226552,0.36,0.37,0.6771024531024531,0.43,0.43,0.6635905483405483
truth,20000,0.01,10000,1,1,selected,nonfixed,100,0.27,0.7141226551226552,0.9075342465753424,0.11960317460317459,2.65,0.8,0.2,27,265,0.23,0.27,0.7062059884559885,0.27,0.3,0.6966226551226552,0.36,0.37,0.6771024531024531,0.43,0.43,0.6635905483405483
truth,20000,0.01,10000,1,3,neutral,all,1000,0.0,0.538,1.0,0.0,1.043,0.538,0.01,0,1043,0.0,0.0,0.538,0.0,0.0,0.538,0.0,0.0,0.538,0.0,0.0,0.538
truth,20000,0.01,10000,1,3,selected,all,100,0.23,0.5325714285714285,0.8606060606060606,0.1435,1.42,0.65,0.2,23,142,0.2,0.24,0.520904761904762,0.23,0.27,0.505904761904762,0.31,0.33,0.48140476190476195,0.36,0.36,0.47432142857142856
truth,20000,0.01,10000,1,3,selected,nonfixed,100,0.23,0.5325714285714285,0.8606060606060606,0.1435,1.42,0.65,0.2,23,142,0.2,0.24,0.520904761904762,0.23,0.27,0.505904761904762,0.31,0.33,0.48140476190476195,0.36,0.36,0.47432142857142856
truth,20000,0.01,10000,1,5,neutral,all,1000,0.0,0.413,1.0,0.0,0.666,0.413,0.01,0,666,0.0,0.0,0.413,0.0,0.0,0.413,0.0,0.0,0.413,0.0,0.0,0.413
truth,20000,0.01,10000,1,5,selected,all,100,0.16,0.4488333333333333,0.8490566037735849,0.10899999999999999,0.9,0.54,0.2,16,90,0.15,0.19,0.42633333333333334,0.16,0.2,0.41633333333333333,0.22,0.24,0.3938333333333333,0.29,0.29,0.3696666666666666
truth,20000,0.01,10000,1,5,selected,nonfixed,100,0.16,0.4488333333333333,0.8490566037735849,0.10899999999999999,0.9,0.54,0.2,16,90,0.15,0.19,0.42633333333333334,0.16,0.2,0.41633333333333333,0.22,0.24,0.3938333333333333,0.29,0.29,0.3696666666666666
truth,20000,0.01,10000,1,10,neutral,all,1000,0.0,0.21,1.0,0.0,0.273,0.21,0.01,0,273,0.0,0.0,0.21,0.0,0.0,0.21,0.0,0.0,0.21,0.0,0.0,0.21
truth,20000,0.01,10000,1,10,selected,all,100,0.12,0.31666666666666665,0.7777777777777778,0.09499999999999999,0.42,0.4,0.2,12,42,0.11,0.15,0.2866666666666666,0.12,0.16,0.2766666666666666,0.17,0.19,0.25166666666666665,0.22,0.22,0.22666666666666666
truth,20000,0.01,10000,1,10,selected,nonfixed,100,0.12,0.31666666666666665,0.7777777777777778,0.09499999999999999,0.42,0.4,0.2,12,42,0.11,0.15,0.2866666666666666,0.12,0.16,0.2766666666666666,0.17,0.19,0.25166666666666665,0.22,0.22,0.22666666666666666
truth,20000,0.01,10000,1,20,neutral,all,1000,0.0,0.068,1.0,0.0,0.078,0.068,0.01,0,78,0.0,0.0,0.068,0.0,0.0,0.068,0.0,0.0,0.068,0.0,0.0,0.068
truth,20000,0.01,10000,1,20,selected,all,100,0.05,0.08,0.6428571428571429,0.05,0.09,0.13,0.2,5,9,0.05,0.08,0.05,0.05,0.08,0.05,0.08,0.08,0.05,0.08,0.08,0.05
truth,20000,0.01,10000,1,20,selected,nonfixed,100,0.05,0.08,0.6428571428571429,0.05,0.09,0.13,0.2,5,9,0.05,0.08,0.05,0.05,0.08,0.05,0.08,0.08,0.05,0.08,0.08,0.05
truth,20000,0.01,20000,0,1,neutral,all,1000,0.0,0.674,1.0,0.0,1.786,0.674,0.01,0,1786,0.0,0.0,0.674,0.0,0.0,0.674,0.0,0.0,0.674,0.0,0.0,0.674
truth,20000,0.01,20000,0,1,selected,all,100,0.27,0.6340790043290043,0.89453125,0.14459523809523808,2.29,0.75,0.2,27,229,0.21,0.25,0.6390790043290043,0.27,0.29,0.6265790043290044,0.35,0.36,0.6076699134199134,0.42,0.42,0.5941580086580087
truth,20000,0.01,20000,0,1,selected,nonfixed,100,0.27,0.6340790043290043,0.89453125,0.14459523809523808,2.29,0.75,0.2,27,229,0.21,0.25,0.6390790043290043,0.27,0.29,0.6265790043290044,0.35,0.36,0.6076699134199134,0.42,0.42,0.5941580086580087
truth,20000,0.01,20000,0,3,neutral,all,1000,0.0,0.391,1.0,0.0,0.611,0.391,0.01,0,611,0.0,0.0,0.391,0.0,0.0,0.391,0.0,0.0,0.391,0.0,0.0,0.391
truth,20000,0.01,20000,0,3,selected,all,100,0.16,0.4383333333333333,0.84,0.11833333333333332,0.84,0.54,0.2,16,84,0.14,0.18,0.4258333333333333,0.16,0.2,0.4133333333333333,0.21,0.23,0.39583333333333326,0.29,0.29,0.36
truth,20000,0.01,20000,0,3,selected,nonfixed,100,0.16,0.4383333333333333,0.84,0.11833333333333332,0.84,0.54,0.2,16,84,0.14,0.18,0.4258333333333333,0.16,0.2,0.4133333333333333,0.21,0.23,0.39583333333333326,0.29,0.29,0.36
truth,20000,0.01,20000,0,5,neutral,all,1000,0.0,0.218,1.0,0.0,0.283,0.218,0.01,0,283,0.0,0.0,0.218,0.0,0.0,0.218,0.0,0.0,0.218,0.0,0.0,0.218
truth,20000,0.01,20000,0,5,selected,all,100,0.13,0.29166666666666663,0.7678571428571429,0.10833333333333332,0.43,0.39,0.2,13,43,0.11,0.15,0.2766666666666666,0.13,0.17,0.26166666666666666,0.17,0.19,0.24166666666666664,0.22,0.22,0.21666666666666665
truth,20000,0.01,20000,0,5,selected,nonfixed,100,0.13,0.29166666666666663,0.7678571428571429,0.10833333333333332,0.43,0.39,0.2,13,43,0.11,0.15,0.2766666666666666,0.13,0.17,0.26166666666666666,0.17,0.19,0.24166666666666664,0.22,0.22,0.21666666666666665
truth,20000,0.01,20000,0,10,neutral,all,1000,0.0,0.068,1.0,0.0,0.076,0.068,0.01,0,76,0.0,0.0,0.068,0.0,0.0,0.068,0.0,0.0,0.068,0.0,0.0,0.068
truth,20000,0.01,20000,0,10,selected,all,100,0.06,0.07,0.5384615384615384,0.06,0.07,0.13,0.2,6,7,0.06,0.08,0.05,0.06,0.08,0.05,0.08,0.08,0.05,0.08,0.08,0.05
truth,20000,0.01,20000,0,10,selected,nonfixed,100,0.06,0.07,0.5384615384615384,0.06,0.07,0.13,0.2,6,7,0.06,0.08,0.05,0.06,0.08,0.05,0.08,0.08,0.05,0.08,0.08,0.05
truth,20000,0.01,20000,0,20,neutral,all,1000,0.0,0.005,1.0,0.0,0.005,0.005,0.01,0,5,0.0,0.0,0.005,0.0,0.0,0.005,0.0,0.0,0.005,0.0,0.0,0.005
truth,20000,0.01,20000,0,20,selected,all,100,0.02,0.02,0.5,0.02,0.02,0.04,0.2,2,2,0.02,0.03,0.01,0.02,0.03,0.01,0.03,0.03,0.01,0.03,0.03,0.01
truth,20000,0.01,20000,0,20,selected,nonfixed,100,0.02,0.02,0.5,0.02,0.02,0.04,0.2,2,2,0.02,0.03,0.01,0.02,0.03,0.01,0.03,0.03,0.01,0.03,0.03,0.01
truth,20000,0.01,20000,1,1,neutral,all,1000,0.0,0.674,1.0,0.0,1.532,0.674,0.01,0,1532,0.0,0.0,0.674,0.0,0.0,0.674,0.0,0.0,0.674,0.0,0.0,0.674
truth,20000,0.01,20000,1,1,selected,all,100,0.27,0.6238214285714286,0.8720379146919431,0.15757936507936507,1.84,0.75,0.2,27,184,0.2,0.25,0.6299880952380953,0.27,0.29,0.6163214285714286,0.35,0.36,0.5954880952380952,0.42,0.42,0.5784880952380952
truth,20000,0.01,20000,1,1,selected,nonfixed,100,0.27,0.6238214285714286,0.8720379146919431,0.15757936507936507,1.84,0.75,0.2,27,184,0.2,0.25,0.6299880952380953,0.27,0.29,0.6163214285714286,0.35,0.36,0.5954880952380952,0.42,0.42,0.5784880952380952
truth,20000,0.01,20000,1,3,neutral,all,1000,0.0,0.414,1.0,0.0,0.623,0.414,0.01,0,623,0.0,0.0,0.414,0.0,0.0,0.414,0.0,0.0,0.414,0.0,0.0,0.414
truth,20000,0.01,20000,1,3,selected,all,100,0.17,0.4391666666666667,0.8247422680412371,0.12733333333333333,0.8,0.55,0.2,17,80,0.14,0.19,0.4258333333333333,0.17,0.2,0.4158333333333333,0.22,0.24,0.3908333333333333,0.29,0.29,0.36416666666666664
truth,20000,0.01,20000,1,3,selected,nonfixed,100,0.17,0.4391666666666667,0.8247422680412371,0.12733333333333333,0.8,0.55,0.2,17,80,0.14,0.19,0.4258333333333333,0.17,0.2,0.4158333333333333,0.22,0.24,0.3908333333333333,0.29,0.29,0.36416666666666664
truth,20000,0.01,20000,1,5,neutral,all,1000,0.0,0.248,1.0,0.0,0.317,0.248,0.01,0,317,0.0,0.0,0.248,0.0,0.0,0.248,0.0,0.0,0.248,0.0,0.0,0.248
truth,20000,0.01,20000,1,5,selected,all,100,0.15,0.31166666666666665,0.75,0.12166666666666666,0.45,0.42,0.2,15,45,0.12,0.17,0.29666666666666663,0.15,0.18,0.2866666666666666,0.19,0.21,0.26666666666666666,0.23,0.24,0.23666666666666664
truth,20000,0.01,20000,1,5,selected,nonfixed,100,0.15,0.31166666666666665,0.75,0.12166666666666666,0.45,0.42,0.2,15,45,0.12,0.17,0.29666666666666663,0.15,0.18,0.2866666666666666,0.19,0.21,0.26666666666666666,0.23,0.24,0.23666666666666664
truth,20000,0.01,20000,1,10,neutral,all,1000,0.0,0.087,1.0,0.0,0.096,0.087,0.01,0,96,0.0,0.0,0.087,0.0,0.0,0.087,0.0,0.0,0.087,0.0,0.0,0.087
truth,20000,0.01,20000,1,10,selected,all,100,0.07,0.1,0.6111111111111112,0.07,0.11,0.17,0.2,7,11,0.07,0.09,0.08,0.07,0.09,0.08,0.09,0.09,0.08,0.1,0.1,0.07
truth,20000,0.01,20000,1,10,selected,nonfixed,100,0.07,0.1,0.6111111111111112,0.07,0.11,0.17,0.2,7,11,0.07,0.09,0.08,0.07,0.09,0.08,0.09,0.09,0.08,0.1,0.1,0.07
truth,20000,0.01,20000,1,20,neutral,all,1000,0.0,0.007,1.0,0.0,0.007,0.007,0.01,0,7,0.0,0.0,0.007,0.0,0.0,0.007,0.0,0.0,0.007,0.0,0.0,0.007
truth,20000,0.01,20000,1,20,selected,all,100,0.02,0.02,0.5,0.02,0.02,0.04,0.2,2,2,0.02,0.03,0.01,0.02,0.03,0.01,0.03,0.03,0.01,0.03,0.03,0.01
truth,20000,0.01,20000,1,20,selected,nonfixed,100,0.02,0.02,0.5,0.02,0.02,0.04,0.2,2,2,0.02,0.03,0.01,0.02,0.03,0.01,0.03,0.03,0.01,0.03,0.03,0.01
truth,20000,0.01,50000,0,1,neutral,all,1000,0.0,0.571,1.0,0.0,1.082,0.571,0.01,0,1082,0.0,0.0,0.571,0.0,0.0,0.571,0.0,0.0,0.571,0.0,0.0,0.571
truth,20000,0.01,50000,0,1,selected,all,100,0.23,0.5521666666666667,0.8544303797468354,0.13785714285714284,1.35,0.66,0.2,23,135,0.2,0.24,0.5438333333333333,0.23,0.26,0.5338333333333334,0.29,0.31,0.5101666666666667,0.36,0.36,0.4930833333333334
truth,20000,0.01,50000,0,1,selected,nonfixed,100,0.23,0.5521666666666667,0.8544303797468354,0.13785714285714284,1.35,0.66,0.2,23,135,0.2,0.24,0.5438333333333333,0.23,0.26,0.5338333333333334,0.29,0.31,0.5101666666666667,0.36,0.36,0.4930833333333334
truth,20000,0.01,50000,0,3,neutral,all,1000,0.0,0.177,1.0,0.0,0.217,0.177,0.01,0,217,0.0,0.0,0.177,0.0,0.0,0.177,0.0,0.0,0.177,0.0,0.0,0.177
truth,20000,0.01,50000,0,3,selected,all,100,0.11,0.23166666666666663,0.725,0.095,0.29,0.32,0.2,11,29,0.09,0.13,0.21166666666666664,0.11,0.15,0.19666666666666666,0.16,0.18,0.17166666666666663,0.18,0.18,0.17166666666666663
truth,20000,0.01,50000,0,3,selected,nonfixed,100,0.11,0.23166666666666663,0.725,0.095,0.29,0.32,0.2,11,29,0.09,0.13,0.21166666666666664,0.11,0.15,0.19666666666666666,0.16,0.18,0.17166666666666663,0.18,0.18,0.17166666666666663
truth,20000,0.01,50000,0,5,neutral,all,1000,0.0,0.058,1.0,0.0,0.061,0.058,0.01,0,61,0.0,0.0,0.058,0.0,0.0,0.058,0.0,0.0,0.058,0.0,0.0,0.058
truth,20000,0.01,50000,0,5,selected,all,100,0.07,0.07,0.5,0.07,0.07,0.14,0.2,7,7,0.06,0.09,0.05,0.07,0.09,0.05,0.09,0.09,0.05,0.09,0.09,0.05
truth,20000,0.01,50000,0,5,selected,nonfixed,100,0.07,0.07,0.5,0.07,0.07,0.14,0.2,7,7,0.06,0.09,0.05,0.07,0.09,0.05,0.09,0.09,0.05,0.09,0.09,0.05
truth,20000,0.01,50000,0,10,neutral,all,1000,0.0,0.003,1.0,0.0,0.003,0.003,0.01,0,3,0.0,0.0,0.003,0.0,0.0,0.003,0.0,0.0,0.003,0.0,0.0,0.003
truth,20000,0.01,50000,0,10,selected,all,100,0.02,0.01,0.3333333333333333,0.02,0.01,0.03,0.2,2,1,0.02,0.03,0.0,0.02,0.03,0.0,0.03,0.03,0.0,0.03,0.03,0.0
truth,20000,0.01,50000,0,10,selected,nonfixed,100,0.02,0.01,0.3333333333333333,0.02,0.01,0.03,0.2,2,1,0.02,0.03,0.0,0.02,0.03,0.0,0.03,0.03,0.0,0.03,0.03,0.0
truth,20000,0.01,50000,0,20,neutral,all,1000,0.0,0.0,,0.0,0.0,0.0,0.01,0,0,0.0,0.0,0.0,0.0,0.0,0.0,0.0,0.0,0.0,0.0,0.0,0.0
truth,20000,0.01,50000,0,20,selected,all,100,0.0,0.0,,0.0,0.0,0.0,0.2,0,0,0.0,0.0,0.0,0.0,0.0,0.0,0.0,0.0,0.0,0.0,0.0,0.0
truth,20000,0.01,50000,0,20,selected,nonfixed,100,0.0,0.0,,0.0,0.0,0.0,0.2,0,0,0.0,0.0,0.0,0.0,0.0,0.0,0.0,0.0,0.0,0.0,0.0,0.0
truth,20000,0.01,50000,1,1,neutral,all,1000,0.0,0.571,1.0,0.0,0.981,0.571,0.01,0,981,0.0,0.0,0.571,0.0,0.0,0.571,0.0,0.0,0.571,0.0,0.0,0.571
truth,20000,0.01,50000,1,1,selected,all,100,0.23,0.536,0.8321167883211679,0.15133333333333332,1.14,0.66,0.2,23,114,0.2,0.24,0.526,0.23,0.26,0.516,0.28,0.31,0.48766666666666664,0.36,0.36,0.4673333333333333
truth,20000,0.01,50000,1,1,selected,nonfixed,100,0.23,0.536,0.8321167883211679,0.15133333333333332,1.14,0.66,0.2,23,114,0.2,0.24,0.526,0.23,0.26,0.516,0.28,0.31,0.48766666666666664,0.36,0.36,0.4673333333333333
truth,20000,0.01,50000,1,3,neutral,all,1000,0.0,0.2,1.0,0.0,0.245,0.2,0.01,0,245,0.0,0.0,0.2,0.0,0.0,0.2,0.0,0.0,0.2,0.0,0.0,0.2
truth,20000,0.01,50000,1,3,selected,all,100,0.13,0.235,0.6976744186046512,0.11333333333333333,0.3,0.34,0.2,13,30,0.11,0.15,0.215,0.13,0.16,0.205,0.17,0.2,0.175,0.2,0.2,0.175
truth,20000,0.01,50000,1,3,selected,nonfixed,100,0.13,0.235,0.6976744186046512,0.11333333333333333,0.3,0.34,0.2,13,30,0.11,0.15,0.215,0.13,0.16,0.205,0.17,0.2,0.175,0.2,0.2,0.175
truth,20000,0.01,50000,1,5,neutral,all,1000,0.0,0.072,1.0,0.0,0.078,0.072,0.01,0,78,0.0,0.0,0.072,0.0,0.0,0.072,0.0,0.0,0.072,0.0,0.0,0.072
truth,20000,0.01,50000,1,5,selected,all,100,0.07,0.1,0.6111111111111112,0.07,0.11,0.17,0.2,7,11,0.06,0.09,0.08,0.07,0.09,0.08,0.09,0.09,0.08,0.09,0.09,0.08
truth,20000,0.01,50000,1,5,selected,nonfixed,100,0.07,0.1,0.6111111111111112,0.07,0.11,0.17,0.2,7,11,0.06,0.09,0.08,0.07,0.09,0.08,0.09,0.09,0.08,0.09,0.09,0.08
truth,20000,0.01,50000,1,10,neutral,all,1000,0.0,0.006,1.0,0.0,0.006,0.006,0.01,0,6,0.0,0.0,0.006,0.0,0.0,0.006,0.0,0.0,0.006,0.0,0.0,0.006
truth,20000,0.01,50000,1,10,selected,all,100,0.02,0.01,0.3333333333333333,0.02,0.01,0.03,0.2,2,1,0.02,0.03,0.0,0.02,0.03,0.0,0.03,0.03,0.0,0.03,0.03,0.0
truth,20000,0.01,50000,1,10,selected,nonfixed,100,0.02,0.01,0.3333333333333333,0.02,0.01,0.03,0.2,2,1,0.02,0.03,0.0,0.02,0.03,0.0,0.03,0.03,0.0,0.03,0.03,0.0
truth,20000,0.01,50000,1,20,neutral,all,1000,0.0,0.0,,0.0,0.0,0.0,0.01,0,0,0.0,0.0,0.0,0.0,0.0,0.0,0.0,0.0,0.0,0.0,0.0,0.0
truth,20000,0.01,50000,1,20,selected,all,100,0.0,0.0,,0.0,0.0,0.0,0.2,0,0,0.0,0.0,0.0,0.0,0.0,0.0,0.0,0.0,0.0,0.0,0.0,0.0
truth,20000,0.01,50000,1,20,selected,nonfixed,100,0.0,0.0,,0.0,0.0,0.0,0.2,0,0,0.0,0.0,0.0,0.0,0.0,0.0,0.0,0.0,0.0,0.0,0.0,0.0
truth,20000,0.05,10000,0,1,neutral,all,1000,0.0,0.99,1.0,0.0,10.456,0.99,0.05,0,10456,0.0,0.0,0.99,0.0,0.0,0.99,0.0,0.0,0.99,0.0,0.0,0.99
truth,20000,0.05,10000,0,1,selected,all,100,0.52,0.9527831586065143,0.957166392092257,0.08379715041394457,11.62,1.0,0.37,52,1162,0.45,0.5,0.9531543527999703,0.52,0.55,0.9497629565863125,0.66,0.67,0.9382547466308409,0.73,0.74,0.9272931347133466
truth,20000,0.05,10000,0,1,selected,nonfixed,100,0.52,0.9527831586065143,0.957166392092257,0.08379715041394457,11.62,1.0,0.37,52,1162,0.45,0.5,0.9531543527999703,0.52,0.55,0.9497629565863125,0.66,0.67,0.9382547466308409,0.73,0.74,0.9272931347133466
truth,20000,0.05,10000,0,3,neutral,all,1000,0.0,0.957,1.0,0.0,4.786,0.957,0.05,0,4786,0.0,0.0,0.957,0.0,0.0,0.957,0.0,0.0,0.957,0.0,0.0,0.957
truth,20000,0.05,10000,0,3,selected,all,100,0.44,0.8899285714285713,0.9241379310344827,0.1424647297147297,5.36,0.98,0.37,44,536,0.38,0.46,0.8886785714285714,0.44,0.49,0.8824285714285715,0.56,0.58,0.8630750360750361,0.64,0.65,0.8434917027417028
truth,20000,0.05,10000,0,3,selected,nonfixed,100,0.44,0.8899285714285713,0.9241379310344827,0.1424647297147297,5.36,0.98,0.37,44,536,0.38,0.46,0.8886785714285714,0.44,0.49,0.8824285714285715,0.56,0.58,0.8630750360750361,0.64,0.65,0.8434917027417028
truth,20000,0.05,10000,0,5,neutral,all,1000,0.0,0.884,1.0,0.0,3.059,0.884,0.05,0,3059,0.0,0.0,0.884,0.0,0.0,0.884,0.0,0.0,0.884,0.0,0.0,0.884
truth,20000,0.05,10000,0,5,selected,all,100,0.36,0.8409440836940837,0.9016393442622951,0.15327655677655677,3.3,0.95,0.37,36,330,0.31,0.39,0.8349440836940838,0.36,0.43,0.8146107503607505,0.44,0.48,0.7996940836940837,0.53,0.55,0.7742496392496392
truth,20000,0.05,10000,0,5,selected,nonfixed,100,0.36,0.8409440836940837,0.9016393442622951,0.15327655677655677,3.3,0.95,0.37,36,330,0.31,0.39,0.8349440836940838,0.36,0.43,0.8146107503607505,0.44,0.48,0.7996940836940837,0.53,0.55,0.7742496392496392
truth,20000,0.05,10000,0,10,neutral,all,1000,0.0,0.691,1.0,0.0,1.376,0.691,0.05,0,1376,0.0,0.0,0.691,0.0,0.0,0.691,0.0,0.0,0.691,0.0,0.0,0.691
truth,20000,0.05,10000,0,10,selected,all,100,0.27,0.6284166666666667,0.8392857142857143,0.1748888888888889,1.41,0.77,0.37,27,141,0.23,0.3,0.6134166666666667,0.27,0.35,0.5960833333333333,0.33,0.39,0.5790833333333333,0.41,0.43,0.5507500000000001
truth,20000,0.05,10000,0,10,selected,nonfixed,100,0.27,0.6284166666666667,0.8392857142857143,0.1748888888888889,1.41,0.77,0.37,27,141,0.23,0.3,0.6134166666666667,0.27,0.35,0.5960833333333333,0.33,0.39,0.5790833333333333,0.41,0.43,0.5507500000000001
truth,20000,0.05,10000,0,20,neutral,all,1000,0.0,0.329,1.0,0.0,0.431,0.329,0.05,0,431,0.0,0.0,0.329,0.0,0.0,0.329,0.0,0.0,0.329,0.0,0.0,0.329
truth,20000,0.05,10000,0,20,selected,all,100,0.15,0.3733333333333333,0.7887323943661971,0.13333333333333333,0.56,0.5,0.37,15,56,0.12,0.19,0.33833333333333326,0.15,0.22,0.3183333333333333,0.2,0.27,0.28583333333333333,0.28,0.3,0.2658333333333333
truth,20000,0.05,10000,0,20,selected,nonfixed,100,0.15,0.3733333333333333,0.7887323943661971,0.13333333333333333,0.56,0.5,0.37,15,56,0.12,0.19,0.33833333333333326,0.15,0.22,0.3183333333333333,0.2,0.27,0.28583333333333333,0.28,0.3,0.2658333333333333
truth,20000,0.05,10000,1,1,neutral,all,1000,0.0,0.99,1.0,0.0,8.564,0.99,0.05,0,8564,0.0,0.0,0.99,0.0,0.0,0.99,0.0,0.0,0.99,0.0,0.0,0.99
truth,20000,0.05,10000,1,1,selected,all,100,0.52,0.9431949334784508,0.9482587064676616,0.0984947382682677,9.53,1.0,0.37,52,953,0.43,0.5,0.9441860257195429,0.52,0.55,0.9399247314582487,0.66,0.67,0.925841749826354,0.73,0.74,0.914557658917263
truth,20000,0.05,10000,1,1,selected,nonfixed,100,0.52,0.9431949334784508,0.9482587064676616,0.0984947382682677,9.53,1.0,0.37,52,953,0.43,0.5,0.9441860257195429,0.52,0.55,0.9399247314582487,0.66,0.67,0.925841749826354,0.73,0.74,0.914557658917263
truth,20000,0.05,10000,1,3,neutral,all,1000,0.0,0.966,1.0,0.0,4.546,0.966,0.05,0,4546,0.0,0.0,0.966,0.0,0.0,0.966,0.0,0.0,0.966,0.0,0.0,0.966
truth,20000,0.05,10000,1,3,selected,all,100,0.45,0.8899389915639917,0.918625678119349,0.14338254229430702,5.08,0.98,0.37,45,508,0.38,0.46,0.8870223248973251,0.45,0.5,0.878272324897325,0.56,0.58,0.8579346625596627,0.65,0.67,0.8370616466866468
truth,20000,0.05,10000,1,3,selected,nonfixed,100,0.45,0.8899389915639917,0.918625678119349,0.14338254229430702,5.08,0.98,0.37,45,508,0.38,0.46,0.8870223248973251,0.45,0.5,0.878272324897325,0.56,0.58,0.8579346625596627,0.65,0.67,0.8370616466866468
truth,20000,0.05,10000,1,5,neutral,all,1000,0.0,0.9,1.0,0.0,3.068,0.9,0.05,0,3068,0.0,0.0,0.9,0.0,0.0,0.9,0.0,0.0,0.9,0.0,0.0,0.9
truth,20000,0.05,10000,1,5,selected,all,100,0.38,0.8582893217893219,0.8975741239892183,0.15836652236652238,3.33,0.97,0.37,38,333,0.33,0.41,0.8504559884559886,0.38,0.44,0.8401226551226553,0.46,0.5,0.8201226551226551,0.54,0.56,0.7985829725829727
truth,20000,0.05,10000,1,5,selected,nonfixed,100,0.38,0.8582893217893219,0.8975741239892183,0.15836652236652238,3.33,0.97,0.37,38,333,0.33,0.41,0.8504559884559886,0.38,0.44,0.8401226551226553,0.46,0.5,0.8201226551226551,0.54,0.56,0.7985829725829727
truth,20000,0.05,10000,1,10,neutral,all,1000,0.0,0.736,1.0,0.0,1.504,0.736,0.05,0,1504,0.0,0.0,0.736,0.0,0.0,0.736,0.0,0.0,0.736,0.0,0.0,0.736
truth,20000,0.05,10000,1,10,selected,all,100,0.28,0.655,0.8435754189944135,0.17804761904761907,1.51,0.8,0.37,28,151,0.25,0.32,0.6341666666666665,0.28,0.37,0.6113333333333333,0.34,0.4,0.598,0.42,0.44,0.5746666666666667
truth,20000,0.05,10000,1,10,selected,nonfixed,100,0.28,0.655,0.8435754189944135,0.17804761904761907,1.51,0.8,0.37,28,151,0.25,0.32,0.6341666666666665,0.28,0.37,0.6113333333333333,0.34,0.4,0.598,0.42,0.44,0.5746666666666667
truth,20000,0.05,10000,1,20,neutral,all,1000,0.0,0.368,1.0,0.0,0.501,0.368,0.05,0,501,0.0,0.0,0.368,0.0,0.0,0.368,0.0,0.0,0.368,0.0,0.0,0.368
truth,20000,0.05,10000,1,20,selected,all,100,0.16,0.39,0.7948717948717948,0.1383333333333333,0.62,0.52,0.37,16,62,0.13,0.2,0.355,0.16,0.24,0.325,0.21,0.28,0.3025,0.29,0.31,0.2841666666666666
truth,20000,0.05,10000,1,20,selected,nonfixed,100,0.16,0.39,0.7948717948717948,0.1383333333333333,0.62,0.52,0.37,16,62,0.13,0.2,0.355,0.16,0.24,0.325,0.21,0.28,0.3025,0.29,0.31,0.2841666666666666
truth,20000,0.05,20000,0,1,neutral,all,1000,0.0,0.988,1.0,0.0,7.557,0.988,0.05,0,7557,0.0,0.0,0.988,0.0,0.0,0.988,0.0,0.0,0.988,0.0,0.0,0.988
truth,20000,0.05,20000,0,1,selected,all,100,0.52,0.9371099256350804,0.9434782608695652,0.1078330610140073,8.68,1.0,0.37,52,868,0.44,0.49,0.9402866933118481,0.52,0.54,0.9347488145239693,0.63,0.65,0.9196230513982063,0.7,0.71,0.9097619402870951
truth,20000,0.05,20000,0,1,selected,nonfixed,100,0.52,0.9371099256350804,0.9434782608695652,0.1078330610140073,8.68,1.0,0.37,52,868,0.44,0.49,0.9402866933118481,0.52,0.54,0.9347488145239693,0.63,0.65,0.9196230513982063,0.7,0.71,0.9097619402870951
truth,20000,0.05,20000,0,3,neutral,all,1000,0.0,0.883,1.0,0.0,2.874,0.883,0.05,0,2874,0.0,0.0,0.883,0.0,0.0,0.883,0.0,0.0,0.883,0.0,0.0,0.883
truth,20000,0.05,20000,0,3,selected,all,100,0.36,0.8302734487734489,0.893491124260355,0.15503968253968253,3.02,0.94,0.37,36,302,0.31,0.37,0.8291067821067822,0.36,0.42,0.8134401154401156,0.44,0.49,0.7892734487734487,0.54,0.57,0.7541623376623378
truth,20000,0.05,20000,0,3,selected,nonfixed,100,0.36,0.8302734487734489,0.893491124260355,0.15503968253968253,3.02,0.94,0.37,36,302,0.31,0.37,0.8291067821067822,0.36,0.42,0.8134401154401156,0.44,0.49,0.7892734487734487,0.54,0.57,0.7541623376623378
truth,20000,0.05,20000,0,5,neutral,all,1000,0.0,0.736,1.0,0.0,1.58,0.736,0.05,0,1580,0.0,0.0,0.736,0.0,0.0,0.736,0.0,0.0,0.736,0.0,0.0,0.736
truth,20000,0.05,20000,0,5,selected,all,100,0.3,0.6574047619047618,0.8429319371727748,0.19535714285714284,1.61,0.82,0.37,30,161,0.26,0.31,0.6549047619047619,0.3,0.38,0.6250714285714285,0.35,0.41,0.6100714285714285,0.43,0.46,0.5830714285714286
truth,20000,0.05,20000,0,5,selected,nonfixed,100,0.3,0.6574047619047618,0.8429319371727748,0.19535714285714284,1.61,0.82,0.37,30,161,0.26,0.31,0.6549047619047619,0.3,0.38,0.6250714285714285,0.35,0.41,0.6100714285714285,0.43,0.46,0.5830714285714286
truth,20000,0.05,20000,0,10,neutral,all,1000,0.0,0.368,1.0,0.0,0.5,0.368,0.05,0,500,0.0,0.0,0.368,0.0,0.0,0.368,0.0,0.0,0.368,0.0,0.0,0.368
truth,20000,0.05,20000,0,10,selected,all,100,0.16,0.3883333333333333,0.7894736842105263,0.13999999999999999,0.6,0.52,0.37,16,60,0.13,0.18,0.3783333333333333,0.16,0.23,0.33833333333333326,0.2,0.26,0.3183333333333333,0.27,0.3,0.2975
truth,20000,0.05,20000,0,10,selected,nonfixed,100,0.16,0.3883333333333333,0.7894736842105263,0.13999999999999999,0.6,0.52,0.37,16,60,0.13,0.18,0.3783333333333333,0.16,0.23,0.33833333333333326,0.2,0.26,0.3183333333333333,0.27,0.3,0.2975
truth,20000,0.05,20000,0,20,neutral,all,1000,0.0,0.07,1.0,0.0,0.073,0.07,0.05,0,73,0.0,0.0,0.07,0.0,0.0,0.07,0.0,0.0,0.07,0.0,0.0,0.07
truth,20000,0.05,20000,0,20,selected,all,100,0.05,0.14,0.75,0.05,0.15,0.19,0.37,5,15,0.05,0.07,0.12,0.05,0.1,0.09,0.07,0.11,0.08,0.11,0.12,0.075
truth,20000,0.05,20000,0,20,selected,nonfixed,100,0.05,0.14,0.75,0.05,0.15,0.19,0.37,5,15,0.05,0.07,0.12,0.05,0.1,0.09,0.07,0.11,0.08,0.11,0.12,0.075
truth,20000,0.05,20000,1,1,neutral,all,1000,0.0,0.988,1.0,0.0,6.296,0.988,0.05,0,6296,0.0,0.0,0.988,0.0,0.0,0.988,0.0,0.0,0.988,0.0,0.0,0.988
truth,20000,0.05,20000,1,1,selected,all,100,0.5,0.92697463239375,0.9328859060402684,0.12333464574641047,6.95,1.0,0.37,50,695,0.42,0.49,0.9290969585969586,0.5,0.54,0.9224329657270834,0.6,0.65,0.9054875875758228,0.7,0.71,0.8937461345843698
truth,20000,0.05,20000,1,1,selected,nonfixed,100,0.5,0.92697463239375,0.9328859060402684,0.12333464574641047,6.95,1.0,0.37,50,695,0.42,0.49,0.9290969585969586,0.5,0.54,0.9224329657270834,0.6,0.65,0.9054875875758228,0.7,0.71,0.8937461345843698
truth,20000,0.05,20000,1,3,neutral,all,1000,0.0,0.897,1.0,0.0,2.808,0.897,0.05,0,2808,0.0,0.0,0.897,0.0,0.0,0.897,0.0,0.0,0.897,0.0,0.0,0.897
truth,20000,0.05,20000,1,3,selected,all,100,0.35,0.8299603174603176,0.8952095808383234,0.15512770562770561,2.99,0.94,0.37,35,299,0.29,0.37,0.8274603174603176,0.35,0.42,0.8107936507936508,0.43,0.5,0.7866269841269843,0.56,0.58,0.7540158730158731
truth,20000,0.05,20000,1,3,selected,nonfixed,100,0.35,0.8299603174603176,0.8952095808383234,0.15512770562770561,2.99,0.94,0.37,35,299,0.29,0.37,0.8274603174603176,0.35,0.42,0.8107936507936508,0.43,0.5,0.7866269841269843,0.56,0.58,0.7540158730158731
truth,20000,0.05,20000,1,5,neutral,all,1000,0.0,0.765,1.0,0.0,1.667,0.765,0.05,0,1667,0.0,0.0,0.765,0.0,0.0,0.765,0.0,0.0,0.765,0.0,0.0,0.765
truth,20000,0.05,20000,1,5,selected,all,100,0.3,0.700404761904762,0.8617511520737328,0.17654761904761906,1.87,0.84,0.37,30,187,0.26,0.33,0.6937380952380953,0.3,0.38,0.667904761904762,0.35,0.41,0.6562380952380953,0.45,0.48,0.6255714285714284
truth,20000,0.05,20000,1,5,selected,nonfixed,100,0.3,0.700404761904762,0.8617511520737328,0.17654761904761906,1.87,0.84,0.37,30,187,0.26,0.33,0.6937380952380953,0.3,0.38,0.667904761904762,0.35,0.41,0.6562380952380953,0.45,0.48,0.6255714285714284
truth,20000,0.05,20000,1,10,neutral,all,1000,0.0,0.429,1.0,0.0,0.602,0.429,0.05,0,602,0.0,0.0,0.429,0.0,0.0,0.429,0.0,0.0,0.429,0.0,0.0,0.429
truth,20000,0.05,20000,1,10,selected,all,100,0.17,0.405,0.8068181818181818,0.1383333333333333,0.71,0.53,0.37,17,71,0.14,0.21,0.385,0.17,0.26,0.3546666666666667,0.23,0.29,0.3396666666666667,0.29,0.32,0.3213333333333333
truth,20000,0.05,20000,1,10,selected,nonfixed,100,0.17,0.405,0.8068181818181818,0.1383333333333333,0.71,0.53,0.37,17,71,0.14,0.21,0.385,0.17,0.26,0.3546666666666667,0.23,0.29,0.3396666666666667,0.29,0.32,0.3213333333333333
truth,20000,0.05,20000,1,20,neutral,all,1000,0.0,0.1,1.0,0.0,0.108,0.1,0.05,0,108,0.0,0.0,0.1,0.0,0.0,0.1,0.0,0.0,0.1,0.0,0.0,0.1
truth,20000,0.05,20000,1,20,selected,all,100,0.05,0.15,0.7619047619047619,0.05,0.16,0.2,0.37,5,16,0.05,0.08,0.12,0.05,0.1,0.1,0.07,0.12,0.085,0.11,0.12,0.085
truth,20000,0.05,20000,1,20,selected,nonfixed,100,0.05,0.15,0.7619047619047619,0.05,0.16,0.2,0.37,5,16,0.05,0.08,0.12,0.05,0.1,0.1,0.07,0.12,0.085,0.11,0.12,0.085
truth,20000,0.05,50000,0,1,neutral,all,1000,0.0,0.968,1.0,0.0,4.651,0.968,0.05,0,4651,0.0,0.0,0.968,0.0,0.0,0.968,0.0,0.0,0.968,0.0,0.0,0.968
truth,20000,0.05,50000,0,1,selected,all,100,0.47,0.8964830447330447,0.9142335766423357,0.14676284826284827,5.01,0.99,0.37,47,501,0.41,0.47,0.8945108225108226,0.47,0.52,0.8873997113997114,0.54,0.58,0.8738120490620491,0.65,0.66,0.8526334776334776
truth,20000,0.05,50000,0,1,selected,nonfixed,100,0.47,0.8964830447330447,0.9142335766423357,0.14676284826284827,5.01,0.99,0.37,47,501,0.41,0.47,0.8945108225108226,0.47,0.52,0.8873997113997114,0.54,0.58,0.8738120490620491,0.65,0.66,0.8526334776334776
truth,20000,0.05,50000,0,3,neutral,all,1000,0.0,0.648,1.0,0.0,1.181,0.648,0.05,0,1181,0.0,0.0,0.648,0.0,0.0,0.648,0.0,0.0,0.648,0.0,0.0,0.648
truth,20000,0.05,50000,0,3,selected,all,100,0.25,0.6174047619047619,0.8417721518987342,0.16316666666666665,1.33,0.75,0.37,25,133,0.22,0.28,0.6065714285714285,0.25,0.33,0.5832380952380952,0.3,0.37,0.5674047619047619,0.4,0.43,0.5407380952380952
truth,20000,0.05,50000,0,3,selected,nonfixed,100,0.25,0.6174047619047619,0.8417721518987342,0.16316666666666665,1.33,0.75,0.37,25,133,0.22,0.28,0.6065714285714285,0.25,0.33,0.5832380952380952,0.3,0.37,0.5674047619047619,0.4,0.43,0.5407380952380952
truth,20000,0.05,50000,0,5,neutral,all,1000,0.0,0.35,1.0,0.0,0.462,0.35,0.05,0,462,0.0,0.0,0.35,0.0,0.0,0.35,0.0,0.0,0.35,0.0,0.0,0.35
truth,20000,0.05,50000,0,5,selected,all,100,0.17,0.3483333333333333,0.7536231884057971,0.15,0.52,0.49,0.37,17,52,0.14,0.2,0.3183333333333333,0.17,0.25,0.28633333333333333,0.22,0.27,0.2763333333333333,0.26,0.29,0.2563333333333333
truth,20000,0.05,50000,0,5,selected,nonfixed,100,0.17,0.3483333333333333,0.7536231884057971,0.15,0.52,0.49,0.37,17,52,0.14,0.2,0.3183333333333333,0.17,0.25,0.28633333333333333,0.22,0.27,0.2763333333333333,0.26,0.29,0.2563333333333333
truth,20000,0.05,50000,0,10,neutral,all,1000,0.0,0.05,1.0,0.0,0.051,0.05,0.05,0,51,0.0,0.0,0.05,0.0,0.0,0.05,0.0,0.0,0.05,0.0,0.0,0.05
truth,20000,0.05,50000,0,10,selected,all,100,0.04,0.07,0.6363636363636364,0.04,0.07,0.11,0.37,4,7,0.03,0.06,0.05,0.04,0.06,0.05,0.06,0.06,0.05,0.06,0.06,0.05
truth,20000,0.05,50000,0,10,selected,nonfixed,100,0.04,0.07,0.6363636363636364,0.04,0.07,0.11,0.37,4,7,0.03,0.06,0.05,0.04,0.06,0.05,0.06,0.06,0.05,0.06,0.06,0.05
truth,20000,0.05,50000,0,20,neutral,all,1000,0.0,0.002,1.0,0.0,0.002,0.002,0.05,0,2,0.0,0.0,0.002,0.0,0.0,0.002,0.0,0.0,0.002,0.0,0.0,0.002
truth,20000,0.05,50000,0,20,selected,all,100,0.0,0.01,1.0,0.0,0.01,0.01,0.37,0,1,0.0,0.01,0.0,0.0,0.01,0.0,0.01,0.01,0.0,0.01,0.01,0.0
truth,20000,0.05,50000,0,20,selected,nonfixed,100,0.0,0.01,1.0,0.0,0.01,0.01,0.37,0,1,0.0,0.01,0.0,0.0,0.01,0.0,0.01,0.01,0.0,0.01,0.01,0.0
truth,20000,0.05,50000,1,1,neutral,all,1000,0.0,0.968,1.0,0.0,4.013,0.968,0.05,0,4013,0.0,0.0,0.968,0.0,0.0,0.968,0.0,0.0,0.968,0.0,0.0,0.968
truth,20000,0.05,50000,1,1,selected,all,100,0.42,0.8898293650793652,0.9070796460176991,0.15366883116883118,4.1,0.99,0.37,42,410,0.36,0.47,0.8793849206349208,0.42,0.52,0.870218253968254,0.51,0.58,0.8561230158730159,0.65,0.66,0.8335277777777779
truth,20000,0.05,50000,1,1,selected,nonfixed,100,0.42,0.8898293650793652,0.9070796460176991,0.15366883116883118,4.1,0.99,0.37,42,410,0.36,0.47,0.8793849206349208,0.42,0.52,0.870218253968254,0.51,0.58,0.8561230158730159,0.65,0.66,0.8335277777777779
truth,20000,0.05,50000,1,3,neutral,all,1000,0.0,0.697,1.0,0.0,1.275,0.697,0.05,0,1275,0.0,0.0,0.697,0.0,0.0,0.697,0.0,0.0,0.697,0.0,0.0,0.697
truth,20000,0.05,50000,1,3,selected,all,100,0.26,0.6471666666666667,0.8452380952380952,0.17366666666666666,1.42,0.79,0.37,26,142,0.23,0.34,0.6193333333333333,0.26,0.36,0.606,0.32,0.39,0.5926666666666667,0.42,0.45,0.5676666666666667
truth,20000,0.05,50000,1,3,selected,nonfixed,100,0.26,0.6471666666666667,0.8452380952380952,0.17366666666666666,1.42,0.79,0.37,26,142,0.23,0.34,0.6193333333333333,0.26,0.36,0.606,0.32,0.39,0.5926666666666667,0.42,0.45,0.5676666666666667
truth,20000,0.05,50000,1,5,neutral,all,1000,0.0,0.411,1.0,0.0,0.549,0.411,0.05,0,549,0.0,0.0,0.411,0.0,0.0,0.411,0.0,0.0,0.411,0.0,0.0,0.411
truth,20000,0.05,50000,1,5,selected,all,100,0.19,0.4,0.7764705882352941,0.16166666666666665,0.66,0.55,0.37,19,66,0.17,0.27,0.3505,0.19,0.29,0.33549999999999996,0.25,0.32,0.32049999999999995,0.31,0.35,0.2905
truth,20000,0.05,50000,1,5,selected,nonfixed,100,0.19,0.4,0.7764705882352941,0.16166666666666665,0.66,0.55,0.37,19,66,0.17,0.27,0.3505,0.19,0.29,0.33549999999999996,0.25,0.32,0.32049999999999995,0.31,0.35,0.2905
truth,20000,0.05,50000,1,10,neutral,all,1000,0.0,0.072,1.0,0.0,0.077,0.072,0.05,0,77,0.0,0.0,0.072,0.0,0.0,0.072,0.0,0.0,0.072,0.0,0.0,0.072
truth,20000,0.05,50000,1,10,selected,all,100,0.07,0.095,0.6111111111111112,0.06666666666666667,0.11,0.16,0.37,7,11,0.06,0.09,0.075,0.07,0.1,0.065,0.09,0.11,0.06,0.11,0.12,0.05
truth,20000,0.05,50000,1,10,selected,nonfixed,100,0.07,0.095,0.6111111111111112,0.06666666666666667,0.11,0.16,0.37,7,11,0.06,0.09,0.075,0.07,0.1,0.065,0.09,0.11,0.06,0.11,0.12,0.05
truth,20000,0.05,50000,1,20,neutral,all,1000,0.0,0.003,1.0,0.0,0.003,0.003,0.05,0,3,0.0,0.0,0.003,0.0,0.0,0.003,0.0,0.0,0.003,0.0,0.0,0.003
truth,20000,0.05,50000,1,20,selected,all,100,0.0,0.01,1.0,0.0,0.01,0.01,0.37,0,1,0.0,0.01,0.0,0.0,0.01,0.0,0.01,0.01,0.0,0.01,0.01,0.0
truth,20000,0.05,50000,1,20,selected,nonfixed,100,0.0,0.01,1.0,0.0,0.01,0.01,0.37,0,1,0.0,0.01,0.0,0.0,0.01,0.0,0.01,0.01,0.0,0.01,0.01,0.0
truth,30000,0.001,10000,0,1,neutral,all,1000,0.0,0.234,1.0,0.0,0.383,0.234,0.001,0,383,0.0,0.0,0.234,0.0,0.0,0.234,0.0,0.0,0.234,0.0,0.0,0.234
truth,30000,0.001,10000,0,1,selected,all,100,0.08,0.21523809523809526,0.8620689655172413,0.05202380952380953,0.5,0.26,0.03,8,50,0.07,0.07,0.21857142857142858,0.08,0.09,0.20523809523809525,0.09,0.09,0.20523809523809525,0.09,0.09,0.20523809523809525
truth,30000,0.001,10000,0,1,selected,nonfixed,100,0.08,0.21523809523809526,0.8620689655172413,0.05202380952380953,0.5,0.26,0.03,8,50,0.07,0.07,0.21857142857142858,0.08,0.09,0.20523809523809525,0.09,0.09,0.20523809523809525,0.09,0.09,0.20523809523809525
truth,30000,0.001,10000,0,3,neutral,all,1000,0.0,0.1,1.0,0.0,0.126,0.1,0.001,0,126,0.0,0.0,0.1,0.0,0.0,0.1,0.0,0.0,0.1,0.0,0.0,0.1
truth,30000,0.001,10000,0,3,selected,all,100,0.05,0.1,0.6875,0.04333333333333333,0.11,0.14,0.03,5,11,0.04,0.04,0.105,0.05,0.06,0.09,0.06,0.06,0.09,0.06,0.06,0.09
truth,30000,0.001,10000,0,3,selected,nonfixed,100,0.05,0.1,0.6875,0.04333333333333333,0.11,0.14,0.03,5,11,0.04,0.04,0.105,0.05,0.06,0.09,0.06,0.06,0.09,0.06,0.06,0.09
truth,30000,0.001,10000,0,5,neutral,all,1000,0.0,0.051,1.0,0.0,0.056,0.051,0.001,0,56,0.0,0.0,0.051,0.0,0.0,0.051,0.0,0.0,0.051,0.0,0.0,0.051
truth,30000,0.001,10000,0,5,selected,all,100,0.04,0.05,0.5555555555555556,0.04,0.05,0.09,0.03,4,5,0.04,0.04,0.05,0.04,0.05,0.04,0.06,0.06,0.03,0.06,0.06,0.03
truth,30000,0.001,10000,0,5,selected,nonfixed,100,0.04,0.05,0.5555555555555556,0.04,0.05,0.09,0.03,4,5,0.04,0.04,0.05,0.04,0.05,0.04,0.06,0.06,0.03,0.06,0.06,0.03
truth,30000,0.001,10000,0,10,neutral,all,1000,0.0,0.012,1.0,0.0,0.012,0.012,0.001,0,12,0.0,0.0,0.012,0.0,0.0,0.012,0.0,0.0,0.012,0.0,0.0,0.012
truth,30000,0.001,10000,0,10,selected,all,100,0.03,0.01,0.25,0.03,0.01,0.04,0.03,3,1,0.03,0.03,0.01,0.03,0.03,0.01,0.03,0.03,0.01,0.03,0.03,0.01
truth,30000,0.001,10000,0,10,selected,nonfixed,100,0.03,0.01,0.25,0.03,0.01,0.04,0.03,3,1,0.03,0.03,0.01,0.03,0.03,0.01,0.03,0.03,0.01,0.03,0.03,0.01
truth,30000,0.001,10000,0,20,neutral,all,1000,0.0,0.001,1.0,0.0,0.001,0.001,0.001,0,1,0.0,0.0,0.001,0.0,0.0,0.001,0.0,0.0,0.001,0.0,0.0,0.001
truth,30000,0.001,10000,0,20,selected,all,100,0.0,0.0,,0.0,0.0,0.0,0.03,0,0,0.0,0.0,0.0,0.0,0.0,0.0,0.0,0.0,0.0,0.0,0.0,0.0
truth,30000,0.001,10000,0,20,selected,nonfixed,100,0.0,0.0,,0.0,0.0,0.0,0.03,0,0,0.0,0.0,0.0,0.0,0.0,0.0,0.0,0.0,0.0,0.0,0.0,0.0
truth,30000,0.001,10000,1,1,neutral,all,1000,0.0,0.234,1.0,0.0,0.338,0.234,0.001,0,338,0.0,0.0,0.234,0.0,0.0,0.234,0.0,0.0,0.234,0.0,0.0,0.234
truth,30000,0.001,10000,1,1,selected,all,100,0.08,0.21133333333333332,0.8431372549019608,0.056190476190476187,0.43,0.26,0.03,8,43,0.07,0.07,0.21633333333333332,0.08,0.09,0.20133333333333334,0.09,0.09,0.20133333333333334,0.09,0.09,0.20133333333333334
truth,30000,0.001,10000,1,1,selected,nonfixed,100,0.08,0.21133333333333332,0.8431372549019608,0.056190476190476187,0.43,0.26,0.03,8,43,0.07,0.07,0.21633333333333332,0.08,0.09,0.20133333333333334,0.09,0.09,0.20133333333333334,0.09,0.09,0.20133333333333334
truth,30000,0.001,10000,1,3,neutral,all,1000,0.0,0.107,1.0,0.0,0.133,0.107,0.001,0,133,0.0,0.0,0.107,0.0,0.0,0.107,0.0,0.0,0.107,0.0,0.0,0.107
truth,30000,0.001,10000,1,3,selected,all,100,0.05,0.1,0.6875,0.04333333333333333,0.11,0.14,0.03,5,11,0.04,0.04,0.105,0.05,0.06,0.09,0.06,0.06,0.09,0.06,0.06,0.09
truth,30000,0.001,10000,1,3,selected,nonfixed,100,0.05,0.1,0.6875,0.04333333333333333,0.11,0.14,0.03,5,11,0.04,0.04,0.105,0.05,0.06,0.09,0.06,0.06,0.09,0.06,0.06,0.09
truth,30000,0.001,10000,1,5,neutral,all,1000,0.0,0.058,1.0,0.0,0.064,0.058,0.001,0,64,0.0,0.0,0.058,0.0,0.0,0.058,0.0,0.0,0.058,0.0,0.0,0.058
truth,30000,0.001,10000,1,5,selected,all,100,0.04,0.06,0.6,0.04,0.06,0.1,0.03,4,6,0.04,0.04,0.06,0.04,0.05,0.05,0.06,0.06,0.04,0.06,0.06,0.04
truth,30000,0.001,10000,1,5,selected,nonfixed,100,0.04,0.06,0.6,0.04,0.06,0.1,0.03,4,6,0.04,0.04,0.06,0.04,0.05,0.05,0.06,0.06,0.04,0.06,0.06,0.04
truth,30000,0.001,10000,1,10,neutral,all,1000,0.0,0.013,1.0,0.0,0.013,0.013,0.001,0,13,0.0,0.0,0.013,0.0,0.0,0.013,0.0,0.0,0.013,0.0,0.0,0.013
truth,30000,0.001,10000,1,10,selected,all,100,0.03,0.01,0.25,0.03,0.01,0.04,0.03,3,1,0.03,0.03,0.01,0.03,0.03,0.01,0.03,0.03,0.01,0.03,0.03,0.01
truth,30000,0.001,10000,1,10,selected,nonfixed,100,0.03,0.01,0.25,0.03,0.01,0.04,0.03,3,1,0.03,0.03,0.01,0.03,0.03,0.01,0.03,0.03,0.01,0.03,0.03,0.01
truth,30000,0.001,10000,1,20,neutral,all,1000,0.0,0.001,1.0,0.0,0.001,0.001,0.001,0,1,0.0,0.0,0.001,0.0,0.0,0.001,0.0,0.0,0.001,0.0,0.0,0.001
truth,30000,0.001,10000,1,20,selected,all,100,0.0,0.0,,0.0,0.0,0.0,0.03,0,0,0.0,0.0,0.0,0.0,0.0,0.0,0.0,0.0,0.0,0.0,0.0,0.0
truth,30000,0.001,10000,1,20,selected,nonfixed,100,0.0,0.0,,0.0,0.0,0.0,0.03,0,0,0.0,0.0,0.0,0.0,0.0,0.0,0.0,0.0,0.0,0.0,0.0,0.0
truth,30000,0.001,20000,0,1,neutral,all,1000,0.0,0.194,1.0,0.0,0.274,0.194,0.001,0,274,0.0,0.0,0.194,0.0,0.0,0.194,0.0,0.0,0.194,0.0,0.0,0.194
truth,30000,0.001,20000,0,1,selected,all,100,0.09,0.14133333333333334,0.7567567567567568,0.07285714285714287,0.28,0.21,0.03,9,28,0.07,0.07,0.15633333333333332,0.09,0.09,0.14133333333333334,0.09,0.09,0.14133333333333334,0.09,0.09,0.14133333333333334
truth,30000,0.001,20000,0,1,selected,nonfixed,100,0.09,0.14133333333333334,0.7567567567567568,0.07285714285714287,0.28,0.21,0.03,9,28,0.07,0.07,0.15633333333333332,0.09,0.09,0.14133333333333334,0.09,0.09,0.14133333333333334,0.09,0.09,0.14133333333333334
truth,30000,0.001,20000,0,3,neutral,all,1000,0.0,0.052,1.0,0.0,0.053,0.052,0.001,0,53,0.0,0.0,0.052,0.0,0.0,0.052,0.0,0.0,0.052,0.0,0.0,0.052
truth,30000,0.001,20000,0,3,selected,all,100,0.06,0.03,0.3333333333333333,0.06,0.03,0.09,0.03,6,3,0.04,0.04,0.05,0.06,0.06,0.03,0.06,0.06,0.03,0.06,0.06,0.03
truth,30000,0.001,20000,0,3,selected,nonfixed,100,0.06,0.03,0.3333333333333333,0.06,0.03,0.09,0.03,6,3,0.04,0.04,0.05,0.06,0.06,0.03,0.06,0.06,0.03,0.06,0.06,0.03
truth,30000,0.001,20000,0,5,neutral,all,1000,0.0,0.015,1.0,0.0,0.015,0.015,0.001,0,15,0.0,0.0,0.015,0.0,0.0,0.015,0.0,0.0,0.015,0.0,0.0,0.015
truth,30000,0.001,20000,0,5,selected,all,100,0.04,0.01,0.2,0.04,0.01,0.05,0.03,4,1,0.03,0.03,0.02,0.04,0.04,0.01,0.04,0.04,0.01,0.04,0.04,0.01
truth,30000,0.001,20000,0,5,selected,nonfixed,100,0.04,0.01,0.2,0.04,0.01,0.05,0.03,4,1,0.03,0.03,0.02,0.04,0.04,0.01,0.04,0.04,0.01,0.04,0.04,0.01
truth,30000,0.001,20000,0,10,neutral,all,1000,0.0,0.001,1.0,0.0,0.001,0.001,0.001,0,1,0.0,0.0,0.001,0.0,0.0,0.001,0.0,0.0,0.001,0.0,0.0,0.001
truth,30000,0.001,20000,0,10,selected,all,100,0.0,0.0,,0.0,0.0,0.0,0.03,0,0,0.0,0.0,0.0,0.0,0.0,0.0,0.0,0.0,0.0,0.0,0.0,0.0
truth,30000,0.001,20000,0,10,selected,nonfixed,100,0.0,0.0,,0.0,0.0,0.0,0.03,0,0,0.0,0.0,0.0,0.0,0.0,0.0,0.0,0.0,0.0,0.0,0.0,0.0
truth,30000,0.001,20000,0,20,neutral,all,1000,0.0,0.0,,0.0,0.0,0.0,0.001,0,0,0.0,0.0,0.0,0.0,0.0,0.0,0.0,0.0,0.0,0.0,0.0,0.0
truth,30000,0.001,20000,0,20,selected,all,100,0.0,0.0,,0.0,0.0,0.0,0.03,0,0,0.0,0.0,0.0,0.0,0.0,0.0,0.0,0.0,0.0,0.0,0.0,0.0
truth,30000,0.001,20000,0,20,selected,nonfixed,100,0.0,0.0,,0.0,0.0,0.0,0.03,0,0,0.0,0.0,0.0,0.0,0.0,0.0,0.0,0.0,0.0,0.0,0.0,0.0
truth,30000,0.001,20000,1,1,neutral,all,1000,0.0,0.194,1.0,0.0,0.248,0.194,0.001,0,248,0.0,0.0,0.194,0.0,0.0,0.194,0.0,0.0,0.194,0.0,0.0,0.194
truth,30000,0.001,20000,1,1,selected,all,100,0.09,0.14,0.71875,0.07466666666666667,0.23,0.21,0.03,9,23,0.07,0.07,0.155,0.09,0.09,0.14,0.09,0.09,0.14,0.09,0.09,0.14
truth,30000,0.001,20000,1,1,selected,nonfixed,100,0.09,0.14,0.71875,0.07466666666666667,0.23,0.21,0.03,9,23,0.07,0.07,0.155,0.09,0.09,0.14,0.09,0.09,0.14,0.09,0.09,0.14
truth,30000,0.001,20000,1,3,neutral,all,1000,0.0,0.058,1.0,0.0,0.063,0.058,0.001,0,63,0.0,0.0,0.058,0.0,0.0,0.058,0.0,0.0,0.058,0.0,0.0,0.058
truth,30000,0.001,20000,1,3,selected,all,100,0.06,0.04,0.4,0.06,0.04,0.1,0.03,6,4,0.04,0.04,0.06,0.06,0.06,0.04,0.06,0.06,0.04,0.06,0.06,0.04
truth,30000,0.001,20000,1,3,selected,nonfixed,100,0.06,0.04,0.4,0.06,0.04,0.1,0.03,6,4,0.04,0.04,0.06,0.06,0.06,0.04,0.06,0.06,0.04,0.06,0.06,0.04
truth,30000,0.001,20000,1,5,neutral,all,1000,0.0,0.018,1.0,0.0,0.018,0.018,0.001,0,18,0.0,0.0,0.018,0.0,0.0,0.018,0.0,0.0,0.018,0.0,0.0,0.018
truth,30000,0.001,20000,1,5,selected,all,100,0.04,0.02,0.3333333333333333,0.04,0.02,0.06,0.03,4,2,0.03,0.03,0.03,0.04,0.04,0.02,0.04,0.04,0.02,0.04,0.04,0.02
truth,30000,0.001,20000,1,5,selected,nonfixed,100,0.04,0.02,0.3333333333333333,0.04,0.02,0.06,0.03,4,2,0.03,0.03,0.03,0.04,0.04,0.02,0.04,0.04,0.02,0.04,0.04,0.02
truth,30000,0.001,20000,1,10,neutral,all,1000,0.0,0.002,1.0,0.0,0.002,0.002,0.001,0,2,0.0,0.0,0.002,0.0,0.0,0.002,0.0,0.0,0.002,0.0,0.0,0.002
truth,30000,0.001,20000,1,10,selected,all,100,0.0,0.0,,0.0,0.0,0.0,0.03,0,0,0.0,0.0,0.0,0.0,0.0,0.0,0.0,0.0,0.0,0.0,0.0,0.0
truth,30000,0.001,20000,1,10,selected,nonfixed,100,0.0,0.0,,0.0,0.0,0.0,0.03,0,0,0.0,0.0,0.0,0.0,0.0,0.0,0.0,0.0,0.0,0.0,0.0,0.0
truth,30000,0.001,20000,1,20,neutral,all,1000,0.0,0.0,,0.0,0.0,0.0,0.001,0,0,0.0,0.0,0.0,0.0,0.0,0.0,0.0,0.0,0.0,0.0,0.0,0.0
truth,30000,0.001,20000,1,20,selected,all,100,0.0,0.0,,0.0,0.0,0.0,0.03,0,0,0.0,0.0,0.0,0.0,0.0,0.0,0.0,0.0,0.0,0.0,0.0,0.0
truth,30000,0.001,20000,1,20,selected,nonfixed,100,0.0,0.0,,0.0,0.0,0.0,0.03,0,0,0.0,0.0,0.0,0.0,0.0,0.0,0.0,0.0,0.0,0.0,0.0,0.0
truth,30000,0.001,50000,0,1,neutral,all,1000,0.0,0.133,1.0,0.0,0.153,0.133,0.001,0,153,0.0,0.0,0.133,0.0,0.0,0.133,0.0,0.0,0.133,0.0,0.0,0.133
truth,30000,0.001,50000,0,1,selected,all,100,0.08,0.11,0.6363636363636364,0.07333333333333333,0.14,0.18,0.03,8,14,0.06,0.06,0.13,0.08,0.08,0.11,0.08,0.08,0.11,0.08,0.08,0.11
truth,30000,0.001,50000,0,1,selected,nonfixed,100,0.08,0.11,0.6363636363636364,0.07333333333333333,0.14,0.18,0.03,8,14,0.06,0.06,0.13,0.08,0.08,0.11,0.08,0.08,0.11,0.08,0.08,0.11
truth,30000,0.001,50000,0,3,neutral,all,1000,0.0,0.008,1.0,0.0,0.008,0.008,0.001,0,8,0.0,0.0,0.008,0.0,0.0,0.008,0.0,0.0,0.008,0.0,0.0,0.008
truth,30000,0.001,50000,0,3,selected,all,100,0.01,0.01,0.5,0.01,0.01,0.02,0.03,1,1,0.01,0.01,0.01,0.01,0.01,0.01,0.01,0.01,0.01,0.01,0.01,0.01
truth,30000,0.001,50000,0,3,selected,nonfixed,100,0.01,0.01,0.5,0.01,0.01,0.02,0.03,1,1,0.01,0.01,0.01,0.01,0.01,0.01,0.01,0.01,0.01,0.01,0.01,0.01
truth,30000,0.001,50000,0,5,neutral,all,1000,0.0,0.001,1.0,0.0,0.001,0.001,0.001,0,1,0.0,0.0,0.001,0.0,0.0,0.001,0.0,0.0,0.001,0.0,0.0,0.001
truth,30000,0.001,50000,0,5,selected,all,100,0.0,0.01,1.0,0.0,0.01,0.01,0.03,0,1,0.0,0.0,0.01,0.0,0.0,0.01,0.0,0.0,0.01,0.0,0.0,0.01
truth,30000,0.001,50000,0,5,selected,nonfixed,100,0.0,0.01,1.0,0.0,0.01,0.01,0.03,0,1,0.0,0.0,0.01,0.0,0.0,0.01,0.0,0.0,0.01,0.0,0.0,0.01
truth,30000,0.001,50000,0,10,neutral,all,1000,0.0,0.0,,0.0,0.0,0.0,0.001,0,0,0.0,0.0,0.0,0.0,0.0,0.0,0.0,0.0,0.0,0.0,0.0,0.0
truth,30000,0.001,50000,0,10,selected,all,100,0.0,0.0,,0.0,0.0,0.0,0.03,0,0,0.0,0.0,0.0,0.0,0.0,0.0,0.0,0.0,0.0,0.0,0.0,0.0
truth,30000,0.001,50000,0,10,selected,nonfixed,100,0.0,0.0,,0.0,0.0,0.0,0.03,0,0,0.0,0.0,0.0,0.0,0.0,0.0,0.0,0.0,0.0,0.0,0.0,0.0
truth,30000,0.001,50000,0,20,neutral,all,1000,0.0,0.0,,0.0,0.0,0.0,0.001,0,0,0.0,0.0,0.0,0.0,0.0,0.0,0.0,0.0,0.0,0.0,0.0,0.0
truth,30000,0.001,50000,0,20,selected,all,100,0.0,0.0,,0.0,0.0,0.0,0.03,0,0,0.0,0.0,0.0,0.0,0.0,0.0,0.0,0.0,0.0,0.0,0.0,0.0
truth,30000,0.001,50000,0,20,selected,nonfixed,100,0.0,0.0,,0.0,0.0,0.0,0.03,0,0,0.0,0.0,0.0,0.0,0.0,0.0,0.0,0.0,0.0,0.0,0.0,0.0
truth,30000,0.001,50000,1,1,neutral,all,1000,0.0,0.133,1.0,0.0,0.147,0.133,0.001,0,147,0.0,0.0,0.133,0.0,0.0,0.133,0.0,0.0,0.133,0.0,0.0,0.133
truth,30000,0.001,50000,1,1,selected,all,100,0.08,0.11,0.6363636363636364,0.07333333333333333,0.14,0.18,0.03,8,14,0.06,0.06,0.13,0.08,0.08,0.11,0.08,0.08,0.11,0.08,0.08,0.11
truth,30000,0.001,50000,1,1,selected,nonfixed,100,0.08,0.11,0.6363636363636364,0.07333333333333333,0.14,0.18,0.03,8,14,0.06,0.06,0.13,0.08,0.08,0.11,0.08,0.08,0.11,0.08,0.08,0.11
truth,30000,0.001,50000,1,3,neutral,all,1000,0.0,0.01,1.0,0.0,0.01,0.01,0.001,0,10,0.0,0.0,0.01,0.0,0.0,0.01,0.0,0.0,0.01,0.0,0.0,0.01
truth,30000,0.001,50000,1,3,selected,all,100,0.01,0.01,0.5,0.01,0.01,0.02,0.03,1,1,0.01,0.01,0.01,0.01,0.01,0.01,0.01,0.01,0.01,0.01,0.01,0.01
truth,30000,0.001,50000,1,3,selected,nonfixed,100,0.01,0.01,0.5,0.01,0.01,0.02,0.03,1,1,0.01,0.01,0.01,0.01,0.01,0.01,0.01,0.01,0.01,0.01,0.01,0.01
truth,30000,0.001,50000,1,5,neutral,all,1000,0.0,0.002,1.0,0.0,0.002,0.002,0.001,0,2,0.0,0.0,0.002,0.0,0.0,0.002,0.0,0.0,0.002,0.0,0.0,0.002
truth,30000,0.001,50000,1,5,selected,all,100,0.0,0.01,1.0,0.0,0.01,0.01,0.03,0,1,0.0,0.0,0.01,0.0,0.0,0.01,0.0,0.0,0.01,0.0,0.0,0.01
truth,30000,0.001,50000,1,5,selected,nonfixed,100,0.0,0.01,1.0,0.0,0.01,0.01,0.03,0,1,0.0,0.0,0.01,0.0,0.0,0.01,0.0,0.0,0.01,0.0,0.0,0.01
truth,30000,0.001,50000,1,10,neutral,all,1000,0.0,0.0,,0.0,0.0,0.0,0.001,0,0,0.0,0.0,0.0,0.0,0.0,0.0,0.0,0.0,0.0,0.0,0.0,0.0
truth,30000,0.001,50000,1,10,selected,all,100,0.0,0.0,,0.0,0.0,0.0,0.03,0,0,0.0,0.0,0.0,0.0,0.0,0.0,0.0,0.0,0.0,0.0,0.0,0.0
truth,30000,0.001,50000,1,10,selected,nonfixed,100,0.0,0.0,,0.0,0.0,0.0,0.03,0,0,0.0,0.0,0.0,0.0,0.0,0.0,0.0,0.0,0.0,0.0,0.0,0.0
truth,30000,0.001,50000,1,20,neutral,all,1000,0.0,0.0,,0.0,0.0,0.0,0.001,0,0,0.0,0.0,0.0,0.0,0.0,0.0,0.0,0.0,0.0,0.0,0.0,0.0
truth,30000,0.001,50000,1,20,selected,all,100,0.0,0.0,,0.0,0.0,0.0,0.03,0,0,0.0,0.0,0.0,0.0,0.0,0.0,0.0,0.0,0.0,0.0,0.0,0.0
truth,30000,0.001,50000,1,20,selected,nonfixed,100,0.0,0.0,,0.0,0.0,0.0,0.03,0,0,0.0,0.0,0.0,0.0,0.0,0.0,0.0,0.0,0.0,0.0,0.0,0.0
truth,30000,0.01,10000,0,1,neutral,all,1000,0.0,0.785,1.0,0.0,2.792,0.785,0.01,0,2792,0.0,0.0,0.785,0.0,0.0,0.785,0.0,0.0,0.785,0.0,0.0,0.785
truth,30000,0.01,10000,0,1,selected,all,100,0.46,0.7402536075036075,0.8805194805194805,0.21178471528471526,3.39,0.9,0.38,46,339,0.4,0.45,0.7459202741702743,0.46,0.49,0.7309202741702743,0.51,0.51,0.7242536075036076,0.53,0.54,0.7125869408369409
truth,30000,0.01,10000,0,1,selected,nonfixed,100,0.46,0.7402536075036075,0.8805194805194805,0.21178471528471526,3.39,0.9,0.38,46,339,0.4,0.45,0.7459202741702743,0.46,0.49,0.7309202741702743,0.51,0.51,0.7242536075036076,0.53,0.54,0.7125869408369409
truth,30000,0.01,10000,0,3,neutral,all,1000,0.0,0.592,1.0,0.0,1.164,0.592,0.01,0,1164,0.0,0.0,0.592,0.0,0.0,0.592,0.0,0.0,0.592,0.0,0.0,0.592
truth,30000,0.01,10000,0,3,selected,all,100,0.36,0.5168214285714285,0.797752808988764,0.2436269841269841,1.42,0.73,0.38,36,142,0.3,0.36,0.5168214285714285,0.36,0.38,0.5018214285714285,0.41,0.41,0.47682142857142856,0.41,0.42,0.47182142857142856
truth,30000,0.01,10000,0,3,selected,nonfixed,100,0.36,0.5168214285714285,0.797752808988764,0.2436269841269841,1.42,0.73,0.38,36,142,0.3,0.36,0.5168214285714285,0.36,0.38,0.5018214285714285,0.41,0.41,0.47682142857142856,0.41,0.42,0.47182142857142856
truth,30000,0.01,10000,0,5,neutral,all,1000,0.0,0.422,1.0,0.0,0.645,0.422,0.01,0,645,0.0,0.0,0.422,0.0,0.0,0.422,0.0,0.0,0.422,0.0,0.0,0.422
truth,30000,0.01,10000,0,5,selected,all,100,0.29,0.4268333333333333,0.7583333333333333,0.20833333333333331,0.91,0.61,0.38,29,91,0.24,0.31,0.4068333333333333,0.29,0.31,0.4068333333333333,0.31,0.31,0.4068333333333333,0.32,0.33,0.3868333333333333
truth,30000,0.01,10000,0,5,selected,nonfixed,100,0.29,0.4268333333333333,0.7583333333333333,0.20833333333333331,0.91,0.61,0.38,29,91,0.24,0.31,0.4068333333333333,0.29,0.31,0.4068333333333333,0.31,0.31,0.4068333333333333,0.32,0.33,0.3868333333333333
truth,30000,0.01,10000,0,10,neutral,all,1000,0.0,0.182,1.0,0.0,0.216,0.182,0.01,0,216,0.0,0.0,0.182,0.0,0.0,0.182,0.0,0.0,0.182,0.0,0.0,0.182
truth,30000,0.01,10000,0,10,selected,all,100,0.15,0.22916666666666663,0.6875,0.12233333333333332,0.33,0.34,0.38,15,33,0.12,0.17,0.20916666666666664,0.15,0.18,0.19916666666666663,0.19,0.19,0.19416666666666665,0.19,0.2,0.18416666666666665
truth,30000,0.01,10000,0,10,selected,nonfixed,100,0.15,0.22916666666666663,0.6875,0.12233333333333332,0.33,0.34,0.38,15,33,0.12,0.17,0.20916666666666664,0.15,0.18,0.19916666666666663,0.19,0.19,0.19416666666666665,0.19,0.2,0.18416666666666665
truth,30000,0.01,10000,0,20,neutral,all,1000,0.0,0.039,1.0,0.0,0.04,0.039,0.01,0,40,0.0,0.0,0.039,0.0,0.0,0.039,0.0,0.0,0.039,0.0,0.0,0.039
truth,30000,0.01,10000,0,20,selected,all,100,0.07,0.085,0.5625,0.06666666666666667,0.09,0.15,0.38,7,9,0.06,0.08,0.075,0.07,0.08,0.075,0.08,0.08,0.075,0.08,0.08,0.075
truth,30000,0.01,10000,0,20,selected,nonfixed,100,0.07,0.085,0.5625,0.06666666666666667,0.09,0.15,0.38,7,9,0.06,0.08,0.075,0.07,0.08,0.075,0.08,0.08,0.075,0.08,0.08,0.075
truth,30000,0.01,10000,1,1,neutral,all,1000,0.0,0.785,1.0,0.0,2.395,0.785,0.01,0,2395,0.0,0.0,0.785,0.0,0.0,0.785,0.0,0.0,0.785,0.0,0.0,0.785
truth,30000,0.01,10000,1,1,selected,all,100,0.46,0.7195869408369409,0.8575851393188855,0.2327380952380952,2.77,0.9,0.38,46,277,0.4,0.45,0.7257536075036074,0.46,0.49,0.7100036075036074,0.51,0.51,0.7016702741702739,0.53,0.54,0.6883369408369407
truth,30000,0.01,10000,1,1,selected,nonfixed,100,0.46,0.7195869408369409,0.8575851393188855,0.2327380952380952,2.77,0.9,0.38,46,277,0.4,0.45,0.7257536075036074,0.46,0.49,0.7100036075036074,0.51,0.51,0.7016702741702739,0.53,0.54,0.6883369408369407
truth,30000,0.01,10000,1,3,neutral,all,1000,0.0,0.605,1.0,0.0,1.166,0.605,0.01,0,1166,0.0,0.0,0.605,0.0,0.0,0.605,0.0,0.0,0.605,0.0,0.0,0.605
truth,30000,0.01,10000,1,3,selected,all,100,0.36,0.5156666666666667,0.7906976744186046,0.24515873015873013,1.36,0.73,0.38,36,136,0.3,0.36,0.5156666666666667,0.36,0.38,0.5006666666666667,0.41,0.41,0.4756666666666667,0.41,0.42,0.4706666666666667
truth,30000,0.01,10000,1,3,selected,nonfixed,100,0.36,0.5156666666666667,0.7906976744186046,0.24515873015873013,1.36,0.73,0.38,36,136,0.3,0.36,0.5156666666666667,0.36,0.38,0.5006666666666667,0.41,0.41,0.4756666666666667,0.41,0.42,0.4706666666666667
truth,30000,0.01,10000,1,5,neutral,all,1000,0.0,0.447,1.0,0.0,0.68,0.447,0.01,0,680,0.0,0.0,0.447,0.0,0.0,0.447,0.0,0.0,0.447,0.0,0.0,0.447
truth,30000,0.01,10000,1,5,selected,all,100,0.3,0.43633333333333335,0.7560975609756098,0.21899999999999997,0.93,0.63,0.38,30,93,0.25,0.32,0.41633333333333333,0.3,0.32,0.41633333333333333,0.32,0.32,0.41633333333333333,0.33,0.34,0.3963333333333333
truth,30000,0.01,10000,1,5,selected,nonfixed,100,0.3,0.43633333333333335,0.7560975609756098,0.21899999999999997,0.93,0.63,0.38,30,93,0.25,0.32,0.41633333333333333,0.3,0.32,0.41633333333333333,0.32,0.32,0.41633333333333333,0.33,0.34,0.3963333333333333
truth,30000,0.01,10000,1,10,neutral,all,1000,0.0,0.211,1.0,0.0,0.251,0.211,0.01,0,251,0.0,0.0,0.211,0.0,0.0,0.211,0.0,0.0,0.211,0.0,0.0,0.211
truth,30000,0.01,10000,1,10,selected,all,100,0.17,0.25583333333333336,0.6851851851851852,0.13733333333333334,0.37,0.38,0.38,17,37,0.14,0.19,0.23583333333333337,0.17,0.2,0.22583333333333336,0.21,0.21,0.22083333333333335,0.21,0.22,0.21083333333333334
truth,30000,0.01,10000,1,10,selected,nonfixed,100,0.17,0.25583333333333336,0.6851851851851852,0.13733333333333334,0.37,0.38,0.38,17,37,0.14,0.19,0.23583333333333337,0.17,0.2,0.22583333333333336,0.21,0.21,0.22083333333333335,0.21,0.22,0.21083333333333334
truth,30000,0.01,10000,1,20,neutral,all,1000,0.0,0.046,1.0,0.0,0.049,0.046,0.01,0,49,0.0,0.0,0.046,0.0,0.0,0.046,0.0,0.0,0.046,0.0,0.0,0.046
truth,30000,0.01,10000,1,20,selected,all,100,0.07,0.095,0.5882352941176471,0.06666666666666667,0.1,0.16,0.38,7,10,0.06,0.08,0.085,0.07,0.08,0.085,0.08,0.08,0.085,0.08,0.08,0.085
truth,30000,0.01,10000,1,20,selected,nonfixed,100,0.07,0.095,0.5882352941176471,0.06666666666666667,0.1,0.16,0.38,7,10,0.06,0.08,0.085,0.07,0.08,0.085,0.08,0.08,0.085,0.08,0.08,0.085
truth,30000,0.01,20000,0,1,neutral,all,1000,0.0,0.733,1.0,0.0,2.03,0.733,0.01,0,2030,0.0,0.0,0.733,0.0,0.0,0.733,0.0,0.0,0.733,0.0,0.0,0.733
truth,30000,0.01,20000,0,1,selected,all,100,0.47,0.6749206349206348,0.8384879725085911,0.2619206349206349,2.44,0.89,0.38,47,244,0.41,0.44,0.6882539682539682,0.47,0.48,0.6715873015873016,0.5,0.5,0.6565873015873016,0.51,0.52,0.6482539682539684
truth,30000,0.01,20000,0,1,selected,nonfixed,100,0.47,0.6749206349206348,0.8384879725085911,0.2619206349206349,2.44,0.89,0.38,47,244,0.41,0.44,0.6882539682539682,0.47,0.48,0.6715873015873016,0.5,0.5,0.6565873015873016,0.51,0.52,0.6482539682539684
truth,30000,0.01,20000,0,3,neutral,all,1000,0.0,0.402,1.0,0.0,0.603,0.402,0.01,0,603,0.0,0.0,0.402,0.0,0.0,0.402,0.0,0.0,0.402,0.0,0.0,0.402
truth,30000,0.01,20000,0,3,selected,all,100,0.3,0.39799999999999996,0.7345132743362832,0.22585714285714287,0.83,0.6,0.38,30,83,0.27,0.3,0.39799999999999996,0.3,0.31,0.38799999999999996,0.31,0.31,0.38799999999999996,0.32,0.33,0.368
truth,30000,0.01,20000,0,3,selected,nonfixed,100,0.3,0.39799999999999996,0.7345132743362832,0.22585714285714287,0.83,0.6,0.38,30,83,0.27,0.3,0.39799999999999996,0.3,0.31,0.38799999999999996,0.31,0.31,0.38799999999999996,0.32,0.33,0.368
truth,30000,0.01,20000,0,5,neutral,all,1000,0.0,0.22,1.0,0.0,0.267,0.22,0.01,0,267,0.0,0.0,0.22,0.0,0.0,0.22,0.0,0.0,0.22,0.0,0.0,0.22
truth,30000,0.01,20000,0,5,selected,all,100,0.18,0.2808333333333333,0.6949152542372882,0.15066666666666664,0.41,0.42,0.38,18,41,0.15,0.18,0.2808333333333333,0.18,0.2,0.2608333333333333,0.21,0.22,0.24833333333333332,0.22,0.23,0.2383333333333333
truth,30000,0.01,20000,0,5,selected,nonfixed,100,0.18,0.2808333333333333,0.6949152542372882,0.15066666666666664,0.41,0.42,0.38,18,41,0.15,0.18,0.2808333333333333,0.18,0.2,0.2608333333333333,0.21,0.22,0.24833333333333332,0.22,0.23,0.2383333333333333
truth,30000,0.01,20000,0,10,neutral,all,1000,0.0,0.043,1.0,0.0,0.046,0.043,0.01,0,46,0.0,0.0,0.043,0.0,0.0,0.043,0.0,0.0,0.043,0.0,0.0,0.043
truth,30000,0.01,20000,0,10,selected,all,100,0.08,0.085,0.5294117647058824,0.07666666666666667,0.09,0.16,0.38,8,9,0.07,0.08,0.085,0.08,0.08,0.085,0.08,0.08,0.085,0.08,0.08,0.085
truth,30000,0.01,20000,0,10,selected,nonfixed,100,0.08,0.085,0.5294117647058824,0.07666666666666667,0.09,0.16,0.38,8,9,0.07,0.08,0.085,0.08,0.08,0.085,0.08,0.08,0.085,0.08,0.08,0.085
truth,30000,0.01,20000,0,20,neutral,all,1000,0.0,0.002,1.0,0.0,0.002,0.002,0.01,0,2,0.0,0.0,0.002,0.0,0.0,0.002,0.0,0.0,0.002,0.0,0.0,0.002
truth,30000,0.01,20000,0,20,selected,all,100,0.02,0.0,0.0,0.02,0.0,0.02,0.38,2,0,0.02,0.02,0.0,0.02,0.02,0.0,0.02,0.02,0.0,0.02,0.02,0.0
truth,30000,0.01,20000,0,20,selected,nonfixed,100,0.02,0.0,0.0,0.02,0.0,0.02,0.38,2,0,0.02,0.02,0.0,0.02,0.02,0.0,0.02,0.02,0.0,0.02,0.02,0.0
truth,30000,0.01,20000,1,1,neutral,all,1000,0.0,0.733,1.0,0.0,1.795,0.733,0.01,0,1795,0.0,0.0,0.733,0.0,0.0,0.733,0.0,0.0,0.733,0.0,0.0,0.733
truth,30000,0.01,20000,1,1,selected,all,100,0.47,0.6551269841269842,0.8127490039840638,0.2832619047619047,2.04,0.89,0.38,47,204,0.39,0.44,0.6692936507936509,0.47,0.48,0.6517936507936508,0.5,0.5,0.6367936507936508,0.51,0.52,0.6284603174603175
truth,30000,0.01,20000,1,1,selected,nonfixed,100,0.47,0.6551269841269842,0.8127490039840638,0.2832619047619047,2.04,0.89,0.38,47,204,0.39,0.44,0.6692936507936509,0.47,0.48,0.6517936507936508,0.5,0.5,0.6367936507936508,0.51,0.52,0.6284603174603175
truth,30000,0.01,20000,1,3,neutral,all,1000,0.0,0.431,1.0,0.0,0.641,0.431,0.01,0,641,0.0,0.0,0.431,0.0,0.0,0.431,0.0,0.0,0.431,0.0,0.0,0.431
truth,30000,0.01,20000,1,3,selected,all,100,0.32,0.39416666666666667,0.7117117117117117,0.24985714285714283,0.79,0.62,0.38,32,79,0.28,0.33,0.38416666666666666,0.32,0.33,0.38416666666666666,0.33,0.33,0.38416666666666666,0.34,0.35,0.36416666666666664
truth,30000,0.01,20000,1,3,selected,nonfixed,100,0.32,0.39416666666666667,0.7117117117117117,0.24985714285714283,0.79,0.62,0.38,32,79,0.28,0.33,0.38416666666666666,0.32,0.33,0.38416666666666666,0.33,0.33,0.38416666666666666,0.34,0.35,0.36416666666666664
truth,30000,0.01,20000,1,5,neutral,all,1000,0.0,0.245,1.0,0.0,0.297,0.245,0.01,0,297,0.0,0.0,0.245,0.0,0.0,0.245,0.0,0.0,0.245,0.0,0.0,0.245
truth,30000,0.01,20000,1,5,selected,all,100,0.2,0.2891666666666667,0.6825396825396826,0.16399999999999998,0.43,0.44,0.38,20,43,0.17,0.21,0.2791666666666666,0.2,0.22,0.26916666666666667,0.23,0.23,0.26666666666666666,0.23,0.24,0.25666666666666665
truth,30000,0.01,20000,1,5,selected,nonfixed,100,0.2,0.2891666666666667,0.6825396825396826,0.16399999999999998,0.43,0.44,0.38,20,43,0.17,0.21,0.2791666666666666,0.2,0.22,0.26916666666666667,0.23,0.23,0.26666666666666666,0.23,0.24,0.25666666666666665
truth,30000,0.01,20000,1,10,neutral,all,1000,0.0,0.058,1.0,0.0,0.063,0.058,0.01,0,63,0.0,0.0,0.058,0.0,0.0,0.058,0.0,0.0,0.058,0.0,0.0,0.058
truth,30000,0.01,20000,1,10,selected,all,100,0.09,0.095,0.5263157894736842,0.08666666666666668,0.1,0.18,0.38,9,10,0.08,0.09,0.095,0.09,0.09,0.095,0.09,0.09,0.095,0.09,0.09,0.095
truth,30000,0.01,20000,1,10,selected,nonfixed,100,0.09,0.095,0.5263157894736842,0.08666666666666668,0.1,0.18,0.38,9,10,0.08,0.09,0.095,0.09,0.09,0.095,0.09,0.09,0.095,0.09,0.09,0.095
truth,30000,0.01,20000,1,20,neutral,all,1000,0.0,0.003,1.0,0.0,0.003,0.003,0.01,0,3,0.0,0.0,0.003,0.0,0.0,0.003,0.0,0.0,0.003,0.0,0.0,0.003
truth,30000,0.01,20000,1,20,selected,all,100,0.02,0.01,0.3333333333333333,0.02,0.01,0.03,0.38,2,1,0.02,0.02,0.01,0.02,0.02,0.01,0.02,0.02,0.01,0.02,0.02,0.01
truth,30000,0.01,20000,1,20,selected,nonfixed,100,0.02,0.01,0.3333333333333333,0.02,0.01,0.03,0.38,2,1,0.02,0.02,0.01,0.02,0.02,0.01,0.02,0.02,0.01,0.02,0.02,0.01
truth,30000,0.01,50000,0,1,neutral,all,1000,0.0,0.635,1.0,0.0,1.243,0.635,0.01,0,1243,0.0,0.0,0.635,0.0,0.0,0.635,0.0,0.0,0.635,0.0,0.0,0.635
truth,30000,0.01,50000,0,1,selected,all,100,0.45,0.5778888888888889,0.7619047619047619,0.29238095238095235,1.44,0.82,0.38,45,144,0.42,0.43,0.5912222222222222,0.45,0.45,0.5778888888888889,0.48,0.48,0.5545555555555556,0.49,0.5,0.5345555555555556
truth,30000,0.01,50000,0,1,selected,nonfixed,100,0.45,0.5778888888888889,0.7619047619047619,0.29238095238095235,1.44,0.82,0.38,45,144,0.42,0.43,0.5912222222222222,0.45,0.45,0.5778888888888889,0.48,0.48,0.5545555555555556,0.49,0.5,0.5345555555555556
truth,30000,0.01,50000,0,3,neutral,all,1000,0.0,0.155,1.0,0.0,0.177,0.155,0.01,0,177,0.0,0.0,0.155,0.0,0.0,0.155,0.0,0.0,0.155,0.0,0.0,0.155
truth,30000,0.01,50000,0,3,selected,all,100,0.18,0.185,0.5909090909090909,0.155,0.26,0.33,0.38,18,26,0.17,0.18,0.185,0.18,0.18,0.185,0.19,0.19,0.18,0.19,0.2,0.17
truth,30000,0.01,50000,0,3,selected,nonfixed,100,0.18,0.185,0.5909090909090909,0.155,0.26,0.33,0.38,18,26,0.17,0.18,0.185,0.18,0.18,0.185,0.19,0.19,0.18,0.19,0.2,0.17
truth,30000,0.01,50000,0,5,neutral,all,1000,0.0,0.034,1.0,0.0,0.036,0.034,0.01,0,36,0.0,0.0,0.034,0.0,0.0,0.034,0.0,0.0,0.034,0.0,0.0,0.034
truth,30000,0.01,50000,0,5,selected,all,100,0.07,0.06,0.46153846153846156,0.07,0.06,0.13,0.38,7,6,0.07,0.07,0.06,0.07,0.07,0.06,0.07,0.07,0.06,0.07,0.07,0.06
truth,30000,0.01,50000,0,5,selected,nonfixed,100,0.07,0.06,0.46153846153846156,0.07,0.06,0.13,0.38,7,6,0.07,0.07,0.06,0.07,0.07,0.06,0.07,0.07,0.06,0.07,0.07,0.06
truth,30000,0.01,50000,0,10,neutral,all,1000,0.0,0.002,1.0,0.0,0.002,0.002,0.01,0,2,0.0,0.0,0.002,0.0,0.0,0.002,0.0,0.0,0.002,0.0,0.0,0.002
truth,30000,0.01,50000,0,10,selected,all,100,0.0,0.01,1.0,0.0,0.01,0.01,0.38,0,1,0.0,0.0,0.01,0.0,0.0,0.01,0.0,0.0,0.01,0.0,0.0,0.01
truth,30000,0.01,50000,0,10,selected,nonfixed,100,0.0,0.01,1.0,0.0,0.01,0.01,0.38,0,1,0.0,0.0,0.01,0.0,0.0,0.01,0.0,0.0,0.01,0.0,0.0,0.01
truth,30000,0.01,50000,0,20,neutral,all,1000,0.0,0.0,,0.0,0.0,0.0,0.01,0,0,0.0,0.0,0.0,0.0,0.0,0.0,0.0,0.0,0.0,0.0,0.0,0.0
truth,30000,0.01,50000,0,20,selected,all,100,0.0,0.0,,0.0,0.0,0.0,0.38,0,0,0.0,0.0,0.0,0.0,0.0,0.0,0.0,0.0,0.0,0.0,0.0,0.0
truth,30000,0.01,50000,0,20,selected,nonfixed,100,0.0,0.0,,0.0,0.0,0.0,0.38,0,0,0.0,0.0,0.0,0.0,0.0,0.0,0.0,0.0,0.0,0.0,0.0,0.0
truth,30000,0.01,50000,1,1,neutral,all,1000,0.0,0.635,1.0,0.0,1.144,0.635,0.01,0,1144,0.0,0.0,0.635,0.0,0.0,0.635,0.0,0.0,0.635,0.0,0.0,0.635
truth,30000,0.01,50000,1,1,selected,all,100,0.43,0.5701666666666667,0.7440476190476191,0.2965238095238095,1.25,0.82,0.38,43,125,0.4,0.43,0.5751666666666666,0.43,0.45,0.5618333333333333,0.47,0.48,0.5385,0.49,0.5,0.5185
truth,30000,0.01,50000,1,1,selected,nonfixed,100,0.43,0.5701666666666667,0.7440476190476191,0.2965238095238095,1.25,0.82,0.38,43,125,0.4,0.43,0.5751666666666666,0.43,0.45,0.5618333333333333,0.47,0.48,0.5385,0.49,0.5,0.5185
truth,30000,0.01,50000,1,3,neutral,all,1000,0.0,0.18,1.0,0.0,0.208,0.18,0.01,0,208,0.0,0.0,0.18,0.0,0.0,0.18,0.0,0.0,0.18,0.0,0.0,0.18
truth,30000,0.01,50000,1,3,selected,all,100,0.18,0.22166666666666665,0.6326530612244898,0.15666666666666665,0.31,0.37,0.38,18,31,0.17,0.2,0.21333333333333335,0.18,0.2,0.21333333333333335,0.19,0.2,0.21333333333333335,0.2,0.21,0.20333333333333337
truth,30000,0.01,50000,1,3,selected,nonfixed,100,0.18,0.22166666666666665,0.6326530612244898,0.15666666666666665,0.31,0.37,0.38,18,31,0.17,0.2,0.21333333333333335,0.18,0.2,0.21333333333333335,0.19,0.2,0.21333333333333335,0.2,0.21,0.20333333333333337
truth,30000,0.01,50000,1,5,neutral,all,1000,0.0,0.044,1.0,0.0,0.046,0.044,0.01,0,46,0.0,0.0,0.044,0.0,0.0,0.044,0.0,0.0,0.044,0.0,0.0,0.044
truth,30000,0.01,50000,1,5,selected,all,100,0.08,0.11,0.5789473684210527,0.08,0.11,0.19,0.38,8,11,0.08,0.1,0.09,0.08,0.1,0.09,0.09,0.1,0.09,0.1,0.1,0.09
truth,30000,0.01,50000,1,5,selected,nonfixed,100,0.08,0.11,0.5789473684210527,0.08,0.11,0.19,0.38,8,11,0.08,0.1,0.09,0.08,0.1,0.09,0.09,0.1,0.09,0.1,0.1,0.09
truth,30000,0.01,50000,1,10,neutral,all,1000,0.0,0.002,1.0,0.0,0.002,0.002,0.01,0,2,0.0,0.0,0.002,0.0,0.0,0.002,0.0,0.0,0.002,0.0,0.0,0.002
truth,30000,0.01,50000,1,10,selected,all,100,0.0,0.01,1.0,0.0,0.01,0.01,0.38,0,1,0.0,0.0,0.01,0.0,0.0,0.01,0.0,0.0,0.01,0.0,0.0,0.01
truth,30000,0.01,50000,1,10,selected,nonfixed,100,0.0,0.01,1.0,0.0,0.01,0.01,0.38,0,1,0.0,0.0,0.01,0.0,0.0,0.01,0.0,0.0,0.01,0.0,0.0,0.01
truth,30000,0.01,50000,1,20,neutral,all,1000,0.0,0.0,,0.0,0.0,0.0,0.01,0,0,0.0,0.0,0.0,0.0,0.0,0.0,0.0,0.0,0.0,0.0,0.0,0.0
truth,30000,0.01,50000,1,20,selected,all,100,0.0,0.0,,0.0,0.0,0.0,0.38,0,0,0.0,0.0,0.0,0.0,0.0,0.0,0.0,0.0,0.0,0.0,0.0,0.0
truth,30000,0.01,50000,1,20,selected,nonfixed,100,0.0,0.0,,0.0,0.0,0.0,0.38,0,0,0.0,0.0,0.0,0.0,0.0,0.0,0.0,0.0,0.0,0.0,0.0,0.0
truth,30000,0.05,10000,0,1,neutral,all,1000,0.0,0.998,1.0,0.0,11.186,0.998,0.05,0,11186,0.0,0.0,0.998,0.0,0.0,0.998,0.0,0.0,0.998,0.0,0.0,0.998
truth,30000,0.05,10000,0,1,selected,all,100,0.71,0.9324145145646695,0.9428341384863124,0.12051791876604773,11.71,1.0,0.6,71,1171,0.63,0.72,0.9331540717910688,0.71,0.76,0.9286262940132911,0.79,0.79,0.92601518290218,0.86,0.87,0.9084284918154887
truth,30000,0.05,10000,0,1,selected,nonfixed,100,0.71,0.9324145145646695,0.9428341384863124,0.12051791876604773,11.71,1.0,0.6,71,1171,0.63,0.72,0.9331540717910688,0.71,0.76,0.9286262940132911,0.79,0.79,0.92601518290218,0.86,0.87,0.9084284918154887
truth,30000,0.05,10000,0,3,neutral,all,1000,0.0,0.973,1.0,0.0,5.323,0.973,0.05,0,5323,0.0,0.0,0.973,0.0,0.0,0.973,0.0,0.0,0.973,0.0,0.0,0.973
truth,30000,0.05,10000,0,3,selected,all,100,0.61,0.8801820679320679,0.9019292604501608,0.17529503829503829,5.61,0.99,0.6,61,561,0.55,0.65,0.8756820679320679,0.61,0.68,0.8621820679320681,0.7,0.72,0.8507534965034965,0.76,0.77,0.8305749250749251
truth,30000,0.05,10000,0,3,selected,nonfixed,100,0.61,0.8801820679320679,0.9019292604501608,0.17529503829503829,5.61,0.99,0.6,61,561,0.55,0.65,0.8756820679320679,0.61,0.68,0.8621820679320681,0.7,0.72,0.8507534965034965,0.76,0.77,0.8305749250749251
truth,30000,0.05,10000,0,5,neutral,all,1000,0.0,0.921,1.0,0.0,3.271,0.921,0.05,0,3271,0.0,0.0,0.921,0.0,0.0,0.921,0.0,0.0,0.921,0.0,0.0,0.921
truth,30000,0.05,10000,0,5,selected,all,100,0.53,0.7849603174603175,0.8661616161616161,0.21475274725274723,3.43,0.93,0.6,53,343,0.46,0.56,0.7806984126984128,0.53,0.59,0.7656984126984127,0.61,0.61,0.7586984126984126,0.64,0.65,0.7436031746031745
truth,30000,0.05,10000,0,5,selected,nonfixed,100,0.53,0.7849603174603175,0.8661616161616161,0.21475274725274723,3.43,0.93,0.6,53,343,0.46,0.56,0.7806984126984128,0.53,0.59,0.7656984126984127,0.61,0.61,0.7586984126984126,0.64,0.65,0.7436031746031745
truth,30000,0.05,10000,0,10,neutral,all,1000,0.0,0.681,1.0,0.0,1.313,0.681,0.05,0,1313,0.0,0.0,0.681,0.0,0.0,0.681,0.0,0.0,0.681,0.0,0.0,0.681
truth,30000,0.05,10000,0,10,selected,all,100,0.38,0.6115714285714285,0.7978723404255319,0.25116666666666665,1.5,0.82,0.6,38,150,0.34,0.44,0.5762380952380952,0.38,0.45,0.5729047619047618,0.46,0.46,0.5629047619047618,0.46,0.48,0.5570714285714284
truth,30000,0.05,10000,0,10,selected,nonfixed,100,0.38,0.6115714285714285,0.7978723404255319,0.25116666666666665,1.5,0.82,0.6,38,150,0.34,0.44,0.5762380952380952,0.38,0.45,0.5729047619047618,0.46,0.46,0.5629047619047618,0.46,0.48,0.5570714285714284
truth,30000,0.05,10000,0,20,neutral,all,1000,0.0,0.263,1.0,0.0,0.331,0.263,0.05,0,331,0.0,0.0,0.263,0.0,0.0,0.263,0.0,0.0,0.263,0.0,0.0,0.263
truth,30000,0.05,10000,0,20,selected,all,100,0.18,0.3416666666666666,0.7272727272727273,0.1433333333333333,0.48,0.47,0.6,18,48,0.16,0.24,0.2883333333333333,0.18,0.24,0.2883333333333333,0.24,0.24,0.2883333333333333,0.25,0.26,0.27333333333333326
truth,30000,0.05,10000,0,20,selected,nonfixed,100,0.18,0.3416666666666666,0.7272727272727273,0.1433333333333333,0.48,0.47,0.6,18,48,0.16,0.24,0.2883333333333333,0.18,0.24,0.2883333333333333,0.24,0.24,0.2883333333333333,0.25,0.26,0.27333333333333326
truth,30000,0.05,10000,1,1,neutral,all,1000,0.0,0.998,1.0,0.0,9.343,0.998,0.05,0,9343,0.0,0.0,0.998,0.0,0.0,0.998,0.0,0.0,0.998,0.0,0.0,0.998
truth,30000,0.05,10000,1,1,selected,all,100,0.69,0.9207066761068309,0.9315476190476191,0.13831950239303178,9.39,1.0,0.6,69,939,0.6,0.72,0.9186278105279654,0.69,0.76,0.9135881279882827,0.79,0.79,0.9104568148569697,0.86,0.87,0.8912784931786478
truth,30000,0.05,10000,1,1,selected,nonfixed,100,0.69,0.9207066761068309,0.9315476190476191,0.13831950239303178,9.39,1.0,0.6,69,939,0.6,0.72,0.9186278105279654,0.69,0.76,0.9135881279882827,0.79,0.79,0.9104568148569697,0.86,0.87,0.8912784931786478
truth,30000,0.05,10000,1,3,neutral,all,1000,0.0,0.976,1.0,0.0,5.099,0.976,0.05,0,5099,0.0,0.0,0.976,0.0,0.0,0.976,0.0,0.0,0.976,0.0,0.0,0.976
truth,30000,0.05,10000,1,3,selected,all,100,0.61,0.876070707070707,0.8957264957264958,0.18228033078033076,5.24,0.99,0.6,61,524,0.54,0.66,0.8718921356421356,0.61,0.69,0.8575588023088022,0.71,0.73,0.8392254689754691,0.77,0.78,0.8183921356421356
truth,30000,0.05,10000,1,3,selected,nonfixed,100,0.61,0.876070707070707,0.8957264957264958,0.18228033078033076,5.24,0.99,0.6,61,524,0.54,0.66,0.8718921356421356,0.61,0.69,0.8575588023088022,0.71,0.73,0.8392254689754691,0.77,0.78,0.8183921356421356
truth,30000,0.05,10000,1,5,neutral,all,1000,0.0,0.936,1.0,0.0,3.346,0.936,0.05,0,3346,0.0,0.0,0.936,0.0,0.0,0.936,0.0,0.0,0.936,0.0,0.0,0.936
truth,30000,0.05,10000,1,5,selected,all,100,0.53,0.797297619047619,0.8675,0.21217532467532466,3.47,0.94,0.6,53,347,0.46,0.58,0.7905357142857141,0.53,0.61,0.7722023809523809,0.63,0.65,0.7535357142857143,0.68,0.69,0.7381190476190475
truth,30000,0.05,10000,1,5,selected,nonfixed,100,0.53,0.797297619047619,0.8675,0.21217532467532466,3.47,0.94,0.6,53,347,0.46,0.58,0.7905357142857141,0.53,0.61,0.7722023809523809,0.63,0.65,0.7535357142857143,0.68,0.69,0.7381190476190475
truth,30000,0.05,10000,1,10,neutral,all,1000,0.0,0.719,1.0,0.0,1.464,0.719,0.05,0,1464,0.0,0.0,0.719,0.0,0.0,0.719,0.0,0.0,0.719,0.0,0.0,0.719
truth,30000,0.05,10000,1,10,selected,all,100,0.42,0.6428333333333334,0.7931034482758621,0.26766666666666666,1.61,0.86,0.6,42,161,0.37,0.49,0.605,0.42,0.49,0.605,0.5,0.51,0.585,0.51,0.52,0.5816666666666667
truth,30000,0.05,10000,1,10,selected,nonfixed,100,0.42,0.6428333333333334,0.7931034482758621,0.26766666666666666,1.61,0.86,0.6,42,161,0.37,0.49,0.605,0.42,0.49,0.605,0.5,0.51,0.585,0.51,0.52,0.5816666666666667
truth,30000,0.05,10000,1,20,neutral,all,1000,0.0,0.317,1.0,0.0,0.409,0.317,0.05,0,409,0.0,0.0,0.317,0.0,0.0,0.317,0.0,0.0,0.317,0.0,0.0,0.317
truth,30000,0.05,10000,1,20,selected,all,100,0.2,0.3941666666666667,0.7435897435897436,0.154,0.58,0.53,0.6,20,58,0.17,0.27,0.3375,0.2,0.27,0.3375,0.27,0.27,0.3375,0.28,0.29,0.31749999999999995
truth,30000,0.05,10000,1,20,selected,nonfixed,100,0.2,0.3941666666666667,0.7435897435897436,0.154,0.58,0.53,0.6,20,58,0.17,0.27,0.3375,0.2,0.27,0.3375,0.27,0.27,0.3375,0.28,0.29,0.31749999999999995
truth,30000,0.05,20000,0,1,neutral,all,1000,0.0,0.996,1.0,0.0,8.297,0.996,0.05,0,8297,0.0,0.0,0.996,0.0,0.0,0.996,0.0,0.0,0.996,0.0,0.0,0.996
truth,30000,0.05,20000,0,1,selected,all,100,0.7,0.9068211429093783,0.9231613611416026,0.15454113774082814,8.41,1.0,0.6,70,841,0.59,0.7,0.9073072540204895,0.7,0.74,0.9004322540204894,0.78,0.78,0.8952259048141403,0.84,0.85,0.8759557027939383
truth,30000,0.05,20000,0,1,selected,nonfixed,100,0.7,0.9068211429093783,0.9231613611416026,0.15454113774082814,8.41,1.0,0.6,70,841,0.59,0.7,0.9073072540204895,0.7,0.74,0.9004322540204894,0.78,0.78,0.8952259048141403,0.84,0.85,0.8759557027939383
truth,30000,0.05,20000,0,3,neutral,all,1000,0.0,0.921,1.0,0.0,3.052,0.921,0.05,0,3052,0.0,0.0,0.921,0.0,0.0,0.921,0.0,0.0,0.921,0.0,0.0,0.921
truth,30000,0.05,20000,0,3,selected,all,100,0.52,0.7915750360750361,0.862796833773087,0.21730158730158727,3.27,0.94,0.6,52,327,0.44,0.55,0.7874083694083694,0.52,0.56,0.7774083694083694,0.59,0.59,0.7679083694083695,0.63,0.64,0.7428131313131314
truth,30000,0.05,20000,0,3,selected,nonfixed,100,0.52,0.7915750360750361,0.862796833773087,0.21730158730158727,3.27,0.94,0.6,52,327,0.44,0.55,0.7874083694083694,0.52,0.56,0.7774083694083694,0.59,0.59,0.7679083694083695,0.63,0.64,0.7428131313131314
truth,30000,0.05,20000,0,5,neutral,all,1000,0.0,0.737,1.0,0.0,1.527,0.737,0.05,0,1527,0.0,0.0,0.737,0.0,0.0,0.737,0.0,0.0,0.737,0.0,0.0,0.737
truth,30000,0.05,20000,0,5,selected,all,100,0.43,0.6395714285714285,0.7981220657276995,0.25702380952380954,1.7,0.84,0.6,43,170,0.36,0.47,0.6170714285714286,0.43,0.47,0.6170714285714286,0.48,0.48,0.6070714285714286,0.51,0.53,0.5837380952380952
truth,30000,0.05,20000,0,5,selected,nonfixed,100,0.43,0.6395714285714285,0.7981220657276995,0.25702380952380954,1.7,0.84,0.6,43,170,0.36,0.47,0.6170714285714286,0.43,0.47,0.6170714285714286,0.48,0.48,0.6070714285714286,0.51,0.53,0.5837380952380952
truth,30000,0.05,20000,0,10,neutral,all,1000,0.0,0.322,1.0,0.0,0.412,0.322,0.05,0,412,0.0,0.0,0.322,0.0,0.0,0.322,0.0,0.0,0.322,0.0,0.0,0.322
truth,30000,0.05,20000,0,10,selected,all,100,0.21,0.3758333333333333,0.7272727272727273,0.16233333333333333,0.56,0.52,0.6,21,56,0.17,0.26,0.3325,0.21,0.26,0.3325,0.26,0.26,0.3325,0.27,0.28,0.31749999999999995
truth,30000,0.05,20000,0,10,selected,nonfixed,100,0.21,0.3758333333333333,0.7272727272727273,0.16233333333333333,0.56,0.52,0.6,21,56,0.17,0.26,0.3325,0.21,0.26,0.3325,0.26,0.26,0.3325,0.27,0.28,0.31749999999999995
truth,30000,0.05,20000,0,20,neutral,all,1000,0.0,0.045,1.0,0.0,0.045,0.045,0.05,0,45,0.0,0.0,0.045,0.0,0.0,0.045,0.0,0.0,0.045,0.0,0.0,0.045
truth,30000,0.05,20000,0,20,selected,all,100,0.06,0.055,0.5,0.056666666666666664,0.06,0.11,0.6,6,6,0.05,0.07,0.045,0.06,0.07,0.045,0.07,0.07,0.045,0.07,0.07,0.045
truth,30000,0.05,20000,0,20,selected,nonfixed,100,0.06,0.055,0.5,0.056666666666666664,0.06,0.11,0.6,6,6,0.05,0.07,0.045,0.06,0.07,0.045,0.07,0.07,0.045,0.07,0.07,0.045
truth,30000,0.05,20000,1,1,neutral,all,1000,0.0,0.996,1.0,0.0,7.108,0.996,0.05,0,7108,0.0,0.0,0.996,0.0,0.0,0.996,0.0,0.0,0.996,0.0,0.0,0.996
truth,30000,0.05,20000,1,1,selected,all,100,0.66,0.8933202214452216,0.9137254901960784,0.17278686019862494,6.99,1.0,0.6,66,699,0.53,0.7,0.8908672299922301,0.66,0.74,0.8820027611277612,0.76,0.78,0.8756575230325231,0.84,0.85,0.8557484321234322
truth,30000,0.05,20000,1,1,selected,nonfixed,100,0.66,0.8933202214452216,0.9137254901960784,0.17278686019862494,6.99,1.0,0.6,66,699,0.53,0.7,0.8908672299922301,0.66,0.74,0.8820027611277612,0.76,0.78,0.8756575230325231,0.84,0.85,0.8557484321234322
truth,30000,0.05,20000,1,3,neutral,all,1000,0.0,0.932,1.0,0.0,3.099,0.932,0.05,0,3099,0.0,0.0,0.932,0.0,0.0,0.932,0.0,0.0,0.932,0.0,0.0,0.932
truth,30000,0.05,20000,1,3,selected,all,100,0.52,0.7901150793650793,0.8590785907859079,0.21977777777777774,3.17,0.94,0.6,52,317,0.41,0.58,0.7711150793650794,0.52,0.61,0.7544484126984128,0.62,0.64,0.7361150793650794,0.67,0.68,0.7205198412698414
truth,30000,0.05,20000,1,3,selected,nonfixed,100,0.52,0.7901150793650793,0.8590785907859079,0.21977777777777774,3.17,0.94,0.6,52,317,0.41,0.58,0.7711150793650794,0.52,0.61,0.7544484126984128,0.62,0.64,0.7361150793650794,0.67,0.68,0.7205198412698414
truth,30000,0.05,20000,1,5,neutral,all,1000,0.0,0.774,1.0,0.0,1.674,0.774,0.05,0,1674,0.0,0.0,0.774,0.0,0.0,0.774,0.0,0.0,0.774,0.0,0.0,0.774
truth,30000,0.05,20000,1,5,selected,all,100,0.44,0.67,0.8026905829596412,0.25819047619047614,1.79,0.87,0.6,44,179,0.35,0.51,0.6383333333333333,0.44,0.52,0.6283333333333334,0.52,0.54,0.6083333333333334,0.56,0.57,0.5983333333333334
truth,30000,0.05,20000,1,5,selected,nonfixed,100,0.44,0.67,0.8026905829596412,0.25819047619047614,1.79,0.87,0.6,44,179,0.35,0.51,0.6383333333333333,0.44,0.52,0.6283333333333334,0.52,0.54,0.6083333333333334,0.56,0.57,0.5983333333333334
truth,30000,0.05,20000,1,10,neutral,all,1000,0.0,0.373,1.0,0.0,0.491,0.373,0.05,0,491,0.0,0.0,0.373,0.0,0.0,0.373,0.0,0.0,0.373,0.0,0.0,0.373
truth,30000,0.05,20000,1,10,selected,all,100,0.26,0.3908333333333333,0.7111111111111111,0.2023333333333333,0.64,0.57,0.6,26,64,0.21,0.33,0.3375,0.26,0.33,0.3375,0.32,0.33,0.3375,0.33,0.34,0.3275
truth,30000,0.05,20000,1,10,selected,nonfixed,100,0.26,0.3908333333333333,0.7111111111111111,0.2023333333333333,0.64,0.57,0.6,26,64,0.21,0.33,0.3375,0.26,0.33,0.3375,0.32,0.33,0.3375,0.33,0.34,0.3275
truth,30000,0.05,20000,1,20,neutral,all,1000,0.0,0.064,1.0,0.0,0.064,0.064,0.05,0,64,0.0,0.0,0.064,0.0,0.0,0.064,0.0,0.0,0.064,0.0,0.0,0.064
truth,30000,0.05,20000,1,20,selected,all,100,0.07,0.10666666666666666,0.631578947368421,0.065,0.12,0.17,0.6,7,12,0.06,0.09,0.08666666666666666,0.07,0.09,0.08666666666666666,0.08,0.09,0.08666666666666666,0.09,0.1,0.07666666666666666
truth,30000,0.05,20000,1,20,selected,nonfixed,100,0.07,0.10666666666666666,0.631578947368421,0.065,0.12,0.17,0.6,7,12,0.06,0.09,0.08666666666666666,0.07,0.09,0.08666666666666666,0.08,0.09,0.08666666666666666,0.09,0.1,0.07666666666666666
truth,30000,0.05,50000,0,1,neutral,all,1000,0.0,0.987,1.0,0.0,5.245,0.987,0.05,0,5245,0.0,0.0,0.987,0.0,0.0,0.987,0.0,0.0,0.987,0.0,0.0,0.987
truth,30000,0.05,50000,0,1,selected,all,100,0.66,0.8495775613275615,0.8848167539267016,0.2064309579309579,5.07,0.98,0.6,66,507,0.6,0.66,0.8583156565656566,0.66,0.7,0.8398156565656566,0.73,0.74,0.8302323232323232,0.78,0.79,0.8110656565656567
truth,30000,0.05,50000,0,1,selected,nonfixed,100,0.66,0.8495775613275615,0.8848167539267016,0.2064309579309579,5.07,0.98,0.6,66,507,0.6,0.66,0.8583156565656566,0.66,0.7,0.8398156565656566,0.73,0.74,0.8302323232323232,0.78,0.79,0.8110656565656567
truth,30000,0.05,50000,0,3,neutral,all,1000,0.0,0.65,1.0,0.0,1.096,0.65,0.05,0,1096,0.0,0.0,0.65,0.0,0.0,0.65,0.0,0.0,0.65,0.0,0.0,0.65
truth,30000,0.05,50000,0,3,selected,all,100,0.36,0.5698333333333333,0.7763975155279503,0.23533333333333334,1.25,0.76,0.6,36,125,0.33,0.39,0.5531666666666666,0.36,0.39,0.5531666666666666,0.38,0.4,0.5481666666666666,0.4,0.41,0.5456666666666666
truth,30000,0.05,50000,0,3,selected,nonfixed,100,0.36,0.5698333333333333,0.7763975155279503,0.23533333333333334,1.25,0.76,0.6,36,125,0.33,0.39,0.5531666666666666,0.36,0.39,0.5531666666666666,0.38,0.4,0.5481666666666666,0.4,0.41,0.5456666666666666
truth,30000,0.05,50000,0,5,neutral,all,1000,0.0,0.286,1.0,0.0,0.344,0.286,0.05,0,344,0.0,0.0,0.286,0.0,0.0,0.286,0.0,0.0,0.286,0.0,0.0,0.286
truth,30000,0.05,50000,0,5,selected,all,100,0.24,0.31666666666666665,0.6619718309859155,0.2,0.47,0.5,0.6,24,47,0.22,0.27,0.29333333333333333,0.24,0.27,0.29333333333333333,0.26,0.27,0.29333333333333333,0.27,0.28,0.2833333333333333
truth,30000,0.05,50000,0,5,selected,nonfixed,100,0.24,0.31666666666666665,0.6619718309859155,0.2,0.47,0.5,0.6,24,47,0.22,0.27,0.29333333333333333,0.24,0.27,0.29333333333333333,0.26,0.27,0.29333333333333333,0.27,0.28,0.2833333333333333
truth,30000,0.05,50000,0,10,neutral,all,1000,0.0,0.027,1.0,0.0,0.027,0.027,0.05,0,27,0.0,0.0,0.027,0.0,0.0,0.027,0.0,0.0,0.027,0.0,0.0,0.027
truth,30000,0.05,50000,0,10,selected,all,100,0.01,0.08,0.8888888888888888,0.01,0.08,0.09,0.6,1,8,0.01,0.02,0.07,0.01,0.02,0.07,0.02,0.02,0.07,0.02,0.03,0.06
truth,30000,0.05,50000,0,10,selected,nonfixed,100,0.01,0.08,0.8888888888888888,0.01,0.08,0.09,0.6,1,8,0.01,0.02,0.07,0.01,0.02,0.07,0.02,0.02,0.07,0.02,0.03,0.06
truth,30000,0.05,50000,0,20,neutral,all,1000,0.0,0.001,1.0,0.0,0.001,0.001,0.05,0,1,0.0,0.0,0.001,0.0,0.0,0.001,0.0,0.0,0.001,0.0,0.0,0.001
truth,30000,0.05,50000,0,20,selected,all,100,0.0,0.0,,0.0,0.0,0.0,0.6,0,0,0.0,0.0,0.0,0.0,0.0,0.0,0.0,0.0,0.0,0.0,0.0,0.0
truth,30000,0.05,50000,0,20,selected,nonfixed,100,0.0,0.0,,0.0,0.0,0.0,0.6,0,0,0.0,0.0,0.0,0.0,0.0,0.0,0.0,0.0,0.0,0.0,0.0,0.0
truth,30000,0.05,50000,1,1,neutral,all,1000,0.0,0.987,1.0,0.0,4.63,0.987,0.05,0,4630,0.0,0.0,0.987,0.0,0.0,0.987,0.0,0.0,0.987,0.0,0.0,0.987
truth,30000,0.05,50000,1,1,selected,all,100,0.62,0.8385912698412699,0.8744939271255061,0.21948556998556998,4.32,0.98,0.6,62,432,0.54,0.66,0.8386507936507936,0.62,0.7,0.8200396825396825,0.73,0.74,0.8079563492063491,0.78,0.79,0.7887896825396825
truth,30000,0.05,50000,1,1,selected,nonfixed,100,0.62,0.8385912698412699,0.8744939271255061,0.21948556998556998,4.32,0.98,0.6,62,432,0.54,0.66,0.8386507936507936,0.62,0.7,0.8200396825396825,0.73,0.74,0.8079563492063491,0.78,0.79,0.7887896825396825
truth,30000,0.05,50000,1,3,neutral,all,1000,0.0,0.684,1.0,0.0,1.208,0.684,0.05,0,1208,0.0,0.0,0.684,0.0,0.0,0.684,0.0,0.0,0.684,0.0,0.0,0.684
truth,30000,0.05,50000,1,3,selected,all,100,0.37,0.5993333333333334,0.7797619047619048,0.23933333333333334,1.31,0.79,0.6,37,131,0.32,0.43,0.5643333333333334,0.37,0.43,0.5643333333333334,0.43,0.44,0.5543333333333333,0.44,0.46,0.5468333333333333
truth,30000,0.05,50000,1,3,selected,nonfixed,100,0.37,0.5993333333333334,0.7797619047619048,0.23933333333333334,1.31,0.79,0.6,37,131,0.32,0.43,0.5643333333333334,0.37,0.43,0.5643333333333334,0.43,0.44,0.5543333333333333,0.44,0.46,0.5468333333333333
truth,30000,0.05,50000,1,5,neutral,all,1000,0.0,0.359,1.0,0.0,0.447,0.359,0.05,0,447,0.0,0.0,0.359,0.0,0.0,0.359,0.0,0.0,0.359,0.0,0.0,0.359
truth,30000,0.05,50000,1,5,selected,all,100,0.26,0.3883333333333333,0.6867469879518072,0.21999999999999997,0.57,0.59,0.6,26,57,0.24,0.32,0.34,0.26,0.32,0.34,0.31,0.32,0.34,0.32,0.34,0.325
truth,30000,0.05,50000,1,5,selected,nonfixed,100,0.26,0.3883333333333333,0.6867469879518072,0.21999999999999997,0.57,0.59,0.6,26,57,0.24,0.32,0.34,0.26,0.32,0.34,0.31,0.32,0.34,0.32,0.34,0.325
truth,30000,0.05,50000,1,10,neutral,all,1000,0.0,0.043,1.0,0.0,0.044,0.043,0.05,0,44,0.0,0.0,0.043,0.0,0.0,0.043,0.0,0.0,0.043,0.0,0.0,0.043
truth,30000,0.05,50000,1,10,selected,all,100,0.05,0.1,0.6666666666666666,0.05,0.1,0.15,0.6,5,10,0.05,0.06,0.09,0.05,0.06,0.09,0.06,0.06,0.09,0.06,0.07,0.08
truth,30000,0.05,50000,1,10,selected,nonfixed,100,0.05,0.1,0.6666666666666666,0.05,0.1,0.15,0.6,5,10,0.05,0.06,0.09,0.05,0.06,0.09,0.06,0.06,0.09,0.06,0.07,0.08
truth,30000,0.05,50000,1,20,neutral,all,1000,0.0,0.001,1.0,0.0,0.001,0.001,0.05,0,1,0.0,0.0,0.001,0.0,0.0,0.001,0.0,0.0,0.001,0.0,0.0,0.001
truth,30000,0.05,50000,1,20,selected,all,100,0.01,0.0,0.0,0.01,0.0,0.01,0.6,1,0,0.01,0.01,0.0,0.01,0.01,0.0,0.01,0.01,0.0,0.01,0.01,0.0
truth,30000,0.05,50000,1,20,selected,nonfixed,100,0.01,0.0,0.0,0.01,0.0,0.01,0.6,1,0,0.01,0.01,0.0,0.01,0.01,0.0,0.01,0.01,0.0,0.01,0.01,0.0
truth,40000,0.001,10000,0,1,neutral,all,1000,0.0,0.265,1.0,0.0,0.443,0.265,0.001,0,443,0.0,0.0,0.265,0.0,0.0,0.265,0.0,0.0,0.265,0.0,0.0,0.265
truth,40000,0.001,10000,0,1,selected,all,100,0.29,0.30999999999999994,0.6777777777777778,0.21799999999999997,0.61,0.5,0.2,29,61,0.27,0.27,0.325,0.29,0.29,0.30999999999999994,0.31,0.31,0.2966666666666667,0.34,0.34,0.2752380952380952
truth,40000,0.001,10000,0,1,selected,nonfixed,100,0.29,0.30999999999999994,0.6777777777777778,0.21799999999999997,0.61,0.5,0.2,29,61,0.27,0.27,0.325,0.29,0.29,0.30999999999999994,0.31,0.31,0.2966666666666667,0.34,0.34,0.2752380952380952
truth,40000,0.001,10000,0,3,neutral,all,1000,0.0,0.102,1.0,0.0,0.118,0.102,0.001,0,118,0.0,0.0,0.102,0.0,0.0,0.102,0.0,0.0,0.102,0.0,0.0,0.102
truth,40000,0.001,10000,0,3,selected,all,100,0.2,0.11833333333333332,0.5,0.1733333333333333,0.2,0.28,0.2,20,20,0.2,0.2,0.11833333333333332,0.2,0.2,0.11833333333333332,0.22,0.22,0.09833333333333333,0.22,0.22,0.09833333333333333
truth,40000,0.001,10000,0,3,selected,nonfixed,100,0.2,0.11833333333333332,0.5,0.1733333333333333,0.2,0.28,0.2,20,20,0.2,0.2,0.11833333333333332,0.2,0.2,0.11833333333333332,0.22,0.22,0.09833333333333333,0.22,0.22,0.09833333333333333
truth,40000,0.001,10000,0,5,neutral,all,1000,0.0,0.045,1.0,0.0,0.046,0.045,0.001,0,46,0.0,0.0,0.045,0.0,0.0,0.045,0.0,0.0,0.045,0.0,0.0,0.045
truth,40000,0.001,10000,0,5,selected,all,100,0.19,0.08,0.36666666666666664,0.18333333333333332,0.11,0.26,0.2,19,11,0.19,0.19,0.08,0.19,0.19,0.08,0.2,0.2,0.07,0.2,0.2,0.07
truth,40000,0.001,10000,0,5,selected,nonfixed,100,0.19,0.08,0.36666666666666664,0.18333333333333332,0.11,0.26,0.2,19,11,0.19,0.19,0.08,0.19,0.19,0.08,0.2,0.2,0.07,0.2,0.2,0.07
truth,40000,0.001,10000,0,10,neutral,all,1000,0.0,0.007,1.0,0.0,0.008,0.007,0.001,0,8,0.0,0.0,0.007,0.0,0.0,0.007,0.0,0.0,0.007,0.0,0.0,0.007
truth,40000,0.001,10000,0,10,selected,all,100,0.11,0.005,0.08333333333333333,0.10666666666666666,0.01,0.11,0.2,11,1,0.11,0.11,0.005,0.11,0.11,0.005,0.11,0.11,0.005,0.11,0.11,0.005
truth,40000,0.001,10000,0,10,selected,nonfixed,100,0.11,0.005,0.08333333333333333,0.10666666666666666,0.01,0.11,0.2,11,1,0.11,0.11,0.005,0.11,0.11,0.005,0.11,0.11,0.005,0.11,0.11,0.005
truth,40000,0.001,10000,0,20,neutral,all,1000,0.0,0.001,1.0,0.0,0.001,0.001,0.001,0,1,0.0,0.0,0.001,0.0,0.0,0.001,0.0,0.0,0.001,0.0,0.0,0.001
truth,40000,0.001,10000,0,20,selected,all,100,0.02,0.0,0.0,0.02,0.0,0.02,0.2,2,0,0.02,0.02,0.0,0.02,0.02,0.0,0.02,0.02,0.0,0.02,0.02,0.0
truth,40000,0.001,10000,0,20,selected,nonfixed,100,0.02,0.0,0.0,0.02,0.0,0.02,0.2,2,0,0.02,0.02,0.0,0.02,0.02,0.0,0.02,0.02,0.0,0.02,0.02,0.0
truth,40000,0.001,10000,1,1,neutral,all,1000,0.0,0.265,1.0,0.0,0.398,0.265,0.001,0,398,0.0,0.0,0.265,0.0,0.0,0.265,0.0,0.0,0.265,0.0,0.0,0.265
truth,40000,0.001,10000,1,1,selected,all,100,0.29,0.2758333333333333,0.6081081081081081,0.244,0.45,0.5,0.2,29,45,0.27,0.27,0.29083333333333333,0.29,0.29,0.2758333333333333,0.31,0.31,0.2625,0.34,0.34,0.24050000000000002
truth,40000,0.001,10000,1,1,selected,nonfixed,100,0.29,0.2758333333333333,0.6081081081081081,0.244,0.45,0.5,0.2,29,45,0.27,0.27,0.29083333333333333,0.29,0.29,0.2758333333333333,0.31,0.31,0.2625,0.34,0.34,0.24050000000000002
truth,40000,0.001,10000,1,3,neutral,all,1000,0.0,0.107,1.0,0.0,0.12,0.107,0.001,0,120,0.0,0.0,0.107,0.0,0.0,0.107,0.0,0.0,0.107,0.0,0.0,0.107
truth,40000,0.001,10000,1,3,selected,all,100,0.22,0.10333333333333332,0.42105263157894735,0.2033333333333333,0.16,0.3,0.2,22,16,0.22,0.22,0.10333333333333332,0.22,0.22,0.10333333333333332,0.24,0.24,0.08333333333333334,0.24,0.24,0.08333333333333334
truth,40000,0.001,10000,1,3,selected,nonfixed,100,0.22,0.10333333333333332,0.42105263157894735,0.2033333333333333,0.16,0.3,0.2,22,16,0.22,0.22,0.10333333333333332,0.22,0.22,0.10333333333333332,0.24,0.24,0.08333333333333334,0.24,0.24,0.08333333333333334
truth,40000,0.001,10000,1,5,neutral,all,1000,0.0,0.053,1.0,0.0,0.054,0.053,0.001,0,54,0.0,0.0,0.053,0.0,0.0,0.053,0.0,0.0,0.053,0.0,0.0,0.053
truth,40000,0.001,10000,1,5,selected,all,100,0.2,0.075,0.3333333333333333,0.19,0.1,0.26,0.2,20,10,0.2,0.2,0.075,0.2,0.2,0.075,0.21,0.21,0.065,0.21,0.21,0.065
truth,40000,0.001,10000,1,5,selected,nonfixed,100,0.2,0.075,0.3333333333333333,0.19,0.1,0.26,0.2,20,10,0.2,0.2,0.075,0.2,0.2,0.075,0.21,0.21,0.065,0.21,0.21,0.065
truth,40000,0.001,10000,1,10,neutral,all,1000,0.0,0.007,1.0,0.0,0.007,0.007,0.001,0,7,0.0,0.0,0.007,0.0,0.0,0.007,0.0,0.0,0.007,0.0,0.0,0.007
truth,40000,0.001,10000,1,10,selected,all,100,0.13,0.015,0.13333333333333333,0.12666666666666665,0.02,0.14,0.2,13,2,0.13,0.13,0.015,0.13,0.13,0.015,0.13,0.13,0.015,0.13,0.13,0.015
truth,40000,0.001,10000,1,10,selected,nonfixed,100,0.13,0.015,0.13333333333333333,0.12666666666666665,0.02,0.14,0.2,13,2,0.13,0.13,0.015,0.13,0.13,0.015,0.13,0.13,0.015,0.13,0.13,0.015
truth,40000,0.001,10000,1,20,neutral,all,1000,0.0,0.001,1.0,0.0,0.001,0.001,0.001,0,1,0.0,0.0,0.001,0.0,0.0,0.001,0.0,0.0,0.001,0.0,0.0,0.001
truth,40000,0.001,10000,1,20,selected,all,100,0.02,0.0,0.0,0.02,0.0,0.02,0.2,2,0,0.02,0.02,0.0,0.02,0.02,0.0,0.02,0.02,0.0,0.02,0.02,0.0
truth,40000,0.001,10000,1,20,selected,nonfixed,100,0.02,0.0,0.0,0.02,0.0,0.02,0.2,2,0,0.02,0.02,0.0,0.02,0.02,0.0,0.02,0.02,0.0,0.02,0.02,0.0
truth,40000,0.001,20000,0,1,neutral,all,1000,0.0,0.211,1.0,0.0,0.295,0.211,0.001,0,295,0.0,0.0,0.211,0.0,0.0,0.211,0.0,0.0,0.211,0.0,0.0,0.211
truth,40000,0.001,20000,0,1,selected,all,100,0.26,0.21833333333333332,0.6,0.21799999999999997,0.39,0.42,0.2,26,39,0.23,0.24,0.2383333333333333,0.26,0.26,0.21833333333333332,0.28,0.28,0.2033333333333333,0.31,0.31,0.18133333333333332
truth,40000,0.001,20000,0,1,selected,nonfixed,100,0.26,0.21833333333333332,0.6,0.21799999999999997,0.39,0.42,0.2,26,39,0.23,0.24,0.2383333333333333,0.26,0.26,0.21833333333333332,0.28,0.28,0.2033333333333333,0.31,0.31,0.18133333333333332
truth,40000,0.001,20000,0,3,neutral,all,1000,0.0,0.048,1.0,0.0,0.048,0.048,0.001,0,48,0.0,0.0,0.048,0.0,0.0,0.048,0.0,0.0,0.048,0.0,0.0,0.048
truth,40000,0.001,20000,0,3,selected,all,100,0.18,0.085,0.3793103448275862,0.17666666666666664,0.11,0.26,0.2,18,11,0.17,0.18,0.085,0.18,0.18,0.085,0.19,0.19,0.075,0.19,0.19,0.075
truth,40000,0.001,20000,0,3,selected,nonfixed,100,0.18,0.085,0.3793103448275862,0.17666666666666664,0.11,0.26,0.2,18,11,0.17,0.18,0.085,0.18,0.18,0.085,0.19,0.19,0.075,0.19,0.19,0.075
truth,40000,0.001,20000,0,5,neutral,all,1000,0.0,0.013,1.0,0.0,0.013,0.013,0.001,0,13,0.0,0.0,0.013,0.0,0.0,0.013,0.0,0.0,0.013,0.0,0.0,0.013
truth,40000,0.001,20000,0,5,selected,all,100,0.13,0.015,0.13333333333333333,0.12666666666666665,0.02,0.14,0.2,13,2,0.12,0.13,0.015,0.13,0.13,0.015,0.13,0.13,0.015,0.13,0.13,0.015
truth,40000,0.001,20000,0,5,selected,nonfixed,100,0.13,0.015,0.13333333333333333,0.12666666666666665,0.02,0.14,0.2,13,2,0.12,0.13,0.015,0.13,0.13,0.015,0.13,0.13,0.015,0.13,0.13,0.015
truth,40000,0.001,20000,0,10,neutral,all,1000,0.0,0.001,1.0,0.0,0.001,0.001,0.001,0,1,0.0,0.0,0.001,0.0,0.0,0.001,0.0,0.0,0.001,0.0,0.0,0.001
truth,40000,0.001,20000,0,10,selected,all,100,0.02,0.0,0.0,0.02,0.0,0.02,0.2,2,0,0.02,0.02,0.0,0.02,0.02,0.0,0.02,0.02,0.0,0.02,0.02,0.0
truth,40000,0.001,20000,0,10,selected,nonfixed,100,0.02,0.0,0.0,0.02,0.0,0.02,0.2,2,0,0.02,0.02,0.0,0.02,0.02,0.0,0.02,0.02,0.0,0.02,0.02,0.0
truth,40000,0.001,20000,0,20,neutral,all,1000,0.0,0.001,1.0,0.0,0.001,0.001,0.001,0,1,0.0,0.0,0.001,0.0,0.0,0.001,0.0,0.0,0.001,0.0,0.0,0.001
truth,40000,0.001,20000,0,20,selected,all,100,0.0,0.0,,0.0,0.0,0.0,0.2,0,0,0.0,0.0,0.0,0.0,0.0,0.0,0.0,0.0,0.0,0.0,0.0,0.0
truth,40000,0.001,20000,0,20,selected,nonfixed,100,0.0,0.0,,0.0,0.0,0.0,0.2,0,0,0.0,0.0,0.0,0.0,0.0,0.0,0.0,0.0,0.0,0.0,0.0,0.0
truth,40000,0.001,20000,1,1,neutral,all,1000,0.0,0.211,1.0,0.0,0.278,0.211,0.001,0,278,0.0,0.0,0.211,0.0,0.0,0.211,0.0,0.0,0.211,0.0,0.0,0.211
truth,40000,0.001,20000,1,1,selected,all,100,0.26,0.2033333333333333,0.543859649122807,0.23,0.31,0.42,0.2,26,31,0.23,0.24,0.22333333333333333,0.26,0.26,0.2033333333333333,0.28,0.28,0.18333333333333332,0.31,0.31,0.16083333333333333
truth,40000,0.001,20000,1,1,selected,nonfixed,100,0.26,0.2033333333333333,0.543859649122807,0.23,0.31,0.42,0.2,26,31,0.23,0.24,0.22333333333333333,0.26,0.26,0.2033333333333333,0.28,0.28,0.18333333333333332,0.31,0.31,0.16083333333333333
truth,40000,0.001,20000,1,3,neutral,all,1000,0.0,0.05,1.0,0.0,0.05,0.05,0.001,0,50,0.0,0.0,0.05,0.0,0.0,0.05,0.0,0.0,0.05,0.0,0.0,0.05
truth,40000,0.001,20000,1,3,selected,all,100,0.19,0.095,0.36666666666666664,0.18666666666666665,0.11,0.28,0.2,19,11,0.18,0.19,0.095,0.19,0.19,0.095,0.21,0.21,0.075,0.21,0.21,0.075
truth,40000,0.001,20000,1,3,selected,nonfixed,100,0.19,0.095,0.36666666666666664,0.18666666666666665,0.11,0.28,0.2,19,11,0.18,0.19,0.095,0.19,0.19,0.095,0.21,0.21,0.075,0.21,0.21,0.075
truth,40000,0.001,20000,1,5,neutral,all,1000,0.0,0.016,1.0,0.0,0.016,0.016,0.001,0,16,0.0,0.0,0.016,0.0,0.0,0.016,0.0,0.0,0.016,0.0,0.0,0.016
truth,40000,0.001,20000,1,5,selected,all,100,0.14,0.025,0.17647058823529413,0.13666666666666666,0.03,0.16,0.2,14,3,0.13,0.14,0.025,0.14,0.14,0.025,0.14,0.14,0.025,0.14,0.14,0.025
truth,40000,0.001,20000,1,5,selected,nonfixed,100,0.14,0.025,0.17647058823529413,0.13666666666666666,0.03,0.16,0.2,14,3,0.13,0.14,0.025,0.14,0.14,0.025,0.14,0.14,0.025,0.14,0.14,0.025
truth,40000,0.001,20000,1,10,neutral,all,1000,0.0,0.001,1.0,0.0,0.001,0.001,0.001,0,1,0.0,0.0,0.001,0.0,0.0,0.001,0.0,0.0,0.001,0.0,0.0,0.001
truth,40000,0.001,20000,1,10,selected,all,100,0.02,0.0,0.0,0.02,0.0,0.02,0.2,2,0,0.02,0.02,0.0,0.02,0.02,0.0,0.02,0.02,0.0,0.02,0.02,0.0
truth,40000,0.001,20000,1,10,selected,nonfixed,100,0.02,0.0,0.0,0.02,0.0,0.02,0.2,2,0,0.02,0.02,0.0,0.02,0.02,0.0,0.02,0.02,0.0,0.02,0.02,0.0
truth,40000,0.001,20000,1,20,neutral,all,1000,0.0,0.001,1.0,0.0,0.001,0.001,0.001,0,1,0.0,0.0,0.001,0.0,0.0,0.001,0.0,0.0,0.001,0.0,0.0,0.001
truth,40000,0.001,20000,1,20,selected,all,100,0.0,0.0,,0.0,0.0,0.0,0.2,0,0,0.0,0.0,0.0,0.0,0.0,0.0,0.0,0.0,0.0,0.0,0.0,0.0
truth,40000,0.001,20000,1,20,selected,nonfixed,100,0.0,0.0,,0.0,0.0,0.0,0.2,0,0,0.0,0.0,0.0,0.0,0.0,0.0,0.0,0.0,0.0,0.0,0.0,0.0
truth,40000,0.001,50000,0,1,neutral,all,1000,0.0,0.138,1.0,0.0,0.158,0.138,0.001,0,158,0.0,0.0,0.138,0.0,0.0,0.138,0.0,0.0,0.138,0.0,0.0,0.138
truth,40000,0.001,50000,0,1,selected,all,100,0.23,0.115,0.39473684210526316,0.22,0.15,0.33,0.2,23,15,0.21,0.21,0.135,0.23,0.23,0.115,0.25,0.25,0.095,0.26,0.26,0.09166666666666666
truth,40000,0.001,50000,0,1,selected,nonfixed,100,0.23,0.115,0.39473684210526316,0.22,0.15,0.33,0.2,23,15,0.21,0.21,0.135,0.23,0.23,0.115,0.25,0.25,0.095,0.26,0.26,0.09166666666666666
truth,40000,0.001,50000,0,3,neutral,all,1000,0.0,0.007,1.0,0.0,0.008,0.007,0.001,0,8,0.0,0.0,0.007,0.0,0.0,0.007,0.0,0.0,0.007,0.0,0.0,0.007
truth,40000,0.001,50000,0,3,selected,all,100,0.08,0.04,0.3333333333333333,0.08,0.04,0.12,0.2,8,4,0.08,0.08,0.04,0.08,0.08,0.04,0.08,0.08,0.04,0.08,0.08,0.04
truth,40000,0.001,50000,0,3,selected,nonfixed,100,0.08,0.04,0.3333333333333333,0.08,0.04,0.12,0.2,8,4,0.08,0.08,0.04,0.08,0.08,0.04,0.08,0.08,0.04,0.08,0.08,0.04
truth,40000,0.001,50000,0,5,neutral,all,1000,0.0,0.0,,0.0,0.0,0.0,0.001,0,0,0.0,0.0,0.0,0.0,0.0,0.0,0.0,0.0,0.0,0.0,0.0,0.0
truth,40000,0.001,50000,0,5,selected,all,100,0.02,0.0,0.0,0.02,0.0,0.02,0.2,2,0,0.02,0.02,0.0,0.02,0.02,0.0,0.02,0.02,0.0,0.02,0.02,0.0
truth,40000,0.001,50000,0,5,selected,nonfixed,100,0.02,0.0,0.0,0.02,0.0,0.02,0.2,2,0,0.02,0.02,0.0,0.02,0.02,0.0,0.02,0.02,0.0,0.02,0.02,0.0
truth,40000,0.001,50000,0,10,neutral,all,1000,0.0,0.0,,0.0,0.0,0.0,0.001,0,0,0.0,0.0,0.0,0.0,0.0,0.0,0.0,0.0,0.0,0.0,0.0,0.0
truth,40000,0.001,50000,0,10,selected,all,100,0.0,0.0,,0.0,0.0,0.0,0.2,0,0,0.0,0.0,0.0,0.0,0.0,0.0,0.0,0.0,0.0,0.0,0.0,0.0
truth,40000,0.001,50000,0,10,selected,nonfixed,100,0.0,0.0,,0.0,0.0,0.0,0.2,0,0,0.0,0.0,0.0,0.0,0.0,0.0,0.0,0.0,0.0,0.0,0.0,0.0
truth,40000,0.001,50000,0,20,neutral,all,1000,0.0,0.0,,0.0,0.0,0.0,0.001,0,0,0.0,0.0,0.0,0.0,0.0,0.0,0.0,0.0,0.0,0.0,0.0,0.0
truth,40000,0.001,50000,0,20,selected,all,100,0.0,0.0,,0.0,0.0,0.0,0.2,0,0,0.0,0.0,0.0,0.0,0.0,0.0,0.0,0.0,0.0,0.0,0.0,0.0
truth,40000,0.001,50000,0,20,selected,nonfixed,100,0.0,0.0,,0.0,0.0,0.0,0.2,0,0,0.0,0.0,0.0,0.0,0.0,0.0,0.0,0.0,0.0,0.0,0.0,0.0
truth,40000,0.001,50000,1,1,neutral,all,1000,0.0,0.138,1.0,0.0,0.154,0.138,0.001,0,154,0.0,0.0,0.138,0.0,0.0,0.138,0.0,0.0,0.138,0.0,0.0,0.138
truth,40000,0.001,50000,1,1,selected,all,100,0.23,0.115,0.39473684210526316,0.22,0.15,0.33,0.2,23,15,0.21,0.21,0.135,0.23,0.23,0.115,0.25,0.25,0.095,0.26,0.26,0.09166666666666666
truth,40000,0.001,50000,1,1,selected,nonfixed,100,0.23,0.115,0.39473684210526316,0.22,0.15,0.33,0.2,23,15,0.21,0.21,0.135,0.23,0.23,0.115,0.25,0.25,0.095,0.26,0.26,0.09166666666666666
truth,40000,0.001,50000,1,3,neutral,all,1000,0.0,0.008,1.0,0.0,0.008,0.008,0.001,0,8,0.0,0.0,0.008,0.0,0.0,0.008,0.0,0.0,0.008,0.0,0.0,0.008
truth,40000,0.001,50000,1,3,selected,all,100,0.08,0.04,0.3333333333333333,0.08,0.04,0.12,0.2,8,4,0.08,0.08,0.04,0.08,0.08,0.04,0.08,0.08,0.04,0.08,0.08,0.04
truth,40000,0.001,50000,1,3,selected,nonfixed,100,0.08,0.04,0.3333333333333333,0.08,0.04,0.12,0.2,8,4,0.08,0.08,0.04,0.08,0.08,0.04,0.08,0.08,0.04,0.08,0.08,0.04
truth,40000,0.001,50000,1,5,neutral,all,1000,0.0,0.001,1.0,0.0,0.001,0.001,0.001,0,1,0.0,0.0,0.001,0.0,0.0,0.001,0.0,0.0,0.001,0.0,0.0,0.001
truth,40000,0.001,50000,1,5,selected,all,100,0.02,0.0,0.0,0.02,0.0,0.02,0.2,2,0,0.02,0.02,0.0,0.02,0.02,0.0,0.02,0.02,0.0,0.02,0.02,0.0
truth,40000,0.001,50000,1,5,selected,nonfixed,100,0.02,0.0,0.0,0.02,0.0,0.02,0.2,2,0,0.02,0.02,0.0,0.02,0.02,0.0,0.02,0.02,0.0,0.02,0.02,0.0
truth,40000,0.001,50000,1,10,neutral,all,1000,0.0,0.0,,0.0,0.0,0.0,0.001,0,0,0.0,0.0,0.0,0.0,0.0,0.0,0.0,0.0,0.0,0.0,0.0,0.0
truth,40000,0.001,50000,1,10,selected,all,100,0.0,0.0,,0.0,0.0,0.0,0.2,0,0,0.0,0.0,0.0,0.0,0.0,0.0,0.0,0.0,0.0,0.0,0.0,0.0
truth,40000,0.001,50000,1,10,selected,nonfixed,100,0.0,0.0,,0.0,0.0,0.0,0.2,0,0,0.0,0.0,0.0,0.0,0.0,0.0,0.0,0.0,0.0,0.0,0.0,0.0
truth,40000,0.001,50000,1,20,neutral,all,1000,0.0,0.0,,0.0,0.0,0.0,0.001,0,0,0.0,0.0,0.0,0.0,0.0,0.0,0.0,0.0,0.0,0.0,0.0,0.0
truth,40000,0.001,50000,1,20,selected,all,100,0.0,0.0,,0.0,0.0,0.0,0.2,0,0,0.0,0.0,0.0,0.0,0.0,0.0,0.0,0.0,0.0,0.0,0.0,0.0
truth,40000,0.001,50000,1,20,selected,nonfixed,100,0.0,0.0,,0.0,0.0,0.0,0.2,0,0,0.0,0.0,0.0,0.0,0.0,0.0,0.0,0.0,0.0,0.0,0.0,0.0
truth,40000,0.01,10000,0,1,neutral,all,1000,0.0,0.854,1.0,0.0,3.195,0.854,0.01,0,3195,0.0,0.0,0.854,0.0,0.0,0.854,0.0,0.0,0.854,0.0,0.0,0.854
truth,40000,0.01,10000,0,1,selected,all,100,0.58,0.7258805916305917,0.8516624040920716,0.2604896214896215,3.33,0.92,0.47,58,333,0.54,0.54,0.7383805916305917,0.58,0.59,0.7225472582972583,0.61,0.61,0.717963924963925,0.65,0.65,0.6992972582972583
truth,40000,0.01,10000,0,1,selected,nonfixed,100,0.58,0.7258805916305917,0.8516624040920716,0.2604896214896215,3.33,0.92,0.47,58,333,0.54,0.54,0.7383805916305917,0.58,0.59,0.7225472582972583,0.61,0.61,0.717963924963925,0.65,0.65,0.6992972582972583
truth,40000,0.01,10000,0,3,neutral,all,1000,0.0,0.623,1.0,0.0,1.231,0.623,0.01,0,1231,0.0,0.0,0.623,0.0,0.0,0.623,0.0,0.0,0.623,0.0,0.0,0.623
truth,40000,0.01,10000,0,3,selected,all,100,0.47,0.48924999999999996,0.718562874251497,0.32160317460317467,1.2,0.76,0.47,47,120,0.43,0.45,0.50425,0.47,0.48,0.48424999999999996,0.51,0.51,0.46758333333333335,0.52,0.52,0.45758333333333334
truth,40000,0.01,10000,0,3,selected,nonfixed,100,0.47,0.48924999999999996,0.718562874251497,0.32160317460317467,1.2,0.76,0.47,47,120,0.43,0.45,0.50425,0.47,0.48,0.48424999999999996,0.51,0.51,0.46758333333333335,0.52,0.52,0.45758333333333334
truth,40000,0.01,10000,0,5,neutral,all,1000,0.0,0.422,1.0,0.0,0.637,0.422,0.01,0,637,0.0,0.0,0.422,0.0,0.0,0.422,0.0,0.0,0.422,0.0,0.0,0.422
truth,40000,0.01,10000,0,5,selected,all,100,0.37,0.408,0.6509433962264151,0.293,0.69,0.67,0.47,37,69,0.34,0.36,0.418,0.37,0.38,0.40299999999999997,0.42,0.42,0.363,0.43,0.43,0.35966666666666663
truth,40000,0.01,10000,0,5,selected,nonfixed,100,0.37,0.408,0.6509433962264151,0.293,0.69,0.67,0.47,37,69,0.34,0.36,0.418,0.37,0.38,0.40299999999999997,0.42,0.42,0.363,0.43,0.43,0.35966666666666663
truth,40000,0.01,10000,0,10,neutral,all,1000,0.0,0.151,1.0,0.0,0.168,0.151,0.01,0,168,0.0,0.0,0.151,0.0,0.0,0.151,0.0,0.0,0.151,0.0,0.0,0.151
truth,40000,0.01,10000,0,10,selected,all,100,0.22,0.13166666666666665,0.42105263157894735,0.21166666666666664,0.16,0.34,0.47,22,16,0.22,0.22,0.13166666666666665,0.22,0.23,0.12166666666666666,0.24,0.25,0.10166666666666666,0.25,0.25,0.10166666666666666
truth,40000,0.01,10000,0,10,selected,nonfixed,100,0.22,0.13166666666666665,0.42105263157894735,0.21166666666666664,0.16,0.34,0.47,22,16,0.22,0.22,0.13166666666666665,0.22,0.23,0.12166666666666666,0.24,0.25,0.10166666666666666,0.25,0.25,0.10166666666666666
truth,40000,0.01,10000,0,20,neutral,all,1000,0.0,0.02,1.0,0.0,0.02,0.02,0.01,0,20,0.0,0.0,0.02,0.0,0.0,0.02,0.0,0.0,0.02,0.0,0.0,0.02
truth,40000,0.01,10000,0,20,selected,all,100,0.09,0.02,0.18181818181818182,0.09,0.02,0.11,0.47,9,2,0.09,0.09,0.02,0.09,0.09,0.02,0.09,0.09,0.02,0.09,0.09,0.02
truth,40000,0.01,10000,0,20,selected,nonfixed,100,0.09,0.02,0.18181818181818182,0.09,0.02,0.11,0.47,9,2,0.09,0.09,0.02,0.09,0.09,0.02,0.09,0.09,0.02,0.09,0.09,0.02
truth,40000,0.01,10000,1,1,neutral,all,1000,0.0,0.854,1.0,0.0,2.77,0.854,0.01,0,2770,0.0,0.0,0.854,0.0,0.0,0.854,0.0,0.0,0.854,0.0,0.0,0.854
truth,40000,0.01,10000,1,1,selected,all,100,0.57,0.701741341991342,0.8308605341246291,0.28389754689754687,2.8,0.92,0.47,57,280,0.52,0.54,0.7159080086580086,0.57,0.59,0.6934080086580086,0.61,0.61,0.6864080086580087,0.65,0.65,0.667241341991342
truth,40000,0.01,10000,1,1,selected,nonfixed,100,0.57,0.701741341991342,0.8308605341246291,0.28389754689754687,2.8,0.92,0.47,57,280,0.52,0.54,0.7159080086580086,0.57,0.59,0.6934080086580086,0.61,0.61,0.6864080086580087,0.65,0.65,0.667241341991342
truth,40000,0.01,10000,1,3,neutral,all,1000,0.0,0.637,1.0,0.0,1.237,0.637,0.01,0,1237,0.0,0.0,0.637,0.0,0.0,0.637,0.0,0.0,0.637,0.0,0.0,0.637
truth,40000,0.01,10000,1,3,selected,all,100,0.47,0.5275833333333333,0.7329545454545454,0.3232698412698412,1.29,0.8,0.47,47,129,0.41,0.45,0.5409166666666667,0.47,0.49,0.5125833333333333,0.53,0.53,0.4959166666666666,0.55,0.55,0.4759166666666666
truth,40000,0.01,10000,1,3,selected,nonfixed,100,0.47,0.5275833333333333,0.7329545454545454,0.3232698412698412,1.29,0.8,0.47,47,129,0.41,0.45,0.5409166666666667,0.47,0.49,0.5125833333333333,0.53,0.53,0.4959166666666666,0.55,0.55,0.4759166666666666
truth,40000,0.01,10000,1,5,neutral,all,1000,0.0,0.46,1.0,0.0,0.682,0.46,0.01,0,682,0.0,0.0,0.46,0.0,0.0,0.46,0.0,0.0,0.46,0.0,0.0,0.46
truth,40000,0.01,10000,1,5,selected,all,100,0.38,0.428,0.6576576576576577,0.303,0.73,0.7,0.47,38,73,0.34,0.38,0.428,0.38,0.4,0.413,0.44,0.44,0.373,0.45,0.45,0.3696666666666666
truth,40000,0.01,10000,1,5,selected,nonfixed,100,0.38,0.428,0.6576576576576577,0.303,0.73,0.7,0.47,38,73,0.34,0.38,0.428,0.38,0.4,0.413,0.44,0.44,0.373,0.45,0.45,0.3696666666666666
truth,40000,0.01,10000,1,10,neutral,all,1000,0.0,0.181,1.0,0.0,0.204,0.181,0.01,0,204,0.0,0.0,0.181,0.0,0.0,0.181,0.0,0.0,0.181,0.0,0.0,0.181
truth,40000,0.01,10000,1,10,selected,all,100,0.23,0.14166666666666666,0.425,0.22166666666666665,0.17,0.36,0.47,23,17,0.22,0.24,0.13166666666666665,0.23,0.25,0.12166666666666666,0.26,0.27,0.10166666666666666,0.27,0.27,0.10166666666666666
truth,40000,0.01,10000,1,10,selected,nonfixed,100,0.23,0.14166666666666666,0.425,0.22166666666666665,0.17,0.36,0.47,23,17,0.22,0.24,0.13166666666666665,0.23,0.25,0.12166666666666666,0.26,0.27,0.10166666666666666,0.27,0.27,0.10166666666666666
truth,40000,0.01,10000,1,20,neutral,all,1000,0.0,0.03,1.0,0.0,0.03,0.03,0.01,0,30,0.0,0.0,0.03,0.0,0.0,0.03,0.0,0.0,0.03,0.0,0.0,0.03
truth,40000,0.01,10000,1,20,selected,all,100,0.09,0.02,0.18181818181818182,0.09,0.02,0.11,0.47,9,2,0.09,0.09,0.02,0.09,0.09,0.02,0.09,0.09,0.02,0.09,0.09,0.02
truth,40000,0.01,10000,1,20,selected,nonfixed,100,0.09,0.02,0.18181818181818182,0.09,0.02,0.11,0.47,9,2,0.09,0.09,0.02,0.09,0.09,0.02,0.09,0.09,0.02,0.09,0.09,0.02
truth,40000,0.01,20000,0,1,neutral,all,1000,0.0,0.797,1.0,0.0,2.314,0.797,0.01,0,2314,0.0,0.0,0.797,0.0,0.0,0.797,0.0,0.0,0.797,0.0,0.0,0.797
truth,40000,0.01,20000,0,1,selected,all,100,0.55,0.672181818181818,0.8141891891891891,0.29277056277056274,2.41,0.9,0.47,55,241,0.52,0.53,0.6805151515151515,0.55,0.56,0.6688484848484849,0.59,0.59,0.6563484848484847,0.63,0.63,0.6321818181818182
truth,40000,0.01,20000,0,1,selected,nonfixed,100,0.55,0.672181818181818,0.8141891891891891,0.29277056277056274,2.41,0.9,0.47,55,241,0.52,0.53,0.6805151515151515,0.55,0.56,0.6688484848484849,0.59,0.59,0.6563484848484847,0.63,0.63,0.6321818181818182
truth,40000,0.01,20000,0,3,neutral,all,1000,0.0,0.429,1.0,0.0,0.614,0.429,0.01,0,614,0.0,0.0,0.429,0.0,0.0,0.429,0.0,0.0,0.429,0.0,0.0,0.429
truth,40000,0.01,20000,0,3,selected,all,100,0.36,0.4141666666666666,0.6538461538461539,0.294,0.68,0.68,0.47,36,68,0.33,0.35,0.42416666666666664,0.36,0.37,0.4091666666666666,0.39,0.4,0.37916666666666665,0.41,0.41,0.3758333333333333
truth,40000,0.01,20000,0,3,selected,nonfixed,100,0.36,0.4141666666666666,0.6538461538461539,0.294,0.68,0.68,0.47,36,68,0.33,0.35,0.42416666666666664,0.36,0.37,0.4091666666666666,0.39,0.4,0.37916666666666665,0.41,0.41,0.3758333333333333
truth,40000,0.01,20000,0,5,neutral,all,1000,0.0,0.196,1.0,0.0,0.225,0.196,0.01,0,225,0.0,0.0,0.196,0.0,0.0,0.196,0.0,0.0,0.196,0.0,0.0,0.196
truth,40000,0.01,20000,0,5,selected,all,100,0.22,0.15166666666666667,0.4634146341463415,0.21166666666666664,0.19,0.36,0.47,22,19,0.21,0.22,0.15166666666666667,0.22,0.23,0.14166666666666666,0.24,0.25,0.12166666666666666,0.26,0.26,0.11166666666666666
truth,40000,0.01,20000,0,5,selected,nonfixed,100,0.22,0.15166666666666667,0.4634146341463415,0.21166666666666664,0.19,0.36,0.47,22,19,0.21,0.22,0.15166666666666667,0.22,0.23,0.14166666666666666,0.24,0.25,0.12166666666666666,0.26,0.26,0.11166666666666666
truth,40000,0.01,20000,0,10,neutral,all,1000,0.0,0.026,1.0,0.0,0.026,0.026,0.01,0,26,0.0,0.0,0.026,0.0,0.0,0.026,0.0,0.0,0.026,0.0,0.0,0.026
truth,40000,0.01,20000,0,10,selected,all,100,0.09,0.02,0.18181818181818182,0.09,0.02,0.11,0.47,9,2,0.08,0.09,0.02,0.09,0.09,0.02,0.09,0.09,0.02,0.09,0.09,0.02
truth,40000,0.01,20000,0,10,selected,nonfixed,100,0.09,0.02,0.18181818181818182,0.09,0.02,0.11,0.47,9,2,0.08,0.09,0.02,0.09,0.09,0.02,0.09,0.09,0.02,0.09,0.09,0.02
truth,40000,0.01,20000,0,20,neutral,all,1000,0.0,0.001,1.0,0.0,0.001,0.001,0.01,0,1,0.0,0.0,0.001,0.0,0.0,0.001,0.0,0.0,0.001,0.0,0.0,0.001
truth,40000,0.01,20000,0,20,selected,all,100,0.01,0.0,0.0,0.01,0.0,0.01,0.47,1,0,0.01,0.01,0.0,0.01,0.01,0.0,0.01,0.01,0.0,0.01,0.01,0.0
truth,40000,0.01,20000,0,20,selected,nonfixed,100,0.01,0.0,0.0,0.01,0.0,0.01,0.47,1,0,0.01,0.01,0.0,0.01,0.01,0.0,0.01,0.01,0.0,0.01,0.01,0.0
truth,40000,0.01,20000,1,1,neutral,all,1000,0.0,0.797,1.0,0.0,2.073,0.797,0.01,0,2073,0.0,0.0,0.797,0.0,0.0,0.797,0.0,0.0,0.797,0.0,0.0,0.797
truth,40000,0.01,20000,1,1,selected,all,100,0.55,0.642611111111111,0.789272030651341,0.3218181818181819,2.06,0.9,0.47,55,206,0.5,0.53,0.6559444444444443,0.55,0.56,0.6392777777777777,0.59,0.59,0.6267777777777778,0.63,0.63,0.6026111111111111
truth,40000,0.01,20000,1,1,selected,nonfixed,100,0.55,0.642611111111111,0.789272030651341,0.3218181818181819,2.06,0.9,0.47,55,206,0.5,0.53,0.6559444444444443,0.55,0.56,0.6392777777777777,0.59,0.59,0.6267777777777778,0.63,0.63,0.6026111111111111
truth,40000,0.01,20000,1,3,neutral,all,1000,0.0,0.449,1.0,0.0,0.654,0.449,0.01,0,654,0.0,0.0,0.449,0.0,0.0,0.449,0.0,0.0,0.449,0.0,0.0,0.449
truth,40000,0.01,20000,1,3,selected,all,100,0.36,0.4141666666666666,0.6538461538461539,0.30066666666666664,0.68,0.69,0.47,36,68,0.32,0.35,0.42416666666666664,0.36,0.37,0.4091666666666666,0.39,0.4,0.38916666666666666,0.41,0.41,0.3858333333333333
truth,40000,0.01,20000,1,3,selected,nonfixed,100,0.36,0.4141666666666666,0.6538461538461539,0.30066666666666664,0.68,0.69,0.47,36,68,0.32,0.35,0.42416666666666664,0.36,0.37,0.4091666666666666,0.39,0.4,0.38916666666666666,0.41,0.41,0.3858333333333333
truth,40000,0.01,20000,1,5,neutral,all,1000,0.0,0.236,1.0,0.0,0.273,0.236,0.01,0,273,0.0,0.0,0.236,0.0,0.0,0.236,0.0,0.0,0.236,0.0,0.0,0.236
truth,40000,0.01,20000,1,5,selected,all,100,0.27,0.15666666666666665,0.4375,0.25166666666666665,0.21,0.4,0.47,27,21,0.24,0.27,0.15666666666666665,0.27,0.28,0.14666666666666667,0.29,0.3,0.12666666666666665,0.3,0.3,0.12666666666666665
truth,40000,0.01,20000,1,5,selected,nonfixed,100,0.27,0.15666666666666665,0.4375,0.25166666666666665,0.21,0.4,0.47,27,21,0.24,0.27,0.15666666666666665,0.27,0.28,0.14666666666666667,0.29,0.3,0.12666666666666665,0.3,0.3,0.12666666666666665
truth,40000,0.01,20000,1,10,neutral,all,1000,0.0,0.031,1.0,0.0,0.032,0.031,0.01,0,32,0.0,0.0,0.031,0.0,0.0,0.031,0.0,0.0,0.031,0.0,0.0,0.031
truth,40000,0.01,20000,1,10,selected,all,100,0.09,0.02,0.25,0.09,0.03,0.11,0.47,9,3,0.08,0.09,0.02,0.09,0.09,0.02,0.09,0.09,0.02,0.09,0.09,0.02
truth,40000,0.01,20000,1,10,selected,nonfixed,100,0.09,0.02,0.25,0.09,0.03,0.11,0.47,9,3,0.08,0.09,0.02,0.09,0.09,0.02,0.09,0.09,0.02,0.09,0.09,0.02
truth,40000,0.01,20000,1,20,neutral,all,1000,0.0,0.001,1.0,0.0,0.001,0.001,0.01,0,1,0.0,0.0,0.001,0.0,0.0,0.001,0.0,0.0,0.001,0.0,0.0,0.001
truth,40000,0.01,20000,1,20,selected,all,100,0.01,0.0,0.0,0.01,0.0,0.01,0.47,1,0,0.01,0.01,0.0,0.01,0.01,0.0,0.01,0.01,0.0,0.01,0.01,0.0
truth,40000,0.01,20000,1,20,selected,nonfixed,100,0.01,0.0,0.0,0.01,0.0,0.01,0.47,1,0,0.01,0.01,0.0,0.01,0.01,0.0,0.01,0.01,0.0,0.01,0.01,0.0
truth,40000,0.01,50000,0,1,neutral,all,1000,0.0,0.694,1.0,0.0,1.376,0.694,0.01,0,1376,0.0,0.0,0.694,0.0,0.0,0.694,0.0,0.0,0.694,0.0,0.0,0.694
truth,40000,0.01,50000,0,1,selected,all,100,0.53,0.5534999999999999,0.7150537634408602,0.3707142857142857,1.33,0.87,0.47,53,133,0.48,0.5,0.5768333333333332,0.53,0.53,0.5534999999999999,0.55,0.55,0.5451666666666666,0.57,0.57,0.5381666666666666
truth,40000,0.01,50000,0,1,selected,nonfixed,100,0.53,0.5534999999999999,0.7150537634408602,0.3707142857142857,1.33,0.87,0.47,53,133,0.48,0.5,0.5768333333333332,0.53,0.53,0.5534999999999999,0.55,0.55,0.5451666666666666,0.57,0.57,0.5381666666666666
truth,40000,0.01,50000,0,3,neutral,all,1000,0.0,0.121,1.0,0.0,0.134,0.121,0.01,0,134,0.0,0.0,0.121,0.0,0.0,0.121,0.0,0.0,0.121,0.0,0.0,0.121
truth,40000,0.01,50000,0,3,selected,all,100,0.24,0.06166666666666666,0.2727272727272727,0.23166666666666663,0.09,0.29,0.47,24,9,0.21,0.23,0.07166666666666666,0.24,0.24,0.06166666666666666,0.24,0.25,0.05166666666666666,0.25,0.26,0.04666666666666666
truth,40000,0.01,50000,0,3,selected,nonfixed,100,0.24,0.06166666666666666,0.2727272727272727,0.23166666666666663,0.09,0.29,0.47,24,9,0.21,0.23,0.07166666666666666,0.24,0.24,0.06166666666666666,0.24,0.25,0.05166666666666666,0.25,0.26,0.04666666666666666
truth,40000,0.01,50000,0,5,neutral,all,1000,0.0,0.021,1.0,0.0,0.021,0.021,0.01,0,21,0.0,0.0,0.021,0.0,0.0,0.021,0.0,0.0,0.021,0.0,0.0,0.021
truth,40000,0.01,50000,0,5,selected,all,100,0.07,0.02,0.3,0.07,0.03,0.09,0.47,7,3,0.07,0.07,0.02,0.07,0.07,0.02,0.07,0.07,0.02,0.07,0.08,0.015
truth,40000,0.01,50000,0,5,selected,nonfixed,100,0.07,0.02,0.3,0.07,0.03,0.09,0.47,7,3,0.07,0.07,0.02,0.07,0.07,0.02,0.07,0.07,0.02,0.07,0.08,0.015
truth,40000,0.01,50000,0,10,neutral,all,1000,0.0,0.001,1.0,0.0,0.001,0.001,0.01,0,1,0.0,0.0,0.001,0.0,0.0,0.001,0.0,0.0,0.001,0.0,0.0,0.001
truth,40000,0.01,50000,0,10,selected,all,100,0.0,0.0,,0.0,0.0,0.0,0.47,0,0,0.0,0.0,0.0,0.0,0.0,0.0,0.0,0.0,0.0,0.0,0.0,0.0
truth,40000,0.01,50000,0,10,selected,nonfixed,100,0.0,0.0,,0.0,0.0,0.0,0.47,0,0,0.0,0.0,0.0,0.0,0.0,0.0,0.0,0.0,0.0,0.0,0.0,0.0
truth,40000,0.01,50000,0,20,neutral,all,1000,0.0,0.0,,0.0,0.0,0.0,0.01,0,0,0.0,0.0,0.0,0.0,0.0,0.0,0.0,0.0,0.0,0.0,0.0,0.0
truth,40000,0.01,50000,0,20,selected,all,100,0.0,0.0,,0.0,0.0,0.0,0.47,0,0,0.0,0.0,0.0,0.0,0.0,0.0,0.0,0.0,0.0,0.0,0.0,0.0
truth,40000,0.01,50000,0,20,selected,nonfixed,100,0.0,0.0,,0.0,0.0,0.0,0.47,0,0,0.0,0.0,0.0,0.0,0.0,0.0,0.0,0.0,0.0,0.0,0.0,0.0
truth,40000,0.01,50000,1,1,neutral,all,1000,0.0,0.694,1.0,0.0,1.292,0.694,0.01,0,1292,0.0,0.0,0.694,0.0,0.0,0.694,0.0,0.0,0.694,0.0,0.0,0.694
truth,40000,0.01,50000,1,1,selected,all,100,0.52,0.5441666666666667,0.6941176470588235,0.37785714285714284,1.18,0.87,0.47,52,118,0.46,0.5,0.5625,0.52,0.53,0.5391666666666667,0.55,0.55,0.5308333333333333,0.57,0.57,0.5238333333333334
truth,40000,0.01,50000,1,1,selected,nonfixed,100,0.52,0.5441666666666667,0.6941176470588235,0.37785714285714284,1.18,0.87,0.47,52,118,0.46,0.5,0.5625,0.52,0.53,0.5391666666666667,0.55,0.55,0.5308333333333333,0.57,0.57,0.5238333333333334
truth,40000,0.01,50000,1,3,neutral,all,1000,0.0,0.141,1.0,0.0,0.159,0.141,0.01,0,159,0.0,0.0,0.141,0.0,0.0,0.141,0.0,0.0,0.141,0.0,0.0,0.141
truth,40000,0.01,50000,1,3,selected,all,100,0.24,0.09166666666666666,0.3333333333333333,0.23166666666666663,0.12,0.32,0.47,24,12,0.21,0.24,0.09166666666666666,0.24,0.25,0.08166666666666667,0.25,0.26,0.07166666666666666,0.26,0.27,0.06666666666666667
truth,40000,0.01,50000,1,3,selected,nonfixed,100,0.24,0.09166666666666666,0.3333333333333333,0.23166666666666663,0.12,0.32,0.47,24,12,0.21,0.24,0.09166666666666666,0.24,0.25,0.08166666666666667,0.25,0.26,0.07166666666666666,0.26,0.27,0.06666666666666667
truth,40000,0.01,50000,1,5,neutral,all,1000,0.0,0.027,1.0,0.0,0.027,0.027,0.01,0,27,0.0,0.0,0.027,0.0,0.0,0.027,0.0,0.0,0.027,0.0,0.0,0.027
truth,40000,0.01,50000,1,5,selected,all,100,0.09,0.02,0.25,0.09,0.03,0.11,0.47,9,3,0.09,0.09,0.02,0.09,0.09,0.02,0.09,0.09,0.02,0.09,0.11,0.005
truth,40000,0.01,50000,1,5,selected,nonfixed,100,0.09,0.02,0.25,0.09,0.03,0.11,0.47,9,3,0.09,0.09,0.02,0.09,0.09,0.02,0.09,0.09,0.02,0.09,0.11,0.005
truth,40000,0.01,50000,1,10,neutral,all,1000,0.0,0.001,1.0,0.0,0.001,0.001,0.01,0,1,0.0,0.0,0.001,0.0,0.0,0.001,0.0,0.0,0.001,0.0,0.0,0.001
truth,40000,0.01,50000,1,10,selected,all,100,0.01,0.0,0.0,0.01,0.0,0.01,0.47,1,0,0.01,0.01,0.0,0.01,0.01,0.0,0.01,0.01,0.0,0.01,0.01,0.0
truth,40000,0.01,50000,1,10,selected,nonfixed,100,0.01,0.0,0.0,0.01,0.0,0.01,0.47,1,0,0.01,0.01,0.0,0.01,0.01,0.0,0.01,0.01,0.0,0.01,0.01,0.0
truth,40000,0.01,50000,1,20,neutral,all,1000,0.0,0.0,,0.0,0.0,0.0,0.01,0,0,0.0,0.0,0.0,0.0,0.0,0.0,0.0,0.0,0.0,0.0,0.0,0.0
truth,40000,0.01,50000,1,20,selected,all,100,0.0,0.0,,0.0,0.0,0.0,0.47,0,0,0.0,0.0,0.0,0.0,0.0,0.0,0.0,0.0,0.0,0.0,0.0,0.0
truth,40000,0.01,50000,1,20,selected,nonfixed,100,0.0,0.0,,0.0,0.0,0.0,0.47,0,0,0.0,0.0,0.0,0.0,0.0,0.0,0.0,0.0,0.0,0.0,0.0,0.0
truth,40000,0.05,10000,0,1,neutral,all,1000,0.0,1.0,1.0,0.0,12.538,1.0,0.05,0,12538,0.0,0.0,1.0,0.0,0.0,1.0,0.0,0.0,1.0,0.0,0.0,1.0
truth,40000,0.05,10000,0,1,selected,all,100,0.88,0.9200958244875088,0.935672514619883,0.14243649814437265,12.8,1.0,0.77,88,1280,0.79,0.87,0.9208007117055539,0.88,0.89,0.9188458244875087,0.9,0.91,0.9166528420313685,0.93,0.93,0.9144550398335661
truth,40000,0.05,10000,0,1,selected,nonfixed,100,0.88,0.9200958244875088,0.935672514619883,0.14243649814437265,12.8,1.0,0.77,88,1280,0.79,0.87,0.9208007117055539,0.88,0.89,0.9188458244875087,0.9,0.91,0.9166528420313685,0.93,0.93,0.9144550398335661
truth,40000,0.05,10000,0,3,neutral,all,1000,0.0,0.989,1.0,0.0,5.727,0.989,0.05,0,5727,0.0,0.0,0.989,0.0,0.0,0.989,0.0,0.0,0.989,0.0,0.0,0.989
truth,40000,0.05,10000,0,3,selected,all,100,0.75,0.8235971112221112,0.8828125,0.23287460578637048,5.65,0.97,0.77,75,565,0.64,0.74,0.8199499250749251,0.75,0.77,0.8126880203130203,0.81,0.82,0.8046763653013654,0.82,0.82,0.8046763653013654
truth,40000,0.05,10000,0,3,selected,nonfixed,100,0.75,0.8235971112221112,0.8828125,0.23287460578637048,5.65,0.97,0.77,75,565,0.64,0.74,0.8199499250749251,0.75,0.77,0.8126880203130203,0.81,0.82,0.8046763653013654,0.82,0.82,0.8046763653013654
truth,40000,0.05,10000,0,5,neutral,all,1000,0.0,0.942,1.0,0.0,3.33,0.942,0.05,0,3330,0.0,0.0,0.942,0.0,0.0,0.942,0.0,0.0,0.942,0.0,0.0,0.942
truth,40000,0.05,10000,0,5,selected,all,100,0.62,0.7486428571428572,0.8368421052631579,0.27534487734487734,3.18,0.94,0.77,62,318,0.52,0.62,0.7494761904761905,0.62,0.64,0.7369761904761906,0.68,0.71,0.7140595238095238,0.72,0.73,0.7057261904761906
truth,40000,0.05,10000,0,5,selected,nonfixed,100,0.62,0.7486428571428572,0.8368421052631579,0.27534487734487734,3.18,0.94,0.77,62,318,0.52,0.62,0.7494761904761905,0.62,0.64,0.7369761904761906,0.68,0.71,0.7140595238095238,0.72,0.73,0.7057261904761906
truth,40000,0.05,10000,0,10,neutral,all,1000,0.0,0.662,1.0,0.0,1.211,0.662,0.05,0,1211,0.0,0.0,0.662,0.0,0.0,0.662,0.0,0.0,0.662,0.0,0.0,0.662
truth,40000,0.05,10000,0,10,selected,all,100,0.47,0.4649999999999999,0.6824324324324325,0.35952380952380947,1.01,0.78,0.77,47,101,0.38,0.48,0.4599999999999999,0.47,0.49,0.44999999999999996,0.53,0.55,0.4208333333333333,0.55,0.57,0.4074999999999999
truth,40000,0.05,10000,0,10,selected,nonfixed,100,0.47,0.4649999999999999,0.6824324324324325,0.35952380952380947,1.01,0.78,0.77,47,101,0.38,0.48,0.4599999999999999,0.47,0.49,0.44999999999999996,0.53,0.55,0.4208333333333333,0.55,0.57,0.4074999999999999
truth,40000,0.05,10000,0,20,neutral,all,1000,0.0,0.195,1.0,0.0,0.232,0.195,0.05,0,232,0.0,0.0,0.195,0.0,0.0,0.195,0.0,0.0,0.195,0.0,0.0,0.195
truth,40000,0.05,10000,0,20,selected,all,100,0.18,0.15,0.5135135135135135,0.16666666666666663,0.19,0.31,0.77,18,19,0.16,0.2,0.13,0.18,0.2,0.13,0.2,0.22,0.115,0.22,0.23,0.11
truth,40000,0.05,10000,0,20,selected,nonfixed,100,0.18,0.15,0.5135135135135135,0.16666666666666663,0.19,0.31,0.77,18,19,0.16,0.2,0.13,0.18,0.2,0.13,0.2,0.22,0.115,0.22,0.23,0.11
truth,40000,0.05,10000,1,1,neutral,all,1000,0.0,1.0,1.0,0.0,10.644,1.0,0.05,0,10644,0.0,0.0,1.0,0.0,0.0,1.0,0.0,0.0,1.0,0.0,0.0,1.0
truth,40000,0.05,10000,1,1,selected,all,100,0.88,0.9072372650002714,0.9240724762726489,0.16342217838572848,10.71,1.0,0.77,88,1071,0.77,0.87,0.9081003602383666,0.88,0.89,0.9058086935716999,0.9,0.91,0.9034277411907476,0.93,0.93,0.90085198361499
truth,40000,0.05,10000,1,1,selected,nonfixed,100,0.88,0.9072372650002714,0.9240724762726489,0.16342217838572848,10.71,1.0,0.77,88,1071,0.77,0.87,0.9081003602383666,0.88,0.89,0.9058086935716999,0.9,0.91,0.9034277411907476,0.93,0.93,0.90085198361499
truth,40000,0.05,10000,1,3,neutral,all,1000,0.0,0.991,1.0,0.0,5.611,0.991,0.05,0,5611,0.0,0.0,0.991,0.0,0.0,0.991,0.0,0.0,0.991,0.0,0.0,0.991
truth,40000,0.05,10000,1,3,selected,all,100,0.76,0.8159834054834054,0.8747940691927513,0.24388139638139633,5.31,0.97,0.77,76,531,0.64,0.76,0.8090786435786435,0.76,0.79,0.8018167388167385,0.82,0.84,0.7932141747141747,0.84,0.84,0.7932141747141747
truth,40000,0.05,10000,1,3,selected,nonfixed,100,0.76,0.8159834054834054,0.8747940691927513,0.24388139638139633,5.31,0.97,0.77,76,531,0.64,0.76,0.8090786435786435,0.76,0.79,0.8018167388167385,0.82,0.84,0.7932141747141747,0.84,0.84,0.7932141747141747
truth,40000,0.05,10000,1,5,neutral,all,1000,0.0,0.953,1.0,0.0,3.486,0.953,0.05,0,3486,0.0,0.0,0.953,0.0,0.0,0.953,0.0,0.0,0.953,0.0,0.0,0.953
truth,40000,0.05,10000,1,5,selected,all,100,0.64,0.7482579365079364,0.8341968911917098,0.27773160173160166,3.22,0.94,0.77,64,322,0.53,0.65,0.7457579365079365,0.64,0.67,0.7332579365079366,0.69,0.72,0.7158412698412698,0.74,0.74,0.7075079365079365
truth,40000,0.05,10000,1,5,selected,nonfixed,100,0.64,0.7482579365079364,0.8341968911917098,0.27773160173160166,3.22,0.94,0.77,64,322,0.53,0.65,0.7457579365079365,0.64,0.67,0.7332579365079366,0.69,0.72,0.7158412698412698,0.74,0.74,0.7075079365079365
truth,40000,0.05,10000,1,10,neutral,all,1000,0.0,0.714,1.0,0.0,1.386,0.714,0.05,0,1386,0.0,0.0,0.714,0.0,0.0,0.714,0.0,0.0,0.714,0.0,0.0,0.714
truth,40000,0.05,10000,1,10,selected,all,100,0.48,0.5033333333333333,0.7,0.3558571428571428,1.12,0.81,0.77,48,112,0.39,0.5,0.4883333333333333,0.48,0.53,0.47083333333333327,0.55,0.58,0.45166666666666666,0.58,0.6,0.4383333333333333
truth,40000,0.05,10000,1,10,selected,nonfixed,100,0.48,0.5033333333333333,0.7,0.3558571428571428,1.12,0.81,0.77,48,112,0.39,0.5,0.4883333333333333,0.48,0.53,0.47083333333333327,0.55,0.58,0.45166666666666666,0.58,0.6,0.4383333333333333
truth,40000,0.05,10000,1,20,neutral,all,1000,0.0,0.234,1.0,0.0,0.28,0.234,0.05,0,280,0.0,0.0,0.234,0.0,0.0,0.234,0.0,0.0,0.234,0.0,0.0,0.234
truth,40000,0.05,10000,1,20,selected,all,100,0.22,0.195,0.5319148936170213,0.2033333333333333,0.25,0.39,0.77,22,25,0.19,0.25,0.165,0.22,0.26,0.155,0.25,0.27,0.15,0.27,0.28,0.145
truth,40000,0.05,10000,1,20,selected,nonfixed,100,0.22,0.195,0.5319148936170213,0.2033333333333333,0.25,0.39,0.77,22,25,0.19,0.25,0.165,0.22,0.26,0.155,0.25,0.27,0.15,0.27,0.28,0.145
truth,40000,0.05,20000,0,1,neutral,all,1000,0.0,0.999,1.0,0.0,9.338,0.999,0.05,0,9338,0.0,0.0,0.999,0.0,0.0,0.999,0.0,0.0,0.999,0.0,0.0,0.999
truth,40000,0.05,20000,0,1,selected,all,100,0.87,0.8950019625197644,0.915615906886518,0.1811725122486732,9.44,1.0,0.77,87,944,0.76,0.84,0.897733054956739,0.87,0.87,0.8950019625197644,0.88,0.89,0.8922876768054786,0.91,0.91,0.8892876768054786
truth,40000,0.05,20000,0,1,selected,nonfixed,100,0.87,0.8950019625197644,0.915615906886518,0.1811725122486732,9.44,1.0,0.77,87,944,0.76,0.84,0.897733054956739,0.87,0.87,0.8950019625197644,0.88,0.89,0.8922876768054786,0.91,0.91,0.8892876768054786
truth,40000,0.05,20000,0,3,neutral,all,1000,0.0,0.935,1.0,0.0,3.152,0.935,0.05,0,3152,0.0,0.0,0.935,0.0,0.0,0.935,0.0,0.0,0.935,0.0,0.0,0.935
truth,40000,0.05,20000,0,3,selected,all,100,0.63,0.7235039682539682,0.8215297450424929,0.30146897546897544,2.9,0.94,0.77,63,290,0.51,0.62,0.7345753968253967,0.63,0.66,0.7170753968253968,0.69,0.7,0.7014801587301588,0.72,0.73,0.6898134920634921
truth,40000,0.05,20000,0,3,selected,nonfixed,100,0.63,0.7235039682539682,0.8215297450424929,0.30146897546897544,2.9,0.94,0.77,63,290,0.51,0.62,0.7345753968253967,0.63,0.66,0.7170753968253968,0.69,0.7,0.7014801587301588,0.72,0.73,0.6898134920634921
truth,40000,0.05,20000,0,5,neutral,all,1000,0.0,0.734,1.0,0.0,1.466,0.734,0.05,0,1466,0.0,0.0,0.734,0.0,0.0,0.734,0.0,0.0,0.734,0.0,0.0,0.734
truth,40000,0.05,20000,0,5,selected,all,100,0.48,0.52,0.7090909090909091,0.3441904761904761,1.17,0.81,0.77,48,117,0.38,0.48,0.5175,0.48,0.51,0.5016666666666667,0.55,0.58,0.4675,0.59,0.61,0.44416666666666665
truth,40000,0.05,20000,0,5,selected,nonfixed,100,0.48,0.52,0.7090909090909091,0.3441904761904761,1.17,0.81,0.77,48,117,0.38,0.48,0.5175,0.48,0.51,0.5016666666666667,0.55,0.58,0.4675,0.59,0.61,0.44416666666666665
truth,40000,0.05,20000,0,10,neutral,all,1000,0.0,0.237,1.0,0.0,0.281,0.237,0.05,0,281,0.0,0.0,0.237,0.0,0.0,0.237,0.0,0.0,0.237,0.0,0.0,0.237
truth,40000,0.05,20000,0,10,selected,all,100,0.2,0.205,0.5652173913043478,0.18333333333333332,0.26,0.38,0.77,20,26,0.16,0.21,0.195,0.2,0.22,0.185,0.22,0.24,0.17,0.24,0.25,0.165
truth,40000,0.05,20000,0,10,selected,nonfixed,100,0.2,0.205,0.5652173913043478,0.18333333333333332,0.26,0.38,0.77,20,26,0.16,0.21,0.195,0.2,0.22,0.185,0.22,0.24,0.17,0.24,0.25,0.165
truth,40000,0.05,20000,0,20,neutral,all,1000,0.0,0.018,1.0,0.0,0.018,0.018,0.05,0,18,0.0,0.0,0.018,0.0,0.0,0.018,0.0,0.0,0.018,0.0,0.0,0.018
truth,40000,0.05,20000,0,20,selected,all,100,0.05,0.01,0.2857142857142857,0.05,0.02,0.06,0.77,5,2,0.04,0.05,0.01,0.05,0.05,0.01,0.05,0.05,0.01,0.05,0.06,0.005
truth,40000,0.05,20000,0,20,selected,nonfixed,100,0.05,0.01,0.2857142857142857,0.05,0.02,0.06,0.77,5,2,0.04,0.05,0.01,0.05,0.05,0.01,0.05,0.05,0.01,0.05,0.06,0.005
truth,40000,0.05,20000,1,1,neutral,all,1000,0.0,0.999,1.0,0.0,8.088,0.999,0.05,0,8088,0.0,0.0,0.999,0.0,0.0,0.999,0.0,0.0,0.999,0.0,0.0,0.999
truth,40000,0.05,20000,1,1,selected,all,100,0.85,0.8827950954274484,0.9038461538461539,0.1991198482460092,7.99,1.0,0.77,85,799,0.74,0.84,0.8833283856666209,0.85,0.87,0.8800258646582175,0.87,0.89,0.8771167737491267,0.91,0.91,0.8738667737491268
truth,40000,0.05,20000,1,1,selected,nonfixed,100,0.85,0.8827950954274484,0.9038461538461539,0.1991198482460092,7.99,1.0,0.77,85,799,0.74,0.84,0.8833283856666209,0.85,0.87,0.8800258646582175,0.87,0.89,0.8771167737491267,0.91,0.91,0.8738667737491268
truth,40000,0.05,20000,1,3,neutral,all,1000,0.0,0.945,1.0,0.0,3.263,0.945,0.05,0,3263,0.0,0.0,0.945,0.0,0.0,0.945,0.0,0.0,0.945,0.0,0.0,0.945
truth,40000,0.05,20000,1,3,selected,all,100,0.64,0.708329365079365,0.8134110787172012,0.31734126984126976,2.79,0.94,0.77,64,279,0.54,0.65,0.7119007936507935,0.64,0.68,0.6969007936507936,0.7,0.72,0.6804722222222221,0.74,0.74,0.6738055555555555
truth,40000,0.05,20000,1,3,selected,nonfixed,100,0.64,0.708329365079365,0.8134110787172012,0.31734126984126976,2.79,0.94,0.77,64,279,0.54,0.65,0.7119007936507935,0.64,0.68,0.6969007936507936,0.7,0.72,0.6804722222222221,0.74,0.74,0.6738055555555555
truth,40000,0.05,20000,1,5,neutral,all,1000,0.0,0.779,1.0,0.0,1.624,0.779,0.05,0,1624,0.0,0.0,0.779,0.0,0.0,0.779,0.0,0.0,0.779,0.0,0.0,0.779
truth,40000,0.05,20000,1,5,selected,all,100,0.49,0.575,0.7336956521739131,0.3401904761904761,1.35,0.86,0.77,49,135,0.41,0.51,0.5666666666666667,0.49,0.54,0.5508333333333333,0.56,0.58,0.5375,0.59,0.61,0.5191666666666667
truth,40000,0.05,20000,1,5,selected,nonfixed,100,0.49,0.575,0.7336956521739131,0.3401904761904761,1.35,0.86,0.77,49,135,0.41,0.51,0.5666666666666667,0.49,0.54,0.5508333333333333,0.56,0.58,0.5375,0.59,0.61,0.5191666666666667
truth,40000,0.05,20000,1,10,neutral,all,1000,0.0,0.292,1.0,0.0,0.351,0.292,0.05,0,351,0.0,0.0,0.292,0.0,0.0,0.292,0.0,0.0,0.292,0.0,0.0,0.292
truth,40000,0.05,20000,1,10,selected,all,100,0.24,0.24666666666666667,0.5636363636363636,0.215,0.31,0.45,0.77,24,31,0.19,0.26,0.22666666666666668,0.24,0.27,0.21666666666666667,0.26,0.27,0.21666666666666667,0.27,0.28,0.20666666666666667
truth,40000,0.05,20000,1,10,selected,nonfixed,100,0.24,0.24666666666666667,0.5636363636363636,0.215,0.31,0.45,0.77,24,31,0.19,0.26,0.22666666666666668,0.24,0.27,0.21666666666666667,0.26,0.27,0.21666666666666667,0.27,0.28,0.20666666666666667
truth,40000,0.05,20000,1,20,neutral,all,1000,0.0,0.026,1.0,0.0,0.026,0.026,0.05,0,26,0.0,0.0,0.026,0.0,0.0,0.026,0.0,0.0,0.026,0.0,0.0,0.026
truth,40000,0.05,20000,1,20,selected,all,100,0.07,0.04,0.36363636363636365,0.07,0.04,0.11,0.77,7,4,0.06,0.08,0.03,0.07,0.08,0.03,0.07,0.08,0.03,0.08,0.09,0.02
truth,40000,0.05,20000,1,20,selected,nonfixed,100,0.07,0.04,0.36363636363636365,0.07,0.04,0.11,0.77,7,4,0.06,0.08,0.03,0.07,0.08,0.03,0.07,0.08,0.03,0.08,0.09,0.02
truth,40000,0.05,50000,0,1,neutral,all,1000,0.0,0.99,1.0,0.0,5.74,0.99,0.05,0,5740,0.0,0.0,0.99,0.0,0.0,0.99,0.0,0.0,0.99,0.0,0.0,0.99
truth,40000,0.05,50000,0,1,selected,all,100,0.82,0.8434294316794316,0.8694267515923567,0.25095709845709846,5.46,1.0,0.77,82,546,0.74,0.81,0.8424770507270507,0.82,0.83,0.8384294316794316,0.85,0.86,0.8311794316794316,0.87,0.87,0.8211794316794316
truth,40000,0.05,50000,0,1,selected,nonfixed,100,0.82,0.8434294316794316,0.8694267515923567,0.25095709845709846,5.46,1.0,0.77,82,546,0.74,0.81,0.8424770507270507,0.82,0.83,0.8384294316794316,0.85,0.86,0.8311794316794316,0.87,0.87,0.8211794316794316
truth,40000,0.05,50000,0,3,neutral,all,1000,0.0,0.619,1.0,0.0,1.016,0.619,0.05,0,1016,0.0,0.0,0.619,0.0,0.0,0.619,0.0,0.0,0.619,0.0,0.0,0.619
truth,40000,0.05,50000,0,3,selected,all,100,0.44,0.40633333333333327,0.6535433070866141,0.3363333333333333,0.83,0.7,0.77,44,83,0.39,0.45,0.40133333333333326,0.44,0.48,0.3846666666666667,0.47,0.5,0.37633333333333324,0.5,0.51,0.37133333333333324
truth,40000,0.05,50000,0,3,selected,nonfixed,100,0.44,0.40633333333333327,0.6535433070866141,0.3363333333333333,0.83,0.7,0.77,44,83,0.39,0.45,0.40133333333333326,0.44,0.48,0.3846666666666667,0.47,0.5,0.37633333333333324,0.5,0.51,0.37133333333333324
truth,40000,0.05,50000,0,5,neutral,all,1000,0.0,0.2,1.0,0.0,0.236,0.2,0.05,0,236,0.0,0.0,0.2,0.0,0.0,0.2,0.0,0.0,0.2,0.0,0.0,0.2
truth,40000,0.05,50000,0,5,selected,all,100,0.22,0.15166666666666667,0.45,0.205,0.18,0.35,0.77,22,18,0.19,0.23,0.1416666666666667,0.22,0.23,0.1416666666666667,0.22,0.23,0.1416666666666667,0.23,0.24,0.13166666666666668
truth,40000,0.05,50000,0,5,selected,nonfixed,100,0.22,0.15166666666666667,0.45,0.205,0.18,0.35,0.77,22,18,0.19,0.23,0.1416666666666667,0.22,0.23,0.1416666666666667,0.22,0.23,0.1416666666666667,0.23,0.24,0.13166666666666668
truth,40000,0.05,50000,0,10,neutral,all,1000,0.0,0.008,1.0,0.0,0.008,0.008,0.05,0,8,0.0,0.0,0.008,0.0,0.0,0.008,0.0,0.0,0.008,0.0,0.0,0.008
truth,40000,0.05,50000,0,10,selected,all,100,0.02,0.02,0.5,0.02,0.02,0.04,0.77,2,2,0.02,0.03,0.01,0.02,0.03,0.01,0.02,0.03,0.01,0.03,0.04,0.0
truth,40000,0.05,50000,0,10,selected,nonfixed,100,0.02,0.02,0.5,0.02,0.02,0.04,0.77,2,2,0.02,0.03,0.01,0.02,0.03,0.01,0.02,0.03,0.01,0.03,0.04,0.0
truth,40000,0.05,50000,0,20,neutral,all,1000,0.0,0.0,,0.0,0.0,0.0,0.05,0,0,0.0,0.0,0.0,0.0,0.0,0.0,0.0,0.0,0.0,0.0,0.0,0.0
truth,40000,0.05,50000,0,20,selected,all,100,0.0,0.01,1.0,0.0,0.01,0.01,0.77,0,1,0.0,0.0,0.01,0.0,0.0,0.01,0.0,0.0,0.01,0.0,0.01,0.0
truth,40000,0.05,50000,0,20,selected,nonfixed,100,0.0,0.01,1.0,0.0,0.01,0.01,0.77,0,1,0.0,0.0,0.01,0.0,0.0,0.01,0.0,0.0,0.01,0.0,0.01,0.0
truth,40000,0.05,50000,1,1,neutral,all,1000,0.0,0.99,1.0,0.0,5.138,0.99,0.05,0,5138,0.0,0.0,0.99,0.0,0.0,0.99,0.0,0.0,0.99,0.0,0.0,0.99
truth,40000,0.05,50000,1,1,selected,all,100,0.77,0.8292889610389611,0.8568773234200744,0.267517538017538,4.61,1.0,0.77,77,461,0.7,0.81,0.821193722943723,0.77,0.83,0.815193722943723,0.84,0.86,0.8078326118326119,0.87,0.87,0.7978326118326119
truth,40000,0.05,50000,1,1,selected,nonfixed,100,0.77,0.8292889610389611,0.8568773234200744,0.267517538017538,4.61,1.0,0.77,77,461,0.7,0.81,0.821193722943723,0.77,0.83,0.815193722943723,0.84,0.86,0.8078326118326119,0.87,0.87,0.7978326118326119
truth,40000,0.05,50000,1,3,neutral,all,1000,0.0,0.679,1.0,0.0,1.155,0.679,0.05,0,1155,0.0,0.0,0.679,0.0,0.0,0.679,0.0,0.0,0.679,0.0,0.0,0.679
truth,40000,0.05,50000,1,3,selected,all,100,0.47,0.47416666666666674,0.678082191780822,0.352,0.99,0.78,0.77,47,99,0.42,0.52,0.4441666666666667,0.47,0.53,0.4416666666666667,0.51,0.54,0.4366666666666667,0.54,0.55,0.4316666666666667
truth,40000,0.05,50000,1,3,selected,nonfixed,100,0.47,0.47416666666666674,0.678082191780822,0.352,0.99,0.78,0.77,47,99,0.42,0.52,0.4441666666666667,0.47,0.53,0.4416666666666667,0.51,0.54,0.4366666666666667,0.54,0.55,0.4316666666666667
truth,40000,0.05,50000,1,5,neutral,all,1000,0.0,0.266,1.0,0.0,0.318,0.266,0.05,0,318,0.0,0.0,0.266,0.0,0.0,0.266,0.0,0.0,0.266,0.0,0.0,0.266
truth,40000,0.05,50000,1,5,selected,all,100,0.29,0.22166666666666665,0.48214285714285715,0.26166666666666666,0.27,0.47,0.77,29,27,0.26,0.32,0.19166666666666665,0.29,0.32,0.19166666666666665,0.31,0.32,0.19166666666666665,0.32,0.33,0.18166666666666664
truth,40000,0.05,50000,1,5,selected,nonfixed,100,0.29,0.22166666666666665,0.48214285714285715,0.26166666666666666,0.27,0.47,0.77,29,27,0.26,0.32,0.19166666666666665,0.29,0.32,0.19166666666666665,0.31,0.32,0.19166666666666665,0.32,0.33,0.18166666666666664
truth,40000,0.05,50000,1,10,neutral,all,1000,0.0,0.027,1.0,0.0,0.028,0.027,0.05,0,28,0.0,0.0,0.027,0.0,0.0,0.027,0.0,0.0,0.027,0.0,0.0,0.027
truth,40000,0.05,50000,1,10,selected,all,100,0.04,0.04,0.5,0.04,0.04,0.08,0.77,4,4,0.04,0.05,0.03,0.04,0.05,0.03,0.04,0.06,0.02,0.05,0.07,0.01
truth,40000,0.05,50000,1,10,selected,nonfixed,100,0.04,0.04,0.5,0.04,0.04,0.08,0.77,4,4,0.04,0.05,0.03,0.04,0.05,0.03,0.04,0.06,0.02,0.05,0.07,0.01
truth,40000,0.05,50000,1,20,neutral,all,1000,0.0,0.001,1.0,0.0,0.001,0.001,0.05,0,1,0.0,0.0,0.001,0.0,0.0,0.001,0.0,0.0,0.001,0.0,0.0,0.001
truth,40000,0.05,50000,1,20,selected,all,100,0.0,0.01,1.0,0.0,0.01,0.01,0.77,0,1,0.0,0.0,0.01,0.0,0.0,0.01,0.0,0.0,0.01,0.0,0.01,0.0
truth,40000,0.05,50000,1,20,selected,nonfixed,100,0.0,0.01,1.0,0.0,0.01,0.01,0.77,0,1,0.0,0.0,0.01,0.0,0.0,0.01,0.0,0.0,0.01,0.0,0.01,0.0
truth,50000,0.001,10000,0,1,neutral,all,1000,0.0,0.31,1.0,0.0,0.467,0.31,0.001,0,467,0.0,0.0,0.31,0.0,0.0,0.31,0.0,0.0,0.31,0.0,0.0,0.31
truth,50000,0.001,10000,0,1,selected,all,100,0.53,0.33890476190476193,0.624113475177305,0.3888333333333333,0.88,0.68,0.42,53,88,0.52,0.52,0.34390476190476194,0.53,0.53,0.33890476190476193,0.56,0.56,0.3189047619047619,0.56,0.56,0.3189047619047619
truth,50000,0.001,10000,0,1,selected,nonfixed,100,0.53,0.33890476190476193,0.624113475177305,0.3888333333333333,0.88,0.68,0.42,53,88,0.52,0.52,0.34390476190476194,0.53,0.53,0.33890476190476193,0.56,0.56,0.3189047619047619,0.56,0.56,0.3189047619047619
truth,50000,0.001,10000,0,3,neutral,all,1000,0.0,0.11,1.0,0.0,0.132,0.11,0.001,0,132,0.0,0.0,0.11,0.0,0.0,0.11,0.0,0.0,0.11,0.0,0.0,0.11
truth,50000,0.001,10000,0,3,selected,all,100,0.42,0.09333333333333332,0.3114754098360656,0.36999999999999994,0.19,0.44,0.42,42,19,0.42,0.42,0.09333333333333332,0.42,0.42,0.09333333333333332,0.42,0.42,0.09333333333333332,0.42,0.42,0.09333333333333332
truth,50000,0.001,10000,0,3,selected,nonfixed,100,0.42,0.09333333333333332,0.3114754098360656,0.36999999999999994,0.19,0.44,0.42,42,19,0.42,0.42,0.09333333333333332,0.42,0.42,0.09333333333333332,0.42,0.42,0.09333333333333332,0.42,0.42,0.09333333333333332
truth,50000,0.001,10000,0,5,neutral,all,1000,0.0,0.037,1.0,0.0,0.041,0.037,0.001,0,41,0.0,0.0,0.037,0.0,0.0,0.037,0.0,0.0,0.037,0.0,0.0,0.037
truth,50000,0.001,10000,0,5,selected,all,100,0.32,0.035,0.13513513513513514,0.31,0.05,0.34,0.42,32,5,0.32,0.33,0.025,0.32,0.33,0.025,0.33,0.33,0.025,0.33,0.33,0.025
truth,50000,0.001,10000,0,5,selected,nonfixed,100,0.32,0.035,0.13513513513513514,0.31,0.05,0.34,0.42,32,5,0.32,0.33,0.025,0.32,0.33,0.025,0.33,0.33,0.025,0.33,0.33,0.025
truth,50000,0.001,10000,0,10,neutral,all,1000,0.0,0.003,1.0,0.0,0.004,0.003,0.001,0,4,0.0,0.0,0.003,0.0,0.0,0.003,0.0,0.0,0.003,0.0,0.0,0.003
truth,50000,0.001,10000,0,10,selected,all,100,0.14,0.01,0.06666666666666667,0.14,0.01,0.15,0.42,14,1,0.14,0.15,0.0,0.14,0.15,0.0,0.15,0.15,0.0,0.15,0.15,0.0
truth,50000,0.001,10000,0,10,selected,nonfixed,100,0.14,0.01,0.06666666666666667,0.14,0.01,0.15,0.42,14,1,0.14,0.15,0.0,0.14,0.15,0.0,0.15,0.15,0.0,0.15,0.15,0.0
truth,50000,0.001,10000,0,20,neutral,all,1000,0.0,0.001,1.0,0.0,0.001,0.001,0.001,0,1,0.0,0.0,0.001,0.0,0.0,0.001,0.0,0.0,0.001,0.0,0.0,0.001
truth,50000,0.001,10000,0,20,selected,all,100,0.02,0.0,0.0,0.02,0.0,0.02,0.42,2,0,0.02,0.02,0.0,0.02,0.02,0.0,0.02,0.02,0.0,0.02,0.02,0.0
truth,50000,0.001,10000,0,20,selected,nonfixed,100,0.02,0.0,0.0,0.02,0.0,0.02,0.42,2,0,0.02,0.02,0.0,0.02,0.02,0.0,0.02,0.02,0.0,0.02,0.02,0.0
truth,50000,0.001,10000,1,1,neutral,all,1000,0.0,0.31,1.0,0.0,0.423,0.31,0.001,0,423,0.0,0.0,0.31,0.0,0.0,0.31,0.0,0.0,0.31,0.0,0.0,0.31
truth,50000,0.001,10000,1,1,selected,all,100,0.52,0.32599999999999996,0.5873015873015873,0.39719047619047615,0.74,0.68,0.42,52,74,0.51,0.52,0.32599999999999996,0.52,0.53,0.316,0.56,0.56,0.296,0.56,0.56,0.296
truth,50000,0.001,10000,1,1,selected,nonfixed,100,0.52,0.32599999999999996,0.5873015873015873,0.39719047619047615,0.74,0.68,0.42,52,74,0.51,0.52,0.32599999999999996,0.52,0.53,0.316,0.56,0.56,0.296,0.56,0.56,0.296
truth,50000,0.001,10000,1,3,neutral,all,1000,0.0,0.117,1.0,0.0,0.135,0.117,0.001,0,135,0.0,0.0,0.117,0.0,0.0,0.117,0.0,0.0,0.117,0.0,0.0,0.117
truth,50000,0.001,10000,1,3,selected,all,100,0.41,0.10833333333333332,0.3050847457627119,0.36999999999999994,0.18,0.46,0.42,41,18,0.41,0.42,0.09833333333333333,0.41,0.42,0.09833333333333333,0.42,0.42,0.09833333333333333,0.42,0.42,0.09833333333333333
truth,50000,0.001,10000,1,3,selected,nonfixed,100,0.41,0.10833333333333332,0.3050847457627119,0.36999999999999994,0.18,0.46,0.42,41,18,0.41,0.42,0.09833333333333333,0.41,0.42,0.09833333333333333,0.42,0.42,0.09833333333333333,0.42,0.42,0.09833333333333333
truth,50000,0.001,10000,1,5,neutral,all,1000,0.0,0.049,1.0,0.0,0.052,0.049,0.001,0,52,0.0,0.0,0.049,0.0,0.0,0.049,0.0,0.0,0.049,0.0,0.0,0.049
truth,50000,0.001,10000,1,5,selected,all,100,0.32,0.045,0.15789473684210525,0.31,0.06,0.35,0.42,32,6,0.32,0.33,0.035,0.32,0.33,0.035,0.33,0.33,0.035,0.33,0.33,0.035
truth,50000,0.001,10000,1,5,selected,nonfixed,100,0.32,0.045,0.15789473684210525,0.31,0.06,0.35,0.42,32,6,0.32,0.33,0.035,0.32,0.33,0.035,0.33,0.33,0.035,0.33,0.33,0.035
truth,50000,0.001,10000,1,10,neutral,all,1000,0.0,0.006,1.0,0.0,0.007,0.006,0.001,0,7,0.0,0.0,0.006,0.0,0.0,0.006,0.0,0.0,0.006,0.0,0.0,0.006
truth,50000,0.001,10000,1,10,selected,all,100,0.14,0.02,0.125,0.14,0.02,0.16,0.42,14,2,0.14,0.15,0.01,0.14,0.15,0.01,0.15,0.15,0.01,0.15,0.15,0.01
truth,50000,0.001,10000,1,10,selected,nonfixed,100,0.14,0.02,0.125,0.14,0.02,0.16,0.42,14,2,0.14,0.15,0.01,0.14,0.15,0.01,0.15,0.15,0.01,0.15,0.15,0.01
truth,50000,0.001,10000,1,20,neutral,all,1000,0.0,0.001,1.0,0.0,0.001,0.001,0.001,0,1,0.0,0.0,0.001,0.0,0.0,0.001,0.0,0.0,0.001,0.0,0.0,0.001
truth,50000,0.001,10000,1,20,selected,all,100,0.02,0.0,0.0,0.02,0.0,0.02,0.42,2,0,0.02,0.02,0.0,0.02,0.02,0.0,0.02,0.02,0.0,0.02,0.02,0.0
truth,50000,0.001,10000,1,20,selected,nonfixed,100,0.02,0.0,0.0,0.02,0.0,0.02,0.42,2,0,0.02,0.02,0.0,0.02,0.02,0.0,0.02,0.02,0.0,0.02,0.02,0.0
truth,50000,0.001,20000,0,1,neutral,all,1000,0.0,0.246,1.0,0.0,0.327,0.246,0.001,0,327,0.0,0.0,0.246,0.0,0.0,0.246,0.0,0.0,0.246,0.0,0.0,0.246
truth,50000,0.001,20000,0,1,selected,all,100,0.47,0.2783333333333333,0.5566037735849056,0.3625238095238095,0.59,0.6,0.42,47,59,0.44,0.45,0.29833333333333334,0.47,0.47,0.2783333333333333,0.48,0.48,0.2683333333333333,0.49,0.49,0.2583333333333333
truth,50000,0.001,20000,0,1,selected,nonfixed,100,0.47,0.2783333333333333,0.5566037735849056,0.3625238095238095,0.59,0.6,0.42,47,59,0.44,0.45,0.29833333333333334,0.47,0.47,0.2783333333333333,0.48,0.48,0.2683333333333333,0.49,0.49,0.2583333333333333
truth,50000,0.001,20000,0,3,neutral,all,1000,0.0,0.039,1.0,0.0,0.04,0.039,0.001,0,40,0.0,0.0,0.039,0.0,0.0,0.039,0.0,0.0,0.039,0.0,0.0,0.039
truth,50000,0.001,20000,0,3,selected,all,100,0.28,0.025,0.125,0.27,0.04,0.29,0.42,28,4,0.26,0.27,0.035,0.28,0.28,0.025,0.28,0.28,0.025,0.28,0.28,0.025
truth,50000,0.001,20000,0,3,selected,nonfixed,100,0.28,0.025,0.125,0.27,0.04,0.29,0.42,28,4,0.26,0.27,0.035,0.28,0.28,0.025,0.28,0.28,0.025,0.28,0.28,0.025
truth,50000,0.001,20000,0,5,neutral,all,1000,0.0,0.004,1.0,0.0,0.005,0.004,0.001,0,5,0.0,0.0,0.004,0.0,0.0,0.004,0.0,0.0,0.004,0.0,0.0,0.004
truth,50000,0.001,20000,0,5,selected,all,100,0.17,0.01,0.05555555555555555,0.17,0.01,0.18,0.42,17,1,0.16,0.16,0.02,0.17,0.17,0.01,0.17,0.17,0.01,0.17,0.17,0.01
truth,50000,0.001,20000,0,5,selected,nonfixed,100,0.17,0.01,0.05555555555555555,0.17,0.01,0.18,0.42,17,1,0.16,0.16,0.02,0.17,0.17,0.01,0.17,0.17,0.01,0.17,0.17,0.01
truth,50000,0.001,20000,0,10,neutral,all,1000,0.0,0.001,1.0,0.0,0.001,0.001,0.001,0,1,0.0,0.0,0.001,0.0,0.0,0.001,0.0,0.0,0.001,0.0,0.0,0.001
truth,50000,0.001,20000,0,10,selected,all,100,0.03,0.0,0.0,0.03,0.0,0.03,0.42,3,0,0.03,0.03,0.0,0.03,0.03,0.0,0.03,0.03,0.0,0.03,0.03,0.0
truth,50000,0.001,20000,0,10,selected,nonfixed,100,0.03,0.0,0.0,0.03,0.0,0.03,0.42,3,0,0.03,0.03,0.0,0.03,0.03,0.0,0.03,0.03,0.0,0.03,0.03,0.0
truth,50000,0.001,20000,0,20,neutral,all,1000,0.0,0.0,,0.0,0.0,0.0,0.001,0,0,0.0,0.0,0.0,0.0,0.0,0.0,0.0,0.0,0.0,0.0,0.0,0.0
truth,50000,0.001,20000,0,20,selected,all,100,0.0,0.0,,0.0,0.0,0.0,0.42,0,0,0.0,0.0,0.0,0.0,0.0,0.0,0.0,0.0,0.0,0.0,0.0,0.0
truth,50000,0.001,20000,0,20,selected,nonfixed,100,0.0,0.0,,0.0,0.0,0.0,0.42,0,0,0.0,0.0,0.0,0.0,0.0,0.0,0.0,0.0,0.0,0.0,0.0,0.0
truth,50000,0.001,20000,1,1,neutral,all,1000,0.0,0.246,1.0,0.0,0.307,0.246,0.001,0,307,0.0,0.0,0.246,0.0,0.0,0.246,0.0,0.0,0.246,0.0,0.0,0.246
truth,50000,0.001,20000,1,1,selected,all,100,0.47,0.24583333333333335,0.47191011235955055,0.389,0.42,0.6,0.42,47,42,0.43,0.45,0.26583333333333337,0.47,0.47,0.24583333333333335,0.48,0.48,0.23583333333333337,0.49,0.49,0.22583333333333336
truth,50000,0.001,20000,1,1,selected,nonfixed,100,0.47,0.24583333333333335,0.47191011235955055,0.389,0.42,0.6,0.42,47,42,0.43,0.45,0.26583333333333337,0.47,0.47,0.24583333333333335,0.48,0.48,0.23583333333333337,0.49,0.49,0.22583333333333336
truth,50000,0.001,20000,1,3,neutral,all,1000,0.0,0.043,1.0,0.0,0.047,0.043,0.001,0,47,0.0,0.0,0.043,0.0,0.0,0.043,0.0,0.0,0.043,0.0,0.0,0.043
truth,50000,0.001,20000,1,3,selected,all,100,0.3,0.035,0.14285714285714285,0.29,0.05,0.32,0.42,30,5,0.28,0.3,0.035,0.3,0.3,0.035,0.3,0.3,0.035,0.3,0.3,0.035
truth,50000,0.001,20000,1,3,selected,nonfixed,100,0.3,0.035,0.14285714285714285,0.29,0.05,0.32,0.42,30,5,0.28,0.3,0.035,0.3,0.3,0.035,0.3,0.3,0.035,0.3,0.3,0.035
truth,50000,0.001,20000,1,5,neutral,all,1000,0.0,0.007,1.0,0.0,0.008,0.007,0.001,0,8,0.0,0.0,0.007,0.0,0.0,0.007,0.0,0.0,0.007,0.0,0.0,0.007
truth,50000,0.001,20000,1,5,selected,all,100,0.18,0.01,0.05263157894736842,0.18,0.01,0.19,0.42,18,1,0.17,0.18,0.01,0.18,0.18,0.01,0.18,0.18,0.01,0.18,0.18,0.01
truth,50000,0.001,20000,1,5,selected,nonfixed,100,0.18,0.01,0.05263157894736842,0.18,0.01,0.19,0.42,18,1,0.17,0.18,0.01,0.18,0.18,0.01,0.18,0.18,0.01,0.18,0.18,0.01
truth,50000,0.001,20000,1,10,neutral,all,1000,0.0,0.001,1.0,0.0,0.001,0.001,0.001,0,1,0.0,0.0,0.001,0.0,0.0,0.001,0.0,0.0,0.001,0.0,0.0,0.001
truth,50000,0.001,20000,1,10,selected,all,100,0.04,0.0,0.0,0.04,0.0,0.04,0.42,4,0,0.04,0.04,0.0,0.04,0.04,0.0,0.04,0.04,0.0,0.04,0.04,0.0
truth,50000,0.001,20000,1,10,selected,nonfixed,100,0.04,0.0,0.0,0.04,0.0,0.04,0.42,4,0,0.04,0.04,0.0,0.04,0.04,0.0,0.04,0.04,0.0,0.04,0.04,0.0
truth,50000,0.001,20000,1,20,neutral,all,1000,0.0,0.0,,0.0,0.0,0.0,0.001,0,0,0.0,0.0,0.0,0.0,0.0,0.0,0.0,0.0,0.0,0.0,0.0,0.0
truth,50000,0.001,20000,1,20,selected,all,100,0.0,0.0,,0.0,0.0,0.0,0.42,0,0,0.0,0.0,0.0,0.0,0.0,0.0,0.0,0.0,0.0,0.0,0.0,0.0
truth,50000,0.001,20000,1,20,selected,nonfixed,100,0.0,0.0,,0.0,0.0,0.0,0.42,0,0,0.0,0.0,0.0,0.0,0.0,0.0,0.0,0.0,0.0,0.0,0.0,0.0
truth,50000,0.001,50000,0,1,neutral,all,1000,0.0,0.156,1.0,0.0,0.176,0.156,0.001,0,176,0.0,0.0,0.156,0.0,0.0,0.156,0.0,0.0,0.156,0.0,0.0,0.156
truth,50000,0.001,50000,0,1,selected,all,100,0.43,0.10666666666666666,0.25862068965517243,0.41166666666666674,0.15,0.51,0.42,43,15,0.41,0.42,0.11666666666666665,0.43,0.43,0.10666666666666666,0.45,0.45,0.09166666666666666,0.45,0.45,0.09166666666666666
truth,50000,0.001,50000,0,1,selected,nonfixed,100,0.43,0.10666666666666666,0.25862068965517243,0.41166666666666674,0.15,0.51,0.42,43,15,0.41,0.42,0.11666666666666665,0.43,0.43,0.10666666666666666,0.45,0.45,0.09166666666666666,0.45,0.45,0.09166666666666666
truth,50000,0.001,50000,0,3,neutral,all,1000,0.0,0.004,1.0,0.0,0.004,0.004,0.001,0,4,0.0,0.0,0.004,0.0,0.0,0.004,0.0,0.0,0.004,0.0,0.0,0.004
truth,50000,0.001,50000,0,3,selected,all,100,0.1,0.01,0.09090909090909091,0.1,0.01,0.11,0.42,10,1,0.09,0.1,0.01,0.1,0.1,0.01,0.1,0.1,0.01,0.1,0.1,0.01
truth,50000,0.001,50000,0,3,selected,nonfixed,100,0.1,0.01,0.09090909090909091,0.1,0.01,0.11,0.42,10,1,0.09,0.1,0.01,0.1,0.1,0.01,0.1,0.1,0.01,0.1,0.1,0.01
truth,50000,0.001,50000,0,5,neutral,all,1000,0.0,0.0,,0.0,0.0,0.0,0.001,0,0,0.0,0.0,0.0,0.0,0.0,0.0,0.0,0.0,0.0,0.0,0.0,0.0
truth,50000,0.001,50000,0,5,selected,all,100,0.0,0.0,,0.0,0.0,0.0,0.42,0,0,0.0,0.0,0.0,0.0,0.0,0.0,0.0,0.0,0.0,0.0,0.0,0.0
truth,50000,0.001,50000,0,5,selected,nonfixed,100,0.0,0.0,,0.0,0.0,0.0,0.42,0,0,0.0,0.0,0.0,0.0,0.0,0.0,0.0,0.0,0.0,0.0,0.0,0.0
truth,50000,0.001,50000,0,10,neutral,all,1000,0.0,0.0,,0.0,0.0,0.0,0.001,0,0,0.0,0.0,0.0,0.0,0.0,0.0,0.0,0.0,0.0,0.0,0.0,0.0
truth,50000,0.001,50000,0,10,selected,all,100,0.0,0.0,,0.0,0.0,0.0,0.42,0,0,0.0,0.0,0.0,0.0,0.0,0.0,0.0,0.0,0.0,0.0,0.0,0.0
truth,50000,0.001,50000,0,10,selected,nonfixed,100,0.0,0.0,,0.0,0.0,0.0,0.42,0,0,0.0,0.0,0.0,0.0,0.0,0.0,0.0,0.0,0.0,0.0,0.0,0.0
truth,50000,0.001,50000,0,20,neutral,all,1000,0.0,0.0,,0.0,0.0,0.0,0.001,0,0,0.0,0.0,0.0,0.0,0.0,0.0,0.0,0.0,0.0,0.0,0.0,0.0
truth,50000,0.001,50000,0,20,selected,all,100,0.0,0.0,,0.0,0.0,0.0,0.42,0,0,0.0,0.0,0.0,0.0,0.0,0.0,0.0,0.0,0.0,0.0,0.0,0.0
truth,50000,0.001,50000,0,20,selected,nonfixed,100,0.0,0.0,,0.0,0.0,0.0,0.42,0,0,0.0,0.0,0.0,0.0,0.0,0.0,0.0,0.0,0.0,0.0,0.0,0.0
truth,50000,0.001,50000,1,1,neutral,all,1000,0.0,0.156,1.0,0.0,0.172,0.156,0.001,0,172,0.0,0.0,0.156,0.0,0.0,0.156,0.0,0.0,0.156,0.0,0.0,0.156
truth,50000,0.001,50000,1,1,selected,all,100,0.43,0.10666666666666666,0.25862068965517243,0.41166666666666674,0.15,0.51,0.42,43,15,0.41,0.42,0.11666666666666665,0.43,0.43,0.10666666666666666,0.45,0.45,0.09166666666666666,0.45,0.45,0.09166666666666666
truth,50000,0.001,50000,1,1,selected,nonfixed,100,0.43,0.10666666666666666,0.25862068965517243,0.41166666666666674,0.15,0.51,0.42,43,15,0.41,0.42,0.11666666666666665,0.43,0.43,0.10666666666666666,0.45,0.45,0.09166666666666666,0.45,0.45,0.09166666666666666
truth,50000,0.001,50000,1,3,neutral,all,1000,0.0,0.005,1.0,0.0,0.005,0.005,0.001,0,5,0.0,0.0,0.005,0.0,0.0,0.005,0.0,0.0,0.005,0.0,0.0,0.005
truth,50000,0.001,50000,1,3,selected,all,100,0.1,0.01,0.09090909090909091,0.1,0.01,0.11,0.42,10,1,0.09,0.1,0.01,0.1,0.1,0.01,0.1,0.1,0.01,0.1,0.1,0.01
truth,50000,0.001,50000,1,3,selected,nonfixed,100,0.1,0.01,0.09090909090909091,0.1,0.01,0.11,0.42,10,1,0.09,0.1,0.01,0.1,0.1,0.01,0.1,0.1,0.01,0.1,0.1,0.01
truth,50000,0.001,50000,1,5,neutral,all,1000,0.0,0.0,,0.0,0.0,0.0,0.001,0,0,0.0,0.0,0.0,0.0,0.0,0.0,0.0,0.0,0.0,0.0,0.0,0.0
truth,50000,0.001,50000,1,5,selected,all,100,0.0,0.0,,0.0,0.0,0.0,0.42,0,0,0.0,0.0,0.0,0.0,0.0,0.0,0.0,0.0,0.0,0.0,0.0,0.0
truth,50000,0.001,50000,1,5,selected,nonfixed,100,0.0,0.0,,0.0,0.0,0.0,0.42,0,0,0.0,0.0,0.0,0.0,0.0,0.0,0.0,0.0,0.0,0.0,0.0,0.0
truth,50000,0.001,50000,1,10,neutral,all,1000,0.0,0.0,,0.0,0.0,0.0,0.001,0,0,0.0,0.0,0.0,0.0,0.0,0.0,0.0,0.0,0.0,0.0,0.0,0.0
truth,50000,0.001,50000,1,10,selected,all,100,0.0,0.0,,0.0,0.0,0.0,0.42,0,0,0.0,0.0,0.0,0.0,0.0,0.0,0.0,0.0,0.0,0.0,0.0,0.0
truth,50000,0.001,50000,1,10,selected,nonfixed,100,0.0,0.0,,0.0,0.0,0.0,0.42,0,0,0.0,0.0,0.0,0.0,0.0,0.0,0.0,0.0,0.0,0.0,0.0,0.0
truth,50000,0.001,50000,1,20,neutral,all,1000,0.0,0.0,,0.0,0.0,0.0,0.001,0,0,0.0,0.0,0.0,0.0,0.0,0.0,0.0,0.0,0.0,0.0,0.0,0.0
truth,50000,0.001,50000,1,20,selected,all,100,0.0,0.0,,0.0,0.0,0.0,0.42,0,0,0.0,0.0,0.0,0.0,0.0,0.0,0.0,0.0,0.0,0.0,0.0,0.0
truth,50000,0.001,50000,1,20,selected,nonfixed,100,0.0,0.0,,0.0,0.0,0.0,0.42,0,0,0.0,0.0,0.0,0.0,0.0,0.0,0.0,0.0,0.0,0.0,0.0,0.0
truth,50000,0.01,10000,0,1,neutral,all,1000,0.0,0.899,1.0,0.0,3.502,0.899,0.01,0,3502,0.0,0.0,0.899,0.0,0.0,0.899,0.0,0.0,0.899,0.0,0.0,0.899
truth,50000,0.01,10000,0,1,selected,all,100,0.78,0.7843441558441558,0.8430583501006036,0.2954945507708665,4.19,0.98,0.73,78,419,0.74,0.76,0.7880941558441559,0.78,0.79,0.7818441558441559,0.79,0.81,0.7784155844155844,0.81,0.81,0.7784155844155844
truth,50000,0.01,10000,0,1,selected,nonfixed,100,0.78,0.7843441558441558,0.8430583501006036,0.2954945507708665,4.19,0.98,0.73,78,419,0.74,0.76,0.7880941558441559,0.78,0.79,0.7818441558441559,0.79,0.81,0.7784155844155844,0.81,0.81,0.7784155844155844
truth,50000,0.01,10000,0,3,neutral,all,1000,0.0,0.649,1.0,0.0,1.254,0.649,0.01,0,1254,0.0,0.0,0.649,0.0,0.0,0.649,0.0,0.0,0.649,0.0,0.0,0.649
truth,50000,0.01,10000,0,3,selected,all,100,0.7,0.48607142857142854,0.6650717703349283,0.46907142857142853,1.39,0.88,0.73,70,139,0.67,0.69,0.4800714285714286,0.7,0.71,0.47607142857142853,0.72,0.74,0.46823809523809523,0.75,0.75,0.4632380952380952
truth,50000,0.01,10000,0,3,selected,nonfixed,100,0.7,0.48607142857142854,0.6650717703349283,0.46907142857142853,1.39,0.88,0.73,70,139,0.67,0.69,0.4800714285714286,0.7,0.71,0.47607142857142853,0.72,0.74,0.46823809523809523,0.75,0.75,0.4632380952380952
truth,50000,0.01,10000,0,5,neutral,all,1000,0.0,0.419,1.0,0.0,0.622,0.419,0.01,0,622,0.0,0.0,0.419,0.0,0.0,0.419,0.0,0.0,0.419,0.0,0.0,0.419
truth,50000,0.01,10000,0,5,selected,all,100,0.58,0.3468333333333334,0.5639097744360902,0.45166666666666666,0.75,0.75,0.73,58,75,0.56,0.58,0.3393333333333334,0.58,0.59,0.3368333333333334,0.6,0.61,0.32683333333333336,0.61,0.61,0.32683333333333336
truth,50000,0.01,10000,0,5,selected,nonfixed,100,0.58,0.3468333333333334,0.5639097744360902,0.45166666666666666,0.75,0.75,0.73,58,75,0.56,0.58,0.3393333333333334,0.58,0.59,0.3368333333333334,0.6,0.61,0.32683333333333336,0.61,0.61,0.32683333333333336
truth,50000,0.01,10000,0,10,neutral,all,1000,0.0,0.115,1.0,0.0,0.131,0.115,0.01,0,131,0.0,0.0,0.115,0.0,0.0,0.115,0.0,0.0,0.115,0.0,0.0,0.115
truth,50000,0.01,10000,0,10,selected,all,100,0.32,0.14666666666666667,0.39622641509433965,0.295,0.21,0.43,0.73,32,21,0.31,0.33,0.13666666666666666,0.32,0.33,0.13666666666666666,0.34,0.35,0.12166666666666666,0.35,0.35,0.12166666666666666
truth,50000,0.01,10000,0,10,selected,nonfixed,100,0.32,0.14666666666666667,0.39622641509433965,0.295,0.21,0.43,0.73,32,21,0.31,0.33,0.13666666666666666,0.32,0.33,0.13666666666666666,0.34,0.35,0.12166666666666666,0.35,0.35,0.12166666666666666
truth,50000,0.01,10000,0,20,neutral,all,1000,0.0,0.012,1.0,0.0,0.013,0.012,0.01,0,13,0.0,0.0,0.012,0.0,0.0,0.012,0.0,0.0,0.012,0.0,0.0,0.012
truth,50000,0.01,10000,0,20,selected,all,100,0.13,0.02,0.13333333333333333,0.13,0.02,0.15,0.73,13,2,0.13,0.13,0.02,0.13,0.13,0.02,0.13,0.13,0.02,0.13,0.13,0.02
truth,50000,0.01,10000,0,20,selected,nonfixed,100,0.13,0.02,0.13333333333333333,0.13,0.02,0.15,0.73,13,2,0.13,0.13,0.02,0.13,0.13,0.02,0.13,0.13,0.02,0.13,0.13,0.02
truth,50000,0.01,10000,1,1,neutral,all,1000,0.0,0.899,1.0,0.0,3.097,0.899,0.01,0,3097,0.0,0.0,0.899,0.0,0.0,0.899,0.0,0.0,0.899,0.0,0.0,0.899
truth,50000,0.01,10000,1,1,selected,all,100,0.77,0.7640555555555557,0.8171021377672208,0.3208395493395493,3.44,0.98,0.73,77,344,0.73,0.76,0.7668888888888891,0.77,0.79,0.759888888888889,0.79,0.81,0.7562222222222224,0.81,0.81,0.7562222222222224
truth,50000,0.01,10000,1,1,selected,nonfixed,100,0.77,0.7640555555555557,0.8171021377672208,0.3208395493395493,3.44,0.98,0.73,77,344,0.73,0.76,0.7668888888888891,0.77,0.79,0.759888888888889,0.79,0.81,0.7562222222222224,0.81,0.81,0.7562222222222224
truth,50000,0.01,10000,1,3,neutral,all,1000,0.0,0.663,1.0,0.0,1.276,0.663,0.01,0,1276,0.0,0.0,0.663,0.0,0.0,0.663,0.0,0.0,0.663,0.0,0.0,0.663
truth,50000,0.01,10000,1,3,selected,all,100,0.7,0.5004047619047619,0.6601941747572816,0.47607142857142853,1.36,0.9,0.73,70,136,0.67,0.7,0.49240476190476185,0.7,0.73,0.48457142857142854,0.73,0.75,0.47923809523809524,0.75,0.75,0.47923809523809524
truth,50000,0.01,10000,1,3,selected,nonfixed,100,0.7,0.5004047619047619,0.6601941747572816,0.47607142857142853,1.36,0.9,0.73,70,136,0.67,0.7,0.49240476190476185,0.7,0.73,0.48457142857142854,0.73,0.75,0.47923809523809524,0.75,0.75,0.47923809523809524
truth,50000,0.01,10000,1,5,neutral,all,1000,0.0,0.463,1.0,0.0,0.691,0.463,0.01,0,691,0.0,0.0,0.463,0.0,0.0,0.463,0.0,0.0,0.463,0.0,0.0,0.463
truth,50000,0.01,10000,1,5,selected,all,100,0.57,0.39016666666666666,0.5808823529411765,0.44199999999999995,0.79,0.78,0.73,57,79,0.55,0.58,0.38016666666666665,0.57,0.6,0.37183333333333335,0.6,0.61,0.36683333333333334,0.61,0.61,0.36683333333333334
truth,50000,0.01,10000,1,5,selected,nonfixed,100,0.57,0.39016666666666666,0.5808823529411765,0.44199999999999995,0.79,0.78,0.73,57,79,0.55,0.58,0.38016666666666665,0.57,0.6,0.37183333333333335,0.6,0.61,0.36683333333333334,0.61,0.61,0.36683333333333334
truth,50000,0.01,10000,1,10,neutral,all,1000,0.0,0.14,1.0,0.0,0.158,0.14,0.01,0,158,0.0,0.0,0.14,0.0,0.0,0.14,0.0,0.0,0.14,0.0,0.0,0.14
truth,50000,0.01,10000,1,10,selected,all,100,0.38,0.17166666666666663,0.3968253968253968,0.345,0.25,0.5,0.73,38,25,0.36,0.39,0.16166666666666665,0.38,0.41,0.14666666666666667,0.41,0.42,0.13666666666666666,0.42,0.42,0.13666666666666666
truth,50000,0.01,10000,1,10,selected,nonfixed,100,0.38,0.17166666666666663,0.3968253968253968,0.345,0.25,0.5,0.73,38,25,0.36,0.39,0.16166666666666665,0.38,0.41,0.14666666666666667,0.41,0.42,0.13666666666666666,0.42,0.42,0.13666666666666666
truth,50000,0.01,10000,1,20,neutral,all,1000,0.0,0.015,1.0,0.0,0.016,0.015,0.01,0,16,0.0,0.0,0.015,0.0,0.0,0.015,0.0,0.0,0.015,0.0,0.0,0.015
truth,50000,0.01,10000,1,20,selected,all,100,0.15,0.02,0.11764705882352941,0.15,0.02,0.17,0.73,15,2,0.15,0.15,0.02,0.15,0.15,0.02,0.15,0.15,0.02,0.15,0.15,0.02
truth,50000,0.01,10000,1,20,selected,nonfixed,100,0.15,0.02,0.11764705882352941,0.15,0.02,0.17,0.73,15,2,0.15,0.15,0.02,0.15,0.15,0.02,0.15,0.15,0.02,0.15,0.15,0.02
truth,50000,0.01,20000,0,1,neutral,all,1000,0.0,0.853,1.0,0.0,2.527,0.853,0.01,0,2527,0.0,0.0,0.853,0.0,0.0,0.853,0.0,0.0,0.853,0.0,0.0,0.853
truth,50000,0.01,20000,0,1,selected,all,100,0.76,0.6866587301587301,0.7883008356545961,0.36300072150072155,2.83,0.95,0.73,76,283,0.71,0.75,0.6886587301587304,0.76,0.77,0.6846587301587302,0.78,0.79,0.6804920634920635,0.79,0.79,0.6804920634920635
truth,50000,0.01,20000,0,1,selected,nonfixed,100,0.76,0.6866587301587301,0.7883008356545961,0.36300072150072155,2.83,0.95,0.73,76,283,0.71,0.75,0.6886587301587304,0.76,0.77,0.6846587301587302,0.78,0.79,0.6804920634920635,0.79,0.79,0.6804920634920635
truth,50000,0.01,20000,0,3,neutral,all,1000,0.0,0.408,1.0,0.0,0.576,0.408,0.01,0,576,0.0,0.0,0.408,0.0,0.0,0.408,0.0,0.0,0.408,0.0,0.0,0.408
truth,50000,0.01,20000,0,3,selected,all,100,0.57,0.361,0.5546875,0.44800000000000006,0.71,0.76,0.73,57,71,0.53,0.57,0.361,0.57,0.58,0.35766666666666663,0.59,0.59,0.3526666666666667,0.59,0.59,0.3526666666666667
truth,50000,0.01,20000,0,3,selected,nonfixed,100,0.57,0.361,0.5546875,0.44800000000000006,0.71,0.76,0.73,57,71,0.53,0.57,0.361,0.57,0.58,0.35766666666666663,0.59,0.59,0.3526666666666667,0.59,0.59,0.3526666666666667
truth,50000,0.01,20000,0,5,neutral,all,1000,0.0,0.156,1.0,0.0,0.178,0.156,0.01,0,178,0.0,0.0,0.156,0.0,0.0,0.156,0.0,0.0,0.156,0.0,0.0,0.156
truth,50000,0.01,20000,0,5,selected,all,100,0.4,0.15666666666666665,0.36507936507936506,0.3683333333333333,0.23,0.51,0.73,40,23,0.36,0.4,0.15666666666666665,0.4,0.41,0.15166666666666667,0.42,0.42,0.14166666666666666,0.42,0.42,0.14166666666666666
truth,50000,0.01,20000,0,5,selected,nonfixed,100,0.4,0.15666666666666665,0.36507936507936506,0.3683333333333333,0.23,0.51,0.73,40,23,0.36,0.4,0.15666666666666665,0.4,0.41,0.15166666666666667,0.42,0.42,0.14166666666666666,0.42,0.42,0.14166666666666666
truth,50000,0.01,20000,0,10,neutral,all,1000,0.0,0.018,1.0,0.0,0.019,0.018,0.01,0,19,0.0,0.0,0.018,0.0,0.0,0.018,0.0,0.0,0.018,0.0,0.0,0.018
truth,50000,0.01,20000,0,10,selected,all,100,0.14,0.03,0.2222222222222222,0.14,0.04,0.17,0.73,14,4,0.14,0.14,0.03,0.14,0.15,0.02,0.15,0.15,0.02,0.15,0.15,0.02
truth,50000,0.01,20000,0,10,selected,nonfixed,100,0.14,0.03,0.2222222222222222,0.14,0.04,0.17,0.73,14,4,0.14,0.14,0.03,0.14,0.15,0.02,0.15,0.15,0.02,0.15,0.15,0.02
truth,50000,0.01,20000,0,20,neutral,all,1000,0.0,0.001,1.0,0.0,0.001,0.001,0.01,0,1,0.0,0.0,0.001,0.0,0.0,0.001,0.0,0.0,0.001,0.0,0.0,0.001
truth,50000,0.01,20000,0,20,selected,all,100,0.0,0.0,,0.0,0.0,0.0,0.73,0,0,0.0,0.0,0.0,0.0,0.0,0.0,0.0,0.0,0.0,0.0,0.0,0.0
truth,50000,0.01,20000,0,20,selected,nonfixed,100,0.0,0.0,,0.0,0.0,0.0,0.73,0,0,0.0,0.0,0.0,0.0,0.0,0.0,0.0,0.0,0.0,0.0,0.0,0.0
truth,50000,0.01,20000,1,1,neutral,all,1000,0.0,0.853,1.0,0.0,2.293,0.853,0.01,0,2293,0.0,0.0,0.853,0.0,0.0,0.853,0.0,0.0,0.853,0.0,0.0,0.853
truth,50000,0.01,20000,1,1,selected,all,100,0.76,0.662797619047619,0.7625,0.3873412698412699,2.44,0.95,0.73,76,244,0.71,0.75,0.664797619047619,0.76,0.77,0.6607976190476189,0.78,0.79,0.6566309523809523,0.79,0.79,0.6566309523809523
truth,50000,0.01,20000,1,1,selected,nonfixed,100,0.76,0.662797619047619,0.7625,0.3873412698412699,2.44,0.95,0.73,76,244,0.71,0.75,0.664797619047619,0.76,0.77,0.6607976190476189,0.78,0.79,0.6566309523809523,0.79,0.79,0.6566309523809523
truth,50000,0.01,20000,1,3,neutral,all,1000,0.0,0.444,1.0,0.0,0.622,0.444,0.01,0,622,0.0,0.0,0.444,0.0,0.0,0.444,0.0,0.0,0.444,0.0,0.0,0.444
truth,50000,0.01,20000,1,3,selected,all,100,0.59,0.36383333333333334,0.5354330708661418,0.469,0.68,0.78,0.73,59,68,0.55,0.59,0.36383333333333334,0.59,0.61,0.3555,0.62,0.62,0.3505,0.62,0.62,0.3505
truth,50000,0.01,20000,1,3,selected,nonfixed,100,0.59,0.36383333333333334,0.5354330708661418,0.469,0.68,0.78,0.73,59,68,0.55,0.59,0.36383333333333334,0.59,0.61,0.3555,0.62,0.62,0.3505,0.62,0.62,0.3505
truth,50000,0.01,20000,1,5,neutral,all,1000,0.0,0.181,1.0,0.0,0.211,0.181,0.01,0,211,0.0,0.0,0.181,0.0,0.0,0.181,0.0,0.0,0.181,0.0,0.0,0.181
truth,50000,0.01,20000,1,5,selected,all,100,0.43,0.17166666666666663,0.37681159420289856,0.3883333333333333,0.26,0.54,0.73,43,26,0.39,0.43,0.17166666666666663,0.43,0.45,0.15666666666666665,0.46,0.46,0.14666666666666667,0.46,0.46,0.14666666666666667
truth,50000,0.01,20000,1,5,selected,nonfixed,100,0.43,0.17166666666666663,0.37681159420289856,0.3883333333333333,0.26,0.54,0.73,43,26,0.39,0.43,0.17166666666666663,0.43,0.45,0.15666666666666665,0.46,0.46,0.14666666666666667,0.46,0.46,0.14666666666666667
truth,50000,0.01,20000,1,10,neutral,all,1000,0.0,0.023,1.0,0.0,0.024,0.023,0.01,0,24,0.0,0.0,0.023,0.0,0.0,0.023,0.0,0.0,0.023,0.0,0.0,0.023
truth,50000,0.01,20000,1,10,selected,all,100,0.17,0.035,0.22727272727272727,0.16666666666666663,0.05,0.2,0.73,17,5,0.17,0.17,0.035,0.17,0.18,0.025,0.18,0.18,0.025,0.18,0.18,0.025
truth,50000,0.01,20000,1,10,selected,nonfixed,100,0.17,0.035,0.22727272727272727,0.16666666666666663,0.05,0.2,0.73,17,5,0.17,0.17,0.035,0.17,0.18,0.025,0.18,0.18,0.025,0.18,0.18,0.025
truth,50000,0.01,20000,1,20,neutral,all,1000,0.0,0.001,1.0,0.0,0.001,0.001,0.01,0,1,0.0,0.0,0.001,0.0,0.0,0.001,0.0,0.0,0.001,0.0,0.0,0.001
truth,50000,0.01,20000,1,20,selected,all,100,0.0,0.0,,0.0,0.0,0.0,0.73,0,0,0.0,0.0,0.0,0.0,0.0,0.0,0.0,0.0,0.0,0.0,0.0,0.0
truth,50000,0.01,20000,1,20,selected,nonfixed,100,0.0,0.0,,0.0,0.0,0.0,0.73,0,0,0.0,0.0,0.0,0.0,0.0,0.0,0.0,0.0,0.0,0.0,0.0,0.0
truth,50000,0.01,50000,0,1,neutral,all,1000,0.0,0.723,1.0,0.0,1.478,0.723,0.01,0,1478,0.0,0.0,0.723,0.0,0.0,0.723,0.0,0.0,0.723,0.0,0.0,0.723
truth,50000,0.01,50000,0,1,selected,all,100,0.73,0.5529880952380952,0.6826086956521739,0.4671507936507937,1.57,0.93,0.73,73,157,0.71,0.73,0.5529880952380952,0.73,0.74,0.5496547619047619,0.76,0.76,0.5426547619047618,0.76,0.76,0.5426547619047618
truth,50000,0.01,50000,0,1,selected,nonfixed,100,0.73,0.5529880952380952,0.6826086956521739,0.4671507936507937,1.57,0.93,0.73,73,157,0.71,0.73,0.5529880952380952,0.73,0.74,0.5496547619047619,0.76,0.76,0.5426547619047618,0.76,0.76,0.5426547619047618
truth,50000,0.01,50000,0,3,neutral,all,1000,0.0,0.1,1.0,0.0,0.107,0.1,0.01,0,107,0.0,0.0,0.1,0.0,0.0,0.1,0.0,0.0,0.1,0.0,0.0,0.1
truth,50000,0.01,50000,0,3,selected,all,100,0.25,0.105,0.34210526315789475,0.23999999999999996,0.13,0.34,0.73,25,13,0.23,0.25,0.105,0.25,0.26,0.095,0.27,0.27,0.085,0.27,0.27,0.085
truth,50000,0.01,50000,0,3,selected,nonfixed,100,0.25,0.105,0.34210526315789475,0.23999999999999996,0.13,0.34,0.73,25,13,0.23,0.25,0.105,0.25,0.26,0.095,0.27,0.27,0.085,0.27,0.27,0.085
truth,50000,0.01,50000,0,5,neutral,all,1000,0.0,0.009,1.0,0.0,0.009,0.009,0.01,0,9,0.0,0.0,0.009,0.0,0.0,0.009,0.0,0.0,0.009,0.0,0.0,0.009
truth,50000,0.01,50000,0,5,selected,all,100,0.1,0.02,0.16666666666666666,0.1,0.02,0.12,0.73,10,2,0.1,0.1,0.02,0.1,0.1,0.02,0.1,0.1,0.02,0.1,0.1,0.02
truth,50000,0.01,50000,0,5,selected,nonfixed,100,0.1,0.02,0.16666666666666666,0.1,0.02,0.12,0.73,10,2,0.1,0.1,0.02,0.1,0.1,0.02,0.1,0.1,0.02,0.1,0.1,0.02
truth,50000,0.01,50000,0,10,neutral,all,1000,0.0,0.0,,0.0,0.0,0.0,0.01,0,0,0.0,0.0,0.0,0.0,0.0,0.0,0.0,0.0,0.0,0.0,0.0,0.0
truth,50000,0.01,50000,0,10,selected,all,100,0.0,0.0,,0.0,0.0,0.0,0.73,0,0,0.0,0.0,0.0,0.0,0.0,0.0,0.0,0.0,0.0,0.0,0.0,0.0
truth,50000,0.01,50000,0,10,selected,nonfixed,100,0.0,0.0,,0.0,0.0,0.0,0.73,0,0,0.0,0.0,0.0,0.0,0.0,0.0,0.0,0.0,0.0,0.0,0.0,0.0
truth,50000,0.01,50000,0,20,neutral,all,1000,0.0,0.0,,0.0,0.0,0.0,0.01,0,0,0.0,0.0,0.0,0.0,0.0,0.0,0.0,0.0,0.0,0.0,0.0,0.0
truth,50000,0.01,50000,0,20,selected,all,100,0.0,0.0,,0.0,0.0,0.0,0.73,0,0,0.0,0.0,0.0,0.0,0.0,0.0,0.0,0.0,0.0,0.0,0.0,0.0
truth,50000,0.01,50000,0,20,selected,nonfixed,100,0.0,0.0,,0.0,0.0,0.0,0.73,0,0,0.0,0.0,0.0,0.0,0.0,0.0,0.0,0.0,0.0,0.0,0.0,0.0
truth,50000,0.01,50000,1,1,neutral,all,1000,0.0,0.723,1.0,0.0,1.404,0.723,0.01,0,1404,0.0,0.0,0.723,0.0,0.0,0.723,0.0,0.0,0.723,0.0,0.0,0.723
truth,50000,0.01,50000,1,1,selected,all,100,0.73,0.5213333333333333,0.6473429951690821,0.4955238095238095,1.34,0.93,0.73,73,134,0.69,0.73,0.5213333333333333,0.73,0.74,0.518,0.76,0.76,0.5105,0.76,0.76,0.5105
truth,50000,0.01,50000,1,1,selected,nonfixed,100,0.73,0.5213333333333333,0.6473429951690821,0.4955238095238095,1.34,0.93,0.73,73,134,0.69,0.73,0.5213333333333333,0.73,0.74,0.518,0.76,0.76,0.5105,0.76,0.76,0.5105
truth,50000,0.01,50000,1,3,neutral,all,1000,0.0,0.121,1.0,0.0,0.134,0.121,0.01,0,134,0.0,0.0,0.121,0.0,0.0,0.121,0.0,0.0,0.121,0.0,0.0,0.121
truth,50000,0.01,50000,1,3,selected,all,100,0.3,0.08666666666666666,0.3023255813953488,0.2816666666666666,0.13,0.36,0.73,30,13,0.27,0.3,0.08666666666666666,0.3,0.31,0.07666666666666666,0.31,0.31,0.07666666666666666,0.31,0.31,0.07666666666666666
truth,50000,0.01,50000,1,3,selected,nonfixed,100,0.3,0.08666666666666666,0.3023255813953488,0.2816666666666666,0.13,0.36,0.73,30,13,0.27,0.3,0.08666666666666666,0.3,0.31,0.07666666666666666,0.31,0.31,0.07666666666666666,0.31,0.31,0.07666666666666666
truth,50000,0.01,50000,1,5,neutral,all,1000,0.0,0.014,1.0,0.0,0.014,0.014,0.01,0,14,0.0,0.0,0.014,0.0,0.0,0.014,0.0,0.0,0.014,0.0,0.0,0.014
truth,50000,0.01,50000,1,5,selected,all,100,0.15,0.02,0.11764705882352941,0.15,0.02,0.17,0.73,15,2,0.15,0.15,0.02,0.15,0.15,0.02,0.15,0.15,0.02,0.15,0.15,0.02
truth,50000,0.01,50000,1,5,selected,nonfixed,100,0.15,0.02,0.11764705882352941,0.15,0.02,0.17,0.73,15,2,0.15,0.15,0.02,0.15,0.15,0.02,0.15,0.15,0.02,0.15,0.15,0.02
truth,50000,0.01,50000,1,10,neutral,all,1000,0.0,0.0,,0.0,0.0,0.0,0.01,0,0,0.0,0.0,0.0,0.0,0.0,0.0,0.0,0.0,0.0,0.0,0.0,0.0
truth,50000,0.01,50000,1,10,selected,all,100,0.0,0.0,,0.0,0.0,0.0,0.73,0,0,0.0,0.0,0.0,0.0,0.0,0.0,0.0,0.0,0.0,0.0,0.0,0.0
truth,50000,0.01,50000,1,10,selected,nonfixed,100,0.0,0.0,,0.0,0.0,0.0,0.73,0,0,0.0,0.0,0.0,0.0,0.0,0.0,0.0,0.0,0.0,0.0,0.0,0.0
truth,50000,0.01,50000,1,20,neutral,all,1000,0.0,0.0,,0.0,0.0,0.0,0.01,0,0,0.0,0.0,0.0,0.0,0.0,0.0,0.0,0.0,0.0,0.0,0.0,0.0
truth,50000,0.01,50000,1,20,selected,all,100,0.0,0.0,,0.0,0.0,0.0,0.73,0,0,0.0,0.0,0.0,0.0,0.0,0.0,0.0,0.0,0.0,0.0,0.0,0.0
truth,50000,0.01,50000,1,20,selected,nonfixed,100,0.0,0.0,,0.0,0.0,0.0,0.73,0,0,0.0,0.0,0.0,0.0,0.0,0.0,0.0,0.0,0.0,0.0,0.0,0.0
truth,50000,0.05,10000,0,1,neutral,all,1000,0.0,1.0,1.0,0.0,13.988,1.0,0.05,0,13988,0.0,0.0,1.0,0.0,0.0,1.0,0.0,0.0,1.0,0.0,0.0,1.0
truth,50000,0.05,10000,0,1,selected,all,100,0.88,0.9313024037182267,0.9422950819672131,0.1250537022823973,14.37,1.0,0.86,88,1437,0.86,0.88,0.9301679499367141,0.88,0.89,0.9298738322896553,0.92,0.93,0.9272387312795541,0.96,0.96,0.9256351175020273
truth,50000,0.05,10000,0,1,selected,nonfixed,100,0.88,0.9313024037182267,0.9422950819672131,0.1250537022823973,14.37,1.0,0.86,88,1437,0.86,0.88,0.9301679499367141,0.88,0.89,0.9298738322896553,0.92,0.93,0.9272387312795541,0.96,0.96,0.9256351175020273
truth,50000,0.05,10000,0,3,neutral,all,1000,0.0,0.989,1.0,0.0,6.096,0.989,0.05,0,6096,0.0,0.0,0.989,0.0,0.0,0.989,0.0,0.0,0.989,0.0,0.0,0.989
truth,50000,0.05,10000,0,3,selected,all,100,0.83,0.8524415861915864,0.8821022727272727,0.24074214674214672,6.21,1.0,0.86,83,621,0.78,0.83,0.850358252858253,0.83,0.85,0.8483390220890223,0.88,0.89,0.8424299311799314,0.92,0.92,0.8365569153069154
truth,50000,0.05,10000,0,3,selected,nonfixed,100,0.83,0.8524415861915864,0.8821022727272727,0.24074214674214672,6.21,1.0,0.86,83,621,0.78,0.83,0.850358252858253,0.83,0.85,0.8483390220890223,0.88,0.89,0.8424299311799314,0.92,0.92,0.8365569153069154
truth,50000,0.05,10000,0,5,neutral,all,1000,0.0,0.939,1.0,0.0,3.329,0.939,0.05,0,3329,0.0,0.0,0.939,0.0,0.0,0.939,0.0,0.0,0.939,0.0,0.0,0.939
truth,50000,0.05,10000,0,5,selected,all,100,0.79,0.7280901875901874,0.8154205607476636,0.3489206349206349,3.49,0.97,0.86,79,349,0.74,0.79,0.7272568542568542,0.79,0.81,0.7235068542568541,0.83,0.84,0.7164235209235208,0.87,0.87,0.708645743145743
truth,50000,0.05,10000,0,5,selected,nonfixed,100,0.79,0.7280901875901874,0.8154205607476636,0.3489206349206349,3.49,0.97,0.86,79,349,0.74,0.79,0.7272568542568542,0.79,0.81,0.7235068542568541,0.83,0.84,0.7164235209235208,0.87,0.87,0.708645743145743
truth,50000,0.05,10000,0,10,neutral,all,1000,0.0,0.6,1.0,0.0,1.026,0.6,0.05,0,1026,0.0,0.0,0.6,0.0,0.0,0.6,0.0,0.0,0.6,0.0,0.0,0.6
truth,50000,0.05,10000,0,10,selected,all,100,0.54,0.4733333333333333,0.6582278481012658,0.39866666666666667,1.04,0.82,0.86,54,104,0.52,0.55,0.46333333333333326,0.54,0.57,0.4558333333333333,0.58,0.59,0.4408333333333333,0.59,0.59,0.4408333333333333
truth,50000,0.05,10000,0,10,selected,nonfixed,100,0.54,0.4733333333333333,0.6582278481012658,0.39866666666666667,1.04,0.82,0.86,54,104,0.52,0.55,0.46333333333333326,0.54,0.57,0.4558333333333333,0.58,0.59,0.4408333333333333,0.59,0.59,0.4408333333333333
truth,50000,0.05,10000,0,20,neutral,all,1000,0.0,0.139,1.0,0.0,0.15,0.139,0.05,0,150,0.0,0.0,0.139,0.0,0.0,0.139,0.0,0.0,0.139,0.0,0.0,0.139
truth,50000,0.05,10000,0,20,selected,all,100,0.26,0.115,0.3333333333333333,0.25666666666666665,0.13,0.37,0.86,26,13,0.25,0.27,0.105,0.26,0.28,0.095,0.28,0.28,0.095,0.28,0.28,0.095
truth,50000,0.05,10000,0,20,selected,nonfixed,100,0.26,0.115,0.3333333333333333,0.25666666666666665,0.13,0.37,0.86,26,13,0.25,0.27,0.105,0.26,0.28,0.095,0.28,0.28,0.095,0.28,0.28,0.095
truth,50000,0.05,10000,1,1,neutral,all,1000,0.0,1.0,1.0,0.0,12.144,1.0,0.05,0,12144,0.0,0.0,1.0,0.0,0.0,1.0,0.0,0.0,1.0,0.0,0.0,1.0
truth,50000,0.05,10000,1,1,selected,all,100,0.88,0.9222308072773311,0.9325670498084291,0.14060526616237345,12.17,1.0,0.86,88,1217,0.85,0.88,0.921186851233375,0.88,0.89,0.9208022358487596,0.92,0.93,0.9177636037292451,0.96,0.96,0.9156878461534878
truth,50000,0.05,10000,1,1,selected,nonfixed,100,0.88,0.9222308072773311,0.9325670498084291,0.14060526616237345,12.17,1.0,0.86,88,1217,0.85,0.88,0.921186851233375,0.88,0.89,0.9208022358487596,0.92,0.93,0.9177636037292451,0.96,0.96,0.9156878461534878
truth,50000,0.05,10000,1,3,neutral,all,1000,0.0,0.99,1.0,0.0,6.012,0.99,0.05,0,6012,0.0,0.0,0.99,0.0,0.0,0.99,0.0,0.0,0.99,0.0,0.0,0.99
truth,50000,0.05,10000,1,3,selected,all,100,0.83,0.8504754689754691,0.8802308802308803,0.24377000777000776,6.1,1.0,0.86,83,610,0.77,0.83,0.8485707070707071,0.83,0.85,0.8464278499278499,0.88,0.89,0.8406500721500723,0.93,0.93,0.8351103896103897
truth,50000,0.05,10000,1,3,selected,nonfixed,100,0.83,0.8504754689754691,0.8802308802308803,0.24377000777000776,6.1,1.0,0.86,83,610,0.77,0.83,0.8485707070707071,0.83,0.85,0.8464278499278499,0.88,0.89,0.8406500721500723,0.93,0.93,0.8351103896103897
truth,50000,0.05,10000,1,5,neutral,all,1000,0.0,0.95,1.0,0.0,3.492,0.95,0.05,0,3492,0.0,0.0,0.95,0.0,0.0,0.95,0.0,0.0,0.95,0.0,0.0,0.95
truth,50000,0.05,10000,1,5,selected,all,100,0.78,0.7554715007215006,0.8270509977827051,0.33095238095238094,3.73,0.98,0.86,78,373,0.73,0.79,0.7531381673881673,0.78,0.81,0.7500270562770562,0.83,0.84,0.7429437229437229,0.87,0.87,0.7350270562770562
truth,50000,0.05,10000,1,5,selected,nonfixed,100,0.78,0.7554715007215006,0.8270509977827051,0.33095238095238094,3.73,0.98,0.86,78,373,0.73,0.79,0.7531381673881673,0.78,0.81,0.7500270562770562,0.83,0.84,0.7429437229437229,0.87,0.87,0.7350270562770562
truth,50000,0.05,10000,1,10,neutral,all,1000,0.0,0.655,1.0,0.0,1.178,0.655,0.05,0,1178,0.0,0.0,0.655,0.0,0.0,0.655,0.0,0.0,0.655,0.0,0.0,0.655
truth,50000,0.05,10000,1,10,selected,all,100,0.58,0.5038333333333334,0.6741573033707865,0.4126666666666667,1.2,0.86,0.86,58,120,0.55,0.6,0.48883333333333334,0.58,0.62,0.48133333333333334,0.62,0.63,0.47633333333333333,0.63,0.63,0.47633333333333333
truth,50000,0.05,10000,1,10,selected,nonfixed,100,0.58,0.5038333333333334,0.6741573033707865,0.4126666666666667,1.2,0.86,0.86,58,120,0.55,0.6,0.48883333333333334,0.58,0.62,0.48133333333333334,0.62,0.63,0.47633333333333333,0.63,0.63,0.47633333333333333
truth,50000,0.05,10000,1,20,neutral,all,1000,0.0,0.182,1.0,0.0,0.209,0.182,0.05,0,209,0.0,0.0,0.182,0.0,0.0,0.182,0.0,0.0,0.182,0.0,0.0,0.182
truth,50000,0.05,10000,1,20,selected,all,100,0.27,0.125,0.37209302325581395,0.26,0.16,0.38,0.86,27,16,0.26,0.29,0.105,0.27,0.29,0.105,0.29,0.29,0.105,0.29,0.29,0.105
truth,50000,0.05,10000,1,20,selected,nonfixed,100,0.27,0.125,0.37209302325581395,0.26,0.16,0.38,0.86,27,16,0.26,0.29,0.105,0.27,0.29,0.105,0.29,0.29,0.105,0.29,0.29,0.105
truth,50000,0.05,20000,0,1,neutral,all,1000,0.0,0.999,1.0,0.0,10.452,0.999,0.05,0,10452,0.0,0.0,0.999,0.0,0.0,0.999,0.0,0.0,0.999,0.0,0.0,0.999
truth,50000,0.05,20000,0,1,selected,all,100,0.88,0.906737672286434,0.9218472468916519,0.16505493560447118,10.38,1.0,0.86,88,1038,0.84,0.87,0.9072639880759077,0.88,0.89,0.9062113564969603,0.93,0.93,0.9022992685848723,0.96,0.96,0.8997576019182055
truth,50000,0.05,20000,0,1,selected,nonfixed,100,0.88,0.906737672286434,0.9218472468916519,0.16505493560447118,10.38,1.0,0.86,88,1038,0.84,0.87,0.9072639880759077,0.88,0.89,0.9062113564969603,0.93,0.93,0.9022992685848723,0.96,0.96,0.8997576019182055
truth,50000,0.05,20000,0,3,neutral,all,1000,0.0,0.938,1.0,0.0,3.129,0.938,0.05,0,3129,0.0,0.0,0.938,0.0,0.0,0.938,0.0,0.0,0.938,0.0,0.0,0.938
truth,50000,0.05,20000,0,3,selected,all,100,0.78,0.7370313852813853,0.8074074074074075,0.3533268398268398,3.27,0.98,0.86,78,327,0.72,0.77,0.7395313852813854,0.78,0.79,0.7356028138528139,0.81,0.81,0.7310194805194805,0.84,0.84,0.7250075757575758
truth,50000,0.05,20000,0,3,selected,nonfixed,100,0.78,0.7370313852813853,0.8074074074074075,0.3533268398268398,3.27,0.98,0.86,78,327,0.72,0.77,0.7395313852813854,0.78,0.79,0.7356028138528139,0.81,0.81,0.7310194805194805,0.84,0.84,0.7250075757575758
truth,50000,0.05,20000,0,5,neutral,all,1000,0.0,0.677,1.0,0.0,1.279,0.677,0.05,0,1279,0.0,0.0,0.677,0.0,0.0,0.677,0.0,0.0,0.677,0.0,0.0,0.677
truth,50000,0.05,20000,0,5,selected,all,100,0.59,0.5269999999999999,0.6861702127659575,0.39866666666666667,1.29,0.86,0.86,59,129,0.55,0.59,0.5269999999999999,0.59,0.61,0.5211666666666666,0.62,0.62,0.5161666666666666,0.62,0.62,0.5161666666666666
truth,50000,0.05,20000,0,5,selected,nonfixed,100,0.59,0.5269999999999999,0.6861702127659575,0.39866666666666667,1.29,0.86,0.86,59,129,0.55,0.59,0.5269999999999999,0.59,0.61,0.5211666666666666,0.62,0.62,0.5161666666666666,0.62,0.62,0.5161666666666666
truth,50000,0.05,20000,0,10,neutral,all,1000,0.0,0.174,1.0,0.0,0.198,0.174,0.05,0,198,0.0,0.0,0.174,0.0,0.0,0.174,0.0,0.0,0.174,0.0,0.0,0.174
truth,50000,0.05,20000,0,10,selected,all,100,0.27,0.13,0.38636363636363635,0.2633333333333333,0.17,0.39,0.86,27,17,0.24,0.27,0.13,0.27,0.29,0.11,0.29,0.29,0.11,0.29,0.29,0.11
truth,50000,0.05,20000,0,10,selected,nonfixed,100,0.27,0.13,0.38636363636363635,0.2633333333333333,0.17,0.39,0.86,27,17,0.24,0.27,0.13,0.27,0.29,0.11,0.29,0.29,0.11,0.29,0.29,0.11
truth,50000,0.05,20000,0,20,neutral,all,1000,0.0,0.008,1.0,0.0,0.009,0.008,0.05,0,9,0.0,0.0,0.008,0.0,0.0,0.008,0.0,0.0,0.008,0.0,0.0,0.008
truth,50000,0.05,20000,0,20,selected,all,100,0.03,0.0,0.0,0.03,0.0,0.03,0.86,3,0,0.03,0.03,0.0,0.03,0.03,0.0,0.03,0.03,0.0,0.03,0.03,0.0
truth,50000,0.05,20000,0,20,selected,nonfixed,100,0.03,0.0,0.0,0.03,0.0,0.03,0.86,3,0,0.03,0.03,0.0,0.03,0.03,0.0,0.03,0.03,0.0,0.03,0.03,0.0
truth,50000,0.05,20000,1,1,neutral,all,1000,0.0,0.999,1.0,0.0,9.205,0.999,0.05,0,9205,0.0,0.0,0.999,0.0,0.0,0.999,0.0,0.0,0.999,0.0,0.0,0.999
truth,50000,0.05,20000,1,1,selected,all,100,0.87,0.895465476516947,0.9114052953156823,0.1830862438215379,8.95,1.0,0.86,87,895,0.81,0.87,0.895339426096779,0.87,0.89,0.8941956352471057,0.93,0.93,0.8901644997159702,0.96,0.96,0.8874144997159703
truth,50000,0.05,20000,1,1,selected,nonfixed,100,0.87,0.895465476516947,0.9114052953156823,0.1830862438215379,8.95,1.0,0.86,87,895,0.81,0.87,0.895339426096779,0.87,0.89,0.8941956352471057,0.93,0.93,0.8901644997159702,0.96,0.96,0.8874144997159703
truth,50000,0.05,20000,1,3,neutral,all,1000,0.0,0.949,1.0,0.0,3.292,0.949,0.05,0,3292,0.0,0.0,0.949,0.0,0.0,0.949,0.0,0.0,0.949,0.0,0.0,0.949
truth,50000,0.05,20000,1,3,selected,all,100,0.78,0.7558174603174606,0.8147268408551069,0.34418470418470415,3.43,0.99,0.86,78,343,0.71,0.77,0.7605396825396827,0.78,0.8,0.7532777777777778,0.82,0.82,0.7486944444444446,0.85,0.85,0.7426825396825398
truth,50000,0.05,20000,1,3,selected,nonfixed,100,0.78,0.7558174603174606,0.8147268408551069,0.34418470418470415,3.43,0.99,0.86,78,343,0.71,0.77,0.7605396825396827,0.78,0.8,0.7532777777777778,0.82,0.82,0.7486944444444446,0.85,0.85,0.7426825396825398
truth,50000,0.05,20000,1,5,neutral,all,1000,0.0,0.739,1.0,0.0,1.431,0.739,0.05,0,1431,0.0,0.0,0.739,0.0,0.0,0.739,0.0,0.0,0.739,0.0,0.0,0.739
truth,50000,0.05,20000,1,5,selected,all,100,0.61,0.588,0.7053140096618358,0.402,1.46,0.92,0.86,61,146,0.56,0.62,0.5846666666666667,0.61,0.63,0.5821666666666666,0.64,0.64,0.5771666666666665,0.64,0.64,0.5771666666666665
truth,50000,0.05,20000,1,5,selected,nonfixed,100,0.61,0.588,0.7053140096618358,0.402,1.46,0.92,0.86,61,146,0.56,0.62,0.5846666666666667,0.61,0.63,0.5821666666666666,0.64,0.64,0.5771666666666665,0.64,0.64,0.5771666666666665
truth,50000,0.05,20000,1,10,neutral,all,1000,0.0,0.236,1.0,0.0,0.27,0.236,0.05,0,270,0.0,0.0,0.236,0.0,0.0,0.236,0.0,0.0,0.236,0.0,0.0,0.236
truth,50000,0.05,20000,1,10,selected,all,100,0.31,0.155,0.41509433962264153,0.2933333333333333,0.22,0.44,0.86,31,22,0.28,0.32,0.145,0.31,0.33,0.14,0.33,0.33,0.14,0.33,0.33,0.14
truth,50000,0.05,20000,1,10,selected,nonfixed,100,0.31,0.155,0.41509433962264153,0.2933333333333333,0.22,0.44,0.86,31,22,0.28,0.32,0.145,0.31,0.33,0.14,0.33,0.33,0.14,0.33,0.33,0.14
truth,50000,0.05,20000,1,20,neutral,all,1000,0.0,0.015,1.0,0.0,0.016,0.015,0.05,0,16,0.0,0.0,0.015,0.0,0.0,0.015,0.0,0.0,0.015,0.0,0.0,0.015
truth,50000,0.05,20000,1,20,selected,all,100,0.05,0.02,0.2857142857142857,0.05,0.02,0.07,0.86,5,2,0.05,0.06,0.01,0.05,0.06,0.01,0.06,0.06,0.01,0.06,0.06,0.01
truth,50000,0.05,20000,1,20,selected,nonfixed,100,0.05,0.02,0.2857142857142857,0.05,0.02,0.07,0.86,5,2,0.05,0.06,0.01,0.05,0.06,0.01,0.06,0.06,0.01,0.06,0.06,0.01
truth,50000,0.05,50000,0,1,neutral,all,1000,0.0,0.996,1.0,0.0,6.341,0.996,0.05,0,6341,0.0,0.0,0.996,0.0,0.0,0.996,0.0,0.0,0.996,0.0,0.0,0.996
truth,50000,0.05,50000,0,1,selected,all,100,0.86,0.8484891774891775,0.8798882681564246,0.2478344988344988,6.3,1.0,0.86,86,630,0.81,0.86,0.8484891774891775,0.86,0.87,0.8478225108225109,0.9,0.9,0.8434848484848486,0.95,0.95,0.8368138528138529
truth,50000,0.05,50000,0,1,selected,nonfixed,100,0.86,0.8484891774891775,0.8798882681564246,0.2478344988344988,6.3,1.0,0.86,86,630,0.81,0.86,0.8484891774891775,0.86,0.87,0.8478225108225109,0.9,0.9,0.8434848484848486,0.95,0.95,0.8368138528138529
truth,50000,0.05,50000,0,3,neutral,all,1000,0.0,0.545,1.0,0.0,0.85,0.545,0.05,0,850,0.0,0.0,0.545,0.0,0.0,0.545,0.0,0.0,0.545,0.0,0.0,0.545
truth,50000,0.05,50000,0,3,selected,all,100,0.57,0.43416666666666665,0.5899280575539568,0.43866666666666676,0.82,0.82,0.86,57,82,0.52,0.57,0.43416666666666665,0.57,0.59,0.42083333333333334,0.59,0.59,0.42083333333333334,0.59,0.61,0.4125
truth,50000,0.05,50000,0,3,selected,nonfixed,100,0.57,0.43416666666666665,0.5899280575539568,0.43866666666666676,0.82,0.82,0.86,57,82,0.52,0.57,0.43416666666666665,0.57,0.59,0.42083333333333334,0.59,0.59,0.42083333333333334,0.59,0.61,0.4125
truth,50000,0.05,50000,0,5,neutral,all,1000,0.0,0.153,1.0,0.0,0.168,0.153,0.05,0,168,0.0,0.0,0.153,0.0,0.0,0.153,0.0,0.0,0.153,0.0,0.0,0.153
truth,50000,0.05,50000,0,5,selected,all,100,0.22,0.105,0.35294117647058826,0.21666666666666665,0.12,0.32,0.86,22,12,0.2,0.22,0.105,0.22,0.22,0.105,0.22,0.22,0.105,0.22,0.23,0.1
truth,50000,0.05,50000,0,5,selected,nonfixed,100,0.22,0.105,0.35294117647058826,0.21666666666666665,0.12,0.32,0.86,22,12,0.2,0.22,0.105,0.22,0.22,0.105,0.22,0.22,0.105,0.22,0.23,0.1
truth,50000,0.05,50000,0,10,neutral,all,1000,0.0,0.007,1.0,0.0,0.007,0.007,0.05,0,7,0.0,0.0,0.007,0.0,0.0,0.007,0.0,0.0,0.007,0.0,0.0,0.007
truth,50000,0.05,50000,0,10,selected,all,100,0.02,0.01,0.3333333333333333,0.02,0.01,0.03,0.86,2,1,0.02,0.02,0.01,0.02,0.02,0.01,0.02,0.02,0.01,0.02,0.03,0.0
truth,50000,0.05,50000,0,10,selected,nonfixed,100,0.02,0.01,0.3333333333333333,0.02,0.01,0.03,0.86,2,1,0.02,0.02,0.01,0.02,0.02,0.01,0.02,0.02,0.01,0.02,0.03,0.0
truth,50000,0.05,50000,0,20,neutral,all,1000,0.0,0.0,,0.0,0.0,0.0,0.05,0,0,0.0,0.0,0.0,0.0,0.0,0.0,0.0,0.0,0.0,0.0,0.0,0.0
truth,50000,0.05,50000,0,20,selected,all,100,0.0,0.0,,0.0,0.0,0.0,0.86,0,0,0.0,0.0,0.0,0.0,0.0,0.0,0.0,0.0,0.0,0.0,0.0,0.0
truth,50000,0.05,50000,0,20,selected,nonfixed,100,0.0,0.0,,0.0,0.0,0.0,0.86,0,0,0.0,0.0,0.0,0.0,0.0,0.0,0.0,0.0,0.0,0.0,0.0,0.0
truth,50000,0.05,50000,1,1,neutral,all,1000,0.0,0.996,1.0,0.0,5.769,0.996,0.05,0,5769,0.0,0.0,0.996,0.0,0.0,0.996,0.0,0.0,0.996,0.0,0.0,0.996
truth,50000,0.05,50000,1,1,selected,all,100,0.86,0.8358358585858586,0.8652037617554859,0.26666855366855363,5.52,1.0,0.86,86,552,0.81,0.86,0.8358358585858586,0.86,0.87,0.8350666278166279,0.9,0.9,0.8300269452769453,0.95,0.95,0.8222491674991674
truth,50000,0.05,50000,1,1,selected,nonfixed,100,0.86,0.8358358585858586,0.8652037617554859,0.26666855366855363,5.52,1.0,0.86,86,552,0.81,0.86,0.8358358585858586,0.86,0.87,0.8350666278166279,0.9,0.9,0.8300269452769453,0.95,0.95,0.8222491674991674
truth,50000,0.05,50000,1,3,neutral,all,1000,0.0,0.619,1.0,0.0,1.015,0.619,0.05,0,1015,0.0,0.0,0.619,0.0,0.0,0.619,0.0,0.0,0.619,0.0,0.0,0.619
truth,50000,0.05,50000,1,3,selected,all,100,0.61,0.5088333333333334,0.6280487804878049,0.4453333333333333,1.03,0.89,0.86,61,103,0.56,0.61,0.5088333333333334,0.61,0.62,0.5063333333333333,0.62,0.62,0.5063333333333333,0.63,0.65,0.4946666666666666
truth,50000,0.05,50000,1,3,selected,nonfixed,100,0.61,0.5088333333333334,0.6280487804878049,0.4453333333333333,1.03,0.89,0.86,61,103,0.56,0.61,0.5088333333333334,0.61,0.62,0.5063333333333333,0.62,0.62,0.5063333333333333,0.63,0.65,0.4946666666666666
truth,50000,0.05,50000,1,5,neutral,all,1000,0.0,0.215,1.0,0.0,0.244,0.215,0.05,0,244,0.0,0.0,0.215,0.0,0.0,0.215,0.0,0.0,0.215,0.0,0.0,0.215
truth,50000,0.05,50000,1,5,selected,all,100,0.27,0.13,0.37209302325581395,0.25666666666666665,0.16,0.38,0.86,27,16,0.25,0.27,0.13,0.27,0.27,0.13,0.27,0.27,0.13,0.28,0.29,0.115
truth,50000,0.05,50000,1,5,selected,nonfixed,100,0.27,0.13,0.37209302325581395,0.25666666666666665,0.16,0.38,0.86,27,16,0.25,0.27,0.13,0.27,0.27,0.13,0.27,0.27,0.13,0.28,0.29,0.115
truth,50000,0.05,50000,1,10,neutral,all,1000,0.0,0.01,1.0,0.0,0.01,0.01,0.05,0,10,0.0,0.0,0.01,0.0,0.0,0.01,0.0,0.0,0.01,0.0,0.0,0.01
truth,50000,0.05,50000,1,10,selected,all,100,0.04,0.01,0.2,0.04,0.01,0.05,0.86,4,1,0.04,0.04,0.01,0.04,0.04,0.01,0.04,0.04,0.01,0.04,0.05,0.0
truth,50000,0.05,50000,1,10,selected,nonfixed,100,0.04,0.01,0.2,0.04,0.01,0.05,0.86,4,1,0.04,0.04,0.01,0.04,0.04,0.01,0.04,0.04,0.01,0.04,0.05,0.0
truth,50000,0.05,50000,1,20,neutral,all,1000,0.0,0.0,,0.0,0.0,0.0,0.05,0,0,0.0,0.0,0.0,0.0,0.0,0.0,0.0,0.0,0.0,0.0,0.0,0.0
truth,50000,0.05,50000,1,20,selected,all,100,0.0,0.0,,0.0,0.0,0.0,0.86,0,0,0.0,0.0,0.0,0.0,0.0,0.0,0.0,0.0,0.0,0.0,0.0,0.0
truth,50000,0.05,50000,1,20,selected,nonfixed,100,0.0,0.0,,0.0,0.0,0.0,0.86,0,0,0.0,0.0,0.0,0.0,0.0,0.0,0.0,0.0,0.0,0.0,0.0,0.0
