draw_id	phase	selection_coefficient	target_allele_frequency	population_af_lower	population_af_upper	exact_sample_alt_count	sample_diploids	candidate_pool_diploids	slim_scaling_factor	mutation_age_generations	selection_start_generations_ago	selection_end_generations_ago	draw_index	seed	seed_nonce	panel_seed	panel_seed_nonce	timeout_seconds	sequence_length_bp	focal_position_bp	processing_mode
han_frequency_conditioned__screen__s0.010000__af0.100000__q5__draw000	screen	0.01	0.1	0.07500000000000001	0.125	20	100	500	5.0	2400.0	2272.0	0.0	0	47057759	0	638243045	0	1800.0	2	1	focal_2bp_raw_forward_no_recap_no_neutral_overlay
han_frequency_conditioned__screen__s0.010000__af0.100000__q5__draw001	screen	0.01	0.1	0.07500000000000001	0.125	20	100	500	5.0	2400.0	2272.0	0.0	1	436865545	0	1590637780	0	1800.0	2	1	focal_2bp_raw_forward_no_recap_no_neutral_overlay
han_frequency_conditioned__screen__s0.010000__af0.100000__q5__draw002	screen	0.01	0.1	0.07500000000000001	0.125	20	100	500	5.0	2400.0	2272.0	0.0	2	1677052836	0	2073344026	0	1800.0	2	1	focal_2bp_raw_forward_no_recap_no_neutral_overlay
han_frequency_conditioned__screen__s0.010000__af0.100000__q5__draw003	screen	0.01	0.1	0.07500000000000001	0.125	20	100	500	5.0	2400.0	2272.0	0.0	3	1439351782	0	336629789	0	1800.0	2	1	focal_2bp_raw_forward_no_recap_no_neutral_overlay
han_frequency_conditioned__screen__s0.010000__af0.100000__q5__draw004	screen	0.01	0.1	0.07500000000000001	0.125	20	100	500	5.0	2400.0	2272.0	0.0	4	2073558250	0	1418375956	0	1800.0	2	1	focal_2bp_raw_forward_no_recap_no_neutral_overlay
han_frequency_conditioned__screen__s0.010000__af0.100000__q5__draw005	screen	0.01	0.1	0.07500000000000001	0.125	20	100	500	5.0	2400.0	2272.0	0.0	5	892096308	0	367972782	0	1800.0	2	1	focal_2bp_raw_forward_no_recap_no_neutral_overlay
han_frequency_conditioned__screen__s0.010000__af0.100000__q5__draw006	screen	0.01	0.1	0.07500000000000001	0.125	20	100	500	5.0	2400.0	2272.0	0.0	6	179028303	0	753298754	0	1800.0	2	1	focal_2bp_raw_forward_no_recap_no_neutral_overlay
han_frequency_conditioned__screen__s0.010000__af0.100000__q5__draw007	screen	0.01	0.1	0.07500000000000001	0.125	20	100	500	5.0	2400.0	2272.0	0.0	7	1019388713	0	1272777458	0	1800.0	2	1	focal_2bp_raw_forward_no_recap_no_neutral_overlay
han_frequency_conditioned__screen__s0.010000__af0.100000__q5__draw008	screen	0.01	0.1	0.07500000000000001	0.125	20	100	500	5.0	2400.0	2272.0	0.0	8	553216855	0	1006755621	0	1800.0	2	1	focal_2bp_raw_forward_no_recap_no_neutral_overlay
han_frequency_conditioned__screen__s0.010000__af0.100000__q5__draw009	screen	0.01	0.1	0.07500000000000001	0.125	20	100	500	5.0	2400.0	2272.0	0.0	9	470957964	0	1564085	0	1800.0	2	1	focal_2bp_raw_forward_no_recap_no_neutral_overlay
han_frequency_conditioned__screen__s0.010000__af0.100000__q5__draw010	screen	0.01	0.1	0.07500000000000001	0.125	20	100	500	5.0	2400.0	2272.0	0.0	10	916696842	0	2083946112	0	1800.0	2	1	focal_2bp_raw_forward_no_recap_no_neutral_overlay
han_frequency_conditioned__screen__s0.010000__af0.100000__q5__draw011	screen	0.01	0.1	0.07500000000000001	0.125	20	100	500	5.0	2400.0	2272.0	0.0	11	283697664	0	764402161	0	1800.0	2	1	focal_2bp_raw_forward_no_recap_no_neutral_overlay
han_frequency_conditioned__screen__s0.010000__af0.100000__q5__draw012	screen	0.01	0.1	0.07500000000000001	0.125	20	100	500	5.0	2400.0	2272.0	0.0	12	2110767685	0	490748851	0	1800.0	2	1	focal_2bp_raw_forward_no_recap_no_neutral_overlay
han_frequency_conditioned__screen__s0.010000__af0.100000__q5__draw013	screen	0.01	0.1	0.07500000000000001	0.125	20	100	500	5.0	2400.0	2272.0	0.0	13	576867201	0	290549481	0	1800.0	2	1	focal_2bp_raw_forward_no_recap_no_neutral_overlay
han_frequency_conditioned__screen__s0.010000__af0.100000__q5__draw014	screen	0.01	0.1	0.07500000000000001	0.125	20	100	500	5.0	2400.0	2272.0	0.0	14	73107298	0	520558059	0	1800.0	2	1	focal_2bp_raw_forward_no_recap_no_neutral_overlay
han_frequency_conditioned__screen__s0.010000__af0.100000__q5__draw015	screen	0.01	0.1	0.07500000000000001	0.125	20	100	500	5.0	2400.0	2272.0	0.0	15	1083475123	0	548889728	0	1800.0	2	1	focal_2bp_raw_forward_no_recap_no_neutral_overlay
han_frequency_conditioned__screen__s0.010000__af0.100000__q5__draw016	screen	0.01	0.1	0.07500000000000001	0.125	20	100	500	5.0	2400.0	2272.0	0.0	16	1757236954	0	891312388	0	1800.0	2	1	focal_2bp_raw_forward_no_recap_no_neutral_overlay
han_frequency_conditioned__screen__s0.010000__af0.100000__q5__draw017	screen	0.01	0.1	0.07500000000000001	0.125	20	100	500	5.0	2400.0	2272.0	0.0	17	1453558879	0	550957567	0	1800.0	2	1	focal_2bp_raw_forward_no_recap_no_neutral_overlay
han_frequency_conditioned__screen__s0.010000__af0.100000__q5__draw018	screen	0.01	0.1	0.07500000000000001	0.125	20	100	500	5.0	2400.0	2272.0	0.0	18	1996208012	0	736935860	0	1800.0	2	1	focal_2bp_raw_forward_no_recap_no_neutral_overlay
han_frequency_conditioned__screen__s0.010000__af0.100000__q5__draw019	screen	0.01	0.1	0.07500000000000001	0.125	20	100	500	5.0	2400.0	2272.0	0.0	19	1244635369	0	430218289	0	1800.0	2	1	focal_2bp_raw_forward_no_recap_no_neutral_overlay
han_frequency_conditioned__screen__s0.010000__af0.200000__q5__draw000	screen	0.01	0.2	0.17500000000000002	0.225	40	100	500	5.0	2400.0	2272.0	0.0	0	738217012	0	49202596	0	1800.0	2	1	focal_2bp_raw_forward_no_recap_no_neutral_overlay
han_frequency_conditioned__screen__s0.010000__af0.200000__q5__draw001	screen	0.01	0.2	0.17500000000000002	0.225	40	100	500	5.0	2400.0	2272.0	0.0	1	483557061	0	1631770328	0	1800.0	2	1	focal_2bp_raw_forward_no_recap_no_neutral_overlay
han_frequency_conditioned__screen__s0.010000__af0.200000__q5__draw002	screen	0.01	0.2	0.17500000000000002	0.225	40	100	500	5.0	2400.0	2272.0	0.0	2	600131905	0	2089319371	0	1800.0	2	1	focal_2bp_raw_forward_no_recap_no_neutral_overlay
han_frequency_conditioned__screen__s0.010000__af0.200000__q5__draw003	screen	0.01	0.2	0.17500000000000002	0.225	40	100	500	5.0	2400.0	2272.0	0.0	3	973690751	0	1595394996	0	1800.0	2	1	focal_2bp_raw_forward_no_recap_no_neutral_overlay
han_frequency_conditioned__screen__s0.010000__af0.200000__q5__draw004	screen	0.01	0.2	0.17500000000000002	0.225	40	100	500	5.0	2400.0	2272.0	0.0	4	111933605	0	1617465735	0	1800.0	2	1	focal_2bp_raw_forward_no_recap_no_neutral_overlay
han_frequency_conditioned__screen__s0.010000__af0.200000__q5__draw005	screen	0.01	0.2	0.17500000000000002	0.225	40	100	500	5.0	2400.0	2272.0	0.0	5	1822549184	0	1722770482	0	1800.0	2	1	focal_2bp_raw_forward_no_recap_no_neutral_overlay
han_frequency_conditioned__screen__s0.010000__af0.200000__q5__draw006	screen	0.01	0.2	0.17500000000000002	0.225	40	100	500	5.0	2400.0	2272.0	0.0	6	805473178	0	220760317	0	1800.0	2	1	focal_2bp_raw_forward_no_recap_no_neutral_overlay
han_frequency_conditioned__screen__s0.010000__af0.200000__q5__draw007	screen	0.01	0.2	0.17500000000000002	0.225	40	100	500	5.0	2400.0	2272.0	0.0	7	552966136	0	763500786	0	1800.0	2	1	focal_2bp_raw_forward_no_recap_no_neutral_overlay
han_frequency_conditioned__screen__s0.010000__af0.200000__q5__draw008	screen	0.01	0.2	0.17500000000000002	0.225	40	100	500	5.0	2400.0	2272.0	0.0	8	144781267	0	960910139	0	1800.0	2	1	focal_2bp_raw_forward_no_recap_no_neutral_overlay
han_frequency_conditioned__screen__s0.010000__af0.200000__q5__draw009	screen	0.01	0.2	0.17500000000000002	0.225	40	100	500	5.0	2400.0	2272.0	0.0	9	297927692	0	980223689	0	1800.0	2	1	focal_2bp_raw_forward_no_recap_no_neutral_overlay
han_frequency_conditioned__screen__s0.010000__af0.200000__q5__draw010	screen	0.01	0.2	0.17500000000000002	0.225	40	100	500	5.0	2400.0	2272.0	0.0	10	2075625027	0	878269981	0	1800.0	2	1	focal_2bp_raw_forward_no_recap_no_neutral_overlay
han_frequency_conditioned__screen__s0.010000__af0.200000__q5__draw011	screen	0.01	0.2	0.17500000000000002	0.225	40	100	500	5.0	2400.0	2272.0	0.0	11	1488146131	0	895751316	0	1800.0	2	1	focal_2bp_raw_forward_no_recap_no_neutral_overlay
han_frequency_conditioned__screen__s0.010000__af0.200000__q5__draw012	screen	0.01	0.2	0.17500000000000002	0.225	40	100	500	5.0	2400.0	2272.0	0.0	12	512153070	0	71274939	0	1800.0	2	1	focal_2bp_raw_forward_no_recap_no_neutral_overlay
han_frequency_conditioned__screen__s0.010000__af0.200000__q5__draw013	screen	0.01	0.2	0.17500000000000002	0.225	40	100	500	5.0	2400.0	2272.0	0.0	13	533381627	0	212676141	0	1800.0	2	1	focal_2bp_raw_forward_no_recap_no_neutral_overlay
han_frequency_conditioned__screen__s0.010000__af0.200000__q5__draw014	screen	0.01	0.2	0.17500000000000002	0.225	40	100	500	5.0	2400.0	2272.0	0.0	14	1078506902	0	25245945	0	1800.0	2	1	focal_2bp_raw_forward_no_recap_no_neutral_overlay
han_frequency_conditioned__screen__s0.010000__af0.200000__q5__draw015	screen	0.01	0.2	0.17500000000000002	0.225	40	100	500	5.0	2400.0	2272.0	0.0	15	946289481	0	1833119889	0	1800.0	2	1	focal_2bp_raw_forward_no_recap_no_neutral_overlay
han_frequency_conditioned__screen__s0.010000__af0.200000__q5__draw016	screen	0.01	0.2	0.17500000000000002	0.225	40	100	500	5.0	2400.0	2272.0	0.0	16	1240369474	0	1569043552	0	1800.0	2	1	focal_2bp_raw_forward_no_recap_no_neutral_overlay
han_frequency_conditioned__screen__s0.010000__af0.200000__q5__draw017	screen	0.01	0.2	0.17500000000000002	0.225	40	100	500	5.0	2400.0	2272.0	0.0	17	1861079576	0	1999539989	0	1800.0	2	1	focal_2bp_raw_forward_no_recap_no_neutral_overlay
han_frequency_conditioned__screen__s0.010000__af0.200000__q5__draw018	screen	0.01	0.2	0.17500000000000002	0.225	40	100	500	5.0	2400.0	2272.0	0.0	18	318307463	0	505200171	0	1800.0	2	1	focal_2bp_raw_forward_no_recap_no_neutral_overlay
han_frequency_conditioned__screen__s0.010000__af0.200000__q5__draw019	screen	0.01	0.2	0.17500000000000002	0.225	40	100	500	5.0	2400.0	2272.0	0.0	19	1954196787	0	1026404889	0	1800.0	2	1	focal_2bp_raw_forward_no_recap_no_neutral_overlay
han_frequency_conditioned__screen__s0.010000__af0.300000__q5__draw000	screen	0.01	0.3	0.27499999999999997	0.325	60	100	500	5.0	2400.0	2272.0	0.0	0	140248475	0	1303060635	0	1800.0	2	1	focal_2bp_raw_forward_no_recap_no_neutral_overlay
han_frequency_conditioned__screen__s0.010000__af0.300000__q5__draw001	screen	0.01	0.3	0.27499999999999997	0.325	60	100	500	5.0	2400.0	2272.0	0.0	1	2146489710	0	1204856496	0	1800.0	2	1	focal_2bp_raw_forward_no_recap_no_neutral_overlay
han_frequency_conditioned__screen__s0.010000__af0.300000__q5__draw002	screen	0.01	0.3	0.27499999999999997	0.325	60	100	500	5.0	2400.0	2272.0	0.0	2	475521837	0	442078208	0	1800.0	2	1	focal_2bp_raw_forward_no_recap_no_neutral_overlay
han_frequency_conditioned__screen__s0.010000__af0.300000__q5__draw003	screen	0.01	0.3	0.27499999999999997	0.325	60	100	500	5.0	2400.0	2272.0	0.0	3	98411255	0	1742224767	0	1800.0	2	1	focal_2bp_raw_forward_no_recap_no_neutral_overlay
han_frequency_conditioned__screen__s0.010000__af0.300000__q5__draw004	screen	0.01	0.3	0.27499999999999997	0.325	60	100	500	5.0	2400.0	2272.0	0.0	4	788950889	0	610390012	0	1800.0	2	1	focal_2bp_raw_forward_no_recap_no_neutral_overlay
han_frequency_conditioned__screen__s0.010000__af0.300000__q5__draw005	screen	0.01	0.3	0.27499999999999997	0.325	60	100	500	5.0	2400.0	2272.0	0.0	5	593944820	0	1417863605	0	1800.0	2	1	focal_2bp_raw_forward_no_recap_no_neutral_overlay
han_frequency_conditioned__screen__s0.010000__af0.300000__q5__draw006	screen	0.01	0.3	0.27499999999999997	0.325	60	100	500	5.0	2400.0	2272.0	0.0	6	1540031605	0	72859283	0	1800.0	2	1	focal_2bp_raw_forward_no_recap_no_neutral_overlay
han_frequency_conditioned__screen__s0.010000__af0.300000__q5__draw007	screen	0.01	0.3	0.27499999999999997	0.325	60	100	500	5.0	2400.0	2272.0	0.0	7	805083865	0	2058748727	0	1800.0	2	1	focal_2bp_raw_forward_no_recap_no_neutral_overlay
han_frequency_conditioned__screen__s0.010000__af0.300000__q5__draw008	screen	0.01	0.3	0.27499999999999997	0.325	60	100	500	5.0	2400.0	2272.0	0.0	8	423269611	0	839237553	0	1800.0	2	1	focal_2bp_raw_forward_no_recap_no_neutral_overlay
han_frequency_conditioned__screen__s0.010000__af0.300000__q5__draw009	screen	0.01	0.3	0.27499999999999997	0.325	60	100	500	5.0	2400.0	2272.0	0.0	9	573928956	0	1648923039	0	1800.0	2	1	focal_2bp_raw_forward_no_recap_no_neutral_overlay
han_frequency_conditioned__screen__s0.010000__af0.300000__q5__draw010	screen	0.01	0.3	0.27499999999999997	0.325	60	100	500	5.0	2400.0	2272.0	0.0	10	57766909	0	1465759868	0	1800.0	2	1	focal_2bp_raw_forward_no_recap_no_neutral_overlay
han_frequency_conditioned__screen__s0.010000__af0.300000__q5__draw011	screen	0.01	0.3	0.27499999999999997	0.325	60	100	500	5.0	2400.0	2272.0	0.0	11	63512924	0	508538714	0	1800.0	2	1	focal_2bp_raw_forward_no_recap_no_neutral_overlay
han_frequency_conditioned__screen__s0.010000__af0.300000__q5__draw012	screen	0.01	0.3	0.27499999999999997	0.325	60	100	500	5.0	2400.0	2272.0	0.0	12	923730250	0	828829073	0	1800.0	2	1	focal_2bp_raw_forward_no_recap_no_neutral_overlay
han_frequency_conditioned__screen__s0.010000__af0.300000__q5__draw013	screen	0.01	0.3	0.27499999999999997	0.325	60	100	500	5.0	2400.0	2272.0	0.0	13	120685803	0	1872853033	0	1800.0	2	1	focal_2bp_raw_forward_no_recap_no_neutral_overlay
han_frequency_conditioned__screen__s0.010000__af0.300000__q5__draw014	screen	0.01	0.3	0.27499999999999997	0.325	60	100	500	5.0	2400.0	2272.0	0.0	14	320269	0	1461635371	0	1800.0	2	1	focal_2bp_raw_forward_no_recap_no_neutral_overlay
han_frequency_conditioned__screen__s0.010000__af0.300000__q5__draw015	screen	0.01	0.3	0.27499999999999997	0.325	60	100	500	5.0	2400.0	2272.0	0.0	15	1328790150	0	1613662367	0	1800.0	2	1	focal_2bp_raw_forward_no_recap_no_neutral_overlay
han_frequency_conditioned__screen__s0.010000__af0.300000__q5__draw016	screen	0.01	0.3	0.27499999999999997	0.325	60	100	500	5.0	2400.0	2272.0	0.0	16	1067974650	0	1082371671	0	1800.0	2	1	focal_2bp_raw_forward_no_recap_no_neutral_overlay
han_frequency_conditioned__screen__s0.010000__af0.300000__q5__draw017	screen	0.01	0.3	0.27499999999999997	0.325	60	100	500	5.0	2400.0	2272.0	0.0	17	984650493	0	1754813233	0	1800.0	2	1	focal_2bp_raw_forward_no_recap_no_neutral_overlay
han_frequency_conditioned__screen__s0.010000__af0.300000__q5__draw018	screen	0.01	0.3	0.27499999999999997	0.325	60	100	500	5.0	2400.0	2272.0	0.0	18	89659110	0	795099349	0	1800.0	2	1	focal_2bp_raw_forward_no_recap_no_neutral_overlay
han_frequency_conditioned__screen__s0.010000__af0.300000__q5__draw019	screen	0.01	0.3	0.27499999999999997	0.325	60	100	500	5.0	2400.0	2272.0	0.0	19	1235570780	0	52366054	0	1800.0	2	1	focal_2bp_raw_forward_no_recap_no_neutral_overlay
han_frequency_conditioned__screen__s0.005000__af0.100000__q5__draw000	screen	0.005	0.1	0.07500000000000001	0.125	20	100	500	5.0	2400.0	2272.0	0.0	0	1153943732	0	338202145	0	1800.0	2	1	focal_2bp_raw_forward_no_recap_no_neutral_overlay
han_frequency_conditioned__screen__s0.005000__af0.100000__q5__draw001	screen	0.005	0.1	0.07500000000000001	0.125	20	100	500	5.0	2400.0	2272.0	0.0	1	1610739642	0	770247580	0	1800.0	2	1	focal_2bp_raw_forward_no_recap_no_neutral_overlay
han_frequency_conditioned__screen__s0.005000__af0.100000__q5__draw002	screen	0.005	0.1	0.07500000000000001	0.125	20	100	500	5.0	2400.0	2272.0	0.0	2	1221435543	0	938597447	0	1800.0	2	1	focal_2bp_raw_forward_no_recap_no_neutral_overlay
han_frequency_conditioned__screen__s0.005000__af0.100000__q5__draw003	screen	0.005	0.1	0.07500000000000001	0.125	20	100	500	5.0	2400.0	2272.0	0.0	3	198769524	0	1935254038	0	1800.0	2	1	focal_2bp_raw_forward_no_recap_no_neutral_overlay
han_frequency_conditioned__screen__s0.005000__af0.100000__q5__draw004	screen	0.005	0.1	0.07500000000000001	0.125	20	100	500	5.0	2400.0	2272.0	0.0	4	1996569739	0	351094572	0	1800.0	2	1	focal_2bp_raw_forward_no_recap_no_neutral_overlay
han_frequency_conditioned__screen__s0.005000__af0.100000__q5__draw005	screen	0.005	0.1	0.07500000000000001	0.125	20	100	500	5.0	2400.0	2272.0	0.0	5	1986956861	0	95502851	0	1800.0	2	1	focal_2bp_raw_forward_no_recap_no_neutral_overlay
han_frequency_conditioned__screen__s0.005000__af0.100000__q5__draw006	screen	0.005	0.1	0.07500000000000001	0.125	20	100	500	5.0	2400.0	2272.0	0.0	6	1587132476	0	1957144492	0	1800.0	2	1	focal_2bp_raw_forward_no_recap_no_neutral_overlay
han_frequency_conditioned__screen__s0.005000__af0.100000__q5__draw007	screen	0.005	0.1	0.07500000000000001	0.125	20	100	500	5.0	2400.0	2272.0	0.0	7	1736228627	0	258887998	0	1800.0	2	1	focal_2bp_raw_forward_no_recap_no_neutral_overlay
han_frequency_conditioned__screen__s0.005000__af0.100000__q5__draw008	screen	0.005	0.1	0.07500000000000001	0.125	20	100	500	5.0	2400.0	2272.0	0.0	8	1985100271	0	1605374403	0	1800.0	2	1	focal_2bp_raw_forward_no_recap_no_neutral_overlay
han_frequency_conditioned__screen__s0.005000__af0.100000__q5__draw009	screen	0.005	0.1	0.07500000000000001	0.125	20	100	500	5.0	2400.0	2272.0	0.0	9	720609099	0	2084421695	0	1800.0	2	1	focal_2bp_raw_forward_no_recap_no_neutral_overlay
han_frequency_conditioned__screen__s0.005000__af0.100000__q5__draw010	screen	0.005	0.1	0.07500000000000001	0.125	20	100	500	5.0	2400.0	2272.0	0.0	10	1341665549	0	134140973	0	1800.0	2	1	focal_2bp_raw_forward_no_recap_no_neutral_overlay
han_frequency_conditioned__screen__s0.005000__af0.100000__q5__draw011	screen	0.005	0.1	0.07500000000000001	0.125	20	100	500	5.0	2400.0	2272.0	0.0	11	992668589	0	1787779029	0	1800.0	2	1	focal_2bp_raw_forward_no_recap_no_neutral_overlay
han_frequency_conditioned__screen__s0.005000__af0.100000__q5__draw012	screen	0.005	0.1	0.07500000000000001	0.125	20	100	500	5.0	2400.0	2272.0	0.0	12	563382400	0	1155122426	0	1800.0	2	1	focal_2bp_raw_forward_no_recap_no_neutral_overlay
han_frequency_conditioned__screen__s0.005000__af0.100000__q5__draw013	screen	0.005	0.1	0.07500000000000001	0.125	20	100	500	5.0	2400.0	2272.0	0.0	13	1082695638	0	362271749	0	1800.0	2	1	focal_2bp_raw_forward_no_recap_no_neutral_overlay
han_frequency_conditioned__screen__s0.005000__af0.100000__q5__draw014	screen	0.005	0.1	0.07500000000000001	0.125	20	100	500	5.0	2400.0	2272.0	0.0	14	904490812	0	384157725	0	1800.0	2	1	focal_2bp_raw_forward_no_recap_no_neutral_overlay
han_frequency_conditioned__screen__s0.005000__af0.100000__q5__draw015	screen	0.005	0.1	0.07500000000000001	0.125	20	100	500	5.0	2400.0	2272.0	0.0	15	410986146	0	490818435	0	1800.0	2	1	focal_2bp_raw_forward_no_recap_no_neutral_overlay
han_frequency_conditioned__screen__s0.005000__af0.100000__q5__draw016	screen	0.005	0.1	0.07500000000000001	0.125	20	100	500	5.0	2400.0	2272.0	0.0	16	1686577500	0	1131044054	0	1800.0	2	1	focal_2bp_raw_forward_no_recap_no_neutral_overlay
han_frequency_conditioned__screen__s0.005000__af0.100000__q5__draw017	screen	0.005	0.1	0.07500000000000001	0.125	20	100	500	5.0	2400.0	2272.0	0.0	17	696464422	0	559153108	0	1800.0	2	1	focal_2bp_raw_forward_no_recap_no_neutral_overlay
han_frequency_conditioned__screen__s0.005000__af0.100000__q5__draw018	screen	0.005	0.1	0.07500000000000001	0.125	20	100	500	5.0	2400.0	2272.0	0.0	18	1193722370	0	1009957790	0	1800.0	2	1	focal_2bp_raw_forward_no_recap_no_neutral_overlay
han_frequency_conditioned__screen__s0.005000__af0.100000__q5__draw019	screen	0.005	0.1	0.07500000000000001	0.125	20	100	500	5.0	2400.0	2272.0	0.0	19	1762845529	0	923925736	0	1800.0	2	1	focal_2bp_raw_forward_no_recap_no_neutral_overlay
han_frequency_conditioned__screen__s0.005000__af0.200000__q5__draw000	screen	0.005	0.2	0.17500000000000002	0.225	40	100	500	5.0	2400.0	2272.0	0.0	0	2017508897	0	409020608	0	1800.0	2	1	focal_2bp_raw_forward_no_recap_no_neutral_overlay
han_frequency_conditioned__screen__s0.005000__af0.200000__q5__draw001	screen	0.005	0.2	0.17500000000000002	0.225	40	100	500	5.0	2400.0	2272.0	0.0	1	1797322404	0	1786754387	0	1800.0	2	1	focal_2bp_raw_forward_no_recap_no_neutral_overlay
han_frequency_conditioned__screen__s0.005000__af0.200000__q5__draw002	screen	0.005	0.2	0.17500000000000002	0.225	40	100	500	5.0	2400.0	2272.0	0.0	2	1444185188	0	1075381947	0	1800.0	2	1	focal_2bp_raw_forward_no_recap_no_neutral_overlay
han_frequency_conditioned__screen__s0.005000__af0.200000__q5__draw003	screen	0.005	0.2	0.17500000000000002	0.225	40	100	500	5.0	2400.0	2272.0	0.0	3	1079211033	0	181446641	0	1800.0	2	1	focal_2bp_raw_forward_no_recap_no_neutral_overlay
han_frequency_conditioned__screen__s0.005000__af0.200000__q5__draw004	screen	0.005	0.2	0.17500000000000002	0.225	40	100	500	5.0	2400.0	2272.0	0.0	4	134927384	0	1675571785	0	1800.0	2	1	focal_2bp_raw_forward_no_recap_no_neutral_overlay
han_frequency_conditioned__screen__s0.005000__af0.200000__q5__draw005	screen	0.005	0.2	0.17500000000000002	0.225	40	100	500	5.0	2400.0	2272.0	0.0	5	1451395370	0	1099477969	0	1800.0	2	1	focal_2bp_raw_forward_no_recap_no_neutral_overlay
han_frequency_conditioned__screen__s0.005000__af0.200000__q5__draw006	screen	0.005	0.2	0.17500000000000002	0.225	40	100	500	5.0	2400.0	2272.0	0.0	6	6530385	0	414613014	0	1800.0	2	1	focal_2bp_raw_forward_no_recap_no_neutral_overlay
han_frequency_conditioned__screen__s0.005000__af0.200000__q5__draw007	screen	0.005	0.2	0.17500000000000002	0.225	40	100	500	5.0	2400.0	2272.0	0.0	7	76858114	0	1704404436	0	1800.0	2	1	focal_2bp_raw_forward_no_recap_no_neutral_overlay
han_frequency_conditioned__screen__s0.005000__af0.200000__q5__draw008	screen	0.005	0.2	0.17500000000000002	0.225	40	100	500	5.0	2400.0	2272.0	0.0	8	1368447214	0	2007295483	0	1800.0	2	1	focal_2bp_raw_forward_no_recap_no_neutral_overlay
han_frequency_conditioned__screen__s0.005000__af0.200000__q5__draw009	screen	0.005	0.2	0.17500000000000002	0.225	40	100	500	5.0	2400.0	2272.0	0.0	9	690332637	0	173941725	0	1800.0	2	1	focal_2bp_raw_forward_no_recap_no_neutral_overlay
han_frequency_conditioned__screen__s0.005000__af0.200000__q5__draw010	screen	0.005	0.2	0.17500000000000002	0.225	40	100	500	5.0	2400.0	2272.0	0.0	10	74177069	0	1528099015	0	1800.0	2	1	focal_2bp_raw_forward_no_recap_no_neutral_overlay
han_frequency_conditioned__screen__s0.005000__af0.200000__q5__draw011	screen	0.005	0.2	0.17500000000000002	0.225	40	100	500	5.0	2400.0	2272.0	0.0	11	1955022337	0	1146413164	0	1800.0	2	1	focal_2bp_raw_forward_no_recap_no_neutral_overlay
han_frequency_conditioned__screen__s0.005000__af0.200000__q5__draw012	screen	0.005	0.2	0.17500000000000002	0.225	40	100	500	5.0	2400.0	2272.0	0.0	12	1240224050	0	1031547498	0	1800.0	2	1	focal_2bp_raw_forward_no_recap_no_neutral_overlay
han_frequency_conditioned__screen__s0.005000__af0.200000__q5__draw013	screen	0.005	0.2	0.17500000000000002	0.225	40	100	500	5.0	2400.0	2272.0	0.0	13	1212887718	0	716715777	0	1800.0	2	1	focal_2bp_raw_forward_no_recap_no_neutral_overlay
han_frequency_conditioned__screen__s0.005000__af0.200000__q5__draw014	screen	0.005	0.2	0.17500000000000002	0.225	40	100	500	5.0	2400.0	2272.0	0.0	14	1332875316	0	1041756276	0	1800.0	2	1	focal_2bp_raw_forward_no_recap_no_neutral_overlay
han_frequency_conditioned__screen__s0.005000__af0.200000__q5__draw015	screen	0.005	0.2	0.17500000000000002	0.225	40	100	500	5.0	2400.0	2272.0	0.0	15	189151960	0	1745455986	0	1800.0	2	1	focal_2bp_raw_forward_no_recap_no_neutral_overlay
han_frequency_conditioned__screen__s0.005000__af0.200000__q5__draw016	screen	0.005	0.2	0.17500000000000002	0.225	40	100	500	5.0	2400.0	2272.0	0.0	16	1735465308	0	2132466802	0	1800.0	2	1	focal_2bp_raw_forward_no_recap_no_neutral_overlay
han_frequency_conditioned__screen__s0.005000__af0.200000__q5__draw017	screen	0.005	0.2	0.17500000000000002	0.225	40	100	500	5.0	2400.0	2272.0	0.0	17	1209040945	0	518009592	0	1800.0	2	1	focal_2bp_raw_forward_no_recap_no_neutral_overlay
han_frequency_conditioned__screen__s0.005000__af0.200000__q5__draw018	screen	0.005	0.2	0.17500000000000002	0.225	40	100	500	5.0	2400.0	2272.0	0.0	18	1991317517	0	2025277080	0	1800.0	2	1	focal_2bp_raw_forward_no_recap_no_neutral_overlay
han_frequency_conditioned__screen__s0.005000__af0.200000__q5__draw019	screen	0.005	0.2	0.17500000000000002	0.225	40	100	500	5.0	2400.0	2272.0	0.0	19	1717480097	0	1927710051	0	1800.0	2	1	focal_2bp_raw_forward_no_recap_no_neutral_overlay
han_frequency_conditioned__screen__s0.005000__af0.300000__q5__draw000	screen	0.005	0.3	0.27499999999999997	0.325	60	100	500	5.0	2400.0	2272.0	0.0	0	583130067	0	1181754670	0	1800.0	2	1	focal_2bp_raw_forward_no_recap_no_neutral_overlay
han_frequency_conditioned__screen__s0.005000__af0.300000__q5__draw001	screen	0.005	0.3	0.27499999999999997	0.325	60	100	500	5.0	2400.0	2272.0	0.0	1	994358443	0	753819815	0	1800.0	2	1	focal_2bp_raw_forward_no_recap_no_neutral_overlay
han_frequency_conditioned__screen__s0.005000__af0.300000__q5__draw002	screen	0.005	0.3	0.27499999999999997	0.325	60	100	500	5.0	2400.0	2272.0	0.0	2	1886985582	0	760590842	0	1800.0	2	1	focal_2bp_raw_forward_no_recap_no_neutral_overlay
han_frequency_conditioned__screen__s0.005000__af0.300000__q5__draw003	screen	0.005	0.3	0.27499999999999997	0.325	60	100	500	5.0	2400.0	2272.0	0.0	3	1364330209	0	1738869826	0	1800.0	2	1	focal_2bp_raw_forward_no_recap_no_neutral_overlay
han_frequency_conditioned__screen__s0.005000__af0.300000__q5__draw004	screen	0.005	0.3	0.27499999999999997	0.325	60	100	500	5.0	2400.0	2272.0	0.0	4	350757788	0	1226121016	0	1800.0	2	1	focal_2bp_raw_forward_no_recap_no_neutral_overlay
han_frequency_conditioned__screen__s0.005000__af0.300000__q5__draw005	screen	0.005	0.3	0.27499999999999997	0.325	60	100	500	5.0	2400.0	2272.0	0.0	5	1108848029	0	2082196186	0	1800.0	2	1	focal_2bp_raw_forward_no_recap_no_neutral_overlay
han_frequency_conditioned__screen__s0.005000__af0.300000__q5__draw006	screen	0.005	0.3	0.27499999999999997	0.325	60	100	500	5.0	2400.0	2272.0	0.0	6	2126928383	0	1088856614	0	1800.0	2	1	focal_2bp_raw_forward_no_recap_no_neutral_overlay
han_frequency_conditioned__screen__s0.005000__af0.300000__q5__draw007	screen	0.005	0.3	0.27499999999999997	0.325	60	100	500	5.0	2400.0	2272.0	0.0	7	2049954550	0	363978360	0	1800.0	2	1	focal_2bp_raw_forward_no_recap_no_neutral_overlay
han_frequency_conditioned__screen__s0.005000__af0.300000__q5__draw008	screen	0.005	0.3	0.27499999999999997	0.325	60	100	500	5.0	2400.0	2272.0	0.0	8	1858535009	0	337187095	0	1800.0	2	1	focal_2bp_raw_forward_no_recap_no_neutral_overlay
han_frequency_conditioned__screen__s0.005000__af0.300000__q5__draw009	screen	0.005	0.3	0.27499999999999997	0.325	60	100	500	5.0	2400.0	2272.0	0.0	9	438813886	0	77206705	0	1800.0	2	1	focal_2bp_raw_forward_no_recap_no_neutral_overlay
han_frequency_conditioned__screen__s0.005000__af0.300000__q5__draw010	screen	0.005	0.3	0.27499999999999997	0.325	60	100	500	5.0	2400.0	2272.0	0.0	10	1598009742	0	1217725138	0	1800.0	2	1	focal_2bp_raw_forward_no_recap_no_neutral_overlay
han_frequency_conditioned__screen__s0.005000__af0.300000__q5__draw011	screen	0.005	0.3	0.27499999999999997	0.325	60	100	500	5.0	2400.0	2272.0	0.0	11	778640006	0	1368206757	0	1800.0	2	1	focal_2bp_raw_forward_no_recap_no_neutral_overlay
han_frequency_conditioned__screen__s0.005000__af0.300000__q5__draw012	screen	0.005	0.3	0.27499999999999997	0.325	60	100	500	5.0	2400.0	2272.0	0.0	12	1792937256	0	1486975532	0	1800.0	2	1	focal_2bp_raw_forward_no_recap_no_neutral_overlay
han_frequency_conditioned__screen__s0.005000__af0.300000__q5__draw013	screen	0.005	0.3	0.27499999999999997	0.325	60	100	500	5.0	2400.0	2272.0	0.0	13	1006984368	0	783560307	0	1800.0	2	1	focal_2bp_raw_forward_no_recap_no_neutral_overlay
han_frequency_conditioned__screen__s0.005000__af0.300000__q5__draw014	screen	0.005	0.3	0.27499999999999997	0.325	60	100	500	5.0	2400.0	2272.0	0.0	14	359155727	0	728068616	0	1800.0	2	1	focal_2bp_raw_forward_no_recap_no_neutral_overlay
han_frequency_conditioned__screen__s0.005000__af0.300000__q5__draw015	screen	0.005	0.3	0.27499999999999997	0.325	60	100	500	5.0	2400.0	2272.0	0.0	15	1664954306	0	501653404	0	1800.0	2	1	focal_2bp_raw_forward_no_recap_no_neutral_overlay
han_frequency_conditioned__screen__s0.005000__af0.300000__q5__draw016	screen	0.005	0.3	0.27499999999999997	0.325	60	100	500	5.0	2400.0	2272.0	0.0	16	1790005192	0	156614176	0	1800.0	2	1	focal_2bp_raw_forward_no_recap_no_neutral_overlay
han_frequency_conditioned__screen__s0.005000__af0.300000__q5__draw017	screen	0.005	0.3	0.27499999999999997	0.325	60	100	500	5.0	2400.0	2272.0	0.0	17	1840994875	0	157372568	0	1800.0	2	1	focal_2bp_raw_forward_no_recap_no_neutral_overlay
han_frequency_conditioned__screen__s0.005000__af0.300000__q5__draw018	screen	0.005	0.3	0.27499999999999997	0.325	60	100	500	5.0	2400.0	2272.0	0.0	18	19414127	0	655152562	0	1800.0	2	1	focal_2bp_raw_forward_no_recap_no_neutral_overlay
han_frequency_conditioned__screen__s0.005000__af0.300000__q5__draw019	screen	0.005	0.3	0.27499999999999997	0.325	60	100	500	5.0	2400.0	2272.0	0.0	19	1261915899	0	1472361772	0	1800.0	2	1	focal_2bp_raw_forward_no_recap_no_neutral_overlay
han_frequency_conditioned__confirmation__s0.010000__af0.100000__q5__draw000	confirmation	0.01	0.1	0.07500000000000001	0.125	20	100	500	5.0	2400.0	2272.0	0.0	0	1279601934	0	1637747531	0	1800.0	2	1	focal_2bp_raw_forward_no_recap_no_neutral_overlay
han_frequency_conditioned__confirmation__s0.010000__af0.100000__q5__draw001	confirmation	0.01	0.1	0.07500000000000001	0.125	20	100	500	5.0	2400.0	2272.0	0.0	1	2127382428	0	262271767	0	1800.0	2	1	focal_2bp_raw_forward_no_recap_no_neutral_overlay
han_frequency_conditioned__confirmation__s0.010000__af0.100000__q5__draw002	confirmation	0.01	0.1	0.07500000000000001	0.125	20	100	500	5.0	2400.0	2272.0	0.0	2	591625152	0	1297182564	0	1800.0	2	1	focal_2bp_raw_forward_no_recap_no_neutral_overlay
han_frequency_conditioned__confirmation__s0.010000__af0.100000__q5__draw003	confirmation	0.01	0.1	0.07500000000000001	0.125	20	100	500	5.0	2400.0	2272.0	0.0	3	1500015923	0	599812610	0	1800.0	2	1	focal_2bp_raw_forward_no_recap_no_neutral_overlay
han_frequency_conditioned__confirmation__s0.010000__af0.100000__q5__draw004	confirmation	0.01	0.1	0.07500000000000001	0.125	20	100	500	5.0	2400.0	2272.0	0.0	4	1379026944	0	331073134	0	1800.0	2	1	focal_2bp_raw_forward_no_recap_no_neutral_overlay
han_frequency_conditioned__confirmation__s0.010000__af0.100000__q5__draw005	confirmation	0.01	0.1	0.07500000000000001	0.125	20	100	500	5.0	2400.0	2272.0	0.0	5	1973729725	0	860783403	0	1800.0	2	1	focal_2bp_raw_forward_no_recap_no_neutral_overlay
han_frequency_conditioned__confirmation__s0.010000__af0.100000__q5__draw006	confirmation	0.01	0.1	0.07500000000000001	0.125	20	100	500	5.0	2400.0	2272.0	0.0	6	81653586	0	11023745	0	1800.0	2	1	focal_2bp_raw_forward_no_recap_no_neutral_overlay
han_frequency_conditioned__confirmation__s0.010000__af0.100000__q5__draw007	confirmation	0.01	0.1	0.07500000000000001	0.125	20	100	500	5.0	2400.0	2272.0	0.0	7	1943192506	0	903075505	0	1800.0	2	1	focal_2bp_raw_forward_no_recap_no_neutral_overlay
han_frequency_conditioned__confirmation__s0.010000__af0.100000__q5__draw008	confirmation	0.01	0.1	0.07500000000000001	0.125	20	100	500	5.0	2400.0	2272.0	0.0	8	1094811621	0	1764519867	0	1800.0	2	1	focal_2bp_raw_forward_no_recap_no_neutral_overlay
han_frequency_conditioned__confirmation__s0.010000__af0.100000__q5__draw009	confirmation	0.01	0.1	0.07500000000000001	0.125	20	100	500	5.0	2400.0	2272.0	0.0	9	647948026	0	1635177708	0	1800.0	2	1	focal_2bp_raw_forward_no_recap_no_neutral_overlay
han_frequency_conditioned__confirmation__s0.010000__af0.100000__q5__draw010	confirmation	0.01	0.1	0.07500000000000001	0.125	20	100	500	5.0	2400.0	2272.0	0.0	10	1849722463	0	1294435350	0	1800.0	2	1	focal_2bp_raw_forward_no_recap_no_neutral_overlay
han_frequency_conditioned__confirmation__s0.010000__af0.100000__q5__draw011	confirmation	0.01	0.1	0.07500000000000001	0.125	20	100	500	5.0	2400.0	2272.0	0.0	11	522628122	0	1192973297	0	1800.0	2	1	focal_2bp_raw_forward_no_recap_no_neutral_overlay
han_frequency_conditioned__confirmation__s0.010000__af0.100000__q5__draw012	confirmation	0.01	0.1	0.07500000000000001	0.125	20	100	500	5.0	2400.0	2272.0	0.0	12	1214549518	0	1924073423	0	1800.0	2	1	focal_2bp_raw_forward_no_recap_no_neutral_overlay
han_frequency_conditioned__confirmation__s0.010000__af0.100000__q5__draw013	confirmation	0.01	0.1	0.07500000000000001	0.125	20	100	500	5.0	2400.0	2272.0	0.0	13	1701662157	0	49726027	0	1800.0	2	1	focal_2bp_raw_forward_no_recap_no_neutral_overlay
han_frequency_conditioned__confirmation__s0.010000__af0.100000__q5__draw014	confirmation	0.01	0.1	0.07500000000000001	0.125	20	100	500	5.0	2400.0	2272.0	0.0	14	345263010	0	1446960279	0	1800.0	2	1	focal_2bp_raw_forward_no_recap_no_neutral_overlay
han_frequency_conditioned__confirmation__s0.010000__af0.100000__q5__draw015	confirmation	0.01	0.1	0.07500000000000001	0.125	20	100	500	5.0	2400.0	2272.0	0.0	15	2088399318	0	1316617531	0	1800.0	2	1	focal_2bp_raw_forward_no_recap_no_neutral_overlay
han_frequency_conditioned__confirmation__s0.010000__af0.100000__q5__draw016	confirmation	0.01	0.1	0.07500000000000001	0.125	20	100	500	5.0	2400.0	2272.0	0.0	16	1810356083	0	219949375	0	1800.0	2	1	focal_2bp_raw_forward_no_recap_no_neutral_overlay
han_frequency_conditioned__confirmation__s0.010000__af0.100000__q5__draw017	confirmation	0.01	0.1	0.07500000000000001	0.125	20	100	500	5.0	2400.0	2272.0	0.0	17	1309268558	0	1698511230	0	1800.0	2	1	focal_2bp_raw_forward_no_recap_no_neutral_overlay
han_frequency_conditioned__confirmation__s0.010000__af0.100000__q5__draw018	confirmation	0.01	0.1	0.07500000000000001	0.125	20	100	500	5.0	2400.0	2272.0	0.0	18	1297077725	0	1929689369	0	1800.0	2	1	focal_2bp_raw_forward_no_recap_no_neutral_overlay
han_frequency_conditioned__confirmation__s0.010000__af0.100000__q5__draw019	confirmation	0.01	0.1	0.07500000000000001	0.125	20	100	500	5.0	2400.0	2272.0	0.0	19	541782627	0	1307857103	0	1800.0	2	1	focal_2bp_raw_forward_no_recap_no_neutral_overlay
han_frequency_conditioned__confirmation__s0.010000__af0.100000__q5__draw020	confirmation	0.01	0.1	0.07500000000000001	0.125	20	100	500	5.0	2400.0	2272.0	0.0	20	1236085584	0	2109450960	0	1800.0	2	1	focal_2bp_raw_forward_no_recap_no_neutral_overlay
han_frequency_conditioned__confirmation__s0.010000__af0.100000__q5__draw021	confirmation	0.01	0.1	0.07500000000000001	0.125	20	100	500	5.0	2400.0	2272.0	0.0	21	773441913	0	215742040	0	1800.0	2	1	focal_2bp_raw_forward_no_recap_no_neutral_overlay
han_frequency_conditioned__confirmation__s0.010000__af0.100000__q5__draw022	confirmation	0.01	0.1	0.07500000000000001	0.125	20	100	500	5.0	2400.0	2272.0	0.0	22	2131337351	0	1530563500	0	1800.0	2	1	focal_2bp_raw_forward_no_recap_no_neutral_overlay
han_frequency_conditioned__confirmation__s0.010000__af0.100000__q5__draw023	confirmation	0.01	0.1	0.07500000000000001	0.125	20	100	500	5.0	2400.0	2272.0	0.0	23	456801946	0	2094668745	0	1800.0	2	1	focal_2bp_raw_forward_no_recap_no_neutral_overlay
han_frequency_conditioned__confirmation__s0.010000__af0.100000__q5__draw024	confirmation	0.01	0.1	0.07500000000000001	0.125	20	100	500	5.0	2400.0	2272.0	0.0	24	1691966930	0	777131059	0	1800.0	2	1	focal_2bp_raw_forward_no_recap_no_neutral_overlay
han_frequency_conditioned__confirmation__s0.010000__af0.100000__q5__draw025	confirmation	0.01	0.1	0.07500000000000001	0.125	20	100	500	5.0	2400.0	2272.0	0.0	25	573615487	0	1032455813	0	1800.0	2	1	focal_2bp_raw_forward_no_recap_no_neutral_overlay
han_frequency_conditioned__confirmation__s0.010000__af0.100000__q5__draw026	confirmation	0.01	0.1	0.07500000000000001	0.125	20	100	500	5.0	2400.0	2272.0	0.0	26	766288831	0	975770454	0	1800.0	2	1	focal_2bp_raw_forward_no_recap_no_neutral_overlay
han_frequency_conditioned__confirmation__s0.010000__af0.100000__q5__draw027	confirmation	0.01	0.1	0.07500000000000001	0.125	20	100	500	5.0	2400.0	2272.0	0.0	27	1322144032	0	1735563078	0	1800.0	2	1	focal_2bp_raw_forward_no_recap_no_neutral_overlay
han_frequency_conditioned__confirmation__s0.010000__af0.100000__q5__draw028	confirmation	0.01	0.1	0.07500000000000001	0.125	20	100	500	5.0	2400.0	2272.0	0.0	28	1851181954	0	299519948	0	1800.0	2	1	focal_2bp_raw_forward_no_recap_no_neutral_overlay
han_frequency_conditioned__confirmation__s0.010000__af0.100000__q5__draw029	confirmation	0.01	0.1	0.07500000000000001	0.125	20	100	500	5.0	2400.0	2272.0	0.0	29	1933997732	0	763205031	0	1800.0	2	1	focal_2bp_raw_forward_no_recap_no_neutral_overlay
han_frequency_conditioned__confirmation__s0.010000__af0.100000__q5__draw030	confirmation	0.01	0.1	0.07500000000000001	0.125	20	100	500	5.0	2400.0	2272.0	0.0	30	1438746371	0	109920541	0	1800.0	2	1	focal_2bp_raw_forward_no_recap_no_neutral_overlay
han_frequency_conditioned__confirmation__s0.010000__af0.100000__q5__draw031	confirmation	0.01	0.1	0.07500000000000001	0.125	20	100	500	5.0	2400.0	2272.0	0.0	31	540519998	0	749266144	0	1800.0	2	1	focal_2bp_raw_forward_no_recap_no_neutral_overlay
han_frequency_conditioned__confirmation__s0.010000__af0.100000__q5__draw032	confirmation	0.01	0.1	0.07500000000000001	0.125	20	100	500	5.0	2400.0	2272.0	0.0	32	1505965179	0	861813989	0	1800.0	2	1	focal_2bp_raw_forward_no_recap_no_neutral_overlay
han_frequency_conditioned__confirmation__s0.010000__af0.100000__q5__draw033	confirmation	0.01	0.1	0.07500000000000001	0.125	20	100	500	5.0	2400.0	2272.0	0.0	33	181387890	0	395520440	0	1800.0	2	1	focal_2bp_raw_forward_no_recap_no_neutral_overlay
han_frequency_conditioned__confirmation__s0.010000__af0.100000__q5__draw034	confirmation	0.01	0.1	0.07500000000000001	0.125	20	100	500	5.0	2400.0	2272.0	0.0	34	379667314	0	329617184	0	1800.0	2	1	focal_2bp_raw_forward_no_recap_no_neutral_overlay
han_frequency_conditioned__confirmation__s0.010000__af0.100000__q5__draw035	confirmation	0.01	0.1	0.07500000000000001	0.125	20	100	500	5.0	2400.0	2272.0	0.0	35	348889497	0	166260911	0	1800.0	2	1	focal_2bp_raw_forward_no_recap_no_neutral_overlay
han_frequency_conditioned__confirmation__s0.010000__af0.100000__q5__draw036	confirmation	0.01	0.1	0.07500000000000001	0.125	20	100	500	5.0	2400.0	2272.0	0.0	36	1961382579	0	984657812	0	1800.0	2	1	focal_2bp_raw_forward_no_recap_no_neutral_overlay
han_frequency_conditioned__confirmation__s0.010000__af0.100000__q5__draw037	confirmation	0.01	0.1	0.07500000000000001	0.125	20	100	500	5.0	2400.0	2272.0	0.0	37	108053390	0	216886025	0	1800.0	2	1	focal_2bp_raw_forward_no_recap_no_neutral_overlay
han_frequency_conditioned__confirmation__s0.010000__af0.100000__q5__draw038	confirmation	0.01	0.1	0.07500000000000001	0.125	20	100	500	5.0	2400.0	2272.0	0.0	38	473031318	0	1230973780	0	1800.0	2	1	focal_2bp_raw_forward_no_recap_no_neutral_overlay
han_frequency_conditioned__confirmation__s0.010000__af0.100000__q5__draw039	confirmation	0.01	0.1	0.07500000000000001	0.125	20	100	500	5.0	2400.0	2272.0	0.0	39	789296734	0	2032205116	0	1800.0	2	1	focal_2bp_raw_forward_no_recap_no_neutral_overlay
han_frequency_conditioned__confirmation__s0.010000__af0.100000__q5__draw040	confirmation	0.01	0.1	0.07500000000000001	0.125	20	100	500	5.0	2400.0	2272.0	0.0	40	709002889	0	1338433327	0	1800.0	2	1	focal_2bp_raw_forward_no_recap_no_neutral_overlay
han_frequency_conditioned__confirmation__s0.010000__af0.100000__q5__draw041	confirmation	0.01	0.1	0.07500000000000001	0.125	20	100	500	5.0	2400.0	2272.0	0.0	41	635601073	0	1436565236	0	1800.0	2	1	focal_2bp_raw_forward_no_recap_no_neutral_overlay
han_frequency_conditioned__confirmation__s0.010000__af0.100000__q5__draw042	confirmation	0.01	0.1	0.07500000000000001	0.125	20	100	500	5.0	2400.0	2272.0	0.0	42	164395440	0	1239882685	0	1800.0	2	1	focal_2bp_raw_forward_no_recap_no_neutral_overlay
han_frequency_conditioned__confirmation__s0.010000__af0.100000__q5__draw043	confirmation	0.01	0.1	0.07500000000000001	0.125	20	100	500	5.0	2400.0	2272.0	0.0	43	977633734	0	1857669828	0	1800.0	2	1	focal_2bp_raw_forward_no_recap_no_neutral_overlay
han_frequency_conditioned__confirmation__s0.010000__af0.100000__q5__draw044	confirmation	0.01	0.1	0.07500000000000001	0.125	20	100	500	5.0	2400.0	2272.0	0.0	44	616209338	0	360860878	0	1800.0	2	1	focal_2bp_raw_forward_no_recap_no_neutral_overlay
han_frequency_conditioned__confirmation__s0.010000__af0.100000__q5__draw045	confirmation	0.01	0.1	0.07500000000000001	0.125	20	100	500	5.0	2400.0	2272.0	0.0	45	807632260	0	466580966	0	1800.0	2	1	focal_2bp_raw_forward_no_recap_no_neutral_overlay
han_frequency_conditioned__confirmation__s0.010000__af0.100000__q5__draw046	confirmation	0.01	0.1	0.07500000000000001	0.125	20	100	500	5.0	2400.0	2272.0	0.0	46	832371401	0	2115088912	0	1800.0	2	1	focal_2bp_raw_forward_no_recap_no_neutral_overlay
han_frequency_conditioned__confirmation__s0.010000__af0.100000__q5__draw047	confirmation	0.01	0.1	0.07500000000000001	0.125	20	100	500	5.0	2400.0	2272.0	0.0	47	466064929	0	1622509007	0	1800.0	2	1	focal_2bp_raw_forward_no_recap_no_neutral_overlay
han_frequency_conditioned__confirmation__s0.010000__af0.100000__q5__draw048	confirmation	0.01	0.1	0.07500000000000001	0.125	20	100	500	5.0	2400.0	2272.0	0.0	48	1805819078	0	1629665977	0	1800.0	2	1	focal_2bp_raw_forward_no_recap_no_neutral_overlay
han_frequency_conditioned__confirmation__s0.010000__af0.100000__q5__draw049	confirmation	0.01	0.1	0.07500000000000001	0.125	20	100	500	5.0	2400.0	2272.0	0.0	49	1524988691	0	498273220	0	1800.0	2	1	focal_2bp_raw_forward_no_recap_no_neutral_overlay
han_frequency_conditioned__confirmation__s0.010000__af0.100000__q5__draw050	confirmation	0.01	0.1	0.07500000000000001	0.125	20	100	500	5.0	2400.0	2272.0	0.0	50	1678720927	0	2010662778	0	1800.0	2	1	focal_2bp_raw_forward_no_recap_no_neutral_overlay
han_frequency_conditioned__confirmation__s0.010000__af0.100000__q5__draw051	confirmation	0.01	0.1	0.07500000000000001	0.125	20	100	500	5.0	2400.0	2272.0	0.0	51	1742124859	0	1977059345	0	1800.0	2	1	focal_2bp_raw_forward_no_recap_no_neutral_overlay
han_frequency_conditioned__confirmation__s0.010000__af0.100000__q5__draw052	confirmation	0.01	0.1	0.07500000000000001	0.125	20	100	500	5.0	2400.0	2272.0	0.0	52	2079290037	0	1565448955	0	1800.0	2	1	focal_2bp_raw_forward_no_recap_no_neutral_overlay
han_frequency_conditioned__confirmation__s0.010000__af0.100000__q5__draw053	confirmation	0.01	0.1	0.07500000000000001	0.125	20	100	500	5.0	2400.0	2272.0	0.0	53	839142183	0	187829889	0	1800.0	2	1	focal_2bp_raw_forward_no_recap_no_neutral_overlay
han_frequency_conditioned__confirmation__s0.010000__af0.100000__q5__draw054	confirmation	0.01	0.1	0.07500000000000001	0.125	20	100	500	5.0	2400.0	2272.0	0.0	54	296944795	0	658868476	0	1800.0	2	1	focal_2bp_raw_forward_no_recap_no_neutral_overlay
han_frequency_conditioned__confirmation__s0.010000__af0.100000__q5__draw055	confirmation	0.01	0.1	0.07500000000000001	0.125	20	100	500	5.0	2400.0	2272.0	0.0	55	321177107	0	747892744	0	1800.0	2	1	focal_2bp_raw_forward_no_recap_no_neutral_overlay
han_frequency_conditioned__confirmation__s0.010000__af0.100000__q5__draw056	confirmation	0.01	0.1	0.07500000000000001	0.125	20	100	500	5.0	2400.0	2272.0	0.0	56	885134514	0	802260726	0	1800.0	2	1	focal_2bp_raw_forward_no_recap_no_neutral_overlay
han_frequency_conditioned__confirmation__s0.010000__af0.100000__q5__draw057	confirmation	0.01	0.1	0.07500000000000001	0.125	20	100	500	5.0	2400.0	2272.0	0.0	57	343832409	0	149606762	0	1800.0	2	1	focal_2bp_raw_forward_no_recap_no_neutral_overlay
han_frequency_conditioned__confirmation__s0.010000__af0.100000__q5__draw058	confirmation	0.01	0.1	0.07500000000000001	0.125	20	100	500	5.0	2400.0	2272.0	0.0	58	99340155	0	1133539118	0	1800.0	2	1	focal_2bp_raw_forward_no_recap_no_neutral_overlay
han_frequency_conditioned__confirmation__s0.010000__af0.100000__q5__draw059	confirmation	0.01	0.1	0.07500000000000001	0.125	20	100	500	5.0	2400.0	2272.0	0.0	59	263868761	0	919906377	0	1800.0	2	1	focal_2bp_raw_forward_no_recap_no_neutral_overlay
han_frequency_conditioned__confirmation__s0.010000__af0.100000__q5__draw060	confirmation	0.01	0.1	0.07500000000000001	0.125	20	100	500	5.0	2400.0	2272.0	0.0	60	1934242166	0	196266418	0	1800.0	2	1	focal_2bp_raw_forward_no_recap_no_neutral_overlay
han_frequency_conditioned__confirmation__s0.010000__af0.100000__q5__draw061	confirmation	0.01	0.1	0.07500000000000001	0.125	20	100	500	5.0	2400.0	2272.0	0.0	61	215246808	0	1961660076	0	1800.0	2	1	focal_2bp_raw_forward_no_recap_no_neutral_overlay
han_frequency_conditioned__confirmation__s0.010000__af0.100000__q5__draw062	confirmation	0.01	0.1	0.07500000000000001	0.125	20	100	500	5.0	2400.0	2272.0	0.0	62	1377299591	0	357922498	0	1800.0	2	1	focal_2bp_raw_forward_no_recap_no_neutral_overlay
han_frequency_conditioned__confirmation__s0.010000__af0.100000__q5__draw063	confirmation	0.01	0.1	0.07500000000000001	0.125	20	100	500	5.0	2400.0	2272.0	0.0	63	314870834	0	2068779693	0	1800.0	2	1	focal_2bp_raw_forward_no_recap_no_neutral_overlay
han_frequency_conditioned__confirmation__s0.010000__af0.100000__q5__draw064	confirmation	0.01	0.1	0.07500000000000001	0.125	20	100	500	5.0	2400.0	2272.0	0.0	64	1060825679	0	1457141753	0	1800.0	2	1	focal_2bp_raw_forward_no_recap_no_neutral_overlay
han_frequency_conditioned__confirmation__s0.010000__af0.100000__q5__draw065	confirmation	0.01	0.1	0.07500000000000001	0.125	20	100	500	5.0	2400.0	2272.0	0.0	65	1302680169	0	1393374251	0	1800.0	2	1	focal_2bp_raw_forward_no_recap_no_neutral_overlay
han_frequency_conditioned__confirmation__s0.010000__af0.100000__q5__draw066	confirmation	0.01	0.1	0.07500000000000001	0.125	20	100	500	5.0	2400.0	2272.0	0.0	66	490972118	0	1064661670	0	1800.0	2	1	focal_2bp_raw_forward_no_recap_no_neutral_overlay
han_frequency_conditioned__confirmation__s0.010000__af0.100000__q5__draw067	confirmation	0.01	0.1	0.07500000000000001	0.125	20	100	500	5.0	2400.0	2272.0	0.0	67	2073796529	0	251873880	0	1800.0	2	1	focal_2bp_raw_forward_no_recap_no_neutral_overlay
han_frequency_conditioned__confirmation__s0.010000__af0.100000__q5__draw068	confirmation	0.01	0.1	0.07500000000000001	0.125	20	100	500	5.0	2400.0	2272.0	0.0	68	1438921412	0	1897499380	0	1800.0	2	1	focal_2bp_raw_forward_no_recap_no_neutral_overlay
han_frequency_conditioned__confirmation__s0.010000__af0.100000__q5__draw069	confirmation	0.01	0.1	0.07500000000000001	0.125	20	100	500	5.0	2400.0	2272.0	0.0	69	1879171795	0	1192100780	0	1800.0	2	1	focal_2bp_raw_forward_no_recap_no_neutral_overlay
han_frequency_conditioned__confirmation__s0.010000__af0.100000__q5__draw070	confirmation	0.01	0.1	0.07500000000000001	0.125	20	100	500	5.0	2400.0	2272.0	0.0	70	856007989	0	617826196	0	1800.0	2	1	focal_2bp_raw_forward_no_recap_no_neutral_overlay
han_frequency_conditioned__confirmation__s0.010000__af0.100000__q5__draw071	confirmation	0.01	0.1	0.07500000000000001	0.125	20	100	500	5.0	2400.0	2272.0	0.0	71	2026426862	0	778448447	0	1800.0	2	1	focal_2bp_raw_forward_no_recap_no_neutral_overlay
han_frequency_conditioned__confirmation__s0.010000__af0.100000__q5__draw072	confirmation	0.01	0.1	0.07500000000000001	0.125	20	100	500	5.0	2400.0	2272.0	0.0	72	714883444	0	1540818349	0	1800.0	2	1	focal_2bp_raw_forward_no_recap_no_neutral_overlay
han_frequency_conditioned__confirmation__s0.010000__af0.100000__q5__draw073	confirmation	0.01	0.1	0.07500000000000001	0.125	20	100	500	5.0	2400.0	2272.0	0.0	73	2035172365	0	488068230	0	1800.0	2	1	focal_2bp_raw_forward_no_recap_no_neutral_overlay
han_frequency_conditioned__confirmation__s0.010000__af0.100000__q5__draw074	confirmation	0.01	0.1	0.07500000000000001	0.125	20	100	500	5.0	2400.0	2272.0	0.0	74	24904217	0	1763219255	0	1800.0	2	1	focal_2bp_raw_forward_no_recap_no_neutral_overlay
han_frequency_conditioned__confirmation__s0.010000__af0.100000__q5__draw075	confirmation	0.01	0.1	0.07500000000000001	0.125	20	100	500	5.0	2400.0	2272.0	0.0	75	673583791	0	387042238	0	1800.0	2	1	focal_2bp_raw_forward_no_recap_no_neutral_overlay
han_frequency_conditioned__confirmation__s0.010000__af0.100000__q5__draw076	confirmation	0.01	0.1	0.07500000000000001	0.125	20	100	500	5.0	2400.0	2272.0	0.0	76	1431294447	0	922216864	0	1800.0	2	1	focal_2bp_raw_forward_no_recap_no_neutral_overlay
han_frequency_conditioned__confirmation__s0.010000__af0.100000__q5__draw077	confirmation	0.01	0.1	0.07500000000000001	0.125	20	100	500	5.0	2400.0	2272.0	0.0	77	547807714	0	372716773	0	1800.0	2	1	focal_2bp_raw_forward_no_recap_no_neutral_overlay
han_frequency_conditioned__confirmation__s0.010000__af0.100000__q5__draw078	confirmation	0.01	0.1	0.07500000000000001	0.125	20	100	500	5.0	2400.0	2272.0	0.0	78	288086338	0	2019153826	0	1800.0	2	1	focal_2bp_raw_forward_no_recap_no_neutral_overlay
han_frequency_conditioned__confirmation__s0.010000__af0.100000__q5__draw079	confirmation	0.01	0.1	0.07500000000000001	0.125	20	100	500	5.0	2400.0	2272.0	0.0	79	1494357861	0	1833505787	0	1800.0	2	1	focal_2bp_raw_forward_no_recap_no_neutral_overlay
han_frequency_conditioned__confirmation__s0.010000__af0.100000__q5__draw080	confirmation	0.01	0.1	0.07500000000000001	0.125	20	100	500	5.0	2400.0	2272.0	0.0	80	1948200313	0	2102255152	0	1800.0	2	1	focal_2bp_raw_forward_no_recap_no_neutral_overlay
han_frequency_conditioned__confirmation__s0.010000__af0.100000__q5__draw081	confirmation	0.01	0.1	0.07500000000000001	0.125	20	100	500	5.0	2400.0	2272.0	0.0	81	273665611	0	1952088868	0	1800.0	2	1	focal_2bp_raw_forward_no_recap_no_neutral_overlay
han_frequency_conditioned__confirmation__s0.010000__af0.100000__q5__draw082	confirmation	0.01	0.1	0.07500000000000001	0.125	20	100	500	5.0	2400.0	2272.0	0.0	82	250146859	0	714132456	0	1800.0	2	1	focal_2bp_raw_forward_no_recap_no_neutral_overlay
han_frequency_conditioned__confirmation__s0.010000__af0.100000__q5__draw083	confirmation	0.01	0.1	0.07500000000000001	0.125	20	100	500	5.0	2400.0	2272.0	0.0	83	1831126118	0	1228459678	0	1800.0	2	1	focal_2bp_raw_forward_no_recap_no_neutral_overlay
han_frequency_conditioned__confirmation__s0.010000__af0.100000__q5__draw084	confirmation	0.01	0.1	0.07500000000000001	0.125	20	100	500	5.0	2400.0	2272.0	0.0	84	39338497	0	344769395	0	1800.0	2	1	focal_2bp_raw_forward_no_recap_no_neutral_overlay
han_frequency_conditioned__confirmation__s0.010000__af0.100000__q5__draw085	confirmation	0.01	0.1	0.07500000000000001	0.125	20	100	500	5.0	2400.0	2272.0	0.0	85	1626248848	0	370977903	0	1800.0	2	1	focal_2bp_raw_forward_no_recap_no_neutral_overlay
han_frequency_conditioned__confirmation__s0.010000__af0.100000__q5__draw086	confirmation	0.01	0.1	0.07500000000000001	0.125	20	100	500	5.0	2400.0	2272.0	0.0	86	1544964007	0	1185389028	0	1800.0	2	1	focal_2bp_raw_forward_no_recap_no_neutral_overlay
han_frequency_conditioned__confirmation__s0.010000__af0.100000__q5__draw087	confirmation	0.01	0.1	0.07500000000000001	0.125	20	100	500	5.0	2400.0	2272.0	0.0	87	1123862510	0	104968371	0	1800.0	2	1	focal_2bp_raw_forward_no_recap_no_neutral_overlay
han_frequency_conditioned__confirmation__s0.010000__af0.100000__q5__draw088	confirmation	0.01	0.1	0.07500000000000001	0.125	20	100	500	5.0	2400.0	2272.0	0.0	88	2127222507	0	1436657191	0	1800.0	2	1	focal_2bp_raw_forward_no_recap_no_neutral_overlay
han_frequency_conditioned__confirmation__s0.010000__af0.100000__q5__draw089	confirmation	0.01	0.1	0.07500000000000001	0.125	20	100	500	5.0	2400.0	2272.0	0.0	89	584836067	0	246302986	0	1800.0	2	1	focal_2bp_raw_forward_no_recap_no_neutral_overlay
han_frequency_conditioned__confirmation__s0.010000__af0.100000__q5__draw090	confirmation	0.01	0.1	0.07500000000000001	0.125	20	100	500	5.0	2400.0	2272.0	0.0	90	359837515	0	1478264951	0	1800.0	2	1	focal_2bp_raw_forward_no_recap_no_neutral_overlay
han_frequency_conditioned__confirmation__s0.010000__af0.100000__q5__draw091	confirmation	0.01	0.1	0.07500000000000001	0.125	20	100	500	5.0	2400.0	2272.0	0.0	91	1417819598	0	1650938316	0	1800.0	2	1	focal_2bp_raw_forward_no_recap_no_neutral_overlay
han_frequency_conditioned__confirmation__s0.010000__af0.100000__q5__draw092	confirmation	0.01	0.1	0.07500000000000001	0.125	20	100	500	5.0	2400.0	2272.0	0.0	92	257892464	0	507840287	0	1800.0	2	1	focal_2bp_raw_forward_no_recap_no_neutral_overlay
han_frequency_conditioned__confirmation__s0.010000__af0.100000__q5__draw093	confirmation	0.01	0.1	0.07500000000000001	0.125	20	100	500	5.0	2400.0	2272.0	0.0	93	1042886545	0	1957527727	0	1800.0	2	1	focal_2bp_raw_forward_no_recap_no_neutral_overlay
han_frequency_conditioned__confirmation__s0.010000__af0.100000__q5__draw094	confirmation	0.01	0.1	0.07500000000000001	0.125	20	100	500	5.0	2400.0	2272.0	0.0	94	1728474327	0	1491787287	0	1800.0	2	1	focal_2bp_raw_forward_no_recap_no_neutral_overlay
han_frequency_conditioned__confirmation__s0.010000__af0.100000__q5__draw095	confirmation	0.01	0.1	0.07500000000000001	0.125	20	100	500	5.0	2400.0	2272.0	0.0	95	1935006879	0	427593035	0	1800.0	2	1	focal_2bp_raw_forward_no_recap_no_neutral_overlay
han_frequency_conditioned__confirmation__s0.010000__af0.100000__q5__draw096	confirmation	0.01	0.1	0.07500000000000001	0.125	20	100	500	5.0	2400.0	2272.0	0.0	96	1422565064	0	1819937547	0	1800.0	2	1	focal_2bp_raw_forward_no_recap_no_neutral_overlay
han_frequency_conditioned__confirmation__s0.010000__af0.100000__q5__draw097	confirmation	0.01	0.1	0.07500000000000001	0.125	20	100	500	5.0	2400.0	2272.0	0.0	97	2051004726	0	568112067	0	1800.0	2	1	focal_2bp_raw_forward_no_recap_no_neutral_overlay
han_frequency_conditioned__confirmation__s0.010000__af0.100000__q5__draw098	confirmation	0.01	0.1	0.07500000000000001	0.125	20	100	500	5.0	2400.0	2272.0	0.0	98	1371851197	0	1755521587	0	1800.0	2	1	focal_2bp_raw_forward_no_recap_no_neutral_overlay
han_frequency_conditioned__confirmation__s0.010000__af0.100000__q5__draw099	confirmation	0.01	0.1	0.07500000000000001	0.125	20	100	500	5.0	2400.0	2272.0	0.0	99	817166949	0	1111144960	0	1800.0	2	1	focal_2bp_raw_forward_no_recap_no_neutral_overlay
han_frequency_conditioned__confirmation__s0.010000__af0.200000__q5__draw000	confirmation	0.01	0.2	0.17500000000000002	0.225	40	100	500	5.0	2400.0	2272.0	0.0	0	133380716	0	1351243671	0	1800.0	2	1	focal_2bp_raw_forward_no_recap_no_neutral_overlay
han_frequency_conditioned__confirmation__s0.010000__af0.200000__q5__draw001	confirmation	0.01	0.2	0.17500000000000002	0.225	40	100	500	5.0	2400.0	2272.0	0.0	1	1146100333	0	438291771	0	1800.0	2	1	focal_2bp_raw_forward_no_recap_no_neutral_overlay
han_frequency_conditioned__confirmation__s0.010000__af0.200000__q5__draw002	confirmation	0.01	0.2	0.17500000000000002	0.225	40	100	500	5.0	2400.0	2272.0	0.0	2	1322069939	0	973443502	0	1800.0	2	1	focal_2bp_raw_forward_no_recap_no_neutral_overlay
han_frequency_conditioned__confirmation__s0.010000__af0.200000__q5__draw003	confirmation	0.01	0.2	0.17500000000000002	0.225	40	100	500	5.0	2400.0	2272.0	0.0	3	606005429	0	312453726	0	1800.0	2	1	focal_2bp_raw_forward_no_recap_no_neutral_overlay
han_frequency_conditioned__confirmation__s0.010000__af0.200000__q5__draw004	confirmation	0.01	0.2	0.17500000000000002	0.225	40	100	500	5.0	2400.0	2272.0	0.0	4	499416767	0	1216303382	0	1800.0	2	1	focal_2bp_raw_forward_no_recap_no_neutral_overlay
han_frequency_conditioned__confirmation__s0.010000__af0.200000__q5__draw005	confirmation	0.01	0.2	0.17500000000000002	0.225	40	100	500	5.0	2400.0	2272.0	0.0	5	615380590	0	1984010259	0	1800.0	2	1	focal_2bp_raw_forward_no_recap_no_neutral_overlay
han_frequency_conditioned__confirmation__s0.010000__af0.200000__q5__draw006	confirmation	0.01	0.2	0.17500000000000002	0.225	40	100	500	5.0	2400.0	2272.0	0.0	6	1645288377	0	1646376613	0	1800.0	2	1	focal_2bp_raw_forward_no_recap_no_neutral_overlay
han_frequency_conditioned__confirmation__s0.010000__af0.200000__q5__draw007	confirmation	0.01	0.2	0.17500000000000002	0.225	40	100	500	5.0	2400.0	2272.0	0.0	7	1678711794	0	195301249	0	1800.0	2	1	focal_2bp_raw_forward_no_recap_no_neutral_overlay
han_frequency_conditioned__confirmation__s0.010000__af0.200000__q5__draw008	confirmation	0.01	0.2	0.17500000000000002	0.225	40	100	500	5.0	2400.0	2272.0	0.0	8	64612177	0	517316964	0	1800.0	2	1	focal_2bp_raw_forward_no_recap_no_neutral_overlay
han_frequency_conditioned__confirmation__s0.010000__af0.200000__q5__draw009	confirmation	0.01	0.2	0.17500000000000002	0.225	40	100	500	5.0	2400.0	2272.0	0.0	9	834108835	0	1880895209	0	1800.0	2	1	focal_2bp_raw_forward_no_recap_no_neutral_overlay
han_frequency_conditioned__confirmation__s0.010000__af0.200000__q5__draw010	confirmation	0.01	0.2	0.17500000000000002	0.225	40	100	500	5.0	2400.0	2272.0	0.0	10	389556981	0	1237856519	0	1800.0	2	1	focal_2bp_raw_forward_no_recap_no_neutral_overlay
han_frequency_conditioned__confirmation__s0.010000__af0.200000__q5__draw011	confirmation	0.01	0.2	0.17500000000000002	0.225	40	100	500	5.0	2400.0	2272.0	0.0	11	1748881852	0	1886369422	0	1800.0	2	1	focal_2bp_raw_forward_no_recap_no_neutral_overlay
han_frequency_conditioned__confirmation__s0.010000__af0.200000__q5__draw012	confirmation	0.01	0.2	0.17500000000000002	0.225	40	100	500	5.0	2400.0	2272.0	0.0	12	1790041193	0	1825282075	0	1800.0	2	1	focal_2bp_raw_forward_no_recap_no_neutral_overlay
han_frequency_conditioned__confirmation__s0.010000__af0.200000__q5__draw013	confirmation	0.01	0.2	0.17500000000000002	0.225	40	100	500	5.0	2400.0	2272.0	0.0	13	2082725424	0	366223562	0	1800.0	2	1	focal_2bp_raw_forward_no_recap_no_neutral_overlay
han_frequency_conditioned__confirmation__s0.010000__af0.200000__q5__draw014	confirmation	0.01	0.2	0.17500000000000002	0.225	40	100	500	5.0	2400.0	2272.0	0.0	14	1720236574	0	977597817	0	1800.0	2	1	focal_2bp_raw_forward_no_recap_no_neutral_overlay
han_frequency_conditioned__confirmation__s0.010000__af0.200000__q5__draw015	confirmation	0.01	0.2	0.17500000000000002	0.225	40	100	500	5.0	2400.0	2272.0	0.0	15	1472930114	0	318837896	0	1800.0	2	1	focal_2bp_raw_forward_no_recap_no_neutral_overlay
han_frequency_conditioned__confirmation__s0.010000__af0.200000__q5__draw016	confirmation	0.01	0.2	0.17500000000000002	0.225	40	100	500	5.0	2400.0	2272.0	0.0	16	80798669	0	1170890588	0	1800.0	2	1	focal_2bp_raw_forward_no_recap_no_neutral_overlay
han_frequency_conditioned__confirmation__s0.010000__af0.200000__q5__draw017	confirmation	0.01	0.2	0.17500000000000002	0.225	40	100	500	5.0	2400.0	2272.0	0.0	17	1785299361	0	1274880442	0	1800.0	2	1	focal_2bp_raw_forward_no_recap_no_neutral_overlay
han_frequency_conditioned__confirmation__s0.010000__af0.200000__q5__draw018	confirmation	0.01	0.2	0.17500000000000002	0.225	40	100	500	5.0	2400.0	2272.0	0.0	18	1449121773	0	760491218	0	1800.0	2	1	focal_2bp_raw_forward_no_recap_no_neutral_overlay
han_frequency_conditioned__confirmation__s0.010000__af0.200000__q5__draw019	confirmation	0.01	0.2	0.17500000000000002	0.225	40	100	500	5.0	2400.0	2272.0	0.0	19	1455519778	0	145507832	0	1800.0	2	1	focal_2bp_raw_forward_no_recap_no_neutral_overlay
han_frequency_conditioned__confirmation__s0.010000__af0.200000__q5__draw020	confirmation	0.01	0.2	0.17500000000000002	0.225	40	100	500	5.0	2400.0	2272.0	0.0	20	1742049530	0	1824343287	0	1800.0	2	1	focal_2bp_raw_forward_no_recap_no_neutral_overlay
han_frequency_conditioned__confirmation__s0.010000__af0.200000__q5__draw021	confirmation	0.01	0.2	0.17500000000000002	0.225	40	100	500	5.0	2400.0	2272.0	0.0	21	1558591009	0	793300892	0	1800.0	2	1	focal_2bp_raw_forward_no_recap_no_neutral_overlay
han_frequency_conditioned__confirmation__s0.010000__af0.200000__q5__draw022	confirmation	0.01	0.2	0.17500000000000002	0.225	40	100	500	5.0	2400.0	2272.0	0.0	22	1329394233	0	822878005	0	1800.0	2	1	focal_2bp_raw_forward_no_recap_no_neutral_overlay
han_frequency_conditioned__confirmation__s0.010000__af0.200000__q5__draw023	confirmation	0.01	0.2	0.17500000000000002	0.225	40	100	500	5.0	2400.0	2272.0	0.0	23	759931756	0	1506697370	0	1800.0	2	1	focal_2bp_raw_forward_no_recap_no_neutral_overlay
han_frequency_conditioned__confirmation__s0.010000__af0.200000__q5__draw024	confirmation	0.01	0.2	0.17500000000000002	0.225	40	100	500	5.0	2400.0	2272.0	0.0	24	1535559321	0	752701141	0	1800.0	2	1	focal_2bp_raw_forward_no_recap_no_neutral_overlay
han_frequency_conditioned__confirmation__s0.010000__af0.200000__q5__draw025	confirmation	0.01	0.2	0.17500000000000002	0.225	40	100	500	5.0	2400.0	2272.0	0.0	25	1509156918	0	850332415	0	1800.0	2	1	focal_2bp_raw_forward_no_recap_no_neutral_overlay
han_frequency_conditioned__confirmation__s0.010000__af0.200000__q5__draw026	confirmation	0.01	0.2	0.17500000000000002	0.225	40	100	500	5.0	2400.0	2272.0	0.0	26	581479662	0	547207185	0	1800.0	2	1	focal_2bp_raw_forward_no_recap_no_neutral_overlay
han_frequency_conditioned__confirmation__s0.010000__af0.200000__q5__draw027	confirmation	0.01	0.2	0.17500000000000002	0.225	40	100	500	5.0	2400.0	2272.0	0.0	27	632451107	0	1721639290	0	1800.0	2	1	focal_2bp_raw_forward_no_recap_no_neutral_overlay
han_frequency_conditioned__confirmation__s0.010000__af0.200000__q5__draw028	confirmation	0.01	0.2	0.17500000000000002	0.225	40	100	500	5.0	2400.0	2272.0	0.0	28	1895968434	0	1153094773	0	1800.0	2	1	focal_2bp_raw_forward_no_recap_no_neutral_overlay
han_frequency_conditioned__confirmation__s0.010000__af0.200000__q5__draw029	confirmation	0.01	0.2	0.17500000000000002	0.225	40	100	500	5.0	2400.0	2272.0	0.0	29	631439490	0	1342005828	0	1800.0	2	1	focal_2bp_raw_forward_no_recap_no_neutral_overlay
han_frequency_conditioned__confirmation__s0.010000__af0.200000__q5__draw030	confirmation	0.01	0.2	0.17500000000000002	0.225	40	100	500	5.0	2400.0	2272.0	0.0	30	281996360	0	281044208	0	1800.0	2	1	focal_2bp_raw_forward_no_recap_no_neutral_overlay
han_frequency_conditioned__confirmation__s0.010000__af0.200000__q5__draw031	confirmation	0.01	0.2	0.17500000000000002	0.225	40	100	500	5.0	2400.0	2272.0	0.0	31	1511190041	0	434072333	0	1800.0	2	1	focal_2bp_raw_forward_no_recap_no_neutral_overlay
han_frequency_conditioned__confirmation__s0.010000__af0.200000__q5__draw032	confirmation	0.01	0.2	0.17500000000000002	0.225	40	100	500	5.0	2400.0	2272.0	0.0	32	1382447007	0	565968700	0	1800.0	2	1	focal_2bp_raw_forward_no_recap_no_neutral_overlay
han_frequency_conditioned__confirmation__s0.010000__af0.200000__q5__draw033	confirmation	0.01	0.2	0.17500000000000002	0.225	40	100	500	5.0	2400.0	2272.0	0.0	33	1316421156	0	892504271	0	1800.0	2	1	focal_2bp_raw_forward_no_recap_no_neutral_overlay
han_frequency_conditioned__confirmation__s0.010000__af0.200000__q5__draw034	confirmation	0.01	0.2	0.17500000000000002	0.225	40	100	500	5.0	2400.0	2272.0	0.0	34	1799957656	0	1206850461	0	1800.0	2	1	focal_2bp_raw_forward_no_recap_no_neutral_overlay
han_frequency_conditioned__confirmation__s0.010000__af0.200000__q5__draw035	confirmation	0.01	0.2	0.17500000000000002	0.225	40	100	500	5.0	2400.0	2272.0	0.0	35	1460438187	0	600372376	0	1800.0	2	1	focal_2bp_raw_forward_no_recap_no_neutral_overlay
han_frequency_conditioned__confirmation__s0.010000__af0.200000__q5__draw036	confirmation	0.01	0.2	0.17500000000000002	0.225	40	100	500	5.0	2400.0	2272.0	0.0	36	1771600805	0	1852561301	0	1800.0	2	1	focal_2bp_raw_forward_no_recap_no_neutral_overlay
han_frequency_conditioned__confirmation__s0.010000__af0.200000__q5__draw037	confirmation	0.01	0.2	0.17500000000000002	0.225	40	100	500	5.0	2400.0	2272.0	0.0	37	2068751350	0	392231823	0	1800.0	2	1	focal_2bp_raw_forward_no_recap_no_neutral_overlay
han_frequency_conditioned__confirmation__s0.010000__af0.200000__q5__draw038	confirmation	0.01	0.2	0.17500000000000002	0.225	40	100	500	5.0	2400.0	2272.0	0.0	38	290951520	0	484000899	0	1800.0	2	1	focal_2bp_raw_forward_no_recap_no_neutral_overlay
han_frequency_conditioned__confirmation__s0.010000__af0.200000__q5__draw039	confirmation	0.01	0.2	0.17500000000000002	0.225	40	100	500	5.0	2400.0	2272.0	0.0	39	190408317	0	103273159	0	1800.0	2	1	focal_2bp_raw_forward_no_recap_no_neutral_overlay
han_frequency_conditioned__confirmation__s0.010000__af0.200000__q5__draw040	confirmation	0.01	0.2	0.17500000000000002	0.225	40	100	500	5.0	2400.0	2272.0	0.0	40	1698127616	0	1497557148	0	1800.0	2	1	focal_2bp_raw_forward_no_recap_no_neutral_overlay
han_frequency_conditioned__confirmation__s0.010000__af0.200000__q5__draw041	confirmation	0.01	0.2	0.17500000000000002	0.225	40	100	500	5.0	2400.0	2272.0	0.0	41	1444465013	0	1826329687	0	1800.0	2	1	focal_2bp_raw_forward_no_recap_no_neutral_overlay
han_frequency_conditioned__confirmation__s0.010000__af0.200000__q5__draw042	confirmation	0.01	0.2	0.17500000000000002	0.225	40	100	500	5.0	2400.0	2272.0	0.0	42	701641133	0	1628148752	0	1800.0	2	1	focal_2bp_raw_forward_no_recap_no_neutral_overlay
han_frequency_conditioned__confirmation__s0.010000__af0.200000__q5__draw043	confirmation	0.01	0.2	0.17500000000000002	0.225	40	100	500	5.0	2400.0	2272.0	0.0	43	175937825	0	348003860	0	1800.0	2	1	focal_2bp_raw_forward_no_recap_no_neutral_overlay
han_frequency_conditioned__confirmation__s0.010000__af0.200000__q5__draw044	confirmation	0.01	0.2	0.17500000000000002	0.225	40	100	500	5.0	2400.0	2272.0	0.0	44	1104830763	0	1323791127	0	1800.0	2	1	focal_2bp_raw_forward_no_recap_no_neutral_overlay
han_frequency_conditioned__confirmation__s0.010000__af0.200000__q5__draw045	confirmation	0.01	0.2	0.17500000000000002	0.225	40	100	500	5.0	2400.0	2272.0	0.0	45	134249632	0	2133848815	0	1800.0	2	1	focal_2bp_raw_forward_no_recap_no_neutral_overlay
han_frequency_conditioned__confirmation__s0.010000__af0.200000__q5__draw046	confirmation	0.01	0.2	0.17500000000000002	0.225	40	100	500	5.0	2400.0	2272.0	0.0	46	505072995	0	1915830263	0	1800.0	2	1	focal_2bp_raw_forward_no_recap_no_neutral_overlay
han_frequency_conditioned__confirmation__s0.010000__af0.200000__q5__draw047	confirmation	0.01	0.2	0.17500000000000002	0.225	40	100	500	5.0	2400.0	2272.0	0.0	47	680043836	0	1592477209	0	1800.0	2	1	focal_2bp_raw_forward_no_recap_no_neutral_overlay
han_frequency_conditioned__confirmation__s0.010000__af0.200000__q5__draw048	confirmation	0.01	0.2	0.17500000000000002	0.225	40	100	500	5.0	2400.0	2272.0	0.0	48	431592409	0	920227956	0	1800.0	2	1	focal_2bp_raw_forward_no_recap_no_neutral_overlay
han_frequency_conditioned__confirmation__s0.010000__af0.200000__q5__draw049	confirmation	0.01	0.2	0.17500000000000002	0.225	40	100	500	5.0	2400.0	2272.0	0.0	49	297830272	0	1554079398	0	1800.0	2	1	focal_2bp_raw_forward_no_recap_no_neutral_overlay
han_frequency_conditioned__confirmation__s0.010000__af0.200000__q5__draw050	confirmation	0.01	0.2	0.17500000000000002	0.225	40	100	500	5.0	2400.0	2272.0	0.0	50	1737342451	0	1267657481	0	1800.0	2	1	focal_2bp_raw_forward_no_recap_no_neutral_overlay
han_frequency_conditioned__confirmation__s0.010000__af0.200000__q5__draw051	confirmation	0.01	0.2	0.17500000000000002	0.225	40	100	500	5.0	2400.0	2272.0	0.0	51	1362660849	0	849378113	0	1800.0	2	1	focal_2bp_raw_forward_no_recap_no_neutral_overlay
han_frequency_conditioned__confirmation__s0.010000__af0.200000__q5__draw052	confirmation	0.01	0.2	0.17500000000000002	0.225	40	100	500	5.0	2400.0	2272.0	0.0	52	788196079	0	381421128	0	1800.0	2	1	focal_2bp_raw_forward_no_recap_no_neutral_overlay
han_frequency_conditioned__confirmation__s0.010000__af0.200000__q5__draw053	confirmation	0.01	0.2	0.17500000000000002	0.225	40	100	500	5.0	2400.0	2272.0	0.0	53	25052877	0	1568642731	0	1800.0	2	1	focal_2bp_raw_forward_no_recap_no_neutral_overlay
han_frequency_conditioned__confirmation__s0.010000__af0.200000__q5__draw054	confirmation	0.01	0.2	0.17500000000000002	0.225	40	100	500	5.0	2400.0	2272.0	0.0	54	400206409	0	377995402	0	1800.0	2	1	focal_2bp_raw_forward_no_recap_no_neutral_overlay
han_frequency_conditioned__confirmation__s0.010000__af0.200000__q5__draw055	confirmation	0.01	0.2	0.17500000000000002	0.225	40	100	500	5.0	2400.0	2272.0	0.0	55	1786169929	0	127971820	0	1800.0	2	1	focal_2bp_raw_forward_no_recap_no_neutral_overlay
han_frequency_conditioned__confirmation__s0.010000__af0.200000__q5__draw056	confirmation	0.01	0.2	0.17500000000000002	0.225	40	100	500	5.0	2400.0	2272.0	0.0	56	1102032733	0	526324906	0	1800.0	2	1	focal_2bp_raw_forward_no_recap_no_neutral_overlay
han_frequency_conditioned__confirmation__s0.010000__af0.200000__q5__draw057	confirmation	0.01	0.2	0.17500000000000002	0.225	40	100	500	5.0	2400.0	2272.0	0.0	57	1264986675	0	792834854	0	1800.0	2	1	focal_2bp_raw_forward_no_recap_no_neutral_overlay
han_frequency_conditioned__confirmation__s0.010000__af0.200000__q5__draw058	confirmation	0.01	0.2	0.17500000000000002	0.225	40	100	500	5.0	2400.0	2272.0	0.0	58	229863119	0	1008160135	0	1800.0	2	1	focal_2bp_raw_forward_no_recap_no_neutral_overlay
han_frequency_conditioned__confirmation__s0.010000__af0.200000__q5__draw059	confirmation	0.01	0.2	0.17500000000000002	0.225	40	100	500	5.0	2400.0	2272.0	0.0	59	1712009467	0	997271366	0	1800.0	2	1	focal_2bp_raw_forward_no_recap_no_neutral_overlay
han_frequency_conditioned__confirmation__s0.010000__af0.200000__q5__draw060	confirmation	0.01	0.2	0.17500000000000002	0.225	40	100	500	5.0	2400.0	2272.0	0.0	60	1179014456	0	608963702	0	1800.0	2	1	focal_2bp_raw_forward_no_recap_no_neutral_overlay
han_frequency_conditioned__confirmation__s0.010000__af0.200000__q5__draw061	confirmation	0.01	0.2	0.17500000000000002	0.225	40	100	500	5.0	2400.0	2272.0	0.0	61	791880226	0	1340028146	0	1800.0	2	1	focal_2bp_raw_forward_no_recap_no_neutral_overlay
han_frequency_conditioned__confirmation__s0.010000__af0.200000__q5__draw062	confirmation	0.01	0.2	0.17500000000000002	0.225	40	100	500	5.0	2400.0	2272.0	0.0	62	1999071393	0	80693070	0	1800.0	2	1	focal_2bp_raw_forward_no_recap_no_neutral_overlay
han_frequency_conditioned__confirmation__s0.010000__af0.200000__q5__draw063	confirmation	0.01	0.2	0.17500000000000002	0.225	40	100	500	5.0	2400.0	2272.0	0.0	63	819902554	0	1726562922	0	1800.0	2	1	focal_2bp_raw_forward_no_recap_no_neutral_overlay
han_frequency_conditioned__confirmation__s0.010000__af0.200000__q5__draw064	confirmation	0.01	0.2	0.17500000000000002	0.225	40	100	500	5.0	2400.0	2272.0	0.0	64	1633385902	0	250713398	0	1800.0	2	1	focal_2bp_raw_forward_no_recap_no_neutral_overlay
han_frequency_conditioned__confirmation__s0.010000__af0.200000__q5__draw065	confirmation	0.01	0.2	0.17500000000000002	0.225	40	100	500	5.0	2400.0	2272.0	0.0	65	85954856	0	2108924006	0	1800.0	2	1	focal_2bp_raw_forward_no_recap_no_neutral_overlay
han_frequency_conditioned__confirmation__s0.010000__af0.200000__q5__draw066	confirmation	0.01	0.2	0.17500000000000002	0.225	40	100	500	5.0	2400.0	2272.0	0.0	66	588665845	0	732752833	0	1800.0	2	1	focal_2bp_raw_forward_no_recap_no_neutral_overlay
han_frequency_conditioned__confirmation__s0.010000__af0.200000__q5__draw067	confirmation	0.01	0.2	0.17500000000000002	0.225	40	100	500	5.0	2400.0	2272.0	0.0	67	439898040	0	1780199580	0	1800.0	2	1	focal_2bp_raw_forward_no_recap_no_neutral_overlay
han_frequency_conditioned__confirmation__s0.010000__af0.200000__q5__draw068	confirmation	0.01	0.2	0.17500000000000002	0.225	40	100	500	5.0	2400.0	2272.0	0.0	68	9206480	0	670961645	0	1800.0	2	1	focal_2bp_raw_forward_no_recap_no_neutral_overlay
han_frequency_conditioned__confirmation__s0.010000__af0.200000__q5__draw069	confirmation	0.01	0.2	0.17500000000000002	0.225	40	100	500	5.0	2400.0	2272.0	0.0	69	1592198672	0	601320942	0	1800.0	2	1	focal_2bp_raw_forward_no_recap_no_neutral_overlay
han_frequency_conditioned__confirmation__s0.010000__af0.200000__q5__draw070	confirmation	0.01	0.2	0.17500000000000002	0.225	40	100	500	5.0	2400.0	2272.0	0.0	70	23003175	0	1058052538	0	1800.0	2	1	focal_2bp_raw_forward_no_recap_no_neutral_overlay
han_frequency_conditioned__confirmation__s0.010000__af0.200000__q5__draw071	confirmation	0.01	0.2	0.17500000000000002	0.225	40	100	500	5.0	2400.0	2272.0	0.0	71	253870960	0	1842192870	0	1800.0	2	1	focal_2bp_raw_forward_no_recap_no_neutral_overlay
han_frequency_conditioned__confirmation__s0.010000__af0.200000__q5__draw072	confirmation	0.01	0.2	0.17500000000000002	0.225	40	100	500	5.0	2400.0	2272.0	0.0	72	1855356156	0	956922026	0	1800.0	2	1	focal_2bp_raw_forward_no_recap_no_neutral_overlay
han_frequency_conditioned__confirmation__s0.010000__af0.200000__q5__draw073	confirmation	0.01	0.2	0.17500000000000002	0.225	40	100	500	5.0	2400.0	2272.0	0.0	73	1586350679	0	797095903	0	1800.0	2	1	focal_2bp_raw_forward_no_recap_no_neutral_overlay
han_frequency_conditioned__confirmation__s0.010000__af0.200000__q5__draw074	confirmation	0.01	0.2	0.17500000000000002	0.225	40	100	500	5.0	2400.0	2272.0	0.0	74	793468806	0	750774450	0	1800.0	2	1	focal_2bp_raw_forward_no_recap_no_neutral_overlay
han_frequency_conditioned__confirmation__s0.010000__af0.200000__q5__draw075	confirmation	0.01	0.2	0.17500000000000002	0.225	40	100	500	5.0	2400.0	2272.0	0.0	75	521177691	0	1317680675	0	1800.0	2	1	focal_2bp_raw_forward_no_recap_no_neutral_overlay
han_frequency_conditioned__confirmation__s0.010000__af0.200000__q5__draw076	confirmation	0.01	0.2	0.17500000000000002	0.225	40	100	500	5.0	2400.0	2272.0	0.0	76	1130559547	0	1520220619	0	1800.0	2	1	focal_2bp_raw_forward_no_recap_no_neutral_overlay
han_frequency_conditioned__confirmation__s0.010000__af0.200000__q5__draw077	confirmation	0.01	0.2	0.17500000000000002	0.225	40	100	500	5.0	2400.0	2272.0	0.0	77	2060703951	0	794384143	0	1800.0	2	1	focal_2bp_raw_forward_no_recap_no_neutral_overlay
han_frequency_conditioned__confirmation__s0.010000__af0.200000__q5__draw078	confirmation	0.01	0.2	0.17500000000000002	0.225	40	100	500	5.0	2400.0	2272.0	0.0	78	1525975607	0	1840341095	0	1800.0	2	1	focal_2bp_raw_forward_no_recap_no_neutral_overlay
han_frequency_conditioned__confirmation__s0.010000__af0.200000__q5__draw079	confirmation	0.01	0.2	0.17500000000000002	0.225	40	100	500	5.0	2400.0	2272.0	0.0	79	186020547	0	880518347	0	1800.0	2	1	focal_2bp_raw_forward_no_recap_no_neutral_overlay
han_frequency_conditioned__confirmation__s0.010000__af0.200000__q5__draw080	confirmation	0.01	0.2	0.17500000000000002	0.225	40	100	500	5.0	2400.0	2272.0	0.0	80	440248867	0	2095632795	0	1800.0	2	1	focal_2bp_raw_forward_no_recap_no_neutral_overlay
han_frequency_conditioned__confirmation__s0.010000__af0.200000__q5__draw081	confirmation	0.01	0.2	0.17500000000000002	0.225	40	100	500	5.0	2400.0	2272.0	0.0	81	2102313086	0	1743810160	0	1800.0	2	1	focal_2bp_raw_forward_no_recap_no_neutral_overlay
han_frequency_conditioned__confirmation__s0.010000__af0.200000__q5__draw082	confirmation	0.01	0.2	0.17500000000000002	0.225	40	100	500	5.0	2400.0	2272.0	0.0	82	1407178921	0	185000975	0	1800.0	2	1	focal_2bp_raw_forward_no_recap_no_neutral_overlay
han_frequency_conditioned__confirmation__s0.010000__af0.200000__q5__draw083	confirmation	0.01	0.2	0.17500000000000002	0.225	40	100	500	5.0	2400.0	2272.0	0.0	83	2008234802	0	1171111340	0	1800.0	2	1	focal_2bp_raw_forward_no_recap_no_neutral_overlay
han_frequency_conditioned__confirmation__s0.010000__af0.200000__q5__draw084	confirmation	0.01	0.2	0.17500000000000002	0.225	40	100	500	5.0	2400.0	2272.0	0.0	84	426209375	0	1855184680	0	1800.0	2	1	focal_2bp_raw_forward_no_recap_no_neutral_overlay
han_frequency_conditioned__confirmation__s0.010000__af0.200000__q5__draw085	confirmation	0.01	0.2	0.17500000000000002	0.225	40	100	500	5.0	2400.0	2272.0	0.0	85	237123374	0	2058941548	0	1800.0	2	1	focal_2bp_raw_forward_no_recap_no_neutral_overlay
han_frequency_conditioned__confirmation__s0.010000__af0.200000__q5__draw086	confirmation	0.01	0.2	0.17500000000000002	0.225	40	100	500	5.0	2400.0	2272.0	0.0	86	2078120724	0	1108453463	0	1800.0	2	1	focal_2bp_raw_forward_no_recap_no_neutral_overlay
han_frequency_conditioned__confirmation__s0.010000__af0.200000__q5__draw087	confirmation	0.01	0.2	0.17500000000000002	0.225	40	100	500	5.0	2400.0	2272.0	0.0	87	2119974944	0	2040000832	0	1800.0	2	1	focal_2bp_raw_forward_no_recap_no_neutral_overlay
han_frequency_conditioned__confirmation__s0.010000__af0.200000__q5__draw088	confirmation	0.01	0.2	0.17500000000000002	0.225	40	100	500	5.0	2400.0	2272.0	0.0	88	746768388	0	905693427	0	1800.0	2	1	focal_2bp_raw_forward_no_recap_no_neutral_overlay
han_frequency_conditioned__confirmation__s0.010000__af0.200000__q5__draw089	confirmation	0.01	0.2	0.17500000000000002	0.225	40	100	500	5.0	2400.0	2272.0	0.0	89	1556012439	0	397500327	0	1800.0	2	1	focal_2bp_raw_forward_no_recap_no_neutral_overlay
han_frequency_conditioned__confirmation__s0.010000__af0.200000__q5__draw090	confirmation	0.01	0.2	0.17500000000000002	0.225	40	100	500	5.0	2400.0	2272.0	0.0	90	6521465	0	821408815	0	1800.0	2	1	focal_2bp_raw_forward_no_recap_no_neutral_overlay
han_frequency_conditioned__confirmation__s0.010000__af0.200000__q5__draw091	confirmation	0.01	0.2	0.17500000000000002	0.225	40	100	500	5.0	2400.0	2272.0	0.0	91	257925533	0	2053820205	0	1800.0	2	1	focal_2bp_raw_forward_no_recap_no_neutral_overlay
han_frequency_conditioned__confirmation__s0.010000__af0.200000__q5__draw092	confirmation	0.01	0.2	0.17500000000000002	0.225	40	100	500	5.0	2400.0	2272.0	0.0	92	926298337	0	770082329	0	1800.0	2	1	focal_2bp_raw_forward_no_recap_no_neutral_overlay
han_frequency_conditioned__confirmation__s0.010000__af0.200000__q5__draw093	confirmation	0.01	0.2	0.17500000000000002	0.225	40	100	500	5.0	2400.0	2272.0	0.0	93	803592625	0	356194218	0	1800.0	2	1	focal_2bp_raw_forward_no_recap_no_neutral_overlay
han_frequency_conditioned__confirmation__s0.010000__af0.200000__q5__draw094	confirmation	0.01	0.2	0.17500000000000002	0.225	40	100	500	5.0	2400.0	2272.0	0.0	94	1275423073	0	417418379	0	1800.0	2	1	focal_2bp_raw_forward_no_recap_no_neutral_overlay
han_frequency_conditioned__confirmation__s0.010000__af0.200000__q5__draw095	confirmation	0.01	0.2	0.17500000000000002	0.225	40	100	500	5.0	2400.0	2272.0	0.0	95	703834146	0	1987166242	0	1800.0	2	1	focal_2bp_raw_forward_no_recap_no_neutral_overlay
han_frequency_conditioned__confirmation__s0.010000__af0.200000__q5__draw096	confirmation	0.01	0.2	0.17500000000000002	0.225	40	100	500	5.0	2400.0	2272.0	0.0	96	817733779	0	1450142451	0	1800.0	2	1	focal_2bp_raw_forward_no_recap_no_neutral_overlay
han_frequency_conditioned__confirmation__s0.010000__af0.200000__q5__draw097	confirmation	0.01	0.2	0.17500000000000002	0.225	40	100	500	5.0	2400.0	2272.0	0.0	97	672445499	0	929005908	0	1800.0	2	1	focal_2bp_raw_forward_no_recap_no_neutral_overlay
han_frequency_conditioned__confirmation__s0.010000__af0.200000__q5__draw098	confirmation	0.01	0.2	0.17500000000000002	0.225	40	100	500	5.0	2400.0	2272.0	0.0	98	1502827867	0	1504953505	0	1800.0	2	1	focal_2bp_raw_forward_no_recap_no_neutral_overlay
han_frequency_conditioned__confirmation__s0.010000__af0.200000__q5__draw099	confirmation	0.01	0.2	0.17500000000000002	0.225	40	100	500	5.0	2400.0	2272.0	0.0	99	1582703680	0	1169565107	0	1800.0	2	1	focal_2bp_raw_forward_no_recap_no_neutral_overlay
han_frequency_conditioned__confirmation__s0.010000__af0.300000__q5__draw000	confirmation	0.01	0.3	0.27499999999999997	0.325	60	100	500	5.0	2400.0	2272.0	0.0	0	269916838	0	2102422693	0	1800.0	2	1	focal_2bp_raw_forward_no_recap_no_neutral_overlay
han_frequency_conditioned__confirmation__s0.010000__af0.300000__q5__draw001	confirmation	0.01	0.3	0.27499999999999997	0.325	60	100	500	5.0	2400.0	2272.0	0.0	1	1318075640	0	299474885	0	1800.0	2	1	focal_2bp_raw_forward_no_recap_no_neutral_overlay
han_frequency_conditioned__confirmation__s0.010000__af0.300000__q5__draw002	confirmation	0.01	0.3	0.27499999999999997	0.325	60	100	500	5.0	2400.0	2272.0	0.0	2	1200612615	0	786277725	0	1800.0	2	1	focal_2bp_raw_forward_no_recap_no_neutral_overlay
han_frequency_conditioned__confirmation__s0.010000__af0.300000__q5__draw003	confirmation	0.01	0.3	0.27499999999999997	0.325	60	100	500	5.0	2400.0	2272.0	0.0	3	962681172	0	391084037	0	1800.0	2	1	focal_2bp_raw_forward_no_recap_no_neutral_overlay
han_frequency_conditioned__confirmation__s0.010000__af0.300000__q5__draw004	confirmation	0.01	0.3	0.27499999999999997	0.325	60	100	500	5.0	2400.0	2272.0	0.0	4	212384855	0	92835898	0	1800.0	2	1	focal_2bp_raw_forward_no_recap_no_neutral_overlay
han_frequency_conditioned__confirmation__s0.010000__af0.300000__q5__draw005	confirmation	0.01	0.3	0.27499999999999997	0.325	60	100	500	5.0	2400.0	2272.0	0.0	5	236501625	0	1938031155	0	1800.0	2	1	focal_2bp_raw_forward_no_recap_no_neutral_overlay
han_frequency_conditioned__confirmation__s0.010000__af0.300000__q5__draw006	confirmation	0.01	0.3	0.27499999999999997	0.325	60	100	500	5.0	2400.0	2272.0	0.0	6	1759225956	0	2076772065	0	1800.0	2	1	focal_2bp_raw_forward_no_recap_no_neutral_overlay
han_frequency_conditioned__confirmation__s0.010000__af0.300000__q5__draw007	confirmation	0.01	0.3	0.27499999999999997	0.325	60	100	500	5.0	2400.0	2272.0	0.0	7	999506628	0	1981414765	0	1800.0	2	1	focal_2bp_raw_forward_no_recap_no_neutral_overlay
han_frequency_conditioned__confirmation__s0.010000__af0.300000__q5__draw008	confirmation	0.01	0.3	0.27499999999999997	0.325	60	100	500	5.0	2400.0	2272.0	0.0	8	1252030923	0	1449481975	0	1800.0	2	1	focal_2bp_raw_forward_no_recap_no_neutral_overlay
han_frequency_conditioned__confirmation__s0.010000__af0.300000__q5__draw009	confirmation	0.01	0.3	0.27499999999999997	0.325	60	100	500	5.0	2400.0	2272.0	0.0	9	227905844	0	2014845793	0	1800.0	2	1	focal_2bp_raw_forward_no_recap_no_neutral_overlay
han_frequency_conditioned__confirmation__s0.010000__af0.300000__q5__draw010	confirmation	0.01	0.3	0.27499999999999997	0.325	60	100	500	5.0	2400.0	2272.0	0.0	10	1757621832	0	389226034	0	1800.0	2	1	focal_2bp_raw_forward_no_recap_no_neutral_overlay
han_frequency_conditioned__confirmation__s0.010000__af0.300000__q5__draw011	confirmation	0.01	0.3	0.27499999999999997	0.325	60	100	500	5.0	2400.0	2272.0	0.0	11	1676692362	0	1612379400	0	1800.0	2	1	focal_2bp_raw_forward_no_recap_no_neutral_overlay
han_frequency_conditioned__confirmation__s0.010000__af0.300000__q5__draw012	confirmation	0.01	0.3	0.27499999999999997	0.325	60	100	500	5.0	2400.0	2272.0	0.0	12	961271505	0	700654897	0	1800.0	2	1	focal_2bp_raw_forward_no_recap_no_neutral_overlay
han_frequency_conditioned__confirmation__s0.010000__af0.300000__q5__draw013	confirmation	0.01	0.3	0.27499999999999997	0.325	60	100	500	5.0	2400.0	2272.0	0.0	13	196683193	0	507055595	0	1800.0	2	1	focal_2bp_raw_forward_no_recap_no_neutral_overlay
han_frequency_conditioned__confirmation__s0.010000__af0.300000__q5__draw014	confirmation	0.01	0.3	0.27499999999999997	0.325	60	100	500	5.0	2400.0	2272.0	0.0	14	680573025	0	1337610979	0	1800.0	2	1	focal_2bp_raw_forward_no_recap_no_neutral_overlay
han_frequency_conditioned__confirmation__s0.010000__af0.300000__q5__draw015	confirmation	0.01	0.3	0.27499999999999997	0.325	60	100	500	5.0	2400.0	2272.0	0.0	15	470928665	0	2012138381	0	1800.0	2	1	focal_2bp_raw_forward_no_recap_no_neutral_overlay
han_frequency_conditioned__confirmation__s0.010000__af0.300000__q5__draw016	confirmation	0.01	0.3	0.27499999999999997	0.325	60	100	500	5.0	2400.0	2272.0	0.0	16	1960641742	0	1449801686	0	1800.0	2	1	focal_2bp_raw_forward_no_recap_no_neutral_overlay
han_frequency_conditioned__confirmation__s0.010000__af0.300000__q5__draw017	confirmation	0.01	0.3	0.27499999999999997	0.325	60	100	500	5.0	2400.0	2272.0	0.0	17	1516271212	0	1990886670	0	1800.0	2	1	focal_2bp_raw_forward_no_recap_no_neutral_overlay
han_frequency_conditioned__confirmation__s0.010000__af0.300000__q5__draw018	confirmation	0.01	0.3	0.27499999999999997	0.325	60	100	500	5.0	2400.0	2272.0	0.0	18	967580561	0	689135288	0	1800.0	2	1	focal_2bp_raw_forward_no_recap_no_neutral_overlay
han_frequency_conditioned__confirmation__s0.010000__af0.300000__q5__draw019	confirmation	0.01	0.3	0.27499999999999997	0.325	60	100	500	5.0	2400.0	2272.0	0.0	19	736788446	0	1237790469	0	1800.0	2	1	focal_2bp_raw_forward_no_recap_no_neutral_overlay
han_frequency_conditioned__confirmation__s0.010000__af0.300000__q5__draw020	confirmation	0.01	0.3	0.27499999999999997	0.325	60	100	500	5.0	2400.0	2272.0	0.0	20	329601595	0	333676917	0	1800.0	2	1	focal_2bp_raw_forward_no_recap_no_neutral_overlay
han_frequency_conditioned__confirmation__s0.010000__af0.300000__q5__draw021	confirmation	0.01	0.3	0.27499999999999997	0.325	60	100	500	5.0	2400.0	2272.0	0.0	21	1943857385	0	1939743329	0	1800.0	2	1	focal_2bp_raw_forward_no_recap_no_neutral_overlay
han_frequency_conditioned__confirmation__s0.010000__af0.300000__q5__draw022	confirmation	0.01	0.3	0.27499999999999997	0.325	60	100	500	5.0	2400.0	2272.0	0.0	22	1673096864	0	2033108482	0	1800.0	2	1	focal_2bp_raw_forward_no_recap_no_neutral_overlay
han_frequency_conditioned__confirmation__s0.010000__af0.300000__q5__draw023	confirmation	0.01	0.3	0.27499999999999997	0.325	60	100	500	5.0	2400.0	2272.0	0.0	23	352500131	0	2005045202	0	1800.0	2	1	focal_2bp_raw_forward_no_recap_no_neutral_overlay
han_frequency_conditioned__confirmation__s0.010000__af0.300000__q5__draw024	confirmation	0.01	0.3	0.27499999999999997	0.325	60	100	500	5.0	2400.0	2272.0	0.0	24	798250391	0	1298710274	0	1800.0	2	1	focal_2bp_raw_forward_no_recap_no_neutral_overlay
han_frequency_conditioned__confirmation__s0.010000__af0.300000__q5__draw025	confirmation	0.01	0.3	0.27499999999999997	0.325	60	100	500	5.0	2400.0	2272.0	0.0	25	210326215	0	135089589	0	1800.0	2	1	focal_2bp_raw_forward_no_recap_no_neutral_overlay
han_frequency_conditioned__confirmation__s0.010000__af0.300000__q5__draw026	confirmation	0.01	0.3	0.27499999999999997	0.325	60	100	500	5.0	2400.0	2272.0	0.0	26	1095738091	0	844647359	0	1800.0	2	1	focal_2bp_raw_forward_no_recap_no_neutral_overlay
han_frequency_conditioned__confirmation__s0.010000__af0.300000__q5__draw027	confirmation	0.01	0.3	0.27499999999999997	0.325	60	100	500	5.0	2400.0	2272.0	0.0	27	913192130	0	1571239310	0	1800.0	2	1	focal_2bp_raw_forward_no_recap_no_neutral_overlay
han_frequency_conditioned__confirmation__s0.010000__af0.300000__q5__draw028	confirmation	0.01	0.3	0.27499999999999997	0.325	60	100	500	5.0	2400.0	2272.0	0.0	28	356356309	0	773724552	0	1800.0	2	1	focal_2bp_raw_forward_no_recap_no_neutral_overlay
han_frequency_conditioned__confirmation__s0.010000__af0.300000__q5__draw029	confirmation	0.01	0.3	0.27499999999999997	0.325	60	100	500	5.0	2400.0	2272.0	0.0	29	1680765591	0	387481539	0	1800.0	2	1	focal_2bp_raw_forward_no_recap_no_neutral_overlay
han_frequency_conditioned__confirmation__s0.010000__af0.300000__q5__draw030	confirmation	0.01	0.3	0.27499999999999997	0.325	60	100	500	5.0	2400.0	2272.0	0.0	30	1540631680	0	360971692	0	1800.0	2	1	focal_2bp_raw_forward_no_recap_no_neutral_overlay
han_frequency_conditioned__confirmation__s0.010000__af0.300000__q5__draw031	confirmation	0.01	0.3	0.27499999999999997	0.325	60	100	500	5.0	2400.0	2272.0	0.0	31	540691549	0	1887927489	0	1800.0	2	1	focal_2bp_raw_forward_no_recap_no_neutral_overlay
han_frequency_conditioned__confirmation__s0.010000__af0.300000__q5__draw032	confirmation	0.01	0.3	0.27499999999999997	0.325	60	100	500	5.0	2400.0	2272.0	0.0	32	1403288941	0	607626724	0	1800.0	2	1	focal_2bp_raw_forward_no_recap_no_neutral_overlay
han_frequency_conditioned__confirmation__s0.010000__af0.300000__q5__draw033	confirmation	0.01	0.3	0.27499999999999997	0.325	60	100	500	5.0	2400.0	2272.0	0.0	33	1505223528	0	815706350	0	1800.0	2	1	focal_2bp_raw_forward_no_recap_no_neutral_overlay
han_frequency_conditioned__confirmation__s0.010000__af0.300000__q5__draw034	confirmation	0.01	0.3	0.27499999999999997	0.325	60	100	500	5.0	2400.0	2272.0	0.0	34	1146739333	0	400713117	0	1800.0	2	1	focal_2bp_raw_forward_no_recap_no_neutral_overlay
han_frequency_conditioned__confirmation__s0.010000__af0.300000__q5__draw035	confirmation	0.01	0.3	0.27499999999999997	0.325	60	100	500	5.0	2400.0	2272.0	0.0	35	1294369980	0	1973557977	0	1800.0	2	1	focal_2bp_raw_forward_no_recap_no_neutral_overlay
han_frequency_conditioned__confirmation__s0.010000__af0.300000__q5__draw036	confirmation	0.01	0.3	0.27499999999999997	0.325	60	100	500	5.0	2400.0	2272.0	0.0	36	768370648	0	235942882	0	1800.0	2	1	focal_2bp_raw_forward_no_recap_no_neutral_overlay
han_frequency_conditioned__confirmation__s0.010000__af0.300000__q5__draw037	confirmation	0.01	0.3	0.27499999999999997	0.325	60	100	500	5.0	2400.0	2272.0	0.0	37	998717455	0	80217566	0	1800.0	2	1	focal_2bp_raw_forward_no_recap_no_neutral_overlay
han_frequency_conditioned__confirmation__s0.010000__af0.300000__q5__draw038	confirmation	0.01	0.3	0.27499999999999997	0.325	60	100	500	5.0	2400.0	2272.0	0.0	38	1916156279	0	1907577087	0	1800.0	2	1	focal_2bp_raw_forward_no_recap_no_neutral_overlay
han_frequency_conditioned__confirmation__s0.010000__af0.300000__q5__draw039	confirmation	0.01	0.3	0.27499999999999997	0.325	60	100	500	5.0	2400.0	2272.0	0.0	39	141735222	0	2133000141	0	1800.0	2	1	focal_2bp_raw_forward_no_recap_no_neutral_overlay
han_frequency_conditioned__confirmation__s0.010000__af0.300000__q5__draw040	confirmation	0.01	0.3	0.27499999999999997	0.325	60	100	500	5.0	2400.0	2272.0	0.0	40	1549529098	0	833476622	0	1800.0	2	1	focal_2bp_raw_forward_no_recap_no_neutral_overlay
han_frequency_conditioned__confirmation__s0.010000__af0.300000__q5__draw041	confirmation	0.01	0.3	0.27499999999999997	0.325	60	100	500	5.0	2400.0	2272.0	0.0	41	1651243262	0	422142894	0	1800.0	2	1	focal_2bp_raw_forward_no_recap_no_neutral_overlay
han_frequency_conditioned__confirmation__s0.010000__af0.300000__q5__draw042	confirmation	0.01	0.3	0.27499999999999997	0.325	60	100	500	5.0	2400.0	2272.0	0.0	42	903999836	0	2092166667	0	1800.0	2	1	focal_2bp_raw_forward_no_recap_no_neutral_overlay
han_frequency_conditioned__confirmation__s0.010000__af0.300000__q5__draw043	confirmation	0.01	0.3	0.27499999999999997	0.325	60	100	500	5.0	2400.0	2272.0	0.0	43	2143077694	0	1280932827	0	1800.0	2	1	focal_2bp_raw_forward_no_recap_no_neutral_overlay
han_frequency_conditioned__confirmation__s0.010000__af0.300000__q5__draw044	confirmation	0.01	0.3	0.27499999999999997	0.325	60	100	500	5.0	2400.0	2272.0	0.0	44	165553117	0	1359574265	0	1800.0	2	1	focal_2bp_raw_forward_no_recap_no_neutral_overlay
han_frequency_conditioned__confirmation__s0.010000__af0.300000__q5__draw045	confirmation	0.01	0.3	0.27499999999999997	0.325	60	100	500	5.0	2400.0	2272.0	0.0	45	410885477	0	1894687526	0	1800.0	2	1	focal_2bp_raw_forward_no_recap_no_neutral_overlay
han_frequency_conditioned__confirmation__s0.010000__af0.300000__q5__draw046	confirmation	0.01	0.3	0.27499999999999997	0.325	60	100	500	5.0	2400.0	2272.0	0.0	46	827257765	0	2143326030	0	1800.0	2	1	focal_2bp_raw_forward_no_recap_no_neutral_overlay
han_frequency_conditioned__confirmation__s0.010000__af0.300000__q5__draw047	confirmation	0.01	0.3	0.27499999999999997	0.325	60	100	500	5.0	2400.0	2272.0	0.0	47	1459263469	0	1668796996	0	1800.0	2	1	focal_2bp_raw_forward_no_recap_no_neutral_overlay
han_frequency_conditioned__confirmation__s0.010000__af0.300000__q5__draw048	confirmation	0.01	0.3	0.27499999999999997	0.325	60	100	500	5.0	2400.0	2272.0	0.0	48	1033779073	0	1933723421	0	1800.0	2	1	focal_2bp_raw_forward_no_recap_no_neutral_overlay
han_frequency_conditioned__confirmation__s0.010000__af0.300000__q5__draw049	confirmation	0.01	0.3	0.27499999999999997	0.325	60	100	500	5.0	2400.0	2272.0	0.0	49	1583945342	0	380162662	0	1800.0	2	1	focal_2bp_raw_forward_no_recap_no_neutral_overlay
han_frequency_conditioned__confirmation__s0.010000__af0.300000__q5__draw050	confirmation	0.01	0.3	0.27499999999999997	0.325	60	100	500	5.0	2400.0	2272.0	0.0	50	706680070	0	1372320109	0	1800.0	2	1	focal_2bp_raw_forward_no_recap_no_neutral_overlay
han_frequency_conditioned__confirmation__s0.010000__af0.300000__q5__draw051	confirmation	0.01	0.3	0.27499999999999997	0.325	60	100	500	5.0	2400.0	2272.0	0.0	51	1871733015	0	1714179047	0	1800.0	2	1	focal_2bp_raw_forward_no_recap_no_neutral_overlay
han_frequency_conditioned__confirmation__s0.010000__af0.300000__q5__draw052	confirmation	0.01	0.3	0.27499999999999997	0.325	60	100	500	5.0	2400.0	2272.0	0.0	52	1898932065	0	1762770154	0	1800.0	2	1	focal_2bp_raw_forward_no_recap_no_neutral_overlay
han_frequency_conditioned__confirmation__s0.010000__af0.300000__q5__draw053	confirmation	0.01	0.3	0.27499999999999997	0.325	60	100	500	5.0	2400.0	2272.0	0.0	53	1615999389	0	1779281584	0	1800.0	2	1	focal_2bp_raw_forward_no_recap_no_neutral_overlay
han_frequency_conditioned__confirmation__s0.010000__af0.300000__q5__draw054	confirmation	0.01	0.3	0.27499999999999997	0.325	60	100	500	5.0	2400.0	2272.0	0.0	54	803518043	0	1497903476	0	1800.0	2	1	focal_2bp_raw_forward_no_recap_no_neutral_overlay
han_frequency_conditioned__confirmation__s0.010000__af0.300000__q5__draw055	confirmation	0.01	0.3	0.27499999999999997	0.325	60	100	500	5.0	2400.0	2272.0	0.0	55	525929561	0	1020504998	0	1800.0	2	1	focal_2bp_raw_forward_no_recap_no_neutral_overlay
han_frequency_conditioned__confirmation__s0.010000__af0.300000__q5__draw056	confirmation	0.01	0.3	0.27499999999999997	0.325	60	100	500	5.0	2400.0	2272.0	0.0	56	264406560	0	412716520	0	1800.0	2	1	focal_2bp_raw_forward_no_recap_no_neutral_overlay
han_frequency_conditioned__confirmation__s0.010000__af0.300000__q5__draw057	confirmation	0.01	0.3	0.27499999999999997	0.325	60	100	500	5.0	2400.0	2272.0	0.0	57	1652093935	0	835827747	0	1800.0	2	1	focal_2bp_raw_forward_no_recap_no_neutral_overlay
han_frequency_conditioned__confirmation__s0.010000__af0.300000__q5__draw058	confirmation	0.01	0.3	0.27499999999999997	0.325	60	100	500	5.0	2400.0	2272.0	0.0	58	964524900	0	338856951	0	1800.0	2	1	focal_2bp_raw_forward_no_recap_no_neutral_overlay
han_frequency_conditioned__confirmation__s0.010000__af0.300000__q5__draw059	confirmation	0.01	0.3	0.27499999999999997	0.325	60	100	500	5.0	2400.0	2272.0	0.0	59	285901690	0	925939325	0	1800.0	2	1	focal_2bp_raw_forward_no_recap_no_neutral_overlay
han_frequency_conditioned__confirmation__s0.010000__af0.300000__q5__draw060	confirmation	0.01	0.3	0.27499999999999997	0.325	60	100	500	5.0	2400.0	2272.0	0.0	60	1875830396	0	1091916598	0	1800.0	2	1	focal_2bp_raw_forward_no_recap_no_neutral_overlay
han_frequency_conditioned__confirmation__s0.010000__af0.300000__q5__draw061	confirmation	0.01	0.3	0.27499999999999997	0.325	60	100	500	5.0	2400.0	2272.0	0.0	61	740227201	0	256691352	0	1800.0	2	1	focal_2bp_raw_forward_no_recap_no_neutral_overlay
han_frequency_conditioned__confirmation__s0.010000__af0.300000__q5__draw062	confirmation	0.01	0.3	0.27499999999999997	0.325	60	100	500	5.0	2400.0	2272.0	0.0	62	1036953102	0	1764169795	0	1800.0	2	1	focal_2bp_raw_forward_no_recap_no_neutral_overlay
han_frequency_conditioned__confirmation__s0.010000__af0.300000__q5__draw063	confirmation	0.01	0.3	0.27499999999999997	0.325	60	100	500	5.0	2400.0	2272.0	0.0	63	626324310	0	1690044063	0	1800.0	2	1	focal_2bp_raw_forward_no_recap_no_neutral_overlay
han_frequency_conditioned__confirmation__s0.010000__af0.300000__q5__draw064	confirmation	0.01	0.3	0.27499999999999997	0.325	60	100	500	5.0	2400.0	2272.0	0.0	64	935327987	0	2061569304	0	1800.0	2	1	focal_2bp_raw_forward_no_recap_no_neutral_overlay
han_frequency_conditioned__confirmation__s0.010000__af0.300000__q5__draw065	confirmation	0.01	0.3	0.27499999999999997	0.325	60	100	500	5.0	2400.0	2272.0	0.0	65	153688507	0	85726881	0	1800.0	2	1	focal_2bp_raw_forward_no_recap_no_neutral_overlay
han_frequency_conditioned__confirmation__s0.010000__af0.300000__q5__draw066	confirmation	0.01	0.3	0.27499999999999997	0.325	60	100	500	5.0	2400.0	2272.0	0.0	66	534316413	0	2133392069	0	1800.0	2	1	focal_2bp_raw_forward_no_recap_no_neutral_overlay
han_frequency_conditioned__confirmation__s0.010000__af0.300000__q5__draw067	confirmation	0.01	0.3	0.27499999999999997	0.325	60	100	500	5.0	2400.0	2272.0	0.0	67	1249334060	0	1534243088	0	1800.0	2	1	focal_2bp_raw_forward_no_recap_no_neutral_overlay
han_frequency_conditioned__confirmation__s0.010000__af0.300000__q5__draw068	confirmation	0.01	0.3	0.27499999999999997	0.325	60	100	500	5.0	2400.0	2272.0	0.0	68	189359248	0	424509579	0	1800.0	2	1	focal_2bp_raw_forward_no_recap_no_neutral_overlay
han_frequency_conditioned__confirmation__s0.010000__af0.300000__q5__draw069	confirmation	0.01	0.3	0.27499999999999997	0.325	60	100	500	5.0	2400.0	2272.0	0.0	69	1572945681	0	2048578352	0	1800.0	2	1	focal_2bp_raw_forward_no_recap_no_neutral_overlay
han_frequency_conditioned__confirmation__s0.010000__af0.300000__q5__draw070	confirmation	0.01	0.3	0.27499999999999997	0.325	60	100	500	5.0	2400.0	2272.0	0.0	70	902616786	0	1374973124	0	1800.0	2	1	focal_2bp_raw_forward_no_recap_no_neutral_overlay
han_frequency_conditioned__confirmation__s0.010000__af0.300000__q5__draw071	confirmation	0.01	0.3	0.27499999999999997	0.325	60	100	500	5.0	2400.0	2272.0	0.0	71	1149473889	0	178385708	0	1800.0	2	1	focal_2bp_raw_forward_no_recap_no_neutral_overlay
han_frequency_conditioned__confirmation__s0.010000__af0.300000__q5__draw072	confirmation	0.01	0.3	0.27499999999999997	0.325	60	100	500	5.0	2400.0	2272.0	0.0	72	414812341	0	2054671781	0	1800.0	2	1	focal_2bp_raw_forward_no_recap_no_neutral_overlay
han_frequency_conditioned__confirmation__s0.010000__af0.300000__q5__draw073	confirmation	0.01	0.3	0.27499999999999997	0.325	60	100	500	5.0	2400.0	2272.0	0.0	73	134059316	0	2075715868	0	1800.0	2	1	focal_2bp_raw_forward_no_recap_no_neutral_overlay
han_frequency_conditioned__confirmation__s0.010000__af0.300000__q5__draw074	confirmation	0.01	0.3	0.27499999999999997	0.325	60	100	500	5.0	2400.0	2272.0	0.0	74	1366138225	0	1307068793	0	1800.0	2	1	focal_2bp_raw_forward_no_recap_no_neutral_overlay
han_frequency_conditioned__confirmation__s0.010000__af0.300000__q5__draw075	confirmation	0.01	0.3	0.27499999999999997	0.325	60	100	500	5.0	2400.0	2272.0	0.0	75	1410524695	0	1321666374	0	1800.0	2	1	focal_2bp_raw_forward_no_recap_no_neutral_overlay
han_frequency_conditioned__confirmation__s0.010000__af0.300000__q5__draw076	confirmation	0.01	0.3	0.27499999999999997	0.325	60	100	500	5.0	2400.0	2272.0	0.0	76	231427273	0	1602838144	0	1800.0	2	1	focal_2bp_raw_forward_no_recap_no_neutral_overlay
han_frequency_conditioned__confirmation__s0.010000__af0.300000__q5__draw077	confirmation	0.01	0.3	0.27499999999999997	0.325	60	100	500	5.0	2400.0	2272.0	0.0	77	2145400780	0	331433451	0	1800.0	2	1	focal_2bp_raw_forward_no_recap_no_neutral_overlay
han_frequency_conditioned__confirmation__s0.010000__af0.300000__q5__draw078	confirmation	0.01	0.3	0.27499999999999997	0.325	60	100	500	5.0	2400.0	2272.0	0.0	78	1329440057	0	1690333975	0	1800.0	2	1	focal_2bp_raw_forward_no_recap_no_neutral_overlay
han_frequency_conditioned__confirmation__s0.010000__af0.300000__q5__draw079	confirmation	0.01	0.3	0.27499999999999997	0.325	60	100	500	5.0	2400.0	2272.0	0.0	79	1276381178	0	352897780	0	1800.0	2	1	focal_2bp_raw_forward_no_recap_no_neutral_overlay
han_frequency_conditioned__confirmation__s0.010000__af0.300000__q5__draw080	confirmation	0.01	0.3	0.27499999999999997	0.325	60	100	500	5.0	2400.0	2272.0	0.0	80	1931984726	0	2128811308	0	1800.0	2	1	focal_2bp_raw_forward_no_recap_no_neutral_overlay
han_frequency_conditioned__confirmation__s0.010000__af0.300000__q5__draw081	confirmation	0.01	0.3	0.27499999999999997	0.325	60	100	500	5.0	2400.0	2272.0	0.0	81	2094379408	0	1227491171	0	1800.0	2	1	focal_2bp_raw_forward_no_recap_no_neutral_overlay
han_frequency_conditioned__confirmation__s0.010000__af0.300000__q5__draw082	confirmation	0.01	0.3	0.27499999999999997	0.325	60	100	500	5.0	2400.0	2272.0	0.0	82	1263582868	0	760620313	0	1800.0	2	1	focal_2bp_raw_forward_no_recap_no_neutral_overlay
han_frequency_conditioned__confirmation__s0.010000__af0.300000__q5__draw083	confirmation	0.01	0.3	0.27499999999999997	0.325	60	100	500	5.0	2400.0	2272.0	0.0	83	279893231	0	354680061	0	1800.0	2	1	focal_2bp_raw_forward_no_recap_no_neutral_overlay
han_frequency_conditioned__confirmation__s0.010000__af0.300000__q5__draw084	confirmation	0.01	0.3	0.27499999999999997	0.325	60	100	500	5.0	2400.0	2272.0	0.0	84	278780643	0	1265773561	0	1800.0	2	1	focal_2bp_raw_forward_no_recap_no_neutral_overlay
han_frequency_conditioned__confirmation__s0.010000__af0.300000__q5__draw085	confirmation	0.01	0.3	0.27499999999999997	0.325	60	100	500	5.0	2400.0	2272.0	0.0	85	984397953	0	1891306421	0	1800.0	2	1	focal_2bp_raw_forward_no_recap_no_neutral_overlay
han_frequency_conditioned__confirmation__s0.010000__af0.300000__q5__draw086	confirmation	0.01	0.3	0.27499999999999997	0.325	60	100	500	5.0	2400.0	2272.0	0.0	86	1488089750	0	624632681	0	1800.0	2	1	focal_2bp_raw_forward_no_recap_no_neutral_overlay
han_frequency_conditioned__confirmation__s0.010000__af0.300000__q5__draw087	confirmation	0.01	0.3	0.27499999999999997	0.325	60	100	500	5.0	2400.0	2272.0	0.0	87	748543845	0	567672986	0	1800.0	2	1	focal_2bp_raw_forward_no_recap_no_neutral_overlay
han_frequency_conditioned__confirmation__s0.010000__af0.300000__q5__draw088	confirmation	0.01	0.3	0.27499999999999997	0.325	60	100	500	5.0	2400.0	2272.0	0.0	88	295307882	0	1534402959	0	1800.0	2	1	focal_2bp_raw_forward_no_recap_no_neutral_overlay
han_frequency_conditioned__confirmation__s0.010000__af0.300000__q5__draw089	confirmation	0.01	0.3	0.27499999999999997	0.325	60	100	500	5.0	2400.0	2272.0	0.0	89	1999740505	0	1692083060	0	1800.0	2	1	focal_2bp_raw_forward_no_recap_no_neutral_overlay
han_frequency_conditioned__confirmation__s0.010000__af0.300000__q5__draw090	confirmation	0.01	0.3	0.27499999999999997	0.325	60	100	500	5.0	2400.0	2272.0	0.0	90	865136712	0	889145840	0	1800.0	2	1	focal_2bp_raw_forward_no_recap_no_neutral_overlay
han_frequency_conditioned__confirmation__s0.010000__af0.300000__q5__draw091	confirmation	0.01	0.3	0.27499999999999997	0.325	60	100	500	5.0	2400.0	2272.0	0.0	91	1694501640	0	1267211125	0	1800.0	2	1	focal_2bp_raw_forward_no_recap_no_neutral_overlay
han_frequency_conditioned__confirmation__s0.010000__af0.300000__q5__draw092	confirmation	0.01	0.3	0.27499999999999997	0.325	60	100	500	5.0	2400.0	2272.0	0.0	92	1069032139	0	14129269	0	1800.0	2	1	focal_2bp_raw_forward_no_recap_no_neutral_overlay
han_frequency_conditioned__confirmation__s0.010000__af0.300000__q5__draw093	confirmation	0.01	0.3	0.27499999999999997	0.325	60	100	500	5.0	2400.0	2272.0	0.0	93	449674082	0	951321264	0	1800.0	2	1	focal_2bp_raw_forward_no_recap_no_neutral_overlay
han_frequency_conditioned__confirmation__s0.010000__af0.300000__q5__draw094	confirmation	0.01	0.3	0.27499999999999997	0.325	60	100	500	5.0	2400.0	2272.0	0.0	94	363888212	0	1858818151	0	1800.0	2	1	focal_2bp_raw_forward_no_recap_no_neutral_overlay
han_frequency_conditioned__confirmation__s0.010000__af0.300000__q5__draw095	confirmation	0.01	0.3	0.27499999999999997	0.325	60	100	500	5.0	2400.0	2272.0	0.0	95	831150675	0	1770068123	0	1800.0	2	1	focal_2bp_raw_forward_no_recap_no_neutral_overlay
han_frequency_conditioned__confirmation__s0.010000__af0.300000__q5__draw096	confirmation	0.01	0.3	0.27499999999999997	0.325	60	100	500	5.0	2400.0	2272.0	0.0	96	1031226415	0	1802683668	0	1800.0	2	1	focal_2bp_raw_forward_no_recap_no_neutral_overlay
han_frequency_conditioned__confirmation__s0.010000__af0.300000__q5__draw097	confirmation	0.01	0.3	0.27499999999999997	0.325	60	100	500	5.0	2400.0	2272.0	0.0	97	1827774122	0	250259018	0	1800.0	2	1	focal_2bp_raw_forward_no_recap_no_neutral_overlay
han_frequency_conditioned__confirmation__s0.010000__af0.300000__q5__draw098	confirmation	0.01	0.3	0.27499999999999997	0.325	60	100	500	5.0	2400.0	2272.0	0.0	98	1807922956	0	1224370638	0	1800.0	2	1	focal_2bp_raw_forward_no_recap_no_neutral_overlay
han_frequency_conditioned__confirmation__s0.010000__af0.300000__q5__draw099	confirmation	0.01	0.3	0.27499999999999997	0.325	60	100	500	5.0	2400.0	2272.0	0.0	99	1531309333	0	1613770581	0	1800.0	2	1	focal_2bp_raw_forward_no_recap_no_neutral_overlay
han_frequency_conditioned__confirmation__s0.005000__af0.100000__q5__draw000	confirmation	0.005	0.1	0.07500000000000001	0.125	20	100	500	5.0	2400.0	2272.0	0.0	0	1031049007	0	1809499441	0	1800.0	2	1	focal_2bp_raw_forward_no_recap_no_neutral_overlay
han_frequency_conditioned__confirmation__s0.005000__af0.100000__q5__draw001	confirmation	0.005	0.1	0.07500000000000001	0.125	20	100	500	5.0	2400.0	2272.0	0.0	1	2064587171	0	624293687	0	1800.0	2	1	focal_2bp_raw_forward_no_recap_no_neutral_overlay
han_frequency_conditioned__confirmation__s0.005000__af0.100000__q5__draw002	confirmation	0.005	0.1	0.07500000000000001	0.125	20	100	500	5.0	2400.0	2272.0	0.0	2	880321374	0	582767026	0	1800.0	2	1	focal_2bp_raw_forward_no_recap_no_neutral_overlay
han_frequency_conditioned__confirmation__s0.005000__af0.100000__q5__draw003	confirmation	0.005	0.1	0.07500000000000001	0.125	20	100	500	5.0	2400.0	2272.0	0.0	3	308477907	0	1694587228	0	1800.0	2	1	focal_2bp_raw_forward_no_recap_no_neutral_overlay
han_frequency_conditioned__confirmation__s0.005000__af0.100000__q5__draw004	confirmation	0.005	0.1	0.07500000000000001	0.125	20	100	500	5.0	2400.0	2272.0	0.0	4	1218713768	0	897232197	0	1800.0	2	1	focal_2bp_raw_forward_no_recap_no_neutral_overlay
han_frequency_conditioned__confirmation__s0.005000__af0.100000__q5__draw005	confirmation	0.005	0.1	0.07500000000000001	0.125	20	100	500	5.0	2400.0	2272.0	0.0	5	1360585812	0	1193078357	0	1800.0	2	1	focal_2bp_raw_forward_no_recap_no_neutral_overlay
han_frequency_conditioned__confirmation__s0.005000__af0.100000__q5__draw006	confirmation	0.005	0.1	0.07500000000000001	0.125	20	100	500	5.0	2400.0	2272.0	0.0	6	1032700833	0	473283018	0	1800.0	2	1	focal_2bp_raw_forward_no_recap_no_neutral_overlay
han_frequency_conditioned__confirmation__s0.005000__af0.100000__q5__draw007	confirmation	0.005	0.1	0.07500000000000001	0.125	20	100	500	5.0	2400.0	2272.0	0.0	7	44402324	0	2101827789	0	1800.0	2	1	focal_2bp_raw_forward_no_recap_no_neutral_overlay
han_frequency_conditioned__confirmation__s0.005000__af0.100000__q5__draw008	confirmation	0.005	0.1	0.07500000000000001	0.125	20	100	500	5.0	2400.0	2272.0	0.0	8	482157725	0	2075618757	0	1800.0	2	1	focal_2bp_raw_forward_no_recap_no_neutral_overlay
han_frequency_conditioned__confirmation__s0.005000__af0.100000__q5__draw009	confirmation	0.005	0.1	0.07500000000000001	0.125	20	100	500	5.0	2400.0	2272.0	0.0	9	913785578	0	1637677899	0	1800.0	2	1	focal_2bp_raw_forward_no_recap_no_neutral_overlay
han_frequency_conditioned__confirmation__s0.005000__af0.100000__q5__draw010	confirmation	0.005	0.1	0.07500000000000001	0.125	20	100	500	5.0	2400.0	2272.0	0.0	10	1442848846	0	621805792	0	1800.0	2	1	focal_2bp_raw_forward_no_recap_no_neutral_overlay
han_frequency_conditioned__confirmation__s0.005000__af0.100000__q5__draw011	confirmation	0.005	0.1	0.07500000000000001	0.125	20	100	500	5.0	2400.0	2272.0	0.0	11	671401014	0	2142064038	0	1800.0	2	1	focal_2bp_raw_forward_no_recap_no_neutral_overlay
han_frequency_conditioned__confirmation__s0.005000__af0.100000__q5__draw012	confirmation	0.005	0.1	0.07500000000000001	0.125	20	100	500	5.0	2400.0	2272.0	0.0	12	758083816	0	634222667	0	1800.0	2	1	focal_2bp_raw_forward_no_recap_no_neutral_overlay
han_frequency_conditioned__confirmation__s0.005000__af0.100000__q5__draw013	confirmation	0.005	0.1	0.07500000000000001	0.125	20	100	500	5.0	2400.0	2272.0	0.0	13	2108879590	0	409494294	0	1800.0	2	1	focal_2bp_raw_forward_no_recap_no_neutral_overlay
han_frequency_conditioned__confirmation__s0.005000__af0.100000__q5__draw014	confirmation	0.005	0.1	0.07500000000000001	0.125	20	100	500	5.0	2400.0	2272.0	0.0	14	1230104056	0	1588611457	0	1800.0	2	1	focal_2bp_raw_forward_no_recap_no_neutral_overlay
han_frequency_conditioned__confirmation__s0.005000__af0.100000__q5__draw015	confirmation	0.005	0.1	0.07500000000000001	0.125	20	100	500	5.0	2400.0	2272.0	0.0	15	1718439418	0	543528378	0	1800.0	2	1	focal_2bp_raw_forward_no_recap_no_neutral_overlay
han_frequency_conditioned__confirmation__s0.005000__af0.100000__q5__draw016	confirmation	0.005	0.1	0.07500000000000001	0.125	20	100	500	5.0	2400.0	2272.0	0.0	16	2138635609	0	1486240687	0	1800.0	2	1	focal_2bp_raw_forward_no_recap_no_neutral_overlay
han_frequency_conditioned__confirmation__s0.005000__af0.100000__q5__draw017	confirmation	0.005	0.1	0.07500000000000001	0.125	20	100	500	5.0	2400.0	2272.0	0.0	17	548442939	0	1926229893	0	1800.0	2	1	focal_2bp_raw_forward_no_recap_no_neutral_overlay
han_frequency_conditioned__confirmation__s0.005000__af0.100000__q5__draw018	confirmation	0.005	0.1	0.07500000000000001	0.125	20	100	500	5.0	2400.0	2272.0	0.0	18	575527619	0	1771770595	0	1800.0	2	1	focal_2bp_raw_forward_no_recap_no_neutral_overlay
han_frequency_conditioned__confirmation__s0.005000__af0.100000__q5__draw019	confirmation	0.005	0.1	0.07500000000000001	0.125	20	100	500	5.0	2400.0	2272.0	0.0	19	1164603778	0	2089985705	0	1800.0	2	1	focal_2bp_raw_forward_no_recap_no_neutral_overlay
han_frequency_conditioned__confirmation__s0.005000__af0.100000__q5__draw020	confirmation	0.005	0.1	0.07500000000000001	0.125	20	100	500	5.0	2400.0	2272.0	0.0	20	1711526365	0	2104078230	0	1800.0	2	1	focal_2bp_raw_forward_no_recap_no_neutral_overlay
han_frequency_conditioned__confirmation__s0.005000__af0.100000__q5__draw021	confirmation	0.005	0.1	0.07500000000000001	0.125	20	100	500	5.0	2400.0	2272.0	0.0	21	7637245	0	1497406063	0	1800.0	2	1	focal_2bp_raw_forward_no_recap_no_neutral_overlay
han_frequency_conditioned__confirmation__s0.005000__af0.100000__q5__draw022	confirmation	0.005	0.1	0.07500000000000001	0.125	20	100	500	5.0	2400.0	2272.0	0.0	22	1466132842	0	1711156412	0	1800.0	2	1	focal_2bp_raw_forward_no_recap_no_neutral_overlay
han_frequency_conditioned__confirmation__s0.005000__af0.100000__q5__draw023	confirmation	0.005	0.1	0.07500000000000001	0.125	20	100	500	5.0	2400.0	2272.0	0.0	23	436966231	0	1952888931	0	1800.0	2	1	focal_2bp_raw_forward_no_recap_no_neutral_overlay
han_frequency_conditioned__confirmation__s0.005000__af0.100000__q5__draw024	confirmation	0.005	0.1	0.07500000000000001	0.125	20	100	500	5.0	2400.0	2272.0	0.0	24	1949906862	0	1764514759	0	1800.0	2	1	focal_2bp_raw_forward_no_recap_no_neutral_overlay
han_frequency_conditioned__confirmation__s0.005000__af0.100000__q5__draw025	confirmation	0.005	0.1	0.07500000000000001	0.125	20	100	500	5.0	2400.0	2272.0	0.0	25	562258490	0	1837307141	0	1800.0	2	1	focal_2bp_raw_forward_no_recap_no_neutral_overlay
han_frequency_conditioned__confirmation__s0.005000__af0.100000__q5__draw026	confirmation	0.005	0.1	0.07500000000000001	0.125	20	100	500	5.0	2400.0	2272.0	0.0	26	1729019645	0	1976507029	0	1800.0	2	1	focal_2bp_raw_forward_no_recap_no_neutral_overlay
han_frequency_conditioned__confirmation__s0.005000__af0.100000__q5__draw027	confirmation	0.005	0.1	0.07500000000000001	0.125	20	100	500	5.0	2400.0	2272.0	0.0	27	520160255	0	490066092	0	1800.0	2	1	focal_2bp_raw_forward_no_recap_no_neutral_overlay
han_frequency_conditioned__confirmation__s0.005000__af0.100000__q5__draw028	confirmation	0.005	0.1	0.07500000000000001	0.125	20	100	500	5.0	2400.0	2272.0	0.0	28	848465886	0	1962526820	0	1800.0	2	1	focal_2bp_raw_forward_no_recap_no_neutral_overlay
han_frequency_conditioned__confirmation__s0.005000__af0.100000__q5__draw029	confirmation	0.005	0.1	0.07500000000000001	0.125	20	100	500	5.0	2400.0	2272.0	0.0	29	1627630434	0	284007614	0	1800.0	2	1	focal_2bp_raw_forward_no_recap_no_neutral_overlay
han_frequency_conditioned__confirmation__s0.005000__af0.100000__q5__draw030	confirmation	0.005	0.1	0.07500000000000001	0.125	20	100	500	5.0	2400.0	2272.0	0.0	30	1585443161	0	926624982	0	1800.0	2	1	focal_2bp_raw_forward_no_recap_no_neutral_overlay
han_frequency_conditioned__confirmation__s0.005000__af0.100000__q5__draw031	confirmation	0.005	0.1	0.07500000000000001	0.125	20	100	500	5.0	2400.0	2272.0	0.0	31	423093190	0	813568068	0	1800.0	2	1	focal_2bp_raw_forward_no_recap_no_neutral_overlay
han_frequency_conditioned__confirmation__s0.005000__af0.100000__q5__draw032	confirmation	0.005	0.1	0.07500000000000001	0.125	20	100	500	5.0	2400.0	2272.0	0.0	32	398500398	0	599008254	0	1800.0	2	1	focal_2bp_raw_forward_no_recap_no_neutral_overlay
han_frequency_conditioned__confirmation__s0.005000__af0.100000__q5__draw033	confirmation	0.005	0.1	0.07500000000000001	0.125	20	100	500	5.0	2400.0	2272.0	0.0	33	1865876463	0	1939974746	0	1800.0	2	1	focal_2bp_raw_forward_no_recap_no_neutral_overlay
han_frequency_conditioned__confirmation__s0.005000__af0.100000__q5__draw034	confirmation	0.005	0.1	0.07500000000000001	0.125	20	100	500	5.0	2400.0	2272.0	0.0	34	1179178040	0	1115897137	0	1800.0	2	1	focal_2bp_raw_forward_no_recap_no_neutral_overlay
han_frequency_conditioned__confirmation__s0.005000__af0.100000__q5__draw035	confirmation	0.005	0.1	0.07500000000000001	0.125	20	100	500	5.0	2400.0	2272.0	0.0	35	1159720873	0	1231500663	0	1800.0	2	1	focal_2bp_raw_forward_no_recap_no_neutral_overlay
han_frequency_conditioned__confirmation__s0.005000__af0.100000__q5__draw036	confirmation	0.005	0.1	0.07500000000000001	0.125	20	100	500	5.0	2400.0	2272.0	0.0	36	1534212071	0	1125926131	0	1800.0	2	1	focal_2bp_raw_forward_no_recap_no_neutral_overlay
han_frequency_conditioned__confirmation__s0.005000__af0.100000__q5__draw037	confirmation	0.005	0.1	0.07500000000000001	0.125	20	100	500	5.0	2400.0	2272.0	0.0	37	860639092	0	319684687	0	1800.0	2	1	focal_2bp_raw_forward_no_recap_no_neutral_overlay
han_frequency_conditioned__confirmation__s0.005000__af0.100000__q5__draw038	confirmation	0.005	0.1	0.07500000000000001	0.125	20	100	500	5.0	2400.0	2272.0	0.0	38	2130465652	0	919764640	0	1800.0	2	1	focal_2bp_raw_forward_no_recap_no_neutral_overlay
han_frequency_conditioned__confirmation__s0.005000__af0.100000__q5__draw039	confirmation	0.005	0.1	0.07500000000000001	0.125	20	100	500	5.0	2400.0	2272.0	0.0	39	750196209	0	1532847777	0	1800.0	2	1	focal_2bp_raw_forward_no_recap_no_neutral_overlay
han_frequency_conditioned__confirmation__s0.005000__af0.100000__q5__draw040	confirmation	0.005	0.1	0.07500000000000001	0.125	20	100	500	5.0	2400.0	2272.0	0.0	40	1589981911	0	2140648567	0	1800.0	2	1	focal_2bp_raw_forward_no_recap_no_neutral_overlay
han_frequency_conditioned__confirmation__s0.005000__af0.100000__q5__draw041	confirmation	0.005	0.1	0.07500000000000001	0.125	20	100	500	5.0	2400.0	2272.0	0.0	41	1657578570	0	1216826869	0	1800.0	2	1	focal_2bp_raw_forward_no_recap_no_neutral_overlay
han_frequency_conditioned__confirmation__s0.005000__af0.100000__q5__draw042	confirmation	0.005	0.1	0.07500000000000001	0.125	20	100	500	5.0	2400.0	2272.0	0.0	42	41107756	0	1087365923	0	1800.0	2	1	focal_2bp_raw_forward_no_recap_no_neutral_overlay
han_frequency_conditioned__confirmation__s0.005000__af0.100000__q5__draw043	confirmation	0.005	0.1	0.07500000000000001	0.125	20	100	500	5.0	2400.0	2272.0	0.0	43	601054758	0	1658246001	0	1800.0	2	1	focal_2bp_raw_forward_no_recap_no_neutral_overlay
han_frequency_conditioned__confirmation__s0.005000__af0.100000__q5__draw044	confirmation	0.005	0.1	0.07500000000000001	0.125	20	100	500	5.0	2400.0	2272.0	0.0	44	519818306	0	1864351254	0	1800.0	2	1	focal_2bp_raw_forward_no_recap_no_neutral_overlay
han_frequency_conditioned__confirmation__s0.005000__af0.100000__q5__draw045	confirmation	0.005	0.1	0.07500000000000001	0.125	20	100	500	5.0	2400.0	2272.0	0.0	45	1471054450	0	433530510	0	1800.0	2	1	focal_2bp_raw_forward_no_recap_no_neutral_overlay
han_frequency_conditioned__confirmation__s0.005000__af0.100000__q5__draw046	confirmation	0.005	0.1	0.07500000000000001	0.125	20	100	500	5.0	2400.0	2272.0	0.0	46	649680119	0	2127580795	0	1800.0	2	1	focal_2bp_raw_forward_no_recap_no_neutral_overlay
han_frequency_conditioned__confirmation__s0.005000__af0.100000__q5__draw047	confirmation	0.005	0.1	0.07500000000000001	0.125	20	100	500	5.0	2400.0	2272.0	0.0	47	618390115	0	1116684089	0	1800.0	2	1	focal_2bp_raw_forward_no_recap_no_neutral_overlay
han_frequency_conditioned__confirmation__s0.005000__af0.100000__q5__draw048	confirmation	0.005	0.1	0.07500000000000001	0.125	20	100	500	5.0	2400.0	2272.0	0.0	48	1569622240	0	1927105128	0	1800.0	2	1	focal_2bp_raw_forward_no_recap_no_neutral_overlay
han_frequency_conditioned__confirmation__s0.005000__af0.100000__q5__draw049	confirmation	0.005	0.1	0.07500000000000001	0.125	20	100	500	5.0	2400.0	2272.0	0.0	49	1750791173	0	878010072	0	1800.0	2	1	focal_2bp_raw_forward_no_recap_no_neutral_overlay
han_frequency_conditioned__confirmation__s0.005000__af0.100000__q5__draw050	confirmation	0.005	0.1	0.07500000000000001	0.125	20	100	500	5.0	2400.0	2272.0	0.0	50	1782551860	0	263784326	0	1800.0	2	1	focal_2bp_raw_forward_no_recap_no_neutral_overlay
han_frequency_conditioned__confirmation__s0.005000__af0.100000__q5__draw051	confirmation	0.005	0.1	0.07500000000000001	0.125	20	100	500	5.0	2400.0	2272.0	0.0	51	72728116	0	1245492690	0	1800.0	2	1	focal_2bp_raw_forward_no_recap_no_neutral_overlay
han_frequency_conditioned__confirmation__s0.005000__af0.100000__q5__draw052	confirmation	0.005	0.1	0.07500000000000001	0.125	20	100	500	5.0	2400.0	2272.0	0.0	52	1227568746	0	1934168581	0	1800.0	2	1	focal_2bp_raw_forward_no_recap_no_neutral_overlay
han_frequency_conditioned__confirmation__s0.005000__af0.100000__q5__draw053	confirmation	0.005	0.1	0.07500000000000001	0.125	20	100	500	5.0	2400.0	2272.0	0.0	53	960388475	0	149317275	0	1800.0	2	1	focal_2bp_raw_forward_no_recap_no_neutral_overlay
han_frequency_conditioned__confirmation__s0.005000__af0.100000__q5__draw054	confirmation	0.005	0.1	0.07500000000000001	0.125	20	100	500	5.0	2400.0	2272.0	0.0	54	861023124	0	887957334	0	1800.0	2	1	focal_2bp_raw_forward_no_recap_no_neutral_overlay
han_frequency_conditioned__confirmation__s0.005000__af0.100000__q5__draw055	confirmation	0.005	0.1	0.07500000000000001	0.125	20	100	500	5.0	2400.0	2272.0	0.0	55	1386747785	0	910343094	0	1800.0	2	1	focal_2bp_raw_forward_no_recap_no_neutral_overlay
han_frequency_conditioned__confirmation__s0.005000__af0.100000__q5__draw056	confirmation	0.005	0.1	0.07500000000000001	0.125	20	100	500	5.0	2400.0	2272.0	0.0	56	209445149	0	1617937684	0	1800.0	2	1	focal_2bp_raw_forward_no_recap_no_neutral_overlay
han_frequency_conditioned__confirmation__s0.005000__af0.100000__q5__draw057	confirmation	0.005	0.1	0.07500000000000001	0.125	20	100	500	5.0	2400.0	2272.0	0.0	57	2081884726	0	1071174719	0	1800.0	2	1	focal_2bp_raw_forward_no_recap_no_neutral_overlay
han_frequency_conditioned__confirmation__s0.005000__af0.100000__q5__draw058	confirmation	0.005	0.1	0.07500000000000001	0.125	20	100	500	5.0	2400.0	2272.0	0.0	58	315567285	0	1667749021	0	1800.0	2	1	focal_2bp_raw_forward_no_recap_no_neutral_overlay
han_frequency_conditioned__confirmation__s0.005000__af0.100000__q5__draw059	confirmation	0.005	0.1	0.07500000000000001	0.125	20	100	500	5.0	2400.0	2272.0	0.0	59	887698561	0	307296858	0	1800.0	2	1	focal_2bp_raw_forward_no_recap_no_neutral_overlay
han_frequency_conditioned__confirmation__s0.005000__af0.100000__q5__draw060	confirmation	0.005	0.1	0.07500000000000001	0.125	20	100	500	5.0	2400.0	2272.0	0.0	60	185079459	0	1701303695	0	1800.0	2	1	focal_2bp_raw_forward_no_recap_no_neutral_overlay
han_frequency_conditioned__confirmation__s0.005000__af0.100000__q5__draw061	confirmation	0.005	0.1	0.07500000000000001	0.125	20	100	500	5.0	2400.0	2272.0	0.0	61	1028053229	0	308196584	0	1800.0	2	1	focal_2bp_raw_forward_no_recap_no_neutral_overlay
han_frequency_conditioned__confirmation__s0.005000__af0.100000__q5__draw062	confirmation	0.005	0.1	0.07500000000000001	0.125	20	100	500	5.0	2400.0	2272.0	0.0	62	1324044052	0	1319993025	0	1800.0	2	1	focal_2bp_raw_forward_no_recap_no_neutral_overlay
han_frequency_conditioned__confirmation__s0.005000__af0.100000__q5__draw063	confirmation	0.005	0.1	0.07500000000000001	0.125	20	100	500	5.0	2400.0	2272.0	0.0	63	1310978359	0	1600809728	0	1800.0	2	1	focal_2bp_raw_forward_no_recap_no_neutral_overlay
han_frequency_conditioned__confirmation__s0.005000__af0.100000__q5__draw064	confirmation	0.005	0.1	0.07500000000000001	0.125	20	100	500	5.0	2400.0	2272.0	0.0	64	698325187	0	431287506	0	1800.0	2	1	focal_2bp_raw_forward_no_recap_no_neutral_overlay
han_frequency_conditioned__confirmation__s0.005000__af0.100000__q5__draw065	confirmation	0.005	0.1	0.07500000000000001	0.125	20	100	500	5.0	2400.0	2272.0	0.0	65	1021629038	0	839043920	0	1800.0	2	1	focal_2bp_raw_forward_no_recap_no_neutral_overlay
han_frequency_conditioned__confirmation__s0.005000__af0.100000__q5__draw066	confirmation	0.005	0.1	0.07500000000000001	0.125	20	100	500	5.0	2400.0	2272.0	0.0	66	1293957997	0	1965195426	0	1800.0	2	1	focal_2bp_raw_forward_no_recap_no_neutral_overlay
han_frequency_conditioned__confirmation__s0.005000__af0.100000__q5__draw067	confirmation	0.005	0.1	0.07500000000000001	0.125	20	100	500	5.0	2400.0	2272.0	0.0	67	1254420737	0	1960796236	0	1800.0	2	1	focal_2bp_raw_forward_no_recap_no_neutral_overlay
han_frequency_conditioned__confirmation__s0.005000__af0.100000__q5__draw068	confirmation	0.005	0.1	0.07500000000000001	0.125	20	100	500	5.0	2400.0	2272.0	0.0	68	878997538	0	667924996	0	1800.0	2	1	focal_2bp_raw_forward_no_recap_no_neutral_overlay
han_frequency_conditioned__confirmation__s0.005000__af0.100000__q5__draw069	confirmation	0.005	0.1	0.07500000000000001	0.125	20	100	500	5.0	2400.0	2272.0	0.0	69	1804519816	0	1626006084	0	1800.0	2	1	focal_2bp_raw_forward_no_recap_no_neutral_overlay
han_frequency_conditioned__confirmation__s0.005000__af0.100000__q5__draw070	confirmation	0.005	0.1	0.07500000000000001	0.125	20	100	500	5.0	2400.0	2272.0	0.0	70	1653049387	0	922688101	0	1800.0	2	1	focal_2bp_raw_forward_no_recap_no_neutral_overlay
han_frequency_conditioned__confirmation__s0.005000__af0.100000__q5__draw071	confirmation	0.005	0.1	0.07500000000000001	0.125	20	100	500	5.0	2400.0	2272.0	0.0	71	818173246	0	1600080869	0	1800.0	2	1	focal_2bp_raw_forward_no_recap_no_neutral_overlay
han_frequency_conditioned__confirmation__s0.005000__af0.100000__q5__draw072	confirmation	0.005	0.1	0.07500000000000001	0.125	20	100	500	5.0	2400.0	2272.0	0.0	72	1789533323	0	19507767	0	1800.0	2	1	focal_2bp_raw_forward_no_recap_no_neutral_overlay
han_frequency_conditioned__confirmation__s0.005000__af0.100000__q5__draw073	confirmation	0.005	0.1	0.07500000000000001	0.125	20	100	500	5.0	2400.0	2272.0	0.0	73	1545864952	0	306811532	0	1800.0	2	1	focal_2bp_raw_forward_no_recap_no_neutral_overlay
han_frequency_conditioned__confirmation__s0.005000__af0.100000__q5__draw074	confirmation	0.005	0.1	0.07500000000000001	0.125	20	100	500	5.0	2400.0	2272.0	0.0	74	868360966	0	1049036625	0	1800.0	2	1	focal_2bp_raw_forward_no_recap_no_neutral_overlay
han_frequency_conditioned__confirmation__s0.005000__af0.100000__q5__draw075	confirmation	0.005	0.1	0.07500000000000001	0.125	20	100	500	5.0	2400.0	2272.0	0.0	75	1075942307	0	726396733	0	1800.0	2	1	focal_2bp_raw_forward_no_recap_no_neutral_overlay
han_frequency_conditioned__confirmation__s0.005000__af0.100000__q5__draw076	confirmation	0.005	0.1	0.07500000000000001	0.125	20	100	500	5.0	2400.0	2272.0	0.0	76	185748716	0	1468765636	0	1800.0	2	1	focal_2bp_raw_forward_no_recap_no_neutral_overlay
han_frequency_conditioned__confirmation__s0.005000__af0.100000__q5__draw077	confirmation	0.005	0.1	0.07500000000000001	0.125	20	100	500	5.0	2400.0	2272.0	0.0	77	993807489	0	1142745478	0	1800.0	2	1	focal_2bp_raw_forward_no_recap_no_neutral_overlay
han_frequency_conditioned__confirmation__s0.005000__af0.100000__q5__draw078	confirmation	0.005	0.1	0.07500000000000001	0.125	20	100	500	5.0	2400.0	2272.0	0.0	78	412868240	0	308295809	0	1800.0	2	1	focal_2bp_raw_forward_no_recap_no_neutral_overlay
han_frequency_conditioned__confirmation__s0.005000__af0.100000__q5__draw079	confirmation	0.005	0.1	0.07500000000000001	0.125	20	100	500	5.0	2400.0	2272.0	0.0	79	77260336	0	1308396028	0	1800.0	2	1	focal_2bp_raw_forward_no_recap_no_neutral_overlay
han_frequency_conditioned__confirmation__s0.005000__af0.100000__q5__draw080	confirmation	0.005	0.1	0.07500000000000001	0.125	20	100	500	5.0	2400.0	2272.0	0.0	80	1701276301	0	1749616820	0	1800.0	2	1	focal_2bp_raw_forward_no_recap_no_neutral_overlay
han_frequency_conditioned__confirmation__s0.005000__af0.100000__q5__draw081	confirmation	0.005	0.1	0.07500000000000001	0.125	20	100	500	5.0	2400.0	2272.0	0.0	81	1058494138	0	1939568165	0	1800.0	2	1	focal_2bp_raw_forward_no_recap_no_neutral_overlay
han_frequency_conditioned__confirmation__s0.005000__af0.100000__q5__draw082	confirmation	0.005	0.1	0.07500000000000001	0.125	20	100	500	5.0	2400.0	2272.0	0.0	82	1413612447	0	317047371	0	1800.0	2	1	focal_2bp_raw_forward_no_recap_no_neutral_overlay
han_frequency_conditioned__confirmation__s0.005000__af0.100000__q5__draw083	confirmation	0.005	0.1	0.07500000000000001	0.125	20	100	500	5.0	2400.0	2272.0	0.0	83	1631569198	0	1365784696	0	1800.0	2	1	focal_2bp_raw_forward_no_recap_no_neutral_overlay
han_frequency_conditioned__confirmation__s0.005000__af0.100000__q5__draw084	confirmation	0.005	0.1	0.07500000000000001	0.125	20	100	500	5.0	2400.0	2272.0	0.0	84	435684186	0	616190666	0	1800.0	2	1	focal_2bp_raw_forward_no_recap_no_neutral_overlay
han_frequency_conditioned__confirmation__s0.005000__af0.100000__q5__draw085	confirmation	0.005	0.1	0.07500000000000001	0.125	20	100	500	5.0	2400.0	2272.0	0.0	85	545084433	0	997804586	0	1800.0	2	1	focal_2bp_raw_forward_no_recap_no_neutral_overlay
han_frequency_conditioned__confirmation__s0.005000__af0.100000__q5__draw086	confirmation	0.005	0.1	0.07500000000000001	0.125	20	100	500	5.0	2400.0	2272.0	0.0	86	524505001	0	1530460493	0	1800.0	2	1	focal_2bp_raw_forward_no_recap_no_neutral_overlay
han_frequency_conditioned__confirmation__s0.005000__af0.100000__q5__draw087	confirmation	0.005	0.1	0.07500000000000001	0.125	20	100	500	5.0	2400.0	2272.0	0.0	87	1417796203	0	1239158697	0	1800.0	2	1	focal_2bp_raw_forward_no_recap_no_neutral_overlay
han_frequency_conditioned__confirmation__s0.005000__af0.100000__q5__draw088	confirmation	0.005	0.1	0.07500000000000001	0.125	20	100	500	5.0	2400.0	2272.0	0.0	88	318206258	0	92164011	0	1800.0	2	1	focal_2bp_raw_forward_no_recap_no_neutral_overlay
han_frequency_conditioned__confirmation__s0.005000__af0.100000__q5__draw089	confirmation	0.005	0.1	0.07500000000000001	0.125	20	100	500	5.0	2400.0	2272.0	0.0	89	1810515015	0	2054214871	0	1800.0	2	1	focal_2bp_raw_forward_no_recap_no_neutral_overlay
han_frequency_conditioned__confirmation__s0.005000__af0.100000__q5__draw090	confirmation	0.005	0.1	0.07500000000000001	0.125	20	100	500	5.0	2400.0	2272.0	0.0	90	1449607213	0	2032318328	0	1800.0	2	1	focal_2bp_raw_forward_no_recap_no_neutral_overlay
han_frequency_conditioned__confirmation__s0.005000__af0.100000__q5__draw091	confirmation	0.005	0.1	0.07500000000000001	0.125	20	100	500	5.0	2400.0	2272.0	0.0	91	814686462	0	448009146	0	1800.0	2	1	focal_2bp_raw_forward_no_recap_no_neutral_overlay
han_frequency_conditioned__confirmation__s0.005000__af0.100000__q5__draw092	confirmation	0.005	0.1	0.07500000000000001	0.125	20	100	500	5.0	2400.0	2272.0	0.0	92	2022817321	0	1666584416	0	1800.0	2	1	focal_2bp_raw_forward_no_recap_no_neutral_overlay
han_frequency_conditioned__confirmation__s0.005000__af0.100000__q5__draw093	confirmation	0.005	0.1	0.07500000000000001	0.125	20	100	500	5.0	2400.0	2272.0	0.0	93	1284584900	0	1541513523	0	1800.0	2	1	focal_2bp_raw_forward_no_recap_no_neutral_overlay
han_frequency_conditioned__confirmation__s0.005000__af0.100000__q5__draw094	confirmation	0.005	0.1	0.07500000000000001	0.125	20	100	500	5.0	2400.0	2272.0	0.0	94	1168290189	0	1682523137	0	1800.0	2	1	focal_2bp_raw_forward_no_recap_no_neutral_overlay
han_frequency_conditioned__confirmation__s0.005000__af0.100000__q5__draw095	confirmation	0.005	0.1	0.07500000000000001	0.125	20	100	500	5.0	2400.0	2272.0	0.0	95	1240612698	0	753544997	0	1800.0	2	1	focal_2bp_raw_forward_no_recap_no_neutral_overlay
han_frequency_conditioned__confirmation__s0.005000__af0.100000__q5__draw096	confirmation	0.005	0.1	0.07500000000000001	0.125	20	100	500	5.0	2400.0	2272.0	0.0	96	1839767768	0	1635246080	0	1800.0	2	1	focal_2bp_raw_forward_no_recap_no_neutral_overlay
han_frequency_conditioned__confirmation__s0.005000__af0.100000__q5__draw097	confirmation	0.005	0.1	0.07500000000000001	0.125	20	100	500	5.0	2400.0	2272.0	0.0	97	499484582	0	1349954549	0	1800.0	2	1	focal_2bp_raw_forward_no_recap_no_neutral_overlay
han_frequency_conditioned__confirmation__s0.005000__af0.100000__q5__draw098	confirmation	0.005	0.1	0.07500000000000001	0.125	20	100	500	5.0	2400.0	2272.0	0.0	98	724500895	0	1169213439	0	1800.0	2	1	focal_2bp_raw_forward_no_recap_no_neutral_overlay
han_frequency_conditioned__confirmation__s0.005000__af0.100000__q5__draw099	confirmation	0.005	0.1	0.07500000000000001	0.125	20	100	500	5.0	2400.0	2272.0	0.0	99	205129792	0	232416733	0	1800.0	2	1	focal_2bp_raw_forward_no_recap_no_neutral_overlay
han_frequency_conditioned__confirmation__s0.005000__af0.200000__q5__draw000	confirmation	0.005	0.2	0.17500000000000002	0.225	40	100	500	5.0	2400.0	2272.0	0.0	0	43126032	0	167191215	0	1800.0	2	1	focal_2bp_raw_forward_no_recap_no_neutral_overlay
han_frequency_conditioned__confirmation__s0.005000__af0.200000__q5__draw001	confirmation	0.005	0.2	0.17500000000000002	0.225	40	100	500	5.0	2400.0	2272.0	0.0	1	2145905785	0	2054112607	0	1800.0	2	1	focal_2bp_raw_forward_no_recap_no_neutral_overlay
han_frequency_conditioned__confirmation__s0.005000__af0.200000__q5__draw002	confirmation	0.005	0.2	0.17500000000000002	0.225	40	100	500	5.0	2400.0	2272.0	0.0	2	1225636707	0	1279428005	0	1800.0	2	1	focal_2bp_raw_forward_no_recap_no_neutral_overlay
han_frequency_conditioned__confirmation__s0.005000__af0.200000__q5__draw003	confirmation	0.005	0.2	0.17500000000000002	0.225	40	100	500	5.0	2400.0	2272.0	0.0	3	1426025722	0	994407489	0	1800.0	2	1	focal_2bp_raw_forward_no_recap_no_neutral_overlay
han_frequency_conditioned__confirmation__s0.005000__af0.200000__q5__draw004	confirmation	0.005	0.2	0.17500000000000002	0.225	40	100	500	5.0	2400.0	2272.0	0.0	4	676494887	0	982962553	0	1800.0	2	1	focal_2bp_raw_forward_no_recap_no_neutral_overlay
han_frequency_conditioned__confirmation__s0.005000__af0.200000__q5__draw005	confirmation	0.005	0.2	0.17500000000000002	0.225	40	100	500	5.0	2400.0	2272.0	0.0	5	1181214683	0	27029281	0	1800.0	2	1	focal_2bp_raw_forward_no_recap_no_neutral_overlay
han_frequency_conditioned__confirmation__s0.005000__af0.200000__q5__draw006	confirmation	0.005	0.2	0.17500000000000002	0.225	40	100	500	5.0	2400.0	2272.0	0.0	6	155156746	0	1642833238	0	1800.0	2	1	focal_2bp_raw_forward_no_recap_no_neutral_overlay
han_frequency_conditioned__confirmation__s0.005000__af0.200000__q5__draw007	confirmation	0.005	0.2	0.17500000000000002	0.225	40	100	500	5.0	2400.0	2272.0	0.0	7	874615623	0	1312089444	0	1800.0	2	1	focal_2bp_raw_forward_no_recap_no_neutral_overlay
han_frequency_conditioned__confirmation__s0.005000__af0.200000__q5__draw008	confirmation	0.005	0.2	0.17500000000000002	0.225	40	100	500	5.0	2400.0	2272.0	0.0	8	1748420231	0	661889903	0	1800.0	2	1	focal_2bp_raw_forward_no_recap_no_neutral_overlay
han_frequency_conditioned__confirmation__s0.005000__af0.200000__q5__draw009	confirmation	0.005	0.2	0.17500000000000002	0.225	40	100	500	5.0	2400.0	2272.0	0.0	9	995958778	0	976542763	0	1800.0	2	1	focal_2bp_raw_forward_no_recap_no_neutral_overlay
han_frequency_conditioned__confirmation__s0.005000__af0.200000__q5__draw010	confirmation	0.005	0.2	0.17500000000000002	0.225	40	100	500	5.0	2400.0	2272.0	0.0	10	1636421009	0	279550789	0	1800.0	2	1	focal_2bp_raw_forward_no_recap_no_neutral_overlay
han_frequency_conditioned__confirmation__s0.005000__af0.200000__q5__draw011	confirmation	0.005	0.2	0.17500000000000002	0.225	40	100	500	5.0	2400.0	2272.0	0.0	11	437070026	0	2068072112	0	1800.0	2	1	focal_2bp_raw_forward_no_recap_no_neutral_overlay
han_frequency_conditioned__confirmation__s0.005000__af0.200000__q5__draw012	confirmation	0.005	0.2	0.17500000000000002	0.225	40	100	500	5.0	2400.0	2272.0	0.0	12	622092592	0	746239373	0	1800.0	2	1	focal_2bp_raw_forward_no_recap_no_neutral_overlay
han_frequency_conditioned__confirmation__s0.005000__af0.200000__q5__draw013	confirmation	0.005	0.2	0.17500000000000002	0.225	40	100	500	5.0	2400.0	2272.0	0.0	13	1229638226	0	1975024148	0	1800.0	2	1	focal_2bp_raw_forward_no_recap_no_neutral_overlay
han_frequency_conditioned__confirmation__s0.005000__af0.200000__q5__draw014	confirmation	0.005	0.2	0.17500000000000002	0.225	40	100	500	5.0	2400.0	2272.0	0.0	14	744916415	0	1218308651	0	1800.0	2	1	focal_2bp_raw_forward_no_recap_no_neutral_overlay
han_frequency_conditioned__confirmation__s0.005000__af0.200000__q5__draw015	confirmation	0.005	0.2	0.17500000000000002	0.225	40	100	500	5.0	2400.0	2272.0	0.0	15	1187560213	0	662775901	0	1800.0	2	1	focal_2bp_raw_forward_no_recap_no_neutral_overlay
han_frequency_conditioned__confirmation__s0.005000__af0.200000__q5__draw016	confirmation	0.005	0.2	0.17500000000000002	0.225	40	100	500	5.0	2400.0	2272.0	0.0	16	1022427252	0	1343189487	0	1800.0	2	1	focal_2bp_raw_forward_no_recap_no_neutral_overlay
han_frequency_conditioned__confirmation__s0.005000__af0.200000__q5__draw017	confirmation	0.005	0.2	0.17500000000000002	0.225	40	100	500	5.0	2400.0	2272.0	0.0	17	1311476461	0	1816522153	0	1800.0	2	1	focal_2bp_raw_forward_no_recap_no_neutral_overlay
han_frequency_conditioned__confirmation__s0.005000__af0.200000__q5__draw018	confirmation	0.005	0.2	0.17500000000000002	0.225	40	100	500	5.0	2400.0	2272.0	0.0	18	888677523	0	1232365706	0	1800.0	2	1	focal_2bp_raw_forward_no_recap_no_neutral_overlay
han_frequency_conditioned__confirmation__s0.005000__af0.200000__q5__draw019	confirmation	0.005	0.2	0.17500000000000002	0.225	40	100	500	5.0	2400.0	2272.0	0.0	19	817152857	0	1718823085	0	1800.0	2	1	focal_2bp_raw_forward_no_recap_no_neutral_overlay
han_frequency_conditioned__confirmation__s0.005000__af0.200000__q5__draw020	confirmation	0.005	0.2	0.17500000000000002	0.225	40	100	500	5.0	2400.0	2272.0	0.0	20	365295385	0	589138213	0	1800.0	2	1	focal_2bp_raw_forward_no_recap_no_neutral_overlay
han_frequency_conditioned__confirmation__s0.005000__af0.200000__q5__draw021	confirmation	0.005	0.2	0.17500000000000002	0.225	40	100	500	5.0	2400.0	2272.0	0.0	21	918128205	0	107640668	0	1800.0	2	1	focal_2bp_raw_forward_no_recap_no_neutral_overlay
han_frequency_conditioned__confirmation__s0.005000__af0.200000__q5__draw022	confirmation	0.005	0.2	0.17500000000000002	0.225	40	100	500	5.0	2400.0	2272.0	0.0	22	591136077	0	1185866775	0	1800.0	2	1	focal_2bp_raw_forward_no_recap_no_neutral_overlay
han_frequency_conditioned__confirmation__s0.005000__af0.200000__q5__draw023	confirmation	0.005	0.2	0.17500000000000002	0.225	40	100	500	5.0	2400.0	2272.0	0.0	23	858576819	0	1075969928	0	1800.0	2	1	focal_2bp_raw_forward_no_recap_no_neutral_overlay
han_frequency_conditioned__confirmation__s0.005000__af0.200000__q5__draw024	confirmation	0.005	0.2	0.17500000000000002	0.225	40	100	500	5.0	2400.0	2272.0	0.0	24	1630429482	0	1037367863	0	1800.0	2	1	focal_2bp_raw_forward_no_recap_no_neutral_overlay
han_frequency_conditioned__confirmation__s0.005000__af0.200000__q5__draw025	confirmation	0.005	0.2	0.17500000000000002	0.225	40	100	500	5.0	2400.0	2272.0	0.0	25	194883275	0	1557199469	0	1800.0	2	1	focal_2bp_raw_forward_no_recap_no_neutral_overlay
han_frequency_conditioned__confirmation__s0.005000__af0.200000__q5__draw026	confirmation	0.005	0.2	0.17500000000000002	0.225	40	100	500	5.0	2400.0	2272.0	0.0	26	974257518	0	1289403485	0	1800.0	2	1	focal_2bp_raw_forward_no_recap_no_neutral_overlay
han_frequency_conditioned__confirmation__s0.005000__af0.200000__q5__draw027	confirmation	0.005	0.2	0.17500000000000002	0.225	40	100	500	5.0	2400.0	2272.0	0.0	27	1906221373	0	1676076249	0	1800.0	2	1	focal_2bp_raw_forward_no_recap_no_neutral_overlay
han_frequency_conditioned__confirmation__s0.005000__af0.200000__q5__draw028	confirmation	0.005	0.2	0.17500000000000002	0.225	40	100	500	5.0	2400.0	2272.0	0.0	28	535707805	0	305258416	0	1800.0	2	1	focal_2bp_raw_forward_no_recap_no_neutral_overlay
han_frequency_conditioned__confirmation__s0.005000__af0.200000__q5__draw029	confirmation	0.005	0.2	0.17500000000000002	0.225	40	100	500	5.0	2400.0	2272.0	0.0	29	1173705810	0	182368191	0	1800.0	2	1	focal_2bp_raw_forward_no_recap_no_neutral_overlay
han_frequency_conditioned__confirmation__s0.005000__af0.200000__q5__draw030	confirmation	0.005	0.2	0.17500000000000002	0.225	40	100	500	5.0	2400.0	2272.0	0.0	30	1125868780	0	583237250	0	1800.0	2	1	focal_2bp_raw_forward_no_recap_no_neutral_overlay
han_frequency_conditioned__confirmation__s0.005000__af0.200000__q5__draw031	confirmation	0.005	0.2	0.17500000000000002	0.225	40	100	500	5.0	2400.0	2272.0	0.0	31	1881400666	0	129703669	0	1800.0	2	1	focal_2bp_raw_forward_no_recap_no_neutral_overlay
han_frequency_conditioned__confirmation__s0.005000__af0.200000__q5__draw032	confirmation	0.005	0.2	0.17500000000000002	0.225	40	100	500	5.0	2400.0	2272.0	0.0	32	23965054	0	90901352	0	1800.0	2	1	focal_2bp_raw_forward_no_recap_no_neutral_overlay
han_frequency_conditioned__confirmation__s0.005000__af0.200000__q5__draw033	confirmation	0.005	0.2	0.17500000000000002	0.225	40	100	500	5.0	2400.0	2272.0	0.0	33	262860148	0	190856774	0	1800.0	2	1	focal_2bp_raw_forward_no_recap_no_neutral_overlay
han_frequency_conditioned__confirmation__s0.005000__af0.200000__q5__draw034	confirmation	0.005	0.2	0.17500000000000002	0.225	40	100	500	5.0	2400.0	2272.0	0.0	34	955683881	0	542281208	0	1800.0	2	1	focal_2bp_raw_forward_no_recap_no_neutral_overlay
han_frequency_conditioned__confirmation__s0.005000__af0.200000__q5__draw035	confirmation	0.005	0.2	0.17500000000000002	0.225	40	100	500	5.0	2400.0	2272.0	0.0	35	483458828	0	657082300	0	1800.0	2	1	focal_2bp_raw_forward_no_recap_no_neutral_overlay
han_frequency_conditioned__confirmation__s0.005000__af0.200000__q5__draw036	confirmation	0.005	0.2	0.17500000000000002	0.225	40	100	500	5.0	2400.0	2272.0	0.0	36	258405704	0	92187750	0	1800.0	2	1	focal_2bp_raw_forward_no_recap_no_neutral_overlay
han_frequency_conditioned__confirmation__s0.005000__af0.200000__q5__draw037	confirmation	0.005	0.2	0.17500000000000002	0.225	40	100	500	5.0	2400.0	2272.0	0.0	37	328507356	0	410319790	0	1800.0	2	1	focal_2bp_raw_forward_no_recap_no_neutral_overlay
han_frequency_conditioned__confirmation__s0.005000__af0.200000__q5__draw038	confirmation	0.005	0.2	0.17500000000000002	0.225	40	100	500	5.0	2400.0	2272.0	0.0	38	395638310	0	399950571	0	1800.0	2	1	focal_2bp_raw_forward_no_recap_no_neutral_overlay
han_frequency_conditioned__confirmation__s0.005000__af0.200000__q5__draw039	confirmation	0.005	0.2	0.17500000000000002	0.225	40	100	500	5.0	2400.0	2272.0	0.0	39	33208344	0	1959614952	0	1800.0	2	1	focal_2bp_raw_forward_no_recap_no_neutral_overlay
han_frequency_conditioned__confirmation__s0.005000__af0.200000__q5__draw040	confirmation	0.005	0.2	0.17500000000000002	0.225	40	100	500	5.0	2400.0	2272.0	0.0	40	1010650676	0	1548252884	0	1800.0	2	1	focal_2bp_raw_forward_no_recap_no_neutral_overlay
han_frequency_conditioned__confirmation__s0.005000__af0.200000__q5__draw041	confirmation	0.005	0.2	0.17500000000000002	0.225	40	100	500	5.0	2400.0	2272.0	0.0	41	851094695	0	1607688852	0	1800.0	2	1	focal_2bp_raw_forward_no_recap_no_neutral_overlay
han_frequency_conditioned__confirmation__s0.005000__af0.200000__q5__draw042	confirmation	0.005	0.2	0.17500000000000002	0.225	40	100	500	5.0	2400.0	2272.0	0.0	42	945313072	0	684927328	0	1800.0	2	1	focal_2bp_raw_forward_no_recap_no_neutral_overlay
han_frequency_conditioned__confirmation__s0.005000__af0.200000__q5__draw043	confirmation	0.005	0.2	0.17500000000000002	0.225	40	100	500	5.0	2400.0	2272.0	0.0	43	1448894333	0	324989207	0	1800.0	2	1	focal_2bp_raw_forward_no_recap_no_neutral_overlay
han_frequency_conditioned__confirmation__s0.005000__af0.200000__q5__draw044	confirmation	0.005	0.2	0.17500000000000002	0.225	40	100	500	5.0	2400.0	2272.0	0.0	44	727771521	0	1546556528	0	1800.0	2	1	focal_2bp_raw_forward_no_recap_no_neutral_overlay
han_frequency_conditioned__confirmation__s0.005000__af0.200000__q5__draw045	confirmation	0.005	0.2	0.17500000000000002	0.225	40	100	500	5.0	2400.0	2272.0	0.0	45	1142954297	0	5731520	0	1800.0	2	1	focal_2bp_raw_forward_no_recap_no_neutral_overlay
han_frequency_conditioned__confirmation__s0.005000__af0.200000__q5__draw046	confirmation	0.005	0.2	0.17500000000000002	0.225	40	100	500	5.0	2400.0	2272.0	0.0	46	1743049510	0	692979030	0	1800.0	2	1	focal_2bp_raw_forward_no_recap_no_neutral_overlay
han_frequency_conditioned__confirmation__s0.005000__af0.200000__q5__draw047	confirmation	0.005	0.2	0.17500000000000002	0.225	40	100	500	5.0	2400.0	2272.0	0.0	47	1491691201	0	1217721240	0	1800.0	2	1	focal_2bp_raw_forward_no_recap_no_neutral_overlay
han_frequency_conditioned__confirmation__s0.005000__af0.200000__q5__draw048	confirmation	0.005	0.2	0.17500000000000002	0.225	40	100	500	5.0	2400.0	2272.0	0.0	48	1671443663	0	1758689518	0	1800.0	2	1	focal_2bp_raw_forward_no_recap_no_neutral_overlay
han_frequency_conditioned__confirmation__s0.005000__af0.200000__q5__draw049	confirmation	0.005	0.2	0.17500000000000002	0.225	40	100	500	5.0	2400.0	2272.0	0.0	49	2115736533	0	1152529710	0	1800.0	2	1	focal_2bp_raw_forward_no_recap_no_neutral_overlay
han_frequency_conditioned__confirmation__s0.005000__af0.200000__q5__draw050	confirmation	0.005	0.2	0.17500000000000002	0.225	40	100	500	5.0	2400.0	2272.0	0.0	50	1098593698	0	1490844248	0	1800.0	2	1	focal_2bp_raw_forward_no_recap_no_neutral_overlay
han_frequency_conditioned__confirmation__s0.005000__af0.200000__q5__draw051	confirmation	0.005	0.2	0.17500000000000002	0.225	40	100	500	5.0	2400.0	2272.0	0.0	51	307155608	0	608828869	0	1800.0	2	1	focal_2bp_raw_forward_no_recap_no_neutral_overlay
han_frequency_conditioned__confirmation__s0.005000__af0.200000__q5__draw052	confirmation	0.005	0.2	0.17500000000000002	0.225	40	100	500	5.0	2400.0	2272.0	0.0	52	1277476046	0	2124765278	0	1800.0	2	1	focal_2bp_raw_forward_no_recap_no_neutral_overlay
han_frequency_conditioned__confirmation__s0.005000__af0.200000__q5__draw053	confirmation	0.005	0.2	0.17500000000000002	0.225	40	100	500	5.0	2400.0	2272.0	0.0	53	308853687	0	814269193	0	1800.0	2	1	focal_2bp_raw_forward_no_recap_no_neutral_overlay
han_frequency_conditioned__confirmation__s0.005000__af0.200000__q5__draw054	confirmation	0.005	0.2	0.17500000000000002	0.225	40	100	500	5.0	2400.0	2272.0	0.0	54	719600982	0	11973982	0	1800.0	2	1	focal_2bp_raw_forward_no_recap_no_neutral_overlay
han_frequency_conditioned__confirmation__s0.005000__af0.200000__q5__draw055	confirmation	0.005	0.2	0.17500000000000002	0.225	40	100	500	5.0	2400.0	2272.0	0.0	55	1784275438	0	228342344	0	1800.0	2	1	focal_2bp_raw_forward_no_recap_no_neutral_overlay
han_frequency_conditioned__confirmation__s0.005000__af0.200000__q5__draw056	confirmation	0.005	0.2	0.17500000000000002	0.225	40	100	500	5.0	2400.0	2272.0	0.0	56	1428259056	0	1179170592	0	1800.0	2	1	focal_2bp_raw_forward_no_recap_no_neutral_overlay
han_frequency_conditioned__confirmation__s0.005000__af0.200000__q5__draw057	confirmation	0.005	0.2	0.17500000000000002	0.225	40	100	500	5.0	2400.0	2272.0	0.0	57	455540563	0	1804265865	0	1800.0	2	1	focal_2bp_raw_forward_no_recap_no_neutral_overlay
han_frequency_conditioned__confirmation__s0.005000__af0.200000__q5__draw058	confirmation	0.005	0.2	0.17500000000000002	0.225	40	100	500	5.0	2400.0	2272.0	0.0	58	298398651	0	1382533746	0	1800.0	2	1	focal_2bp_raw_forward_no_recap_no_neutral_overlay
han_frequency_conditioned__confirmation__s0.005000__af0.200000__q5__draw059	confirmation	0.005	0.2	0.17500000000000002	0.225	40	100	500	5.0	2400.0	2272.0	0.0	59	629565633	0	1957774332	0	1800.0	2	1	focal_2bp_raw_forward_no_recap_no_neutral_overlay
han_frequency_conditioned__confirmation__s0.005000__af0.200000__q5__draw060	confirmation	0.005	0.2	0.17500000000000002	0.225	40	100	500	5.0	2400.0	2272.0	0.0	60	38716626	0	1771146160	0	1800.0	2	1	focal_2bp_raw_forward_no_recap_no_neutral_overlay
han_frequency_conditioned__confirmation__s0.005000__af0.200000__q5__draw061	confirmation	0.005	0.2	0.17500000000000002	0.225	40	100	500	5.0	2400.0	2272.0	0.0	61	2063491794	0	1096412866	0	1800.0	2	1	focal_2bp_raw_forward_no_recap_no_neutral_overlay
han_frequency_conditioned__confirmation__s0.005000__af0.200000__q5__draw062	confirmation	0.005	0.2	0.17500000000000002	0.225	40	100	500	5.0	2400.0	2272.0	0.0	62	1310886960	0	1244076277	0	1800.0	2	1	focal_2bp_raw_forward_no_recap_no_neutral_overlay
han_frequency_conditioned__confirmation__s0.005000__af0.200000__q5__draw063	confirmation	0.005	0.2	0.17500000000000002	0.225	40	100	500	5.0	2400.0	2272.0	0.0	63	382789215	0	630768342	0	1800.0	2	1	focal_2bp_raw_forward_no_recap_no_neutral_overlay
han_frequency_conditioned__confirmation__s0.005000__af0.200000__q5__draw064	confirmation	0.005	0.2	0.17500000000000002	0.225	40	100	500	5.0	2400.0	2272.0	0.0	64	758580001	0	1134030454	0	1800.0	2	1	focal_2bp_raw_forward_no_recap_no_neutral_overlay
han_frequency_conditioned__confirmation__s0.005000__af0.200000__q5__draw065	confirmation	0.005	0.2	0.17500000000000002	0.225	40	100	500	5.0	2400.0	2272.0	0.0	65	265419902	0	1097783827	0	1800.0	2	1	focal_2bp_raw_forward_no_recap_no_neutral_overlay
han_frequency_conditioned__confirmation__s0.005000__af0.200000__q5__draw066	confirmation	0.005	0.2	0.17500000000000002	0.225	40	100	500	5.0	2400.0	2272.0	0.0	66	236755261	0	1324017198	0	1800.0	2	1	focal_2bp_raw_forward_no_recap_no_neutral_overlay
han_frequency_conditioned__confirmation__s0.005000__af0.200000__q5__draw067	confirmation	0.005	0.2	0.17500000000000002	0.225	40	100	500	5.0	2400.0	2272.0	0.0	67	1553757983	0	1623518151	0	1800.0	2	1	focal_2bp_raw_forward_no_recap_no_neutral_overlay
han_frequency_conditioned__confirmation__s0.005000__af0.200000__q5__draw068	confirmation	0.005	0.2	0.17500000000000002	0.225	40	100	500	5.0	2400.0	2272.0	0.0	68	1921436720	0	2130773416	0	1800.0	2	1	focal_2bp_raw_forward_no_recap_no_neutral_overlay
han_frequency_conditioned__confirmation__s0.005000__af0.200000__q5__draw069	confirmation	0.005	0.2	0.17500000000000002	0.225	40	100	500	5.0	2400.0	2272.0	0.0	69	555239296	0	1053719233	0	1800.0	2	1	focal_2bp_raw_forward_no_recap_no_neutral_overlay
han_frequency_conditioned__confirmation__s0.005000__af0.200000__q5__draw070	confirmation	0.005	0.2	0.17500000000000002	0.225	40	100	500	5.0	2400.0	2272.0	0.0	70	1705897412	0	2138266708	0	1800.0	2	1	focal_2bp_raw_forward_no_recap_no_neutral_overlay
han_frequency_conditioned__confirmation__s0.005000__af0.200000__q5__draw071	confirmation	0.005	0.2	0.17500000000000002	0.225	40	100	500	5.0	2400.0	2272.0	0.0	71	718407400	0	925310550	0	1800.0	2	1	focal_2bp_raw_forward_no_recap_no_neutral_overlay
han_frequency_conditioned__confirmation__s0.005000__af0.200000__q5__draw072	confirmation	0.005	0.2	0.17500000000000002	0.225	40	100	500	5.0	2400.0	2272.0	0.0	72	39692629	0	1541253025	0	1800.0	2	1	focal_2bp_raw_forward_no_recap_no_neutral_overlay
han_frequency_conditioned__confirmation__s0.005000__af0.200000__q5__draw073	confirmation	0.005	0.2	0.17500000000000002	0.225	40	100	500	5.0	2400.0	2272.0	0.0	73	494525443	0	1222253565	0	1800.0	2	1	focal_2bp_raw_forward_no_recap_no_neutral_overlay
han_frequency_conditioned__confirmation__s0.005000__af0.200000__q5__draw074	confirmation	0.005	0.2	0.17500000000000002	0.225	40	100	500	5.0	2400.0	2272.0	0.0	74	322193519	0	1350971014	0	1800.0	2	1	focal_2bp_raw_forward_no_recap_no_neutral_overlay
han_frequency_conditioned__confirmation__s0.005000__af0.200000__q5__draw075	confirmation	0.005	0.2	0.17500000000000002	0.225	40	100	500	5.0	2400.0	2272.0	0.0	75	183098136	0	171329937	0	1800.0	2	1	focal_2bp_raw_forward_no_recap_no_neutral_overlay
han_frequency_conditioned__confirmation__s0.005000__af0.200000__q5__draw076	confirmation	0.005	0.2	0.17500000000000002	0.225	40	100	500	5.0	2400.0	2272.0	0.0	76	1745520298	0	1027842791	0	1800.0	2	1	focal_2bp_raw_forward_no_recap_no_neutral_overlay
han_frequency_conditioned__confirmation__s0.005000__af0.200000__q5__draw077	confirmation	0.005	0.2	0.17500000000000002	0.225	40	100	500	5.0	2400.0	2272.0	0.0	77	1473984120	0	10202492	0	1800.0	2	1	focal_2bp_raw_forward_no_recap_no_neutral_overlay
han_frequency_conditioned__confirmation__s0.005000__af0.200000__q5__draw078	confirmation	0.005	0.2	0.17500000000000002	0.225	40	100	500	5.0	2400.0	2272.0	0.0	78	210867458	0	1683380783	0	1800.0	2	1	focal_2bp_raw_forward_no_recap_no_neutral_overlay
han_frequency_conditioned__confirmation__s0.005000__af0.200000__q5__draw079	confirmation	0.005	0.2	0.17500000000000002	0.225	40	100	500	5.0	2400.0	2272.0	0.0	79	1954649837	0	675101214	0	1800.0	2	1	focal_2bp_raw_forward_no_recap_no_neutral_overlay
han_frequency_conditioned__confirmation__s0.005000__af0.200000__q5__draw080	confirmation	0.005	0.2	0.17500000000000002	0.225	40	100	500	5.0	2400.0	2272.0	0.0	80	158309360	0	1441061446	0	1800.0	2	1	focal_2bp_raw_forward_no_recap_no_neutral_overlay
han_frequency_conditioned__confirmation__s0.005000__af0.200000__q5__draw081	confirmation	0.005	0.2	0.17500000000000002	0.225	40	100	500	5.0	2400.0	2272.0	0.0	81	46841872	0	479972590	0	1800.0	2	1	focal_2bp_raw_forward_no_recap_no_neutral_overlay
han_frequency_conditioned__confirmation__s0.005000__af0.200000__q5__draw082	confirmation	0.005	0.2	0.17500000000000002	0.225	40	100	500	5.0	2400.0	2272.0	0.0	82	979987747	0	681585971	0	1800.0	2	1	focal_2bp_raw_forward_no_recap_no_neutral_overlay
han_frequency_conditioned__confirmation__s0.005000__af0.200000__q5__draw083	confirmation	0.005	0.2	0.17500000000000002	0.225	40	100	500	5.0	2400.0	2272.0	0.0	83	1494028019	0	1459379470	0	1800.0	2	1	focal_2bp_raw_forward_no_recap_no_neutral_overlay
han_frequency_conditioned__confirmation__s0.005000__af0.200000__q5__draw084	confirmation	0.005	0.2	0.17500000000000002	0.225	40	100	500	5.0	2400.0	2272.0	0.0	84	2111911290	0	416885356	0	1800.0	2	1	focal_2bp_raw_forward_no_recap_no_neutral_overlay
han_frequency_conditioned__confirmation__s0.005000__af0.200000__q5__draw085	confirmation	0.005	0.2	0.17500000000000002	0.225	40	100	500	5.0	2400.0	2272.0	0.0	85	10158951	0	652008314	0	1800.0	2	1	focal_2bp_raw_forward_no_recap_no_neutral_overlay
han_frequency_conditioned__confirmation__s0.005000__af0.200000__q5__draw086	confirmation	0.005	0.2	0.17500000000000002	0.225	40	100	500	5.0	2400.0	2272.0	0.0	86	900321668	0	1876670746	0	1800.0	2	1	focal_2bp_raw_forward_no_recap_no_neutral_overlay
han_frequency_conditioned__confirmation__s0.005000__af0.200000__q5__draw087	confirmation	0.005	0.2	0.17500000000000002	0.225	40	100	500	5.0	2400.0	2272.0	0.0	87	842032943	0	1728293775	0	1800.0	2	1	focal_2bp_raw_forward_no_recap_no_neutral_overlay
han_frequency_conditioned__confirmation__s0.005000__af0.200000__q5__draw088	confirmation	0.005	0.2	0.17500000000000002	0.225	40	100	500	5.0	2400.0	2272.0	0.0	88	470641948	0	482543613	0	1800.0	2	1	focal_2bp_raw_forward_no_recap_no_neutral_overlay
han_frequency_conditioned__confirmation__s0.005000__af0.200000__q5__draw089	confirmation	0.005	0.2	0.17500000000000002	0.225	40	100	500	5.0	2400.0	2272.0	0.0	89	1392919063	0	1005899924	0	1800.0	2	1	focal_2bp_raw_forward_no_recap_no_neutral_overlay
han_frequency_conditioned__confirmation__s0.005000__af0.200000__q5__draw090	confirmation	0.005	0.2	0.17500000000000002	0.225	40	100	500	5.0	2400.0	2272.0	0.0	90	763607778	0	184461594	0	1800.0	2	1	focal_2bp_raw_forward_no_recap_no_neutral_overlay
han_frequency_conditioned__confirmation__s0.005000__af0.200000__q5__draw091	confirmation	0.005	0.2	0.17500000000000002	0.225	40	100	500	5.0	2400.0	2272.0	0.0	91	347073048	0	1171093483	0	1800.0	2	1	focal_2bp_raw_forward_no_recap_no_neutral_overlay
han_frequency_conditioned__confirmation__s0.005000__af0.200000__q5__draw092	confirmation	0.005	0.2	0.17500000000000002	0.225	40	100	500	5.0	2400.0	2272.0	0.0	92	1187690737	0	1321930434	0	1800.0	2	1	focal_2bp_raw_forward_no_recap_no_neutral_overlay
han_frequency_conditioned__confirmation__s0.005000__af0.200000__q5__draw093	confirmation	0.005	0.2	0.17500000000000002	0.225	40	100	500	5.0	2400.0	2272.0	0.0	93	1197104871	0	1380156487	0	1800.0	2	1	focal_2bp_raw_forward_no_recap_no_neutral_overlay
han_frequency_conditioned__confirmation__s0.005000__af0.200000__q5__draw094	confirmation	0.005	0.2	0.17500000000000002	0.225	40	100	500	5.0	2400.0	2272.0	0.0	94	201794089	0	1640504475	0	1800.0	2	1	focal_2bp_raw_forward_no_recap_no_neutral_overlay
han_frequency_conditioned__confirmation__s0.005000__af0.200000__q5__draw095	confirmation	0.005	0.2	0.17500000000000002	0.225	40	100	500	5.0	2400.0	2272.0	0.0	95	1437015566	0	1379895484	0	1800.0	2	1	focal_2bp_raw_forward_no_recap_no_neutral_overlay
han_frequency_conditioned__confirmation__s0.005000__af0.200000__q5__draw096	confirmation	0.005	0.2	0.17500000000000002	0.225	40	100	500	5.0	2400.0	2272.0	0.0	96	1311782207	0	588763931	0	1800.0	2	1	focal_2bp_raw_forward_no_recap_no_neutral_overlay
han_frequency_conditioned__confirmation__s0.005000__af0.200000__q5__draw097	confirmation	0.005	0.2	0.17500000000000002	0.225	40	100	500	5.0	2400.0	2272.0	0.0	97	1319300729	0	1755211304	0	1800.0	2	1	focal_2bp_raw_forward_no_recap_no_neutral_overlay
han_frequency_conditioned__confirmation__s0.005000__af0.200000__q5__draw098	confirmation	0.005	0.2	0.17500000000000002	0.225	40	100	500	5.0	2400.0	2272.0	0.0	98	2025577334	0	1893689265	0	1800.0	2	1	focal_2bp_raw_forward_no_recap_no_neutral_overlay
han_frequency_conditioned__confirmation__s0.005000__af0.200000__q5__draw099	confirmation	0.005	0.2	0.17500000000000002	0.225	40	100	500	5.0	2400.0	2272.0	0.0	99	314555058	0	924302541	0	1800.0	2	1	focal_2bp_raw_forward_no_recap_no_neutral_overlay
han_frequency_conditioned__confirmation__s0.005000__af0.300000__q5__draw000	confirmation	0.005	0.3	0.27499999999999997	0.325	60	100	500	5.0	2400.0	2272.0	0.0	0	1990666298	0	1072338689	0	1800.0	2	1	focal_2bp_raw_forward_no_recap_no_neutral_overlay
han_frequency_conditioned__confirmation__s0.005000__af0.300000__q5__draw001	confirmation	0.005	0.3	0.27499999999999997	0.325	60	100	500	5.0	2400.0	2272.0	0.0	1	955504298	0	1348265121	0	1800.0	2	1	focal_2bp_raw_forward_no_recap_no_neutral_overlay
han_frequency_conditioned__confirmation__s0.005000__af0.300000__q5__draw002	confirmation	0.005	0.3	0.27499999999999997	0.325	60	100	500	5.0	2400.0	2272.0	0.0	2	1293651224	0	1855174370	0	1800.0	2	1	focal_2bp_raw_forward_no_recap_no_neutral_overlay
han_frequency_conditioned__confirmation__s0.005000__af0.300000__q5__draw003	confirmation	0.005	0.3	0.27499999999999997	0.325	60	100	500	5.0	2400.0	2272.0	0.0	3	1259739120	0	1770212239	0	1800.0	2	1	focal_2bp_raw_forward_no_recap_no_neutral_overlay
han_frequency_conditioned__confirmation__s0.005000__af0.300000__q5__draw004	confirmation	0.005	0.3	0.27499999999999997	0.325	60	100	500	5.0	2400.0	2272.0	0.0	4	11662976	0	1285485405	0	1800.0	2	1	focal_2bp_raw_forward_no_recap_no_neutral_overlay
han_frequency_conditioned__confirmation__s0.005000__af0.300000__q5__draw005	confirmation	0.005	0.3	0.27499999999999997	0.325	60	100	500	5.0	2400.0	2272.0	0.0	5	1829950923	0	1142326826	0	1800.0	2	1	focal_2bp_raw_forward_no_recap_no_neutral_overlay
han_frequency_conditioned__confirmation__s0.005000__af0.300000__q5__draw006	confirmation	0.005	0.3	0.27499999999999997	0.325	60	100	500	5.0	2400.0	2272.0	0.0	6	641890938	0	307378834	0	1800.0	2	1	focal_2bp_raw_forward_no_recap_no_neutral_overlay
han_frequency_conditioned__confirmation__s0.005000__af0.300000__q5__draw007	confirmation	0.005	0.3	0.27499999999999997	0.325	60	100	500	5.0	2400.0	2272.0	0.0	7	372057696	0	146344985	0	1800.0	2	1	focal_2bp_raw_forward_no_recap_no_neutral_overlay
han_frequency_conditioned__confirmation__s0.005000__af0.300000__q5__draw008	confirmation	0.005	0.3	0.27499999999999997	0.325	60	100	500	5.0	2400.0	2272.0	0.0	8	1831934480	0	246969696	0	1800.0	2	1	focal_2bp_raw_forward_no_recap_no_neutral_overlay
han_frequency_conditioned__confirmation__s0.005000__af0.300000__q5__draw009	confirmation	0.005	0.3	0.27499999999999997	0.325	60	100	500	5.0	2400.0	2272.0	0.0	9	915880639	0	1025667476	0	1800.0	2	1	focal_2bp_raw_forward_no_recap_no_neutral_overlay
han_frequency_conditioned__confirmation__s0.005000__af0.300000__q5__draw010	confirmation	0.005	0.3	0.27499999999999997	0.325	60	100	500	5.0	2400.0	2272.0	0.0	10	895753268	0	2105169600	0	1800.0	2	1	focal_2bp_raw_forward_no_recap_no_neutral_overlay
han_frequency_conditioned__confirmation__s0.005000__af0.300000__q5__draw011	confirmation	0.005	0.3	0.27499999999999997	0.325	60	100	500	5.0	2400.0	2272.0	0.0	11	4158707	0	1830536395	0	1800.0	2	1	focal_2bp_raw_forward_no_recap_no_neutral_overlay
han_frequency_conditioned__confirmation__s0.005000__af0.300000__q5__draw012	confirmation	0.005	0.3	0.27499999999999997	0.325	60	100	500	5.0	2400.0	2272.0	0.0	12	1472760602	0	53406865	0	1800.0	2	1	focal_2bp_raw_forward_no_recap_no_neutral_overlay
han_frequency_conditioned__confirmation__s0.005000__af0.300000__q5__draw013	confirmation	0.005	0.3	0.27499999999999997	0.325	60	100	500	5.0	2400.0	2272.0	0.0	13	1803422769	0	1298630817	0	1800.0	2	1	focal_2bp_raw_forward_no_recap_no_neutral_overlay
han_frequency_conditioned__confirmation__s0.005000__af0.300000__q5__draw014	confirmation	0.005	0.3	0.27499999999999997	0.325	60	100	500	5.0	2400.0	2272.0	0.0	14	1351216698	0	1647591947	0	1800.0	2	1	focal_2bp_raw_forward_no_recap_no_neutral_overlay
han_frequency_conditioned__confirmation__s0.005000__af0.300000__q5__draw015	confirmation	0.005	0.3	0.27499999999999997	0.325	60	100	500	5.0	2400.0	2272.0	0.0	15	682487830	0	276899270	0	1800.0	2	1	focal_2bp_raw_forward_no_recap_no_neutral_overlay
han_frequency_conditioned__confirmation__s0.005000__af0.300000__q5__draw016	confirmation	0.005	0.3	0.27499999999999997	0.325	60	100	500	5.0	2400.0	2272.0	0.0	16	220701625	0	1705792828	0	1800.0	2	1	focal_2bp_raw_forward_no_recap_no_neutral_overlay
han_frequency_conditioned__confirmation__s0.005000__af0.300000__q5__draw017	confirmation	0.005	0.3	0.27499999999999997	0.325	60	100	500	5.0	2400.0	2272.0	0.0	17	173252555	0	1384240841	0	1800.0	2	1	focal_2bp_raw_forward_no_recap_no_neutral_overlay
han_frequency_conditioned__confirmation__s0.005000__af0.300000__q5__draw018	confirmation	0.005	0.3	0.27499999999999997	0.325	60	100	500	5.0	2400.0	2272.0	0.0	18	779776761	0	1820436122	0	1800.0	2	1	focal_2bp_raw_forward_no_recap_no_neutral_overlay
han_frequency_conditioned__confirmation__s0.005000__af0.300000__q5__draw019	confirmation	0.005	0.3	0.27499999999999997	0.325	60	100	500	5.0	2400.0	2272.0	0.0	19	650881641	0	1667448940	0	1800.0	2	1	focal_2bp_raw_forward_no_recap_no_neutral_overlay
han_frequency_conditioned__confirmation__s0.005000__af0.300000__q5__draw020	confirmation	0.005	0.3	0.27499999999999997	0.325	60	100	500	5.0	2400.0	2272.0	0.0	20	308983402	0	1915552378	0	1800.0	2	1	focal_2bp_raw_forward_no_recap_no_neutral_overlay
han_frequency_conditioned__confirmation__s0.005000__af0.300000__q5__draw021	confirmation	0.005	0.3	0.27499999999999997	0.325	60	100	500	5.0	2400.0	2272.0	0.0	21	1190193485	0	666859628	0	1800.0	2	1	focal_2bp_raw_forward_no_recap_no_neutral_overlay
han_frequency_conditioned__confirmation__s0.005000__af0.300000__q5__draw022	confirmation	0.005	0.3	0.27499999999999997	0.325	60	100	500	5.0	2400.0	2272.0	0.0	22	2017566786	0	410577471	0	1800.0	2	1	focal_2bp_raw_forward_no_recap_no_neutral_overlay
han_frequency_conditioned__confirmation__s0.005000__af0.300000__q5__draw023	confirmation	0.005	0.3	0.27499999999999997	0.325	60	100	500	5.0	2400.0	2272.0	0.0	23	559286316	0	1128710692	0	1800.0	2	1	focal_2bp_raw_forward_no_recap_no_neutral_overlay
han_frequency_conditioned__confirmation__s0.005000__af0.300000__q5__draw024	confirmation	0.005	0.3	0.27499999999999997	0.325	60	100	500	5.0	2400.0	2272.0	0.0	24	1263757721	0	2099324112	0	1800.0	2	1	focal_2bp_raw_forward_no_recap_no_neutral_overlay
han_frequency_conditioned__confirmation__s0.005000__af0.300000__q5__draw025	confirmation	0.005	0.3	0.27499999999999997	0.325	60	100	500	5.0	2400.0	2272.0	0.0	25	23895224	0	983159027	0	1800.0	2	1	focal_2bp_raw_forward_no_recap_no_neutral_overlay
han_frequency_conditioned__confirmation__s0.005000__af0.300000__q5__draw026	confirmation	0.005	0.3	0.27499999999999997	0.325	60	100	500	5.0	2400.0	2272.0	0.0	26	2096680892	0	788633660	0	1800.0	2	1	focal_2bp_raw_forward_no_recap_no_neutral_overlay
han_frequency_conditioned__confirmation__s0.005000__af0.300000__q5__draw027	confirmation	0.005	0.3	0.27499999999999997	0.325	60	100	500	5.0	2400.0	2272.0	0.0	27	621679355	0	1132012623	0	1800.0	2	1	focal_2bp_raw_forward_no_recap_no_neutral_overlay
han_frequency_conditioned__confirmation__s0.005000__af0.300000__q5__draw028	confirmation	0.005	0.3	0.27499999999999997	0.325	60	100	500	5.0	2400.0	2272.0	0.0	28	354937337	0	709020207	0	1800.0	2	1	focal_2bp_raw_forward_no_recap_no_neutral_overlay
han_frequency_conditioned__confirmation__s0.005000__af0.300000__q5__draw029	confirmation	0.005	0.3	0.27499999999999997	0.325	60	100	500	5.0	2400.0	2272.0	0.0	29	129136297	0	813283003	0	1800.0	2	1	focal_2bp_raw_forward_no_recap_no_neutral_overlay
han_frequency_conditioned__confirmation__s0.005000__af0.300000__q5__draw030	confirmation	0.005	0.3	0.27499999999999997	0.325	60	100	500	5.0	2400.0	2272.0	0.0	30	1894489053	0	1988404295	0	1800.0	2	1	focal_2bp_raw_forward_no_recap_no_neutral_overlay
han_frequency_conditioned__confirmation__s0.005000__af0.300000__q5__draw031	confirmation	0.005	0.3	0.27499999999999997	0.325	60	100	500	5.0	2400.0	2272.0	0.0	31	560490957	0	1629056435	0	1800.0	2	1	focal_2bp_raw_forward_no_recap_no_neutral_overlay
han_frequency_conditioned__confirmation__s0.005000__af0.300000__q5__draw032	confirmation	0.005	0.3	0.27499999999999997	0.325	60	100	500	5.0	2400.0	2272.0	0.0	32	2144598989	0	494440239	0	1800.0	2	1	focal_2bp_raw_forward_no_recap_no_neutral_overlay
han_frequency_conditioned__confirmation__s0.005000__af0.300000__q5__draw033	confirmation	0.005	0.3	0.27499999999999997	0.325	60	100	500	5.0	2400.0	2272.0	0.0	33	951811234	0	1435694058	0	1800.0	2	1	focal_2bp_raw_forward_no_recap_no_neutral_overlay
han_frequency_conditioned__confirmation__s0.005000__af0.300000__q5__draw034	confirmation	0.005	0.3	0.27499999999999997	0.325	60	100	500	5.0	2400.0	2272.0	0.0	34	1291599735	0	1232759351	0	1800.0	2	1	focal_2bp_raw_forward_no_recap_no_neutral_overlay
han_frequency_conditioned__confirmation__s0.005000__af0.300000__q5__draw035	confirmation	0.005	0.3	0.27499999999999997	0.325	60	100	500	5.0	2400.0	2272.0	0.0	35	175760696	0	1592839100	0	1800.0	2	1	focal_2bp_raw_forward_no_recap_no_neutral_overlay
han_frequency_conditioned__confirmation__s0.005000__af0.300000__q5__draw036	confirmation	0.005	0.3	0.27499999999999997	0.325	60	100	500	5.0	2400.0	2272.0	0.0	36	2061295249	0	422362891	0	1800.0	2	1	focal_2bp_raw_forward_no_recap_no_neutral_overlay
han_frequency_conditioned__confirmation__s0.005000__af0.300000__q5__draw037	confirmation	0.005	0.3	0.27499999999999997	0.325	60	100	500	5.0	2400.0	2272.0	0.0	37	1422092154	0	653494742	0	1800.0	2	1	focal_2bp_raw_forward_no_recap_no_neutral_overlay
han_frequency_conditioned__confirmation__s0.005000__af0.300000__q5__draw038	confirmation	0.005	0.3	0.27499999999999997	0.325	60	100	500	5.0	2400.0	2272.0	0.0	38	267168039	0	868118253	0	1800.0	2	1	focal_2bp_raw_forward_no_recap_no_neutral_overlay
han_frequency_conditioned__confirmation__s0.005000__af0.300000__q5__draw039	confirmation	0.005	0.3	0.27499999999999997	0.325	60	100	500	5.0	2400.0	2272.0	0.0	39	2022625780	0	143318069	0	1800.0	2	1	focal_2bp_raw_forward_no_recap_no_neutral_overlay
han_frequency_conditioned__confirmation__s0.005000__af0.300000__q5__draw040	confirmation	0.005	0.3	0.27499999999999997	0.325	60	100	500	5.0	2400.0	2272.0	0.0	40	557103105	0	391272136	0	1800.0	2	1	focal_2bp_raw_forward_no_recap_no_neutral_overlay
han_frequency_conditioned__confirmation__s0.005000__af0.300000__q5__draw041	confirmation	0.005	0.3	0.27499999999999997	0.325	60	100	500	5.0	2400.0	2272.0	0.0	41	2037344233	0	1947277939	0	1800.0	2	1	focal_2bp_raw_forward_no_recap_no_neutral_overlay
han_frequency_conditioned__confirmation__s0.005000__af0.300000__q5__draw042	confirmation	0.005	0.3	0.27499999999999997	0.325	60	100	500	5.0	2400.0	2272.0	0.0	42	648107133	0	238432268	0	1800.0	2	1	focal_2bp_raw_forward_no_recap_no_neutral_overlay
han_frequency_conditioned__confirmation__s0.005000__af0.300000__q5__draw043	confirmation	0.005	0.3	0.27499999999999997	0.325	60	100	500	5.0	2400.0	2272.0	0.0	43	1313955424	0	1596221025	0	1800.0	2	1	focal_2bp_raw_forward_no_recap_no_neutral_overlay
han_frequency_conditioned__confirmation__s0.005000__af0.300000__q5__draw044	confirmation	0.005	0.3	0.27499999999999997	0.325	60	100	500	5.0	2400.0	2272.0	0.0	44	110654416	0	335562077	0	1800.0	2	1	focal_2bp_raw_forward_no_recap_no_neutral_overlay
han_frequency_conditioned__confirmation__s0.005000__af0.300000__q5__draw045	confirmation	0.005	0.3	0.27499999999999997	0.325	60	100	500	5.0	2400.0	2272.0	0.0	45	1431723446	0	550773206	0	1800.0	2	1	focal_2bp_raw_forward_no_recap_no_neutral_overlay
han_frequency_conditioned__confirmation__s0.005000__af0.300000__q5__draw046	confirmation	0.005	0.3	0.27499999999999997	0.325	60	100	500	5.0	2400.0	2272.0	0.0	46	953618325	0	1072105981	0	1800.0	2	1	focal_2bp_raw_forward_no_recap_no_neutral_overlay
han_frequency_conditioned__confirmation__s0.005000__af0.300000__q5__draw047	confirmation	0.005	0.3	0.27499999999999997	0.325	60	100	500	5.0	2400.0	2272.0	0.0	47	1301362022	0	1915179823	0	1800.0	2	1	focal_2bp_raw_forward_no_recap_no_neutral_overlay
han_frequency_conditioned__confirmation__s0.005000__af0.300000__q5__draw048	confirmation	0.005	0.3	0.27499999999999997	0.325	60	100	500	5.0	2400.0	2272.0	0.0	48	2065049	0	1464196846	0	1800.0	2	1	focal_2bp_raw_forward_no_recap_no_neutral_overlay
han_frequency_conditioned__confirmation__s0.005000__af0.300000__q5__draw049	confirmation	0.005	0.3	0.27499999999999997	0.325	60	100	500	5.0	2400.0	2272.0	0.0	49	1186937295	0	1736467570	0	1800.0	2	1	focal_2bp_raw_forward_no_recap_no_neutral_overlay
han_frequency_conditioned__confirmation__s0.005000__af0.300000__q5__draw050	confirmation	0.005	0.3	0.27499999999999997	0.325	60	100	500	5.0	2400.0	2272.0	0.0	50	1877358658	0	820782942	0	1800.0	2	1	focal_2bp_raw_forward_no_recap_no_neutral_overlay
han_frequency_conditioned__confirmation__s0.005000__af0.300000__q5__draw051	confirmation	0.005	0.3	0.27499999999999997	0.325	60	100	500	5.0	2400.0	2272.0	0.0	51	305493990	0	1737965498	0	1800.0	2	1	focal_2bp_raw_forward_no_recap_no_neutral_overlay
han_frequency_conditioned__confirmation__s0.005000__af0.300000__q5__draw052	confirmation	0.005	0.3	0.27499999999999997	0.325	60	100	500	5.0	2400.0	2272.0	0.0	52	1456891949	0	25040036	0	1800.0	2	1	focal_2bp_raw_forward_no_recap_no_neutral_overlay
han_frequency_conditioned__confirmation__s0.005000__af0.300000__q5__draw053	confirmation	0.005	0.3	0.27499999999999997	0.325	60	100	500	5.0	2400.0	2272.0	0.0	53	1399279856	0	1578232800	0	1800.0	2	1	focal_2bp_raw_forward_no_recap_no_neutral_overlay
han_frequency_conditioned__confirmation__s0.005000__af0.300000__q5__draw054	confirmation	0.005	0.3	0.27499999999999997	0.325	60	100	500	5.0	2400.0	2272.0	0.0	54	451011208	0	11557958	0	1800.0	2	1	focal_2bp_raw_forward_no_recap_no_neutral_overlay
han_frequency_conditioned__confirmation__s0.005000__af0.300000__q5__draw055	confirmation	0.005	0.3	0.27499999999999997	0.325	60	100	500	5.0	2400.0	2272.0	0.0	55	536065196	0	452460254	0	1800.0	2	1	focal_2bp_raw_forward_no_recap_no_neutral_overlay
han_frequency_conditioned__confirmation__s0.005000__af0.300000__q5__draw056	confirmation	0.005	0.3	0.27499999999999997	0.325	60	100	500	5.0	2400.0	2272.0	0.0	56	505611271	0	1731681526	0	1800.0	2	1	focal_2bp_raw_forward_no_recap_no_neutral_overlay
han_frequency_conditioned__confirmation__s0.005000__af0.300000__q5__draw057	confirmation	0.005	0.3	0.27499999999999997	0.325	60	100	500	5.0	2400.0	2272.0	0.0	57	2020986094	0	254681892	0	1800.0	2	1	focal_2bp_raw_forward_no_recap_no_neutral_overlay
han_frequency_conditioned__confirmation__s0.005000__af0.300000__q5__draw058	confirmation	0.005	0.3	0.27499999999999997	0.325	60	100	500	5.0	2400.0	2272.0	0.0	58	687225971	0	796524087	0	1800.0	2	1	focal_2bp_raw_forward_no_recap_no_neutral_overlay
han_frequency_conditioned__confirmation__s0.005000__af0.300000__q5__draw059	confirmation	0.005	0.3	0.27499999999999997	0.325	60	100	500	5.0	2400.0	2272.0	0.0	59	457333421	0	1277780123	0	1800.0	2	1	focal_2bp_raw_forward_no_recap_no_neutral_overlay
han_frequency_conditioned__confirmation__s0.005000__af0.300000__q5__draw060	confirmation	0.005	0.3	0.27499999999999997	0.325	60	100	500	5.0	2400.0	2272.0	0.0	60	1674501588	0	1205707881	0	1800.0	2	1	focal_2bp_raw_forward_no_recap_no_neutral_overlay
han_frequency_conditioned__confirmation__s0.005000__af0.300000__q5__draw061	confirmation	0.005	0.3	0.27499999999999997	0.325	60	100	500	5.0	2400.0	2272.0	0.0	61	619533134	0	1067599911	0	1800.0	2	1	focal_2bp_raw_forward_no_recap_no_neutral_overlay
han_frequency_conditioned__confirmation__s0.005000__af0.300000__q5__draw062	confirmation	0.005	0.3	0.27499999999999997	0.325	60	100	500	5.0	2400.0	2272.0	0.0	62	2143540123	0	1702820062	0	1800.0	2	1	focal_2bp_raw_forward_no_recap_no_neutral_overlay
han_frequency_conditioned__confirmation__s0.005000__af0.300000__q5__draw063	confirmation	0.005	0.3	0.27499999999999997	0.325	60	100	500	5.0	2400.0	2272.0	0.0	63	1744143966	0	1004985640	0	1800.0	2	1	focal_2bp_raw_forward_no_recap_no_neutral_overlay
han_frequency_conditioned__confirmation__s0.005000__af0.300000__q5__draw064	confirmation	0.005	0.3	0.27499999999999997	0.325	60	100	500	5.0	2400.0	2272.0	0.0	64	1534309232	0	933735529	0	1800.0	2	1	focal_2bp_raw_forward_no_recap_no_neutral_overlay
han_frequency_conditioned__confirmation__s0.005000__af0.300000__q5__draw065	confirmation	0.005	0.3	0.27499999999999997	0.325	60	100	500	5.0	2400.0	2272.0	0.0	65	1177052016	0	1795491226	0	1800.0	2	1	focal_2bp_raw_forward_no_recap_no_neutral_overlay
han_frequency_conditioned__confirmation__s0.005000__af0.300000__q5__draw066	confirmation	0.005	0.3	0.27499999999999997	0.325	60	100	500	5.0	2400.0	2272.0	0.0	66	89073929	0	1192849828	0	1800.0	2	1	focal_2bp_raw_forward_no_recap_no_neutral_overlay
han_frequency_conditioned__confirmation__s0.005000__af0.300000__q5__draw067	confirmation	0.005	0.3	0.27499999999999997	0.325	60	100	500	5.0	2400.0	2272.0	0.0	67	1100628037	0	848065031	0	1800.0	2	1	focal_2bp_raw_forward_no_recap_no_neutral_overlay
han_frequency_conditioned__confirmation__s0.005000__af0.300000__q5__draw068	confirmation	0.005	0.3	0.27499999999999997	0.325	60	100	500	5.0	2400.0	2272.0	0.0	68	727818300	0	53541330	0	1800.0	2	1	focal_2bp_raw_forward_no_recap_no_neutral_overlay
han_frequency_conditioned__confirmation__s0.005000__af0.300000__q5__draw069	confirmation	0.005	0.3	0.27499999999999997	0.325	60	100	500	5.0	2400.0	2272.0	0.0	69	145247400	0	1452891223	0	1800.0	2	1	focal_2bp_raw_forward_no_recap_no_neutral_overlay
han_frequency_conditioned__confirmation__s0.005000__af0.300000__q5__draw070	confirmation	0.005	0.3	0.27499999999999997	0.325	60	100	500	5.0	2400.0	2272.0	0.0	70	140323274	0	648199663	0	1800.0	2	1	focal_2bp_raw_forward_no_recap_no_neutral_overlay
han_frequency_conditioned__confirmation__s0.005000__af0.300000__q5__draw071	confirmation	0.005	0.3	0.27499999999999997	0.325	60	100	500	5.0	2400.0	2272.0	0.0	71	371009601	0	1012771699	0	1800.0	2	1	focal_2bp_raw_forward_no_recap_no_neutral_overlay
han_frequency_conditioned__confirmation__s0.005000__af0.300000__q5__draw072	confirmation	0.005	0.3	0.27499999999999997	0.325	60	100	500	5.0	2400.0	2272.0	0.0	72	1891321622	0	745197132	0	1800.0	2	1	focal_2bp_raw_forward_no_recap_no_neutral_overlay
han_frequency_conditioned__confirmation__s0.005000__af0.300000__q5__draw073	confirmation	0.005	0.3	0.27499999999999997	0.325	60	100	500	5.0	2400.0	2272.0	0.0	73	2018558079	0	868463054	0	1800.0	2	1	focal_2bp_raw_forward_no_recap_no_neutral_overlay
han_frequency_conditioned__confirmation__s0.005000__af0.300000__q5__draw074	confirmation	0.005	0.3	0.27499999999999997	0.325	60	100	500	5.0	2400.0	2272.0	0.0	74	1934266748	0	960397158	0	1800.0	2	1	focal_2bp_raw_forward_no_recap_no_neutral_overlay
han_frequency_conditioned__confirmation__s0.005000__af0.300000__q5__draw075	confirmation	0.005	0.3	0.27499999999999997	0.325	60	100	500	5.0	2400.0	2272.0	0.0	75	2059501216	0	661974501	0	1800.0	2	1	focal_2bp_raw_forward_no_recap_no_neutral_overlay
han_frequency_conditioned__confirmation__s0.005000__af0.300000__q5__draw076	confirmation	0.005	0.3	0.27499999999999997	0.325	60	100	500	5.0	2400.0	2272.0	0.0	76	178300	0	1444682322	0	1800.0	2	1	focal_2bp_raw_forward_no_recap_no_neutral_overlay
han_frequency_conditioned__confirmation__s0.005000__af0.300000__q5__draw077	confirmation	0.005	0.3	0.27499999999999997	0.325	60	100	500	5.0	2400.0	2272.0	0.0	77	1903542552	0	865136460	0	1800.0	2	1	focal_2bp_raw_forward_no_recap_no_neutral_overlay
han_frequency_conditioned__confirmation__s0.005000__af0.300000__q5__draw078	confirmation	0.005	0.3	0.27499999999999997	0.325	60	100	500	5.0	2400.0	2272.0	0.0	78	1931323874	0	1322035280	0	1800.0	2	1	focal_2bp_raw_forward_no_recap_no_neutral_overlay
han_frequency_conditioned__confirmation__s0.005000__af0.300000__q5__draw079	confirmation	0.005	0.3	0.27499999999999997	0.325	60	100	500	5.0	2400.0	2272.0	0.0	79	1344934168	0	1424306746	0	1800.0	2	1	focal_2bp_raw_forward_no_recap_no_neutral_overlay
han_frequency_conditioned__confirmation__s0.005000__af0.300000__q5__draw080	confirmation	0.005	0.3	0.27499999999999997	0.325	60	100	500	5.0	2400.0	2272.0	0.0	80	804915345	0	1558911553	0	1800.0	2	1	focal_2bp_raw_forward_no_recap_no_neutral_overlay
han_frequency_conditioned__confirmation__s0.005000__af0.300000__q5__draw081	confirmation	0.005	0.3	0.27499999999999997	0.325	60	100	500	5.0	2400.0	2272.0	0.0	81	586316639	0	1019707824	0	1800.0	2	1	focal_2bp_raw_forward_no_recap_no_neutral_overlay
han_frequency_conditioned__confirmation__s0.005000__af0.300000__q5__draw082	confirmation	0.005	0.3	0.27499999999999997	0.325	60	100	500	5.0	2400.0	2272.0	0.0	82	1705346626	0	1531056439	0	1800.0	2	1	focal_2bp_raw_forward_no_recap_no_neutral_overlay
han_frequency_conditioned__confirmation__s0.005000__af0.300000__q5__draw083	confirmation	0.005	0.3	0.27499999999999997	0.325	60	100	500	5.0	2400.0	2272.0	0.0	83	1332051504	0	437691876	0	1800.0	2	1	focal_2bp_raw_forward_no_recap_no_neutral_overlay
han_frequency_conditioned__confirmation__s0.005000__af0.300000__q5__draw084	confirmation	0.005	0.3	0.27499999999999997	0.325	60	100	500	5.0	2400.0	2272.0	0.0	84	1436385171	0	1409112397	0	1800.0	2	1	focal_2bp_raw_forward_no_recap_no_neutral_overlay
han_frequency_conditioned__confirmation__s0.005000__af0.300000__q5__draw085	confirmation	0.005	0.3	0.27499999999999997	0.325	60	100	500	5.0	2400.0	2272.0	0.0	85	1764202079	0	707449066	0	1800.0	2	1	focal_2bp_raw_forward_no_recap_no_neutral_overlay
han_frequency_conditioned__confirmation__s0.005000__af0.300000__q5__draw086	confirmation	0.005	0.3	0.27499999999999997	0.325	60	100	500	5.0	2400.0	2272.0	0.0	86	1680100046	0	1770362483	0	1800.0	2	1	focal_2bp_raw_forward_no_recap_no_neutral_overlay
han_frequency_conditioned__confirmation__s0.005000__af0.300000__q5__draw087	confirmation	0.005	0.3	0.27499999999999997	0.325	60	100	500	5.0	2400.0	2272.0	0.0	87	1086004041	0	1268824833	0	1800.0	2	1	focal_2bp_raw_forward_no_recap_no_neutral_overlay
han_frequency_conditioned__confirmation__s0.005000__af0.300000__q5__draw088	confirmation	0.005	0.3	0.27499999999999997	0.325	60	100	500	5.0	2400.0	2272.0	0.0	88	1716089687	0	487850097	0	1800.0	2	1	focal_2bp_raw_forward_no_recap_no_neutral_overlay
han_frequency_conditioned__confirmation__s0.005000__af0.300000__q5__draw089	confirmation	0.005	0.3	0.27499999999999997	0.325	60	100	500	5.0	2400.0	2272.0	0.0	89	1641857162	0	1751853860	0	1800.0	2	1	focal_2bp_raw_forward_no_recap_no_neutral_overlay
han_frequency_conditioned__confirmation__s0.005000__af0.300000__q5__draw090	confirmation	0.005	0.3	0.27499999999999997	0.325	60	100	500	5.0	2400.0	2272.0	0.0	90	558647039	0	35942467	0	1800.0	2	1	focal_2bp_raw_forward_no_recap_no_neutral_overlay
han_frequency_conditioned__confirmation__s0.005000__af0.300000__q5__draw091	confirmation	0.005	0.3	0.27499999999999997	0.325	60	100	500	5.0	2400.0	2272.0	0.0	91	416480513	0	1879494120	0	1800.0	2	1	focal_2bp_raw_forward_no_recap_no_neutral_overlay
han_frequency_conditioned__confirmation__s0.005000__af0.300000__q5__draw092	confirmation	0.005	0.3	0.27499999999999997	0.325	60	100	500	5.0	2400.0	2272.0	0.0	92	435719797	0	309518776	0	1800.0	2	1	focal_2bp_raw_forward_no_recap_no_neutral_overlay
han_frequency_conditioned__confirmation__s0.005000__af0.300000__q5__draw093	confirmation	0.005	0.3	0.27499999999999997	0.325	60	100	500	5.0	2400.0	2272.0	0.0	93	959741067	0	427497728	0	1800.0	2	1	focal_2bp_raw_forward_no_recap_no_neutral_overlay
han_frequency_conditioned__confirmation__s0.005000__af0.300000__q5__draw094	confirmation	0.005	0.3	0.27499999999999997	0.325	60	100	500	5.0	2400.0	2272.0	0.0	94	802822296	0	1799361485	0	1800.0	2	1	focal_2bp_raw_forward_no_recap_no_neutral_overlay
han_frequency_conditioned__confirmation__s0.005000__af0.300000__q5__draw095	confirmation	0.005	0.3	0.27499999999999997	0.325	60	100	500	5.0	2400.0	2272.0	0.0	95	1444735408	0	1160753874	0	1800.0	2	1	focal_2bp_raw_forward_no_recap_no_neutral_overlay
han_frequency_conditioned__confirmation__s0.005000__af0.300000__q5__draw096	confirmation	0.005	0.3	0.27499999999999997	0.325	60	100	500	5.0	2400.0	2272.0	0.0	96	1599717631	0	885804425	0	1800.0	2	1	focal_2bp_raw_forward_no_recap_no_neutral_overlay
han_frequency_conditioned__confirmation__s0.005000__af0.300000__q5__draw097	confirmation	0.005	0.3	0.27499999999999997	0.325	60	100	500	5.0	2400.0	2272.0	0.0	97	1734779926	0	48115173	0	1800.0	2	1	focal_2bp_raw_forward_no_recap_no_neutral_overlay
han_frequency_conditioned__confirmation__s0.005000__af0.300000__q5__draw098	confirmation	0.005	0.3	0.27499999999999997	0.325	60	100	500	5.0	2400.0	2272.0	0.0	98	83073971	0	1101195167	0	1800.0	2	1	focal_2bp_raw_forward_no_recap_no_neutral_overlay
han_frequency_conditioned__confirmation__s0.005000__af0.300000__q5__draw099	confirmation	0.005	0.3	0.27499999999999997	0.325	60	100	500	5.0	2400.0	2272.0	0.0	99	321701983	0	1983735596	0	1800.0	2	1	focal_2bp_raw_forward_no_recap_no_neutral_overlay
han_frequency_conditioned__sensitivity_10mb__s0.010000__af0.100000__q5__draw000	sensitivity_10mb	0.01	0.1	0.07500000000000001	0.125	20	100	500	5.0	2400.0	2272.0	0.0	0	827862802	0	1209957847	0	1800.0	10000000	5000000	production_10mb_normal_recap_neutral_overlay_strict_identity_exact_panel
han_frequency_conditioned__sensitivity_10mb__s0.010000__af0.100000__q5__draw001	sensitivity_10mb	0.01	0.1	0.07500000000000001	0.125	20	100	500	5.0	2400.0	2272.0	0.0	1	839530089	0	1466072004	0	1800.0	10000000	5000000	production_10mb_normal_recap_neutral_overlay_strict_identity_exact_panel
han_frequency_conditioned__sensitivity_10mb__s0.010000__af0.100000__q5__draw002	sensitivity_10mb	0.01	0.1	0.07500000000000001	0.125	20	100	500	5.0	2400.0	2272.0	0.0	2	799686286	0	1703854695	0	1800.0	10000000	5000000	production_10mb_normal_recap_neutral_overlay_strict_identity_exact_panel
han_frequency_conditioned__sensitivity_10mb__s0.010000__af0.100000__q5__draw003	sensitivity_10mb	0.01	0.1	0.07500000000000001	0.125	20	100	500	5.0	2400.0	2272.0	0.0	3	563499815	0	373939091	0	1800.0	10000000	5000000	production_10mb_normal_recap_neutral_overlay_strict_identity_exact_panel
han_frequency_conditioned__sensitivity_10mb__s0.010000__af0.100000__q5__draw004	sensitivity_10mb	0.01	0.1	0.07500000000000001	0.125	20	100	500	5.0	2400.0	2272.0	0.0	4	413932431	0	1692262574	0	1800.0	10000000	5000000	production_10mb_normal_recap_neutral_overlay_strict_identity_exact_panel
han_frequency_conditioned__sensitivity_10mb__s0.010000__af0.100000__q5__draw005	sensitivity_10mb	0.01	0.1	0.07500000000000001	0.125	20	100	500	5.0	2400.0	2272.0	0.0	5	1242194976	0	227048661	0	1800.0	10000000	5000000	production_10mb_normal_recap_neutral_overlay_strict_identity_exact_panel
han_frequency_conditioned__sensitivity_10mb__s0.010000__af0.100000__q5__draw006	sensitivity_10mb	0.01	0.1	0.07500000000000001	0.125	20	100	500	5.0	2400.0	2272.0	0.0	6	91836497	0	1924893908	0	1800.0	10000000	5000000	production_10mb_normal_recap_neutral_overlay_strict_identity_exact_panel
han_frequency_conditioned__sensitivity_10mb__s0.010000__af0.100000__q5__draw007	sensitivity_10mb	0.01	0.1	0.07500000000000001	0.125	20	100	500	5.0	2400.0	2272.0	0.0	7	812710248	0	2002782891	0	1800.0	10000000	5000000	production_10mb_normal_recap_neutral_overlay_strict_identity_exact_panel
han_frequency_conditioned__sensitivity_10mb__s0.010000__af0.100000__q5__draw008	sensitivity_10mb	0.01	0.1	0.07500000000000001	0.125	20	100	500	5.0	2400.0	2272.0	0.0	8	1412511514	0	256415442	0	1800.0	10000000	5000000	production_10mb_normal_recap_neutral_overlay_strict_identity_exact_panel
han_frequency_conditioned__sensitivity_10mb__s0.010000__af0.100000__q5__draw009	sensitivity_10mb	0.01	0.1	0.07500000000000001	0.125	20	100	500	5.0	2400.0	2272.0	0.0	9	1499985863	0	600996083	0	1800.0	10000000	5000000	production_10mb_normal_recap_neutral_overlay_strict_identity_exact_panel
han_frequency_conditioned__sensitivity_10mb__s0.010000__af0.100000__q5__draw010	sensitivity_10mb	0.01	0.1	0.07500000000000001	0.125	20	100	500	5.0	2400.0	2272.0	0.0	10	1382721624	0	339673084	0	1800.0	10000000	5000000	production_10mb_normal_recap_neutral_overlay_strict_identity_exact_panel
han_frequency_conditioned__sensitivity_10mb__s0.010000__af0.100000__q5__draw011	sensitivity_10mb	0.01	0.1	0.07500000000000001	0.125	20	100	500	5.0	2400.0	2272.0	0.0	11	1686995223	0	580449493	0	1800.0	10000000	5000000	production_10mb_normal_recap_neutral_overlay_strict_identity_exact_panel
han_frequency_conditioned__sensitivity_10mb__s0.010000__af0.100000__q5__draw012	sensitivity_10mb	0.01	0.1	0.07500000000000001	0.125	20	100	500	5.0	2400.0	2272.0	0.0	12	449118135	0	1429352387	0	1800.0	10000000	5000000	production_10mb_normal_recap_neutral_overlay_strict_identity_exact_panel
han_frequency_conditioned__sensitivity_10mb__s0.010000__af0.100000__q5__draw013	sensitivity_10mb	0.01	0.1	0.07500000000000001	0.125	20	100	500	5.0	2400.0	2272.0	0.0	13	1964609414	0	1167650087	0	1800.0	10000000	5000000	production_10mb_normal_recap_neutral_overlay_strict_identity_exact_panel
han_frequency_conditioned__sensitivity_10mb__s0.010000__af0.100000__q5__draw014	sensitivity_10mb	0.01	0.1	0.07500000000000001	0.125	20	100	500	5.0	2400.0	2272.0	0.0	14	1165505694	0	78233523	0	1800.0	10000000	5000000	production_10mb_normal_recap_neutral_overlay_strict_identity_exact_panel
han_frequency_conditioned__sensitivity_10mb__s0.010000__af0.100000__q5__draw015	sensitivity_10mb	0.01	0.1	0.07500000000000001	0.125	20	100	500	5.0	2400.0	2272.0	0.0	15	488334307	0	1484000728	0	1800.0	10000000	5000000	production_10mb_normal_recap_neutral_overlay_strict_identity_exact_panel
han_frequency_conditioned__sensitivity_10mb__s0.010000__af0.100000__q5__draw016	sensitivity_10mb	0.01	0.1	0.07500000000000001	0.125	20	100	500	5.0	2400.0	2272.0	0.0	16	2013581592	0	228031783	0	1800.0	10000000	5000000	production_10mb_normal_recap_neutral_overlay_strict_identity_exact_panel
han_frequency_conditioned__sensitivity_10mb__s0.010000__af0.100000__q5__draw017	sensitivity_10mb	0.01	0.1	0.07500000000000001	0.125	20	100	500	5.0	2400.0	2272.0	0.0	17	1624483287	0	129473550	0	1800.0	10000000	5000000	production_10mb_normal_recap_neutral_overlay_strict_identity_exact_panel
han_frequency_conditioned__sensitivity_10mb__s0.010000__af0.100000__q5__draw018	sensitivity_10mb	0.01	0.1	0.07500000000000001	0.125	20	100	500	5.0	2400.0	2272.0	0.0	18	749962385	0	74642289	0	1800.0	10000000	5000000	production_10mb_normal_recap_neutral_overlay_strict_identity_exact_panel
han_frequency_conditioned__sensitivity_10mb__s0.010000__af0.100000__q5__draw019	sensitivity_10mb	0.01	0.1	0.07500000000000001	0.125	20	100	500	5.0	2400.0	2272.0	0.0	19	659909996	0	553291718	0	1800.0	10000000	5000000	production_10mb_normal_recap_neutral_overlay_strict_identity_exact_panel
han_frequency_conditioned__sensitivity_10mb__s0.010000__af0.200000__q5__draw000	sensitivity_10mb	0.01	0.2	0.17500000000000002	0.225	40	100	500	5.0	2400.0	2272.0	0.0	0	1178822562	0	253459963	0	1800.0	10000000	5000000	production_10mb_normal_recap_neutral_overlay_strict_identity_exact_panel
han_frequency_conditioned__sensitivity_10mb__s0.010000__af0.200000__q5__draw001	sensitivity_10mb	0.01	0.2	0.17500000000000002	0.225	40	100	500	5.0	2400.0	2272.0	0.0	1	524634109	0	351226816	0	1800.0	10000000	5000000	production_10mb_normal_recap_neutral_overlay_strict_identity_exact_panel
han_frequency_conditioned__sensitivity_10mb__s0.010000__af0.200000__q5__draw002	sensitivity_10mb	0.01	0.2	0.17500000000000002	0.225	40	100	500	5.0	2400.0	2272.0	0.0	2	944184506	0	759894023	0	1800.0	10000000	5000000	production_10mb_normal_recap_neutral_overlay_strict_identity_exact_panel
han_frequency_conditioned__sensitivity_10mb__s0.010000__af0.200000__q5__draw003	sensitivity_10mb	0.01	0.2	0.17500000000000002	0.225	40	100	500	5.0	2400.0	2272.0	0.0	3	1267070380	0	1996963735	0	1800.0	10000000	5000000	production_10mb_normal_recap_neutral_overlay_strict_identity_exact_panel
han_frequency_conditioned__sensitivity_10mb__s0.010000__af0.200000__q5__draw004	sensitivity_10mb	0.01	0.2	0.17500000000000002	0.225	40	100	500	5.0	2400.0	2272.0	0.0	4	736073832	0	200478743	0	1800.0	10000000	5000000	production_10mb_normal_recap_neutral_overlay_strict_identity_exact_panel
han_frequency_conditioned__sensitivity_10mb__s0.010000__af0.200000__q5__draw005	sensitivity_10mb	0.01	0.2	0.17500000000000002	0.225	40	100	500	5.0	2400.0	2272.0	0.0	5	797919607	0	1432949246	0	1800.0	10000000	5000000	production_10mb_normal_recap_neutral_overlay_strict_identity_exact_panel
han_frequency_conditioned__sensitivity_10mb__s0.010000__af0.200000__q5__draw006	sensitivity_10mb	0.01	0.2	0.17500000000000002	0.225	40	100	500	5.0	2400.0	2272.0	0.0	6	1640949307	0	225023989	0	1800.0	10000000	5000000	production_10mb_normal_recap_neutral_overlay_strict_identity_exact_panel
han_frequency_conditioned__sensitivity_10mb__s0.010000__af0.200000__q5__draw007	sensitivity_10mb	0.01	0.2	0.17500000000000002	0.225	40	100	500	5.0	2400.0	2272.0	0.0	7	386264894	0	1657559778	0	1800.0	10000000	5000000	production_10mb_normal_recap_neutral_overlay_strict_identity_exact_panel
han_frequency_conditioned__sensitivity_10mb__s0.010000__af0.200000__q5__draw008	sensitivity_10mb	0.01	0.2	0.17500000000000002	0.225	40	100	500	5.0	2400.0	2272.0	0.0	8	739886213	0	442087103	0	1800.0	10000000	5000000	production_10mb_normal_recap_neutral_overlay_strict_identity_exact_panel
han_frequency_conditioned__sensitivity_10mb__s0.010000__af0.200000__q5__draw009	sensitivity_10mb	0.01	0.2	0.17500000000000002	0.225	40	100	500	5.0	2400.0	2272.0	0.0	9	642436714	0	1486171036	0	1800.0	10000000	5000000	production_10mb_normal_recap_neutral_overlay_strict_identity_exact_panel
han_frequency_conditioned__sensitivity_10mb__s0.010000__af0.200000__q5__draw010	sensitivity_10mb	0.01	0.2	0.17500000000000002	0.225	40	100	500	5.0	2400.0	2272.0	0.0	10	1168625843	0	816790767	0	1800.0	10000000	5000000	production_10mb_normal_recap_neutral_overlay_strict_identity_exact_panel
han_frequency_conditioned__sensitivity_10mb__s0.010000__af0.200000__q5__draw011	sensitivity_10mb	0.01	0.2	0.17500000000000002	0.225	40	100	500	5.0	2400.0	2272.0	0.0	11	762073597	0	1859576192	0	1800.0	10000000	5000000	production_10mb_normal_recap_neutral_overlay_strict_identity_exact_panel
han_frequency_conditioned__sensitivity_10mb__s0.010000__af0.200000__q5__draw012	sensitivity_10mb	0.01	0.2	0.17500000000000002	0.225	40	100	500	5.0	2400.0	2272.0	0.0	12	991343546	0	2074241349	0	1800.0	10000000	5000000	production_10mb_normal_recap_neutral_overlay_strict_identity_exact_panel
han_frequency_conditioned__sensitivity_10mb__s0.010000__af0.200000__q5__draw013	sensitivity_10mb	0.01	0.2	0.17500000000000002	0.225	40	100	500	5.0	2400.0	2272.0	0.0	13	1879672359	0	193385506	0	1800.0	10000000	5000000	production_10mb_normal_recap_neutral_overlay_strict_identity_exact_panel
han_frequency_conditioned__sensitivity_10mb__s0.010000__af0.200000__q5__draw014	sensitivity_10mb	0.01	0.2	0.17500000000000002	0.225	40	100	500	5.0	2400.0	2272.0	0.0	14	1992156981	0	1717643271	0	1800.0	10000000	5000000	production_10mb_normal_recap_neutral_overlay_strict_identity_exact_panel
han_frequency_conditioned__sensitivity_10mb__s0.010000__af0.200000__q5__draw015	sensitivity_10mb	0.01	0.2	0.17500000000000002	0.225	40	100	500	5.0	2400.0	2272.0	0.0	15	1102374810	0	1732903971	0	1800.0	10000000	5000000	production_10mb_normal_recap_neutral_overlay_strict_identity_exact_panel
han_frequency_conditioned__sensitivity_10mb__s0.010000__af0.200000__q5__draw016	sensitivity_10mb	0.01	0.2	0.17500000000000002	0.225	40	100	500	5.0	2400.0	2272.0	0.0	16	457515179	0	359950378	0	1800.0	10000000	5000000	production_10mb_normal_recap_neutral_overlay_strict_identity_exact_panel
han_frequency_conditioned__sensitivity_10mb__s0.010000__af0.200000__q5__draw017	sensitivity_10mb	0.01	0.2	0.17500000000000002	0.225	40	100	500	5.0	2400.0	2272.0	0.0	17	1469149348	0	809241827	0	1800.0	10000000	5000000	production_10mb_normal_recap_neutral_overlay_strict_identity_exact_panel
han_frequency_conditioned__sensitivity_10mb__s0.010000__af0.200000__q5__draw018	sensitivity_10mb	0.01	0.2	0.17500000000000002	0.225	40	100	500	5.0	2400.0	2272.0	0.0	18	1392435249	0	399429709	0	1800.0	10000000	5000000	production_10mb_normal_recap_neutral_overlay_strict_identity_exact_panel
han_frequency_conditioned__sensitivity_10mb__s0.010000__af0.200000__q5__draw019	sensitivity_10mb	0.01	0.2	0.17500000000000002	0.225	40	100	500	5.0	2400.0	2272.0	0.0	19	1190138419	0	1247331496	0	1800.0	10000000	5000000	production_10mb_normal_recap_neutral_overlay_strict_identity_exact_panel
han_frequency_conditioned__sensitivity_10mb__s0.010000__af0.300000__q5__draw000	sensitivity_10mb	0.01	0.3	0.27499999999999997	0.325	60	100	500	5.0	2400.0	2272.0	0.0	0	1660813906	0	542634171	0	1800.0	10000000	5000000	production_10mb_normal_recap_neutral_overlay_strict_identity_exact_panel
han_frequency_conditioned__sensitivity_10mb__s0.010000__af0.300000__q5__draw001	sensitivity_10mb	0.01	0.3	0.27499999999999997	0.325	60	100	500	5.0	2400.0	2272.0	0.0	1	1677515603	0	135241965	0	1800.0	10000000	5000000	production_10mb_normal_recap_neutral_overlay_strict_identity_exact_panel
han_frequency_conditioned__sensitivity_10mb__s0.010000__af0.300000__q5__draw002	sensitivity_10mb	0.01	0.3	0.27499999999999997	0.325	60	100	500	5.0	2400.0	2272.0	0.0	2	2146504602	0	700181293	0	1800.0	10000000	5000000	production_10mb_normal_recap_neutral_overlay_strict_identity_exact_panel
han_frequency_conditioned__sensitivity_10mb__s0.010000__af0.300000__q5__draw003	sensitivity_10mb	0.01	0.3	0.27499999999999997	0.325	60	100	500	5.0	2400.0	2272.0	0.0	3	711275180	0	1829222068	0	1800.0	10000000	5000000	production_10mb_normal_recap_neutral_overlay_strict_identity_exact_panel
han_frequency_conditioned__sensitivity_10mb__s0.010000__af0.300000__q5__draw004	sensitivity_10mb	0.01	0.3	0.27499999999999997	0.325	60	100	500	5.0	2400.0	2272.0	0.0	4	1760357317	0	478520904	0	1800.0	10000000	5000000	production_10mb_normal_recap_neutral_overlay_strict_identity_exact_panel
han_frequency_conditioned__sensitivity_10mb__s0.010000__af0.300000__q5__draw005	sensitivity_10mb	0.01	0.3	0.27499999999999997	0.325	60	100	500	5.0	2400.0	2272.0	0.0	5	1359122025	0	530439821	0	1800.0	10000000	5000000	production_10mb_normal_recap_neutral_overlay_strict_identity_exact_panel
han_frequency_conditioned__sensitivity_10mb__s0.010000__af0.300000__q5__draw006	sensitivity_10mb	0.01	0.3	0.27499999999999997	0.325	60	100	500	5.0	2400.0	2272.0	0.0	6	1858484437	0	1519942646	0	1800.0	10000000	5000000	production_10mb_normal_recap_neutral_overlay_strict_identity_exact_panel
han_frequency_conditioned__sensitivity_10mb__s0.010000__af0.300000__q5__draw007	sensitivity_10mb	0.01	0.3	0.27499999999999997	0.325	60	100	500	5.0	2400.0	2272.0	0.0	7	1724645838	0	1263054656	0	1800.0	10000000	5000000	production_10mb_normal_recap_neutral_overlay_strict_identity_exact_panel
han_frequency_conditioned__sensitivity_10mb__s0.010000__af0.300000__q5__draw008	sensitivity_10mb	0.01	0.3	0.27499999999999997	0.325	60	100	500	5.0	2400.0	2272.0	0.0	8	657164128	0	1504868258	0	1800.0	10000000	5000000	production_10mb_normal_recap_neutral_overlay_strict_identity_exact_panel
han_frequency_conditioned__sensitivity_10mb__s0.010000__af0.300000__q5__draw009	sensitivity_10mb	0.01	0.3	0.27499999999999997	0.325	60	100	500	5.0	2400.0	2272.0	0.0	9	1589578849	0	807885362	0	1800.0	10000000	5000000	production_10mb_normal_recap_neutral_overlay_strict_identity_exact_panel
han_frequency_conditioned__sensitivity_10mb__s0.010000__af0.300000__q5__draw010	sensitivity_10mb	0.01	0.3	0.27499999999999997	0.325	60	100	500	5.0	2400.0	2272.0	0.0	10	1706198093	0	47323844	0	1800.0	10000000	5000000	production_10mb_normal_recap_neutral_overlay_strict_identity_exact_panel
han_frequency_conditioned__sensitivity_10mb__s0.010000__af0.300000__q5__draw011	sensitivity_10mb	0.01	0.3	0.27499999999999997	0.325	60	100	500	5.0	2400.0	2272.0	0.0	11	1174497193	0	1070247904	0	1800.0	10000000	5000000	production_10mb_normal_recap_neutral_overlay_strict_identity_exact_panel
han_frequency_conditioned__sensitivity_10mb__s0.010000__af0.300000__q5__draw012	sensitivity_10mb	0.01	0.3	0.27499999999999997	0.325	60	100	500	5.0	2400.0	2272.0	0.0	12	570044641	0	336406070	0	1800.0	10000000	5000000	production_10mb_normal_recap_neutral_overlay_strict_identity_exact_panel
han_frequency_conditioned__sensitivity_10mb__s0.010000__af0.300000__q5__draw013	sensitivity_10mb	0.01	0.3	0.27499999999999997	0.325	60	100	500	5.0	2400.0	2272.0	0.0	13	1617207420	0	1936533584	0	1800.0	10000000	5000000	production_10mb_normal_recap_neutral_overlay_strict_identity_exact_panel
han_frequency_conditioned__sensitivity_10mb__s0.010000__af0.300000__q5__draw014	sensitivity_10mb	0.01	0.3	0.27499999999999997	0.325	60	100	500	5.0	2400.0	2272.0	0.0	14	525026464	0	1576608085	0	1800.0	10000000	5000000	production_10mb_normal_recap_neutral_overlay_strict_identity_exact_panel
han_frequency_conditioned__sensitivity_10mb__s0.010000__af0.300000__q5__draw015	sensitivity_10mb	0.01	0.3	0.27499999999999997	0.325	60	100	500	5.0	2400.0	2272.0	0.0	15	77002272	0	1916772079	0	1800.0	10000000	5000000	production_10mb_normal_recap_neutral_overlay_strict_identity_exact_panel
han_frequency_conditioned__sensitivity_10mb__s0.010000__af0.300000__q5__draw016	sensitivity_10mb	0.01	0.3	0.27499999999999997	0.325	60	100	500	5.0	2400.0	2272.0	0.0	16	509816185	0	55546797	0	1800.0	10000000	5000000	production_10mb_normal_recap_neutral_overlay_strict_identity_exact_panel
han_frequency_conditioned__sensitivity_10mb__s0.010000__af0.300000__q5__draw017	sensitivity_10mb	0.01	0.3	0.27499999999999997	0.325	60	100	500	5.0	2400.0	2272.0	0.0	17	968155078	0	700756260	0	1800.0	10000000	5000000	production_10mb_normal_recap_neutral_overlay_strict_identity_exact_panel
han_frequency_conditioned__sensitivity_10mb__s0.010000__af0.300000__q5__draw018	sensitivity_10mb	0.01	0.3	0.27499999999999997	0.325	60	100	500	5.0	2400.0	2272.0	0.0	18	1693023782	0	1542158936	0	1800.0	10000000	5000000	production_10mb_normal_recap_neutral_overlay_strict_identity_exact_panel
han_frequency_conditioned__sensitivity_10mb__s0.010000__af0.300000__q5__draw019	sensitivity_10mb	0.01	0.3	0.27499999999999997	0.325	60	100	500	5.0	2400.0	2272.0	0.0	19	1618198563	0	828312798	0	1800.0	10000000	5000000	production_10mb_normal_recap_neutral_overlay_strict_identity_exact_panel
han_frequency_conditioned__sensitivity_10mb__s0.005000__af0.100000__q5__draw000	sensitivity_10mb	0.005	0.1	0.07500000000000001	0.125	20	100	500	5.0	2400.0	2272.0	0.0	0	1273059917	0	1302545512	0	1800.0	10000000	5000000	production_10mb_normal_recap_neutral_overlay_strict_identity_exact_panel
han_frequency_conditioned__sensitivity_10mb__s0.005000__af0.100000__q5__draw001	sensitivity_10mb	0.005	0.1	0.07500000000000001	0.125	20	100	500	5.0	2400.0	2272.0	0.0	1	1874886138	0	698660629	0	1800.0	10000000	5000000	production_10mb_normal_recap_neutral_overlay_strict_identity_exact_panel
han_frequency_conditioned__sensitivity_10mb__s0.005000__af0.100000__q5__draw002	sensitivity_10mb	0.005	0.1	0.07500000000000001	0.125	20	100	500	5.0	2400.0	2272.0	0.0	2	330603172	0	161261405	0	1800.0	10000000	5000000	production_10mb_normal_recap_neutral_overlay_strict_identity_exact_panel
han_frequency_conditioned__sensitivity_10mb__s0.005000__af0.100000__q5__draw003	sensitivity_10mb	0.005	0.1	0.07500000000000001	0.125	20	100	500	5.0	2400.0	2272.0	0.0	3	1261071193	0	1480398875	0	1800.0	10000000	5000000	production_10mb_normal_recap_neutral_overlay_strict_identity_exact_panel
han_frequency_conditioned__sensitivity_10mb__s0.005000__af0.100000__q5__draw004	sensitivity_10mb	0.005	0.1	0.07500000000000001	0.125	20	100	500	5.0	2400.0	2272.0	0.0	4	1460657506	0	881114695	0	1800.0	10000000	5000000	production_10mb_normal_recap_neutral_overlay_strict_identity_exact_panel
han_frequency_conditioned__sensitivity_10mb__s0.005000__af0.100000__q5__draw005	sensitivity_10mb	0.005	0.1	0.07500000000000001	0.125	20	100	500	5.0	2400.0	2272.0	0.0	5	601459612	0	1404596545	0	1800.0	10000000	5000000	production_10mb_normal_recap_neutral_overlay_strict_identity_exact_panel
han_frequency_conditioned__sensitivity_10mb__s0.005000__af0.100000__q5__draw006	sensitivity_10mb	0.005	0.1	0.07500000000000001	0.125	20	100	500	5.0	2400.0	2272.0	0.0	6	260010188	0	2112061803	0	1800.0	10000000	5000000	production_10mb_normal_recap_neutral_overlay_strict_identity_exact_panel
han_frequency_conditioned__sensitivity_10mb__s0.005000__af0.100000__q5__draw007	sensitivity_10mb	0.005	0.1	0.07500000000000001	0.125	20	100	500	5.0	2400.0	2272.0	0.0	7	331988601	0	1367315389	0	1800.0	10000000	5000000	production_10mb_normal_recap_neutral_overlay_strict_identity_exact_panel
han_frequency_conditioned__sensitivity_10mb__s0.005000__af0.100000__q5__draw008	sensitivity_10mb	0.005	0.1	0.07500000000000001	0.125	20	100	500	5.0	2400.0	2272.0	0.0	8	1559844383	0	305646005	0	1800.0	10000000	5000000	production_10mb_normal_recap_neutral_overlay_strict_identity_exact_panel
han_frequency_conditioned__sensitivity_10mb__s0.005000__af0.100000__q5__draw009	sensitivity_10mb	0.005	0.1	0.07500000000000001	0.125	20	100	500	5.0	2400.0	2272.0	0.0	9	2030076602	0	679552794	0	1800.0	10000000	5000000	production_10mb_normal_recap_neutral_overlay_strict_identity_exact_panel
han_frequency_conditioned__sensitivity_10mb__s0.005000__af0.100000__q5__draw010	sensitivity_10mb	0.005	0.1	0.07500000000000001	0.125	20	100	500	5.0	2400.0	2272.0	0.0	10	1442538988	0	830226869	0	1800.0	10000000	5000000	production_10mb_normal_recap_neutral_overlay_strict_identity_exact_panel
han_frequency_conditioned__sensitivity_10mb__s0.005000__af0.100000__q5__draw011	sensitivity_10mb	0.005	0.1	0.07500000000000001	0.125	20	100	500	5.0	2400.0	2272.0	0.0	11	1999489763	0	1402478258	0	1800.0	10000000	5000000	production_10mb_normal_recap_neutral_overlay_strict_identity_exact_panel
han_frequency_conditioned__sensitivity_10mb__s0.005000__af0.100000__q5__draw012	sensitivity_10mb	0.005	0.1	0.07500000000000001	0.125	20	100	500	5.0	2400.0	2272.0	0.0	12	95151972	0	514129720	0	1800.0	10000000	5000000	production_10mb_normal_recap_neutral_overlay_strict_identity_exact_panel
han_frequency_conditioned__sensitivity_10mb__s0.005000__af0.100000__q5__draw013	sensitivity_10mb	0.005	0.1	0.07500000000000001	0.125	20	100	500	5.0	2400.0	2272.0	0.0	13	1255507888	0	117340605	0	1800.0	10000000	5000000	production_10mb_normal_recap_neutral_overlay_strict_identity_exact_panel
han_frequency_conditioned__sensitivity_10mb__s0.005000__af0.100000__q5__draw014	sensitivity_10mb	0.005	0.1	0.07500000000000001	0.125	20	100	500	5.0	2400.0	2272.0	0.0	14	1531922908	0	11764927	0	1800.0	10000000	5000000	production_10mb_normal_recap_neutral_overlay_strict_identity_exact_panel
han_frequency_conditioned__sensitivity_10mb__s0.005000__af0.100000__q5__draw015	sensitivity_10mb	0.005	0.1	0.07500000000000001	0.125	20	100	500	5.0	2400.0	2272.0	0.0	15	465788477	0	1096519427	0	1800.0	10000000	5000000	production_10mb_normal_recap_neutral_overlay_strict_identity_exact_panel
han_frequency_conditioned__sensitivity_10mb__s0.005000__af0.100000__q5__draw016	sensitivity_10mb	0.005	0.1	0.07500000000000001	0.125	20	100	500	5.0	2400.0	2272.0	0.0	16	1989107808	0	1941615813	0	1800.0	10000000	5000000	production_10mb_normal_recap_neutral_overlay_strict_identity_exact_panel
han_frequency_conditioned__sensitivity_10mb__s0.005000__af0.100000__q5__draw017	sensitivity_10mb	0.005	0.1	0.07500000000000001	0.125	20	100	500	5.0	2400.0	2272.0	0.0	17	336784928	0	97743040	0	1800.0	10000000	5000000	production_10mb_normal_recap_neutral_overlay_strict_identity_exact_panel
han_frequency_conditioned__sensitivity_10mb__s0.005000__af0.100000__q5__draw018	sensitivity_10mb	0.005	0.1	0.07500000000000001	0.125	20	100	500	5.0	2400.0	2272.0	0.0	18	1220807572	0	2085624506	0	1800.0	10000000	5000000	production_10mb_normal_recap_neutral_overlay_strict_identity_exact_panel
han_frequency_conditioned__sensitivity_10mb__s0.005000__af0.100000__q5__draw019	sensitivity_10mb	0.005	0.1	0.07500000000000001	0.125	20	100	500	5.0	2400.0	2272.0	0.0	19	2033440639	0	312780972	0	1800.0	10000000	5000000	production_10mb_normal_recap_neutral_overlay_strict_identity_exact_panel
han_frequency_conditioned__sensitivity_10mb__s0.005000__af0.200000__q5__draw000	sensitivity_10mb	0.005	0.2	0.17500000000000002	0.225	40	100	500	5.0	2400.0	2272.0	0.0	0	2058642180	0	992871321	0	1800.0	10000000	5000000	production_10mb_normal_recap_neutral_overlay_strict_identity_exact_panel
han_frequency_conditioned__sensitivity_10mb__s0.005000__af0.200000__q5__draw001	sensitivity_10mb	0.005	0.2	0.17500000000000002	0.225	40	100	500	5.0	2400.0	2272.0	0.0	1	347764	0	1285258757	0	1800.0	10000000	5000000	production_10mb_normal_recap_neutral_overlay_strict_identity_exact_panel
han_frequency_conditioned__sensitivity_10mb__s0.005000__af0.200000__q5__draw002	sensitivity_10mb	0.005	0.2	0.17500000000000002	0.225	40	100	500	5.0	2400.0	2272.0	0.0	2	802683297	0	1319195479	0	1800.0	10000000	5000000	production_10mb_normal_recap_neutral_overlay_strict_identity_exact_panel
han_frequency_conditioned__sensitivity_10mb__s0.005000__af0.200000__q5__draw003	sensitivity_10mb	0.005	0.2	0.17500000000000002	0.225	40	100	500	5.0	2400.0	2272.0	0.0	3	1847470272	0	959626815	0	1800.0	10000000	5000000	production_10mb_normal_recap_neutral_overlay_strict_identity_exact_panel
han_frequency_conditioned__sensitivity_10mb__s0.005000__af0.200000__q5__draw004	sensitivity_10mb	0.005	0.2	0.17500000000000002	0.225	40	100	500	5.0	2400.0	2272.0	0.0	4	1252133345	0	571962965	0	1800.0	10000000	5000000	production_10mb_normal_recap_neutral_overlay_strict_identity_exact_panel
han_frequency_conditioned__sensitivity_10mb__s0.005000__af0.200000__q5__draw005	sensitivity_10mb	0.005	0.2	0.17500000000000002	0.225	40	100	500	5.0	2400.0	2272.0	0.0	5	1171857640	0	1359095222	0	1800.0	10000000	5000000	production_10mb_normal_recap_neutral_overlay_strict_identity_exact_panel
han_frequency_conditioned__sensitivity_10mb__s0.005000__af0.200000__q5__draw006	sensitivity_10mb	0.005	0.2	0.17500000000000002	0.225	40	100	500	5.0	2400.0	2272.0	0.0	6	300926466	0	282785141	0	1800.0	10000000	5000000	production_10mb_normal_recap_neutral_overlay_strict_identity_exact_panel
han_frequency_conditioned__sensitivity_10mb__s0.005000__af0.200000__q5__draw007	sensitivity_10mb	0.005	0.2	0.17500000000000002	0.225	40	100	500	5.0	2400.0	2272.0	0.0	7	745792575	0	1800966521	0	1800.0	10000000	5000000	production_10mb_normal_recap_neutral_overlay_strict_identity_exact_panel
han_frequency_conditioned__sensitivity_10mb__s0.005000__af0.200000__q5__draw008	sensitivity_10mb	0.005	0.2	0.17500000000000002	0.225	40	100	500	5.0	2400.0	2272.0	0.0	8	1324234883	0	472802485	0	1800.0	10000000	5000000	production_10mb_normal_recap_neutral_overlay_strict_identity_exact_panel
han_frequency_conditioned__sensitivity_10mb__s0.005000__af0.200000__q5__draw009	sensitivity_10mb	0.005	0.2	0.17500000000000002	0.225	40	100	500	5.0	2400.0	2272.0	0.0	9	903084191	0	1439542593	0	1800.0	10000000	5000000	production_10mb_normal_recap_neutral_overlay_strict_identity_exact_panel
han_frequency_conditioned__sensitivity_10mb__s0.005000__af0.200000__q5__draw010	sensitivity_10mb	0.005	0.2	0.17500000000000002	0.225	40	100	500	5.0	2400.0	2272.0	0.0	10	443437757	0	1202994408	0	1800.0	10000000	5000000	production_10mb_normal_recap_neutral_overlay_strict_identity_exact_panel
han_frequency_conditioned__sensitivity_10mb__s0.005000__af0.200000__q5__draw011	sensitivity_10mb	0.005	0.2	0.17500000000000002	0.225	40	100	500	5.0	2400.0	2272.0	0.0	11	1236919212	0	933384281	0	1800.0	10000000	5000000	production_10mb_normal_recap_neutral_overlay_strict_identity_exact_panel
han_frequency_conditioned__sensitivity_10mb__s0.005000__af0.200000__q5__draw012	sensitivity_10mb	0.005	0.2	0.17500000000000002	0.225	40	100	500	5.0	2400.0	2272.0	0.0	12	308965138	0	1318764746	0	1800.0	10000000	5000000	production_10mb_normal_recap_neutral_overlay_strict_identity_exact_panel
han_frequency_conditioned__sensitivity_10mb__s0.005000__af0.200000__q5__draw013	sensitivity_10mb	0.005	0.2	0.17500000000000002	0.225	40	100	500	5.0	2400.0	2272.0	0.0	13	814785660	0	1370919987	0	1800.0	10000000	5000000	production_10mb_normal_recap_neutral_overlay_strict_identity_exact_panel
han_frequency_conditioned__sensitivity_10mb__s0.005000__af0.200000__q5__draw014	sensitivity_10mb	0.005	0.2	0.17500000000000002	0.225	40	100	500	5.0	2400.0	2272.0	0.0	14	1269816582	0	1999167588	0	1800.0	10000000	5000000	production_10mb_normal_recap_neutral_overlay_strict_identity_exact_panel
han_frequency_conditioned__sensitivity_10mb__s0.005000__af0.200000__q5__draw015	sensitivity_10mb	0.005	0.2	0.17500000000000002	0.225	40	100	500	5.0	2400.0	2272.0	0.0	15	448946474	0	652630864	0	1800.0	10000000	5000000	production_10mb_normal_recap_neutral_overlay_strict_identity_exact_panel
han_frequency_conditioned__sensitivity_10mb__s0.005000__af0.200000__q5__draw016	sensitivity_10mb	0.005	0.2	0.17500000000000002	0.225	40	100	500	5.0	2400.0	2272.0	0.0	16	426581215	0	360166128	0	1800.0	10000000	5000000	production_10mb_normal_recap_neutral_overlay_strict_identity_exact_panel
han_frequency_conditioned__sensitivity_10mb__s0.005000__af0.200000__q5__draw017	sensitivity_10mb	0.005	0.2	0.17500000000000002	0.225	40	100	500	5.0	2400.0	2272.0	0.0	17	1641262615	0	206309584	0	1800.0	10000000	5000000	production_10mb_normal_recap_neutral_overlay_strict_identity_exact_panel
han_frequency_conditioned__sensitivity_10mb__s0.005000__af0.200000__q5__draw018	sensitivity_10mb	0.005	0.2	0.17500000000000002	0.225	40	100	500	5.0	2400.0	2272.0	0.0	18	843767509	0	1100637744	0	1800.0	10000000	5000000	production_10mb_normal_recap_neutral_overlay_strict_identity_exact_panel
han_frequency_conditioned__sensitivity_10mb__s0.005000__af0.200000__q5__draw019	sensitivity_10mb	0.005	0.2	0.17500000000000002	0.225	40	100	500	5.0	2400.0	2272.0	0.0	19	1520091500	0	1556810802	0	1800.0	10000000	5000000	production_10mb_normal_recap_neutral_overlay_strict_identity_exact_panel
han_frequency_conditioned__sensitivity_10mb__s0.005000__af0.300000__q5__draw000	sensitivity_10mb	0.005	0.3	0.27499999999999997	0.325	60	100	500	5.0	2400.0	2272.0	0.0	0	1011395720	0	816980011	0	1800.0	10000000	5000000	production_10mb_normal_recap_neutral_overlay_strict_identity_exact_panel
han_frequency_conditioned__sensitivity_10mb__s0.005000__af0.300000__q5__draw001	sensitivity_10mb	0.005	0.3	0.27499999999999997	0.325	60	100	500	5.0	2400.0	2272.0	0.0	1	2143602907	0	1397147439	0	1800.0	10000000	5000000	production_10mb_normal_recap_neutral_overlay_strict_identity_exact_panel
han_frequency_conditioned__sensitivity_10mb__s0.005000__af0.300000__q5__draw002	sensitivity_10mb	0.005	0.3	0.27499999999999997	0.325	60	100	500	5.0	2400.0	2272.0	0.0	2	2066049996	0	175354639	0	1800.0	10000000	5000000	production_10mb_normal_recap_neutral_overlay_strict_identity_exact_panel
han_frequency_conditioned__sensitivity_10mb__s0.005000__af0.300000__q5__draw003	sensitivity_10mb	0.005	0.3	0.27499999999999997	0.325	60	100	500	5.0	2400.0	2272.0	0.0	3	1682997135	0	1126184207	0	1800.0	10000000	5000000	production_10mb_normal_recap_neutral_overlay_strict_identity_exact_panel
han_frequency_conditioned__sensitivity_10mb__s0.005000__af0.300000__q5__draw004	sensitivity_10mb	0.005	0.3	0.27499999999999997	0.325	60	100	500	5.0	2400.0	2272.0	0.0	4	818045438	0	2079677216	0	1800.0	10000000	5000000	production_10mb_normal_recap_neutral_overlay_strict_identity_exact_panel
han_frequency_conditioned__sensitivity_10mb__s0.005000__af0.300000__q5__draw005	sensitivity_10mb	0.005	0.3	0.27499999999999997	0.325	60	100	500	5.0	2400.0	2272.0	0.0	5	1420500100	0	947923381	0	1800.0	10000000	5000000	production_10mb_normal_recap_neutral_overlay_strict_identity_exact_panel
han_frequency_conditioned__sensitivity_10mb__s0.005000__af0.300000__q5__draw006	sensitivity_10mb	0.005	0.3	0.27499999999999997	0.325	60	100	500	5.0	2400.0	2272.0	0.0	6	1891267569	0	1351008688	0	1800.0	10000000	5000000	production_10mb_normal_recap_neutral_overlay_strict_identity_exact_panel
han_frequency_conditioned__sensitivity_10mb__s0.005000__af0.300000__q5__draw007	sensitivity_10mb	0.005	0.3	0.27499999999999997	0.325	60	100	500	5.0	2400.0	2272.0	0.0	7	55564802	0	1723112599	0	1800.0	10000000	5000000	production_10mb_normal_recap_neutral_overlay_strict_identity_exact_panel
han_frequency_conditioned__sensitivity_10mb__s0.005000__af0.300000__q5__draw008	sensitivity_10mb	0.005	0.3	0.27499999999999997	0.325	60	100	500	5.0	2400.0	2272.0	0.0	8	882640907	0	1036260697	0	1800.0	10000000	5000000	production_10mb_normal_recap_neutral_overlay_strict_identity_exact_panel
han_frequency_conditioned__sensitivity_10mb__s0.005000__af0.300000__q5__draw009	sensitivity_10mb	0.005	0.3	0.27499999999999997	0.325	60	100	500	5.0	2400.0	2272.0	0.0	9	1973030755	0	517286265	0	1800.0	10000000	5000000	production_10mb_normal_recap_neutral_overlay_strict_identity_exact_panel
han_frequency_conditioned__sensitivity_10mb__s0.005000__af0.300000__q5__draw010	sensitivity_10mb	0.005	0.3	0.27499999999999997	0.325	60	100	500	5.0	2400.0	2272.0	0.0	10	1816213006	0	221777099	0	1800.0	10000000	5000000	production_10mb_normal_recap_neutral_overlay_strict_identity_exact_panel
han_frequency_conditioned__sensitivity_10mb__s0.005000__af0.300000__q5__draw011	sensitivity_10mb	0.005	0.3	0.27499999999999997	0.325	60	100	500	5.0	2400.0	2272.0	0.0	11	710538204	0	1536830826	0	1800.0	10000000	5000000	production_10mb_normal_recap_neutral_overlay_strict_identity_exact_panel
han_frequency_conditioned__sensitivity_10mb__s0.005000__af0.300000__q5__draw012	sensitivity_10mb	0.005	0.3	0.27499999999999997	0.325	60	100	500	5.0	2400.0	2272.0	0.0	12	2108931027	0	922990913	0	1800.0	10000000	5000000	production_10mb_normal_recap_neutral_overlay_strict_identity_exact_panel
han_frequency_conditioned__sensitivity_10mb__s0.005000__af0.300000__q5__draw013	sensitivity_10mb	0.005	0.3	0.27499999999999997	0.325	60	100	500	5.0	2400.0	2272.0	0.0	13	176007970	0	2046810827	0	1800.0	10000000	5000000	production_10mb_normal_recap_neutral_overlay_strict_identity_exact_panel
han_frequency_conditioned__sensitivity_10mb__s0.005000__af0.300000__q5__draw014	sensitivity_10mb	0.005	0.3	0.27499999999999997	0.325	60	100	500	5.0	2400.0	2272.0	0.0	14	2084554253	0	1881688262	0	1800.0	10000000	5000000	production_10mb_normal_recap_neutral_overlay_strict_identity_exact_panel
han_frequency_conditioned__sensitivity_10mb__s0.005000__af0.300000__q5__draw015	sensitivity_10mb	0.005	0.3	0.27499999999999997	0.325	60	100	500	5.0	2400.0	2272.0	0.0	15	559438221	0	1987924157	0	1800.0	10000000	5000000	production_10mb_normal_recap_neutral_overlay_strict_identity_exact_panel
han_frequency_conditioned__sensitivity_10mb__s0.005000__af0.300000__q5__draw016	sensitivity_10mb	0.005	0.3	0.27499999999999997	0.325	60	100	500	5.0	2400.0	2272.0	0.0	16	900792301	0	1633245647	0	1800.0	10000000	5000000	production_10mb_normal_recap_neutral_overlay_strict_identity_exact_panel
han_frequency_conditioned__sensitivity_10mb__s0.005000__af0.300000__q5__draw017	sensitivity_10mb	0.005	0.3	0.27499999999999997	0.325	60	100	500	5.0	2400.0	2272.0	0.0	17	278130274	0	621714254	0	1800.0	10000000	5000000	production_10mb_normal_recap_neutral_overlay_strict_identity_exact_panel
han_frequency_conditioned__sensitivity_10mb__s0.005000__af0.300000__q5__draw018	sensitivity_10mb	0.005	0.3	0.27499999999999997	0.325	60	100	500	5.0	2400.0	2272.0	0.0	18	1687373676	0	1615007567	0	1800.0	10000000	5000000	production_10mb_normal_recap_neutral_overlay_strict_identity_exact_panel
han_frequency_conditioned__sensitivity_10mb__s0.005000__af0.300000__q5__draw019	sensitivity_10mb	0.005	0.3	0.27499999999999997	0.325	60	100	500	5.0	2400.0	2272.0	0.0	19	1078245486	0	1935894993	0	1800.0	10000000	5000000	production_10mb_normal_recap_neutral_overlay_strict_identity_exact_panel
