time_generations	time_years	raw_median_ne	cosi2_integer_ne
0.0	0.0	37636.76171875	37637
100.0	2500.0	37636.76171875	37637
100.0599365234375	2501.4984130859375	37636.76171875	37637
100.11991119384766	2502.9977798461914	37636.76171875	37637
100.17992401123047	2504.4981002807617	37636.76171875	37637
100.2399673461914	2505.999183654785	37636.76171875	37637
100.300048828125	2507.501220703125	37610.013671875	37610
100.36016845703125	2509.0042114257812	37578.845703125	37579
100.42032623291016	2510.508155822754	37578.845703125	37579
100.48051452636719	2512.0128631591797	37578.845703125	37579
100.54074096679688	2513.518524169922	37609.685546875	37610
100.60100555419922	2515.0251388549805	37609.685546875	37610
100.66130065917969	2516.532516479492	37609.685546875	37610
100.72164154052734	2518.0410385131836	37609.685546875	37610
100.78201293945312	2519.550323486328	37578.845703125	37579
100.84241485595703	2521.060371398926	37578.845703125	37579
100.90286254882812	2522.571563720703	37578.845703125	37579
100.96334075927734	2524.0835189819336	37578.845703125	37579
101.02385711669922	2525.5964279174805	37578.845703125	37579
101.08441162109375	2527.1102905273438	37578.845703125	37579
101.1449966430664	2528.62491607666	37578.845703125	37579
101.20561981201172	2530.140495300293	37578.845703125	37579
101.26628112792969	2531.657028198242	37578.845703125	37579
101.32698059082031	2533.174514770508	37578.845703125	37579
101.3877182006836	2534.69295501709	37578.845703125	37579
101.448486328125	2536.212158203125	37609.685546875	37610
101.50929260253906	2537.7323150634766	37609.685546875	37610
101.57013702392578	2539.2534255981445	37609.685546875	37610
101.63101196289062	2540.7752990722656	37609.685546875	37610
101.69193267822266	2542.2983169555664	37609.685546875	37610
101.75288391113281	2543.8220977783203	37609.685546875	37610
101.81387329101562	2545.3468322753906	37609.685546875	37610
101.8749008178711	2546.8725204467773	37609.685546875	37610
101.93595886230469	2548.398971557617	37609.685546875	37610
101.99706268310547	2549.9265670776367	37609.685546875	37610
102.05819702148438	2551.4549255371094	37609.685546875	37610
102.11936950683594	2552.9842376708984	37622.478515625	37622
102.18058013916016	2554.514503479004	37622.478515625	37622
102.2418212890625	2556.0455322265625	37622.478515625	37622
102.30310821533203	2557.577705383301	37622.478515625	37622
102.36442565917969	2559.110641479492	37622.478515625	37622
102.42578125	2560.64453125	37622.478515625	37622
102.48717498779297	2562.179374694824	37653.646484375	37654
102.54859924316406	2563.7149810791016	37642.943359375	37643
102.61006927490234	2565.2517318725586	37642.943359375	37643
102.67156982421875	2566.7892456054688	37642.943359375	37643
102.73310852050781	2568.3277130126953	37642.943359375	37643
102.79468536376953	2569.8671340942383	37642.943359375	37643
102.8563003540039	2571.4075088500977	37642.943359375	37643
102.91795349121094	2572.9488372802734	37642.943359375	37643
102.9796371459961	2574.4909286499023	37642.943359375	37643
103.04136657714844	2576.034164428711	37642.943359375	37643
103.1031265258789	2577.5781631469727	37642.943359375	37643
103.16492462158203	2579.123115539551	37642.943359375	37643
103.22676086425781	2580.6690216064453	37642.943359375	37643
103.28863525390625	2582.2158813476562	37642.943359375	37643
103.35054016113281	2583.7635040283203	37642.943359375	37643
103.41249084472656	2585.312271118164	37642.943359375	37643
103.47447204589844	2586.861801147461	37642.943359375	37643
103.53649139404297	2588.412284851074	37642.943359375	37643
103.59855651855469	2589.963912963867	37642.943359375	37643
103.66065216064453	2591.5163040161133	37642.943359375	37643
103.7227783203125	2593.0694580078125	37642.943359375	37643
103.78495025634766	2594.6237564086914	37642.943359375	37643
103.84716033935547	2596.1790084838867	37642.943359375	37643
103.9094009399414	2597.735023498535	37642.943359375	37643
103.97168731689453	2599.2921829223633	37642.943359375	37643
104.03400421142578	2600.8501052856445	37642.943359375	37643
104.09635925292969	2602.408981323242	37642.943359375	37643
104.15875244140625	2603.9688110351562	37642.943359375	37643
104.22118377685547	2605.5295944213867	37642.943359375	37643
104.28365325927734	2607.0913314819336	37642.943359375	37643
104.34616088867188	2608.654022216797	37642.943359375	37643
104.40870666503906	2610.2176666259766	37642.943359375	37643
104.47128295898438	2611.7820739746094	37642.943359375	37643
104.53390502929688	2613.347625732422	37642.943359375	37643
104.5965576171875	2614.9139404296875	37642.943359375	37643
104.65925598144531	2616.481399536133	37642.943359375	37643
104.72198486328125	2618.0496215820312	37642.943359375	37643
104.78475189208984	2619.618797302246	37669.69140625	37670
104.8475570678711	2621.1889266967773	37669.69140625	37670
104.91040802001953	2622.7602005004883	37669.69140625	37670
104.9732894897461	2624.3322372436523	37669.69140625	37670
105.03620910644531	2625.905227661133	37636.046875	37636
105.09916687011719	2627.4791717529297	37636.046875	37636
105.16215515136719	2629.0538787841797	37636.046875	37636
105.22518920898438	2630.6297302246094	37636.046875	37636
105.28826141357422	2632.2065353393555	37636.046875	37636
105.35137176513672	2633.784294128418	37636.046875	37636
105.41451263427734	2635.3628158569336	37636.046875	37636
105.47769927978516	2636.942481994629	37636.046875	37636
105.54092407226562	2638.5231018066406	37636.046875	37636
105.60417938232422	2640.1044845581055	37636.046875	37636
105.66748046875	2641.68701171875	37603.013671875	37603
105.7308120727539	2643.2703018188477	37603.013671875	37603
105.794189453125	2644.854736328125	37603.013671875	37603
105.85759735107422	2646.4399337768555	37603.013671875	37603
105.92105102539062	2648.0262756347656	37603.013671875	37603
105.98453521728516	2649.613380432129	37603.013671875	37603
106.04806518554688	2651.201629638672	37603.013671875	37603
106.11162567138672	2652.790641784668	37603.013671875	37603
106.17522430419922	2654.3806076049805	37578.2890625	37578
106.2388687133789	2655.9717178344727	37578.2890625	37578
106.30254364013672	2657.563591003418	37578.2890625	37578
106.36626434326172	2659.156608581543	37578.2890625	37578
106.43001556396484	2660.750389099121	37578.2890625	37578
106.49381256103516	2662.345314025879	37578.2890625	37578
106.5576400756836	2663.94100189209	37578.2890625	37578
106.62150573730469	2665.537643432617	37578.2890625	37578
106.68541717529297	2667.135429382324	37578.2890625	37578
106.74935913085938	2668.7339782714844	37578.2890625	37578
106.81334686279297	2670.333671569824	37578.2890625	37578
106.87737274169922	2671.9343185424805	37578.2890625	37578
106.9414291381836	2673.53572845459	37578.2890625	37578
107.00553131103516	2675.138282775879	37578.2890625	37578
107.06966400146484	2676.741600036621	37578.2890625	37578
107.13384246826172	2678.346061706543	37578.2890625	37578
107.19805908203125	2679.9514770507812	37603.013671875	37603
107.26231384277344	2681.557846069336	37603.013671875	37603
107.32659912109375	2683.1649780273438	37603.013671875	37603
107.39093017578125	2684.7732543945312	37603.013671875	37603
107.4552993774414	2686.382484436035	37603.013671875	37603
107.51970672607422	2687.9926681518555	37603.013671875	37603
107.58415222167969	2689.603805541992	37603.013671875	37603
107.64863586425781	2691.2158966064453	37578.2890625	37578
107.7131576538086	2692.828941345215	37578.2890625	37578
107.77772521972656	2694.443130493164	37625.34375	37625
107.84232330322266	2696.0580825805664	37625.34375	37625
107.9069595336914	2697.673988342285	37625.34375	37625
107.97164154052734	2699.2910385131836	37625.34375	37625
108.0363540649414	2700.908851623535	37625.34375	37625
108.10111236572266	2702.5278091430664	37625.34375	37625
108.16590881347656	2704.147720336914	37625.34375	37625
108.23074340820312	2705.768585205078	37636.658203125	37637
108.29560852050781	2707.3902130126953	37636.658203125	37637
108.36051940917969	2709.012985229492	37636.658203125	37637
108.42547607421875	2710.6369018554688	37636.658203125	37637
108.49046325683594	2712.2615814208984	37636.658203125	37637
108.55548858642578	2713.8872146606445	37636.658203125	37637
108.62055206298828	2715.513801574707	37636.658203125	37637
108.68566131591797	2717.141532897949	37636.658203125	37637
108.75080871582031	2718.770217895508	37636.658203125	37637
108.81598663330078	2720.3996658325195	37636.658203125	37637
108.88121032714844	2722.030258178711	37636.658203125	37637
108.94647216796875	2723.6618041992188	37636.658203125	37637
109.01177215576172	2725.294303894043	37636.658203125	37637
109.07711791992188	2726.927947998047	37636.658203125	37637
109.14249420166016	2728.562355041504	37636.658203125	37637
109.20791625976562	2730.1979064941406	37636.658203125	37637
109.27336883544922	2731.8342208862305	37636.658203125	37637
109.3388671875	2733.4716796875	37636.658203125	37637
109.40440368652344	2735.110092163086	37636.658203125	37637
109.46997833251953	2736.7494583129883	37636.658203125	37637
109.53559112548828	2738.389778137207	37636.658203125	37637
109.60124969482422	2740.0312423706055	37636.658203125	37637
109.66693878173828	2741.673469543457	37636.658203125	37637
109.73267364501953	2743.3168411254883	37636.658203125	37637
109.79844665527344	2744.961166381836	37636.658203125	37637
109.8642578125	2746.6064453125	37636.658203125	37637
109.93010711669922	2748.2526779174805	37636.658203125	37637
109.99600219726562	2749.9000549316406	37636.658203125	37637
110.06192779541016	2751.548194885254	37636.658203125	37637
110.12789916992188	2753.197479248047	37636.658203125	37637
110.19390869140625	2754.8477172851562	37636.658203125	37637
110.25995635986328	2756.498908996582	37636.658203125	37637
110.32604217529297	2758.151054382324	37603.013671875	37603
110.39217376708984	2759.804344177246	37603.013671875	37603
110.45834350585938	2761.4585876464844	37603.013671875	37603
110.52455139160156	2763.113784790039	37603.013671875	37603
110.5907974243164	2764.76993560791	37603.013671875	37603
110.6570816040039	2766.4270401000977	37603.013671875	37603
110.7234115600586	2768.085289001465	37603.013671875	37603
110.7897720336914	2769.744300842285	37603.013671875	37603
110.8561782836914	2771.404457092285	37603.013671875	37603
110.92262268066406	2773.0655670166016	37603.013671875	37603
110.9891128540039	2774.7278213500977	37603.013671875	37603
111.05563354492188	2776.390838623047	37603.013671875	37603
111.12220001220703	2778.055000305176	37603.013671875	37603
111.18880462646484	2779.720115661621	37589.603515625	37590
111.25545501708984	2781.386375427246	37589.603515625	37590
111.32213592529297	2783.053398132324	37589.603515625	37590
111.38886260986328	2784.721565246582	37589.603515625	37590
111.45562744140625	2786.3906860351562	37589.603515625	37590
111.52243041992188	2788.060760498047	37589.603515625	37590
111.58927917480469	2789.731979370117	37589.603515625	37590
111.65615844726562	2791.4039611816406	37589.603515625	37590
111.72308349609375	2793.0770874023438	37589.603515625	37590
111.79005432128906	2794.7513580322266	37589.603515625	37590
111.8570556640625	2796.4263916015625	37603.013671875	37603
111.92410278320312	2798.102569580078	37603.013671875	37603
111.9911880493164	2799.77970123291	37603.013671875	37603
112.05831146240234	2801.4577865600586	37603.013671875	37603
112.12548065185547	2803.1370162963867	37603.013671875	37603
112.19268798828125	2804.8171997070312	37603.013671875	37603
112.25993347167969	2806.498336791992	37603.013671875	37603
112.32721710205078	2808.1804275512695	37603.013671875	37603
112.39454650878906	2809.8636627197266	37603.013671875	37603
112.4619140625	2811.5478515625	37603.013671875	37603
112.52932739257812	2813.233184814453	37603.013671875	37603
112.59677124023438	2814.9192810058594	37603.013671875	37603
112.66426086425781	2816.6065216064453	37603.013671875	37603
112.7317886352539	2818.2947158813477	37603.013671875	37603
112.79936218261719	2819.9840545654297	37603.013671875	37603
112.86697387695312	2821.674346923828	37603.013671875	37603
112.93462371826172	2823.365592956543	37603.013671875	37603
113.00231170654297	2825.057792663574	37603.013671875	37603
113.0700454711914	2826.751136779785	37603.013671875	37603
113.1378173828125	2828.4454345703125	37603.013671875	37603
113.20562744140625	2830.1406860351562	37603.013671875	37603
113.27348327636719	2831.8370819091797	37603.013671875	37603
113.34137725830078	2833.5344314575195	37603.013671875	37603
113.40931701660156	2835.232925415039	37603.013671875	37603
113.47728729248047	2836.9321823120117	37603.013671875	37603
113.54530334472656	2838.632583618164	37599.611328125	37600
113.61336517333984	2840.334129333496	37599.611328125	37600
113.68146514892578	2842.0366287231445	37599.611328125	37600
113.74960327148438	2843.7400817871094	37610.92578125	37611
113.81777954101562	2845.4444885253906	37610.92578125	37611
113.88600158691406	2847.1500396728516	37610.92578125	37611
113.95426177978516	2848.856544494629	37610.92578125	37611
114.02256774902344	2850.564193725586	37610.92578125	37611
114.09091186523438	2852.2727966308594	37610.92578125	37611
114.15929412841797	2853.982353210449	37610.92578125	37611
114.22772216796875	2855.6930541992188	37610.92578125	37611
114.29618835449219	2857.4047088623047	37610.92578125	37611
114.36469268798828	2859.117317199707	37610.92578125	37611
114.43324279785156	2860.831069946289	37610.92578125	37611
114.5018310546875	2862.5457763671875	37648.546875	37649
114.57046508789062	2864.2616271972656	37648.546875	37649
114.6391372680664	2865.97843170166	37648.546875	37649
114.70784759521484	2867.696189880371	37663.41015625	37663
114.77660369873047	2869.4150924682617	37629.19140625	37629
114.84539794921875	2871.1349487304688	37610.92578125	37611
114.91423797607422	2872.8559494018555	37610.92578125	37611
114.98311614990234	2874.5779037475586	37604.08984375	37604
115.05203247070312	2876.300811767578	37604.08984375	37604
115.1209945678711	2878.0248641967773	37629.19140625	37629
115.18999481201172	2879.749870300293	37629.19140625	37629
115.25904083251953	2881.4760208129883	37604.08984375	37604
115.328125	2883.203125	37604.08984375	37604
115.39724731445312	2884.931182861328	37604.08984375	37604
115.46641540527344	2886.660385131836	37604.08984375	37604
115.5356216430664	2888.39054107666	37604.08984375	37604
115.60487365722656	2890.121841430664	37592.775390625	37593
115.67416381835938	2891.8540954589844	37592.775390625	37593
115.74349975585938	2893.5874938964844	37592.775390625	37593
115.81287384033203	2895.321846008301	37592.775390625	37593
115.88229370117188	2897.057342529297	37592.775390625	37593
115.95175170898438	2898.7937927246094	37592.775390625	37593
116.02124786376953	2900.5311965942383	37592.775390625	37593
116.09078979492188	2902.269744873047	37578.2890625	37578
116.1603775024414	2904.009437561035	37564.560546875	37565
116.2300033569336	2905.75008392334	37564.560546875	37565
116.29966735839844	2907.491683959961	37557.439453125	37557
116.36937713623047	2909.2344284057617	37557.439453125	37557
116.43912506103516	2910.978126525879	37557.439453125	37557
116.50891876220703	2912.722969055176	37557.439453125	37557
116.57875061035156	2914.468765258789	37557.439453125	37557
116.64862823486328	2916.215705871582	37557.439453125	37557
116.71854400634766	2917.9636001586914	37557.439453125	37557
116.78850555419922	2919.7126388549805	37557.439453125	37557
116.85850524902344	2921.462631225586	37557.439453125	37557
116.92855072021484	2923.213768005371	37557.439453125	37557
116.9986343383789	2924.9658584594727	37557.439453125	37557
117.06876373291016	2926.719093322754	37557.439453125	37557
117.13893127441406	2928.4732818603516	37557.439453125	37557
117.20914459228516	2930.228614807129	37557.439453125	37557
117.2793960571289	2931.9849014282227	37557.439453125	37557
117.34969329833984	2933.742332458496	37557.439453125	37557
117.42002868652344	2935.500717163086	37557.439453125	37557
117.49040985107422	2937.2602462768555	37557.439453125	37557
117.56082916259766	2939.0207290649414	37557.439453125	37557
117.63129425048828	2940.782356262207	37557.439453125	37557
117.7018051147461	2942.5451278686523	37557.439453125	37557
117.77235412597656	2944.308853149414	37557.439453125	37557
117.84294128417969	2946.073532104492	37557.439453125	37557
117.91357421875	2947.83935546875	37557.439453125	37557
117.9842529296875	2949.6063232421875	37557.439453125	37557
118.05496978759766	2951.3742446899414	37557.439453125	37557
118.125732421875	2953.143310546875	37557.439453125	37557
118.196533203125	2954.913330078125	37557.439453125	37557
118.26737976074219	2956.6844940185547	37557.439453125	37557
118.33826446533203	2958.456611633301	37557.439453125	37557
118.40919494628906	2960.2298736572266	37557.439453125	37557
118.48017120361328	2962.004280090332	37520.16015625	37520
118.55118560791016	2963.779640197754	37520.16015625	37520
118.62223815917969	2965.555953979492	37520.16015625	37520
118.69334411621094	2967.3336029052734	37520.16015625	37520
118.76448822021484	2969.112205505371	37520.16015625	37520
118.8356704711914	2970.891761779785	37520.16015625	37520
118.90689849853516	2972.672462463379	37480.12890625	37480
118.9781723022461	2974.4543075561523	37480.12890625	37480
119.04948425292969	2976.237106323242	37480.12890625	37480
119.12084197998047	2978.0210494995117	37480.12890625	37480
119.1922378540039	2979.8059463500977	37480.12890625	37480
119.26367950439453	2981.5919876098633	37480.12890625	37480
119.33516693115234	2983.3791732788086	37480.12890625	37480
119.40669250488281	2985.1673126220703	37480.12890625	37480
119.47826385498047	2986.9565963745117	37480.12890625	37480
119.54988098144531	2988.747024536133	37480.12890625	37480
119.62153625488281	2990.5384063720703	37480.12890625	37480
119.6932373046875	2992.3309326171875	37480.12890625	37480
119.76497650146484	2994.124412536621	37480.12890625	37480
119.83676147460938	2995.9190368652344	37480.12890625	37480
119.9085922241211	2997.7148056030273	37480.12890625	37480
119.98046112060547	2999.5115280151367	37480.12890625	37480
120.05237579345703	3001.309394836426	37480.12890625	37480
120.12433624267578	3003.1084060668945	37480.12890625	37480
120.19633483886719	3004.9083709716797	37480.12890625	37480
120.26837921142578	3006.7094802856445	37480.12890625	37480
120.34046936035156	3008.511734008789	37480.12890625	37480
120.41259765625	3010.31494140625	37460.537109375	37461
120.48477172851562	3012.1192932128906	37460.537109375	37461
120.55699157714844	3013.924789428711	37470.091796875	37470
120.6292495727539	3015.7312393188477	37470.091796875	37470
120.70155334472656	3017.538833618164	37470.091796875	37470
120.77389526367188	3019.347381591797	37470.091796875	37470
120.8462905883789	3021.1572647094727	37470.091796875	37470
120.9187240600586	3022.968101501465	37470.091796875	37470
120.99120330810547	3024.7800827026367	37470.091796875	37470
121.063720703125	3026.593017578125	37470.091796875	37470
121.13628387451172	3028.407096862793	37470.091796875	37470
121.20889282226562	3030.2223205566406	37470.091796875	37470
121.28153991699219	3032.0384979248047	37470.091796875	37470
121.35424041748047	3033.8560104370117	37470.091796875	37470
121.42697143554688	3035.674285888672	37440.021484375	37440
121.499755859375	3037.493896484375	37440.021484375	37440
121.57257843017578	3039.3144607543945	37440.021484375	37440
121.64544677734375	3041.1361694335938	37440.021484375	37440
121.7183609008789	3042.9590225219727	37440.021484375	37440
121.79132080078125	3044.7830200195312	37440.021484375	37440
121.86431884765625	3046.6079711914062	37440.021484375	37440
121.93736267089844	3048.434066772461	37440.021484375	37440
122.01045227050781	3050.2613067626953	37440.021484375	37440
122.08358001708984	3052.089500427246	37440.021484375	37440
122.15675354003906	3053.9188385009766	37440.021484375	37440
122.22997283935547	3055.7493209838867	37440.021484375	37440
122.30323791503906	3057.5809478759766	37440.021484375	37440
122.37654876708984	3059.413719177246	37440.021484375	37440
122.44989776611328	3061.247444152832	37440.021484375	37440
122.5232925415039	3063.0823135375977	37470.091796875	37470
122.59673309326172	3064.918327331543	37470.091796875	37470
122.67021179199219	3066.7552947998047	37470.091796875	37470
122.74373626708984	3068.593406677246	37470.091796875	37470
122.81731414794922	3070.4328536987305	37440.021484375	37440
122.89092254638672	3072.273063659668	37440.021484375	37440
122.96458435058594	3074.1146087646484	37440.021484375	37440
123.03828430175781	3075.9571075439453	37440.021484375	37440
123.1120376586914	3077.800941467285	37440.021484375	37440
123.18582916259766	3079.6457290649414	37470.091796875	37470
123.2596664428711	3081.4916610717773	37440.021484375	37440
123.33354187011719	3083.3385467529297	37440.021484375	37440
123.407470703125	3085.186767578125	37467.458984375	37467
123.48143768310547	3087.0359420776367	37467.458984375	37467
123.55545043945312	3088.886260986328	37467.458984375	37467
123.62950897216797	3090.737724304199	37467.458984375	37467
123.70360565185547	3092.5901412963867	37467.458984375	37467
123.77775573730469	3094.443893432617	37467.458984375	37467
123.85194396972656	3096.298599243164	37467.458984375	37467
123.92617797851562	3098.1544494628906	37467.458984375	37467
124.00045776367188	3100.011444091797	37467.458984375	37467
124.07478332519531	3101.869583129883	37467.458984375	37467
124.14915466308594	3103.7288665771484	37467.458984375	37467
124.22356414794922	3105.5891036987305	37487.05078125	37487
124.29802703857422	3107.4506759643555	37487.05078125	37487
124.37252807617188	3109.313201904297	37487.05078125	37487
124.44707489013672	3111.176872253418	37487.05078125	37487
124.52166748046875	3113.0416870117188	37487.05078125	37487
124.59629821777344	3114.907455444336	37487.05078125	37487
124.67098236083984	3116.774559020996	37487.05078125	37487
124.74571228027344	3118.642807006836	37480.12890625	37480
124.82048034667969	3120.512008666992	37480.12890625	37480
124.89529418945312	3122.382354736328	37480.12890625	37480
124.97015380859375	3124.2538452148438	37480.12890625	37480
125.04505920410156	3126.126480102539	37480.12890625	37480
125.12001037597656	3128.000259399414	37480.12890625	37480
125.19500732421875	3129.8751831054688	37480.12890625	37480
125.27005004882812	3131.751251220703	37470.091796875	37470
125.34513092041016	3133.628273010254	37470.091796875	37470
125.4202651977539	3135.5066299438477	37470.091796875	37470
125.49543762207031	3137.385940551758	37510.08984375	37510
125.5706558227539	3139.2663955688477	37510.08984375	37510
125.64591979980469	3141.147994995117	37510.08984375	37510
125.72122955322266	3143.0307388305664	37507.45703125	37507
125.79658508300781	3144.9146270751953	37507.45703125	37507
125.87198638916016	3146.799659729004	37507.45703125	37507
125.94743347167969	3148.685836791992	37507.45703125	37507
126.0229263305664	3150.57315826416	37507.45703125	37507
126.09846496582031	3152.461624145508	37507.45703125	37507
126.17404174804688	3154.351043701172	37507.45703125	37507
126.24967193603516	3156.241798400879	37507.45703125	37507
126.3253402709961	3158.1335067749023	37507.45703125	37507
126.40106201171875	3160.0265502929688	37507.45703125	37507
126.47682189941406	3161.9205474853516	37507.45703125	37507
126.5526351928711	3163.8158798217773	37507.45703125	37507
126.62848663330078	3165.7121658325195	37507.45703125	37507
126.70438385009766	3167.6095962524414	37507.45703125	37507
126.78033447265625	3169.5083618164062	37507.45703125	37507
126.8563232421875	3171.4080810546875	37507.45703125	37507
126.93235778808594	3173.3089447021484	37507.45703125	37507
127.00843811035156	3175.210952758789	37507.45703125	37507
127.08456420898438	3177.1141052246094	37500.53515625	37501
127.16073608398438	3179.0184020996094	37500.53515625	37501
127.23695373535156	3180.923843383789	37500.53515625	37501
127.31321716308594	3182.8304290771484	37500.53515625	37501
127.38953399658203	3184.738349914551	37500.53515625	37501
127.46588897705078	3186.6472244262695	37500.53515625	37501
127.54228973388672	3188.557243347168	37500.53515625	37501
127.61873626708984	3190.468406677246	37500.53515625	37501
127.69522857666016	3192.380714416504	37500.53515625	37501
127.77176666259766	3194.2941665649414	37500.53515625	37501
127.84835052490234	3196.2087631225586	37500.53515625	37501
127.92498016357422	3198.1245040893555	37500.53515625	37501
128.0016632080078	3200.0415802001953	37500.53515625	37501
128.07838439941406	3201.9596099853516	37500.53515625	37501
128.1551513671875	3203.8787841796875	37500.53515625	37501
128.23196411132812	3205.799102783203	37500.53515625	37501
128.30882263183594	3207.7205657958984	37500.53515625	37501
128.38572692871094	3209.6431732177734	37500.53515625	37501
128.46267700195312	3211.566925048828	37500.53515625	37501
128.53968811035156	3213.492202758789	37500.53515625	37501
128.61672973632812	3215.418243408203	37500.53515625	37501
128.69381713867188	3217.345428466797	37500.53515625	37501
128.7709503173828	3219.2737579345703	37500.53515625	37501
128.84814453125	3221.20361328125	37500.53515625	37501
128.9253692626953	3223.134231567383	37500.53515625	37501
129.0026397705078	3225.0659942626953	37500.53515625	37501
129.07997131347656	3226.999282836914	37500.53515625	37501
129.15733337402344	3228.933334350586	37500.53515625	37501
129.23475646972656	3230.868911743164	37500.53515625	37501
129.3122100830078	3232.8052520751953	37500.53515625	37501
129.3897247314453	3234.743118286133	37561.09765625	37561
129.46726989746094	3236.6817474365234	37561.09765625	37561
129.5448760986328	3238.6219024658203	37561.09765625	37561
129.62252807617188	3240.563201904297	37561.09765625	37561
129.70021057128906	3242.5052642822266	37561.09765625	37561
129.7779541015625	3244.4488525390625	37571.16796875	37571
129.85574340820312	3246.393585205078	37571.16796875	37571
129.93357849121094	3248.3394622802734	37571.16796875	37571
130.01145935058594	3250.2864837646484	37571.16796875	37571
130.08938598632812	3252.234649658203	37561.09765625	37561
130.1673583984375	3254.1839599609375	37561.09765625	37561
130.24537658691406	3256.1344146728516	37561.09765625	37561
130.3234405517578	3258.0860137939453	37561.09765625	37561
130.4015655517578	3260.0391387939453	37561.09765625	37561
130.47972106933594	3261.9930267333984	37561.09765625	37561
130.55792236328125	3263.9480590820312	37561.09765625	37561
130.6361846923828	3265.9046173095703	37561.09765625	37561
130.7144775390625	3267.8619384765625	37561.09765625	37561
130.79283142089844	3269.820785522461	37561.09765625	37561
130.87123107910156	3271.780776977539	37561.09765625	37561
130.94967651367188	3273.741912841797	37549.05859375	37549
131.0281524658203	3275.703811645508	37549.05859375	37549
131.106689453125	3277.667236328125	37549.05859375	37549
131.18528747558594	3279.6321868896484	37549.05859375	37549
131.263916015625	3281.597900390625	37549.05859375	37549
131.34259033203125	3283.5647583007812	37561.09765625	37561
131.4213104248047	3285.532760620117	37561.09765625	37561
131.50009155273438	3287.5022888183594	37561.09765625	37561
131.5789031982422	3289.4725799560547	37561.09765625	37561
131.65777587890625	3291.4443969726562	37561.09765625	37561
131.73667907714844	3293.416976928711	37561.09765625	37561
131.81564331054688	3295.391082763672	37561.09765625	37561
131.8946533203125	3297.3663330078125	37561.09765625	37561
131.9737091064453	3299.342727661133	37561.09765625	37561
132.0528106689453	3301.320266723633	37561.09765625	37561
132.1319580078125	3303.2989501953125	37561.09765625	37561
132.21116638183594	3305.2791595458984	37561.09765625	37561
132.2904052734375	3307.2601318359375	37577.099609375	37577
132.3697052001953	3309.242630004883	37561.09765625	37561
132.44903564453125	3311.2258911132812	37525.62890625	37526
132.52842712402344	3313.210678100586	37525.62890625	37526
132.6078643798828	3315.1966094970703	37525.62890625	37526
132.68734741210938	3317.1836853027344	37525.62890625	37526
132.76687622070312	3319.171905517578	37525.62890625	37526
132.84645080566406	3321.1612701416016	37525.62890625	37526
132.92608642578125	3323.1521606445312	37525.62890625	37526
133.00575256347656	3325.143814086914	37525.62890625	37526
133.08547973632812	3327.136993408203	37525.62890625	37526
133.16525268554688	3329.131317138672	37525.62890625	37526
133.2450714111328	3331.1267852783203	37525.62890625	37526
133.32493591308594	3333.1233978271484	37525.62890625	37526
133.40484619140625	3335.1211547851562	37525.62890625	37526
133.48480224609375	3337.1200561523438	37525.62890625	37526
133.5648193359375	3339.1204833984375	37561.09765625	37561
133.64486694335938	3341.1216735839844	37561.09765625	37561
133.7249755859375	3343.1243896484375	37500.53515625	37501
133.8051300048828	3345.1282501220703	37500.53515625	37501
133.8853302001953	3347.133255004883	37500.53515625	37501
133.965576171875	3349.139404296875	37500.53515625	37501
134.04588317871094	3351.1470794677734	37500.53515625	37501
134.126220703125	3353.155517578125	37500.53515625	37501
134.2066192626953	3355.165481567383	37500.53515625	37501
134.2870635986328	3357.1765899658203	37500.53515625	37501
134.3675537109375	3359.1888427734375	37500.53515625	37501
134.44808959960938	3361.2022399902344	37500.53515625	37501
134.52867126464844	3363.216781616211	37500.53515625	37501
134.6092987060547	3365.232467651367	37500.53515625	37501
134.6899871826172	3367.2496795654297	37500.53515625	37501
134.77072143554688	3369.268035888672	37500.53515625	37501
134.85150146484375	3371.2875366210938	37500.53515625	37501
134.9323272705078	3373.3081817626953	37500.53515625	37501
135.01319885253906	3375.3299713134766	37477.701171875	37478
135.09413146972656	3377.353286743164	37477.701171875	37478
135.17510986328125	3379.3777465820312	37477.701171875	37478
135.25611877441406	3381.4029693603516	37477.701171875	37478
135.33718872070312	3383.429718017578	37477.701171875	37478
135.41831970214844	3385.457992553711	37477.701171875	37478
135.49948120117188	3387.487030029297	37477.701171875	37478
135.58070373535156	3389.517593383789	37477.701171875	37478
135.66195678710938	3391.5489196777344	37477.701171875	37478
135.74327087402344	3393.581771850586	37477.701171875	37478
135.82464599609375	3395.6161499023438	37477.701171875	37478
135.9060516357422	3397.6512908935547	37460.71484375	37461
135.98751831054688	3399.687957763672	37480.01953125	37480
136.0690155029297	3401.725387573242	37480.01953125	37480
136.15057373046875	3403.7643432617188	37480.01953125	37480
136.23219299316406	3405.8048248291016	37480.01953125	37480
136.3138427734375	3407.8460693359375	37480.01953125	37480
136.39553833007812	3409.888458251953	37480.01953125	37480
136.477294921875	3411.932373046875	37480.01953125	37480
136.55909729003906	3413.9774322509766	37480.01953125	37480
136.64096069335938	3416.0240173339844	37480.01953125	37480
136.7228546142578	3418.0713653564453	37480.01953125	37480
136.8048095703125	3420.1202392578125	37480.01953125	37480
136.88681030273438	3422.1702575683594	37480.01953125	37480
136.96885681152344	3424.221420288086	37480.01953125	37480
137.0509490966797	3426.273727416992	37480.01953125	37480
137.13308715820312	3428.327178955078	37480.01953125	37480
137.2152862548828	3430.3821563720703	37480.01953125	37480
137.2975311279297	3432.438278198242	37479.6484375	37480
137.37982177734375	3434.4955444335938	37479.6484375	37480
137.46217346191406	3436.5543365478516	37479.6484375	37480
137.54457092285156	3438.614273071289	37479.6484375	37480
137.62701416015625	3440.6753540039062	37479.6484375	37480
137.70950317382812	3442.737579345703	37479.6484375	37480
137.7920379638672	3444.8009490966797	37479.6484375	37480
137.8746337890625	3446.8658447265625	37479.6484375	37480
137.957275390625	3448.931884765625	37474.78125	37475
138.0399627685547	3450.999069213867	37474.78125	37475
138.12269592285156	3453.067398071289	37474.78125	37475
138.2054901123047	3455.137252807617	37474.78125	37475
138.288330078125	3457.208251953125	37474.78125	37475
138.3712158203125	3459.2803955078125	37525.62890625	37526
138.4541473388672	3461.3536834716797	37525.62890625	37526
138.53713989257812	3463.428497314453	37525.62890625	37526
138.62017822265625	3465.5044555664062	37513.58984375	37514
138.70326232910156	3467.581558227539	37541.630859375	37542
138.78640747070312	3469.660186767578	37541.630859375	37542
138.8695831298828	3471.7395782470703	37541.630859375	37542
138.95281982421875	3473.8204956054688	37556.23046875	37556
139.03611755371094	3475.9029388427734	37541.630859375	37542
139.11944580078125	3477.9861450195312	37541.630859375	37542
139.2028350830078	3480.0708770751953	37541.630859375	37542
139.28627014160156	3482.156753540039	37541.630859375	37542
139.3697509765625	3484.2437744140625	37474.78125	37475
139.4532928466797	3486.332321166992	37474.78125	37475
139.53688049316406	3488.4220123291016	37474.78125	37475
139.62051391601562	3490.5128479003906	37474.78125	37475
139.70420837402344	3492.605209350586	37474.78125	37475
139.78793334960938	3494.6983337402344	37474.78125	37475
139.87171936035156	3496.792984008789	37452.978515625	37453
139.95556640625	3498.88916015625	37452.978515625	37453
140.03944396972656	3500.986099243164	37452.978515625	37453
140.12338256835938	3503.0845642089844	37452.978515625	37453
140.20738220214844	3505.184555053711	37452.978515625	37453
140.29141235351562	3507.2853088378906	37452.978515625	37453
140.37550354003906	3509.3875885009766	37452.978515625	37453
140.4596405029297	3511.491012573242	37452.978515625	37453
140.54383850097656	3513.595962524414	37452.978515625	37453
140.62806701660156	3515.701675415039	37452.978515625	37453
140.7123565673828	3517.8089141845703	37452.978515625	37453
140.7967071533203	3519.917678833008	37452.978515625	37453
140.88108825683594	3522.0272064208984	37452.978515625	37453
140.9655303955078	3524.1382598876953	37452.978515625	37453
141.05003356933594	3526.2508392333984	37452.978515625	37453
141.1345672607422	3528.3641815185547	37452.978515625	37453
141.2191619873047	3530.479049682617	37498.958984375	37499
141.30381774902344	3532.595443725586	37498.958984375	37499
141.3885040283203	3534.712600708008	37498.958984375	37499
141.47325134277344	3536.831283569336	37498.958984375	37499
141.55804443359375	3538.9511108398438	37452.978515625	37453
141.6428985595703	3541.072463989258	37452.978515625	37453
141.72779846191406	3543.1949615478516	37452.978515625	37453
141.812744140625	3545.318603515625	37452.978515625	37453
141.8977508544922	3547.4437713623047	37426.720703125	37427
141.98280334472656	3549.570083618164	37426.720703125	37427
142.06790161132812	3551.697540283203	37426.720703125	37427
142.15306091308594	3553.8265228271484	37426.720703125	37427
142.23826599121094	3555.9566497802734	37426.720703125	37427
142.32351684570312	3558.087921142578	37426.720703125	37427
142.40882873535156	3560.220718383789	37426.720703125	37427
142.4941864013672	3562.3546600341797	37426.720703125	37427
142.57958984375	3564.48974609375	37426.720703125	37427
142.66505432128906	3566.6263580322266	37452.978515625	37453
142.7505645751953	3568.764114379883	37491.787109375	37492
142.83612060546875	3570.9030151367188	37491.787109375	37492
142.92173767089844	3573.043441772461	37498.958984375	37499
143.0074005126953	3575.185012817383	37450.8984375	37451
143.09312438964844	3577.328109741211	37450.8984375	37451
143.17889404296875	3579.4723510742188	37407.0625	37407
143.26470947265625	3581.6177368164062	37407.0625	37407
143.35057067871094	3583.7642669677734	37407.0625	37407
143.43649291992188	3585.912322998047	37356.107421875	37356
143.52247619628906	3588.0619049072266	37356.107421875	37356
143.60850524902344	3590.212631225586	37356.107421875	37356
143.694580078125	3592.364501953125	37356.107421875	37356
143.78070068359375	3594.5175170898438	37356.107421875	37356
143.86688232421875	3596.6720581054688	37356.107421875	37356
143.95310974121094	3598.8277435302734	37356.107421875	37356
144.03939819335938	3600.9849548339844	37356.107421875	37356
144.125732421875	3603.143310546875	37356.107421875	37356
144.21212768554688	3605.303192138672	37356.107421875	37356
144.29855346679688	3607.463836669922	37356.107421875	37356
144.3850555419922	3609.6263885498047	37356.107421875	37356
144.47158813476562	3611.7897033691406	37356.107421875	37356
144.5581817626953	3613.954544067383	37356.107421875	37356
144.64483642578125	3616.1209106445312	37356.107421875	37356
144.73153686523438	3618.2884216308594	37356.107421875	37356
144.8182830810547	3620.457077026367	37356.107421875	37356
144.90509033203125	3622.6272583007812	37356.107421875	37356
144.991943359375	3624.798583984375	37356.107421875	37356
145.07884216308594	3626.9710540771484	37356.107421875	37356
145.16580200195312	3629.145050048828	37356.107421875	37356
145.2528076171875	3631.3201904296875	37356.107421875	37356
145.33987426757812	3633.496856689453	37356.107421875	37356
145.42698669433594	3635.6746673583984	37356.107421875	37356
145.51416015625	3637.85400390625	37356.107421875	37356
145.60137939453125	3640.0344848632812	37356.107421875	37356
145.6886444091797	3642.216110229492	37356.107421875	37356
145.77597045898438	3644.3992614746094	37356.107421875	37356
145.86334228515625	3646.5835571289062	37356.107421875	37356
145.95077514648438	3648.7693786621094	37263.509765625	37264
146.0382537841797	3650.956344604492	37263.509765625	37264
146.12579345703125	3653.1448364257812	37305.42578125	37305
146.21337890625	3655.33447265625	37305.42578125	37305
146.30101013183594	3657.5252532958984	37305.42578125	37305
146.38870239257812	3659.717559814453	37305.42578125	37305
146.4764404296875	3661.9110107421875	37305.42578125	37305
146.56423950195312	3664.105987548828	37305.42578125	37305
146.65208435058594	3666.3021087646484	37305.42578125	37305
146.739990234375	3668.499755859375	37305.42578125	37305
146.82794189453125	3670.6985473632812	37305.42578125	37305
146.91595458984375	3672.8988647460938	37305.42578125	37305
147.00401306152344	3675.100326538086	37282.14453125	37282
147.09213256835938	3677.3033142089844	37282.14453125	37282
147.18028259277344	3679.507064819336	37282.14453125	37282
147.2685089111328	3681.7127227783203	37282.14453125	37282
147.35678100585938	3683.9195251464844	37282.14453125	37282
147.44509887695312	3686.127471923828	37282.14453125	37282
147.53347778320312	3688.336944580078	37269.880859375	37270
147.6219024658203	3690.547561645508	37269.880859375	37270
147.71038818359375	3692.7597045898438	37276.625	37277
147.79891967773438	3694.9729919433594	37276.625	37277
147.88751220703125	3697.1878051757812	37276.625	37277
147.9761505126953	3699.403762817383	37282.6015625	37283
148.06484985351562	3701.6212463378906	37282.6015625	37283
148.15359497070312	3703.839874267578	37282.6015625	37283
148.24240112304688	3706.060028076172	37282.6015625	37283
148.3312530517578	3708.2813262939453	37276.625	37277
148.420166015625	3710.504150390625	37276.625	37277
148.50912475585938	3712.7281188964844	37276.625	37277
148.59814453125	3714.95361328125	37276.625	37277
148.6872100830078	3717.1802520751953	37276.625	37277
148.7763214111328	3719.4080352783203	37276.625	37277
148.86549377441406	3721.6373443603516	37276.625	37277
148.95472717285156	3723.868179321289	37299.44921875	37299
149.04400634765625	3726.1001586914062	37299.44921875	37299
149.1333465576172	3728.3336639404297	37299.44921875	37299
149.2227325439453	3730.568313598633	37296.3359375	37296
149.3121795654297	3732.804489135742	37296.3359375	37296
149.40167236328125	3735.0418090820312	37296.3359375	37296
149.49122619628906	3737.2806549072266	37296.3359375	37296
149.58082580566406	3739.5206451416016	37296.3359375	37296
149.6704864501953	3741.762161254883	37296.3359375	37296
149.76019287109375	3744.0048217773438	37269.880859375	37270
149.84996032714844	3746.249008178711	37269.880859375	37270
149.9397735595703	3748.494338989258	37269.880859375	37270
150.02964782714844	3750.741195678711	37269.880859375	37270
150.11956787109375	3752.9891967773438	37269.880859375	37270
150.2095489501953	3755.238723754883	37258.55078125	37259
150.29957580566406	3757.4893951416016	37258.55078125	37259
150.38966369628906	3759.7415924072266	37243.083984375	37243
150.4798126220703	3761.995315551758	37258.55078125	37259
150.57000732421875	3764.2501831054688	37258.55078125	37259
150.66026306152344	3766.506576538086	37258.55078125	37259
150.7505645751953	3768.764114379883	37258.55078125	37259
150.84091186523438	3771.0227966308594	37258.55078125	37259
150.93133544921875	3773.2833862304688	37258.55078125	37259
151.02178955078125	3775.5447387695312	37258.55078125	37259
151.11231994628906	3777.8079986572266	37258.55078125	37259
151.20289611816406	3780.0724029541016	37258.55078125	37259
151.29351806640625	3782.3379516601562	37258.55078125	37259
151.3842010498047	3784.605026245117	37258.55078125	37259
151.47494506835938	3786.8736267089844	37236.51171875	37237
151.56573486328125	3789.1433715820312	37236.51171875	37237
151.65658569335938	3791.4146423339844	37236.51171875	37237
151.7474822998047	3793.687057495117	37236.51171875	37237
151.83843994140625	3795.9609985351562	37236.51171875	37237
151.929443359375	3798.236083984375	37215.650390625	37216
152.0205078125	3800.5126953125	37215.650390625	37216
152.11163330078125	3802.7908325195312	37208.685546875	37209
152.2028045654297	3805.070114135742	37208.685546875	37209
152.29403686523438	3807.3509216308594	37208.685546875	37209
152.38531494140625	3809.6328735351562	37208.685546875	37209
152.47665405273438	3811.9163513183594	37180.162109375	37180
152.5680389404297	3814.200973510742	37180.162109375	37180
152.65948486328125	3816.4871215820312	37170.509765625	37171
152.75099182128906	3818.7747955322266	37128.30078125	37128
152.84254455566406	3821.0636138916016	37119.80859375	37120
152.9341583251953	3823.353958129883	37119.80859375	37120
153.0258331298828	3825.6458282470703	37123.408203125	37123
153.1175537109375	3827.9388427734375	37128.30078125	37128
153.20932006835938	3830.2330017089844	37128.30078125	37128
153.30116271972656	3832.529067993164	37128.30078125	37128
153.39303588867188	3834.825897216797	37128.30078125	37128
153.4849853515625	3837.1246337890625	37128.30078125	37128
153.5769805908203	3839.424514770508	37113.255859375	37113
153.66903686523438	3841.7259216308594	37113.255859375	37113
153.76113891601562	3844.0284729003906	37143.828125	37144
153.85330200195312	3846.332550048828	37143.828125	37144
153.94552612304688	3848.638153076172	37143.828125	37144
154.0377960205078	3850.9449005126953	37143.828125	37144
154.130126953125	3853.253173828125	37113.255859375	37113
154.22250366210938	3855.5625915527344	37124.166015625	37124
154.31494140625	3857.87353515625	37124.166015625	37124
154.40744018554688	3860.186004638672	37124.166015625	37124
154.49998474121094	3862.4996185302734	37124.166015625	37124
154.59259033203125	3864.8147583007812	37124.166015625	37124
154.6852569580078	3867.1314239501953	37124.166015625	37124
154.77796936035156	3869.449234008789	37160.205078125	37160
154.87074279785156	3871.768569946289	37160.205078125	37160
154.96356201171875	3874.0890502929688	37160.205078125	37160
155.05645751953125	3876.4114379882812	37160.205078125	37160
155.14938354492188	3878.734588623047	37160.205078125	37160
155.2423858642578	3881.0596466064453	37160.205078125	37160
155.33543395996094	3883.3858489990234	37160.205078125	37160
155.4285430908203	3885.713577270508	37160.205078125	37160
155.52169799804688	3888.042449951172	37160.205078125	37160
155.6149139404297	3890.372848510742	37160.205078125	37160
155.70819091796875	3892.7047729492188	37160.205078125	37160
155.80152893066406	3895.0382232666016	37160.205078125	37160
155.89491271972656	3897.372817993164	37160.205078125	37160
155.98834228515625	3899.7085571289062	37160.205078125	37160
156.08184814453125	3902.0462036132812	37160.205078125	37160
156.17539978027344	3904.384994506836	37160.205078125	37160
156.26901245117188	3906.725311279297	37124.166015625	37124
156.3626708984375	3909.0667724609375	37124.166015625	37124
156.45639038085938	3911.4097595214844	37124.166015625	37124
156.5501708984375	3913.7542724609375	37160.205078125	37160
156.64401245117188	3916.100311279297	37192.59375	37193
156.73789978027344	3918.447494506836	37192.59375	37193
156.83184814453125	3920.7962036132812	37192.59375	37193
156.92584228515625	3923.1460571289062	37192.59375	37193
157.01991271972656	3925.497817993164	37160.212890625	37160
157.11402893066406	3927.8507232666016	37160.212890625	37160
157.20819091796875	3930.2047729492188	37160.212890625	37160
157.30242919921875	3932.5607299804688	37160.212890625	37160
157.39671325683594	3934.9178314208984	37154.74609375	37155
157.4910430908203	3937.276077270508	37154.74609375	37155
157.58544921875	3939.63623046875	37154.74609375	37155
157.67990112304688	3941.997528076172	37143.8359375	37144
157.7744140625	3944.3603515625	37143.8359375	37144
157.8689727783203	3946.724319458008	37089.5390625	37090
157.96360778808594	3949.0901947021484	37089.5390625	37090
158.05828857421875	3951.4572143554688	37042.8203125	37043
158.1530303955078	3953.8257598876953	37035.45703125	37035
158.24781799316406	3956.1954498291016	37035.45703125	37035
158.34266662597656	3958.566665649414	37035.45703125	37035
158.4375762939453	3960.939407348633	37035.45703125	37035
158.5325469970703	3963.313674926758	37035.45703125	37035
158.6275634765625	3965.6890869140625	37035.45703125	37035
158.72264099121094	3968.0660247802734	36984.58203125	36985
158.81777954101562	3970.4444885253906	36984.58203125	36985
158.91297912597656	3972.824478149414	36984.58203125	36985
159.0082244873047	3975.205612182617	37010.48046875	37010
159.10353088378906	3977.5882720947266	37010.48046875	37010
159.1988983154297	3979.972457885742	37010.48046875	37010
159.2943115234375	3982.3577880859375	37010.48046875	37010
159.38980102539062	3984.7450256347656	37010.48046875	37010
159.48533630371094	3987.1334075927734	37038.796875	37039
159.58091735839844	3989.522933959961	37038.796875	37039
159.67657470703125	3991.9143676757812	37038.796875	37039
159.77227783203125	3994.3069458007812	37038.796875	37039
159.8680419921875	3996.7010498046875	36991.9453125	36992
159.9638671875	3999.0966796875	36991.9453125	36992
160.05975341796875	4001.4938354492188	36991.9453125	36992
160.1556854248047	4003.892135620117	36991.9453125	36992
160.25167846679688	4006.291961669922	36991.9453125	36992
160.3477325439453	4008.693313598633	36991.9453125	36992
160.44384765625	4011.09619140625	36932.37890625	36932
160.54000854492188	4013.500213623047	36932.37890625	36932
160.63624572753906	4015.9061431884766	36932.37890625	36932
160.73252868652344	4018.313217163086	36932.37890625	36932
160.828857421875	4020.721435546875	36932.37890625	36932
160.92526245117188	4023.131561279297	36984.58203125	36985
161.02171325683594	4025.5428314208984	37038.796875	37039
161.1182403564453	4027.956008911133	37038.796875	37039
161.2147979736328	4030.3699493408203	37038.796875	37039
161.31143188476562	4032.7857971191406	37038.796875	37039
161.4081268310547	4035.203170776367	37038.796875	37039
161.50486755371094	4037.6216888427734	37038.796875	37039
161.60166931152344	4040.041732788086	37038.796875	37039
161.6985321044922	4042.4633026123047	37038.796875	37039
161.7954559326172	4044.8863983154297	37038.796875	37039
161.89242553710938	4047.3106384277344	36984.58203125	36985
161.98947143554688	4049.736785888672	36945.482421875	36945
162.08656311035156	4052.164077758789	36945.482421875	36945
162.1837158203125	4054.5928955078125	36945.482421875	36945
162.2809295654297	4057.023239135742	36992.333984375	36992
162.37818908691406	4059.4547271728516	36992.333984375	36992
162.47552490234375	4061.8881225585938	36992.333984375	36992
162.57290649414062	4064.3226623535156	36992.333984375	36992
162.67034912109375	4066.7587280273438	36992.333984375	36992
162.76785278320312	4069.196319580078	36992.333984375	36992
162.86541748046875	4071.6354370117188	36992.333984375	36992
162.96302795410156	4074.075698852539	36992.333984375	36992
163.0607147216797	4076.517868041992	36992.333984375	36992
163.158447265625	4078.961181640625	36992.333984375	36992
163.25624084472656	4081.406021118164	36992.333984375	36992
163.35409545898438	4083.8523864746094	36992.333984375	36992
163.45201110839844	4086.300277709961	36992.333984375	36992
163.5499725341797	4088.749313354492	36940.130859375	36940
163.64801025390625	4091.2002563476562	36940.130859375	36940
163.74609375	4093.65234375	36940.130859375	36940
163.84423828125	4096.10595703125	36940.130859375	36940
163.94244384765625	4098.561096191406	36949.779296875	36950
164.04071044921875	4101.017761230469	36908.25390625	36908
164.1390380859375	4103.4759521484375	36908.25390625	36908
164.2374267578125	4105.9356689453125	36908.25390625	36908
164.3358612060547	4108.396530151367	36908.25390625	36908
164.43435668945312	4110.858917236328	36862.998046875	36863
164.53292846679688	4113.323211669922	36895.150390625	36895
164.6315460205078	4115.788650512695	36895.150390625	36895
164.730224609375	4118.255615234375	36862.998046875	36863
164.82894897460938	4120.723724365234	36862.998046875	36863
164.92774963378906	4123.193740844727	36862.998046875	36863
165.026611328125	4125.665283203125	36862.998046875	36863
165.12551879882812	4128.137969970703	36862.998046875	36863
165.22450256347656	4130.612564086914	36862.998046875	36863
165.3235321044922	4133.088302612305	36862.998046875	36863
165.42262268066406	4135.565567016602	36862.998046875	36863
165.5217742919922	4138.044357299805	36862.998046875	36863
165.62098693847656	4140.524673461914	36862.998046875	36863
165.7202606201172	4143.00651550293	36857.572265625	36858
165.819580078125	4145.489501953125	36857.572265625	36858
165.91897583007812	4147.974395751953	36846.52734375	36847
166.0184326171875	4150.4608154296875	36846.52734375	36847
166.11793518066406	4152.948379516602	36846.52734375	36847
166.21749877929688	4155.437469482422	36846.52734375	36847
166.317138671875	4157.928466796875	36829.16015625	36829
166.4168243408203	4160.420608520508	36846.52734375	36847
166.51657104492188	4162.914276123047	36851.677734375	36852
166.6163787841797	4165.409469604492	36851.677734375	36852
166.71624755859375	4167.906188964844	36851.677734375	36852
166.81617736816406	4170.404434204102	36894.875	36895
166.91615295410156	4172.903823852539	36894.875	36895
167.01620483398438	4175.405120849609	36894.875	36895
167.11631774902344	4177.907943725586	36894.875	36895
167.2164764404297	4180.411911010742	36894.875	36895
167.31671142578125	4182.917785644531	36894.875	36895
167.4169921875	4185.4248046875	36940.130859375	36940
167.517333984375	4187.933349609375	36940.130859375	36940
167.6177520751953	4190.443801879883	36940.130859375	36940
167.7182159423828	4192.95539855957	36872.61328125	36873
167.81874084472656	4195.468521118164	36872.61328125	36873
167.91932678222656	4197.983169555664	36872.61328125	36873
168.0199737548828	4200.49934387207	36872.61328125	36873
168.12069702148438	4203.017425537109	36872.61328125	36873
168.22146606445312	4205.536651611328	36840.4609375	36840
168.32229614257812	4208.057403564453	36840.4609375	36840
168.4231719970703	4210.579299926758	36840.4609375	36840
168.5241241455078	4213.103103637695	36840.4609375	36840
168.62513732910156	4215.628433227539	36840.4609375	36840
168.72621154785156	4218.155288696289	36840.4609375	36840
168.8273468017578	4220.683670043945	36802.435546875	36802
168.9285430908203	4223.213577270508	36802.435546875	36802
169.02978515625	4225.74462890625	36802.435546875	36802
169.131103515625	4228.277587890625	36802.435546875	36802
169.23248291015625	4230.812072753906	36802.435546875	36802
169.3339080810547	4233.347702026367	36802.435546875	36802
169.43540954589844	4235.885238647461	36797.28515625	36797
169.53697204589844	4238.424301147461	36797.28515625	36797
169.63858032226562	4240.964508056641	36797.28515625	36797
169.74026489257812	4243.506622314453	36797.28515625	36797
169.84201049804688	4246.050262451172	36797.28515625	36797
169.9438018798828	4248.59504699707	36795.46875	36795
170.04566955566406	4251.141738891602	36795.46875	36795
170.14759826660156	4253.689956665039	36795.46875	36795
170.24957275390625	4256.239318847656	36795.46875	36795
170.35162353515625	4258.790588378906	36795.46875	36795
170.45372009277344	4261.343002319336	36725.177734375	36725
170.55589294433594	4263.897323608398	36774.57421875	36775
170.6581268310547	4266.453170776367	36774.57421875	36775
170.76040649414062	4269.010162353516	36774.57421875	36775
170.86276245117188	4271.569061279297	36774.57421875	36775
170.96517944335938	4274.129486083984	36738.94921875	36739
171.06765747070312	4276.691436767578	36738.94921875	36739
171.17018127441406	4279.254531860352	36721.978515625	36722
171.2727813720703	4281.819534301758	36721.978515625	36722
171.3754425048828	4284.38606262207	36721.978515625	36722
171.47816467285156	4286.954116821289	36721.978515625	36722
171.58094787597656	4289.523696899414	36757.603515625	36758
171.6837921142578	4292.094802856445	36757.603515625	36758
171.7866973876953	4294.667434692383	36757.603515625	36758
171.88966369628906	4297.241592407227	36757.603515625	36758
171.99269104003906	4299.817276000977	36757.603515625	36758
172.0957794189453	4302.394485473633	36725.806640625	36726
172.1989288330078	4304.973220825195	36725.806640625	36726
172.30213928222656	4307.553482055664	36704.958984375	36705
172.40541076660156	4310.135269165039	36704.958984375	36705
172.50875854492188	4312.718963623047	36704.958984375	36705
172.61215209960938	4315.303802490234	36704.958984375	36705
172.7156219482422	4317.890548706055	36704.958984375	36705
172.8191375732422	4320.478439331055	36704.958984375	36705
172.9227294921875	4323.0682373046875	36704.958984375	36705
173.0263671875	4325.6591796875	36722.55859375	36723
173.1300811767578	4328.252029418945	36722.55859375	36723
173.23385620117188	4330.846405029297	36722.55859375	36723
173.3376922607422	4333.442306518555	36722.55859375	36723
173.44158935546875	4336.039733886719	36682.587890625	36683
173.54554748535156	4338.638687133789	36682.587890625	36683
173.64956665039062	4341.239166259766	36682.587890625	36683
173.75364685058594	4343.841171264648	36682.587890625	36683
173.8577880859375	4346.4447021484375	36682.587890625	36683
173.96200561523438	4349.050140380859	36682.587890625	36683
174.06626892089844	4351.656723022461	36699.607421875	36700
174.1706085205078	4354.265213012695	36659.44140625	36659
174.27499389648438	4356.874847412109	36659.44140625	36659
174.37945556640625	4359.486389160156	36659.44140625	36659
174.48397827148438	4362.099456787109	36620.65625	36621
174.58856201171875	4364.714050292969	36620.65625	36621
174.69320678710938	4367.330169677734	36620.65625	36621
174.79791259765625	4369.947814941406	36620.65625	36621
174.90267944335938	4372.566986083984	36620.65625	36621
175.0075225830078	4375.188064575195	36620.65625	36621
175.11241149902344	4377.810287475586	36620.65625	36621
175.21737670898438	4380.434417724609	36620.65625	36621
175.32240295410156	4383.060073852539	36620.65625	36621
175.427490234375	4385.687255859375	36620.65625	36621
175.5326385498047	4388.315963745117	36620.65625	36621
175.63784790039062	4390.946197509766	36620.65625	36621
175.7431182861328	4393.57795715332	36579.056640625	36579
175.8484649658203	4396.211624145508	36579.056640625	36579
175.953857421875	4398.846435546875	36579.056640625	36579
176.059326171875	4401.483154296875	36579.056640625	36579
176.16485595703125	4404.121398925781	36579.056640625	36579
176.27044677734375	4406.761169433594	36583.7421875	36584
176.3760986328125	4409.4024658203125	36583.7421875	36584
176.4818115234375	4412.0452880859375	36583.7421875	36584
176.5876007080078	4414.690017700195	36583.7421875	36584
176.6934356689453	4417.335891723633	36583.7421875	36584
176.79934692382812	4419.983673095703	36576.904296875	36577
176.9053192138672	4422.63298034668	36576.904296875	36577
177.0113525390625	4425.2838134765625	36576.904296875	36577
177.11744689941406	4427.936172485352	36576.904296875	36577
177.22361755371094	4430.590438842773	36548.9765625	36549
177.329833984375	4433.245849609375	36548.9765625	36549
177.43612670898438	4435.903167724609	36548.9765625	36549
177.54248046875	4438.56201171875	36548.9765625	36549
177.64889526367188	4441.222381591797	36548.9765625	36549
177.75537109375	4443.88427734375	36548.9765625	36549
177.86192321777344	4446.548080444336	36548.9765625	36549
177.96852111816406	4449.213027954102	36518.00390625	36518
178.0751953125	4451.8798828125	36518.00390625	36518
178.1819305419922	4454.548263549805	36518.00390625	36518
178.28872680664062	4457.218170166016	36518.00390625	36518
178.39559936523438	4459.889984130859	36518.00390625	36518
178.50253295898438	4462.563323974609	36518.00390625	36518
178.60951232910156	4465.237808227539	36471.369140625	36471
178.71656799316406	4467.914199829102	36471.369140625	36471
178.82369995117188	4470.592498779297	36471.369140625	36471
178.93087768554688	4473.271942138672	36471.369140625	36471
179.0381317138672	4475.95329284668	36471.369140625	36471
179.14544677734375	4478.636169433594	36471.369140625	36471
179.25282287597656	4481.320571899414	36471.369140625	36471
179.36026000976562	4484.006500244141	36431.22265625	36431
179.46775817871094	4486.693954467773	36431.22265625	36431
179.57533264160156	4489.383316040039	36431.22265625	36431
179.68296813964844	4492.074203491211	36471.369140625	36471
179.79066467285156	4494.766616821289	36471.369140625	36471
179.8984375	4497.4609375	36471.369140625	36471
180.00625610351562	4500.156402587891	36471.369140625	36471
180.11415100097656	4502.853775024414	36471.369140625	36471
180.22210693359375	4505.552673339844	36471.369140625	36471
180.33013916015625	4508.253479003906	36471.369140625	36471
180.43821716308594	4510.955429077148	36471.369140625	36471
180.54637145996094	4513.659286499023	36471.369140625	36471
180.6545867919922	4516.364669799805	36471.369140625	36471
180.76287841796875	4519.071960449219	36471.369140625	36471
180.8712158203125	4521.7803955078125	36471.369140625	36471
180.97962951660156	4524.490737915039	36471.369140625	36471
181.08810424804688	4527.202606201172	36471.369140625	36471
181.1966552734375	4529.9163818359375	36471.369140625	36471
181.3052520751953	4532.631301879883	36471.369140625	36471
181.41392517089844	4535.348129272461	36471.369140625	36471
181.5226593017578	4538.066482543945	36415.234375	36415
181.6314697265625	4540.7867431640625	36415.234375	36415
181.74034118652344	4543.508529663086	36415.234375	36415
181.84927368164062	4546.231842041016	36338.9296875	36339
181.95826721191406	4548.956680297852	36338.9296875	36339
182.0673370361328	4551.68342590332	36338.9296875	36339
182.17645263671875	4554.411315917969	36299.056640625	36299
182.28565979003906	4557.141494750977	36299.056640625	36299
182.39491271972656	4559.872817993164	36299.056640625	36299
182.50424194335938	4562.606048583984	36299.056640625	36299
182.61363220214844	4565.340805053711	36277.08203125	36277
182.72308349609375	4568.077087402344	36277.08203125	36277
182.83261108398438	4570.815277099609	36255.2265625	36255
182.9421844482422	4573.554611206055	36255.2265625	36255
183.05184936523438	4576.296234130859	36255.2265625	36255
183.16156005859375	4579.039001464844	36255.2265625	36255
183.27134704589844	4581.783676147461	36255.2265625	36255
183.38119506835938	4584.529876708984	36300.7109375	36301
183.49111938476562	4587.277984619141	36300.7109375	36301
183.60108947753906	4590.027236938477	36298.078125	36298
183.71115112304688	4592.778778076172	36219.578125	36220
183.82125854492188	4595.531463623047	36219.578125	36220
183.9314422607422	4598.286056518555	36219.578125	36220
184.04168701171875	4601.042175292969	36219.578125	36220
184.15199279785156	4603.799819946289	36178.984375	36179
184.2623748779297	4606.559371948242	36178.984375	36179
184.37281799316406	4609.320449829102	36178.984375	36179
184.4833221435547	4612.083053588867	36104.587890625	36105
184.59390258789062	4614.847564697266	36098.1015625	36098
184.7045440673828	4617.61360168457	36098.1015625	36098
184.8152618408203	4620.381546020508	36098.1015625	36098
184.92604064941406	4623.151016235352	36098.1015625	36098
185.03688049316406	4625.922012329102	36098.1015625	36098
185.1477813720703	4628.694534301758	36098.1015625	36098
185.25875854492188	4631.468963623047	36098.1015625	36098
185.3697967529297	4634.244918823242	36104.587890625	36105
185.4809112548828	4637.02278137207	36104.587890625	36105
185.5920867919922	4639.802169799805	36104.587890625	36105
185.7033233642578	4642.583084106445	36104.587890625	36105
185.81463623046875	4645.365905761719	36104.587890625	36105
185.92601013183594	4648.150253295898	36098.1015625	36098
186.03744506835938	4650.936126708984	36104.587890625	36105
186.14895629882812	4653.723907470703	36104.587890625	36105
186.26052856445312	4656.513214111328	36104.587890625	36105
186.37217712402344	4659.304428100586	36104.587890625	36105
186.48388671875	4662.09716796875	36063.0	36063
186.5956573486328	4664.89143371582	36063.0	36063
186.70750427246094	4667.687606811523	36063.0	36063
186.8194122314453	4670.485305786133	36099.515625	36100
186.93138122558594	4673.284530639648	36099.515625	36100
187.04342651367188	4676.085662841797	36099.515625	36100
187.15554809570312	4678.888702392578	36099.515625	36100
187.26771545410156	4681.692886352539	36099.515625	36100
187.37997436523438	4684.499359130859	36099.515625	36100
187.49227905273438	4687.306976318359	36099.515625	36100
187.6046600341797	4690.116500854492	36099.515625	36100
187.71710205078125	4692.927551269531	36099.515625	36100
187.82962036132812	4695.740509033203	36099.515625	36100
187.94219970703125	4698.554992675781	36088.666015625	36089
188.0548553466797	4701.371383666992	36088.666015625	36089
188.16757202148438	4704.189300537109	36088.666015625	36089
188.28036499023438	4707.009124755859	36088.666015625	36089
188.39320373535156	4709.830093383789	36088.666015625	36089
188.50613403320312	4712.653350830078	36088.666015625	36089
188.61912536621094	4715.478134155273	36036.65234375	36037
188.732177734375	4718.304443359375	36036.65234375	36037
188.8452911376953	4721.132278442383	36036.65234375	36037
188.95849609375	4723.96240234375	36036.65234375	36037
189.07174682617188	4726.793670654297	36036.65234375	36037
189.18507385253906	4729.626846313477	36036.162109375	36036
189.29847717285156	4732.461929321289	36036.162109375	36036
189.41192626953125	4735.298156738281	36036.162109375	36036
189.5254669189453	4738.136672973633	36035.80078125	36036
189.63906860351562	4740.976715087891	36035.80078125	36036
189.7527313232422	4743.818283081055	36035.80078125	36036
189.86647033691406	4746.661758422852	35993.62890625	35994
189.9802703857422	4749.506759643555	35966.33984375	35966
190.09414672851562	4752.353668212891	35966.33984375	35966
190.2080841064453	4755.202102661133	35966.33984375	35966
190.32208251953125	4758.052062988281	35980.98828125	35981
190.4361572265625	4760.9039306640625	35980.98828125	35981
190.55030822753906	4763.757705688477	35942.03515625	35942
190.66452026367188	4766.613006591797	35942.03515625	35942
190.77880859375	4769.47021484375	35942.03515625	35942
190.89315795898438	4772.328948974609	35942.03515625	35942
191.007568359375	4775.189208984375	35942.03515625	35942
191.12205505371094	4778.051376342773	35942.03515625	35942
191.2366180419922	4780.915451049805	35807.263671875	35807
191.3512420654297	4783.781051635742	35807.263671875	35807
191.46592712402344	4786.648178100586	35807.263671875	35807
191.5806884765625	4789.5172119140625	35807.263671875	35807
191.69552612304688	4792.388153076172	35730.62890625	35731
191.8104248046875	4795.2606201171875	35730.62890625	35731
191.92539978027344	4798.134994506836	35730.62890625	35731
192.04043579101562	4801.010894775391	35730.62890625	35731
192.15553283691406	4803.888320922852	35730.62890625	35731
192.2707061767578	4806.767654418945	35692.37109375	35692
192.38595581054688	4809.648895263672	35692.37109375	35692
192.5012664794922	4812.531661987305	35692.37109375	35692
192.6166534423828	4815.41633605957	35619.087890625	35619
192.7321014404297	4818.302536010742	35594.166015625	35594
192.84762573242188	4821.190643310547	35594.166015625	35594
192.9632110595703	4824.080276489258	35594.166015625	35594
193.07887268066406	4826.971817016602	35594.166015625	35594
193.19461059570312	4829.865264892578	35587.12109375	35587
193.31040954589844	4832.760238647461	35587.12109375	35587
193.42626953125	4835.65673828125	35587.12109375	35587
193.54220581054688	4838.555145263672	35567.34375	35567
193.65821838378906	4841.455459594727	35542.3125	35542
193.7742919921875	4844.3572998046875	35542.3125	35542
193.89044189453125	4847.261047363281	35542.3125	35542
194.00665283203125	4850.166320800781	35542.3125	35542
194.12294006347656	4853.073501586914	35542.3125	35542
194.23928833007812	4855.982208251953	35542.3125	35542
194.355712890625	4858.892822265625	35542.3125	35542
194.4722137451172	4861.80534362793	35542.3125	35542
194.58877563476562	4864.719390869141	35538.060546875	35538
194.7053985595703	4867.634963989258	35538.060546875	35538
194.82211303710938	4870.552825927734	35505.052734375	35505
194.9388885498047	4873.472213745117	35505.052734375	35505
195.05572509765625	4876.393127441406	35505.052734375	35505
195.17263793945312	4879.315948486328	35505.052734375	35505
195.2896270751953	4882.240676879883	35505.052734375	35505
195.40667724609375	4885.166931152344	35505.052734375	35505
195.5238037109375	4888.0950927734375	35470.892578125	35471
195.6409912109375	4891.0247802734375	35494.9609375	35495
195.7582550048828	4893.95637512207	35494.9609375	35495
195.87559509277344	4896.889877319336	35521.802734375	35522
195.9929962158203	4899.824905395508	35521.802734375	35522
196.1104736328125	4902.7618408203125	35521.802734375	35522
196.22802734375	4905.70068359375	35521.802734375	35522
196.34564208984375	4908.641052246094	35521.802734375	35522
196.46331787109375	4911.582946777344	35499.3515625	35499
196.58108520507812	4914.527130126953	35499.3515625	35499
196.69891357421875	4917.472839355469	35499.3515625	35499
196.81680297851562	4920.420074462891	35499.3515625	35499
196.93478393554688	4923.369598388672	35499.3515625	35499
197.0528106689453	4926.320266723633	35499.3515625	35499
197.17092895507812	4929.273223876953	35476.296875	35476
197.2891082763672	4932.22770690918	35476.296875	35476
197.40736389160156	4935.184097290039	35464.587890625	35465
197.5256805419922	4938.142013549805	35487.642578125	35488
197.64407348632812	4941.101837158203	35464.421875	35464
197.76254272460938	4944.063568115234	35464.421875	35464
197.88108825683594	4947.027206420898	35464.421875	35464
197.99969482421875	4949.992370605469	35464.421875	35464
198.1183624267578	4952.959060668945	35464.421875	35464
198.23712158203125	4955.928039550781	35464.421875	35464
198.35594177246094	4958.898544311523	35464.421875	35464
198.47482299804688	4961.870574951172	35464.421875	35464
198.5937957763672	4964.84489440918	35464.421875	35464
198.71282958984375	4967.820739746094	35464.421875	35464
198.83192443847656	4970.798110961914	35464.421875	35464
198.95111083984375	4973.777770996094	35464.421875	35464
199.0703582763672	4976.75895690918	35402.5546875	35403
199.18968200683594	4979.742050170898	35394.025390625	35394
199.30906677246094	4982.726669311523	35345.951171875	35346
199.42852783203125	4985.713195800781	35345.951171875	35346
199.54806518554688	4988.701629638672	35372.046875	35372
199.6676788330078	4991.691970825195	35372.046875	35372
199.787353515625	4994.683837890625	35372.046875	35372
199.9071044921875	4997.6776123046875	35372.046875	35372
200.02691650390625	5000.672912597656	35345.951171875	35346
200.14682006835938	5003.670501708984	35345.951171875	35346
200.26678466796875	5006.669616699219	35345.951171875	35346
200.38681030273438	5009.670257568359	35345.951171875	35346
200.50692749023438	5012.673187255859	35345.951171875	35346
200.62710571289062	5015.677642822266	35368.83203125	35369
200.7473602294922	5018.684005737305	35368.83203125	35369
200.86769104003906	5021.692276000977	35253.2265625	35253
200.9880828857422	5024.702072143555	35253.2265625	35253
201.10855102539062	5027.713775634766	35253.2265625	35253
201.22909545898438	5030.727386474609	35253.2265625	35253
201.34970092773438	5033.742523193359	35241.310546875	35241
201.47039794921875	5036.759948730469	35201.34765625	35201
201.59115600585938	5039.778900146484	35201.34765625	35201
201.71197509765625	5042.799377441406	35201.34765625	35201
201.8328857421875	5045.8221435546875	35201.34765625	35201
201.953857421875	5048.846435546875	35200.998046875	35201
202.0749053955078	5051.872634887695	35200.998046875	35201
202.19602966308594	5054.900741577148	35200.998046875	35201
202.31723022460938	5057.930755615234	35200.998046875	35201
202.43849182128906	5060.962295532227	35200.998046875	35201
202.55982971191406	5063.995742797852	35178.32421875	35178
202.68124389648438	5067.031097412109	35113.2578125	35113
202.80271911621094	5070.067977905273	35066.169921875	35066
202.92428588867188	5073.107147216797	35035.810546875	35036
203.04591369628906	5076.147842407227	35035.810546875	35036
203.16761779785156	5079.190444946289	35035.810546875	35036
203.28939819335938	5082.234954833984	35035.810546875	35036
203.41123962402344	5085.280990600586	35066.169921875	35066
203.5331573486328	5088.32893371582	34911.798828125	34912
203.6551513671875	5091.3787841796875	34911.798828125	34912
203.7772216796875	5094.4305419921875	34911.798828125	34912
203.8993682861328	5097.48420715332	34911.798828125	34912
204.02157592773438	5100.539398193359	34911.798828125	34912
204.1438751220703	5103.596878051758	34950.15625	34950
204.2662353515625	5106.6558837890625	34950.15625	34950
204.38865661621094	5109.716415405273	34950.15625	34950
204.51116943359375	5112.779235839844	34950.15625	34950
204.63375854492188	5115.843963623047	34950.15625	34950
204.75640869140625	5118.910217285156	34950.15625	34950
204.87913513183594	5121.978378295898	34985.822265625	34986
205.00193786621094	5125.048446655273	34985.822265625	34986
205.12481689453125	5128.120422363281	34985.822265625	34986
205.2477569580078	5131.193923950195	34985.822265625	34986
205.37078857421875	5134.269714355469	34985.822265625	34986
205.49388122558594	5137.347030639648	34985.822265625	34986
205.61705017089844	5140.426254272461	34985.822265625	34986
205.74029541015625	5143.507385253906	34985.822265625	34986
205.86361694335938	5146.590423583984	34947.46484375	34947
205.98699951171875	5149.674987792969	34947.46484375	34947
206.1104736328125	5152.7618408203125	34947.46484375	34947
206.2340087890625	5155.8502197265625	34867.060546875	34867
206.3576202392578	5158.940505981445	34843.57421875	34844
206.48130798339844	5162.032699584961	34843.57421875	34844
206.60507202148438	5165.126800537109	34843.57421875	34844
206.72891235351562	5168.222808837891	34843.57421875	34844
206.85281372070312	5171.320343017578	34843.57421875	34844
206.976806640625	5174.420166015625	34843.57421875	34844
207.10086059570312	5177.521514892578	34810.68359375	34811
207.22499084472656	5180.624771118164	34810.68359375	34811
207.3491973876953	5183.729934692383	34810.68359375	34811
207.47348022460938	5186.837005615234	34810.68359375	34811
207.59783935546875	5189.945983886719	34810.68359375	34811
207.72227478027344	5193.056869506836	34810.68359375	34811
207.84678649902344	5196.169662475586	34795.65234375	34796
207.9713592529297	5199.283981323242	34795.65234375	34796
208.09600830078125	5202.400207519531	34795.65234375	34796
208.2207489013672	5205.51872253418	34795.65234375	34796
208.34555053710938	5208.638763427734	34795.65234375	34796
208.47042846679688	5211.760711669922	34795.65234375	34796
208.5953826904297	5214.884567260742	34769.96484375	34770
208.7204132080078	5218.010330200195	34795.65234375	34796
208.84552001953125	5221.138000488281	34795.65234375	34796
208.97068786621094	5224.267196655273	34770.259765625	34770
209.095947265625	5227.398681640625	34770.259765625	34770
209.22128295898438	5230.532073974609	34770.259765625	34770
209.3466796875	5233.6669921875	34770.259765625	34770
209.47216796875	5236.80419921875	34770.259765625	34770
209.59771728515625	5239.942932128906	34713.34375	34713
209.7233428955078	5243.083572387695	34713.34375	34713
209.8490447998047	5246.226119995117	34713.34375	34713
209.97483825683594	5249.370956420898	34713.34375	34713
210.10069274902344	5252.517318725586	34713.34375	34713
210.22662353515625	5255.665588378906	34713.34375	34713
210.35263061523438	5258.815765380859	34713.34375	34713
210.4787139892578	5261.967849731445	34709.7109375	34710
210.60487365722656	5265.121841430664	34686.89453125	34687
210.73109436035156	5268.277359008789	34740.939453125	34741
210.85740661621094	5271.435165405273	34740.939453125	34741
210.98379516601562	5274.594879150391	34665.005859375	34665
211.11026000976562	5277.756500244141	34665.005859375	34665
211.23678588867188	5280.919647216797	34665.005859375	34665
211.3634033203125	5284.0850830078125	34665.005859375	34665
211.49009704589844	5287.252426147461	34655.12109375	34655
211.61685180664062	5290.421295166016	34655.12109375	34655
211.7436981201172	5293.59245300293	34610.9609375	34611
211.87062072753906	5296.765518188477	34610.9609375	34611
211.9976043701172	5299.94010925293	34610.9609375	34611
212.1246795654297	5303.116989135742	34610.9609375	34611
212.25181579589844	5306.295394897461	34610.9609375	34611
212.37904357910156	5309.476089477539	34610.9609375	34611
212.50633239746094	5312.658309936523	34597.39453125	34597
212.6337127685547	5315.842819213867	34597.39453125	34597
212.7611541748047	5319.028854370117	34597.39453125	34597
212.88868713378906	5322.217178344727	34597.39453125	34597
213.0162811279297	5325.407028198242	34597.39453125	34597
213.1439666748047	5328.599166870117	34597.39453125	34597
213.271728515625	5331.793212890625	34597.39453125	34597
213.39955139160156	5334.988784790039	34540.55859375	34541
213.5274658203125	5338.1866455078125	34540.12890625	34540
213.6554412841797	5341.386032104492	34540.12890625	34540
213.78350830078125	5344.587707519531	34540.12890625	34540
213.91165161132812	5347.791290283203	34540.12890625	34540
214.0398712158203	5350.996780395508	34540.12890625	34540
214.16815185546875	5354.203796386719	34540.12890625	34540
214.29652404785156	5357.413101196289	34540.12890625	34540
214.4249725341797	5360.624313354492	34540.12890625	34540
214.55349731445312	5363.837432861328	34540.12890625	34540
214.68209838867188	5367.052459716797	34540.12890625	34540
214.81077575683594	5370.269393920898	34540.12890625	34540
214.9395294189453	5373.488235473633	34540.12890625	34540
215.068359375	5376.708984375	34540.12890625	34540
215.197265625	5379.931640625	34540.12890625	34540
215.3262481689453	5383.156204223633	34540.12890625	34540
215.455322265625	5386.383056640625	34540.12890625	34540
215.58445739746094	5389.611434936523	34540.12890625	34540
215.71368408203125	5392.842102050781	34540.12890625	34540
215.8429718017578	5396.074295043945	34602.87109375	34603
215.97235107421875	5399.308776855469	34629.94140625	34630
216.10179138183594	5402.544784545898	34629.94140625	34630
216.2313232421875	5405.7830810546875	34629.94140625	34630
216.36093139648438	5409.023284912109	34593.810546875	34594
216.49061584472656	5412.265396118164	34593.810546875	34594
216.62037658691406	5415.509414672852	34531.068359375	34531
216.75021362304688	5418.755340576172	34531.068359375	34531
216.880126953125	5422.003173828125	34531.068359375	34531
217.0101318359375	5425.2532958984375	34531.068359375	34531
217.14019775390625	5428.504943847656	34531.068359375	34531
217.27035522460938	5431.758880615234	34531.068359375	34531
217.40057373046875	5435.014343261719	34531.068359375	34531
217.5308837890625	5438.2720947265625	34531.068359375	34531
217.66127014160156	5441.531753540039	34531.068359375	34531
217.79173278808594	5444.793319702148	34531.068359375	34531
217.92227172851562	5448.056793212891	34531.068359375	34531
218.0529022216797	5451.322555541992	34531.068359375	34531
218.18359375	5454.58984375	34531.068359375	34531
218.3143768310547	5457.859420776367	34489.931640625	34490
218.44522094726562	5461.130523681641	34489.931640625	34490
218.57615661621094	5464.403915405273	34429.2734375	34429
218.70716857910156	5467.679214477539	34393.533203125	34394
218.8382568359375	5470.9564208984375	34393.533203125	34394
218.96942138671875	5474.235534667969	34393.533203125	34394
219.10067749023438	5477.516937255859	34359.54296875	34360
219.23199462890625	5480.799865722656	34359.54296875	34360
219.3634033203125	5484.0850830078125	34359.54296875	34360
219.49488830566406	5487.372207641602	34359.54296875	34360
219.62644958496094	5490.661239624023	34280.115234375	34280
219.75808715820312	5493.952178955078	34280.115234375	34280
219.8898162841797	5497.245407104492	34182.626953125	34183
220.0216064453125	5500.5401611328125	34182.626953125	34183
220.1534881591797	5503.837203979492	34182.626953125	34183
220.2854461669922	5507.136154174805	34182.626953125	34183
220.41748046875	5510.43701171875	34182.626953125	34183
220.54959106445312	5513.739776611328	34182.626953125	34183
220.68179321289062	5517.044830322266	34182.626953125	34183
220.81407165527344	5520.351791381836	34182.626953125	34183
220.9464111328125	5523.6602783203125	34182.626953125	34183
221.078857421875	5526.971435546875	34182.626953125	34183
221.21136474609375	5530.284118652344	34182.626953125	34183
221.3439483642578	5533.598709106445	34182.626953125	34183
221.47662353515625	5536.915588378906	34182.626953125	34183
221.609375	5540.234375	34209.158203125	34209
221.74220275878906	5543.555068969727	34209.158203125	34209
221.87510681152344	5546.877670288086	34209.158203125	34209
222.0081024169922	5550.202560424805	34152.5859375	34153
222.14117431640625	5553.529357910156	34152.5859375	34153
222.27432250976562	5556.858062744141	34139.90234375	34140
222.4075469970703	5560.188674926758	34139.90234375	34140
222.5408477783203	5563.521194458008	34139.90234375	34140
222.6742401123047	5566.856002807617	34139.90234375	34140
222.80770874023438	5570.192718505859	34139.90234375	34140
222.94125366210938	5573.531341552734	34139.90234375	34140
223.07489013671875	5576.872253417969	34139.90234375	34140
223.20858764648438	5580.214691162109	34139.90234375	34140
223.34237670898438	5583.559417724609	34139.90234375	34140
223.4762420654297	5586.906051635742	34139.90234375	34140
223.61019897460938	5590.254974365234	34139.90234375	34140
223.74423217773438	5593.605804443359	34139.90234375	34140
223.8783416748047	5596.958541870117	34139.90234375	34140
224.0125274658203	5600.313186645508	34098.76953125	34099
224.14678955078125	5603.669738769531	34098.76953125	34099
224.28114318847656	5607.028579711914	34139.90234375	34140
224.4155731201172	5610.38932800293	34019.115234375	34019
224.5500946044922	5613.752365112305	34019.115234375	34019
224.68467712402344	5617.116928100586	34019.115234375	34019
224.81935119628906	5620.483779907227	33918.044921875	33918
224.9541015625	5623.8525390625	33918.044921875	33918
225.0889434814453	5627.223587036133	33918.044921875	33918
225.22386169433594	5630.596542358398	33918.044921875	33918
225.35885620117188	5633.971405029297	33918.044921875	33918
225.49392700195312	5637.348175048828	33918.044921875	33918
225.62908935546875	5640.727233886719	33918.044921875	33918
225.7643280029297	5644.108200073242	33918.044921875	33918
225.89964294433594	5647.491073608398	33918.044921875	33918
226.03504943847656	5650.876235961914	33918.044921875	33918
226.1705322265625	5654.2633056640625	33869.595703125	33870
226.30609130859375	5657.652282714844	33869.595703125	33870
226.44174194335938	5661.043548583984	33869.595703125	33870
226.5774688720703	5664.436721801758	33869.595703125	33870
226.71327209472656	5667.831802368164	33869.595703125	33870
226.8491668701172	5671.22917175293	33869.595703125	33870
226.98512268066406	5674.628067016602	33869.595703125	33870
227.12118530273438	5678.029632568359	33869.595703125	33870
227.25730895996094	5681.432723999023	33869.595703125	33870
227.39352416992188	5684.838104248047	33869.595703125	33870
227.5298309326172	5688.24577331543	33869.595703125	33870
227.66619873046875	5691.654968261719	33869.595703125	33870
227.8026580810547	5695.066452026367	33869.595703125	33870
227.939208984375	5698.480224609375	33869.595703125	33870
228.07583618164062	5701.895904541016	33869.595703125	33870
228.21253967285156	5705.313491821289	33869.595703125	33870
228.3493194580078	5708.732986450195	33869.595703125	33870
228.48619079589844	5712.154769897461	33871.216796875	33871
228.62313842773438	5715.578460693359	33871.216796875	33871
228.7601776123047	5719.004440307617	33754.2578125	33754
228.8972930908203	5722.432327270508	33754.2578125	33754
229.03448486328125	5725.862121582031	33730.43359375	33730
229.17176818847656	5729.294204711914	33730.43359375	33730
229.3091278076172	5732.72819519043	33721.337890625	33721
229.4465789794922	5736.164474487305	33721.337890625	33721
229.5841064453125	5739.6026611328125	33745.998046875	33746
229.72171020507812	5743.042755126953	33745.998046875	33746
229.85940551757812	5746.485137939453	33745.998046875	33746
229.99717712402344	5749.929428100586	33745.998046875	33746
230.13504028320312	5753.376007080078	33745.998046875	33746
230.27297973632812	5756.824493408203	33745.998046875	33746
230.41099548339844	5760.274887084961	33745.998046875	33746
230.54910278320312	5763.727569580078	33728.3671875	33728
230.68728637695312	5767.182159423828	33728.3671875	33728
230.8255615234375	5770.6390380859375	33728.3671875	33728
230.9639129638672	5774.09782409668	33728.3671875	33728
231.10235595703125	5777.558898925781	33728.3671875	33728
231.24087524414062	5781.021881103516	33728.3671875	33728
231.3794708251953	5784.486770629883	33728.3671875	33728
231.51815795898438	5787.953948974609	33728.3671875	33728
231.6569366455078	5791.423416137695	33667.3515625	33667
231.7957763671875	5794.8944091796875	33667.3515625	33667
231.93472290039062	5798.368072509766	33667.3515625	33667
232.07373046875	5801.84326171875	33662.419921875	33662
232.21282958984375	5805.320739746094	33662.419921875	33662
232.35202026367188	5808.800506591797	33662.419921875	33662
232.4912872314453	5812.282180786133	33662.419921875	33662
232.63064575195312	5815.766143798828	33662.419921875	33662
232.77008056640625	5819.252014160156	33662.419921875	33662
232.9095916748047	5822.739791870117	33662.419921875	33662
233.0491943359375	5826.2298583984375	33662.419921875	33662
233.1888885498047	5829.722213745117	33662.419921875	33662
233.3286590576172	5833.21647644043	33648.361328125	33648
233.468505859375	5836.712646484375	33708.99609375	33709
233.6084442138672	5840.21110534668	33708.99609375	33709
233.74847412109375	5843.711853027344	33708.99609375	33709
233.88858032226562	5847.214508056641	33595.970703125	33596
234.0287628173828	5850.71907043457	33595.970703125	33596
234.16903686523438	5854.225921630859	33571.513671875	33572
234.3094024658203	5857.735061645508	33571.513671875	33572
234.44984436035156	5861.246109008789	33585.572265625	33586
234.59036254882812	5864.759063720703	33585.572265625	33586
234.73097229003906	5868.274307250977	33585.572265625	33586
234.87167358398438	5871.791839599609	33585.572265625	33586
235.012451171875	5875.311279296875	33571.513671875	33572
235.15330505371094	5878.832626342773	33571.513671875	33572
235.29425048828125	5882.356262207031	33571.513671875	33572
235.43528747558594	5885.882186889648	33556.37890625	33556
235.57640075683594	5889.410018920898	33548.689453125	33549
235.7176055908203	5892.940139770508	33548.689453125	33549
235.85888671875	5896.47216796875	33548.689453125	33549
236.00025939941406	5900.006484985352	33548.689453125	33549
236.1417236328125	5903.5430908203125	33548.689453125	33549
236.28326416015625	5907.081604003906	33507.05078125	33507
236.4248809814453	5910.622024536133	33507.05078125	33507
236.56658935546875	5914.164733886719	33502.818359375	33503
236.70838928222656	5917.709732055664	33502.818359375	33503
236.8502655029297	5921.256637573242	33531.888671875	33532
236.9922332763672	5924.80583190918	33531.888671875	33532
237.13427734375	5928.35693359375	33531.888671875	33532
237.2764129638672	5931.91032409668	33531.888671875	33532
237.41864013671875	5935.466003417969	33511.7109375	33512
237.56094360351562	5939.023590087891	33511.7109375	33512
237.70333862304688	5942.583465576172	33511.7109375	33512
237.84580993652344	5946.145248413086	33511.7109375	33512
237.98837280273438	5949.709320068359	33511.7109375	33512
238.13101196289062	5953.275299072266	33511.7109375	33512
238.27374267578125	5956.843566894531	33512.673828125	33513
238.41656494140625	5960.414123535156	33512.673828125	33513
238.55947875976562	5963.986968994141	33495.59765625	33496
238.70245361328125	5967.561340332031	33495.59765625	33496
238.8455352783203	5971.138381958008	33461.017578125	33461
238.9886932373047	5974.717330932617	33461.017578125	33461
239.13194274902344	5978.298568725586	33434.287109375	33434
239.2752685546875	5981.8817138671875	33434.287109375	33434
239.41868591308594	5985.467147827148	33434.287109375	33434
239.56219482421875	5989.054870605469	33434.287109375	33434
239.70579528808594	5992.644882202148	33396.25390625	33396
239.84945678710938	5996.236419677734	33396.25390625	33396
239.99322509765625	5999.830627441406	33383.8359375	33384
240.13706970214844	6003.426742553711	33383.8359375	33384
240.281005859375	6007.025146484375	33364.8515625	33365
240.42503356933594	6010.625839233398	33364.8515625	33365
240.5691375732422	6014.228439331055	33364.8515625	33365
240.7133331298828	6017.83332824707	33364.8515625	33365
240.85760498046875	6021.440124511719	33364.8515625	33365
241.00198364257812	6025.049591064453	33364.8515625	33365
241.1464385986328	6028.66096496582	33336.375	33336
241.2909698486328	6032.27424621582	33334.484375	33334
241.4355926513672	6035.88981628418	33334.484375	33334
241.58030700683594	6039.507675170898	33283.283203125	33283
241.72511291503906	6043.127822875977	33283.283203125	33283
241.8699951171875	6046.7498779296875	33326.541015625	33327
242.0149688720703	6050.374221801758	33326.541015625	33327
242.1600341796875	6054.0008544921875	33326.541015625	33327
242.30517578125	6057.62939453125	33326.541015625	33327
242.45040893554688	6061.260223388672	33326.541015625	33327
242.59573364257812	6064.893341064453	33283.283203125	33283
242.74114990234375	6068.528747558594	33267.01171875	33267
242.8866424560547	6072.166061401367	33258.744140625	33259
243.0322265625	6075.8056640625	33258.744140625	33259
243.17788696289062	6079.447174072266	33258.744140625	33259
243.3236541748047	6083.091354370117	33250.271484375	33250
243.46949768066406	6086.737442016602	33250.271484375	33250
243.6154327392578	6090.385818481445	33250.271484375	33250
243.76144409179688	6094.036102294922	33250.271484375	33250
243.9075469970703	6097.688674926758	33192.845703125	33193
244.05374145507812	6101.343536376953	33192.845703125	33193
244.2000274658203	6105.000686645508	33113.68359375	33114
244.34640502929688	6108.660125732422	33104.630859375	33105
244.49285888671875	6112.321472167969	33104.630859375	33105
244.639404296875	6115.985107421875	33104.630859375	33105
244.78604125976562	6119.651031494141	33087.96875	33088
244.93275451660156	6123.318862915039	33087.96875	33088
245.07957458496094	6126.989364624023	33097.021484375	33097
245.22647094726562	6130.661773681641	33036.439453125	33036
245.37344360351562	6134.336090087891	33036.439453125	33036
245.52052307128906	6138.013076782227	33014.6796875	33015
245.6676788330078	6141.691970825195	33014.6796875	33015
245.81494140625	6145.37353515625	33014.6796875	33015
245.9622802734375	6149.0570068359375	33014.6796875	33015
246.1096954345703	6152.742385864258	32982.544921875	32983
246.25721740722656	6156.430435180664	32992.251953125	32992
246.40481567382812	6160.120391845703	32960.1171875	32960
246.55250549316406	6163.812637329102	32941.26953125	32941
246.70028686523438	6167.507171630859	32937.7265625	32938
246.84815979003906	6171.203994750977	32937.7265625	32938
246.99610900878906	6174.902725219727	32937.7265625	32938
247.1441650390625	6178.6041259765625	32937.7265625	32938
247.29229736328125	6182.307434082031	32937.7265625	32938
247.44052124023438	6186.013031005859	32932.45703125	32932
247.58883666992188	6189.720916748047	32932.45703125	32932
247.7372283935547	6193.430709838867	32900.578125	32901
247.88572692871094	6197.143173217773	32900.578125	32901
248.0343017578125	6200.8575439453125	32900.578125	32901
248.18296813964844	6204.574203491211	32900.578125	32901
248.33172607421875	6208.293151855469	32900.578125	32901
248.48057556152344	6212.014389038086	32893.69140625	32894
248.6295166015625	6215.7379150390625	32893.69140625	32894
248.77853393554688	6219.463348388672	32893.69140625	32894
248.92764282226562	6223.191070556641	32850.36328125	32850
249.0768585205078	6226.921463012695	32850.36328125	32850
249.2261505126953	6230.653762817383	32814.291015625	32814
249.3755340576172	6234.38835144043	32762.4765625	32762
249.52499389648438	6238.124847412109	32762.4765625	32762
249.674560546875	6241.864013671875	32686.935546875	32687
249.82421875	6245.60546875	32662.935546875	32663
249.9739532470703	6249.348831176758	32662.935546875	32663
250.123779296875	6253.094482421875	32662.935546875	32663
250.27371215820312	6256.842803955078	32662.935546875	32663
250.42372131347656	6260.593032836914	32658.572265625	32659
250.57382202148438	6264.345550537109	32616.7275390625	32617
250.72401428222656	6268.100357055664	32562.2294921875	32562
250.87428283691406	6271.857070922852	32562.2294921875	32562
251.024658203125	6275.616455078125	32562.2294921875	32562
251.1751251220703	6279.378128051758	32562.2294921875	32562
251.32566833496094	6283.141708374023	32562.2294921875	32562
251.476318359375	6286.907958984375	32545.818359375	32546
251.62704467773438	6290.676116943359	32545.818359375	32546
251.77786254882812	6294.446563720703	32527.23046875	32527
251.92877197265625	6298.219299316406	32527.23046875	32527
252.07977294921875	6301.994323730469	32527.23046875	32527
252.23086547851562	6305.771636962891	32517.9697265625	32518
252.38204956054688	6309.551239013672	32517.9697265625	32518
252.5333251953125	6313.3331298828125	32517.9697265625	32518
252.6846923828125	6317.1173095703125	32466.109375	32466
252.83615112304688	6320.903778076172	32456.0947265625	32456
252.98770141601562	6324.692535400391	32456.0947265625	32456
253.1393280029297	6328.483200073242	32456.0947265625	32456
253.2910614013672	6332.27653503418	32414.8974609375	32415
253.44288635253906	6336.072158813477	32414.8974609375	32415
253.59478759765625	6339.869689941406	32414.8974609375	32415
253.74679565429688	6343.669891357422	32414.8974609375	32415
253.8988800048828	6347.47200012207	32361.76171875	32362
254.0510711669922	6351.276779174805	32304.7822265625	32305
254.20333862304688	6355.083465576172	32303.2900390625	32303
254.355712890625	6358.892822265625	32270.8408203125	32271
254.50816345214844	6362.704086303711	32270.8408203125	32271
254.6607208251953	6366.518020629883	32270.8408203125	32271
254.8133544921875	6370.3338623046875	32270.8408203125	32271
254.96607971191406	6374.151992797852	32270.8408203125	32271
255.11891174316406	6377.972793579102	32270.8408203125	32271
255.27182006835938	6381.795501708984	32270.8408203125	32271
255.42483520507812	6385.620880126953	32244.6748046875	32245
255.5779266357422	6389.448165893555	32244.6748046875	32245
255.7311248779297	6393.278121948242	32265.8505859375	32266
255.8843994140625	6397.1099853515625	32246.2373046875	32246
256.03778076171875	6400.944519042969	32246.2373046875	32246
256.1912536621094	6404.781341552734	32246.2373046875	32246
256.34478759765625	6408.619689941406	32225.0615234375	32225
256.4984436035156	6412.461090087891	32190.64453125	32191
256.6521911621094	6416.304779052734	32190.64453125	32191
256.8060302734375	6420.1507568359375	32189.505859375	32190
256.9599609375	6423.9990234375	32189.505859375	32190
257.11395263671875	6427.848815917969	32166.0361328125	32166
257.26806640625	6431.70166015625	32108.037109375	32108
257.4222717285156	6435.556793212891	32087.9912109375	32088
257.5765686035156	6439.414215087891	32087.9912109375	32088
257.73095703125	6443.27392578125	32072.591796875	32073
257.88543701171875	6447.135925292969	32072.591796875	32073
258.0400085449219	6451.000213623047	32060.7119140625	32061
258.1946716308594	6454.866790771484	32060.7119140625	32061
258.34942626953125	6458.735656738281	32060.7119140625	32061
258.5043029785156	6462.607574462891	32060.7119140625	32061
258.65924072265625	6466.481018066406	32030.5693359375	32031
258.81427001953125	6470.356750488281	32030.5693359375	32031
258.9693908691406	6474.234771728516	32030.5693359375	32031
259.1246337890625	6478.1158447265625	32030.5693359375	32031
259.2799377441406	6481.998443603516	31985.080078125	31985
259.4353332519531	6485.883331298828	31985.080078125	31985
259.5908508300781	6489.771270751953	31953.1630859375	31953
259.7464294433594	6493.660736083984	31953.1630859375	31953
259.9021301269531	6497.553253173828	31953.1630859375	31953
260.05792236328125	6501.448059082031	31953.1630859375	31953
260.2137756347656	6505.344390869141	31953.1630859375	31953
260.3697509765625	6509.2437744140625	31953.1630859375	31953
260.52581787109375	6513.145446777344	31953.1630859375	31953
260.6819763183594	6517.049407958984	31953.1630859375	31953
260.8382263183594	6520.955657958984	31953.1630859375	31953
260.99456787109375	6524.864196777344	31919.5498046875	31920
261.1510009765625	6528.7750244140625	31899.013671875	31899
261.3075256347656	6532.688140869141	31899.013671875	31899
261.46417236328125	6536.604309082031	31885.1943359375	31885
261.6208801269531	6540.522003173828	31873.17578125	31873
261.7776794433594	6544.441986083984	31869.0078125	31869
261.9346008300781	6548.365020751953	31869.0078125	31869
262.0915832519531	6552.289581298828	31863.486328125	31863
262.2486877441406	6556.217193603516	31831.6953125	31832
262.4058837890625	6560.1470947265625	31831.6953125	31832
262.56317138671875	6564.079284667969	31831.6953125	31832
262.72052001953125	6568.013000488281	31831.6953125	31832
262.8780212402344	6571.950531005859	31831.6953125	31832
263.03558349609375	6575.889587402344	31822.83984375	31823
263.1932373046875	6579.8309326171875	31822.83984375	31823
263.3509826660156	6583.774566650391	31822.83984375	31823
263.5088195800781	6587.720489501953	31780.1982421875	31780
263.6667785644531	6591.669464111328	31780.1982421875	31780
263.8248291015625	6595.6207275390625	31696.4521484375	31696
263.9829406738281	6599.573516845703	31696.4521484375	31696
264.14117431640625	6603.529357910156	31696.4521484375	31696
264.29949951171875	6607.487487792969	31696.4521484375	31696
264.4579162597656	6611.447906494141	31696.4521484375	31696
264.6164245605469	6615.410614013672	31696.4521484375	31696
264.7750244140625	6619.3756103515625	31696.4521484375	31696
264.9337463378906	6623.343658447266	31696.4521484375	31696
265.092529296875	6627.313232421875	31696.4521484375	31696
265.2514343261719	6631.285858154297	31696.4521484375	31696
265.4104309082031	6635.260772705078	31696.4521484375	31696
265.5694885253906	6639.237213134766	31645.6455078125	31646
265.7286682128906	6643.216705322266	31645.6455078125	31646
265.887939453125	6647.198486328125	31645.6455078125	31646
266.0473327636719	6651.183319091797	31645.6455078125	31646
266.206787109375	6655.169677734375	31645.6455078125	31646
266.3663330078125	6659.1583251953125	31645.6455078125	31646
266.5260009765625	6663.1500244140625	31585.5380859375	31586
266.6857604980469	6667.144012451172	31585.5380859375	31586
266.8456115722656	6671.140289306641	31585.5380859375	31586
267.00555419921875	6675.138854980469	31526.4951171875	31526
267.16558837890625	6679.139709472656	31526.4951171875	31526
267.3257141113281	6683.142852783203	31526.4951171875	31526
267.4859619140625	6687.1490478515625	31529.412109375	31529
267.6462707519531	6691.156768798828	31529.412109375	31529
267.80670166015625	6695.167541503906	31529.412109375	31529
267.96722412109375	6699.180603027344	31529.412109375	31529
268.1278381347656	6703.195953369141	31526.4951171875	31526
268.2885437011719	6707.213592529297	31478.2900390625	31478
268.4493713378906	6711.234283447266	31478.2900390625	31478
268.6102600097656	6715.256500244141	31450.3955078125	31450
268.7712707519531	6719.281768798828	31450.3955078125	31450
268.932373046875	6723.309326171875	31450.3955078125	31450
269.09356689453125	6727.339172363281	31450.3955078125	31450
269.2548522949219	6731.371307373047	31450.3955078125	31450
269.4162292480469	6735.405731201172	31501.517578125	31502
269.5777282714844	6739.443206787109	31501.517578125	31502
269.7392883300781	6743.482208251953	31501.517578125	31502
269.9009704589844	6747.524261474609	31501.517578125	31502
270.062744140625	6751.568603515625	31501.517578125	31502
270.2246398925781	6755.615997314453	31501.517578125	31502
270.3865966796875	6759.6649169921875	31501.517578125	31502
270.5486755371094	6763.716888427734	31501.517578125	31502
270.7108154296875	6767.7703857421875	31469.4228515625	31469
270.8730773925781	6771.826934814453	31467.8369140625	31468
271.0354309082031	6775.885772705078	31467.8369140625	31468
271.1979064941406	6779.947662353516	31467.8369140625	31468
271.3604431152344	6784.011077880859	31467.8369140625	31468
271.5231018066406	6788.077545166016	31416.71484375	31417
271.68585205078125	6792.146301269531	31416.71484375	31417
271.84869384765625	6796.217346191406	31416.71484375	31417
272.0116271972656	6800.290679931641	31389.48046875	31389
272.1746826171875	6804.3670654296875	31389.48046875	31389
272.3377990722656	6808.444976806641	31389.48046875	31389
272.50103759765625	6812.525939941406	31389.48046875	31389
272.66436767578125	6816.609191894531	31389.48046875	31389
272.82781982421875	6820.695495605469	31389.48046875	31389
272.9913330078125	6824.7833251953125	31389.48046875	31389
273.15496826171875	6828.874206542969	31389.48046875	31389
273.3186950683594	6832.967376708984	31357.265625	31357
273.4825134277344	6837.062835693359	31300.6962890625	31301
273.64642333984375	6841.160583496094	31300.6962890625	31301
273.8104553222656	6845.261383056641	31268.1201171875	31268
273.9745788574219	6849.364471435547	31268.1201171875	31268
274.1387939453125	6853.4698486328125	31268.1201171875	31268
274.3031005859375	6857.5775146484375	31229.341796875	31229
274.467529296875	6861.688232421875	31229.341796875	31229
274.63201904296875	6865.800476074219	31229.341796875	31229
274.796630859375	6869.915771484375	31229.341796875	31229
274.96136474609375	6874.034118652344	31229.341796875	31229
275.12615966796875	6878.153991699219	31229.341796875	31229
275.29107666015625	6882.276916503906	31188.654296875	31189
275.4560852050781	6886.402130126953	31188.654296875	31189
275.6211853027344	6890.529632568359	31188.654296875	31189
275.786376953125	6894.659423828125	31156.84375	31157
275.9516906738281	6898.792266845703	31156.84375	31157
276.1170959472656	6902.927398681641	31156.84375	31157
276.2825927734375	6907.0648193359375	31156.84375	31157
276.44818115234375	6911.204528808594	31156.84375	31157
276.6138916015625	6915.3472900390625	31124.7646484375	31125
276.7796936035156	6919.492340087891	31093.19140625	31093
276.9455871582031	6923.639678955078	31093.19140625	31093
277.111572265625	6927.789306640625	31089.1259765625	31089
277.2776794433594	6931.941986083984	31064.9287109375	31065
277.4438781738281	6936.096954345703	31050.9873046875	31051
277.61016845703125	6940.254211425781	31075.1845703125	31075
277.77655029296875	6944.413757324219	31075.1845703125	31075
277.94305419921875	6948.576354980469	31075.1845703125	31075
278.1096496582031	6952.741241455078	31050.9873046875	31051
278.2763366699219	6956.908416748047	31020.4609375	31020
278.4431457519531	6961.078643798828	31020.4609375	31020
278.61004638671875	6965.251159667969	31020.4609375	31020
278.77703857421875	6969.425964355469	30965.6064453125	30966
278.9441223144531	6973.603057861328	30965.6064453125	30966
279.111328125	6977.783203125	30965.6064453125	30966
279.27862548828125	6981.965637207031	30965.6064453125	30966
279.4460144042969	6986.150360107422	30965.6064453125	30966
279.6134948730469	6990.337371826172	30965.6064453125	30966
279.7810974121094	6994.527435302734	30965.6064453125	30966
279.94879150390625	6998.719787597656	30965.6064453125	30966
280.1166076660156	7002.915191650391	30965.6064453125	30966
280.28448486328125	7007.112121582031	30965.6064453125	30966
280.4524841308594	7011.312103271484	30965.6064453125	30966
280.62060546875	7015.51513671875	30908.892578125	30909
280.7887878417969	7019.719696044922	30908.892578125	30909
280.95709228515625	7023.927307128906	30908.892578125	30909
281.12548828125	7028.13720703125	30908.892578125	30909
281.29400634765625	7032.350158691406	30908.892578125	30909
281.4626159667969	7036.565399169922	30908.892578125	30909
281.6313171386719	7040.782928466797	30871.0751953125	30871
281.80010986328125	7045.002746582031	30860.859375	30861
281.9690246582031	7049.225616455078	30859.8984375	30860
282.1380310058594	7053.450775146484	30859.8984375	30860
282.30712890625	7057.67822265625	30859.8984375	30860
282.4763488769531	7061.908721923828	30859.8984375	30860
282.6456604003906	7066.141510009766	30858.150390625	30858
282.8150634765625	7070.3765869140625	30858.150390625	30858
282.9845886230469	7074.614715576172	30858.150390625	30858
283.1542053222656	7078.855133056641	30858.150390625	30858
283.32391357421875	7083.097839355469	30858.150390625	30858
283.4937438964844	7087.343597412109	30858.150390625	30858
283.6636657714844	7091.591644287109	30778.19921875	30778
283.8337097167969	7095.842742919922	30778.19921875	30778
284.0038146972656	7100.095367431641	30778.19921875	30778
284.1740417480469	7104.351043701172	30754.470703125	30754
284.3443908691406	7108.609771728516	30754.470703125	30754
284.5148010253906	7112.870025634766	30729.5634765625	30730
284.6853332519531	7117.133331298828	30668.8583984375	30669
284.8559875488281	7121.399688720703	30638.0234375	30638
285.0267333984375	7125.6683349609375	30638.0234375	30638
285.19757080078125	7129.939270019531	30561.71484375	30562
285.3684997558594	7134.212493896484	30552.283203125	30552
285.53955078125	7138.48876953125	30552.283203125	30552
285.710693359375	7142.767333984375	30552.283203125	30552
285.8819580078125	7147.0489501953125	30482.1611328125	30482
286.0533142089844	7151.332855224609	30482.1611328125	30482
286.2247619628906	7155.619049072266	30409.046875	30409
286.3963317871094	7159.908294677734	30409.046875	30409
286.5679931640625	7164.1998291015625	30398.17578125	30398
286.73974609375	7168.49365234375	30398.17578125	30398
286.91162109375	7172.79052734375	30340.537109375	30341
287.0835876464844	7177.089691162109	30340.537109375	30341
287.2556457519531	7181.391143798828	30284.9736328125	30285
287.4278259277344	7185.695648193359	30284.9736328125	30285
287.6001281738281	7190.003204345703	30284.9736328125	30285
287.7724914550781	7194.312286376953	30284.9736328125	30285
287.9449768066406	7198.624420166016	30284.9736328125	30285
288.1175842285156	7202.939605712891	30284.9736328125	30285
288.290283203125	7207.257080078125	30271.6416015625	30272
288.46307373046875	7211.576843261719	30232.76171875	30233
288.6359558105469	7215.898895263672	30232.76171875	30233
288.8089599609375	7220.2239990234375	30182.7568359375	30183
288.9820861816406	7224.552154541016	30165.837890625	30166
289.1553039550781	7228.882598876953	30165.837890625	30166
289.32861328125	7233.21533203125	30159.705078125	30160
289.50201416015625	7237.550354003906	30122.974609375	30123
289.675537109375	7241.888427734375	30078.619140625	30079
289.84918212890625	7246.229553222656	30018.8974609375	30019
290.0229187011719	7250.572967529297	30018.8974609375	30019
290.1967468261719	7254.918670654297	30018.8974609375	30019
290.3706970214844	7259.267425537109	30018.8974609375	30019
290.54473876953125	7263.618469238281	30018.8974609375	30019
290.7188720703125	7267.9718017578125	30018.8974609375	30019
290.89312744140625	7272.328186035156	30008.779296875	30009
291.0674743652344	7276.686859130859	29930.6162109375	29931
291.241943359375	7281.048583984375	29930.6162109375	29931
291.41650390625	7285.41259765625	29892.9970703125	29893
291.5911865234375	7289.7796630859375	29892.9970703125	29893
291.7659606933594	7294.149017333984	29890.8818359375	29891
291.94085693359375	7298.521423339844	29874.6396484375	29875
292.1158142089844	7302.895355224609	29846.93359375	29847
292.2909240722656	7307.273101806641	29874.6396484375	29875
292.46612548828125	7311.653137207031	29874.6396484375	29875
292.64141845703125	7316.035461425781	29848.0654296875	29848
292.8168029785156	7320.420074462891	29848.0654296875	29848
292.9923400878906	7324.808502197266	29815.37890625	29815
293.1679382324219	7329.198455810547	29604.2470703125	29604
293.3436584472656	7333.591461181641	29597.0048828125	29597
293.5195007324219	7337.987518310547	29513.0986328125	29513
293.6954345703125	7342.3858642578125	29513.0986328125	29513
293.8714599609375	7346.7864990234375	29513.0986328125	29513
294.047607421875	7351.190185546875	29513.0986328125	29513
294.2238464355469	7355.596160888672	29513.0986328125	29513
294.40020751953125	7360.005187988281	29599.4248046875	29599
294.57666015625	7364.41650390625	29483.47265625	29483
294.75323486328125	7368.830871582031	29385.880859375	29386
294.9299011230469	7373.247528076172	29434.5478515625	29435
295.106689453125	7377.667236328125	29424.3818359375	29424
295.2835693359375	7382.0892333984375	29375.71484375	29376
295.4605407714844	7386.513519287109	29357.73828125	29358
295.63763427734375	7390.940856933594	29357.73828125	29358
295.8148498535156	7395.371246337891	29357.73828125	29358
295.9921569824219	7399.803924560547	29357.73828125	29358
296.1695556640625	7404.2388916015625	29357.73828125	29358
296.3470764160156	7408.676910400391	29357.73828125	29358
296.52471923828125	7413.117980957031	29357.73828125	29358
296.70245361328125	7417.561340332031	29357.73828125	29358
296.8802795410156	7422.006988525391	29357.73828125	29358
297.0582275390625	7426.4556884765625	29305.66015625	29306
297.23626708984375	7430.906677246094	29305.66015625	29306
297.4144287109375	7435.3607177734375	29263.0439453125	29263
297.59271240234375	7439.817810058594	29263.0439453125	29263
297.7710876464844	7444.277191162109	29263.0439453125	29263
297.9495544433594	7448.738861083984	29263.0439453125	29263
298.1281433105469	7453.203582763672	29260.525390625	29261
298.30682373046875	7457.670593261719	29245.865234375	29246
298.4856262207031	7462.140655517578	29245.865234375	29246
298.66455078125	7466.61376953125	29245.865234375	29246
298.84356689453125	7471.089172363281	29219.6982421875	29220
299.0226745605469	7475.566864013672	29219.6982421875	29220
299.201904296875	7480.047607421875	29155.9794921875	29156
299.3812561035156	7484.531402587891	29155.9794921875	29156
299.5606994628906	7489.017486572266	29151.869140625	29152
299.7402648925781	7493.506622314453	29115.5068359375	29116
299.919921875	7497.998046875	29115.5068359375	29116
300.09967041015625	7502.491760253906	29115.5068359375	29116
300.279541015625	7506.988525390625	29115.5068359375	29116
300.45953369140625	7511.488342285156	29115.5068359375	29116
300.6396179199219	7515.990447998047	29115.5068359375	29116
300.81982421875	7520.49560546875	29115.5068359375	29116
301.0001220703125	7525.0030517578125	29020.4306640625	29020
301.1805419921875	7529.5135498046875	28999.1328125	28999
301.361083984375	7534.027099609375	28946.826171875	28947
301.5417175292969	7538.542938232422	28922.7119140625	28923
301.7224426269531	7543.061065673828	28922.294921875	28922
301.9032897949219	7547.582244873047	28922.294921875	28922
302.0842590332031	7552.106475830078	28753.29296875	28753
302.26531982421875	7556.632995605469	28753.29296875	28753
302.4465026855469	7561.162567138672	28753.29296875	28753
302.6277770996094	7565.694427490234	28743.6181640625	28744
302.8091735839844	7570.229339599609	28738.9560546875	28739
302.99066162109375	7574.766540527344	28727.861328125	28728
303.1722717285156	7579.306793212891	28727.861328125	28728
303.3539733886719	7583.849334716797	28727.861328125	28728
303.5357971191406	7588.394927978516	28727.861328125	28728
303.7177429199219	7592.943572998047	28665.171875	28665
303.8997802734375	7597.4945068359375	28665.171875	28665
304.0819396972656	7602.048492431641	28665.171875	28665
304.26422119140625	7606.605529785156	28665.171875	28665
304.4465637207031	7611.164093017578	28665.171875	28665
304.6290588378906	7615.726470947266	28665.171875	28665
304.8116455078125	7620.2911376953125	28665.171875	28665
304.9943542480469	7624.858856201172	28587.646484375	28588
305.1771545410156	7629.428863525391	28587.646484375	28588
305.3600769042969	7634.001922607422	28587.646484375	28588
305.5431213378906	7638.578033447266	28554.2412109375	28554
305.72625732421875	7643.156433105469	28554.2412109375	28554
305.90948486328125	7647.737121582031	28510.1640625	28510
306.0928649902344	7652.321624755859	28510.1640625	28510
306.27630615234375	7656.907653808594	28510.1640625	28510
306.45989990234375	7661.497497558594	28510.1640625	28510
306.6435852050781	7666.089630126953	28510.1640625	28510
306.827392578125	7670.684814453125	28510.1640625	28510
307.01129150390625	7675.282287597656	28458.21484375	28458
307.1953125	7679.8828125	28438.7998046875	28439
307.3794250488281	7684.485626220703	28438.7998046875	28439
307.5636901855469	7689.092254638672	28438.7998046875	28439
307.7480163574219	7693.700408935547	28438.7998046875	28439
307.9324951171875	7698.3123779296875	28438.7998046875	28439
308.1170654296875	7702.9266357421875	28438.7998046875	28439
308.3017272949219	7707.543182373047	28410.4970703125	28410
308.4865417480469	7712.163543701172	28410.4970703125	28410
308.6714172363281	7716.785430908203	28373.0830078125	28373
308.8564453125	7721.4111328125	28221.5029296875	28222
309.04156494140625	7726.039123535156	28221.5029296875	28222
309.226806640625	7730.670166015625	28221.5029296875	28222
309.4121398925781	7735.303497314453	28221.5029296875	28222
309.59759521484375	7739.939880371094	28177.3544921875	28177
309.7831726074219	7744.579315185547	28119.357421875	28119
309.9688415527344	7749.221038818359	28052.1484375	28052
310.1546325683594	7753.865814208984	28052.1484375	28052
310.3405456542969	7758.513641357422	28026.46484375	28026
310.52655029296875	7763.163757324219	27859.853515625	27860
310.7126770019531	7767.816925048828	27859.853515625	27860
310.89892578125	7772.47314453125	27705.94140625	27706
311.08526611328125	7777.131652832031	27705.94140625	27706
311.271728515625	7781.793212890625	27705.94140625	27706
311.45831298828125	7786.457824707031	27697.458984375	27697
311.6449890136719	7791.124725341797	27621.2431640625	27621
311.831787109375	7795.794677734375	27626.6904296875	27627
312.0186767578125	7800.4669189453125	27626.6904296875	27627
312.2057189941406	7805.142974853516	27626.6904296875	27627
312.3928527832031	7809.821319580078	27626.6904296875	27627
312.580078125	7814.501953125	27550.0029296875	27550
312.7674560546875	7819.1864013671875	27304.486328125	27304
312.9549255371094	7823.873138427734	27304.486328125	27304
313.1424865722656	7828.562164306641	27282.2939453125	27282
313.3301696777344	7833.254241943359	27282.2939453125	27282
313.51800537109375	7837.950134277344	27282.2939453125	27282
313.7059020996094	7842.647552490234	27282.2939453125	27282
313.8939514160156	7847.348785400391	27216.732421875	27217
314.08209228515625	7852.052307128906	27196.8271484375	27197
314.27032470703125	7856.758117675781	27196.8271484375	27197
314.4587097167969	7861.467742919922	27196.8271484375	27197
314.6471862792969	7866.179656982422	27160.873046875	27161
314.8357849121094	7870.894622802734	27134.5263671875	27135
315.0245056152344	7875.612640380859	27051.7373046875	27052
315.21331787109375	7880.332946777344	26931.8046875	26932
315.4022521972656	7885.056304931641	26927.7060546875	26928
315.59130859375	7889.78271484375	26819.79296875	26820
315.78045654296875	7894.511413574219	26819.79296875	26820
315.9697265625	7899.2431640625	26777.35546875	26777
316.15911865234375	7903.977966308594	26777.35546875	26777
316.3486328125	7908.7158203125	26777.35546875	26777
316.5382385253906	7913.455963134766	26687.46875	26687
316.72796630859375	7918.199157714844	26624.75	26625
316.9178161621094	7922.945404052734	26613.7138671875	26614
317.1077575683594	7927.693939208984	26530.099609375	26530
317.2978210449219	7932.445526123047	26530.099609375	26530
317.4880065917969	7937.200164794922	26288.8291015625	26289
317.6783142089844	7941.957855224609	26288.8291015625	26289
317.86871337890625	7946.717834472656	26288.8291015625	26289
318.05926513671875	7951.481628417969	26288.8291015625	26289
318.2499084472656	7956.247711181641	26288.8291015625	26289
318.4406433105469	7961.016082763672	26288.8291015625	26289
318.63153076171875	7965.788269042969	26197.7568359375	26198
318.822509765625	7970.562744140625	26197.7568359375	26198
319.01361083984375	7975.340270996094	26197.7568359375	26198
319.2048034667969	7980.120086669922	26197.7568359375	26198
319.3961486816406	7984.903717041016	26197.7568359375	26198
319.58758544921875	7989.689636230469	25980.0205078125	25980
319.7791442871094	7994.478607177734	25980.0205078125	25980
319.9707946777344	7999.269866943359	25980.0205078125	25980
320.16259765625	8004.06494140625	25980.0205078125	25980
320.3544921875	8008.8623046875	25921.8896484375	25922
320.5465087890625	8013.6627197265625	25921.8896484375	25922
320.7386474609375	8018.4661865234375	25639.3876953125	25639
320.9308776855469	8023.271942138672	25464.6640625	25465
321.1232604980469	8028.081512451172	25353.6787109375	25354
321.31573486328125	8032.893371582031	25266.650390625	25267
321.5083312988281	8037.708282470703	25266.650390625	25267
321.7010192871094	8042.525482177734	25215.35546875	25215
321.89385986328125	8047.346496582031	25156.498046875	25156
322.0867919921875	8052.1697998046875	25092.865234375	25093
322.27984619140625	8056.996154785156	25001.2158203125	25001
322.4730224609375	8061.8255615234375	25001.2158203125	25001
322.6662902832031	8066.657257080078	25001.2158203125	25001
322.8597106933594	8071.492767333984	25001.2158203125	25001
323.05322265625	8076.33056640625	24936.7451171875	24937
323.2468566894531	8081.171417236328	24936.7451171875	24937
323.44061279296875	8086.015319824219	24828.443359375	24828
323.63446044921875	8090.861511230469	24828.443359375	24828
323.8284606933594	8095.711517333984	24823.34375	24823
324.0225524902344	8100.563812255859	24823.34375	24823
324.2167663574219	8105.419158935547	24823.34375	24823
324.4111022949219	8110.277557373047	24817.3916015625	24817
324.60552978515625	8115.138244628906	24740.5029296875	24741
324.80010986328125	8120.002746582031	24430.4365234375	24430
324.9947814941406	8124.869537353516	24129.982421875	24130
325.1895751953125	8129.7393798828125	24041.8349609375	24042
325.3844909667969	8134.612274169922	24041.8349609375	24042
325.57952880859375	8139.488220214844	24041.8349609375	24042
325.774658203125	8144.366455078125	24014.830078125	24015
325.9699401855469	8149.248504638672	23698.478515625	23698
326.1653137207031	8154.132843017578	23698.478515625	23698
326.3608093261719	8159.020233154297	23698.478515625	23698
326.5564270019531	8163.910675048828	23512.212890625	23512
326.7521667480469	8168.804168701172	23378.185546875	23378
326.9480285644531	8173.700714111328	23378.185546875	23378
327.14398193359375	8178.599548339844	23367.4384765625	23367
327.3400573730469	8183.501434326172	23166.4326171875	23166
327.5362854003906	8188.407135009766	23107.208984375	23107
327.73260498046875	8193.315124511719	22692.41796875	22692
327.9290466308594	8198.226165771484	22566.8564453125	22567
328.1255798339844	8203.13949584961	22400.0380859375	22400
328.322265625	8208.056640625	22400.0380859375	22400
328.51904296875	8212.97607421875	22400.0380859375	22400
328.7159729003906	8217.899322509766	22400.0380859375	22400
328.9129943847656	8222.82485961914	22076.9091796875	22077
329.1101379394531	8227.753448486328	22076.9091796875	22077
329.3074035644531	8232.685089111328	21850.7255859375	21851
329.5047912597656	8237.61978149414	21935.3203125	21935
329.7022705078125	8242.556762695312	21907.8857421875	21908
329.89990234375	8247.49755859375	21860.080078125	21860
330.0976257324219	8252.440643310547	21860.080078125	21860
330.2955017089844	8257.38754272461	21860.080078125	21860
330.49346923828125	8262.336730957031	21860.080078125	21860
330.6915588378906	8267.288970947266	21734.712890625	21735
330.8897705078125	8272.244262695312	21734.712890625	21735
331.0881042480469	8277.202606201172	21734.712890625	21735
331.28656005859375	8282.164001464844	21698.3525390625	21698
331.4851379394531	8287.128448486328	21645.3427734375	21645
331.6838073730469	8292.095184326172	21645.3427734375	21645
331.88262939453125	8297.065734863281	21645.3427734375	21645
332.08154296875	8302.03857421875	21645.3427734375	21645
332.28057861328125	8307.014465332031	21179.1337890625	21179
332.4797668457031	8311.994171142578	20994.673828125	20995
332.6790466308594	8316.976165771484	20994.673828125	20995
332.8784484863281	8321.961212158203	20777.6455078125	20778
333.0779724121094	8326.949310302734	20595.7646484375	20596
333.2776184082031	8331.940460205078	20498.4248046875	20498
333.47735595703125	8336.933898925781	20595.7646484375	20596
333.67724609375	8341.93115234375	20595.7646484375	20596
333.87725830078125	8346.931457519531	20402.015625	20402
334.0773620605469	8351.934051513672	19900.896484375	19901
334.2776184082031	8356.940460205078	19900.896484375	19901
334.47796630859375	8361.949157714844	19900.896484375	19901
334.678466796875	8366.961669921875	19900.896484375	19901
334.8790588378906	8371.976470947266	20033.466796875	20033
335.07977294921875	8376.994323730469	20021.150390625	20021
335.2806091308594	8382.015228271484	19735.7763671875	19736
335.4815979003906	8387.039947509766	19948.2138671875	19948
335.68267822265625	8392.066955566406	19735.7763671875	19736
335.8838806152344	8397.09701538086	19735.7763671875	19736
336.085205078125	8402.130126953125	19735.7763671875	19736
336.2866516113281	8407.166290283203	19735.7763671875	19736
336.4881896972656	8412.20474243164	19509.9208984375	19510
336.68988037109375	8417.247009277344	19509.9208984375	19510
336.8916931152344	8422.29232788086	19509.9208984375	19510
337.0936279296875	8427.340698242188	19509.9208984375	19510
337.2956848144531	8432.392120361328	19509.9208984375	19510
337.4978332519531	8437.445831298828	19509.9208984375	19510
337.70013427734375	8442.503356933594	19509.9208984375	19510
337.9025573730469	8447.563934326172	19509.9208984375	19510
338.1050720214844	8452.62680053711	19073.2568359375	19073
338.3077392578125	8457.693481445312	19073.2568359375	19073
338.5105285644531	8462.763214111328	18600.0107421875	18600
338.7134094238281	8467.835235595703	18500.2216796875	18500
338.91644287109375	8472.911071777344	18351.556640625	18352
339.11956787109375	8477.989196777344	18183.703125	18184
339.3228454589844	8483.07113647461	18183.703125	18184
339.5262145996094	8488.155364990234	18042.830078125	18043
339.729736328125	8493.243408203125	18042.830078125	18043
339.933349609375	8498.333740234375	18042.830078125	18043
340.1371154785156	8503.42788696289	18042.830078125	18043
340.3409729003906	8508.524322509766	17883.8583984375	17884
340.54498291015625	8513.624572753906	17940.9970703125	17941
340.7491149902344	8518.72787475586	17818.1123046875	17818
340.9533386230469	8523.833465576172	17759.0361328125	17759
341.15771484375	8528.94287109375	17759.0361328125	17759
341.3621826171875	8534.054565429688	17719.212890625	17719
341.5668029785156	8539.17007446289	17648.2919921875	17648
341.7715148925781	8544.287872314453	17421.8203125	17422
341.97637939453125	8549.409484863281	17421.8203125	17422
342.1813659667969	8554.534149169922	17421.8203125	17422
342.3864440917969	8559.661102294922	17376.341796875	17376
342.5916748046875	8564.791870117188	17213.140625	17213
342.7970275878906	8569.925689697266	17146.08203125	17146
343.00250244140625	8575.062561035156	17027.74609375	17028
343.20806884765625	8580.201721191406	16904.962890625	16905
343.4137878417969	8585.344696044922	17027.74609375	17028
343.61962890625	8590.49072265625	17027.74609375	17028
343.8255920410156	8595.63980102539	16904.962890625	16905
344.03167724609375	8600.791931152344	16868.486328125	16868
344.2378845214844	8605.94711303711	16868.486328125	16868
344.4442138671875	8611.105346679688	16868.486328125	16868
344.6506652832031	8616.266632080078	16868.486328125	16868
344.85723876953125	8621.430969238281	16783.6328125	16784
345.06396484375	8626.59912109375	16650.818359375	16651
345.2707824707031	8631.769561767578	16494.783203125	16495
345.47772216796875	8636.943054199219	16494.783203125	16495
345.684814453125	8642.120361328125	16439.3310546875	16439
345.8919982910156	8647.29995727539	16414.744140625	16415
346.0993347167969	8652.483367919922	16333.06201171875	16333
346.3067626953125	8657.669067382812	16329.01953125	16329
346.51434326171875	8662.858581542969	16197.84912109375	16198
346.7220458984375	8668.051147460938	16128.08935546875	16128
346.92987060546875	8673.246765136719	16128.08935546875	16128
347.1378173828125	8678.445434570312	16051.78271484375	16052
347.34588623046875	8683.647155761719	16051.78271484375	16052
347.5540771484375	8688.851928710938	16014.34326171875	16014
347.76239013671875	8694.059753417969	16014.34326171875	16014
347.9708251953125	8699.270629882812	15880.2666015625	15880
348.1794128417969	8704.485321044922	15744.642578125	15745
348.3880920410156	8709.70230102539	15744.642578125	15745
348.596923828125	8714.923095703125	15651.11181640625	15651
348.80584716796875	8720.146179199219	15640.27099609375	15640
349.0149230957031	8725.373077392578	15640.27099609375	15640
349.22412109375	8730.60302734375	15640.27099609375	15640
349.4334411621094	8735.836029052734	15640.27099609375	15640
349.64288330078125	8741.072082519531	15601.2373046875	15601
349.8524475097656	8746.31118774414	15599.3330078125	15599
350.0621643066406	8751.554107666016	15415.2265625	15415
350.27197265625	8756.79931640625	15317.7490234375	15318
350.48193359375	8762.04833984375	15317.7490234375	15318
350.6919860839844	8767.29965209961	15317.7490234375	15318
350.9021911621094	8772.554779052734	15317.7490234375	15318
351.1125183105469	8777.812957763672	15269.98876953125	15270
351.3229675292969	8783.074188232422	15166.603515625	15167
351.5335388183594	8788.338470458984	14992.72265625	14993
351.7442626953125	8793.606567382812	14972.14990234375	14972
351.955078125	8798.876953125	14972.14990234375	14972
352.1660461425781	8804.151153564453	14927.33203125	14927
352.37713623046875	8809.428405761719	14927.33203125	14927
352.5883483886719	8814.708709716797	14831.63232421875	14832
352.7996826171875	8819.992065429688	14791.45166015625	14791
353.0111389160156	8825.27847290039	14791.45166015625	14791
353.22271728515625	8830.567932128906	14733.134765625	14733
353.4344482421875	8835.861206054688	14683.58984375	14684
353.64630126953125	8841.157531738281	14663.27734375	14663
353.8582458496094	8846.456146240234	14663.27734375	14663
354.0703430175781	8851.758575439453	14523.111328125	14523
354.2825927734375	8857.064819335938	14567.603515625	14568
354.49493408203125	8862.373352050781	14497.5986328125	14498
354.7073974609375	8867.684936523438	14342.73876953125	14343
354.9200134277344	8873.00033569336	14281.78662109375	14282
355.13275146484375	8878.318786621094	14281.78662109375	14282
355.3456115722656	8883.64028930664	14268.24755859375	14268
355.55859375	8888.96484375	14268.24755859375	14268
355.771728515625	8894.293212890625	14239.4765625	14239
355.9849548339844	8899.62387084961	14239.4765625	14239
356.1983337402344	8904.95834350586	14204.27392578125	14204
356.4118347167969	8910.295867919922	14143.00927734375	14143
356.6254577636719	8915.636444091797	14110.982421875	14111
356.8392333984375	8920.980834960938	13973.2978515625	13973
357.0531005859375	8926.327514648438	13973.2978515625	13973
357.2671203613281	8931.678009033203	13973.2978515625	13973
357.48126220703125	8937.031555175781	13973.2978515625	13973
357.6955261230469	8942.388153076172	13828.09130859375	13828
357.909912109375	8947.747802734375	13826.76025390625	13827
358.12445068359375	8953.111267089844	13778.146484375	13778
358.339111328125	8958.477783203125	13778.146484375	13778
358.55389404296875	8963.847351074219	13778.146484375	13778
358.768798828125	8969.219970703125	13778.146484375	13778
358.9838562011719	8974.596405029297	13721.18310546875	13721
359.1990051269531	8979.975128173828	13721.18310546875	13721
359.414306640625	8985.357666015625	13718.62890625	13719
359.6297302246094	8990.743255615234	13718.62890625	13719
359.8453063964844	8996.13265991211	13680.53564453125	13681
360.06097412109375	9001.524353027344	13680.53564453125	13681
360.27679443359375	9006.919860839844	13680.53564453125	13681
360.49273681640625	9012.318420410156	13660.970703125	13661
360.7088317871094	9017.720794677734	13621.92529296875	13622
360.9250183105469	9023.125457763672	13573.193359375	13573
361.141357421875	9028.533935546875	13573.193359375	13573
361.3578186035156	9033.94546508789	13476.39599609375	13476
361.57440185546875	9039.360046386719	13476.39599609375	13476
361.7911376953125	9044.778442382812	13446.69482421875	13447
362.00799560546875	9050.199890136719	13446.69482421875	13447
362.2249755859375	9055.624389648438	13446.69482421875	13447
362.44207763671875	9061.051940917969	13273.1162109375	13273
362.6593322753906	9066.483306884766	13253.02978515625	13253
362.876708984375	9071.917724609375	13226.5087890625	13227
363.0942077636719	9077.355194091797	13202.02490234375	13202
363.31182861328125	9082.795715332031	13111.369140625	13111
363.52960205078125	9088.240051269531	13111.369140625	13111
363.74749755859375	9093.687438964844	13111.369140625	13111
363.96551513671875	9099.137878417969	13090.61279296875	13091
364.1836853027344	9104.59213256836	13062.32373046875	13062
364.4019470214844	9110.04867553711	12905.34326171875	12905
364.6203918457031	9115.509796142578	12870.59619140625	12871
364.83892822265625	9120.973205566406	12870.59619140625	12871
365.0576171875	9126.4404296875	12800.904296875	12801
365.27642822265625	9131.910705566406	12751.03662109375	12751
365.495361328125	9137.384033203125	12751.03662109375	12751
365.71441650390625	9142.860412597656	12751.03662109375	12751
365.9336242675781	9148.340606689453	12751.03662109375	12751
366.1529541015625	9153.823852539062	12671.93310546875	12672
366.3724365234375	9159.310913085938	12671.93310546875	12672
366.592041015625	9164.801025390625	12665.419921875	12665
366.811767578125	9170.294189453125	12598.7314453125	12599
367.0316162109375	9175.790405273438	12598.7314453125	12599
367.2516174316406	9181.290435791016	12598.7314453125	12599
367.47174072265625	9186.793518066406	12598.7314453125	12599
367.6920166015625	9192.300415039062	12587.77490234375	12588
367.9123840332031	9197.809600830078	12494.435546875	12494
368.1329040527344	9203.32260131836	12442.08203125	12442
368.35357666015625	9208.839416503906	12383.77392578125	12384
368.5743408203125	9214.358520507812	12341.39501953125	12341
368.7952575683594	9219.881439208984	12324.09521484375	12324
369.0163269042969	9225.408172607422	12283.029296875	12283
369.2375183105469	9230.937957763672	12283.029296875	12283
369.4588317871094	9236.470794677734	12196.8369140625	12197
369.6802673339844	9242.00668334961	12159.91162109375	12160
369.90185546875	9247.54638671875	12178.16357421875	12178
370.1235656738281	9253.089141845703	12153.44970703125	12153
370.34539794921875	9258.634948730469	12153.44970703125	12153
370.5673828125	9264.1845703125	12146.31005859375	12146
370.78948974609375	9269.737243652344	12146.31005859375	12146
371.0117492675781	9275.293731689453	12085.0087890625	12085
371.234130859375	9280.853271484375	12020.10546875	12020
371.4566345214844	9286.41586303711	11973.2060546875	11973
371.6792907714844	9291.98226928711	11973.2060546875	11973
371.9020690917969	9297.551727294922	11922.8349609375	11923
372.1249694824219	9303.124237060547	11891.52392578125	11892
372.3480224609375	9308.700561523438	11843.44970703125	11843
372.5711975097656	9314.27993774414	11799.52734375	11800
372.7945251464844	9319.86312866211	11804.00927734375	11804
373.0179748535156	9325.44937133789	11804.00927734375	11804
373.2415466308594	9331.038665771484	11798.17236328125	11798
373.46527099609375	9336.631774902344	11744.90185546875	11745
373.6891174316406	9342.227935791016	11744.90185546875	11745
373.9130859375	9347.8271484375	11671.7216796875	11672
374.13720703125	9353.43017578125	11671.7216796875	11672
374.3614807128906	9359.037017822266	11667.45458984375	11667
374.5858459472656	9364.64614868164	11620.75830078125	11621
374.8103942871094	9370.259857177734	11620.75830078125	11621
375.0350341796875	9375.875854492188	11620.75830078125	11621
375.25982666015625	9381.495666503906	11574.82470703125	11575
375.4847412109375	9387.118530273438	11545.42431640625	11545
375.7098083496094	9392.745208740234	11545.42431640625	11545
375.93499755859375	9398.374938964844	11545.42431640625	11545
376.16033935546875	9404.008483886719	11545.42431640625	11545
376.38580322265625	9409.645080566406	11486.98974609375	11487
376.61138916015625	9415.284729003906	11443.6640625	11444
376.8371276855469	9420.928192138672	11445.3935546875	11445
377.0630187988281	9426.575469970703	11445.3935546875	11445
377.28900146484375	9432.225036621094	11414.35498046875	11414
377.5151672363281	9437.879180908203	11367.6689453125	11368
377.7414245605469	9443.535614013672	11367.6689453125	11368
377.96783447265625	9449.195861816406	11329.060546875	11329
378.19439697265625	9454.859924316406	11326.88525390625	11327
378.42108154296875	9460.527038574219	11303.412109375	11303
378.64788818359375	9466.197204589844	11294.5224609375	11295
378.8748474121094	9471.871185302734	11136.67041015625	11137
379.1019592285156	9477.54898071289	11136.67041015625	11137
379.32916259765625	9483.229064941406	11136.67041015625	11137
379.5565490722656	9488.91372680664	11136.67041015625	11137
379.7840576171875	9494.601440429688	11136.67041015625	11137
380.0116882324219	9500.292205810547	11118.1162109375	11118
380.23944091796875	9505.986022949219	11118.1162109375	11118
380.4673767089844	9511.68441772461	11059.90283203125	11060
380.6954040527344	9517.38510131836	11059.90283203125	11060
380.923583984375	9523.089599609375	11038.0166015625	11038
381.15191650390625	9528.797912597656	11034.26953125	11034
381.38037109375	9534.50927734375	11034.26953125	11034
381.6089782714844	9540.22445678711	11017.91796875	11018
381.83770751953125	9545.942687988281	10995.431640625	10995
382.0665588378906	9551.663970947266	10995.431640625	10995
382.2955627441406	9557.389068603516	10981.146484375	10981
382.52471923828125	9563.117980957031	10979.08349609375	10979
382.7539978027344	9568.84994506836	10979.08349609375	10979
382.9833984375	9574.5849609375	10974.2646484375	10974
383.21295166015625	9580.323791503906	10974.2646484375	10974
383.4426574707031	9586.066436767578	10939.8984375	10940
383.6724853515625	9591.812133789062	10939.8984375	10940
383.9024658203125	9597.561645507812	10901.0927734375	10901
384.132568359375	9603.314208984375	10901.0927734375	10901
384.36279296875	9609.06982421875	10901.0927734375	10901
384.59320068359375	9614.830017089844	10843.2158203125	10843
384.8236999511719	9620.592498779297	10843.2158203125	10843
385.0543518066406	9626.358795166016	10812.72265625	10813
385.28515625	9632.12890625	10812.72265625	10813
385.5160827636719	9637.902069091797	10788.82568359375	10789
385.7471618652344	9643.67904663086	10745.587890625	10746
385.9783935546875	9649.459838867188	10698.79833984375	10699
386.209716796875	9655.242919921875	10695.07763671875	10695
386.44122314453125	9661.030578613281	10695.07763671875	10695
386.6728515625	9666.8212890625	10632.9755859375	10633
386.90460205078125	9672.615051269531	10632.9755859375	10633
387.1365051269531	9678.412628173828	10632.9755859375	10633
387.3685607910156	9684.21401977539	10591.986328125	10592
387.6007385253906	9690.018463134766	10527.19189453125	10527
387.83306884765625	9695.826721191406	10515.54248046875	10516
388.0655212402344	9701.63803100586	10432.14990234375	10432
388.2981262207031	9707.453155517578	10432.14990234375	10432
388.5308837890625	9713.272094726562	10429.90869140625	10430
388.7637634277344	9719.09408569336	10429.90869140625	10430
388.99676513671875	9724.919128417969	10390.94580078125	10391
389.22991943359375	9730.747985839844	10390.94580078125	10391
389.4632263183594	9736.580657958984	10390.94580078125	10391
389.6966552734375	9742.416381835938	10358.6904296875	10359
389.93023681640625	9748.255920410156	10313.8681640625	10314
390.1639709472656	9754.09927368164	10313.8681640625	10314
390.3978271484375	9759.945678710938	10313.8681640625	10314
390.6318359375	9765.7958984375	10313.8681640625	10314
390.865966796875	9771.649169921875	10307.0244140625	10307
391.1002502441406	9777.506256103516	10265.7119140625	10266
391.33465576171875	9783.366394042969	10265.7119140625	10266
391.5692138671875	9789.230346679688	10265.7119140625	10266
391.8039245605469	9795.098114013672	10206.2099609375	10206
392.03875732421875	9800.968933105469	10201.18212890625	10201
392.27374267578125	9806.843566894531	10189.3740234375	10189
392.5088806152344	9812.72201538086	10093.025390625	10093
392.744140625	9818.603515625	10131.20751953125	10131
392.97955322265625	9824.488830566406	10131.20751953125	10131
393.215087890625	9830.377197265625	10131.20751953125	10131
393.4507751464844	9836.26937866211	10088.39990234375	10088
393.6866149902344	9842.16537475586	10058.7275390625	10059
393.9225769042969	9848.064422607422	10058.7275390625	10059
394.15869140625	9853.96728515625	10037.9228515625	10038
394.3949279785156	9859.87319946289	9984.26513671875	9984
394.6313171386719	9865.782928466797	9984.26513671875	9984
394.86785888671875	9871.696472167969	9967.3740234375	9967
395.10455322265625	9877.613830566406	9943.6533203125	9944
395.34136962890625	9883.534240722656	9943.6533203125	9944
395.5783386230469	9889.458465576172	9912.03515625	9912
395.8154296875	9895.3857421875	9878.16552734375	9878
396.05267333984375	9901.316833496094	9878.16552734375	9878
396.2900695800781	9907.251739501953	9878.16552734375	9878
396.527587890625	9913.189697265625	9862.4775390625	9862
396.7652587890625	9919.131469726562	9862.4775390625	9862
397.0030822753906	9925.077056884766	9862.4775390625	9862
397.2410583496094	9931.026458740234	9862.4775390625	9862
397.4791564941406	9936.978912353516	9776.146484375	9776
397.7173767089844	9942.93441772461	9776.146484375	9776
397.9557800292969	9948.894500732422	9681.4951171875	9681
398.1943054199219	9954.857635498047	9681.4951171875	9681
398.4329833984375	9960.824584960938	9681.4951171875	9681
398.6717834472656	9966.79458618164	9665.83984375	9666
398.9107360839844	9972.76840209961	9665.83984375	9666
399.14984130859375	9978.746032714844	9659.7939453125	9660
399.38909912109375	9984.727478027344	9649.01708984375	9649
399.62847900390625	9990.711975097656	9649.01708984375	9649
399.8680114746094	9996.700286865234	9628.255859375	9628
400.1076965332031	10002.692413330078	9581.392578125	9581
400.3475036621094	10008.687591552734	9554.57080078125	9555
400.58746337890625	10014.686584472656	9520.11669921875	9520
400.82757568359375	10020.689392089844	9519.7255859375	9520
401.0678405761719	10026.696014404297	9519.7255859375	9520
401.3082275390625	10032.705688476562	9514.521484375	9515
401.54876708984375	10038.719177246094	9514.521484375	9515
401.7894592285156	10044.73648071289	9501.25732421875	9501
402.0302734375	10050.7568359375	9501.25732421875	9501
402.271240234375	10056.781005859375	9501.25732421875	9501
402.5123596191406	10062.808990478516	9481.09619140625	9481
402.7536315917969	10068.840789794922	9417.3779296875	9417
402.9950256347656	10074.87564086914	9370.85107421875	9371
403.236572265625	10080.914306640625	9370.85107421875	9371
403.478271484375	10086.956787109375	9370.25439453125	9370
403.7200927734375	10093.002319335938	9342.19970703125	9342
403.96209716796875	10099.052429199219	9342.19970703125	9342
404.2042236328125	10105.105590820312	9302.6953125	9303
404.4465026855469	10111.162567138672	9213.265625	9213
404.68890380859375	10117.222595214844	9200.68798828125	9201
404.9314880371094	10123.287200927734	9200.68798828125	9201
405.1741943359375	10129.354858398438	9187.72509765625	9188
405.41705322265625	10135.426330566406	9172.6240234375	9173
405.6600341796875	10141.500854492188	9172.6240234375	9173
405.9031982421875	10147.579956054688	9128.95654296875	9129
406.146484375	10153.662109375	9100.35400390625	9100
406.3899230957031	10159.748077392578	9094.45263671875	9094
406.6335144042969	10165.837860107422	9089.15625	9089
406.8772277832031	10171.930694580078	9089.15625	9089
407.1211242675781	10178.028106689453	9089.15625	9089
407.3651428222656	10184.12857055664	9089.15625	9089
407.60931396484375	10190.232849121094	9089.15625	9089
407.8536376953125	10196.340942382812	9069.8203125	9070
408.09808349609375	10202.452087402344	9060.4052734375	9060
408.3426818847656	10208.56704711914	9039.31298828125	9039
408.5874328613281	10214.685821533203	9037.9248046875	9038
408.83233642578125	10220.808410644531	9037.9248046875	9038
409.077392578125	10226.934814453125	8959.84716796875	8960
409.3226013183594	10233.065032958984	9000.00537109375	9000
409.56793212890625	10239.198303222656	8954.43017578125	8954
409.81341552734375	10245.335388183594	8922.40625	8922
410.0590515136719	10251.476287841797	8922.40625	8922
410.3048400878906	10257.621002197266	8922.40625	8922
410.55078125	10263.76953125	8901.77880859375	8902
410.7968444824219	10269.921112060547	8884.27783203125	8884
411.0430908203125	10276.077270507812	8882.36083984375	8882
411.2894592285156	10282.23648071289	8870.86865234375	8871
411.5359802246094	10288.399505615234	8870.86865234375	8871
411.78265380859375	10294.566345214844	8860.1708984375	8860
412.0294494628906	10300.736236572266	8860.1708984375	8860
412.27642822265625	10306.910705566406	8860.1708984375	8860
412.5235290527344	10313.08822631836	8860.1708984375	8860
412.77081298828125	10319.270324707031	8867.6533203125	8868
413.0182189941406	10325.455474853516	8804.51953125	8805
413.2657775878906	10331.644439697266	8804.51953125	8805
413.5134582519531	10337.836456298828	8804.51953125	8805
413.7613220214844	10344.03305053711	8743.36279296875	8743
414.00933837890625	10350.233459472656	8743.36279296875	8743
414.2574768066406	10356.436920166016	8735.55322265625	8736
414.5057678222656	10362.64419555664	8725.9228515625	8726
414.7542419433594	10368.856048583984	8703.56005859375	8704
415.0028381347656	10375.07095336914	8663.72998046875	8664
415.2515869140625	10381.289672851562	8637.18017578125	8637
415.5004577636719	10387.511444091797	8637.18017578125	8637
415.74951171875	10393.73779296875	8608.3740234375	8608
415.99871826171875	10399.967956542969	8605.41455078125	8605
416.248046875	10406.201171875	8567.837890625	8568
416.49755859375	10412.43896484375	8567.837890625	8568
416.7471923828125	10418.679809570312	8567.001953125	8567
416.9969787597656	10424.92446899414	8567.001953125	8567
417.2469177246094	10431.172943115234	8567.001953125	8567
417.49700927734375	10437.425231933594	8567.001953125	8567
417.74725341796875	10443.681335449219	8567.001953125	8567
417.9976501464844	10449.94125366211	8567.001953125	8567
418.2481994628906	10456.204986572266	8523.0146484375	8523
418.4988708496094	10462.471771240234	8480.431640625	8480
418.7497253417969	10468.743133544922	8480.431640625	8480
419.0007019042969	10475.017547607422	8468.9033203125	8469
419.2518615722656	10481.29653930664	8418.81103515625	8419
419.5031433105469	10487.578582763672	8443.9453125	8444
419.7546081542969	10493.865203857422	8418.81103515625	8419
420.0061950683594	10500.154876708984	8400.568359375	8401
420.2579345703125	10506.448364257812	8384.17431640625	8384
420.50982666015625	10512.745666503906	8354.53955078125	8355
420.7618713378906	10519.046783447266	8343.94384765625	8344
421.0140686035156	10525.35171508789	8336.10498046875	8336
421.26641845703125	10531.660461425781	8325.69287109375	8326
421.5189208984375	10537.973022460938	8297.19873046875	8297
421.7715759277344	10544.28939819336	8285.02685546875	8285
422.0243835449219	10550.609588623047	8274.6123046875	8275
422.27734375	10556.93359375	8258.3408203125	8258
422.53045654296875	10563.261413574219	8232.23828125	8232
422.7837219238281	10569.593048095703	8215.17431640625	8215
423.037109375	10575.927734375	8209.1318359375	8209
423.2906799316406	10582.266998291016	8195.900390625	8196
423.5444030761719	10588.610076904297	8195.900390625	8196
423.79827880859375	10594.956970214844	8183.92724609375	8184
424.0522766113281	10601.306915283203	8180.262939453125	8180
424.30645751953125	10607.661437988281	8175.993896484375	8176
424.560791015625	10614.019775390625	8162.98388671875	8163
424.81524658203125	10620.381164550781	8162.98388671875	8163
425.06988525390625	10626.747131347656	8156.60205078125	8157
425.3246765136719	10633.116912841797	8134.5498046875	8135
425.57958984375	10639.48974609375	8109.635986328125	8110
425.8346862792969	10645.867156982422	8101.734619140625	8102
426.0899353027344	10652.24838256836	8101.734619140625	8102
426.3453063964844	10658.63265991211	8082.03271484375	8082
426.6008605957031	10665.021514892578	8080.294921875	8080
426.8565673828125	10671.414184570312	8080.294921875	8080
427.1123962402344	10677.80990600586	8080.294921875	8080
427.368408203125	10684.210205078125	8080.294921875	8080
427.62457275390625	10690.614318847656	8071.17041015625	8071
427.8808898925781	10697.022247314453	8033.350830078125	8033
428.1373596191406	10703.433990478516	8003.60693359375	8004
428.39398193359375	10709.849548339844	7987.836669921875	7988
428.6507568359375	10716.268920898438	7970.068603515625	7970
428.9076843261719	10722.692108154297	7954.529052734375	7955
429.1647644042969	10729.119110107422	7954.529052734375	7955
429.4219970703125	10735.549926757812	7954.529052734375	7955
429.67938232421875	10741.984558105469	7895.1298828125	7895
429.9369201660156	10748.42300415039	7883.359130859375	7883
430.1946105957031	10754.865264892578	7869.26171875	7869
430.4524841308594	10761.312103271484	7862.914306640625	7863
430.7104797363281	10767.761993408203	7862.914306640625	7863
430.9686279296875	10774.215698242188	7862.914306640625	7863
431.2269592285156	10780.67398071289	7851.386474609375	7851
431.4854431152344	10787.13607788086	7851.386474609375	7851
431.7440490722656	10793.60122680664	7837.8935546875	7838
432.0028381347656	10800.07095336914	7841.729248046875	7842
432.26177978515625	10806.544494628906	7837.8935546875	7838
432.5208740234375	10813.021850585938	7837.8935546875	7838
432.7801208496094	10819.503021240234	7790.030517578125	7790
433.0395202636719	10825.988006591797	7790.030517578125	7790
433.299072265625	10832.476806640625	7790.030517578125	7790
433.55877685546875	10838.969421386719	7789.994140625	7790
433.81866455078125	10845.466613769531	7789.994140625	7790
434.07867431640625	10851.966857910156	7780.18896484375	7780
434.3388671875	10858.4716796875	7746.062255859375	7746
434.59918212890625	10864.979553222656	7717.85986328125	7718
434.85968017578125	10871.492004394531	7717.85986328125	7718
435.1203308105469	10878.008270263672	7717.85986328125	7718
435.3811340332031	10884.528350830078	7713.204345703125	7713
435.64208984375	10891.05224609375	7713.204345703125	7713
435.9032287597656	10897.58071899414	7713.204345703125	7713
436.16448974609375	10904.112243652344	7708.346923828125	7708
436.4259338378906	10910.648345947266	7696.167236328125	7696
436.6875	10917.1875	7694.966064453125	7695
436.9492492675781	10923.731231689453	7671.449951171875	7671
437.2111511230469	10930.278778076172	7662.919921875	7663
437.47320556640625	10936.830139160156	7642.205322265625	7642
437.7354431152344	10943.38607788086	7642.205322265625	7642
437.997802734375	10949.945068359375	7642.205322265625	7642
438.2603454589844	10956.50863647461	7610.75	7611
438.52301025390625	10963.075256347656	7609.47509765625	7609
438.7858581542969	10969.646453857422	7596.94873046875	7597
439.0488586425781	10976.221466064453	7583.85595703125	7584
439.3120422363281	10982.801055908203	7575.5888671875	7576
439.5753479003906	10989.383697509766	7549.822998046875	7550
439.8388366699219	10995.970916748047	7539.8740234375	7540
440.1024475097656	11002.56118774414	7539.8740234375	7540
440.3662414550781	11009.156036376953	7535.482177734375	7535
440.63018798828125	11015.754699707031	7516.626953125	7517
440.8943176269531	11022.357940673828	7509.255859375	7509
441.1585693359375	11028.964233398438	7503.457275390625	7503
441.4230041503906	11035.575103759766	7503.457275390625	7503
441.68756103515625	11042.189025878906	7497.1552734375	7497
441.95233154296875	11048.808288574219	7497.1552734375	7497
442.21722412109375	11055.430603027344	7475.328857421875	7475
442.4822692871094	11062.056732177734	7463.844970703125	7464
442.74749755859375	11068.687438964844	7443.614501953125	7444
443.01287841796875	11075.321960449219	7443.614501953125	7444
443.2784118652344	11081.96029663086	7433.193603515625	7433
443.5440979003906	11088.602447509766	7433.193603515625	7433
443.8099670410156	11095.24917602539	7425.329345703125	7425
444.0759582519531	11101.898956298828	7421.87451171875	7422
444.3421325683594	11108.553314208984	7412.63671875	7413
444.60845947265625	11115.211486816406	7404.987548828125	7405
444.8749694824219	11121.874237060547	7394.2431640625	7394
445.1416320800781	11128.540802001953	7373.4755859375	7373
445.4084167480469	11135.210418701172	7360.850341796875	7361
445.6754150390625	11141.885375976562	7360.052001953125	7360
445.9425354003906	11148.563385009766	7360.052001953125	7360
446.2098388671875	11155.245971679688	7352.16943359375	7352
446.4772644042969	11161.931610107422	7336.18603515625	7336
446.744873046875	11168.621826171875	7333.637939453125	7334
447.0126647949219	11175.316619873047	7303.744873046875	7304
447.28057861328125	11182.014465332031	7303.744873046875	7304
447.5486755371094	11188.716888427734	7303.744873046875	7304
447.81695556640625	11195.423889160156	7303.744873046875	7304
448.0853576660156	11202.13394165039	7301.9541015625	7302
448.35394287109375	11208.848571777344	7301.9541015625	7302
448.6226806640625	11215.567016601562	7301.9541015625	7302
448.8915710449219	11222.289276123047	7301.9541015625	7302
449.1606140136719	11229.015350341797	7292.427490234375	7292
449.4298400878906	11235.746002197266	7291.08251953125	7291
449.69921875	11242.48046875	7291.08251953125	7291
449.9687805175781	11249.219512939453	7286.35400390625	7286
450.23846435546875	11255.961608886719	7278.249755859375	7278
450.5083312988281	11262.708282470703	7269.91015625	7270
450.77838134765625	11269.459533691406	7263.8251953125	7264
451.0485534667969	11276.213836669922	7263.8251953125	7264
451.31890869140625	11282.972717285156	7260.970703125	7261
451.58941650390625	11289.735412597656	7259.631591796875	7260
451.860107421875	11296.502685546875	7239.241943359375	7239
452.1309509277344	11303.27377319336	7242.623779296875	7243
452.4019470214844	11310.04867553711	7242.623779296875	7243
452.673095703125	11316.827392578125	7232.166259765625	7232
452.9444274902344	11323.61068725586	7227.865478515625	7228
453.2159118652344	11330.39779663086	7223.468505859375	7223
453.4875793457031	11337.189483642578	7223.08056640625	7223
453.7593994140625	11343.984985351562	7223.08056640625	7223
454.0313720703125	11350.784301757812	7203.710205078125	7204
454.3034973144531	11357.587432861328	7203.710205078125	7204
454.5758056640625	11364.395141601562	7203.710205078125	7204
454.8482666015625	11371.206665039062	7189.259765625	7189
455.12091064453125	11378.022766113281	7189.259765625	7189
455.3937072753906	11384.842681884766	7180.772705078125	7181
455.6666564941406	11391.666412353516	7180.772705078125	7181
455.9397888183594	11398.494720458984	7167.843994140625	7168
456.21307373046875	11405.326843261719	7167.843994140625	7168
456.48651123046875	11412.162780761719	7160.848388671875	7161
456.7601318359375	11419.003295898438	7140.599365234375	7141
457.0339050292969	11425.847625732422	7131.039794921875	7131
457.3078308105469	11432.695770263672	7113.08056640625	7113
457.5819396972656	11439.54849243164	7099.793701171875	7100
457.856201171875	11446.405029296875	7099.793701171875	7100
458.1306457519531	11453.266143798828	7093.23291015625	7093
458.4052429199219	11460.131072998047	7093.23291015625	7093
458.67999267578125	11466.999816894531	7093.23291015625	7093
458.9549255371094	11473.873138427734	7074.06689453125	7074
459.2300109863281	11480.750274658203	7067.329833984375	7067
459.5052795410156	11487.63198852539	7067.329833984375	7067
459.78070068359375	11494.517517089844	7044.8388671875	7045
460.0562744140625	11501.406860351562	7055.965576171875	7056
460.33203125	11508.30078125	7054.231201171875	7054
460.6079406738281	11515.198516845703	7054.231201171875	7054
460.884033203125	11522.100830078125	7035.8857421875	7036
461.1602783203125	11529.006958007812	7035.8857421875	7036
461.4366760253906	11535.916900634766	7026.493408203125	7026
461.7132568359375	11542.831420898438	7009.51220703125	7010
461.9900207519531	11549.750518798828	7009.51220703125	7010
462.26690673828125	11556.672668457031	7009.51220703125	7010
462.54400634765625	11563.600158691406	6999.686767578125	7000
462.82122802734375	11570.530700683594	6996.17822265625	6996
463.0986328125	11577.4658203125	6990.5078125	6991
463.376220703125	11584.405517578125	6974.942626953125	6975
463.6539611816406	11591.349029541016	6968.77978515625	6969
463.931884765625	11598.297119140625	6954.710693359375	6955
464.2099609375	11605.2490234375	6954.710693359375	6955
464.4881896972656	11612.20474243164	6934.04443359375	6934
464.7666015625	11619.1650390625	6920.326171875	6920
465.045166015625	11626.129150390625	6920.326171875	6920
465.32391357421875	11633.097839355469	6920.326171875	6920
465.6028137207031	11640.070343017578	6920.326171875	6920
465.88189697265625	11647.047424316406	6914.137451171875	6914
466.1611328125	11654.0283203125	6914.137451171875	6914
466.4405517578125	11661.013793945312	6903.0087890625	6903
466.7201232910156	11668.00308227539	6903.0087890625	6903
466.9998779296875	11674.996948242188	6903.0087890625	6903
467.27978515625	11681.99462890625	6903.0087890625	6903
467.55987548828125	11688.996887207031	6873.364990234375	6873
467.8401184082031	11696.002960205078	6872.557861328125	6873
468.12054443359375	11703.013610839844	6872.557861328125	6873
468.401123046875	11710.028076171875	6872.557861328125	6873
468.6818542480469	11717.046356201172	6864.211669921875	6864
468.9627990722656	11724.06997680664	6864.211669921875	6864
469.2438659667969	11731.096649169922	6855.23046875	6855
469.525146484375	11738.128662109375	6855.23046875	6855
469.80657958984375	11745.164489746094	6832.399658203125	6832
470.0881652832031	11752.204132080078	6824.84912109375	6825
470.36993408203125	11759.248352050781	6824.84912109375	6825
470.65185546875	11766.29638671875	6824.84912109375	6825
470.9339599609375	11773.348999023438	6806.629150390625	6807
471.2162170410156	11780.40542602539	6793.571533203125	6794
471.4986572265625	11787.466430664062	6778.297119140625	6778
471.7812805175781	11794.532012939453	6769.51123046875	6770
472.0640563964844	11801.60140991211	6766.85498046875	6767
472.3470153808594	11808.675384521484	6762.954833984375	6763
472.630126953125	11815.753173828125	6765.62451171875	6766
472.9134216308594	11822.835540771484	6762.954833984375	6763
473.1968688964844	11829.92172241211	6756.1435546875	6756
473.4804992675781	11837.012481689453	6746.649169921875	6747
473.7643127441406	11844.107818603516	6746.649169921875	6747
474.04827880859375	11851.206970214844	6746.250244140625	6746
474.3323974609375	11858.309936523438	6737.50732421875	6738
474.61669921875	11865.41748046875	6737.50732421875	6738
474.90118408203125	11872.529602050781	6728.46044921875	6728
475.18585205078125	11879.646301269531	6728.46044921875	6728
475.4706726074219	11886.766815185547	6725.759765625	6726
475.7556457519531	11893.891143798828	6725.759765625	6726
476.0408020019531	11901.020050048828	6725.759765625	6726
476.3261413574219	11908.153533935547	6723.23193359375	6723
476.61163330078125	11915.290832519531	6723.23193359375	6723
476.8973083496094	11922.432708740234	6723.23193359375	6723
477.18316650390625	11929.579162597656	6714.658447265625	6715
477.46917724609375	11936.729431152344	6714.658447265625	6715
477.75537109375	11943.88427734375	6703.330078125	6703
478.0417175292969	11951.042938232422	6703.330078125	6703
478.3282775878906	11958.206939697266	6695.168212890625	6695
478.6149597167969	11965.373992919922	6695.168212890625	6695
478.90185546875	11972.54638671875	6689.024169921875	6689
479.1888732910156	11979.72183227539	6689.024169921875	6689
479.4761047363281	11986.902618408203	6685.767333984375	6686
479.76348876953125	11994.087219238281	6675.563720703125	6676
480.0510559082031	12001.276397705078	6672.9033203125	6673
480.33880615234375	12008.470153808594	6672.9033203125	6673
480.626708984375	12015.667724609375	6670.903564453125	6671
480.914794921875	12022.869873046875	6667.6376953125	6668
481.2030334472656	12030.07583618164	6637.756103515625	6638
481.491455078125	12037.286376953125	6629.661865234375	6630
481.7800598144531	12044.501495361328	6599.149658203125	6599
482.06884765625	12051.72119140625	6599.149658203125	6599
482.3577880859375	12058.944702148438	6596.243408203125	6596
482.64691162109375	12066.172790527344	6558.431396484375	6558
482.9361877441406	12073.404693603516	6558.431396484375	6558
483.22564697265625	12080.641174316406	6542.3837890625	6542
483.5152893066406	12087.882232666016	6536.609375	6537
483.80511474609375	12095.127868652344	6536.609375	6537
484.0950927734375	12102.377319335938	6499.02294921875	6499
484.38525390625	12109.63134765625	6499.02294921875	6499
484.67559814453125	12116.889953613281	6475.66259765625	6476
484.9660949707031	12124.152374267578	6475.484619140625	6475
485.25677490234375	12131.419372558594	6475.484619140625	6475
485.5476379394531	12138.690948486328	6475.109619140625	6475
485.8386535644531	12145.966339111328	6475.109619140625	6475
486.1298828125	12153.2470703125	6475.109619140625	6475
486.4212646484375	12160.531616210938	6473.0517578125	6473
486.7127990722656	12167.81997680664	6471.215087890625	6471
487.0045471191406	12175.113677978516	6471.215087890625	6471
487.29644775390625	12182.411193847656	6471.215087890625	6471
487.5885009765625	12189.712524414062	6450.974365234375	6451
487.8807678222656	12197.01919555664	6450.974365234375	6451
488.1731872558594	12204.329681396484	6450.974365234375	6451
488.4657897949219	12211.644744873047	6443.865966796875	6444
488.7585754394531	12218.964385986328	6465.30078125	6465
489.0515441894531	12226.288604736328	6443.865966796875	6444
489.34466552734375	12233.616638183594	6443.865966796875	6444
489.6379699707031	12240.949249267578	6438.457763671875	6438
489.93145751953125	12248.286437988281	6415.867919921875	6416
490.2251281738281	12255.628204345703	6393.9228515625	6394
490.5189514160156	12262.97378540039	6381.974609375	6382
490.8129577636719	12270.323944091797	6366.2373046875	6366
491.1071472167969	12277.678680419922	6361.968994140625	6362
491.4015197753906	12285.037994384766	6361.968994140625	6362
491.696044921875	12292.401123046875	6361.968994140625	6362
491.9907531738281	12299.768829345703	6357.75244140625	6358
492.28564453125	12307.14111328125	6341.07568359375	6341
492.5807189941406	12314.517974853516	6341.07568359375	6341
492.8759765625	12321.8994140625	6341.07568359375	6341
493.17138671875	12329.28466796875	6341.07568359375	6341
493.46697998046875	12336.674499511719	6341.07568359375	6341
493.76275634765625	12344.068908691406	6341.07568359375	6341
494.0587158203125	12351.467895507812	6335.258544921875	6335
494.3548583984375	12358.871459960938	6319.830810546875	6320
494.6511535644531	12366.278839111328	6319.830810546875	6320
494.9476623535156	12373.69155883789	6307.468994140625	6307
495.24432373046875	12381.108093261719	6307.468994140625	6307
495.5411682128906	12388.529205322266	6307.468994140625	6307
495.8381652832031	12395.954132080078	6307.468994140625	6307
496.1353759765625	12403.384399414062	6268.15283203125	6268
496.4327392578125	12410.818481445312	6268.15283203125	6268
496.7303161621094	12418.257904052734	6253.34765625	6253
497.0280456542969	12425.701141357422	6268.26220703125	6268
497.3259582519531	12433.148956298828	6253.34765625	6253
497.6240539550781	12440.601348876953	6229.626220703125	6230
497.92230224609375	12448.057556152344	6229.626220703125	6230
498.22076416015625	12455.519104003906	6229.626220703125	6230
498.5193786621094	12462.984466552734	6229.626220703125	6230
498.8182067871094	12470.455169677734	6229.626220703125	6230
499.1171875	12477.9296875	6229.626220703125	6230
499.4163513183594	12485.408782958984	6222.22021484375	6222
499.7156982421875	12492.892456054688	6222.2158203125	6222
500.01519775390625	12500.379943847656	6222.2158203125	6222
500.3149108886719	12507.872772216797	6222.2158203125	6222
500.6147766113281	12515.369415283203	6222.2158203125	6222
500.91485595703125	12522.871398925781	6218.76416015625	6219
501.215087890625	12530.377197265625	6218.76416015625	6219
501.5155029296875	12537.887573242188	6199.24755859375	6199
501.81610107421875	12545.402526855469	6199.24755859375	6199
502.11688232421875	12552.922058105469	6189.221435546875	6189
502.4178466796875	12560.446166992188	6189.221435546875	6189
502.718994140625	12567.974853515625	6189.221435546875	6189
503.02032470703125	12575.508117675781	6185.715087890625	6186
503.32183837890625	12583.045959472656	6166.296142578125	6166
503.6235046386719	12590.587615966797	6166.296142578125	6166
503.9253845214844	12598.13461303711	6155.04638671875	6155
504.2274169921875	12605.685424804688	6131.43310546875	6131
504.5296630859375	12613.241577148438	6115.078857421875	6115
504.8320617675781	12620.801544189453	6105.07080078125	6105
505.1346435546875	12628.366088867188	6105.07080078125	6105
505.4374084472656	12635.93521118164	6105.07080078125	6105
505.7403564453125	12643.508911132812	6105.07080078125	6105
506.0434875488281	12651.087188720703	6105.07080078125	6105
506.3468322753906	12658.670806884766	6105.07080078125	6105
506.65032958984375	12666.258239746094	6089.14453125	6089
506.9539794921875	12673.849487304688	6084.041259765625	6084
507.2578430175781	12681.446075439453	6084.041259765625	6084
507.5618896484375	12689.047241210938	6084.041259765625	6084
507.8661193847656	12696.65298461914	6082.962890625	6083
508.1705322265625	12704.263305664062	6082.962890625	6083
508.4751281738281	12711.878204345703	6075.295654296875	6075
508.7799072265625	12719.497680664062	6075.295654296875	6075
509.0848388671875	12727.120971679688	6069.458740234375	6069
509.3899841308594	12734.749603271484	6050.526611328125	6051
509.6953125	12742.3828125	6048.128173828125	6048
510.0008239746094	12750.020599365234	6038.602783203125	6039
510.3064880371094	12757.662200927734	6038.602783203125	6039
510.61236572265625	12765.309143066406	6038.602783203125	6039
510.9184265136719	12772.960662841797	6038.602783203125	6039
511.22467041015625	12780.616760253906	6038.602783203125	6039
511.5310974121094	12788.277435302734	6038.602783203125	6039
511.8376770019531	12795.941925048828	6038.602783203125	6039
512.1444702148438	12803.611755371094	6029.20703125	6029
512.4514770507812	12811.286926269531	6029.20703125	6029
512.7586059570312	12818.965148925781	6018.085693359375	6018
513.06591796875	12826.64794921875	6018.085693359375	6018
513.3734741210938	12834.336853027344	6018.085693359375	6018
513.68115234375	12842.02880859375	6004.11181640625	6004
513.9890747070312	12849.726867675781	6001.9921875	6002
514.297119140625	12857.427978515625	6001.9921875	6002
514.6054077148438	12865.135192871094	6001.9921875	6002
514.9138793945312	12872.846984863281	5980.52294921875	5981
515.2224731445312	12880.561828613281	5980.52294921875	5981
515.5313110351562	12888.282775878906	5980.52294921875	5981
515.84033203125	12896.00830078125	5980.52294921875	5981
516.1494750976562	12903.736877441406	5955.189208984375	5955
516.4588623046875	12911.471557617188	5955.189208984375	5955
516.7684326171875	12919.210815429688	5955.189208984375	5955
517.0781860351562	12926.954650878906	5950.378662109375	5950
517.3881225585938	12934.703063964844	5950.378662109375	5950
517.6982421875	12942.4560546875	5921.3681640625	5921
518.008544921875	12950.213623046875	5915.218505859375	5915
518.3190307617188	12957.975769042969	5911.90380859375	5912
518.6296997070312	12965.742492675781	5909.622314453125	5910
518.9405517578125	12973.513793945312	5904.39501953125	5904
519.2515869140625	12981.289672851562	5891.86083984375	5892
519.5628051757812	12989.070129394531	5891.86083984375	5892
519.8742065429688	12996.855163574219	5891.86083984375	5892
520.1858520507812	13004.646301269531	5893.4287109375	5893
520.4976196289062	13012.440490722656	5891.7353515625	5892
520.8096313476562	13020.240783691406	5891.7353515625	5892
521.1217651367188	13028.044128417969	5882.76513671875	5883
521.4341430664062	13035.853576660156	5882.76513671875	5883
521.7466430664062	13043.666076660156	5859.909423828125	5860
522.0593872070312	13051.484680175781	5859.909423828125	5860
522.372314453125	13059.307861328125	5859.909423828125	5860
522.6854248046875	13067.135620117188	5859.909423828125	5860
522.9987182617188	13074.967956542969	5859.181884765625	5859
523.3121948242188	13082.804870605469	5859.181884765625	5859
523.6258544921875	13090.646362304688	5854.5283203125	5855
523.939697265625	13098.492431640625	5854.5283203125	5855
524.2537231445312	13106.343078613281	5848.599853515625	5849
524.5679931640625	13114.199829101562	5831.56005859375	5832
524.8823852539062	13122.059631347656	5831.56005859375	5832
525.197021484375	13129.925537109375	5823.787841796875	5824
525.5117797851562	13137.794494628906	5823.787841796875	5824
525.8267822265625	13145.669555664062	5830.9208984375	5831
526.1419677734375	13153.549194335938	5827.18798828125	5827
526.4573364257812	13161.433410644531	5817.510986328125	5818
526.7728881835938	13169.322204589844	5814.11083984375	5814
527.088623046875	13177.215576171875	5812.382080078125	5812
527.404541015625	13185.113525390625	5808.646484375	5809
527.7206420898438	13193.016052246094	5800.548583984375	5801
528.0369873046875	13200.924682617188	5797.377197265625	5797
528.3534545898438	13208.836364746094	5791.3369140625	5791
528.670166015625	13216.754150390625	5786.83203125	5787
528.9869995117188	13224.674987792969	5786.83203125	5787
529.3040771484375	13232.601928710938	5783.356689453125	5783
529.621337890625	13240.533447265625	5782.306884765625	5782
529.9387817382812	13248.469543457031	5782.306884765625	5782
530.2564086914062	13256.410217285156	5782.306884765625	5782
530.5742797851562	13264.356994628906	5782.306884765625	5782
530.8922729492188	13272.306823730469	5769.631103515625	5770
531.2105102539062	13280.262756347656	5769.631103515625	5770
531.5288696289062	13288.221740722656	5769.631103515625	5770
531.8474731445312	13296.186828613281	5740.311279296875	5740
532.166259765625	13304.156494140625	5740.311279296875	5740
532.4852294921875	13312.130737304688	5740.311279296875	5740
532.8043823242188	13320.109558105469	5740.311279296875	5740
533.123779296875	13328.094482421875	5724.25	5724
533.4432983398438	13336.082458496094	5724.25	5724
533.7630615234375	13344.076538085938	5717.472900390625	5717
534.0829467773438	13352.073669433594	5706.233642578125	5706
534.403076171875	13360.076904296875	5706.233642578125	5706
534.723388671875	13368.084716796875	5706.233642578125	5706
535.0439453125	13376.0986328125	5692.68798828125	5693
535.3646240234375	13384.115600585938	5688.484130859375	5688
535.6854858398438	13392.137145996094	5682.0205078125	5682
536.006591796875	13400.164794921875	5672.642333984375	5673
536.327880859375	13408.197021484375	5653.06103515625	5653
536.6493530273438	13416.233825683594	5643.47802734375	5643
536.9710083007812	13424.275207519531	5640.484619140625	5640
537.2928466796875	13432.321166992188	5640.484619140625	5640
537.6148681640625	13440.371704101562	5637.4609375	5637
537.9371337890625	13448.428344726562	5636.08544921875	5636
538.2595825195312	13456.489562988281	5636.08544921875	5636
538.5821533203125	13464.553833007812	5624.979736328125	5625
538.905029296875	13472.625732421875	5624.50146484375	5625
539.22802734375	13480.70068359375	5614.34521484375	5614
539.5512084960938	13488.780212402344	5613.62109375	5614
539.8746337890625	13496.865844726562	5607.06787109375	5607
540.1982421875	13504.9560546875	5607.06787109375	5607
540.52197265625	13513.04931640625	5607.06787109375	5607
540.8460083007812	13521.150207519531	5607.06787109375	5607
541.170166015625	13529.254150390625	5600.27197265625	5600
541.4945068359375	13537.362670898438	5584.32275390625	5584
541.819091796875	13545.477294921875	5564.896728515625	5565
542.1438598632812	13553.596496582031	5566.970947265625	5567
542.4688110351562	13561.720275878906	5564.896728515625	5565
542.7939453125	13569.8486328125	5557.634521484375	5558
543.1193237304688	13577.983093261719	5557.634521484375	5558
543.44482421875	13586.12060546875	5554.568359375	5555
543.7705688476562	13594.264221191406	5554.568359375	5555
544.0964965820312	13602.412414550781	5548.28515625	5548
544.422607421875	13610.565185546875	5547.144287109375	5547
544.7489624023438	13618.724060058594	5532.707275390625	5533
545.075439453125	13626.885986328125	5529.240478515625	5529
545.4021606445312	13635.054016113281	5529.240478515625	5529
545.7290649414062	13643.226623535156	5517.32763671875	5517
546.05615234375	13651.40380859375	5517.32763671875	5517
546.3834838867188	13659.587097167969	5516.555419921875	5517
546.7109375	13667.7734375	5516.555419921875	5517
547.0386352539062	13675.965881347656	5516.555419921875	5517
547.3665161132812	13684.162902832031	5516.555419921875	5517
547.6946411132812	13692.366027832031	5516.555419921875	5517
548.0228881835938	13700.572204589844	5515.15576171875	5515
548.3513793945312	13708.784484863281	5507.377197265625	5507
548.6800537109375	13717.001342773438	5506.97265625	5507
549.0089111328125	13725.222778320312	5506.97265625	5507
549.3380126953125	13733.450317382812	5497.03955078125	5497
549.667236328125	13741.680908203125	5468.318603515625	5468
549.9967041015625	13749.917602539062	5468.318603515625	5468
550.3263549804688	13758.158874511719	5481.439697265625	5481
550.65625	13766.40625	5464.574462890625	5465
550.986328125	13774.658203125	5464.574462890625	5465
551.3165283203125	13782.913208007812	5461.653564453125	5462
551.6470336914062	13791.175842285156	5461.653564453125	5462
551.9776611328125	13799.441528320312	5458.523193359375	5459
552.3084716796875	13807.711791992188	5458.523193359375	5459
552.6395263671875	13815.988159179688	5452.06201171875	5452
552.9707641601562	13824.269104003906	5452.06201171875	5452
553.30224609375	13832.55615234375	5452.06201171875	5452
553.6338500976562	13840.846252441406	5452.06201171875	5452
553.9656982421875	13849.142456054688	5433.32470703125	5433
554.2977294921875	13857.443237304688	5433.32470703125	5433
554.6300048828125	13865.750122070312	5433.32470703125	5433
554.96240234375	13874.06005859375	5428.250732421875	5428
555.2950439453125	13882.376098632812	5428.250732421875	5428
555.6279296875	13890.6982421875	5428.250732421875	5428
555.9609375	13899.0234375	5428.250732421875	5428
556.294189453125	13907.354736328125	5424.177978515625	5424
556.6276245117188	13915.690612792969	5418.422607421875	5418
556.9612426757812	13924.031066894531	5417.74169921875	5418
557.2951049804688	13932.377624511719	5402.779541015625	5403
557.6290893554688	13940.727233886719	5402.779541015625	5403
557.96337890625	13949.08447265625	5402.779541015625	5403
558.2977905273438	13957.444763183594	5402.779541015625	5403
558.6324462890625	13965.811157226562	5387.847900390625	5388
558.96728515625	13974.18212890625	5387.847900390625	5388
559.3023071289062	13982.557678222656	5387.847900390625	5388
559.6375122070312	13990.937805175781	5387.847900390625	5388
559.9729614257812	13999.324035644531	5387.847900390625	5388
560.30859375	14007.71484375	5387.847900390625	5388
560.6444702148438	14016.111755371094	5367.29931640625	5367
560.98046875	14024.51171875	5367.29931640625	5367
561.3167114257812	14032.917785644531	5367.29931640625	5367
561.6531982421875	14041.329956054688	5361.497802734375	5361
561.9898071289062	14049.745178222656	5361.497802734375	5361
562.32666015625	14058.16650390625	5361.497802734375	5361
562.6637573242188	14066.593933105469	5361.497802734375	5361
563.0009765625	14075.0244140625	5361.497802734375	5361
563.3384399414062	14083.460998535156	5361.497802734375	5361
563.6760864257812	14091.902160644531	5353.007080078125	5353
564.0139770507812	14100.349426269531	5346.941162109375	5347
564.3519897460938	14108.799743652344	5346.941162109375	5347
564.6903076171875	14117.257690429688	5336.851318359375	5337
565.0287475585938	14125.718688964844	5336.851318359375	5337
565.367431640625	14134.185791015625	5328.4794921875	5328
565.706298828125	14142.657470703125	5326.943115234375	5327
566.0453491210938	14151.133728027344	5326.943115234375	5327
566.3846435546875	14159.616088867188	5326.943115234375	5327
566.72412109375	14168.10302734375	5326.943115234375	5327
567.0638427734375	14176.596069335938	5324.5478515625	5325
567.4036865234375	14185.092163085938	5324.5478515625	5325
567.7437744140625	14193.594360351562	5324.5478515625	5325
568.0841064453125	14202.102661132812	5324.5478515625	5325
568.4246215820312	14210.615539550781	5322.27734375	5322
568.7653198242188	14219.132995605469	5305.936767578125	5306
569.106201171875	14227.655029296875	5300.05419921875	5300
569.4473266601562	14236.183166503906	5300.05419921875	5300
569.7886352539062	14244.715881347656	5296.42529296875	5296
570.1301879882812	14253.254699707031	5284.8203125	5285
570.471923828125	14261.798095703125	5284.8203125	5285
570.8138427734375	14270.346069335938	5284.8203125	5285
571.1559448242188	14278.898620605469	5278.38232421875	5278
571.498291015625	14287.457275390625	5278.38232421875	5278
571.8408813476562	14296.022033691406	5278.38232421875	5278
572.18359375	14304.58984375	5249.6279296875	5250
572.5265502929688	14313.163757324219	5249.16064453125	5249
572.8697509765625	14321.743774414062	5249.16064453125	5249
573.213134765625	14330.328369140625	5231.6904296875	5232
573.5567016601562	14338.917541503906	5223.920166015625	5224
573.9004516601562	14347.511291503906	5216.294921875	5216
574.2444458007812	14356.111145019531	5215.6201171875	5216
574.588623046875	14364.715576171875	5215.6201171875	5216
574.9330444335938	14373.326110839844	5203.4873046875	5203
575.2776489257812	14381.941223144531	5197.49853515625	5197
575.6224975585938	14390.562438964844	5195.031982421875	5195
575.9674682617188	14399.186706542969	5188.891845703125	5189
576.312744140625	14407.818603515625	5188.891845703125	5189
576.6581420898438	14416.453552246094	5189.00634765625	5189
577.0037841796875	14425.094604492188	5188.891845703125	5189
577.349609375	14433.740234375	5174.787353515625	5175
577.6956787109375	14442.391967773438	5174.787353515625	5175
578.0419311523438	14451.048278808594	5181.042236328125	5181
578.388427734375	14459.710693359375	5181.042236328125	5181
578.735107421875	14468.377685546875	5181.042236328125	5181
579.0819702148438	14477.049255371094	5181.042236328125	5181
579.4290771484375	14485.726928710938	5181.042236328125	5181
579.7763671875	14494.4091796875	5166.80712890625	5167
580.1239013671875	14503.097534179688	5166.80712890625	5167
580.4716186523438	14511.790466308594	5166.80712890625	5167
580.8195190429688	14520.487976074219	5166.80712890625	5167
581.1676635742188	14529.191589355469	5166.80712890625	5167
581.5159912109375	14537.899780273438	5166.80712890625	5167
581.8645629882812	14546.614074707031	5166.80712890625	5167
582.2133178710938	14555.332946777344	5149.98681640625	5150
582.5623168945312	14564.057922363281	5129.51220703125	5130
582.9114990234375	14572.787475585938	5129.51220703125	5130
583.2608642578125	14581.521606445312	5129.51220703125	5130
583.6104736328125	14590.261840820312	5129.51220703125	5130
583.9602661132812	14599.006652832031	5127.34521484375	5127
584.310302734375	14607.757568359375	5126.23291015625	5126
584.6605224609375	14616.513061523438	5117.98193359375	5118
585.010986328125	14625.274658203125	5105.39111328125	5105
585.3616333007812	14634.040832519531	5105.39111328125	5105
585.7124633789062	14642.811584472656	5096.07763671875	5096
586.0635375976562	14651.588439941406	5096.07763671875	5096
586.414794921875	14660.369873046875	5099.985107421875	5100
586.7662963867188	14669.157409667969	5099.985107421875	5100
587.1179809570312	14677.949523925781	5099.985107421875	5100
587.4699096679688	14686.747741699219	5099.985107421875	5100
587.822021484375	14695.550537109375	5099.93017578125	5100
588.1743774414062	14704.359436035156	5094.758056640625	5095
588.5269165039062	14713.172912597656	5094.758056640625	5095
588.879638671875	14721.990966796875	5094.758056640625	5095
589.2326049804688	14730.815124511719	5093.7158203125	5094
589.5858154296875	14739.645385742188	5093.7158203125	5094
589.939208984375	14748.480224609375	5093.7158203125	5094
590.2927856445312	14757.319641113281	5088.50341796875	5089
590.6466064453125	14766.165161132812	5093.75830078125	5094
591.0006103515625	14775.015258789062	5088.3759765625	5088
591.3548583984375	14783.871459960938	5088.3759765625	5088
591.7093505859375	14792.733764648438	5078.10986328125	5078
592.06396484375	14801.59912109375	5078.10986328125	5078
592.4188842773438	14810.472106933594	5078.10986328125	5078
592.77392578125	14819.34814453125	5072.263427734375	5072
593.1292724609375	14828.231811523438	5072.263427734375	5072
593.4847412109375	14837.118530273438	5064.611083984375	5065
593.8405151367188	14846.012878417969	5064.611083984375	5065
594.1964111328125	14854.910278320312	5062.007568359375	5062
594.5525512695312	14863.813781738281	5060.7578125	5061
594.908935546875	14872.723388671875	5052.22412109375	5052
595.2655029296875	14881.637573242188	5052.22412109375	5052
595.622314453125	14890.557861328125	5052.22412109375	5052
595.9793090820312	14899.482727050781	5047.62255859375	5048
596.3365478515625	14908.413696289062	5039.520751953125	5040
596.6939697265625	14917.349243164062	5033.51611328125	5034
597.0516357421875	14926.290893554688	5029.728271484375	5030
597.4094848632812	14935.237121582031	5029.728271484375	5030
597.767578125	14944.189453125	5023.120849609375	5023
598.1258544921875	14953.146362304688	5007.8330078125	5008
598.484375	14962.109375	4998.06884765625	4998
598.8430786132812	14971.076965332031	4998.06884765625	4998
599.2020263671875	14980.050659179688	4990.20703125	4990
599.5612182617188	14989.030456542969	4985.861083984375	4986
599.9205322265625	14998.013305664062	4984.946044921875	4985
600.2801513671875	15007.003784179688	4984.946044921875	4985
600.6399536132812	15015.998840332031	4981.2802734375	4981
600.9999389648438	15024.998474121094	4981.2802734375	4981
601.3601684570312	15034.004211425781	4981.2802734375	4981
601.7206420898438	15043.016052246094	4972.021240234375	4972
602.081298828125	15052.032470703125	4972.021240234375	4972
602.4421997070312	15061.054992675781	4973.69384765625	4974
602.8032836914062	15070.082092285156	4949.887939453125	4950
603.1646118164062	15079.115295410156	4949.887939453125	4950
603.526123046875	15088.153076171875	4949.887939453125	4950
603.8878784179688	15097.196960449219	4948.44287109375	4948
604.2498168945312	15106.245422363281	4948.44287109375	4948
604.6119995117188	15115.299987792969	4948.44287109375	4948
604.9744262695312	15124.360656738281	4948.44287109375	4948
605.3370361328125	15133.425903320312	4948.44287109375	4948
605.6998291015625	15142.495727539062	4934.74462890625	4935
606.0628662109375	15151.571655273438	4919.060791015625	4919
606.4261474609375	15160.653686523438	4919.060791015625	4919
606.7896118164062	15169.740295410156	4916.81640625	4917
607.1533203125	15178.8330078125	4916.81640625	4917
607.5172729492188	15187.931823730469	4917.20947265625	4917
607.8814086914062	15197.035217285156	4900.176513671875	4900
608.2457275390625	15206.143188476562	4900.176513671875	4900
608.6103515625	15215.2587890625	4895.13916015625	4895
608.97509765625	15224.37744140625	4892.7578125	4893
609.3401489257812	15233.503723144531	4871.9501953125	4872
609.7053833007812	15242.634582519531	4871.9501953125	4872
610.07080078125	15251.77001953125	4871.9501953125	4872
610.4364624023438	15260.911560058594	4877.085205078125	4877
610.8023681640625	15270.059204101562	4871.9501953125	4872
611.16845703125	15279.21142578125	4861.44677734375	4861
611.5347900390625	15288.369750976562	4855.28076171875	4855
611.9013671875	15297.5341796875	4845.598876953125	4846
612.2681274414062	15306.703186035156	4854.3076171875	4854
612.6350708007812	15315.876770019531	4842.224609375	4842
613.0023193359375	15325.057983398438	4842.224609375	4842
613.3696899414062	15334.242248535156	4839.07958984375	4839
613.7373657226562	15343.434143066406	4823.5888671875	4824
614.105224609375	15352.630615234375	4827.146728515625	4827
614.4733276367188	15361.833190917969	4823.5888671875	4824
614.8416137695312	15371.040344238281	4823.5888671875	4824
615.2101440429688	15380.253601074219	4828.080078125	4828
615.5789184570312	15389.472961425781	4828.080078125	4828
615.9478759765625	15398.696899414062	4824.220458984375	4824
616.3170776367188	15407.926940917969	4813.682861328125	4814
616.6864624023438	15417.161560058594	4813.682861328125	4814
617.0560913085938	15426.402282714844	4813.682861328125	4814
617.4259643554688	15435.649108886719	4799.457763671875	4799
617.7960205078125	15444.900512695312	4795.939208984375	4796
618.1663208007812	15454.158020019531	4792.572509765625	4793
618.536865234375	15463.421630859375	4769.267333984375	4769
618.9075927734375	15472.689819335938	4764.15380859375	4764
619.278564453125	15481.964111328125	4764.15380859375	4764
619.6497192382812	15491.242980957031	4764.15380859375	4764
620.0211791992188	15500.529479980469	4764.15380859375	4764
620.3927612304688	15509.819030761719	4764.15380859375	4764
620.7646484375	15519.1162109375	4764.15380859375	4764
621.13671875	15528.41796875	4762.73046875	4763
621.509033203125	15537.725830078125	4767.21435546875	4767
621.8815307617188	15547.038269042969	4767.21435546875	4767
622.2542724609375	15556.356811523438	4759.71923828125	4760
622.6272583007812	15565.681457519531	4759.71923828125	4760
623.0004272460938	15575.010681152344	4759.71923828125	4760
623.3739013671875	15584.347534179688	4759.71923828125	4760
623.7474975585938	15593.687438964844	4753.594482421875	4754
624.1213989257812	15603.034973144531	4753.594482421875	4754
624.4954833984375	15612.387084960938	4753.594482421875	4754
624.8698120117188	15621.745300292969	4753.594482421875	4754
625.2443237304688	15631.108093261719	4743.930419921875	4744
625.6190795898438	15640.476989746094	4740.704833984375	4741
625.9940795898438	15649.851989746094	4728.191162109375	4728
626.3692626953125	15659.231567382812	4728.191162109375	4728
626.7447509765625	15668.618774414062	4721.341552734375	4721
627.120361328125	15678.009033203125	4721.341552734375	4721
627.4962768554688	15687.406921386719	4721.341552734375	4721
627.8723754882812	15696.809387207031	4709.37353515625	4709
628.2487182617188	15706.217956542969	4709.37353515625	4709
628.6253051757812	15715.632629394531	4702.808837890625	4703
629.0020751953125	15725.051879882812	4699.049072265625	4699
629.3790893554688	15734.477233886719	4699.049072265625	4699
629.75634765625	15743.90869140625	4699.049072265625	4699
630.1337890625	15753.3447265625	4699.049072265625	4699
630.511474609375	15762.786865234375	4699.049072265625	4699
630.889404296875	15772.235107421875	4699.049072265625	4699
631.267578125	15781.689453125	4699.049072265625	4699
631.6459350585938	15791.148376464844	4709.73828125	4710
632.0245361328125	15800.613403320312	4696.958740234375	4697
632.4033813476562	15810.084533691406	4696.958740234375	4697
632.7824096679688	15819.560241699219	4696.958740234375	4697
633.1616821289062	15829.042053222656	4696.958740234375	4697
633.5411987304688	15838.529968261719	4696.958740234375	4697
633.9209594726562	15848.023986816406	4690.44873046875	4690
634.3009033203125	15857.522583007812	4690.44873046875	4690
634.6810913085938	15867.027282714844	4686.56640625	4687
635.0615234375	15876.5380859375	4686.56640625	4687
635.442138671875	15886.053466796875	4686.56640625	4687
635.822998046875	15895.574951171875	4683.173583984375	4683
636.2041015625	15905.1025390625	4678.954833984375	4679
636.58544921875	15914.63623046875	4675.42822265625	4675
636.967041015625	15924.176025390625	4675.42822265625	4675
637.3488159179688	15933.720397949219	4664.756591796875	4665
637.7308349609375	15943.270874023438	4664.756591796875	4665
638.1130981445312	15952.827453613281	4664.756591796875	4665
638.4955444335938	15962.388610839844	4652.016845703125	4652
638.8782348632812	15971.955871582031	4652.016845703125	4652
639.2611694335938	15981.529235839844	4652.016845703125	4652
639.6443481445312	15991.108703613281	4641.123779296875	4641
640.0277709960938	16000.694274902344	4638.118408203125	4638
640.411376953125	16010.284423828125	4638.118408203125	4638
640.7952270507812	16019.880676269531	4626.91162109375	4627
641.1793212890625	16029.483032226562	4624.782958984375	4625
641.5635986328125	16039.089965820312	4624.782958984375	4625
641.9481811523438	16048.704528808594	4615.287109375	4615
642.3329467773438	16058.323669433594	4613.96435546875	4614
642.7179565429688	16067.948913574219	4600.1806640625	4600
643.1032104492188	16077.580261230469	4604.58154296875	4605
643.4886474609375	16087.216186523438	4596.93798828125	4597
643.8743286132812	16096.858215332031	4595.07421875	4595
644.26025390625	16106.50634765625	4590.31884765625	4590
644.6464233398438	16116.160583496094	4585.114501953125	4585
645.0328369140625	16125.820922851562	4585.114501953125	4585
645.41943359375	16135.48583984375	4589.041259765625	4589
645.8063354492188	16145.158386230469	4585.114501953125	4585
646.1934204101562	16154.835510253906	4579.57080078125	4580
646.5806884765625	16164.517211914062	4568.02880859375	4568
646.96826171875	16174.20654296875	4558.649658203125	4559
647.3560791015625	16183.901977539062	4558.649658203125	4559
647.7440795898438	16193.601989746094	4555.78955078125	4556
648.13232421875	16203.30810546875	4555.78955078125	4556
648.5208129882812	16213.020324707031	4555.78955078125	4556
648.9094848632812	16222.737121582031	4551.041015625	4551
649.2984619140625	16232.461547851562	4551.041015625	4551
649.6876220703125	16242.190551757812	4542.3251953125	4542
650.0770263671875	16251.925659179688	4539.9580078125	4540
650.4666748046875	16261.666870117188	4537.408447265625	4537
650.8565673828125	16271.414184570312	4537.408447265625	4537
651.2467041015625	16281.167602539062	4537.408447265625	4537
651.6370239257812	16290.925598144531	4534.38427734375	4534
652.0276489257812	16300.691223144531	4534.38427734375	4534
652.41845703125	16310.46142578125	4534.38427734375	4534
652.8095092773438	16320.237731933594	4534.38427734375	4534
653.2008056640625	16330.020141601562	4520.59228515625	4521
653.59228515625	16339.80712890625	4517.42529296875	4517
653.9840698242188	16349.601745605469	4517.42529296875	4517
654.3760375976562	16359.400939941406	4517.42529296875	4517
654.7682495117188	16369.206237792969	4511.391845703125	4511
655.1607055664062	16379.017639160156	4508.419189453125	4508
655.5534057617188	16388.83514404297	4508.419189453125	4508
655.9463500976562	16398.658752441406	4506.54248046875	4507
656.3395385742188	16408.48846435547	4506.54248046875	4507
656.73291015625	16418.32275390625	4506.54248046875	4507
657.1265258789062	16428.163146972656	4506.54248046875	4507
657.5204467773438	16438.011169433594	4506.54248046875	4507
657.91455078125	16447.86376953125	4506.54248046875	4507
658.3088989257812	16457.72247314453	4502.130126953125	4502
658.7034301757812	16467.58575439453	4502.130126953125	4502
659.0982666015625	16477.456665039062	4502.130126953125	4502
659.4933471679688	16487.33367919922	4498.342529296875	4498
659.8886108398438	16497.215270996094	4497.289794921875	4497
660.2841186523438	16507.102966308594	4497.289794921875	4497
660.679931640625	16516.998291015625	4497.289794921875	4497
661.075927734375	16526.898193359375	4491.257568359375	4491
661.47216796875	16536.80419921875	4471.984375	4472
661.86865234375	16546.71630859375	4471.984375	4472
662.2653198242188	16556.63299560547	4471.984375	4472
662.6622924804688	16566.55731201172	4455.880126953125	4456
663.0595092773438	16576.487731933594	4455.880126953125	4456
663.4569091796875	16586.422729492188	4453.946533203125	4454
663.8546142578125	16596.365356445312	4452.250732421875	4452
664.2525024414062	16606.312561035156	4452.250732421875	4452
664.650634765625	16616.265869140625	4446.193359375	4446
665.0490112304688	16626.22528076172	4446.193359375	4446
665.4476318359375	16636.190795898438	4440.740478515625	4441
665.8464965820312	16646.16241455078	4437.3427734375	4437
666.24560546875	16656.14013671875	4435.055419921875	4435
666.6449584960938	16666.123962402344	4427.833984375	4428
667.0444946289062	16676.112365722656	4427.833984375	4428
667.4443359375	16686.1083984375	4414.475341796875	4414
667.8443603515625	16696.109008789062	4413.067138671875	4413
668.2446899414062	16706.117248535156	4411.498046875	4411
668.6452026367188	16716.13006591797	4404.550537109375	4405
669.0460205078125	16726.150512695312	4404.550537109375	4405
669.447021484375	16736.175537109375	4404.550537109375	4405
669.8482666015625	16746.206665039062	4402.34765625	4402
670.249755859375	16756.243896484375	4395.982666015625	4396
670.6514892578125	16766.287231445312	4392.73486328125	4393
671.053466796875	16776.336669921875	4392.73486328125	4393
671.4556884765625	16786.392211914062	4383.840087890625	4384
671.858154296875	16796.453857421875	4373.10791015625	4373
672.2608642578125	16806.521606445312	4372.269287109375	4372
672.663818359375	16816.595458984375	4372.269287109375	4372
673.0670166015625	16826.675415039062	4369.81396484375	4370
673.4703979492188	16836.75994873047	4359.7724609375	4360
673.8740844726562	16846.852111816406	4354.368408203125	4354
674.2780151367188	16856.95037841797	4354.368408203125	4354
674.68212890625	16867.05322265625	4354.368408203125	4354
675.0865478515625	16877.163696289062	4353.2900390625	4353
675.4912109375	16887.2802734375	4350.455078125	4350
675.8960571289062	16897.401428222656	4350.455078125	4350
676.3012084960938	16907.530212402344	4350.455078125	4350
676.70654296875	16917.66357421875	4350.455078125	4350
677.1121826171875	16927.804565429688	4350.455078125	4350
677.5180053710938	16937.950134277344	4350.455078125	4350
677.9241333007812	16948.10333251953	4344.575439453125	4345
678.3304443359375	16958.261108398438	4343.44140625	4343
678.7369995117188	16968.42498779297	4337.939453125	4338
679.1438598632812	16978.59649658203	4337.939453125	4338
679.5509033203125	16988.772583007812	4327.573974609375	4328
679.958251953125	16998.956298828125	4327.573974609375	4328
680.3657836914062	17009.144592285156	4327.573974609375	4328
680.7736206054688	17019.34051513672	4327.573974609375	4328
681.181640625	17029.541015625	4327.573974609375	4328
681.5899047851562	17039.747619628906	4335.30908203125	4335
681.9984741210938	17049.961853027344	4335.30908203125	4335
682.4072265625	17060.1806640625	4335.30908203125	4335
682.8162841796875	17070.407104492188	4330.829833984375	4331
683.2255249023438	17080.638122558594	4330.829833984375	4331
683.6350708007812	17090.87677001953	4323.0947265625	4323
684.0447998046875	17101.119995117188	4317.480712890625	4317
684.454833984375	17111.370849609375	4312.19677734375	4312
684.8650512695312	17121.62628173828	4307.19384765625	4307
685.2755737304688	17131.88934326172	4307.19384765625	4307
685.6863403320312	17142.15850830078	4307.19384765625	4307
686.0972900390625	17152.432250976562	4307.19384765625	4307
686.508544921875	17162.713623046875	4307.19384765625	4307
686.9200439453125	17173.001098632812	4307.19384765625	4307
687.331787109375	17183.294677734375	4307.286865234375	4307
687.7437133789062	17193.592834472656	4304.67919921875	4305
688.1559448242188	17203.89862060547	4304.67919921875	4305
688.5684204101562	17214.210510253906	4304.67919921875	4305
688.9811401367188	17224.52850341797	4293.1962890625	4293
689.3941040039062	17234.852600097656	4289.92822265625	4290
689.8073120117188	17245.18280029297	4280.836669921875	4281
690.2208251953125	17255.520629882812	4280.836669921875	4281
690.634521484375	17265.863037109375	4274.714111328125	4275
691.0484619140625	17276.211547851562	4274.714111328125	4275
691.462646484375	17286.566162109375	4274.714111328125	4275
691.8771362304688	17296.92840576172	4277.245361328125	4277
692.2918090820312	17307.29522705078	4274.714111328125	4275
692.706787109375	17317.669677734375	4274.714111328125	4275
693.1219482421875	17328.048706054688	4271.65478515625	4272
693.5374145507812	17338.43536376953	4271.65478515625	4272
693.953125	17348.828125	4270.17724609375	4270
694.3690795898438	17359.226989746094	4270.17724609375	4270
694.7852783203125	17369.631958007812	4268.570068359375	4269
695.2017211914062	17380.043029785156	4268.570068359375	4269
695.618408203125	17390.460205078125	4265.386962890625	4265
696.0353393554688	17400.88348388672	4260.2626953125	4260
696.4525146484375	17411.312866210938	4255.30517578125	4255
696.8699951171875	17421.749877929688	4255.30517578125	4255
697.2876586914062	17432.191467285156	4253.41943359375	4253
697.7056274414062	17442.640686035156	4249.2958984375	4249
698.123779296875	17453.094482421875	4244.5234375	4245
698.542236328125	17463.555908203125	4244.083984375	4244
698.9609375	17474.0234375	4244.083984375	4244
699.3798828125	17484.4970703125	4242.917236328125	4243
699.799072265625	17494.976806640625	4238.846435546875	4239
700.2185668945312	17505.46417236328	4233.52197265625	4234
700.6382446289062	17515.956115722656	4231.73046875	4232
701.0582275390625	17526.455688476562	4227.22314453125	4227
701.4783935546875	17536.959838867188	4227.22314453125	4227
701.8988647460938	17547.471618652344	4227.22314453125	4227
702.319580078125	17557.989501953125	4227.22314453125	4227
702.7405395507812	17568.51348876953	4227.22314453125	4227
703.1617431640625	17579.043579101562	4227.22314453125	4227
703.5831909179688	17589.57977294922	4225.779052734375	4226
704.0049438476562	17600.123596191406	4225.8564453125	4226
704.4268798828125	17610.671997070312	4217.08740234375	4217
704.84912109375	17621.22802734375	4214.35693359375	4214
705.2716064453125	17631.790161132812	4214.35693359375	4214
705.6943359375	17642.3583984375	4211.376953125	4211
706.1173095703125	17652.932739257812	4209.18115234375	4209
706.54052734375	17663.51318359375	4204.93896484375	4205
706.9640502929688	17674.10125732422	4201.569091796875	4202
707.3877563476562	17684.693908691406	4201.569091796875	4202
707.811767578125	17695.294189453125	4201.569091796875	4202
708.2360229492188	17705.90057373047	4196.507568359375	4197
708.6605224609375	17716.513061523438	4191.857666015625	4192
709.0853271484375	17727.133178710938	4182.406982421875	4182
709.5103149414062	17737.757873535156	4189.463134765625	4189
709.9356079101562	17748.390197753906	4187.712646484375	4188
710.361083984375	17759.027099609375	4178.178466796875	4178
710.786865234375	17769.671630859375	4178.178466796875	4178
711.2129516601562	17780.323791503906	4182.29150390625	4182
711.6392211914062	17790.980529785156	4182.29150390625	4182
712.0657348632812	17801.64337158203	4166.28125	4166
712.4925537109375	17812.313842773438	4166.28125	4166
712.9196166992188	17822.99041748047	4154.556396484375	4155
713.346923828125	17833.673095703125	4154.556396484375	4155
713.7745361328125	17844.363403320312	4151.50634765625	4152
714.2023315429688	17855.05828857422	4149.590576171875	4150
714.6304321289062	17865.760803222656	4148.135498046875	4148
715.0587768554688	17876.46942138672	4148.118896484375	4148
715.4873657226562	17887.184143066406	4148.118896484375	4148
715.9161987304688	17897.90496826172	4148.118896484375	4148
716.3453369140625	17908.633422851562	4148.118896484375	4148
716.774658203125	17919.366455078125	4148.118896484375	4148
717.2042846679688	17930.10711669922	4148.118896484375	4148
717.6342163085938	17940.855407714844	4137.218017578125	4137
718.0643310546875	17951.608276367188	4137.218017578125	4137
718.4947509765625	17962.368774414062	4137.218017578125	4137
718.9253540039062	17973.133850097656	4137.218017578125	4137
719.3563232421875	17983.908081054688	4137.218017578125	4137
719.7874755859375	17994.686889648438	4134.59521484375	4135
720.2188720703125	18005.471801757812	4129.514404296875	4130
720.6505737304688	18016.26434326172	4124.07177734375	4124
721.08251953125	18027.06298828125	4124.07177734375	4124
721.5147705078125	18037.869262695312	4124.07177734375	4124
721.9472045898438	18048.680114746094	4117.46533203125	4117
722.3799438476562	18059.498596191406	4123.44140625	4123
722.8129272460938	18070.323181152344	4119.5341796875	4120
723.2461547851562	18081.153869628906	4119.5341796875	4120
723.6796875	18091.9921875	4119.5341796875	4120
724.1134033203125	18102.835083007812	4119.5341796875	4120
724.5474243164062	18113.685607910156	4115.342041015625	4115
724.9817504882812	18124.54376220703	4113.36376953125	4113
725.416259765625	18135.406494140625	4113.36376953125	4113
725.85107421875	18146.27685546875	4113.36376953125	4113
726.2861328125	18157.1533203125	4113.36376953125	4113
726.7214965820312	18168.03741455078	4108.9853515625	4109
727.1570434570312	18178.92608642578	4108.9853515625	4109
727.5928955078125	18189.822387695312	4107.5439453125	4108
728.0289916992188	18200.72479248047	4107.5439453125	4108
728.4653930664062	18211.634826660156	4102.47119140625	4102
728.9020385742188	18222.55096435547	4102.62890625	4103
729.3389282226562	18233.473205566406	4097.570068359375	4098
729.7760620117188	18244.40155029297	4096.6956787109375	4097
730.2135009765625	18255.337524414062	4094.6934814453125	4095
730.6511840820312	18266.27960205078	4087.4468994140625	4087
731.089111328125	18277.227783203125	4087.4468994140625	4087
731.52734375	18288.18359375	4085.9796142578125	4086
731.9657592773438	18299.143981933594	4085.9796142578125	4086
732.4044799804688	18310.11199951172	4083.763916015625	4084
732.843505859375	18321.087646484375	4077.668701171875	4078
733.2827758789062	18332.069396972656	4077.668701171875	4078
733.7222900390625	18343.057250976562	4074.4952392578125	4074
734.1620483398438	18354.051208496094	4073.36572265625	4073
734.6021118164062	18365.052795410156	4067.757080078125	4068
735.0424194335938	18376.060485839844	4067.757080078125	4068
735.4829711914062	18387.074279785156	4066.1624755859375	4066
735.923828125	18398.095703125	4066.1624755859375	4066
736.3649291992188	18409.12322998047	4066.1624755859375	4066
736.8062744140625	18420.156860351562	4062.203369140625	4062
737.2479248046875	18431.198120117188	4058.9970703125	4059
737.6898193359375	18442.245483398438	4058.9970703125	4059
738.1319580078125	18453.298950195312	4056.2645263671875	4056
738.5744018554688	18464.36004638672	4056.2645263671875	4056
739.01708984375	18475.42724609375	4056.2645263671875	4056
739.4600830078125	18486.502075195312	4056.2645263671875	4056
739.9032592773438	18497.581481933594	4056.2645263671875	4056
740.3467407226562	18508.668518066406	4056.2645263671875	4056
740.79052734375	18519.76318359375	4053.0321044921875	4053
741.2345581054688	18530.86395263672	4053.0321044921875	4053
741.6788330078125	18541.970825195312	4061.931396484375	4062
742.1233520507812	18553.08380126953	4061.931396484375	4062
742.5681762695312	18564.20440673828	4061.931396484375	4062
743.0133056640625	18575.332641601562	4050.39453125	4050
743.4586181640625	18586.465454101562	4050.39453125	4050
743.9042358398438	18597.605895996094	4050.39453125	4050
744.3501586914062	18608.753967285156	4042.8411865234375	4043
744.7962646484375	18619.906616210938	4041.29736328125	4041
745.2427368164062	18631.068420410156	4039.524169921875	4040
745.6893920898438	18642.234802246094	4039.524169921875	4040
746.1363525390625	18653.408813476562	4049.5120849609375	4050
746.5835571289062	18664.588928222656	4049.5120849609375	4050
747.0310668945312	18675.77667236328	4042.822021484375	4043
747.4788208007812	18686.97052001953	4042.822021484375	4043
747.9268798828125	18698.171997070312	4033.4617919921875	4033
748.3751831054688	18709.37957763672	4033.4617919921875	4033
748.82373046875	18720.59326171875	4033.4617919921875	4033
749.2725830078125	18731.814575195312	4024.5938720703125	4025
749.7216796875	18743.0419921875	4018.7313232421875	4019
750.1710205078125	18754.275512695312	4018.7313232421875	4019
750.6206665039062	18765.516662597656	4016.0289306640625	4016
751.0706176757812	18776.76544189453	4016.0289306640625	4016
751.520751953125	18788.018798828125	4016.0289306640625	4016
751.97119140625	18799.27978515625	4014.6251220703125	4015
752.4219360351562	18810.548400878906	4014.6251220703125	4015
752.8729248046875	18821.823120117188	4009.9356689453125	4010
753.32421875	18833.10546875	4005.70068359375	4006
753.7756958007812	18844.39239501953	4005.70068359375	4006
754.2275390625	18855.6884765625	4002.8358154296875	4003
754.6796264648438	18866.990661621094	4002.8358154296875	4003
755.1319580078125	18878.298950195312	3996.446533203125	3996
755.5845336914062	18889.613342285156	3996.446533203125	3996
756.0374755859375	18900.936889648438	3996.446533203125	3996
756.4906005859375	18912.265014648438	3996.446533203125	3996
756.9440307617188	18923.60076904297	3996.446533203125	3996
757.3977661132812	18934.94415283203	3996.446533203125	3996
757.8516845703125	18946.292114257812	3996.446533203125	3996
758.3059692382812	18957.64923095703	3996.446533203125	3996
758.760498046875	18969.012451171875	3996.446533203125	3996
759.2152709960938	18980.381774902344	3987.4542236328125	3987
759.6703491210938	18991.758728027344	3984.3729248046875	3984
760.1256713867188	19003.14178466797	3973.93408203125	3974
760.581298828125	19014.532470703125	3973.93408203125	3974
761.0371704101562	19025.929260253906	3960.39404296875	3960
761.4932861328125	19037.332153320312	3955.3050537109375	3955
761.94970703125	19048.74267578125	3960.39404296875	3960
762.4064331054688	19060.16082763672	3960.39404296875	3960
762.8634033203125	19071.585083007812	3960.39404296875	3960
763.3206787109375	19083.016967773438	3960.39404296875	3960
763.7781982421875	19094.454956054688	3960.39404296875	3960
764.2359619140625	19105.899047851562	3966.69677734375	3967
764.6940307617188	19117.35076904297	3966.69677734375	3967
765.1524047851562	19128.810119628906	3966.69677734375	3967
765.6110229492188	19140.27557373047	3966.69677734375	3967
766.0699462890625	19151.748657226562	3966.69677734375	3967
766.5291137695312	19163.22784423828	3966.69677734375	3967
766.988525390625	19174.713134765625	3953.6124267578125	3954
767.4482421875	19186.2060546875	3950.6832275390625	3951
767.9082641601562	19197.706604003906	3950.6832275390625	3951
768.3685302734375	19209.213256835938	3950.6832275390625	3951
768.8291015625	19220.7275390625	3943.1429443359375	3943
769.2899169921875	19232.247924804688	3943.1429443359375	3943
769.7510375976562	19243.775939941406	3928.5205078125	3929
770.21240234375	19255.31005859375	3931.3758544921875	3931
770.674072265625	19266.851806640625	3928.5205078125	3929
771.135986328125	19278.399658203125	3917.0438232421875	3917
771.5982055664062	19289.955139160156	3907.889892578125	3908
772.0606689453125	19301.516723632812	3903.705810546875	3904
772.5234375	19313.0859375	3903.705810546875	3904
772.9864501953125	19324.661254882812	3903.705810546875	3904
773.4497680664062	19336.244201660156	3903.705810546875	3904
773.9133911132812	19347.83477783203	3903.705810546875	3904
774.3772583007812	19359.43145751953	3907.889892578125	3908
774.8414306640625	19371.035766601562	3900.224853515625	3900
775.3058471679688	19382.64617919922	3899.1551513671875	3899
775.7705688476562	19394.264221191406	3898.4591064453125	3898
776.2355346679688	19405.88836669922	3897.7894287109375	3898
776.7008056640625	19417.520141601562	3897.7894287109375	3898
777.1663208007812	19429.15802001953	3897.7894287109375	3898
777.6321411132812	19440.80352783203	3897.7894287109375	3898
778.0982666015625	19452.456665039062	3885.103759765625	3885
778.5646362304688	19464.11590576172	3885.103759765625	3885
779.0313110351562	19475.782775878906	3885.103759765625	3885
779.4982299804688	19487.45574951172	3885.103759765625	3885
779.9654541015625	19499.136352539062	3885.103759765625	3885
780.4329833984375	19510.824584960938	3885.103759765625	3885
780.9007568359375	19522.518920898438	3885.103759765625	3885
781.3688354492188	19534.22088623047	3885.103759765625	3885
781.837158203125	19545.928955078125	3883.3685302734375	3883
782.3057861328125	19557.644653320312	3875.599853515625	3876
782.774658203125	19569.366455078125	3867.2769775390625	3867
783.2438354492188	19581.09588623047	3867.2769775390625	3867
783.7133178710938	19592.832946777344	3867.2769775390625	3867
784.1830444335938	19604.576110839844	3865.64453125	3866
784.653076171875	19616.326904296875	3865.64453125	3866
785.1234130859375	19628.085327148438	3865.64453125	3866
785.593994140625	19639.849853515625	3865.64453125	3866
786.0648803710938	19651.622009277344	3865.64453125	3866
786.5360107421875	19663.400268554688	3865.64453125	3866
787.0074462890625	19675.186157226562	3861.5545654296875	3862
787.4791870117188	19686.97967529297	3857.5391845703125	3858
787.951171875	19698.779296875	3857.5391845703125	3858
788.4234619140625	19710.586547851562	3862.810791015625	3863
788.8960571289062	19722.401428222656	3862.810791015625	3863
789.368896484375	19734.222412109375	3862.810791015625	3863
789.842041015625	19746.051025390625	3862.810791015625	3863
790.3154296875	19757.8857421875	3862.810791015625	3863
790.7891845703125	19769.729614257812	3859.4530029296875	3859
791.2631225585938	19781.578063964844	3856.330810546875	3856
791.7374267578125	19793.435668945312	3856.330810546875	3856
792.2119750976562	19805.299377441406	3850.26953125	3850
792.6868286132812	19817.17071533203	3847.7115478515625	3848
793.1619262695312	19829.04815673828	3845.571044921875	3846
793.6373291015625	19840.933227539062	3845.571044921875	3846
794.113037109375	19852.825927734375	3838.0892333984375	3838
794.5890502929688	19864.72625732422	3839.5888671875	3840
795.0653076171875	19876.632690429688	3839.5888671875	3840
795.5418701171875	19888.546752929688	3834.3184814453125	3834
796.0186767578125	19900.466918945312	3834.3184814453125	3834
796.4957885742188	19912.39471435547	3824.4710693359375	3824
796.9732055664062	19924.330139160156	3824.4710693359375	3824
797.450927734375	19936.273193359375	3824.4710693359375	3824
797.9288940429688	19948.22235107422	3819.4576416015625	3819
798.4071655273438	19960.179138183594	3819.4576416015625	3819
798.8856811523438	19972.142028808594	3817.7137451171875	3818
799.3645629882812	19984.11407470703	3817.7137451171875	3818
799.8436889648438	19996.092224121094	3817.7137451171875	3818
800.3231201171875	20008.078002929688	3809.0185546875	3809
800.8027954101562	20020.069885253906	3809.0185546875	3809
801.2827758789062	20032.069396972656	3815.1923828125	3815
801.7630615234375	20044.076538085938	3815.1923828125	3815
802.24365234375	20056.09130859375	3815.1923828125	3815
802.7244873046875	20068.112182617188	3815.1923828125	3815
803.2056274414062	20080.140686035156	3815.1923828125	3815
803.6870727539062	20092.176818847656	3815.1923828125	3815
804.1687622070312	20104.21905517578	3807.64501953125	3808
804.6507568359375	20116.268920898438	3814.0234375	3814
805.133056640625	20128.326416015625	3814.0234375	3814
805.6156616210938	20140.391540527344	3814.9471435546875	3815
806.0985107421875	20152.462768554688	3814.9471435546875	3815
806.5817260742188	20164.54315185547	3814.9471435546875	3815
807.065185546875	20176.629638671875	3809.1239013671875	3809
807.5488891601562	20188.722229003906	3808.2001953125	3808
808.032958984375	20200.823974609375	3808.2001953125	3808
808.5172729492188	20212.93182373047	3808.2001953125	3808
809.0018920898438	20225.047302246094	3808.2001953125	3808
809.4867553710938	20237.168884277344	3801.82177734375	3802
809.9719848632812	20249.29962158203	3792.3299560546875	3792
810.4574584960938	20261.436462402344	3792.3299560546875	3792
810.9432373046875	20273.580932617188	3791.234375	3791
811.4293212890625	20285.733032226562	3786.00146484375	3786
811.9156494140625	20297.891235351562	3786.00146484375	3786
812.4022827148438	20310.057067871094	3786.00146484375	3786
812.8892822265625	20322.232055664062	3780.30859375	3780
813.37646484375	20334.41162109375	3778.8492431640625	3779
813.864013671875	20346.600341796875	3774.03955078125	3774
814.351806640625	20358.795166015625	3769.3814697265625	3769
814.8399658203125	20370.999145507812	3761.4417724609375	3761
815.328369140625	20383.209228515625	3761.4417724609375	3761
815.8170166015625	20395.425415039062	3757.0426025390625	3757
816.3060302734375	20407.650756835938	3749.59033203125	3750
816.7952880859375	20419.882202148438	3749.59033203125	3750
817.284912109375	20432.122802734375	3749.59033203125	3750
817.7747802734375	20444.369506835938	3758.331787109375	3758
818.264892578125	20456.622314453125	3758.13232421875	3758
818.75537109375	20468.88427734375	3758.4903564453125	3758
819.2461547851562	20481.153869628906	3755.54345703125	3756
819.7371826171875	20493.429565429688	3753.9989013671875	3754
820.228515625	20505.712890625	3750.04345703125	3750
820.7201538085938	20518.003845214844	3750.04345703125	3750
821.2120971679688	20530.30242919922	3750.04345703125	3750
821.7042846679688	20542.60711669922	3750.04345703125	3750
822.1968383789062	20554.920959472656	3741.4404296875	3741
822.6896362304688	20567.24090576172	3741.4404296875	3741
823.1827392578125	20579.568481445312	3741.4404296875	3741
823.6761474609375	20591.903686523438	3741.4404296875	3741
824.1698608398438	20604.246520996094	3741.4404296875	3741
824.663818359375	20616.595458984375	3738.852294921875	3739
825.1581420898438	20628.953552246094	3738.852294921875	3739
825.6527099609375	20641.317749023438	3736.84326171875	3737
826.1475830078125	20653.689575195312	3736.84326171875	3737
826.6427612304688	20666.06903076172	3745.4462890625	3745
827.1382446289062	20678.456115722656	3745.4462890625	3745
827.634033203125	20690.850830078125	3737.085693359375	3737
828.130126953125	20703.253173828125	3739.6749267578125	3740
828.62646484375	20715.66162109375	3739.6749267578125	3740
829.1231689453125	20728.079223632812	3739.6749267578125	3740
829.6201171875	20740.5029296875	3739.6749267578125	3740
830.1173706054688	20752.93426513672	3739.6749267578125	3740
830.6149291992188	20765.37322998047	3739.6749267578125	3740
831.11279296875	20777.81982421875	3739.6749267578125	3740
831.6109619140625	20790.274047851562	3739.6749267578125	3740
832.1094360351562	20802.735900878906	3739.6749267578125	3740
832.608154296875	20815.203857421875	3722.2440185546875	3722
833.1072387695312	20827.68096923828	3722.2440185546875	3722
833.6065673828125	20840.164184570312	3722.2440185546875	3722
834.106201171875	20852.655029296875	3722.2440185546875	3722
834.6061401367188	20865.15350341797	3724.182373046875	3724
835.1064453125	20877.6611328125	3708.0966796875	3708
835.6069946289062	20890.174865722656	3708.0966796875	3708
836.1078491210938	20902.696228027344	3708.0966796875	3708
836.6089477539062	20915.223693847656	3708.0966796875	3708
837.1104125976562	20927.760314941406	3708.0966796875	3708
837.6121826171875	20940.304565429688	3708.0966796875	3708
838.1142578125	20952.8564453125	3708.0966796875	3708
838.6165771484375	20965.414428710938	3702.504638671875	3703
839.1192626953125	20977.981567382812	3702.504638671875	3703
839.6221923828125	20990.554809570312	3702.504638671875	3703
840.1254272460938	21003.135681152344	3702.504638671875	3703
840.6290283203125	21015.725708007812	3702.504638671875	3703
841.1328735351562	21028.321838378906	3702.504638671875	3703
841.6370239257812	21040.92559814453	3702.504638671875	3703
842.1414794921875	21053.536987304688	3702.504638671875	3703
842.6463012695312	21066.15753173828	3702.504638671875	3703
843.1513671875	21078.7841796875	3702.504638671875	3703
843.65673828125	21091.41845703125	3702.504638671875	3703
844.1624145507812	21104.06036376953	3702.504638671875	3703
844.6683959960938	21116.709899902344	3693.0784912109375	3693
845.1746826171875	21129.367065429688	3692.57275390625	3693
845.6812133789062	21142.030334472656	3690.8701171875	3691
846.1881103515625	21154.702758789062	3690.8701171875	3691
846.6953125	21167.3828125	3690.8701171875	3691
847.2028198242188	21180.07049560547	3690.8701171875	3691
847.7106323242188	21192.76580810547	3689.215087890625	3689
848.21875	21205.46875	3689.215087890625	3689
848.7271118164062	21218.177795410156	3689.215087890625	3689
849.23583984375	21230.89599609375	3675.9716796875	3676
849.744873046875	21243.621826171875	3675.9716796875	3676
850.2542114257812	21256.35528564453	3679.6929931640625	3680
850.7638549804688	21269.09637451172	3663.0172119140625	3663
851.2737426757812	21281.84356689453	3666.738525390625	3667
851.7839965820312	21294.59991455078	3666.738525390625	3667
852.2945556640625	21307.363891601562	3666.738525390625	3667
852.805419921875	21320.135498046875	3664.2921142578125	3664
853.3165893554688	21332.91473388672	3660.57080078125	3661
853.8280029296875	21345.700073242188	3660.322998046875	3660
854.3397827148438	21358.494567871094	3660.322998046875	3660
854.8518676757812	21371.29669189453	3660.322998046875	3660
855.3642578125	21384.1064453125	3657.9005126953125	3658
855.876953125	21396.923828125	3657.9005126953125	3658
856.3899536132812	21409.74884033203	3644.06494140625	3644
856.9032592773438	21422.581481933594	3644.06494140625	3644
857.4168701171875	21435.421752929688	3643.681396484375	3644
857.9307861328125	21448.269653320312	3643.681396484375	3644
858.445068359375	21461.126708984375	3643.681396484375	3644
858.9595947265625	21473.989868164062	3642.2655029296875	3642
859.4744262695312	21486.86065673828	3642.2655029296875	3642
859.9895629882812	21499.73907470703	3642.2655029296875	3642
860.5050659179688	21512.62664794922	3642.2655029296875	3642
861.0208129882812	21525.52032470703	3642.2655029296875	3642
861.5369262695312	21538.42315673828	3642.2655029296875	3642
862.0532836914062	21551.332092285156	3633.460693359375	3633
862.5700073242188	21564.25018310547	3633.460693359375	3633
863.0870361328125	21577.175903320312	3633.460693359375	3633
863.6043701171875	21590.109252929688	3625.7032470703125	3626
864.1219482421875	21603.048706054688	3610.905517578125	3611
864.639892578125	21615.997314453125	3603.8560791015625	3604
865.1581420898438	21628.953552246094	3602.2596435546875	3602
865.6767578125	21641.9189453125	3597.6805419921875	3598
866.1956176757812	21654.89044189453	3597.6805419921875	3598
866.7147827148438	21667.869567871094	3597.6805419921875	3598
867.2343139648438	21680.857849121094	3597.6805419921875	3598
867.7540893554688	21693.85223388672	3595.2037353515625	3595
868.2742309570312	21706.85577392578	3595.0726318359375	3595
868.794677734375	21719.866943359375	3595.170166015625	3595
869.3153686523438	21732.884216308594	3595.170166015625	3595
869.83642578125	21745.91064453125	3595.170166015625	3595
870.3577880859375	21758.944702148438	3595.170166015625	3595
870.8795166015625	21771.987915039062	3595.1094970703125	3595
871.4014892578125	21785.037231445312	3594.23583984375	3594
871.9237670898438	21798.094177246094	3594.23583984375	3594
872.4464111328125	21811.160278320312	3594.23583984375	3594
872.9693603515625	21824.234008789062	3594.23583984375	3594
873.4926147460938	21837.315368652344	3594.23583984375	3594
874.0161743164062	21850.404357910156	3586.689208984375	3587
874.5400390625	21863.5009765625	3586.689208984375	3587
875.064208984375	21876.605224609375	3586.689208984375	3587
875.5886840820312	21889.71710205078	3582.8851318359375	3583
876.113525390625	21902.838134765625	3581.03857421875	3581
876.638671875	21915.966796875	3577.3834228515625	3577
877.1641235351562	21929.103088378906	3577.3834228515625	3577
877.6898803710938	21942.247009277344	3577.052490234375	3577
878.2159423828125	21955.398559570312	3570.3023681640625	3570
878.7423095703125	21968.557739257812	3561.8038330078125	3562
879.26904296875	21981.72607421875	3561.8038330078125	3562
879.7960815429688	21994.90203857422	3561.8038330078125	3562
880.3233642578125	22008.084106445312	3561.8038330078125	3562
880.8510131835938	22021.275329589844	3561.8038330078125	3562
881.3790283203125	22034.475708007812	3556.3648681640625	3556
881.9072875976562	22047.682189941406	3556.3648681640625	3556
882.4359130859375	22060.897827148438	3556.3648681640625	3556
882.96484375	22074.12109375	3556.3648681640625	3556
883.4940795898438	22087.351989746094	3556.3648681640625	3556
884.0236206054688	22100.59051513672	3550.589111328125	3551
884.553466796875	22113.836669921875	3549.045654296875	3549
885.0836791992188	22127.09197998047	3548.3934326171875	3548
885.6141967773438	22140.354919433594	3548.3934326171875	3548
886.14501953125	22153.62548828125	3548.3934326171875	3548
886.6761474609375	22166.903686523438	3544.1419677734375	3544
887.2075805664062	22180.189514160156	3544.1419677734375	3544
887.7393798828125	22193.484497070312	3544.1419677734375	3544
888.271484375	22206.787109375	3543.5943603515625	3544
888.8038940429688	22220.09735107422	3540.4381103515625	3540
889.336669921875	22233.416748046875	3539.371337890625	3539
889.8696899414062	22246.742248535156	3536.9921875	3537
890.403076171875	22260.076904296875	3536.9921875	3537
890.936767578125	22273.419189453125	3531.1614990234375	3531
891.4707641601562	22286.769104003906	3531.1614990234375	3531
892.005126953125	22300.128173828125	3531.1614990234375	3531
892.539794921875	22313.494873046875	3531.1614990234375	3531
893.0747680664062	22326.869201660156	3531.1614990234375	3531
893.6100463867188	22340.25115966797	3529.75732421875	3530
894.1456909179688	22353.64227294922	3529.75732421875	3530
894.6815795898438	22367.039489746094	3527.55859375	3528
895.2178344726562	22380.445861816406	3525.6229248046875	3526
895.7544555664062	22393.861389160156	3524.1229248046875	3524
896.2913208007812	22407.28302001953	3523.8582763671875	3524
896.8285522460938	22420.713806152344	3521.0921630859375	3521
897.3660888671875	22434.152221679688	3521.0921630859375	3521
897.9039916992188	22447.59979248047	3517.38330078125	3517
898.4421997070312	22461.05499267578	3517.38330078125	3517
898.980712890625	22474.517822265625	3517.1282958984375	3517
899.51953125	22487.98828125	3517.1282958984375	3517
900.0586547851562	22501.466369628906	3517.1282958984375	3517
900.59814453125	22514.95361328125	3510.59814453125	3511
901.1380004882812	22528.45001220703	3510.59814453125	3511
901.6781005859375	22541.952514648438	3510.59814453125	3511
902.2185668945312	22555.46417236328	3495.854248046875	3496
902.7593383789062	22568.983459472656	3495.854248046875	3496
903.3004150390625	22582.510375976562	3486.554443359375	3487
903.8418579101562	22596.046447753906	3485.074462890625	3485
904.3836059570312	22609.59014892578	3483.6036376953125	3484
904.9256591796875	22623.141479492188	3483.6036376953125	3484
905.4680786132812	22636.70196533203	3483.6036376953125	3484
906.0108032226562	22650.270080566406	3483.6036376953125	3484
906.5538330078125	22663.845825195312	3483.6036376953125	3484
907.0972290039062	22677.430725097656	3483.6036376953125	3484
907.6409301757812	22691.02325439453	3483.6036376953125	3484
908.1849365234375	22704.623413085938	3481.7471923828125	3482
908.7293090820312	22718.23272705078	3481.7471923828125	3482
909.2739868164062	22731.849670410156	3481.7471923828125	3482
909.8190307617188	22745.47576904297	3481.7471923828125	3482
910.3643188476562	22759.107971191406	3478.9224853515625	3479
910.9099731445312	22772.74932861328	3478.9224853515625	3479
911.4559936523438	22786.399841308594	3478.9224853515625	3479
912.0023193359375	22800.057983398438	3474.2391357421875	3474
912.5489501953125	22813.723754882812	3474.2391357421875	3474
913.0958862304688	22827.39715576172	3476.2818603515625	3476
913.6431884765625	22841.079711914062	3476.2021484375	3476
914.1907958984375	22854.769897460938	3466.42822265625	3466
914.73876953125	22868.46923828125	3466.42822265625	3466
915.2870483398438	22882.176208496094	3464.93798828125	3465
915.835693359375	22895.892333984375	3464.93798828125	3465
916.3845825195312	22909.61456298828	3464.93798828125	3465
916.9338989257812	22923.34747314453	3464.93798828125	3465
917.4834594726562	22937.086486816406	3464.93798828125	3465
918.0333862304688	22950.83465576172	3464.93798828125	3465
918.5836791992188	22964.59197998047	3464.93798828125	3465
919.1342163085938	22978.355407714844	3464.93798828125	3465
919.6851806640625	22992.129516601562	3464.93798828125	3465
920.2363891601562	23005.909729003906	3465.8009033203125	3466
920.7879638671875	23019.699096679688	3466.004638671875	3466
921.3399047851562	23033.497619628906	3465.8009033203125	3466
921.8921508789062	23047.303771972656	3465.8009033203125	3466
922.4447021484375	23061.117553710938	3465.8009033203125	3466
922.9976196289062	23074.940490722656	3465.8009033203125	3466
923.5508422851562	23088.771057128906	3465.8009033203125	3466
924.1043701171875	23102.609252929688	3465.8009033203125	3466
924.6582641601562	23116.456604003906	3465.8009033203125	3466
925.2125244140625	23130.313110351562	3464.9859619140625	3465
925.76708984375	23144.17724609375	3464.9859619140625	3465
926.3219604492188	23158.04901123047	3467.955322265625	3468
926.877197265625	23171.929931640625	3471.447265625	3471
927.4327392578125	23185.818481445312	3467.5732421875	3468
927.9886474609375	23199.716186523438	3467.5732421875	3468
928.5448608398438	23213.621520996094	3461.236328125	3461
929.1014404296875	23227.536010742188	3461.236328125	3461
929.6583251953125	23241.458129882812	3461.236328125	3461
930.2155151367188	23255.38787841797	3461.236328125	3461
930.7730712890625	23269.326782226562	3457.529052734375	3458
931.3309936523438	23283.274841308594	3457.529052734375	3458
931.8892211914062	23297.230529785156	3454.6962890625	3455
932.44775390625	23311.19384765625	3451.65576171875	3452
933.0066528320312	23325.16632080078	3451.65576171875	3452
933.56591796875	23339.14794921875	3457.529052734375	3458
934.12548828125	23353.13720703125	3447.2005615234375	3447
934.6853637695312	23367.13409423828	3447.2005615234375	3447
935.24560546875	23381.14013671875	3447.2005615234375	3447
935.80615234375	23395.15380859375	3447.2005615234375	3447
936.3670654296875	23409.176635742188	3447.2005615234375	3447
936.9283447265625	23423.208618164062	3450.71435546875	3451
937.4899291992188	23437.24822998047	3450.71435546875	3451
938.0518188476562	23451.295471191406	3446.4888916015625	3446
938.6140747070312	23465.35186767578	3446.4888916015625	3446
939.1766967773438	23479.417419433594	3446.1358642578125	3446
939.7396240234375	23493.490600585938	3446.1358642578125	3446
940.3028564453125	23507.571411132812	3446.1358642578125	3446
940.866455078125	23521.661376953125	3442.721923828125	3443
941.430419921875	23535.760498046875	3442.721923828125	3443
941.9946899414062	23549.867248535156	3442.721923828125	3443
942.559326171875	23563.983154296875	3442.721923828125	3443
943.124267578125	23578.106689453125	3441.740234375	3442
943.6895751953125	23592.239379882812	3441.740234375	3442
944.2551879882812	23606.37969970703	3433.9385986328125	3434
944.8211669921875	23620.529174804688	3433.9385986328125	3434
945.3875122070312	23634.68780517578	3428.9952392578125	3429
945.9541625976562	23648.854064941406	3428.9952392578125	3429
946.5211181640625	23663.027954101562	3428.9952392578125	3429
947.0884399414062	23677.210998535156	3428.9952392578125	3429
947.6561279296875	23691.403198242188	3428.9952392578125	3429
948.22412109375	23705.60302734375	3430.5133056640625	3431
948.79248046875	23719.81201171875	3425.3155517578125	3425
949.3612060546875	23734.030151367188	3425.3155517578125	3425
949.9302368164062	23748.255920410156	3425.3155517578125	3425
950.4996337890625	23762.490844726562	3422.9971923828125	3423
951.0693359375	23776.7333984375	3422.9971923828125	3423
951.639404296875	23790.985107421875	3422.9971923828125	3423
952.2097778320312	23805.24444580078	3422.9971923828125	3423
952.780517578125	23819.512939453125	3422.9971923828125	3423
953.3516235351562	23833.790588378906	3422.9971923828125	3423
953.9230346679688	23848.07586669922	3420.963134765625	3421
954.4948120117188	23862.37030029297	3420.963134765625	3421
955.06689453125	23876.67236328125	3420.963134765625	3421
955.6393432617188	23890.98358154297	3420.963134765625	3421
956.212158203125	23905.303955078125	3420.963134765625	3421
956.7852783203125	23919.631958007812	3420.963134765625	3421
957.3587646484375	23933.969116210938	3420.963134765625	3421
957.9326171875	23948.3154296875	3417.3851318359375	3417
958.5067749023438	23962.669372558594	3414.792724609375	3415
959.081298828125	23977.032470703125	3414.792724609375	3415
959.6561279296875	23991.403198242188	3413.276611328125	3413
960.2313842773438	24005.784606933594	3407.25244140625	3407
960.806884765625	24020.172119140625	3410.87158203125	3411
961.3828125	24034.5703125	3407.25244140625	3407
961.9590454101562	24048.976135253906	3399.2152099609375	3399
962.53564453125	24063.39111328125	3399.2152099609375	3399
963.112548828125	24077.813720703125	3399.2152099609375	3399
963.6898193359375	24092.245483398438	3399.2152099609375	3399
964.2674560546875	24106.686401367188	3399.2152099609375	3399
964.8453979492188	24121.13494873047	3403.1932373046875	3403
965.4237670898438	24135.594177246094	3395.5633544921875	3396
966.0023803710938	24150.059509277344	3395.5633544921875	3396
966.5814208984375	24164.535522460938	3391.510986328125	3392
967.1607666015625	24179.019165039062	3391.510986328125	3392
967.740478515625	24193.511962890625	3390.826904296875	3391
968.3204956054688	24208.01239013672	3387.6114501953125	3388
968.9009399414062	24222.523498535156	3383.33154296875	3383
969.4816284179688	24237.04071044922	3383.33154296875	3383
970.062744140625	24251.568603515625	3381.585693359375	3382
970.6441650390625	24266.104125976562	3380.8409423828125	3381
971.2260131835938	24280.650329589844	3380.3533935546875	3380
971.80810546875	24295.20263671875	3377.712646484375	3378
972.390625	24309.765625	3374.8475341796875	3375
972.9734497070312	24324.33624267578	3374.8475341796875	3375
973.556640625	24338.916015625	3374.0040283203125	3374
974.1401977539062	24353.504943847656	3374.0040283203125	3374
974.7240600585938	24368.101501464844	3374.0040283203125	3374
975.3082885742188	24382.70721435547	3374.0040283203125	3374
975.8928833007812	24397.32208251953	3373.5960693359375	3374
976.4778442382812	24411.94610595703	3373.5960693359375	3374
977.0631103515625	24426.577758789062	3372.8583984375	3373
977.6487426757812	24441.21856689453	3372.8583984375	3373
978.2347412109375	24455.868530273438	3370.4912109375	3370
978.821044921875	24470.526123046875	3370.4912109375	3370
979.4077758789062	24485.194396972656	3369.4798583984375	3369
979.9948120117188	24499.87030029297	3369.4798583984375	3369
980.5822143554688	24514.55535888672	3368.233642578125	3368
981.169921875	24529.248046875	3365.2559814453125	3365
981.758056640625	24543.951416015625	3365.06005859375	3365
982.3464965820312	24558.66241455078	3355.387451171875	3355
982.935302734375	24573.382568359375	3352.0872802734375	3352
983.5244750976562	24588.111877441406	3352.0872802734375	3352
984.1139526367188	24602.84881591797	3351.002685546875	3351
984.703857421875	24617.596435546875	3352.0872802734375	3352
985.2940673828125	24632.351684570312	3352.0872802734375	3352
985.8846435546875	24647.116088867188	3352.0872802734375	3352
986.4755249023438	24661.888122558594	3352.0872802734375	3352
987.0668334960938	24676.670837402344	3352.0872802734375	3352
987.658447265625	24691.461181640625	3352.0872802734375	3352
988.2504272460938	24706.260681152344	3349.639404296875	3350
988.8427734375	24721.0693359375	3351.0958251953125	3351
989.4354858398438	24735.887145996094	3349.639404296875	3350
990.028564453125	24750.714111328125	3348.7242431640625	3349
990.6219482421875	24765.548706054688	3346.4351806640625	3346
991.2156982421875	24780.392456054688	3343.1678466796875	3343
991.809814453125	24795.245361328125	3345.771240234375	3346
992.404296875	24810.107421875	3343.1195068359375	3343
992.9991455078125	24824.978637695312	3340.51611328125	3341
993.5943603515625	24839.859008789062	3338.083984375	3338
994.1898803710938	24854.747009277344	3340.51611328125	3341
994.7857666015625	24869.644165039062	3340.51611328125	3341
995.382080078125	24884.552001953125	3333.015869140625	3333
995.9786987304688	24899.46746826172	3326.197021484375	3326
996.5756225585938	24914.390563964844	3326.197021484375	3326
997.1729736328125	24929.324340820312	3326.197021484375	3326
997.7706909179688	24944.26727294922	3326.197021484375	3326
998.3687133789062	24959.217834472656	3326.197021484375	3326
998.9671020507812	24974.17755126953	3326.197021484375	3326
999.56591796875	24989.14794921875	3327.1744384765625	3327
1000.1650390625	25004.1259765625	3327.1744384765625	3327
1000.7645263671875	25019.113159179688	3327.0965576171875	3327
1001.3643798828125	25034.109497070312	3327.0965576171875	3327
1001.9645385742188	25049.11346435547	3335.9244384765625	3336
1002.5651245117188	25064.12811279297	3337.8753662109375	3338
1003.166015625	25079.150390625	3337.9029541015625	3338
1003.767333984375	25094.183349609375	3337.9029541015625	3338
1004.3689575195312	25109.22393798828	3325.1163330078125	3325
1004.970947265625	25124.273681640625	3322.0562744140625	3322
1005.5733642578125	25139.334106445312	3322.0562744140625	3322
1006.1760864257812	25154.40216064453	3321.177490234375	3321
1006.7791748046875	25169.479370117188	3321.177490234375	3321
1007.3826293945312	25184.56573486328	3321.177490234375	3321
1007.9863891601562	25199.659729003906	3321.177490234375	3321
1008.590576171875	25214.764404296875	3321.177490234375	3321
1009.1951293945312	25229.87823486328	3321.177490234375	3321
1009.7999877929688	25244.99969482422	3325.1163330078125	3325
1010.4052734375	25260.1318359375	3324.138916015625	3324
1011.0109252929688	25275.27313232422	3324.138916015625	3324
1011.6168823242188	25290.42205810547	3322.1339111328125	3322
1012.2232055664062	25305.580139160156	3322.1339111328125	3322
1012.8299560546875	25320.748901367188	3322.1339111328125	3322
1013.43701171875	25335.92529296875	3312.947509765625	3313
1014.04443359375	25351.11083984375	3312.947509765625	3313
1014.6522827148438	25366.307067871094	3312.947509765625	3313
1015.2604370117188	25381.51092529297	3312.947509765625	3313
1015.8689575195312	25396.72393798828	3317.794677734375	3318
1016.4778442382812	25411.94610595703	3316.1390380859375	3316
1017.087158203125	25427.178955078125	3315.87744140625	3316
1017.69677734375	25442.41943359375	3310.577880859375	3311
1018.3067626953125	25457.669067382812	3310.6575927734375	3311
1018.9171142578125	25472.927856445312	3309.1605224609375	3309
1019.52783203125	25488.19580078125	3309.1605224609375	3309
1020.138916015625	25503.472900390625	3306.0501708984375	3306
1020.7503662109375	25518.759155273438	3306.0501708984375	3306
1021.3621826171875	25534.054565429688	3306.0501708984375	3306
1021.974365234375	25549.359130859375	3306.0501708984375	3306
1022.5869750976562	25564.674377441406	3306.0501708984375	3306
1023.1998901367188	25579.99725341797	3306.0501708984375	3306
1023.8131713867188	25595.32928466797	3306.0501708984375	3306
1024.4268798828125	25610.671997070312	3301.854248046875	3302
1025.0408935546875	25626.022338867188	3296.5654296875	3297
1025.6552734375	25641.3818359375	3296.5654296875	3297
1026.27001953125	25656.75048828125	3296.5654296875	3297
1026.8851318359375	25672.128295898438	3296.5654296875	3297
1027.5006103515625	25687.515258789062	3298.9752197265625	3299
1028.116455078125	25702.911376953125	3298.9752197265625	3299
1028.7327880859375	25718.319702148438	3298.9752197265625	3299
1029.349365234375	25733.734130859375	3298.9752197265625	3299
1029.96630859375	25749.15771484375	3296.5654296875	3297
1030.583740234375	25764.593505859375	3291.5823974609375	3292
1031.201416015625	25780.035400390625	3294.16552734375	3294
1031.8194580078125	25795.486450195312	3288.9930419921875	3289
1032.43798828125	25810.94970703125	3288.9930419921875	3289
1033.0567626953125	25826.419067382812	3288.9930419921875	3289
1033.676025390625	25841.900634765625	3288.9930419921875	3289
1034.2955322265625	25857.388305664062	3288.9930419921875	3289
1034.91552734375	25872.88818359375	3291.576171875	3292
1035.5357666015625	25888.394165039062	3291.576171875	3292
1036.156494140625	25903.912353515625	3288.9930419921875	3289
1036.777587890625	25919.439697265625	3288.9930419921875	3289
1037.39892578125	25934.97314453125	3288.9930419921875	3289
1038.020751953125	25950.518798828125	3288.9930419921875	3289
1038.6429443359375	25966.073608398438	3288.9930419921875	3289
1039.2655029296875	25981.637573242188	3286.8045654296875	3287
1039.888427734375	25997.210693359375	3286.8045654296875	3287
1040.51171875	26012.79296875	3283.4229736328125	3283
1041.1353759765625	26028.384399414062	3283.4229736328125	3283
1041.7593994140625	26043.984985351562	3281.1845703125	3281
1042.3837890625	26059.5947265625	3277.7716064453125	3278
1043.0086669921875	26075.216674804688	3277.7716064453125	3278
1043.6337890625	26090.8447265625	3271.275390625	3271
1044.25927734375	26106.48193359375	3265.525146484375	3266
1044.88525390625	26122.13134765625	3265.525146484375	3266
1045.5115966796875	26137.789916992188	3265.525146484375	3266
1046.13818359375	26153.45458984375	3265.525146484375	3266
1046.7652587890625	26169.131469726562	3267.1851806640625	3267
1047.3927001953125	26184.817504882812	3267.1851806640625	3267
1048.0205078125	26200.5126953125	3267.1851806640625	3267
1048.648681640625	26216.217041015625	3267.1851806640625	3267
1049.2772216796875	26231.930541992188	3261.751220703125	3262
1049.9061279296875	26247.653198242188	3261.751220703125	3262
1050.535400390625	26263.385009765625	3259.06884765625	3259
1051.1650390625	26279.1259765625	3249.226318359375	3249
1051.795166015625	26294.879150390625	3249.226318359375	3249
1052.425537109375	26310.638427734375	3247.6142578125	3248
1053.056396484375	26326.409912109375	3246.662841796875	3247
1053.6875	26342.1875	3246.662841796875	3247
1054.319091796875	26357.977294921875	3246.662841796875	3247
1054.9510498046875	26373.776245117188	3249.15087890625	3249
1055.5833740234375	26389.584350585938	3249.15087890625	3249
1056.216064453125	26405.401611328125	3249.15087890625	3249
1056.84912109375	26421.22802734375	3242.0770263671875	3242
1057.482666015625	26437.066650390625	3242.0770263671875	3242
1058.116455078125	26452.911376953125	3239.93017578125	3240
1058.750732421875	26468.768310546875	3239.93017578125	3240
1059.38525390625	26484.63134765625	3239.93017578125	3240
1060.020263671875	26500.506591796875	3239.93017578125	3240
1060.6556396484375	26516.390991210938	3239.93017578125	3240
1061.2913818359375	26532.284545898438	3237.8619384765625	3238
1061.927490234375	26548.187255859375	3238.2615966796875	3238
1062.56396484375	26564.09912109375	3238.2615966796875	3238
1063.200927734375	26580.023193359375	3242.0770263671875	3242
1063.838134765625	26595.953369140625	3242.0770263671875	3242
1064.475830078125	26611.895751953125	3242.0770263671875	3242
1065.1138916015625	26627.847290039062	3242.0770263671875	3242
1065.752197265625	26643.804931640625	3242.0770263671875	3242
1066.3909912109375	26659.774780273438	3240.6878662109375	3241
1067.0302734375	26675.7568359375	3236.550537109375	3237
1067.6697998046875	26691.744995117188	3236.550537109375	3237
1068.3096923828125	26707.742309570312	3236.97265625	3237
1068.9500732421875	26723.751831054688	3242.0770263671875	3242
1069.5908203125	26739.7705078125	3238.2615966796875	3238
1070.2318115234375	26755.795288085938	3238.2615966796875	3238
1070.8734130859375	26771.835327148438	3242.0770263671875	3242
1071.5152587890625	26787.881469726562	3227.286376953125	3227
1072.157470703125	26803.936767578125	3227.286376953125	3227
1072.800048828125	26820.001220703125	3227.286376953125	3227
1073.443115234375	26836.077880859375	3227.286376953125	3227
1074.0865478515625	26852.163696289062	3223.174072265625	3223
1074.7303466796875	26868.258666992188	3223.866943359375	3224
1075.37451171875	26884.36279296875	3223.866943359375	3224
1076.01904296875	26900.47607421875	3223.866943359375	3224
1076.6640625	26916.6015625	3221.2061767578125	3221
1077.309326171875	26932.733154296875	3221.2061767578125	3221
1077.955078125	26948.876953125	3220.5133056640625	3221
1078.6011962890625	26965.029907226562	3220.5133056640625	3221
1079.2476806640625	26981.192016601562	3220.5133056640625	3221
1079.89453125	26997.36328125	3220.5133056640625	3221
1080.5418701171875	27013.546752929688	3223.7142333984375	3224
1081.189453125	27029.736328125	3223.7142333984375	3224
1081.8375244140625	27045.938110351562	3218.6192626953125	3219
1082.4859619140625	27062.149047851562	3218.6192626953125	3219
1083.1348876953125	27078.372192382812	3214.65283203125	3215
1083.7840576171875	27094.601440429688	3214.65283203125	3215
1084.43359375	27110.83984375	3214.65283203125	3215
1085.0836181640625	27127.090454101562	3213.6806640625	3214
1085.7340087890625	27143.350219726562	3215.212890625	3215
1086.384765625	27159.619140625	3215.212890625	3215
1087.0360107421875	27175.900268554688	3215.212890625	3215
1087.6875	27192.1875	3214.65283203125	3215
1088.3394775390625	27208.486938476562	3214.65283203125	3215
1088.9918212890625	27224.795532226562	3214.65283203125	3215
1089.64453125	27241.11328125	3212.15380859375	3212
1090.297607421875	27257.440185546875	3212.15380859375	3212
1090.951171875	27273.779296875	3212.15380859375	3212
1091.6051025390625	27290.127563476562	3212.15380859375	3212
1092.2593994140625	27306.484985351562	3212.025634765625	3212
1092.9140625	27322.8515625	3212.025634765625	3212
1093.569091796875	27339.227294921875	3212.025634765625	3212
1094.224609375	27355.615234375	3204.0855712890625	3204
1094.8804931640625	27372.012329101562	3210.2294921875	3210
1095.5367431640625	27388.418579101562	3210.2294921875	3210
1096.193359375	27404.833984375	3204.8316650390625	3205
1096.850341796875	27421.258544921875	3200.10791015625	3200
1097.5078125	27437.6953125	3200.10791015625	3200
1098.1656494140625	27454.141235351562	3200.10791015625	3200
1098.8238525390625	27470.596313476562	3200.10791015625	3200
1099.4825439453125	27487.063598632812	3200.10791015625	3200
1100.1414794921875	27503.536987304688	3200.10791015625	3200
1100.8009033203125	27520.022583007812	3200.10791015625	3200
1101.460693359375	27536.517333984375	3200.10791015625	3200
1102.1209716796875	27553.024291992188	3199.9498291015625	3200
1102.781494140625	27569.537353515625	3199.9498291015625	3200
1103.4425048828125	27586.062622070312	3197.610595703125	3198
1104.1038818359375	27602.597045898438	3197.610595703125	3198
1104.7657470703125	27619.143676757812	3197.610595703125	3198
1105.4278564453125	27635.696411132812	3197.610595703125	3198
1106.0904541015625	27652.261352539062	3199.9498291015625	3200
1106.75341796875	27668.83544921875	3197.610595703125	3198
1107.416748046875	27685.418701171875	3200.028564453125	3200
1108.08056640625	27702.01416015625	3200.028564453125	3200
1108.7447509765625	27718.618774414062	3200.028564453125	3200
1109.4093017578125	27735.232543945312	3200.028564453125	3200
1110.07421875	27751.85546875	3200.028564453125	3200
1110.7396240234375	27768.490600585938	3200.028564453125	3200
1111.4053955078125	27785.134887695312	3200.028564453125	3200
1112.071533203125	27801.788330078125	3200.028564453125	3200
1112.7381591796875	27818.453979492188	3197.5013427734375	3198
1113.405029296875	27835.125732421875	3201.49951171875	3201
1114.0723876953125	27851.809692382812	3201.49951171875	3201
1114.740234375	27868.505859375	3201.49951171875	3201
1115.4083251953125	27885.208129882812	3199.5810546875	3200
1116.076904296875	27901.922607421875	3194.139892578125	3194
1116.745849609375	27918.646240234375	3194.139892578125	3194
1117.415283203125	27935.382080078125	3199.36181640625	3199
1118.0849609375	27952.1240234375	3197.60986328125	3198
1118.755126953125	27968.878173828125	3197.60986328125	3198
1119.42578125	27985.64453125	3192.387939453125	3192
1120.0966796875	28002.4169921875	3195.3548583984375	3195
1120.76806640625	28019.20166015625	3195.3548583984375	3195
1121.4398193359375	28035.995483398438	3195.3548583984375	3195
1122.112060546875	28052.801513671875	3186.4835205078125	3186
1122.7845458984375	28069.613647460938	3190.626953125	3191
1123.45751953125	28086.43798828125	3195.7205810546875	3196
1124.1309814453125	28103.274536132812	3195.7205810546875	3196
1124.8046875	28120.1171875	3195.7205810546875	3196
1125.4788818359375	28136.972045898438	3195.7205810546875	3196
1126.153564453125	28153.839111328125	3195.7205810546875	3196
1126.8284912109375	28170.712280273438	3195.7205810546875	3196
1127.50390625	28187.59765625	3189.3831787109375	3189
1128.1796875	28204.4921875	3189.3831787109375	3189
1128.85595703125	28221.39892578125	3191.722900390625	3192
1129.5325927734375	28238.314819335938	3184.690185546875	3185
1130.2095947265625	28255.239868164062	3184.690185546875	3185
1130.8870849609375	28272.177124023438	3183.1070556640625	3183
1131.5648193359375	28289.120483398438	3182.5694580078125	3183
1132.2431640625	28306.0791015625	3182.5694580078125	3183
1132.9217529296875	28323.043823242188	3182.5694580078125	3183
1133.600830078125	28340.020751953125	3182.5694580078125	3183
1134.2802734375	28357.0068359375	3182.5694580078125	3183
1134.960205078125	28374.005126953125	3189.3831787109375	3189
1135.6405029296875	28391.012573242188	3189.3831787109375	3189
1136.3211669921875	28408.029174804688	3191.357177734375	3191
1137.002197265625	28425.054931640625	3191.357177734375	3191
1137.6837158203125	28442.092895507812	3186.7484130859375	3187
1138.3656005859375	28459.140014648438	3184.690185546875	3185
1139.0479736328125	28476.199340820312	3186.7484130859375	3187
1139.730712890625	28493.267822265625	3186.0531005859375	3186
1140.413818359375	28510.345458984375	3186.0531005859375	3186
1141.097412109375	28527.435302734375	3186.0531005859375	3186
1141.7813720703125	28544.534301757812	3186.0531005859375	3186
1142.4656982421875	28561.642456054688	3186.0531005859375	3186
1143.1505126953125	28578.762817382812	3186.0531005859375	3186
1143.835693359375	28595.892333984375	3183.521484375	3184
1144.521240234375	28613.031005859375	3183.521484375	3184
1145.207275390625	28630.181884765625	3181.2181396484375	3181
1145.8936767578125	28647.341918945312	3180.762451171875	3181
1146.58056640625	28664.51416015625	3180.762451171875	3181
1147.267822265625	28681.695556640625	3180.762451171875	3181
1147.9554443359375	28698.886108398438	3177.4864501953125	3177
1148.6435546875	28716.0888671875	3177.4864501953125	3177
1149.33203125	28733.30078125	3177.4864501953125	3177
1150.0208740234375	28750.521850585938	3180.762451171875	3181
1150.710205078125	28767.755126953125	3180.762451171875	3181
1151.39990234375	28784.99755859375	3180.762451171875	3181
1152.090087890625	28802.252197265625	3183.8043212890625	3184
1152.7806396484375	28819.515991210938	3182.1541748046875	3182
1153.4715576171875	28836.788940429688	3181.4632568359375	3181
1154.1629638671875	28854.074096679688	3176.8074951171875	3177
1154.854736328125	28871.368408203125	3176.8074951171875	3177
1155.546875	28888.671875	3181.68017578125	3182
1156.239501953125	28905.987548828125	3181.68017578125	3182
1156.9326171875	28923.3154296875	3181.68017578125	3182
1157.6259765625	28940.6494140625	3187.02685546875	3187
1158.31982421875	28957.99560546875	3186.411865234375	3186
1159.01416015625	28975.35400390625	3181.065185546875	3181
1159.7088623046875	28992.721557617188	3181.065185546875	3181
1160.4039306640625	29010.098266601562	3181.3973388671875	3181
1161.0994873046875	29027.487182617188	3180.020751953125	3180
1161.79541015625	29044.88525390625	3172.14453125	3172
1162.4918212890625	29062.295532226562	3179.55419921875	3180
1163.1885986328125	29079.714965820312	3181.0731201171875	3181
1163.8857421875	29097.1435546875	3182.5557861328125	3183
1164.5833740234375	29114.584350585938	3182.5557861328125	3183
1165.281494140625	29132.037353515625	3182.5557861328125	3183
1165.9798583984375	29149.496459960938	3179.55419921875	3180
1166.6787109375	29166.9677734375	3179.216796875	3179
1167.3780517578125	29184.451293945312	3181.7518310546875	3182
1168.0777587890625	29201.943969726562	3181.7518310546875	3182
1168.77783203125	29219.44580078125	3181.7518310546875	3182
1169.4783935546875	29236.959838867188	3181.2391357421875	3181
1170.179443359375	29254.486083984375	3181.2391357421875	3181
1170.8807373046875	29272.018432617188	3181.2391357421875	3181
1171.5826416015625	29289.566040039062	3180.8323974609375	3181
1172.2847900390625	29307.119750976562	3180.8323974609375	3181
1172.987548828125	29324.688720703125	3180.8323974609375	3181
1173.6905517578125	29342.263793945312	3180.8323974609375	3181
1174.39404296875	29359.85107421875	3180.8323974609375	3181
1175.0980224609375	29377.450561523438	3172.6502685546875	3173
1175.80224609375	29395.05615234375	3172.6502685546875	3173
1176.507080078125	29412.677001953125	3165.70361328125	3166
1177.2122802734375	29430.307006835938	3159.7064208984375	3160
1177.9178466796875	29447.946166992188	3159.7064208984375	3160
1178.6239013671875	29465.597534179688	3159.7064208984375	3160
1179.330322265625	29483.258056640625	3159.03662109375	3159
1180.0372314453125	29500.930786132812	3167.5977783203125	3168
1180.7445068359375	29518.612670898438	3167.5977783203125	3168
1181.4522705078125	29536.306762695312	3159.03662109375	3159
1182.160400390625	29554.010009765625	3167.5977783203125	3168
1182.868896484375	29571.722412109375	3167.5977783203125	3168
1183.577880859375	29589.447021484375	3162.277587890625	3162
1184.287353515625	29607.183837890625	3161.34375	3161
1184.9971923828125	29624.929809570312	3161.34375	3161
1185.70751953125	29642.68798828125	3156.42138671875	3156
1186.418212890625	29660.455322265625	3157.1026611328125	3157
1187.1292724609375	29678.231811523438	3160.415283203125	3160
1187.8408203125	29696.0205078125	3160.2347412109375	3160
1188.5528564453125	29713.821411132812	3160.2347412109375	3160
1189.2652587890625	29731.631469726562	3160.2347412109375	3160
1189.97802734375	29749.45068359375	3160.027587890625	3160
1190.6912841796875	29767.282104492188	3160.027587890625	3160
1191.405029296875	29785.125732421875	3158.8096923828125	3159
1192.119140625	29802.978515625	3155.2181396484375	3155
1192.8336181640625	29820.840454101562	3161.9151611328125	3162
1193.548583984375	29838.714599609375	3161.9151611328125	3162
1194.2640380859375	29856.600952148438	3161.9151611328125	3162
1194.9798583984375	29874.496459960938	3155.5799560546875	3156
1195.696044921875	29892.401123046875	3155.5799560546875	3156
1196.4127197265625	29910.317993164062	3155.5799560546875	3156
1197.1298828125	29928.2470703125	3155.82763671875	3156
1197.847412109375	29946.185302734375	3158.8096923828125	3159
1198.5654296875	29964.1357421875	3150.360107421875	3150
1199.2838134765625	29982.095336914062	3154.1925048828125	3154
1200.002685546875	30000.067138671875	3154.1925048828125	3154
1200.721923828125	30018.048095703125	3154.1925048828125	3154
1201.4415283203125	30036.038208007812	3154.1925048828125	3154
1202.1617431640625	30054.043579101562	3150.360107421875	3150
1202.88232421875	30072.05810546875	3150.360107421875	3150
1203.603271484375	30090.081787109375	3150.360107421875	3150
1204.32470703125	30108.11767578125	3149.228271484375	3149
1205.0465087890625	30126.162719726562	3149.228271484375	3149
1205.768798828125	30144.219970703125	3147.739501953125	3148
1206.4915771484375	30162.289428710938	3143.8665771484375	3144
1207.2147216796875	30180.368041992188	3143.8665771484375	3144
1207.938232421875	30198.455810546875	3143.5233154296875	3144
1208.662353515625	30216.558837890625	3143.5233154296875	3144
1209.38671875	30234.66796875	3143.5233154296875	3144
1210.1116943359375	30252.792358398438	3147.93017578125	3148
1210.8370361328125	30270.925903320312	3147.93017578125	3148
1211.562744140625	30289.068603515625	3147.93017578125	3148
1212.2889404296875	30307.223510742188	3149.7506103515625	3150
1213.0155029296875	30325.387573242188	3149.7506103515625	3150
1213.74267578125	30343.56689453125	3147.9185791015625	3148
1214.4700927734375	30361.752319335938	3147.93017578125	3148
1215.1981201171875	30379.953002929688	3150.7548828125	3151
1215.9263916015625	30398.159790039062	3150.7548828125	3151
1216.6552734375	30416.3818359375	3148.9228515625	3149
1217.384521484375	30434.613037109375	3148.9228515625	3149
1218.1141357421875	30452.853393554688	3152.1224365234375	3152
1218.84423828125	30471.10595703125	3152.1224365234375	3152
1219.5748291015625	30489.370727539062	3152.2921142578125	3152
1220.305908203125	30507.647705078125	3152.2921142578125	3152
1221.0372314453125	30525.930786132812	3153.740234375	3154
1221.7691650390625	30544.229125976562	3153.740234375	3154
1222.50146484375	30562.53662109375	3153.740234375	3154
1223.2342529296875	30580.856323242188	3154.1151123046875	3154
1223.9674072265625	30599.185180664062	3154.1151123046875	3154
1224.7010498046875	30617.526245117188	3157.2001953125	3157
1225.43505859375	30635.87646484375	3159.1097412109375	3159
1226.1695556640625	30654.238891601562	3159.1097412109375	3159
1226.904541015625	30672.613525390625	3159.1097412109375	3159
1227.639892578125	30690.997314453125	3159.1097412109375	3159
1228.375732421875	30709.393310546875	3159.1097412109375	3159
1229.112060546875	30727.801513671875	3159.1097412109375	3159
1229.8487548828125	30746.218872070312	3155.012939453125	3155
1230.5859375	30764.6484375	3151.485595703125	3151
1231.323486328125	30783.087158203125	3151.485595703125	3151
1232.0615234375	30801.5380859375	3152.1224365234375	3152
1232.800048828125	30820.001220703125	3152.1224365234375	3152
1233.5389404296875	30838.473510742188	3152.1224365234375	3152
1234.2783203125	30856.9580078125	3151.684326171875	3152
1235.0181884765625	30875.454711914062	3151.0474853515625	3151
1235.7584228515625	30893.960571289062	3151.684326171875	3152
1236.4990234375	30912.4755859375	3152.1224365234375	3152
1237.240234375	30931.005859375	3151.684326171875	3152
1237.9818115234375	30949.545288085938	3151.684326171875	3152
1238.723876953125	30968.096923828125	3151.684326171875	3152
1239.46630859375	30986.65771484375	3151.684326171875	3152
1240.209228515625	31005.230712890625	3151.684326171875	3152
1240.95263671875	31023.81591796875	3151.684326171875	3152
1241.6964111328125	31042.410278320312	3156.222412109375	3156
1242.440673828125	31061.016845703125	3156.222412109375	3156
1243.185302734375	31079.632568359375	3151.4609375	3151
1243.9305419921875	31098.263549804688	3151.4609375	3151
1244.6761474609375	31116.903686523438	3151.4609375	3151
1245.422119140625	31135.552978515625	3151.1107177734375	3151
1246.1685791015625	31154.214477539062	3150.0933837890625	3150
1246.91552734375	31172.88818359375	3150.0933837890625	3150
1247.6629638671875	31191.574096679688	3149.0316162109375	3149
1248.4107666015625	31210.269165039062	3149.0316162109375	3149
1249.1590576171875	31228.976440429688	3149.0316162109375	3149
1249.9078369140625	31247.695922851562	3149.0316162109375	3149
1250.656982421875	31266.424560546875	3149.0316162109375	3149
1251.4066162109375	31285.165405273438	3148.6046142578125	3149
1252.1566162109375	31303.915405273438	3148.6046142578125	3149
1252.9072265625	31322.6806640625	3147.739501953125	3148
1253.658203125	31341.455078125	3147.0294189453125	3147
1254.4095458984375	31360.238647460938	3147.0294189453125	3147
1255.1614990234375	31379.037475585938	3147.0294189453125	3147
1255.913818359375	31397.845458984375	3145.1920166015625	3145
1256.6666259765625	31416.665649414062	3142.71728515625	3143
1257.4197998046875	31435.494995117188	3142.71728515625	3143
1258.1734619140625	31454.336547851562	3142.71728515625	3143
1258.9276123046875	31473.190307617188	3140.9866943359375	3141
1259.6822509765625	31492.056274414062	3140.9866943359375	3141
1260.437255859375	31510.931396484375	3140.9866943359375	3141
1261.1927490234375	31529.818725585938	3140.9866943359375	3141
1261.9486083984375	31548.715209960938	3146.00146484375	3146
1262.705078125	31567.626953125	3146.20556640625	3146
1263.4619140625	31586.5478515625	3146.00146484375	3146
1264.21923828125	31605.48095703125	3150.474609375	3150
1264.9769287109375	31624.423217773438	3148.4761962890625	3148
1265.735107421875	31643.377685546875	3149.379638671875	3149
1266.4937744140625	31662.344360351562	3143.986572265625	3144
1267.2529296875	31681.3232421875	3142.5078125	3143
1268.0125732421875	31700.314331054688	3146.277099609375	3146
1268.7725830078125	31719.314575195312	3146.277099609375	3146
1269.5330810546875	31738.327026367188	3148.5687255859375	3149
1270.2939453125	31757.3486328125	3145.1920166015625	3145
1271.055419921875	31776.385498046875	3148.5181884765625	3149
1271.8172607421875	31795.431518554688	3147.04052734375	3147
1272.57958984375	31814.48974609375	3147.04052734375	3147
1273.34228515625	31833.55712890625	3147.04052734375	3147
1274.10546875	31852.63671875	3146.2276611328125	3146
1274.8692626953125	31871.731567382812	3144.379150390625	3144
1275.63330078125	31890.83251953125	3144.379150390625	3144
1276.39794921875	31909.94873046875	3141.021728515625	3141
1277.1629638671875	31929.074096679688	3139.2911376953125	3139
1277.928466796875	31948.211669921875	3139.2911376953125	3139
1278.6944580078125	31967.361450195312	3141.3792724609375	3141
1279.4609375	31986.5234375	3145.3602294921875	3145
1280.227783203125	32005.694580078125	3145.3602294921875	3145
1280.9951171875	32024.8779296875	3146.772705078125	3147
1281.762939453125	32044.073486328125	3145.3602294921875	3145
1282.53125	32063.28125	3146.772705078125	3147
1283.2999267578125	32082.498168945312	3146.772705078125	3147
1284.0692138671875	32101.730346679688	3146.772705078125	3147
1284.8388671875	32120.9716796875	3146.772705078125	3147
1285.60888671875	32140.22216796875	3146.772705078125	3147
1286.3795166015625	32159.487915039062	3142.900390625	3143
1287.1505126953125	32178.762817382812	3142.900390625	3143
1287.9219970703125	32198.049926757812	3144.8201904296875	3145
1288.6939697265625	32217.349243164062	3146.88818359375	3147
1289.4664306640625	32236.660766601562	3147.13037109375	3147
1290.2392578125	32255.9814453125	3147.13037109375	3147
1291.0126953125	32275.3173828125	3147.13037109375	3147
1291.7864990234375	32294.662475585938	3146.772705078125	3147
1292.560791015625	32314.019775390625	3146.772705078125	3147
1293.33544921875	32333.38623046875	3146.772705078125	3147
1294.1107177734375	32352.767944335938	3146.8404541015625	3147
1294.8863525390625	32372.158813476562	3146.8404541015625	3147
1295.6624755859375	32391.561889648438	3146.8262939453125	3147
1296.4390869140625	32410.977172851562	3146.8262939453125	3147
1297.2161865234375	32430.404663085938	3143.3826904296875	3143
1297.9937744140625	32449.844360351562	3143.3826904296875	3143
1298.771728515625	32469.293212890625	3143.3826904296875	3143
1299.5501708984375	32488.754272460938	3143.3826904296875	3143
1300.3291015625	32508.2275390625	3143.3826904296875	3143
1301.1085205078125	32527.713012695312	3143.3826904296875	3143
1301.888427734375	32547.210693359375	3140.06103515625	3140
1302.668701171875	32566.717529296875	3140.291259765625	3140
1303.449462890625	32586.236572265625	3140.291259765625	3140
1304.2308349609375	32605.770874023438	3140.291259765625	3140
1305.0125732421875	32625.314331054688	3143.6702880859375	3144
1305.794677734375	32644.866943359375	3143.6702880859375	3144
1306.577392578125	32664.434814453125	3140.291259765625	3140
1307.360595703125	32684.014892578125	3140.291259765625	3140
1308.1441650390625	32703.604125976562	3146.6068115234375	3147
1308.92822265625	32723.20556640625	3148.3929443359375	3148
1309.7127685546875	32742.819213867188	3148.8125	3149
1310.497802734375	32762.445068359375	3148.8125	3149
1311.2833251953125	32782.08312988281	3148.8125	3149
1312.0693359375	32801.7333984375	3148.8125	3149
1312.855712890625	32821.392822265625	3148.8125	3149
1313.642578125	32841.064453125	3146.88818359375	3147
1314.4300537109375	32860.75134277344	3146.88818359375	3147
1315.2178955078125	32880.44738769531	3147.0263671875	3147
1316.0062255859375	32900.15563964844	3146.668701171875	3147
1316.794921875	32919.873046875	3146.88818359375	3147
1317.584228515625	32939.605712890625	3146.88818359375	3147
1318.3740234375	32959.3505859375	3146.88818359375	3147
1319.1641845703125	32979.10461425781	3146.88818359375	3147
1319.954833984375	32998.870849609375	3147.0263671875	3147
1320.74609375	33018.65234375	3146.88818359375	3147
1321.5377197265625	33038.44299316406	3147.0263671875	3147
1322.329833984375	33058.245849609375	3147.0263671875	3147
1323.1224365234375	33078.06091308594	3146.88818359375	3147
1323.9154052734375	33097.88513183594	3147.0263671875	3147
1324.708984375	33117.724609375	3146.40625	3146
1325.5030517578125	33137.57629394531	3146.668701171875	3147
1326.2974853515625	33157.43713378906	3147.04052734375	3147
1327.0924072265625	33177.31018066406	3147.04052734375	3147
1327.887939453125	33197.198486328125	3146.54443359375	3147
1328.683837890625	33217.095947265625	3150.1832275390625	3150
1329.480224609375	33237.005615234375	3150.1832275390625	3150
1330.277099609375	33256.927490234375	3150.1832275390625	3150
1331.074462890625	33276.861572265625	3147.04052734375	3147
1331.8721923828125	33296.80480957031	3147.04052734375	3147
1332.6705322265625	33316.76330566406	3147.04052734375	3147
1333.4693603515625	33336.73400878906	3147.04052734375	3147
1334.2685546875	33356.7138671875	3145.9639892578125	3146
1335.068359375	33376.708984375	3144.8670654296875	3145
1335.8685302734375	33396.71325683594	3144.8670654296875	3145
1336.6693115234375	33416.73278808594	3145.2781982421875	3145
1337.470458984375	33436.761474609375	3145.2781982421875	3145
1338.2720947265625	33456.80236816406	3145.2781982421875	3145
1339.07421875	33476.85546875	3144.499267578125	3144
1339.8768310546875	33496.92077636719	3144.8670654296875	3145
1340.679931640625	33516.998291015625	3144.189453125	3144
1341.4835205078125	33537.08801269531	3143.8216552734375	3144
1342.28759765625	33557.18994140625	3143.8216552734375	3144
1343.0921630859375	33577.30407714844	3143.8216552734375	3144
1343.897216796875	33597.430419921875	3143.8216552734375	3144
1344.7027587890625	33617.56896972656	3143.8216552734375	3144
1345.5086669921875	33637.71667480469	3143.8216552734375	3144
1346.315185546875	33657.879638671875	3143.8216552734375	3144
1347.1221923828125	33678.05480957031	3144.8873291015625	3145
1347.9295654296875	33698.23913574219	3147.644775390625	3148
1348.737548828125	33718.438720703125	3148.42578125	3148
1349.5458984375	33738.6474609375	3152.513671875	3153
1350.3548583984375	33758.87145996094	3152.513671875	3153
1351.1641845703125	33779.10461425781	3156.6026611328125	3157
1351.97412109375	33799.35302734375	3153.3031005859375	3153
1352.784423828125	33819.610595703125	3152.7542724609375	3153
1353.5953369140625	33839.88342285156	3152.7542724609375	3153
1354.4066162109375	33860.16540527344	3152.7542724609375	3153
1355.2183837890625	33880.45959472656	3150.678466796875	3151
1356.03076171875	33900.76904296875	3150.678466796875	3151
1356.843505859375	33921.087646484375	3154.6827392578125	3155
1357.65673828125	33941.41845703125	3154.6827392578125	3155
1358.4705810546875	33961.76452636719	3154.6827392578125	3155
1359.2847900390625	33982.11975097656	3154.6827392578125	3155
1360.0994873046875	34002.48718261719	3155.8978271484375	3156
1360.914794921875	34022.869873046875	3154.6827392578125	3155
1361.73046875	34043.26171875	3154.099365234375	3154
1362.546630859375	34063.665771484375	3154.099365234375	3154
1363.3634033203125	34084.08508300781	3154.099365234375	3154
1364.1805419921875	34104.51354980469	3154.099365234375	3154
1364.9981689453125	34124.95422363281	3153.4459228515625	3153
1365.81640625	34145.41015625	3155.8978271484375	3156
1366.635009765625	34165.875244140625	3157.0072021484375	3157
1367.4541015625	34186.3525390625	3161.626708984375	3162
1368.2738037109375	34206.84509277344	3161.626708984375	3162
1369.0938720703125	34227.34680175781	3161.626708984375	3162
1369.91455078125	34247.86376953125	3161.626708984375	3162
1370.735595703125	34268.389892578125	3160.036376953125	3160
1371.5572509765625	34288.93127441406	3160.036376953125	3160
1372.37939453125	34309.48486328125	3160.036376953125	3160
1373.201904296875	34330.047607421875	3158.1700439453125	3158
1374.0250244140625	34350.62561035156	3157.882080078125	3158
1374.8485107421875	34371.21276855469	3157.882080078125	3158
1375.672607421875	34391.815185546875	3157.882080078125	3158
1376.4971923828125	34412.42980957031	3159.7484130859375	3160
1377.322265625	34433.056640625	3159.0728759765625	3159
1378.1478271484375	34453.69567871094	3159.0728759765625	3159
1378.973876953125	34474.346923828125	3159.0728759765625	3159
1379.8004150390625	34495.01037597656	3161.5380859375	3162
1380.62744140625	34515.68603515625	3159.5538330078125	3160
1381.4549560546875	34536.37390136719	3159.5538330078125	3160
1382.282958984375	34557.073974609375	3157.76416015625	3158
1383.1114501953125	34577.78625488281	3159.5538330078125	3160
1383.9405517578125	34598.51379394531	3159.5538330078125	3160
1384.77001953125	34619.25048828125	3157.76416015625	3158
1385.5999755859375	34639.99938964844	3157.76416015625	3158
1386.4305419921875	34660.76354980469	3157.76416015625	3158
1387.2615966796875	34681.53991699219	3159.16259765625	3159
1388.093017578125	34702.325439453125	3159.16259765625	3159
1388.925048828125	34723.126220703125	3160.832763671875	3161
1389.757568359375	34743.939208984375	3160.832763671875	3161
1390.590576171875	34764.764404296875	3159.16259765625	3159
1391.424072265625	34785.601806640625	3160.9522705078125	3161
1392.258056640625	34806.451416015625	3160.9522705078125	3161
1393.092529296875	34827.313232421875	3160.9522705078125	3161
1393.9276123046875	34848.19030761719	3162.0203857421875	3162
1394.7630615234375	34869.07653808594	3160.9522705078125	3161
1395.5989990234375	34889.97497558594	3163.744384765625	3164
1396.435546875	34910.888671875	3163.744384765625	3164
1397.2725830078125	34931.81457519531	3163.744384765625	3164
1398.110107421875	34952.752685546875	3163.744384765625	3164
1398.9481201171875	34973.70300292969	3166.98876953125	3167
1399.78662109375	34994.66552734375	3166.98876953125	3167
1400.6256103515625	35015.64025878906	3166.98876953125	3167
1401.465087890625	35036.627197265625	3166.98876953125	3167
1402.30517578125	35057.62939453125	3166.98876953125	3167
1403.1456298828125	35078.64074707031	3165.109130859375	3165
1403.9866943359375	35099.66735839844	3167.998291015625	3168
1404.8282470703125	35120.70617675781	3167.998291015625	3168
1405.6702880859375	35141.75720214844	3167.998291015625	3168
1406.5128173828125	35162.82043457031	3173.6302490234375	3174
1407.3558349609375	35183.89587402344	3173.6302490234375	3174
1408.1993408203125	35204.98352050781	3174.7568359375	3175
1409.04345703125	35226.08642578125	3174.89306640625	3175
1409.887939453125	35247.198486328125	3174.89306640625	3175
1410.7330322265625	35268.32580566406	3172.8848876953125	3173
1411.57861328125	35289.46533203125	3172.8848876953125	3173
1412.4246826171875	35310.61706542969	3172.8848876953125	3173
1413.271240234375	35331.781005859375	3172.8848876953125	3173
1414.118408203125	35352.960205078125	3173.240478515625	3173
1414.9659423828125	35374.14855957031	3173.240478515625	3173
1415.8140869140625	35395.35217285156	3174.7568359375	3175
1416.6627197265625	35416.56799316406	3174.3302001953125	3174
1417.5118408203125	35437.79602050781	3176.33837890625	3176
1418.3614501953125	35459.03625488281	3176.33837890625	3176
1419.211669921875	35480.291748046875	3176.33837890625	3176
1420.062255859375	35501.556396484375	3176.33837890625	3176
1420.9134521484375	35522.83630371094	3173.6424560546875	3174
1421.76513671875	35544.12841796875	3174.7568359375	3175
1422.6173095703125	35565.43273925781	3174.7568359375	3175
1423.469970703125	35586.749267578125	3174.7568359375	3175
1424.3232421875	35608.0810546875	3177.919921875	3178
1425.177001953125	35629.425048828125	3176.33837890625	3176
1426.0311279296875	35650.77819824219	3173.4727783203125	3173
1426.8858642578125	35672.14660644531	3176.33837890625	3176
1427.7412109375	35693.5302734375	3176.33837890625	3176
1428.596923828125	35714.923095703125	3176.33837890625	3176
1429.4532470703125	35736.33117675781	3176.33837890625	3176
1430.31005859375	35757.75146484375	3176.33837890625	3176
1431.1673583984375	35779.18395996094	3177.81201171875	3178
1432.025146484375	35800.628662109375	3179.7738037109375	3180
1432.8834228515625	35822.08557128906	3178.3001708984375	3178
1433.7423095703125	35843.55773925781	3178.3001708984375	3178
1434.6016845703125	35865.04211425781	3178.3001708984375	3178
1435.4615478515625	35886.53869628906	3178.3001708984375	3178
1436.322021484375	35908.050537109375	3178.3001708984375	3178
1437.182861328125	35929.571533203125	3180.912109375	3181
1438.0443115234375	35951.10778808594	3180.912109375	3181
1438.90625	35972.65625	3181.96142578125	3182
1439.7686767578125	35994.21691894531	3183.4049072265625	3183
1440.6317138671875	36015.79284667969	3183.4049072265625	3183
1441.4952392578125	36037.38098144531	3183.4049072265625	3183
1442.3592529296875	36058.98132324219	3180.8785400390625	3181
1443.2237548828125	36080.59387207031	3180.8785400390625	3181
1444.0887451171875	36102.21862792969	3181.0418701171875	3181
1444.954345703125	36123.858642578125	3181.0418701171875	3181
1445.8204345703125	36145.51086425781	3180.8231201171875	3181
1446.68701171875	36167.17529296875	3180.8231201171875	3181
1447.55419921875	36188.85498046875	3180.8231201171875	3181
1448.4217529296875	36210.54382324219	3183.9609375	3184
1449.2899169921875	36232.24792480469	3183.5556640625	3184
1450.15869140625	36253.96728515625	3183.5556640625	3184
1451.02783203125	36275.69580078125	3185.9251708984375	3186
1451.8975830078125	36297.43957519531	3185.9251708984375	3186
1452.767822265625	36319.195556640625	3185.9251708984375	3186
1453.6385498046875	36340.96374511719	3186.2281494140625	3186
1454.5098876953125	36362.74719238281	3186.2281494140625	3186
1455.3817138671875	36384.54284667969	3186.2281494140625	3186
1456.2540283203125	36406.35070800781	3186.8804931640625	3187
1457.1268310546875	36428.17077636719	3186.8804931640625	3187
1458.000244140625	36450.006103515625	3186.8804931640625	3187
1458.8741455078125	36471.85363769531	3186.8804931640625	3187
1459.7486572265625	36493.71643066406	3187.5277099609375	3188
1460.62353515625	36515.58837890625	3187.5277099609375	3188
1461.4990234375	36537.4755859375	3187.869873046875	3188
1462.375	36559.375	3187.811279296875	3188
1463.2515869140625	36581.28967285156	3187.4559326171875	3187
1464.128662109375	36603.216552734375	3187.9791259765625	3188
1465.0062255859375	36625.15563964844	3190.46728515625	3190
1465.88427734375	36647.10693359375	3195.02587890625	3195
1466.762939453125	36669.073486328125	3195.02587890625	3195
1467.64208984375	36691.05224609375	3195.02587890625	3195
1468.521728515625	36713.043212890625	3195.02587890625	3195
1469.4019775390625	36735.04943847656	3192.0079345703125	3192
1470.28271484375	36757.06787109375	3189.2763671875	3189
1471.1639404296875	36779.09851074219	3192.9708251953125	3193
1472.0457763671875	36801.14440917969	3192.9708251953125	3193
1472.9281005859375	36823.20251464844	3192.9708251953125	3193
1473.8109130859375	36845.27282714844	3196.939208984375	3197
1474.6943359375	36867.3583984375	3196.939208984375	3197
1475.5782470703125	36889.45617675781	3194.5653076171875	3195
1476.462646484375	36911.566162109375	3197.0968017578125	3197
1477.34765625	36933.69140625	3194.2867431640625	3194
1478.233154296875	36955.828857421875	3194.2867431640625	3194
1479.119140625	36977.978515625	3195.0677490234375	3195
1480.0057373046875	37000.14343261719	3195.0677490234375	3195
1480.892822265625	37022.320556640625	3198.29541015625	3198
1481.780517578125	37044.512939453125	3198.29541015625	3198
1482.6685791015625	37066.71447753906	3198.29541015625	3198
1483.557373046875	37088.934326171875	3198.932861328125	3199
1484.446533203125	37111.163330078125	3202.1778564453125	3202
1485.3363037109375	37133.40759277344	3202.568115234375	3203
1486.2265625	37155.6640625	3202.568115234375	3203
1487.117431640625	37177.935791015625	3202.568115234375	3203
1488.0087890625	37200.2197265625	3202.568115234375	3203
1488.900634765625	37222.515869140625	3206.3558349609375	3206
1489.7930908203125	37244.82727050781	3206.3558349609375	3206
1490.68603515625	37267.15087890625	3208.1806640625	3208
1491.57958984375	37289.48974609375	3210.5975341796875	3211
1492.4736328125	37311.8408203125	3207.3577880859375	3207
1493.3681640625	37334.2041015625	3210.277587890625	3210
1494.2633056640625	37356.58264160156	3210.277587890625	3210
1495.158935546875	37378.973388671875	3210.277587890625	3210
1496.0550537109375	37401.37634277344	3207.4703369140625	3207
1496.9517822265625	37423.79455566406	3207.4703369140625	3207
1497.8489990234375	37446.22497558594	3200.341796875	3200
1498.746826171875	37468.670654296875	3202.2412109375	3202
1499.6451416015625	37491.12854003906	3202.2412109375	3202
1500.5440673828125	37513.60168457031	3205.669921875	3206
1501.4434814453125	37536.08703613281	3206.1744384765625	3206
1502.3433837890625	37558.58459472656	3210.277587890625	3210
1503.243896484375	37581.097412109375	3210.277587890625	3210
1504.1448974609375	37603.62243652344	3210.277587890625	3210
1505.04638671875	37626.15966796875	3210.277587890625	3210
1505.948486328125	37648.712158203125	3210.7431640625	3211
1506.8511962890625	37671.27990722656	3210.277587890625	3210
1507.75439453125	37693.85986328125	3209.736328125	3210
1508.6580810546875	37716.45202636719	3210.201904296875	3210
1509.5623779296875	37739.05944824219	3210.201904296875	3210
1510.4671630859375	37761.67907714844	3211.5999755859375	3212
1511.37255859375	37784.31396484375	3211.5999755859375	3212
1512.2784423828125	37806.96105957031	3211.5999755859375	3212
1513.184814453125	37829.620361328125	3211.5999755859375	3212
1514.091796875	37852.294921875	3217.38671875	3217
1514.9993896484375	37874.98474121094	3219.447998046875	3219
1515.907470703125	37897.686767578125	3219.447998046875	3219
1516.8160400390625	37920.40100097656	3219.447998046875	3219
1517.7252197265625	37943.13049316406	3219.447998046875	3219
1518.6348876953125	37965.87219238281	3221.0201416015625	3221
1519.545166015625	37988.629150390625	3219.447998046875	3219
1520.4559326171875	38011.39831542969	3221.5267333984375	3222
1521.3673095703125	38034.18273925781	3221.5267333984375	3222
1522.2791748046875	38056.97937011719	3221.5267333984375	3222
1523.191650390625	38079.791259765625	3221.1959228515625	3221
1524.1046142578125	38102.61535644531	3219.8743896484375	3220
1525.01806640625	38125.45166015625	3219.8743896484375	3220
1525.9322509765625	38148.30627441406	3221.5267333984375	3222
1526.8468017578125	38171.17004394531	3221.5267333984375	3222
1527.761962890625	38194.049072265625	3221.5267333984375	3222
1528.677734375	38216.943359375	3221.5267333984375	3222
1529.593994140625	38239.849853515625	3220.83935546875	3221
1530.5107421875	38262.7685546875	3219.2672119140625	3219
1531.42822265625	38285.70556640625	3219.2672119140625	3219
1532.3460693359375	38308.65173339844	3217.8834228515625	3218
1533.2645263671875	38331.61315917969	3219.2672119140625	3219
1534.18359375	38354.58984375	3221.5267333984375	3222
1535.1031494140625	38377.57873535156	3219.0137939453125	3219
1536.023193359375	38400.579833984375	3220.5887451171875	3221
1536.9439697265625	38423.59924316406	3222.9522705078125	3223
1537.8651123046875	38446.62780761719	3222.9522705078125	3223
1538.786865234375	38469.671630859375	3222.9522705078125	3223
1539.709228515625	38492.730712890625	3223.583251953125	3224
1540.632080078125	38515.802001953125	3222.9080810546875	3223
1541.5555419921875	38538.88854980469	3223.7176513671875	3224
1542.4794921875	38561.9873046875	3227.13037109375	3227
1543.404052734375	38585.101318359375	3229.463134765625	3229
1544.3292236328125	38608.23059082031	3229.463134765625	3229
1545.2548828125	38631.3720703125	3228.350830078125	3228
1546.1810302734375	38654.52575683594	3228.350830078125	3228
1547.1077880859375	38677.69470214844	3228.350830078125	3228
1548.03515625	38700.87890625	3228.350830078125	3228
1548.9630126953125	38724.07531738281	3227.1199951171875	3227
1549.891357421875	38747.283935546875	3228.350830078125	3228
1550.8204345703125	38770.51086425781	3228.406494140625	3228
1551.7498779296875	38793.74694824219	3228.406494140625	3228
1552.6800537109375	38817.00134277344	3228.406494140625	3228
1553.6107177734375	38840.26794433594	3229.9454345703125	3230
1554.5418701171875	38863.54675292969	3228.406494140625	3228
1555.4736328125	38886.8408203125	3228.406494140625	3228
1556.406005859375	38910.150146484375	3228.406494140625	3228
1557.3388671875	38933.4716796875	3228.406494140625	3228
1558.2723388671875	38956.80847167969	3231.35205078125	3231
1559.206298828125	38980.157470703125	3231.35205078125	3231
1560.140869140625	39003.521728515625	3235.728759765625	3236
1561.0760498046875	39026.90124511719	3235.728759765625	3236
1562.01171875	39050.29296875	3235.728759765625	3236
1562.947998046875	39073.699951171875	3231.35205078125	3231
1563.884765625	39097.119140625	3231.35205078125	3231
1564.8221435546875	39120.55358886719	3231.35205078125	3231
1565.7601318359375	39144.00329589844	3231.35205078125	3231
1566.6986083984375	39167.46520996094	3237.6832275390625	3238
1567.6375732421875	39190.93933105469	3237.6832275390625	3238
1568.5772705078125	39214.43176269531	3233.8294677734375	3234
1569.5174560546875	39237.93640136719	3238.6728515625	3239
1570.4581298828125	39261.45324707031	3239.7861328125	3240
1571.3995361328125	39284.98840332031	3241.2928466796875	3241
1572.34130859375	39308.53271484375	3244.2896728515625	3244
1573.2838134765625	39332.09533691406	3247.958251953125	3248
1574.226806640625	39355.670166015625	3247.958251953125	3248
1575.17041015625	39379.26025390625	3247.958251953125	3248
1576.114501953125	39402.862548828125	3246.6822509765625	3247
1577.0592041015625	39426.48010253906	3246.6822509765625	3247
1578.0045166015625	39450.11291503906	3246.6822509765625	3247
1578.9503173828125	39473.75793457031	3246.6822509765625	3247
1579.896728515625	39497.418212890625	3253.0577392578125	3253
1580.8436279296875	39521.09069824219	3250.0792236328125	3250
1581.791259765625	39544.781494140625	3253.0577392578125	3253
1582.7392578125	39568.4814453125	3253.0577392578125	3253
1583.68798828125	39592.19970703125	3253.0577392578125	3253
1584.63720703125	39615.93017578125	3253.0577392578125	3253
1585.5870361328125	39639.67590332031	3252.41259765625	3252
1586.5374755859375	39663.43688964844	3252.41259765625	3252
1587.4884033203125	39687.21008300781	3253.0577392578125	3253
1588.43994140625	39710.99853515625	3254.4156494140625	3254
1589.3919677734375	39734.79919433594	3255.554443359375	3256
1590.3446044921875	39758.61511230469	3256.473876953125	3256
1591.2978515625	39782.4462890625	3256.473876953125	3256
1592.251708984375	39806.292724609375	3258.2236328125	3258
1593.2060546875	39830.1513671875	3258.2236328125	3258
1594.1610107421875	39854.02526855469	3257.406005859375	3257
1595.116455078125	39877.911376953125	3257.406005859375	3257
1596.0726318359375	39901.81579589844	3257.406005859375	3257
1597.029296875	39925.732421875	3257.520263671875	3258
1597.9864501953125	39949.66125488281	3257.406005859375	3257
1598.9443359375	39973.6083984375	3255.6422119140625	3256
1599.9027099609375	39997.56774902344	3255.6422119140625	3256
1600.8616943359375	40021.54235839844	3254.94970703125	3255
1601.8211669921875	40045.52917480469	3254.94970703125	3255
1602.78125	40069.53125	3256.0101318359375	3256
1603.741943359375	40093.548583984375	3257.406005859375	3257
1604.7032470703125	40117.58117675781	3259.017333984375	3259
1605.6650390625	40141.6259765625	3259.017333984375	3259
1606.62744140625	40165.68603515625	3259.017333984375	3259
1607.5904541015625	40189.76135253906	3259.017333984375	3259
1608.5540771484375	40213.85192871094	3259.017333984375	3259
1609.5181884765625	40237.95471191406	3261.3563232421875	3261
1610.48291015625	40262.07275390625	3260.3782958984375	3260
1611.4482421875	40286.2060546875	3260.3782958984375	3260
1612.4140625	40310.3515625	3261.3563232421875	3261
1613.3804931640625	40334.51232910156	3262.813232421875	3263
1614.3475341796875	40358.68835449219	3264.878173828125	3265
1615.315185546875	40382.879638671875	3267.6614990234375	3268
1616.283447265625	40407.086181640625	3268.268310546875	3268
1617.252197265625	40431.304931640625	3268.268310546875	3268
1618.2215576171875	40455.53894042969	3270.07421875	3270
1619.1915283203125	40479.78820800781	3270.07421875	3270
1620.1619873046875	40504.04968261719	3270.4837646484375	3270
1621.133056640625	40528.326416015625	3272.0999755859375	3272
1622.104736328125	40552.618408203125	3272.5355224609375	3273
1623.0770263671875	40576.92565917969	3272.5355224609375	3273
1624.0499267578125	40601.24816894531	3270.6959228515625	3271
1625.0233154296875	40625.58288574219	3270.6959228515625	3271
1625.997314453125	40649.932861328125	3271.138427734375	3271
1626.971923828125	40674.298095703125	3272.1171875	3272
1627.9471435546875	40698.67858886719	3277.737548828125	3278
1628.9228515625	40723.0712890625	3277.737548828125	3278
1629.8992919921875	40747.48229980469	3277.737548828125	3278
1630.876220703125	40771.905517578125	3279.42822265625	3279
1631.853759765625	40796.343994140625	3279.42822265625	3279
1632.831787109375	40820.794677734375	3279.42822265625	3279
1633.810546875	40845.263671875	3279.42822265625	3279
1634.789794921875	40869.744873046875	3279.42822265625	3279
1635.7696533203125	40894.24133300781	3279.42822265625	3279
1636.7501220703125	40918.75305175781	3279.42822265625	3279
1637.731201171875	40943.280029296875	3279.42822265625	3279
1638.7127685546875	40967.81921386719	3279.42822265625	3279
1639.695068359375	40992.376708984375	3279.42822265625	3279
1640.6778564453125	41016.94641113281	3279.42822265625	3279
1641.6612548828125	41041.53137207031	3282.7261962890625	3283
1642.645263671875	41066.131591796875	3284.311279296875	3284
1643.6297607421875	41090.74401855469	3284.5531005859375	3285
1644.614990234375	41115.374755859375	3286.458984375	3286
1645.6007080078125	41140.01770019531	3289.9344482421875	3290
1646.5870361328125	41164.67590332031	3291.22265625	3291
1647.573974609375	41189.349365234375	3294.6932373046875	3295
1648.5615234375	41214.0380859375	3294.6932373046875	3295
1649.5496826171875	41238.74206542969	3294.6932373046875	3295
1650.5384521484375	41263.46130371094	3294.6932373046875	3295
1651.5277099609375	41288.19274902344	3295.5516357421875	3296
1652.517578125	41312.939453125	3296.0177001953125	3296
1653.508056640625	41337.701416015625	3298.961181640625	3299
1654.4991455078125	41362.47863769531	3298.0709228515625	3298
1655.4908447265625	41387.27111816406	3300.629638671875	3301
1656.483154296875	41412.078857421875	3300.629638671875	3301
1657.47607421875	41436.90185546875	3302.1187744140625	3302
1658.469482421875	41461.737060546875	3299.7393798828125	3300
1659.4635009765625	41486.58752441406	3302.1187744140625	3302
1660.458251953125	41511.456298828125	3302.1187744140625	3302
1661.4534912109375	41536.33728027344	3305.4683837890625	3305
1662.4493408203125	41561.23352050781	3305.4683837890625	3305
1663.44580078125	41586.14501953125	3309.0616455078125	3309
1664.44287109375	41611.07177734375	3309.0616455078125	3309
1665.4404296875	41636.0107421875	3309.2664794921875	3309
1666.438720703125	41660.968017578125	3311.171630859375	3311
1667.4375	41685.9375	3311.822265625	3312
1668.43701171875	41710.92529296875	3311.822265625	3312
1669.43701171875	41735.92529296875	3311.822265625	3312
1670.4376220703125	41760.94055175781	3313.552001953125	3314
1671.4388427734375	41785.97106933594	3320.50927734375	3321
1672.4407958984375	41811.01989746094	3317.00537109375	3317
1673.443115234375	41836.077880859375	3315.9888916015625	3316
1674.4461669921875	41861.15417480469	3318.0084228515625	3318
1675.4498291015625	41886.24572753906	3315.9888916015625	3316
1676.4541015625	41911.3525390625	3317.0570068359375	3317
1677.458984375	41936.474609375	3317.0570068359375	3317
1678.46435546875	41961.60888671875	3317.0570068359375	3317
1679.470458984375	41986.761474609375	3317.0570068359375	3317
1680.47705078125	42011.92626953125	3320.9681396484375	3321
1681.484375	42037.109375	3324.855224609375	3325
1682.4921875	42062.3046875	3324.855224609375	3325
1683.5006103515625	42087.51525878906	3324.855224609375	3325
1684.509765625	42112.744140625	3326.9521484375	3327
1685.5194091796875	42137.98522949219	3326.9521484375	3327
1686.5296630859375	42163.24157714844	3326.9521484375	3327
1687.54052734375	42188.51318359375	3330.4503173828125	3330
1688.552001953125	42213.800048828125	3330.4503173828125	3330
1689.5640869140625	42239.10217285156	3336.150146484375	3336
1690.5767822265625	42264.41955566406	3336.150146484375	3336
1691.590087890625	42289.752197265625	3337.118896484375	3337
1692.60400390625	42315.10009765625	3341.7850341796875	3342
1693.6185302734375	42340.46325683594	3341.7850341796875	3342
1694.6336669921875	42365.84167480469	3341.7850341796875	3342
1695.6494140625	42391.2353515625	3338.4962158203125	3338
1696.665771484375	42416.644287109375	3338.4962158203125	3338
1697.6827392578125	42442.06848144531	3338.4962158203125	3338
1698.7003173828125	42467.50793457031	3338.4962158203125	3338
1699.718505859375	42492.962646484375	3338.4962158203125	3338
1700.7373046875	42518.4326171875	3340.598876953125	3341
1701.7567138671875	42543.91784667969	3340.598876953125	3341
1702.7767333984375	42569.41833496094	3337.4798583984375	3337
1703.79736328125	42594.93408203125	3337.4798583984375	3337
1704.818603515625	42620.465087890625	3337.4798583984375	3337
1705.84033203125	42646.00830078125	3338.1990966796875	3338
1706.86279296875	42671.56982421875	3337.178466796875	3337
1707.8858642578125	42697.14660644531	3337.178466796875	3337
1708.9095458984375	42722.73864746094	3335.1163330078125	3335
1709.933837890625	42748.345947265625	3335.1163330078125	3335
1710.9588623046875	42773.97155761719	3335.1163330078125	3335
1711.984375	42799.609375	3331.962158203125	3332
1713.010498046875	42825.262451171875	3333.3780517578125	3333
1714.0372314453125	42850.93078613281	3336.645751953125	3337
1715.0645751953125	42876.61437988281	3337.46533203125	3337
1716.092529296875	42902.313232421875	3340.02880859375	3340
1717.1212158203125	42928.03039550781	3346.055419921875	3346
1718.150390625	42953.759765625	3352.12939453125	3352
1719.1802978515625	42979.50744628906	3346.6728515625	3347
1720.210693359375	43005.267333984375	3346.6728515625	3347
1721.24169921875	43031.04248046875	3343.97900390625	3344
1722.2734375	43056.8359375	3349.5377197265625	3350
1723.3057861328125	43082.64465332031	3351.538330078125	3352
1724.338623046875	43108.465576171875	3351.538330078125	3352
1725.3721923828125	43134.30480957031	3352.935302734375	3353
1726.4063720703125	43160.15930175781	3352.935302734375	3353
1727.441162109375	43186.029052734375	3352.935302734375	3353
1728.4765625	43211.9140625	3352.935302734375	3353
1729.5125732421875	43237.81433105469	3360.0313720703125	3360
1730.5491943359375	43263.72985839844	3360.614501953125	3361
1731.5865478515625	43289.66369628906	3358.9034423828125	3359
1732.6243896484375	43315.60974121094	3357.2449951171875	3357
1733.6629638671875	43341.57409667969	3357.2449951171875	3357
1734.7020263671875	43367.55065917969	3352.4935302734375	3352
1735.7418212890625	43393.54553222656	3361.148681640625	3361
1736.7822265625	43419.5556640625	3361.148681640625	3361
1737.8232421875	43445.5810546875	3354.4293212890625	3354
1738.8648681640625	43471.62170410156	3363.9625244140625	3364
1739.9071044921875	43497.67761230469	3372.9393310546875	3373
1740.949951171875	43523.748779296875	3372.9393310546875	3373
1741.993408203125	43549.835205078125	3372.9393310546875	3373
1743.03759765625	43575.93994140625	3372.9393310546875	3373
1744.082275390625	43602.056884765625	3373.7164306640625	3374
1745.127685546875	43628.192138671875	3373.7164306640625	3374
1746.1737060546875	43654.34265136719	3375.2752685546875	3375
1747.2203369140625	43680.50842285156	3378.3580322265625	3378
1748.267578125	43706.689453125	3378.3580322265625	3378
1749.3154296875	43732.8857421875	3378.3580322265625	3378
1750.364013671875	43759.100341796875	3380.5262451171875	3381
1751.4130859375	43785.3271484375	3381.6595458984375	3382
1752.462890625	43811.572265625	3378.3580322265625	3378
1753.5133056640625	43837.83264160156	3378.3580322265625	3378
1754.5643310546875	43864.10827636719	3379.8612060546875	3380
1755.615966796875	43890.399169921875	3379.8612060546875	3380
1756.6683349609375	43916.70837402344	3382.8236083984375	3383
1757.72119140625	43943.02978515625	3383.4454345703125	3383
1758.7747802734375	43969.36950683594	3387.734375	3388
1759.8289794921875	43995.72448730469	3387.734375	3388
1760.8837890625	44022.0947265625	3387.734375	3388
1761.939208984375	44048.480224609375	3387.734375	3388
1762.995361328125	44074.884033203125	3387.734375	3388
1764.052001953125	44101.300048828125	3387.734375	3388
1765.109375	44127.734375	3387.734375	3388
1766.1673583984375	44154.18395996094	3387.734375	3388
1767.2259521484375	44180.64880371094	3390.203369140625	3390
1768.28515625	44207.12890625	3389.8995361328125	3390
1769.3450927734375	44233.62731933594	3389.8995361328125	3390
1770.4056396484375	44260.14099121094	3389.8995361328125	3390
1771.466796875	44286.669921875	3390.9781494140625	3391
1772.528564453125	44313.214111328125	3391.8251953125	3392
1773.5909423828125	44339.77355957031	3394.7266845703125	3395
1774.654052734375	44366.351318359375	3400.0880126953125	3400
1775.7177734375	44392.9443359375	3400.0880126953125	3400
1776.7821044921875	44419.55261230469	3400.0880126953125	3400
1777.8470458984375	44446.17614746094	3402.7552490234375	3403
1778.9127197265625	44472.81799316406	3404.8697509765625	3405
1779.97900390625	44499.47509765625	3404.8697509765625	3405
1781.0458984375	44526.1474609375	3406.705322265625	3407
1782.1134033203125	44552.83508300781	3406.705322265625	3407
1783.1815185546875	44579.53796386719	3407.600341796875	3408
1784.2503662109375	44606.25915527344	3414.2982177734375	3414
1785.31982421875	44632.99560546875	3417.913330078125	3418
1786.389892578125	44659.747314453125	3417.913330078125	3418
1787.460693359375	44686.517333984375	3417.913330078125	3418
1788.531982421875	44713.299560546875	3417.913330078125	3418
1789.60400390625	44740.10009765625	3416.2098388671875	3416
1790.6767578125	44766.9189453125	3420.6478271484375	3421
1791.75	44793.75	3420.6478271484375	3421
1792.823974609375	44820.599365234375	3420.6478271484375	3421
1793.8985595703125	44847.46398925781	3420.4554443359375	3420
1794.9737548828125	44874.34387207031	3412.712890625	3413
1796.0496826171875	44901.24206542969	3412.712890625	3413
1797.126220703125	44928.155517578125	3416.8155517578125	3417
1798.203369140625	44955.084228515625	3420.6478271484375	3421
1799.28125	44982.03125	3420.6478271484375	3421
1800.359619140625	45008.990478515625	3421.046630859375	3421
1801.438720703125	45035.968017578125	3421.6873779296875	3422
1802.5185546875	45062.9638671875	3424.77587890625	3425
1803.5989990234375	45089.97497558594	3423.8455810546875	3424
1804.6800537109375	45117.00134277344	3423.8455810546875	3424
1805.76171875	45144.04296875	3423.8455810546875	3424
1806.843994140625	45171.099853515625	3423.8455810546875	3424
1807.927001953125	45198.175048828125	3427.04296875	3427
1809.0107421875	45225.2685546875	3427.5145263671875	3428
1810.094970703125	45252.374267578125	3428.29248046875	3428
1811.179931640625	45279.498291015625	3429.307373046875	3429
1812.2655029296875	45306.63757324219	3433.771484375	3434
1813.351806640625	45333.795166015625	3439.4833984375	3439
1814.438720703125	45360.968017578125	3445.27978515625	3445
1815.5262451171875	45388.15612792969	3445.27978515625	3445
1816.6143798828125	45415.35949707031	3445.27978515625	3445
1817.7032470703125	45442.58117675781	3441.9661865234375	3442
1818.792724609375	45469.818115234375	3451.33837890625	3451
1819.8829345703125	45497.07336425781	3451.33837890625	3451
1820.9737548828125	45524.34387207031	3451.33837890625	3451
1822.065185546875	45551.629638671875	3451.33837890625	3451
1823.1573486328125	45578.93371582031	3451.33837890625	3451
1824.2501220703125	45606.25305175781	3450.1180419921875	3450
1825.343505859375	45633.587646484375	3450.1180419921875	3450
1826.4376220703125	45660.94055175781	3451.33837890625	3451
1827.5323486328125	45688.30871582031	3451.33837890625	3451
1828.6278076171875	45715.69519042969	3451.33837890625	3451
1829.7237548828125	45743.09387207031	3451.33837890625	3451
1830.820556640625	45770.513916015625	3452.8978271484375	3453
1831.9178466796875	45797.94616699219	3456.6912841796875	3457
1833.015869140625	45825.396728515625	3456.6912841796875	3457
1834.1146240234375	45852.86560058594	3456.6912841796875	3457
1835.2139892578125	45880.34973144531	3456.6912841796875	3457
1836.31396484375	45907.84912109375	3458.35205078125	3458
1837.41455078125	45935.36376953125	3461.0538330078125	3461
1838.515869140625	45962.896728515625	3464.156982421875	3464
1839.617919921875	45990.447998046875	3465.1212158203125	3465
1840.7205810546875	46018.01452636719	3468.148193359375	3468
1841.8238525390625	46045.59631347656	3468.148193359375	3468
1842.9278564453125	46073.19641113281	3474.926025390625	3475
1844.032470703125	46100.811767578125	3474.926025390625	3475
1845.1376953125	46128.4423828125	3474.926025390625	3475
1846.24365234375	46156.09130859375	3476.563232421875	3477
1847.350341796875	46183.758544921875	3478.42578125	3478
1848.45751953125	46211.43798828125	3471.12255859375	3471
1849.5655517578125	46239.13879394531	3476.0556640625	3476
1850.674072265625	46266.851806640625	3478.42578125	3478
1851.7833251953125	46294.58312988281	3478.42578125	3478
1852.893310546875	46322.332763671875	3480.332763671875	3480
1854.00390625	46350.09765625	3480.332763671875	3480
1855.1151123046875	46377.87780761719	3480.332763671875	3480
1856.22705078125	46405.67626953125	3483.1295166015625	3483
1857.3397216796875	46433.49304199219	3483.1295166015625	3483
1858.4530029296875	46461.32507324219	3487.908935546875	3488
1859.56689453125	46489.17236328125	3487.908935546875	3488
1860.6815185546875	46517.03796386719	3490.0379638671875	3490
1861.7967529296875	46544.91882324219	3490.0379638671875	3490
1862.9127197265625	46572.81799316406	3489.5765380859375	3490
1864.029296875	46600.732421875	3490.041259765625	3490
1865.1466064453125	46628.66516113281	3489.5765380859375	3490
1866.2645263671875	46656.61315917969	3489.5765380859375	3490
1867.3831787109375	46684.57946777344	3490.604248046875	3491
1868.50244140625	46712.56103515625	3491.1112060546875	3491
1869.622314453125	46740.557861328125	3495.8565673828125	3496
1870.7430419921875	46768.57604980469	3495.8565673828125	3496
1871.8642578125	46796.6064453125	3500.798828125	3501
1872.9862060546875	46824.65515136719	3500.488525390625	3500
1874.10888671875	46852.72216796875	3500.488525390625	3500
1875.232177734375	46880.804443359375	3506.2711181640625	3506
1876.356201171875	46908.905029296875	3506.6510009765625	3507
1877.4808349609375	46937.02087402344	3506.6510009765625	3507
1878.606201171875	46965.155029296875	3507.62451171875	3508
1879.732177734375	46993.304443359375	3507.62451171875	3508
1880.85888671875	47021.47216796875	3507.62451171875	3508
1881.9862060546875	47049.65515136719	3509.45068359375	3509
1883.1142578125	47077.8564453125	3509.45068359375	3509
1884.2430419921875	47106.07604980469	3511.2244873046875	3511
1885.3724365234375	47134.31091308594	3514.8665771484375	3515
1886.50244140625	47162.56103515625	3518.119140625	3518
1887.6331787109375	47190.82946777344	3519.692626953125	3520
1888.7646484375	47219.1162109375	3519.692626953125	3520
1889.896728515625	47247.418212890625	3519.692626953125	3520
1891.029541015625	47275.738525390625	3519.692626953125	3520
1892.1629638671875	47304.07409667969	3520.1336669921875	3520
1893.297119140625	47332.427978515625	3522.4083251953125	3522
1894.431884765625	47360.797119140625	3522.234130859375	3522
1895.5673828125	47389.1845703125	3522.4462890625	3522
1896.70361328125	47417.59033203125	3530.00634765625	3530
1897.8404541015625	47446.01135253906	3534.6614990234375	3535
1898.97802734375	47474.45068359375	3529.4627685546875	3529
1900.1162109375	47502.9052734375	3534.6614990234375	3535
1901.255126953125	47531.378173828125	3541.628662109375	3542
1902.3946533203125	47559.86633300781	3541.628662109375	3542
1903.534912109375	47588.372802734375	3539.8101806640625	3540
1904.6759033203125	47616.89758300781	3538.8946533203125	3539
1905.8175048828125	47645.43762207031	3541.0242919921875	3541
1906.9598388671875	47673.99597167969	3543.2408447265625	3543
1908.1029052734375	47702.57263183594	3548.3681640625	3548
1909.24658203125	47731.16455078125	3545.52490234375	3546
1910.390869140625	47759.771728515625	3548.3681640625	3548
1911.5360107421875	47788.40026855469	3548.3681640625	3548
1912.6817626953125	47817.04406738281	3548.3681640625	3548
1913.828125	47845.703125	3548.3681640625	3548
1914.975341796875	47874.383544921875	3548.3681640625	3548
1916.123046875	47903.076171875	3548.3681640625	3548
1917.2716064453125	47931.79016113281	3548.3681640625	3548
1918.4207763671875	47960.51940917969	3548.3681640625	3548
1919.5706787109375	47989.26696777344	3548.3681640625	3548
1920.72119140625	48018.02978515625	3550.423828125	3550
1921.8724365234375	48046.81091308594	3550.423828125	3550
1923.0244140625	48075.6103515625	3550.423828125	3550
1924.177001953125	48104.425048828125	3553.755859375	3554
1925.330322265625	48133.258056640625	3555.34716796875	3555
1926.484375	48162.109375	3559.292236328125	3559
1927.6390380859375	48190.97595214844	3558.6182861328125	3559
1928.7945556640625	48219.86389160156	3558.6182861328125	3559
1929.9505615234375	48248.76403808594	3558.6182861328125	3559
1931.107421875	48277.685546875	3561.9910888671875	3562
1932.264892578125	48306.622314453125	3563.736328125	3564
1933.4229736328125	48335.57434082031	3565.9873046875	3566
1934.5819091796875	48364.54772949219	3565.9873046875	3566
1935.741455078125	48393.536376953125	3567.760986328125	3568
1936.9017333984375	48422.54333496094	3567.760986328125	3568
1938.0626220703125	48451.56555175781	3566.767822265625	3567
1939.224365234375	48480.609130859375	3568.6402587890625	3569
1940.3865966796875	48509.66491699219	3564.6024169921875	3565
1941.5496826171875	48538.74206542969	3564.6024169921875	3565
1942.71337890625	48567.83447265625	3566.767822265625	3567
1943.8778076171875	48596.94519042969	3566.767822265625	3567
1945.04296875	48626.07421875	3574.00927734375	3574
1946.2088623046875	48655.22155761719	3579.482177734375	3579
1947.3753662109375	48684.38415527344	3574.00927734375	3574
1948.5426025390625	48713.56506347656	3574.00927734375	3574
1949.7105712890625	48742.76428222656	3574.00927734375	3574
1950.879150390625	48771.978759765625	3579.482177734375	3579
1952.0484619140625	48801.21154785156	3585.8353271484375	3586
1953.218505859375	48830.462646484375	3585.8353271484375	3586
1954.3892822265625	48859.73205566406	3585.8353271484375	3586
1955.5606689453125	48889.01672363281	3590.136962890625	3590
1956.7327880859375	48918.31970214844	3585.8353271484375	3586
1957.9056396484375	48947.64099121094	3590.136962890625	3590
1959.0792236328125	48976.98059082031	3596.29736328125	3596
1960.25341796875	49006.33544921875	3596.29736328125	3596
1961.4283447265625	49035.70861816406	3596.29736328125	3596
1962.60400390625	49065.10009765625	3594.5625	3595
1963.7803955078125	49094.50988769531	3598.9725341796875	3599
1964.9573974609375	49123.93493652344	3598.9725341796875	3599
1966.13525390625	49153.38134765625	3598.9725341796875	3599
1967.313720703125	49182.843017578125	3597.6614990234375	3598
1968.492919921875	49212.322998046875	3598.9725341796875	3599
1969.6727294921875	49241.81823730469	3598.9725341796875	3599
1970.8533935546875	49271.33483886719	3597.6614990234375	3598
1972.03466796875	49300.86669921875	3597.6614990234375	3598
1973.2166748046875	49330.41687011719	3595.5238037109375	3596
1974.3994140625	49359.9853515625	3597.6614990234375	3598
1975.582763671875	49389.569091796875	3604.9976806640625	3605
1976.7669677734375	49419.17419433594	3598.9725341796875	3599
1977.9517822265625	49448.79455566406	3602.0751953125	3602
1979.1373291015625	49478.43322753906	3610.5831298828125	3611
1980.3236083984375	49508.09020996094	3610.5831298828125	3611
1981.5106201171875	49537.76550292969	3611.8499755859375	3612
1982.6982421875	49567.4560546875	3613.7662353515625	3614
1983.88671875	49597.16796875	3613.7662353515625	3614
1985.0758056640625	49626.89514160156	3613.7662353515625	3614
1986.265625	49656.640625	3621.248779296875	3621
1987.4561767578125	49686.40441894531	3621.9261474609375	3622
1988.6474609375	49716.1865234375	3622.565185546875	3623
1989.83935546875	49745.98388671875	3622.565185546875	3623
1991.0321044921875	49775.80261230469	3622.565185546875	3623
1992.2254638671875	49805.63659667969	3621.9261474609375	3622
1993.4195556640625	49835.48889160156	3625.6202392578125	3626
1994.6143798828125	49865.35949707031	3632.1571044921875	3632
1995.8099365234375	49895.24841308594	3632.1571044921875	3632
1997.0062255859375	49925.15563964844	3632.1571044921875	3632
1998.2032470703125	49955.08117675781	3632.1571044921875	3632
1999.40087890625	49985.02197265625	3632.1571044921875	3632
2000.5992431640625	50014.98107910156	3632.1571044921875	3632
2001.7984619140625	50044.96154785156	3632.1571044921875	3632
2002.998291015625	50074.957275390625	3638.44873046875	3638
2004.1988525390625	50104.97131347656	3638.44873046875	3638
2005.400146484375	50135.003662109375	3638.4761962890625	3638
2006.6021728515625	50165.05432128906	3639.5565185546875	3640
2007.804931640625	50195.123291015625	3639.5565185546875	3640
2009.00830078125	50225.20751953125	3639.5565185546875	3640
2010.2125244140625	50255.31311035156	3639.5565185546875	3640
2011.4173583984375	50285.43395996094	3639.5565185546875	3640
2012.623046875	50315.576171875	3639.5565185546875	3640
2013.829345703125	50345.733642578125	3641.5445556640625	3642
2015.036376953125	50375.909423828125	3641.5445556640625	3642
2016.244140625	50406.103515625	3645.2021484375	3645
2017.45263671875	50436.31591796875	3645.2021484375	3645
2018.6619873046875	50466.54968261719	3645.2021484375	3645
2019.871826171875	50496.795654296875	3647.410888671875	3647
2021.08251953125	50527.06298828125	3647.410888671875	3647
2022.2939453125	50557.3486328125	3647.410888671875	3647
2023.506103515625	50587.652587890625	3647.6466064453125	3648
2024.718994140625	50617.974853515625	3654.416015625	3654
2025.9326171875	50648.3154296875	3660.411376953125	3660
2027.1468505859375	50678.67126464844	3663.646484375	3664
2028.3619384765625	50709.04846191406	3663.452392578125	3663
2029.57763671875	50739.44091796875	3665.3719482421875	3665
2030.794189453125	50769.854736328125	3665.3719482421875	3665
2032.011474609375	50800.286865234375	3667.1287841796875	3667
2033.2293701171875	50830.73425292969	3671.3070068359375	3671
2034.4481201171875	50861.20300292969	3674.3372802734375	3674
2035.66748046875	50891.68701171875	3674.3372802734375	3674
2036.8876953125	50922.1923828125	3677.2340087890625	3677
2038.1085205078125	50952.71301269531	3677.2340087890625	3677
2039.330078125	50983.251953125	3678.1904296875	3678
2040.552490234375	51013.812255859375	3686.01220703125	3686
2041.7755126953125	51044.38781738281	3686.01220703125	3686
2042.9993896484375	51074.98474121094	3687.3878173828125	3687
2044.223876953125	51105.596923828125	3687.3878173828125	3687
2045.44921875	51136.23046875	3693.934814453125	3694
2046.6751708984375	51166.87927246094	3701.2257080078125	3701
2047.9019775390625	51197.54943847656	3701.2257080078125	3701
2049.12939453125	51228.23486328125	3701.7022705078125	3702
2050.357666015625	51258.941650390625	3701.7022705078125	3702
2051.586669921875	51289.666748046875	3703.4346923828125	3703
2052.81640625	51320.41015625	3703.4346923828125	3703
2054.046630859375	51351.165771484375	3703.4346923828125	3703
2055.27783203125	51381.94580078125	3703.4346923828125	3703
2056.509765625	51412.744140625	3703.4346923828125	3703
2057.742431640625	51443.560791015625	3703.4346923828125	3703
2058.975830078125	51474.395751953125	3706.205810546875	3706
2060.2099609375	51505.2490234375	3706.205810546875	3706
2061.44482421875	51536.12060546875	3708.5189208984375	3709
2062.680419921875	51567.010498046875	3711.943115234375	3712
2063.916748046875	51597.918701171875	3716.045654296875	3716
2065.15380859375	51628.84521484375	3716.045654296875	3716
2066.3916015625	51659.7900390625	3715.5228271484375	3716
2067.630126953125	51690.753173828125	3711.943115234375	3712
2068.86962890625	51721.74072265625	3714.1392822265625	3714
2070.109619140625	51752.740478515625	3713.944091796875	3714
2071.350341796875	51783.758544921875	3714.1392822265625	3714
2072.592041015625	51814.801025390625	3714.1392822265625	3714
2073.834228515625	51845.855712890625	3722.1304931640625	3722
2075.0771484375	51876.9287109375	3730.65185546875	3731
2076.321044921875	51908.026123046875	3730.65185546875	3731
2077.5654296875	51939.1357421875	3730.65185546875	3731
2078.810791015625	51970.269775390625	3731.8192138671875	3732
2080.056884765625	52001.422119140625	3733.8514404296875	3734
2081.303466796875	52032.586669921875	3736.5638427734375	3737
2082.551025390625	52063.775634765625	3736.5638427734375	3737
2083.79931640625	52094.98291015625	3738.3436279296875	3738
2085.04833984375	52126.20849609375	3738.3436279296875	3738
2086.298095703125	52157.452392578125	3741.408203125	3741
2087.548583984375	52188.714599609375	3743.30224609375	3743
2088.7998046875	52219.9951171875	3743.57958984375	3744
2090.0517578125	52251.2939453125	3744.138671875	3744
2091.304443359375	52282.611083984375	3744.510009765625	3745
2092.55810546875	52313.95263671875	3744.510009765625	3745
2093.812255859375	52345.306396484375	3744.869873046875	3745
2095.0673828125	52376.6845703125	3744.869873046875	3745
2096.322998046875	52408.074951171875	3744.510009765625	3745
2097.57958984375	52439.48974609375	3745.9691162109375	3746
2098.8369140625	52470.9228515625	3744.157958984375	3744
2100.0947265625	52502.3681640625	3746.3289794921875	3746
2101.353515625	52533.837890625	3746.3289794921875	3746
2102.613037109375	52565.325927734375	3756.8460693359375	3757
2103.873291015625	52596.832275390625	3762.887939453125	3763
2105.134521484375	52628.363037109375	3762.887939453125	3763
2106.396240234375	52659.906005859375	3762.887939453125	3763
2107.65869140625	52691.46728515625	3762.887939453125	3763
2108.922119140625	52723.052978515625	3762.887939453125	3763
2110.18603515625	52754.65087890625	3764.637451171875	3765
2111.450927734375	52786.273193359375	3760.541748046875	3761
2112.716552734375	52817.913818359375	3765.0703125	3765
2113.98291015625	52849.57275390625	3766.6529541015625	3767
2115.25	52881.25	3768.4520263671875	3768
2116.517822265625	52912.945556640625	3768.4520263671875	3768
2117.786376953125	52944.659423828125	3770.677978515625	3771
2119.0556640625	52976.3916015625	3771.964599609375	3772
2120.325927734375	53008.148193359375	3776.155029296875	3776
2121.5966796875	53039.9169921875	3784.59619140625	3785
2122.868408203125	53071.710205078125	3776.962890625	3777
2124.140869140625	53103.521728515625	3773.8077392578125	3774
2125.4140625	53135.3515625	3773.8077392578125	3774
2126.68798828125	53167.19970703125	3773.8077392578125	3774
2127.962646484375	53199.066162109375	3773.8077392578125	3774
2129.23828125	53230.95703125	3777.4219970703125	3777
2130.514404296875	53262.860107421875	3777.4219970703125	3777
2131.79150390625	53294.78759765625	3781.8563232421875	3782
2133.069091796875	53326.727294921875	3784.89404296875	3785
2134.34765625	53358.69140625	3789.4178466796875	3789
2135.626953125	53390.673828125	3789.4178466796875	3789
2136.906982421875	53422.674560546875	3791.5626220703125	3792
2138.18798828125	53454.69970703125	3801.163330078125	3801
2139.469482421875	53486.737060546875	3801.163330078125	3801
2140.751953125	53518.798828125	3805.1685791015625	3805
2142.034912109375	53550.872802734375	3811.5345458984375	3812
2143.31884765625	53582.97119140625	3807.543701171875	3808
2144.603515625	53615.087890625	3807.543701171875	3808
2145.888916015625	53647.222900390625	3807.8126220703125	3808
2147.17529296875	53679.38232421875	3813.855712890625	3814
2148.462158203125	53711.553955078125	3816.18359375	3816
2149.75	53743.75	3817.775146484375	3818
2151.03857421875	53775.96435546875	3817.775146484375	3818
2152.327880859375	53808.197021484375	3816.18359375	3816
2153.617919921875	53840.447998046875	3816.18359375	3816
2154.90869140625	53872.71728515625	3817.775146484375	3818
2156.200439453125	53905.010986328125	3818.9779052734375	3819
2157.49267578125	53937.31689453125	3818.9779052734375	3819
2158.785888671875	53969.647216796875	3822.3580322265625	3822
2160.079833984375	54001.995849609375	3822.3580322265625	3822
2161.37451171875	54034.36279296875	3822.3580322265625	3822
2162.670166015625	54066.754150390625	3828.6737060546875	3829
2163.96630859375	54099.15771484375	3831.3076171875	3831
2165.263427734375	54131.585693359375	3831.3076171875	3831
2166.561279296875	54164.031982421875	3831.3076171875	3831
2167.85986328125	54196.49658203125	3837.1083984375	3837
2169.1591796875	54228.9794921875	3835.8515625	3836
2170.45947265625	54261.48681640625	3838.528564453125	3839
2171.76025390625	54294.00634765625	3841.556884765625	3842
2173.06201171875	54326.55029296875	3841.556884765625	3842
2174.364501953125	54359.112548828125	3841.6661376953125	3842
2175.66796875	54391.69921875	3847.34619140625	3847
2176.971923828125	54424.298095703125	3847.34619140625	3847
2178.27685546875	54456.92138671875	3847.34619140625	3847
2179.582275390625	54489.556884765625	3851.7313232421875	3852
2180.888916015625	54522.222900390625	3851.7313232421875	3852
2182.196044921875	54554.901123046875	3851.7313232421875	3852
2183.50390625	54587.59765625	3851.7313232421875	3852
2184.812744140625	54620.318603515625	3848.420654296875	3848
2186.122314453125	54653.057861328125	3853.002685546875	3853
2187.4326171875	54685.8154296875	3858.2017822265625	3858
2188.74365234375	54718.59130859375	3855.4677734375	3855
2190.0556640625	54751.3916015625	3862.7611083984375	3863
2191.368408203125	54784.210205078125	3862.7611083984375	3863
2192.681884765625	54817.047119140625	3862.7611083984375	3863
2193.99609375	54849.90234375	3862.7611083984375	3863
2195.31103515625	54882.77587890625	3868.2069091796875	3868
2196.626953125	54915.673828125	3868.2069091796875	3868
2197.943603515625	54948.590087890625	3872.4853515625	3872
2199.260986328125	54981.524658203125	3869.3193359375	3869
2200.5791015625	55014.4775390625	3869.3193359375	3869
2201.898193359375	55047.454833984375	3869.1866455078125	3869
2203.218017578125	55080.450439453125	3869.1866455078125	3869
2204.53857421875	55113.46435546875	3872.4853515625	3872
2205.85986328125	55146.49658203125	3872.4853515625	3872
2207.18212890625	55179.55322265625	3872.4853515625	3872
2208.505126953125	55212.628173828125	3872.4853515625	3872
2209.828857421875	55245.721435546875	3871.8978271484375	3872
2211.1533203125	55278.8330078125	3871.8978271484375	3872
2212.478759765625	55311.968994140625	3871.8978271484375	3872
2213.8046875	55345.1171875	3876.5125732421875	3877
2215.1318359375	55378.2958984375	3876.5125732421875	3877
2216.45947265625	55411.48681640625	3878.9129638671875	3879
2217.787841796875	55444.696044921875	3879.0406494140625	3879
2219.1171875	55477.9296875	3879.0406494140625	3879
2220.447265625	55511.181640625	3879.0406494140625	3879
2221.7783203125	55544.4580078125	3879.0406494140625	3879
2223.10986328125	55577.74658203125	3879.0406494140625	3879
2224.4423828125	55611.0595703125	3885.3365478515625	3885
2225.77587890625	55644.39697265625	3885.3365478515625	3885
2227.10986328125	55677.74658203125	3885.3365478515625	3885
2228.44482421875	55711.12060546875	3885.3365478515625	3885
2229.780517578125	55744.512939453125	3892.5284423828125	3893
2231.116943359375	55777.923583984375	3896.4849853515625	3896
2232.454345703125	55811.358642578125	3899.3272705078125	3899
2233.79248046875	55844.81201171875	3899.3272705078125	3899
2235.13134765625	55878.28369140625	3899.3272705078125	3899
2236.470947265625	55911.773681640625	3904.924072265625	3905
2237.8115234375	55945.2880859375	3904.924072265625	3905
2239.15283203125	55978.82080078125	3904.924072265625	3905
2240.494873046875	56012.371826171875	3909.9580078125	3910
2241.837890625	56045.947265625	3911.2694091796875	3911
2243.181640625	56079.541015625	3911.2694091796875	3911
2244.526123046875	56113.153076171875	3911.2694091796875	3911
2245.871337890625	56146.783447265625	3912.7109375	3913
2247.217529296875	56180.438232421875	3918.5343017578125	3919
2248.564453125	56214.111328125	3920.907470703125	3921
2249.912353515625	56247.808837890625	3920.907470703125	3921
2251.2607421875	56281.5185546875	3920.907470703125	3921
2252.6103515625	56315.2587890625	3920.907470703125	3921
2253.96044921875	56349.01123046875	3923.6610107421875	3924
2255.3115234375	56382.7880859375	3928.2908935546875	3928
2256.6630859375	56416.5771484375	3935.212890625	3935
2258.015869140625	56450.396728515625	3933.011474609375	3933
2259.369140625	56484.228515625	3933.6600341796875	3934
2260.723388671875	56518.084716796875	3941.0611572265625	3941
2262.07861328125	56551.96533203125	3941.0611572265625	3941
2263.434326171875	56585.858154296875	3948.22265625	3948
2264.791015625	56619.775390625	3941.0611572265625	3941
2266.1484375	56653.7109375	3946.9500732421875	3947
2267.5068359375	56687.6708984375	3948.22265625	3948
2268.865966796875	56721.649169921875	3946.9500732421875	3947
2270.225830078125	56755.645751953125	3946.9500732421875	3947
2271.586669921875	56789.666748046875	3946.9500732421875	3947
2272.9482421875	56823.7060546875	3946.9500732421875	3947
2274.310546875	56857.763671875	3946.9500732421875	3947
2275.673828125	56891.845703125	3952.0634765625	3952
2277.037841796875	56925.946044921875	3949.6348876953125	3950
2278.402587890625	56960.064697265625	3949.6348876953125	3950
2279.768310546875	56994.207763671875	3949.6348876953125	3950
2281.134765625	57028.369140625	3949.6348876953125	3950
2282.501953125	57062.548828125	3952.0634765625	3952
2283.8701171875	57096.7529296875	3952.0634765625	3952
2285.239013671875	57130.975341796875	3952.0634765625	3952
2286.608642578125	57165.216064453125	3948.7388916015625	3949
2287.979248046875	57199.481201171875	3948.7388916015625	3949
2289.3505859375	57233.7646484375	3948.7388916015625	3949
2290.722900390625	57268.072509765625	3952.40380859375	3952
2292.095947265625	57302.398681640625	3953.4091796875	3953
2293.4697265625	57336.7431640625	3964.1719970703125	3964
2294.844482421875	57371.112060546875	3977.7322998046875	3978
2296.219970703125	57405.499267578125	3977.7322998046875	3978
2297.59619140625	57439.90478515625	3977.7322998046875	3978
2298.973388671875	57474.334716796875	3977.7322998046875	3978
2300.351318359375	57508.782958984375	3977.7322998046875	3978
2301.730224609375	57543.255615234375	3977.7322998046875	3978
2303.10986328125	57577.74658203125	3977.7322998046875	3978
2304.490234375	57612.255859375	3983.044677734375	3983
2305.87158203125	57646.78955078125	3984.951904296875	3985
2307.253662109375	57681.341552734375	3988.0018310546875	3988
2308.636474609375	57715.911865234375	3995.5516357421875	3996
2310.020263671875	57750.506591796875	3995.5516357421875	3996
2311.40478515625	57785.11962890625	3995.5516357421875	3996
2312.790283203125	57819.757080078125	3995.5516357421875	3996
2314.176513671875	57854.412841796875	3999.8643798828125	4000
2315.563720703125	57889.093017578125	3999.8643798828125	4000
2316.95166015625	57923.79150390625	4003.965087890625	4004
2318.34033203125	57958.50830078125	4005.7225341796875	4006
2319.72998046875	57993.24951171875	4005.7225341796875	4006
2321.120361328125	58028.009033203125	4005.7225341796875	4006
2322.511474609375	58062.786865234375	4005.7225341796875	4006
2323.903564453125	58097.589111328125	4016.3963623046875	4016
2325.296630859375	58132.415771484375	4016.3963623046875	4016
2326.6904296875	58167.2607421875	4016.3963623046875	4016
2328.0849609375	58202.1240234375	4021.8040771484375	4022
2329.480224609375	58237.005615234375	4021.8040771484375	4022
2330.87646484375	58271.91162109375	4021.8040771484375	4022
2332.273681640625	58306.842041015625	4021.8040771484375	4022
2333.671630859375	58341.790771484375	4022.4974365234375	4022
2335.0703125	58376.7578125	4024.052490234375	4024
2336.469970703125	58411.749267578125	4024.052490234375	4024
2337.870361328125	58446.759033203125	4024.052490234375	4024
2339.271728515625	58481.793212890625	4030.3359375	4030
2340.673828125	58516.845703125	4030.3359375	4030
2342.076904296875	58551.922607421875	4030.3359375	4030
2343.480712890625	58587.017822265625	4030.3359375	4030
2344.88525390625	58622.13134765625	4031.9765625	4032
2346.290771484375	58657.269287109375	4031.9765625	4032
2347.697021484375	58692.425537109375	4033.7406005859375	4034
2349.104248046875	58727.606201171875	4042.617431640625	4043
2350.51220703125	58762.80517578125	4042.617431640625	4043
2351.921142578125	58798.028564453125	4045.3629150390625	4045
2353.330810546875	58833.270263671875	4046.72021484375	4047
2354.741455078125	58868.536376953125	4050.5062255859375	4051
2356.15283203125	58903.82080078125	4052.1319580078125	4052
2357.56494140625	58939.12353515625	4053.229736328125	4053
2358.97802734375	58974.45068359375	4054.36962890625	4054
2360.39208984375	59009.80224609375	4054.36962890625	4054
2361.806884765625	59045.172119140625	4054.36962890625	4054
2363.222412109375	59080.560302734375	4057.06640625	4057
2364.638916015625	59115.972900390625	4057.06640625	4057
2366.056396484375	59151.409912109375	4060.2833251953125	4060
2367.474609375	59186.865234375	4060.2833251953125	4060
2368.8935546875	59222.3388671875	4067.6181640625	4068
2370.3134765625	59257.8369140625	4067.6181640625	4068
2371.734130859375	59293.353271484375	4072.1732177734375	4072
2373.15576171875	59328.89404296875	4072.1732177734375	4072
2374.578125	59364.453125	4072.1732177734375	4072
2376.00146484375	59400.03662109375	4084.86279296875	4085
2377.425537109375	59435.638427734375	4084.86279296875	4085
2378.8505859375	59471.2646484375	4084.86279296875	4085
2380.2763671875	59506.9091796875	4080.7552490234375	4081
2381.703125	59542.578125	4080.7552490234375	4081
2383.130615234375	59578.265380859375	4081.2196044921875	4081
2384.55908203125	59613.97705078125	4085.0235595703125	4085
2385.98828125	59649.70703125	4085.0235595703125	4085
2387.41845703125	59685.46142578125	4086.1766357421875	4086
2388.849609375	59721.240234375	4093.8438720703125	4094
2390.28125	59757.03125	4097.397705078125	4097
2391.714111328125	59792.852783203125	4092.6168212890625	4093
2393.147705078125	59828.692626953125	4097.397705078125	4097
2394.58203125	59864.55078125	4101.52587890625	4102
2396.017333984375	59900.433349609375	4105.44091796875	4105
2397.453369140625	59936.334228515625	4107.657958984375	4108
2398.890380859375	59972.259521484375	4107.657958984375	4108
2400.328369140625	60008.209228515625	4107.657958984375	4108
2401.76708984375	60044.17724609375	4107.657958984375	4108
2403.20654296875	60080.16357421875	4111.212646484375	4111
2404.64697265625	60116.17431640625	4113.20703125	4113
2406.08837890625	60152.20947265625	4121.631591796875	4122
2407.530517578125	60188.262939453125	4121.631591796875	4122
2408.9736328125	60224.3408203125	4126.352783203125	4126
2410.41748046875	60260.43701171875	4133.3701171875	4133
2411.8623046875	60296.5576171875	4135.519775390625	4136
2413.307861328125	60332.696533203125	4141.35498046875	4141
2414.75439453125	60368.85986328125	4142.897705078125	4143
2416.20166015625	60405.04150390625	4142.897705078125	4143
2417.64990234375	60441.24755859375	4142.897705078125	4143
2419.09912109375	60477.47802734375	4145.66162109375	4146
2420.549072265625	60513.726806640625	4156.305419921875	4156
2422.0	60550.0	4156.305419921875	4156
2423.45166015625	60586.29150390625	4156.305419921875	4156
2424.904296875	60622.607421875	4156.305419921875	4156
2426.357666015625	60658.941650390625	4156.305419921875	4156
2427.81201171875	60695.30029296875	4158.23291015625	4158
2429.26708984375	60731.67724609375	4160.03076171875	4160
2430.723388671875	60768.084716796875	4160.59814453125	4161
2432.18017578125	60804.50439453125	4160.59814453125	4161
2433.637939453125	60840.948486328125	4162.486328125	4162
2435.0966796875	60877.4169921875	4163.12890625	4163
2436.556396484375	60913.909912109375	4166.706298828125	4167
2438.0166015625	60950.4150390625	4178.287841796875	4178
2439.47802734375	60986.95068359375	4181.7939453125	4182
2440.940185546875	61023.504638671875	4190.383056640625	4190
2442.4033203125	61060.0830078125	4205.889404296875	4206
2443.8671875	61096.6796875	4201.8623046875	4202
2445.33203125	61133.30078125	4201.8623046875	4202
2446.7978515625	61169.9462890625	4192.482666015625	4192
2448.264404296875	61206.610107421875	4194.398681640625	4194
2449.731689453125	61243.292236328125	4194.398681640625	4194
2451.2001953125	61280.0048828125	4198.42578125	4198
2452.66943359375	61316.73583984375	4198.42578125	4198
2454.139404296875	61353.485107421875	4198.42578125	4198
2455.6103515625	61390.2587890625	4198.42578125	4198
2457.082275390625	61427.056884765625	4198.42578125	4198
2458.554931640625	61463.873291015625	4198.42578125	4198
2460.028564453125	61500.714111328125	4208.416015625	4208
2461.503173828125	61537.579345703125	4208.419921875	4208
2462.978515625	61574.462890625	4218.1904296875	4218
2464.454833984375	61611.370849609375	4213.453369140625	4213
2465.931884765625	61648.297119140625	4213.453369140625	4213
2467.409912109375	61685.247802734375	4213.453369140625	4213
2468.888916015625	61722.222900390625	4213.453369140625	4213
2470.36865234375	61759.21630859375	4213.453369140625	4213
2471.849365234375	61796.234130859375	4214.943359375	4215
2473.3310546875	61833.2763671875	4214.943359375	4215
2474.8134765625	61870.3369140625	4214.943359375	4215
2476.296875	61907.421875	4214.943359375	4215
2477.78125	61944.53125	4228.368408203125	4228
2479.266357421875	61981.658935546875	4228.368408203125	4228
2480.75244140625	62018.81103515625	4228.368408203125	4228
2482.2392578125	62055.9814453125	4228.368408203125	4228
2483.72705078125	62093.17626953125	4228.368408203125	4228
2485.2158203125	62130.3955078125	4233.10546875	4233
2486.705322265625	62167.633056640625	4240.341796875	4240
2488.19580078125	62204.89501953125	4240.341796875	4240
2489.687255859375	62242.181396484375	4240.341796875	4240
2491.179443359375	62279.486083984375	4240.341796875	4240
2492.6728515625	62316.8212890625	4240.341796875	4240
2494.166748046875	62354.168701171875	4241.887939453125	4242
2495.661865234375	62391.546630859375	4241.887939453125	4242
2497.15771484375	62428.94287109375	4243.3544921875	4243
2498.654296875	62466.357421875	4244.98046875	4245
2500.152099609375	62503.802490234375	4245.7236328125	4246
2501.650634765625	62541.265869140625	4245.7236328125	4246
2503.150146484375	62578.753662109375	4280.16650390625	4280
2504.650390625	62616.259765625	4280.16650390625	4280
2506.151611328125	62653.790283203125	4280.16650390625	4280
2507.65380859375	62691.34521484375	4280.16650390625	4280
2509.156982421875	62728.924560546875	4280.16650390625	4280
2510.660888671875	62766.522216796875	4282.269287109375	4282
2512.165771484375	62804.144287109375	4288.116943359375	4288
2513.67138671875	62841.78466796875	4288.418212890625	4288
2515.17822265625	62879.45556640625	4288.267822265625	4288
2516.685791015625	62917.144775390625	4293.298828125	4293
2518.194091796875	62954.852294921875	4293.298828125	4293
2519.70361328125	62992.59033203125	4296.350341796875	4296
2521.2138671875	63030.3466796875	4303.010009765625	4303
2522.724853515625	63068.121337890625	4303.010009765625	4303
2524.237060546875	63105.926513671875	4306.675048828125	4307
2525.75	63143.75	4308.6669921875	4309
2527.263916015625	63181.597900390625	4308.6669921875	4309
2528.77880859375	63219.47021484375	4308.6669921875	4309
2530.29443359375	63257.36083984375	4317.03271484375	4317
2531.81103515625	63295.27587890625	4321.900146484375	4322
2533.32861328125	63333.21533203125	4321.900146484375	4322
2534.84716796875	63371.17919921875	4321.900146484375	4322
2536.366455078125	63409.161376953125	4332.19482421875	4332
2537.88671875	63447.16796875	4332.19482421875	4332
2539.407958984375	63485.198974609375	4332.19482421875	4332
2540.929931640625	63523.248291015625	4332.19482421875	4332
2542.452880859375	63561.322021484375	4335.73095703125	4336
2543.976806640625	63599.420166015625	4335.73095703125	4336
2545.501708984375	63637.542724609375	4335.73095703125	4336
2547.02734375	63675.68359375	4342.986572265625	4343
2548.553955078125	63713.848876953125	4355.20751953125	4355
2550.08154296875	63752.03857421875	4355.7216796875	4356
2551.610107421875	63790.252685546875	4362.458251953125	4362
2553.139404296875	63828.485107421875	4362.458251953125	4362
2554.669921875	63866.748046875	4362.458251953125	4362
2556.200927734375	63905.023193359375	4362.458251953125	4362
2557.733154296875	63943.328857421875	4362.458251953125	4362
2559.266357421875	63981.658935546875	4362.458251953125	4362
2560.80029296875	64020.00732421875	4358.5947265625	4359
2562.335205078125	64058.380126953125	4358.5947265625	4359
2563.87109375	64096.77734375	4362.458251953125	4362
2565.40771484375	64135.19287109375	4362.458251953125	4362
2566.9453125	64173.6328125	4362.458251953125	4362
2568.48388671875	64212.09716796875	4362.458251953125	4362
2570.0234375	64250.5859375	4362.458251953125	4362
2571.56396484375	64289.09912109375	4368.2900390625	4368
2573.105224609375	64327.630615234375	4368.2900390625	4368
2574.647705078125	64366.192626953125	4368.2900390625	4368
2576.19091796875	64404.77294921875	4368.2900390625	4368
2577.73486328125	64443.37158203125	4377.63671875	4378
2579.280029296875	64482.000732421875	4377.63671875	4378
2580.825927734375	64520.648193359375	4377.63671875	4378
2582.372802734375	64559.320068359375	4377.63671875	4378
2583.920654296875	64598.016357421875	4377.63671875	4378
2585.469482421875	64636.737060546875	4377.63671875	4378
2587.019287109375	64675.482177734375	4393.970458984375	4394
2588.56982421875	64714.24560546875	4393.970458984375	4394
2590.121337890625	64753.033447265625	4393.970458984375	4394
2591.673828125	64791.845703125	4401.280029296875	4401
2593.227294921875	64830.682373046875	4401.280029296875	4401
2594.781494140625	64869.537353515625	4401.280029296875	4401
2596.3369140625	64908.4228515625	4401.280029296875	4401
2597.89306640625	64947.32666015625	4408.5400390625	4409
2599.4501953125	64986.2548828125	4408.5400390625	4409
2601.00830078125	65025.20751953125	4408.5400390625	4409
2602.5673828125	65064.1845703125	4410.513916015625	4411
2604.127197265625	65103.179931640625	4410.513916015625	4411
2605.688232421875	65142.205810546875	4410.513916015625	4411
2607.25	65181.25	4412.253662109375	4412
2608.812744140625	65220.318603515625	4412.253662109375	4412
2610.37646484375	65259.41162109375	4418.221923828125	4418
2611.94091796875	65298.52294921875	4412.253662109375	4412
2613.506591796875	65337.664794921875	4427.382080078125	4427
2615.072998046875	65376.824951171875	4430.22314453125	4430
2616.640380859375	65416.009521484375	4430.22314453125	4430
2618.208984375	65455.224609375	4430.22314453125	4430
2619.778076171875	65494.451904296875	4434.880126953125	4435
2621.348388671875	65533.709716796875	4439.76318359375	4440
2622.919677734375	65572.99194335938	4442.66943359375	4443
2624.49169921875	65612.29248046875	4444.5595703125	4445
2626.06494140625	65651.62353515625	4444.5595703125	4445
2627.638916015625	65690.97290039062	4437.468505859375	4437
2629.2138671875	65730.3466796875	4440.141357421875	4440
2630.789794921875	65769.74487304688	4440.141357421875	4440
2632.36669921875	65809.16748046875	4442.088134765625	4442
2633.9443359375	65848.6083984375	4442.088134765625	4442
2635.523193359375	65888.07983398438	4442.088134765625	4442
2637.102783203125	65927.56958007812	4442.088134765625	4442
2638.68359375	65967.08984375	4452.491455078125	4452
2640.26513671875	66006.62841796875	4457.806884765625	4458
2641.84765625	66046.19140625	4450.913330078125	4451
2643.43115234375	66085.77880859375	4453.80908203125	4454
2645.015625	66125.390625	4460.40771484375	4460
2646.60107421875	66165.02685546875	4460.40771484375	4460
2648.187255859375	66204.68139648438	4469.61181640625	4470
2649.774658203125	66244.36645507812	4473.7607421875	4474
2651.36279296875	66284.06982421875	4473.7607421875	4474
2652.951904296875	66323.79760742188	4475.937744140625	4476
2654.542236328125	66363.55590820312	4478.248046875	4478
2656.13330078125	66403.33251953125	4478.248046875	4478
2657.725341796875	66443.13354492188	4480.618408203125	4481
2659.318359375	66482.958984375	4480.618408203125	4481
2660.912353515625	66522.80883789062	4480.618408203125	4481
2662.507080078125	66562.67700195312	4484.786865234375	4485
2664.10302734375	66602.57568359375	4487.326416015625	4487
2665.699951171875	66642.49877929688	4487.326416015625	4487
2667.297607421875	66682.44018554688	4493.254150390625	4493
2668.896484375	66722.412109375	4498.29638671875	4498
2670.49609375	66762.40234375	4506.00341796875	4506
2672.0966796875	66802.4169921875	4506.00341796875	4506
2673.698486328125	66842.46215820312	4517.29052734375	4517
2675.301025390625	66882.52563476562	4523.68115234375	4524
2676.904541015625	66922.61352539062	4523.68115234375	4524
2678.509033203125	66962.72583007812	4523.68115234375	4524
2680.114501953125	67002.86254882812	4523.68115234375	4524
2681.720947265625	67043.02368164062	4523.68115234375	4524
2683.328369140625	67083.20922851562	4527.89111328125	4528
2684.9365234375	67123.4130859375	4527.89111328125	4528
2686.5458984375	67163.6474609375	4527.89111328125	4528
2688.15625	67203.90625	4527.89111328125	4528
2689.767333984375	67244.18334960938	4530.65283203125	4531
2691.379638671875	67284.49096679688	4530.65283203125	4531
2692.992919921875	67324.82299804688	4522.193359375	4522
2694.60693359375	67365.17333984375	4526.085205078125	4526
2696.22216796875	67405.55419921875	4526.085205078125	4526
2697.838134765625	67445.95336914062	4526.085205078125	4526
2699.455078125	67486.376953125	4532.26904296875	4532
2701.0732421875	67526.8310546875	4532.26904296875	4532
2702.692138671875	67567.30346679688	4532.26904296875	4532
2704.312255859375	67607.80639648438	4532.26904296875	4532
2705.93310546875	67648.32763671875	4532.26904296875	4532
2707.554931640625	67688.87329101562	4526.833251953125	4527
2709.177734375	67729.443359375	4530.528564453125	4531
2710.8017578125	67770.0439453125	4530.528564453125	4531
2712.426513671875	67810.66284179688	4529.119140625	4529
2714.05224609375	67851.30615234375	4529.119140625	4529
2715.678955078125	67891.97387695312	4533.43310546875	4533
2717.306884765625	67932.67211914062	4533.43310546875	4533
2718.935546875	67973.388671875	4533.43310546875	4533
2720.565185546875	68014.12963867188	4537.228515625	4537
2722.19580078125	68054.89501953125	4541.7392578125	4542
2723.82763671875	68095.69091796875	4545.670654296875	4546
2725.460205078125	68136.50512695312	4545.670654296875	4546
2727.09375	68177.34375	4545.670654296875	4546
2728.728271484375	68218.20678710938	4562.413330078125	4562
2730.36376953125	68259.09423828125	4562.413330078125	4562
2732.00048828125	68300.01220703125	4572.962646484375	4573
2733.637939453125	68340.94848632812	4578.63037109375	4579
2735.2763671875	68381.9091796875	4578.63037109375	4579
2736.916015625	68422.900390625	4578.63037109375	4579
2738.556396484375	68463.90991210938	4581.276611328125	4581
2740.19775390625	68504.94384765625	4585.181640625	4585
2741.84033203125	68546.00830078125	4591.1953125	4591
2743.483642578125	68587.09106445312	4598.25439453125	4598
2745.128173828125	68628.20434570312	4598.25439453125	4598
2746.7734375	68669.3359375	4598.25439453125	4598
2748.419921875	68710.498046875	4604.6181640625	4605
2750.067138671875	68751.67846679688	4607.1845703125	4607
2751.715576171875	68792.88940429688	4607.1845703125	4607
2753.364990234375	68834.12475585938	4607.1845703125	4607
2755.015380859375	68875.38452148438	4611.138916015625	4611
2756.66650390625	68916.66259765625	4611.138916015625	4611
2758.31884765625	68957.97119140625	4613.882568359375	4614
2759.97216796875	68999.30419921875	4613.882568359375	4614
2761.62646484375	69040.66162109375	4609.726318359375	4610
2763.28173828125	69082.04345703125	4613.882568359375	4614
2764.93798828125	69123.44970703125	4609.726318359375	4610
2766.59521484375	69164.88037109375	4609.726318359375	4610
2768.253662109375	69206.34155273438	4614.70361328125	4615
2769.912841796875	69247.82104492188	4611.138916015625	4611
2771.572998046875	69289.32495117188	4614.70361328125	4615
2773.234375	69330.859375	4616.374755859375	4616
2774.896484375	69372.412109375	4616.374755859375	4616
2776.559814453125	69413.99536132812	4616.374755859375	4616
2778.22412109375	69455.60302734375	4639.2880859375	4639
2779.88916015625	69497.22900390625	4636.67529296875	4637
2781.555419921875	69538.88549804688	4636.67529296875	4637
2783.22265625	69580.56640625	4637.411376953125	4637
2784.890869140625	69622.27172851562	4641.465576171875	4641
2786.56005859375	69664.00146484375	4641.465576171875	4641
2788.23046875	69705.76171875	4643.747314453125	4644
2789.901611328125	69747.54028320312	4643.747314453125	4644
2791.57373046875	69789.34326171875	4643.747314453125	4644
2793.2470703125	69831.1767578125	4647.65673828125	4648
2794.92138671875	69873.03466796875	4647.65673828125	4648
2796.596435546875	69914.91088867188	4647.65673828125	4648
2798.272705078125	69956.81762695312	4648.008056640625	4648
2799.949951171875	69998.74877929688	4653.969970703125	4654
2801.628173828125	70040.70434570312	4661.38037109375	4661
2803.3076171875	70082.6904296875	4661.38037109375	4661
2804.98779296875	70124.69482421875	4661.38037109375	4661
2806.6689453125	70166.7236328125	4661.38037109375	4661
2808.351318359375	70208.78295898438	4661.248046875	4661
2810.03466796875	70250.86669921875	4664.568115234375	4665
2811.718994140625	70292.97485351562	4664.568115234375	4665
2813.404296875	70335.107421875	4664.568115234375	4665
2815.090576171875	70377.26440429688	4675.435302734375	4675
2816.77783203125	70419.44580078125	4680.298583984375	4680
2818.466064453125	70461.65161132812	4680.298583984375	4680
2820.155517578125	70503.88793945312	4680.298583984375	4680
2821.845947265625	70546.14868164062	4680.298583984375	4680
2823.537353515625	70588.43383789062	4680.298583984375	4680
2825.229736328125	70630.74340820312	4708.975830078125	4709
2826.923095703125	70673.07739257812	4709.185546875	4709
2828.617431640625	70715.43579101562	4706.209228515625	4706
2830.31298828125	70757.82470703125	4706.209228515625	4706
2832.00927734375	70800.23193359375	4706.209228515625	4706
2833.706787109375	70842.66967773438	4706.209228515625	4706
2835.4052734375	70885.1318359375	4706.209228515625	4706
2837.104736328125	70927.61840820312	4710.42529296875	4710
2838.805419921875	70970.13549804688	4722.453369140625	4722
2840.5068359375	71012.6708984375	4729.0078125	4729
2842.20947265625	71055.23681640625	4729.0078125	4729
2843.9130859375	71097.8271484375	4732.814697265625	4733
2845.61767578125	71140.44189453125	4737.374755859375	4737
2847.3232421875	71183.0810546875	4740.830322265625	4741
2849.02978515625	71225.74462890625	4746.24658203125	4746
2850.737548828125	71268.43872070312	4742.96337890625	4743
2852.4462890625	71311.1572265625	4743.17919921875	4743
2854.156005859375	71353.90014648438	4743.17919921875	4743
2855.86669921875	71396.66748046875	4745.981201171875	4746
2857.578369140625	71439.45922851562	4747.914306640625	4748
2859.291259765625	71482.28149414062	4750.491455078125	4750
2861.005126953125	71525.12817382812	4746.443603515625	4746
2862.719970703125	71567.99926757812	4746.443603515625	4746
2864.435791015625	71610.89477539062	4757.26904296875	4757
2866.152587890625	71653.81469726562	4768.74658203125	4769
2867.87060546875	71696.76513671875	4767.0185546875	4767
2869.589599609375	71739.73999023438	4767.0185546875	4767
2871.3095703125	71782.7392578125	4768.74658203125	4769
2873.030517578125	71825.76293945312	4768.74658203125	4769
2874.752685546875	71868.81713867188	4773.744384765625	4774
2876.475830078125	71911.89575195312	4773.744384765625	4774
2878.199951171875	71954.99877929688	4773.744384765625	4774
2879.925048828125	71998.12622070312	4779.288330078125	4779
2881.651123046875	72041.27807617188	4779.288330078125	4779
2883.37841796875	72084.46044921875	4773.744384765625	4774
2885.106689453125	72127.66723632812	4782.76318359375	4783
2886.8359375	72170.8984375	4785.0673828125	4785
2888.56640625	72214.16015625	4785.0673828125	4785
2890.297607421875	72257.44018554688	4789.122314453125	4789
2892.030029296875	72300.75073242188	4789.122314453125	4789
2893.763427734375	72344.08569335938	4796.551025390625	4797
2895.498046875	72387.451171875	4796.551025390625	4797
2897.233642578125	72430.84106445312	4796.551025390625	4797
2898.969970703125	72474.24926757812	4792.49609375	4792
2900.707763671875	72517.69409179688	4792.49609375	4792
2902.4462890625	72561.1572265625	4792.49609375	4792
2904.18603515625	72604.65087890625	4792.49609375	4792
2905.9267578125	72648.1689453125	4792.49609375	4792
2907.66845703125	72691.71142578125	4796.66845703125	4797
2909.411376953125	72735.28442382812	4796.66845703125	4797
2911.1552734375	72778.8818359375	4796.66845703125	4797
2912.900146484375	72822.50366210938	4798.5205078125	4799
2914.64599609375	72866.14990234375	4798.5205078125	4799
2916.39306640625	72909.82666015625	4801.91748046875	4802
2918.14111328125	72953.52783203125	4815.19384765625	4815
2919.89013671875	72997.25341796875	4815.19384765625	4815
2921.640380859375	73041.00952148438	4815.19384765625	4815
2923.3916015625	73084.7900390625	4823.79443359375	4824
2925.143798828125	73128.59497070312	4823.79443359375	4824
2926.89697265625	73172.42431640625	4823.79443359375	4824
2928.6513671875	73216.2841796875	4821.357666015625	4821
2930.40673828125	73260.16845703125	4824.419677734375	4824
2932.163330078125	73304.08325195312	4824.419677734375	4824
2933.920654296875	73348.01635742188	4835.7978515625	4836
2935.67919921875	73391.97998046875	4868.788818359375	4869
2937.43896484375	73435.97412109375	4873.995361328125	4874
2939.199462890625	73479.98657226562	4873.995361328125	4874
2940.961181640625	73524.02954101562	4883.265625	4883
2942.72412109375	73568.10302734375	4883.265625	4883
2944.48779296875	73612.19482421875	4883.265625	4883
2946.252685546875	73656.31713867188	4895.1748046875	4895
2948.0185546875	73700.4638671875	4905.657958984375	4906
2949.78564453125	73744.64111328125	4905.657958984375	4906
2951.5537109375	73788.8427734375	4906.636962890625	4907
2953.32275390625	73833.06884765625	4906.636962890625	4907
2955.093017578125	73877.32543945312	4906.636962890625	4907
2956.8642578125	73921.6064453125	4906.636962890625	4907
2958.636474609375	73965.91186523438	4906.636962890625	4907
2960.409912109375	74010.24780273438	4906.636962890625	4907
2962.184326171875	74054.60815429688	4906.636962890625	4907
2963.9599609375	74098.9990234375	4906.636962890625	4907
2965.736328125	74143.408203125	4906.636962890625	4907
2967.51416015625	74187.85400390625	4905.657958984375	4906
2969.292724609375	74232.31811523438	4907.4306640625	4907
2971.072509765625	74276.81274414062	4907.4306640625	4907
2972.853271484375	74321.33178710938	4907.4306640625	4907
2974.63525390625	74365.88134765625	4921.80810546875	4922
2976.418212890625	74410.45532226562	4921.80810546875	4922
2978.2021484375	74455.0537109375	4938.390869140625	4938
2979.9873046875	74499.6826171875	4942.957763671875	4943
2981.7734375	74544.3359375	4942.957763671875	4943
2983.560546875	74589.013671875	4942.957763671875	4943
2985.348876953125	74633.72192382812	4951.76416015625	4952
2987.138427734375	74678.46069335938	4958.997314453125	4959
2988.9287109375	74723.2177734375	4958.997314453125	4959
2990.72021484375	74768.00537109375	4958.997314453125	4959
2992.512939453125	74812.82348632812	4958.997314453125	4959
2994.306640625	74857.666015625	4958.997314453125	4959
2996.101318359375	74902.53295898438	4958.997314453125	4959
2997.897216796875	74947.43041992188	4958.997314453125	4959
2999.694091796875	74992.35229492188	4965.34912109375	4965
3001.491943359375	75037.29858398438	4973.2529296875	4973
3003.291015625	75082.275390625	4976.791748046875	4977
3005.09130859375	75127.28271484375	4979.634765625	4980
3006.892333984375	75172.30834960938	4979.634765625	4980
3008.694580078125	75217.36450195312	4979.634765625	4980
3010.498046875	75262.451171875	4979.634765625	4980
3012.302490234375	75307.56225585938	4979.634765625	4980
3014.108154296875	75352.70385742188	4979.634765625	4980
3015.91455078125	75397.86376953125	4979.634765625	4980
3017.722412109375	75443.06030273438	4980.88623046875	4981
3019.531005859375	75488.27514648438	4980.88623046875	4981
3021.341064453125	75533.52661132812	4997.560791015625	4998
3023.15185546875	75578.79638671875	4998.094482421875	4998
3024.9638671875	75624.0966796875	4998.094482421875	4998
3026.777099609375	75669.42749023438	4998.854736328125	4999
3028.59130859375	75714.78271484375	4998.854736328125	4999
3030.406494140625	75760.16235351562	4998.854736328125	4999
3032.222900390625	75805.57250976562	4998.854736328125	4999
3034.04052734375	75851.01318359375	4998.854736328125	4999
3035.859130859375	75896.47827148438	4998.854736328125	4999
3037.6787109375	75941.9677734375	4998.854736328125	4999
3039.49951171875	75987.48779296875	5002.481201171875	5002
3041.3212890625	76033.0322265625	5002.481201171875	5002
3043.144287109375	76078.60717773438	5010.883544921875	5011
3044.96826171875	76124.20654296875	5024.4697265625	5024
3046.793212890625	76169.83032226562	5024.4697265625	5024
3048.619384765625	76215.48461914062	5024.4697265625	5024
3050.44677734375	76261.16943359375	5033.474609375	5033
3052.275146484375	76306.87866210938	5028.021484375	5028
3054.104736328125	76352.61840820312	5028.021484375	5028
3055.935302734375	76398.38256835938	5028.021484375	5028
3057.766845703125	76444.17114257812	5024.101318359375	5024
3059.599853515625	76489.99633789062	5029.15478515625	5029
3061.43359375	76535.83984375	5029.671142578125	5030
3063.2685546875	76581.7138671875	5029.671142578125	5030
3065.104736328125	76627.61840820312	5029.671142578125	5030
3066.94189453125	76673.54736328125	5029.671142578125	5030
3068.780029296875	76719.50073242188	5035.254150390625	5035
3070.61962890625	76765.49072265625	5035.254150390625	5035
3072.4599609375	76811.4990234375	5035.254150390625	5035
3074.301513671875	76857.53784179688	5053.992431640625	5054
3076.144287109375	76903.60717773438	5068.006103515625	5068
3077.988037109375	76949.70092773438	5069.99951171875	5070
3079.8330078125	76995.8251953125	5071.556640625	5072
3081.678955078125	77041.97387695312	5072.6376953125	5073
3083.526123046875	77088.15307617188	5084.9404296875	5085
3085.374267578125	77134.35668945312	5088.25146484375	5088
3087.2236328125	77180.5908203125	5086.03857421875	5086
3089.07421875	77226.85546875	5086.03857421875	5086
3090.92578125	77273.14453125	5093.1240234375	5093
3092.7783203125	77319.4580078125	5095.694580078125	5096
3094.632080078125	77365.80200195312	5095.694580078125	5096
3096.487060546875	77412.17651367188	5098.141357421875	5098
3098.343017578125	77458.57543945312	5107.74169921875	5108
3100.199951171875	77504.99877929688	5102.10107421875	5102
3102.058349609375	77551.45874023438	5115.360107421875	5115
3103.917724609375	77597.94311523438	5115.360107421875	5115
3105.778076171875	77644.45190429688	5115.360107421875	5115
3107.6396484375	77690.9912109375	5115.360107421875	5115
3109.502197265625	77737.55493164062	5120.58740234375	5121
3111.365966796875	77784.14916992188	5123.155517578125	5123
3113.23095703125	77830.77392578125	5126.260498046875	5126
3115.096923828125	77877.42309570312	5126.260498046875	5126
3116.964111328125	77924.10278320312	5124.6826171875	5125
3118.83251953125	77970.81298828125	5125.66455078125	5126
3120.701904296875	78017.54760742188	5135.58447265625	5136
3122.572265625	78064.306640625	5135.58447265625	5136
3124.44384765625	78111.09619140625	5142.13916015625	5142
3126.316650390625	78157.91625976562	5148.87060546875	5149
3128.190673828125	78204.76684570312	5148.87060546875	5149
3130.0654296875	78251.6357421875	5167.440673828125	5167
3131.941650390625	78298.54125976562	5167.440673828125	5167
3133.81884765625	78345.47119140625	5167.440673828125	5167
3135.697265625	78392.431640625	5174.775146484375	5175
3137.57666015625	78439.41650390625	5191.587158203125	5192
3139.457275390625	78486.43188476562	5198.7841796875	5199
3141.339111328125	78533.47778320312	5204.253173828125	5204
3143.221923828125	78580.54809570312	5204.253173828125	5204
3145.10595703125	78627.64892578125	5213.88037109375	5214
3146.9912109375	78674.7802734375	5218.130859375	5218
3148.87744140625	78721.93603515625	5218.130859375	5218
3150.764892578125	78769.12231445312	5218.130859375	5218
3152.6533203125	78816.3330078125	5222.691162109375	5223
3154.54296875	78863.57421875	5224.1689453125	5224
3156.433837890625	78910.84594726562	5224.1689453125	5224
3158.32568359375	78958.14208984375	5244.431640625	5244
3160.21875	79005.46875	5238.7763671875	5239
3162.113037109375	79052.82592773438	5244.431640625	5244
3164.00830078125	79100.20751953125	5244.431640625	5244
3165.90478515625	79147.61962890625	5244.431640625	5244
3167.80224609375	79195.05615234375	5248.3037109375	5248
3169.701171875	79242.529296875	5255.680419921875	5256
3171.600830078125	79290.02075195312	5255.680419921875	5256
3173.501953125	79337.548828125	5262.37890625	5262
3175.404052734375	79385.10131835938	5262.37890625	5262
3177.307373046875	79432.68432617188	5276.822998046875	5277
3179.2119140625	79480.2978515625	5276.822998046875	5277
3181.117431640625	79527.93579101562	5276.822998046875	5277
3183.024169921875	79575.60424804688	5290.6962890625	5291
3184.931884765625	79623.29711914062	5293.7470703125	5294
3186.841064453125	79671.02661132812	5299.983642578125	5300
3188.751220703125	79718.78051757812	5299.95947265625	5300
3190.662353515625	79766.55883789062	5300.2373046875	5300
3192.574951171875	79814.37377929688	5300.2373046875	5300
3194.488525390625	79862.21313476562	5302.089599609375	5302
3196.403076171875	79910.07690429688	5302.089599609375	5302
3198.319091796875	79957.97729492188	5308.4208984375	5308
3200.236083984375	80005.90209960938	5308.4208984375	5308
3202.154296875	80053.857421875	5319.931884765625	5320
3204.073486328125	80101.83715820312	5319.931884765625	5320
3205.994140625	80149.853515625	5319.931884765625	5320
3207.915771484375	80197.89428710938	5309.60400390625	5310
3209.83837890625	80245.95947265625	5319.931884765625	5320
3211.762451171875	80294.06127929688	5329.0185546875	5329
3213.6875	80342.1875	5333.72216796875	5334
3215.61376953125	80390.34423828125	5337.145263671875	5337
3217.541015625	80438.525390625	5352.23388671875	5352
3219.4697265625	80486.7431640625	5352.23388671875	5352
3221.3994140625	80534.9853515625	5352.37890625	5352
3223.330322265625	80583.25805664062	5354.619873046875	5355
3225.26220703125	80631.55517578125	5360.21044921875	5360
3227.1953125	80679.8828125	5360.21044921875	5360
3229.1298828125	80728.2470703125	5360.21044921875	5360
3231.065185546875	80776.62963867188	5360.21044921875	5360
3233.001953125	80825.048828125	5360.21044921875	5360
3234.939697265625	80873.49243164062	5361.94775390625	5362
3236.878662109375	80921.96655273438	5361.94775390625	5362
3238.81884765625	80970.47119140625	5370.09130859375	5370
3240.76025390625	81019.00634765625	5370.09130859375	5370
3242.70263671875	81067.56591796875	5370.09130859375	5370
3244.646240234375	81116.15600585938	5372.826171875	5373
3246.591064453125	81164.77661132812	5377.1728515625	5377
3248.537109375	81213.427734375	5380.837646484375	5381
3250.484130859375	81262.10327148438	5380.837646484375	5381
3252.432373046875	81310.80932617188	5380.837646484375	5381
3254.3818359375	81359.5458984375	5380.837646484375	5381
3256.33251953125	81408.31298828125	5392.18505859375	5392
3258.284423828125	81457.11059570312	5396.76513671875	5397
3260.2373046875	81505.9326171875	5399.3046875	5399
3262.19140625	81554.78515625	5399.3046875	5399
3264.146728515625	81603.66821289062	5399.3046875	5399
3266.103271484375	81652.58178710938	5399.3046875	5399
3268.060791015625	81701.51977539062	5399.3046875	5399
3270.019775390625	81750.49438476562	5411.019775390625	5411
3271.979736328125	81799.49340820312	5411.019775390625	5411
3273.94091796875	81848.52294921875	5411.019775390625	5411
3275.9033203125	81897.5830078125	5423.357177734375	5423
3277.86669921875	81946.66748046875	5423.357177734375	5423
3279.83154296875	81995.78857421875	5423.357177734375	5423
3281.79736328125	82044.93408203125	5423.357177734375	5423
3283.764404296875	82094.11010742188	5423.357177734375	5423
3285.732666015625	82143.31665039062	5428.072509765625	5428
3287.7021484375	82192.5537109375	5428.072509765625	5428
3289.672607421875	82241.81518554688	5428.072509765625	5428
3291.64453125	82291.11328125	5428.072509765625	5428
3293.617431640625	82340.43579101562	5428.072509765625	5428
3295.591552734375	82389.78881835938	5476.8212890625	5477
3297.56689453125	82439.17236328125	5479.889892578125	5480
3299.54345703125	82488.58642578125	5479.889892578125	5480
3301.521240234375	82538.03100585938	5482.936279296875	5483
3303.5	82587.5	5490.4130859375	5490
3305.47998046875	82636.99951171875	5497.019287109375	5497
3307.46142578125	82686.53564453125	5497.019287109375	5497
3309.44384765625	82736.09619140625	5497.019287109375	5497
3311.427490234375	82785.68725585938	5497.1611328125	5497
3313.412353515625	82835.30883789062	5501.2705078125	5501
3315.398193359375	82884.95483398438	5511.801025390625	5512
3317.385498046875	82934.63745117188	5511.801025390625	5512
3319.373779296875	82984.34448242188	5511.801025390625	5512
3321.363525390625	83034.08813476562	5511.801025390625	5512
3323.354248046875	83083.85620117188	5511.801025390625	5512
3325.34619140625	83133.65478515625	5519.330322265625	5519
3327.33935546875	83183.48388671875	5525.04443359375	5525
3329.333740234375	83233.34350585938	5525.04443359375	5525
3331.329345703125	83283.23364257812	5540.168701171875	5540
3333.325927734375	83333.14819335938	5541.425048828125	5541
3335.323974609375	83383.09936523438	5548.65625	5549
3337.3232421875	83433.0810546875	5548.65625	5549
3339.323486328125	83483.08715820312	5548.65625	5549
3341.324951171875	83533.12377929688	5554.24658203125	5554
3343.327880859375	83583.19702148438	5554.053466796875	5554
3345.331787109375	83633.29467773438	5554.053466796875	5554
3347.3369140625	83683.4228515625	5554.053466796875	5554
3349.34326171875	83733.58154296875	5554.053466796875	5554
3351.350830078125	83783.77075195312	5554.053466796875	5554
3353.359619140625	83833.99047851562	5560.18359375	5560
3355.369384765625	83884.23461914062	5560.18359375	5560
3357.380615234375	83934.51538085938	5565.533447265625	5566
3359.39306640625	83984.82666015625	5565.533447265625	5566
3361.406494140625	84035.16235351562	5576.263671875	5576
3363.42138671875	84085.53466796875	5576.263671875	5576
3365.437255859375	84135.93139648438	5576.263671875	5576
3367.45458984375	84186.36474609375	5576.263671875	5576
3369.472900390625	84236.82250976562	5576.263671875	5576
3371.492431640625	84287.31079101562	5576.263671875	5576
3373.513427734375	84337.83569335938	5580.338134765625	5580
3375.535400390625	84388.38500976562	5589.035400390625	5589
3377.55859375	84438.96484375	5599.6220703125	5600
3379.5830078125	84489.5751953125	5613.382568359375	5613
3381.60888671875	84540.22216796875	5616.396484375	5616
3383.6357421875	84590.8935546875	5615.740966796875	5616
3385.663818359375	84641.59545898438	5616.396484375	5616
3387.693115234375	84692.32788085938	5616.396484375	5616
3389.7236328125	84743.0908203125	5617.23095703125	5617
3391.75537109375	84793.88427734375	5620.43212890625	5620
3393.788330078125	84844.70825195312	5620.43212890625	5620
3395.822509765625	84895.56274414062	5620.43212890625	5620
3397.85791015625	84946.44775390625	5632.273193359375	5632
3399.89453125	84997.36328125	5647.954345703125	5648
3401.932373046875	85048.30932617188	5647.954345703125	5648
3403.971435546875	85099.28588867188	5647.954345703125	5648
3406.01171875	85150.29296875	5647.954345703125	5648
3408.05322265625	85201.33056640625	5652.75634765625	5653
3410.095947265625	85252.39868164062	5652.75634765625	5653
3412.139892578125	85303.49731445312	5652.75634765625	5653
3414.185302734375	85354.63256835938	5652.75634765625	5653
3416.231689453125	85405.79223632812	5655.61865234375	5656
3418.279296875	85456.982421875	5659.377197265625	5659
3420.328125	85508.203125	5659.377197265625	5659
3422.378173828125	85559.45434570312	5674.6884765625	5675
3424.429443359375	85610.73608398438	5688.679931640625	5689
3426.482177734375	85662.05444335938	5688.679931640625	5689
3428.535888671875	85713.39721679688	5691.923095703125	5692
3430.5908203125	85764.7705078125	5691.923095703125	5692
3432.647216796875	85816.18041992188	5691.923095703125	5692
3434.70458984375	85867.61474609375	5691.923095703125	5692
3436.763427734375	85919.08569335938	5691.923095703125	5692
3438.8232421875	85970.5810546875	5695.653076171875	5696
3440.884521484375	86022.11303710938	5695.653076171875	5696
3442.94677734375	86073.66943359375	5695.653076171875	5696
3445.010498046875	86125.26245117188	5707.536376953125	5708
3447.075439453125	86176.88598632812	5702.137939453125	5702
3449.1416015625	86228.5400390625	5702.137939453125	5702
3451.208984375	86280.224609375	5700.207763671875	5700
3453.277587890625	86331.93969726562	5700.207763671875	5700
3455.347412109375	86383.68530273438	5706.300048828125	5706
3457.41845703125	86435.46142578125	5717.060546875	5717
3459.49072265625	86487.26806640625	5717.060546875	5717
3461.564453125	86539.111328125	5719.819580078125	5720
3463.63916015625	86590.97900390625	5719.819580078125	5720
3465.71533203125	86642.88330078125	5719.86572265625	5720
3467.79248046875	86694.81201171875	5719.86572265625	5720
3469.87109375	86746.77734375	5714.81640625	5715
3471.950927734375	86798.77319335938	5713.800048828125	5714
3474.031982421875	86850.79956054688	5713.800048828125	5714
3476.1142578125	86902.8564453125	5727.36572265625	5727
3478.19775390625	86954.94384765625	5732.606689453125	5733
3480.282470703125	87007.06176757812	5732.606689453125	5733
3482.36865234375	87059.21630859375	5732.606689453125	5733
3484.455810546875	87111.39526367188	5732.606689453125	5733
3486.54443359375	87163.61083984375	5749.237060546875	5749
3488.634033203125	87215.85083007812	5749.237060546875	5749
3490.72509765625	87268.12744140625	5749.631591796875	5750
3492.8173828125	87320.4345703125	5752.15380859375	5752
3494.9111328125	87372.7783203125	5752.15380859375	5752
3497.005859375	87425.146484375	5755.32763671875	5755
3499.101806640625	87477.54516601562	5763.03125	5763
3501.19921875	87529.98046875	5763.03125	5763
3503.2978515625	87582.4462890625	5757.221923828125	5757
3505.397705078125	87634.94262695312	5761.002685546875	5761
3507.498779296875	87687.46948242188	5761.002685546875	5761
3509.60107421875	87740.02685546875	5765.61572265625	5766
3511.70458984375	87792.61474609375	5765.61572265625	5766
3513.8095703125	87845.2392578125	5761.002685546875	5761
3515.91552734375	87897.88818359375	5757.221923828125	5757
3518.02294921875	87950.57373046875	5757.221923828125	5757
3520.131591796875	88003.28979492188	5765.557861328125	5766
3522.24169921875	88056.04248046875	5773.676025390625	5774
3524.352783203125	88108.81958007812	5798.29931640625	5798
3526.46533203125	88161.63330078125	5784.828857421875	5785
3528.578857421875	88214.47143554688	5784.828857421875	5785
3530.69384765625	88267.34619140625	5781.815185546875	5782
3532.81005859375	88320.25146484375	5796.72216796875	5797
3534.927734375	88373.193359375	5796.72216796875	5797
3537.04638671875	88426.15966796875	5799.89208984375	5800
3539.16650390625	88479.16259765625	5799.89208984375	5800
3541.287841796875	88532.19604492188	5807.6943359375	5808
3543.410400390625	88585.26000976562	5807.6943359375	5808
3545.534423828125	88638.36059570312	5807.6943359375	5808
3547.659423828125	88691.48559570312	5816.873046875	5817
3549.785888671875	88744.64721679688	5827.750732421875	5828
3551.91357421875	88797.83935546875	5832.472412109375	5832
3554.04248046875	88851.06201171875	5837.462890625	5837
3556.1728515625	88904.3212890625	5844.589599609375	5845
3558.30419921875	88957.60498046875	5844.589599609375	5845
3560.43701171875	89010.92529296875	5844.589599609375	5845
3562.5712890625	89064.2822265625	5844.589599609375	5845
3564.70654296875	89117.66357421875	5845.47216796875	5845
3566.84326171875	89171.08154296875	5860.6572265625	5861
3568.98095703125	89224.52392578125	5860.6572265625	5861
3571.120361328125	89278.00903320312	5870.026123046875	5870
3573.2607421875	89331.5185546875	5870.026123046875	5870
3575.402587890625	89385.06469726562	5859.05615234375	5859
3577.545654296875	89438.64135742188	5875.766357421875	5876
3579.68994140625	89492.24853515625	5875.766357421875	5876
3581.83544921875	89545.88623046875	5877.790283203125	5878
3583.982421875	89599.560546875	5877.083984375	5877
3586.130615234375	89653.26538085938	5877.083984375	5877
3588.280029296875	89707.00073242188	5882.271240234375	5882
3590.430908203125	89760.77270507812	5880.44287109375	5880
3592.5830078125	89814.5751953125	5880.44287109375	5880
3594.736328125	89868.408203125	5884.395263671875	5884
3596.890869140625	89922.27172851562	5890.998046875	5891
3599.046875	89976.171875	5893.38916015625	5893
3601.2041015625	90030.1025390625	5899.176025390625	5899
3603.362548828125	90084.06372070312	5893.38916015625	5893
3605.522216796875	90138.05541992188	5893.38916015625	5893
3607.683349609375	90192.08374023438	5893.38916015625	5893
3609.845703125	90246.142578125	5893.38916015625	5893
3612.009521484375	90300.23803710938	5915.410400390625	5915
3614.174560546875	90354.36401367188	5915.410400390625	5915
3616.3408203125	90408.5205078125	5916.9111328125	5917
3618.50830078125	90462.70751953125	5916.9111328125	5917
3620.67724609375	90516.93115234375	5916.9111328125	5917
3622.847412109375	90571.18530273438	5923.283447265625	5923
3625.01904296875	90625.47607421875	5923.283447265625	5923
3627.191650390625	90679.79125976562	5939.65234375	5940
3629.36572265625	90734.14306640625	5939.65234375	5940
3631.541259765625	90788.53149414062	5939.65234375	5940
3633.7177734375	90842.9443359375	5941.28076171875	5941
3635.89599609375	90897.39990234375	5941.28076171875	5941
3638.0751953125	90951.8798828125	5947.3310546875	5947
3640.255859375	91006.396484375	5952.97900390625	5953
3642.437744140625	91060.94360351562	5952.97900390625	5953
3644.620849609375	91115.52124023438	5980.053466796875	5980
3646.805419921875	91170.13549804688	5980.053466796875	5980
3648.9912109375	91224.7802734375	5992.203125	5992
3651.178466796875	91279.46166992188	5997.5205078125	5998
3653.366943359375	91334.17358398438	6006.2509765625	6006
3655.556640625	91388.916015625	6006.2509765625	6006
3657.747802734375	91443.69506835938	6006.2509765625	6006
3659.940185546875	91498.50463867188	6006.2509765625	6006
3662.134033203125	91553.35083007812	6006.2509765625	6006
3664.328857421875	91608.22143554688	6008.779296875	6009
3666.525390625	91663.134765625	6016.41015625	6016
3668.722900390625	91718.07250976562	6027.97119140625	6028
3670.921875	91773.046875	6054.076904296875	6054
3673.122314453125	91828.05786132812	6054.701904296875	6055
3675.323974609375	91883.09936523438	6054.701904296875	6055
3677.52685546875	91938.17138671875	6054.076904296875	6054
3679.73095703125	91993.27392578125	6054.13134765625	6054
3681.9365234375	92048.4130859375	6055.89599609375	6056
3684.1435546875	92103.5888671875	6058.37744140625	6058
3686.351806640625	92158.79516601562	6064.075927734375	6064
3688.561279296875	92214.03198242188	6078.86328125	6079
3690.772216796875	92269.30541992188	6078.86328125	6079
3692.984375	92324.609375	6080.80224609375	6081
3695.197998046875	92379.94995117188	6077.97314453125	6078
3697.412841796875	92435.32104492188	6077.97314453125	6078
3699.62890625	92490.72265625	6083.451171875	6083
3701.846435546875	92546.16088867188	6093.5888671875	6094
3704.065185546875	92601.62963867188	6093.5888671875	6094
3706.285400390625	92657.13500976562	6093.5888671875	6094
3708.5068359375	92712.6708984375	6098.21044921875	6098
3710.729736328125	92768.24340820312	6098.21044921875	6098
3712.953857421875	92823.84643554688	6098.21044921875	6098
3715.179443359375	92879.48608398438	6107.198974609375	6107
3717.40625	92935.15625	6107.198974609375	6107
3719.63427734375	92990.85693359375	6108.97900390625	6109
3721.86376953125	93046.59423828125	6113.391357421875	6113
3724.0947265625	93102.3681640625	6118.619873046875	6119
3726.326904296875	93158.17260742188	6122.76416015625	6123
3728.560302734375	93214.00756835938	6122.76416015625	6123
3730.795166015625	93269.87915039062	6134.52978515625	6135
3733.031494140625	93325.78735351562	6141.472900390625	6141
3735.26904296875	93381.72607421875	6143.62646484375	6144
3737.5078125	93437.6953125	6143.62646484375	6144
3739.748046875	93493.701171875	6143.62646484375	6144
3741.989501953125	93549.73754882812	6143.62646484375	6144
3744.232421875	93605.810546875	6143.62646484375	6144
3746.476806640625	93661.92016601562	6147.09228515625	6147
3748.722412109375	93718.06030273438	6150.93115234375	6151
3750.96923828125	93774.23095703125	6147.09228515625	6147
3753.217529296875	93830.43823242188	6154.654052734375	6155
3755.467041015625	93886.67602539062	6154.654052734375	6155
3757.718017578125	93942.95043945312	6147.46435546875	6147
3759.970458984375	93999.26147460938	6147.46435546875	6147
3762.22412109375	94055.60302734375	6147.46435546875	6147
3764.479248046875	94111.98120117188	6159.3232421875	6159
3766.735595703125	94168.38989257812	6159.3232421875	6159
3768.9931640625	94224.8291015625	6159.3232421875	6159
3771.25244140625	94281.31103515625	6161.036376953125	6161
3773.5126953125	94337.8173828125	6180.535888671875	6181
3775.774658203125	94394.36645507812	6180.535888671875	6181
3778.03759765625	94450.93994140625	6180.535888671875	6181
3780.30224609375	94507.55615234375	6168.22607421875	6168
3782.568115234375	94564.20288085938	6168.22607421875	6168
3784.835205078125	94620.88012695312	6193.9140625	6194
3787.103759765625	94677.59399414062	6193.9140625	6194
3789.373779296875	94734.34448242188	6182.448486328125	6182
3791.64501953125	94791.12548828125	6182.448486328125	6182
3793.917724609375	94847.94311523438	6180.535888671875	6181
3796.191650390625	94904.79125976562	6215.572998046875	6216
3798.467041015625	94961.67602539062	6215.572998046875	6216
3800.743896484375	95018.59741210938	6218.222900390625	6218
3803.02197265625	95075.54931640625	6236.987060546875	6237
3805.301513671875	95132.53784179688	6240.621826171875	6241
3807.582275390625	95189.55688476562	6240.621826171875	6241
3809.864501953125	95246.61254882812	6240.621826171875	6241
3812.148193359375	95303.70483398438	6254.493896484375	6254
3814.43310546875	95360.82763671875	6251.23486328125	6251
3816.719482421875	95417.98706054688	6257.89013671875	6258
3819.007080078125	95475.17700195312	6253.77392578125	6254
3821.296142578125	95532.40356445312	6253.77392578125	6254
3823.586669921875	95589.66674804688	6270.571533203125	6271
3825.87841796875	95646.96044921875	6270.571533203125	6271
3828.171630859375	95704.29077148438	6291.97705078125	6292
3830.466064453125	95761.65161132812	6323.41796875	6323
3832.761962890625	95819.04907226562	6310.59033203125	6311
3835.059326171875	95876.48315429688	6318.859619140625	6319
3837.35791015625	95933.94775390625	6326.499755859375	6326
3839.657958984375	95991.44897460938	6326.499755859375	6326
3841.95947265625	96048.98681640625	6326.499755859375	6326
3844.262451171875	96106.56127929688	6326.011962890625	6326
3846.56640625	96164.16015625	6342.41455078125	6342
3848.8720703125	96221.8017578125	6348.09814453125	6348
3851.178955078125	96279.47387695312	6348.09814453125	6348
3853.4873046875	96337.1826171875	6348.09814453125	6348
3855.797119140625	96394.92797851562	6348.09814453125	6348
3858.108154296875	96452.70385742188	6334.183837890625	6334
3860.420654296875	96510.51635742188	6345.48486328125	6345
3862.734619140625	96568.36547851562	6369.0556640625	6369
3865.0498046875	96626.2451171875	6369.0556640625	6369
3867.366455078125	96684.16137695312	6373.48046875	6373
3869.6845703125	96742.1142578125	6373.48046875	6373
3872.00390625	96800.09765625	6373.48046875	6373
3874.324951171875	96858.12377929688	6373.48046875	6373
3876.64697265625	96916.17431640625	6375.341064453125	6375
3878.970703125	96974.267578125	6381.64990234375	6382
3881.295654296875	97032.39135742188	6389.732666015625	6390
3883.6220703125	97090.5517578125	6381.64990234375	6382
3885.949951171875	97148.74877929688	6381.64990234375	6382
3888.279052734375	97206.97631835938	6381.64990234375	6382
3890.609619140625	97265.24047851562	6389.732666015625	6390
3892.941650390625	97323.54125976562	6389.732666015625	6390
3895.27490234375	97381.87255859375	6396.93701171875	6397
3897.60986328125	97440.24658203125	6403.191162109375	6403
3899.94580078125	97498.64501953125	6409.360107421875	6409
3902.283447265625	97557.08618164062	6403.191162109375	6403
3904.62255859375	97615.56396484375	6409.360107421875	6409
3906.962890625	97674.072265625	6419.53369140625	6420
3909.3046875	97732.6171875	6436.42578125	6436
3911.647705078125	97791.19262695312	6436.42578125	6436
3913.992431640625	97849.81079101562	6436.42578125	6436
3916.33837890625	97908.45947265625	6450.96826171875	6451
3918.685791015625	97967.14477539062	6458.115478515625	6458
3921.03466796875	98025.86669921875	6464.45458984375	6464
3923.384765625	98084.619140625	6464.45458984375	6464
3925.736328125	98143.408203125	6473.380615234375	6473
3928.08935546875	98202.23388671875	6473.380615234375	6473
3930.44384765625	98261.09619140625	6473.380615234375	6473
3932.7998046875	98319.9951171875	6473.380615234375	6473
3935.156982421875	98378.92456054688	6473.380615234375	6473
3937.515625	98437.890625	6473.380615234375	6473
3939.875732421875	98496.89331054688	6484.34375	6484
3942.2373046875	98555.9326171875	6484.34375	6484
3944.60009765625	98615.00244140625	6490.32666015625	6490
3946.964599609375	98674.11499023438	6494.929931640625	6495
3949.330322265625	98733.25805664062	6499.639404296875	6500
3951.697509765625	98792.43774414062	6499.639404296875	6500
3954.066162109375	98851.65405273438	6518.00244140625	6518
3956.43603515625	98910.90087890625	6540.300537109375	6540
3958.8076171875	98970.1904296875	6543.099365234375	6543
3961.180419921875	99029.51049804688	6543.417724609375	6543
3963.5546875	99088.8671875	6540.95361328125	6541
3965.930419921875	99148.26049804688	6538.742919921875	6539
3968.307373046875	99207.68432617188	6538.742919921875	6539
3970.68603515625	99267.15087890625	6538.742919921875	6539
3973.06591796875	99326.64794921875	6538.742919921875	6539
3975.447265625	99386.181640625	6543.417724609375	6543
3977.830322265625	99445.75805664062	6546.688232421875	6547
3980.21435546875	99505.35888671875	6555.056396484375	6555
3982.60009765625	99565.00244140625	6549.64013671875	6550
3984.9873046875	99624.6826171875	6567.781005859375	6568
3987.375732421875	99684.39331054688	6567.781005859375	6568
3989.765869140625	99744.14672851562	6577.733642578125	6578
3992.1572265625	99803.9306640625	6567.781005859375	6568
3994.550048828125	99863.75122070312	6580.826171875	6581
3996.9443359375	99923.6083984375	6584.33642578125	6584
3999.340087890625	99983.50219726562	6585.789306640625	6586
4001.737060546875	100043.42651367188	6589.7900390625	6590
4004.1357421875	100103.3935546875	6589.7900390625	6590
4006.535888671875	100163.39721679688	6589.7900390625	6590
4008.937255859375	100223.43139648438	6598.418701171875	6598
4011.340087890625	100283.50219726562	6597.053466796875	6597
4013.744384765625	100343.60961914062	6599.839111328125	6600
4016.150146484375	100403.75366210938	6599.839111328125	6600
4018.557373046875	100463.93432617188	6599.839111328125	6600
4020.966064453125	100524.15161132812	6608.4677734375	6608
4023.376220703125	100584.40551757812	6612.597900390625	6613
4025.787841796875	100644.69604492188	6614.2451171875	6614
4028.200927734375	100705.02319335938	6614.2451171875	6614
4030.615234375	100765.380859375	6614.2451171875	6614
4033.03125	100825.78125	6614.2451171875	6614
4035.448486328125	100886.21215820312	6614.2451171875	6614
4037.8671875	100946.6796875	6617.349609375	6617
4040.28759765625	101007.18994140625	6624.091796875	6624
4042.709228515625	101067.73071289062	6629.97705078125	6630
4045.13232421875	101128.30810546875	6629.97705078125	6630
4047.556884765625	101188.92211914062	6624.091796875	6624
4049.98291015625	101249.57275390625	6629.97705078125	6630
4052.410400390625	101310.26000976562	6640.928466796875	6641
4054.83935546875	101370.98388671875	6640.928466796875	6641
4057.269775390625	101431.74438476562	6664.5068359375	6665
4059.70166015625	101492.54150390625	6671.33056640625	6671
4062.135009765625	101553.37524414062	6687.74755859375	6688
4064.56982421875	101614.24560546875	6687.74755859375	6688
4067.006103515625	101675.15258789062	6687.74755859375	6688
4069.44384765625	101736.09619140625	6687.74755859375	6688
4071.883056640625	101797.07641601562	6693.74365234375	6694
4074.32373046875	101858.09326171875	6693.74365234375	6694
4076.765625	101919.140625	6697.775390625	6698
4079.209228515625	101980.23071289062	6705.772216796875	6706
4081.654296875	102041.357421875	6705.772216796875	6706
4084.100830078125	102102.52075195312	6705.232666015625	6705
4086.548828125	102163.720703125	6705.232666015625	6705
4088.998046875	102224.951171875	6731.468994140625	6731
4091.448974609375	102286.22436523438	6731.468994140625	6731
4093.9013671875	102347.5341796875	6731.468994140625	6731
4096.35498046875	102408.87451171875	6743.3271484375	6743
4098.810546875	102470.263671875	6750.540283203125	6751
4101.26708984375	102531.67724609375	6760.10498046875	6760
4103.7255859375	102593.1396484375	6760.10498046875	6760
4106.18505859375	102654.62646484375	6769.302001953125	6769
4108.646484375	102716.162109375	6769.302001953125	6769
4111.10888671875	102777.72216796875	6769.302001953125	6769
4113.5732421875	102839.3310546875	6774.46728515625	6774
4116.0390625	102900.9765625	6775.2705078125	6775
4118.505859375	102962.646484375	6775.2705078125	6775
4120.974609375	103024.365234375	6776.32666015625	6776
4123.44482421875	103086.12060546875	6776.32666015625	6776
4125.916015625	103147.900390625	6776.32666015625	6776
4128.38916015625	103209.72900390625	6776.32666015625	6776
4130.86376953125	103271.59423828125	6782.855224609375	6783
4133.33984375	103333.49609375	6782.855224609375	6783
4135.81689453125	103395.42236328125	6782.855224609375	6783
4138.2958984375	103457.3974609375	6788.501220703125	6789
4140.7763671875	103519.4091796875	6790.441162109375	6790
4143.25830078125	103581.45751953125	6792.076171875	6792
4145.74169921875	103643.54248046875	6794.44091796875	6794
4148.2265625	103705.6640625	6794.44091796875	6794
4150.712890625	103767.822265625	6794.44091796875	6794
4153.201171875	103830.029296875	6794.44091796875	6794
4155.6904296875	103892.2607421875	6794.44091796875	6794
4158.18115234375	103954.52880859375	6794.44091796875	6794
4160.67333984375	104016.83349609375	6798.396240234375	6798
4163.16748046875	104079.18701171875	6813.693359375	6814
4165.66259765625	104141.56494140625	6818.07275390625	6818
4168.15966796875	104203.99169921875	6826.73681640625	6827
4170.65771484375	104266.44287109375	6827.935546875	6828
4173.15771484375	104328.94287109375	6850.629638671875	6851
4175.6591796875	104391.4794921875	6847.273681640625	6847
4178.162109375	104454.052734375	6847.273681640625	6847
4180.666015625	104516.650390625	6847.273681640625	6847
4183.171875	104579.296875	6858.995361328125	6859
4185.67919921875	104641.97998046875	6858.995361328125	6859
4188.1884765625	104704.7119140625	6858.995361328125	6859
4190.69873046875	104767.46826171875	6858.995361328125	6859
4193.21044921875	104830.26123046875	6858.995361328125	6859
4195.7236328125	104893.0908203125	6858.995361328125	6859
4198.23876953125	104955.96923828125	6874.922607421875	6875
4200.7548828125	105018.8720703125	6874.922607421875	6875
4203.27294921875	105081.82373046875	6891.028076171875	6891
4205.79248046875	105144.81201171875	6894.218017578125	6894
4208.31298828125	105207.82470703125	6898.099365234375	6898
4210.83544921875	105270.88623046875	6904.806884765625	6905
4213.359375	105333.984375	6904.806884765625	6905
4215.884765625	105397.119140625	6921.7158203125	6922
4218.41162109375	105460.29052734375	6936.096923828125	6936
4220.9404296875	105523.5107421875	6941.936767578125	6942
4223.47021484375	105586.75537109375	6945.33935546875	6945
4226.001953125	105650.048828125	6939.50341796875	6940
4228.53466796875	105713.36669921875	6957.908447265625	6958
4231.0693359375	105776.7333984375	6947.169677734375	6947
4233.60546875	105840.13671875	6947.169677734375	6947
4236.14306640625	105903.57666015625	6947.169677734375	6947
4238.68212890625	105967.05322265625	6947.169677734375	6947
4241.22265625	106030.56640625	6961.923583984375	6962
4243.7646484375	106094.1162109375	6961.923583984375	6962
4246.30859375	106157.71484375	6961.923583984375	6962
4248.853515625	106221.337890625	6964.110595703125	6964
4251.400390625	106285.009765625	6964.110595703125	6964
4253.94873046875	106348.71826171875	6964.110595703125	6964
4256.498046875	106412.451171875	6965.0185546875	6965
4259.04931640625	106476.23291015625	6965.0185546875	6965
4261.6025390625	106540.0634765625	6976.629150390625	6977
4264.15673828125	106603.91845703125	6994.512451171875	6995
4266.71240234375	106667.81005859375	6998.158935546875	6998
4269.27001953125	106731.75048828125	6998.158935546875	6998
4271.8291015625	106795.7275390625	7034.537841796875	7035
4274.38916015625	106859.72900390625	7034.537841796875	7035
4276.951171875	106923.779296875	7036.706787109375	7037
4279.51513671875	106987.87841796875	7036.706787109375	7037
4282.080078125	107052.001953125	7064.7373046875	7065
4284.646484375	107116.162109375	7064.7373046875	7065
4287.21484375	107180.37109375	7064.7373046875	7065
4289.78466796875	107244.61669921875	7064.7373046875	7065
4292.35595703125	107308.89892578125	7064.7373046875	7065
4294.9287109375	107373.2177734375	7085.203369140625	7085
4297.5029296875	107437.5732421875	7091.579345703125	7092
4300.07861328125	107501.96533203125	7092.472900390625	7092
4302.65625	107566.40625	7095.948974609375	7096
4305.23486328125	107630.87158203125	7095.948974609375	7096
4307.8154296875	107695.3857421875	7100.097900390625	7100
4310.3974609375	107759.9365234375	7100.097900390625	7100
4312.98095703125	107824.52392578125	7100.097900390625	7100
4315.56640625	107889.16015625	7110.5400390625	7111
4318.15283203125	107953.82080078125	7110.5400390625	7111
4320.7412109375	108018.5302734375	7110.5400390625	7111
4323.3310546875	108083.2763671875	7110.5400390625	7111
4325.92236328125	108148.05908203125	7110.5400390625	7111
4328.51513671875	108212.87841796875	7121.141357421875	7121
4331.10986328125	108277.74658203125	7121.141357421875	7121
4333.70556640625	108342.63916015625	7121.141357421875	7121
4336.30322265625	108407.58056640625	7121.141357421875	7121
4338.90234375	108472.55859375	7139.57421875	7140
4341.5029296875	108537.5732421875	7139.57421875	7140
4344.10546875	108602.63671875	7159.830810546875	7160
4346.708984375	108667.724609375	7159.830810546875	7160
4349.314453125	108732.861328125	7159.830810546875	7160
4351.92138671875	108798.03466796875	7159.830810546875	7160
4354.52978515625	108863.24462890625	7165.927001953125	7166
4357.14013671875	108928.50341796875	7165.927001953125	7166
4359.75146484375	108993.78662109375	7165.927001953125	7166
4362.36474609375	109059.11865234375	7174.30029296875	7174
4364.9794921875	109124.4873046875	7174.30029296875	7174
4367.595703125	109189.892578125	7183.03564453125	7183
4370.2138671875	109255.3466796875	7183.03564453125	7183
4372.8330078125	109320.8251953125	7183.03564453125	7183
4375.4541015625	109386.3525390625	7201.43408203125	7201
4378.07666015625	109451.91650390625	7207.676025390625	7208
4380.70068359375	109517.51708984375	7207.676025390625	7208
4383.32666015625	109583.16650390625	7209.322021484375	7209
4385.9541015625	109648.8525390625	7209.322021484375	7209
4388.58251953125	109714.56298828125	7209.322021484375	7209
4391.21337890625	109780.33447265625	7215.6650390625	7216
4393.84521484375	109846.13037109375	7215.6650390625	7216
4396.47900390625	109911.97509765625	7220.341796875	7220
4399.1142578125	109977.8564453125	7230.382568359375	7230
4401.7509765625	110043.7744140625	7230.382568359375	7230
4404.38916015625	110109.72900390625	7238.20947265625	7238
4407.029296875	110175.732421875	7246.846435546875	7247
4409.67041015625	110241.76025390625	7246.846435546875	7247
4412.3134765625	110307.8369140625	7246.846435546875	7247
4414.95849609375	110373.96240234375	7250.346435546875	7250
4417.6044921875	110440.1123046875	7254.65625	7255
4420.25244140625	110506.31103515625	7254.65625	7255
4422.90185546875	110572.54638671875	7254.845703125	7255
4425.552734375	110638.818359375	7287.6064453125	7288
4428.20556640625	110705.13916015625	7287.6064453125	7288
4430.85986328125	110771.49658203125	7309.772216796875	7310
4433.515625	110837.890625	7309.772216796875	7310
4436.1728515625	110904.3212890625	7309.772216796875	7310
4438.83203125	110970.80078125	7316.556640625	7317
4441.49267578125	111037.31689453125	7340.888427734375	7341
4444.15478515625	111103.86962890625	7347.181396484375	7347
4446.818359375	111170.458984375	7353.91015625	7354
4449.48388671875	111237.09716796875	7358.238525390625	7358
4452.15087890625	111303.77197265625	7358.238525390625	7358
4454.8193359375	111370.4833984375	7358.238525390625	7358
4457.4892578125	111437.2314453125	7373.228515625	7373
4460.1611328125	111504.0283203125	7373.228515625	7373
4462.83447265625	111570.86181640625	7378.734375	7379
4465.509765625	111637.744140625	7378.734375	7379
4468.18603515625	111704.65087890625	7399.240478515625	7399
4470.8642578125	111771.6064453125	7399.240478515625	7399
4473.5439453125	111838.5986328125	7399.240478515625	7399
4476.2255859375	111905.6396484375	7399.240478515625	7399
4478.908203125	111972.705078125	7399.240478515625	7399
4481.5927734375	112039.8193359375	7399.240478515625	7399
4484.279296875	112106.982421875	7399.240478515625	7399
4486.966796875	112174.169921875	7399.240478515625	7399
4489.65625	112241.40625	7399.240478515625	7399
4492.34765625	112308.69140625	7399.240478515625	7399
4495.0400390625	112376.0009765625	7417.634521484375	7418
4497.734375	112443.359375	7417.634521484375	7418
4500.43017578125	112510.75439453125	7429.04150390625	7429
4503.1279296875	112578.1982421875	7429.04150390625	7429
4505.82666015625	112645.66650390625	7429.04150390625	7429
4508.52783203125	112713.19580078125	7450.94970703125	7451
4511.22998046875	112780.74951171875	7452.345703125	7452
4513.93408203125	112848.35205078125	7464.473388671875	7464
4516.6396484375	112915.9912109375	7472.27392578125	7472
4519.3466796875	112983.6669921875	7472.27392578125	7472
4522.0556640625	113051.3916015625	7472.27392578125	7472
4524.76611328125	113119.15283203125	7464.473388671875	7464
4527.47802734375	113186.95068359375	7464.473388671875	7464
4530.19189453125	113254.79736328125	7472.27392578125	7472
4532.9072265625	113322.6806640625	7472.27392578125	7472
4535.6240234375	113390.6005859375	7475.834228515625	7476
4538.3427734375	113458.5693359375	7480.0849609375	7480
4541.06298828125	113526.57470703125	7495.362548828125	7495
4543.78466796875	113594.61669921875	7495.362548828125	7495
4546.50830078125	113662.70751953125	7511.64208984375	7512
4549.2333984375	113730.8349609375	7516.984619140625	7517
4551.9599609375	113798.9990234375	7552.835693359375	7553
4554.6884765625	113867.2119140625	7552.835693359375	7553
4557.41845703125	113935.46142578125	7552.835693359375	7553
4560.150390625	114003.759765625	7552.835693359375	7553
4562.88330078125	114072.08251953125	7552.835693359375	7553
4565.6181640625	114140.4541015625	7552.835693359375	7553
4568.35498046875	114208.87451171875	7552.835693359375	7553
4571.09326171875	114277.33154296875	7568.793212890625	7569
4573.8330078125	114345.8251953125	7586.16259765625	7586
4576.57470703125	114414.36767578125	7586.16259765625	7586
4579.3173828125	114482.9345703125	7577.47412109375	7577
4582.0625	114551.5625	7577.47412109375	7577
4584.80859375	114620.21484375	7580.59765625	7581
4587.55712890625	114688.92822265625	7587.685302734375	7588
4590.306640625	114757.666015625	7587.685302734375	7588
4593.05810546875	114826.45263671875	7589.024169921875	7589
4595.81103515625	114895.27587890625	7593.94384765625	7594
4598.5654296875	114964.1357421875	7600.489013671875	7600
4601.32177734375	115033.04443359375	7600.489013671875	7600
4604.080078125	115102.001953125	7608.602294921875	7609
4606.83935546875	115170.98388671875	7608.602294921875	7609
4609.6005859375	115240.0146484375	7631.003662109375	7631
4612.36376953125	115309.09423828125	7645.27685546875	7645
4615.12841796875	115378.21044921875	7645.27685546875	7645
4617.89453125	115447.36328125	7649.455810546875	7649
4620.66259765625	115516.56494140625	7666.74560546875	7667
4623.43212890625	115585.80322265625	7666.74560546875	7667
4626.203125	115655.078125	7666.74560546875	7667
4628.97607421875	115724.40185546875	7666.74560546875	7667
4631.75048828125	115793.76220703125	7680.625	7681
4634.52685546875	115863.17138671875	7703.8935546875	7704
4637.3046875	115932.6171875	7721.6787109375	7722
4640.08447265625	116002.11181640625	7727.576904296875	7728
4642.86572265625	116071.64306640625	7720.232421875	7720
4645.6484375	116141.2109375	7733.23486328125	7733
4648.43310546875	116210.82763671875	7733.23486328125	7733
4651.21923828125	116280.48095703125	7733.23486328125	7733
4654.0068359375	116350.1708984375	7733.23486328125	7733
4656.79638671875	116419.90966796875	7728.08837890625	7728
4659.587890625	116489.697265625	7728.08837890625	7728
4662.380859375	116559.521484375	7733.23486328125	7733
4665.17529296875	116629.38232421875	7744.545166015625	7745
4667.9716796875	116699.2919921875	7770.980712890625	7771
4670.76953125	116769.23828125	7765.414794921875	7765
4673.56884765625	116839.22119140625	7770.980712890625	7771
4676.3701171875	116909.2529296875	7771.3623046875	7771
4679.17333984375	116979.33349609375	7771.3623046875	7771
4681.97802734375	117049.45068359375	7771.203369140625	7771
4684.7841796875	117119.6044921875	7792.980712890625	7793
4687.59228515625	117189.80712890625	7792.980712890625	7793
4690.40185546875	117260.04638671875	7814.6787109375	7815
4693.21337890625	117330.33447265625	7828.558349609375	7829
4696.0263671875	117400.6591796875	7839.16064453125	7839
4698.8408203125	117471.0205078125	7850.481689453125	7850
4701.6572265625	117541.4306640625	7850.481689453125	7850
4704.4755859375	117611.8896484375	7857.83056640625	7858
4707.29541015625	117682.38525390625	7857.83056640625	7858
4710.11669921875	117752.91748046875	7857.83056640625	7858
4712.93994140625	117823.49853515625	7857.83056640625	7858
4715.7646484375	117894.1162109375	7864.759765625	7865
4718.59130859375	117964.78271484375	7855.29736328125	7855
4721.41943359375	118035.48583984375	7878.058349609375	7878
4724.24951171875	118106.23779296875	7878.058349609375	7878
4727.0810546875	118177.0263671875	7878.058349609375	7878
4729.91455078125	118247.86376953125	7890.726806640625	7891
4732.74951171875	118318.73779296875	7889.217529296875	7889
4735.58642578125	118389.66064453125	7890.726806640625	7891
4738.4248046875	118460.6201171875	7893.101806640625	7893
4741.26513671875	118531.62841796875	7906.38623046875	7906
4744.10693359375	118602.67333984375	7922.49072265625	7922
4746.9501953125	118673.7548828125	7922.49072265625	7922
4749.79541015625	118744.88525390625	7941.6474609375	7942
4752.642578125	118816.064453125	7941.6474609375	7942
4755.4912109375	118887.2802734375	7943.650146484375	7944
4758.341796875	118958.544921875	7935.533447265625	7936
4761.19384765625	119029.84619140625	7949.8642578125	7950
4764.04736328125	119101.18408203125	7965.613037109375	7966
4766.90283203125	119172.57080078125	7926.45947265625	7926
4769.76025390625	119244.00634765625	7924.1630859375	7924
4772.619140625	119315.478515625	7937.541748046875	7938
4775.47998046875	119386.99951171875	7937.541748046875	7938
4778.34228515625	119458.55712890625	7952.843505859375	7953
4781.2060546875	119530.1513671875	7952.843505859375	7953
4784.07177734375	119601.79443359375	7957.4873046875	7957
4786.939453125	119673.486328125	7957.4873046875	7957
4789.80859375	119745.21484375	7957.4873046875	7957
4792.6796875	119816.9921875	7950.10595703125	7950
4795.55224609375	119888.80615234375	7959.394287109375	7959
4798.4267578125	119960.6689453125	7968.526611328125	7969
4801.302734375	120032.568359375	7968.526611328125	7969
4804.1806640625	120104.5166015625	7976.72705078125	7977
4807.06005859375	120176.50146484375	7994.347900390625	7994
4809.94140625	120248.53515625	8007.04345703125	8007
4812.82470703125	120320.61767578125	8006.2373046875	8006
4815.708984375	120392.724609375	8007.637939453125	8008
4818.595703125	120464.892578125	8007.637939453125	8008
4821.48388671875	120537.09716796875	8008.343017578125	8008
4824.3740234375	120609.3505859375	8009.142822265625	8009
4827.265625	120681.640625	8007.94091796875	8008
4830.15869140625	120753.96728515625	8035.299560546875	8035
4833.05419921875	120826.35498046875	8035.299560546875	8035
4835.95068359375	120898.76708984375	8025.512939453125	8026
4838.849609375	120971.240234375	8032.673095703125	8033
4841.75	121043.75	8058.6064453125	8059
4844.65185546875	121116.29638671875	8059.823486328125	8060
4847.5556640625	121188.8916015625	8059.823486328125	8060
4850.46142578125	121261.53564453125	8068.009521484375	8068
4853.36865234375	121334.21630859375	8072.117431640625	8072
4856.27783203125	121406.94580078125	8072.117431640625	8072
4859.1884765625	121479.7119140625	8072.117431640625	8072
4862.10107421875	121552.52685546875	8077.612060546875	8078
4865.01513671875	121625.37841796875	8077.612060546875	8078
4867.93115234375	121698.27880859375	8080.793212890625	8081
4870.84912109375	121771.22802734375	8080.3466796875	8080
4873.7685546875	121844.2138671875	8078.066650390625	8078
4876.68994140625	121917.24853515625	8080.3466796875	8080
4879.61279296875	121990.31982421875	8081.97216796875	8082
4882.53759765625	122063.43994140625	8081.97216796875	8082
4885.4638671875	122136.5966796875	8081.97216796875	8082
4888.392578125	122209.814453125	8086.542724609375	8087
4891.322265625	122283.056640625	8086.542724609375	8087
4894.25439453125	122356.35986328125	8102.81591796875	8103
4897.1875	122429.6875	8114.963623046875	8115
4900.123046875	122503.076171875	8109.1162109375	8109
4903.06005859375	122576.50146484375	8109.1162109375	8109
4905.9990234375	122649.9755859375	8117.062255859375	8117
4908.939453125	122723.486328125	8121.8896484375	8122
4911.8818359375	122797.0458984375	8134.955322265625	8135
4914.826171875	122870.654296875	8134.955322265625	8135
4917.77197265625	122944.29931640625	8134.955322265625	8135
4920.7197265625	123017.9931640625	8156.95166015625	8157
4923.6689453125	123091.7236328125	8156.95166015625	8157
4926.6201171875	123165.5029296875	8157.282958984375	8157
4929.5732421875	123239.3310546875	8171.232666015625	8171
4932.52783203125	123313.19580078125	8201.41552734375	8201
4935.484375	123387.109375	8179.1474609375	8179
4938.4423828125	123461.0595703125	8162.10693359375	8162
4941.40234375	123535.05859375	8182.15283203125	8182
4944.3642578125	123609.1064453125	8182.15283203125	8182
4947.328125	123683.203125	8182.15283203125	8182
4950.29345703125	123757.33642578125	8182.15283203125	8182
4953.26025390625	123831.50634765625	8200.68896484375	8201
4956.2294921875	123905.7373046875	8200.6376953125	8201
4959.2001953125	123980.0048828125	8200.6376953125	8201
4962.17236328125	124054.30908203125	8203.376953125	8203
4965.14697265625	124128.67431640625	8216.408203125	8216
4968.12255859375	124203.06396484375	8230.1953125	8230
4971.1005859375	124277.5146484375	8216.408203125	8216
4974.080078125	124352.001953125	8216.408203125	8216
4977.0615234375	124426.5380859375	8230.1953125	8230
4980.044921875	124501.123046875	8230.1953125	8230
4983.02978515625	124575.74462890625	8230.1953125	8230
4986.0166015625	124650.4150390625	8230.1953125	8230
4989.0048828125	124725.1220703125	8222.265625	8222
4991.99560546875	124799.89013671875	8222.265625	8222
4994.9873046875	124874.6826171875	8222.265625	8222
4997.9814453125	124949.5361328125	8239.7158203125	8240
5000.97705078125	125024.42626953125	8243.44873046875	8243
5003.974609375	125099.365234375	8275.517578125	8276
5006.97412109375	125174.35302734375	8281.98291015625	8282
5009.97509765625	125249.37744140625	8283.8740234375	8284
5012.97802734375	125324.45068359375	8296.3251953125	8296
5015.98291015625	125399.57275390625	8308.2490234375	8308
5018.9892578125	125474.7314453125	8310.7001953125	8311
5021.99755859375	125549.93896484375	8293.56884765625	8294
5025.0078125	125625.1953125	8293.56884765625	8294
5028.01953125	125700.48828125	8293.56884765625	8294
5031.033203125	125775.830078125	8296.82568359375	8297
5034.048828125	125851.220703125	8291.43408203125	8291
5037.06640625	125926.66015625	8300.1484375	8300
5040.08544921875	126002.13623046875	8313.95703125	8314
5043.1064453125	126077.6611328125	8332.779296875	8333
5046.12890625	126153.22265625	8345.515625	8346
5049.15380859375	126228.84521484375	8345.27685546875	8345
5052.18017578125	126304.50439453125	8352.64990234375	8353
5055.2080078125	126380.2001953125	8352.64990234375	8353
5058.23828125	126455.95703125	8349.09326171875	8349
5061.27001953125	126531.75048828125	8352.64990234375	8353
5064.3037109375	126607.5927734375	8356.66455078125	8357
5067.33935546875	126683.48388671875	8356.66455078125	8357
5070.37646484375	126759.41162109375	8356.66455078125	8357
5073.41552734375	126835.38818359375	8349.56103515625	8350
5076.45654296875	126911.41357421875	8357.9951171875	8358
5079.49951171875	126987.48779296875	8357.9951171875	8358
5082.5439453125	127063.5986328125	8375.69921875	8376
5085.59033203125	127139.75830078125	8401.79443359375	8402
5088.638671875	127215.966796875	8418.75341796875	8419
5091.6884765625	127292.2119140625	8428.28466796875	8428
5094.74072265625	127368.51806640625	8428.28466796875	8428
5097.79443359375	127444.86083984375	8440.5419921875	8441
5100.849609375	127521.240234375	8447.60986328125	8448
5103.9072265625	127597.6806640625	8447.60986328125	8448
5106.96630859375	127674.15771484375	8447.60986328125	8448
5110.02734375	127750.68359375	8447.60986328125	8448
5113.09033203125	127827.25830078125	8447.60986328125	8448
5116.15478515625	127903.86962890625	8447.60986328125	8448
5119.2216796875	127980.5419921875	8447.60986328125	8448
5122.2900390625	128057.2509765625	8454.87451171875	8455
5125.3603515625	128134.0087890625	8460.49951171875	8460
5128.43212890625	128210.80322265625	8460.49951171875	8460
5131.50634765625	128287.65869140625	8460.49951171875	8460
5134.58203125	128364.55078125	8473.7939453125	8474
5137.65966796875	128441.49169921875	8477.9404296875	8478
5140.73876953125	128518.46923828125	8526.82373046875	8527
5143.8203125	128595.5078125	8526.82373046875	8527
5146.9033203125	128672.5830078125	8527.89990234375	8528
5149.98828125	128749.70703125	8533.43115234375	8533
5153.0751953125	128826.8798828125	8533.43115234375	8533
5156.16357421875	128904.08935546875	8533.43115234375	8533
5159.25439453125	128981.35986328125	8539.53857421875	8540
5162.3466796875	129058.6669921875	8539.53857421875	8540
5165.44091796875	129136.02294921875	8553.98291015625	8554
5168.537109375	129213.427734375	8553.98291015625	8554
5171.63525390625	129290.88134765625	8555.04541015625	8555
5174.73486328125	129368.37158203125	8555.04541015625	8555
5177.83642578125	129445.91064453125	8553.98291015625	8554
5180.93994140625	129523.49853515625	8553.98291015625	8554
5184.04541015625	129601.13525390625	8553.98291015625	8554
5187.15283203125	129678.82080078125	8553.98291015625	8554
5190.26171875	129756.54296875	8555.04541015625	8555
5193.37255859375	129834.31396484375	8555.04541015625	8555
5196.4853515625	129912.1337890625	8555.04541015625	8555
5199.60009765625	129990.00244140625	8559.779296875	8560
5202.716796875	130067.919921875	8559.779296875	8560
5205.83544921875	130145.88623046875	8559.779296875	8560
5208.95556640625	130223.88916015625	8575.88037109375	8576
5212.07763671875	130301.94091796875	8589.06640625	8589
5215.20166015625	130380.04150390625	8589.06640625	8589
5218.32763671875	130458.19091796875	8589.06640625	8589
5221.45556640625	130536.38916015625	8595.58056640625	8596
5224.5849609375	130614.6240234375	8595.58056640625	8596
5227.716796875	130692.919921875	8633.7275390625	8634
5230.85009765625	130771.25244140625	8633.7275390625	8634
5233.9853515625	130849.6337890625	8633.7275390625	8634
5237.12255859375	130928.06396484375	8633.7275390625	8634
5240.26171875	131006.54296875	8626.6728515625	8627
5243.40234375	131085.05859375	8626.6728515625	8627
5246.54541015625	131163.63525390625	8626.6728515625	8627
5249.68994140625	131242.24853515625	8598.8017578125	8599
5252.8369140625	131320.9228515625	8598.8017578125	8599
5255.9853515625	131399.6337890625	8626.6728515625	8627
5259.1357421875	131478.3935546875	8626.6728515625	8627
5262.28759765625	131557.18994140625	8626.6728515625	8627
5265.44189453125	131636.04736328125	8626.6728515625	8627
5268.59814453125	131714.95361328125	8647.71484375	8648
5271.755859375	131793.896484375	8647.71484375	8648
5274.91552734375	131872.88818359375	8647.71484375	8648
5278.07763671875	131951.94091796875	8647.71484375	8648
5281.2412109375	132031.0302734375	8655.7919921875	8656
5284.40673828125	132110.16845703125	8671.70361328125	8672
5287.57373046875	132189.34326171875	8671.70361328125	8672
5290.7431640625	132268.5791015625	8683.6552734375	8684
5293.91455078125	132347.86376953125	8703.5400390625	8704
5297.08740234375	132427.18505859375	8703.5400390625	8704
5300.2626953125	132506.5673828125	8703.5400390625	8704
5303.439453125	132585.986328125	8690.640625	8691
5306.6181640625	132665.4541015625	8690.640625	8691
5309.798828125	132744.970703125	8724.36962890625	8724
5312.9814453125	132824.5361328125	8724.36962890625	8724
5316.166015625	132904.150390625	8724.36962890625	8724
5319.3525390625	132983.8134765625	8724.36962890625	8724
5322.541015625	133063.525390625	8715.755859375	8716
5325.73095703125	133143.27392578125	8715.755859375	8716
5328.92333984375	133223.08349609375	8740.63720703125	8741
5332.1171875	133302.9296875	8740.70166015625	8741
5335.3134765625	133382.8369140625	8742.63623046875	8743
5338.51123046875	133462.78076171875	8786.4814453125	8786
5341.7109375	133542.7734375	8790.1767578125	8790
5344.9130859375	133622.8271484375	8769.501953125	8770
5348.11669921875	133702.91748046875	8762.435546875	8762
5351.322265625	133783.056640625	8762.435546875	8762
5354.52978515625	133863.24462890625	8786.4814453125	8786
5357.7392578125	133943.4814453125	8786.4814453125	8786
5360.9501953125	134023.7548828125	8786.4814453125	8786
5364.16357421875	134104.08935546875	8811.29833984375	8811
5367.37890625	134184.47265625	8811.29833984375	8811
5370.59619140625	134264.90478515625	8811.29833984375	8811
5373.81494140625	134345.37353515625	8811.29833984375	8811
5377.0361328125	134425.9033203125	8811.29833984375	8811
5380.2587890625	134506.4697265625	8811.29833984375	8811
5383.48388671875	134587.09716796875	8830.14697265625	8830
5386.71044921875	134667.76123046875	8830.14697265625	8830
5389.939453125	134748.486328125	8845.9033203125	8846
5393.169921875	134829.248046875	8830.14697265625	8830
5396.40234375	134910.05859375	8817.11376953125	8817
5399.63720703125	134990.93017578125	8817.11376953125	8817
5402.87353515625	135071.83837890625	8817.11376953125	8817
5406.11181640625	135152.79541015625	8830.14697265625	8830
5409.3525390625	135233.8134765625	8832.0322265625	8832
5412.5947265625	135314.8681640625	8832.0322265625	8832
5415.8388671875	135395.9716796875	8832.0322265625	8832
5419.0849609375	135477.1240234375	8848.2783203125	8848
5422.3330078125	135558.3251953125	8848.2783203125	8848
5425.5830078125	135639.5751953125	8848.2783203125	8848
5428.83544921875	135720.88623046875	8848.2783203125	8848
5432.08935546875	135802.23388671875	8848.2783203125	8848
5435.34521484375	135883.63037109375	8848.2783203125	8848
5438.60302734375	135965.07568359375	8858.8154296875	8859
5441.86279296875	136046.56982421875	8858.931640625	8859
5445.12451171875	136128.11279296875	8858.931640625	8859
5448.38818359375	136209.70458984375	8855.166015625	8855
5451.65380859375	136291.34521484375	8858.931640625	8859
5454.921875	136373.046875	8858.931640625	8859
5458.19140625	136454.78515625	8858.931640625	8859
5461.462890625	136536.572265625	8884.291015625	8884
5464.736328125	136618.408203125	8884.291015625	8884
5468.01171875	136700.29296875	8910.87548828125	8911
5471.2890625	136782.2265625	8910.87548828125	8911
5474.56884765625	136864.22119140625	8925.13134765625	8925
5477.85009765625	136946.25244140625	8933.90380859375	8934
5481.13330078125	137028.33251953125	8933.90380859375	8934
5484.4189453125	137110.4736328125	8937.87255859375	8938
5487.7060546875	137192.6513671875	8941.25927734375	8941
5490.9951171875	137274.8779296875	8971.681640625	8972
5494.28662109375	137357.16552734375	8971.681640625	8972
5497.57958984375	137439.48974609375	8971.681640625	8972
5500.875	137521.875	8995.54296875	8996
5504.171875	137604.296875	8995.54296875	8996
5507.47119140625	137686.77978515625	9028.51220703125	9029
5510.7724609375	137769.3115234375	9028.51220703125	9029
5514.0751953125	137851.8798828125	9028.51220703125	9029
5517.38037109375	137934.50927734375	9028.51220703125	9029
5520.6875	138017.1875	9028.51220703125	9029
5523.99658203125	138099.91455078125	9028.98095703125	9029
5527.3076171875	138182.6904296875	9028.98095703125	9029
5530.62060546875	138265.51513671875	9028.98095703125	9029
5533.935546875	138348.388671875	9028.98095703125	9029
5537.25244140625	138431.31103515625	9047.6767578125	9048
5540.5712890625	138514.2822265625	9045.18603515625	9045
5543.89208984375	138597.30224609375	9058.650390625	9059
5547.21533203125	138680.38330078125	9058.650390625	9059
5550.5400390625	138763.5009765625	9080.7705078125	9081
5553.8671875	138846.6796875	9080.7705078125	9081
5557.19580078125	138929.89501953125	9071.85986328125	9072
5560.52685546875	139013.17138671875	9071.85986328125	9072
5563.85986328125	139096.49658203125	9087.14013671875	9087
5567.19482421875	139179.87060546875	9087.14013671875	9087
5570.53173828125	139263.29345703125	9107.0322265625	9107
5573.87060546875	139346.76513671875	9092.94775390625	9093
5577.21142578125	139430.28564453125	9092.94775390625	9093
5580.55419921875	139513.85498046875	9087.14013671875	9087
5583.89892578125	139597.47314453125	9087.14013671875	9087
5587.24609375	139681.15234375	9087.14013671875	9087
5590.59521484375	139764.88037109375	9108.966796875	9109
5593.94580078125	139848.64501953125	9123.328125	9123
5597.298828125	139932.470703125	9123.328125	9123
5600.65380859375	140016.34521484375	9128.65673828125	9129
5604.0107421875	140100.2685546875	9128.65673828125	9129
5607.36962890625	140184.24072265625	9128.65673828125	9129
5610.73046875	140268.26171875	9138.6533203125	9139
5614.09375	140352.34375	9138.6533203125	9139
5617.45849609375	140436.46240234375	9145.38671875	9145
5620.82568359375	140520.64208984375	9145.38671875	9145
5624.19482421875	140604.87060546875	9138.6533203125	9139
5627.56591796875	140689.14794921875	9145.38671875	9145
5630.93896484375	140773.47412109375	9150.841796875	9151
5634.31396484375	140857.84912109375	9164.62353515625	9165
5637.69091796875	140942.27294921875	9164.62353515625	9165
5641.0703125	141026.7578125	9188.75	9189
5644.45166015625	141111.29150390625	9169.3857421875	9169
5647.83447265625	141195.86181640625	9169.82177734375	9170
5651.2197265625	141280.4931640625	9169.3857421875	9169
5654.60693359375	141365.17333984375	9169.3857421875	9169
5657.99658203125	141449.91455078125	9176.5263671875	9177
5661.3876953125	141534.6923828125	9176.5263671875	9177
5664.78125	141619.53125	9176.5263671875	9177
5668.1767578125	141704.4189453125	9176.5263671875	9177
5671.57373046875	141789.34326171875	9176.5263671875	9177
5674.9736328125	141874.3408203125	9176.5263671875	9177
5678.375	141959.375	9176.5263671875	9177
5681.7783203125	142044.4580078125	9179.73291015625	9180
5685.18408203125	142129.60205078125	9185.10791015625	9185
5688.591796875	142214.794921875	9185.10791015625	9185
5692.00146484375	142300.03662109375	9209.22021484375	9209
5695.4130859375	142385.3271484375	9242.1826171875	9242
5698.82666015625	142470.66650390625	9242.1826171875	9242
5702.24267578125	142556.06689453125	9212.6279296875	9213
5705.66015625	142641.50390625	9241.1005859375	9241
5709.080078125	142727.001953125	9249.1142578125	9249
5712.50244140625	142812.56103515625	9249.1142578125	9249
5715.92626953125	142898.15673828125	9235.98388671875	9236
5719.35205078125	142983.80126953125	9235.98388671875	9236
5722.7802734375	143069.5068359375	9235.98388671875	9236
5726.21044921875	143155.26123046875	9235.98388671875	9236
5729.642578125	143241.064453125	9258.876953125	9259
5733.0771484375	143326.9287109375	9261.8671875	9262
5736.51318359375	143412.82958984375	9261.8671875	9262
5739.95166015625	143498.79150390625	9261.8671875	9262
5743.39208984375	143584.80224609375	9261.8671875	9262
5746.83447265625	143670.86181640625	9280.5400390625	9281
5750.279296875	143756.982421875	9280.5400390625	9281
5753.72607421875	143843.15185546875	9288.2255859375	9288
5757.1748046875	143929.3701171875	9288.2255859375	9288
5760.62548828125	144015.63720703125	9253.853515625	9254
5764.078125	144101.953125	9253.853515625	9254
5767.533203125	144188.330078125	9253.853515625	9254
5770.990234375	144274.755859375	9253.853515625	9254
5774.44921875	144361.23046875	9256.34814453125	9256
5777.91015625	144447.75390625	9261.8671875	9262
5781.37353515625	144534.33837890625	9247.77392578125	9248
5784.8388671875	144620.9716796875	9247.77392578125	9248
5788.30615234375	144707.65380859375	9255.39892578125	9255
5791.775390625	144794.384765625	9267.451171875	9267
5795.2470703125	144881.1767578125	9267.451171875	9267
5798.720703125	144968.017578125	9306.705078125	9307
5802.1962890625	145054.9072265625	9324.361328125	9324
5805.673828125	145141.845703125	9329.9609375	9330
5809.15380859375	145228.84521484375	9329.9609375	9330
5812.6357421875	145315.8935546875	9382.83642578125	9383
5816.11962890625	145402.99072265625	9377.8583984375	9378
5819.60595703125	145490.14892578125	9414.498046875	9414
5823.09423828125	145577.35595703125	9414.498046875	9414
5826.58447265625	145664.61181640625	9404.37890625	9404
5830.07666015625	145751.91650390625	9377.8583984375	9378
5833.5712890625	145839.2822265625	9341.98193359375	9342
5837.06787109375	145926.69677734375	9349.2490234375	9349
5840.56640625	146014.16015625	9358.4404296875	9358
5844.0673828125	146101.6845703125	9358.4404296875	9358
5847.56982421875	146189.24560546875	9358.4404296875	9358
5851.0751953125	146276.8798828125	9377.69384765625	9378
5854.58203125	146364.55078125	9424.97802734375	9425
5858.09130859375	146452.28271484375	9424.97802734375	9425
5861.6025390625	146540.0634765625	9424.97802734375	9425
5865.11572265625	146627.89306640625	9436.95263671875	9437
5868.63134765625	146715.78369140625	9436.95263671875	9437
5872.14892578125	146803.72314453125	9425.7705078125	9426
5875.66845703125	146891.71142578125	9425.7705078125	9426
5879.1904296875	146979.7607421875	9425.7705078125	9426
5882.71435546875	147067.85888671875	9414.18603515625	9414
5886.240234375	147156.005859375	9424.97802734375	9425
5889.7685546875	147244.2138671875	9433.6025390625	9434
5893.298828125	147332.470703125	9433.6025390625	9434
5896.8310546875	147420.7763671875	9433.6025390625	9434
5900.365234375	147509.130859375	9465.1142578125	9465
5903.90185546875	147597.54638671875	9487.5302734375	9488
5907.44091796875	147686.02294921875	9487.5302734375	9488
5910.9814453125	147774.5361328125	9495.8544921875	9496
5914.5244140625	147863.1103515625	9495.8544921875	9496
5918.06982421875	147951.74560546875	9495.8544921875	9496
5921.61669921875	148040.41748046875	9495.8544921875	9496
5925.166015625	148129.150390625	9504.66796875	9505
5928.7177734375	148217.9443359375	9533.79296875	9534
5932.271484375	148306.787109375	9537.97705078125	9538
5935.8271484375	148395.6787109375	9537.97705078125	9538
5939.384765625	148484.619140625	9559.05810546875	9559
5942.94482421875	148573.62060546875	9570.783203125	9571
5946.5068359375	148662.6708984375	9570.783203125	9571
5950.0712890625	148751.7822265625	9586.34375	9586
5953.6376953125	148840.9423828125	9586.34375	9586
5957.2060546875	148930.1513671875	9586.34375	9586
5960.77685546875	149019.42138671875	9586.34375	9586
5964.349609375	149108.740234375	9585.62353515625	9586
5967.92431640625	149198.10791015625	9585.62353515625	9586
5971.50146484375	149287.53662109375	9585.62353515625	9586
5975.0810546875	149377.0263671875	9585.62353515625	9586
5978.662109375	149466.552734375	9586.34375	9586
5982.24560546875	149556.14013671875	9615.90478515625	9616
5985.83154296875	149645.78857421875	9630.1298828125	9630
5989.41943359375	149735.48583984375	9641.4296875	9641
5993.00927734375	149825.23193359375	9640.34375	9640
5996.6015625	149915.0390625	9638.28369140625	9638
6000.19580078125	150004.89501953125	9640.34375	9640
6003.7919921875	150094.7998046875	9640.34375	9640
6007.390625	150184.765625	9653.5146484375	9654
6010.9912109375	150274.7802734375	9653.5146484375	9654
6014.59423828125	150364.85595703125	9668.64111328125	9669
6018.19921875	150454.98046875	9668.64111328125	9669
6021.806640625	150545.166015625	9698.0	9698
6025.416015625	150635.400390625	9655.47021484375	9655
6029.02734375	150725.68359375	9655.47021484375	9655
6032.64111328125	150816.02783203125	9667.3037109375	9667
6036.25732421875	150906.43310546875	9667.3037109375	9667
6039.875	150996.875	9667.3037109375	9667
6043.4951171875	151087.3779296875	9708.8828125	9709
6047.11767578125	151177.94189453125	9708.8828125	9709
6050.7421875	151268.5546875	9708.8828125	9709
6054.369140625	151359.228515625	9708.8828125	9709
6057.998046875	151449.951171875	9681.66748046875	9682
6061.62890625	151540.72265625	9663.66357421875	9664
6065.26220703125	151631.55517578125	9663.66357421875	9664
6068.8974609375	151722.4365234375	9673.9951171875	9674
6072.53515625	151813.37890625	9700.11328125	9700
6076.17529296875	151904.38232421875	9700.11328125	9700
6079.81689453125	151995.42236328125	9700.11328125	9700
6083.46142578125	152086.53564453125	9681.66748046875	9682
6087.107421875	152177.685546875	9698.1484375	9698
6090.75634765625	152268.90869140625	9698.1484375	9698
6094.40673828125	152360.16845703125	9681.66748046875	9682
6098.0595703125	152451.4892578125	9698.1484375	9698
6101.71484375	152542.87109375	9731.21630859375	9731
6105.3720703125	152634.3017578125	9740.865234375	9741
6109.03173828125	152725.79345703125	9745.2978515625	9745
6112.693359375	152817.333984375	9760.611328125	9761
6116.35693359375	152908.92333984375	9760.611328125	9761
6120.02294921875	153000.57373046875	9760.611328125	9761
6123.69140625	153092.28515625	9760.611328125	9761
6127.36181640625	153184.04541015625	9760.611328125	9761
6131.03466796875	153275.86669921875	9766.22705078125	9766
6134.70947265625	153367.73681640625	9766.22705078125	9766
6138.38623046875	153459.65576171875	9776.65966796875	9777
6142.06591796875	153551.64794921875	9767.57958984375	9768
6145.7470703125	153643.6767578125	9770.9619140625	9771
6149.4306640625	153735.7666015625	9770.9619140625	9771
6153.11669921875	153827.91748046875	9770.9619140625	9771
6156.8046875	153920.1171875	9766.22705078125	9766
6160.4951171875	154012.3779296875	9785.17919921875	9785
6164.1875	154104.6875	9785.17919921875	9785
6167.88232421875	154197.05810546875	9785.17919921875	9785
6171.5791015625	154289.4775390625	9810.5380859375	9811
6175.2783203125	154381.9580078125	9810.5380859375	9811
6178.97998046875	154474.49951171875	9789.7373046875	9790
6182.68359375	154567.08984375	9785.17919921875	9785
6186.38916015625	154659.72900390625	9785.17919921875	9785
6190.09716796875	154752.42919921875	9785.17919921875	9785
6193.8076171875	154845.1904296875	9789.7373046875	9790
6197.52001953125	154938.00048828125	9789.7373046875	9790
6201.23486328125	155030.87158203125	9789.7373046875	9790
6204.95166015625	155123.79150390625	9803.16015625	9803
6208.6708984375	155216.7724609375	9803.16015625	9803
6212.39208984375	155309.80224609375	9795.73583984375	9796
6216.11572265625	155402.89306640625	9819.83056640625	9820
6219.841796875	155496.044921875	9803.1591796875	9803
6223.56982421875	155589.24560546875	9783.54931640625	9784
6227.30029296875	155682.50732421875	9783.54931640625	9784
6231.03271484375	155775.81787109375	9783.54931640625	9784
6234.767578125	155869.189453125	9792.603515625	9793
6238.50439453125	155962.60986328125	9792.603515625	9793
6242.24365234375	156056.09130859375	9822.68310546875	9823
6245.9853515625	156149.6337890625	9834.21923828125	9834
6249.72900390625	156243.22509765625	9834.21923828125	9834
6253.47509765625	156336.87744140625	9834.21923828125	9834
6257.22314453125	156430.57861328125	9825.1533203125	9825
6260.9736328125	156524.3408203125	9831.83544921875	9832
6264.7265625	156618.1640625	9826.2392578125	9826
6268.4814453125	156712.0361328125	9847.462890625	9847
6272.23876953125	156805.96923828125	9809.8740234375	9810
6275.998046875	156899.951171875	9832.80078125	9833
6279.759765625	156993.994140625	9832.80078125	9833
6283.52392578125	157088.09814453125	9826.2392578125	9826
6287.2900390625	157182.2509765625	9847.462890625	9847
6291.05859375	157276.46484375	9809.8740234375	9810
6294.82958984375	157370.73974609375	9812.3056640625	9812
6298.6025390625	157465.0634765625	9831.4951171875	9831
6302.3779296875	157559.4482421875	9831.4951171875	9831
6306.1552734375	157653.8818359375	9856.1806640625	9856
6309.93505859375	157748.37646484375	9860.69921875	9861
6313.71728515625	157842.93212890625	9860.69921875	9861
6317.50146484375	157937.53662109375	9860.69921875	9861
6321.2880859375	158032.2021484375	9860.69921875	9861
6325.0771484375	158126.9287109375	9876.33056640625	9876
6328.8681640625	158221.7041015625	9917.359375	9917
6332.66162109375	158316.54052734375	9917.359375	9917
6336.45751953125	158411.43798828125	9941.40283203125	9941
6340.25537109375	158506.38427734375	9945.0263671875	9945
6344.0556640625	158601.3916015625	9941.40283203125	9941
6347.8583984375	158696.4599609375	9941.40283203125	9941
6351.6630859375	158791.5771484375	9953.029296875	9953
6355.47021484375	158886.75537109375	9975.25634765625	9975
6359.279296875	158981.982421875	9962.61279296875	9963
6363.09130859375	159077.28271484375	9962.61279296875	9963
6366.9052734375	159172.6318359375	9962.61279296875	9963
6370.72119140625	159268.02978515625	9975.25634765625	9975
6374.5400390625	159363.5009765625	9976.57373046875	9977
6378.36083984375	159459.02099609375	9978.3310546875	9978
6382.18359375	159554.58984375	9986.48974609375	9986
6386.00927734375	159650.23193359375	9986.48974609375	9986
6389.8369140625	159745.9228515625	10001.28076171875	10001
6393.6669921875	159841.6748046875	10001.28076171875	10001
6397.4990234375	159937.4755859375	10001.28076171875	10001
6401.33349609375	160033.33740234375	10020.21337890625	10020
6405.17041015625	160129.26025390625	10042.0908203125	10042
6409.009765625	160225.244140625	10020.21337890625	10020
6412.85107421875	160321.27685546875	10020.21337890625	10020
6416.69482421875	160417.37060546875	10020.21337890625	10020
6420.541015625	160513.525390625	10020.21337890625	10020
6424.3896484375	160609.7412109375	10038.8505859375	10039
6428.240234375	160706.005859375	10055.5234375	10056
6432.09326171875	160802.33154296875	10071.69140625	10072
6435.9482421875	160898.7060546875	10071.69140625	10072
6439.80615234375	160995.15380859375	10075.18603515625	10075
6443.666015625	161091.650390625	10075.18603515625	10075
6447.5283203125	161188.2080078125	10075.18603515625	10075
6451.392578125	161284.814453125	10075.18603515625	10075
6455.259765625	161381.494140625	10094.42626953125	10094
6459.12890625	161478.22265625	10094.42626953125	10094
6463.00048828125	161575.01220703125	10094.42626953125	10094
6466.8740234375	161671.8505859375	10094.42626953125	10094
6470.75048828125	161768.76220703125	10094.42626953125	10094
6474.62890625	161865.72265625	10102.185546875	10102
6478.509765625	161962.744140625	10104.67822265625	10105
6482.392578125	162059.814453125	10104.67822265625	10105
6486.2783203125	162156.9580078125	10104.67822265625	10105
6490.166015625	162254.150390625	10108.1494140625	10108
6494.05615234375	162351.40380859375	10108.1494140625	10108
6497.94873046875	162448.71826171875	10108.1494140625	10108
6501.84326171875	162546.08154296875	10104.67822265625	10105
6505.740234375	162643.505859375	10104.67822265625	10105
6509.6396484375	162740.9912109375	10119.16455078125	10119
6513.54150390625	162838.53759765625	10119.16455078125	10119
6517.44580078125	162936.14501953125	10119.16455078125	10119
6521.35205078125	163033.80126953125	10122.7392578125	10123
6525.26123046875	163131.53076171875	10122.7392578125	10123
6529.17236328125	163229.30908203125	10127.7529296875	10128
6533.0859375	163327.1484375	10127.7529296875	10128
6537.00146484375	163425.03662109375	10127.7529296875	10128
6540.919921875	163522.998046875	10127.7529296875	10128
6544.84033203125	163621.00830078125	10156.70947265625	10157
6548.76318359375	163719.07958984375	10161.82763671875	10162
6552.6884765625	163817.2119140625	10162.7548828125	10163
6556.6162109375	163915.4052734375	10146.04736328125	10146
6560.5458984375	164013.6474609375	10146.04736328125	10146
6564.47802734375	164111.95068359375	10146.04736328125	10146
6568.4130859375	164210.3271484375	10157.60107421875	10158
6572.35009765625	164308.75244140625	10160.5419921875	10161
6576.2890625	164407.2265625	10168.26318359375	10168
6580.23095703125	164505.77392578125	10170.29248046875	10170
6584.17529296875	164604.38232421875	10170.29248046875	10170
6588.12158203125	164703.03955078125	10170.29248046875	10170
6592.0703125	164801.7578125	10208.76611328125	10209
6596.021484375	164900.537109375	10208.76611328125	10209
6599.97509765625	164999.37744140625	10208.76611328125	10209
6603.93115234375	165098.27880859375	10207.7587890625	10208
6607.88916015625	165197.22900390625	10229.560546875	10230
6611.85009765625	165296.25244140625	10219.318359375	10219
6615.81298828125	165395.32470703125	10247.52392578125	10248
6619.7783203125	165494.4580078125	10247.52392578125	10248
6623.74609375	165593.65234375	10247.52392578125	10248
6627.71630859375	165692.90771484375	10276.52294921875	10277
6631.68896484375	165792.22412109375	10278.57958984375	10279
6635.6640625	165891.6015625	10277.25244140625	10277
6639.64111328125	165991.02783203125	10277.25244140625	10277
6643.62109375	166090.52734375	10279.6650390625	10280
6647.60302734375	166190.07568359375	10277.76611328125	10278
6651.58740234375	166289.68505859375	10297.48095703125	10297
6655.57470703125	166389.36767578125	10295.068359375	10295
6659.56396484375	166489.09912109375	10295.068359375	10295
6663.55517578125	166588.87939453125	10277.25244140625	10277
6667.54931640625	166688.73291015625	10296.470703125	10296
6671.5458984375	166788.6474609375	10298.88330078125	10299
6675.544921875	166888.623046875	10298.88330078125	10299
6679.5458984375	166988.6474609375	10298.88330078125	10299
6683.54931640625	167088.73291015625	10298.88330078125	10299
6687.5556640625	167188.8916015625	10306.4990234375	10306
6691.56396484375	167289.09912109375	10318.0029296875	10318
6695.57470703125	167389.36767578125	10321.68798828125	10322
6699.587890625	167489.697265625	10321.68798828125	10322
6703.603515625	167590.087890625	10321.68798828125	10322
6707.62158203125	167690.53955078125	10321.68798828125	10322
6711.64208984375	167791.05224609375	10321.68798828125	10322
6715.6650390625	167891.6259765625	10321.68798828125	10322
6719.6904296875	167992.2607421875	10321.68798828125	10322
6723.71826171875	168092.95654296875	10318.0029296875	10318
6727.748046875	168193.701171875	10330.29052734375	10330
6731.78076171875	168294.51904296875	10330.29052734375	10330
6735.8154296875	168395.3857421875	10330.29052734375	10330
6739.85302734375	168496.32568359375	10359.5302734375	10360
6743.892578125	168597.314453125	10377.4609375	10377
6747.93505859375	168698.37646484375	10382.52587890625	10383
6751.9794921875	168799.4873046875	10397.23779296875	10397
6756.0263671875	168900.6591796875	10397.23779296875	10397
6760.076171875	169001.904296875	10397.23779296875	10397
6764.1279296875	169103.1982421875	10397.23779296875	10397
6768.18212890625	169204.55322265625	10422.41357421875	10422
6772.23876953125	169305.96923828125	10422.41357421875	10422
6776.29833984375	169407.45849609375	10397.23779296875	10397
6780.35986328125	169508.99658203125	10382.52587890625	10383
6784.423828125	169610.595703125	10382.52587890625	10383
6788.490234375	169712.255859375	10422.41357421875	10422
6792.55908203125	169813.97705078125	10433.43798828125	10433
6796.630859375	169915.771484375	10440.84619140625	10441
6800.70458984375	170017.61474609375	10440.583984375	10441
6804.78076171875	170119.51904296875	10432.14306640625	10432
6808.859375	170221.484375	10432.14306640625	10432
6812.9404296875	170323.5107421875	10432.14306640625	10432
6817.02392578125	170425.59814453125	10432.14306640625	10432
6821.1103515625	170527.7587890625	10432.14306640625	10432
6825.19873046875	170629.96826171875	10434.01123046875	10434
6829.28955078125	170732.23876953125	10434.01123046875	10434
6833.3828125	170834.5703125	10434.01123046875	10434
6837.478515625	170936.962890625	10434.01123046875	10434
6841.5771484375	171039.4287109375	10413.9697265625	10414
6845.677734375	171141.943359375	10443.19677734375	10443
6849.78076171875	171244.51904296875	10441.5908203125	10442
6853.88671875	171347.16796875	10485.20947265625	10485
6857.99462890625	171449.86572265625	10485.20947265625	10485
6862.10546875	171552.63671875	10451.69384765625	10452
6866.21826171875	171655.45654296875	10451.69384765625	10452
6870.333984375	171758.349609375	10451.69384765625	10452
6874.45166015625	171861.29150390625	10495.97021484375	10496
6878.572265625	171964.306640625	10495.97021484375	10496
6882.6953125	172067.3828125	10495.97021484375	10496
6886.82080078125	172170.52001953125	10481.48388671875	10481
6890.94873046875	172273.71826171875	10523.51171875	10524
6895.0791015625	172376.9775390625	10515.73486328125	10516
6899.2119140625	172480.2978515625	10517.69384765625	10518
6903.34716796875	172583.67919921875	10517.69384765625	10518
6907.48486328125	172687.12158203125	10529.57666015625	10530
6911.625	172790.625	10529.57666015625	10530
6915.767578125	172894.189453125	10529.57666015625	10530
6919.9130859375	172997.8271484375	10549.6982421875	10550
6924.060546875	173101.513671875	10549.6982421875	10550
6928.2109375	173205.2734375	10549.6982421875	10550
6932.36328125	173309.08203125	10549.6982421875	10550
6936.5185546875	173412.9638671875	10549.6982421875	10550
6940.67626953125	173516.90673828125	10549.6982421875	10550
6944.83642578125	173620.91064453125	10520.625	10521
6948.9990234375	173724.9755859375	10521.77880859375	10522
6953.1640625	173829.1015625	10525.62255859375	10526
6957.33203125	173933.30078125	10521.77880859375	10522
6961.501953125	174037.548828125	10561.4833984375	10561
6965.6748046875	174141.8701171875	10602.345703125	10602
6969.849609375	174246.240234375	10602.345703125	10602
6974.02734375	174350.68359375	10602.345703125	10602
6978.20751953125	174455.18798828125	10602.345703125	10602
6982.39013671875	174559.75341796875	10602.345703125	10602
6986.5751953125	174664.3798828125	10625.5732421875	10626
6990.7626953125	174769.0673828125	10625.5732421875	10626
6994.953125	174873.828125	10635.58740234375	10636
6999.14599609375	174978.64990234375	10626.923828125	10627
7003.3408203125	175083.5205078125	10633.60693359375	10634
7007.53857421875	175188.46435546875	10633.60693359375	10634
7011.73876953125	175293.46923828125	10642.72314453125	10643
7015.94140625	175398.53515625	10642.72314453125	10643
7020.14697265625	175503.67431640625	10642.72314453125	10643
7024.3544921875	175608.8623046875	10642.72314453125	10643
7028.56494140625	175714.12353515625	10642.72314453125	10643
7032.77783203125	175819.44580078125	10642.72314453125	10643
7036.9931640625	175924.8291015625	10602.345703125	10602
7041.2109375	176030.2734375	10602.345703125	10602
7045.431640625	176135.791015625	10602.345703125	10602
7049.654296875	176241.357421875	10629.541015625	10630
7053.8798828125	176346.9970703125	10629.541015625	10630
7058.10791015625	176452.69775390625	10624.9853515625	10625
7062.33837890625	176558.45947265625	10624.9853515625	10625
7066.5712890625	176664.2822265625	10604.052734375	10604
7070.80712890625	176770.17822265625	10637.34228515625	10637
7075.044921875	176876.123046875	10658.859375	10659
7079.28564453125	176982.14111328125	10658.859375	10659
7083.52880859375	177088.22021484375	10668.2724609375	10668
7087.77490234375	177194.37255859375	10668.2724609375	10668
7092.02294921875	177300.57373046875	10668.2724609375	10668
7096.27392578125	177406.84814453125	10668.2724609375	10668
7100.52734375	177513.18359375	10686.32275390625	10686
7104.783203125	177619.580078125	10686.32275390625	10686
7109.0419921875	177726.0498046875	10680.404296875	10680
7113.302734375	177832.568359375	10692.6982421875	10693
7117.56640625	177939.16015625	10692.6982421875	10693
7121.83251953125	178045.81298828125	10693.98193359375	10694
7126.1015625	178152.5390625	10692.6982421875	10693
7130.37255859375	178259.31396484375	10692.6982421875	10693
7134.646484375	178366.162109375	10692.6982421875	10693
7138.9228515625	178473.0712890625	10692.6982421875	10693
7143.2021484375	178580.0537109375	10692.6982421875	10693
7147.4833984375	178687.0849609375	10692.6982421875	10693
7151.767578125	178794.189453125	10704.2685546875	10704
7156.05419921875	178901.35498046875	10713.8896484375	10714
7160.34326171875	179008.58154296875	10729.52392578125	10730
7164.63525390625	179115.88134765625	10729.52392578125	10730
7168.9296875	179223.2421875	10739.6884765625	10740
7173.2265625	179330.6640625	10739.6884765625	10740
7177.5263671875	179438.1591796875	10739.6884765625	10740
7181.828125	179545.703125	10728.35595703125	10728
7186.1328125	179653.3203125	10732.10791015625	10732
7190.4404296875	179761.0107421875	10728.1025390625	10728
7194.75	179868.75	10720.048828125	10720
7199.0625	179976.5625	10720.048828125	10720
7203.37744140625	180084.43603515625	10720.048828125	10720
7207.6953125	180192.3828125	10741.87255859375	10742
7212.01513671875	180300.37841796875	10741.87255859375	10742
7216.337890625	180408.447265625	10741.87255859375	10742
7220.66357421875	180516.58935546875	10756.2490234375	10756
7224.9912109375	180624.7802734375	10756.2490234375	10756
7229.32177734375	180733.04443359375	10756.2490234375	10756
7233.6552734375	180841.3818359375	10741.87255859375	10742
7237.99072265625	180949.76806640625	10741.87255859375	10742
7242.3291015625	181058.2275390625	10741.87255859375	10742
7246.67041015625	181166.76025390625	10741.87255859375	10742
7251.013671875	181275.341796875	10756.2490234375	10756
7255.35986328125	181383.99658203125	10756.2490234375	10756
7259.70849609375	181492.71240234375	10756.2490234375	10756
7264.06005859375	181601.50146484375	10756.2490234375	10756
7268.4140625	181710.3515625	10756.2490234375	10756
7272.7705078125	181819.2626953125	10741.87255859375	10742
7277.1298828125	181928.2470703125	10741.87255859375	10742
7281.49169921875	182037.29248046875	10741.87255859375	10742
7285.85595703125	182146.39892578125	10768.994140625	10769
7290.22314453125	182255.57861328125	10768.994140625	10769
7294.5927734375	182364.8193359375	10768.994140625	10769
7298.96484375	182474.12109375	10768.994140625	10769
7303.33984375	182583.49609375	10756.2490234375	10756
7307.71728515625	182692.93212890625	10756.2490234375	10756
7312.09765625	182802.44140625	10784.73095703125	10785
7316.48046875	182912.01171875	10797.33740234375	10797
7320.86572265625	183021.64306640625	10797.33740234375	10797
7325.25390625	183131.34765625	10784.73095703125	10785
7329.64453125	183241.11328125	10784.73095703125	10785
7334.03759765625	183350.93994140625	10784.73095703125	10785
7338.43359375	183460.83984375	10795.59814453125	10796
7342.83203125	183570.80078125	10851.00390625	10851
7347.2333984375	183680.8349609375	10851.00390625	10851
7351.63720703125	183790.93017578125	10862.67919921875	10863
7356.04345703125	183901.08642578125	10862.67919921875	10863
7360.45263671875	184011.31591796875	10852.96044921875	10853
7364.8642578125	184121.6064453125	10852.96044921875	10853
7369.27880859375	184231.97021484375	10852.96044921875	10853
7373.69580078125	184342.39501953125	10882.69482421875	10883
7378.11572265625	184452.89306640625	10882.69482421875	10883
7382.5380859375	184563.4521484375	10893.40673828125	10893
7386.962890625	184674.072265625	10893.40673828125	10893
7391.390625	184784.765625	10893.40673828125	10893
7395.82080078125	184895.52001953125	10882.69482421875	10883
7400.25390625	185006.34765625	10914.36962890625	10914
7404.689453125	185117.236328125	10893.40673828125	10893
7409.1279296875	185228.1982421875	10893.40673828125	10893
7413.56884765625	185339.22119140625	10906.94091796875	10907
7418.01220703125	185450.30517578125	10906.94091796875	10907
7422.45849609375	185561.46240234375	10909.40283203125	10909
7426.9072265625	185672.6806640625	10909.40283203125	10909
7431.35888671875	185783.97216796875	10909.40283203125	10909
7435.81298828125	185895.32470703125	10922.46826171875	10922
7440.27001953125	186006.75048828125	10922.46826171875	10922
7444.72998046875	186118.24951171875	10938.92529296875	10939
7449.19189453125	186229.79736328125	10966.1826171875	10966
7453.65673828125	186341.41845703125	10966.1826171875	10966
7458.12451171875	186453.11279296875	10966.1826171875	10966
7462.5947265625	186564.8681640625	10966.1826171875	10966
7467.06787109375	186676.69677734375	10967.318359375	10967
7471.54345703125	186788.58642578125	10967.318359375	10967
7476.02197265625	186900.54931640625	10967.318359375	10967
7480.5029296875	187012.5732421875	10957.107421875	10957
7484.986328125	187124.658203125	10957.107421875	10957
7489.47314453125	187236.82861328125	10957.107421875	10957
7493.9619140625	187349.0478515625	10974.0419921875	10974
7498.45361328125	187461.34033203125	10974.0419921875	10974
7502.9482421875	187573.7060546875	10974.0419921875	10974
7507.4453125	187686.1328125	10970.64208984375	10971
7511.9453125	187798.6328125	10970.64208984375	10971
7516.44775390625	187911.19384765625	10974.0419921875	10974
7520.953125	188023.828125	10974.0419921875	10974
7525.4609375	188136.5234375	10974.0419921875	10974
7529.9716796875	188249.2919921875	10974.0419921875	10974
7534.48486328125	188362.12158203125	10977.2685546875	10977
7539.0009765625	188475.0244140625	10954.26123046875	10954
7543.52001953125	188588.00048828125	10954.26123046875	10954
7548.04150390625	188701.03759765625	10951.51318359375	10952
7552.5654296875	188814.1357421875	10977.4013671875	10977
7557.09228515625	188927.30712890625	10977.4013671875	10977
7561.6220703125	189040.5517578125	10970.64208984375	10971
7566.154296875	189153.857421875	10970.64208984375	10971
7570.689453125	189267.236328125	10970.64208984375	10971
7575.22705078125	189380.67626953125	10981.2919921875	10981
7579.767578125	189494.189453125	10977.4013671875	10977
7584.31103515625	189607.77587890625	10982.1357421875	10982
7588.85693359375	189721.42333984375	10988.54931640625	10989
7593.4052734375	189835.1318359375	10996.95703125	10997
7597.95703125	189948.92578125	11000.77197265625	11001
7602.51123046875	190062.78076171875	11028.365234375	11028
7607.06787109375	190176.69677734375	11025.52294921875	11026
7611.62744140625	190290.68603515625	11000.77197265625	11001
7616.18994140625	190404.74853515625	11000.77197265625	11001
7620.7548828125	190518.8720703125	11000.77197265625	11001
7625.32275390625	190633.06884765625	11000.77197265625	11001
7629.89306640625	190747.32666015625	11039.83056640625	11040
7634.46630859375	190861.65771484375	11044.306640625	11044
7639.04248046875	190976.06201171875	11032.01123046875	11032
7643.62109375	191090.52734375	11032.01123046875	11032
7648.20263671875	191205.06591796875	11026.70263671875	11027
7652.78662109375	191319.66552734375	11026.70263671875	11027
7657.37353515625	191434.33837890625	11037.08447265625	11037
7661.96337890625	191549.08447265625	11038.72265625	11039
7666.5556640625	191663.8916015625	11032.3037109375	11032
7671.15087890625	191778.77197265625	11032.3037109375	11032
7675.7490234375	191893.7255859375	11032.3037109375	11032
7680.349609375	192008.740234375	11016.73095703125	11017
7684.953125	192123.828125	11016.73095703125	11017
7689.5595703125	192238.9892578125	11027.23046875	11027
7694.16845703125	192354.21142578125	11043.7373046875	11044
7698.7802734375	192469.5068359375	11055.95068359375	11056
7703.39501953125	192584.87548828125	11046.4833984375	11046
7708.01220703125	192700.30517578125	11032.107421875	11032
7712.63232421875	192815.80810546875	11039.9267578125	11040
7717.25537109375	192931.38427734375	11039.9267578125	11040
7721.880859375	193047.021484375	11032.107421875	11032
7726.50927734375	193162.73193359375	11032.107421875	11032
7731.14013671875	193278.50341796875	11028.5556640625	11029
7735.7744140625	193394.3603515625	11028.5556640625	11029
7740.4111328125	193510.2783203125	11028.5556640625	11029
7745.05029296875	193626.25732421875	11028.5556640625	11029
7749.69287109375	193742.32177734375	11031.3017578125	11031
7754.337890625	193858.447265625	11034.853515625	11035
7758.98583984375	193974.64599609375	11046.4833984375	11046
7763.63623046875	194090.90576171875	11067.26123046875	11067
7768.28955078125	194207.23876953125	11077.3427734375	11077
7772.94580078125	194323.64501953125	11077.3427734375	11077
7777.60498046875	194440.12451171875	11056.56494140625	11057
7782.2666015625	194556.6650390625	11077.3427734375	11077
7786.93115234375	194673.27880859375	11089.408203125	11089
7791.5986328125	194789.9658203125	11100.95263671875	11101
7796.2685546875	194906.7138671875	11102.53369140625	11103
7800.94189453125	195023.54736328125	11114.38330078125	11114
7805.61767578125	195140.44189453125	11121.7392578125	11122
7810.2958984375	195257.3974609375	11121.7392578125	11122
7814.9775390625	195374.4384765625	11121.7392578125	11122
7819.66162109375	195491.54052734375	11121.7392578125	11122
7824.3486328125	195608.7158203125	11121.7392578125	11122
7829.03857421875	195725.96435546875	11121.7392578125	11122
7833.73095703125	195843.27392578125	11121.7392578125	11122
7838.42626953125	195960.65673828125	11130.47705078125	11130
7843.12451171875	196078.11279296875	11142.0263671875	11142
7847.82568359375	196195.64208984375	11144.57666015625	11145
7852.52978515625	196313.24462890625	11155.71728515625	11156
7857.236328125	196430.908203125	11155.71728515625	11156
7861.94580078125	196548.64501953125	11148.19921875	11148
7866.658203125	196666.455078125	11166.81494140625	11167
7871.37353515625	196784.33837890625	11166.81494140625	11167
7876.09130859375	196902.28271484375	11166.81494140625	11167
7880.81201171875	197020.30029296875	11176.93359375	11177
7885.53564453125	197138.39111328125	11176.93359375	11177
7890.26220703125	197256.55517578125	11182.8583984375	11183
7894.99169921875	197374.79248046875	11182.8583984375	11183
7899.7236328125	197493.0908203125	11176.93359375	11177
7904.458984375	197611.474609375	11204.0283203125	11204
7909.19677734375	197729.91943359375	11231.1884765625	11231
7913.9375	197848.4375	11231.1884765625	11231
7918.6806640625	197967.0166015625	11211.63916015625	11212
7923.42724609375	198085.68115234375	11223.8544921875	11224
7928.17626953125	198204.40673828125	11223.8544921875	11224
7932.92822265625	198323.20556640625	11248.06689453125	11248
7937.68310546875	198442.07763671875	11248.06689453125	11248
7942.44091796875	198561.02294921875	11248.06689453125	11248
7947.20166015625	198680.04150390625	11248.06689453125	11248
7951.96484375	198799.12109375	11270.59033203125	11271
7956.7314453125	198918.2861328125	11270.59033203125	11271
7961.50048828125	199037.51220703125	11270.59033203125	11271
7966.2724609375	199156.8115234375	11270.59033203125	11271
7971.04736328125	199276.18408203125	11270.59033203125	11271
7975.8251953125	199395.6298828125	11270.59033203125	11271
7980.60546875	199515.13671875	11267.626953125	11268
7985.38916015625	199634.72900390625	11267.626953125	11268
7990.17529296875	199754.38232421875	11271.64453125	11272
7994.96484375	199874.12109375	11271.64453125	11272
7999.7568359375	199993.9208984375	11212.23828125	11212
8004.5517578125	200113.7939453125	11212.23828125	11212
8009.349609375	200233.740234375	11296.03759765625	11296
8014.150390625	200353.759765625	11283.3603515625	11283
8018.95361328125	200473.84033203125	11341.55712890625	11342
8023.76025390625	200594.00634765625	11341.55712890625	11342
8028.5693359375	200714.2333984375	11345.01953125	11345
8033.3818359375	200834.5458984375	11345.01953125	11345
8038.19677734375	200954.91943359375	11345.01953125	11345
8043.0146484375	201075.3662109375	11345.01953125	11345
8047.83544921875	201195.88623046875	11354.06982421875	11354
8052.6591796875	201316.4794921875	11354.06982421875	11354
8057.48583984375	201437.14599609375	11354.06982421875	11354
8062.3154296875	201557.8857421875	11354.06982421875	11354
8067.14794921875	201678.69873046875	11354.06982421875	11354
8071.9833984375	201799.5849609375	11354.06982421875	11354
8076.82177734375	201920.54443359375	11354.06982421875	11354
8081.66259765625	202041.56494140625	11354.06982421875	11354
8086.5068359375	202162.6708984375	11354.06982421875	11354
8091.353515625	202283.837890625	11395.44384765625	11395
8096.20361328125	202405.09033203125	11364.27001953125	11364
8101.05615234375	202526.40380859375	11364.27001953125	11364
8105.912109375	202647.802734375	11364.27001953125	11364
8110.7705078125	202769.2626953125	11377.505859375	11378
8115.6318359375	202890.7958984375	11387.36376953125	11387
8120.49658203125	203012.41455078125	11387.36376953125	11387
8125.36376953125	203134.09423828125	11387.36376953125	11387
8130.23388671875	203255.84716796875	11378.8154296875	11379
8135.10693359375	203377.67333984375	11378.8154296875	11379
8139.9833984375	203499.5849609375	11412.7236328125	11413
8144.8623046875	203621.5576171875	11412.7236328125	11413
8149.744140625	203743.603515625	11412.7236328125	11413
8154.62890625	203865.72265625	11412.7236328125	11413
8159.5166015625	203987.9150390625	11412.7236328125	11413
8164.4072265625	204110.1806640625	11412.7236328125	11413
8169.30126953125	204232.53173828125	11433.25341796875	11433
8174.19775390625	204354.94384765625	11463.41552734375	11463
8179.09716796875	204477.42919921875	11476.50537109375	11477
8183.99951171875	204599.98779296875	11476.50537109375	11477
8188.90478515625	204722.61962890625	11487.54345703125	11488
8193.8134765625	204845.3369140625	11487.54345703125	11488
8198.724609375	204968.115234375	11491.46875	11491
8203.638671875	205090.966796875	11491.46875	11491
8208.5556640625	205213.8916015625	11505.205078125	11505
8213.4755859375	205336.8896484375	11505.205078125	11505
8218.3994140625	205459.9853515625	11498.01953125	11498
8223.3251953125	205583.1298828125	11497.0791015625	11497
8228.25390625	205706.34765625	11497.0791015625	11497
8233.185546875	205829.638671875	11497.0791015625	11497
8238.12109375	205953.02734375	11507.31298828125	11507
8243.05859375	206076.46484375	11479.40576171875	11479
8247.9990234375	206199.9755859375	11479.40576171875	11479
8252.943359375	206323.583984375	11479.40576171875	11479
8257.8896484375	206447.2412109375	11438.24462890625	11438
8262.8388671875	206570.9716796875	11438.24462890625	11438
8267.7919921875	206694.7998046875	11438.24462890625	11438
8272.748046875	206818.701171875	11438.24462890625	11438
8277.7060546875	206942.6513671875	11506.23193359375	11506
8282.66796875	207066.69921875	11506.23193359375	11506
8287.6318359375	207190.7958984375	11506.23193359375	11506
8292.599609375	207314.990234375	11506.23193359375	11506
8297.5703125	207439.2578125	11506.23193359375	11506
8302.5439453125	207563.5986328125	11506.23193359375	11506
8307.5205078125	207688.0126953125	11506.23193359375	11506
8312.4990234375	207812.4755859375	11512.05322265625	11512
8317.4814453125	207937.0361328125	11506.79833984375	11507
8322.466796875	208061.669921875	11512.05322265625	11512
8327.4560546875	208186.4013671875	11506.79833984375	11507
8332.447265625	208311.181640625	11510.8154296875	11511
8337.44140625	208436.03515625	11510.8154296875	11511
8342.4384765625	208560.9619140625	11510.8154296875	11511
8347.439453125	208685.986328125	11512.05322265625	11512
8352.4423828125	208811.0595703125	11512.05322265625	11512
8357.4482421875	208936.2060546875	11523.7275390625	11524
8362.4580078125	209061.4501953125	11525.48681640625	11525
8367.470703125	209186.767578125	11525.48681640625	11525
8372.4853515625	209312.1337890625	11525.48681640625	11525
8377.50390625	209437.59765625	11515.08251953125	11515
8382.525390625	209563.134765625	11525.48681640625	11525
8387.5498046875	209688.7451171875	11525.48681640625	11525
8392.5771484375	209814.4287109375	11549.8125	11550
8397.607421875	209940.185546875	11549.8125	11550
8402.640625	210066.015625	11549.8125	11550
8407.677734375	210191.943359375	11549.8125	11550
8412.716796875	210317.919921875	11549.8125	11550
8417.7587890625	210443.9697265625	11549.8125	11550
8422.8046875	210570.1171875	11549.8125	11550
8427.853515625	210696.337890625	11549.8125	11550
8432.9052734375	210822.6318359375	11549.8125	11550
8437.958984375	210948.974609375	11513.8447265625	11514
8443.0166015625	211075.4150390625	11583.9423828125	11584
8448.0771484375	211201.9287109375	11583.9423828125	11584
8453.1416015625	211328.5400390625	11579.0966796875	11579
8458.2080078125	211455.2001953125	11579.0966796875	11579
8463.27734375	211581.93359375	11579.0966796875	11579
8468.3505859375	211708.7646484375	11579.0966796875	11579
8473.42578125	211835.64453125	11580.4150390625	11580
8478.5048828125	211962.6220703125	11598.38720703125	11598
8483.5869140625	212089.6728515625	11598.38720703125	11598
8488.671875	212216.796875	11637.005859375	11637
8493.759765625	212343.994140625	11619.1416015625	11619
8498.8505859375	212471.2646484375	11619.1416015625	11619
8503.9453125	212598.6328125	11607.06787109375	11607
8509.0419921875	212726.0498046875	11613.3525390625	11613
8514.142578125	212853.564453125	11613.3525390625	11613
8519.24609375	212981.15234375	11613.3525390625	11613
8524.3515625	213108.7890625	11620.8212890625	11621
8529.4609375	213236.5234375	11614.4560546875	11614
8534.57421875	213364.35546875	11614.4560546875	11614
8539.689453125	213492.236328125	11608.17138671875	11608
8544.8076171875	213620.1904296875	11608.17138671875	11608
8549.9296875	213748.2421875	11620.2451171875	11620
8555.0546875	213876.3671875	11614.53662109375	11615
8560.181640625	214004.541015625	11614.53662109375	11615
8565.3125	214132.8125	11628.3935546875	11628
8570.4462890625	214261.1572265625	11645.095703125	11645
8575.583984375	214389.599609375	11619.1650390625	11619
8580.7236328125	214518.0908203125	11619.1650390625	11619
8585.8671875	214646.6796875	11650.99755859375	11651
8591.013671875	214775.341796875	11608.74755859375	11609
8596.1630859375	214904.0771484375	11655.6025390625	11656
8601.3154296875	215032.8857421875	11677.44970703125	11677
8606.470703125	215161.767578125	11677.44970703125	11677
8611.62890625	215290.72265625	11698.48388671875	11698
8616.791015625	215419.775390625	11698.48388671875	11698
8621.9560546875	215548.9013671875	11724.21337890625	11724
8627.123046875	215678.076171875	11724.21337890625	11724
8632.294921875	215807.373046875	11724.21337890625	11724
8637.46875	215936.71875	11724.21337890625	11724
8642.6455078125	216066.1376953125	11724.21337890625	11724
8647.826171875	216195.654296875	11724.21337890625	11724
8653.009765625	216325.244140625	11724.21337890625	11724
8658.1962890625	216454.9072265625	11704.9443359375	11705
8663.3857421875	216584.6435546875	11703.89599609375	11704
8668.578125	216714.453125	11683.52685546875	11684
8673.7744140625	216844.3603515625	11662.49267578125	11662
8678.97265625	216974.31640625	11662.49267578125	11662
8684.1748046875	217104.3701171875	11662.49267578125	11662
8689.3798828125	217234.4970703125	11684.5751953125	11685
8694.5888671875	217364.7216796875	11721.7431640625	11722
8699.7998046875	217494.9951171875	11721.7431640625	11722
8705.0146484375	217625.3662109375	11684.5751953125	11685
8710.232421875	217755.810546875	11697.56884765625	11698
8715.453125	217886.328125	11697.56884765625	11698
8720.6767578125	218016.9189453125	11721.7431640625	11722
8725.904296875	218147.607421875	11721.7431640625	11722
8731.1337890625	218278.3447265625	11721.7431640625	11722
8736.3671875	218409.1796875	11721.78759765625	11722
8741.603515625	218540.087890625	11721.78759765625	11722
8746.84375	218671.09375	11721.78759765625	11722
8752.0859375	218802.1484375	11721.78759765625	11722
8757.33203125	218933.30078125	11757.1259765625	11757
8762.5810546875	219064.5263671875	11757.1259765625	11757
8767.8330078125	219195.8251953125	11757.1259765625	11757
8773.0888671875	219327.2216796875	11757.1259765625	11757
8778.3466796875	219458.6669921875	11757.1259765625	11757
8783.6083984375	219590.2099609375	11757.1259765625	11757
8788.873046875	219721.826171875	11757.1259765625	11757
8794.1416015625	219853.5400390625	11757.1259765625	11757
8799.412109375	219985.302734375	11757.1259765625	11757
8804.6865234375	220117.1630859375	11757.1259765625	11757
8809.9638671875	220249.0966796875	11757.1259765625	11757
8815.244140625	220381.103515625	11757.1259765625	11757
8820.5283203125	220513.2080078125	11757.1259765625	11757
8825.8154296875	220645.3857421875	11791.3603515625	11791
8831.10546875	220777.63671875	11804.47119140625	11804
8836.3984375	220909.9609375	11823.46484375	11823
8841.6953125	221042.3828125	11824.26806640625	11824
8846.994140625	221174.853515625	11804.47119140625	11804
8852.296875	221307.421875	11791.3603515625	11791
8857.603515625	221440.087890625	11791.3603515625	11791
8862.912109375	221572.802734375	11794.0537109375	11794
8868.224609375	221705.615234375	11794.0537109375	11794
8873.5400390625	221838.5009765625	11806.34326171875	11806
8878.8583984375	221971.4599609375	11754.38330078125	11754
8884.1806640625	222104.5166015625	11749.9013671875	11750
8889.505859375	222237.646484375	11778.56787109375	11779
8894.833984375	222370.849609375	11745.25146484375	11745
8900.1650390625	222504.1259765625	11784.921875	11785
8905.5	222637.5	11745.25146484375	11745
8910.837890625	222770.947265625	11774.77734375	11775
8916.1787109375	222904.4677734375	11746.11083984375	11746
8921.5234375	223038.0859375	11779.42724609375	11779
8926.8701171875	223171.7529296875	11779.42724609375	11779
8932.2216796875	223305.5419921875	11779.42724609375	11779
8937.5751953125	223439.3798828125	11779.42724609375	11779
8942.9326171875	223573.3154296875	11787.69970703125	11788
8948.2919921875	223707.2998046875	11789.57177734375	11790
8953.65625	223841.40625	11789.57177734375	11790
8959.0224609375	223975.5615234375	11789.57177734375	11790
8964.392578125	224109.814453125	11801.17724609375	11801
8969.765625	224244.140625	11811.5947265625	11812
8975.1416015625	224378.5400390625	11803.46826171875	11803
8980.521484375	224513.037109375	11803.46826171875	11803
8985.904296875	224647.607421875	11805.6103515625	11806
8991.2900390625	224782.2509765625	11807.14111328125	11807
8996.6796875	224916.9921875	11807.14111328125	11807
9002.072265625	225051.806640625	11807.14111328125	11807
9007.4677734375	225186.6943359375	11805.6103515625	11806
9012.8671875	225321.6796875	11810.7763671875	11811
9018.2685546875	225456.7138671875	11802.0048828125	11802
9023.6748046875	225591.8701171875	11802.0048828125	11802
9029.0830078125	225727.0751953125	11802.0048828125	11802
9034.4951171875	225862.3779296875	11802.0048828125	11802
9039.91015625	225997.75390625	11804.96484375	11805
9045.328125	226133.203125	11804.96484375	11805
9050.75	226268.75	11804.96484375	11805
9056.1748046875	226404.3701171875	11805.6103515625	11806
9061.603515625	226540.087890625	11805.6103515625	11806
9067.0341796875	226675.8544921875	11810.7763671875	11811
9072.46875	226811.71875	11810.7763671875	11811
9077.9072265625	226947.6806640625	11799.86279296875	11800
9083.3486328125	227083.7158203125	11799.86279296875	11800
9088.79296875	227219.82421875	11799.86279296875	11800
9094.240234375	227356.005859375	11799.86279296875	11800
9099.69140625	227492.28515625	11799.86279296875	11800
9105.1455078125	227628.6376953125	11780.2607421875	11780
9110.603515625	227765.087890625	11755.62890625	11756
9116.0634765625	227901.5869140625	11755.62890625	11756
9121.5283203125	228038.2080078125	11777.47900390625	11777
9126.9951171875	228174.8779296875	11777.47900390625	11777
9132.4658203125	228311.6455078125	11777.47900390625	11777
9137.939453125	228448.486328125	11774.0517578125	11774
9143.4169921875	228585.4248046875	11774.0517578125	11774
9148.8974609375	228722.4365234375	11790.17626953125	11790
9154.380859375	228859.521484375	11793.603515625	11794
9159.8681640625	228996.7041015625	11790.22705078125	11790
9165.3583984375	229133.9599609375	11790.22705078125	11790
9170.8515625	229271.2890625	11790.22705078125	11790
9176.3486328125	229408.7158203125	11790.22705078125	11790
9181.8486328125	229546.2158203125	11781.26318359375	11781
9187.3525390625	229683.8134765625	11781.26318359375	11781
9192.859375	229821.484375	11784.6904296875	11785
9198.369140625	229959.228515625	11784.6904296875	11785
9203.8828125	230097.0703125	11784.6904296875	11785
9209.3994140625	230234.9853515625	11784.6904296875	11785
9214.9189453125	230372.9736328125	11790.25927734375	11790
9220.4423828125	230511.0595703125	11865.2734375	11865
9225.96875	230649.21875	11865.2734375	11865
9231.4990234375	230787.4755859375	11865.2734375	11865
9237.0322265625	230925.8056640625	11865.2734375	11865
9242.5693359375	231064.2333984375	11865.2734375	11865
9248.1083984375	231202.7099609375	11888.71435546875	11889
9253.65234375	231341.30859375	11888.71435546875	11889
9259.1982421875	231479.9560546875	11888.71435546875	11889
9264.748046875	231618.701171875	11888.71435546875	11889
9270.3017578125	231757.5439453125	11865.2734375	11865
9275.8583984375	231896.4599609375	11865.2734375	11865
9281.41796875	232035.44921875	11838.576171875	11839
9286.98046875	232174.51171875	11844.341796875	11844
9292.5478515625	232313.6962890625	11844.341796875	11844
9298.1171875	232452.9296875	11854.81103515625	11855
9303.6904296875	232592.2607421875	11826.009765625	11826
9309.2666015625	232731.6650390625	11878.76513671875	11879
9314.8466796875	232871.1669921875	11832.814453125	11833
9320.4296875	233010.7421875	11832.814453125	11833
9326.0166015625	233150.4150390625	11837.91259765625	11838
9331.6064453125	233290.1611328125	11831.279296875	11831
9337.19921875	233429.98046875	11849.43994140625	11849
9342.7958984375	233569.8974609375	11849.43994140625	11849
9348.396484375	233709.912109375	11881.10498046875	11881
9353.9990234375	233849.9755859375	11881.10498046875	11881
9359.6064453125	233990.1611328125	11881.10498046875	11881
9365.2158203125	234130.3955078125	11917.91552734375	11918
9370.8291015625	234270.7275390625	11878.48779296875	11878
9376.4462890625	234411.1572265625	11894.3447265625	11894
9382.06640625	234551.66015625	11894.3447265625	11894
9387.689453125	234692.236328125	11904.5712890625	11905
9393.31640625	234832.91015625	11883.90673828125	11884
9398.947265625	234973.681640625	11890.59619140625	11891
9404.580078125	235114.501953125	11883.90673828125	11884
9410.2177734375	235255.4443359375	11870.6669921875	11871
9415.857421875	235396.435546875	11905.4814453125	11905
9421.501953125	235537.548828125	11899.30908203125	11899
9427.1484375	235678.7109375	11899.30908203125	11899
9432.798828125	235819.970703125	11927.978515625	11928
9438.453125	235961.328125	11927.978515625	11928
9444.1103515625	236102.7587890625	11927.978515625	11928
9449.7705078125	236244.2626953125	11927.978515625	11928
9455.4345703125	236385.8642578125	11944.7177734375	11945
9461.1025390625	236527.5634765625	11944.7177734375	11945
9466.7734375	236669.3359375	11967.52392578125	11968
9472.447265625	236811.181640625	11967.52392578125	11968
9478.125	236953.125	11967.52392578125	11968
9483.806640625	237095.166015625	11971.13916015625	11971
9489.4912109375	237237.2802734375	11971.13916015625	11971
9495.1787109375	237379.4677734375	11971.13916015625	11971
9500.8701171875	237521.7529296875	11961.22021484375	11961
9506.564453125	237664.111328125	11961.22021484375	11961
9512.2626953125	237806.5673828125	11961.22021484375	11961
9517.9638671875	237949.0966796875	11961.22021484375	11961
9523.6689453125	238091.7236328125	11961.22021484375	11961
9529.3779296875	238234.4482421875	11961.22021484375	11961
9535.0888671875	238377.2216796875	11995.06884765625	11995
9540.8046875	238520.1171875	11995.06884765625	11995
9546.5234375	238663.0859375	12002.05859375	12002
9552.2451171875	238806.1279296875	12012.39306640625	12012
9557.970703125	238949.267578125	11997.9130859375	11998
9563.69921875	239092.48046875	12008.48779296875	12008
9569.431640625	239235.791015625	12016.24072265625	12016
9575.16796875	239379.19921875	12022.3232421875	12022
9580.9072265625	239522.6806640625	12022.3232421875	12022
9586.6494140625	239666.2353515625	12022.27001953125	12022
9592.3955078125	239809.8876953125	12027.99267578125	12028
9598.1455078125	239953.6376953125	12027.99267578125	12028
9603.8984375	240097.4609375	12031.6650390625	12032
9609.654296875	240241.357421875	12031.6650390625	12032
9615.4140625	240385.3515625	12044.896484375	12045
9621.177734375	240529.443359375	12044.896484375	12045
9626.9443359375	240673.6083984375	12044.896484375	12045
9632.71484375	240817.87109375	12050.58642578125	12051
9638.48828125	240962.20703125	12050.58642578125	12051
9644.265625	241106.640625	12050.58642578125	12051
9650.046875	241251.171875	12056.02392578125	12056
9655.830078125	241395.751953125	12028.6904296875	12029
9661.6181640625	241540.4541015625	12044.2392578125	12044
9667.4091796875	241685.2294921875	12044.2392578125	12044
9673.2041015625	241830.1025390625	12048.01611328125	12048
9679.001953125	241975.048828125	12048.01611328125	12048
9684.802734375	242120.068359375	12048.01611328125	12048
9690.6083984375	242265.2099609375	12048.01611328125	12048
9696.416015625	242410.400390625	12048.01611328125	12048
9702.228515625	242555.712890625	12033.11181640625	12033
9708.0439453125	242701.0986328125	12033.11181640625	12033
9713.8623046875	242846.5576171875	12033.11181640625	12033
9719.6845703125	242992.1142578125	12033.11181640625	12033
9725.5107421875	243137.7685546875	12042.57861328125	12043
9731.33984375	243283.49609375	12050.58642578125	12051
9737.1728515625	243429.3212890625	12042.57861328125	12043
9743.0087890625	243575.2197265625	12053.7060546875	12054
9748.8486328125	243721.2158203125	12044.2392578125	12044
9754.6923828125	243867.3095703125	12048.0087890625	12048
9760.5390625	244013.4765625	12031.6650390625	12032
9766.3896484375	244159.7412109375	12031.6650390625	12032
9772.2431640625	244306.0791015625	12049.36328125	12049
9778.1005859375	244452.5146484375	12044.2392578125	12044
9783.9619140625	244599.0478515625	12028.6904296875	12029
9789.826171875	244745.654296875	12028.6904296875	12029
9795.693359375	244892.333984375	12028.6904296875	12029
9801.5654296875	245039.1357421875	12028.6904296875	12029
9807.4404296875	245186.0107421875	12028.6904296875	12029
9813.318359375	245332.958984375	12049.36328125	12049
9819.2001953125	245480.0048828125	12065.70703125	12066
9825.0859375	245627.1484375	12045.6787109375	12046
9830.974609375	245774.365234375	12045.6787109375	12046
9836.8671875	245921.6796875	12045.6787109375	12046
9842.763671875	246069.091796875	12045.6787109375	12046
9848.6630859375	246216.5771484375	12066.34130859375	12066
9854.56640625	246364.16015625	12066.34130859375	12066
9860.4736328125	246511.8408203125	12066.34130859375	12066
9866.3837890625	246659.5947265625	12066.34130859375	12066
9872.296875	246807.421875	12066.34130859375	12066
9878.21484375	246955.37109375	12066.34130859375	12066
9884.1357421875	247103.3935546875	12066.34130859375	12066
9890.0595703125	247251.4892578125	12067.90478515625	12068
9895.9873046875	247399.6826171875	12071.4462890625	12071
9901.9189453125	247547.9736328125	12087.1015625	12087
9907.8544921875	247696.3623046875	12100.69189453125	12101
9913.79296875	247844.82421875	12117.01416015625	12117
9919.7353515625	247993.3837890625	12117.01416015625	12117
9925.6806640625	248142.0166015625	12100.76123046875	12101
9931.6298828125	248290.7470703125	12100.76123046875	12101
9937.5830078125	248439.5751953125	12087.1708984375	12087
9943.5390625	248588.4765625	12087.1708984375	12087
9949.5	248737.5	12087.1708984375	12087
9955.462890625	248886.572265625	12087.1708984375	12087
9961.4306640625	249035.7666015625	12096.02587890625	12096
9967.4013671875	249185.0341796875	12096.02587890625	12096
9973.375	249334.375	12096.02587890625	12096
9979.353515625	249483.837890625	12120.85791015625	12121
9985.3349609375	249633.3740234375	12120.85791015625	12121
9991.3193359375	249782.9833984375	12149.77294921875	12150
9997.30859375	249932.71484375	12120.78857421875	12121
10003.30078125	250082.51953125	12120.78857421875	12121
10009.296875	250232.421875	12095.95654296875	12096
10015.2958984375	250382.3974609375	12095.95654296875	12096
10021.298828125	250532.470703125	12095.95654296875	12096
10027.3056640625	250682.6416015625	12123.412109375	12123
10033.3154296875	250832.8857421875	12152.4951171875	12152
10039.330078125	250983.251953125	12159.0	12159
10045.3466796875	251133.6669921875	12154.7490234375	12155
10051.3681640625	251284.2041015625	12159.0	12159
10057.392578125	251434.814453125	12152.4951171875	12152
10063.4208984375	251585.5224609375	12152.4951171875	12152
10069.453125	251736.328125	12159.0	12159
10075.48828125	251887.20703125	12159.0	12159
10081.52734375	252038.18359375	12172.3349609375	12172
10087.5703125	252189.2578125	12172.3349609375	12172
10093.6162109375	252340.4052734375	12159.0	12159
10099.6669921875	252491.6748046875	12144.45947265625	12144
10105.7197265625	252642.9931640625	12127.6630859375	12128
10111.77734375	252794.43359375	12142.8662109375	12143
10117.837890625	252945.947265625	12142.8662109375	12143
10123.90234375	253097.55859375	12138.615234375	12139
10129.970703125	253249.267578125	12138.615234375	12139
10136.04296875	253401.07421875	12138.615234375	12139
10142.1181640625	253552.9541015625	12138.615234375	12139
10148.197265625	253704.931640625	12138.615234375	12139
10154.279296875	253856.982421875	12138.615234375	12139
10160.3662109375	254009.1552734375	12127.7265625	12128
10166.4560546875	254161.4013671875	12127.7265625	12128
10172.5498046875	254313.7451171875	12143.6416015625	12144
10178.6474609375	254466.1865234375	12143.6416015625	12144
10184.748046875	254618.701171875	12127.7265625	12128
10190.8525390625	254771.3134765625	12127.7265625	12128
10196.9609375	254924.0234375	12127.7265625	12128
10203.072265625	255076.806640625	12127.7265625	12128
10209.1884765625	255229.7119140625	12127.7265625	12128
10215.3076171875	255382.6904296875	12159.13037109375	12159
10221.4306640625	255535.7666015625	12127.7265625	12128
10227.556640625	255688.916015625	12162.759765625	12163
10233.6875	255842.1875	12201.44921875	12201
10239.8212890625	255995.5322265625	12201.44921875	12201
10245.958984375	256148.974609375	12180.20654296875	12180
10252.099609375	256302.490234375	12155.28857421875	12155
10258.2451171875	256456.1279296875	12155.28857421875	12155
10264.3935546875	256609.8388671875	12155.28857421875	12155
10270.5458984375	256763.6474609375	12155.28857421875	12155
10276.7021484375	256917.5537109375	12155.28857421875	12155
10282.861328125	257071.533203125	12155.28857421875	12155
10289.025390625	257225.634765625	12117.7451171875	12118
10295.1923828125	257379.8095703125	12123.638671875	12124
10301.36328125	257534.08203125	12111.830078125	12112
10307.537109375	257688.427734375	12111.830078125	12112
10313.7158203125	257842.8955078125	12125.6884765625	12126
10319.8974609375	257997.4365234375	12125.6884765625	12126
10326.0830078125	258152.0751953125	12120.80419921875	12121
10332.2724609375	258306.8115234375	12142.24169921875	12142
10338.4658203125	258461.6455078125	12142.24169921875	12142
10344.662109375	258616.552734375	12154.041015625	12154
10350.8623046875	258771.5576171875	12142.24169921875	12142
10357.06640625	258926.66015625	12142.24169921875	12142
10363.2744140625	259081.8603515625	12158.0078125	12158
10369.486328125	259237.158203125	12158.0078125	12158
10375.7021484375	259392.5537109375	12158.0078125	12158
10381.9208984375	259548.0224609375	12178.6748046875	12179
10388.1435546875	259703.5888671875	12162.958984375	12163
10394.3701171875	259859.2529296875	12167.3759765625	12167
10400.6005859375	260015.0146484375	12167.3759765625	12167
10406.833984375	260170.849609375	12167.3759765625	12167
10413.072265625	260326.806640625	12167.3759765625	12167
10419.3134765625	260482.8369140625	12189.65478515625	12190
10425.55859375	260638.96484375	12200.95361328125	12201
10431.8076171875	260795.1904296875	12215.22509765625	12215
10438.060546875	260951.513671875	12239.53369140625	12240
10444.31640625	261107.91015625	12239.53369140625	12240
10450.5771484375	261264.4287109375	12239.53369140625	12240
10456.8408203125	261421.0205078125	12239.53369140625	12240
10463.1083984375	261577.7099609375	12239.53369140625	12240
10469.3798828125	261734.4970703125	12277.69091796875	12278
10475.6552734375	261891.3818359375	12265.56494140625	12266
10481.93359375	262048.33984375	12265.56494140625	12266
10488.216796875	262205.419921875	12265.56494140625	12266
10494.5029296875	262362.5732421875	12277.69091796875	12278
10500.7939453125	262519.8486328125	12277.69091796875	12278
10507.087890625	262677.197265625	12277.69091796875	12278
10513.3857421875	262834.6435546875	12272.2080078125	12272
10519.6865234375	262992.1630859375	12286.85888671875	12287
10525.9921875	263149.8046875	12301.04052734375	12301
10532.3017578125	263307.5439453125	12301.04052734375	12301
10538.6142578125	263465.3564453125	12301.04052734375	12301
10544.9306640625	263623.2666015625	12306.72314453125	12307
10551.251953125	263781.298828125	12292.54150390625	12293
10557.576171875	263939.404296875	12292.54150390625	12293
10563.9033203125	264097.5830078125	12294.1083984375	12294
10570.2353515625	264255.8837890625	12292.54150390625	12293
10576.5712890625	264414.2822265625	12292.54150390625	12293
10582.9111328125	264572.7783203125	12292.54150390625	12293
10589.25390625	264731.34765625	12226.50146484375	12227
10595.6005859375	264890.0146484375	12226.50146484375	12227
10601.9521484375	265048.8037109375	12196.11328125	12196
10608.306640625	265207.666015625	12257.03662109375	12257
10614.6650390625	265366.6259765625	12257.03662109375	12257
10621.02734375	265525.68359375	12257.03662109375	12257
10627.3935546875	265684.8388671875	12253.56884765625	12254
10633.763671875	265844.091796875	12287.46533203125	12287
10640.13671875	266003.41796875	12287.46533203125	12287
10646.5146484375	266162.8662109375	12211.84375	12212
10652.8955078125	266322.3876953125	12211.84375	12212
10659.28125	266482.03125	12163.8916015625	12164
10665.669921875	266641.748046875	12182.0576171875	12182
10672.0634765625	266801.5869140625	12182.0576171875	12182
10678.4599609375	266961.4990234375	12182.0576171875	12182
10684.8603515625	267121.5087890625	12235.70556640625	12236
10691.2646484375	267281.6162109375	12235.70556640625	12236
10697.6728515625	267441.8212890625	12260.39794921875	12260
10704.0849609375	267602.1240234375	12235.70556640625	12236
10710.5009765625	267762.5244140625	12205.4228515625	12205
10716.9208984375	267923.0224609375	12211.677734375	12212
10723.34375	268083.59375	12256.18798828125	12256
10729.771484375	268244.287109375	12307.24267578125	12307
10736.203125	268405.078125	12244.42822265625	12244
10742.6376953125	268565.9423828125	12244.42822265625	12244
10749.0771484375	268726.9287109375	12244.42822265625	12244
10755.51953125	268887.98828125	12202.51416015625	12203
10761.966796875	269049.169921875	12218.3330078125	12218
10768.4169921875	269210.4248046875	12223.728515625	12224
10774.87109375	269371.77734375	12223.728515625	12224
10781.330078125	269533.251953125	12267.82080078125	12268
10787.7919921875	269694.7998046875	12223.728515625	12224
10794.2578125	269856.4453125	12267.82080078125	12268
10800.7275390625	270018.1884765625	12262.13818359375	12262
10807.201171875	270180.029296875	12262.13818359375	12262
10813.6796875	270341.9921875	12305.67578125	12306
10820.1611328125	270504.0283203125	12303.85205078125	12304
10826.646484375	270666.162109375	12303.85205078125	12304
10833.1357421875	270828.3935546875	12303.85205078125	12304
10839.62890625	270990.72265625	12303.85205078125	12304
10846.1259765625	271153.1494140625	12303.85205078125	12304
10852.626953125	271315.673828125	12305.4189453125	12305
10859.1318359375	271478.2958984375	12323.2236328125	12323
10865.640625	271641.015625	12343.51953125	12344
10872.1533203125	271803.8330078125	12303.85205078125	12304
10878.669921875	271966.748046875	12302.34130859375	12302
10885.1904296875	272129.7607421875	12302.34130859375	12302
10891.71484375	272292.87109375	12302.34130859375	12302
10898.2431640625	272456.0791015625	12302.34130859375	12302
10904.775390625	272619.384765625	12312.92529296875	12313
10911.3115234375	272782.7880859375	12312.92529296875	12313
10917.8515625	272946.2890625	12312.92529296875	12313
10924.3955078125	273109.8876953125	12312.92529296875	12313
10930.943359375	273273.583984375	12312.92529296875	12313
10937.49609375	273437.40234375	12341.23583984375	12341
10944.0517578125	273601.2939453125	12363.0322265625	12363
10950.611328125	273765.283203125	12363.0322265625	12363
10957.1748046875	273929.3701171875	12363.0322265625	12363
10963.7421875	274093.5546875	12363.0322265625	12363
10970.3134765625	274257.8369140625	12379.302734375	12379
10976.8896484375	274422.2412109375	12379.302734375	12379
10983.46875	274586.71875	12399.841796875	12400
10990.0517578125	274751.2939453125	12397.59130859375	12398
10996.6396484375	274915.9912109375	12374.04736328125	12374
11003.23046875	275080.76171875	12374.04736328125	12374
11009.826171875	275245.654296875	12374.04736328125	12374
11016.4248046875	275410.6201171875	12374.04736328125	12374
11023.0283203125	275575.7080078125	12374.04736328125	12374
11029.634765625	275740.869140625	12377.80224609375	12378
11036.24609375	275906.15234375	12377.80224609375	12378
11042.861328125	276071.533203125	12384.455078125	12384
11049.4794921875	276236.9873046875	12397.24609375	12397
11056.1025390625	276402.5634765625	12397.24609375	12397
11062.7294921875	276568.2373046875	12395.45703125	12395
11069.3603515625	276734.0087890625	12388.24365234375	12388
11075.9951171875	276899.8779296875	12388.24365234375	12388
11082.6337890625	277065.8447265625	12375.9755859375	12376
11089.27734375	277231.93359375	12373.82421875	12374
11095.923828125	277398.095703125	12361.30859375	12361
11102.57421875	277564.35546875	12350.56201171875	12351
11109.2294921875	277730.7373046875	12341.23583984375	12341
11115.8876953125	277897.1923828125	12341.23583984375	12341
11122.55078125	278063.76953125	12341.23583984375	12341
11129.2177734375	278230.4443359375	12341.23583984375	12341
11135.8876953125	278397.1923828125	12350.56201171875	12351
11142.5625	278564.0625	12350.56201171875	12351
11149.2412109375	278731.0302734375	12350.56201171875	12351
11155.923828125	278898.095703125	12354.09814453125	12354
11162.6103515625	279065.2587890625	12350.56201171875	12351
11169.3017578125	279232.5439453125	12361.30859375	12361
11175.99609375	279399.90234375	12361.30859375	12361
11182.6953125	279567.3828125	12336.046875	12336
11189.3974609375	279734.9365234375	12336.046875	12336
11196.1044921875	279902.6123046875	12298.16943359375	12298
11202.8154296875	280070.3857421875	12325.2548828125	12325
11209.5302734375	280238.2568359375	12325.2548828125	12325
11216.2490234375	280406.2255859375	12325.2548828125	12325
11222.9716796875	280574.2919921875	12325.2548828125	12325
11229.6982421875	280742.4560546875	12366.787109375	12367
11236.4296875	280910.7421875	12377.5791015625	12378
11243.1650390625	281079.1259765625	12361.30859375	12361
11249.9033203125	281247.5830078125	12382.76513671875	12383
11256.646484375	281416.162109375	12382.76513671875	12383
11263.3935546875	281584.8388671875	12392.11279296875	12392
11270.14453125	281753.61328125	12392.11279296875	12392
11276.900390625	281922.509765625	12381.32080078125	12381
11283.6591796875	282091.4794921875	12323.43115234375	12323
11290.4228515625	282260.5712890625	12323.43115234375	12323
11297.189453125	282429.736328125	12390.6865234375	12391
11303.9609375	282599.0234375	12381.3388671875	12381
11310.736328125	282768.408203125	12386.67529296875	12387
11317.515625	282937.890625	12388.55224609375	12389
11324.2998046875	283107.4951171875	12388.55224609375	12389
11331.0869140625	283277.1728515625	12377.55029296875	12378
11337.87890625	283446.97265625	12364.83984375	12365
11344.6748046875	283616.8701171875	12375.841796875	12376
11351.474609375	283786.865234375	12377.630859375	12378
11358.2783203125	283956.9580078125	12325.80615234375	12326
11365.0869140625	284127.1728515625	12325.80615234375	12326
11371.8984375	284297.4609375	12325.80615234375	12326
11378.71484375	284467.87109375	12366.0087890625	12366
11385.53515625	284638.37890625	12374.58447265625	12375
11392.359375	284808.984375	12374.58447265625	12375
11399.1875	284979.6875	12366.0087890625	12366
11406.0205078125	285150.5126953125	12376.15283203125	12376
11412.8564453125	285321.4111328125	12381.025390625	12381
11419.697265625	285492.431640625	12381.025390625	12381
11426.5419921875	285663.5498046875	12420.3173828125	12420
11433.3916015625	285834.7900390625	12420.3173828125	12420
11440.244140625	286006.103515625	12391.16943359375	12391
11447.1015625	286177.5390625	12384.2646484375	12384
11453.962890625	286349.072265625	12366.0087890625	12366
11460.828125	286520.703125	12366.0087890625	12366
11467.697265625	286692.431640625	12366.0087890625	12366
11474.5712890625	286864.2822265625	12366.0087890625	12366
11481.4482421875	287036.2060546875	12366.0087890625	12366
11488.330078125	287208.251953125	12366.0087890625	12366
11495.216796875	287380.419921875	12384.2646484375	12384
11502.1064453125	287552.6611328125	12384.2646484375	12384
11509.0009765625	287725.0244140625	12384.2646484375	12384
11515.8994140625	287897.4853515625	12384.2646484375	12384
11522.8017578125	288070.0439453125	12384.2646484375	12384
11529.7080078125	288242.7001953125	12372.9638671875	12373
11536.619140625	288415.478515625	12363.41845703125	12363
11543.5341796875	288588.3544921875	12363.41845703125	12363
11550.453125	288761.328125	12387.94287109375	12388
11557.3759765625	288934.3994140625	12387.94287109375	12388
11564.3037109375	289107.5927734375	12391.1318359375	12391
11571.234375	289280.859375	12387.94287109375	12388
11578.169921875	289454.248046875	12396.65283203125	12397
11585.1103515625	289627.7587890625	12387.94287109375	12388
11592.0537109375	289801.3427734375	12405.66552734375	12406
11599.001953125	289975.048828125	12414.37548828125	12414
11605.9541015625	290148.8525390625	12415.06005859375	12415
11612.9111328125	290322.7783203125	12415.06005859375	12415
11619.8720703125	290496.8017578125	12415.06005859375	12415
11626.8359375	290670.8984375	12415.06005859375	12415
11633.8056640625	290845.1416015625	12415.06005859375	12415
11640.7783203125	291019.4580078125	12394.40234375	12394
11647.755859375	291193.896484375	12367.13427734375	12367
11654.7373046875	291368.4326171875	12367.13427734375	12367
11661.72265625	291543.06640625	12367.13427734375	12367
11668.712890625	291717.822265625	12387.7919921875	12388
11675.70703125	291892.67578125	12387.7919921875	12388
11682.705078125	292067.626953125	12367.13427734375	12367
11689.7080078125	292242.7001953125	12367.13427734375	12367
11696.7138671875	292417.8466796875	12367.13427734375	12367
11703.7255859375	292593.1396484375	12367.13427734375	12367
11710.740234375	292768.505859375	12396.73828125	12397
11717.759765625	292943.994140625	12396.73828125	12397
11724.783203125	293119.580078125	12408.00146484375	12408
11731.810546875	293295.263671875	12408.00146484375	12408
11738.8427734375	293471.0693359375	12408.00146484375	12408
11745.87890625	293646.97265625	12435.31103515625	12435
11752.9189453125	293822.9736328125	12363.59814453125	12364
11759.9638671875	293999.0966796875	12415.25244140625	12415
11767.01171875	294175.29296875	12410.7744140625	12411
11774.0654296875	294351.6357421875	12385.0546875	12385
11781.1220703125	294528.0517578125	12385.0546875	12385
11788.18359375	294704.58984375	12385.0546875	12385
11795.2490234375	294881.2255859375	12385.0546875	12385
11802.3193359375	295057.9833984375	12367.13427734375	12367
11809.3935546875	295234.8388671875	12396.65283203125	12397
11816.4716796875	295411.7919921875	12387.94287109375	12388
11823.5546875	295588.8671875	12391.1318359375	12391
11830.6416015625	295766.0400390625	12391.1318359375	12391
11837.732421875	295943.310546875	12391.1318359375	12391
11844.828125	296120.703125	12423.1181640625	12423
11851.927734375	296298.193359375	12423.1181640625	12423
11859.03125	296475.78125	12423.1181640625	12423
11866.1396484375	296653.4912109375	12423.1181640625	12423
11873.251953125	296831.298828125	12429.65576171875	12430
11880.3681640625	297009.2041015625	12429.65576171875	12430
11887.4892578125	297187.2314453125	12429.65576171875	12430
11894.6142578125	297365.3564453125	12429.65576171875	12430
11901.744140625	297543.603515625	12432.7099609375	12433
11908.8779296875	297721.9482421875	12432.7099609375	12433
11916.015625	297900.390625	12457.57470703125	12458
11923.158203125	298078.955078125	12444.7890625	12445
11930.3046875	298257.6171875	12444.7890625	12445
11937.4560546875	298436.4013671875	12464.14697265625	12464
11944.6103515625	298615.2587890625	12464.14697265625	12464
11951.7705078125	298794.2626953125	12486.33447265625	12486
11958.93359375	298973.33984375	12486.62939453125	12487
11966.1015625	299152.5390625	12486.62939453125	12487
11973.2744140625	299331.8603515625	12486.62939453125	12487
11980.451171875	299511.279296875	12493.6962890625	12494
11987.6318359375	299690.7958984375	12487.16064453125	12487
11994.8173828125	299870.4345703125	12487.16064453125	12487
12002.0068359375	300050.1708984375	12486.33447265625	12486
12009.2001953125	300230.0048828125	12454.85205078125	12455
12016.3984375	300409.9609375	12453.76806640625	12454
12023.6005859375	300590.0146484375	12453.76806640625	12454
12030.8076171875	300770.1904296875	12461.54541015625	12462
12038.0185546875	300950.4638671875	12461.54541015625	12462
12045.234375	301130.859375	12446.66015625	12447
12052.4541015625	301311.3525390625	12435.24267578125	12435
12059.677734375	301491.943359375	12435.24267578125	12435
12066.90625	301672.65625	12435.24267578125	12435
12074.1396484375	301853.4912109375	12443.43310546875	12443
12081.3759765625	302034.3994140625	12462.0166015625	12462
12088.6181640625	302215.4541015625	12457.80029296875	12458
12095.86328125	302396.58203125	12466.02392578125	12466
12103.11328125	302577.83203125	12457.80029296875	12458
12110.3681640625	302759.2041015625	12457.80029296875	12458
12117.626953125	302940.673828125	12457.80029296875	12458
12124.8896484375	303122.2412109375	12467.91943359375	12468
12132.1572265625	303303.9306640625	12462.73974609375	12463
12139.4296875	303485.7421875	12467.91943359375	12468
12146.705078125	303667.626953125	12475.1669921875	12475
12153.986328125	303849.658203125	12475.1669921875	12475
12161.2705078125	304031.7626953125	12473.46728515625	12473
12168.560546875	304214.013671875	12502.44970703125	12502
12175.853515625	304396.337890625	12487.16064453125	12487
12183.15234375	304578.80859375	12487.16064453125	12487
12190.4541015625	304761.3525390625	12487.16064453125	12487
12197.7607421875	304944.0185546875	12478.39404296875	12478
12205.072265625	305126.806640625	12478.39404296875	12478
12212.3876953125	305309.6923828125	12474.01025390625	12474
12219.7080078125	305492.7001953125	12465.24365234375	12465
12227.0322265625	305675.8056640625	12465.24365234375	12465
12234.3603515625	305859.0087890625	12474.01025390625	12474
12241.6943359375	306042.3583984375	12487.16064453125	12487
12249.03125	306225.78125	12481.421875	12481
12256.373046875	306409.326171875	12483.2373046875	12483
12263.7197265625	306592.9931640625	12491.419921875	12491
12271.0703125	306776.7578125	12517.2724609375	12517
12278.42578125	306960.64453125	12521.3271484375	12521
12285.78515625	307144.62890625	12521.3271484375	12521
12293.1484375	307328.7109375	12545.5126953125	12546
12300.517578125	307512.939453125	12545.5126953125	12546
12307.8896484375	307697.2412109375	12545.5126953125	12546
12315.267578125	307881.689453125	12549.4208984375	12549
12322.6484375	308066.2109375	12541.328125	12541
12330.03515625	308250.87890625	12541.328125	12541
12337.4248046875	308435.6201171875	12541.328125	12541
12344.8203125	308620.5078125	12531.1630859375	12531
12352.2197265625	308805.4931640625	12541.328125	12541
12359.623046875	308990.576171875	12549.4208984375	12549
12367.03125	309175.78125	12549.4208984375	12549
12374.4443359375	309361.1083984375	12545.5126953125	12546
12381.861328125	309546.533203125	12545.5126953125	12546
12389.2822265625	309732.0556640625	12538.43603515625	12538
12396.7080078125	309917.7001953125	12528.27099609375	12528
12404.138671875	310103.466796875	12519.15283203125	12519
12411.57421875	310289.35546875	12519.15283203125	12519
12419.0126953125	310475.3173828125	12488.42919921875	12488
12426.45703125	310661.42578125	12492.1318359375	12492
12433.9052734375	310847.6318359375	12519.15283203125	12519
12441.357421875	311033.935546875	12519.15283203125	12519
12448.8154296875	311220.3857421875	12531.1630859375	12531
12456.2763671875	311406.9091796875	12531.0009765625	12531
12463.7431640625	311593.5791015625	12541.328125	12541
12471.212890625	311780.322265625	12541.328125	12541
12478.6884765625	311967.2119140625	12549.291015625	12549
12486.16796875	312154.19921875	12549.291015625	12549
12493.65234375	312341.30859375	12549.291015625	12549
12501.140625	312528.515625	12555.78759765625	12556
12508.6337890625	312715.8447265625	12549.96337890625	12550
12516.130859375	312903.271484375	12549.96337890625	12550
12523.6328125	313090.8203125	12549.96337890625	12550
12531.1396484375	313278.4912109375	12555.78759765625	12556
12538.650390625	313466.259765625	12566.162109375	12566
12546.166015625	313654.150390625	12547.66259765625	12548
12553.685546875	313842.138671875	12547.66259765625	12548
12561.2109375	314030.2734375	12533.708984375	12534
12568.7392578125	314218.4814453125	12533.708984375	12534
12576.2734375	314406.8359375	12533.708984375	12534
12583.8115234375	314595.2880859375	12541.798828125	12542
12591.353515625	314783.837890625	12546.015625	12546
12598.900390625	314972.509765625	12546.015625	12546
12606.4521484375	315161.3037109375	12549.73876953125	12550
12614.0087890625	315350.2197265625	12550.703125	12551
12621.5693359375	315539.2333984375	12566.162109375	12566
12629.1337890625	315728.3447265625	12566.162109375	12566
12636.7041015625	315917.6025390625	12566.162109375	12566
12644.2783203125	316106.9580078125	12603.4169921875	12603
12651.857421875	316296.435546875	12603.4169921875	12603
12659.4404296875	316486.0107421875	12603.4169921875	12603
12667.0283203125	316675.7080078125	12603.4169921875	12603
12674.62109375	316865.52734375	12603.4169921875	12603
12682.2177734375	317055.4443359375	12616.2001953125	12616
12689.8193359375	317245.4833984375	12602.939453125	12603
12697.42578125	317435.64453125	12616.2001953125	12616
12705.0361328125	317625.9033203125	12616.2001953125	12616
12712.6513671875	317816.2841796875	12616.2001953125	12616
12720.271484375	318006.787109375	12587.78125	12588
12727.8955078125	318197.3876953125	12564.35302734375	12564
12735.5244140625	318388.1103515625	12602.2470703125	12602
12743.158203125	318578.955078125	12602.2470703125	12602
12750.7958984375	318769.8974609375	12602.2470703125	12602
12758.4384765625	318960.9619140625	12564.35302734375	12564
12766.0859375	319152.1484375	12564.35302734375	12564
12773.7373046875	319343.4326171875	12604.67578125	12605
12781.3935546875	319534.8388671875	12604.67578125	12605
12789.0546875	319726.3671875	12615.2646484375	12615
12796.720703125	319918.017578125	12615.2646484375	12615
12804.390625	320109.765625	12615.2646484375	12615
12812.0654296875	320301.6357421875	12615.2646484375	12615
12819.7451171875	320493.6279296875	12601.431640625	12601
12827.4287109375	320685.7177734375	12601.431640625	12601
12835.1171875	320877.9296875	12616.40966796875	12616
12842.810546875	321070.263671875	12616.40966796875	12616
12850.5087890625	321262.7197265625	12630.39404296875	12630
12858.2109375	321455.2734375	12630.39404296875	12630
12865.91796875	321647.94921875	12659.62841796875	12660
12873.6298828125	321840.7470703125	12674.29443359375	12674
12881.345703125	322033.642578125	12670.4013671875	12670
12889.06640625	322226.66015625	12658.564453125	12659
12896.7919921875	322419.7998046875	12658.564453125	12659
12904.5224609375	322613.0615234375	12667.9716796875	12668
12912.2568359375	322806.4208984375	12667.9716796875	12668
12919.99609375	322999.90234375	12658.564453125	12659
12927.740234375	323193.505859375	12658.564453125	12659
12935.4892578125	323387.2314453125	12670.4013671875	12670
12943.2421875	323581.0546875	12670.4013671875	12670
12951.0009765625	323775.0244140625	12670.4013671875	12670
12958.763671875	323969.091796875	12677.16796875	12677
12966.5302734375	324163.2568359375	12677.16796875	12677
12974.302734375	324357.568359375	12680.90673828125	12681
12982.0791015625	324551.9775390625	12688.416015625	12688
12989.8603515625	324746.5087890625	12688.416015625	12688
12997.646484375	324941.162109375	12732.20361328125	12732
13005.4365234375	325135.9130859375	12717.56884765625	12718
13013.232421875	325330.810546875	12722.56689453125	12723
13021.0322265625	325525.8056640625	12722.56689453125	12723
13028.8369140625	325720.9228515625	12732.81787109375	12733
13036.646484375	325916.162109375	12689.8486328125	12690
13044.4599609375	326111.4990234375	12691.3017578125	12691
13052.2783203125	326306.9580078125	12737.5986328125	12738
13060.1025390625	326502.5634765625	12728.62255859375	12729
13067.9306640625	326698.2666015625	12743.47265625	12743
13075.7626953125	326894.0673828125	12708.25537109375	12708
13083.6005859375	327090.0146484375	12702.38134765625	12702
13091.4423828125	327286.0595703125	12702.38134765625	12702
13099.2890625	327482.2265625	12702.38134765625	12702
13107.140625	327678.515625	12702.38134765625	12702
13114.9970703125	327874.9267578125	12708.25537109375	12708
13122.8583984375	328071.4599609375	12719.29248046875	12719
13130.7236328125	328268.0908203125	12719.29248046875	12719
13138.59375	328464.84375	12693.439453125	12693
13146.46875	328661.71875	12763.53125	12764
13154.3486328125	328858.7158203125	12763.53125	12764
13162.2333984375	329055.8349609375	12763.53125	12764
13170.123046875	329253.076171875	12763.53125	12764
13178.0166015625	329450.4150390625	12723.7158203125	12724
13185.9150390625	329647.8759765625	12680.90673828125	12681
13193.8193359375	329845.4833984375	12680.90673828125	12681
13201.7275390625	330043.1884765625	12730.5498046875	12731
13209.6396484375	330240.9912109375	12730.5498046875	12731
13217.5576171875	330438.9404296875	12730.5498046875	12731
13225.48046875	330637.01171875	12722.03125	12722
13233.4072265625	330835.1806640625	12688.484375	12688
13241.3388671875	331033.4716796875	12688.484375	12688
13249.275390625	331231.884765625	12690.67822265625	12691
13257.216796875	331430.419921875	12690.67822265625	12691
13265.1630859375	331629.0771484375	12700.0380859375	12700
13273.1142578125	331827.8564453125	12700.0380859375	12700
13281.0703125	332026.7578125	12711.92431640625	12712
13289.0302734375	332225.7568359375	12767.06396484375	12767
13296.99609375	332424.90234375	12767.06396484375	12767
13304.9658203125	332624.1455078125	12767.06396484375	12767
13312.9404296875	332823.5107421875	12767.06396484375	12767
13320.919921875	333022.998046875	12746.56884765625	12747
13328.904296875	333222.607421875	12746.56884765625	12747
13336.8935546875	333422.3388671875	12763.53125	12764
13344.8876953125	333622.1923828125	12746.56884765625	12747
13352.88671875	333822.16796875	12731.3759765625	12731
13360.8896484375	334022.2412109375	12731.3759765625	12731
13368.8984375	334222.4609375	12736.1181640625	12736
13376.9111328125	334422.7783203125	12736.1181640625	12736
13384.9296875	334623.2421875	12736.1181640625	12736
13392.9521484375	334823.8037109375	12736.1181640625	12736
13400.9794921875	335024.4873046875	12749.03662109375	12749
13409.01171875	335225.29296875	12749.03662109375	12749
13417.048828125	335426.220703125	12759.67578125	12760
13425.0908203125	335627.2705078125	12760.9501953125	12761
13433.1376953125	335828.4423828125	12760.9501953125	12761
13441.189453125	336029.736328125	12760.9501953125	12761
13449.24609375	336231.15234375	12756.16064453125	12756
13457.3076171875	336432.6904296875	12756.16064453125	12756
13465.3740234375	336634.3505859375	12756.16064453125	12756
13473.4443359375	336836.1083984375	12756.16064453125	12756
13481.5205078125	337038.0126953125	12786.263671875	12786
13489.6005859375	337240.0146484375	12790.908203125	12791
13497.6865234375	337442.1630859375	12790.908203125	12791
13505.7763671875	337644.4091796875	12790.908203125	12791
13513.8720703125	337846.8017578125	12790.908203125	12791
13521.9716796875	338049.2919921875	12790.908203125	12791
13530.0771484375	338251.9287109375	12790.908203125	12791
13538.1865234375	338454.6630859375	12790.908203125	12791
13546.30078125	338657.51953125	12780.6552734375	12781
13554.4208984375	338860.5224609375	12772.0498046875	12772
13562.544921875	339063.623046875	12772.0498046875	12772
13570.673828125	339266.845703125	12772.0498046875	12772
13578.80859375	339470.21484375	12763.6787109375	12764
13586.947265625	339673.681640625	12763.6787109375	12764
13595.0908203125	339877.2705078125	12763.6787109375	12764
13603.2392578125	340080.9814453125	12763.6787109375	12764
13611.3935546875	340284.8388671875	12763.6787109375	12764
13619.5517578125	340488.7939453125	12763.6787109375	12764
13627.71484375	340692.87109375	12763.6787109375	12764
13635.8837890625	340897.0947265625	12763.6787109375	12764
13644.056640625	341101.416015625	12784.33251953125	12784
13652.234375	341305.859375	12790.74853515625	12791
13660.41796875	341510.44921875	12790.74853515625	12791
13668.60546875	341715.13671875	12790.74853515625	12791
13676.7978515625	341919.9462890625	12790.74853515625	12791
13684.99609375	342124.90234375	12790.908203125	12791
13693.1982421875	342329.9560546875	12796.32373046875	12796
13701.40625	342535.15625	12796.32373046875	12796
13709.6181640625	342740.4541015625	12789.94091796875	12790
13717.8359375	342945.8984375	12789.94091796875	12790
13726.0576171875	343151.4404296875	12789.94091796875	12790
13734.28515625	343357.12890625	12789.94091796875	12790
13742.517578125	343562.939453125	12789.94091796875	12790
13750.7548828125	343768.8720703125	12789.94091796875	12790
13758.99609375	343974.90234375	12790.908203125	12791
13767.2431640625	344181.0791015625	12789.94091796875	12790
13775.4951171875	344387.3779296875	12790.908203125	12791
13783.751953125	344593.798828125	12824.5	12825
13792.013671875	344800.341796875	12824.5	12825
13800.2802734375	345007.0068359375	12814.392578125	12814
13808.552734375	345213.818359375	12814.392578125	12814
13816.8291015625	345420.7275390625	12814.392578125	12814
13825.1103515625	345627.7587890625	12824.35009765625	12824
13833.3974609375	345834.9365234375	12824.35009765625	12824
13841.6884765625	346042.2119140625	12840.841796875	12841
13849.9853515625	346249.6337890625	12840.841796875	12841
13858.287109375	346457.177734375	12831.32080078125	12831
13866.5927734375	346664.8193359375	12831.32080078125	12831
13874.904296875	346872.607421875	12831.32080078125	12831
13883.220703125	347080.517578125	12845.14111328125	12845
13891.54296875	347288.57421875	12845.14111328125	12845
13899.869140625	347496.728515625	12847.8857421875	12848
13908.2001953125	347705.0048828125	12853.01171875	12853
13916.537109375	347913.427734375	12874.283203125	12874
13924.8779296875	348121.9482421875	12874.283203125	12874
13933.224609375	348330.615234375	12890.349609375	12890
13941.576171875	348539.404296875	12884.869140625	12885
13949.9326171875	348748.3154296875	12884.869140625	12885
13958.2939453125	348957.3486328125	12863.7080078125	12864
13966.66015625	349166.50390625	12855.2080078125	12855
13975.03125	349375.78125	12855.2080078125	12855
13983.408203125	349585.205078125	12852.79296875	12853
13991.7890625	349794.7265625	12852.79296875	12853
14000.17578125	350004.39453125	12857.6337890625	12858
14008.5673828125	350214.1845703125	12857.6337890625	12858
14016.9638671875	350424.0966796875	12863.7080078125	12864
14025.365234375	350634.130859375	12863.7080078125	12864
14033.7724609375	350844.3115234375	12875.72900390625	12876
14042.18359375	351054.58984375	12886.95166015625	12887
14050.6005859375	351265.0146484375	12917.427734375	12917
14059.0224609375	351475.5615234375	12924.26708984375	12924
14067.44921875	351686.23046875	12924.26708984375	12924
14075.880859375	351897.021484375	12933.921875	12934
14084.3173828125	352107.9345703125	12933.921875	12934
14092.759765625	352318.994140625	12924.26708984375	12924
14101.2060546875	352530.1513671875	12933.921875	12934
14109.658203125	352741.455078125	12933.921875	12934
14118.115234375	352952.880859375	12933.921875	12934
14126.578125	353164.453125	12915.77587890625	12916
14135.044921875	353376.123046875	12939.8134765625	12940
14143.517578125	353587.939453125	12939.8134765625	12940
14151.9951171875	353799.8779296875	12939.8134765625	12940
14160.4775390625	354011.9384765625	12939.8134765625	12940
14168.96484375	354224.12109375	12939.8134765625	12940
14177.4580078125	354436.4501953125	12939.8134765625	12940
14185.955078125	354648.876953125	12955.166015625	12955
14194.4580078125	354861.4501953125	12950.787109375	12951
14202.9658203125	355074.1455078125	12944.47412109375	12944
14211.4794921875	355286.9873046875	12935.4501953125	12935
14219.9970703125	355499.9267578125	12935.4501953125	12935
14228.5205078125	355713.0126953125	12915.78564453125	12916
14237.048828125	355926.220703125	12926.9384765625	12927
14245.5830078125	356139.5751953125	12920.92822265625	12921
14254.12109375	356353.02734375	12925.1123046875	12925
14262.6650390625	356566.6259765625	12888.64208984375	12889
14271.2138671875	356780.3466796875	12888.64208984375	12889
14279.767578125	356994.189453125	12911.8935546875	12912
14288.3271484375	357208.1787109375	12911.8935546875	12912
14296.890625	357422.265625	12911.8935546875	12912
14305.4609375	357636.5234375	12935.93115234375	12936
14314.03515625	357850.87890625	12935.93115234375	12936
14322.6142578125	358065.3564453125	12935.93115234375	12936
14331.19921875	358279.98046875	12935.93115234375	12936
14339.7890625	358494.7265625	12935.93115234375	12936
14348.384765625	358709.619140625	12935.93115234375	12936
14356.984375	358924.609375	12915.78564453125	12916
14365.58984375	359139.74609375	12915.78564453125	12916
14374.2001953125	359355.0048828125	12915.78564453125	12916
14382.81640625	359570.41015625	12912.13134765625	12912
14391.4375	359785.9375	12909.74609375	12910
14400.0634765625	360001.5869140625	12909.74609375	12910
14408.6943359375	360217.3583984375	12912.13134765625	12912
14417.3310546875	360433.2763671875	12912.13134765625	12912
14425.9716796875	360649.2919921875	12912.13134765625	12912
14434.619140625	360865.478515625	12912.13134765625	12912
14443.2705078125	361081.7626953125	12912.13134765625	12912
14451.927734375	361298.193359375	12908.25048828125	12908
14460.58984375	361514.74609375	12912.13134765625	12912
14469.2578125	361731.4453125	12891.11767578125	12891
14477.9306640625	361948.2666015625	12893.884765625	12894
14486.6083984375	362165.2099609375	12893.884765625	12894
14495.291015625	362382.275390625	12893.22412109375	12893
14503.9794921875	362599.4873046875	12865.65380859375	12866
14512.6728515625	362816.8212890625	12865.30419921875	12865
14521.3720703125	363034.3017578125	12857.5693359375	12858
14530.0751953125	363251.8798828125	12865.58935546875	12866
14538.78515625	363469.62890625	12879.0869140625	12879
14547.4990234375	363687.4755859375	12900.99609375	12901
14556.21875	363905.46875	12900.99609375	12901
14564.943359375	364123.583984375	12900.99609375	12901
14573.673828125	364341.845703125	12904.63134765625	12905
14582.408203125	364560.205078125	12900.99609375	12901
14591.1494140625	364778.7353515625	12900.99609375	12901
14599.89453125	364997.36328125	12891.033203125	12891
14608.6455078125	365216.1376953125	12879.6259765625	12880
14617.40234375	365435.05859375	12888.64208984375	12889
14626.1630859375	365654.0771484375	12887.87451171875	12888
14634.9306640625	365873.2666015625	12887.87451171875	12888
14643.7021484375	366092.5537109375	12887.87451171875	12888
14652.4794921875	366311.9873046875	12902.240234375	12902
14661.26171875	366531.54296875	12924.14892578125	12924
14670.0498046875	366751.2451171875	12844.02734375	12844
14678.8427734375	366971.0693359375	12860.85498046875	12861
14687.640625	367191.015625	12860.85498046875	12861
14696.4443359375	367411.1083984375	12844.02734375	12844
14705.25390625	367631.34765625	12844.02734375	12844
14714.0673828125	367851.6845703125	12844.02734375	12844
14722.88671875	368072.16796875	12844.02734375	12844
14731.7119140625	368292.7978515625	12844.02734375	12844
14740.5419921875	368513.5498046875	12823.8427734375	12824
14749.376953125	368734.423828125	12823.8427734375	12824
14758.2177734375	368955.4443359375	12844.02734375	12844
14767.0634765625	369176.5869140625	12844.02734375	12844
14775.9140625	369397.8515625	12855.462890625	12855
14784.771484375	369619.287109375	12855.462890625	12855
14793.6328125	369840.8203125	12855.462890625	12855
14802.5	370062.5	12891.744140625	12892
14811.3720703125	370284.3017578125	12898.60498046875	12899
14820.25	370506.25	12891.744140625	12892
14829.1328125	370728.3203125	12875.162109375	12875
14838.021484375	370950.537109375	12893.45849609375	12893
14846.9150390625	371172.8759765625	12863.52099609375	12864
14855.814453125	371395.361328125	12863.52099609375	12864
14864.71875	371617.96875	12887.59912109375	12888
14873.6279296875	371840.6982421875	12887.59912109375	12888
14882.54296875	372063.57421875	12898.09521484375	12898
14891.4638671875	372286.5966796875	12907.94287109375	12908
14900.3896484375	372509.7412109375	12917.59619140625	12918
14909.3203125	372733.0078125	12938.57470703125	12939
14918.2568359375	372956.4208984375	12972.64013671875	12973
14927.1982421875	373179.9560546875	12972.64013671875	12973
14936.1455078125	373403.6376953125	12952.0888671875	12952
14945.0986328125	373627.4658203125	12949.24658203125	12949
14954.056640625	373851.416015625	12951.08251953125	12951
14963.01953125	374075.48828125	12951.08251953125	12951
14971.98828125	374299.70703125	12928.26806640625	12928
14980.9619140625	374524.0478515625	12928.26806640625	12928
14989.94140625	374748.53515625	12928.26806640625	12928
14998.9267578125	374973.1689453125	12907.94287109375	12908
15007.916015625	375197.900390625	12902.240234375	12902
15016.912109375	375422.802734375	12887.87451171875	12888
15025.9130859375	375647.8271484375	12902.240234375	12902
15034.9189453125	375872.9736328125	12941.7734375	12942
15043.9306640625	376098.2666015625	12949.427734375	12949
15052.9482421875	376323.7060546875	12941.7734375	12942
15061.970703125	376549.267578125	12932.6484375	12933
15070.998046875	376774.951171875	12946.01416015625	12946
15080.0322265625	377000.8056640625	12940.55908203125	12941
15089.0703125	377226.7578125	12950.5712890625	12951
15098.115234375	377452.880859375	12963.8544921875	12964
15107.1640625	377679.1015625	12943.27099609375	12943
15116.2197265625	377905.4931640625	12940.6396484375	12941
15125.2802734375	378132.0068359375	12927.0107421875	12927
15134.345703125	378358.642578125	12927.0107421875	12927
15143.4169921875	378585.4248046875	12940.6396484375	12941
15152.494140625	378812.353515625	12940.6396484375	12941
15161.576171875	379039.404296875	12940.6396484375	12941
15170.6640625	379266.6015625	12898.861328125	12899
15179.7568359375	379493.9208984375	12895.5498046875	12896
15188.85546875	379721.38671875	12904.984375	12905
15197.958984375	379948.974609375	12904.984375	12905
15207.068359375	380176.708984375	12904.984375	12905
15216.18359375	380404.58984375	12912.5107421875	12913
15225.3037109375	380632.5927734375	12927.41455078125	12927
15234.4296875	380860.7421875	12927.41455078125	12927
15243.5615234375	381089.0380859375	12923.19970703125	12923
15252.6982421875	381317.4560546875	12898.09521484375	12898
15261.83984375	381545.99609375	12903.95458984375	12904
15270.98828125	381774.70703125	12907.94287109375	12908
15280.140625	382003.515625	12907.94287109375	12908
15289.2998046875	382232.4951171875	12907.94287109375	12908
15298.4638671875	382461.5966796875	12907.94287109375	12908
15307.6337890625	382690.8447265625	12907.94287109375	12908
15316.80859375	382920.21484375	12923.19970703125	12923
15325.9892578125	383149.7314453125	12943.4443359375	12943
15335.17578125	383379.39453125	12943.4443359375	12943
15344.3671875	383609.1796875	12945.98046875	12946
15353.564453125	383839.111328125	12969.18408203125	12969
15362.767578125	384069.189453125	12962.73828125	12963
15371.9755859375	384299.3896484375	12962.73828125	12963
15381.189453125	384529.736328125	12970.99853515625	12971
15390.408203125	384760.205078125	12981.9560546875	12982
15399.6337890625	384990.8447265625	12970.99853515625	12971
15408.86328125	385221.58203125	12970.99853515625	12971
15418.099609375	385452.490234375	12961.67236328125	12962
15427.3408203125	385683.5205078125	12970.99853515625	12971
15436.587890625	385914.697265625	12998.7705078125	12999
15445.83984375	386145.99609375	12998.7705078125	12999
15455.0986328125	386377.4658203125	12998.7705078125	12999
15464.3623046875	386609.0576171875	12970.99853515625	12971
15473.630859375	386840.771484375	12970.99853515625	12971
15482.9052734375	387072.6318359375	12970.99853515625	12971
15492.185546875	387304.638671875	12996.728515625	12997
15501.4716796875	387536.7919921875	13021.638671875	13022
15510.7626953125	387769.0673828125	13021.638671875	13022
15520.0595703125	388001.4892578125	13021.638671875	13022
15529.3623046875	388234.0576171875	13021.638671875	13022
15538.6708984375	388466.7724609375	13024.74658203125	13025
15547.984375	388699.609375	13006.6201171875	13007
15557.3037109375	388932.5927734375	13009.48193359375	13009
15566.6279296875	389165.6982421875	13024.50048828125	13025
15575.958984375	389398.974609375	13067.84814453125	13068
15585.294921875	389632.373046875	13024.74658203125	13025
15594.63671875	389865.91796875	13024.50048828125	13025
15603.9833984375	390099.5849609375	12987.306640625	12987
15613.3359375	390333.3984375	12981.7099609375	12982
15622.6943359375	390567.3583984375	13015.95166015625	13016
15632.05859375	390801.46484375	13015.95166015625	13016
15641.4287109375	391035.7177734375	13044.76806640625	13045
15650.8037109375	391270.0927734375	13044.76806640625	13045
15660.1845703125	391504.6142578125	13044.76806640625	13045
15669.5712890625	391739.2822265625	13044.76806640625	13045
15678.962890625	391974.072265625	13023.2958984375	13023
15688.361328125	392209.033203125	13044.76806640625	13045
15697.7646484375	392444.1162109375	13044.76806640625	13045
15707.1728515625	392679.3212890625	13044.76806640625	13045
15716.587890625	392914.697265625	13039.892578125	13040
15726.0078125	393150.1953125	13015.29638671875	13015
15735.4345703125	393385.8642578125	13015.29638671875	13015
15744.8662109375	393621.6552734375	13018.431640625	13018
15754.302734375	393857.568359375	12994.05126953125	12994
15763.74609375	394093.65234375	12994.05126953125	12994
15773.1943359375	394329.8583984375	12961.4169921875	12961
15782.6484375	394566.2109375	12957.177734375	12957
15792.1083984375	394802.7099609375	12962.015625	12962
15801.57421875	395039.35546875	12962.015625	12962
15811.0458984375	395276.1474609375	12962.015625	12962
15820.5224609375	395513.0615234375	12986.45263671875	12986
15830.0048828125	395750.1220703125	12957.52001953125	12958
15839.4931640625	395987.3291015625	12957.52001953125	12958
15848.9873046875	396224.6826171875	12954.17236328125	12954
15858.4873046875	396462.1826171875	12960.6328125	12961
15867.9921875	396699.8046875	12944.0966796875	12944
15877.5029296875	396937.5732421875	12944.0966796875	12944
15887.0205078125	397175.5126953125	12944.0966796875	12944
15896.54296875	397413.57421875	12944.0966796875	12944
15906.0703125	397651.7578125	12986.45263671875	12986
15915.6044921875	397890.1123046875	13010.1142578125	13010
15925.14453125	398128.61328125	13027.8837890625	13028
15934.689453125	398367.236328125	13027.8837890625	13028
15944.240234375	398606.005859375	12997.6982421875	12998
15953.796875	398844.921875	12997.6982421875	12998
15963.359375	399083.984375	12969.88330078125	12970
15972.927734375	399323.193359375	12969.88330078125	12970
15982.501953125	399562.548828125	13004.4033203125	13004
15992.08203125	399802.05078125	13006.8662109375	13007
16001.6669921875	400041.6748046875	13006.8662109375	13007
16011.2578125	400281.4453125	13037.21533203125	13037
16020.85546875	400521.38671875	13046.0302734375	13046
16030.4580078125	400761.4501953125	13046.0302734375	13046
16040.06640625	401001.66015625	13046.0302734375	13046
16049.6806640625	401242.0166015625	13046.0302734375	13046
16059.30078125	401482.51953125	13046.0302734375	13046
16068.92578125	401723.14453125	13068.14501953125	13068
16078.5576171875	401963.9404296875	13087.71435546875	13088
16088.1953125	402204.8828125	13087.71435546875	13088
16097.837890625	402445.947265625	13087.71435546875	13088
16107.486328125	402687.158203125	13093.392578125	13093
16117.1416015625	402928.5400390625	13161.42578125	13161
16126.8017578125	403170.0439453125	13140.61865234375	13141
16136.4677734375	403411.6943359375	13140.61865234375	13141
16146.1396484375	403653.4912109375	13140.61865234375	13141
16155.8173828125	403895.4345703125	13140.61865234375	13141
16165.5009765625	404137.5244140625	13140.61865234375	13141
16175.1904296875	404379.7607421875	13155.96435546875	13156
16184.8857421875	404622.1435546875	13155.96435546875	13156
16194.5869140625	404864.6728515625	13178.29833984375	13178
16204.2939453125	405107.3486328125	13149.6904296875	13150
16214.005859375	405350.146484375	13149.6904296875	13150
16223.724609375	405593.115234375	13141.28564453125	13141
16233.44921875	405836.23046875	13141.28564453125	13141
16243.1787109375	406079.4677734375	13141.28564453125	13141
16252.9150390625	406322.8759765625	13110.56103515625	13111
16262.65625	406566.40625	13110.56103515625	13111
16272.404296875	406810.107421875	13110.56103515625	13111
16282.158203125	407053.955078125	13110.56103515625	13111
16291.9169921875	407297.9248046875	13099.48681640625	13099
16301.6826171875	407542.0654296875	13110.56103515625	13111
16311.453125	407786.328125	13110.56103515625	13111
16321.23046875	408030.76171875	13134.7001953125	13135
16331.0126953125	408275.3173828125	13134.7001953125	13135
16340.8017578125	408520.0439453125	13134.7001953125	13135
16350.595703125	408764.892578125	13132.06982421875	13132
16360.396484375	409009.912109375	13159.11279296875	13159
16370.2021484375	409255.0537109375	13159.11279296875	13159
16380.0146484375	409500.3662109375	13164.0703125	13164
16389.83203125	409745.80078125	13165.63525390625	13166
16399.65625	409991.40625	13165.63525390625	13166
16409.486328125	410237.158203125	13169.8935546875	13170
16419.322265625	410483.056640625	13191.50634765625	13192
16429.162109375	410729.052734375	13191.50634765625	13192
16439.009765625	410975.244140625	13178.29833984375	13178
16448.86328125	411221.58203125	13178.29833984375	13178
16458.72265625	411468.06640625	13178.29833984375	13178
16468.587890625	411714.697265625	13193.06103515625	13193
16478.458984375	411961.474609375	13163.58154296875	13164
16488.3359375	412208.3984375	13163.58154296875	13164
16498.21875	412455.46875	13203.13134765625	13203
16508.107421875	412702.685546875	13203.13134765625	13203
16518.001953125	412950.048828125	13230.63232421875	13231
16527.90234375	413197.55859375	13230.63232421875	13231
16537.810546875	413445.263671875	13230.63232421875	13231
16547.72265625	413693.06640625	13230.63232421875	13231
16557.640625	413941.015625	13230.63232421875	13231
16567.564453125	414189.111328125	13230.63232421875	13231
16577.49609375	414437.40234375	13230.63232421875	13231
16587.431640625	414685.791015625	13230.63232421875	13231
16597.375	414934.375	13236.94921875	13237
16607.322265625	415183.056640625	13236.94921875	13237
16617.27734375	415431.93359375	13236.94921875	13237
16627.236328125	415680.908203125	13235.39453125	13235
16637.203125	415930.078125	13255.6982421875	13256
16647.17578125	416179.39453125	13255.6982421875	13256
16657.15234375	416428.80859375	13238.8046875	13239
16667.13671875	416678.41796875	13228.974609375	13229
16677.126953125	416928.173828125	13228.974609375	13229
16687.123046875	417178.076171875	13246.36328125	13246
16697.125	417428.125	13228.974609375	13229
16707.1328125	417678.3203125	13246.36328125	13246
16717.146484375	417928.662109375	13260.54736328125	13261
16727.16796875	418179.19921875	13261.734375	13262
16737.193359375	418429.833984375	13261.734375	13262
16747.224609375	418680.615234375	13255.02294921875	13255
16757.263671875	418931.591796875	13255.02294921875	13255
16767.306640625	419182.666015625	13255.02294921875	13255
16777.357421875	419433.935546875	13271.359375	13271
16787.4140625	419685.3515625	13271.359375	13271
16797.4765625	419936.9140625	13286.935546875	13287
16807.54296875	420188.57421875	13290.25341796875	13290
16817.6171875	420440.4296875	13290.25341796875	13290
16827.69921875	420692.48046875	13290.25341796875	13290
16837.78515625	420944.62890625	13290.25341796875	13290
16847.876953125	421196.923828125	13290.25341796875	13290
16857.974609375	421449.365234375	13290.25341796875	13290
16868.080078125	421702.001953125	13290.25341796875	13290
16878.189453125	421954.736328125	13290.25341796875	13290
16888.306640625	422207.666015625	13307.71435546875	13308
16898.4296875	422460.7421875	13307.71435546875	13308
16908.55859375	422713.96484375	13307.71435546875	13308
16918.693359375	422967.333984375	13307.71435546875	13308
16928.833984375	423220.849609375	13307.71435546875	13308
16938.98046875	423474.51171875	13301.484375	13301
16949.1328125	423728.3203125	13301.484375	13301
16959.29296875	423982.32421875	13284.40576171875	13284
16969.45703125	424236.42578125	13309.19580078125	13309
16979.62890625	424490.72265625	13317.86962890625	13318
16989.806640625	424745.166015625	13317.86962890625	13318
16999.990234375	424999.755859375	13317.86962890625	13318
17010.1796875	425254.4921875	13292.1171875	13292
17020.375	425509.375	13275.32421875	13275
17030.576171875	425764.404296875	13275.32421875	13275
17040.78515625	426019.62890625	13275.32421875	13275
17050.998046875	426274.951171875	13265.69921875	13266
17061.21875	426530.46875	13275.32421875	13275
17071.4453125	426786.1328125	13267.00537109375	13267
17081.677734375	427041.943359375	13281.171875	13281
17091.916015625	427297.900390625	13321.87353515625	13322
17102.16015625	427554.00390625	13321.87353515625	13322
17112.412109375	427810.302734375	13305.95654296875	13306
17122.66796875	428066.69921875	13305.95654296875	13306
17132.931640625	428323.291015625	13305.95654296875	13306
17143.201171875	428580.029296875	13305.95654296875	13306
17153.4765625	428836.9140625	13305.95654296875	13306
17163.7578125	429093.9453125	13305.95654296875	13306
17174.044921875	429351.123046875	13279.70947265625	13280
17184.33984375	429608.49609375	13271.7177734375	13272
17194.638671875	429865.966796875	13271.7177734375	13272
17204.9453125	430123.6328125	13279.70947265625	13280
17215.2578125	430381.4453125	13290.48388671875	13290
17225.576171875	430639.404296875	13323.173828125	13323
17235.900390625	430897.509765625	13323.173828125	13323
17246.232421875	431155.810546875	13292.1171875	13292
17256.5703125	431414.2578125	13292.1171875	13292
17266.912109375	431672.802734375	13271.462890625	13271
17277.26171875	431931.54296875	13271.7177734375	13272
17287.6171875	432190.4296875	13271.7177734375	13272
17297.98046875	432449.51171875	13279.70947265625	13280
17308.34765625	432708.69140625	13279.70947265625	13280
17318.72265625	432968.06640625	13279.70947265625	13280
17329.103515625	433227.587890625	13309.3564453125	13309
17339.490234375	433487.255859375	13281.171875	13281
17349.8828125	433747.0703125	13296.18310546875	13296
17360.283203125	434007.080078125	13296.18310546875	13296
17370.6875	434267.1875	13296.18310546875	13296
17381.099609375	434527.490234375	13281.171875	13281
17391.517578125	434787.939453125	13296.18310546875	13296
17401.94140625	435048.53515625	13296.18310546875	13296
17412.373046875	435309.326171875	13296.18310546875	13296
17422.80859375	435570.21484375	13305.14892578125	13305
17433.251953125	435831.298828125	13301.7490234375	13302
17443.701171875	436092.529296875	13305.14892578125	13305
17454.15625	436353.90625	13305.14892578125	13305
17464.619140625	436615.478515625	13305.14892578125	13305
17475.0859375	436877.1484375	13345.24755859375	13345
17485.560546875	437139.013671875	13343.0146484375	13343
17496.041015625	437401.025390625	13385.66748046875	13386
17506.529296875	437663.232421875	13385.66748046875	13386
17517.021484375	437925.537109375	13385.66748046875	13386
17527.521484375	438188.037109375	13343.0146484375	13343
17538.02734375	438450.68359375	13343.0146484375	13343
17548.5390625	438713.4765625	13326.509765625	13327
17559.056640625	438976.416015625	13326.509765625	13327
17569.58203125	439239.55078125	13296.18310546875	13296
17580.11328125	439502.83203125	13296.18310546875	13296
17590.650390625	439766.259765625	13301.1953125	13301
17601.193359375	440029.833984375	13301.1953125	13301
17611.744140625	440293.603515625	13301.1953125	13301
17622.298828125	440557.470703125	13297.79541015625	13298
17632.86328125	440821.58203125	13328.1220703125	13328
17643.431640625	441085.791015625	13328.1220703125	13328
17654.005859375	441350.146484375	13286.18408203125	13286
17664.587890625	441614.697265625	13282.32275390625	13282
17675.17578125	441879.39453125	13257.38037109375	13257
17685.76953125	442144.23828125	13257.38037109375	13257
17696.37109375	442409.27734375	13257.38037109375	13257
17706.978515625	442674.462890625	13257.38037109375	13257
17717.591796875	442939.794921875	13251.255859375	13251
17728.2109375	443205.2734375	13251.255859375	13251
17738.8359375	443470.8984375	13251.255859375	13251
17749.46875	443736.71875	13251.255859375	13251
17760.107421875	444002.685546875	13251.255859375	13251
17770.75390625	444268.84765625	13246.5576171875	13247
17781.404296875	444535.107421875	13254.9970703125	13255
17792.0625	444801.5625	13254.9970703125	13255
17802.7265625	445068.1640625	13263.564453125	13264
17813.3984375	445334.9609375	13254.9970703125	13255
17824.07421875	445601.85546875	13263.564453125	13264
17834.7578125	445868.9453125	13263.564453125	13264
17845.447265625	446136.181640625	13254.9970703125	13255
17856.14453125	446403.61328125	13239.53271484375	13240
17866.84765625	446671.19140625	13254.9970703125	13255
17877.556640625	446938.916015625	13246.5576171875	13247
17888.271484375	447206.787109375	13263.564453125	13264
17898.994140625	447474.853515625	13313.1494140625	13313
17909.72265625	447743.06640625	13341.96728515625	13342
17920.45703125	448011.42578125	13295.5341796875	13296
17931.19921875	448279.98046875	13295.5341796875	13296
17941.9453125	448548.6328125	13307.67919921875	13308
17952.69921875	448817.48046875	13277.3681640625	13277
17963.4609375	449086.5234375	13292.3251953125	13292
17974.228515625	449355.712890625	13280.18017578125	13280
17985.001953125	449625.048828125	13280.18017578125	13280
17995.78125	449894.53125	13280.18017578125	13280
18006.568359375	450164.208984375	13313.1513671875	13313
18017.361328125	450434.033203125	13313.1513671875	13313
18028.16015625	450704.00390625	13324.05615234375	13324
18038.96484375	450974.12109375	13324.05615234375	13324
18049.77734375	451244.43359375	13340.12548828125	13340
18060.59765625	451514.94140625	13283.2548828125	13283
18071.421875	451785.546875	13283.2548828125	13283
18082.25390625	452056.34765625	13304.0810546875	13304
18093.091796875	452327.294921875	13324.05615234375	13324
18103.9375	452598.4375	13324.05615234375	13324
18114.787109375	452869.677734375	13326.22216796875	13326
18125.646484375	453141.162109375	13330.67138671875	13331
18136.509765625	453412.744140625	13350.23388671875	13350
18147.380859375	453684.521484375	13341.96728515625	13342
18158.2578125	453956.4453125	13341.96728515625	13342
18169.142578125	454228.564453125	13350.23388671875	13350
18180.033203125	454500.830078125	13350.23388671875	13350
18190.9296875	454773.2421875	13350.23388671875	13350
18201.83203125	455045.80078125	13341.7822265625	13342
18212.7421875	455318.5546875	13341.7822265625	13342
18223.658203125	455591.455078125	13341.7822265625	13342
18234.58203125	455864.55078125	13341.7822265625	13342
18245.51171875	456137.79296875	13341.7822265625	13342
18256.447265625	456411.181640625	13342.27490234375	13342
18267.390625	456684.765625	13345.2353515625	13345
18278.33984375	456958.49609375	13348.314453125	13348
18289.294921875	457232.373046875	13362.927734375	13363
18300.2578125	457506.4453125	13365.18896484375	13365
18311.2265625	457780.6640625	13369.517578125	13370
18322.201171875	458055.029296875	13388.65966796875	13389
18333.18359375	458329.58984375	13402.6845703125	13403
18344.171875	458604.296875	13369.517578125	13370
18355.16796875	458879.19921875	13367.25634765625	13367
18366.169921875	459154.248046875	13367.25634765625	13367
18377.177734375	459429.443359375	13386.40966796875	13386
18388.193359375	459704.833984375	13417.03271484375	13417
18399.21484375	459980.37109375	13419.58837890625	13420
18410.2421875	460256.0546875	13419.58837890625	13420
18421.27734375	460531.93359375	13378.2021484375	13378
18432.3203125	460808.0078125	13422.60595703125	13423
18443.3671875	461084.1796875	13436.9150390625	13437
18454.421875	461360.546875	13436.9150390625	13437
18465.484375	461637.109375	13436.9150390625	13437
18476.55078125	461913.76953125	13436.9150390625	13437
18487.626953125	462190.673828125	13458.16064453125	13458
18498.70703125	462467.67578125	13458.16064453125	13458
18509.794921875	462744.873046875	13436.9150390625	13437
18520.888671875	463022.216796875	13436.9150390625	13437
18531.990234375	463299.755859375	13436.9150390625	13437
18543.09765625	463577.44140625	13416.99365234375	13417
18554.212890625	463855.322265625	13404.638671875	13405
18565.333984375	464133.349609375	13404.638671875	13405
18576.462890625	464411.572265625	13404.638671875	13405
18587.595703125	464689.892578125	13426.04248046875	13426
18598.73828125	464968.45703125	13438.1015625	13438
18609.884765625	465247.119140625	13447.87890625	13448
18621.0390625	465525.9765625	13447.87890625	13448
18632.201171875	465805.029296875	13447.87890625	13448
18643.369140625	466084.228515625	13444.3681640625	13444
18654.54296875	466363.57421875	13444.3681640625	13444
18665.724609375	466643.115234375	13438.830078125	13439
18676.912109375	466922.802734375	13438.830078125	13439
18688.107421875	467202.685546875	13416.69775390625	13417
18699.30859375	467482.71484375	13416.69775390625	13417
18710.517578125	467762.939453125	13400.919921875	13401
18721.732421875	468043.310546875	13443.46044921875	13443
18732.953125	468323.828125	13379.318359375	13379
18744.181640625	468604.541015625	13379.318359375	13379
18755.416015625	468885.400390625	13379.318359375	13379
18766.658203125	469166.455078125	13407.65234375	13408
18777.90625	469447.65625	13430.82958984375	13431
18789.162109375	469729.052734375	13456.013671875	13456
18800.423828125	470010.595703125	13407.92236328125	13408
18811.693359375	470292.333984375	13407.92236328125	13408
18822.96875	470574.21875	13407.92236328125	13408
18834.25	470856.25	13408.21142578125	13408
18845.5390625	471138.4765625	13408.21142578125	13408
18856.8359375	471420.8984375	13414.47802734375	13414
18868.13671875	471703.41796875	13414.47802734375	13414
18879.447265625	471986.181640625	13414.47802734375	13414
18890.763671875	472269.091796875	13415.3212890625	13415
18902.0859375	472552.1484375	13415.3212890625	13415
18913.416015625	472835.400390625	13426.68017578125	13427
18924.751953125	473118.798828125	13465.29833984375	13465
18936.095703125	473402.392578125	13465.29833984375	13465
18947.4453125	473686.1328125	13486.08251953125	13486
18958.802734375	473970.068359375	13426.68017578125	13427
18970.166015625	474254.150390625	13435.3193359375	13435
18981.53515625	474538.37890625	13408.21142578125	13408
18992.9140625	474822.8515625	13457.76953125	13458
19004.296875	475107.421875	13408.21142578125	13408
19015.6875	475392.1875	13407.92236328125	13408
19027.0859375	475677.1484375	13407.92236328125	13408
19038.490234375	475962.255859375	13389.55078125	13390
19049.90234375	476247.55859375	13389.55078125	13390
19061.3203125	476533.0078125	13418.267578125	13418
19072.74609375	476818.65234375	13409.275390625	13409
19084.177734375	477104.443359375	13409.275390625	13409
19095.615234375	477390.380859375	13418.33642578125	13418
19107.0625	477676.5625	13436.92822265625	13437
19118.513671875	477962.841796875	13445.24658203125	13445
19129.974609375	478249.365234375	13445.24658203125	13445
19141.439453125	478535.986328125	13440.15966796875	13440
19152.912109375	478822.802734375	13420.994140625	13421
19164.392578125	479109.814453125	13420.994140625	13421
19175.87890625	479396.97265625	13420.994140625	13421
19187.373046875	479684.326171875	13420.994140625	13421
19198.875	479971.875	13433.89306640625	13434
19210.380859375	480259.521484375	13421.326171875	13421
19221.896484375	480547.412109375	13429.384765625	13429
19233.41796875	480835.44921875	13429.384765625	13429
19244.9453125	481123.6328125	13429.384765625	13429
19256.48046875	481412.01171875	13434.22509765625	13434
19268.0234375	481700.5859375	13435.6513671875	13436
19279.572265625	481989.306640625	13399.572265625	13400
19291.126953125	482278.173828125	13399.572265625	13400
19302.69140625	482567.28515625	13399.572265625	13400
19314.259765625	482856.494140625	13407.890625	13408
19325.837890625	483145.947265625	13407.890625	13408
19337.419921875	483435.498046875	13407.890625	13408
19349.01171875	483725.29296875	13407.890625	13408
19360.609375	484015.234375	13399.42724609375	13399
19372.212890625	484305.322265625	13407.890625	13408
19383.82421875	484595.60546875	13407.890625	13408
19395.443359375	484886.083984375	13408.3544921875	13408
19407.068359375	485176.708984375	13408.3544921875	13408
19418.701171875	485467.529296875	13408.3544921875	13408
19430.33984375	485758.49609375	13412.35498046875	13412
19441.986328125	486049.658203125	13412.35498046875	13412
19453.640625	486341.015625	13412.35498046875	13412
19465.30078125	486632.51953125	13412.35498046875	13412
19476.966796875	486924.169921875	13412.35498046875	13412
19488.640625	487216.015625	13413.130859375	13413
19500.322265625	487508.056640625	13412.35498046875	13412
19512.01171875	487800.29296875	13435.6513671875	13436
19523.70703125	488092.67578125	13447.9501953125	13448
19535.408203125	488385.205078125	13435.6513671875	13436
19547.1171875	488677.9296875	13447.9501953125	13448
19558.833984375	488970.849609375	13436.9326171875	13437
19570.556640625	489263.916015625	13443.296875	13443
19582.287109375	489557.177734375	13443.296875	13443
19594.025390625	489850.634765625	13458.19189453125	13458
19605.76953125	490144.23828125	13458.19189453125	13458
19617.521484375	490438.037109375	13458.19189453125	13458
19629.279296875	490731.982421875	13474.26953125	13474
19641.044921875	491026.123046875	13458.19189453125	13458
19652.81640625	491320.41015625	13458.19189453125	13458
19664.59765625	491614.94140625	13458.19189453125	13458
19676.3828125	491909.5703125	13458.19189453125	13458
19688.177734375	492204.443359375	13458.19189453125	13458
19699.978515625	492499.462890625	13458.19189453125	13458
19711.78515625	492794.62890625	13442.015625	13442
19723.6015625	493090.0390625	13463.34716796875	13463
19735.423828125	493385.595703125	13420.55322265625	13421
19747.251953125	493681.298828125	13392.07958984375	13392
19759.087890625	493977.197265625	13383.6162109375	13384
19770.931640625	494273.291015625	13383.2626953125	13383
19782.78125	494569.53125	13383.2626953125	13383
19794.638671875	494865.966796875	13383.2626953125	13383
19806.50390625	495162.59765625	13383.2626953125	13383
19818.375	495459.375	13394.494140625	13394
19830.25390625	495756.34765625	13403.31103515625	13403
19842.140625	496053.515625	13399.59521484375	13400
19854.033203125	496350.830078125	13394.494140625	13394
19865.93359375	496648.33984375	13392.48828125	13392
19877.841796875	496946.044921875	13388.81396484375	13389
19889.755859375	497243.896484375	13392.48828125	13392
19901.677734375	497541.943359375	13397.58935546875	13398
19913.60546875	497840.13671875	13408.05859375	13408
19925.54296875	498138.57421875	13445.40625	13445
19937.486328125	498437.158203125	13470.39208984375	13470
19949.435546875	498735.888671875	13470.39208984375	13470
19961.392578125	499034.814453125	13470.39208984375	13470
19973.357421875	499333.935546875	13435.12646484375	13435
19985.330078125	499633.251953125	13429.32861328125	13429
19997.30859375	499932.71484375	13408.05859375	13408
20009.294921875	500232.373046875	13424.2724609375	13424
20021.287109375	500532.177734375	13424.2724609375	13424
20033.2890625	500832.2265625	13443.46044921875	13443
20045.294921875	501132.373046875	13470.39208984375	13470
20057.310546875	501432.763671875	13470.39208984375	13470
20069.33203125	501733.30078125	13505.95361328125	13506
20081.361328125	502034.033203125	13470.39208984375	13470
20093.3984375	502334.9609375	13470.39208984375	13470
20105.44140625	502636.03515625	13470.39208984375	13470
20117.4921875	502937.3046875	13441.68359375	13442
20129.55078125	503238.76953125	13463.34716796875	13463
20141.6171875	503540.4296875	13441.68359375	13442
20153.689453125	503842.236328125	13422.49560546875	13422
20165.76953125	504144.23828125	13422.49560546875	13422
20177.85546875	504446.38671875	13422.49560546875	13422
20189.951171875	504748.779296875	13403.97021484375	13404
20202.052734375	505051.318359375	13403.97021484375	13404
20214.16015625	505354.00390625	13403.38720703125	13403
20226.27734375	505656.93359375	13403.38720703125	13403
20238.400390625	505960.009765625	13409.9443359375	13410
20250.53125	506263.28125	13397.42138671875	13397
20262.66796875	506566.69921875	13368.05615234375	13368
20274.814453125	506870.361328125	13356.95703125	13357
20286.966796875	507174.169921875	13369.10546875	13369
20299.126953125	507478.173828125	13362.3349609375	13362
20311.29296875	507782.32421875	13383.24267578125	13383
20323.466796875	508086.669921875	13371.09423828125	13371
20335.6484375	508391.2109375	13371.09423828125	13371
20347.837890625	508695.947265625	13391.4189453125	13391
20360.033203125	509000.830078125	13391.4189453125	13391
20372.23828125	509305.95703125	13391.4189453125	13391
20384.44921875	509611.23046875	13391.4189453125	13391
20396.666015625	509916.650390625	13391.4189453125	13391
20408.892578125	510222.314453125	13391.4189453125	13391
20421.125	510528.125	13391.4189453125	13391
20433.365234375	510834.130859375	13398.00439453125	13398
20445.61328125	511140.33203125	13398.00439453125	13398
20457.8671875	511446.6796875	13398.00439453125	13398
20470.12890625	511753.22265625	13398.46826171875	13398
20482.3984375	512059.9609375	13403.81640625	13404
20494.67578125	512366.89453125	13406.80029296875	13407
20506.9609375	512674.0234375	13404.470703125	13404
20519.251953125	512981.298828125	13403.3525390625	13403
20531.55078125	513288.76953125	13403.3525390625	13403
20543.857421875	513596.435546875	13403.81640625	13404
20556.169921875	513904.248046875	13403.81640625	13404
20568.4921875	514212.3046875	13383.212890625	13383
20580.8203125	514520.5078125	13403.3525390625	13403
20593.15625	514828.90625	13403.3525390625	13403
20605.5	515137.5	13403.3525390625	13403
20617.849609375	515446.240234375	13403.3525390625	13403
20630.20703125	515755.17578125	13403.3525390625	13403
20642.57421875	516064.35546875	13403.3525390625	13403
20654.947265625	516373.681640625	13403.3525390625	13403
20667.326171875	516683.154296875	13403.3525390625	13403
20679.71484375	516992.87109375	13403.3525390625	13403
20692.109375	517302.734375	13386.93701171875	13387
20704.51171875	517612.79296875	13386.93701171875	13387
20716.921875	517923.046875	13386.93701171875	13387
20729.33984375	518233.49609375	13395.85205078125	13396
20741.763671875	518544.091796875	13440.52294921875	13441
20754.197265625	518854.931640625	13450.71630859375	13451
20766.63671875	519165.91796875	13450.71630859375	13451
20779.083984375	519477.099609375	13486.66552734375	13487
20791.5390625	519788.4765625	13467.224609375	13467
20804.0	520100.0	13467.224609375	13467
20816.470703125	520411.767578125	13467.224609375	13467
20828.947265625	520723.681640625	13423.81298828125	13424
20841.431640625	521035.791015625	13423.81298828125	13424
20853.923828125	521348.095703125	13423.81298828125	13424
20866.423828125	521660.595703125	13403.5205078125	13404
20878.9296875	521973.2421875	13403.5205078125	13404
20891.4453125	522286.1328125	13403.5205078125	13404
20903.966796875	522599.169921875	13403.5205078125	13404
20916.49609375	522912.40234375	13403.5205078125	13404
20929.033203125	523225.830078125	13403.5205078125	13404
20941.578125	523539.453125	13389.6748046875	13390
20954.130859375	523853.271484375	13403.5205078125	13404
20966.689453125	524167.236328125	13403.5205078125	13404
20979.2578125	524481.4453125	13428.36669921875	13428
20991.83203125	524795.80078125	13428.36669921875	13428
21004.4140625	525110.3515625	13428.36669921875	13428
21017.00390625	525425.09765625	13422.79638671875	13423
21029.6015625	525740.0390625	13447.810546875	13448
21042.205078125	526055.126953125	13447.810546875	13448
21054.818359375	526370.458984375	13447.810546875	13448
21067.4375	526685.9375	13447.810546875	13448
21080.06640625	527001.66015625	13447.810546875	13448
21092.701171875	527317.529296875	13447.810546875	13448
21105.34375	527633.59375	13447.810546875	13448
21117.994140625	527949.853515625	13447.810546875	13448
21130.65234375	528266.30859375	13447.810546875	13448
21143.31640625	528582.91015625	13438.7666015625	13439
21155.990234375	528899.755859375	13438.7666015625	13439
21168.669921875	529216.748046875	13438.7666015625	13439
21181.359375	529533.984375	13425.94287109375	13426
21194.0546875	529851.3671875	13438.7666015625	13439
21206.7578125	530168.9453125	13448.171875	13448
21219.46875	530486.71875	13445.3525390625	13445
21232.1875	530804.6875	13445.3525390625	13445
21244.9140625	531122.8515625	13458.41357421875	13458
21257.6484375	531441.2109375	13463.60498046875	13464
21270.388671875	531759.716796875	13463.60498046875	13464
21283.138671875	532078.466796875	13489.31396484375	13489
21295.89453125	532397.36328125	13521.2978515625	13521
21308.66015625	532716.50390625	13489.31396484375	13489
21321.431640625	533035.791015625	13496.6796875	13497
21334.2109375	533355.2734375	13496.6796875	13497
21347.0	533675.0	13496.6796875	13497
21359.794921875	533994.873046875	13496.6796875	13497
21372.59765625	534314.94140625	13479.81787109375	13480
21385.408203125	534635.205078125	13444.1953125	13444
21398.224609375	534955.615234375	13444.1953125	13444
21411.05078125	535276.26953125	13435.34814453125	13435
21423.884765625	535597.119140625	13439.64453125	13440
21436.7265625	535918.1640625	13439.64453125	13440
21449.57421875	536239.35546875	13439.64453125	13440
21462.431640625	536560.791015625	13439.64453125	13440
21475.294921875	536882.373046875	13439.64453125	13440
21488.16796875	537204.19921875	13434.91357421875	13435
21501.046875	537526.171875	13420.23486328125	13420
21513.935546875	537848.388671875	13430.2392578125	13430
21526.830078125	538170.751953125	13440.62158203125	13441
21539.732421875	538493.310546875	13419.32275390625	13419
21552.642578125	538816.064453125	13440.62158203125	13441
21565.5625	539139.0625	13445.3525390625	13445
21578.48828125	539462.20703125	13419.32275390625	13419
21591.421875	539785.546875	13419.32275390625	13419
21604.36328125	540109.08203125	13409.318359375	13409
21617.3125	540432.8125	13409.318359375	13409
21630.26953125	540756.73828125	13420.23486328125	13420
21643.234375	541080.859375	13425.84375	13426
21656.20703125	541405.17578125	13421.54736328125	13422
21669.1875	541729.6875	13409.318359375	13409
21682.17578125	542054.39453125	13409.318359375	13409
21695.171875	542379.296875	13398.02734375	13398
21708.17578125	542704.39453125	13409.318359375	13409
21721.1875	543029.6875	13404.6474609375	13405
21734.20703125	543355.17578125	13404.6474609375	13405
21747.234375	543680.859375	13404.6474609375	13405
21760.26953125	544006.73828125	13404.6474609375	13405
21773.3125	544332.8125	13404.6474609375	13405
21786.361328125	544659.033203125	13372.08837890625	13372
21799.419921875	544985.498046875	13421.54736328125	13422
21812.486328125	545312.158203125	13460.44873046875	13460
21825.560546875	545639.013671875	13461.1923828125	13461
21838.642578125	545966.064453125	13461.1923828125	13461
21851.732421875	546293.310546875	13461.1923828125	13461
21864.830078125	546620.751953125	13444.29248046875	13444
21877.935546875	546948.388671875	13483.84033203125	13484
21891.048828125	547276.220703125	13483.84033203125	13484
21904.169921875	547604.248046875	13456.17626953125	13456
21917.298828125	547932.470703125	13456.17626953125	13456
21930.435546875	548260.888671875	13456.17626953125	13456
21943.58203125	548589.55078125	13420.23486328125	13420
21956.734375	548918.359375	13432.2158203125	13432
21969.89453125	549247.36328125	13433.5283203125	13434
21983.0625	549576.5625	13461.1923828125	13461
21996.23828125	549905.95703125	13506.7939453125	13507
22009.423828125	550235.595703125	13500.7021484375	13501
22022.615234375	550565.380859375	13510.505859375	13511
22035.81640625	550895.41015625	13510.505859375	13511
22049.0234375	551225.5859375	13540.36328125	13540
22062.240234375	551556.005859375	13529.66455078125	13530
22075.462890625	551886.572265625	13529.66455078125	13530
22088.6953125	552217.3828125	13510.505859375	13511
22101.935546875	552548.388671875	13501.3642578125	13501
22115.181640625	552879.541015625	13491.560546875	13492
22128.4375	553210.9375	13474.69873046875	13475
22141.701171875	553542.529296875	13474.69873046875	13475
22154.97265625	553874.31640625	13491.560546875	13492
22168.251953125	554206.298828125	13491.560546875	13492
22181.5390625	554538.4765625	13498.66015625	13499
22194.833984375	554870.849609375	13498.66015625	13499
22208.138671875	555203.466796875	13507.05810546875	13507
22221.44921875	555536.23046875	13507.05810546875	13507
22234.767578125	555869.189453125	13485.34326171875	13485
22248.095703125	556202.392578125	13485.34326171875	13485
22261.431640625	556535.791015625	13485.34326171875	13485
22274.7734375	556869.3359375	13498.66015625	13499
22288.125	557203.125	13498.66015625	13499
22301.484375	557537.109375	13501.3642578125	13501
22314.8515625	557871.2890625	13474.69873046875	13475
22328.2265625	558205.6640625	13474.69873046875	13475
22341.609375	558540.234375	13439.82177734375	13440
22355.001953125	558875.048828125	13460.44873046875	13460
22368.400390625	559210.009765625	13460.44873046875	13460
22381.80859375	559545.21484375	13460.44873046875	13460
22395.22265625	559880.56640625	13460.44873046875	13460
22408.646484375	560216.162109375	13460.44873046875	13460
22422.078125	560551.953125	13410.25634765625	13410
22435.517578125	560887.939453125	13460.44873046875	13460
22448.96484375	561224.12109375	13409.5791015625	13410
22462.419921875	561560.498046875	13443.5830078125	13444
22475.884765625	561897.119140625	13443.5830078125	13444
22489.35546875	562233.88671875	13431.5517578125	13432
22502.8359375	562570.8984375	13425.84375	13426
22516.32421875	562908.10546875	13430.2392578125	13430
22529.8203125	563245.5078125	13420.23486328125	13420
22543.32421875	563583.10546875	13420.23486328125	13420
22556.8359375	563920.8984375	13408.94384765625	13409
22570.35546875	564258.88671875	13408.94384765625	13409
22583.884765625	564597.119140625	13413.61474609375	13414
22597.419921875	564935.498046875	13426.88037109375	13427
22610.96484375	565274.12109375	13425.6533203125	13426
22624.517578125	565612.939453125	13410.255859375	13410
22638.078125	565951.953125	13410.255859375	13410
22651.6484375	566291.2109375	13442.35595703125	13442
22665.224609375	566630.615234375	13469.13037109375	13469
22678.810546875	566970.263671875	13496.60888671875	13497
22692.404296875	567310.107421875	13496.60888671875	13497
22706.005859375	567650.146484375	13496.60888671875	13497
22719.615234375	567990.380859375	13496.60888671875	13497
22733.232421875	568330.810546875	13457.74169921875	13458
22746.859375	568671.484375	13457.74169921875	13458
22760.4921875	569012.3046875	13495.7158203125	13496
22774.134765625	569353.369140625	13476.3291015625	13476
22787.78515625	569694.62890625	13476.3291015625	13476
22801.443359375	570036.083984375	13496.60888671875	13497
22815.111328125	570377.783203125	13490.66748046875	13491
22828.78515625	570719.62890625	13490.66748046875	13491
22842.46875	571061.71875	13490.66748046875	13491
22856.16015625	571404.00390625	13490.66748046875	13491
22869.861328125	571746.533203125	13490.66748046875	13491
22883.568359375	572089.208984375	13490.66748046875	13491
22897.28515625	572432.12890625	13427.798828125	13428
22911.0078125	572775.1953125	13427.798828125	13428
22924.7421875	573118.5546875	13427.798828125	13428
22938.482421875	573462.060546875	13427.798828125	13428
22952.23046875	573805.76171875	13427.798828125	13428
22965.98828125	574149.70703125	13430.68798828125	13431
22979.75390625	574493.84765625	13430.68798828125	13431
22993.52734375	574838.18359375	13394.3037109375	13394
23007.30859375	575182.71484375	13394.3037109375	13394
23021.099609375	575527.490234375	13368.36474609375	13368
23034.8984375	575872.4609375	13368.36474609375	13368
23048.705078125	576217.626953125	13368.36474609375	13368
23062.51953125	576562.98828125	13329.88037109375	13330
23076.34375	576908.59375	13329.88037109375	13330
23090.17578125	577254.39453125	13344.41845703125	13344
23104.015625	577600.390625	13344.41845703125	13344
23117.86328125	577946.58203125	13344.41845703125	13344
23131.720703125	578293.017578125	13344.41845703125	13344
23145.583984375	578639.599609375	13344.41845703125	13344
23159.45703125	578986.42578125	13361.962890625	13362
23173.33984375	579333.49609375	13361.962890625	13362
23187.228515625	579680.712890625	13368.02880859375	13368
23201.126953125	580028.173828125	13350.484375	13350
23215.033203125	580375.830078125	13350.484375	13350
23228.94921875	580723.73046875	13350.484375	13350
23242.87109375	581071.77734375	13368.36474609375	13368
23256.802734375	581420.068359375	13368.36474609375	13368
23270.7421875	581768.5546875	13372.08837890625	13372
23284.69140625	582117.28515625	13383.47119140625	13383
23298.646484375	582466.162109375	13383.47119140625	13383
23312.611328125	582815.283203125	13410.25634765625	13410
23326.5859375	583164.6484375	13410.89892578125	13411
23340.56640625	583514.16015625	13425.26220703125	13425
23354.556640625	583863.916015625	13425.26220703125	13425
23368.5546875	584213.8671875	13425.26220703125	13425
23382.5625	584564.0625	13425.26220703125	13425
23396.578125	584914.453125	13430.68798828125	13431
23410.6015625	585265.0390625	13435.7568359375	13436
23424.6328125	585615.8203125	13454.6201171875	13455
23438.673828125	585966.845703125	13439.23974609375	13439
23452.72265625	586318.06640625	13439.23974609375	13439
23466.779296875	586669.482421875	13439.23974609375	13439
23480.845703125	587021.142578125	13434.1708984375	13434
23494.919921875	587372.998046875	13434.1708984375	13434
23509.001953125	587725.048828125	13434.1708984375	13434
23523.091796875	588077.294921875	13434.1708984375	13434
23537.19140625	588429.78515625	13434.1708984375	13434
23551.30078125	588782.51953125	13430.68798828125	13431
23565.416015625	589135.400390625	13436.41748046875	13436
23579.541015625	589488.525390625	13451.13720703125	13451
23593.673828125	589841.845703125	13430.68798828125	13431
23607.81640625	590195.41015625	13430.68798828125	13431
23621.966796875	590549.169921875	13433.51025390625	13434
23636.125	590903.125	13433.51025390625	13434
23650.29296875	591257.32421875	13433.51025390625	13434
23664.466796875	591611.669921875	13453.95947265625	13454
23678.65234375	591966.30859375	13433.51025390625	13434
23692.84375	592321.09375	13432.86767578125	13433
23707.044921875	592676.123046875	13432.86767578125	13433
23721.255859375	593031.396484375	13432.86767578125	13433
23735.47265625	593386.81640625	13432.86767578125	13433
23749.701171875	593742.529296875	13435.7568359375	13436
23763.935546875	594098.388671875	13435.7568359375	13436
23778.1796875	594454.4921875	13432.86767578125	13433
23792.431640625	594810.791015625	13432.86767578125	13433
23806.69140625	595167.28515625	13432.86767578125	13433
23820.9609375	595524.0234375	13422.48486328125	13422
23835.240234375	595881.005859375	13434.51611328125	13435
23849.525390625	596238.134765625	13434.51611328125	13435
23863.822265625	596595.556640625	13460.279296875	13460
23878.125	596953.125	13443.57666015625	13444
23892.4375	597310.9375	13441.19677734375	13441
23906.7578125	597668.9453125	13417.568359375	13418
23921.087890625	598027.197265625	13393.14990234375	13393
23935.42578125	598385.64453125	13394.1142578125	13394
23949.771484375	598744.287109375	13406.3427734375	13406
23964.126953125	599103.173828125	13419.9482421875	13420
23978.490234375	599462.255859375	13419.9482421875	13420
23992.86328125	599821.58203125	13428.1962890625	13428
24007.244140625	600181.103515625	13428.1962890625	13428
24021.6328125	600540.8203125	13428.1962890625	13428
24036.03125	600900.78125	13440.08251953125	13440
24050.439453125	601260.986328125	13444.533203125	13445
24064.853515625	601621.337890625	13430.3310546875	13430
24079.279296875	601981.982421875	13451.66357421875	13452
24093.7109375	602342.7734375	13451.66357421875	13452
24108.15234375	602703.80859375	13451.66357421875	13452
24122.603515625	603065.087890625	13410.15771484375	13410
24137.060546875	603426.513671875	13410.15771484375	13410
24151.529296875	603788.232421875	13417.568359375	13418
24166.005859375	604150.146484375	13456.1142578125	13456
24180.490234375	604512.255859375	13456.1142578125	13456
24194.982421875	604874.560546875	13444.533203125	13445
24209.484375	605237.109375	13444.533203125	13445
24223.99609375	605599.90234375	13449.349609375	13449
24238.515625	605962.890625	13449.349609375	13449
24253.04296875	606326.07421875	13457.9833984375	13458
24267.580078125	606689.501953125	13457.9833984375	13458
24282.126953125	607053.173828125	13457.9833984375	13458
24296.681640625	607417.041015625	13457.9833984375	13458
24311.244140625	607781.103515625	13457.9833984375	13458
24325.81640625	608145.41015625	13449.349609375	13449
24340.396484375	608509.912109375	13443.6904296875	13444
24354.986328125	608874.658203125	13443.6904296875	13444
24369.583984375	609239.599609375	13445.91748046875	13446
24384.189453125	609604.736328125	13445.91748046875	13446
24398.806640625	609970.166015625	13442.12744140625	13442
24413.4296875	610335.7421875	13466.48828125	13466
24428.0625	610701.5625	13467.26123046875	13467
24442.705078125	611067.626953125	13467.26123046875	13467
24457.35546875	611433.88671875	13475.80322265625	13476
24472.015625	611800.390625	13486.26904296875	13486
24486.68359375	612167.08984375	13486.26904296875	13486
24501.359375	612533.984375	13457.8916015625	13458
24516.046875	612901.171875	13457.8916015625	13458
24530.740234375	613268.505859375	13446.2041015625	13446
24545.443359375	613636.083984375	13446.2041015625	13446
24560.15625	614003.90625	13446.2041015625	13446
24574.876953125	614371.923828125	13437.08154296875	13437
24589.607421875	614740.185546875	13437.08154296875	13437
24604.345703125	615108.642578125	13433.29150390625	13433
24619.09375	615477.34375	13398.04150390625	13398
24633.849609375	615846.240234375	13398.04150390625	13398
24648.615234375	616215.380859375	13392.1103515625	13392
24663.388671875	616584.716796875	13392.1103515625	13392
24678.171875	616954.296875	13394.12841796875	13394
24692.962890625	617324.072265625	13394.12841796875	13394
24707.763671875	617694.091796875	13394.12841796875	13394
24722.57421875	618064.35546875	13382.78662109375	13383
24737.392578125	618434.814453125	13403.21923828125	13403
24752.21875	618805.46875	13403.21923828125	13403
24767.0546875	619176.3671875	13403.21923828125	13403
24781.900390625	619547.509765625	13410.85986328125	13411
24796.75390625	619918.84765625	13389.28076171875	13389
24811.6171875	620290.4296875	13442.4140625	13442
24826.48828125	620662.20703125	13424.283203125	13424
24841.369140625	621034.228515625	13433.29150390625	13433
24856.259765625	621406.494140625	13433.29150390625	13433
24871.158203125	621778.955078125	13442.4140625	13442
24886.064453125	622151.611328125	13442.4140625	13442
24900.98046875	622524.51171875	13445.0771484375	13445
24915.90625	622897.65625	13445.0771484375	13445
24930.83984375	623270.99609375	13451.83251953125	13452
24945.783203125	623644.580078125	13451.83251953125	13452
24960.736328125	624018.408203125	13451.4619140625	13451
24975.697265625	624392.431640625	13445.2236328125	13445
24990.66796875	624766.69921875	13444.85302734375	13445
25005.646484375	625141.162109375	13438.03857421875	13438
25020.634765625	625515.869140625	13438.03857421875	13438
25035.630859375	625890.771484375	13438.03857421875	13438
25050.63671875	626265.91796875	13444.85302734375	13445
25065.65234375	626641.30859375	13444.85302734375	13445
25080.67578125	627016.89453125	13437.99462890625	13438
25095.708984375	627392.724609375	13437.99462890625	13438
25110.751953125	627768.798828125	13437.99462890625	13438
25125.802734375	628145.068359375	13419.8681640625	13420
25140.86328125	628521.58203125	13419.8681640625	13420
25155.931640625	628898.291015625	13419.8681640625	13420
25171.009765625	629275.244140625	13431.18017578125	13431
25186.09765625	629652.44140625	13431.18017578125	13431
25201.193359375	630029.833984375	13431.18017578125	13431
25216.298828125	630407.470703125	13446.373046875	13446
25231.412109375	630785.302734375	13446.373046875	13446
25246.53515625	631163.37890625	13428.7041015625	13429
25261.66796875	631541.69921875	13428.7041015625	13429
25276.810546875	631920.263671875	13427.06201171875	13427
25291.9609375	632299.0234375	13427.06201171875	13427
25307.119140625	632677.978515625	13454.45947265625	13454
25322.2890625	633057.2265625	13437.1669921875	13437
25337.466796875	633436.669921875	13427.70703125	13428
25352.654296875	633816.357421875	13410.41455078125	13410
25367.849609375	634196.240234375	13401.76904296875	13402
25383.0546875	634576.3671875	13401.76904296875	13402
25398.26953125	634956.73828125	13409.86279296875	13410
25413.4921875	635337.3046875	13409.86279296875	13410
25428.724609375	635718.115234375	13407.3701171875	13407
25443.966796875	636099.169921875	13416.37841796875	13416
25459.216796875	636480.419921875	13410.03369140625	13410
25474.4765625	636861.9140625	13410.77734375	13411
25489.74609375	637243.65234375	13410.77734375	13411
25505.0234375	637625.5859375	13410.77734375	13411
25520.3125	638007.8125	13437.99462890625	13438
25535.607421875	638390.185546875	13437.99462890625	13438
25550.9140625	638772.8515625	13459.3232421875	13459
25566.228515625	639155.712890625	13459.3232421875	13459
25581.552734375	639538.818359375	13473.29736328125	13473
25596.88671875	639922.16796875	13479.01513671875	13479
25612.228515625	640305.712890625	13479.01513671875	13479
25627.580078125	640689.501953125	13483.90869140625	13484
25642.94140625	641073.53515625	13483.90869140625	13484
25658.310546875	641457.763671875	13479.01513671875	13479
25673.689453125	641842.236328125	13482.1484375	13482
25689.078125	642226.953125	13486.26904296875	13486
25704.4765625	642611.9140625	13486.26904296875	13486
25719.8828125	642997.0703125	13486.26904296875	13486
25735.298828125	643382.470703125	13477.41796875	13477
25750.724609375	643768.115234375	13459.3232421875	13459
25766.16015625	644154.00390625	13459.3232421875	13459
25781.603515625	644540.087890625	13459.3232421875	13459
25797.056640625	644926.416015625	13473.29736328125	13473
25812.51953125	645312.98828125	13487.28125	13487
25827.990234375	645699.755859375	13487.28125	13487
25843.470703125	646086.767578125	13487.28125	13487
25858.9609375	646474.0234375	13475.0576171875	13475
25874.4609375	646861.5234375	13491.90380859375	13492
25889.970703125	647249.267578125	13491.90380859375	13492
25905.48828125	647637.20703125	13486.18603515625	13486
25921.015625	648025.390625	13446.98876953125	13447
25936.552734375	648413.818359375	13400.8671875	13401
25952.09765625	648802.44140625	13436.97216796875	13437
25967.65234375	649191.30859375	13436.97216796875	13437
25983.21875	649580.46875	13418.94970703125	13419
25998.791015625	649969.775390625	13467.58837890625	13468
26014.375	650359.375	13432.44189453125	13432
26029.96875	650749.21875	13457.57177734375	13458
26045.5703125	651139.2578125	13457.57177734375	13458
26061.181640625	651529.541015625	13428.61181640625	13429
26076.802734375	651920.068359375	13428.61181640625	13429
26092.431640625	652310.791015625	13428.61181640625	13429
26108.072265625	652701.806640625	13428.61181640625	13429
26123.720703125	653093.017578125	13408.01220703125	13408
26139.37890625	653484.47265625	13425.66015625	13426
26155.046875	653876.171875	13425.66015625	13426
26170.72265625	654268.06640625	13420.8056640625	13421
26186.41015625	654660.25390625	13410.85986328125	13411
26202.10546875	655052.63671875	13410.85986328125	13411
26217.810546875	655445.263671875	13410.85986328125	13411
26233.525390625	655838.134765625	13403.8564453125	13404
26249.248046875	656231.201171875	13410.85986328125	13411
26264.982421875	656624.560546875	13418.845703125	13419
26280.724609375	657018.115234375	13418.845703125	13419
26296.4765625	657411.9140625	13425.66015625	13426
26312.23828125	657805.95703125	13425.66015625	13426
26328.009765625	658200.244140625	13425.66015625	13426
26343.791015625	658594.775390625	13418.845703125	13419
26359.58203125	658989.55078125	13418.845703125	13419
26375.380859375	659384.521484375	13425.66015625	13426
26391.189453125	659779.736328125	13418.845703125	13419
26407.0078125	660175.1953125	13410.9638671875	13411
26422.8359375	660570.8984375	13410.9638671875	13411
26438.673828125	660966.845703125	13410.9638671875	13411
26454.521484375	661363.037109375	13400.9755859375	13401
26470.376953125	661759.423828125	13400.9755859375	13401
26486.2421875	662156.0546875	13420.82177734375	13421
26502.119140625	662552.978515625	13420.82177734375	13421
26518.00390625	662950.09765625	13420.82177734375	13421
26533.8984375	663347.4609375	13410.9638671875	13411
26549.802734375	663745.068359375	13400.9755859375	13401
26565.71484375	664142.87109375	13400.9755859375	13401
26581.638671875	664540.966796875	13400.9755859375	13401
26597.572265625	664939.306640625	13409.5068359375	13410
26613.513671875	665337.841796875	13409.5068359375	13410
26629.46484375	665736.62109375	13409.5068359375	13410
26645.42578125	666135.64453125	13428.384765625	13428
26661.3984375	666534.9609375	13409.5068359375	13410
26677.37890625	666934.47265625	13400.9755859375	13401
26693.3671875	667334.1796875	13392.060546875	13392
26709.3671875	667734.1796875	13392.85400390625	13393
26725.376953125	668134.423828125	13391.35791015625	13391
26741.396484375	668534.912109375	13391.35791015625	13391
26757.423828125	668935.595703125	13391.35791015625	13391
26773.462890625	669336.572265625	13384.755859375	13385
26789.509765625	669737.744140625	13392.12109375	13392
26805.56640625	670139.16015625	13404.06689453125	13404
26821.634765625	670540.869140625	13429.841796875	13430
26837.7109375	670942.7734375	13404.06689453125	13404
26853.796875	671344.921875	13404.06689453125	13404
26869.892578125	671747.314453125	13411.515625	13412
26885.998046875	672149.951171875	13399.56982421875	13400
26902.11328125	672552.83203125	13410.94970703125	13411
26918.23828125	672955.95703125	13410.94970703125	13411
26934.373046875	673359.326171875	13410.94970703125	13411
26950.515625	673762.890625	13439.4755859375	13439
26966.669921875	674166.748046875	13466.8515625	13467
26982.833984375	674570.849609375	13466.8515625	13467
26999.005859375	674975.146484375	13466.8515625	13467
27015.189453125	675379.736328125	13466.8515625	13467
27031.3828125	675784.5703125	13470.0146484375	13470
27047.583984375	676189.599609375	13470.0146484375	13470
27063.796875	676594.921875	13476.7822265625	13477
27080.017578125	677000.439453125	13488.96240234375	13489
27096.25	677406.25	13488.96240234375	13489
27112.490234375	677812.255859375	13488.96240234375	13489
27128.740234375	678218.505859375	13476.7822265625	13477
27145.001953125	678625.048828125	13494.06201171875	13494
27161.271484375	679031.787109375	13504.8662109375	13505
27177.552734375	679438.818359375	13494.06201171875	13494
27193.841796875	679846.044921875	13504.8662109375	13505
27210.140625	680253.515625	13509.6337890625	13510
27226.451171875	680661.279296875	13501.6142578125	13502
27242.76953125	681069.23828125	13477.8935546875	13478
27259.099609375	681477.490234375	13488.27685546875	13488
27275.4375	681885.9375	13488.27685546875	13488
27291.787109375	682294.677734375	13479.72314453125	13480
27308.14453125	682703.61328125	13477.41748046875	13477
27324.51171875	683112.79296875	13463.03369140625	13463
27340.890625	683522.265625	13463.03369140625	13463
27357.279296875	683931.982421875	13463.03369140625	13463
27373.67578125	684341.89453125	13477.41748046875	13477
27390.083984375	684752.099609375	13488.3046875	13488
27406.5	685162.5	13501.6142578125	13502
27422.927734375	685573.193359375	13501.6142578125	13502
27439.365234375	685984.130859375	13481.4453125	13481
27455.810546875	686395.263671875	13462.89453125	13463
27472.267578125	686806.689453125	13462.89453125	13463
27488.734375	687218.359375	13455.79638671875	13456
27505.2109375	687630.2734375	13455.79638671875	13456
27521.697265625	688042.431640625	13455.79638671875	13456
27538.193359375	688454.833984375	13428.7578125	13429
27554.69921875	688867.48046875	13403.58642578125	13404
27571.21484375	689280.37109375	13403.58642578125	13404
27587.740234375	689693.505859375	13434.30029296875	13434
27604.27734375	690106.93359375	13434.30029296875	13434
27620.822265625	690520.556640625	13435.84326171875	13436
27637.376953125	690934.423828125	13417.49267578125	13417
27653.943359375	691348.583984375	13417.49267578125	13417
27670.517578125	691762.939453125	13417.49267578125	13417
27687.103515625	692177.587890625	13444.5439453125	13445
27703.69921875	692592.48046875	13423.3603515625	13423
27720.3046875	693007.6171875	13442.98828125	13443
27736.919921875	693422.998046875	13411.60009765625	13412
27753.544921875	693838.623046875	13411.60009765625	13412
27770.1796875	694254.4921875	13411.60009765625	13412
27786.82421875	694670.60546875	13411.60009765625	13412
27803.48046875	695087.01171875	13411.60009765625	13412
27820.14453125	695503.61328125	13420.2880859375	13420
27836.8203125	695920.5078125	13428.58349609375	13429
27853.50390625	696337.59765625	13420.2880859375	13420
27870.19921875	696754.98046875	13428.58349609375	13429
27886.904296875	697172.607421875	13438.845703125	13439
27903.619140625	697590.478515625	13438.845703125	13439
27920.345703125	698008.642578125	13447.7080078125	13448
27937.080078125	698427.001953125	13447.7080078125	13448
27953.82421875	698845.60546875	13455.79638671875	13456
27970.580078125	699264.501953125	13455.79638671875	13456
27987.345703125	699683.642578125	13455.79638671875	13456
28004.12109375	700103.02734375	13460.02001953125	13460
28020.90625	700522.65625	13469.16455078125	13469
28037.701171875	700942.529296875	13469.16455078125	13469
28054.505859375	701362.646484375	13469.16455078125	13469
28071.322265625	701783.056640625	13469.16455078125	13469
28088.1484375	702203.7109375	13469.16455078125	13469
28104.982421875	702624.560546875	13469.16455078125	13469
28121.828125	703045.703125	13467.951171875	13468
28138.685546875	703467.138671875	13467.951171875	13468
28155.55078125	703888.76953125	13467.951171875	13468
28172.42578125	704310.64453125	13471.69873046875	13472
28189.3125	704732.8125	13471.69873046875	13472
28206.208984375	705155.224609375	13437.44580078125	13437
28223.115234375	705577.880859375	13412.2744140625	13412
28240.03125	706000.78125	13437.44580078125	13437
28256.958984375	706423.974609375	13412.2744140625	13412
28273.896484375	706847.412109375	13399.47900390625	13399
28290.841796875	707271.044921875	13399.47900390625	13399
28307.798828125	707694.970703125	13395.20654296875	13395
28324.767578125	708119.189453125	13395.20654296875	13395
28341.744140625	708543.603515625	13399.47900390625	13399
28358.732421875	708968.310546875	13398.9912109375	13399
28375.73046875	709393.26171875	13398.9912109375	13399
28392.73828125	709818.45703125	13393.3896484375	13393
28409.755859375	710243.896484375	13393.4453125	13393
28426.78515625	710669.62890625	13383.357421875	13383
28443.822265625	711095.556640625	13383.78955078125	13384
28460.87109375	711521.77734375	13393.87744140625	13394
28477.931640625	711948.291015625	13393.87744140625	13394
28495.0	712375.0	13393.87744140625	13394
28512.080078125	712802.001953125	13383.78955078125	13384
28529.169921875	713229.248046875	13366.80615234375	13367
28546.26953125	713656.73828125	13353.33203125	13353
28563.37890625	714084.47265625	13339.6181640625	13340
28580.5	714512.5	13291.10791015625	13291
28597.630859375	714940.771484375	13276.69091796875	13277
28614.771484375	715369.287109375	13276.69091796875	13277
28631.923828125	715798.095703125	13282.359375	13282
28649.083984375	716227.099609375	13282.359375	13282
28666.255859375	716656.396484375	13282.359375	13282
28683.439453125	717085.986328125	13282.359375	13282
28700.630859375	717515.771484375	13282.359375	13282
28717.833984375	717945.849609375	13323.83251953125	13324
28735.046875	718376.171875	13323.83251953125	13324
28752.271484375	718806.787109375	13334.51220703125	13335
28769.50390625	719237.59765625	13334.51220703125	13335
28786.748046875	719668.701171875	13334.51220703125	13335
28804.001953125	720100.048828125	13334.51220703125	13335
28821.267578125	720531.689453125	13334.51220703125	13335
28838.54296875	720963.57421875	13323.83251953125	13324
28855.828125	721395.703125	13323.83251953125	13324
28873.123046875	721828.076171875	13366.4931640625	13366
28890.4296875	722260.7421875	13347.994140625	13348
28907.74609375	722693.65234375	13347.994140625	13348
28925.072265625	723126.806640625	13328.09521484375	13328
28942.41015625	723560.25390625	13328.09521484375	13328
28959.7578125	723993.9453125	13328.09521484375	13328
28977.1171875	724427.9296875	13328.09521484375	13328
28994.484375	724862.109375	13321.15771484375	13321
29011.86328125	725296.58203125	13328.09521484375	13328
29029.25390625	725731.34765625	13341.0849609375	13341
29046.65234375	726166.30859375	13341.0849609375	13341
29064.0625	726601.5625	13341.0849609375	13341
29081.484375	727037.109375	13317.23876953125	13317
29098.9140625	727472.8515625	13335.85009765625	13336
29116.35546875	727908.88671875	13345.62255859375	13346
29133.80859375	728345.21484375	13345.62255859375	13346
29151.26953125	728781.73828125	13322.8603515625	13323
29168.7421875	729218.5546875	13315.9228515625	13316
29186.2265625	729655.6640625	13326.779296875	13327
29203.720703125	730093.017578125	13346.70654296875	13347
29221.224609375	730530.615234375	13339.76904296875	13340
29238.740234375	730968.505859375	13341.056640625	13341
29256.263671875	731406.591796875	13326.779296875	13327
29273.80078125	731845.01953125	13326.779296875	13327
29291.34765625	732283.69140625	13326.779296875	13327
29308.904296875	732722.607421875	13341.36669921875	13341
29326.470703125	733161.767578125	13321.7177734375	13322
29344.048828125	733601.220703125	13321.7177734375	13322
29361.63671875	734040.91796875	13308.23583984375	13308
29379.236328125	734480.908203125	13308.23583984375	13308
29396.845703125	734921.142578125	13308.23583984375	13308
29414.46484375	735361.62109375	13333.3408203125	13333
29432.095703125	735802.392578125	13333.3408203125	13333
29449.73828125	736243.45703125	13321.7177734375	13322
29467.388671875	736684.716796875	13321.7177734375	13322
29485.05078125	737126.26953125	13333.3408203125	13333
29502.724609375	737568.115234375	13315.21533203125	13315
29520.408203125	738010.205078125	13266.74853515625	13267
29538.1015625	738452.5390625	13280.7841796875	13281
29555.806640625	738895.166015625	13272.0849609375	13272
29573.521484375	739338.037109375	13286.79248046875	13287
29591.248046875	739781.201171875	13286.79248046875	13287
29608.984375	740224.609375	13286.79248046875	13287
29626.732421875	740668.310546875	13309.8369140625	13310
29644.490234375	741112.255859375	13299.14794921875	13299
29662.2578125	741556.4453125	13309.8369140625	13310
29680.037109375	742000.927734375	13309.8369140625	13310
29697.828125	742445.703125	13299.14794921875	13299
29715.626953125	742890.673828125	13290.8857421875	13291
29733.439453125	743335.986328125	13298.5751953125	13299
29751.259765625	743781.494140625	13283.41845703125	13283
29769.09375	744227.34375	13271.0146484375	13271
29786.935546875	744673.388671875	13266.60009765625	13267
29804.791015625	745119.775390625	13274.91064453125	13275
29822.654296875	745566.357421875	13277.0791015625	13277
29840.529296875	746013.232421875	13297.13232421875	13297
29858.416015625	746460.400390625	13289.82666015625	13290
29876.3125	746907.8125	13289.82666015625	13290
29894.220703125	747355.517578125	13284.54638671875	13285
29912.138671875	747803.466796875	13277.0791015625	13277
29930.06640625	748251.66015625	13286.79248046875	13287
29948.0078125	748700.1953125	13277.0791015625	13277
29965.95703125	749148.92578125	13277.0791015625	13277
29983.91796875	749597.94921875	13292.99658203125	13293
30001.890625	750047.265625	13292.99658203125	13293
30019.873046875	750496.826171875	13321.466796875	13321
30037.8671875	750946.6796875	13291.17333984375	13291
30055.87109375	751396.77734375	13289.1669921875	13289
30073.88671875	751847.16796875	13289.1669921875	13289
30091.912109375	752297.802734375	13279.45361328125	13279
30109.94921875	752748.73046875	13279.45361328125	13279
30127.99609375	753199.90234375	13282.72314453125	13283
30146.0546875	753651.3671875	13292.4365234375	13292
30164.123046875	754103.076171875	13294.77392578125	13295
30182.203125	754555.078125	13309.298828125	13309
30200.294921875	755007.373046875	13309.298828125	13309
30218.396484375	755459.912109375	13301.96923828125	13302
30236.5078125	755912.6953125	13294.77392578125	13295
30254.630859375	756365.771484375	13289.62255859375	13290
30272.765625	756819.140625	13289.62255859375	13290
30290.91015625	757272.75390625	13289.62255859375	13290
30309.06640625	757726.66015625	13292.99658203125	13293
30327.234375	758180.859375	13292.99658203125	13293
30345.412109375	758635.302734375	13292.99658203125	13293
30363.599609375	759089.990234375	13292.99658203125	13293
30381.798828125	759544.970703125	13299.9599609375	13300
30400.009765625	760000.244140625	13299.9599609375	13300
30418.23046875	760455.76171875	13299.9599609375	13300
30436.462890625	760911.572265625	13297.55029296875	13298
30454.70703125	761367.67578125	13279.88330078125	13280
30472.9609375	761824.0234375	13268.83056640625	13269
30491.2265625	762280.6640625	13267.8193359375	13268
30509.501953125	762737.548828125	13273.7490234375	13274
30527.7890625	763194.7265625	13267.8193359375	13268
30546.0859375	763652.1484375	13267.8193359375	13268
30564.396484375	764109.912109375	13262.568359375	13263
30582.71484375	764567.87109375	13253.20556640625	13253
30601.046875	765026.171875	13258.509765625	13259
30619.388671875	765484.716796875	13260.50634765625	13261
30637.740234375	765943.505859375	13261.32177734375	13261
30656.10546875	766402.63671875	13262.568359375	13263
30674.48046875	766862.01171875	13282.29296875	13282
30692.865234375	767321.630859375	13299.9599609375	13300
30711.26171875	767781.54296875	13299.9599609375	13300
30729.669921875	768241.748046875	13300.26025390625	13300
30748.08984375	768702.24609375	13300.26025390625	13300
30766.51953125	769162.98828125	13300.26025390625	13300
30784.9609375	769624.0234375	13282.29296875	13282
30803.412109375	770085.302734375	13288.20263671875	13288
30821.875	770546.875	13293.8095703125	13294
30840.349609375	771008.740234375	13274.740234375	13275
30858.833984375	771470.849609375	13282.29296875	13282
30877.33203125	771933.30078125	13282.29296875	13282
30895.837890625	772395.947265625	13300.26025390625	13300
30914.357421875	772858.935546875	13300.26025390625	13300
30932.88671875	773322.16796875	13299.662109375	13300
30951.427734375	773785.693359375	13299.662109375	13300
30969.98046875	774249.51171875	13305.8125	13306
30988.54296875	774713.57421875	13305.8125	13306
31007.1171875	775177.9296875	13309.08447265625	13309
31025.701171875	775642.529296875	13309.08447265625	13309
31044.298828125	776107.470703125	13310.1494140625	13310
31062.90625	776572.65625	13316.1806640625	13316
31081.5234375	777038.0859375	13316.1806640625	13316
31100.154296875	777503.857421875	13317.35986328125	13317
31118.794921875	777969.873046875	13305.8125	13306
31137.447265625	778436.181640625	13308.76806640625	13309
31156.111328125	778902.783203125	13343.2890625	13343
31174.78515625	779369.62890625	13382.81640625	13383
31193.470703125	779836.767578125	13382.81640625	13383
31212.16796875	780304.19921875	13389.4970703125	13389
31230.876953125	780771.923828125	13389.4970703125	13389
31249.595703125	781239.892578125	13382.81640625	13383
31268.326171875	781708.154296875	13364.72021484375	13365
31287.068359375	782176.708984375	13373.49462890625	13373
31305.8203125	782645.5078125	13349.212890625	13349
31324.5859375	783114.6484375	13373.49462890625	13373
31343.361328125	783584.033203125	13349.212890625	13349
31362.146484375	784053.662109375	13373.49462890625	13373
31380.9453125	784523.6328125	13341.38720703125	13341
31399.75390625	784993.84765625	13332.61279296875	13333
31418.576171875	785464.404296875	13310.6357421875	13311
31437.40625	785935.15625	13350.49365234375	13350
31456.25	786406.25	13338.08154296875	13338
31475.10546875	786877.63671875	13335.3349609375	13335
31493.970703125	787349.267578125	13323.86328125	13324
31512.84765625	787821.19140625	13323.86328125	13324
31531.736328125	788293.408203125	13311.9921875	13312
31550.634765625	788765.869140625	13317.9921875	13318
31569.546875	789238.671875	13311.34033203125	13311
31588.46875	789711.71875	13300.6064453125	13301
31607.40234375	790185.05859375	13300.6064453125	13301
31626.34765625	790658.69140625	13286.1328125	13286
31645.3046875	791132.6171875	13301.57080078125	13302
31664.271484375	791606.787109375	13278.82177734375	13279
31683.25	792081.25	13278.82177734375	13279
31702.2421875	792556.0546875	13278.82177734375	13279
31721.2421875	793031.0546875	13299.14794921875	13299
31740.255859375	793506.396484375	13299.14794921875	13299
31759.28125	793982.03125	13299.14794921875	13299
31778.31640625	794457.91015625	13293.29541015625	13293
31797.365234375	794934.130859375	13293.29541015625	13293
31816.423828125	795410.595703125	13293.29541015625	13293
31835.494140625	795887.353515625	13293.29541015625	13293
31854.576171875	796364.404296875	13293.29541015625	13293
31873.66796875	796841.69921875	13293.29541015625	13293
31892.7734375	797319.3359375	13293.29541015625	13293
31911.888671875	797797.216796875	13293.29541015625	13293
31931.017578125	798275.439453125	13293.29541015625	13293
31950.15625	798753.90625	13299.14794921875	13299
31969.306640625	799232.666015625	13299.14794921875	13299
31988.46875	799711.71875	13301.9892578125	13302
32007.642578125	800191.064453125	13315.9521484375	13316
32026.826171875	800670.654296875	13325.75390625	13326
32046.0234375	801150.5859375	13320.92333984375	13321
32065.23046875	801630.76171875	13320.92333984375	13321
32084.451171875	802111.279296875	13309.30029296875	13309
32103.681640625	802592.041015625	13309.30029296875	13309
32122.923828125	803073.095703125	13309.30029296875	13309
32142.177734375	803554.443359375	13309.30029296875	13309
32161.443359375	804036.083984375	13311.7587890625	13312
32180.720703125	804518.017578125	13311.7587890625	13312
32200.009765625	805000.244140625	13311.7587890625	13312
32219.310546875	805482.763671875	13311.7587890625	13312
32238.62109375	805965.52734375	13280.916015625	13281
32257.9453125	806448.6328125	13280.916015625	13281
32277.279296875	806931.982421875	13295.77392578125	13296
32296.626953125	807415.673828125	13297.55029296875	13298
32315.984375	807899.609375	13308.2353515625	13308
32335.353515625	808383.837890625	13302.03662109375	13302
32354.736328125	808868.408203125	13310.72607421875	13311
32374.12890625	809353.22265625	13310.72607421875	13311
32393.533203125	809838.330078125	13308.2353515625	13308
32412.94921875	810323.73046875	13315.38427734375	13315
32432.376953125	810809.423828125	13314.73779296875	13315
32451.81640625	811295.41015625	13333.412109375	13333
32471.267578125	811781.689453125	13331.1435546875	13331
32490.73046875	812268.26171875	13331.1435546875	13331
32510.205078125	812755.126953125	13333.412109375	13333
32529.69140625	813242.28515625	13352.28076171875	13352
32549.189453125	813729.736328125	13352.28076171875	13352
32568.69921875	814217.48046875	13342.17041015625	13342
32588.220703125	814705.517578125	13342.17041015625	13342
32607.75390625	815193.84765625	13342.17041015625	13342
32627.296875	815682.421875	13342.17041015625	13342
32646.853515625	816171.337890625	13336.63134765625	13337
32666.421875	816660.546875	13313.1845703125	13313
32686.001953125	817150.048828125	13311.14453125	13311
32705.59375	817639.84375	13317.228515625	13317
32725.197265625	818129.931640625	13326.77001953125	13327
32744.8125	818620.3125	13335.75146484375	13336
32764.4375	819110.9375	13317.228515625	13317
32784.078125	819601.953125	13326.2099609375	13326
32803.7265625	820093.1640625	13317.228515625	13317
32823.390625	820584.765625	13317.228515625	13317
32843.0625	821076.5625	13311.14453125	13311
32862.75	821568.75	13322.11181640625	13322
32882.4453125	822061.1328125	13322.11181640625	13322
32902.15625	822553.90625	13322.11181640625	13322
32921.875	823046.875	13332.30908203125	13332
32941.609375	823540.234375	13322.767578125	13323
32961.35546875	824033.88671875	13322.767578125	13323
32981.109375	824527.734375	13318.90966796875	13319
33000.87890625	825021.97265625	13318.90966796875	13319
33020.66015625	825516.50390625	13318.90966796875	13319
33040.453125	826011.328125	13318.90966796875	13319
33060.25390625	826506.34765625	13318.90966796875	13319
33080.0703125	827001.7578125	13329.451171875	13329
33099.8984375	827497.4609375	13331.2724609375	13331
33119.73828125	827993.45703125	13342.17041015625	13342
33139.58984375	828489.74609375	13331.1435546875	13331
33159.453125	828986.328125	13331.1435546875	13331
33179.328125	829483.203125	13345.41259765625	13345
33199.21484375	829980.37109375	13345.41259765625	13345
33219.1171875	830477.9296875	13339.94384765625	13340
33239.02734375	830975.68359375	13312.64599609375	13313
33258.94921875	831473.73046875	13327.39892578125	13327
33278.8828125	831972.0703125	13313.1123046875	13313
33298.83203125	832470.80078125	13313.1123046875	13313
33318.7890625	832969.7265625	13313.1123046875	13313
33338.76171875	833469.04296875	13305.328125	13305
33358.7421875	833968.5546875	13305.328125	13305
33378.73828125	834468.45703125	13297.55029296875	13298
33398.74609375	834968.65234375	13289.5068359375	13290
33418.765625	835469.140625	13289.5068359375	13290
33438.79296875	835969.82421875	13289.5068359375	13290
33458.8359375	836470.8984375	13288.423828125	13288
33478.890625	836972.265625	13288.423828125	13288
33498.9609375	837474.0234375	13288.423828125	13288
33519.0390625	837975.9765625	13288.423828125	13288
33539.12890625	838478.22265625	13289.5068359375	13290
33559.23046875	838980.76171875	13297.791015625	13298
33579.34765625	839483.69140625	13297.791015625	13298
33599.47265625	839986.81640625	13297.791015625	13298
33619.61328125	840490.33203125	13282.06494140625	13282
33639.765625	840994.140625	13282.06494140625	13282
33659.92578125	841498.14453125	13282.06494140625	13282
33680.1015625	842002.5390625	13273.33154296875	13273
33700.2890625	842507.2265625	13273.33154296875	13273
33720.48828125	843012.20703125	13267.240234375	13267
33740.69921875	843517.48046875	13267.240234375	13267
33760.92578125	844023.14453125	13281.44775390625	13281
33781.16015625	844529.00390625	13267.74365234375	13268
33801.40625	845035.15625	13267.74365234375	13268
33821.66796875	845541.69921875	13269.7939453125	13270
33841.94140625	846048.53515625	13272.71435546875	13273
33862.2265625	846555.6640625	13272.71435546875	13273
33882.51953125	847062.98828125	13272.71435546875	13273
33902.83203125	847570.80078125	13272.71435546875	13273
33923.15234375	848078.80859375	13273.8349609375	13274
33943.484375	848587.109375	13280.98193359375	13281
33963.828125	849095.703125	13280.98193359375	13281
33984.1875	849604.6875	13296.7080078125	13297
34004.5546875	850113.8671875	13290.17822265625	13290
34024.9375	850623.4375	13273.33154296875	13273
34045.33203125	851133.30078125	13267.240234375	13267
34065.73828125	851643.45703125	13267.240234375	13267
34086.15625	852153.90625	13267.240234375	13267
34106.5859375	852664.6484375	13268.36083984375	13268
34127.03125	853175.78125	13268.36083984375	13268
34147.484375	853687.109375	13247.7431640625	13248
34167.953125	854198.828125	13247.14697265625	13247
34188.43359375	854710.83984375	13247.14697265625	13247
34208.92578125	855223.14453125	13247.14697265625	13247
34229.4296875	855735.7421875	13247.14697265625	13247
34249.9453125	856248.6328125	13219.4365234375	13219
34270.4765625	856761.9140625	13219.4365234375	13219
34291.015625	857275.390625	13219.4365234375	13219
34311.5703125	857789.2578125	13241.58447265625	13242
34332.13671875	858303.41796875	13241.58447265625	13242
34352.71484375	858817.87109375	13232.62060546875	13233
34373.3046875	859332.6171875	13209.82470703125	13210
34393.90625	859847.65625	13220.03271484375	13220
34414.5234375	860363.0859375	13228.30810546875	13228
34435.15234375	860878.80859375	13239.212890625	13239
34455.7890625	861394.7265625	13228.30810546875	13228
34476.44140625	861911.03515625	13228.30810546875	13228
34497.109375	862427.734375	13228.30810546875	13228
34517.78515625	862944.62890625	13204.25439453125	13204
34538.47265625	863461.81640625	13212.52978515625	13213
34559.17578125	863979.39453125	13236.7001953125	13237
34579.890625	864497.265625	13206.7998046875	13207
34600.6171875	865015.4296875	13200.36669921875	13200
34621.35546875	865533.88671875	13200.36669921875	13200
34642.109375	866052.734375	13206.7998046875	13207
34662.87109375	866571.77734375	13198.5478515625	13199
34683.6484375	867091.2109375	13209.82470703125	13210
34704.4375	867610.9375	13206.8232421875	13207
34725.23828125	868130.95703125	13206.8232421875	13207
34746.05078125	868651.26953125	13194.4990234375	13194
34766.87890625	869171.97265625	13194.4990234375	13194
34787.71875	869692.96875	13191.6943359375	13192
34808.5703125	870214.2578125	13191.6943359375	13192
34829.43359375	870735.83984375	13191.6943359375	13192
34850.30859375	871257.71484375	13212.5703125	13213
34871.1953125	871779.8828125	13224.89453125	13225
34892.09765625	872302.44140625	13208.2705078125	13208
34913.01171875	872825.29296875	13208.2705078125	13208
34933.9375	873348.4375	13218.87841796875	13219
34954.87890625	873871.97265625	13195.9462890625	13196
34975.828125	874395.703125	13210.60302734375	13211
34996.79296875	874919.82421875	13202.7998046875	13203
35017.76953125	875444.23828125	13199.45166015625	13199
35038.7578125	875968.9453125	13202.7998046875	13203
35059.76171875	876494.04296875	13195.40283203125	13195
35080.7734375	877019.3359375	13195.40283203125	13195
35101.80078125	877545.01953125	13195.40283203125	13195
35122.83984375	878070.99609375	13200.58544921875	13201
35143.89453125	878597.36328125	13210.60302734375	13211
35164.95703125	879123.92578125	13210.60302734375	13211
35186.03515625	879650.87890625	13210.60302734375	13211
35207.125	880178.125	13223.0771484375	13223
35228.2265625	880705.6640625	13226.49365234375	13226
35249.34375	881233.59375	13240.06396484375	13240
35270.47265625	881761.81640625	13224.9912109375	13225
35291.61328125	882290.33203125	13223.009765625	13223
35312.765625	882819.140625	13208.9287109375	13209
35333.9296875	883348.2421875	13223.009765625	13223
35355.109375	883877.734375	13205.548828125	13206
35376.30078125	884407.51953125	13190.546875	13191
35397.50390625	884937.59765625	13179.78369140625	13180
35418.72265625	885468.06640625	13160.794921875	13161
35439.953125	885998.828125	13173.60595703125	13174
35461.1953125	886529.8828125	13181.12060546875	13181
35482.44921875	887061.23046875	13176.806640625	13177
35503.71484375	887592.87109375	13189.5126953125	13190
35524.99609375	888124.90234375	13163.76806640625	13164
35546.2890625	888657.2265625	13160.68603515625	13161
35567.59765625	889189.94140625	13154.064453125	13154
35588.9140625	889722.8515625	13157.03759765625	13157
35610.24609375	890256.15234375	13157.03759765625	13157
35631.58984375	890789.74609375	13158.732421875	13159
35652.94921875	891323.73046875	13148.15966796875	13148
35674.31640625	891857.91015625	13150.06982421875	13150
35695.69921875	892392.48046875	13157.03759765625	13157
35717.09765625	892927.44140625	13148.15966796875	13148
35738.50390625	893462.59765625	13148.15966796875	13148
35759.92578125	893998.14453125	13150.06982421875	13150
35781.359375	894533.984375	13148.15966796875	13148
35802.8046875	895070.1171875	13148.15966796875	13148
35824.265625	895606.640625	13148.15966796875	13148
35845.73828125	896143.45703125	13148.15966796875	13148
35867.22265625	896680.56640625	13148.15966796875	13148
35888.72265625	897218.06640625	13130.9853515625	13131
35910.234375	897755.859375	13140.24609375	13140
35931.7578125	898293.9453125	13147.00341796875	13147
35953.29296875	898832.32421875	13149.4560546875	13149
35974.84375	899371.09375	13149.4560546875	13149
35996.40625	899910.15625	13142.69873046875	13143
36017.984375	900449.609375	13142.69873046875	13143
36039.5703125	900989.2578125	13129.3134765625	13129
36061.171875	901529.296875	13129.3134765625	13129
36082.7890625	902069.7265625	13118.306640625	13118
36104.4140625	902610.3515625	13129.3134765625	13129
36126.0546875	903151.3671875	13144.03857421875	13144
36147.7109375	903692.7734375	13137.28125	13137
36169.375	904234.375	13135.34619140625	13135
36191.0546875	904776.3671875	13135.34619140625	13135
36212.74609375	905318.65234375	13135.34619140625	13135
36234.453125	905861.328125	13135.34619140625	13135
36256.171875	906404.296875	13145.19482421875	13145
36277.90234375	906947.55859375	13145.19482421875	13145
36299.6484375	907491.2109375	13143.10400390625	13143
36321.40625	908035.15625	13147.6328125	13148
36343.17578125	908579.39453125	13147.6328125	13148
36364.95703125	909123.92578125	13185.92626953125	13186
36386.75390625	909668.84765625	13162.12646484375	13162
36408.56640625	910214.16015625	13180.9296875	13181
36430.38671875	910759.66796875	13159.6884765625	13160
36452.22265625	911305.56640625	13172.8798828125	13173
36474.07421875	911851.85546875	13180.9296875	13181
36495.93359375	912398.33984375	13180.9296875	13181
36517.80859375	912945.21484375	13173.17578125	13173
36539.69921875	913492.48046875	13173.17578125	13173
36561.59765625	914039.94140625	13173.82470703125	13174
36583.515625	914587.890625	13183.6748046875	13184
36605.44140625	915136.03515625	13168.86083984375	13169
36627.3828125	915684.5703125	13168.86083984375	13169
36649.3359375	916233.3984375	13155.255859375	13155
36671.3046875	916782.6171875	13155.255859375	13155
36693.28515625	917332.12890625	13155.255859375	13155
36715.27734375	917881.93359375	13146.08349609375	13146
36737.28515625	918432.12890625	13146.08349609375	13146
36759.3046875	918982.6171875	13146.08349609375	13146
36781.3359375	919533.3984375	13172.9775390625	13173
36803.3828125	920084.5703125	13137.28125	13137
36825.44140625	920636.03515625	13137.28125	13137
36847.515625	921187.890625	13159.7861328125	13160
36869.6015625	921740.0390625	13159.7861328125	13160
36891.69921875	922292.48046875	13159.7861328125	13160
36913.8125	922845.3125	13135.34619140625	13135
36935.9375	923398.4375	13143.86962890625	13144
36958.078125	923951.953125	13143.86962890625	13144
36980.23046875	924505.76171875	13151.62744140625	13152
37002.39453125	925059.86328125	13151.62744140625	13152
37024.57421875	925614.35546875	13152.251953125	13152
37046.765625	926169.140625	13152.251953125	13152
37068.96875	926724.21875	13135.34619140625	13135
37091.1875	927279.6875	13135.34619140625	13135
37113.421875	927835.546875	13135.34619140625	13135
37135.66796875	928391.69921875	13133.2548828125	13133
37157.92578125	928948.14453125	13127.36279296875	13127
37180.1953125	929504.8828125	13147.72265625	13148
37202.48046875	930062.01171875	13147.72265625	13148
37224.78125	930619.53125	13152.251953125	13152
37247.09375	931177.34375	13182.5048828125	13183
37269.41796875	931735.44921875	13186.76806640625	13187
37291.7578125	932293.9453125	13186.76806640625	13187
37314.109375	932852.734375	13186.76806640625	13187
37336.4765625	933411.9140625	13166.11083984375	13166
37358.85546875	933971.38671875	13179.1611328125	13179
37381.24609375	934531.15234375	13166.11083984375	13166
37403.65234375	935091.30859375	13166.11083984375	13166
37426.0703125	935651.7578125	13166.11083984375	13166
37448.50390625	936212.59765625	13175.9853515625	13176
37470.94921875	936773.73046875	13176.4580078125	13176
37493.41015625	937335.25390625	13186.76806640625	13187
37515.8828125	937897.0703125	13189.43359375	13189
37538.3671875	938459.1796875	13186.76806640625	13187
37560.8671875	939021.6796875	13186.76806640625	13187
37583.3828125	939584.5703125	13186.76806640625	13187
37605.91015625	940147.75390625	13186.76806640625	13187
37628.44921875	940711.23046875	13189.43359375	13189
37651.00390625	941275.09765625	13189.43359375	13189
37673.5703125	941839.2578125	13189.43359375	13189
37696.15234375	942403.80859375	13189.43359375	13189
37718.74609375	942968.65234375	13189.43359375	13189
37741.35546875	943533.88671875	13189.43359375	13189
37763.9765625	944099.4140625	13189.0498046875	13189
37786.61328125	944665.33203125	13189.0498046875	13189
37809.26171875	945231.54296875	13190.009765625	13190
37831.921875	945798.046875	13189.0498046875	13189
37854.59765625	946364.94140625	13189.0498046875	13189
37877.2890625	946932.2265625	13189.0498046875	13189
37899.9921875	947499.8046875	13187.31494140625	13187
37922.70703125	948067.67578125	13187.31494140625	13187
37945.4375	948635.9375	13187.31494140625	13187
37968.18359375	949204.58984375	13189.43359375	13189
37990.94140625	949773.53515625	13189.43359375	13189
38013.7109375	950342.7734375	13185.609375	13186
38036.49609375	950912.40234375	13185.609375	13186
38059.29296875	951482.32421875	13185.609375	13186
38082.10546875	952052.63671875	13179.7080078125	13180
38104.93359375	952623.33984375	13179.7080078125	13180
38127.7734375	953194.3359375	13179.7080078125	13180
38150.625	953765.625	13182.90625	13183
38173.4921875	954337.3046875	13187.31494140625	13187
38196.37109375	954909.27734375	13184.06494140625	13184
38219.265625	955481.640625	13173.09326171875	13173
38242.17578125	956054.39453125	13160.68603515625	13161
38265.09765625	956627.44140625	13160.68603515625	13161
38288.03125	957200.78125	13155.86279296875	13156
38310.98046875	957774.51171875	13160.68603515625	13161
38333.9453125	958348.6328125	13160.68603515625	13161
38356.921875	958923.046875	13149.77734375	13150
38379.9140625	959497.8515625	13162.52880859375	13163
38402.91796875	960072.94921875	13162.52880859375	13163
38425.93359375	960648.33984375	13177.48876953125	13177
38448.96875	961224.21875	13165.00341796875	13165
38472.01171875	961800.29296875	13164.37890625	13164
38495.07421875	962376.85546875	13161.07958984375	13161
38518.14453125	962953.61328125	13161.07958984375	13161
38541.234375	963530.859375	13161.07958984375	13161
38564.3359375	964108.3984375	13167.74560546875	13168
38587.44921875	964686.23046875	13161.07958984375	13161
38610.578125	965264.453125	13141.8828125	13142
38633.71875	965842.96875	13128.03955078125	13128
38656.87890625	966421.97265625	13115.9521484375	13116
38680.046875	967001.171875	13115.9521484375	13116
38703.23046875	967580.76171875	13112.2451171875	13112
38726.4296875	968160.7421875	13112.2451171875	13112
38749.640625	968741.015625	13112.3486328125	13112
38772.8671875	969321.6796875	13112.3486328125	13112
38796.109375	969902.734375	13112.3486328125	13112
38819.36328125	970484.08203125	13112.50244140625	13113
38842.62890625	971065.72265625	13112.50244140625	13113
38865.91015625	971647.75390625	13112.03662109375	13112
38889.20703125	972230.17578125	13112.03662109375	13112
38912.515625	972812.890625	13115.9521484375	13116
38935.83984375	973395.99609375	13115.9521484375	13116
38959.1796875	973979.4921875	13112.50244140625	13113
38982.53125	974563.28125	13115.9521484375	13116
39005.89453125	975147.36328125	13115.9521484375	13116
39029.2734375	975731.8359375	13119.62939453125	13120
39052.66796875	976316.69921875	13115.9521484375	13116
39076.07421875	976901.85546875	13115.9521484375	13116
39099.49609375	977487.40234375	13119.62939453125	13120
39122.93359375	978073.33984375	13100.88525390625	13101
39146.3828125	978659.5703125	13086.91015625	13087
39169.84765625	979246.19140625	13086.91015625	13087
39193.32421875	979833.10546875	13103.8271484375	13104
39216.81640625	980420.41015625	13078.22900390625	13078
39240.32421875	981008.10546875	13110.19921875	13110
39263.84375	981596.09375	13105.654296875	13106
39287.375	982184.375	13105.654296875	13106
39310.92578125	982773.14453125	13105.654296875	13106
39334.48828125	983362.20703125	13102.05078125	13102
39358.0625	983951.5625	13101.203125	13101
39381.65625	984541.40625	13115.486328125	13115
39405.2578125	985131.4453125	13100.345703125	13100
39428.87890625	985721.97265625	13100.345703125	13100
39452.51171875	986312.79296875	13122.5712890625	13123
39476.16015625	986904.00390625	13122.5712890625	13123
39499.8203125	987495.5078125	13104.837890625	13105
39523.49609375	988087.40234375	13119.875	13120
39547.1875	988679.6875	13147.72265625	13148
39570.890625	989272.265625	13131.26806640625	13131
39594.609375	989865.234375	13119.03271484375	13119
39618.33984375	990458.49609375	13119.03271484375	13119
39642.0859375	991052.1484375	13119.03271484375	13119
39665.84765625	991646.19140625	13122.5712890625	13123
39689.625	992240.625	13122.5712890625	13123
39713.4140625	992835.3515625	13118.8642578125	13119
39737.21484375	993430.37109375	13103.8271484375	13104
39761.03515625	994025.87890625	13103.8271484375	13104
39784.8671875	994621.6796875	13119.03271484375	13119
39808.7109375	995217.7734375	13126.33935546875	13126
39832.57421875	995814.35546875	13126.33935546875	13126
39856.44921875	996411.23046875	13126.33935546875	13126
39880.33984375	997008.49609375	13126.33935546875	13126
39904.2421875	997606.0546875	13141.869140625	13142
39928.16015625	998204.00390625	13141.869140625	13142
39952.09375	998802.34375	13130.7802734375	13131
39976.0390625	999400.9765625	13138.0869140625	13138
40000.0	1000000.0	13138.0869140625	13138
