source,pair_class,position_0based,n_pairs,mean_tmrca_years,count_recent_5000,frac_recent_5000,count_recent_10000,frac_recent_10000,count_recent_20000,frac_recent_20000,count_recent_30000,frac_recent_30000,count_recent_40000,frac_recent_40000,count_recent_50000,frac_recent_50000,replicate,onset_years,sample_af
decoded,ref/ref,5000000,2814,527924.9226593918,17,0.0060412224591329,46,0.0163468372423596,147,0.0522388059701492,232,0.0824449182658138,337,0.1197583511016346,433,0.1538734896943852,0,50000,0.4675
decoded,alt/ref,5000000,4982,974384.109927126,0,0.0,0,0.0,0,0.0,0,0.0,2,0.0004014452027298,6,0.0012043356081894,0,50000,0.4675
decoded,alt/alt,5000000,2204,35999.06144873964,28,0.0127041742286751,149,0.0676043557168784,773,0.3507259528130672,1181,0.5358439201451906,1553,0.7046279491833031,1816,0.8239564428312159,0,50000,0.4675
decoded,all pairs,5000000,10000,641930.4299453493,45,0.0045,195,0.0195,920,0.092,1413,0.1413,1892,0.1892,2255,0.2255,0,50000,0.4675
truth,ref/ref,5000000,2814,706047.6700378375,10,0.0035536602700781,30,0.0106609808102345,125,0.0444207533759772,252,0.0895522388059701,380,0.1350390902629708,409,0.1453447050461976,0,50000,0.4675
truth,alt/ref,5000000,4982,1172717.138336096,0,0.0,0,0.0,0,0.0,0,0.0,0,0.0,0,0.0,0,50000,0.4675
truth,alt/alt,5000000,2204,31847.833484573504,12,0.0054446460980036,64,0.029038112522686,341,0.1547186932849364,1374,0.6234119782214156,1374,0.6234119782214156,2204,1.0,0,50000,0.4675
truth,all pairs,5000000,10000,789948.7551676905,22,0.0022,94,0.0094,466,0.0466,1626,0.1626,1754,0.1754,2613,0.2613,0,50000,0.4675
decoded,ref/ref,5000000,648,573845.0660519715,8,0.0123456790123456,26,0.0401234567901234,96,0.1481481481481481,122,0.1882716049382716,137,0.2114197530864197,139,0.2145061728395061,1,50000,0.745
decoded,alt/ref,5000000,3765,1228813.3464799034,0,0.0,0,0.0,0,0.0,0,0.0,0,0.0,2,0.0005312084993359,1,50000,0.745
decoded,alt/alt,5000000,5587,33829.40125497069,92,0.0164667979237515,545,0.0975478790048326,2495,0.4465724002147843,3888,0.6959011992124575,4524,0.8097368892070879,4759,0.8517988186862359,1,50000,0.745
decoded,all pairs,5000000,10000,518733.8717110036,100,0.01,571,0.0571,2591,0.2591,4010,0.401,4661,0.4661,4900,0.49,1,50000,0.745
truth,ref/ref,5000000,648,582172.5332138656,5,0.007716049382716,12,0.0185185185185185,61,0.0941358024691358,147,0.2268518518518518,151,0.2330246913580247,153,0.2361111111111111,1,50000,0.745
truth,alt/ref,5000000,3765,1249080.631352418,0,0.0,0,0.0,0,0.0,0,0.0,0,0.0,0,0.0,1,50000,0.745
truth,alt/alt,5000000,5587,24579.38070520852,20,0.0035797386790764,80,0.0143189547163057,1269,0.2271344191873993,5509,0.986039019151602,5587,1.0,5587,1.0,1,50000,0.745
truth,all pairs,5000000,10000,521736.13785644376,25,0.0025,92,0.0092,1330,0.133,5656,0.5656,5738,0.5738,5740,0.574,1,50000,0.745
decoded,ref/ref,5000000,16,22208.202145025392,2,0.125,4,0.25,9,0.5625,13,0.8125,14,0.875,15,0.9375,2,50000,0.955
decoded,alt/ref,5000000,795,638419.9043046875,0,0.0,0,0.0,0,0.0,1,0.0012578616352201,1,0.0012578616352201,1,0.0012578616352201,2,50000,0.955
decoded,alt/alt,5000000,9189,72302.50764731185,45,0.0048971596474045,385,0.0418979214277941,2152,0.2341930569158777,3246,0.3532484492327783,4064,0.442267929045598,4642,0.5051692240722603,2,50000,0.955
decoded,all pairs,5000000,10000,117228.68979276955,47,0.0047,389,0.0389,2161,0.2161,3260,0.326,4079,0.4079,4658,0.4658,2,50000,0.955
truth,ref/ref,5000000,16,20390.625,1,0.0625,3,0.1875,7,0.4375,16,1.0,16,1.0,16,1.0,2,50000,0.955
truth,alt/ref,5000000,795,788000.0,0,0.0,0,0.0,0,0.0,0,0.0,0,0.0,0,0.0,2,50000,0.955
truth,alt/alt,5000000,9189,40883.63804548917,22,0.002394166938731,86,0.0093590162150397,545,0.0593100446185656,1054,0.1147023615192077,2048,0.2228751768418761,9189,1.0,2,50000,0.955
truth,all pairs,5000000,10000,100246.6,23,0.0023,89,0.0089,552,0.0552,1070,0.107,2064,0.2064,9205,0.9205,2,50000,0.955
decoded,ref/ref,5000000,1022,115692.13226051856,14,0.0136986301369863,47,0.0459882583170254,124,0.12133072407045,220,0.2152641878669275,303,0.2964774951076321,358,0.350293542074364,3,50000,0.6825
decoded,alt/ref,5000000,4332,941139.5631204664,0,0.0,0,0.0,0,0.0,0,0.0,0,0.0,3,0.0006925207756232,3,50000,0.6825
decoded,alt/alt,5000000,4646,89957.59679621505,41,0.0088247955230305,194,0.0417563495479982,691,0.1487300904003443,1220,0.2625914765389582,1572,0.3383555746879035,1902,0.4093844167025398,3,50000,0.6825
decoded,all pairs,5000000,10000,461319.6941323325,55,0.0055,241,0.0241,815,0.0815,1440,0.144,1875,0.1875,2263,0.2263,3,50000,0.6825
truth,ref/ref,5000000,1022,163047.33365949118,11,0.0107632093933463,18,0.0176125244618395,73,0.0714285714285714,141,0.1379647749510763,192,0.1878669275929549,216,0.2113502935420743,3,50000,0.6825
truth,alt/ref,5000000,4332,1988284.057905188,0,0.0,0,0.0,0,0.0,0,0.0,0,0.0,0,0.0,3,50000,0.6825
truth,alt/alt,5000000,4646,36379.00882479552,18,0.0038743004735256,64,0.0137752905725355,471,0.1013775290572535,1644,0.353852776582006,2362,0.5083943176926389,4646,1.0,3,50000,0.6825
truth,all pairs,5000000,10000,894889.7788845274,29,0.0029,82,0.0082,544,0.0544,1785,0.1785,2554,0.2554,4862,0.4862,3,50000,0.6825
decoded,ref/ref,5000000,769,461782.9086043606,13,0.0169050715214564,22,0.0286085825747724,54,0.0702210663198959,101,0.1313394018205461,121,0.1573472041612483,159,0.2067620286085826,4,50000,0.7225
decoded,alt/ref,5000000,4065,1248611.8713792404,0,0.0,0,0.0,0,0.0,0,0.0,2,0.0004920049200492,2,0.0004920049200492,4,50000,0.7225
decoded,alt/alt,5000000,5166,51306.56099322403,40,0.0077429345722028,199,0.0385210994967092,772,0.1494386372435153,1455,0.2816492450638792,2040,0.3948896631823461,3129,0.6056910569105691,4,50000,0.7225
decoded,all pairs,5000000,10000,569576.8007964361,53,0.0053,221,0.0221,826,0.0826,1556,0.1556,2163,0.2163,3290,0.329,4,50000,0.7225
truth,ref/ref,5000000,769,633657.7609739437,8,0.0104031209362808,15,0.0195058517555266,82,0.106631989596879,109,0.141742522756827,130,0.1690507152145643,173,0.2249674902470741,4,50000,0.7225
truth,alt/ref,5000000,4065,1161954.1626564695,0,0.0,0,0.0,0,0.0,0,0.0,0,0.0,0,0.0,4,50000,0.7225
truth,alt/alt,5000000,5166,35886.37243515292,17,0.0032907471931862,51,0.0098722415795586,413,0.0799457994579945,1571,0.3041037553232675,2078,0.4022454510259388,5166,1.0,4,50000,0.7225
truth,all pairs,5000000,10000,539601.5489387511,25,0.0025,66,0.0066,495,0.0495,1680,0.168,2208,0.2208,5339,0.5339,4,50000,0.7225
decoded,ref/ref,5000000,420,312758.00444442336,2,0.0047619047619047,25,0.0595238095238095,73,0.1738095238095238,117,0.2785714285714286,131,0.3119047619047619,136,0.3238095238095238,5,50000,0.7925
decoded,alt/ref,5000000,3289,1113973.1241120768,0,0.0,0,0.0,0,0.0,0,0.0,0,0.0,0,0.0,5,50000,0.7925
decoded,alt/alt,5000000,6291,44729.14285090869,61,0.0096963916706405,441,0.0701001430615164,2041,0.3244317278652042,3038,0.4829120966460022,3633,0.5774916547448736,4143,0.6585598474010491,5,50000,0.7925
decoded,all pairs,5000000,10000,407660.7004746345,63,0.0063,466,0.0466,2114,0.2114,3155,0.3155,3764,0.3764,4279,0.4279,5,50000,0.7925
truth,ref/ref,5000000,420,350402.8977852844,2,0.0047619047619047,4,0.0095238095238095,49,0.1166666666666666,139,0.3309523809523809,139,0.3309523809523809,140,0.3333333333333333,5,50000,0.7925
truth,alt/ref,5000000,3289,821104.9453415845,0,0.0,0,0.0,0,0.0,0,0.0,0,0.0,0,0.0,5,50000,0.7925
truth,alt/alt,5000000,6291,32656.533142584645,25,0.0039739310125576,88,0.0139882371642028,658,0.1045938642505166,2157,0.3428707677634716,6291,1.0,6291,1.0,5,50000,0.7925
truth,all pairs,5000000,10000,305322.5632298291,27,0.0027,92,0.0092,707,0.0707,2296,0.2296,6430,0.643,6431,0.6431,5,50000,0.7925
decoded,ref/ref,5000000,2672,105850.54003213903,18,0.0067365269461077,77,0.028817365269461,319,0.1193862275449101,533,0.1994760479041916,760,0.2844311377245509,947,0.3544161676646706,6,50000,0.48
decoded,alt/ref,5000000,5020,1471061.65830496,0,0.0,0,0.0,0,0.0,0,0.0,0,0.0,0,0.0,6,50000,0.48
decoded,alt/alt,5000000,2308,56857.20061171144,32,0.0138648180242634,133,0.0576256499133448,433,0.1876083188908145,816,0.3535528596187175,1065,0.4614384748700173,1354,0.5866551126516465,6,50000,0.48
decoded,all pairs,5000000,10000,779878.8586668605,50,0.005,210,0.021,752,0.0752,1349,0.1349,1825,0.1825,2301,0.2301,6,50000,0.48
truth,ref/ref,5000000,2672,51553.84543413173,10,0.0037425149700598,32,0.0119760479041916,161,0.060254491017964,522,0.1953592814371257,538,0.2013473053892215,683,0.2556137724550898,6,50000,0.48
truth,alt/ref,5000000,5020,728250.0,0,0.0,0,0.0,0,0.0,0,0.0,0,0.0,0,0.0,6,50000,0.48
truth,alt/alt,5000000,2308,32853.01126516464,9,0.003899480069324,27,0.0116984402079722,218,0.0944540727902946,558,0.2417677642980935,2308,1.0,2308,1.0,6,50000,0.48
truth,all pairs,5000000,10000,386939.1625,19,0.0019,59,0.0059,379,0.0379,1080,0.108,2846,0.2846,2991,0.2991,6,50000,0.48
decoded,ref/ref,5000000,2034,336733.97962128854,13,0.0063913470993117,64,0.031465093411996,244,0.119960668633235,412,0.2025565388397247,537,0.2640117994100295,677,0.3328416912487709,7,50000,0.55
decoded,alt/ref,5000000,4910,1726989.857190488,0,0.0,0,0.0,0,0.0,0,0.0,0,0.0,0,0.0,7,50000,0.55
decoded,alt/alt,5000000,3056,51779.09216512794,55,0.0179973821989528,242,0.0791884816753926,966,0.3160994764397906,1777,0.581479057591623,2109,0.6901178010471204,2249,0.7359293193717278,7,50000,0.55
decoded,all pairs,5000000,10000,932267.4019011628,68,0.0068,306,0.0306,1210,0.121,2189,0.2189,2646,0.2646,2926,0.2926,7,50000,0.55
truth,ref/ref,5000000,2034,187874.4469026549,10,0.0049164208456243,24,0.0117994100294985,139,0.0683382497541789,432,0.2123893805309734,476,0.2340216322517207,947,0.4655850540806293,7,50000,0.55
truth,alt/ref,5000000,4910,1694484.9883774002,0,0.0,0,0.0,0,0.0,0,0.0,0,0.0,0,0.0,7,50000,0.55
truth,alt/alt,5000000,3056,31982.043520942407,31,0.0101439790575916,59,0.019306282722513,460,0.1505235602094241,774,0.2532722513089005,3056,1.0,3056,1.0,7,50000,0.55
truth,all pairs,5000000,10000,879979.5042933035,41,0.0041,83,0.0083,599,0.0599,1206,0.1206,3532,0.3532,4003,0.4003,7,50000,0.55
decoded,ref/ref,5000000,1,11756.77733191815,0,0.0,0,0.0,1,1.0,1,1.0,1,1.0,1,1.0,8,50000,0.99
decoded,alt/ref,5000000,181,818567.5953362902,0,0.0,0,0.0,0,0.0,0,0.0,0,0.0,0,0.0,8,50000,0.99
decoded,alt/alt,5000000,9818,61552.22950529597,55,0.0056019555917702,372,0.0378895905479731,1475,0.150234263597474,2660,0.2709309431656141,4012,0.4086371969851293,5147,0.5242411896516602,8,50000,0.99
decoded,all pairs,5000000,10000,75249.22808161961,55,0.0055,372,0.0372,1476,0.1476,2661,0.2661,4013,0.4013,5148,0.5148,8,50000,0.99
truth,ref/ref,5000000,1,8125.0,0,0.0,1,1.0,1,1.0,1,1.0,1,1.0,1,1.0,8,50000,0.99
truth,alt/ref,5000000,181,761625.0,0,0.0,0,0.0,0,0.0,0,0.0,0,0.0,0,0.0,8,50000,0.99
truth,alt/alt,5000000,9818,38903.45538806274,36,0.0036667345691586,76,0.0077408840904461,490,0.049908331635771,1390,0.1415766958647382,3263,0.3323487471990222,9818,1.0,8,50000,0.99
truth,all pairs,5000000,10000,51981.6375,36,0.0036,77,0.0077,491,0.0491,1391,0.1391,3264,0.3264,9819,0.9819,8,50000,0.99
decoded,ref/ref,5000000,57,541886.6309944706,0,0.0,3,0.0526315789473684,8,0.1403508771929824,11,0.1929824561403508,12,0.2105263157894736,13,0.2280701754385964,9,50000,0.9225
decoded,alt/ref,5000000,1437,1268381.5513118494,0,0.0,0,0.0,0,0.0,0,0.0,1,0.0006958942240779,1,0.0006958942240779,9,50000,0.9225
decoded,alt/alt,5000000,8506,35178.573447848335,69,0.0081119209969433,582,0.0684222901481307,2472,0.2906183870209264,4608,0.5417352457089114,6020,0.707735715965201,7062,0.8302374794262873,9,50000,0.9225
decoded,all pairs,5000000,10000,215278.077294921,69,0.0069,585,0.0585,2480,0.248,4619,0.4619,6033,0.6033,7076,0.7076,9,50000,0.9225
truth,ref/ref,5000000,57,368401.3157894737,0,0.0,0,0.0,5,0.087719298245614,9,0.1578947368421052,13,0.2280701754385964,14,0.2456140350877192,9,50000,0.9225
truth,alt/ref,5000000,1437,741000.0,0,0.0,0,0.0,0,0.0,0,0.0,0,0.0,0,0.0,9,50000,0.9225
truth,alt/alt,5000000,8506,37776.93686809311,36,0.0042323066071008,78,0.0091699976487185,478,0.056195626616506,1378,0.1620032917940277,3251,0.3822007994356924,8506,1.0,9,50000,0.9225
truth,all pairs,5000000,10000,140714.65,36,0.0036,78,0.0078,483,0.0483,1387,0.1387,3264,0.3264,8520,0.852,9,50000,0.9225
decoded,ref/ref,5000000,0,,0,,0,,0,,0,,0,,0,,10,50000,0.9875
decoded,alt/ref,5000000,231,994173.3956089,0,0.0,0,0.0,0,0.0,0,0.0,0,0.0,0,0.0,10,50000,0.9875
decoded,alt/alt,5000000,9769,46229.85676928346,61,0.0062442419899682,373,0.0381820042993141,1907,0.1952093356535981,3572,0.3656464325928959,5254,0.5378237281195619,6413,0.656464325928959,10,50000,0.9875
decoded,all pairs,5000000,10000,68127.35251647861,61,0.0061,373,0.0373,1907,0.1907,3572,0.3572,5254,0.5254,6413,0.6413,10,50000,0.9875
truth,ref/ref,5000000,0,,0,,0,,0,,0,,0,,0,,10,50000,0.9875
truth,alt/ref,5000000,231,1577589.3137988376,0,0.0,0,0.0,0,0.0,0,0.0,0,0.0,0,0.0,10,50000,0.9875
truth,alt/alt,5000000,9769,39277.19060292763,34,0.0034803971747364,95,0.0097246391647046,769,0.0787183949227147,1657,0.1696181799570068,3329,0.3407718292558092,9769,1.0,10,50000,0.9875
truth,all pairs,5000000,10000,74812.20064875315,34,0.0034,95,0.0095,769,0.0769,1657,0.1657,3329,0.3329,9769,0.9769,10,50000,0.9875
decoded,ref/ref,5000000,967,326287.31197343994,15,0.015511892450879,32,0.0330920372285418,80,0.0827300930713547,108,0.1116856256463288,135,0.139607032057911,172,0.1778697001034126,11,50000,0.6925
decoded,alt/ref,5000000,4317,626258.9876843207,0,0.0,0,0.0,2,0.000463284688441,4,0.000926569376882,8,0.0018531387537641,12,0.0027797081306462,11,50000,0.6925
decoded,alt/alt,5000000,4716,44339.20300334907,44,0.0093299406276505,274,0.058100084817642,1253,0.2656912637828668,2748,0.5826972010178118,3550,0.7527565733672604,3890,0.8248515691263782,11,50000,0.6925
decoded,all pairs,5000000,10000,322818.3561875323,59,0.0059,306,0.0306,1335,0.1335,2860,0.286,3693,0.3693,4074,0.4074,11,50000,0.6925
truth,ref/ref,5000000,967,257936.91830403308,7,0.0072388831437435,16,0.0165460186142709,83,0.0858324715615305,142,0.1468459152016546,151,0.156153050672182,151,0.156153050672182,11,50000,0.6925
truth,alt/ref,5000000,4317,703625.0,0,0.0,0,0.0,0,0.0,0,0.0,0,0.0,0,0.0,11,50000,0.6925
truth,alt/alt,5000000,4716,34884.356446140795,17,0.0036047497879558,54,0.0114503816793893,461,0.0977523324851569,1062,0.2251908396946564,2360,0.5004240882103478,4716,1.0,11,50000,0.6925
truth,all pairs,5000000,10000,345148.875,24,0.0024,70,0.007,544,0.0544,1204,0.1204,2511,0.2511,4867,0.4867,11,50000,0.6925
decoded,ref/ref,5000000,576,216757.5832734749,3,0.0052083333333333,17,0.0295138888888888,39,0.0677083333333333,65,0.1128472222222222,103,0.1788194444444444,146,0.2534722222222222,12,50000,0.7525
decoded,alt/ref,5000000,3661,1374195.720570315,0,0.0,0,0.0,0,0.0,0,0.0,0,0.0,0,0.0,12,50000,0.7525
decoded,alt/alt,5000000,5763,60248.354265129405,34,0.0058997050147492,343,0.0595176123546763,1028,0.1783793163283012,1670,0.2897796286656255,2914,0.5056394239111573,3423,0.5939614783966684,12,50000,0.7525
decoded,all pairs,5000000,10000,550299.4166603386,37,0.0037,360,0.036,1067,0.1067,1735,0.1735,3017,0.3017,3569,0.3569,12,50000,0.7525
truth,ref/ref,5000000,576,107614.80034722222,2,0.0034722222222222,15,0.0260416666666666,43,0.0746527777777777,107,0.1857638888888889,172,0.2986111111111111,172,0.2986111111111111,12,50000,0.7525
truth,alt/ref,5000000,3661,939500.0,0,0.0,0,0.0,0,0.0,0,0.0,0,0.0,0,0.0,12,50000,0.7525
truth,alt/alt,5000000,5763,36791.55821620684,13,0.0022557695644629,61,0.010584764879403,535,0.0928335936144369,1817,0.3152871768176297,3332,0.5781710914454278,3332,0.5781710914454278,12,50000,0.7525
truth,all pairs,5000000,10000,371352.5375,15,0.0015,76,0.0076,578,0.0578,1924,0.1924,3504,0.3504,3504,0.3504,12,50000,0.7525
decoded,ref/ref,5000000,84,207200.37985787095,5,0.0595238095238095,7,0.0833333333333333,10,0.119047619047619,11,0.1309523809523809,12,0.1428571428571428,12,0.1428571428571428,13,50000,0.91
decoded,alt/ref,5000000,1644,1096732.3935753312,0,0.0,0,0.0,0,0.0,1,0.0006082725060827,1,0.0006082725060827,1,0.0006082725060827,13,50000,0.91
decoded,alt/alt,5000000,8272,30004.049519386685,73,0.0088249516441005,725,0.0876450676982592,4010,0.4847678916827853,5745,0.6945116054158608,6938,0.8387330754352031,7449,0.9005077369439072,13,50000,0.91
decoded,all pairs,5000000,10000,206862.63845702723,78,0.0078,732,0.0732,4020,0.402,5757,0.5757,6951,0.6951,7462,0.7462,13,50000,0.91
truth,ref/ref,5000000,84,192019.34523809524,3,0.0357142857142857,5,0.0595238095238095,12,0.1428571428571428,15,0.1785714285714285,24,0.2857142857142857,31,0.369047619047619,13,50000,0.91
truth,alt/ref,5000000,1644,1016375.0,0,0.0,0,0.0,0,0.0,0,0.0,0,0.0,0,0.0,13,50000,0.91
truth,alt/alt,5000000,8272,34856.59453578336,23,0.0027804642166344,76,0.0091876208897485,503,0.0608075435203094,1835,0.2218326885880077,5573,0.6737185686653772,8272,1.0,13,50000,0.91
truth,all pairs,5000000,10000,197538.3875,26,0.0026,81,0.0081,515,0.0515,1850,0.185,5597,0.5597,8303,0.8303,13,50000,0.91
decoded,ref/ref,5000000,348,779712.6850389017,6,0.0172413793103448,25,0.0718390804597701,52,0.1494252873563218,60,0.1724137931034483,64,0.1839080459770115,68,0.1954022988505747,14,50000,0.8225
decoded,alt/ref,5000000,2843,1010353.7692430596,0,0.0,0,0.0,0,0.0,1,0.0003517411185367,9,0.0031656700668308,15,0.0052761167780513,14,50000,0.8225
decoded,alt/alt,5000000,6809,60542.11993023816,37,0.0054339844323689,286,0.0420032310177706,1799,0.2642091349684241,3436,0.5046262299897195,4378,0.6429725363489499,4919,0.7224262006168307,14,50000,0.8225
decoded,all pairs,5000000,10000,355600.7074956548,43,0.0043,311,0.0311,1851,0.1851,3497,0.3497,4451,0.4451,5002,0.5002,14,50000,0.8225
truth,ref/ref,5000000,348,1010101.922823558,5,0.014367816091954,10,0.028735632183908,56,0.160919540229885,86,0.2471264367816092,86,0.2471264367816092,109,0.3132183908045977,14,50000,0.8225
truth,alt/ref,5000000,2843,1444366.0340979327,0,0.0,0,0.0,0,0.0,0,0.0,0,0.0,0,0.0,14,50000,0.8225
truth,alt/alt,5000000,6809,31202.56278454986,16,0.0023498311058892,74,0.0108679688647378,454,0.0666764576296078,3064,0.4499926567777941,6809,1.0,6809,1.0,14,50000,0.8225
truth,all pairs,5000000,10000,467030.6354083021,21,0.0021,84,0.0084,510,0.051,3150,0.315,6895,0.6895,6918,0.6918,14,50000,0.8225
decoded,ref/ref,5000000,266,529820.30025847,6,0.0225563909774436,13,0.0488721804511278,31,0.1165413533834586,44,0.1654135338345864,57,0.2142857142857142,72,0.2706766917293233,15,50000,0.8325
decoded,alt/ref,5000000,2793,916921.4718766322,0,0.0,0,0.0,1,0.0003580379520229,1,0.0003580379520229,1,0.0003580379520229,2,0.0007160759040458,15,50000,0.8325
decoded,alt/alt,5000000,6941,29660.09641420468,73,0.0105172165394035,716,0.103155164961821,3182,0.4584353839504394,4850,0.6987465783028383,5769,0.8311482495317678,6128,0.8828699034721221,15,50000,0.8325
decoded,all pairs,5000000,10000,290776.46000311815,79,0.0079,729,0.0729,3214,0.3214,4895,0.4895,5827,0.5827,6202,0.6202,15,50000,0.8325
truth,ref/ref,5000000,266,542902.8250437152,5,0.018796992481203,13,0.0488721804511278,32,0.1203007518796992,65,0.244360902255639,65,0.244360902255639,84,0.3157894736842105,15,50000,0.8325
truth,alt/ref,5000000,2793,960904.0471153436,0,0.0,0,0.0,0,0.0,0,0.0,0,0.0,0,0.0,15,50000,0.8325
truth,alt/alt,5000000,6941,36025.122460740524,27,0.0038899294049848,67,0.0096527877827402,568,0.0818325889641262,2321,0.3343898573692551,3256,0.4690966719492868,6941,1.0,15,50000,0.8325
truth,all pairs,5000000,10000,307826.7530054783,32,0.0032,80,0.008,600,0.06,2386,0.2386,3321,0.3321,7025,0.7025,15,50000,0.8325
decoded,ref/ref,5000000,616,834171.192908443,8,0.0129870129870129,27,0.0438311688311688,63,0.1022727272727272,104,0.1688311688311688,135,0.2191558441558441,155,0.2516233766233766,16,50000,0.755
decoded,alt/ref,5000000,3640,1267168.9054930627,0,0.0,0,0.0,0,0.0,3,0.0008241758241758,11,0.003021978021978,12,0.0032967032967032,16,50000,0.755
decoded,alt/alt,5000000,5744,55913.15134288314,41,0.0071378830083565,194,0.0337743732590529,735,0.1279596100278551,1495,0.2602715877437326,2438,0.4244428969359331,3259,0.567374651810585,16,50000,0.755
decoded,all pairs,5000000,10000,544750.941213987,49,0.0049,221,0.0221,798,0.0798,1602,0.1602,2584,0.2584,3426,0.3426,16,50000,0.755
truth,ref/ref,5000000,616,733286.5814416319,3,0.0048701298701298,6,0.0097402597402597,59,0.0957792207792207,76,0.1233766233766233,113,0.1834415584415584,204,0.3311688311688311,16,50000,0.755
truth,alt/ref,5000000,3640,1097597.182458094,0,0.0,0,0.0,0,0.0,0,0.0,0,0.0,0,0.0,16,50000,0.755
truth,alt/alt,5000000,5744,38694.20264623955,19,0.0033077994428969,63,0.0109679665738161,509,0.0886142061281337,1570,0.2733286908077994,2175,0.3786559888579387,5744,1.0,16,50000,0.755
truth,all pairs,5000000,10000,466921.7778315507,22,0.0022,69,0.0069,568,0.0568,1646,0.1646,2288,0.2288,5948,0.5948,16,50000,0.755
decoded,ref/ref,5000000,89,365598.3903947875,3,0.0337078651685393,5,0.0561797752808988,13,0.146067415730337,18,0.2022471910112359,20,0.2247191011235955,20,0.2247191011235955,17,50000,0.9025
decoded,alt/ref,5000000,1761,991866.795051432,0,0.0,0,0.0,0,0.0,0,0.0,1,0.0005678591709256,1,0.0005678591709256,17,50000,0.9025
decoded,alt/alt,5000000,8150,40721.70706569359,43,0.0052760736196319,394,0.0483435582822085,1850,0.2269938650306748,3227,0.3959509202453988,4383,0.5377914110429448,5877,0.7211042944785276,17,50000,0.9025
decoded,all pairs,5000000,10000,211109.75954161107,46,0.0046,399,0.0399,1863,0.1863,3245,0.3245,4404,0.4404,5898,0.5898,17,50000,0.9025
truth,ref/ref,5000000,89,522230.3370786517,1,0.0112359550561797,3,0.0337078651685393,16,0.1797752808988764,18,0.2022471910112359,18,0.2022471910112359,25,0.2808988764044944,17,50000,0.9025
truth,alt/ref,5000000,1761,790905.0255536627,0,0.0,0,0.0,0,0.0,0,0.0,0,0.0,0,0.0,17,50000,0.9025
truth,alt/alt,5000000,8150,34672.024539877304,23,0.0028220858895705,80,0.0098159509202454,542,0.0665030674846625,1363,0.1672392638036809,7219,0.8857668711656441,8150,1.0,17,50000,0.9025
truth,all pairs,5000000,10000,172183.925,24,0.0024,83,0.0083,558,0.0558,1381,0.1381,7237,0.7237,8175,0.8175,17,50000,0.9025
decoded,ref/ref,5000000,50,324380.3549949301,1,0.02,2,0.04,3,0.06,4,0.08,12,0.24,16,0.32,18,50000,0.9325
decoded,alt/ref,5000000,1265,783588.7998250879,0,0.0,0,0.0,0,0.0,0,0.0,0,0.0,0,0.0,18,50000,0.9325
decoded,alt/alt,5000000,8685,47198.111423621776,51,0.0058721934369602,243,0.0279792746113989,1213,0.1396660909614277,2348,0.2703511801957398,4268,0.4914219919401266,5442,0.6265975820379965,18,50000,0.9325
decoded,all pairs,5000000,10000,141737.4447242638,52,0.0052,245,0.0245,1216,0.1216,2352,0.2352,4280,0.428,5458,0.5458,18,50000,0.9325
truth,ref/ref,5000000,50,457368.7210976559,2,0.04,3,0.06,4,0.08,9,0.18,13,0.26,13,0.26,18,50000,0.9325
truth,alt/ref,5000000,1265,908262.2094115146,0,0.0,0,0.0,0,0.0,0,0.0,0,0.0,0,0.0,18,50000,0.9325
truth,alt/alt,5000000,8685,35595.523891767414,23,0.0026482440990213,97,0.0111686816350028,488,0.0561888313183649,1952,0.2247553252734599,3446,0.396776050662061,8685,1.0,18,50000,0.9325
truth,all pairs,5000000,10000,148096.72559604488,25,0.0025,100,0.01,492,0.0492,1961,0.1961,3459,0.3459,8698,0.8698,18,50000,0.9325
decoded,ref/ref,5000000,419,184463.8627096458,6,0.0143198090692124,16,0.0381861575178997,62,0.1479713603818615,96,0.2291169451073985,120,0.2863961813842482,154,0.3675417661097852,19,50000,0.795
decoded,alt/ref,5000000,3287,770258.5294316869,0,0.0,0,0.0,0,0.0,1,0.0003042287800425,1,0.0003042287800425,6,0.0018253726802555,19,50000,0.795
decoded,alt/alt,5000000,6294,34799.036772869134,41,0.0065141404512233,338,0.0537019383539879,1429,0.227041626946298,3206,0.5093740069907848,4381,0.6960597394343819,5268,0.8369876072449952,19,50000,0.795
decoded,all pairs,5000000,10000,282815.52821657347,47,0.0047,354,0.0354,1491,0.1491,3303,0.3303,4502,0.4502,5428,0.5428,19,50000,0.795
truth,ref/ref,5000000,419,241704.6539379475,3,0.0071599045346062,8,0.0190930787589498,29,0.0692124105011933,96,0.2291169451073985,140,0.3341288782816229,146,0.3484486873508353,19,50000,0.795
truth,alt/ref,5000000,3287,1416462.2551774946,0,0.0,0,0.0,0,0.0,0,0.0,0,0.0,0,0.0,19,50000,0.795
truth,alt/alt,5000000,6294,32470.80552907531,31,0.0049253257070225,83,0.0131871623768668,540,0.0857959961868446,1755,0.278836987607245,6093,0.9680648236415634,6294,1.0,19,50000,0.795
truth,all pairs,5000000,10000,496155.6932768425,34,0.0034,91,0.0091,569,0.0569,1851,0.1851,6233,0.6233,6440,0.644,19,50000,0.795
decoded,ref/ref,5000000,5532,1211292.050741785,27,0.004880694143167,81,0.014642082429501,241,0.0435647143890094,358,0.0647143890093998,487,0.0880332610267534,611,0.1104483007953723,20,50000,0.2575
decoded,alt/ref,5000000,3828,1771619.6447450905,0,0.0,0,0.0,0,0.0,0,0.0,0,0.0,0,0.0,20,50000,0.2575
decoded,alt/alt,5000000,640,32568.113514635355,19,0.0296875,86,0.134375,297,0.4640625,447,0.6984375,527,0.8234375,542,0.846875,20,50000,0.2575
decoded,all pairs,5000000,10000,1350347.1217437128,46,0.0046,167,0.0167,538,0.0538,805,0.0805,1014,0.1014,1153,0.1153,20,50000,0.2575
truth,ref/ref,5000000,5532,1033528.3708585356,15,0.0027114967462039,38,0.0068691250903832,238,0.0430224150397686,380,0.0686912509038322,699,0.1263557483731019,751,0.1357556037599421,20,50000,0.2575
truth,alt/ref,5000000,3828,1527613.3701981765,0,0.0,0,0.0,0,0.0,0,0.0,0,0.0,0,0.0,20,50000,0.2575
truth,alt/alt,5000000,640,25773.6328125,7,0.0109375,28,0.04375,312,0.4875,312,0.4875,640,1.0,640,1.0,20,50000,0.2575
truth,all pairs,5000000,10000,1158167.805370804,22,0.0022,66,0.0066,550,0.055,692,0.0692,1339,0.1339,1391,0.1391,20,50000,0.2575
decoded,ref/ref,5000000,9,635829.2563644606,0,0.0,0,0.0,0,0.0,0,0.0,0,0.0,0,0.0,21,50000,0.9675
decoded,alt/ref,5000000,641,1307545.9193122464,0,0.0,0,0.0,0,0.0,0,0.0,0,0.0,0,0.0,21,50000,0.9675
decoded,alt/alt,5000000,9350,49945.0730881051,45,0.0048128342245989,333,0.035614973262032,2549,0.272620320855615,5638,0.6029946524064171,6833,0.7308021390374332,7294,0.7801069518716578,21,50000,0.9675
decoded,all pairs,5000000,10000,131084.58309602126,45,0.0045,333,0.0333,2549,0.2549,5638,0.5638,6833,0.6833,7294,0.7294,21,50000,0.9675
truth,ref/ref,5000000,9,546805.5555555555,0,0.0,0,0.0,0,0.0,1,0.1111111111111111,1,0.1111111111111111,1,0.1111111111111111,21,50000,0.9675
truth,alt/ref,5000000,641,1470441.9025296618,0,0.0,0,0.0,0,0.0,0,0.0,0,0.0,0,0.0,21,50000,0.9675
truth,alt/alt,5000000,9350,35304.077540106955,21,0.0022459893048128,57,0.0060962566844919,690,0.0737967914438502,1645,0.1759358288770053,9350,1.0,9350,1.0,21,50000,0.9675
truth,all pairs,5000000,10000,127756.76345215132,21,0.0021,57,0.0057,690,0.069,1646,0.1646,9351,0.9351,9351,0.9351,21,50000,0.9675
decoded,ref/ref,5000000,44,302474.5621594871,1,0.0227272727272727,2,0.0454545454545454,4,0.0909090909090909,4,0.0909090909090909,7,0.1590909090909091,9,0.2045454545454545,22,50000,0.935
decoded,alt/ref,5000000,1223,1396134.864825094,0,0.0,0,0.0,0,0.0,0,0.0,0,0.0,0,0.0,22,50000,0.935
decoded,alt/alt,5000000,8733,173551.30890852126,66,0.007557540364136,264,0.0302301614565441,1151,0.131798923623039,2108,0.2413832589030115,2910,0.3332188251459979,3528,0.4039848849192717,22,50000,0.935
decoded,all pairs,5000000,10000,323640.5401114224,67,0.0067,266,0.0266,1155,0.1155,2112,0.2112,2917,0.2917,3537,0.3537,22,50000,0.935
truth,ref/ref,5000000,44,228014.20454545456,1,0.0227272727272727,2,0.0454545454545454,4,0.0909090909090909,6,0.1363636363636363,8,0.1818181818181818,8,0.1818181818181818,22,50000,0.935
truth,alt/ref,5000000,1223,1857781.0455145328,0,0.0,0,0.0,0,0.0,0,0.0,0,0.0,0,0.0,22,50000,0.935
truth,alt/alt,5000000,8733,39607.69495018894,32,0.0036642619947326,98,0.0112218023588686,616,0.070537043398603,1272,0.1456544142906218,3043,0.3484484140616054,8733,1.0,22,50000,0.935
truth,all pairs,5000000,10000,262799.2843664274,33,0.0033,100,0.01,620,0.062,1278,0.1278,3051,0.3051,8741,0.8741,22,50000,0.935
decoded,ref/ref,5000000,601,467507.26536427136,4,0.0066555740432612,12,0.0199667221297836,67,0.1114808652246256,108,0.1797004991680532,126,0.2096505823627288,143,0.237936772046589,23,50000,0.755
decoded,alt/ref,5000000,3722,1299778.9636941832,0,0.0,0,0.0,1,0.0002686727565824,2,0.0005373455131649,2,0.0005373455131649,11,0.0029554003224073,23,50000,0.755
decoded,alt/alt,5000000,5677,38653.203375121455,79,0.0139158005989078,699,0.1231284128941342,2359,0.4155363748458693,3567,0.628324819446891,4138,0.728906112383301,4467,0.7868592566496388,23,50000,0.755
decoded,all pairs,5000000,10000,533818.3404914241,83,0.0083,711,0.0711,2427,0.2427,3677,0.3677,4266,0.4266,4621,0.4621,23,50000,0.755
truth,ref/ref,5000000,601,289574.66722129786,4,0.0066555740432612,5,0.0083194675540765,22,0.0366056572379367,51,0.0848585690515806,149,0.2479201331114808,177,0.2945091514143095,23,50000,0.755
truth,alt/ref,5000000,3722,1437023.801228372,0,0.0,0,0.0,0,0.0,0,0.0,0,0.0,0,0.0,23,50000,0.755
truth,alt/alt,5000000,5677,26005.72485467677,14,0.002466091245376,73,0.0128589043508895,912,0.1606482296987845,5677,1.0,5677,1.0,5677,1.0,23,50000,0.755
truth,all pairs,5000000,10000,567027.1463172,18,0.0018,78,0.0078,934,0.0934,5728,0.5728,5826,0.5826,5854,0.5854,23,50000,0.755
decoded,ref/ref,5000000,2597,100778.41528894726,14,0.0053908355795148,63,0.0242587601078167,149,0.0573738929534077,296,0.1139776665383134,477,0.1836734693877551,639,0.2460531382364266,24,50000,0.49
decoded,alt/ref,5000000,4964,1365500.452489576,0,0.0,0,0.0,0,0.0,1,0.0002014504431909,1,0.0002014504431909,2,0.0004029008863819,24,50000,0.49
decoded,alt/alt,5000000,2439,28468.017696120056,34,0.013940139401394,298,0.1221812218122181,1064,0.4362443624436244,1557,0.6383763837638377,1925,0.7892578925789258,2190,0.897908979089791,24,50000,0.49
decoded,all pairs,5000000,10000,710949.9285824489,48,0.0048,361,0.0361,1213,0.1213,1854,0.1854,2403,0.2403,2831,0.2831,24,50000,0.49
truth,ref/ref,5000000,2597,88340.24836349634,11,0.0042356565267616,38,0.0146322680015402,119,0.045822102425876,210,0.0808625336927223,291,0.1120523681170581,338,0.1301501732768579,24,50000,0.49
truth,alt/ref,5000000,4964,1267474.5795747382,0,0.0,0,0.0,0,0.0,0,0.0,0,0.0,0,0.0,24,50000,0.49
truth,alt/alt,5000000,2439,24268.29643296433,9,0.003690036900369,35,0.014350143501435,628,0.2574825748257482,1309,0.5366953669536695,2439,1.0,2439,1.0,24,50000,0.49
truth,all pairs,5000000,10000,658035.3813009001,20,0.002,73,0.0073,747,0.0747,1519,0.1519,2730,0.273,2777,0.2777,24,50000,0.49
decoded,ref/ref,5000000,124,142865.95668807026,5,0.0403225806451612,17,0.1370967741935483,24,0.1935483870967742,26,0.2096774193548387,27,0.2177419354838709,39,0.314516129032258,25,50000,0.885
decoded,alt/ref,5000000,2060,896932.2189758942,0,0.0,0,0.0,0,0.0,0,0.0,0,0.0,0,0.0,25,50000,0.885
decoded,alt/alt,5000000,7816,64886.90987919555,40,0.0051177072671443,205,0.0262282497441146,1085,0.1388178096212896,2204,0.281985670419652,3366,0.4306550665301945,4401,0.5630757420675537,25,50000,0.885
decoded,all pairs,5000000,10000,237255.1837335455,45,0.0045,222,0.0222,1109,0.1109,2230,0.223,3393,0.3393,4440,0.444,25,50000,0.885
truth,ref/ref,5000000,124,128191.53225806452,4,0.032258064516129,8,0.064516129032258,22,0.1774193548387097,31,0.25,38,0.3064516129032258,38,0.3064516129032258,25,50000,0.885
truth,alt/ref,5000000,2060,867506.9174757282,0,0.0,0,0.0,0,0.0,0,0.0,0,0.0,0,0.0,25,50000,0.885
truth,alt/alt,5000000,7816,42021.01458546571,22,0.0028147389969293,70,0.0089559877175025,530,0.0678096212896622,1289,0.1649181166837257,2657,0.3399437052200614,3178,0.4066018423746161,25,50000,0.885
truth,all pairs,5000000,10000,213139.625,26,0.0026,78,0.0078,552,0.0552,1320,0.132,2695,0.2695,3216,0.3216,25,50000,0.885
decoded,ref/ref,5000000,363,488569.2256658234,3,0.0082644628099173,11,0.0303030303030303,40,0.1101928374655647,59,0.162534435261708,67,0.1845730027548209,68,0.18732782369146,26,50000,0.81
decoded,alt/ref,5000000,3112,1654127.4106930045,0,0.0,0,0.0,0,0.0,0,0.0,0,0.0,0,0.0,26,50000,0.81
decoded,alt/alt,5000000,6525,57405.28480612549,38,0.005823754789272,200,0.0306513409961685,683,0.1046743295019157,1205,0.1846743295019157,2396,0.3672030651340996,3290,0.5042145593869731,26,50000,0.81
decoded,all pairs,5000000,10000,569956.4614353293,41,0.0041,211,0.0211,723,0.0723,1264,0.1264,2463,0.2463,3358,0.3358,26,50000,0.81
truth,ref/ref,5000000,363,238253.09917355367,3,0.0082644628099173,8,0.0220385674931129,35,0.0964187327823691,72,0.1983471074380165,72,0.1983471074380165,106,0.2920110192837465,26,50000,0.81
truth,alt/ref,5000000,3112,1692172.273245728,0,0.0,0,0.0,0,0.0,0,0.0,0,0.0,0,0.0,26,50000,0.81
truth,alt/alt,5000000,6525,40218.73563218391,22,0.0033716475095785,82,0.0125670498084291,572,0.0876628352490421,1401,0.2147126436781609,2732,0.4186973180076628,3533,0.541455938697318,26,50000,0.81
truth,all pairs,5000000,10000,561495.3239340705,25,0.0025,90,0.009,607,0.0607,1473,0.1473,2804,0.2804,3639,0.3639,26,50000,0.81
decoded,ref/ref,5000000,188,444076.8153348975,6,0.0319148936170212,15,0.0797872340425532,21,0.1117021276595744,25,0.1329787234042553,32,0.1702127659574468,33,0.175531914893617,27,50000,0.865
decoded,alt/ref,5000000,2377,1009678.2038580376,0,0.0,0,0.0,0,0.0,0,0.0,2,0.0008413967185527,3,0.0012620950778291,27,50000,0.865
decoded,alt/alt,5000000,7435,53504.60774521649,49,0.0065904505716207,336,0.045191661062542,1231,0.1655682582380632,2250,0.3026227303295225,3236,0.4352387357094822,4134,0.556018829858776,27,50000,0.865
decoded,all pairs,5000000,10000,288129.8290439201,55,0.0055,351,0.0351,1252,0.1252,2275,0.2275,3270,0.327,4170,0.417,27,50000,0.865
truth,ref/ref,5000000,188,372049.9277432282,6,0.0319148936170212,8,0.0425531914893617,34,0.1808510638297872,39,0.2074468085106383,46,0.2446808510638297,95,0.5053191489361702,27,50000,0.865
truth,alt/ref,5000000,2377,1062033.1914959694,0,0.0,0,0.0,0,0.0,0,0.0,0,0.0,0,0.0,27,50000,0.865
truth,alt/alt,5000000,7435,35076.31136516476,30,0.0040349697377269,78,0.0104909213180901,553,0.0743779421654337,1504,0.2022864828513786,3749,0.5042367182246134,7435,1.0,27,50000,0.865
truth,all pairs,5000000,10000,285519.06576016464,36,0.0036,86,0.0086,587,0.0587,1543,0.1543,3795,0.3795,7530,0.753,27,50000,0.865
decoded,ref/ref,5000000,2143,590269.5569393439,16,0.0074661689220718,42,0.0195986934204386,122,0.0569295380307979,161,0.0751283247783481,216,0.1007932804479701,273,0.1273915072328511,28,50000,0.5425
decoded,alt/ref,5000000,4966,1466888.2019755251,0,0.0,0,0.0,0,0.0,0,0.0,1,0.0002013693113169,1,0.0002013693113169,28,50000,0.5425
decoded,alt/alt,5000000,2891,45818.19422037561,39,0.0134901418194396,233,0.0805949498443445,820,0.2836388792805258,1255,0.4341058457281218,1879,0.649948114839156,2413,0.834659287443791,28,50000,0.5425
decoded,all pairs,5000000,10000,868197.4871022578,55,0.0055,275,0.0275,942,0.0942,1416,0.1416,2096,0.2096,2687,0.2687,28,50000,0.5425
truth,ref/ref,5000000,2143,552258.9670445694,15,0.0069995333644423,32,0.0149323378441437,140,0.0653289780681287,216,0.1007932804479701,286,0.1334577694820345,353,0.1647223518432104,28,50000,0.5425
truth,alt/ref,5000000,4966,2277405.880130925,0,0.0,0,0.0,0,0.0,0,0.0,0,0.0,0,0.0,28,50000,0.5425
truth,alt/alt,5000000,2891,37126.902455897616,14,0.0048426150121065,45,0.0155655482531995,440,0.1521964718090626,1016,0.3514354894500173,1544,0.5340712556208924,1544,0.5340712556208924,28,50000,0.5425
truth,all pairs,5000000,10000,1260042.2442106688,29,0.0029,77,0.0077,580,0.058,1232,0.1232,1830,0.183,1897,0.1897,28,50000,0.5425
decoded,ref/ref,5000000,25,168810.6238073753,0,0.0,3,0.12,3,0.12,8,0.32,8,0.32,9,0.36,29,50000,0.9475
decoded,alt/ref,5000000,975,847751.3895709371,0,0.0,0,0.0,0,0.0,0,0.0,0,0.0,0,0.0,29,50000,0.9475
decoded,alt/alt,5000000,9000,53422.3038971006,62,0.0068888888888888,515,0.0572222222222222,2387,0.2652222222222222,4008,0.4453333333333333,4946,0.5495555555555556,5451,0.6056666666666667,29,50000,0.9475
decoded,all pairs,5000000,10000,131157.86055007533,62,0.0062,518,0.0518,2390,0.239,4016,0.4016,4954,0.4954,5460,0.546,29,50000,0.9475
truth,ref/ref,5000000,25,102240.0,2,0.08,4,0.16,4,0.16,7,0.28,7,0.28,7,0.28,29,50000,0.9475
truth,alt/ref,5000000,975,996875.0,0,0.0,0,0.0,0,0.0,0,0.0,0,0.0,0,0.0,29,50000,0.9475
truth,alt/alt,5000000,9000,39808.16666666666,24,0.0026666666666666,62,0.0068888888888888,644,0.0715555555555555,1633,0.1814444444444444,2652,0.2946666666666667,9000,1.0,29,50000,0.9475
truth,all pairs,5000000,10000,133278.2625,26,0.0026,66,0.0066,648,0.0648,1640,0.164,2659,0.2659,9007,0.9007,29,50000,0.9475
decoded,ref/ref,5000000,46,145660.85503505773,2,0.0434782608695652,3,0.0652173913043478,6,0.1304347826086956,11,0.2391304347826087,15,0.3260869565217391,21,0.4565217391304347,30,50000,0.925
decoded,alt/ref,5000000,1373,624870.9397027802,0,0.0,0,0.0,0,0.0,0,0.0,0,0.0,0,0.0,30,50000,0.925
decoded,alt/alt,5000000,8581,49022.27376869333,44,0.0051276075049528,206,0.0240065260459153,1104,0.1286563337606339,2249,0.2620906654236103,3550,0.4137046964223284,4919,0.5732432117468826,30,50000,0.925
decoded,all pairs,5000000,10000,128530.83307526876,46,0.0046,209,0.0209,1110,0.111,2260,0.226,3565,0.3565,4940,0.494,30,50000,0.925
truth,ref/ref,5000000,46,108369.56521739133,1,0.0217391304347826,3,0.0652173913043478,5,0.108695652173913,14,0.3043478260869565,15,0.3260869565217391,19,0.4130434782608695,30,50000,0.925
truth,alt/ref,5000000,1373,753875.0,0,0.0,0,0.0,0,0.0,0,0.0,0,0.0,0,0.0,30,50000,0.925
truth,alt/alt,5000000,8581,43001.96655401468,32,0.0037291690945111,81,0.0094394592704812,438,0.051043001981121,1422,0.1657149516373383,2060,0.2400652604591539,4538,0.5288427922153596,30,50000,0.925
truth,all pairs,5000000,10000,140905.525,33,0.0033,84,0.0084,443,0.0443,1436,0.1436,2075,0.2075,4557,0.4557,30,50000,0.925
decoded,ref/ref,5000000,208,1228110.496352217,8,0.0384615384615384,16,0.0769230769230769,20,0.0961538461538461,23,0.110576923076923,23,0.110576923076923,26,0.125,31,50000,0.855
decoded,alt/ref,5000000,2483,1764861.7729957986,0,0.0,0,0.0,0,0.0,0,0.0,0,0.0,0,0.0,31,50000,0.855
decoded,alt/alt,5000000,7309,67942.90755859517,42,0.0057463401286085,241,0.0329730469284443,990,0.1354494458886304,2022,0.2766452319058695,3052,0.417567382678889,3830,0.5240114926802573,31,50000,0.855
decoded,all pairs,5000000,10000,513419.3476935601,50,0.005,257,0.0257,1010,0.101,2045,0.2045,3075,0.3075,3856,0.3856,31,50000,0.855
truth,ref/ref,5000000,208,1960571.7341346168,7,0.0336538461538461,12,0.0576923076923076,26,0.125,34,0.1634615384615384,40,0.1923076923076923,48,0.2307692307692307,31,50000,0.855
truth,alt/ref,5000000,2483,1860354.3652875517,0,0.0,0,0.0,0,0.0,0,0.0,0,0.0,0,0.0,31,50000,0.855
truth,alt/alt,5000000,7309,40089.53003146805,19,0.0025995348200848,66,0.009029963059242,523,0.0715556163633876,1300,0.177862908742646,3179,0.4349432206868244,6174,0.844711998905459,31,50000,0.855
truth,all pairs,5000000,10000,532007.318470899,26,0.0026,78,0.0078,549,0.0549,1334,0.1334,3219,0.3219,6222,0.6222,31,50000,0.855
decoded,ref/ref,5000000,67,579289.7624644177,4,0.0597014925373134,10,0.1492537313432835,12,0.1791044776119403,17,0.2537313432835821,18,0.2686567164179104,18,0.2686567164179104,32,50000,0.9225
decoded,alt/ref,5000000,1418,1110425.8303193112,0,0.0,0,0.0,0,0.0,0,0.0,0,0.0,0,0.0,32,50000,0.9225
decoded,alt/alt,5000000,8515,81681.23424635446,41,0.0048150322959483,330,0.0387551379917792,1482,0.1740458015267175,2603,0.3056958308866705,3402,0.3995302407516148,4767,0.5598355842630652,32,50000,0.9225
decoded,all pairs,5000000,10000,230891.1951085608,45,0.0045,340,0.034,1494,0.1494,2620,0.262,3420,0.342,4785,0.4785,32,50000,0.9225
truth,ref/ref,5000000,67,513136.1940298508,2,0.0298507462686567,8,0.1194029850746268,11,0.1641791044776119,12,0.1791044776119403,18,0.2686567164179104,18,0.2686567164179104,32,50000,0.9225
truth,alt/ref,5000000,1418,1145139.3173974897,0,0.0,0,0.0,0,0.0,0,0.0,0,0.0,0,0.0,32,50000,0.9225
truth,alt/alt,5000000,8515,43039.66529653552,26,0.0030534351145038,76,0.0089254257193188,500,0.0587199060481503,1385,0.1626541397533764,2441,0.2866705813270698,5688,0.6679976512037581,32,50000,0.9225
truth,all pairs,5000000,10000,202467.04270696404,28,0.0028,84,0.0084,511,0.0511,1397,0.1397,2459,0.2459,5706,0.5706,32,50000,0.9225
decoded,ref/ref,5000000,2573,543233.0183524151,18,0.0069957248348231,66,0.0256509910610182,185,0.0719005052467936,249,0.0967741935483871,310,0.1204819277108433,357,0.138748542557326,33,50000,0.4875
decoded,alt/ref,5000000,5107,720263.7514862964,0,0.0,0,0.0,0,0.0,0,0.0,2,0.0003916193459956,5,0.0009790483649892,33,50000,0.4875
decoded,alt/alt,5000000,2320,54859.87145473799,34,0.0146551724137931,199,0.0857758620689655,661,0.2849137931034483,980,0.4224137931034483,1321,0.569396551724138,1493,0.6435344827586207,33,50000,0.4875
decoded,all pairs,5000000,10000,520340.0436836272,52,0.0052,265,0.0265,846,0.0846,1229,0.1229,1633,0.1633,1855,0.1855,33,50000,0.4875
truth,ref/ref,5000000,2573,755623.0927443815,8,0.0031092110376991,27,0.0104935872522347,139,0.0540225417800233,265,0.1029926156237854,297,0.1154294597745822,428,0.1663427905169063,33,50000,0.4875
truth,alt/ref,5000000,5107,1090827.6074499816,0,0.0,0,0.0,0,0.0,0,0.0,0,0.0,0,0.0,33,50000,0.4875
truth,alt/alt,5000000,2320,27043.42672413793,24,0.0103448275862068,71,0.030603448275862,594,0.2560344827586207,1305,0.5625,2320,1.0,2320,1.0,33,50000,0.4875
truth,all pairs,5000000,10000,757781.555887835,32,0.0032,98,0.0098,733,0.0733,1570,0.157,2617,0.2617,2748,0.2748,33,50000,0.4875
decoded,ref/ref,5000000,332,382531.7410706786,6,0.0180722891566265,14,0.0421686746987951,32,0.0963855421686747,40,0.1204819277108433,52,0.1566265060240964,60,0.180722891566265,34,50000,0.815
decoded,alt/ref,5000000,3062,1562434.722463424,0,0.0,0,0.0,0,0.0,0,0.0,0,0.0,0,0.0,34,50000,0.815
decoded,alt/alt,5000000,6606,58326.71723296495,50,0.007568876778686,414,0.0626702997275204,1665,0.2520435967302452,3047,0.4612473508931274,4077,0.6171662125340599,4583,0.6937632455343627,34,50000,0.815
decoded,all pairs,5000000,10000,529648.1952259436,56,0.0056,428,0.0428,1697,0.1697,3087,0.3087,4129,0.4129,4643,0.4643,34,50000,0.815
truth,ref/ref,5000000,332,391250.0,6,0.0180722891566265,12,0.036144578313253,21,0.0632530120481927,55,0.1656626506024096,67,0.2018072289156626,88,0.2650602409638554,34,50000,0.815
truth,alt/ref,5000000,3062,2059459.8541534613,0,0.0,0,0.0,0,0.0,0,0.0,0,0.0,0,0.0,34,50000,0.815
truth,alt/alt,5000000,6606,36117.29866787769,19,0.0028761731759006,81,0.0122615803814713,1805,0.2732364517105661,2563,0.3879806236754465,2653,0.4016046018770814,6606,1.0,34,50000,0.815
truth,all pairs,5000000,10000,667455.1948417898,25,0.0025,93,0.0093,1826,0.1826,2618,0.2618,2720,0.272,6694,0.6694,34,50000,0.815
decoded,ref/ref,5000000,16,167322.0260805555,0,0.0,4,0.25,4,0.25,4,0.25,5,0.3125,6,0.375,35,50000,0.9475
decoded,alt/ref,5000000,992,1149915.4648397227,0,0.0,0,0.0,0,0.0,0,0.0,0,0.0,0,0.0,35,50000,0.9475
decoded,alt/alt,5000000,8992,52001.55983816936,56,0.0062277580071174,240,0.0266903914590747,1701,0.1891681494661921,3701,0.4115880782918149,5547,0.6168816725978647,6481,0.7207517793594306,35,50000,0.9475
decoded,all pairs,5000000,10000,161099.13196031126,56,0.0056,244,0.0244,1705,0.1705,3705,0.3705,5552,0.5552,6487,0.6487,35,50000,0.9475
truth,ref/ref,5000000,16,94796.875,1,0.0625,2,0.125,5,0.3125,5,0.3125,6,0.375,6,0.375,35,50000,0.9475
truth,alt/ref,5000000,992,1588901.181891165,0,0.0,0,0.0,0,0.0,0,0.0,0,0.0,0,0.0,35,50000,0.9475
truth,alt/alt,5000000,8992,43052.33818950178,33,0.0036699288256227,81,0.0090080071174377,514,0.057161921708185,770,0.0856316725978647,2150,0.2391014234875444,8992,1.0,35,50000,0.9475
truth,all pairs,5000000,10000,196483.3347436036,34,0.0034,83,0.0083,519,0.0519,775,0.0775,2156,0.2156,8998,0.8998,35,50000,0.9475
decoded,ref/ref,5000000,1535,562820.4185460954,17,0.0110749185667752,39,0.0254071661237785,82,0.0534201954397394,132,0.0859934853420195,169,0.1100977198697068,199,0.1296416938110749,36,50000,0.6125
decoded,alt/ref,5000000,4782,1059673.0809988678,0,0.0,0,0.0,2,0.000418235048097,3,0.0006273525721455,4,0.000836470096194,4,0.000836470096194,36,50000,0.6125
decoded,alt/alt,5000000,3683,37348.84531865662,35,0.0095031224545207,210,0.0570187347271246,896,0.2432799348357317,1991,0.5405919087700244,2788,0.7569915829486832,3098,0.8411620961172956,36,50000,0.6125
decoded,all pairs,5000000,10000,606884.1813113453,52,0.0052,249,0.0249,980,0.098,2126,0.2126,2961,0.2961,3301,0.3301,36,50000,0.6125
truth,ref/ref,5000000,1535,504430.53745928337,9,0.0058631921824104,21,0.0136807817589576,95,0.0618892508143322,219,0.1426710097719869,242,0.1576547231270358,346,0.2254071661237785,36,50000,0.6125
truth,alt/ref,5000000,4782,795722.161229611,0,0.0,0,0.0,0,0.0,0,0.0,0,0.0,0,0.0,36,50000,0.6125
truth,alt/alt,5000000,3683,28571.273418408902,22,0.0059733912571273,58,0.0157480314960629,683,0.1854466467553625,1219,0.3309801792017377,3683,1.0,3683,1.0,36,50000,0.6125
truth,all pairs,5000000,10000,468467.225,31,0.0031,79,0.0079,778,0.0778,1438,0.1438,3925,0.3925,4029,0.4029,36,50000,0.6125
decoded,ref/ref,5000000,46,579551.9890706763,4,0.0869565217391304,4,0.0869565217391304,5,0.108695652173913,9,0.1956521739130435,15,0.3260869565217391,17,0.3695652173913043,37,50000,0.9325
decoded,alt/ref,5000000,1334,1849437.0830897624,0,0.0,0,0.0,0,0.0,0,0.0,0,0.0,0,0.0,37,50000,0.9325
decoded,alt/alt,5000000,8620,29623.11961761483,82,0.0095127610208816,682,0.0791183294663573,3128,0.362877030162413,4974,0.577030162412993,6744,0.7823665893271462,7554,0.8763341067285383,37,50000,0.9325
decoded,all pairs,5000000,10000,274915.9751442834,86,0.0086,686,0.0686,3133,0.3133,4983,0.4983,6759,0.6759,7571,0.7571,37,50000,0.9325
truth,ref/ref,5000000,46,944603.4517236876,4,0.0869565217391304,4,0.0869565217391304,4,0.0869565217391304,10,0.217391304347826,10,0.217391304347826,11,0.2391304347826087,37,50000,0.9325
truth,alt/ref,5000000,1334,2511563.1996635385,0,0.0,0,0.0,0,0.0,0,0.0,0,0.0,0,0.0,37,50000,0.9325
truth,alt/alt,5000000,8620,43092.92343387471,21,0.0024361948955916,80,0.0092807424593967,390,0.0452436194895591,996,0.1155452436194895,2596,0.3011600928074246,6781,0.7866589327146172,37,50000,0.9325
truth,all pairs,5000000,10000,376533.80671304505,25,0.0025,84,0.0084,394,0.0394,1006,0.1006,2606,0.2606,6792,0.6792,37,50000,0.9325
decoded,ref/ref,5000000,313,549804.5565630808,4,0.0127795527156549,14,0.0447284345047923,44,0.1405750798722044,67,0.2140575079872204,78,0.2492012779552715,81,0.2587859424920127,38,50000,0.82
decoded,alt/ref,5000000,2913,1454511.3218071917,0,0.0,0,0.0,0,0.0,0,0.0,0,0.0,0,0.0,38,50000,0.82
decoded,alt/alt,5000000,6774,55731.10751036822,157,0.0231768526719811,892,0.131679952760555,1834,0.2707410687924417,2709,0.399911426040744,3647,0.5383820490109241,4240,0.6259226454089164,38,50000,0.82
decoded,all pairs,5000000,10000,478660.2828903828,161,0.0161,906,0.0906,1878,0.1878,2776,0.2776,3725,0.3725,4321,0.4321,38,50000,0.82
truth,ref/ref,5000000,313,586865.382271637,1,0.0031948881789137,6,0.0191693290734824,31,0.0990415335463258,68,0.2172523961661341,93,0.2971246006389776,127,0.4057507987220447,38,50000,0.82
truth,alt/ref,5000000,2913,1207061.2016071973,0,0.0,0,0.0,0,0.0,0,0.0,0,0.0,0,0.0,38,50000,0.82
truth,alt/alt,5000000,6774,28627.140537348685,19,0.0028048420431059,57,0.0084145261293179,2031,0.299822852081488,3975,0.5868024800708592,6052,0.8934160023619723,6774,1.0,38,50000,0.82
truth,all pairs,5000000,10000,389377.8394932788,20,0.002,63,0.0063,2062,0.2062,4043,0.4043,6145,0.6145,6901,0.6901,38,50000,0.82
decoded,ref/ref,5000000,127,522972.791145408,3,0.0236220472440944,7,0.0551181102362204,14,0.1102362204724409,19,0.1496062992125984,22,0.1732283464566929,23,0.1811023622047244,39,50000,0.89
decoded,alt/ref,5000000,2010,998461.2876996842,0,0.0,0,0.0,0,0.0,0,0.0,0,0.0,0,0.0,39,50000,0.89
decoded,alt/alt,5000000,7863,37374.26564343616,40,0.0050871168765102,464,0.0590105557675187,2802,0.3563525371995422,4585,0.5831107719699861,5434,0.6910848276739158,6096,0.7752766119801603,39,50000,0.89
decoded,all pairs,5000000,10000,236719.85835061705,43,0.0043,471,0.0471,2816,0.2816,4604,0.4604,5456,0.5456,6119,0.6119,39,50000,0.89
truth,ref/ref,5000000,127,387831.6929133858,4,0.0314960629921259,8,0.0629921259842519,20,0.1574803149606299,29,0.2283464566929134,29,0.2283464566929134,29,0.2283464566929134,39,50000,0.89
truth,alt/ref,5000000,2010,1357473.1599991885,0,0.0,0,0.0,0,0.0,0,0.0,0,0.0,0,0.0,39,50000,0.89
truth,alt/alt,5000000,7863,36446.87142312095,21,0.0026707363601678,75,0.0095383441434566,358,0.0455296960447666,1499,0.1906397049472211,4976,0.6328373394378736,7863,1.0,39,50000,0.89
truth,all pairs,5000000,10000,306435.7426598369,25,0.0025,83,0.0083,378,0.0378,1528,0.1528,5005,0.5005,7892,0.7892,39,50000,0.89
decoded,ref/ref,5000000,1729,142381.7324650869,12,0.0069404279930595,42,0.0242914979757085,131,0.0757663389242336,269,0.1555812608444187,437,0.2527472527472527,571,0.3302486986697513,40,50000,0.585
decoded,alt/ref,5000000,4863,875435.1049855034,0,0.0,0,0.0,0,0.0,1,0.0002056343820686,2,0.0004112687641373,8,0.0016450750565494,40,50000,0.585
decoded,alt/alt,5000000,3408,36202.06790863392,25,0.0073356807511737,270,0.079225352112676,968,0.284037558685446,1768,0.5187793427230047,2436,0.7147887323943662,2842,0.8339201877934272,40,50000,0.585
decoded,all pairs,5000000,10000,462679.5578409263,37,0.0037,312,0.0312,1099,0.1099,2038,0.2038,2875,0.2875,3421,0.3421,40,50000,0.585
truth,ref/ref,5000000,1729,120898.93001735109,10,0.0057836899942163,22,0.0127241179872758,99,0.0572585309427414,242,0.1399652978600347,307,0.1775592828224407,389,0.2249855407750144,40,50000,0.585
truth,alt/ref,5000000,4863,804891.5792720543,0,0.0,0,0.0,0,0.0,0,0.0,0,0.0,0,0.0,40,50000,0.585
truth,alt/alt,5000000,3408,37176.12969483568,14,0.0041079812206572,61,0.0178990610328638,466,0.1367370892018779,814,0.2388497652582159,1696,0.4976525821596244,3408,1.0,40,50000,0.585
truth,all pairs,5000000,10000,424991.825,24,0.0024,83,0.0083,565,0.0565,1056,0.1056,2003,0.2003,3797,0.3797,40,50000,0.585
decoded,ref/ref,5000000,1,890711.212449044,0,0.0,0,0.0,0,0.0,0,0.0,0,0.0,0,0.0,41,50000,0.9925
decoded,alt/ref,5000000,134,1228763.8704840206,0,0.0,0,0.0,0,0.0,0,0.0,0,0.0,0,0.0,41,50000,0.9925
decoded,alt/alt,5000000,9865,33691.75945347895,77,0.0078053725291434,473,0.0479472883933096,2795,0.2833248859604663,5208,0.5279270146984288,7277,0.737658388241257,8346,0.8460212873796249,41,50000,0.9925
decoded,all pairs,5000000,10000,49791.42768658777,77,0.0077,473,0.0473,2795,0.2795,5208,0.5208,7277,0.7277,8346,0.8346,41,50000,0.9925
truth,ref/ref,5000000,1,655500.0,0,0.0,0,0.0,0,0.0,0,0.0,0,0.0,0,0.0,41,50000,0.9925
truth,alt/ref,5000000,134,842125.0,0,0.0,0,0.0,0,0.0,0,0.0,0,0.0,0,0.0,41,50000,0.9925
truth,alt/alt,5000000,9865,36727.05271160669,30,0.0030410542321338,75,0.0076026355803345,622,0.0630511910795742,1548,0.1569183983781044,3655,0.3705017739483021,9865,1.0,41,50000,0.9925
truth,all pairs,5000000,10000,47581.2625,30,0.003,75,0.0075,622,0.0622,1548,0.1548,3655,0.3655,9865,0.9865,41,50000,0.9925
decoded,ref/ref,5000000,3990,395320.9988288122,17,0.0042606516290726,86,0.0215538847117794,277,0.0694235588972431,489,0.1225563909774436,571,0.1431077694235589,664,0.1664160401002506,42,50000,0.37
decoded,alt/ref,5000000,4625,1158303.7287468177,0,0.0,0,0.0,0,0.0,0,0.0,1,0.0002162162162162,1,0.0002162162162162,42,50000,0.37
decoded,alt/alt,5000000,1385,80636.73541588253,27,0.0194945848375451,80,0.0577617328519855,198,0.1429602888086642,426,0.3075812274368231,600,0.4332129963898917,716,0.5169675090252708,42,50000,0.37
decoded,all pairs,5000000,10000,704616.7409331991,44,0.0044,166,0.0166,475,0.0475,915,0.0915,1172,0.1172,1381,0.1381,42,50000,0.37
truth,ref/ref,5000000,3990,438679.5112781955,11,0.0027568922305764,45,0.0112781954887218,218,0.0546365914786967,507,0.1270676691729323,654,0.1639097744360902,931,0.2333333333333333,42,50000,0.37
truth,alt/ref,5000000,4625,878375.0,0,0.0,0,0.0,0,0.0,0,0.0,0,0.0,0,0.0,42,50000,0.37
truth,alt/alt,5000000,1385,29393.86281588448,12,0.0086642599277978,39,0.0281588447653429,475,0.3429602888086642,803,0.5797833935018051,803,0.5797833935018051,1385,1.0,42,50000,0.37
truth,all pairs,5000000,10000,585352.6125,23,0.0023,84,0.0084,693,0.0693,1310,0.131,1457,0.1457,2316,0.2316,42,50000,0.37
decoded,ref/ref,5000000,120,308514.126563175,2,0.0166666666666666,6,0.05,21,0.175,27,0.225,31,0.2583333333333333,34,0.2833333333333333,43,50000,0.8875
decoded,alt/ref,5000000,2006,1300471.145231093,0,0.0,0,0.0,0,0.0,0,0.0,0,0.0,0,0.0,43,50000,0.8875
decoded,alt/alt,5000000,7874,41516.85433721454,70,0.0088900177800355,545,0.0692151384302768,1989,0.2526035052070104,3731,0.4738379476758954,5201,0.6605283210566422,6294,0.7993395986791973,43,50000,0.8875
decoded,all pairs,5000000,10000,297267.0523572381,72,0.0072,551,0.0551,2010,0.201,3758,0.3758,5232,0.5232,6328,0.6328,43,50000,0.8875
truth,ref/ref,5000000,120,522483.3333333333,1,0.0083333333333333,3,0.025,16,0.1333333333333333,21,0.175,38,0.3166666666666666,44,0.3666666666666666,43,50000,0.8875
truth,alt/ref,5000000,2006,874083.686440678,0,0.0,0,0.0,0,0.0,0,0.0,0,0.0,0,0.0,43,50000,0.8875
truth,alt/alt,5000000,7874,40849.52057404115,26,0.0033020066040132,73,0.009271018542037,503,0.0638811277622555,1917,0.2434594869189738,2039,0.2589535179070358,6920,0.8788417576835154,43,50000,0.8875
truth,all pairs,5000000,10000,213775.9,27,0.0027,76,0.0076,519,0.0519,1938,0.1938,2077,0.2077,6964,0.6964,43,50000,0.8875
decoded,ref/ref,5000000,303,552476.9938014437,4,0.0132013201320132,9,0.0297029702970297,23,0.0759075907590759,42,0.1386138613861386,59,0.1947194719471947,70,0.231023102310231,44,50000,0.82
decoded,alt/ref,5000000,2958,1185550.005615095,0,0.0,0,0.0,0,0.0,0,0.0,0,0.0,0,0.0,44,50000,0.82
decoded,alt/alt,5000000,6739,28700.38589757025,62,0.0092001780679626,620,0.092001780679626,3205,0.4755898501261315,4940,0.7330464460602464,5629,0.8352871345897017,6028,0.8944947321561062,44,50000,0.82
decoded,all pairs,5000000,10000,386766.9346295014,66,0.0066,629,0.0629,3228,0.3228,4982,0.4982,5688,0.5688,6098,0.6098,44,50000,0.82
truth,ref/ref,5000000,303,960189.1674982484,4,0.0132013201320132,5,0.0165016501650165,28,0.0924092409240924,47,0.1551155115511551,71,0.2343234323432343,101,0.3333333333333333,44,50000,0.82
truth,alt/ref,5000000,2958,1191274.6249086072,0,0.0,0,0.0,0,0.0,0,0.0,0,0.0,0,0.0,44,50000,0.82
truth,alt/alt,5000000,6739,31511.871197507047,13,0.0019290695948953,55,0.0081614482860958,494,0.0733046446060246,1910,0.2834248404807835,6739,1.0,6739,1.0,44,50000,0.82
truth,all pairs,5000000,10000,402708.61582316295,17,0.0017,60,0.006,522,0.0522,1957,0.1957,6810,0.681,6840,0.684,44,50000,0.82
decoded,ref/ref,5000000,240,407483.9403322452,8,0.0333333333333333,28,0.1166666666666666,51,0.2125,59,0.2458333333333333,63,0.2625,69,0.2875,45,50000,0.84
decoded,alt/ref,5000000,2719,1363745.065639906,0,0.0,0,0.0,0,0.0,0,0.0,0,0.0,0,0.0,45,50000,0.84
decoded,alt/alt,5000000,7041,96467.6797824245,42,0.005965061780997,263,0.0373526487714813,950,0.1349240164749325,1415,0.2009657719073995,1766,0.2508166453628745,2105,0.2989632154523505,45,50000,0.84
decoded,all pairs,5000000,10000,448504.7912502694,50,0.005,291,0.0291,1001,0.1001,1474,0.1474,1829,0.1829,2174,0.2174,45,50000,0.84
truth,ref/ref,5000000,240,424053.7078264949,4,0.0166666666666666,9,0.0375,18,0.075,42,0.175,82,0.3416666666666667,84,0.35,45,50000,0.84
truth,alt/ref,5000000,2719,1654566.57993041,0,0.0,0,0.0,0,0.0,0,0.0,0,0.0,0,0.0,45,50000,0.84
truth,alt/alt,5000000,7041,35597.48260190314,24,0.0034086067319982,63,0.0089475926714955,845,0.1200113620224399,2813,0.3995171140463002,4086,0.5803152961227098,7041,1.0,45,50000,0.84
truth,all pairs,5000000,10000,485118.1295709144,28,0.0028,72,0.0072,863,0.0863,2855,0.2855,4168,0.4168,7125,0.7125,45,50000,0.84
decoded,ref/ref,5000000,27,276411.1737965513,2,0.074074074074074,2,0.074074074074074,4,0.1481481481481481,5,0.1851851851851851,5,0.1851851851851851,5,0.1851851851851851,46,50000,0.94
decoded,alt/ref,5000000,1123,1400204.7117442242,0,0.0,0,0.0,0,0.0,0,0.0,0,0.0,0,0.0,46,50000,0.94
decoded,alt/alt,5000000,8850,40619.200987266086,50,0.0056497175141242,253,0.0285875706214689,1712,0.1934463276836158,3935,0.4446327683615819,5588,0.631412429378531,6815,0.7700564971751412,46,50000,0.94
decoded,all pairs,5000000,10000,193937.29217185755,52,0.0052,255,0.0255,1716,0.1716,3940,0.394,5593,0.5593,6820,0.682,46,50000,0.94
truth,ref/ref,5000000,27,204399.195536325,2,0.074074074074074,2,0.074074074074074,2,0.074074074074074,4,0.1481481481481481,9,0.3333333333333333,10,0.3703703703703703,46,50000,0.94
truth,alt/ref,5000000,1123,1860113.5034378064,0,0.0,0,0.0,0,0.0,0,0.0,0,0.0,0,0.0,46,50000,0.94
truth,alt/alt,5000000,8850,41114.98587570622,22,0.0024858757062146,83,0.0093785310734463,496,0.056045197740113,1792,0.2024858757062146,2539,0.2868926553672316,6370,0.7197740112994351,46,50000,0.94
truth,all pairs,5000000,10000,245829.38676401373,24,0.0024,85,0.0085,498,0.0498,1796,0.1796,2548,0.2548,6380,0.638,46,50000,0.94
decoded,ref/ref,5000000,489,474353.1004807815,10,0.0204498977505112,22,0.0449897750511247,70,0.1431492842535787,120,0.2453987730061349,133,0.2719836400817996,153,0.3128834355828221,47,50000,0.7775
decoded,alt/ref,5000000,3436,1210479.9875389535,0,0.0,0,0.0,0,0.0,0,0.0,0,0.0,0,0.0,47,50000,0.7775
decoded,alt/alt,5000000,6075,52468.20992177723,51,0.008395061728395,306,0.0503703703703703,870,0.1432098765432098,1749,0.2879012345679012,2637,0.434074074074074,3360,0.5530864197530864,47,50000,0.7775
decoded,all pairs,5000000,10000,470991.2278593743,61,0.0061,328,0.0328,940,0.094,1869,0.1869,2770,0.277,3513,0.3513,47,50000,0.7775
truth,ref/ref,5000000,489,632742.2179309075,9,0.0184049079754601,19,0.0388548057259713,58,0.1186094069529652,117,0.2392638036809816,144,0.294478527607362,147,0.3006134969325153,47,50000,0.7775
truth,alt/ref,5000000,3436,1000453.9013565108,0,0.0,0,0.0,0,0.0,0,0.0,0,0.0,0,0.0,47,50000,0.7775
truth,alt/alt,5000000,6075,37389.3621399177,22,0.0036213991769547,72,0.0118518518518518,793,0.1305349794238683,2061,0.3392592592592592,2606,0.4289711934156379,6075,1.0,47,50000,0.7775
truth,all pairs,5000000,10000,397411.0924629185,31,0.0031,91,0.0091,851,0.0851,2178,0.2178,2750,0.275,6222,0.6222,47,50000,0.7775
decoded,ref/ref,5000000,2144,209811.3052821392,13,0.0060634328358208,58,0.0270522388059701,185,0.0862873134328358,401,0.1870335820895522,584,0.2723880597014925,689,0.3213619402985074,48,50000,0.5375
decoded,alt/ref,5000000,4937,872635.0956710088,0,0.0,0,0.0,0,0.0,1,0.0002025521571804,2,0.0004051043143609,2,0.0004051043143609,48,50000,0.5375
decoded,alt/alt,5000000,2919,41697.76047097005,50,0.0171291538198013,250,0.0856457690990065,917,0.3141486810551558,1234,0.4227475162726961,1551,0.5313463514902363,2144,0.7344981157930798,48,50000,0.5375
decoded,all pairs,5000000,10000,487975.0668667437,63,0.0063,308,0.0308,1102,0.1102,1636,0.1636,2137,0.2137,2835,0.2835,48,50000,0.5375
truth,ref/ref,5000000,2144,313208.4888059702,5,0.0023320895522388,18,0.0083955223880597,123,0.0573694029850746,198,0.0923507462686567,405,0.1888992537313432,671,0.3129664179104477,48,50000,0.5375
truth,alt/ref,5000000,4937,1756697.0045579595,0,0.0,0,0.0,0,0.0,0,0.0,0,0.0,0,0.0,48,50000,0.5375
truth,alt/alt,5000000,2919,26653.776978417267,7,0.0023980815347721,63,0.0215827338129496,774,0.2651593011305241,2006,0.6872216512504282,2356,0.8071257279890374,2356,0.8071257279890374,48,50000,0.5375
truth,all pairs,5000000,10000,942213.4486502648,12,0.0012,81,0.0081,897,0.0897,2204,0.2204,2761,0.2761,3027,0.3027,48,50000,0.5375
decoded,ref/ref,5000000,985,797567.1020281194,10,0.0101522842639593,22,0.0223350253807106,101,0.1025380710659898,149,0.1512690355329949,195,0.1979695431472081,223,0.2263959390862944,49,50000,0.6875
decoded,alt/ref,5000000,4223,1265253.411655214,0,0.0,0,0.0,0,0.0,0,0.0,0,0.0,1,0.0002367984844896,49,50000,0.6875
decoded,alt/alt,5000000,4792,82210.45749321081,42,0.0087646076794657,211,0.0440317195325542,1511,0.3153171953255426,2595,0.5415275459098498,3097,0.6462854757929883,3328,0.6944908180300501,49,50000,0.6875
decoded,all pairs,5000000,10000,652272.1265225133,52,0.0052,233,0.0233,1612,0.1612,2744,0.2744,3292,0.3292,3552,0.3552,49,50000,0.6875
truth,ref/ref,5000000,985,1555582.530648596,9,0.0091370558375634,19,0.0192893401015228,79,0.0802030456852791,151,0.1532994923857868,170,0.1725888324873096,274,0.2781725888324873,49,50000,0.6875
truth,alt/ref,5000000,4223,2106545.2639313447,0,0.0,0,0.0,0,0.0,0,0.0,0,0.0,0,0.0,49,50000,0.6875
truth,alt/alt,5000000,4792,34150.041736227045,18,0.0037562604340567,58,0.0121035058430717,375,0.0782554257095158,1969,0.4108931552587646,3646,0.7608514190317195,4792,1.0,49,50000,0.6875
truth,all pairs,5000000,10000,1059183.6442270938,27,0.0027,77,0.0077,454,0.0454,2120,0.212,3816,0.3816,5066,0.5066,49,50000,0.6875
decoded,ref/ref,5000000,187,380137.9442620024,2,0.0106951871657754,7,0.0374331550802139,19,0.1016042780748663,31,0.1657754010695187,37,0.1978609625668449,42,0.2245989304812834,50,50000,0.87
decoded,alt/ref,5000000,2290,1294370.8584639851,0,0.0,0,0.0,0,0.0,0,0.0,0,0.0,0,0.0,50,50000,0.87
decoded,alt/alt,5000000,7523,33167.211141240085,72,0.0095706500066462,418,0.0555629403163631,1637,0.2175993619566662,3896,0.5178785059151934,5742,0.7632593380300412,6774,0.9004386547919713,50,50000,0.87
decoded,all pairs,5000000,10000,328471.199087507,74,0.0074,425,0.0425,1656,0.1656,3927,0.3927,5779,0.5779,6816,0.6816,50,50000,0.87
truth,ref/ref,5000000,187,265020.5307166184,2,0.0106951871657754,4,0.0213903743315508,11,0.0588235294117647,44,0.2352941176470588,44,0.2352941176470588,44,0.2352941176470588,50,50000,0.87
truth,alt/ref,5000000,2290,1465544.0337511164,0,0.0,0,0.0,0,0.0,0,0.0,0,0.0,0,0.0,50,50000,0.87
truth,alt/alt,5000000,7523,35562.09291506048,27,0.0035889937524923,88,0.0116974611192343,856,0.1137843945234613,2311,0.3071912800744384,3804,0.5056493420178121,7523,1.0,50,50000,0.87
truth,all pairs,5000000,10000,367318.8301534064,29,0.0029,92,0.0092,867,0.0867,2355,0.2355,3848,0.3848,7567,0.7567,50,50000,0.87
decoded,ref/ref,5000000,1075,597532.7508085722,8,0.0074418604651162,37,0.0344186046511627,94,0.0874418604651162,148,0.1376744186046511,173,0.1609302325581395,210,0.1953488372093023,51,50000,0.6725
decoded,alt/ref,5000000,4424,1330349.3819281932,0,0.0,0,0.0,0,0.0,0,0.0,0,0.0,0,0.0,51,50000,0.6725
decoded,alt/alt,5000000,4501,66574.32606857776,44,0.0097756054210175,193,0.0428793601421906,760,0.1688513663630304,1561,0.3468118195956454,2093,0.4650077760497667,2330,0.5176627416129749,51,50000,0.6725
decoded,all pairs,5000000,10000,682746.441440421,52,0.0052,230,0.023,854,0.0854,1709,0.1709,2266,0.2266,2540,0.254,51,50000,0.6725
truth,ref/ref,5000000,1075,293433.1395348837,4,0.0037209302325581,16,0.0148837209302325,93,0.0865116279069767,140,0.1302325581395348,171,0.1590697674418604,307,0.2855813953488372,51,50000,0.6725
truth,alt/ref,5000000,4424,778125.0,0,0.0,0,0.0,0,0.0,0,0.0,0,0.0,0,0.0,51,50000,0.6725
truth,alt/alt,5000000,4501,40326.03865807598,20,0.0044434570095534,80,0.0177738280382137,417,0.092646078649189,1023,0.227282826038658,1691,0.3756942901577427,2308,0.5127749389024662,51,50000,0.6725
truth,all pairs,5000000,10000,393937.3125,24,0.0024,96,0.0096,510,0.051,1163,0.1163,1862,0.1862,2615,0.2615,51,50000,0.6725
decoded,ref/ref,5000000,40,499980.3418942645,2,0.05,2,0.05,2,0.05,3,0.075,3,0.075,3,0.075,52,50000,0.93
decoded,alt/ref,5000000,1318,1168878.1850317025,0,0.0,0,0.0,0,0.0,0,0.0,0,0.0,0,0.0,52,50000,0.93
decoded,alt/alt,5000000,8642,28551.765538825384,92,0.0106456838694746,752,0.087016894237445,3398,0.3931960194399445,5723,0.6622309650543856,7071,0.8182133765332099,7845,0.9077759777829206,52,50000,0.93
decoded,all pairs,5000000,10000,180732.50193340832,94,0.0094,754,0.0754,3400,0.34,5726,0.5726,7074,0.7074,7848,0.7848,52,50000,0.93
truth,ref/ref,5000000,40,702448.1994060455,1,0.025,2,0.05,4,0.1,5,0.125,5,0.125,5,0.125,52,50000,0.93
truth,alt/ref,5000000,1318,974275.356762928,0,0.0,0,0.0,0,0.0,0,0.0,0,0.0,0,0.0,52,50000,0.93
truth,alt/alt,5000000,8642,35659.75757926406,25,0.0028928488775746,66,0.007637121036797,586,0.0678083776903494,1914,0.2214765100671141,5211,0.602985420041657,8642,1.0,52,50000,0.93
truth,all pairs,5000000,10000,162036.44731897808,26,0.0026,68,0.0068,590,0.059,1919,0.1919,5216,0.5216,8647,0.8647,52,50000,0.93
decoded,ref/ref,5000000,1586,440668.3580163724,10,0.0063051702395964,34,0.0214375788146279,95,0.0598991172761664,176,0.1109709962168978,231,0.1456494325346784,336,0.2118537200504413,53,50000,0.605
decoded,alt/ref,5000000,4707,1470633.6070023293,0,0.0,0,0.0,0,0.0,0,0.0,1,0.0002124495432334,1,0.0002124495432334,53,50000,0.605
decoded,alt/alt,5000000,3707,127804.58693036975,44,0.0118694362017804,162,0.043701106015646,501,0.1351497167520906,774,0.2087941731858645,978,0.2638251955759374,1100,0.2967359050445103,53,50000,0.605
decoded,all pairs,5000000,10000,809494.4007724811,54,0.0054,196,0.0196,596,0.0596,950,0.095,1210,0.121,1437,0.1437,53,50000,0.605
truth,ref/ref,5000000,1586,450379.75365108176,5,0.0031525851197982,18,0.0113493064312736,111,0.0699873896595208,155,0.0977301387137452,180,0.1134930643127364,581,0.3663303909205548,53,50000,0.605
truth,alt/ref,5000000,4707,1392999.1039538917,0,0.0,0,0.0,0,0.0,0,0.0,0,0.0,0,0.0,53,50000,0.605
truth,alt/alt,5000000,3707,35860.230644726194,18,0.0048556784461828,70,0.0188831939573779,421,0.1135689236579444,1053,0.2840571891016994,1665,0.449150256271918,3707,1.0,53,50000,0.605
truth,all pairs,5000000,10000,740408.2946601585,23,0.0023,88,0.0088,532,0.0532,1208,0.1208,1845,0.1845,4288,0.4288,53,50000,0.605
decoded,ref/ref,5000000,2700,244674.35375737256,13,0.0048148148148148,62,0.0229629629629629,249,0.0922222222222222,414,0.1533333333333333,618,0.2288888888888889,866,0.3207407407407407,54,50000,0.475
decoded,alt/ref,5000000,4994,1791898.8970167716,0,0.0,0,0.0,0,0.0,0,0.0,0,0.0,0,0.0,54,50000,0.475
decoded,alt/alt,5000000,2306,19420.0253209127,87,0.0377276669557675,597,0.2588898525585429,1542,0.6686903729401561,1965,0.8521248915871639,2123,0.9206418039895924,2174,0.94275802254987,54,50000,0.475
decoded,all pairs,5000000,10000,965414.6425236688,100,0.01,659,0.0659,1791,0.1791,2379,0.2379,2741,0.2741,3040,0.304,54,50000,0.475
truth,ref/ref,5000000,2700,331730.2910347711,10,0.0037037037037037,19,0.007037037037037,116,0.0429629629629629,354,0.1311111111111111,386,0.1429629629629629,664,0.2459259259259259,54,50000,0.475
truth,alt/ref,5000000,4994,2327501.957310924,0,0.0,0,0.0,0,0.0,0,0.0,0,0.0,0,0.0,54,50000,0.475
truth,alt/alt,5000000,2306,21212.434952298358,13,0.0056374674761491,62,0.0268863833477883,648,0.2810060711188205,2306,1.0,2306,1.0,2306,1.0,54,50000,0.475
truth,all pairs,5000000,10000,1256813.2435604634,23,0.0023,81,0.0081,764,0.0764,2660,0.266,2692,0.2692,2970,0.297,54,50000,0.475
decoded,ref/ref,5000000,916,874368.6949925624,6,0.0065502183406113,21,0.0229257641921397,48,0.0524017467248908,70,0.0764192139737991,105,0.1146288209606987,146,0.1593886462882096,55,50000,0.6975
decoded,alt/ref,5000000,4256,1171906.238749029,0,0.0,0,0.0,1,0.000234962406015,1,0.000234962406015,3,0.0007048872180451,4,0.0009398496240601,55,50000,0.6975
decoded,alt/alt,5000000,4828,37746.13320783656,77,0.0159486329743164,373,0.0772576636288318,1579,0.3270505385252693,2574,0.5331400165700083,3328,0.6893123446561723,3937,0.8154515327257663,55,50000,0.6975
decoded,all pairs,5000000,10000,597079.3007856489,83,0.0083,394,0.0394,1628,0.1628,2645,0.2645,3436,0.3436,4087,0.4087,55,50000,0.6975
truth,ref/ref,5000000,916,962650.3489467128,4,0.0043668122270742,11,0.0120087336244541,55,0.0600436681222707,66,0.0720524017467248,117,0.1277292576419214,132,0.1441048034934497,55,50000,0.6975
truth,alt/ref,5000000,4256,1273936.8568635618,0,0.0,0,0.0,0,0.0,0,0.0,0,0.0,0,0.0,55,50000,0.6975
truth,alt/alt,5000000,4828,31142.47618061309,20,0.004142502071251,72,0.0149130074565037,534,0.1106048053024026,2250,0.4660314830157415,2564,0.5310687655343828,4828,1.0,55,50000,0.6975
truth,all pairs,5000000,10000,645401.8857446508,24,0.0024,83,0.0083,589,0.0589,2316,0.2316,2681,0.2681,4960,0.496,55,50000,0.6975
decoded,ref/ref,5000000,0,,0,,0,,0,,0,,0,,0,,56,50000,0.9925
decoded,alt/ref,5000000,154,1341320.3857362494,0,0.0,0,0.0,0,0.0,1,0.0064935064935064,1,0.0064935064935064,1,0.0064935064935064,56,50000,0.9925
decoded,alt/alt,5000000,9846,40935.76090956288,63,0.006398537477148,277,0.0281332520820637,1351,0.1372130814543977,3384,0.3436928702010969,5481,0.556672760511883,7166,0.7278082470038595,56,50000,0.9925
decoded,all pairs,5000000,10000,60961.684131893846,63,0.0063,277,0.0277,1351,0.1351,3385,0.3385,5482,0.5482,7167,0.7167,56,50000,0.9925
truth,ref/ref,5000000,0,,0,,0,,0,,0,,0,,0,,56,50000,0.9925
truth,alt/ref,5000000,154,1189120.1648964223,0,0.0,0,0.0,0,0.0,0,0.0,0,0.0,0,0.0,56,50000,0.9925
truth,alt/alt,5000000,9846,43902.70160471257,23,0.0023359739995937,86,0.0087345114767418,576,0.0585009140767824,1390,0.1411740808450132,2249,0.2284176315254925,4903,0.4979687182612228,56,50000,0.9925
truth,all pairs,5000000,10000,61539.0505394049,23,0.0023,86,0.0086,576,0.0576,1390,0.139,2249,0.2249,4903,0.4903,56,50000,0.9925
decoded,ref/ref,5000000,147,394056.7108956495,2,0.0136054421768707,7,0.0476190476190476,18,0.1224489795918367,23,0.1564625850340136,29,0.1972789115646258,40,0.272108843537415,57,50000,0.8825
decoded,alt/ref,5000000,2047,1250457.661481513,0,0.0,0,0.0,0,0.0,0,0.0,0,0.0,0,0.0,57,50000,0.8825
decoded,alt/alt,5000000,7806,110223.7299230471,60,0.0076863950807071,299,0.0383038688188572,1122,0.1437355880092236,1846,0.2364847553164232,2444,0.3130924929541378,2866,0.3671534716884448,57,50000,0.8825
decoded,all pairs,5000000,10000,347801.9605333623,62,0.0062,306,0.0306,1140,0.114,1869,0.1869,2473,0.2473,2906,0.2906,57,50000,0.8825
truth,ref/ref,5000000,147,318420.0680272109,2,0.0136054421768707,6,0.0408163265306122,18,0.1224489795918367,30,0.2040816326530612,59,0.4013605442176871,59,0.4013605442176871,57,50000,0.8825
truth,alt/ref,5000000,2047,1469091.895872085,0,0.0,0,0.0,0,0.0,0,0.0,0,0.0,0,0.0,57,50000,0.8825
truth,alt/alt,5000000,7806,38944.16154240328,26,0.0033307712016397,66,0.0084550345887778,961,0.1231104278759928,1622,0.2077888803484499,3959,0.5071739687419934,7806,1.0,57,50000,0.8825
truth,all pairs,5000000,10000,335803.6985850157,28,0.0028,72,0.0072,979,0.0979,1652,0.1652,4018,0.4018,7865,0.7865,57,50000,0.8825
decoded,ref/ref,5000000,980,782250.8978226617,5,0.0051020408163265,15,0.0153061224489795,59,0.060204081632653,88,0.0897959183673469,155,0.1581632653061224,201,0.2051020408163265,58,50000,0.6875
decoded,alt/ref,5000000,4366,1169282.144684334,0,0.0,0,0.0,0,0.0,0,0.0,0,0.0,0,0.0,58,50000,0.6875
decoded,alt/alt,5000000,4654,27845.32156577166,63,0.0135367425870219,480,0.1031370863773098,2006,0.431027073485174,3315,0.7122905027932961,3774,0.8109153416415986,4127,0.8867640739149119,58,50000,0.6875
decoded,all pairs,5000000,10000,600128.3850125113,68,0.0068,495,0.0495,2065,0.2065,3403,0.3403,3929,0.3929,4328,0.4328,58,50000,0.6875
truth,ref/ref,5000000,980,930842.0182285416,4,0.0040816326530612,9,0.0091836734693877,36,0.036734693877551,87,0.0887755102040816,114,0.1163265306122448,128,0.1306122448979592,58,50000,0.6875
truth,alt/ref,5000000,4366,1585255.1823216623,0,0.0,0,0.0,0,0.0,0,0.0,0,0.0,0,0.0,58,50000,0.6875
truth,alt/alt,5000000,4654,30226.95530726257,13,0.0027932960893854,66,0.0141813493768801,1154,0.247958745165449,1908,0.4099699183498066,3824,0.8216587881392351,4654,1.0,58,50000,0.6875
truth,all pairs,5000000,10000,797412.5553880349,17,0.0017,75,0.0075,1190,0.119,1995,0.1995,3938,0.3938,4782,0.4782,58,50000,0.6875
decoded,ref/ref,5000000,2024,439211.06384581537,13,0.0064229249011857,44,0.0217391304347826,144,0.0711462450592885,258,0.1274703557312253,332,0.1640316205533596,387,0.1912055335968379,59,50000,0.5475
decoded,alt/ref,5000000,4950,1362446.2240414454,0,0.0,0,0.0,0,0.0,0,0.0,0,0.0,0,0.0,59,50000,0.5475
decoded,alt/alt,5000000,3026,39995.53408861221,57,0.018836748182419,259,0.0855915399867812,1112,0.3674818241903503,1849,0.6110376734963648,2284,0.7547918043621943,2458,0.8122934567085262,59,50000,0.5475
decoded,all pairs,5000000,10000,775409.8488381226,70,0.007,303,0.0303,1256,0.1256,2107,0.2107,2616,0.2616,2845,0.2845,59,50000,0.5475
truth,ref/ref,5000000,2024,633163.0384111749,12,0.0059288537549407,26,0.0128458498023715,130,0.0642292490118577,297,0.1467391304347826,368,0.1818181818181818,368,0.1818181818181818,59,50000,0.5475
truth,alt/ref,5000000,4950,1090017.6388214494,0,0.0,0,0.0,0,0.0,0,0.0,0,0.0,0,0.0,59,50000,0.5475
truth,alt/alt,5000000,3026,30004.91573033708,13,0.0042961004626569,69,0.0228023793787177,411,0.135822868473232,1151,0.3803701255783212,3026,1.0,3026,1.0,59,50000,0.5475
truth,all pairs,5000000,10000,676790.4176910392,25,0.0025,95,0.0095,541,0.0541,1448,0.1448,3394,0.3394,3394,0.3394,59,50000,0.5475
decoded,ref/ref,5000000,170,209240.77360364667,0,0.0,7,0.0411764705882352,39,0.2294117647058823,50,0.2941176470588235,61,0.3588235294117647,70,0.4117647058823529,60,50000,0.87
decoded,alt/ref,5000000,2209,1357159.742249646,0,0.0,0,0.0,0,0.0,0,0.0,1,0.0004526935264825,1,0.0004526935264825,60,50000,0.87
decoded,alt/alt,5000000,7621,26553.58815835573,56,0.0073481170450072,648,0.0850282115207978,3423,0.4491536543760661,5652,0.7416349560425141,6411,0.8412281852775226,6949,0.9118225954599134,60,50000,0.87
decoded,all pairs,5000000,10000,323590.1697496917,56,0.0056,655,0.0655,3462,0.3462,5702,0.5702,6473,0.6473,7020,0.702,60,50000,0.87
truth,ref/ref,5000000,170,158688.23529411765,0,0.0,4,0.0235294117647058,19,0.1117647058823529,77,0.4529411764705882,77,0.4529411764705882,82,0.4823529411764706,60,50000,0.87
truth,alt/ref,5000000,2209,1441544.9120213178,0,0.0,0,0.0,0,0.0,0,0.0,0,0.0,0,0.0,60,50000,0.87
truth,alt/alt,5000000,7621,35246.01430258496,22,0.0028867602676814,65,0.0085290644272405,406,0.0532738485763023,1884,0.2472116520141713,7141,0.9370161396142238,7621,1.0,60,50000,0.87
truth,all pairs,5000000,10000,347995.95856550906,22,0.0022,69,0.0069,425,0.0425,1961,0.1961,7218,0.7218,7703,0.7703,60,50000,0.87
decoded,ref/ref,5000000,151,130747.66026765468,2,0.0132450331125827,4,0.0264900662251655,10,0.0662251655629139,20,0.1324503311258278,25,0.1655629139072847,42,0.2781456953642384,61,50000,0.875
decoded,alt/ref,5000000,2167,855088.7892867246,0,0.0,0,0.0,0,0.0,0,0.0,0,0.0,0,0.0,61,50000,0.875
decoded,alt/alt,5000000,7682,65673.82757796979,43,0.0055975006508721,225,0.0292892475917729,1321,0.1719604269721426,2516,0.3275188752928925,3626,0.4720124967456391,4379,0.5700338453527727,61,50000,0.875
decoded,all pairs,5000000,10000,237722.6646538712,45,0.0045,229,0.0229,1331,0.1331,2536,0.2536,3651,0.3651,4421,0.4421,61,50000,0.875
truth,ref/ref,5000000,151,125723.50993377484,1,0.0066225165562913,2,0.0132450331125827,10,0.0662251655629139,15,0.0993377483443708,24,0.1589403973509933,31,0.2052980132450331,61,50000,0.875
truth,alt/ref,5000000,2167,1543554.4666106056,0,0.0,0,0.0,0,0.0,0,0.0,0,0.0,0,0.0,61,50000,0.875
truth,alt/alt,5000000,7682,41734.08617547514,14,0.0018224420723769,61,0.007940640458214,414,0.0538922155688622,1485,0.1933090341057016,1667,0.2170007810466024,7682,1.0,61,50000,0.875
truth,all pairs,5000000,10000,368446.8029145182,15,0.0015,63,0.0063,424,0.0424,1500,0.15,1691,0.1691,7713,0.7713,61,50000,0.875
decoded,ref/ref,5000000,638,496895.8362885811,7,0.0109717868338558,19,0.0297805642633228,43,0.067398119122257,87,0.1363636363636363,116,0.1818181818181818,147,0.2304075235109718,62,50000,0.7475
decoded,alt/ref,5000000,3765,1158202.054059709,0,0.0,0,0.0,0,0.0,1,0.0002656042496679,2,0.0005312084993359,3,0.0007968127490039,62,50000,0.7475
decoded,alt/alt,5000000,5597,59350.255566339314,43,0.0076826871538324,207,0.0369840986242629,837,0.1495443987850634,1657,0.2960514561372163,2314,0.4134357691620511,2982,0.532785420761122,62,50000,0.7475
decoded,all pairs,5000000,10000,500983.365749172,50,0.005,226,0.0226,880,0.088,1745,0.1745,2432,0.2432,3132,0.3132,62,50000,0.7475
truth,ref/ref,5000000,638,419177.3119122257,7,0.0109717868338558,17,0.0266457680250783,44,0.0689655172413793,69,0.1081504702194357,186,0.2915360501567398,187,0.293103448275862,62,50000,0.7475
truth,alt/ref,5000000,3765,1414096.115372655,0,0.0,0,0.0,0,0.0,0,0.0,0,0.0,0,0.0,62,50000,0.7475
truth,alt/alt,5000000,5597,38599.62926567804,13,0.0023226728604609,68,0.0121493657316419,400,0.0714668572449526,1200,0.2144005717348579,2791,0.4986599964266571,5597,1.0,62,50000,0.7475
truth,all pairs,5000000,10000,580754.9124378046,20,0.002,85,0.0085,444,0.0444,1269,0.1269,2977,0.2977,5784,0.5784,62,50000,0.7475
decoded,ref/ref,5000000,60,282055.5030651837,4,0.0666666666666666,8,0.1333333333333333,11,0.1833333333333333,15,0.25,17,0.2833333333333333,17,0.2833333333333333,63,50000,0.9275
decoded,alt/ref,5000000,1332,1231023.1343862892,0,0.0,0,0.0,0,0.0,0,0.0,0,0.0,0,0.0,63,50000,0.9275
decoded,alt/alt,5000000,8608,51573.65000679041,38,0.0044144981412639,259,0.0300882899628252,1243,0.1444005576208178,2734,0.3176115241635687,4149,0.4819934944237918,5513,0.6404507434944238,63,50000,0.9275
decoded,all pairs,5000000,10000,210059.21244449003,42,0.0042,267,0.0267,1254,0.1254,2749,0.2749,4166,0.4166,5530,0.553,63,50000,0.9275
truth,ref/ref,5000000,60,605751.7105037352,0,0.0,3,0.05,16,0.2666666666666666,22,0.3666666666666666,22,0.3666666666666666,22,0.3666666666666666,63,50000,0.9275
truth,alt/ref,5000000,1332,1396702.5060982257,0,0.0,0,0.0,0,0.0,0,0.0,0,0.0,0,0.0,63,50000,0.9275
truth,alt/alt,5000000,8608,43034.82225836432,23,0.0026719330855018,62,0.0072026022304832,524,0.0608736059479553,1147,0.1332481412639405,3188,0.3703531598513011,8608,1.0,63,50000,0.9275
truth,all pairs,5000000,10000,226719.6590753061,23,0.0023,65,0.0065,540,0.054,1169,0.1169,3210,0.321,8630,0.863,63,50000,0.9275
decoded,ref/ref,5000000,706,554382.3796054854,7,0.0099150141643059,27,0.0382436260623229,54,0.0764872521246459,81,0.1147308781869688,105,0.1487252124645892,112,0.1586402266288951,64,50000,0.73
decoded,alt/ref,5000000,3960,1259505.6640813844,0,0.0,0,0.0,1,0.0002525252525252,1,0.0002525252525252,1,0.0002525252525252,1,0.0002525252525252,64,50000,0.73
decoded,alt/alt,5000000,5334,41874.43175736332,53,0.009936257967754,280,0.0524934383202099,1373,0.2574053243344582,2477,0.4643794525684289,3556,0.6666666666666666,4080,0.7649043869516311,64,50000,0.73
decoded,all pairs,5000000,10000,560239.4608757531,60,0.006,307,0.0307,1428,0.1428,2559,0.2559,3662,0.3662,4193,0.4193,64,50000,0.73
truth,ref/ref,5000000,706,494530.5793785316,3,0.0042492917847025,11,0.0155807365439093,47,0.0665722379603399,126,0.178470254957507,129,0.1827195467422096,155,0.2195467422096317,64,50000,0.73
truth,alt/ref,5000000,3960,1199883.455863625,0,0.0,0,0.0,0,0.0,0,0.0,0,0.0,0,0.0,64,50000,0.73
truth,alt/alt,5000000,5334,37634.30352455943,29,0.0054368203974503,75,0.0140607424071991,629,0.1179227596550431,1156,0.2167229096362954,1529,0.2866516685414323,5334,1.0,64,50000,0.73
truth,all pairs,5000000,10000,530141.8449261199,32,0.0032,86,0.0086,676,0.0676,1282,0.1282,1658,0.1658,5489,0.5489,64,50000,0.73
decoded,ref/ref,5000000,9,390239.0773411513,0,0.0,0,0.0,0,0.0,0,0.0,0,0.0,1,0.1111111111111111,65,50000,0.9725
decoded,alt/ref,5000000,524,743209.125128555,0,0.0,0,0.0,0,0.0,0,0.0,0,0.0,1,0.0019083969465648,65,50000,0.9725
decoded,alt/alt,5000000,9467,55745.169239970375,51,0.005387134255836,302,0.0319002852012253,1851,0.1955212844618147,3449,0.3643181578113447,4658,0.4920249286996936,5422,0.5727263124537868,65,50000,0.9725
decoded,all pairs,5000000,10000,92069.32504582328,51,0.0051,302,0.0302,1851,0.1851,3449,0.3449,4658,0.4658,5424,0.5424,65,50000,0.9725
truth,ref/ref,5000000,9,101194.44444444444,0,0.0,0,0.0,0,0.0,2,0.2222222222222222,2,0.2222222222222222,2,0.2222222222222222,65,50000,0.9725
truth,alt/ref,5000000,524,727000.0,0,0.0,0,0.0,0,0.0,0,0.0,0,0.0,0,0.0,65,50000,0.9725
truth,alt/alt,5000000,9467,39727.61962606951,25,0.0026407520861941,61,0.0064434350903137,359,0.0379211999577479,1005,0.1061582338650047,2737,0.2891095383965353,9467,1.0,65,50000,0.9725
truth,all pairs,5000000,10000,75796.0125,25,0.0025,61,0.0061,359,0.0359,1007,0.1007,2739,0.2739,9469,0.9469,65,50000,0.9725
decoded,ref/ref,5000000,1428,309006.290309346,15,0.0105042016806722,55,0.0385154061624649,338,0.2366946778711484,511,0.3578431372549019,563,0.3942577030812325,593,0.415266106442577,66,50000,0.6175
decoded,alt/ref,5000000,4808,1537609.259832651,0,0.0,0,0.0,0,0.0,0,0.0,0,0.0,0,0.0,66,50000,0.6175
decoded,alt/alt,5000000,3764,53456.29856302527,49,0.0130180658873538,217,0.0576514346439957,720,0.1912858660998937,1295,0.3440488841657811,1776,0.4718384697130712,2313,0.6145058448459086,66,50000,0.6175
decoded,all pairs,5000000,10000,803529.5811628359,64,0.0064,272,0.0272,1058,0.1058,1806,0.1806,2339,0.2339,2906,0.2906,66,50000,0.6175
truth,ref/ref,5000000,1428,224467.83994654915,10,0.0070028011204481,20,0.0140056022408963,88,0.0616246498599439,297,0.2079831932773109,355,0.2485994397759103,360,0.2521008403361344,66,50000,0.6175
truth,alt/ref,5000000,4808,1036762.670833735,0,0.0,0,0.0,0,0.0,0,0.0,0,0.0,0,0.0,66,50000,0.6175
truth,alt/alt,5000000,3764,32921.19420828905,21,0.0055791710945802,57,0.0151434643995749,541,0.1437300743889479,1001,0.2659404888416578,1879,0.4992029755579171,3764,1.0,66,50000,0.6175
truth,all pairs,5000000,10000,542921.037181227,31,0.0031,77,0.0077,629,0.0629,1298,0.1298,2234,0.2234,4124,0.4124,66,50000,0.6175
decoded,ref/ref,5000000,2746,228768.40795208773,23,0.0083758193736343,60,0.021849963583394,189,0.0688273852876911,365,0.1329206117989803,529,0.1926438455935906,660,0.2403495994173343,67,50000,0.4775
decoded,alt/ref,5000000,4977,1497131.554827446,0,0.0,0,0.0,0,0.0,0,0.0,0,0.0,0,0.0,67,50000,0.4775
decoded,alt/alt,5000000,2277,128983.41686391937,39,0.0171277997364953,225,0.0988142292490118,951,0.4176548089591568,1371,0.6021080368906456,1649,0.7241985068072024,1788,0.7852437417654808,67,50000,0.4775
decoded,all pairs,5000000,10000,837311.7036811776,62,0.0062,285,0.0285,1140,0.114,1736,0.1736,2178,0.2178,2448,0.2448,67,50000,0.4775
truth,ref/ref,5000000,2746,306962.0840907455,24,0.0087399854333576,35,0.0127458120903131,126,0.0458849235251274,376,0.1369264384559359,494,0.1798980335032775,495,0.1802621995630007,67,50000,0.4775
truth,alt/ref,5000000,4977,1967225.0412833248,0,0.0,0,0.0,0,0.0,0,0.0,0,0.0,0,0.0,67,50000,0.4775
truth,alt/alt,5000000,2277,32400.14273166447,15,0.0065876152832674,47,0.020641194554238,290,0.1273605621431708,1024,0.4497145366710584,1235,0.5423803249890207,2277,1.0,67,50000,0.4775
truth,all pairs,5000000,10000,1070757.2038380294,39,0.0039,82,0.0082,416,0.0416,1400,0.14,1729,0.1729,2772,0.2772,67,50000,0.4775
decoded,ref/ref,5000000,630,224530.1665557006,15,0.0238095238095238,55,0.0873015873015873,100,0.1587301587301587,130,0.2063492063492063,140,0.2222222222222222,162,0.2571428571428571,68,50000,0.7525
decoded,alt/ref,5000000,3750,1313495.0355646976,0,0.0,0,0.0,0,0.0,0,0.0,0,0.0,0,0.0,68,50000,0.7525
decoded,alt/alt,5000000,5620,78691.76150760398,28,0.0049822064056939,164,0.0291814946619217,765,0.1361209964412811,1396,0.2483985765124555,2059,0.3663701067615658,2703,0.4809608540925267,68,50000,0.7525
decoded,all pairs,5000000,10000,550930.8087970441,43,0.0043,219,0.0219,865,0.0865,1526,0.1526,2199,0.2199,2865,0.2865,68,50000,0.7525
truth,ref/ref,5000000,630,242360.11904761905,12,0.019047619047619,21,0.0333333333333333,89,0.1412698412698412,111,0.1761904761904762,180,0.2857142857142857,180,0.2857142857142857,68,50000,0.7525
truth,alt/ref,5000000,3750,1225367.3630174948,0,0.0,0,0.0,0,0.0,0,0.0,0,0.0,0,0.0,68,50000,0.7525
truth,alt/alt,5000000,5620,36738.74555160142,12,0.0021352313167259,43,0.0076512455516014,523,0.0930604982206405,1754,0.3120996441281138,2284,0.4064056939501779,5620,1.0,68,50000,0.7525
truth,all pairs,5000000,10000,495428.6236315605,24,0.0024,64,0.0064,612,0.0612,1865,0.1865,2464,0.2464,5800,0.58,68,50000,0.7525
decoded,ref/ref,5000000,1847,564906.090791561,23,0.012452625879805,80,0.0433134813210611,180,0.0974553329723876,247,0.1337303735787764,292,0.1580942068218733,394,0.2133188955062263,69,50000,0.5725
decoded,alt/ref,5000000,4883,1119258.6354373696,0,0.0,0,0.0,0,0.0,1,0.0002047921359819,4,0.0008191685439279,7,0.0014335449518738,69,50000,0.5725
decoded,alt/alt,5000000,3270,81951.987187882,39,0.0119266055045871,249,0.0761467889908256,706,0.2159021406727828,1538,0.4703363914373089,1821,0.5568807339449541,2034,0.6220183486238532,69,50000,0.5725
decoded,all pairs,5000000,10000,677670.4464637062,62,0.0062,329,0.0329,886,0.0886,1786,0.1786,2117,0.2117,2435,0.2435,69,50000,0.5725
truth,ref/ref,5000000,1847,611914.9972929074,14,0.0075798592311857,25,0.0135354629128316,129,0.0698429886302111,204,0.110449377368706,274,0.1483486735246345,332,0.1797509474824039,69,50000,0.5725
truth,alt/ref,5000000,4883,968327.8722097072,0,0.0,0,0.0,0,0.0,0,0.0,0,0.0,0,0.0,69,50000,0.5725
truth,alt/alt,5000000,3270,34416.016819571865,17,0.0051987767584097,69,0.0211009174311926,496,0.1516819571865443,1228,0.3755351681957186,2246,0.6868501529051988,3270,1.0,69,50000,0.5725
truth,all pairs,5000000,10000,597109.2375,31,0.0031,94,0.0094,625,0.0625,1432,0.1432,2520,0.252,3602,0.3602,69,50000,0.5725
decoded,ref/ref,5000000,3,507328.09520486806,1,0.3333333333333333,1,0.3333333333333333,1,0.3333333333333333,1,0.3333333333333333,1,0.3333333333333333,1,0.3333333333333333,70,50000,0.98
decoded,alt/ref,5000000,390,1177803.4679256538,0,0.0,0,0.0,0,0.0,0,0.0,0,0.0,0,0.0,70,50000,0.98
decoded,alt/alt,5000000,9607,29395.139425358346,70,0.0072863537004267,1019,0.106068491724784,3901,0.4060580826480691,6445,0.6708649942750078,7731,0.8047257208285625,8573,0.8923701467679817,70,50000,0.98
decoded,all pairs,5000000,10000,74326.44412360371,71,0.0071,1020,0.102,3902,0.3902,6446,0.6446,7732,0.7732,8574,0.8574,70,50000,0.98
truth,ref/ref,5000000,3,220041.66666666663,1,0.3333333333333333,1,0.3333333333333333,1,0.3333333333333333,1,0.3333333333333333,1,0.3333333333333333,1,0.3333333333333333,70,50000,0.98
truth,alt/ref,5000000,390,771125.0,0,0.0,0,0.0,0,0.0,0,0.0,0,0.0,0,0.0,70,50000,0.98
truth,alt/alt,5000000,9607,37566.4749661705,31,0.0032268137816175,79,0.0082231706047673,498,0.051837202040179,1498,0.1559279691891329,3491,0.363380868116998,8701,0.9056937649630478,70,50000,0.98
truth,all pairs,5000000,10000,66230.0,32,0.0032,80,0.008,499,0.0499,1499,0.1499,3492,0.3492,8702,0.8702,70,50000,0.98
decoded,ref/ref,5000000,21,113293.09004018948,1,0.0476190476190476,5,0.238095238095238,14,0.6666666666666666,14,0.6666666666666666,15,0.7142857142857143,16,0.7619047619047619,71,50000,0.95
decoded,alt/ref,5000000,941,974570.9056384404,0,0.0,0,0.0,0,0.0,0,0.0,0,0.0,0,0.0,71,50000,0.95
decoded,alt/alt,5000000,9038,25614.36352959275,55,0.0060854171276831,494,0.0546581102013719,3827,0.4234343881389688,6428,0.7112192963044921,7900,0.8740871874308476,8517,0.9423545032086744,71,50000,0.95
decoded,all pairs,5000000,10000,115095.29946770756,56,0.0056,499,0.0499,3841,0.3841,6442,0.6442,7915,0.7915,8533,0.8533,71,50000,0.95
truth,ref/ref,5000000,21,75476.19047619047,1,0.0476190476190476,2,0.0952380952380952,18,0.8571428571428571,18,0.8571428571428571,18,0.8571428571428571,18,0.8571428571428571,71,50000,0.95
truth,alt/ref,5000000,941,884375.0,0,0.0,0,0.0,0,0.0,0,0.0,0,0.0,0,0.0,71,50000,0.95
truth,alt/alt,5000000,9038,40968.79840672715,18,0.001991591059969,66,0.0073025005532197,568,0.0628457623368001,1309,0.1448329276388581,4494,0.4972339013055986,4692,0.5191414029652578,71,50000,0.95
truth,all pairs,5000000,10000,120405.7875,19,0.0019,68,0.0068,586,0.0586,1327,0.1327,4512,0.4512,4710,0.471,71,50000,0.95
decoded,ref/ref,5000000,1610,684708.1397634071,9,0.0055900621118012,39,0.024223602484472,94,0.0583850931677018,174,0.1080745341614906,231,0.1434782608695652,253,0.1571428571428571,72,50000,0.59
decoded,alt/ref,5000000,4920,1624187.7028342728,0,0.0,0,0.0,0,0.0,0,0.0,0,0.0,0,0.0,72,50000,0.59
decoded,alt/alt,5000000,3470,54414.96518697179,34,0.0097982708933717,170,0.0489913544668587,1100,0.3170028818443804,2035,0.5864553314121037,2425,0.6988472622478387,2713,0.7818443804034582,72,50000,0.59
decoded,all pairs,5000000,10000,928220.3532162498,43,0.0043,209,0.0209,1194,0.1194,2209,0.2209,2656,0.2656,2966,0.2966,72,50000,0.59
truth,ref/ref,5000000,1610,464154.4254658385,8,0.0049689440993788,20,0.0124223602484472,95,0.0590062111801242,150,0.093167701863354,272,0.168944099378882,338,0.2099378881987577,72,50000,0.59
truth,alt/ref,5000000,4920,1825404.9449325104,0,0.0,0,0.0,0,0.0,0,0.0,0,0.0,0,0.0,72,50000,0.59
truth,alt/alt,5000000,3470,28675.0,17,0.0048991354466858,41,0.0118155619596541,472,0.1360230547550432,2484,0.715850144092219,3470,1.0,3470,1.0,72,50000,0.59
truth,all pairs,5000000,10000,982778.3204067952,25,0.0025,61,0.0061,567,0.0567,2634,0.2634,3742,0.3742,3808,0.3808,72,50000,0.59
decoded,ref/ref,5000000,43,130606.77708266483,5,0.1162790697674418,8,0.1860465116279069,9,0.2093023255813953,10,0.2325581395348837,12,0.2790697674418604,13,0.3023255813953488,73,50000,0.935
decoded,alt/ref,5000000,1221,1204737.7135648627,0,0.0,0,0.0,0,0.0,0,0.0,0,0.0,0,0.0,73,50000,0.935
decoded,alt/alt,5000000,8736,64906.749551486646,54,0.0061813186813186,257,0.0294184981684981,1343,0.153731684981685,2856,0.3269230769230769,4233,0.4845467032967033,5424,0.6208791208791209,73,50000,0.935
decoded,all pairs,5000000,10000,204362.62037590396,59,0.0059,265,0.0265,1352,0.1352,2866,0.2866,4245,0.4245,5437,0.5437,73,50000,0.935
truth,ref/ref,5000000,43,294046.511627907,3,0.0697674418604651,5,0.1162790697674418,9,0.2093023255813953,12,0.2790697674418604,12,0.2790697674418604,12,0.2790697674418604,73,50000,0.935
truth,alt/ref,5000000,1221,1581109.9223149954,0,0.0,0,0.0,0,0.0,0,0.0,0,0.0,0,0.0,73,50000,0.935
truth,alt/alt,5000000,8736,42631.41025641026,24,0.0027472527472527,72,0.0082417582417582,457,0.052312271062271,1195,0.136790293040293,2807,0.3213141025641026,3854,0.4411630036630036,73,50000,0.935
truth,all pairs,5000000,10000,231560.7215146609,27,0.0027,77,0.0077,466,0.0466,1207,0.1207,2819,0.2819,3866,0.3866,73,50000,0.935
decoded,ref/ref,5000000,78,107889.43760265352,1,0.0128205128205128,3,0.0384615384615384,11,0.141025641025641,13,0.1666666666666666,16,0.2051282051282051,19,0.2435897435897435,74,50000,0.9175
decoded,alt/ref,5000000,1597,1912033.9517304169,0,0.0,0,0.0,0,0.0,0,0.0,0,0.0,0,0.0,74,50000,0.9175
decoded,alt/alt,5000000,8325,50107.53929923096,55,0.0066066066066066,242,0.029069069069069,1381,0.1658858858858858,2659,0.3193993993993994,4165,0.5003003003003003,5153,0.618978978978979,74,50000,0.9175
decoded,all pairs,5000000,10000,347907.886171258,56,0.0056,245,0.0245,1392,0.1392,2672,0.2672,4181,0.4181,5172,0.5172,74,50000,0.9175
truth,ref/ref,5000000,78,59842.94871794872,1,0.0128205128205128,1,0.0128205128205128,7,0.0897435897435897,14,0.1794871794871795,18,0.2307692307692307,18,0.2307692307692307,74,50000,0.9175
truth,alt/ref,5000000,1597,1453251.8270883723,0,0.0,0,0.0,0,0.0,0,0.0,0,0.0,0,0.0,74,50000,0.9175
truth,alt/alt,5000000,8325,37317.97297297297,30,0.0036036036036036,96,0.0115315315315315,531,0.0637837837837837,1563,0.1877477477477477,6317,0.7587987987987987,7007,0.8416816816816817,74,50000,0.9175
truth,all pairs,5000000,10000,263618.30428601307,31,0.0031,97,0.0097,538,0.0538,1577,0.1577,6335,0.6335,7025,0.7025,74,50000,0.9175
decoded,ref/ref,5000000,588,242745.03557984132,4,0.0068027210884353,13,0.0221088435374149,48,0.0816326530612244,89,0.151360544217687,112,0.1904761904761904,127,0.2159863945578231,75,50000,0.7575
decoded,alt/ref,5000000,3663,1162703.5055783775,0,0.0,0,0.0,0,0.0,0,0.0,0,0.0,0,0.0,75,50000,0.7575
decoded,alt/alt,5000000,5749,29348.42172201056,49,0.0085232214298138,455,0.0791441989911288,2162,0.3760654026787267,3457,0.6013219690380935,4261,0.7411723778048356,5073,0.8824143329274656,75,50000,0.7575
decoded,all pairs,5000000,10000,457044.1098334382,53,0.0053,468,0.0468,2210,0.221,3546,0.3546,4373,0.4373,5200,0.52,75,50000,0.7575
truth,ref/ref,5000000,588,195639.45578231293,4,0.0068027210884353,9,0.0153061224489795,43,0.0731292517006802,57,0.096938775510204,100,0.1700680272108843,126,0.2142857142857142,75,50000,0.7575
truth,alt/ref,5000000,3663,1909024.4900153729,0,0.0,0,0.0,0,0.0,0,0.0,0,0.0,0,0.0,75,50000,0.7575
truth,alt/alt,5000000,5749,33355.90972343016,21,0.0036528091842059,68,0.0118281440250478,693,0.1205427030787963,2900,0.5044355540093929,2900,0.5044355540093929,5749,1.0,75,50000,0.7575
truth,all pairs,5000000,10000,729955.5831926309,25,0.0025,77,0.0077,736,0.0736,2957,0.2957,3000,0.3,5875,0.5875,75,50000,0.7575
decoded,ref/ref,5000000,4064,50258.93005605615,24,0.0059055118110236,178,0.0437992125984251,820,0.2017716535433071,1445,0.3555610236220472,1944,0.4783464566929133,2296,0.5649606299212598,76,50000,0.3625
decoded,alt/ref,5000000,4584,1098979.4980200084,0,0.0,0,0.0,0,0.0,2,0.00043630017452,2,0.00043630017452,2,0.00043630017452,76,50000,0.3625
decoded,alt/alt,5000000,1352,25380.62468553051,29,0.0214497041420118,85,0.0628698224852071,738,0.5458579881656804,1099,0.8128698224852071,1175,0.8690828402366864,1262,0.933431952662722,76,50000,0.3625
decoded,all pairs,5000000,10000,527628.8915246369,53,0.0053,263,0.0263,1558,0.1558,2546,0.2546,3121,0.3121,3560,0.356,76,50000,0.3625
truth,ref/ref,5000000,4064,66322.28100393701,14,0.0034448818897637,29,0.0071358267716535,321,0.0789862204724409,712,0.1751968503937007,1297,0.3191437007874015,1755,0.4318405511811024,76,50000,0.3625
truth,alt/ref,5000000,4584,1018500.0,0,0.0,0,0.0,0,0.0,0,0.0,0,0.0,0,0.0,76,50000,0.3625
truth,alt/alt,5000000,1352,23650.05547337278,15,0.011094674556213,46,0.0340236686390532,332,0.2455621301775148,1352,1.0,1352,1.0,1352,1.0,76,50000,0.3625
truth,all pairs,5000000,10000,497031.2625,29,0.0029,75,0.0075,653,0.0653,2064,0.2064,2649,0.2649,3107,0.3107,76,50000,0.3625
decoded,ref/ref,5000000,209,67679.42223883558,8,0.0382775119617224,18,0.0861244019138756,37,0.1770334928229665,50,0.2392344497607655,67,0.3205741626794258,86,0.4114832535885167,77,50000,0.8525
decoded,alt/ref,5000000,2510,927819.520639278,0,0.0,0,0.0,0,0.0,0,0.0,0,0.0,3,0.0011952191235059,77,50000,0.8525
decoded,alt/alt,5000000,7281,40996.11569205953,57,0.0078285949732179,258,0.0354346930366707,1008,0.138442521631644,2630,0.361214118939706,4143,0.5690152451586321,5292,0.7268232385661311,77,50000,0.8525
decoded,all pairs,5000000,10000,264146.471440639,65,0.0065,276,0.0276,1045,0.1045,2680,0.268,4210,0.421,5381,0.5381,77,50000,0.8525
truth,ref/ref,5000000,209,83497.60765550239,7,0.0334928229665071,15,0.0717703349282296,47,0.2248803827751196,49,0.2344497607655502,73,0.3492822966507177,88,0.4210526315789473,77,50000,0.8525
truth,alt/ref,5000000,2510,1031125.0,0,0.0,0,0.0,0,0.0,0,0.0,0,0.0,0,0.0,77,50000,0.8525
truth,alt/alt,5000000,7281,39068.912237330034,21,0.0028842192006592,68,0.0093393764592775,588,0.080758137618459,1590,0.2183765966213432,2186,0.3002334844114819,7281,1.0,77,50000,0.8525
truth,all pairs,5000000,10000,289003.55,28,0.0028,83,0.0083,635,0.0635,1639,0.1639,2259,0.2259,7369,0.7369,77,50000,0.8525
decoded,ref/ref,5000000,134,160532.8984125551,3,0.0223880597014925,8,0.0597014925373134,14,0.1044776119402985,26,0.1940298507462686,29,0.2164179104477611,48,0.3582089552238806,78,50000,0.895
decoded,alt/ref,5000000,1831,1373973.249235777,0,0.0,0,0.0,0,0.0,0,0.0,0,0.0,0,0.0,78,50000,0.895
decoded,alt/alt,5000000,8035,28118.853189937767,52,0.0064716863721219,487,0.0606098319850653,2895,0.3602986932171748,5310,0.6608587429993777,6599,0.8212818917237088,7271,0.9049159925326696,78,50000,0.895
decoded,all pairs,5000000,10000,276319.141311914,55,0.0055,495,0.0495,2909,0.2909,5336,0.5336,6628,0.6628,7319,0.7319,78,50000,0.895
truth,ref/ref,5000000,134,90054.10447761194,2,0.0149253731343283,4,0.0298507462686567,23,0.1716417910447761,23,0.1716417910447761,55,0.4104477611940298,93,0.6940298507462687,78,50000,0.895
truth,alt/ref,5000000,1831,971250.0,0,0.0,0,0.0,0,0.0,0,0.0,0,0.0,0,0.0,78,50000,0.895
truth,alt/alt,5000000,8035,41866.661481020536,25,0.0031113876789047,83,0.0103298070939639,550,0.0684505289359054,1343,0.1671437461107654,2382,0.2964530180460485,4312,0.5366521468574984,78,50000,0.895
truth,all pairs,5000000,10000,212682.4625,27,0.0027,87,0.0087,573,0.0573,1366,0.1366,2437,0.2437,4405,0.4405,78,50000,0.895
decoded,ref/ref,5000000,35,592960.6723667433,1,0.0285714285714285,2,0.0571428571428571,9,0.2571428571428571,11,0.3142857142857143,12,0.3428571428571428,12,0.3428571428571428,79,50000,0.9375
decoded,alt/ref,5000000,1163,1137690.0747656557,0,0.0,0,0.0,0,0.0,0,0.0,0,0.0,0,0.0,79,50000,0.9375
decoded,alt/alt,5000000,8802,48316.02791369137,62,0.0070438536696205,347,0.0394228584412633,1723,0.195750965689616,3320,0.3771870029538741,4520,0.5135196546239491,5296,0.6016814360372642,79,50000,0.9375
decoded,all pairs,5000000,10000,176916.48581816052,63,0.0063,349,0.0349,1732,0.1732,3331,0.3331,4532,0.4532,5308,0.5308,79,50000,0.9375
truth,ref/ref,5000000,35,228635.7142857143,1,0.0285714285714285,2,0.0571428571428571,11,0.3142857142857143,12,0.3428571428571428,12,0.3428571428571428,12,0.3428571428571428,79,50000,0.9375
truth,alt/ref,5000000,1163,764875.0,0,0.0,0,0.0,0,0.0,0,0.0,0,0.0,0,0.0,79,50000,0.9375
truth,alt/alt,5000000,8802,38751.86037264258,26,0.0029538741195182,86,0.009770506703022,481,0.0546466712110883,1049,0.1191774596682572,3017,0.3427630084071801,8802,1.0,79,50000,0.9375
truth,all pairs,5000000,10000,123864.575,27,0.0027,88,0.0088,492,0.0492,1061,0.1061,3029,0.3029,8814,0.8814,79,50000,0.9375
decoded,ref/ref,5000000,80,218862.1177771728,3,0.0375,13,0.1625,14,0.175,20,0.25,21,0.2625,23,0.2875,80,50000,0.9175
decoded,alt/ref,5000000,1508,1667750.4799376072,0,0.0,0,0.0,0,0.0,0,0.0,0,0.0,0,0.0,80,50000,0.9175
decoded,alt/alt,5000000,8412,71676.60855317852,41,0.0048739895387541,355,0.0422016167379933,1580,0.1878269139324774,2957,0.3515216357584403,4377,0.5203281027104137,5181,0.6159058487874465,80,50000,0.9175
decoded,all pairs,5000000,10000,313542.03243174235,44,0.0044,368,0.0368,1594,0.1594,2977,0.2977,4398,0.4398,5204,0.5204,80,50000,0.9175
truth,ref/ref,5000000,80,240603.125,2,0.025,5,0.0625,13,0.1625,14,0.175,27,0.3375,27,0.3375,80,50000,0.9175
truth,alt/ref,5000000,1508,2155391.8287431714,0,0.0,0,0.0,0,0.0,0,0.0,0,0.0,0,0.0,80,50000,0.9175
truth,alt/alt,5000000,8412,35801.667261055634,16,0.0019020446980504,56,0.0066571564431764,590,0.0701378982406086,1847,0.2195672848311935,5885,0.6995958155016643,8412,1.0,80,50000,0.9175
truth,all pairs,5000000,10000,357074.2752744703,18,0.0018,61,0.0061,603,0.0603,1861,0.1861,5912,0.5912,8439,0.8439,80,50000,0.9175
decoded,ref/ref,5000000,257,247221.5638534774,0,0.0,6,0.0233463035019455,24,0.0933852140077821,39,0.1517509727626459,55,0.2140077821011673,63,0.245136186770428,81,50000,0.835
decoded,alt/ref,5000000,2753,1414687.455222709,0,0.0,0,0.0,0,0.0,0,0.0,0,0.0,0,0.0,81,50000,0.835
decoded,alt/alt,5000000,6990,68474.00097746825,54,0.007725321888412,377,0.053934191702432,1340,0.1917024320457797,2241,0.3206008583690987,3139,0.4490701001430615,3742,0.5353361945636623,81,50000,0.835
decoded,all pairs,5000000,10000,443680.3772970965,54,0.0054,383,0.0383,1364,0.1364,2280,0.228,3194,0.3194,3805,0.3805,81,50000,0.835
truth,ref/ref,5000000,257,217472.27626459143,1,0.0038910505836575,5,0.0194552529182879,27,0.1050583657587548,36,0.1400778210116731,55,0.2140077821011673,55,0.2140077821011673,81,50000,0.835
truth,alt/ref,5000000,2753,2060340.065610851,0,0.0,0,0.0,0,0.0,0,0.0,0,0.0,0,0.0,81,50000,0.835
truth,alt/alt,5000000,6990,32834.04864091559,30,0.0042918454935622,71,0.0101573676680972,1065,0.1523605150214592,2292,0.3278969957081545,5117,0.7320457796852646,6990,1.0,81,50000,0.835
truth,all pairs,5000000,10000,595751.6575626673,31,0.0031,76,0.0076,1092,0.1092,2328,0.2328,5172,0.5172,7045,0.7045,81,50000,0.835
decoded,ref/ref,5000000,101,351959.098812397,1,0.0099009900990099,2,0.0198019801980198,8,0.0792079207920792,14,0.1386138613861386,17,0.1683168316831683,17,0.1683168316831683,82,50000,0.895
decoded,alt/ref,5000000,1853,1313855.4593523631,0,0.0,0,0.0,0,0.0,0,0.0,0,0.0,0,0.0,82,50000,0.895
decoded,alt/alt,5000000,8046,33317.48249213925,47,0.0058414118816803,475,0.0590355456127268,2415,0.3001491424310216,4589,0.5703455132985334,5979,0.7431021625652499,6702,0.8329604772557793,82,50000,0.895
decoded,all pairs,5000000,10000,273819.44992917334,48,0.0048,477,0.0477,2423,0.2423,4603,0.4603,5996,0.5996,6719,0.6719,82,50000,0.895
truth,ref/ref,5000000,101,283107.6732673267,0,0.0,1,0.0099009900990099,11,0.1089108910891089,16,0.1584158415841584,17,0.1683168316831683,19,0.1881188118811881,82,50000,0.895
truth,alt/ref,5000000,1853,1553164.344591753,0,0.0,0,0.0,0,0.0,0,0.0,0,0.0,0,0.0,82,50000,0.895
truth,alt/alt,5000000,8046,37654.09830971911,21,0.0026099925428784,75,0.0093214019388516,675,0.0838926174496644,2719,0.3379318916231668,4822,0.5993040019885657,4822,0.5993040019885657,82,50000,0.895
truth,all pairs,5000000,10000,320957.22805285186,21,0.0021,76,0.0076,686,0.0686,2735,0.2735,4839,0.4839,4841,0.4841,82,50000,0.895
decoded,ref/ref,5000000,456,302326.01659213146,11,0.0241228070175438,22,0.0482456140350877,39,0.0855263157894736,81,0.1776315789473684,96,0.2105263157894736,118,0.2587719298245614,83,50000,0.78
decoded,alt/ref,5000000,3520,1191603.995553631,0,0.0,0,0.0,0,0.0,0,0.0,0,0.0,0,0.0,83,50000,0.78
decoded,alt/alt,5000000,6024,51541.41452503117,40,0.0066401062416998,213,0.0353585657370517,1161,0.1927290836653386,2487,0.4128486055776892,3391,0.5629150066401063,4011,0.6658366533864541,83,50000,0.78
decoded,all pairs,5000000,10000,464279.22090135823,51,0.0051,235,0.0235,1200,0.12,2568,0.2568,3487,0.3487,4129,0.4129,83,50000,0.78
truth,ref/ref,5000000,456,611236.1721343816,7,0.0153508771929824,8,0.0175438596491228,33,0.0723684210526315,47,0.1030701754385964,75,0.1644736842105263,80,0.175438596491228,83,50000,0.78
truth,alt/ref,5000000,3520,895239.1891275268,0,0.0,0,0.0,0,0.0,0,0.0,0,0.0,0,0.0,83,50000,0.78
truth,alt/alt,5000000,6024,32475.659860557767,22,0.0036520584329349,65,0.0107901726427622,519,0.0861553784860557,2677,0.4443891102257636,4279,0.7103253652058433,6024,1.0,83,50000,0.78
truth,all pairs,5000000,10000,362559.9015222172,29,0.0029,73,0.0073,552,0.0552,2724,0.2724,4354,0.4354,6104,0.6104,83,50000,0.78
decoded,ref/ref,5000000,338,334709.8201652965,0,0.0,14,0.0414201183431952,26,0.0769230769230769,47,0.1390532544378698,60,0.1775147928994082,65,0.1923076923076923,84,50000,0.81
decoded,alt/ref,5000000,3088,1281771.6093657576,0,0.0,0,0.0,0,0.0,0,0.0,0,0.0,0,0.0,84,50000,0.81
decoded,alt/alt,5000000,6574,42170.45559430027,75,0.0114085792515972,472,0.0717979920900517,1512,0.2299969577121995,2703,0.4111651962275631,3794,0.577121995740797,4577,0.6962275631274718,84,50000,0.81
decoded,all pairs,5000000,10000,434847.1224014259,75,0.0075,486,0.0486,1538,0.1538,2750,0.275,3854,0.3854,4642,0.4642,84,50000,0.81
truth,ref/ref,5000000,338,220720.41420118345,0,0.0,6,0.0177514792899408,20,0.059171597633136,49,0.1449704142011834,53,0.1568047337278106,66,0.1952662721893491,84,50000,0.81
truth,alt/ref,5000000,3088,1544489.850675181,0,0.0,0,0.0,0,0.0,0,0.0,0,0.0,0,0.0,84,50000,0.81
truth,alt/alt,5000000,6574,34812.652114390025,21,0.0031944021904472,79,0.0120170368116823,876,0.1332522056586553,2679,0.407514450867052,3336,0.5074536051110435,6574,1.0,84,50000,0.81
truth,all pairs,5000000,10000,507284.6533884959,21,0.0021,85,0.0085,896,0.0896,2728,0.2728,3389,0.3389,6640,0.664,84,50000,0.81
decoded,ref/ref,5000000,8,172515.5157854105,2,0.25,3,0.375,7,0.875,7,0.875,7,0.875,7,0.875,85,50000,0.9675
decoded,alt/ref,5000000,669,1088347.2193407658,0,0.0,0,0.0,0,0.0,0,0.0,0,0.0,0,0.0,85,50000,0.9675
decoded,alt/alt,5000000,9323,56662.57310499081,53,0.0056848653866781,406,0.0435482140941757,3046,0.3267188673173871,4956,0.5315885444599378,6168,0.6615896170760485,6787,0.727984554328006,85,50000,0.9675
decoded,all pairs,5000000,10000,125774.9582923085,55,0.0055,409,0.0409,3053,0.3053,4963,0.4963,6175,0.6175,6794,0.6794,85,50000,0.9675
truth,ref/ref,5000000,8,161221.60287576515,2,0.25,3,0.375,7,0.875,7,0.875,7,0.875,7,0.875,85,50000,0.9675
truth,alt/ref,5000000,669,822082.0117591468,0,0.0,0,0.0,0,0.0,0,0.0,0,0.0,0,0.0,85,50000,0.9675
truth,alt/alt,5000000,9323,42871.51399764024,22,0.0023597554435267,73,0.007830097608066,523,0.0560978225892952,1140,0.122278236619114,3541,0.3798133647967393,9323,1.0,85,50000,0.9675
truth,all pairs,5000000,10000,95095.37636898752,24,0.0024,76,0.0076,530,0.053,1147,0.1147,3548,0.3548,9330,0.933,85,50000,0.9675
decoded,ref/ref,5000000,40,677349.7186341358,1,0.025,3,0.075,4,0.1,9,0.225,9,0.225,9,0.225,86,50000,0.93
decoded,alt/ref,5000000,1305,1042044.0013175126,0,0.0,0,0.0,0,0.0,0,0.0,2,0.0015325670498084,2,0.0015325670498084,86,50000,0.93
decoded,alt/alt,5000000,8655,62487.40900920378,56,0.0064702484113229,337,0.0389370306181398,1307,0.1510109763142692,2188,0.2528018486424032,3362,0.3884459849797805,4243,0.4902368573079145,86,50000,0.93
decoded,all pairs,5000000,10000,192778.9935439378,57,0.0057,340,0.034,1311,0.1311,2197,0.2197,3373,0.3373,4254,0.4254,86,50000,0.93
truth,ref/ref,5000000,40,525640.625,1,0.025,3,0.075,7,0.175,11,0.275,11,0.275,11,0.275,86,50000,0.93
truth,alt/ref,5000000,1305,820375.0,0,0.0,0,0.0,0,0.0,0,0.0,0,0.0,0,0.0,86,50000,0.93
truth,alt/alt,5000000,8655,39684.58983246678,25,0.0028885037550548,65,0.0075101097631426,525,0.0606585788561525,2096,0.2421721548238012,2399,0.2771808203350664,8655,1.0,86,50000,0.93
truth,all pairs,5000000,10000,143508.5125,26,0.0026,68,0.0068,532,0.0532,2107,0.2107,2410,0.241,8666,0.8666,86,50000,0.93
decoded,ref/ref,5000000,136,374495.1417960595,1,0.0073529411764705,11,0.0808823529411764,20,0.1470588235294117,25,0.1838235294117647,34,0.25,42,0.3088235294117647,87,50000,0.8875
decoded,alt/ref,5000000,1984,1051080.626645567,0,0.0,0,0.0,0,0.0,0,0.0,0,0.0,0,0.0,87,50000,0.8875
decoded,alt/alt,5000000,7880,34106.856995764785,73,0.0092639593908629,553,0.0701776649746192,2625,0.3331218274111675,4687,0.5947969543147208,5950,0.7550761421319797,6635,0.8420050761421319,87,50000,0.8875
decoded,all pairs,5000000,10000,240503.73356756943,74,0.0074,564,0.0564,2645,0.2645,4712,0.4712,5984,0.5984,6677,0.6677,87,50000,0.8875
truth,ref/ref,5000000,136,399977.9411764706,3,0.0220588235294117,8,0.0588235294117647,30,0.2205882352941176,34,0.25,36,0.2647058823529412,37,0.2720588235294117,87,50000,0.8875
truth,alt/ref,5000000,1984,1920309.593606421,0,0.0,0,0.0,0,0.0,0,0.0,0,0.0,0,0.0,87,50000,0.8875
truth,alt/alt,5000000,7880,33164.006979695434,29,0.0036802030456852,64,0.0081218274111675,647,0.0821065989847715,3038,0.3855329949238578,6450,0.8185279187817259,7880,1.0,87,50000,0.8875
truth,all pairs,5000000,10000,412562.360871514,32,0.0032,72,0.0072,677,0.0677,3072,0.3072,6486,0.6486,7917,0.7917,87,50000,0.8875
decoded,ref/ref,5000000,139,264761.5278117075,5,0.0359712230215827,8,0.0575539568345323,18,0.1294964028776978,27,0.1942446043165467,44,0.316546762589928,47,0.3381294964028777,88,50000,0.88
decoded,alt/ref,5000000,2124,1129340.1962079306,0,0.0,0,0.0,0,0.0,0,0.0,0,0.0,0,0.0,88,50000,0.88
decoded,alt/alt,5000000,7737,73937.04712238946,51,0.0065917022101589,415,0.0536383611218818,2065,0.2668993149799664,3465,0.4478480031019775,4714,0.6092800827194003,5162,0.6671836629184439,88,50000,0.88
decoded,all pairs,5000000,10000,300757.1362697399,56,0.0056,423,0.0423,2083,0.2083,3492,0.3492,4758,0.4758,5209,0.5209,88,50000,0.88
truth,ref/ref,5000000,139,133693.345323741,4,0.0287769784172661,8,0.0575539568345323,12,0.0863309352517985,24,0.1726618705035971,32,0.2302158273381295,32,0.2302158273381295,88,50000,0.88
truth,alt/ref,5000000,2124,848000.0,0,0.0,0,0.0,0,0.0,0,0.0,0,0.0,0,0.0,88,50000,0.88
truth,alt/alt,5000000,7737,40403.079358924646,30,0.0038774718883288,74,0.0095644306578777,440,0.0568695876954892,1893,0.2446684761535479,3415,0.4413855499547628,4035,0.5215199689802249,88,50000,0.88
truth,all pairs,5000000,10000,213233.4,34,0.0034,82,0.0082,452,0.0452,1917,0.1917,3447,0.3447,4067,0.4067,88,50000,0.88
decoded,ref/ref,5000000,6,403683.502668744,0,0.0,0,0.0,0,0.0,3,0.5,3,0.5,3,0.5,89,50000,0.9775
decoded,alt/ref,5000000,467,1230670.936149856,0,0.0,0,0.0,0,0.0,0,0.0,0,0.0,0,0.0,89,50000,0.9775
decoded,alt/alt,5000000,9527,61169.93741800355,51,0.0053532066757636,280,0.02939015429831,1319,0.1384486197123963,2775,0.2912774220636087,4102,0.4305657604702425,5155,0.5410937335992443,89,50000,0.9775
decoded,all pairs,5000000,10000,115991.1421979315,51,0.0051,280,0.028,1319,0.1319,2778,0.2778,4105,0.4105,5158,0.5158,89,50000,0.9775
truth,ref/ref,5000000,6,214458.3333333333,0,0.0,3,0.5,3,0.5,3,0.5,3,0.5,3,0.5,89,50000,0.9775
truth,alt/ref,5000000,467,756125.0,0,0.0,0,0.0,0,0.0,0,0.0,0,0.0,0,0.0,89,50000,0.9775
truth,alt/alt,5000000,9527,39528.81284769602,27,0.0028340505930513,80,0.0083971869423743,835,0.0876456387110318,2238,0.2349113047129211,3029,0.3179384906056471,9527,1.0,89,50000,0.9775
truth,all pairs,5000000,10000,73098.8125,27,0.0027,83,0.0083,838,0.0838,2241,0.2241,3032,0.3032,9530,0.953,89,50000,0.9775
decoded,ref/ref,5000000,0,,0,,0,,0,,0,,0,,0,,90,50000,0.99
decoded,alt/ref,5000000,190,1230098.4843958635,0,0.0,0,0.0,0,0.0,0,0.0,0,0.0,0,0.0,90,50000,0.99
decoded,alt/alt,5000000,9810,92765.86159608932,33,0.0033639143730886,244,0.0248725790010193,1133,0.1154943934760448,2028,0.2067278287461773,2933,0.2989806320081549,3606,0.3675840978593272,90,50000,0.99
decoded,all pairs,5000000,10000,114375.181429285,33,0.0033,244,0.0244,1133,0.1133,2028,0.2028,2933,0.2933,3606,0.3606,90,50000,0.99
truth,ref/ref,5000000,0,,0,,0,,0,,0,,0,,0,,90,50000,0.99
truth,alt/ref,5000000,190,2776237.3416165705,0,0.0,0,0.0,0,0.0,0,0.0,0,0.0,0,0.0,90,50000,0.99
truth,alt/alt,5000000,9810,45169.40621814475,18,0.0018348623853211,71,0.0072375127420998,431,0.0439347604485219,902,0.091946992864424,1731,0.1764525993883792,4762,0.4854230377166157,90,50000,0.99
truth,all pairs,5000000,10000,97059.69699071485,18,0.0018,71,0.0071,431,0.0431,902,0.0902,1731,0.1731,4762,0.4762,90,50000,0.99
decoded,ref/ref,5000000,809,452737.48175781965,3,0.003708281829419,9,0.0111248454882571,50,0.0618046971569839,67,0.0828182941903584,91,0.1124845488257107,102,0.1260815822002472,91,50000,0.71
decoded,alt/ref,5000000,4183,1068845.9107915573,0,0.0,0,0.0,0,0.0,0,0.0,0,0.0,2,0.0004781257470714,91,50000,0.71
decoded,alt/alt,5000000,5008,77696.55261304817,50,0.0099840255591054,220,0.0439297124600639,864,0.1725239616613418,1378,0.2751597444089457,2109,0.4211261980830671,2511,0.5013977635782748,91,50000,0.71
decoded,all pairs,5000000,10000,522635.1403069305,53,0.0053,229,0.0229,914,0.0914,1445,0.1445,2200,0.22,2615,0.2615,91,50000,0.71
truth,ref/ref,5000000,809,533312.8862793572,2,0.0024721878862793,12,0.0148331273176761,54,0.0667490729295426,106,0.1310259579728059,131,0.1619283065512979,137,0.1693448702101359,91,50000,0.71
truth,alt/ref,5000000,4183,1125079.567518474,0,0.0,0,0.0,0,0.0,0,0.0,0,0.0,0,0.0,91,50000,0.71
truth,alt/alt,5000000,5008,34554.06349840255,26,0.0051916932907348,58,0.0115814696485623,573,0.1144169329073482,1264,0.2523961661341853,2869,0.5728833865814696,5008,1.0,91,50000,0.71
truth,all pairs,5000000,10000,531070.4705929777,28,0.0028,70,0.007,627,0.0627,1370,0.137,3000,0.3,5145,0.5145,91,50000,0.71
decoded,ref/ref,5000000,22,332355.61334550544,2,0.0909090909090909,4,0.1818181818181818,9,0.4090909090909091,9,0.4090909090909091,11,0.5,11,0.5,92,50000,0.9575
decoded,alt/ref,5000000,790,1378486.3683193768,0,0.0,0,0.0,0,0.0,0,0.0,0,0.0,0,0.0,92,50000,0.9575
decoded,alt/alt,5000000,9188,57998.37199937224,48,0.0052242054854157,271,0.0294949934697431,1174,0.1277753591641271,2354,0.2562037440139312,3766,0.4098824553765781,4842,0.5269917283413148,92,50000,0.9575
decoded,all pairs,5000000,10000,162920.50963961412,50,0.005,275,0.0275,1183,0.1183,2363,0.2363,3777,0.3777,4853,0.4853,92,50000,0.9575
truth,ref/ref,5000000,22,265366.9188075509,1,0.0454545454545454,2,0.0909090909090909,8,0.3636363636363636,8,0.3636363636363636,11,0.5,11,0.5,92,50000,0.9575
truth,alt/ref,5000000,790,1087545.7542327566,0,0.0,0,0.0,0,0.0,0,0.0,0,0.0,0,0.0,92,50000,0.9575
truth,alt/alt,5000000,9188,39038.22921201567,27,0.0029386155855463,76,0.0082716586852416,472,0.0513713539399216,2296,0.2498911623857205,3438,0.3741837178929038,9188,1.0,92,50000,0.9575
truth,all pairs,5000000,10000,122368.2468057644,28,0.0028,78,0.0078,480,0.048,2304,0.2304,3449,0.3449,9199,0.9199,92,50000,0.9575
decoded,ref/ref,5000000,2647,378355.6147634867,27,0.0102002266717038,132,0.0498677748394408,315,0.1190026445032111,449,0.1696259916887041,504,0.1904042312051378,574,0.2168492633169626,93,50000,0.4825
decoded,alt/ref,5000000,5009,1081774.056395061,0,0.0,0,0.0,0,0.0,1,0.0001996406468356,2,0.0003992812936713,3,0.000598921940507,93,50000,0.4825
decoded,alt/alt,5000000,2344,230938.5553018436,28,0.0119453924914675,234,0.0998293515358361,711,0.3033276450511945,950,0.4052901023890785,1034,0.4411262798634812,1079,0.4603242320819112,93,50000,0.4825
decoded,all pairs,5000000,10000,696143.3534389333,55,0.0055,366,0.0366,1026,0.1026,1400,0.14,1540,0.154,1656,0.1656,93,50000,0.4825
truth,ref/ref,5000000,2647,289481.67737060826,19,0.0071779372874952,38,0.0143558745749905,186,0.0702682281828485,424,0.1601813373630525,446,0.1684926331696259,456,0.1722704948998866,93,50000,0.4825
truth,alt/ref,5000000,5009,911750.0,0,0.0,0,0.0,0,0.0,0,0.0,0,0.0,0,0.0,93,50000,0.4825
truth,alt/alt,5000000,2344,30587.244027303757,13,0.0055460750853242,35,0.0149317406143344,339,0.1446245733788395,1138,0.4854948805460751,2344,1.0,2344,1.0,93,50000,0.4825
truth,all pairs,5000000,10000,540491.025,32,0.0032,73,0.0073,525,0.0525,1562,0.1562,2790,0.279,2800,0.28,93,50000,0.4825
decoded,ref/ref,5000000,776,771243.6431618771,6,0.0077319587628865,19,0.0244845360824742,65,0.0837628865979381,109,0.1404639175257732,124,0.1597938144329896,134,0.172680412371134,94,50000,0.72
decoded,alt/ref,5000000,4033,1445018.62889095,0,0.0,0,0.0,0,0.0,0,0.0,0,0.0,0,0.0,94,50000,0.72
decoded,alt/alt,5000000,5191,38044.72757384544,50,0.0096320554806395,304,0.0585628973222885,1414,0.272394528992487,2112,0.4068580235022154,3319,0.6393758428048546,4054,0.7809670583702563,94,50000,0.72
decoded,all pairs,5000000,10000,662373.537824665,56,0.0056,323,0.0323,1479,0.1479,2221,0.2221,3443,0.3443,4188,0.4188,94,50000,0.72
truth,ref/ref,5000000,776,665328.3535507659,7,0.009020618556701,16,0.0206185567010309,85,0.1095360824742268,121,0.1559278350515464,128,0.1649484536082474,188,0.2422680412371134,94,50000,0.72
truth,alt/ref,5000000,4033,1181564.726831534,0,0.0,0,0.0,0,0.0,0,0.0,0,0.0,0,0.0,94,50000,0.72
truth,alt/alt,5000000,5191,36124.49431708727,19,0.003660181082643,73,0.0140628010017337,450,0.0866884993257561,1609,0.3099595453669813,1950,0.3756501637449431,5191,1.0,94,50000,0.72
truth,all pairs,5000000,10000,546906.7595666972,26,0.0026,89,0.0089,535,0.0535,1730,0.173,2078,0.2078,5379,0.5379,94,50000,0.72
decoded,ref/ref,5000000,1608,479308.2511986208,12,0.0074626865671641,39,0.0242537313432835,143,0.0889303482587064,227,0.1411691542288557,288,0.1791044776119403,345,0.2145522388059701,95,50000,0.605
decoded,alt/ref,5000000,4761,1389856.929355709,0,0.0,0,0.0,0,0.0,0,0.0,0,0.0,0,0.0,95,50000,0.605
decoded,alt/alt,5000000,3631,68702.4719015662,35,0.0096392178463233,228,0.0627926191131919,960,0.2643899752134398,1538,0.423574772789865,1817,0.500413109336271,1972,0.5431010740842743,95,50000,0.605
decoded,all pairs,5000000,10000,763729.51840645,47,0.0047,267,0.0267,1103,0.1103,1765,0.1765,2105,0.2105,2317,0.2317,95,50000,0.605
truth,ref/ref,5000000,1608,186154.46206467663,10,0.0062189054726368,25,0.015547263681592,104,0.0646766169154228,231,0.1436567164179104,307,0.1909203980099502,308,0.1915422885572139,95,50000,0.605
truth,alt/ref,5000000,4761,1391716.1001548606,0,0.0,0,0.0,0,0.0,0,0.0,0,0.0,0,0.0,95,50000,0.605
truth,alt/alt,5000000,3631,32701.08096942991,17,0.0046819058110713,51,0.0140457174332139,795,0.2189479482236298,1416,0.3899752134398237,2308,0.6356375654089782,3631,1.0,95,50000,0.605
truth,all pairs,5000000,10000,704403.4352837292,27,0.0027,76,0.0076,899,0.0899,1647,0.1647,2615,0.2615,3939,0.3939,95,50000,0.605
decoded,ref/ref,5000000,41,229672.403413554,2,0.048780487804878,4,0.0975609756097561,5,0.1219512195121951,8,0.1951219512195122,9,0.2195121951219512,11,0.2682926829268293,96,50000,0.9375
decoded,alt/ref,5000000,1175,1577326.2341619628,0,0.0,0,0.0,0,0.0,0,0.0,0,0.0,0,0.0,96,50000,0.9375
decoded,alt/alt,5000000,8784,53163.16950996934,70,0.0079690346083788,339,0.0385928961748633,1341,0.1526639344262295,2636,0.3000910746812386,3854,0.4387522768670309,5055,0.5754781420765027,96,50000,0.9375
decoded,all pairs,5000000,10000,232976.0174655832,72,0.0072,343,0.0343,1346,0.1346,2644,0.2644,3863,0.3863,5066,0.5066,96,50000,0.9375
truth,ref/ref,5000000,41,387884.1463414634,0,0.0,1,0.024390243902439,7,0.1707317073170731,7,0.1707317073170731,12,0.2926829268292683,12,0.2926829268292683,96,50000,0.9375
truth,alt/ref,5000000,1175,1875446.7275620664,0,0.0,0,0.0,0,0.0,0,0.0,0,0.0,0,0.0,96,50000,0.9375
truth,alt/alt,5000000,8784,41012.43738615665,31,0.0035291438979963,86,0.0097905282331511,441,0.0502049180327868,1321,0.1503870673952641,3473,0.3953779599271402,4361,0.4964708561020036,96,50000,0.9375
truth,all pairs,5000000,10000,257980.64048854285,31,0.0031,87,0.0087,448,0.0448,1328,0.1328,3485,0.3485,4373,0.4373,96,50000,0.9375
decoded,ref/ref,5000000,785,634682.2110897147,12,0.0152866242038216,34,0.043312101910828,78,0.0993630573248407,115,0.1464968152866242,129,0.1643312101910828,149,0.1898089171974522,97,50000,0.72
decoded,alt/ref,5000000,3987,1108891.9951305003,0,0.0,0,0.0,0,0.0,0,0.0,0,0.0,1,0.000250815149235,97,50000,0.72
decoded,alt/alt,5000000,5228,122870.69589708744,26,0.0049732211170619,156,0.0298393267023718,713,0.136381025248661,1314,0.2513389441469013,1851,0.3540550879877582,2148,0.4108645753634277,97,50000,0.72
decoded,all pairs,5000000,10000,556174.5918440704,38,0.0038,190,0.019,791,0.0791,1429,0.1429,1980,0.198,2298,0.2298,97,50000,0.72
truth,ref/ref,5000000,785,422332.9617834395,9,0.0114649681528662,14,0.0178343949044585,73,0.0929936305732484,208,0.264968152866242,210,0.267515923566879,223,0.2840764331210191,97,50000,0.72
truth,alt/ref,5000000,3987,967875.0,0,0.0,0,0.0,0,0.0,0,0.0,0,0.0,0,0.0,97,50000,0.72
truth,alt/alt,5000000,5228,34345.710596786535,9,0.0017214996174445,51,0.0097551644988523,309,0.0591048201989288,1127,0.2155700076511094,3527,0.6746365723029839,5228,1.0,97,50000,0.72
truth,all pairs,5000000,10000,437000.8375,18,0.0018,65,0.0065,382,0.0382,1335,0.1335,3737,0.3737,5451,0.5451,97,50000,0.72
decoded,ref/ref,5000000,328,662175.3198922115,7,0.0213414634146341,18,0.0548780487804878,48,0.1463414634146341,86,0.2621951219512195,104,0.3170731707317073,118,0.3597560975609756,98,50000,0.82
decoded,alt/ref,5000000,2923,1271960.7182887718,0,0.0,0,0.0,0,0.0,0,0.0,0,0.0,0,0.0,98,50000,0.82
decoded,alt/alt,5000000,6749,28833.409070599504,60,0.0088902059564379,1007,0.1492072899688842,3502,0.5188916876574308,5080,0.7527041043117499,5791,0.8580530448955401,6092,0.902652244777004,98,50000,0.82
decoded,all pairs,5000000,10000,412973.13623002014,67,0.0067,1025,0.1025,3550,0.355,5166,0.5166,5895,0.5895,6210,0.621,98,50000,0.82
truth,ref/ref,5000000,328,845245.814043093,5,0.0152439024390243,6,0.0182926829268292,47,0.1432926829268292,78,0.2378048780487804,79,0.2408536585365853,128,0.3902439024390244,98,50000,0.82
truth,alt/ref,5000000,2923,1066004.5930351403,0,0.0,0,0.0,0,0.0,0,0.0,0,0.0,0,0.0,98,50000,0.82
truth,alt/alt,5000000,6749,34105.05260038524,22,0.0032597421840272,72,0.0106682471477255,536,0.079419173210846,2477,0.367017335901615,4498,0.6664691065343014,6749,1.0,98,50000,0.82
truth,all pairs,5000000,10000,362334.705244785,27,0.0027,78,0.0078,583,0.0583,2555,0.2555,4577,0.4577,6877,0.6877,98,50000,0.82
decoded,ref/ref,5000000,930,279076.8666421019,15,0.0161290322580645,34,0.0365591397849462,82,0.0881720430107526,141,0.1516129032258064,193,0.2075268817204301,240,0.2580645161290322,99,50000,0.7
decoded,alt/ref,5000000,4192,1314370.8984774868,0,0.0,1,0.0002385496183206,1,0.0002385496183206,1,0.0002385496183206,1,0.0002385496183206,1,0.0002385496183206,99,50000,0.7
decoded,alt/alt,5000000,4878,96199.1691569986,48,0.009840098400984,236,0.048380483804838,688,0.1410414104141041,1061,0.2175071750717507,1350,0.2767527675276753,1667,0.3417384173841738,99,50000,0.7
decoded,all pairs,5000000,10000,623864.3839542619,63,0.0063,271,0.0271,771,0.0771,1203,0.1203,1544,0.1544,1908,0.1908,99,50000,0.7
truth,ref/ref,5000000,930,364903.8978494624,2,0.0021505376344086,18,0.0193548387096774,54,0.0580645161290322,167,0.1795698924731182,185,0.1989247311827957,200,0.2150537634408602,99,50000,0.7
truth,alt/ref,5000000,4192,1949250.3879880249,0,0.0,0,0.0,0,0.0,0,0.0,0,0.0,0,0.0,99,50000,0.7
truth,alt/alt,5000000,4878,39699.595120951206,18,0.003690036900369,66,0.013530135301353,756,0.1549815498154981,1019,0.2088970889708897,1610,0.3300533005330053,2657,0.544690446904469,99,50000,0.7
truth,all pairs,5000000,10000,870427.2876445801,20,0.002,84,0.0084,810,0.081,1186,0.1186,1795,0.1795,2857,0.2857,99,50000,0.7
decoded,ref/ref,5000000,7096,351840.51096315635,38,0.0053551296505073,204,0.0287485907553551,616,0.0868094701240135,877,0.1235907553551296,1119,0.1576944757609921,1315,0.1853156708004509,0,10000,0.155
decoded,alt/ref,5000000,2681,859353.149349953,0,0.0,0,0.0,0,0.0,0,0.0,3,0.0011189854531891,4,0.0014919806042521,0,10000,0.155
decoded,alt/alt,5000000,223,25611.921806243907,8,0.0358744394618834,53,0.2376681614349775,142,0.6367713004484304,177,0.7937219730941704,201,0.9013452914798208,214,0.9596412556053812,0,10000,0.155
decoded,all pairs,5000000,10000,480629.7517764575,46,0.0046,257,0.0257,758,0.0758,1054,0.1054,1323,0.1323,1533,0.1533,0,10000,0.155
truth,ref/ref,5000000,7096,655092.9042587029,16,0.0022547914317925,54,0.0076099210822998,403,0.056792559188275,964,0.1358511837655017,1425,0.2008173618940248,1628,0.2294250281848929,0,10000,0.155
truth,alt/ref,5000000,2681,925581.701201652,0,0.0,0,0.0,0,0.0,0,0.0,0,0.0,0,0.0,0,10000,0.155
truth,alt/alt,5000000,223,14837.44394618834,4,0.0179372197309417,18,0.0807174887892376,223,1.0,223,1.0,223,1.0,223,1.0,0,10000,0.155
truth,all pairs,5000000,10000,713333.2539541385,20,0.002,72,0.0072,626,0.0626,1187,0.1187,1648,0.1648,1851,0.1851,0,10000,0.155
decoded,ref/ref,5000000,6575,196690.07457669103,51,0.0077566539923954,420,0.0638783269961977,1571,0.23893536121673,2343,0.3563498098859315,2742,0.4170342205323193,2962,0.4504942965779467,1,10000,0.185
decoded,alt/ref,5000000,3082,1652362.065477591,0,0.0,0,0.0,0,0.0,0,0.0,0,0.0,0,0.0,1,10000,0.185
decoded,alt/alt,5000000,343,286607.7603900229,13,0.0379008746355685,91,0.2653061224489796,149,0.434402332361516,159,0.4635568513119533,162,0.4723032069970845,164,0.478134110787172,1,10000,0.185
decoded,all pairs,5000000,10000,648412.3587957456,64,0.0064,511,0.0511,1720,0.172,2502,0.2502,2904,0.2904,3126,0.3126,1,10000,0.185
truth,ref/ref,5000000,6575,129495.43726235742,19,0.0028897338403041,58,0.0088212927756654,376,0.0571863117870722,1246,0.1895057034220532,2015,0.3064638783269962,2892,0.4398479087452471,1,10000,0.185
truth,alt/ref,5000000,3082,1689222.302844297,0,0.0,0,0.0,0,0.0,0,0.0,0,0.0,0,0.0,1,10000,0.185
truth,alt/alt,5000000,343,17243.440233236153,3,0.0087463556851311,12,0.0349854227405247,343,1.0,343,1.0,343,1.0,343,1.0,1,10000,0.185
truth,all pairs,5000000,10000,606353.0137366123,22,0.0022,70,0.007,719,0.0719,1589,0.1589,2358,0.2358,3235,0.3235,1,10000,0.185
decoded,ref/ref,5000000,6687,416108.45478903776,35,0.0052340361896216,97,0.0145057574398085,261,0.0390309555854643,418,0.0625093464931957,552,0.08254822790489,821,0.1227755346194107,2,10000,0.1825
decoded,alt/ref,5000000,2977,1140862.3340067023,0,0.0,0,0.0,0,0.0,0,0.0,0,0.0,1,0.0003359086328518,2,10000,0.1825
decoded,alt/alt,5000000,336,53818.59878336556,12,0.0357142857142857,45,0.1339285714285714,102,0.3035714285714285,145,0.431547619047619,172,0.5119047619047619,191,0.5684523809523809,2,10000,0.1825
decoded,all pairs,5000000,10000,619694.745470346,47,0.0047,142,0.0142,363,0.0363,563,0.0563,724,0.0724,1013,0.1013,2,10000,0.1825
truth,ref/ref,5000000,6687,369787.8346044564,25,0.0037385972783011,56,0.0083744579033946,239,0.0357409899805592,491,0.0734260505458352,814,0.1217287273814864,1013,0.1514879617167638,2,10000,0.1825
truth,alt/ref,5000000,2977,989375.0,0,0.0,0,0.0,0,0.0,0,0.0,0,0.0,0,0.0,2,10000,0.1825
truth,alt/alt,5000000,336,15354.53869047619,9,0.0267857142857142,48,0.1428571428571428,324,0.9642857142857144,336,1.0,336,1.0,336,1.0,2,10000,0.1825
truth,all pairs,5000000,10000,542329.975,34,0.0034,104,0.0104,563,0.0563,827,0.0827,1150,0.115,1349,0.1349,2,10000,0.1825
decoded,ref/ref,5000000,7241,534200.0452984367,36,0.0049716889932329,144,0.0198867559729319,645,0.0890760944620908,994,0.1372738572020439,1348,0.1861621323021682,1532,0.2115729871564701,3,10000,0.1475
decoded,alt/ref,5000000,2561,1435545.7193544304,0,0.0,0,0.0,0,0.0,0,0.0,0,0.0,0,0.0,3,10000,0.1475
decoded,alt/alt,5000000,198,31380.72534176409,9,0.0454545454545454,55,0.2777777777777778,130,0.6565656565656566,165,0.8333333333333334,177,0.8939393939393939,187,0.9444444444444444,3,10000,0.1475
decoded,all pairs,5000000,10000,755078.8498890345,45,0.0045,199,0.0199,775,0.0775,1159,0.1159,1525,0.1525,1719,0.1719,3,10000,0.1475
truth,ref/ref,5000000,7241,1157622.4448593718,19,0.0026239469686507,49,0.0067670211296782,366,0.0505455047645352,699,0.0965336279519403,1329,0.1835381853335174,1418,0.1958293053445656,3,10000,0.1475
truth,alt/ref,5000000,2561,1653683.8053112358,0,0.0,0,0.0,0,0.0,0,0.0,0,0.0,0,0.0,3,10000,0.1475
truth,alt/alt,5000000,198,19431.18686868687,4,0.0202020202020202,28,0.1414141414141414,122,0.6161616161616161,198,1.0,198,1.0,198,1.0,3,10000,0.1475
truth,all pairs,5000000,10000,1262127.5723628786,23,0.0023,77,0.0077,488,0.0488,897,0.0897,1527,0.1527,1616,0.1616,3,10000,0.1475
decoded,ref/ref,5000000,7204,96760.70397372212,39,0.0054136590782898,216,0.0299833425874514,892,0.1238200999444752,2209,0.306635202665186,3259,0.452387562465297,4122,0.5721821210438646,4,10000,0.15
decoded,alt/ref,5000000,2590,1329442.4361985982,0,0.0,0,0.0,0,0.0,0,0.0,0,0.0,0,0.0,4,10000,0.15
decoded,alt/alt,5000000,206,22425.34742936606,25,0.1213592233009708,56,0.2718446601941747,117,0.5679611650485437,175,0.8495145631067961,184,0.8932038834951457,191,0.9271844660194176,4,10000,0.15
decoded,all pairs,5000000,10000,414493.9642751513,64,0.0064,272,0.0272,1009,0.1009,2384,0.2384,3443,0.3443,4313,0.4313,4,10000,0.15
truth,ref/ref,5000000,7204,92853.79650194336,14,0.0019433647973348,55,0.007634647418101,248,0.0344253192670738,823,0.1142420877290394,1308,0.1815657967795669,1691,0.2347307051637979,4,10000,0.15
truth,alt/ref,5000000,2590,949875.0,0,0.0,0,0.0,0,0.0,0,0.0,0,0.0,0,0.0,4,10000,0.15
truth,alt/alt,5000000,206,22784.587378640776,6,0.029126213592233,27,0.1310679611650485,103,0.5,106,0.5145631067961165,206,1.0,206,1.0,4,10000,0.15
truth,all pairs,5000000,10000,313378.8625,20,0.002,82,0.0082,351,0.0351,929,0.0929,1514,0.1514,1897,0.1897,4,10000,0.15
decoded,ref/ref,5000000,5818,122838.5753346894,29,0.0049845307665864,154,0.0264695771742866,488,0.0838776211756617,945,0.1624269508422138,1276,0.219319353729804,1615,0.2775867995874871,5,10000,0.235
decoded,alt/ref,5000000,3601,1366858.2602988584,0,0.0,0,0.0,0,0.0,0,0.0,0,0.0,1,0.0002777006387114,5,10000,0.235
decoded,alt/alt,5000000,581,30718.349843630414,7,0.0120481927710843,54,0.0929432013769363,222,0.3820998278829604,357,0.6144578313253012,450,0.774526678141136,494,0.8502581755593803,5,10000,0.235
decoded,all pairs,5000000,10000,565457.8787892562,36,0.0036,208,0.0208,710,0.071,1302,0.1302,1726,0.1726,2110,0.211,5,10000,0.235
truth,ref/ref,5000000,5818,73145.86198006188,20,0.003437607425232,48,0.0082502578205568,446,0.0766586455826744,846,0.1454107940873152,1178,0.202475077346167,1342,0.2306634582330697,5,10000,0.235
truth,alt/ref,5000000,3601,1155265.563945001,0,0.0,0,0.0,0,0.0,0,0.0,0,0.0,0,0.0,5,10000,0.235
truth,alt/alt,5000000,581,21454.60413080895,5,0.0086058519793459,23,0.0395869191049913,132,0.2271944922547332,535,0.9208261617900172,581,1.0,581,1.0,5,10000,0.235
truth,all pairs,5000000,10000,459813.9045765948,25,0.0025,71,0.0071,578,0.0578,1381,0.1381,1759,0.1759,1923,0.1923,5,10000,0.235
decoded,ref/ref,5000000,9322,481683.0224224284,71,0.0076163913323321,210,0.0225273546449259,527,0.0565329328470285,765,0.0820639347779446,979,0.1050203818922977,1184,0.1270113709504398,6,10000,0.0325
decoded,alt/ref,5000000,668,1096305.836831258,0,0.0,0,0.0,0,0.0,0,0.0,0,0.0,0,0.0,6,10000,0.0325
decoded,alt/alt,5000000,10,6314.1579645002375,2,0.2,10,1.0,10,1.0,10,1.0,10,1.0,10,1.0,6,10000,0.0325
decoded,all pairs,5000000,10000,522264.4575604803,73,0.0073,220,0.022,537,0.0537,775,0.0775,989,0.0989,1194,0.1194,6,10000,0.0325
truth,ref/ref,5000000,9322,581833.8695037719,27,0.0028963741686333,70,0.0075091182149753,360,0.0386183222484445,778,0.0834584853035829,861,0.0923621540441965,1805,0.1936279768290066,6,10000,0.0325
truth,alt/ref,5000000,668,1005760.8869634686,0,0.0,0,0.0,0,0.0,0,0.0,0,0.0,0,0.0,6,10000,0.0325
truth,alt/alt,5000000,10,8125.0,2,0.2,4,0.4,10,1.0,10,1.0,10,1.0,10,1.0,6,10000,0.0325
truth,all pairs,5000000,10000,609578.4854005759,29,0.0029,74,0.0074,370,0.037,788,0.0788,871,0.0871,1815,0.1815,6,10000,0.0325
decoded,ref/ref,5000000,7748,225227.95541702877,43,0.0055498193082085,148,0.019101703665462,466,0.060144553433144,753,0.0971863706763035,968,0.1249354672173464,1231,0.1588797108931337,7,10000,0.12
decoded,alt/ref,5000000,2113,710213.1539000284,0,0.0,0,0.0,0,0.0,0,0.0,0,0.0,1,0.0004732607666824,7,10000,0.12
decoded,alt/alt,5000000,139,45481.215302588505,12,0.0863309352517985,22,0.158273381294964,51,0.3669064748201439,60,0.4316546762589928,69,0.4964028776978417,81,0.5827338129496403,7,10000,0.12
decoded,all pairs,5000000,10000,325206.8481688959,55,0.0055,170,0.017,517,0.0517,813,0.0813,1037,0.1037,1313,0.1313,7,10000,0.12
truth,ref/ref,5000000,7748,281453.1653329892,24,0.0030975735673722,60,0.0077439339184305,399,0.0514971605575632,833,0.1075116159008776,1150,0.1484254001032524,1150,0.1484254001032524,7,10000,0.12
truth,alt/ref,5000000,2113,824250.0,0,0.0,0,0.0,0,0.0,0,0.0,0,0.0,0,0.0,7,10000,0.12
truth,alt/alt,5000000,139,21273.38129496403,9,0.0647482014388489,27,0.1942446043165467,62,0.4460431654676259,73,0.5251798561151079,139,1.0,139,1.0,7,10000,0.12
truth,all pairs,5000000,10000,392529.6375,33,0.0033,87,0.0087,461,0.0461,906,0.0906,1289,0.1289,1289,0.1289,7,10000,0.12
decoded,ref/ref,5000000,6980,669191.1609438293,36,0.0051575931232091,146,0.020916905444126,575,0.082378223495702,910,0.1303724928366762,1219,0.1746418338108882,1427,0.2044412607449856,8,10000,0.165
decoded,alt/ref,5000000,2740,1199494.553392607,0,0.0,0,0.0,0,0.0,1,0.0003649635036496,1,0.0003649635036496,4,0.0014598540145985,8,10000,0.165
decoded,alt/alt,5000000,280,31343.33445816289,22,0.0785714285714285,60,0.2142857142857142,151,0.5392857142857143,191,0.6821428571428572,213,0.7607142857142857,235,0.8392857142857143,8,10000,0.165
decoded,all pairs,5000000,10000,796634.5513331958,58,0.0058,206,0.0206,726,0.0726,1102,0.1102,1433,0.1433,1666,0.1666,8,10000,0.165
truth,ref/ref,5000000,6980,379422.1671414392,20,0.0028653295128939,49,0.0070200573065902,385,0.0551575931232091,649,0.0929799426934097,926,0.1326647564469914,1598,0.2289398280802292,8,10000,0.165
truth,alt/ref,5000000,2740,2199568.564289919,0,0.0,0,0.0,0,0.0,0,0.0,0,0.0,0,0.0,8,10000,0.165
truth,alt/alt,5000000,280,15966.07142857143,5,0.0178571428571428,39,0.1392857142857143,280,1.0,280,1.0,280,1.0,280,1.0,8,10000,0.165
truth,all pairs,5000000,10000,867965.5092801624,25,0.0025,88,0.0088,665,0.0665,929,0.0929,1206,0.1206,1878,0.1878,8,10000,0.165
decoded,ref/ref,5000000,9436,735226.7459667092,45,0.004768969902501,179,0.0189699025010597,620,0.0657058075455701,1253,0.1327893175074184,1747,0.1851420093259856,2196,0.2327257312420517,9,10000,0.0275
decoded,alt/ref,5000000,558,1447506.9140602942,0,0.0,0,0.0,0,0.0,0,0.0,0,0.0,0,0.0,9,10000,0.0275
decoded,alt/alt,5000000,6,7636.673295226418,2,0.3333333333333333,6,1.0,6,1.0,6,1.0,6,1.0,6,1.0,9,10000,0.0275
decoded,all pairs,5000000,10000,774535.4253027283,47,0.0047,185,0.0185,626,0.0626,1259,0.1259,1753,0.1753,2202,0.2202,9,10000,0.0275
truth,ref/ref,5000000,9436,1258650.5318837597,21,0.0022255192878338,67,0.0071004662992793,334,0.0353963543874523,794,0.0841458245019075,1284,0.1360746078846969,2584,0.2738448495125053,9,10000,0.0275
truth,alt/ref,5000000,558,1822045.4330520912,0,0.0,0,0.0,0,0.0,0,0.0,0,0.0,0,0.0,9,10000,0.0275
truth,alt/alt,5000000,6,9479.166666666666,1,0.1666666666666666,4,0.6666666666666666,6,1.0,6,1.0,6,1.0,6,1.0,9,10000,0.0275
truth,all pairs,5000000,10000,1289338.4645498225,22,0.0022,71,0.0071,340,0.034,800,0.08,1290,0.129,2590,0.259,9,10000,0.0275
decoded,ref/ref,5000000,5017,354374.1527668883,42,0.0083715367749651,146,0.029101056408212,484,0.0964719952162647,718,0.1431134143910703,867,0.1728124377117799,966,0.1925453458241977,10,10000,0.29
decoded,alt/ref,5000000,4134,884328.0908558816,0,0.0,0,0.0,4,0.0009675858732462,11,0.0026608611514271,25,0.006047411707789,57,0.013788098693759,10,10000,0.29
decoded,alt/alt,5000000,849,311264.6763177685,27,0.0318021201413427,99,0.1166077738515901,175,0.2061248527679623,218,0.2567726737338044,260,0.3062426383981154,292,0.3439340400471142,10,10000,0.29
decoded,all pairs,5000000,10000,569797.116222348,69,0.0069,245,0.0245,663,0.0663,947,0.0947,1152,0.1152,1315,0.1315,10,10000,0.29
truth,ref/ref,5000000,5017,397409.4827586207,22,0.0043850906916483,62,0.0123579828582818,332,0.0661750049830576,603,0.1201913494119992,872,0.1738090492326091,898,0.1789914291409208,10,10000,0.29
truth,alt/ref,5000000,4134,828232.0996613449,0,0.0,0,0.0,0,0.0,0,0.0,0,0.0,0,0.0,10,10000,0.29
truth,alt/alt,5000000,849,20160.188457008244,15,0.0176678445229682,59,0.0694935217903415,299,0.3521790341578327,849,1.0,849,1.0,849,1.0,10,10000,0.29
truth,all pairs,5000000,10000,543483.0875,37,0.0037,121,0.0121,631,0.0631,1452,0.1452,1721,0.1721,1747,0.1747,10,10000,0.29
decoded,ref/ref,5000000,7979,221355.77961504823,40,0.0050131595438024,166,0.0208046121067803,624,0.0782052888833187,1072,0.1343526757739065,1400,0.1754605840330868,1741,0.218197769144003,11,10000,0.105
decoded,alt/ref,5000000,1898,954182.1561724418,0,0.0,0,0.0,0,0.0,0,0.0,0,0.0,1,0.000526870389884,11,10000,0.105
decoded,alt/alt,5000000,123,50448.70711393669,7,0.056910569105691,24,0.1951219512195122,60,0.4878048780487805,74,0.6016260162601627,84,0.6829268292682927,85,0.6910569105691057,11,10000,0.105
decoded,all pairs,5000000,10000,358344.06889387785,47,0.0047,190,0.019,684,0.0684,1146,0.1146,1484,0.1484,1827,0.1827,11,10000,0.105
truth,ref/ref,5000000,7979,247413.82065421733,21,0.0026319087604963,74,0.0092743451560345,297,0.0372227096127334,1535,0.1923799974934202,1575,0.1973931570372227,2110,0.2644441659355809,11,10000,0.105
truth,alt/ref,5000000,1898,957625.0,0,0.0,0,0.0,0,0.0,0,0.0,0,0.0,0,0.0,11,10000,0.105
truth,alt/alt,5000000,123,22441.056910569107,6,0.048780487804878,9,0.073170731707317,97,0.7886178861788617,97,0.7886178861788617,97,0.7886178861788617,97,0.7886178861788617,11,10000,0.105
truth,all pairs,5000000,10000,379444.7375,27,0.0027,83,0.0083,394,0.0394,1632,0.1632,1672,0.1672,2207,0.2207,11,10000,0.105
decoded,ref/ref,5000000,8369,239891.39570820075,52,0.0062134066196678,146,0.0174453339706058,476,0.0568765682877285,814,0.0972637113155693,1080,0.129047675946947,1363,0.1628629465886008,12,10000,0.085
decoded,alt/ref,5000000,1546,1120800.1106063586,0,0.0,0,0.0,1,0.000646830530401,1,0.000646830530401,1,0.000646830530401,1,0.000646830530401,12,10000,0.085
decoded,alt/alt,5000000,85,13260.833825902,7,0.0823529411764705,37,0.4352941176470588,69,0.8117647058823529,85,1.0,85,1.0,85,1.0,12,10000,0.085
decoded,all pairs,5000000,10000,374153.5232554564,59,0.0059,183,0.0183,546,0.0546,900,0.09,1166,0.1166,1449,0.1449,12,10000,0.085
truth,ref/ref,5000000,8369,192640.5185804756,35,0.0041821006093918,73,0.0087226669853029,396,0.0473174811805472,971,0.1160234197634126,1437,0.1717051021627434,1623,0.1939299796869399,12,10000,0.085
truth,alt/ref,5000000,1546,1029250.0,0,0.0,0,0.0,0,0.0,0,0.0,0,0.0,0,0.0,12,10000,0.085
truth,alt/alt,5000000,85,16745.58823529412,4,0.0470588235294117,14,0.1647058823529411,40,0.4705882352941176,85,1.0,85,1.0,85,1.0,12,10000,0.085
truth,all pairs,5000000,10000,320485.2375,39,0.0039,87,0.0087,436,0.0436,1056,0.1056,1522,0.1522,1708,0.1708,12,10000,0.085
decoded,ref/ref,5000000,9467,525766.1443061908,58,0.0061265448399704,272,0.0287313826977923,832,0.0878842294285412,1367,0.144396324073096,1760,0.185908946868068,2108,0.2226682159078905,13,10000,0.025
decoded,alt/ref,5000000,528,936408.5389931554,0,0.0,0,0.0,0,0.0,0,0.0,0,0.0,0,0.0,13,10000,0.025
decoded,alt/alt,5000000,5,7520.531392831601,1,0.2,4,0.8,5,1.0,5,1.0,5,1.0,5,1.0,13,10000,0.025
decoded,all pairs,5000000,10000,547188.9399392059,59,0.0059,276,0.0276,837,0.0837,1372,0.1372,1765,0.1765,2113,0.2113,13,10000,0.025
truth,ref/ref,5000000,9467,382529.4311820006,30,0.0031689025034329,81,0.008556036759269,364,0.0384493503749868,1074,0.1134467096229006,1538,0.162459068342664,1746,0.1844301256997993,13,10000,0.025
truth,alt/ref,5000000,528,801125.0,0,0.0,0,0.0,0,0.0,0,0.0,0,0.0,0,0.0,13,10000,0.025
truth,alt/alt,5000000,5,11475.0,0,0.0,1,0.2,5,1.0,5,1.0,5,1.0,5,1.0,13,10000,0.025
truth,all pairs,5000000,10000,404445.75,30,0.003,82,0.0082,369,0.0369,1079,0.1079,1543,0.1543,1751,0.1751,13,10000,0.025
decoded,ref/ref,5000000,4266,607083.8961261015,22,0.0051570557899671,140,0.0328176277543366,439,0.1029067041725269,636,0.1490857946554149,755,0.176980778246601,873,0.2046413502109704,14,10000,0.3475
decoded,alt/ref,5000000,4506,854130.2713698385,0,0.0,0,0.0,0,0.0,0,0.0,6,0.0013315579227696,8,0.0017754105636928,14,10000,0.3475
decoded,alt/alt,5000000,1228,23167.36281320751,52,0.0423452768729641,344,0.2801302931596091,767,0.6245928338762216,993,0.8086319218241043,1098,0.8941368078175895,1120,0.9120521172638436,14,10000,0.3475
decoded,all pairs,5000000,10000,646698.042520106,74,0.0074,484,0.0484,1206,0.1206,1629,0.1629,1859,0.1859,2001,0.2001,14,10000,0.3475
truth,ref/ref,5000000,4266,735937.3791435066,16,0.003750586029067,37,0.0086732301922175,264,0.0618846694796061,678,0.1589310829817159,790,0.1851851851851851,831,0.1947960618846694,14,10000,0.3475
truth,alt/ref,5000000,4506,1071954.337325064,0,0.0,0,0.0,0,0.0,0,0.0,0,0.0,0,0.0,14,10000,0.3475
truth,alt/alt,5000000,1228,23081.535016286645,9,0.007328990228013,39,0.0317589576547231,425,0.3460912052117263,1175,0.9568403908794788,1228,1.0,1228,1.0,14,10000,0.3475
truth,all pairs,5000000,10000,799807.9228412937,25,0.0025,76,0.0076,689,0.0689,1853,0.1853,2018,0.2018,2059,0.2059,14,10000,0.3475
decoded,ref/ref,5000000,5740,490666.92997001886,36,0.0062717770034843,106,0.0184668989547038,282,0.0491289198606271,495,0.0862369337979094,738,0.1285714285714285,878,0.1529616724738676,15,10000,0.2425
decoded,alt/ref,5000000,3674,1218594.5759703326,0,0.0,0,0.0,0,0.0,0,0.0,0,0.0,0,0.0,15,10000,0.2425
decoded,alt/alt,5000000,586,20803.500294591195,27,0.046075085324232,147,0.2508532423208191,380,0.6484641638225256,490,0.8361774744027304,530,0.9044368600682594,554,0.9453924914675768,15,10000,0.2425
decoded,all pairs,5000000,10000,730573.550131554,63,0.0063,253,0.0253,662,0.0662,985,0.0985,1268,0.1268,1432,0.1432,15,10000,0.2425
truth,ref/ref,5000000,5740,807103.1159815143,16,0.002787456445993,45,0.0078397212543554,245,0.0426829268292682,645,0.112369337979094,781,0.1360627177700348,995,0.1733449477351916,15,10000,0.2425
truth,alt/ref,5000000,3674,1156824.2350825877,0,0.0,0,0.0,0,0.0,0,0.0,0,0.0,0,0.0,15,10000,0.2425
truth,alt/alt,5000000,586,15815.699658703072,1,0.0017064846416382,39,0.0665529010238907,528,0.9010238907849828,586,1.0,586,1.0,586,1.0,15,10000,0.2425
truth,all pairs,5000000,10000,889221.2125427319,17,0.0017,84,0.0084,773,0.0773,1231,0.1231,1367,0.1367,1581,0.1581,15,10000,0.2425
decoded,ref/ref,5000000,3770,267597.195204612,25,0.006631299734748,87,0.023076923076923,272,0.0721485411140583,526,0.1395225464190981,799,0.2119363395225464,995,0.2639257294429708,16,10000,0.3925
decoded,alt/ref,5000000,4752,1379258.273486039,0,0.0,0,0.0,0,0.0,0,0.0,0,0.0,0,0.0,16,10000,0.3925
decoded,alt/alt,5000000,1478,82408.62922632456,17,0.0115020297699594,77,0.0520974289580514,280,0.189445196211096,453,0.3064952638700947,633,0.4282814614343708,768,0.5196211096075778,16,10000,0.3925
decoded,all pairs,5000000,10000,768487.6695523551,42,0.0042,164,0.0164,552,0.0552,979,0.0979,1432,0.1432,1763,0.1763,16,10000,0.3925
truth,ref/ref,5000000,3770,315353.18302387267,13,0.0034482758620689,35,0.0092838196286472,199,0.0527851458885941,393,0.1042440318302387,465,0.123342175066313,684,0.1814323607427055,16,10000,0.3925
truth,alt/ref,5000000,4752,2283359.3038963643,0,0.0,0,0.0,0,0.0,0,0.0,0,0.0,0,0.0,16,10000,0.3925
truth,alt/alt,5000000,1478,31541.77943166441,9,0.0060893098782138,43,0.0290933694181326,235,0.158998646820027,474,0.3207036535859269,1359,0.9194857916102842,1478,1.0,16,10000,0.3925
truth,all pairs,5000000,10000,1208602.3662115522,22,0.0022,78,0.0078,434,0.0434,867,0.0867,1824,0.1824,2162,0.2162,16,10000,0.3925
decoded,ref/ref,5000000,8248,703901.1839278693,42,0.0050921435499515,143,0.0173375363724539,488,0.0591658583899127,1077,0.1305771096023278,1486,0.1801648884578079,1721,0.2086566440349175,17,10000,0.0925
decoded,alt/ref,5000000,1674,1465236.210863414,0,0.0,0,0.0,0,0.0,0,0.0,0,0.0,0,0.0,17,10000,0.0925
decoded,alt/alt,5000000,78,11740.793077658162,9,0.1153846153846153,53,0.6794871794871795,68,0.8717948717948718,69,0.8846153846153846,76,0.9743589743589745,78,1.0,17,10000,0.0925
decoded,all pairs,5000000,10000,825949.8163882478,51,0.0051,196,0.0196,556,0.0556,1146,0.1146,1562,0.1562,1799,0.1799,17,10000,0.0925
truth,ref/ref,5000000,8248,807686.0384627412,20,0.0024248302618816,55,0.0066682832201745,274,0.0332201745877788,805,0.0975994180407371,1171,0.1419738118331716,1974,0.2393307468477206,17,10000,0.0925
truth,alt/ref,5000000,1674,1282891.2514090044,0,0.0,0,0.0,0,0.0,0,0.0,0,0.0,0,0.0,17,10000,0.0925
truth,alt/alt,5000000,78,11985.576923076924,3,0.0384615384615384,18,0.2307692307692307,65,0.8333333333333334,78,1.0,78,1.0,78,1.0,17,10000,0.0925
truth,all pairs,5000000,10000,881028.9275099364,23,0.0023,73,0.0073,339,0.0339,883,0.0883,1249,0.1249,2052,0.2052,17,10000,0.0925
decoded,ref/ref,5000000,4232,301610.5460720677,23,0.0054347826086956,79,0.0186672967863894,216,0.051039697542533,377,0.0890831758034026,612,0.1446124763705104,837,0.1977788279773157,18,10000,0.355
decoded,alt/ref,5000000,4526,1103354.3197692705,0,0.0,0,0.0,0,0.0,0,0.0,0,0.0,1,0.0002209456473707,18,10000,0.355
decoded,alt/alt,5000000,1242,45185.7581487701,34,0.0273752012882447,126,0.1014492753623188,337,0.2713365539452496,604,0.4863123993558776,834,0.6714975845410628,976,0.785829307568438,18,10000,0.355
decoded,all pairs,5000000,10000,632631.8193873481,57,0.0057,205,0.0205,553,0.0553,981,0.0981,1446,0.1446,1814,0.1814,18,10000,0.355
truth,ref/ref,5000000,4232,356504.57821361057,18,0.0042533081285444,41,0.00968809073724,220,0.051984877126654,338,0.079867674858223,447,0.1056238185255198,645,0.1524102079395085,18,10000,0.355
truth,alt/ref,5000000,4526,798875.0,0,0.0,0,0.0,0,0.0,0,0.0,0,0.0,0,0.0,18,10000,0.355
truth,alt/alt,5000000,1242,34829.710144927536,17,0.0136876006441223,52,0.0418679549114331,264,0.2125603864734299,314,0.2528180354267311,542,0.4363929146537842,1242,1.0,18,10000,0.355
truth,all pairs,5000000,10000,516769.4125,35,0.0035,93,0.0093,484,0.0484,652,0.0652,989,0.0989,1887,0.1887,18,10000,0.355
decoded,ref/ref,5000000,5658,225239.26299545265,31,0.0054789678331565,157,0.0277483209614704,548,0.096854012018381,861,0.1521739130434782,1140,0.2014846235418876,1339,0.236656062212796,19,10000,0.2525
decoded,alt/ref,5000000,3702,820503.2615768091,0,0.0,1,0.0002701242571582,1,0.0002701242571582,3,0.0008103727714748,5,0.0013506212857914,7,0.001890869800108,19,10000,0.2525
decoded,alt/alt,5000000,640,66059.72305929335,16,0.025,70,0.109375,200,0.3125,282,0.440625,342,0.534375,360,0.5625,19,10000,0.2525
decoded,all pairs,5000000,10000,435418.5047143566,47,0.0047,228,0.0228,749,0.0749,1146,0.1146,1487,0.1487,1706,0.1706,19,10000,0.2525
truth,ref/ref,5000000,5658,536163.0114119216,18,0.0031813361611876,55,0.0097207493814068,401,0.0708731000353481,514,0.0908448214916931,1202,0.2124425592082007,1276,0.2255213856486391,19,10000,0.2525
truth,alt/ref,5000000,3702,1424475.70934402,0,0.0,0,0.0,0,0.0,0,0.0,0,0.0,0,0.0,19,10000,0.2525
truth,alt/alt,5000000,640,27378.7109375,13,0.0203125,34,0.053125,262,0.409375,410,0.640625,410,0.640625,640,1.0,19,10000,0.2525
truth,all pairs,5000000,10000,832454.1769560215,31,0.0031,89,0.0089,663,0.0663,924,0.0924,1612,0.1612,1916,0.1916,19,10000,0.2525
decoded,ref/ref,5000000,9142,771078.1486902379,38,0.0041566396849704,211,0.0230802887770728,793,0.0867425071100415,1375,0.1504047254430102,1721,0.188252023627215,2016,0.2205206738131699,20,10000,0.0475
decoded,alt/ref,5000000,834,1757450.66228499,0,0.0,0,0.0,0,0.0,0,0.0,0,0.0,0,0.0,20,10000,0.0475
decoded,alt/alt,5000000,24,24304.291262037357,5,0.2083333333333333,9,0.375,18,0.75,19,0.7916666666666666,19,0.7916666666666666,20,0.8333333333333334,20,10000,0.0475
decoded,all pairs,5000000,10000,851549.3590662125,43,0.0043,220,0.022,811,0.0811,1394,0.1394,1740,0.174,2036,0.2036,20,10000,0.0475
truth,ref/ref,5000000,9142,912877.0312726492,27,0.0029534018814263,71,0.0077663530956027,401,0.0438634872019251,1368,0.1496390286589367,1805,0.1974403850360971,2697,0.2950120323780354,20,10000,0.0475
truth,alt/ref,5000000,834,1997669.7597617449,0,0.0,0,0.0,0,0.0,0,0.0,0,0.0,0,0.0,20,10000,0.0475
truth,alt/alt,5000000,24,13114.583333333334,3,0.125,8,0.3333333333333333,24,1.0,24,1.0,24,1.0,24,1.0,20,10000,0.0475
truth,all pairs,5000000,10000,1001189.3149535852,30,0.003,79,0.0079,425,0.0425,1392,0.1392,1829,0.1829,2721,0.2721,20,10000,0.0475
decoded,ref/ref,5000000,6168,131214.39288043737,39,0.0063229571984435,188,0.0304798962386511,699,0.1133268482490272,1324,0.2146562905317769,1971,0.3195525291828793,2391,0.3876459143968871,21,10000,0.215
decoded,alt/ref,5000000,3383,1616631.565434841,0,0.0,0,0.0,0,0.0,0,0.0,0,0.0,0,0.0,21,10000,0.215
decoded,alt/alt,5000000,449,40075.28610622843,11,0.0244988864142538,37,0.0824053452115812,151,0.3363028953229399,237,0.5278396436525612,318,0.7082405345211581,357,0.7951002227171492,21,10000,0.215
decoded,all pairs,5000000,10000,629638.8764614302,50,0.005,225,0.0225,850,0.085,1561,0.1561,2289,0.2289,2748,0.2748,21,10000,0.215
truth,ref/ref,5000000,6168,199948.20038910507,15,0.0024319066147859,52,0.0084306095979247,239,0.0387483787289234,430,0.0697146562905317,794,0.1287289234760051,1936,0.3138780804150454,21,10000,0.215
truth,alt/ref,5000000,3383,2185483.5040627774,0,0.0,0,0.0,0,0.0,0,0.0,0,0.0,0,0.0,21,10000,0.215
truth,alt/alt,5000000,449,22919.5434298441,5,0.0111358574610244,28,0.0623608017817371,172,0.3830734966592428,299,0.6659242761692651,449,1.0,449,1.0,21,10000,0.215
truth,all pairs,5000000,10000,863706.2069244377,20,0.002,80,0.008,411,0.0411,729,0.0729,1243,0.1243,2385,0.2385,21,10000,0.215
decoded,ref/ref,5000000,3747,391419.1282744479,29,0.0077395249532959,74,0.0197491326394448,214,0.0571123565519081,357,0.0952762209767814,630,0.1681345076060848,765,0.2041633306645316,22,10000,0.3925
decoded,alt/ref,5000000,4726,690503.6661800577,0,0.0,2,0.0004231908590774,5,0.0010579771476936,16,0.0033855268726195,23,0.0048666948793906,29,0.0061362674566229,22,10000,0.3925
decoded,alt/alt,5000000,1527,44220.78315223523,25,0.0163719711853307,154,0.1008513425016372,664,0.4348395546823838,954,0.6247544204322201,1099,0.7197118533071382,1181,0.7734119187950229,22,10000,0.3925
decoded,all pairs,5000000,10000,479749.2935884773,54,0.0054,230,0.023,883,0.0883,1327,0.1327,1752,0.1752,1975,0.1975,22,10000,0.3925
truth,ref/ref,5000000,3747,380616.3263944489,25,0.0066720042700827,48,0.0128102481985588,206,0.0549773151854817,337,0.0899386175607152,613,0.1635975447024286,780,0.2081665332265812,22,10000,0.3925
truth,alt/ref,5000000,4726,931859.870926788,0,0.0,0,0.0,0,0.0,0,0.0,0,0.0,0,0.0,22,10000,0.3925
truth,alt/alt,5000000,1527,26294.368041912247,9,0.005893909626719,55,0.0360183366077275,568,0.3719711853307138,1103,0.722331368696791,1527,1.0,1527,1.0,22,10000,0.3925
truth,all pairs,5000000,10000,587029.0625,34,0.0034,103,0.0103,774,0.0774,1440,0.144,2140,0.214,2307,0.2307,22,10000,0.3925
decoded,ref/ref,5000000,8932,427586.6496679088,69,0.0077250335871025,243,0.027205553067622,699,0.0782579489476041,1039,0.1163233318405732,1206,0.1350201522615315,1421,0.1590909090909091,23,10000,0.0525
decoded,alt/ref,5000000,1044,1446849.5716213267,0,0.0,0,0.0,0,0.0,0,0.0,0,0.0,0,0.0,23,10000,0.0525
decoded,alt/alt,5000000,24,15866.179519446625,4,0.1666666666666666,13,0.5416666666666666,19,0.7916666666666666,21,0.875,23,0.9583333333333334,23,0.9583333333333334,23,10000,0.0525
decoded,all pairs,5000000,10000,533009.5695914893,73,0.0073,256,0.0256,718,0.0718,1060,0.106,1229,0.1229,1444,0.1444,23,10000,0.0525
truth,ref/ref,5000000,8932,295209.0937080161,25,0.0027989252127183,70,0.0078369905956112,523,0.0585535154500671,1177,0.1317733990147783,1224,0.1370353784146887,1439,0.1611061352440662,23,10000,0.0525
truth,alt/ref,5000000,1044,1676757.4980376374,0,0.0,0,0.0,0,0.0,0,0.0,0,0.0,0,0.0,23,10000,0.0525
truth,alt/alt,5000000,24,10864.583333333334,4,0.1666666666666666,10,0.4166666666666667,24,1.0,24,1.0,24,1.0,24,1.0,23,10000,0.0525
truth,all pairs,5000000,10000,438760.3202951294,29,0.0029,80,0.008,547,0.0547,1201,0.1201,1248,0.1248,1463,0.1463,23,10000,0.0525
decoded,ref/ref,5000000,8958,539469.2084660482,38,0.0042420183076579,154,0.0171913373520875,405,0.0452109845947756,670,0.0747934806876535,930,0.1038178164768921,1178,0.1315025675373967,24,10000,0.0525
decoded,alt/ref,5000000,1020,924565.5898128636,0,0.0,0,0.0,0,0.0,0,0.0,0,0.0,0,0.0,24,10000,0.0525
decoded,alt/alt,5000000,22,13218.181921543302,0,0.0,11,0.5,20,0.9090909090909092,20,0.9090909090909092,22,1.0,22,1.0,24,10000,0.0525
decoded,all pairs,5000000,10000,577591.2871050255,38,0.0038,165,0.0165,425,0.0425,690,0.069,952,0.0952,1200,0.12,24,10000,0.0525
truth,ref/ref,5000000,8958,425892.09365929896,21,0.0023442732752846,83,0.0092654610404108,423,0.0472203616878767,605,0.0675373967403438,1091,0.1217905782540745,1203,0.1342933690555927,24,10000,0.0525
truth,alt/ref,5000000,1020,860750.0,0,0.0,0,0.0,0,0.0,0,0.0,0,0.0,0,0.0,24,10000,0.0525
truth,alt/alt,5000000,22,11585.227272727272,0,0.0,9,0.4090909090909091,22,1.0,22,1.0,22,1.0,22,1.0,24,10000,0.0525
truth,all pairs,5000000,10000,469336.125,21,0.0021,92,0.0092,445,0.0445,627,0.0627,1113,0.1113,1225,0.1225,24,10000,0.0525
decoded,ref/ref,5000000,5600,784102.9462708478,28,0.005,122,0.0217857142857142,445,0.0794642857142857,747,0.1333928571428571,927,0.1655357142857142,1035,0.1848214285714285,25,10000,0.2475
decoded,alt/ref,5000000,3758,1455673.911087655,0,0.0,0,0.0,0,0.0,0,0.0,0,0.0,0,0.0,25,10000,0.2475
decoded,alt/alt,5000000,642,115883.6443976864,19,0.0295950155763239,60,0.0934579439252336,177,0.2757009345794392,236,0.367601246105919,266,0.4143302180685358,290,0.4517133956386293,25,10000,0.2475
decoded,all pairs,5000000,10000,993579.6356687468,47,0.0047,182,0.0182,622,0.0622,983,0.0983,1193,0.1193,1325,0.1325,25,10000,0.2475
truth,ref/ref,5000000,5600,739253.2156740285,16,0.0028571428571428,52,0.0092857142857142,468,0.0835714285714285,691,0.1233928571428571,978,0.1746428571428571,1178,0.2103571428571428,25,10000,0.2475
truth,alt/ref,5000000,3758,1259785.5094231495,0,0.0,0,0.0,0,0.0,0,0.0,0,0.0,0,0.0,25,10000,0.2475
truth,alt/alt,5000000,642,26361.95482866044,12,0.0186915887850467,27,0.0420560747663551,179,0.278816199376947,519,0.8084112149532711,519,0.8084112149532711,519,0.8084112149532711,25,10000,0.2475
truth,all pairs,5000000,10000,889101.6327186757,28,0.0028,79,0.0079,647,0.0647,1210,0.121,1497,0.1497,1697,0.1697,25,10000,0.2475
decoded,ref/ref,5000000,9119,495670.992085304,53,0.0058120407939467,384,0.0421098804693497,1765,0.1935519245531308,2632,0.2886281390503344,3193,0.350148042548525,3854,0.4226340607522754,26,10000,0.045
decoded,alt/ref,5000000,854,1036814.6126459388,0,0.0,0,0.0,0,0.0,0,0.0,0,0.0,1,0.0011709601873536,26,10000,0.045
decoded,alt/alt,5000000,27,19803.81747065096,1,0.037037037037037,9,0.3333333333333333,20,0.7407407407407407,21,0.7777777777777778,24,0.8888888888888888,24,0.8888888888888888,26,10000,0.045
decoded,all pairs,5000000,10000,540599.8159097226,54,0.0054,393,0.0393,1785,0.1785,2653,0.2653,3217,0.3217,3879,0.3879,26,10000,0.045
truth,ref/ref,5000000,9119,511016.2539753726,15,0.0016449172058339,73,0.0080052637350586,560,0.0614102423511349,1118,0.1226011624081587,2103,0.230617392257923,2238,0.2454216471104287,26,10000,0.045
truth,alt/ref,5000000,854,1094204.7047252604,0,0.0,0,0.0,0,0.0,0,0.0,0,0.0,0,0.0,26,10000,0.045
truth,alt/alt,5000000,27,15986.111111111111,2,0.074074074074074,5,0.1851851851851851,19,0.7037037037037037,27,1.0,27,1.0,27,1.0,26,10000,0.045
truth,all pairs,5000000,10000,559483.9662836796,17,0.0017,78,0.0078,579,0.0579,1145,0.1145,2130,0.213,2265,0.2265,26,10000,0.045
decoded,ref/ref,5000000,4429,271810.78204908216,39,0.0088055994581169,126,0.0284488597877624,338,0.0763151953036802,452,0.1020546398735606,543,0.1226010386091668,745,0.1682095281101829,27,10000,0.3375
decoded,alt/ref,5000000,4472,2051821.611587466,0,0.0,0,0.0,0,0.0,0,0.0,0,0.0,0,0.0,27,10000,0.3375
decoded,alt/alt,5000000,1099,112215.23100800398,17,0.0154686078252957,115,0.1046405823475887,287,0.2611464968152866,536,0.4877161055505004,654,0.5950864422202001,701,0.637852593266606,27,10000,0.3375
decoded,all pairs,5000000,10000,1050292.073959233,56,0.0056,241,0.0241,625,0.0625,988,0.0988,1197,0.1197,1446,0.1446,27,10000,0.3375
truth,ref/ref,5000000,4429,247705.94377963425,26,0.0058703996387446,50,0.0112892300745089,239,0.0539625197561526,474,0.1070219011063445,620,0.1399864529239106,851,0.1921426958681417,27,10000,0.3375
truth,alt/ref,5000000,4472,1139935.7034614922,0,0.0,0,0.0,0,0.0,0,0.0,0,0.0,0,0.0,27,10000,0.3375
truth,alt/alt,5000000,1099,25314.149226569607,9,0.008189262966333,40,0.0363967242948134,322,0.2929936305732484,489,0.4449499545040946,1099,1.0,1099,1.0,27,10000,0.3375
truth,all pairs,5000000,10000,622270.2340879793,35,0.0035,90,0.009,561,0.0561,963,0.0963,1719,0.1719,1950,0.195,27,10000,0.3375
decoded,ref/ref,5000000,7939,665283.4641585314,47,0.0059201410757022,201,0.0253180501322584,618,0.0778435571230633,1018,0.1282277364907419,1354,0.1705504471595919,1636,0.2060712936138052,28,10000,0.1125
decoded,alt/ref,5000000,1954,1257372.6254190805,0,0.0,0,0.0,0,0.0,0,0.0,4,0.0020470829068577,5,0.0025588536335721,28,10000,0.1125
decoded,alt/alt,5000000,107,180263.3611991057,5,0.0467289719626168,14,0.1308411214953271,28,0.2616822429906542,34,0.3177570093457944,36,0.3364485981308411,36,0.3364485981308411,28,10000,0.1125
decoded,all pairs,5000000,10000,775787.9711671767,52,0.0052,215,0.0215,646,0.0646,1052,0.1052,1394,0.1394,1677,0.1677,28,10000,0.1125
truth,ref/ref,5000000,7939,555164.2366796826,22,0.0027711298652223,57,0.0071797455598941,315,0.0396775412520468,1067,0.1343997984632825,1227,0.1545534702103539,1551,0.1953646554981735,28,10000,0.1125
truth,alt/ref,5000000,1954,1150174.3046981534,0,0.0,0,0.0,0,0.0,0,0.0,0,0.0,0,0.0,28,10000,0.1125
truth,alt/alt,5000000,107,23669.392523364488,6,0.0560747663551401,22,0.205607476635514,55,0.514018691588785,55,0.514018691588785,107,1.0,107,1.0,28,10000,0.1125
truth,all pairs,5000000,10000,665742.2091380191,28,0.0028,79,0.0079,370,0.037,1122,0.1122,1334,0.1334,1658,0.1658,28,10000,0.1125
decoded,ref/ref,5000000,9680,293233.75187973905,50,0.0051652892561983,188,0.0194214876033057,567,0.0585743801652892,966,0.099793388429752,1369,0.1414256198347107,1759,0.1817148760330578,29,10000,0.015
decoded,alt/ref,5000000,317,1637396.6421462605,0,0.0,0,0.0,0,0.0,0,0.0,0,0.0,0,0.0,29,10000,0.015
decoded,alt/alt,5000000,3,16990.764046328713,0,0.0,2,0.6666666666666666,2,0.6666666666666666,2,0.6666666666666666,3,1.0,3,1.0,29,10000,0.015
decoded,all pairs,5000000,10000,335760.84260483773,50,0.005,190,0.019,569,0.0569,968,0.0968,1372,0.1372,1762,0.1762,29,10000,0.015
truth,ref/ref,5000000,9680,364170.2995867769,32,0.0033057851239669,68,0.0070247933884297,513,0.052995867768595,1322,0.1365702479338843,2140,0.2210743801652892,2707,0.2796487603305785,29,10000,0.015
truth,alt/ref,5000000,317,2530247.208043115,0,0.0,0,0.0,0,0.0,0,0.0,0,0.0,0,0.0,29,10000,0.015
truth,alt/alt,5000000,3,16291.666666666666,1,0.3333333333333333,2,0.6666666666666666,2,0.6666666666666666,2,0.6666666666666666,3,1.0,3,1.0,29,10000,0.015
truth,all pairs,5000000,10000,432730.5739949668,33,0.0033,70,0.007,515,0.0515,1324,0.1324,2143,0.2143,2710,0.271,29,10000,0.015
decoded,ref/ref,5000000,7809,442259.4439247968,42,0.0053784095274683,171,0.0218978102189781,467,0.0598027916506594,839,0.1074401331796644,1295,0.1658342937636061,1651,0.211422717377385,30,10000,0.1125
decoded,alt/ref,5000000,2043,904652.250844322,0,0.0,0,0.0,0,0.0,2,0.0009789525208027,4,0.0019579050416054,5,0.0024473813020068,30,10000,0.1125
decoded,alt/alt,5000000,148,233801.5533635516,4,0.027027027027027,7,0.0472972972972973,22,0.1486486486486486,35,0.2364864864864864,45,0.304054054054054,50,0.3378378378378378,30,10000,0.1125
decoded,all pairs,5000000,10000,533641.1175981493,46,0.0046,178,0.0178,489,0.0489,876,0.0876,1344,0.1344,1706,0.1706,30,10000,0.1125
truth,ref/ref,5000000,7809,519666.89076706365,35,0.0044820079395569,71,0.0090920732488154,388,0.049686259444231,857,0.1097451658342937,1706,0.2184658727109745,1807,0.2313996670508387,30,10000,0.1125
truth,alt/ref,5000000,2043,1064198.1348993226,0,0.0,0,0.0,0,0.0,0,0.0,0,0.0,0,0.0,30,10000,0.1125
truth,alt/alt,5000000,148,28178.20945945946,2,0.0135135135135135,12,0.081081081081081,48,0.3243243243243243,65,0.4391891891891892,130,0.8783783783783784,148,1.0,30,10000,0.1125
truth,all pairs,5000000,10000,623640.5914599316,37,0.0037,83,0.0083,436,0.0436,922,0.0922,1836,0.1836,1955,0.1955,30,10000,0.1125
decoded,ref/ref,5000000,2119,901537.1929862916,18,0.0084945729117508,87,0.0410571024067956,198,0.093440302029259,240,0.1132609721566776,292,0.1378008494572911,318,0.1500707881075979,31,10000,0.5375
decoded,alt/ref,5000000,4958,1322281.861991884,0,0.0,0,0.0,0,0.0,3,0.0006050826946349,6,0.0012101653892698,12,0.0024203307785397,31,10000,0.5375
decoded,alt/alt,5000000,2923,32230.02778578308,41,0.0140266849127608,278,0.0951077659938419,978,0.3345877523092713,1751,0.5990420800547382,2362,0.8080738966814917,2555,0.8741019500513172,31,10000,0.5375
decoded,all pairs,5000000,10000,856043.9154911557,59,0.0059,365,0.0365,1176,0.1176,1994,0.1994,2660,0.266,2885,0.2885,31,10000,0.5375
truth,ref/ref,5000000,2119,974306.6447987566,7,0.0033034450212364,21,0.0099103350637092,212,0.1000471920717319,327,0.1543180745634733,328,0.1547899952807928,419,0.1977347805568664,31,10000,0.5375
truth,alt/ref,5000000,4958,1176186.3136114017,0,0.0,0,0.0,0,0.0,0,0.0,0,0.0,0,0.0,31,10000,0.5375
truth,alt/alt,5000000,2923,25159.21142661649,11,0.0037632569278138,51,0.0174478275744098,473,0.1618200478959972,2854,0.976394115634622,2923,1.0,2923,1.0,31,10000,0.5375
truth,all pairs,5000000,10000,796962.7898213894,18,0.0018,72,0.0072,685,0.0685,3181,0.3181,3251,0.3251,3342,0.3342,31,10000,0.5375
decoded,ref/ref,5000000,4721,103708.37019581716,52,0.0110146155475534,117,0.0247828849819953,306,0.064816776106757,604,0.1279389959754289,866,0.1834357127727176,1195,0.2531243380639695,32,10000,0.3125
decoded,alt/ref,5000000,4297,1480585.6283851753,0,0.0,0,0.0,0,0.0,0,0.0,0,0.0,0,0.0,32,10000,0.3125
decoded,alt/alt,5000000,982,18774.867738375066,30,0.0305498981670061,239,0.2433808553971486,783,0.7973523421588594,899,0.9154786150712833,931,0.9480651731160896,934,0.9511201629327902,32,10000,0.3125
decoded,all pairs,5000000,10000,687012.0580984636,82,0.0082,356,0.0356,1089,0.1089,1503,0.1503,1797,0.1797,2129,0.2129,32,10000,0.3125
truth,ref/ref,5000000,4721,149905.1842829909,22,0.0046600296547341,50,0.0105909764880321,219,0.046388477017581,430,0.0910823977970768,729,0.1544164371955094,773,0.1637364965049777,32,10000,0.3125
truth,alt/ref,5000000,4297,3396645.455104785,0,0.0,0,0.0,0,0.0,0,0.0,0,0.0,0,0.0,32,10000,0.3125
truth,alt/alt,5000000,982,22402.494908350305,8,0.0081466395112016,36,0.0366598778004073,447,0.455193482688391,673,0.685336048879837,982,1.0,982,1.0,32,10000,0.3125
truth,all pairs,5000000,10000,1532508.7145585262,30,0.003,86,0.0086,666,0.0666,1103,0.1103,1711,0.1711,1755,0.1755,32,10000,0.3125
decoded,ref/ref,5000000,6240,535706.6763077636,30,0.0048076923076923,173,0.0277243589743589,632,0.1012820512820512,1384,0.2217948717948717,1834,0.2939102564102564,2175,0.3485576923076923,33,10000,0.21
decoded,alt/ref,5000000,3310,1167756.2193760255,0,0.0,0,0.0,0,0.0,0,0.0,0,0.0,0,0.0,33,10000,0.21
decoded,alt/alt,5000000,450,37457.45911664672,14,0.0311111111111111,105,0.2333333333333333,191,0.4244444444444444,233,0.5177777777777778,273,0.6066666666666667,344,0.7644444444444445,33,10000,0.21
decoded,all pairs,5000000,10000,722493.8602897581,44,0.0044,278,0.0278,823,0.0823,1617,0.1617,2107,0.2107,2519,0.2519,33,10000,0.21
truth,ref/ref,5000000,6240,833223.0177265541,16,0.0025641025641025,57,0.0091346153846153,263,0.0421474358974359,716,0.1147435897435897,1789,0.2866987179487179,2023,0.3241987179487179,33,10000,0.21
truth,alt/ref,5000000,3310,1357589.1534870693,0,0.0,0,0.0,0,0.0,0,0.0,0,0.0,0,0.0,33,10000,0.21
truth,alt/alt,5000000,450,18514.444444444445,3,0.0066666666666666,18,0.04,205,0.4555555555555555,450,1.0,450,1.0,450,1.0,33,10000,0.21
truth,all pairs,5000000,10000,970126.3228655896,19,0.0019,75,0.0075,468,0.0468,1166,0.1166,2239,0.2239,2473,0.2473,33,10000,0.21
decoded,ref/ref,5000000,9869,1012672.5044128252,34,0.0034451312189684,146,0.0147937987638058,490,0.0496504205086634,913,0.0925119059681832,1267,0.1283818016009727,1494,0.151383118857027,34,10000,0.0075
decoded,alt/ref,5000000,131,1515677.3199772325,0,0.0,0,0.0,0,0.0,0,0.0,0,0.0,0,0.0,34,10000,0.0075
decoded,alt/alt,5000000,0,,0,,0,,0,,0,,0,,0,,34,10000,0.0075
decoded,all pairs,5000000,10000,1019261.8674967188,34,0.0034,146,0.0146,490,0.049,913,0.0913,1267,0.1267,1494,0.1494,34,10000,0.0075
truth,ref/ref,5000000,9869,1699915.6408187463,17,0.0017225656094842,66,0.0066876076603505,469,0.0475225453440064,1007,0.1020366805147431,1478,0.149761880636336,1583,0.160401256459621,34,10000,0.0075
truth,alt/ref,5000000,131,3746141.932266168,0,0.0,0,0.0,0,0.0,0,0.0,0,0.0,0,0.0,34,10000,0.0075
truth,alt/alt,5000000,0,,0,,0,,0,,0,,0,,0,,34,10000,0.0075
truth,all pairs,5000000,10000,1726721.2052367076,17,0.0017,66,0.0066,469,0.0469,1007,0.1007,1478,0.1478,1583,0.1583,34,10000,0.0075
decoded,ref/ref,5000000,6816,643872.1161207819,35,0.0051349765258215,102,0.0149647887323943,322,0.0472417840375586,544,0.0798122065727699,770,0.1129694835680751,977,0.1433392018779342,35,10000,0.1725
decoded,alt/ref,5000000,2894,1240826.3862152852,0,0.0,0,0.0,0,0.0,0,0.0,0,0.0,1,0.0003455425017277,35,10000,0.1725
decoded,alt/alt,5000000,290,18761.125665889547,9,0.0310344827586206,63,0.2172413793103448,200,0.6896551724137931,264,0.9103448275862068,277,0.9551724137931036,283,0.9758620689655172,35,10000,0.1725
decoded,all pairs,5000000,10000,798502.4631629392,44,0.0044,165,0.0165,522,0.0522,808,0.0808,1047,0.1047,1261,0.1261,35,10000,0.1725
truth,ref/ref,5000000,6816,787972.1555366451,13,0.0019072769953051,50,0.0073356807511737,286,0.0419600938967136,537,0.0787852112676056,877,0.1286678403755868,1279,0.1876467136150234,35,10000,0.1725
truth,alt/ref,5000000,2894,1193340.7944728462,0,0.0,0,0.0,0,0.0,0,0.0,0,0.0,0,0.0,35,10000,0.1725
truth,alt/alt,5000000,290,15017.672413793103,3,0.0103448275862068,19,0.0655172413793103,290,1.0,290,1.0,290,1.0,290,1.0,35,10000,0.1725
truth,all pairs,5000000,10000,882870.159634219,16,0.0016,69,0.0069,576,0.0576,827,0.0827,1167,0.1167,1569,0.1569,35,10000,0.1725
decoded,ref/ref,5000000,6857,349716.7616263086,28,0.00408341840455,145,0.0211462738807058,536,0.0781682951728161,795,0.1159399154149044,955,0.1392737348694764,1215,0.1771911914831559,36,10000,0.1725
decoded,alt/ref,5000000,2840,1121522.894767969,0,0.0,0,0.0,0,0.0,0,0.0,0,0.0,0,0.0,36,10000,0.1725
decoded,alt/alt,5000000,303,29999.699075282457,8,0.0264026402640264,60,0.198019801980198,183,0.6039603960396039,228,0.7524752475247525,257,0.8481848184818482,269,0.8877887788778878,36,10000,0.1725
decoded,all pairs,5000000,10000,559222.276443244,36,0.0036,205,0.0205,719,0.0719,1023,0.1023,1212,0.1212,1484,0.1484,36,10000,0.1725
truth,ref/ref,5000000,6857,260403.43809246027,17,0.0024792183170482,44,0.0064168003500072,346,0.0504593845705118,770,0.1122940061251276,1157,0.1687326819308735,1157,0.1687326819308735,36,10000,0.1725
truth,alt/ref,5000000,2840,1162577.0684177172,0,0.0,0,0.0,0,0.0,0,0.0,0,0.0,0,0.0,36,10000,0.1725
truth,alt/alt,5000000,303,21985.56105610561,4,0.0132013201320132,21,0.0693069306930693,175,0.5775577557755776,183,0.6039603960396039,303,1.0,303,1.0,36,10000,0.1725
truth,all pairs,5000000,10000,509396.68743063166,21,0.0021,65,0.0065,521,0.0521,953,0.0953,1460,0.146,1460,0.146,36,10000,0.1725
decoded,ref/ref,5000000,8870,345373.553193864,46,0.0051860202931228,213,0.0240135287485907,659,0.0742953776775648,1334,0.1503945885005637,1933,0.2179255918827508,2363,0.2664036076662908,37,10000,0.0575
decoded,alt/ref,5000000,1096,877336.7950581958,0,0.0,1,0.000912408759124,1,0.000912408759124,1,0.000912408759124,1,0.000912408759124,1,0.000912408759124,37,10000,0.0575
decoded,alt/alt,5000000,34,33631.3919278613,4,0.1176470588235294,11,0.3235294117647059,12,0.3529411764705882,16,0.4705882352941176,21,0.6176470588235294,25,0.7352941176470589,37,10000,0.0575
decoded,all pairs,5000000,10000,402616.8011538903,50,0.005,225,0.0225,672,0.0672,1351,0.1351,1955,0.1955,2389,0.2389,37,10000,0.0575
truth,ref/ref,5000000,8870,437624.49267192784,26,0.0029312288613303,84,0.0094701240135287,348,0.0392333709131905,788,0.0888387824126268,1261,0.1421645997745208,1799,0.2028184892897407,37,10000,0.0575
truth,alt/ref,5000000,1096,951686.1313868612,0,0.0,0,0.0,0,0.0,0,0.0,0,0.0,0,0.0,37,10000,0.0575
truth,alt/alt,5000000,34,17812.5,3,0.088235294117647,11,0.3235294117647059,17,0.5,34,1.0,34,1.0,34,1.0,37,10000,0.0575
truth,all pairs,5000000,10000,492538.2875,29,0.0029,95,0.0095,365,0.0365,822,0.0822,1295,0.1295,1833,0.1833,37,10000,0.0575
decoded,ref/ref,5000000,6188,499379.9275893885,29,0.0046864899806076,119,0.0192307692307692,446,0.0720749838396897,700,0.1131221719457013,881,0.1423723335488041,1007,0.1627343244990303,38,10000,0.215
decoded,alt/ref,5000000,3355,1516344.6525154302,0,0.0,0,0.0,0,0.0,0,0.0,0,0.0,0,0.0,38,10000,0.215
decoded,alt/alt,5000000,457,19070.71004845596,18,0.0393873085339168,116,0.2538293216630197,323,0.7067833698030634,401,0.8774617067833698,426,0.9321663019693656,439,0.9606126914660832,38,10000,0.215
decoded,all pairs,5000000,10000,818621.4615604548,47,0.0047,235,0.0235,769,0.0769,1101,0.1101,1307,0.1307,1446,0.1446,38,10000,0.215
truth,ref/ref,5000000,6188,221426.12718164187,16,0.0025856496444731,71,0.0114738202973497,249,0.0402391725921137,578,0.0934065934065934,915,0.1478668390433096,1686,0.2724628312863607,38,10000,0.215
truth,alt/ref,5000000,3355,1694564.026005373,0,0.0,0,0.0,0,0.0,0,0.0,0,0.0,0,0.0,38,10000,0.215
truth,alt/alt,5000000,457,18606.67396061269,3,0.0065645514223194,28,0.061269146608315,204,0.4463894967177242,457,1.0,457,1.0,457,1.0,38,10000,0.215
truth,all pairs,5000000,10000,706395.0432248028,19,0.0019,99,0.0099,453,0.0453,1035,0.1035,1372,0.1372,2143,0.2143,38,10000,0.215
decoded,ref/ref,5000000,7470,476204.8435057738,51,0.0068273092369477,254,0.0340026773761713,963,0.1289156626506024,1660,0.2222222222222222,2226,0.2979919678714859,2518,0.3370816599732262,39,10000,0.135
decoded,alt/ref,5000000,2353,1816806.480011608,0,0.0,0,0.0,0,0.0,0,0.0,0,0.0,0,0.0,39,10000,0.135
decoded,alt/alt,5000000,177,52682.12409518351,9,0.0508474576271186,21,0.1186440677966101,41,0.231638418079096,70,0.3954802259887006,85,0.480225988700565,107,0.6045197740112994,39,10000,0.135
decoded,all pairs,5000000,10000,784152.0564420292,60,0.006,275,0.0275,1004,0.1004,1730,0.173,2311,0.2311,2625,0.2625,39,10000,0.135
truth,ref/ref,5000000,7470,300129.0829986613,18,0.0024096385542168,64,0.0085676037483266,376,0.050334672021419,1555,0.2081659973226238,1662,0.2224899598393574,2984,0.3994645247657296,39,10000,0.135
truth,alt/ref,5000000,2353,3091565.50661142,0,0.0,0,0.0,0,0.0,0,0.0,0,0.0,0,0.0,39,10000,0.135
truth,alt/alt,5000000,177,33640.536723163845,9,0.0508474576271186,21,0.1186440677966101,55,0.3107344632768362,81,0.4576271186440678,81,0.4576271186440678,177,1.0,39,10000,0.135
truth,all pairs,5000000,10000,952237.2262056672,27,0.0027,85,0.0085,431,0.0431,1636,0.1636,1743,0.1743,3161,0.3161,39,10000,0.135
decoded,ref/ref,5000000,9845,703582.656307698,56,0.0056881665820213,283,0.0287455561198577,1282,0.1302183849669883,1898,0.1927882173692229,2175,0.2209243270695784,2478,0.2517013712544438,40,10000,0.0075
decoded,alt/ref,5000000,155,1352861.6010149345,0,0.0,0,0.0,0,0.0,0,0.0,0,0.0,0,0.0,40,10000,0.0075
decoded,alt/alt,5000000,0,,0,,0,,0,,0,,0,,0,,40,10000,0.0075
decoded,all pairs,5000000,10000,713646.4799506603,56,0.0056,283,0.0283,1282,0.1282,1898,0.1898,2175,0.2175,2478,0.2478,40,10000,0.0075
truth,ref/ref,5000000,9845,1112604.3938342156,26,0.0026409344845099,77,0.0078212290502793,539,0.0547486033519553,833,0.0846114779075672,1606,0.1631284916201117,2492,0.2531234128999492,40,10000,0.0075
truth,alt/ref,5000000,155,1675771.587532106,0,0.0,0,0.0,0,0.0,0,0.0,0,0.0,0,0.0,40,10000,0.0075
truth,alt/alt,5000000,0,,0,,0,,0,,0,,0,,0,,40,10000,0.0075
truth,all pairs,5000000,10000,1121333.485336533,26,0.0026,77,0.0077,539,0.0539,833,0.0833,1606,0.1606,2492,0.2492,40,10000,0.0075
decoded,ref/ref,5000000,4846,490080.2640477538,22,0.0045398266611638,74,0.0152703260420965,254,0.0524143623607098,444,0.0916219562525794,565,0.1165910028889806,666,0.1374329343788691,41,10000,0.3075
decoded,alt/ref,5000000,4221,1015755.5042396584,1,0.0002369106846718,1,0.0002369106846718,1,0.0002369106846718,1,0.0002369106846718,2,0.0004738213693437,8,0.001895285477375,41,10000,0.3075
decoded,alt/alt,5000000,933,94277.7311368905,28,0.030010718113612,116,0.1243301178992497,252,0.270096463022508,385,0.412647374062165,480,0.5144694533762058,570,0.6109324758842444,41,10000,0.3075
decoded,all pairs,5000000,10000,675039.4066121732,51,0.0051,191,0.0191,507,0.0507,830,0.083,1047,0.1047,1244,0.1244,41,10000,0.3075
truth,ref/ref,5000000,4846,589770.5251836068,15,0.0030953363598844,56,0.0115559224102352,290,0.0598431696244325,692,0.1427981840693355,737,0.1520841931489888,1137,0.2346264960792406,41,10000,0.3075
truth,alt/ref,5000000,4221,789163.1282806451,0,0.0,0,0.0,0,0.0,0,0.0,0,0.0,0,0.0,41,10000,0.3075
truth,alt/alt,5000000,933,31642.550911039656,12,0.0128617363344051,43,0.0460878885316184,293,0.3140407288317256,305,0.3269024651661307,662,0.7095391211146839,662,0.7095391211146839,41,10000,0.3075
truth,all pairs,5000000,10000,621860.8029512361,27,0.0027,99,0.0099,583,0.0583,997,0.0997,1399,0.1399,1799,0.1799,41,10000,0.3075
decoded,ref/ref,5000000,2142,267898.48453993327,15,0.0070028011204481,45,0.0210084033613445,144,0.0672268907563025,230,0.107376283846872,323,0.1507936507936507,364,0.1699346405228758,42,10000,0.535
decoded,alt/ref,5000000,4952,1289236.4292640863,0,0.0,0,0.0,0,0.0,0,0.0,0,0.0,1,0.0002019386106623,42,10000,0.535
decoded,alt/alt,5000000,2906,95647.43428729572,41,0.0141087405368203,218,0.0750172057811424,459,0.1579490708878183,647,0.2226428079834824,849,0.2921541637990364,934,0.321403991741225,42,10000,0.535
decoded,all pairs,5000000,10000,723608.8795639174,56,0.0056,263,0.0263,603,0.0603,877,0.0877,1172,0.1172,1299,0.1299,42,10000,0.535
truth,ref/ref,5000000,2142,527060.7492997199,14,0.0065359477124183,31,0.0144724556489262,114,0.0532212885154061,252,0.1176470588235294,342,0.1596638655462184,374,0.1746031746031746,42,10000,0.535
truth,alt/ref,5000000,4952,1412188.2782509956,0,0.0,0,0.0,0,0.0,0,0.0,0,0.0,0,0.0,42,10000,0.535
truth,alt/alt,5000000,2906,39458.23296627667,14,0.0048176187198898,57,0.0196145905024088,501,0.1724019270474879,1030,0.3544390915347556,1030,0.3544390915347556,1030,0.3544390915347556,42,10000,0.535
truth,all pairs,5000000,10000,823678.6103898931,28,0.0028,88,0.0088,615,0.0615,1282,0.1282,1372,0.1372,1404,0.1404,42,10000,0.535
decoded,ref/ref,5000000,4276,775332.2884354407,33,0.0077174929840972,100,0.0233863423760523,334,0.0781103835360149,537,0.1255846585594013,838,0.1959775491113189,1017,0.2378391019644527,43,10000,0.3475
decoded,alt/ref,5000000,4498,1592603.181473815,0,0.0,0,0.0,1,0.0002223210315695,1,0.0002223210315695,1,0.0002223210315695,1,0.0002223210315695,43,10000,0.3475
decoded,alt/alt,5000000,1226,48949.592562424834,25,0.0203915171288743,132,0.1076672104404567,395,0.3221859706362153,616,0.5024469820554649,807,0.6582381729200653,909,0.7414355628058727,43,10000,0.3475
decoded,all pairs,5000000,10000,1053886.2176100698,58,0.0058,232,0.0232,730,0.073,1154,0.1154,1646,0.1646,1927,0.1927,43,10000,0.3475
truth,ref/ref,5000000,4276,847152.3591718449,18,0.0042095416276894,46,0.010757717492984,222,0.0519176800748363,730,0.1707202993451824,953,0.2228718428437792,953,0.2228718428437792,43,10000,0.3475
truth,alt/ref,5000000,4498,1394876.0172045275,0,0.0,0,0.0,0,0.0,0,0.0,0,0.0,0,0.0,43,10000,0.3475
truth,alt/alt,5000000,1226,31039.559543230014,9,0.0073409461663947,43,0.0350734094616639,288,0.2349102773246329,390,0.3181076672104405,728,0.5938009787928222,1226,1.0,43,10000,0.3475
truth,all pairs,5000000,10000,993463.0313204776,27,0.0027,89,0.0089,510,0.051,1120,0.112,1681,0.1681,2179,0.2179,43,10000,0.3475
decoded,ref/ref,5000000,7098,309923.4614943921,46,0.006480698788391,182,0.0256410256410256,603,0.0849535080304311,1313,0.184981684981685,1724,0.2428853198083967,2149,0.3027613412228797,44,10000,0.1525
decoded,alt/ref,5000000,2667,693942.0571635191,0,0.0,0,0.0,2,0.0007499062617172,6,0.0022497187851518,15,0.0056242969628796,28,0.0104986876640419,44,10000,0.1525
decoded,alt/alt,5000000,235,15577.30771604792,17,0.0723404255319148,100,0.425531914893617,174,0.7404255319148936,197,0.8382978723404255,228,0.9702127659574468,231,0.9829787234042552,44,10000,0.1525
decoded,all pairs,5000000,10000,405424.0863455572,63,0.0063,282,0.0282,779,0.0779,1516,0.1516,1967,0.1967,2408,0.2408,44,10000,0.1525
truth,ref/ref,5000000,7098,251628.62778247392,20,0.0028176951253874,52,0.0073260073260073,332,0.0467737390814313,809,0.1139757678219216,1095,0.1542688081149619,1385,0.1951253874330797,44,10000,0.1525
truth,alt/ref,5000000,2667,909125.0,0,0.0,0,0.0,0,0.0,0,0.0,0,0.0,0,0.0,44,10000,0.1525
truth,alt/alt,5000000,235,17153.72340425532,6,0.025531914893617,28,0.1191489361702127,160,0.6808510638297872,235,1.0,235,1.0,235,1.0,44,10000,0.1525
truth,all pairs,5000000,10000,421472.75,26,0.0026,80,0.008,492,0.0492,1044,0.1044,1330,0.133,1620,0.162,44,10000,0.1525
decoded,ref/ref,5000000,7044,194527.1475570309,32,0.0045428733674048,207,0.0293867120954003,670,0.0951164111300397,1050,0.1490630323679727,1442,0.2047132311186825,1734,0.2461669505962521,45,10000,0.155
decoded,alt/ref,5000000,2715,1353321.2687831766,0,0.0,0,0.0,0,0.0,0,0.0,0,0.0,0,0.0,45,10000,0.155
decoded,alt/alt,5000000,241,51274.561849308986,8,0.0331950207468879,27,0.1120331950207468,81,0.3360995850622407,134,0.5560165975103735,174,0.7219917012448133,188,0.7800829875518672,45,10000,0.155
decoded,all pairs,5000000,10000,505687.36415437335,40,0.004,234,0.0234,751,0.0751,1184,0.1184,1616,0.1616,1922,0.1922,45,10000,0.155
truth,ref/ref,5000000,7044,167309.51873935264,25,0.003549119818285,65,0.0092277115275411,315,0.0447189097103918,684,0.0971039182282793,1257,0.178449744463373,2014,0.2859170925610448,45,10000,0.155
truth,alt/ref,5000000,2715,1246648.8339484667,0,0.0,0,0.0,0,0.0,0,0.0,0,0.0,0,0.0,45,10000,0.155
truth,alt/alt,5000000,241,20148.340248962657,1,0.0041493775933609,13,0.0539419087136929,142,0.5892116182572614,215,0.8921161825726142,241,1.0,241,1.0,45,10000,0.155
truth,all pairs,5000000,10000,456803.5584170087,26,0.0026,78,0.0078,457,0.0457,899,0.0899,1498,0.1498,2255,0.2255,45,10000,0.155
decoded,ref/ref,5000000,9127,283799.581077044,37,0.0040539059932069,126,0.0138051933822723,413,0.0452503560863372,850,0.0931302728169168,1265,0.1385997589569409,1612,0.1766188232716117,46,10000,0.045
decoded,alt/ref,5000000,849,1460302.830898815,0,0.0,0,0.0,0,0.0,0,0.0,0,0.0,1,0.0011778563015312,46,10000,0.045
decoded,alt/alt,5000000,24,20655.728318580437,3,0.125,11,0.4583333333333333,18,0.75,21,0.875,22,0.9166666666666666,23,0.9583333333333334,46,10000,0.045
decoded,all pairs,5000000,10000,383053.161740292,40,0.004,137,0.0137,431,0.0431,871,0.0871,1287,0.1287,1636,0.1636,46,10000,0.045
truth,ref/ref,5000000,9127,351843.4166753323,21,0.002300865563712,57,0.0062452065300756,380,0.041634710200504,730,0.079982469595705,960,0.1051824257696943,1567,0.1716883970636573,46,10000,0.045
truth,alt/ref,5000000,849,1798581.909697231,0,0.0,0,0.0,0,0.0,0,0.0,0,0.0,0,0.0,46,10000,0.045
truth,alt/alt,5000000,24,10156.25,1,0.0416666666666666,9,0.375,24,1.0,24,1.0,24,1.0,24,1.0,46,10000,0.045
truth,all pairs,5000000,10000,473851.4655328707,22,0.0022,66,0.0066,404,0.0404,754,0.0754,984,0.0984,1591,0.1591,46,10000,0.045
decoded,ref/ref,5000000,6937,262071.9095498808,41,0.0059103358800634,164,0.0236413435202537,446,0.0642929220123973,675,0.0973043102205564,895,0.1290183076257748,1093,0.1575609052904714,47,10000,0.165
decoded,alt/ref,5000000,2808,729100.4898856768,0,0.0,0,0.0,2,0.0007122507122507,3,0.001068376068376,6,0.0021367521367521,17,0.006054131054131,47,10000,0.165
decoded,alt/alt,5000000,255,19126.026923243426,7,0.0274509803921568,69,0.2705882352941176,158,0.6196078431372549,208,0.8156862745098039,236,0.9254901960784314,243,0.9529411764705882,47,10000,0.165
decoded,all pairs,5000000,10000,387018.41490119306,48,0.0048,233,0.0233,606,0.0606,886,0.0886,1137,0.1137,1353,0.1353,47,10000,0.165
truth,ref/ref,5000000,6937,409129.1444428428,20,0.0028830906732016,54,0.0077843448176445,324,0.046706068905867,697,0.1004757099610782,963,0.1388208159146605,1057,0.1523713420787083,47,10000,0.165
truth,alt/ref,5000000,2808,882625.0,0,0.0,0,0.0,0,0.0,0,0.0,0,0.0,0,0.0,47,10000,0.165
truth,alt/alt,5000000,255,13269.117647058823,4,0.0156862745098039,26,0.1019607843137254,255,1.0,255,1.0,255,1.0,255,1.0,47,10000,0.165
truth,all pairs,5000000,10000,531992.35,24,0.0024,80,0.008,579,0.0579,952,0.0952,1218,0.1218,1312,0.1312,47,10000,0.165
decoded,ref/ref,5000000,8102,676371.5557708679,51,0.0062947420390027,167,0.0206121945198716,963,0.1188595408541101,1535,0.1894593927425327,1828,0.2256233028881757,2094,0.258454702542582,48,10000,0.1025
decoded,alt/ref,5000000,1800,1431888.061538535,0,0.0,0,0.0,0,0.0,0,0.0,0,0.0,0,0.0,48,10000,0.1025
decoded,alt/alt,5000000,98,39392.17051344586,4,0.0408163265306122,9,0.0918367346938775,23,0.2346938775510204,41,0.4183673469387755,53,0.5408163265306123,70,0.7142857142857143,48,10000,0.1025
decoded,all pairs,5000000,10000,806122.1288335252,55,0.0055,176,0.0176,986,0.0986,1576,0.1576,1881,0.1881,2164,0.2164,48,10000,0.1025
truth,ref/ref,5000000,8102,1081964.1441001378,32,0.0039496420636879,73,0.0090101209577882,292,0.0360404838311528,634,0.078252283386818,1400,0.172796840286349,2147,0.2649962972105653,48,10000,0.1025
truth,alt/ref,5000000,1800,2071281.867783452,0,0.0,0,0.0,0,0.0,0,0.0,0,0.0,0,0.0,48,10000,0.1025
truth,alt/alt,5000000,98,23867.34693877551,3,0.0306122448979591,10,0.1020408163265306,25,0.2551020408163265,61,0.6224489795918368,98,1.0,98,1.0,48,10000,0.1025
truth,all pairs,5000000,10000,1249671.985750953,35,0.0035,83,0.0083,317,0.0317,695,0.0695,1498,0.1498,2245,0.2245,48,10000,0.1025
decoded,ref/ref,5000000,4734,438223.0008960264,32,0.0067596113223489,102,0.0215462610899873,317,0.0669623996620194,501,0.1058301647655259,721,0.1523024926066751,884,0.1867342627798901,49,10000,0.3075
decoded,alt/ref,5000000,4342,1224903.6385457823,0,0.0,0,0.0,0,0.0,0,0.0,2,0.0004606172270842,2,0.0004606172270842,49,10000,0.3075
decoded,alt/alt,5000000,924,79545.08857534477,36,0.0389610389610389,67,0.0725108225108225,246,0.2662337662337662,400,0.4329004329004329,474,0.512987012987013,533,0.5768398268398268,49,10000,0.3075
decoded,all pairs,5000000,10000,746657.8946651196,68,0.0068,169,0.0169,563,0.0563,901,0.0901,1197,0.1197,1419,0.1419,49,10000,0.3075
truth,ref/ref,5000000,4734,688825.8343749568,14,0.0029573299535276,38,0.0080270384452893,279,0.05893536121673,541,0.1142796789184621,733,0.1548373468525559,975,0.20595690747782,49,10000,0.3075
truth,alt/ref,5000000,4342,1386548.9343755832,0,0.0,0,0.0,0,0.0,0,0.0,0,0.0,0,0.0,49,10000,0.3075
truth,alt/alt,5000000,924,37144.07467532468,15,0.0162337662337662,45,0.0487012987012987,200,0.2164502164502164,272,0.2943722943722944,272,0.2943722943722944,622,0.6731601731601732,49,10000,0.3075
truth,all pairs,5000000,10000,931561.8097989828,29,0.0029,83,0.0083,479,0.0479,813,0.0813,1005,0.1005,1597,0.1597,49,10000,0.3075
decoded,ref/ref,5000000,2506,320466.23362867406,13,0.0051875498802873,73,0.0291300877893056,171,0.0682362330407023,248,0.0989624900239425,338,0.13487629688747,438,0.174780526735834,50,10000,0.4975
decoded,alt/ref,5000000,5065,1304500.8812624975,0,0.0,0,0.0,0,0.0,0,0.0,0,0.0,1,0.0001974333662388,50,10000,0.4975
decoded,alt/alt,5000000,2429,100696.961552155,28,0.0115273775216138,140,0.0576368876080691,457,0.1881432688349114,702,0.2890078221490325,845,0.3478797859201317,929,0.3824619184849732,50,10000,0.4975
decoded,all pairs,5000000,10000,765497.8264678192,41,0.0041,213,0.0213,628,0.0628,950,0.095,1183,0.1183,1368,0.1368,50,10000,0.4975
truth,ref/ref,5000000,2506,231281.22505985637,9,0.0035913806863527,32,0.0127693535514764,165,0.0658419792498004,329,0.1312849162011173,362,0.1444533120510774,669,0.2669592976855546,50,10000,0.4975
truth,alt/ref,5000000,5065,1246046.7550566143,0,0.0,0,0.0,0,0.0,0,0.0,0,0.0,0,0.0,50,10000,0.4975
truth,alt/alt,5000000,2429,32196.27418690819,10,0.0041169205434335,48,0.0197612186084808,367,0.1510909839440098,979,0.4030465212021408,1908,0.785508439687114,2429,1.0,50,10000,0.4975
truth,all pairs,5000000,10000,696902.2314361753,19,0.0019,80,0.008,532,0.0532,1308,0.1308,2270,0.227,3098,0.3098,50,10000,0.4975
decoded,ref/ref,5000000,2503,664859.1456359876,20,0.0079904115061925,82,0.0327606871753895,264,0.1054734318817419,459,0.1833799440671194,561,0.2241310427487015,629,0.2512984418697563,51,10000,0.4975
decoded,alt/ref,5000000,5087,1416203.1783860016,0,0.0,0,0.0,0,0.0,1,0.0001965795164143,1,0.0001965795164143,1,0.0001965795164143,51,10000,0.4975
decoded,alt/alt,5000000,2410,31051.49324182599,32,0.0132780082987551,214,0.0887966804979253,1013,0.4203319502074689,1690,0.7012448132780082,2000,0.8298755186721992,2195,0.9107883817427386,51,10000,0.4975
decoded,all pairs,5000000,10000,894320.2108689268,52,0.0052,296,0.0296,1277,0.1277,2150,0.215,2562,0.2562,2825,0.2825,51,10000,0.4975
truth,ref/ref,5000000,2503,901169.5292836056,13,0.0051937674790251,36,0.0143827407111466,178,0.0711146624051138,450,0.1797842588893328,565,0.22572912504994,1028,0.410707151418298,51,10000,0.4975
truth,alt/ref,5000000,5087,1262050.655239602,0,0.0,0,0.0,0,0.0,0,0.0,0,0.0,0,0.0,51,10000,0.4975
truth,alt/alt,5000000,2410,36474.22199170125,16,0.0066390041493775,62,0.0257261410788381,513,0.212863070539419,770,0.3195020746887966,948,0.3933609958506224,2410,1.0,51,10000,0.4975
truth,all pairs,5000000,10000,876358.189000072,29,0.0029,98,0.0098,691,0.0691,1220,0.122,1513,0.1513,3438,0.3438,51,10000,0.4975
decoded,ref/ref,5000000,2278,328698.71370825666,11,0.0048287971905179,51,0.0223880597014925,168,0.073748902546093,269,0.1180860403863037,350,0.1536435469710272,461,0.2023705004389815,52,10000,0.5175
decoded,alt/ref,5000000,5031,747301.6852148153,0,0.0,0,0.0,1,0.0001987676406281,3,0.0005963029218843,3,0.0005963029218843,6,0.0011926058437686,52,10000,0.5175
decoded,alt/alt,5000000,2691,44802.02723359767,31,0.0115198810850984,138,0.0512820512820512,752,0.2794500185804534,1149,0.4269788182831661,1753,0.6514306949089558,2019,0.750278706800446,52,10000,0.5175
decoded,all pairs,5000000,10000,462901.2703428756,42,0.0042,189,0.0189,921,0.0921,1421,0.1421,2106,0.2106,2486,0.2486,52,10000,0.5175
truth,ref/ref,5000000,2278,359389.1571553995,9,0.0039508340649692,29,0.0127304653204565,137,0.0601404741000878,397,0.1742756804214223,404,0.1773485513608428,567,0.2489025460930641,52,10000,0.5175
truth,alt/ref,5000000,5031,766125.0,0,0.0,0,0.0,0,0.0,0,0.0,0,0.0,0,0.0,52,10000,0.5175
truth,alt/alt,5000000,2691,40057.92456335935,20,0.0074321813452248,39,0.0144927536231884,257,0.0955035302861389,447,0.1661092530657748,749,0.2783351913786696,2691,1.0,52,10000,0.5175
truth,all pairs,5000000,10000,478085.925,29,0.0029,68,0.0068,394,0.0394,844,0.0844,1153,0.1153,3258,0.3258,52,10000,0.5175
decoded,ref/ref,5000000,4878,245796.1299364435,26,0.005330053300533,110,0.022550225502255,357,0.0731857318573185,590,0.1209512095120951,741,0.1519065190651906,905,0.1855268552685527,53,10000,0.2975
decoded,alt/ref,5000000,4202,881239.6332120068,0,0.0,1,0.0002379819133745,1,0.0002379819133745,1,0.0002379819133745,1,0.0002379819133745,1,0.0002379819133745,53,10000,0.2975
decoded,alt/alt,5000000,920,45637.68999632397,20,0.0217391304347826,88,0.0956521739130434,305,0.3315217391304347,506,0.55,617,0.6706521739130434,777,0.8445652173913043,53,10000,0.2975
decoded,all pairs,5000000,10000,494394.91353834426,46,0.0046,199,0.0199,663,0.0663,1097,0.1097,1359,0.1359,1683,0.1683,53,10000,0.2975
truth,ref/ref,5000000,4878,191593.5578105781,17,0.0034850348503485,37,0.0075850758507585,220,0.04510045100451,488,0.1000410004100041,617,0.1264862648626486,1053,0.2158671586715867,53,10000,0.2975
truth,alt/ref,5000000,4202,1416550.1783175676,0,0.0,0,0.0,0,0.0,0,0.0,0,0.0,0,0.0,53,10000,0.2975
truth,alt/alt,5000000,920,25010.190217391304,14,0.0152173913043478,45,0.0489130434782608,227,0.2467391304347826,583,0.633695652173913,920,1.0,920,1.0,53,10000,0.2975
truth,all pairs,5000000,10000,690994.6599290419,31,0.0031,82,0.0082,447,0.0447,1071,0.1071,1537,0.1537,1973,0.1973,53,10000,0.2975
decoded,ref/ref,5000000,7167,353736.8402329813,35,0.0048834937909864,194,0.0270685084414678,564,0.0786940142318961,821,0.1145528114971396,1221,0.1703641691084135,1444,0.2014790009766987,54,10000,0.1525
decoded,alt/ref,5000000,2610,937116.5079395236,0,0.0,0,0.0,0,0.0,0,0.0,0,0.0,1,0.0003831417624521,54,10000,0.1525
decoded,alt/alt,5000000,223,13256.863118936391,28,0.1255605381165919,82,0.3677130044843049,196,0.8789237668161435,215,0.9641255605381166,218,0.9775784753363228,220,0.9865470852017936,54,10000,0.1525
decoded,all pairs,5000000,10000,498406.2300147457,63,0.0063,276,0.0276,760,0.076,1036,0.1036,1439,0.1439,1665,0.1665,54,10000,0.1525
truth,ref/ref,5000000,7167,455807.55125670886,21,0.0029300962745918,63,0.0087902888237756,301,0.0419980466024836,771,0.1075763917957304,993,0.1385516952699874,1259,0.1756662480814846,54,10000,0.1525
truth,alt/ref,5000000,2610,799157.6755958856,0,0.0,0,0.0,0,0.0,0,0.0,0,0.0,0,0.0,54,10000,0.1525
truth,alt/alt,5000000,223,15663.677130044844,8,0.0358744394618834,29,0.1300448430493273,223,1.0,223,1.0,223,1.0,223,1.0,54,10000,0.1525
truth,all pairs,5000000,10000,535606.7253162094,29,0.0029,92,0.0092,524,0.0524,994,0.0994,1216,0.1216,1482,0.1482,54,10000,0.1525
decoded,ref/ref,5000000,3969,361181.4484552454,16,0.0040312421264802,81,0.0204081632653061,357,0.0899470899470899,620,0.1562106324011085,772,0.1945074326026707,885,0.2229780801209372,55,10000,0.3725
decoded,alt/ref,5000000,4665,1256418.8054532518,0,0.0,0,0.0,1,0.00021436227224,2,0.0004287245444801,4,0.0008574490889603,5,0.0010718113612004,55,10000,0.3725
decoded,alt/alt,5000000,1366,38794.51980057021,22,0.0161054172767203,168,0.1229868228404099,571,0.41800878477306,890,0.6515373352855052,1126,0.8243045387994143,1181,0.8645680819912153,55,10000,0.3725
decoded,all pairs,5000000,10000,734771.6210405867,38,0.0038,249,0.0249,929,0.0929,1512,0.1512,1902,0.1902,2071,0.2071,55,10000,0.3725
truth,ref/ref,5000000,3969,330739.2605190224,12,0.0030234315948601,31,0.0078105316200554,159,0.0400604686318972,467,0.1176618795666414,862,0.2171831695641219,955,0.2406147644242882,55,10000,0.3725
truth,alt/ref,5000000,4665,2247447.582948062,0,0.0,0,0.0,0,0.0,0,0.0,0,0.0,0,0.0,55,10000,0.3725
truth,alt/alt,5000000,1366,23179.72181551977,10,0.007320644216691,43,0.0314787701317716,413,0.3023426061493411,1366,1.0,1366,1.0,1366,1.0,55,10000,0.3725
truth,all pairs,5000000,10000,1182871.059945271,22,0.0022,74,0.0074,572,0.0572,1833,0.1833,2228,0.2228,2321,0.2321,55,10000,0.3725
decoded,ref/ref,5000000,8021,221531.75322426745,39,0.0048622366288492,156,0.019448946515397,565,0.0704400947512779,879,0.1095873332502181,1110,0.1383867348210946,1394,0.1737937912978431,56,10000,0.105
decoded,alt/ref,5000000,1863,1273251.639719474,0,0.0,0,0.0,0,0.0,0,0.0,0,0.0,0,0.0,56,10000,0.105
decoded,alt/alt,5000000,116,79809.18740066876,8,0.0689655172413793,17,0.146551724137931,34,0.293103448275862,50,0.4310344827586206,54,0.4655172413793103,61,0.5258620689655172,56,10000,0.105
decoded,all pairs,5000000,10000,415823.1863147707,47,0.0047,173,0.0173,599,0.0599,929,0.0929,1164,0.1164,1455,0.1455,56,10000,0.105
truth,ref/ref,5000000,8021,362662.1057224785,20,0.0024934546814611,68,0.0084777459169679,338,0.0421393841166936,765,0.0953746415658895,1062,0.1324024435855878,1064,0.1326517890537339,56,10000,0.105
truth,alt/ref,5000000,1863,1246557.0796440877,0,0.0,0,0.0,0,0.0,0,0.0,0,0.0,0,0.0,56,10000,0.105
truth,alt/alt,5000000,116,19046.33620689655,3,0.0258620689655172,16,0.1379310344827586,54,0.4655172413793103,116,1.0,116,1.0,116,1.0,56,10000,0.105
truth,all pairs,5000000,10000,523345.7964376936,23,0.0023,84,0.0084,392,0.0392,881,0.0881,1178,0.1178,1180,0.118,56,10000,0.105
decoded,ref/ref,5000000,8949,395251.4768129168,32,0.0035758185272097,158,0.0176556039780981,512,0.0572130964353559,896,0.1001229187618728,1576,0.1761090624650799,2140,0.2391328640071516,57,10000,0.0525
decoded,alt/ref,5000000,1024,1359819.2429293802,0,0.0,0,0.0,0,0.0,0,0.0,0,0.0,0,0.0,57,10000,0.0525
decoded,alt/alt,5000000,27,7265.45381084801,11,0.4074074074074074,20,0.7407407407407407,27,1.0,27,1.0,27,1.0,27,1.0,57,10000,0.0525
decoded,all pairs,5000000,10000,492975.65380113706,43,0.0043,178,0.0178,539,0.0539,923,0.0923,1603,0.1603,2167,0.2167,57,10000,0.0525
truth,ref/ref,5000000,8949,779180.5269053624,18,0.0020113979215554,60,0.0067046597385182,304,0.0339702760084925,778,0.0869370879427869,1230,0.1374455246396245,1511,0.1688456810816851,57,10000,0.0525
truth,alt/ref,5000000,1024,1620708.6130181097,0,0.0,0,0.0,0,0.0,0,0.0,0,0.0,0,0.0,57,10000,0.0525
truth,alt/alt,5000000,27,9532.407407407409,1,0.037037037037037,10,0.3703703703703703,27,1.0,27,1.0,27,1.0,27,1.0,57,10000,0.0525
truth,all pairs,5000000,10000,863274.9530006632,19,0.0019,70,0.007,331,0.0331,805,0.0805,1257,0.1257,1538,0.1538,57,10000,0.0525
decoded,ref/ref,5000000,2627,171297.4060483619,21,0.0079939094023601,64,0.0243623905595736,206,0.0784164446136277,327,0.1244765892653216,472,0.1796726303768557,581,0.2211648267986296,58,10000,0.49
decoded,alt/ref,5000000,4993,1438033.7226299525,0,0.0,0,0.0,0,0.0,1,0.0002002803925495,1,0.0002002803925495,1,0.0002002803925495,58,10000,0.49
decoded,alt/alt,5000000,2380,31694.40132984952,22,0.0092436974789915,132,0.0554621848739495,664,0.2789915966386554,1438,0.6042016806722689,1888,0.7932773109243697,2048,0.8605042016806723,58,10000,0.49
decoded,all pairs,5000000,10000,770553.3337945441,43,0.0043,196,0.0196,870,0.087,1766,0.1766,2361,0.2361,2630,0.263,58,10000,0.49
truth,ref/ref,5000000,2627,313264.8934145413,12,0.00456794822992,31,0.0118005329272934,132,0.0502474305291206,233,0.0886943281309478,566,0.2154548915112295,572,0.2177388656261895,58,10000,0.49
truth,alt/ref,5000000,4993,2767726.182195059,0,0.0,0,0.0,0,0.0,0,0.0,0,0.0,0,0.0,58,10000,0.49
truth,alt/alt,5000000,2380,26438.550420168067,11,0.0046218487394957,55,0.0231092436974789,384,0.161344537815126,1515,0.6365546218487395,2380,1.0,2380,1.0,58,10000,0.49
truth,all pairs,5000000,10000,1470512.745269993,23,0.0023,86,0.0086,516,0.0516,1748,0.1748,2946,0.2946,2952,0.2952,58,10000,0.49
decoded,ref/ref,5000000,4904,487316.6541689065,25,0.0050978792822185,160,0.032626427406199,556,0.1133768352365416,861,0.1755709624796085,1192,0.2430668841761827,1417,0.2889477977161501,59,10000,0.3
decoded,alt/ref,5000000,4217,1261479.9525831917,0,0.0,0,0.0,0,0.0,0,0.0,0,0.0,1,0.0002371354043158,59,10000,0.3
decoded,alt/alt,5000000,879,35901.49501267495,19,0.0216154721274175,94,0.1069397042093287,348,0.3959044368600682,483,0.5494880546075085,632,0.7189988623435722,700,0.7963594994311718,59,10000,0.3
decoded,all pairs,5000000,10000,774101.9246203778,44,0.0044,254,0.0254,904,0.0904,1344,0.1344,1824,0.1824,2118,0.2118,59,10000,0.3
truth,ref/ref,5000000,4904,827715.1815884055,12,0.0024469820554649,42,0.0085644371941272,272,0.0554649265905383,725,0.1478384991843393,1106,0.2255301794453507,1152,0.2349102773246329,59,10000,0.3
truth,alt/ref,5000000,4217,1378469.6911316903,0,0.0,0,0.0,0,0.0,0,0.0,0,0.0,0,0.0,59,10000,0.3
truth,alt/alt,5000000,879,23107.935153583618,11,0.0125142207053469,57,0.0648464163822525,373,0.4243458475540387,451,0.5130830489192264,879,1.0,879,1.0,59,10000,0.3
truth,all pairs,5000000,10000,989243.381301188,23,0.0023,99,0.0099,645,0.0645,1176,0.1176,1985,0.1985,2031,0.2031,59,10000,0.3
decoded,ref/ref,5000000,3207,336150.279901906,22,0.006859993763642,76,0.0236981602743997,219,0.0682881197380729,340,0.1060180854381041,455,0.1418771437480511,510,0.1590271281571562,60,10000,0.43
decoded,alt/ref,5000000,4915,1187781.96456673,0,0.0,0,0.0,0,0.0,0,0.0,0,0.0,0,0.0,60,10000,0.43
decoded,alt/alt,5000000,1878,80329.13717441101,69,0.0367412140575079,253,0.1347177848775292,532,0.2832800851970181,722,0.3844515441959531,882,0.4696485623003195,1035,0.5511182108626198,60,10000,0.43
decoded,all pairs,5000000,10000,706684.0423104434,91,0.0091,329,0.0329,751,0.0751,1062,0.1062,1337,0.1337,1545,0.1545,60,10000,0.43
truth,ref/ref,5000000,3207,225742.8671655753,15,0.0046772684752104,34,0.0106018085438104,152,0.0473963205487995,324,0.1010289990645463,550,0.1714998440910508,581,0.1811661989398191,60,10000,0.43
truth,alt/ref,5000000,4915,907814.5981688708,0,0.0,0,0.0,0,0.0,0,0.0,0,0.0,0,0.0,60,10000,0.43
truth,alt/alt,5000000,1878,36180.11182108626,9,0.0047923322683706,43,0.0228966986155484,263,0.1400425985090521,486,0.2587859424920127,1159,0.6171458998935038,1455,0.7747603833865815,60,10000,0.43
truth,all pairs,5000000,10000,525381.2375,24,0.0024,77,0.0077,415,0.0415,810,0.081,1709,0.1709,2036,0.2036,60,10000,0.43
decoded,ref/ref,5000000,2058,183672.77610834964,17,0.0082604470359572,63,0.0306122448979591,148,0.0719144800777453,199,0.0966958211856171,239,0.1161321671525753,267,0.129737609329446,61,10000,0.5425
decoded,alt/ref,5000000,5002,844466.8994883489,0,0.0,0,0.0,0,0.0,0,0.0,0,0.0,0,0.0,61,10000,0.5425
decoded,alt/alt,5000000,2940,51889.90759918948,21,0.0071428571428571,177,0.060204081632653,658,0.2238095238095238,1240,0.4217687074829932,1609,0.5472789115646258,1916,0.6517006802721088,61,10000,0.5425
decoded,all pairs,5000000,10000,475457.8332813321,38,0.0038,240,0.024,806,0.0806,1439,0.1439,1848,0.1848,2183,0.2183,61,10000,0.5425
truth,ref/ref,5000000,2058,179958.87998056365,8,0.0038872691933916,19,0.0092322643343051,124,0.0602526724975704,180,0.0874635568513119,296,0.1438289601554907,311,0.1511175898931001,61,10000,0.5425
truth,alt/ref,5000000,5002,790625.0,0,0.0,0,0.0,0,0.0,0,0.0,0,0.0,0,0.0,61,10000,0.5425
truth,alt/alt,5000000,2940,36060.9693877551,12,0.0040816326530612,56,0.019047619047619,501,0.1704081632653061,1128,0.3836734693877551,1128,0.3836734693877551,2940,1.0,61,10000,0.5425
truth,all pairs,5000000,10000,443108.0875,20,0.002,75,0.0075,625,0.0625,1308,0.1308,1424,0.1424,3251,0.3251,61,10000,0.5425
decoded,ref/ref,5000000,5723,587363.805278212,30,0.00524200594094,109,0.0190459549187489,341,0.059584134195352,635,0.1109557924165647,946,0.1652979206709767,1158,0.2023414293202865,62,10000,0.245
decoded,alt/ref,5000000,3670,1487365.3001531542,0,0.0,0,0.0,0,0.0,0,0.0,1,0.0002724795640326,1,0.0002724795640326,62,10000,0.245
decoded,alt/alt,5000000,607,44211.63783607829,16,0.0263591433278418,64,0.1054365733113673,172,0.2833607907742998,287,0.4728171334431631,347,0.57166392092257,388,0.6392092257001647,62,10000,0.245
decoded,all pairs,5000000,10000,884695.0173335783,46,0.0046,173,0.0173,513,0.0513,922,0.0922,1294,0.1294,1547,0.1547,62,10000,0.245
truth,ref/ref,5000000,5723,454218.78822296,17,0.0029704700331993,57,0.0099598112877861,273,0.0477022540625546,436,0.0761838196749956,919,0.1605801153241307,1392,0.243229075659619,62,10000,0.245
truth,alt/ref,5000000,3670,1791792.823712906,0,0.0,0,0.0,0,0.0,0,0.0,0,0.0,0,0.0,62,10000,0.245
truth,alt/alt,5000000,607,21241.35090609555,11,0.0181219110378912,28,0.0461285008237232,175,0.2883031301482702,607,1.0,607,1.0,607,1.0,62,10000,0.245
truth,all pairs,5000000,10000,918826.7288026364,28,0.0028,85,0.0085,448,0.0448,1043,0.1043,1526,0.1526,1999,0.1999,62,10000,0.245
decoded,ref/ref,5000000,5594,559193.6404738317,24,0.0042903110475509,123,0.0219878441186986,504,0.0900965319985699,876,0.1565963532356095,1223,0.2186271004647837,1480,0.2645691812656418,63,10000,0.2525
decoded,alt/ref,5000000,3761,1284889.1426036996,0,0.0,0,0.0,0,0.0,0,0.0,0,0.0,0,0.0,63,10000,0.2525
decoded,alt/alt,5000000,645,71413.81545586023,25,0.0387596899224806,73,0.1131782945736434,157,0.2434108527131783,223,0.3457364341085271,255,0.3953488372093023,275,0.4263565891472868,63,10000,0.2525
decoded,all pairs,5000000,10000,800665.9201112157,49,0.0049,196,0.0196,661,0.0661,1099,0.1099,1478,0.1478,1755,0.1755,63,10000,0.2525
truth,ref/ref,5000000,5594,566208.9833982408,18,0.0032177332856632,50,0.0089381480157311,324,0.0579191991419377,857,0.1531998569896317,898,0.1605291383625312,1936,0.3460850911691097,63,10000,0.2525
truth,alt/ref,5000000,3761,1241853.519222045,0,0.0,0,0.0,0,0.0,0,0.0,0,0.0,0,0.0,63,10000,0.2525
truth,alt/alt,5000000,645,25899.03100775194,16,0.0248062015503875,42,0.0651162790697674,183,0.2837209302325581,348,0.5395348837209303,645,1.0,645,1.0,63,10000,0.2525
truth,all pairs,5000000,10000,785468.9013923871,34,0.0034,92,0.0092,507,0.0507,1205,0.1205,1543,0.1543,2581,0.2581,63,10000,0.2525
decoded,ref/ref,5000000,6818,311652.65902661096,34,0.0049867996479906,144,0.021120563215019,562,0.0824288647697271,921,0.1350836022293927,1256,0.1842182458198885,1525,0.2236726312701672,64,10000,0.17
decoded,alt/ref,5000000,2929,854193.3043766131,0,0.0,0,0.0,0,0.0,0,0.0,0,0.0,0,0.0,64,10000,0.17
decoded,alt/alt,5000000,253,13410.33426957615,11,0.0434782608695652,87,0.3438735177865613,212,0.8379446640316206,248,0.9802371541501976,249,0.984189723320158,252,0.9960474308300395,64,10000,0.17
decoded,all pairs,5000000,10000,463017.2832332736,45,0.0045,231,0.0231,774,0.0774,1169,0.1169,1505,0.1505,1777,0.1777,64,10000,0.17
truth,ref/ref,5000000,6818,269228.7970559143,20,0.0029334115576415,53,0.00777354062775,393,0.0576415371076562,621,0.0910824288647697,1025,0.1503373423291287,2816,0.4130243473159284,64,10000,0.17
truth,alt/ref,5000000,2929,1203291.6505865322,0,0.0,0,0.0,0,0.0,0,0.0,0,0.0,0,0.0,64,10000,0.17
truth,alt/alt,5000000,253,17664.03162055336,0,0.0,12,0.0474308300395256,192,0.758893280632411,253,1.0,253,1.0,253,1.0,64,10000,0.17
truth,all pairs,5000000,10000,536451.2182895177,20,0.002,65,0.0065,585,0.0585,874,0.0874,1278,0.1278,3069,0.3069,64,10000,0.17
decoded,ref/ref,5000000,8822,940869.688723177,36,0.0040807073226025,194,0.0219904783495805,605,0.0685785536159601,915,0.1037179777828156,1115,0.1263885740194967,1283,0.1454318748583087,65,10000,0.06
decoded,alt/ref,5000000,1149,1481770.8845199896,0,0.0,1,0.000870322019147,1,0.000870322019147,1,0.000870322019147,1,0.000870322019147,1,0.000870322019147,65,10000,0.06
decoded,alt/alt,5000000,29,12396.865164552142,2,0.0689655172413793,16,0.5517241379310345,25,0.8620689655172413,27,0.9310344827586208,29,1.0,29,1.0,65,10000,0.06
decoded,all pairs,5000000,10000,1000326.6649319108,38,0.0038,211,0.0211,631,0.0631,943,0.0943,1145,0.1145,1313,0.1313,65,10000,0.06
truth,ref/ref,5000000,8822,1030526.6215753848,18,0.0020403536613012,57,0.006461119927454,413,0.0468147812287463,1039,0.1177737474495579,1302,0.1475855815007934,1552,0.1759238267966447,65,10000,0.06
truth,alt/ref,5000000,1149,1250571.2205367202,0,0.0,0,0.0,0,0.0,0,0.0,0,0.0,0,0.0,65,10000,0.06
truth,alt/alt,5000000,29,12116.379310344828,0,0.0,12,0.4137931034482758,29,1.0,29,1.0,29,1.0,29,1.0,65,10000,0.06
truth,all pairs,5000000,10000,1052856.3562934736,18,0.0018,69,0.0069,442,0.0442,1068,0.1068,1331,0.1331,1581,0.1581,65,10000,0.06
decoded,ref/ref,5000000,9763,557115.2171350821,50,0.005121376626037,210,0.0215097818293557,826,0.0846051418621325,1154,0.1182013725289357,1364,0.1397111543582915,1610,0.1649083273583939,66,10000,0.0125
decoded,alt/ref,5000000,236,1296651.6915158655,0,0.0,0,0.0,0,0.0,0,0.0,0,0.0,0,0.0,66,10000,0.0125
decoded,alt/alt,5000000,1,30757.677629129103,0,0.0,0,0.0,0,0.0,0,0.0,1,1.0,1,1.0,66,10000,0.0125
decoded,all pairs,5000000,10000,574515.6421765181,50,0.005,210,0.021,826,0.0826,1154,0.1154,1365,0.1365,1611,0.1611,66,10000,0.0125
truth,ref/ref,5000000,9763,515530.7315661959,30,0.0030728259756222,91,0.0093209054593874,482,0.0493700706749974,839,0.0859366997849021,1194,0.1222984738297654,1883,0.1928710437365564,66,10000,0.0125
truth,alt/ref,5000000,236,1024057.98619144,0,0.0,0,0.0,0,0.0,0,0.0,0,0.0,0,0.0,66,10000,0.0125
truth,alt/alt,5000000,1,12750.0,0,0.0,0,0.0,1,1.0,1,1.0,1,1.0,1,1.0,66,10000,0.0125
truth,all pairs,5000000,10000,527481.696702195,30,0.003,91,0.0091,483,0.0483,840,0.084,1195,0.1195,1884,0.1884,66,10000,0.0125
decoded,ref/ref,5000000,9269,553928.3081450042,52,0.005610098176718,216,0.0233034847340597,1011,0.1090732549358075,1796,0.193764160103571,2203,0.2376739669867299,2506,0.2703635775164527,67,10000,0.0375
decoded,alt/ref,5000000,718,728888.1144200423,0,0.0,0,0.0,0,0.0,0,0.0,0,0.0,0,0.0,67,10000,0.0375
decoded,alt/alt,5000000,13,16124.664506178851,0,0.0,3,0.2307692307692307,8,0.6153846153846154,12,0.9230769230769232,13,1.0,13,1.0,67,10000,0.0375
decoded,all pairs,5000000,10000,565791.2774988215,52,0.0052,219,0.0219,1019,0.1019,1808,0.1808,2216,0.2216,2519,0.2519,67,10000,0.0375
truth,ref/ref,5000000,9269,501392.6384602472,29,0.0031287085985543,62,0.0066889632107023,374,0.0403495522710109,846,0.0912719818750674,1785,0.1925774085661883,1914,0.2064947675045851,67,10000,0.0375
truth,alt/ref,5000000,718,1109938.152419842,0,0.0,0,0.0,0,0.0,0,0.0,0,0.0,0,0.0,67,10000,0.0375
truth,alt/alt,5000000,13,14269.23076923077,0,0.0,0,0.0,13,1.0,13,1.0,13,1.0,13,1.0,67,10000,0.0375
truth,all pairs,5000000,10000,544452.9459325478,29,0.0029,62,0.0062,387,0.0387,859,0.0859,1798,0.1798,1927,0.1927,67,10000,0.0375
decoded,ref/ref,5000000,9487,878680.9782472681,51,0.005375777379572,374,0.039422367450195,1374,0.1448297670496469,2167,0.2284178349320122,2633,0.2775376831453568,2943,0.3102139770211868,68,10000,0.025
decoded,alt/ref,5000000,510,1378863.2792755123,0,0.0,0,0.0,0,0.0,0,0.0,1,0.0019607843137254,1,0.0019607843137254,68,10000,0.025
decoded,alt/alt,5000000,3,9869.899283304205,1,0.3333333333333333,2,0.6666666666666666,2,0.6666666666666666,3,1.0,3,1.0,3,1.0,68,10000,0.025
decoded,all pairs,5000000,10000,903929.6322760192,52,0.0052,376,0.0376,1376,0.1376,2170,0.217,2637,0.2637,2947,0.2947,68,10000,0.025
truth,ref/ref,5000000,9487,757144.4387850848,28,0.0029514071887846,71,0.007483925371561,447,0.0471171076209549,1078,0.1136291767682091,1873,0.1974280594497733,2932,0.3090544956255929,68,10000,0.025
truth,alt/ref,5000000,510,2270510.390464554,0,0.0,0,0.0,0,0.0,0,0.0,0,0.0,0,0.0,68,10000,0.025
truth,alt/alt,5000000,3,10708.333333333334,0,0.0,1,0.3333333333333333,3,1.0,3,1.0,3,1.0,3,1.0,68,10000,0.025
truth,all pairs,5000000,10000,834102.1714891022,28,0.0028,72,0.0072,450,0.045,1081,0.1081,1876,0.1876,2935,0.2935,68,10000,0.025
decoded,ref/ref,5000000,5832,367972.6686582872,24,0.0041152263374485,67,0.0114883401920438,226,0.0387517146776406,428,0.0733882030178326,607,0.1040809327846364,895,0.1534636488340192,69,10000,0.235
decoded,alt/ref,5000000,3652,1821480.3322090013,0,0.0,0,0.0,0,0.0,0,0.0,0,0.0,0,0.0,69,10000,0.235
decoded,alt/alt,5000000,516,29466.26584664553,22,0.0426356589147286,72,0.1395348837209302,202,0.3914728682170542,292,0.5658914728682171,357,0.6918604651162791,460,0.8914728682170543,69,10000,0.235
decoded,all pairs,5000000,10000,881326.7370019273,46,0.0046,139,0.0139,428,0.0428,720,0.072,964,0.0964,1355,0.1355,69,10000,0.235
truth,ref/ref,5000000,5832,366957.5402949246,16,0.0027434842249657,45,0.007716049382716,205,0.0351508916323731,491,0.0841906721536351,654,0.1121399176954732,723,0.1239711934156378,69,10000,0.235
truth,alt/ref,5000000,3652,2117631.0244455845,0,0.0,0,0.0,0,0.0,0,0.0,0,0.0,0,0.0,69,10000,0.235
truth,alt/alt,5000000,516,17141.23062015504,7,0.0135658914728682,30,0.0581395348837209,260,0.5038759689922481,516,1.0,516,1.0,516,1.0,69,10000,0.235
truth,all pairs,5000000,10000,988252.9751275274,23,0.0023,75,0.0075,465,0.0465,1007,0.1007,1170,0.117,1239,0.1239,69,10000,0.235
decoded,ref/ref,5000000,4067,188495.0493022193,31,0.0076223260388492,149,0.0366363412835013,577,0.1418736169166461,973,0.2392426850258175,1306,0.3211212195721662,1784,0.4386525694615195,70,10000,0.3675
decoded,alt/ref,5000000,4587,1180013.5104432758,0,0.0,0,0.0,0,0.0,0,0.0,1,0.000218007412252,1,0.000218007412252,70,10000,0.3675
decoded,alt/alt,5000000,1346,39115.54942793064,48,0.0356612184249628,176,0.1307578008915304,647,0.4806835066864784,951,0.7065378900445766,1127,0.837295690936107,1177,0.87444279346211,70,10000,0.3675
decoded,all pairs,5000000,10000,623198.0867445427,79,0.0079,325,0.0325,1224,0.1224,1924,0.1924,2434,0.2434,2962,0.2962,70,10000,0.3675
truth,ref/ref,5000000,4067,160958.84558642734,18,0.004425866732235,65,0.015982296533071,227,0.0558150971231866,653,0.1605606097860831,758,0.1863781657241209,1185,0.2913695598721416,70,10000,0.3675
truth,alt/ref,5000000,4587,2627138.854682958,0,0.0,0,0.0,0,0.0,0,0.0,0,0.0,0,0.0,70,10000,0.3675
truth,alt/alt,5000000,1346,22440.19316493313,10,0.0074294205052005,52,0.038632986627043,414,0.3075780089153046,1125,0.8358098068350669,1346,1.0,1346,1.0,70,10000,0.3675
truth,all pairs,5000000,10000,1273551.005143073,28,0.0028,117,0.0117,641,0.0641,1778,0.1778,2104,0.2104,2531,0.2531,70,10000,0.3675
decoded,ref/ref,5000000,8471,859119.9300689356,39,0.0046039428638885,159,0.0187699209066225,529,0.0624483532050525,872,0.1029394404438673,1044,0.1232440089717861,1187,0.1401251328060441,71,10000,0.0775
decoded,alt/ref,5000000,1468,1489259.3002714757,0,0.0,0,0.0,0,0.0,0,0.0,0,0.0,1,0.0006811989100817,71,10000,0.0775
decoded,alt/alt,5000000,61,29758.472084523462,3,0.0491803278688524,15,0.2459016393442623,28,0.4590163934426229,39,0.639344262295082,47,0.7704918032786885,56,0.918032786885246,71,10000,0.0775
decoded,all pairs,5000000,10000,946565.2847209634,42,0.0042,174,0.0174,557,0.0557,911,0.0911,1091,0.1091,1244,0.1244,71,10000,0.0775
truth,ref/ref,5000000,8471,623580.4066816197,21,0.0024790461574784,55,0.006492739936253,365,0.043088183213316,826,0.0975091488608192,1113,0.1313894463463581,1339,0.1580687049935072,71,10000,0.0775
truth,alt/ref,5000000,1468,814777.2479564033,0,0.0,0,0.0,0,0.0,0,0.0,0,0.0,0,0.0,71,10000,0.0775
truth,alt/alt,5000000,61,12987.704918032789,3,0.0491803278688524,6,0.0983606557377049,61,1.0,61,1.0,61,1.0,61,1.0,71,10000,0.0775
truth,all pairs,5000000,10000,647923.4875,24,0.0024,61,0.0061,426,0.0426,887,0.0887,1174,0.1174,1400,0.14,71,10000,0.0775
decoded,ref/ref,5000000,2642,116941.84202454893,16,0.0060560181680545,68,0.0257380772142316,241,0.0912187736563209,448,0.1695685087055261,640,0.2422407267221801,926,0.3504920514761544,72,10000,0.4825
decoded,alt/ref,5000000,5046,1585584.0297618683,0,0.0,0,0.0,0,0.0,0,0.0,0,0.0,0,0.0,72,10000,0.4825
decoded,alt/alt,5000000,2312,75397.56927690952,66,0.0285467128027681,247,0.106833910034602,699,0.3023356401384083,1181,0.5108131487889274,1503,0.6500865051903114,1655,0.7158304498269896,72,10000,0.4825
decoded,all pairs,5000000,10000,848413.6540975462,82,0.0082,315,0.0315,940,0.094,1629,0.1629,2143,0.2143,2581,0.2581,72,10000,0.4825
truth,ref/ref,5000000,2642,89174.25246025738,8,0.0030280090840272,19,0.0071915215745647,145,0.0548826646479939,570,0.2157456472369417,1125,0.4258137774413323,1137,0.4303557910673732,72,10000,0.4825
truth,alt/ref,5000000,5046,1949324.037586999,0,0.0,0,0.0,0,0.0,0,0.0,0,0.0,0,0.0,72,10000,0.4825
truth,alt/alt,5000000,2312,35413.98140138408,16,0.0069204152249134,50,0.0216262975778546,328,0.1418685121107266,668,0.2889273356401384,825,0.3568339100346021,2312,1.0,72,10000,0.4825
truth,all pairs,5000000,10000,1015376.4593663996,24,0.0024,69,0.0069,473,0.0473,1238,0.1238,1950,0.195,3449,0.3449,72,10000,0.4825
decoded,ref/ref,5000000,4904,498237.9230890508,29,0.0059135399673735,141,0.0287520391517128,444,0.0905383360522022,665,0.1356035889070146,842,0.1716965742251223,901,0.1837275693311582,73,10000,0.3
decoded,alt/ref,5000000,4172,1274050.090693453,0,0.0,0,0.0,0,0.0,0,0.0,0,0.0,0,0.0,73,10000,0.3
decoded,alt/alt,5000000,924,48700.63210943505,17,0.0183982683982684,62,0.0670995670995671,136,0.1471861471861472,217,0.2348484848484848,410,0.4437229437229437,544,0.5887445887445888,73,10000,0.3
decoded,all pairs,5000000,10000,780369.5137270908,46,0.0046,203,0.0203,580,0.058,882,0.0882,1252,0.1252,1445,0.1445,73,10000,0.3
truth,ref/ref,5000000,4904,767486.7412518165,17,0.0034665579119086,54,0.0110114192495921,247,0.0503670473083197,503,0.1025693311582381,977,0.1992251223491027,985,0.2008564437194127,73,10000,0.3
truth,alt/ref,5000000,4172,1593703.3825073112,0,0.0,0,0.0,0,0.0,0,0.0,0,0.0,0,0.0,73,10000,0.3
truth,alt/alt,5000000,924,39630.95238095238,7,0.0075757575757575,21,0.0227272727272727,138,0.1493506493506493,155,0.1677489177489177,263,0.2846320346320346,604,0.6536796536796536,73,10000,0.3
truth,all pairs,5000000,10000,1044930.4490919412,24,0.0024,75,0.0075,385,0.0385,658,0.0658,1240,0.124,1589,0.1589,73,10000,0.3
decoded,ref/ref,5000000,2222,836382.4282897649,19,0.0085508550855085,56,0.0252025202520252,135,0.0607560756075607,209,0.094059405940594,299,0.1345634563456345,372,0.1674167416741674,74,10000,0.5275
decoded,alt/ref,5000000,4985,1302652.5911428104,0,0.0,0,0.0,0,0.0,0,0.0,0,0.0,1,0.0002006018054162,74,10000,0.5275
decoded,alt/alt,5000000,2793,48745.75404116298,30,0.0107411385606874,144,0.0515574650912996,754,0.2699606158252775,1124,0.4024346580737558,1415,0.5066237021124239,1885,0.6749015395631937,74,10000,0.5275
decoded,all pairs,5000000,10000,848831.1813543736,49,0.0049,200,0.02,889,0.0889,1333,0.1333,1714,0.1714,2258,0.2258,74,10000,0.5275
truth,ref/ref,5000000,2222,406244.3744374437,13,0.0058505850585058,35,0.0157515751575157,122,0.0549054905490549,211,0.0949594959495949,361,0.1624662466246624,437,0.1966696669666966,74,10000,0.5275
truth,alt/ref,5000000,4985,1194056.3957030652,0,0.0,0,0.0,0,0.0,0,0.0,0,0.0,0,0.0,74,10000,0.5275
truth,alt/alt,5000000,2793,27810.732187611888,17,0.0060866451843895,83,0.0297171500179018,324,0.1160042964554242,1451,0.5195130683852488,2793,1.0,2793,1.0,74,10000,0.5275
truth,all pairs,5000000,10000,693272.150757978,30,0.003,118,0.0118,446,0.0446,1662,0.1662,3154,0.3154,3230,0.323,74,10000,0.5275
decoded,ref/ref,5000000,8580,314748.93950795406,34,0.0039627039627039,173,0.0201631701631701,661,0.077039627039627,1226,0.1428904428904429,1975,0.2301864801864802,2460,0.2867132867132867,75,10000,0.075
decoded,alt/ref,5000000,1382,1294074.6231371982,0,0.0,0,0.0,0,0.0,0,0.0,0,0.0,0,0.0,75,10000,0.075
decoded,alt/alt,5000000,38,14205.555424146176,4,0.1052631578947368,16,0.4210526315789473,34,0.8947368421052632,35,0.9210526315789472,37,0.9736842105263158,37,0.9736842105263158,75,10000,0.075
decoded,all pairs,5000000,10000,448949.68412599707,38,0.0038,189,0.0189,695,0.0695,1261,0.1261,2012,0.2012,2497,0.2497,75,10000,0.075
truth,ref/ref,5000000,8580,274224.2715617716,20,0.0023310023310023,66,0.0076923076923076,469,0.0546620046620046,729,0.0849650349650349,1185,0.1381118881118881,1955,0.2278554778554778,75,10000,0.075
truth,alt/ref,5000000,1382,1395425.4343367715,0,0.0,0,0.0,0,0.0,0,0.0,0,0.0,0,0.0,75,10000,0.075
truth,alt/alt,5000000,38,13161.184210526317,2,0.0526315789473684,20,0.5263157894736842,38,1.0,38,1.0,38,1.0,38,1.0,75,10000,0.075
truth,all pairs,5000000,10000,428182.23252534185,22,0.0022,86,0.0086,507,0.0507,767,0.0767,1223,0.1223,1993,0.1993,75,10000,0.075
decoded,ref/ref,5000000,4810,207554.8649508074,33,0.0068607068607068,127,0.0264033264033264,356,0.074012474012474,586,0.1218295218295218,735,0.1528066528066528,830,0.1725571725571725,76,10000,0.305
decoded,alt/ref,5000000,4273,1250723.5252809986,0,0.0,0,0.0,0,0.0,0,0.0,0,0.0,0,0.0,76,10000,0.305
decoded,alt/alt,5000000,917,44003.05368378311,28,0.0305343511450381,127,0.1384950926935659,328,0.3576881134133042,452,0.4929116684841875,493,0.5376226826608506,722,0.787350054525627,76,10000,0.305
decoded,all pairs,5000000,10000,638303.132416712,61,0.0061,254,0.0254,684,0.0684,1038,0.1038,1228,0.1228,1552,0.1552,76,10000,0.305
truth,ref/ref,5000000,4810,267993.24324324325,19,0.0039501039501039,61,0.0126819126819126,209,0.0434511434511434,533,0.1108108108108108,645,0.1340956340956341,714,0.1484407484407484,76,10000,0.305
truth,alt/ref,5000000,4273,1553509.6984729462,0,0.0,0,0.0,0,0.0,0,0.0,0,0.0,0,0.0,76,10000,0.305
truth,alt/alt,5000000,917,31455.288985823336,5,0.0054525627044711,34,0.0370774263904034,332,0.3620501635768811,368,0.401308615049073,555,0.6052344601962922,917,1.0,76,10000,0.305
truth,all pairs,5000000,10000,795603.8941574899,24,0.0024,95,0.0095,541,0.0541,901,0.0901,1200,0.12,1631,0.1631,76,10000,0.305
decoded,ref/ref,5000000,9224,292079.8920849773,32,0.0034692107545533,143,0.0155030355594102,505,0.0547484822202948,762,0.0826105810928014,990,0.1073287077189939,1207,0.1308542931483087,77,10000,0.04
decoded,alt/ref,5000000,758,871243.1336684129,0,0.0,0,0.0,0,0.0,0,0.0,0,0.0,0,0.0,77,10000,0.04
decoded,alt/alt,5000000,18,14563.0488497205,7,0.3888888888888889,8,0.4444444444444444,13,0.7222222222222222,15,0.8333333333333334,17,0.9444444444444444,18,1.0,77,10000,0.04
decoded,all pairs,5000000,10000,335480.93547917827,39,0.0039,151,0.0151,518,0.0518,777,0.0777,1007,0.1007,1225,0.1225,77,10000,0.04
truth,ref/ref,5000000,9224,168825.87543365135,21,0.0022766695576756,54,0.0058542931483087,300,0.0325238508239375,628,0.0680832610581092,1150,0.1246747614917606,1870,0.2027320034692107,77,10000,0.04
truth,alt/ref,5000000,758,960500.0,0,0.0,0,0.0,0,0.0,0,0.0,0,0.0,0,0.0,77,10000,0.04
truth,alt/alt,5000000,18,13076.388888888889,0,0.0,7,0.3888888888888889,18,1.0,18,1.0,18,1.0,18,1.0,77,10000,0.04
truth,all pairs,5000000,10000,228554.425,21,0.0021,61,0.0061,318,0.0318,646,0.0646,1168,0.1168,1888,0.1888,77,10000,0.04
decoded,ref/ref,5000000,6176,311305.32379532536,38,0.0061528497409326,236,0.0382124352331606,959,0.1552784974093264,1461,0.2365608808290155,1776,0.2875647668393782,1937,0.3136334196891192,78,10000,0.2175
decoded,alt/ref,5000000,3385,1099980.1825332476,0,0.0,0,0.0,0,0.0,0,0.0,0,0.0,0,0.0,78,10000,0.2175
decoded,alt/alt,5000000,439,32334.979606988298,18,0.041002277904328,75,0.1708428246013667,198,0.4510250569476082,278,0.6332574031890661,360,0.8200455580865603,381,0.8678815489749431,78,10000,0.2175
decoded,all pairs,5000000,10000,566024.9653682441,56,0.0056,311,0.0311,1157,0.1157,1739,0.1739,2136,0.2136,2318,0.2318,78,10000,0.2175
truth,ref/ref,5000000,6176,517090.6330958549,30,0.0048575129533678,60,0.0097150259067357,294,0.0476036269430051,933,0.1510686528497409,1790,0.2898316062176165,1790,0.2898316062176165,78,10000,0.2175
truth,alt/ref,5000000,3385,909590.5096011816,0,0.0,0,0.0,0,0.0,0,0.0,0,0.0,0,0.0,78,10000,0.2175
truth,alt/alt,5000000,439,30711.56036446469,7,0.0159453302961275,31,0.0706150341685649,158,0.3599088838268792,163,0.3712984054669704,277,0.6309794988610479,439,1.0,78,10000,0.2175
truth,all pairs,5000000,10000,628599.8,37,0.0037,91,0.0091,452,0.0452,1096,0.1096,2067,0.2067,2229,0.2229,78,10000,0.2175
decoded,ref/ref,5000000,4789,210511.57156816815,26,0.0054291083733556,119,0.0248486114011275,433,0.0904155356024222,693,0.1447066193359782,946,0.1975360200459386,1214,0.2534975986636041,79,10000,0.31
decoded,alt/ref,5000000,4255,1755968.1116086142,0,0.0,0,0.0,0,0.0,0,0.0,0,0.0,0,0.0,79,10000,0.31
decoded,alt/alt,5000000,956,35533.06548117746,18,0.0188284518828451,134,0.1401673640167364,425,0.4445606694560669,648,0.6778242677824268,748,0.7824267782426778,800,0.8368200836820083,79,10000,0.31
decoded,all pairs,5000000,10000,851375.3841734617,44,0.0044,253,0.0253,858,0.0858,1341,0.1341,1694,0.1694,2014,0.2014,79,10000,0.31
truth,ref/ref,5000000,4789,293349.55105449987,19,0.0039674253497598,43,0.0089789100020881,183,0.0382125704740029,669,0.13969513468365,833,0.1739402798078931,1437,0.3000626435581541,79,10000,0.31
truth,alt/ref,5000000,4255,1670615.660726296,0,0.0,0,0.0,0,0.0,0,0.0,0,0.0,0,0.0,79,10000,0.31
truth,alt/alt,5000000,956,21725.810669456067,11,0.0115062761506276,40,0.0418410041841004,215,0.2248953974895397,956,1.0,956,1.0,956,1.0,79,10000,0.31
truth,all pairs,5000000,10000,853409.051139039,30,0.003,83,0.0083,398,0.0398,1625,0.1625,1789,0.1789,2393,0.2393,79,10000,0.31
decoded,ref/ref,5000000,6519,330357.7529692938,46,0.0070562969780641,159,0.024390243902439,592,0.0908114741524773,1037,0.1590734775272281,1207,0.1851510967939868,1381,0.2118423071023163,80,10000,0.195
decoded,alt/ref,5000000,3101,1361694.0712027673,0,0.0,0,0.0,0,0.0,0,0.0,0,0.0,0,0.0,80,10000,0.195
decoded,alt/alt,5000000,380,52857.464268989504,10,0.0263157894736842,54,0.1421052631578947,102,0.2684210526315789,150,0.3947368421052631,193,0.5078947368421053,204,0.5368421052631579,80,10000,0.195
decoded,all pairs,5000000,10000,639630.1342828824,56,0.0056,213,0.0213,694,0.0694,1187,0.1187,1400,0.14,1585,0.1585,80,10000,0.195
truth,ref/ref,5000000,6519,235944.16321521704,21,0.0032213529682466,51,0.0078232857800276,430,0.0659610369688602,890,0.1365240067495014,1144,0.1754870378892468,1193,0.183003528148489,80,10000,0.195
truth,alt/ref,5000000,3101,1429373.0065981522,0,0.0,0,0.0,0,0.0,0,0.0,0,0.0,0,0.0,80,10000,0.195
truth,alt/alt,5000000,380,28155.263157894737,4,0.0105263157894736,24,0.0631578947368421,118,0.3105263157894737,208,0.5473684210526316,380,1.0,380,1.0,80,10000,0.195
truth,all pairs,5000000,10000,598130.469346087,25,0.0025,75,0.0075,548,0.0548,1098,0.1098,1524,0.1524,1573,0.1573,80,10000,0.195
decoded,ref/ref,5000000,4924,179113.16938984834,30,0.0060926076360682,184,0.0373679935012185,654,0.1328188464662875,1270,0.2579203899268887,1724,0.3501218521527213,2048,0.4159220146222583,81,10000,0.2975
decoded,alt/ref,5000000,4207,896343.3652932775,0,0.0,0,0.0,2,0.0004753981459472,2,0.0004753981459472,2,0.0004753981459472,2,0.0004753981459472,81,10000,0.2975
decoded,alt/alt,5000000,869,54008.3267236676,11,0.0126582278481012,60,0.0690448791714614,213,0.2451093210586881,319,0.3670886075949367,411,0.4729574223245109,492,0.5661680092059839,81,10000,0.2975
decoded,all pairs,5000000,10000,469980.3019787299,41,0.0041,244,0.0244,869,0.0869,1591,0.1591,2137,0.2137,2542,0.2542,81,10000,0.2975
truth,ref/ref,5000000,4924,205021.09565393988,11,0.002233956133225,31,0.0062956945572705,241,0.0489439480097481,615,0.1248984565393988,928,0.1884646628757108,1826,0.3708367181153533,81,10000,0.2975
truth,alt/ref,5000000,4207,747816.6745899691,0,0.0,0,0.0,0,0.0,0,0.0,0,0.0,0,0.0,81,10000,0.2975
truth,alt/alt,5000000,869,24325.086306098965,10,0.0115074798619102,33,0.0379746835443038,225,0.2589182968929804,488,0.5615650172612198,869,1.0,869,1.0,81,10000,0.2975
truth,all pairs,5000000,10000,417672.7125,21,0.0021,64,0.0064,466,0.0466,1103,0.1103,1797,0.1797,2695,0.2695,81,10000,0.2975
decoded,ref/ref,5000000,4504,96852.09136867589,21,0.0046625222024866,98,0.0217584369449378,252,0.0559502664298401,608,0.1349911190053286,836,0.1856127886323268,1157,0.2568827708703374,82,10000,0.325
decoded,alt/ref,5000000,4373,834013.3031441378,0,0.0,0,0.0,0,0.0,0,0.0,0,0.0,0,0.0,82,10000,0.325
decoded,alt/alt,5000000,1123,91275.46363387392,15,0.0133570792520035,55,0.0489759572573463,301,0.2680320569902048,511,0.4550311665182546,617,0.5494211932324132,670,0.5966162065894924,82,10000,0.325
decoded,all pairs,5000000,10000,418586.4339834672,36,0.0036,153,0.0153,553,0.0553,1119,0.1119,1453,0.1453,1827,0.1827,82,10000,0.325
truth,ref/ref,5000000,4504,110859.23623445828,20,0.0044404973357015,43,0.0095470692717584,230,0.0510657193605683,455,0.1010213143872113,569,0.1263321492007104,859,0.1907193605683836,82,10000,0.325
truth,alt/ref,5000000,4373,1284366.9786816766,0,0.0,0,0.0,0,0.0,0,0.0,0,0.0,0,0.0,82,10000,0.325
truth,alt/alt,5000000,1123,34495.102404274265,11,0.0097951914514692,39,0.0347284060552092,164,0.1460373998219056,352,0.3134461264470169,766,0.6821015138023152,1054,0.9385574354407836,82,10000,0.325
truth,all pairs,5000000,10000,615458.4797774972,31,0.0031,82,0.0082,394,0.0394,807,0.0807,1335,0.1335,1913,0.1913,82,10000,0.325
decoded,ref/ref,5000000,9380,401075.11572156486,45,0.0047974413646055,151,0.0160980810234541,554,0.0590618336886993,931,0.0992537313432835,1236,0.1317697228144989,1417,0.1510660980810234,83,10000,0.0325
decoded,alt/ref,5000000,611,1112883.3188733864,0,0.0,0,0.0,0,0.0,0,0.0,0,0.0,0,0.0,83,10000,0.0325
decoded,alt/alt,5000000,9,29288.341415414357,1,0.1111111111111111,3,0.3333333333333333,4,0.4444444444444444,5,0.5555555555555556,6,0.6666666666666666,6,0.6666666666666666,83,10000,0.0325
decoded,all pairs,5000000,10000,444231.9888372656,46,0.0046,154,0.0154,558,0.0558,936,0.0936,1242,0.1242,1423,0.1423,83,10000,0.0325
truth,ref/ref,5000000,9380,288129.7974413646,27,0.0028784648187633,63,0.0067164179104477,356,0.0379530916844349,722,0.0769722814498933,1112,0.1185501066098081,1428,0.1522388059701492,83,10000,0.0325
truth,alt/ref,5000000,611,1322012.1223546248,0,0.0,0,0.0,0,0.0,0,0.0,0,0.0,0,0.0,83,10000,0.0325
truth,alt/alt,5000000,9,12972.222222222224,0,0.0,1,0.1111111111111111,9,1.0,9,1.0,9,1.0,9,1.0,83,10000,0.0325
truth,all pairs,5000000,10000,351052.36567586754,27,0.0027,64,0.0064,365,0.0365,731,0.0731,1121,0.1121,1437,0.1437,83,10000,0.0325
decoded,ref/ref,5000000,1127,543431.6347539697,9,0.0079858030168589,30,0.0266193433895297,71,0.0629991126885536,111,0.0984915705412599,134,0.1188997338065661,157,0.1393078970718722,84,10000,0.66
decoded,alt/ref,5000000,4454,1213469.8950356366,0,0.0,0,0.0,0,0.0,0,0.0,0,0.0,0,0.0,84,10000,0.66
decoded,alt/alt,5000000,4419,40074.316659735225,41,0.0092781172210907,198,0.0448065173116089,970,0.2195066757184883,2115,0.4786150712830957,2914,0.6594252093233763,3322,0.7517537904503281,84,10000,0.66
decoded,all pairs,5000000,10000,619433.0770175819,50,0.005,228,0.0228,1041,0.1041,2226,0.2226,3048,0.3048,3479,0.3479,84,10000,0.66
truth,ref/ref,5000000,1127,322598.71339840285,9,0.0079858030168589,14,0.0124223602484472,70,0.062111801242236,158,0.1401952085181899,166,0.1472937000887311,203,0.1801242236024844,84,10000,0.66
truth,alt/ref,5000000,4454,1462729.518242727,0,0.0,0,0.0,0,0.0,0,0.0,0,0.0,0,0.0,84,10000,0.66
truth,alt/alt,5000000,4419,38830.33491740213,21,0.0047522063815342,90,0.020366598778004,399,0.0902919212491513,993,0.2247114731839782,2180,0.4933242815116542,2459,0.5564607377234668,84,10000,0.66
truth,all pairs,5000000,10000,705015.7274253106,30,0.003,104,0.0104,469,0.0469,1151,0.1151,2346,0.2346,2662,0.2662,84,10000,0.66
decoded,ref/ref,5000000,8480,289988.0014005039,46,0.0054245283018867,215,0.0253537735849056,973,0.1147405660377358,1528,0.180188679245283,2030,0.2393867924528301,2641,0.311438679245283,85,10000,0.0775
decoded,alt/ref,5000000,1454,1191276.7786216866,0,0.0,0,0.0,0,0.0,0,0.0,0,0.0,0,0.0,85,10000,0.0775
decoded,alt/alt,5000000,66,23331.036209433438,14,0.2121212121212121,24,0.3636363636363636,46,0.696969696969697,57,0.8636363636363636,58,0.8787878787878788,59,0.8939393939393939,85,10000,0.0775
decoded,all pairs,5000000,10000,419275.4536382028,60,0.006,239,0.0239,1019,0.1019,1585,0.1585,2088,0.2088,2700,0.27,85,10000,0.0775
truth,ref/ref,5000000,8480,218029.46639150943,20,0.0023584905660377,67,0.0079009433962264,423,0.0498820754716981,1432,0.1688679245283018,1445,0.1704009433962264,1773,0.2090801886792452,85,10000,0.0775
truth,alt/ref,5000000,1454,950875.0,0,0.0,0,0.0,0,0.0,0,0.0,0,0.0,0,0.0,85,10000,0.0775
truth,alt/alt,5000000,66,18873.10606060606,8,0.1212121212121212,14,0.2121212121212121,31,0.4696969696969697,66,1.0,66,1.0,66,1.0,85,10000,0.0775
truth,all pairs,5000000,10000,323270.775,28,0.0028,81,0.0081,454,0.0454,1498,0.1498,1511,0.1511,1839,0.1839,85,10000,0.0775
decoded,ref/ref,5000000,7647,350205.29162084265,49,0.0064077415980122,172,0.02249248071139,447,0.0584542958022754,741,0.0969007453903491,959,0.1254086569896691,1241,0.1622858637374133,86,10000,0.1225
decoded,alt/ref,5000000,2196,1102539.601051048,0,0.0,0,0.0,0,0.0,0,0.0,0,0.0,0,0.0,86,10000,0.1225
decoded,alt/alt,5000000,157,25299.525598886,6,0.0382165605095541,31,0.197452229299363,107,0.6815286624203821,125,0.7961783439490446,128,0.8152866242038217,142,0.9044585987261148,86,10000,0.1225
decoded,all pairs,5000000,10000,510316.885445171,55,0.0055,203,0.0203,554,0.0554,866,0.0866,1087,0.1087,1383,0.1383,86,10000,0.1225
truth,ref/ref,5000000,7647,847579.8397597183,18,0.0023538642604943,57,0.0074539034915653,313,0.0409310840852621,725,0.0948084216032431,944,0.1234471034392572,966,0.126324048646528,86,10000,0.1225
truth,alt/ref,5000000,2196,1405193.928574724,0,0.0,0,0.0,0,0.0,0,0.0,0,0.0,0,0.0,86,10000,0.1225
truth,alt/alt,5000000,157,27756.369426751597,4,0.0254777070063694,15,0.0955414012738853,59,0.375796178343949,69,0.4394904458598726,157,1.0,157,1.0,86,10000,0.1225
truth,all pairs,5000000,10000,957160.665179266,22,0.0022,72,0.0072,372,0.0372,794,0.0794,1101,0.1101,1123,0.1123,86,10000,0.1225
decoded,ref/ref,5000000,9358,543490.6159407648,53,0.0056636033340457,170,0.0181662748450523,733,0.0783287027142551,1076,0.1149818337251549,1416,0.1513143834152596,1694,0.1810215858089335,87,10000,0.035
decoded,alt/ref,5000000,636,1398762.344558872,0,0.0,0,0.0,0,0.0,0,0.0,0,0.0,0,0.0,87,10000,0.035
decoded,alt/alt,5000000,6,15073.442088263066,2,0.3333333333333333,5,0.8333333333333334,5,0.8333333333333334,5,0.8333333333333334,5,0.8333333333333334,5,0.8333333333333334,87,10000,0.035
decoded,all pairs,5000000,10000,597568.8475765649,55,0.0055,175,0.0175,738,0.0738,1081,0.1081,1421,0.1421,1699,0.1699,87,10000,0.035
truth,ref/ref,5000000,9358,325913.33181242226,32,0.0034195340884804,65,0.0069459286172259,380,0.0406069673007052,752,0.0803590510792904,1882,0.2011113485787561,2036,0.2175678563795683,87,10000,0.035
truth,alt/ref,5000000,636,2660762.8197279577,0,0.0,0,0.0,0,0.0,0,0.0,0,0.0,0,0.0,87,10000,0.035
truth,alt/alt,5000000,6,9375.0,1,0.1666666666666666,2,0.3333333333333333,6,1.0,6,1.0,6,1.0,6,1.0,87,10000,0.035
truth,all pairs,5000000,10000,474219.8362447628,33,0.0033,67,0.0067,386,0.0386,758,0.0758,1888,0.1888,2042,0.2042,87,10000,0.035
decoded,ref/ref,5000000,4397,425353.240687307,37,0.0084148282920172,136,0.0309301796679554,343,0.0780077325449169,516,0.1173527405048897,677,0.1539686149647487,775,0.1762565385490107,88,10000,0.335
decoded,alt/ref,5000000,4518,1077460.105360072,0,0.0,0,0.0,0,0.0,0,0.0,0,0.0,0,0.0,88,10000,0.335
decoded,alt/alt,5000000,1085,37608.55195573498,20,0.0184331797235023,73,0.0672811059907834,296,0.2728110599078341,537,0.4949308755760369,650,0.5990783410138248,861,0.7935483870967742,88,10000,0.335
decoded,all pairs,5000000,10000,677904.8234190866,57,0.0057,209,0.0209,639,0.0639,1053,0.1053,1327,0.1327,1636,0.1636,88,10000,0.335
truth,ref/ref,5000000,4397,428987.83261314535,23,0.0052308392085512,49,0.0111439617921309,297,0.0675460541278144,432,0.0982488060040937,677,0.1539686149647487,1030,0.2342506254264271,88,10000,0.335
truth,alt/ref,5000000,4518,996750.0,0,0.0,0,0.0,0,0.0,0,0.0,0,0.0,0,0.0,88,10000,0.335
truth,alt/alt,5000000,1085,30228.571428571428,14,0.0129032258064516,54,0.0497695852534562,338,0.3115207373271889,559,0.5152073732718894,789,0.727188940092166,1085,1.0,88,10000,0.335
truth,all pairs,5000000,10000,642237.4,37,0.0037,103,0.0103,635,0.0635,991,0.0991,1466,0.1466,2115,0.2115,88,10000,0.335
decoded,ref/ref,5000000,4953,427807.13286780857,27,0.0054512416717141,142,0.0286694932364223,366,0.0738946093276801,521,0.105188774480113,717,0.1447607510599636,872,0.1760549162123965,89,10000,0.2975
decoded,alt/ref,5000000,4201,1611516.1278185206,0,0.0,0,0.0,0,0.0,0,0.0,0,0.0,0,0.0,89,10000,0.2975
decoded,alt/alt,5000000,846,29070.072632755244,31,0.0366430260047281,167,0.1973995271867612,356,0.4208037825059101,588,0.6950354609929078,682,0.806146572104019,744,0.8794326241134752,89,10000,0.2975
decoded,all pairs,5000000,10000,891350.1263507172,58,0.0058,309,0.0309,722,0.0722,1109,0.1109,1399,0.1399,1616,0.1616,89,10000,0.2975
truth,ref/ref,5000000,4953,247461.9674944478,17,0.0034322632747829,40,0.0080759135877246,334,0.0674338784575005,568,0.1146779729456894,653,0.1318392893196042,1051,0.2121946295174641,89,10000,0.2975
truth,alt/ref,5000000,4201,1460795.4125469425,0,0.0,0,0.0,0,0.0,0,0.0,0,0.0,0,0.0,89,10000,0.2975
truth,alt/alt,5000000,846,25251.32978723404,8,0.0094562647754137,45,0.0531914893617021,386,0.4562647754137116,461,0.5449172576832151,846,1.0,846,1.0,89,10000,0.2975
truth,all pairs,5000000,10000,738384.3278109705,25,0.0025,85,0.0085,720,0.072,1029,0.1029,1499,0.1499,1897,0.1897,89,10000,0.2975
decoded,ref/ref,5000000,8883,268617.6660633756,42,0.0047281323877068,241,0.0271304739389845,861,0.0969267139479905,1569,0.1766295170550489,2436,0.2742316784869976,3005,0.3382866148823595,90,10000,0.0575
decoded,alt/ref,5000000,1090,566168.5417353509,0,0.0,0,0.0,0,0.0,0,0.0,0,0.0,0,0.0,90,10000,0.0575
decoded,alt/alt,5000000,27,7474.603642350715,4,0.1481481481481481,23,0.8518518518518519,27,1.0,27,1.0,27,1.0,27,1.0,90,10000,0.0575
decoded,all pairs,5000000,10000,300345.62524308416,46,0.0046,264,0.0264,888,0.0888,1596,0.1596,2463,0.2463,3032,0.3032,90,10000,0.0575
truth,ref/ref,5000000,8883,339757.40177867835,26,0.0029269390971518,59,0.0066419002589215,634,0.0713722841382415,830,0.0934369019475402,1563,0.1759540695710908,2103,0.2367443431273218,90,10000,0.0575
truth,alt/ref,5000000,1090,1516894.9788514904,0,0.0,0,0.0,0,0.0,0,0.0,0,0.0,0,0.0,90,10000,0.0575
truth,alt/alt,5000000,27,10949.074074074077,0,0.0,5,0.1851851851851851,27,1.0,27,1.0,27,1.0,27,1.0,90,10000,0.0575
truth,all pairs,5000000,10000,467177.6151948125,26,0.0026,64,0.0064,661,0.0661,857,0.0857,1590,0.159,2130,0.213,90,10000,0.0575
decoded,ref/ref,5000000,8724,372879.565198319,50,0.0057313159101329,144,0.0165061898211829,412,0.0472260430994956,759,0.0870013755158184,1099,0.1259743237047226,1373,0.1573819348922512,91,10000,0.0675
decoded,alt/ref,5000000,1227,954659.952176663,0,0.0,0,0.0,0,0.0,0,0.0,1,0.0008149959250203,2,0.0016299918500407,91,10000,0.0675
decoded,alt/alt,5000000,49,19927.1275925088,1,0.0204081632653061,3,0.0612244897959183,28,0.5714285714285714,43,0.8775510204081632,48,0.979591836734694,48,0.979591836734694,91,10000,0.0675
decoded,all pairs,5000000,10000,442534.5517362934,51,0.0051,147,0.0147,440,0.044,802,0.0802,1148,0.1148,1423,0.1423,91,10000,0.0675
truth,ref/ref,5000000,8724,428511.605914718,27,0.0030949105914718,91,0.010430994956442,327,0.0374828060522696,735,0.0842503438789546,947,0.1085511233379183,1607,0.1842044933516735,91,10000,0.0675
truth,alt/ref,5000000,1227,988750.0,0,0.0,0,0.0,0,0.0,0,0.0,0,0.0,0,0.0,91,10000,0.0675
truth,alt/alt,5000000,49,17533.163265306124,0,0.0,2,0.0408163265306122,30,0.6122448979591837,49,1.0,49,1.0,49,1.0,91,10000,0.0675
truth,all pairs,5000000,10000,495239.0625,27,0.0027,93,0.0093,357,0.0357,784,0.0784,996,0.0996,1656,0.1656,91,10000,0.0675
decoded,ref/ref,5000000,8094,388814.5604192463,29,0.0035829009142574,106,0.013096120583148,401,0.0495428712626637,861,0.1063750926612305,1304,0.1611069928341981,1637,0.202248579194465,92,10000,0.0975
decoded,alt/ref,5000000,1800,606701.674899247,0,0.0,0,0.0,0,0.0,0,0.0,2,0.0011111111111111,3,0.0016666666666666,92,10000,0.0975
decoded,alt/alt,5000000,106,27477.482618425747,14,0.1320754716981132,31,0.2924528301886792,45,0.4245283018867924,69,0.6509433962264151,85,0.8018867924528302,88,0.8301886792452831,92,10000,0.0975
decoded,all pairs,5000000,10000,424204.06800095766,43,0.0043,137,0.0137,446,0.0446,930,0.093,1391,0.1391,1728,0.1728,92,10000,0.0975
truth,ref/ref,5000000,8094,397376.0964912281,15,0.0018532246108228,47,0.0058067704472448,360,0.0444773906597479,707,0.0873486533234494,1041,0.1286137879911045,1245,0.153817642698295,92,10000,0.0975
truth,alt/ref,5000000,1800,734662.3611111111,0,0.0,0,0.0,0,0.0,0,0.0,0,0.0,0,0.0,92,10000,0.0975
truth,alt/alt,5000000,106,19251.17924528302,6,0.0566037735849056,21,0.1981132075471698,52,0.490566037735849,106,1.0,106,1.0,106,1.0,92,10000,0.0975
truth,all pairs,5000000,10000,454079.5,21,0.0021,68,0.0068,412,0.0412,813,0.0813,1147,0.1147,1351,0.1351,92,10000,0.0975
decoded,ref/ref,5000000,1761,219635.9156644281,18,0.0102214650766609,82,0.0465644520159,277,0.1572969903463941,395,0.2243043725156161,479,0.2720045428733674,515,0.2924474730266894,93,10000,0.5875
decoded,alt/ref,5000000,4799,1264056.3821354706,0,0.0,0,0.0,0,0.0,0,0.0,0,0.0,0,0.0,93,10000,0.5875
decoded,alt/alt,5000000,3440,69332.98774966317,39,0.0113372093023255,193,0.0561046511627906,622,0.1808139534883721,1111,0.3229651162790697,1379,0.4008720930232558,1872,0.5441860465116279,93,10000,0.5875
decoded,all pairs,5000000,10000,669149.0903212022,57,0.0057,275,0.0275,899,0.0899,1506,0.1506,1858,0.1858,2387,0.2387,93,10000,0.5875
truth,ref/ref,5000000,1761,244336.953435548,12,0.0068143100511073,34,0.0193072118114707,102,0.0579216354344122,179,0.1016467915956842,544,0.3089153889835321,584,0.3316297558205565,93,10000,0.5875
truth,alt/ref,5000000,4799,1374731.979868071,0,0.0,0,0.0,0,0.0,0,0.0,0,0.0,0,0.0,93,10000,0.5875
truth,alt/alt,5000000,3440,34177.47093023256,15,0.004360465116279,59,0.0171511627906976,626,0.1819767441860465,1117,0.3247093023255814,2110,0.6133720930232558,3440,1.0,93,10000,0.5875
truth,all pairs,5000000,10000,714518.6646386873,27,0.0027,93,0.0093,728,0.0728,1296,0.1296,2654,0.2654,4024,0.4024,93,10000,0.5875
decoded,ref/ref,5000000,4502,628836.3150984632,30,0.0066637050199911,93,0.0206574855619724,245,0.0544202576632607,387,0.0859617947578853,529,0.11750333185251,612,0.1359395824078187,94,10000,0.33
decoded,alt/ref,5000000,4410,958698.3743539848,0,0.0,0,0.0,0,0.0,0,0.0,0,0.0,0,0.0,94,10000,0.33
decoded,alt/alt,5000000,1088,23974.45723920561,18,0.0165441176470588,174,0.1599264705882352,717,0.6590073529411765,917,0.8428308823529411,975,0.8961397058823529,1002,0.9209558823529412,94,10000,0.33
decoded,all pairs,5000000,10000,708496.513095061,48,0.0048,267,0.0267,962,0.0962,1304,0.1304,1504,0.1504,1614,0.1614,94,10000,0.33
truth,ref/ref,5000000,4502,748347.2798884454,21,0.0046645935139937,40,0.0088849400266548,309,0.0686361617059084,441,0.0979564637938694,526,0.1168369613505108,604,0.1341625944024878,94,10000,0.33
truth,alt/ref,5000000,4410,1241376.1596911177,0,0.0,0,0.0,0,0.0,0,0.0,0,0.0,0,0.0,94,10000,0.33
truth,alt/alt,5000000,1088,23891.199448529413,5,0.0045955882352941,33,0.0303308823529411,321,0.2950367647058823,1088,1.0,1088,1.0,1088,1.0,94,10000,0.33
truth,all pairs,5000000,10000,886952.1943295609,26,0.0026,73,0.0073,630,0.063,1529,0.1529,1614,0.1614,1692,0.1692,94,10000,0.33
decoded,ref/ref,5000000,9060,650703.4331231383,38,0.0041942604856512,151,0.0166666666666666,504,0.0556291390728476,853,0.0941501103752759,1170,0.1291390728476821,1579,0.1742825607064017,95,10000,0.0475
decoded,alt/ref,5000000,921,1161239.6924994034,0,0.0,0,0.0,0,0.0,0,0.0,0,0.0,0,0.0,95,10000,0.0475
decoded,alt/alt,5000000,19,12763.483633265463,0,0.0,8,0.4210526315789473,16,0.8421052631578947,18,0.9473684210526316,19,1.0,19,1.0,95,10000,0.0475
decoded,all pairs,5000000,10000,696511.7367076614,38,0.0038,159,0.0159,520,0.052,871,0.0871,1189,0.1189,1598,0.1598,95,10000,0.0475
truth,ref/ref,5000000,9060,396233.1125827815,30,0.0033112582781456,77,0.0084988962472406,390,0.043046357615894,652,0.0719646799116997,1309,0.1444812362030905,1489,0.1643487858719647,95,10000,0.0475
truth,alt/ref,5000000,921,1038257.4084093207,0,0.0,0,0.0,0,0.0,0,0.0,0,0.0,0,0.0,95,10000,0.0475
truth,alt/alt,5000000,19,14592.105263157897,1,0.0526315789473684,4,0.2105263157894736,19,1.0,19,1.0,19,1.0,19,1.0,95,10000,0.0475
truth,all pairs,5000000,10000,454638.4323144984,31,0.0031,81,0.0081,409,0.0409,671,0.0671,1328,0.1328,1508,0.1508,95,10000,0.0475
decoded,ref/ref,5000000,8057,267467.90849005285,25,0.0031028918952463,127,0.0157626908278515,376,0.0466674941045054,712,0.0883703611766166,942,0.1169169666128832,1119,0.1388854412312275,96,10000,0.1
decoded,alt/ref,5000000,1846,1208113.8357087078,0,0.0,0,0.0,0,0.0,1,0.0005417118093174,1,0.0005417118093174,3,0.0016251354279523,96,10000,0.1
decoded,alt/alt,5000000,97,50745.930590358585,2,0.0206185567010309,10,0.1030927835051546,24,0.2474226804123711,41,0.422680412371134,49,0.5051546391752577,58,0.5979381443298969,96,10000,0.1
decoded,all pairs,5000000,10000,439008.9434689895,27,0.0027,137,0.0137,400,0.04,754,0.0754,992,0.0992,1180,0.118,96,10000,0.1
truth,ref/ref,5000000,8057,219120.112945265,17,0.0021099664887675,59,0.0073228248727814,372,0.0461710314012659,855,0.1061189028174258,894,0.1109594141740101,1281,0.158992180712424,96,10000,0.1
truth,alt/ref,5000000,1846,929875.0,0,0.0,0,0.0,0,0.0,0,0.0,0,0.0,0,0.0,96,10000,0.1
truth,alt/alt,5000000,97,28963.917525773195,1,0.0103092783505154,11,0.1134020618556701,43,0.4432989690721649,46,0.4742268041237113,73,0.7525773195876289,97,1.0,96,10000,0.1
truth,all pairs,5000000,10000,348480.95,18,0.0018,70,0.007,415,0.0415,901,0.0901,967,0.0967,1378,0.1378,96,10000,0.1
decoded,ref/ref,5000000,9587,314721.55970346206,58,0.006049859184312,274,0.028580369250026,1126,0.1174507145092312,1943,0.202670282674455,2414,0.251799311567748,2762,0.2880984666736205,97,10000,0.02
decoded,alt/ref,5000000,405,1192015.2013468223,0,0.0,0,0.0,0,0.0,0,0.0,0,0.0,0,0.0,97,10000,0.02
decoded,alt/alt,5000000,8,3396.841620440472,7,0.875,8,1.0,8,1.0,8,1.0,8,1.0,8,1.0,97,10000,0.02
decoded,all pairs,5000000,10000,350002.89241555176,65,0.0065,282,0.0282,1134,0.1134,1951,0.1951,2422,0.2422,2770,0.277,97,10000,0.02
truth,ref/ref,5000000,9587,139643.48857828308,32,0.0033378533430687,74,0.0077187858558464,466,0.0486074893084385,1305,0.136121831647022,2940,0.3066652758944403,3062,0.3193908417648899,97,10000,0.02
truth,alt/ref,5000000,405,1052001.992604398,0,0.0,0,0.0,0,0.0,0,0.0,0,0.0,0,0.0,97,10000,0.02
truth,alt/alt,5000000,8,8000.0,3,0.375,3,0.375,8,1.0,8,1.0,8,1.0,8,1.0,97,10000,0.02
truth,all pairs,5000000,10000,176488.69320047813,35,0.0035,77,0.0077,474,0.0474,1313,0.1313,2948,0.2948,3070,0.307,97,10000,0.02
decoded,ref/ref,5000000,8569,382236.160287104,46,0.0053681876531683,159,0.0185552573229081,515,0.0601003617691679,756,0.0882249970825067,902,0.1052631578947368,1008,0.1176333294433422,98,10000,0.0725
decoded,alt/ref,5000000,1376,1268850.3702679563,0,0.0,0,0.0,0,0.0,0,0.0,0,0.0,0,0.0,98,10000,0.0725
decoded,alt/alt,5000000,55,39864.37800626824,3,0.0545454545454545,8,0.1454545454545454,23,0.4181818181818181,34,0.6181818181818182,36,0.6545454545454545,38,0.6909090909090909,98,10000,0.0725
decoded,all pairs,5000000,10000,502351.2307779247,49,0.0049,167,0.0167,538,0.0538,790,0.079,938,0.0938,1046,0.1046,98,10000,0.0725
truth,ref/ref,5000000,8569,294849.58863344614,25,0.0029174932897654,75,0.0087524798692963,340,0.0396779087408099,808,0.0942933831252188,1190,0.1388726805928346,1333,0.1555607422102929,98,10000,0.0725
truth,alt/ref,5000000,1376,1686775.0884324547,0,0.0,0,0.0,0,0.0,0,0.0,0,0.0,0,0.0,98,10000,0.0725
truth,alt/alt,5000000,55,28913.636363636364,1,0.0181818181818181,4,0.0727272727272727,14,0.2545454545454545,14,0.2545454545454545,55,1.0,55,1.0,98,10000,0.0725
truth,all pairs,5000000,10000,484915.88966830575,26,0.0026,79,0.0079,354,0.0354,822,0.0822,1245,0.1245,1388,0.1388,98,10000,0.0725
decoded,ref/ref,5000000,4548,192740.2286383909,29,0.0063764291996481,103,0.0226473175021987,443,0.09740545294635,982,0.2159190853122251,1249,0.2746262093227792,1502,0.3302550571679859,99,10000,0.325
decoded,alt/ref,5000000,4458,717655.6966039168,0,0.0,0,0.0,1,0.000224315836698,2,0.0004486316733961,3,0.0006729475100942,9,0.0020188425302826,99,10000,0.325
decoded,alt/alt,5000000,994,44535.352924438965,17,0.0171026156941649,49,0.0492957746478873,200,0.2012072434607646,359,0.3611670020120724,563,0.5663983903420523,680,0.6841046277665996,99,10000,0.325
decoded,all pairs,5000000,10000,412015.9796114556,46,0.0046,152,0.0152,644,0.0644,1343,0.1343,1815,0.1815,2191,0.2191,99,10000,0.325
truth,ref/ref,5000000,4548,177213.61037818823,14,0.0030782761653474,35,0.0076956904133685,286,0.0628847845206684,692,0.1521547933157432,757,0.1664467897977132,1336,0.2937554969217238,99,10000,0.325
truth,alt/ref,5000000,4458,886445.6594885599,0,0.0,0,0.0,0,0.0,0,0.0,0,0.0,0,0.0,99,10000,0.325
truth,alt/alt,5000000,994,34445.92555331992,12,0.0120724346076458,40,0.0402414486921529,192,0.193158953722334,336,0.3380281690140845,537,0.540241448692153,994,1.0,99,10000,0.325
truth,all pairs,5000000,10000,479198.15,26,0.0026,75,0.0075,478,0.0478,1028,0.1028,1294,0.1294,2330,0.233,99,10000,0.325
