source,distance_bp,mode,cutoff_years,n,mean,sem
decoded,0.0,neutral,5000,1000,0.004707,3.4168970112055156e-05
decoded,0.0,neutral,10000,1000,0.0213191,0.00020443771660329696
decoded,0.0,neutral,20000,1000,0.0775536,0.0009658339309747935
decoded,0.0,neutral,30000,1000,0.1333299,0.001736931630052685
decoded,0.0,neutral,40000,1000,0.1802963,0.002330616435469226
decoded,0.0,neutral,50000,1000,0.2189522,0.0027901242352999997
decoded,0.0,selected,5000,99,0.005752525252525251,0.000177009582099114
decoded,0.0,selected,10000,99,0.038002020202020204,0.0017497238818584445
decoded,0.0,selected,20000,99,0.17206565656565653,0.00850524474248044
decoded,0.0,selected,30000,99,0.30680101010101013,0.013798577576523308
decoded,0.0,selected,40000,99,0.40255858585858584,0.017023680743623402
decoded,0.0,selected,50000,99,0.4688212121212122,0.01862040313888177
decoded,30000.0,neutral,5000,1000,0.004718109999999999,3.2940443237769295e-05
decoded,30000.0,neutral,10000,1000,0.021280979999999998,0.0001887274301273731
decoded,30000.0,neutral,20000,1000,0.07694173000000001,0.0008335341995196531
decoded,30000.0,neutral,30000,1000,0.13209316000000002,0.0014526762972662006
decoded,30000.0,neutral,40000,1000,0.17857888,0.0019298982540062613
decoded,30000.0,neutral,50000,1000,0.21671422,0.0022673670425180604
decoded,30000.0,selected,5000,99,0.005684949494949495,0.00015596253387111317
decoded,30000.0,selected,10000,99,0.03629727272727273,0.0015428013779817304
decoded,30000.0,selected,20000,99,0.1552589898989899,0.007089406692378949
decoded,30000.0,selected,30000,99,0.26568646464646467,0.011120147082949314
decoded,30000.0,selected,40000,99,0.3412924242424243,0.013521656136170235
decoded,30000.0,selected,50000,99,0.3918934343434344,0.014812490381708851
decoded,80000.0,neutral,5000,1000,0.00474158,3.017839357949722e-05
decoded,80000.0,neutral,10000,1000,0.02127769,0.00016406298310809274
decoded,80000.0,neutral,20000,1000,0.07626176000000001,0.0006781776141828767
decoded,80000.0,neutral,30000,1000,0.13083495,0.0011846393849057062
decoded,80000.0,neutral,40000,1000,0.17709972,0.00156583639763091
decoded,80000.0,neutral,50000,1000,0.2151727,0.0018553285758685534
decoded,80000.0,selected,5000,99,0.0056960606060606055,0.0001531636297173333
decoded,80000.0,selected,10000,99,0.03367595959595959,0.001266808945555368
decoded,80000.0,selected,20000,99,0.12633060606060603,0.005228582644974489
decoded,80000.0,selected,30000,99,0.20415959595959596,0.008012122819722479
decoded,80000.0,selected,40000,99,0.2580589898989899,0.009580073385460526
decoded,80000.0,selected,50000,99,0.29612010101010106,0.010343470476515895
decoded,130000.0,neutral,5000,1000,0.00474163,2.7537809899737377e-05
decoded,130000.0,neutral,10000,1000,0.02113297,0.0001490185814478071
decoded,130000.0,neutral,20000,1000,0.07549378999999999,0.0006161785095989567
decoded,130000.0,neutral,30000,1000,0.1305062,0.001099088767879865
decoded,130000.0,neutral,40000,1000,0.17676148,0.0014810239518507308
decoded,130000.0,neutral,50000,1000,0.21492175,0.0017802642440424726
decoded,130000.0,selected,5000,99,0.005644040404040405,0.00015813682230911668
decoded,130000.0,selected,10000,99,0.03010070707070707,0.0010586314862287172
decoded,130000.0,selected,20000,99,0.10614030303030302,0.00407199220790257
decoded,130000.0,selected,30000,99,0.17408717171717167,0.006567319080255216
decoded,130000.0,selected,40000,99,0.2245626262626263,0.007964284828536256
decoded,130000.0,selected,50000,99,0.26170090909090915,0.008686399292891708
decoded,180000.0,neutral,5000,1000,0.004758739999999999,2.6720295406050185e-05
decoded,180000.0,neutral,10000,1000,0.02118613,0.00014130186106006898
decoded,180000.0,neutral,20000,1000,0.07548762,0.0006032907984737734
decoded,180000.0,neutral,30000,1000,0.12954902,0.0010631646716095107
decoded,180000.0,neutral,40000,1000,0.17559440999999998,0.001428936212905409
decoded,180000.0,neutral,50000,1000,0.21364291,0.0017115501918117948
decoded,180000.0,selected,5000,99,0.005535050505050505,0.00014727801507256321
decoded,180000.0,selected,10000,99,0.02739141414141414,0.0009749298693001553
decoded,180000.0,selected,20000,99,0.0934961616161616,0.0033204094161921214
decoded,180000.0,selected,30000,99,0.15357565656565658,0.005359703673003967
decoded,180000.0,selected,40000,99,0.20023434343434343,0.006885610071723116
decoded,180000.0,selected,50000,99,0.23714929292929296,0.007834915277640407
decoded,230000.0,neutral,5000,1000,0.00475989,2.623214084121068e-05
decoded,230000.0,neutral,10000,1000,0.021283439999999997,0.00013749738287217213
decoded,230000.0,neutral,20000,1000,0.07577331,0.000586583870030945
decoded,230000.0,neutral,30000,1000,0.13040664,0.0010396193385463159
decoded,230000.0,neutral,40000,1000,0.17690502,0.001406032781902109
decoded,230000.0,neutral,50000,1000,0.21532666999999997,0.0016902972221210712
decoded,230000.0,selected,5000,99,0.005359595959595959,0.00013379942646439088
decoded,230000.0,selected,10000,99,0.025677070707070707,0.0008681309671109559
decoded,230000.0,selected,20000,99,0.08794515151515153,0.0029076368193243864
decoded,230000.0,selected,30000,99,0.1444862626262626,0.004631804663637219
decoded,230000.0,selected,40000,99,0.18868858585858583,0.005957363040577582
decoded,230000.0,selected,50000,99,0.223780505050505,0.006837472925012807
decoded,280000.0,neutral,5000,1000,0.00475645,2.5369862581957898e-05
decoded,280000.0,neutral,10000,1000,0.02127658,0.00013358401997991373
decoded,280000.0,neutral,20000,1000,0.07530932,0.0005575150201880979
decoded,280000.0,neutral,30000,1000,0.12950883,0.0010057052350220968
decoded,280000.0,neutral,40000,1000,0.17544363,0.001364216873081366
decoded,280000.0,neutral,50000,1000,0.21370076,0.0016425913456947687
decoded,280000.0,selected,5000,99,0.0051778787878787895,0.00011072503999598467
decoded,280000.0,selected,10000,99,0.024466767676767674,0.0007324497238620739
decoded,280000.0,selected,20000,99,0.08562303030303033,0.003194620431311918
decoded,280000.0,selected,30000,99,0.14199939393939395,0.0050196456386917545
decoded,280000.0,selected,40000,99,0.18572626262626263,0.006157771631473976
decoded,280000.0,selected,50000,99,0.2210747474747475,0.0069754655893700425
decoded,330000.0,neutral,5000,1000,0.00476362,2.5331197468046497e-05
decoded,330000.0,neutral,10000,1000,0.021375579999999998,0.00013440628300980765
decoded,330000.0,neutral,20000,1000,0.07562026000000001,0.0005396048739145638
decoded,330000.0,neutral,30000,1000,0.12971778999999997,0.0009718195959863348
decoded,330000.0,neutral,40000,1000,0.17571838,0.001338378763239125
decoded,330000.0,neutral,50000,1000,0.21397692999999998,0.0016248751356586087
decoded,330000.0,selected,5000,99,0.005043434343434344,9.014866230580409e-05
decoded,330000.0,selected,10000,99,0.023385757575757577,0.0006513472249105402
decoded,330000.0,selected,20000,99,0.08127454545454545,0.00289266428114787
decoded,330000.0,selected,30000,99,0.1357650505050505,0.004722708657537684
decoded,330000.0,selected,40000,99,0.18078767676767676,0.0060983228105264305
decoded,330000.0,selected,50000,99,0.21725868686868685,0.007114849241470195
decoded,380000.0,neutral,5000,1000,0.0047621799999999995,2.5340880170345463e-05
decoded,380000.0,neutral,10000,1000,0.02147471,0.0001401895860466673
decoded,380000.0,neutral,20000,1000,0.07617376000000001,0.0005504678614859625
decoded,380000.0,neutral,30000,1000,0.13077972999999998,0.000981705908058527
decoded,380000.0,neutral,40000,1000,0.17743103999999998,0.001351034654461519
decoded,380000.0,neutral,50000,1000,0.21626632,0.0016615486798385033
decoded,380000.0,selected,5000,99,0.0049983838383838375,8.808748147327648e-05
decoded,380000.0,selected,10000,99,0.0228320202020202,0.0005116177989551874
decoded,380000.0,selected,20000,99,0.0789130303030303,0.002095122008071692
decoded,380000.0,selected,30000,99,0.13290060606060608,0.0038339723132257185
decoded,380000.0,selected,40000,99,0.1770967676767677,0.005147691302295503
decoded,380000.0,selected,50000,99,0.21206777777777783,0.006030005771585178
decoded,430000.0,neutral,5000,1000,0.004740359999999999,2.5147633564092545e-05
decoded,430000.0,neutral,10000,1000,0.021302849999999998,0.00013631463992748013
decoded,430000.0,neutral,20000,1000,0.07586648,0.0005765933916972591
decoded,430000.0,neutral,30000,1000,0.13033262,0.0010421009313337584
decoded,430000.0,neutral,40000,1000,0.17696976,0.0014350308249689312
decoded,430000.0,neutral,50000,1000,0.21574137000000002,0.0017496499802750769
decoded,430000.0,selected,5000,99,0.004898181818181818,8.009713280188718e-05
decoded,430000.0,selected,10000,99,0.022268888888888887,0.0005189025947937747
decoded,430000.0,selected,20000,99,0.07734131313131314,0.0018130853458611118
decoded,430000.0,selected,30000,99,0.1294816161616162,0.0029299346023429975
decoded,430000.0,selected,40000,99,0.1710225252525252,0.003746977126559502
decoded,430000.0,selected,50000,99,0.2054077777777778,0.004420205143861882
decoded,480000.0,neutral,5000,1000,0.004740650000000001,2.4910881749338573e-05
decoded,480000.0,neutral,10000,1000,0.02128118,0.00013439372113264772
decoded,480000.0,neutral,20000,1000,0.07622791999999999,0.0006054383202550309
decoded,480000.0,neutral,30000,1000,0.13080545999999998,0.0010911855171423517
decoded,480000.0,neutral,40000,1000,0.17731565999999999,0.0014987180686218517
decoded,480000.0,neutral,50000,1000,0.21592933,0.0018058486189838244
decoded,480000.0,selected,5000,99,0.004878080808080809,7.729991451160791e-05
decoded,480000.0,selected,10000,99,0.022123030303030304,0.0005603441063425136
decoded,480000.0,selected,20000,99,0.0768110101010101,0.0019527768287010685
decoded,480000.0,selected,30000,99,0.12747989898989898,0.0030516690942618604
decoded,480000.0,selected,40000,99,0.1701509090909091,0.003973248467264571
decoded,480000.0,selected,50000,99,0.20512252525252522,0.0047031812642288895
decoded,530000.0,neutral,5000,1000,0.00475033,2.507341355234997e-05
decoded,530000.0,neutral,10000,1000,0.021376329999999995,0.00013340835063488013
decoded,530000.0,neutral,20000,1000,0.076803,0.0006037746885009959
decoded,530000.0,neutral,30000,1000,0.13153056999999999,0.0010646147687219452
decoded,530000.0,neutral,40000,1000,0.17757334,0.0014350388965735665
decoded,530000.0,neutral,50000,1000,0.21568677,0.001727578207992863
decoded,530000.0,selected,5000,99,0.004802828282828283,7.688885021674381e-05
decoded,530000.0,selected,10000,99,0.021547575757575755,0.0004303227586129671
decoded,530000.0,selected,20000,99,0.07552616161616162,0.001672889093802171
decoded,530000.0,selected,30000,99,0.12883525252525252,0.0028957668880261033
decoded,530000.0,selected,40000,99,0.17450939393939396,0.004048617836581629
decoded,530000.0,selected,50000,99,0.21278151515151517,0.005083648469734607
decoded,580000.0,neutral,5000,1000,0.004759800000000001,2.53177714175152e-05
decoded,580000.0,neutral,10000,1000,0.0213671,0.00013327511112449033
decoded,580000.0,neutral,20000,1000,0.07624964,0.0005702033232981901
decoded,580000.0,neutral,30000,1000,0.13087002,0.001022389520060887
decoded,580000.0,neutral,40000,1000,0.17671451999999999,0.0013939026722943856
decoded,580000.0,neutral,50000,1000,0.21469513,0.0016897949437535416
decoded,580000.0,selected,5000,99,0.004776969696969696,7.210565876891185e-05
decoded,580000.0,selected,10000,99,0.02114929292929293,0.0003636717303399722
decoded,580000.0,selected,20000,99,0.07373343434343435,0.0015585618603024811
decoded,580000.0,selected,30000,99,0.1267689898989899,0.0029689798833993962
decoded,580000.0,selected,40000,99,0.17180303030303032,0.004153697809515712
decoded,580000.0,selected,50000,99,0.20928333333333332,0.005157080338026869
decoded,630000.0,neutral,5000,1000,0.00475917,2.5517408748719946e-05
decoded,630000.0,neutral,10000,1000,0.02131594,0.00013994728850520813
decoded,630000.0,neutral,20000,1000,0.07591666000000001,0.0005824254797687717
decoded,630000.0,neutral,30000,1000,0.130334,0.001035966463121617
decoded,630000.0,neutral,40000,1000,0.17641465000000003,0.0014117201477818304
decoded,630000.0,neutral,50000,1000,0.21476712,0.0017077369805975687
decoded,630000.0,selected,5000,99,0.004781010101010101,7.436524421734635e-05
decoded,630000.0,selected,10000,99,0.0214750505050505,0.00043989596448470796
decoded,630000.0,selected,20000,99,0.07430434343434343,0.0015730577489533825
decoded,630000.0,selected,30000,99,0.12708464646464646,0.0027598531016551496
decoded,630000.0,selected,40000,99,0.1717765656565656,0.004011680950407012
decoded,630000.0,selected,50000,99,0.20898282828282833,0.005058385562904177
decoded,680000.0,neutral,5000,1000,0.00475906,2.572743316417744e-05
decoded,680000.0,neutral,10000,1000,0.02126595,0.00014066064237665705
decoded,680000.0,neutral,20000,1000,0.075913,0.0006049891015654853
decoded,680000.0,neutral,30000,1000,0.13010916999999997,0.0010465687201025057
decoded,680000.0,neutral,40000,1000,0.17569682,0.0013987367434099116
decoded,680000.0,neutral,50000,1000,0.21335865,0.0016865870152581925
decoded,680000.0,selected,5000,99,0.004765858585858587,7.767360710958613e-05
decoded,680000.0,selected,10000,99,0.021667878787878788,0.0004551292519796668
decoded,680000.0,selected,20000,99,0.07538888888888888,0.0018701912341512578
decoded,680000.0,selected,30000,99,0.12846191919191918,0.003408931266912681
decoded,680000.0,selected,40000,99,0.17386020202020203,0.004710343856792495
decoded,680000.0,selected,50000,99,0.211679797979798,0.005757258992486945
decoded,730000.0,neutral,5000,1000,0.004748700000000001,2.548292152186027e-05
decoded,730000.0,neutral,10000,1000,0.02128664,0.00013718811934890899
decoded,730000.0,neutral,20000,1000,0.07537822,0.0005612806948845204
decoded,730000.0,neutral,30000,1000,0.12933278999999998,0.0009910112262565276
decoded,730000.0,neutral,40000,1000,0.1755149,0.0013512076177317148
decoded,730000.0,neutral,50000,1000,0.21402907999999998,0.001644216233582547
decoded,730000.0,selected,5000,99,0.004717979797979798,7.963027580343176e-05
decoded,730000.0,selected,10000,99,0.021526363636363642,0.0004412807547180691
decoded,730000.0,selected,20000,99,0.07371181818181818,0.0016692273116159142
decoded,730000.0,selected,30000,99,0.12439747474747476,0.0027539831551388594
decoded,730000.0,selected,40000,99,0.16833737373737376,0.0038214968438989283
decoded,730000.0,selected,50000,99,0.20392757575757575,0.004728243666443408
decoded,780000.0,neutral,5000,1000,0.0047345500000000006,2.495994784642982e-05
decoded,780000.0,neutral,10000,1000,0.02120668,0.0001316600423224311
decoded,780000.0,neutral,20000,1000,0.07505181,0.0005588775303389982
decoded,780000.0,neutral,30000,1000,0.12877281999999998,0.0010086017852496637
decoded,780000.0,neutral,40000,1000,0.17390689,0.0013672705613798303
decoded,780000.0,neutral,50000,1000,0.21137995,0.0016404672748877003
decoded,780000.0,selected,5000,99,0.004727474747474748,7.900840620182993e-05
decoded,780000.0,selected,10000,99,0.02107969696969697,0.00043398914397497964
decoded,780000.0,selected,20000,99,0.07403545454545456,0.0016087041015255881
decoded,780000.0,selected,30000,99,0.12736232323232322,0.0029696610725403237
decoded,780000.0,selected,40000,99,0.17214626262626265,0.004122077379803138
decoded,780000.0,selected,50000,99,0.20850555555555556,0.0049788831779728985
decoded,830000.0,neutral,5000,1000,0.00472072,2.4274029540027137e-05
decoded,830000.0,neutral,10000,1000,0.02114038,0.0001275003466426425
decoded,830000.0,neutral,20000,1000,0.07527355,0.0005732759508415762
decoded,830000.0,neutral,30000,1000,0.12945547999999998,0.0010005568148332752
decoded,830000.0,neutral,40000,1000,0.17523979,0.0013402069868581957
decoded,830000.0,neutral,50000,1000,0.21325002,0.001610893349164364
decoded,830000.0,selected,5000,99,0.004737575757575758,7.325515748045956e-05
decoded,830000.0,selected,10000,99,0.021134141414141414,0.00041228731353673705
decoded,830000.0,selected,20000,99,0.07507969696969696,0.0018328429065440836
decoded,830000.0,selected,30000,99,0.12953525252525253,0.0031876551505069656
decoded,830000.0,selected,40000,99,0.17593151515151514,0.004319667119485364
decoded,830000.0,selected,50000,99,0.21446979797979798,0.005231759950785069
decoded,880000.0,neutral,5000,1000,0.004697150000000001,2.411530479644463e-05
decoded,880000.0,neutral,10000,1000,0.021248450000000002,0.00013140419765236063
decoded,880000.0,neutral,20000,1000,0.07549223,0.0005753132260213867
decoded,880000.0,neutral,30000,1000,0.12950936000000002,0.0010188349743188519
decoded,880000.0,neutral,40000,1000,0.17504792,0.0013784117439319102
decoded,880000.0,neutral,50000,1000,0.21256252999999997,0.0016560602630018612
decoded,880000.0,selected,5000,99,0.004688686868686869,6.984103729106334e-05
decoded,880000.0,selected,10000,99,0.0213240404040404,0.00041708522994364755
decoded,880000.0,selected,20000,99,0.07523363636363636,0.0017586912865316397
decoded,880000.0,selected,30000,99,0.1285368686868687,0.003112294472583647
decoded,880000.0,selected,40000,99,0.17327545454545454,0.004113960099831313
decoded,880000.0,selected,50000,99,0.21051616161616163,0.004824439965356115
decoded,930000.0,neutral,5000,1000,0.00468946,2.454451754958206e-05
decoded,930000.0,neutral,10000,1000,0.02134335,0.00013435819663311393
decoded,930000.0,neutral,20000,1000,0.07628729,0.0006002858477883307
decoded,930000.0,neutral,30000,1000,0.13041397999999998,0.0010719305261127758
decoded,930000.0,neutral,40000,1000,0.17567551,0.0014257700957397746
decoded,930000.0,neutral,50000,1000,0.21313364,0.0016867868366758092
decoded,930000.0,selected,5000,99,0.004694444444444445,6.817378423696801e-05
decoded,930000.0,selected,10000,99,0.021706868686868684,0.00048031350663503417
decoded,930000.0,selected,20000,99,0.07713232323232323,0.0017879024505583318
decoded,930000.0,selected,30000,99,0.1306808080808081,0.003005737767579445
decoded,930000.0,selected,40000,99,0.17606090909090907,0.003946299797030356
decoded,930000.0,selected,50000,99,0.21344030303030298,0.0045811242136742
decoded,980000.0,neutral,5000,1000,0.0046837,2.4438284304339774e-05
decoded,980000.0,neutral,10000,1000,0.021343360000000002,0.00013309890243059193
decoded,980000.0,neutral,20000,1000,0.07651911,0.000587935923684085
decoded,980000.0,neutral,30000,1000,0.13064075,0.0010571864577944821
decoded,980000.0,neutral,40000,1000,0.17696783,0.001438323210216726
decoded,980000.0,neutral,50000,1000,0.21503746,0.0017398062520128338
decoded,980000.0,selected,5000,99,0.0047558585858585856,6.871362872563947e-05
decoded,980000.0,selected,10000,99,0.021527575757575763,0.00045888033566440187
decoded,980000.0,selected,20000,99,0.0776429292929293,0.0020004366625588554
decoded,980000.0,selected,30000,99,0.13310808080808081,0.003501436091620949
decoded,980000.0,selected,40000,99,0.17979000000000003,0.004719240196838535
decoded,980000.0,selected,50000,99,0.2182619191919192,0.005643938409341008
decoded,1030000.0,neutral,5000,1000,0.00470622,2.4396448477151305e-05
decoded,1030000.0,neutral,10000,1000,0.021303199999999998,0.0001371592038734813
decoded,1030000.0,neutral,20000,1000,0.07626893,0.0006002851695985333
decoded,1030000.0,neutral,30000,1000,0.13067,0.0010716095993099975
decoded,1030000.0,neutral,40000,1000,0.17704535,0.0014499542180054553
decoded,1030000.0,neutral,50000,1000,0.21520475,0.0017455526840259533
decoded,1030000.0,selected,5000,99,0.00475929292929293,7.226669218617299e-05
decoded,1030000.0,selected,10000,99,0.021435454545454546,0.0004394966825904188
decoded,1030000.0,selected,20000,99,0.07689333333333334,0.0018715776407588816
decoded,1030000.0,selected,30000,99,0.1336189898989899,0.0035074215113845343
decoded,1030000.0,selected,40000,99,0.18202252525252524,0.004881207469510887
decoded,1030000.0,selected,50000,99,0.22119868686868682,0.0057970723008529505
decoded,1080000.0,neutral,5000,1000,0.00472854,2.4601908916226853e-05
decoded,1080000.0,neutral,10000,1000,0.021304999999999998,0.00013834313218306942
decoded,1080000.0,neutral,20000,1000,0.0757903,0.0005573734041211705
decoded,1080000.0,neutral,30000,1000,0.13022026,0.0009951824161297132
decoded,1080000.0,neutral,40000,1000,0.17622922,0.0013580797332091194
decoded,1080000.0,neutral,50000,1000,0.21422922,0.0016421522935912332
decoded,1080000.0,selected,5000,99,0.004750101010101011,6.774080479817228e-05
decoded,1080000.0,selected,10000,99,0.02186959595959596,0.00045899550006780766
decoded,1080000.0,selected,20000,99,0.07778,0.001787453825159378
decoded,1080000.0,selected,30000,99,0.1345409090909091,0.00324932160463544
decoded,1080000.0,selected,40000,99,0.18174222222222222,0.004491841307687512
decoded,1080000.0,selected,50000,99,0.22082515151515156,0.005522025352558875
decoded,1130000.0,neutral,5000,1000,0.00473829,2.4208833998017e-05
decoded,1130000.0,neutral,10000,1000,0.021265520000000003,0.0001389052943930159
decoded,1130000.0,neutral,20000,1000,0.07591363,0.0005780325900832049
decoded,1130000.0,neutral,30000,1000,0.13030850000000002,0.0010315566481140374
decoded,1130000.0,neutral,40000,1000,0.17599751000000002,0.0013756392804546655
decoded,1130000.0,neutral,50000,1000,0.21390255,0.0016534407897601726
decoded,1130000.0,selected,5000,99,0.00473,6.710554365228163e-05
decoded,1130000.0,selected,10000,99,0.02192606060606061,0.0004600599303583972
decoded,1130000.0,selected,20000,99,0.07736454545454545,0.0017947266617534623
decoded,1130000.0,selected,30000,99,0.1337207070707071,0.0033191685657856973
decoded,1130000.0,selected,40000,99,0.18139505050505053,0.0045989679373664594
decoded,1130000.0,selected,50000,99,0.22030060606060606,0.005507510167963396
decoded,1180000.0,neutral,5000,1000,0.00472283,2.4460118325316592e-05
decoded,1180000.0,neutral,10000,1000,0.02118265,0.00013690259309997565
decoded,1180000.0,neutral,20000,1000,0.07548338000000002,0.0006062080059864948
decoded,1180000.0,neutral,30000,1000,0.12956528,0.0010713170858434118
decoded,1180000.0,neutral,40000,1000,0.17538183000000002,0.0014397536313794004
decoded,1180000.0,neutral,50000,1000,0.21385777,0.001748925206263608
decoded,1180000.0,selected,5000,99,0.004685454545454546,6.478120299546255e-05
decoded,1180000.0,selected,10000,99,0.02150090909090909,0.0004128870276563148
decoded,1180000.0,selected,20000,99,0.0752719191919192,0.0015264400365739828
decoded,1180000.0,selected,30000,99,0.12927838383838383,0.002847548185377955
decoded,1180000.0,selected,40000,99,0.1755832323232324,0.00408548432946619
decoded,1180000.0,selected,50000,99,0.21297202020202025,0.005084730574276561
decoded,1230000.0,neutral,5000,1000,0.00471784,2.422646602490871e-05
decoded,1230000.0,neutral,10000,1000,0.021131749999999998,0.00013357362670546628
decoded,1230000.0,neutral,20000,1000,0.07494013999999999,0.0005686743210870909
decoded,1230000.0,neutral,30000,1000,0.12862716,0.001010011667508303
decoded,1230000.0,neutral,40000,1000,0.17450482,0.0013771824106340307
decoded,1230000.0,neutral,50000,1000,0.21301367999999996,0.001660393156722977
decoded,1230000.0,selected,5000,99,0.00467959595959596,6.62880278978602e-05
decoded,1230000.0,selected,10000,99,0.021178989898989902,0.0003830380001566385
decoded,1230000.0,selected,20000,99,0.0751509090909091,0.0016405311037681104
decoded,1230000.0,selected,30000,99,0.1295360606060606,0.003191761470835112
decoded,1230000.0,selected,40000,99,0.17460646464646468,0.0044204862920494276
decoded,1230000.0,selected,50000,99,0.211140707070707,0.00532859034859348
decoded,1280000.0,neutral,5000,1000,0.0047157300000000004,2.436971378678974e-05
decoded,1280000.0,neutral,10000,1000,0.0211597,0.00013780431538721618
decoded,1280000.0,neutral,20000,1000,0.07542939000000001,0.0005868659528158661
decoded,1280000.0,neutral,30000,1000,0.12947862000000002,0.001051209191007603
decoded,1280000.0,neutral,40000,1000,0.1749223,0.0014137088328839763
decoded,1280000.0,neutral,50000,1000,0.21244385,0.0016934882299746174
decoded,1280000.0,selected,5000,99,0.0047070707070707065,7.11569514549915e-05
decoded,1280000.0,selected,10000,99,0.021394545454545454,0.00042036101908754747
decoded,1280000.0,selected,20000,99,0.07657909090909092,0.002037484620927875
decoded,1280000.0,selected,30000,99,0.13180535353535353,0.0037543950395818888
decoded,1280000.0,selected,40000,99,0.17852737373737376,0.004937596723253258
decoded,1280000.0,selected,50000,99,0.21663181818181818,0.005763246656671628
decoded,1330000.0,neutral,5000,1000,0.00471235,2.430250994217448e-05
decoded,1330000.0,neutral,10000,1000,0.0211647,0.00013492886313946364
decoded,1330000.0,neutral,20000,1000,0.07522124,0.0005610039421300759
decoded,1330000.0,neutral,30000,1000,0.12909923,0.0010069611524133242
decoded,1330000.0,neutral,40000,1000,0.17488788,0.0013802260793564713
decoded,1330000.0,neutral,50000,1000,0.2130204,0.001676972257967911
decoded,1330000.0,selected,5000,99,0.004681414141414142,6.981525966717872e-05
decoded,1330000.0,selected,10000,99,0.021543333333333334,0.0004406548134370439
decoded,1330000.0,selected,20000,99,0.07468151515151515,0.0016286874301338463
decoded,1330000.0,selected,30000,99,0.12552121212121212,0.002951281590014164
decoded,1330000.0,selected,40000,99,0.16833767676767677,0.0040762148516189775
decoded,1330000.0,selected,50000,99,0.20394646464646465,0.0047970297218166156
decoded,1380000.0,neutral,5000,1000,0.00472559,2.46917219535826e-05
decoded,1380000.0,neutral,10000,1000,0.0212284,0.00013318180969800055
decoded,1380000.0,neutral,20000,1000,0.07575935000000002,0.0005555875138653343
decoded,1380000.0,neutral,30000,1000,0.12992606,0.0010034288506589467
decoded,1380000.0,neutral,40000,1000,0.17570766000000002,0.001368644221457618
decoded,1380000.0,neutral,50000,1000,0.21366409,0.0016520059610265233
decoded,1380000.0,selected,5000,99,0.004657171717171717,7.237070450409684e-05
decoded,1380000.0,selected,10000,99,0.021167676767676766,0.00041452085251941746
decoded,1380000.0,selected,20000,99,0.07488262626262626,0.001705385853952361
decoded,1380000.0,selected,30000,99,0.12836444444444445,0.0032984719612829307
decoded,1380000.0,selected,40000,99,0.17310020202020204,0.00442727279283591
decoded,1380000.0,selected,50000,99,0.20844747474747477,0.005223047416149582
decoded,1430000.0,neutral,5000,1000,0.0047239000000000005,2.4468880565242783e-05
decoded,1430000.0,neutral,10000,1000,0.021278889999999998,0.00013002310516125882
decoded,1430000.0,neutral,20000,1000,0.07576491999999999,0.0005375479628888998
decoded,1430000.0,neutral,30000,1000,0.1295144,0.0009703317327138754
decoded,1430000.0,neutral,40000,1000,0.17496434,0.0013202018298108195
decoded,1430000.0,neutral,50000,1000,0.21301561,0.0015987279700906752
decoded,1430000.0,selected,5000,99,0.004635353535353536,7.176490988564628e-05
decoded,1430000.0,selected,10000,99,0.02079070707070707,0.00035726852774608793
decoded,1430000.0,selected,20000,99,0.07240616161616162,0.00153222046078452
decoded,1430000.0,selected,30000,99,0.1222079797979798,0.0027809798743666974
decoded,1430000.0,selected,40000,99,0.16374787878787875,0.0036892195298587737
decoded,1430000.0,selected,50000,99,0.19885333333333333,0.0043984114512135115
decoded,1480000.0,neutral,5000,1000,0.00473259,2.447596913229311e-05
decoded,1480000.0,neutral,10000,1000,0.02124815,0.0001287435551026943
decoded,1480000.0,neutral,20000,1000,0.07574870999999998,0.0005724927333736785
decoded,1480000.0,neutral,30000,1000,0.13083943,0.0010259248939679566
decoded,1480000.0,neutral,40000,1000,0.17748859,0.0013993540892064734
decoded,1480000.0,neutral,50000,1000,0.21608923,0.0017008693559097867
decoded,1480000.0,selected,5000,99,0.00462969696969697,7.089024481437763e-05
decoded,1480000.0,selected,10000,99,0.020646767676767673,0.00034890755764582
decoded,1480000.0,selected,20000,99,0.07176757575757577,0.0013750667613027982
decoded,1480000.0,selected,30000,99,0.12250353535353536,0.0025608256683645044
decoded,1480000.0,selected,40000,99,0.1657451515151515,0.0035686402228104434
decoded,1480000.0,selected,50000,99,0.20242898989898991,0.004327037833315669
decoded,1530000.0,neutral,5000,1000,0.00472884,2.4455644193783426e-05
decoded,1530000.0,neutral,10000,1000,0.02122975,0.00012893414462876446
decoded,1530000.0,neutral,20000,1000,0.07608693999999999,0.0005836317738813437
decoded,1530000.0,neutral,30000,1000,0.13127462000000004,0.0010676241023316584
decoded,1530000.0,neutral,40000,1000,0.17775858,0.0014549199437860582
decoded,1530000.0,neutral,50000,1000,0.21633028999999998,0.0017528951414139675
decoded,1530000.0,selected,5000,99,0.004677676767676768,7.111226187202543e-05
decoded,1530000.0,selected,10000,99,0.021102929292929295,0.0003559142576849707
decoded,1530000.0,selected,20000,99,0.07496141414141413,0.0015412035725606856
decoded,1530000.0,selected,30000,99,0.12760161616161617,0.002652176240505197
decoded,1530000.0,selected,40000,99,0.1723526262626263,0.0036354839073055247
decoded,1530000.0,selected,50000,99,0.20984575757575755,0.004490440215734366
decoded,1580000.0,neutral,5000,1000,0.00470623,2.4245191614347296e-05
decoded,1580000.0,neutral,10000,1000,0.02119943,0.000129886129289011
decoded,1580000.0,neutral,20000,1000,0.07561124000000001,0.0005756174190167245
decoded,1580000.0,neutral,30000,1000,0.13000401,0.0010816541702244132
decoded,1580000.0,neutral,40000,1000,0.17630710000000002,0.0015027799813220374
decoded,1580000.0,neutral,50000,1000,0.21429271,0.0018218074121604906
decoded,1580000.0,selected,5000,99,0.004692121212121213,7.04528264664183e-05
decoded,1580000.0,selected,10000,99,0.021260101010101007,0.00035424415267755054
decoded,1580000.0,selected,20000,99,0.07709252525252526,0.0016174416299108013
decoded,1580000.0,selected,30000,99,0.1325681818181818,0.003190071681934751
decoded,1580000.0,selected,40000,99,0.17895737373737378,0.004380671531525419
decoded,1580000.0,selected,50000,99,0.21695252525252523,0.005327079979103069
decoded,1630000.0,neutral,5000,1000,0.004698729999999999,2.4690048310717937e-05
decoded,1630000.0,neutral,10000,1000,0.02118111,0.00013697467038919361
decoded,1630000.0,neutral,20000,1000,0.07568873999999999,0.0005957152904867558
decoded,1630000.0,neutral,30000,1000,0.13046389,0.0010838846272796536
decoded,1630000.0,neutral,40000,1000,0.17688381,0.001480250867324223
decoded,1630000.0,neutral,50000,1000,0.21554807,0.0017854540900518229
decoded,1630000.0,selected,5000,99,0.0046918181818181815,6.817834114682576e-05
decoded,1630000.0,selected,10000,99,0.02108272727272727,0.00035042959818117926
decoded,1630000.0,selected,20000,99,0.07538343434343434,0.0015770011331434116
decoded,1630000.0,selected,30000,99,0.129740303030303,0.0030101575941452467
decoded,1630000.0,selected,40000,99,0.1767709090909091,0.004374554398112231
decoded,1630000.0,selected,50000,99,0.2160229292929293,0.005421978897883075
decoded,1680000.0,neutral,5000,1000,0.004715219999999999,2.4854188425339547e-05
decoded,1680000.0,neutral,10000,1000,0.021288269999999998,0.00014612072944888648
decoded,1680000.0,neutral,20000,1000,0.07601097,0.000624330388330484
decoded,1680000.0,neutral,30000,1000,0.13052816,0.001086663676746748
decoded,1680000.0,neutral,40000,1000,0.17712075,0.001457690584787622
decoded,1680000.0,neutral,50000,1000,0.21552824999999998,0.0017555372204456018
decoded,1680000.0,selected,5000,99,0.004715656565656565,6.813566468922103e-05
decoded,1680000.0,selected,10000,99,0.021032020202020208,0.00044651413274848843
decoded,1680000.0,selected,20000,99,0.07305262626262625,0.0016127546570113452
decoded,1680000.0,selected,30000,99,0.12606242424242423,0.0028283040346556037
decoded,1680000.0,selected,40000,99,0.17036353535353535,0.0037674581354232997
decoded,1680000.0,selected,50000,99,0.20783050505050507,0.004666130348132429
decoded,1730000.0,neutral,5000,1000,0.0047161500000000006,2.4037718057032566e-05
decoded,1730000.0,neutral,10000,1000,0.021351799999999997,0.00014481560938214058
decoded,1730000.0,neutral,20000,1000,0.07613568999999999,0.0006136198231896614
decoded,1730000.0,neutral,30000,1000,0.13087360999999997,0.001061866679443711
decoded,1730000.0,neutral,40000,1000,0.17698044,0.0014204212260684737
decoded,1730000.0,neutral,50000,1000,0.21531966999999996,0.0017036195809122315
decoded,1730000.0,selected,5000,99,0.004759494949494949,6.63268043478845e-05
decoded,1730000.0,selected,10000,99,0.021215353535353535,0.0004303145961767657
decoded,1730000.0,selected,20000,99,0.0750279797979798,0.0016733355383633194
decoded,1730000.0,selected,30000,99,0.12936646464646467,0.0030823404820211537
decoded,1730000.0,selected,40000,99,0.1750086868686869,0.004244687915844486
decoded,1730000.0,selected,50000,99,0.21301323232323233,0.00527397125572278
decoded,1780000.0,neutral,5000,1000,0.00471407,2.405814060207541e-05
decoded,1780000.0,neutral,10000,1000,0.021408620000000003,0.0001369925686285919
decoded,1780000.0,neutral,20000,1000,0.07646029,0.0005832027622343517
decoded,1780000.0,neutral,30000,1000,0.13171071,0.001017005023790106
decoded,1780000.0,neutral,40000,1000,0.17834629,0.0013858986974290134
decoded,1780000.0,neutral,50000,1000,0.21682665,0.0016885182793375845
decoded,1780000.0,selected,5000,99,0.004730505050505051,7.409446100391724e-05
decoded,1780000.0,selected,10000,99,0.021332626262626258,0.0003616966417377608
decoded,1780000.0,selected,20000,99,0.07582343434343436,0.0015934186442723012
decoded,1780000.0,selected,30000,99,0.13027545454545456,0.0031582624678069718
decoded,1780000.0,selected,40000,99,0.1767436363636363,0.0044675757538005
decoded,1780000.0,selected,50000,99,0.21526777777777775,0.005485598541038503
decoded,1830000.0,neutral,5000,1000,0.004708970000000001,2.3766153857306597e-05
decoded,1830000.0,neutral,10000,1000,0.021262439999999997,0.00013043842082771483
decoded,1830000.0,neutral,20000,1000,0.07603984,0.0005702735440904562
decoded,1830000.0,neutral,30000,1000,0.13040001999999998,0.0010137248044606478
decoded,1830000.0,neutral,40000,1000,0.1762355,0.0013804477349392476
decoded,1830000.0,neutral,50000,1000,0.21400866999999998,0.0016753475512109267
decoded,1830000.0,selected,5000,99,0.004765959595959596,7.538999395993407e-05
decoded,1830000.0,selected,10000,99,0.021473030303030296,0.00037097837225476754
decoded,1830000.0,selected,20000,99,0.07603404040404041,0.001966606205999099
decoded,1830000.0,selected,30000,99,0.1298461616161616,0.003494017240535714
decoded,1830000.0,selected,40000,99,0.17548121212121215,0.004609645105629074
decoded,1830000.0,selected,50000,99,0.21402424242424245,0.0055289899112860984
decoded,1880000.0,neutral,5000,1000,0.0047112099999999995,2.3530110539519402e-05
decoded,1880000.0,neutral,10000,1000,0.02113737,0.0001323248640760789
decoded,1880000.0,neutral,20000,1000,0.07521369,0.0005434993560565955
decoded,1880000.0,neutral,30000,1000,0.12887796,0.0009514366798658722
decoded,1880000.0,neutral,40000,1000,0.17436026000000002,0.0012947200013185146
decoded,1880000.0,neutral,50000,1000,0.21215424000000002,0.001573343132897664
decoded,1880000.0,selected,5000,99,0.004774141414141414,7.155155503446543e-05
decoded,1880000.0,selected,10000,99,0.021343434343434345,0.00041427370141353754
decoded,1880000.0,selected,20000,99,0.07611373737373736,0.0018601266162179308
decoded,1880000.0,selected,30000,99,0.12998757575757575,0.003339038451358685
decoded,1880000.0,selected,40000,99,0.1768068686868687,0.004628695087792985
decoded,1880000.0,selected,50000,99,0.21480797979797978,0.005553039671891835
decoded,1930000.0,neutral,5000,1000,0.0047219,2.411146932380839e-05
decoded,1930000.0,neutral,10000,1000,0.021086330000000004,0.0001313303266035145
decoded,1930000.0,neutral,20000,1000,0.07480965,0.0005320756663221804
decoded,1930000.0,neutral,30000,1000,0.12851794,0.0009364713232639298
decoded,1930000.0,neutral,40000,1000,0.17418055999999998,0.0012879837222399806
decoded,1930000.0,neutral,50000,1000,0.21189388,0.0015751958266316723
decoded,1930000.0,selected,5000,99,0.004749393939393939,6.87270987597584e-05
decoded,1930000.0,selected,10000,99,0.021146262626262628,0.0004042674490914906
decoded,1930000.0,selected,20000,99,0.07500272727272729,0.0018540249652589302
decoded,1930000.0,selected,30000,99,0.12758828282828286,0.0033017642755472764
decoded,1930000.0,selected,40000,99,0.1722387878787879,0.004593919327785653
decoded,1930000.0,selected,50000,99,0.20847121212121217,0.005637053782864921
decoded,1980000.0,neutral,5000,1000,0.00472712,2.4494356065818082e-05
decoded,1980000.0,neutral,10000,1000,0.021096820000000002,0.0001332527800497648
decoded,1980000.0,neutral,20000,1000,0.074946,0.0005499390855338415
decoded,1980000.0,neutral,30000,1000,0.12940024,0.0009981930348771611
decoded,1980000.0,neutral,40000,1000,0.17587951,0.001375741364924041
decoded,1980000.0,neutral,50000,1000,0.21449025,0.0016906088569342834
decoded,1980000.0,selected,5000,99,0.004713737373737374,6.686590294519832e-05
decoded,1980000.0,selected,10000,99,0.021096969696969697,0.00041940233546920106
decoded,1980000.0,selected,20000,99,0.073729898989899,0.001944652338301492
decoded,1980000.0,selected,30000,99,0.12582545454545455,0.0035026257290773715
decoded,1980000.0,selected,40000,99,0.17036868686868686,0.0048001530515832825
decoded,1980000.0,selected,50000,99,0.2067252525252526,0.005823907989850206
decoded,2030000.0,neutral,5000,1000,0.00473391,2.4250082028281438e-05
decoded,2030000.0,neutral,10000,1000,0.02118098,0.00013482927268353997
decoded,2030000.0,neutral,20000,1000,0.07557925,0.0005787888207598145
decoded,2030000.0,neutral,30000,1000,0.13036778999999998,0.001060462501898975
decoded,2030000.0,neutral,40000,1000,0.17675437999999996,0.0014690879031844498
decoded,2030000.0,neutral,50000,1000,0.21501448,0.001782185760804865
decoded,2030000.0,selected,5000,99,0.004688282828282828,7.721684768734457e-05
decoded,2030000.0,selected,10000,99,0.021202828282828278,0.0005603821369039522
decoded,2030000.0,selected,20000,99,0.0740978787878788,0.0020460965157633065
decoded,2030000.0,selected,30000,99,0.12690565656565658,0.0035221721308751845
decoded,2030000.0,selected,40000,99,0.17205686868686867,0.004687327749098396
decoded,2030000.0,selected,50000,99,0.2094292929292929,0.005459165548122569
decoded,2080000.0,neutral,5000,1000,0.004740060000000001,2.3862288348044182e-05
decoded,2080000.0,neutral,10000,1000,0.021311619999999996,0.00013241397598681432
decoded,2080000.0,neutral,20000,1000,0.07610490000000002,0.000587840282549425
decoded,2080000.0,neutral,30000,1000,0.13143788999999997,0.0010744447608844728
decoded,2080000.0,neutral,40000,1000,0.17850301999999998,0.0014937608603747747
decoded,2080000.0,neutral,50000,1000,0.21736976000000002,0.0018247129562523295
decoded,2080000.0,selected,5000,99,0.004647979797979798,7.454859411082017e-05
decoded,2080000.0,selected,10000,99,0.021169090909090905,0.0005879783274246687
decoded,2080000.0,selected,20000,99,0.07368777777777778,0.0018703377054581267
decoded,2080000.0,selected,30000,99,0.1256750505050505,0.0028617157358242517
decoded,2080000.0,selected,40000,99,0.1700710101010101,0.0037002588495117492
decoded,2080000.0,selected,50000,99,0.20718929292929292,0.00443448322594527
decoded,2130000.0,neutral,5000,1000,0.004753,2.3859183989832104e-05
decoded,2130000.0,neutral,10000,1000,0.02130802,0.00012796878091350439
decoded,2130000.0,neutral,20000,1000,0.076374,0.0005849842785974732
decoded,2130000.0,neutral,30000,1000,0.13199644000000002,0.0010798030225434147
decoded,2130000.0,neutral,40000,1000,0.17912836,0.001487508310526124
decoded,2130000.0,neutral,50000,1000,0.21808435999999998,0.0018083337323840634
decoded,2130000.0,selected,5000,99,0.004686363636363637,7.893728994640466e-05
decoded,2130000.0,selected,10000,99,0.021201414141414143,0.0005286386995549037
decoded,2130000.0,selected,20000,99,0.07497646464646465,0.002076590197001282
decoded,2130000.0,selected,30000,99,0.12790838383838382,0.0034022624062034425
decoded,2130000.0,selected,40000,99,0.174059898989899,0.004513105094522654
decoded,2130000.0,selected,50000,99,0.21166787878787877,0.005210387622126026
decoded,2180000.0,neutral,5000,1000,0.0047551600000000005,2.3682479478176148e-05
decoded,2180000.0,neutral,10000,1000,0.02124259,0.00012974236190378365
decoded,2180000.0,neutral,20000,1000,0.07585192,0.0005849527122675723
decoded,2180000.0,neutral,30000,1000,0.13053341000000002,0.0010541518064790304
decoded,2180000.0,neutral,40000,1000,0.17685449,0.0014259103833555815
decoded,2180000.0,neutral,50000,1000,0.21507928,0.0017151398114014654
decoded,2180000.0,selected,5000,99,0.004705454545454546,8.19575075213428e-05
decoded,2180000.0,selected,10000,99,0.021403434343434346,0.0005270181960478167
decoded,2180000.0,selected,20000,99,0.07686050505050505,0.002027133071219046
decoded,2180000.0,selected,30000,99,0.13203484848484848,0.003461605134689139
decoded,2180000.0,selected,40000,99,0.1795818181818182,0.00451061595172301
decoded,2180000.0,selected,50000,99,0.21916949494949492,0.005355006607013406
decoded,2230000.0,neutral,5000,1000,0.00475798,2.334270338674168e-05
decoded,2230000.0,neutral,10000,1000,0.02130663,0.0001308560944723652
decoded,2230000.0,neutral,20000,1000,0.07589538,0.0005864984181138515
decoded,2230000.0,neutral,30000,1000,0.13037266999999997,0.0010435502116406836
decoded,2230000.0,neutral,40000,1000,0.17631955,0.0014100721840607172
decoded,2230000.0,neutral,50000,1000,0.21443079,0.001699831967811729
decoded,2230000.0,selected,5000,99,0.004710707070707071,7.279348894709724e-05
decoded,2230000.0,selected,10000,99,0.02123353535353535,0.0005137261930093359
decoded,2230000.0,selected,20000,99,0.0749519191919192,0.0017798530977622413
decoded,2230000.0,selected,30000,99,0.12984717171717172,0.003024444099621924
decoded,2230000.0,selected,40000,99,0.17589404040404039,0.004050553410299457
decoded,2230000.0,selected,50000,99,0.21367202020202017,0.004938147755651298
decoded,2280000.0,neutral,5000,1000,0.00476224,2.3214915780909366e-05
decoded,2280000.0,neutral,10000,1000,0.02141166,0.00013478528449841
decoded,2280000.0,neutral,20000,1000,0.07619013999999999,0.0005838618869933911
decoded,2280000.0,neutral,30000,1000,0.1308664,0.0010493363950182563
decoded,2280000.0,neutral,40000,1000,0.17713074,0.0014252280904340057
decoded,2280000.0,neutral,50000,1000,0.21543456000000002,0.0017150175898047633
decoded,2280000.0,selected,5000,99,0.004754141414141415,7.708431455371877e-05
decoded,2280000.0,selected,10000,99,0.02103878787878788,0.0005026695027537547
decoded,2280000.0,selected,20000,99,0.07344686868686869,0.0018261309338936929
decoded,2280000.0,selected,30000,99,0.1267668686868687,0.0032680364104353617
decoded,2280000.0,selected,40000,99,0.17257595959595956,0.004683390752083091
decoded,2280000.0,selected,50000,99,0.20970585858585855,0.005782672394388474
decoded,2330000.0,neutral,5000,1000,0.0047633,2.3329993540474857e-05
decoded,2330000.0,neutral,10000,1000,0.02143212,0.00014112010696633626
decoded,2330000.0,neutral,20000,1000,0.07599641,0.0006015908692673834
decoded,2330000.0,neutral,30000,1000,0.13052075,0.0010536247161014587
decoded,2330000.0,neutral,40000,1000,0.17671232,0.001418611836677236
decoded,2330000.0,neutral,50000,1000,0.21527801,0.0017087867998282194
decoded,2330000.0,selected,5000,99,0.004757474747474747,7.940841660811184e-05
decoded,2330000.0,selected,10000,99,0.021084949494949493,0.00044532756870594033
decoded,2330000.0,selected,20000,99,0.07345676767676768,0.0015139060948941158
decoded,2330000.0,selected,30000,99,0.1256168686868687,0.002563235784712883
decoded,2330000.0,selected,40000,99,0.17038454545454548,0.0035918236912234136
decoded,2330000.0,selected,50000,99,0.2076415151515151,0.004624976768428811
decoded,2380000.0,neutral,5000,1000,0.00476021,2.389504612109232e-05
decoded,2380000.0,neutral,10000,1000,0.02132376,0.00013829949389788964
decoded,2380000.0,neutral,20000,1000,0.07561936,0.0005807224965578727
decoded,2380000.0,neutral,30000,1000,0.13005052,0.0010416853790653675
decoded,2380000.0,neutral,40000,1000,0.17589601,0.0014165288074876354
decoded,2380000.0,neutral,50000,1000,0.21386489,0.0016981468748009686
decoded,2380000.0,selected,5000,99,0.004782626262626262,7.76467411168858e-05
decoded,2380000.0,selected,10000,99,0.021228888888888887,0.00046595008347507854
decoded,2380000.0,selected,20000,99,0.07473757575757577,0.001867421202585144
decoded,2380000.0,selected,30000,99,0.12586868686868688,0.003166256346968758
decoded,2380000.0,selected,40000,99,0.1687554545454546,0.004256811281412927
decoded,2380000.0,selected,50000,99,0.20523292929292927,0.005129411307732552
decoded,2430000.0,neutral,5000,1000,0.00475601,2.398574359480639e-05
decoded,2430000.0,neutral,10000,1000,0.021179490000000002,0.00012566081999406808
decoded,2430000.0,neutral,20000,1000,0.07565707,0.0005601455928598388
decoded,2430000.0,neutral,30000,1000,0.13007369,0.0009895758441045006
decoded,2430000.0,neutral,40000,1000,0.17595322,0.0013355686767523123
decoded,2430000.0,neutral,50000,1000,0.21371255,0.001617513515111719
decoded,2430000.0,selected,5000,99,0.004817575757575758,7.568979032943077e-05
decoded,2430000.0,selected,10000,99,0.020933030303030304,0.0003973214132054528
decoded,2430000.0,selected,20000,99,0.07283868686868687,0.0015724204245287758
decoded,2430000.0,selected,30000,99,0.12539525252525252,0.0029325658619021016
decoded,2430000.0,selected,40000,99,0.170399696969697,0.004184125422907223
decoded,2430000.0,selected,50000,99,0.20811090909090912,0.005163523899212514
decoded,2480000.0,neutral,5000,1000,0.00473559,2.4210762336467495e-05
decoded,2480000.0,neutral,10000,1000,0.02105036,0.0001222540368246379
decoded,2480000.0,neutral,20000,1000,0.07512881,0.0005357391067248819
decoded,2480000.0,neutral,30000,1000,0.12946566999999998,0.000977451513176849
decoded,2480000.0,neutral,40000,1000,0.17542219,0.0013379519161142279
decoded,2480000.0,neutral,50000,1000,0.21368277,0.001633908577879426
decoded,2480000.0,selected,5000,99,0.004837070707070707,7.801273919898896e-05
decoded,2480000.0,selected,10000,99,0.021034141414141415,0.00038423083366845854
decoded,2480000.0,selected,20000,99,0.07402707070707071,0.0017124689041050653
decoded,2480000.0,selected,30000,99,0.1263482828282828,0.0031702122390949022
decoded,2480000.0,selected,40000,99,0.17118434343434344,0.004558039090404113
decoded,2480000.0,selected,50000,99,0.20881292929292933,0.005748706662200978
decoded,2530000.0,neutral,5000,1000,0.00473259,2.4164791102532398e-05
decoded,2530000.0,neutral,10000,1000,0.02106881,0.000125521144998529
decoded,2530000.0,neutral,20000,1000,0.07513006000000001,0.0005468606813450764
decoded,2530000.0,neutral,30000,1000,0.12946089,0.0010025144350583688
decoded,2530000.0,neutral,40000,1000,0.17559804000000004,0.0013832993551159722
decoded,2530000.0,neutral,50000,1000,0.21379732999999998,0.0016913792060297094
decoded,2530000.0,selected,5000,99,0.0048086868686868685,7.305192061710065e-05
decoded,2530000.0,selected,10000,99,0.021449292929292922,0.00040229939111721875
decoded,2530000.0,selected,20000,99,0.07405090909090908,0.0016838469436383668
decoded,2530000.0,selected,30000,99,0.1261031313131313,0.002963038019189691
decoded,2530000.0,selected,40000,99,0.1706608080808081,0.0041526952666018765
decoded,2530000.0,selected,50000,99,0.20605171717171714,0.005069894028429116
decoded,2580000.0,neutral,5000,1000,0.00473579,2.4558311965332362e-05
decoded,2580000.0,neutral,10000,1000,0.02113572,0.00012908243318188637
decoded,2580000.0,neutral,20000,1000,0.07559953,0.0005745044220979593
decoded,2580000.0,neutral,30000,1000,0.13018088,0.0010597900764924308
decoded,2580000.0,neutral,40000,1000,0.17630882,0.001446974658475355
decoded,2580000.0,neutral,50000,1000,0.21450101000000002,0.0017436550381230436
decoded,2580000.0,selected,5000,99,0.004774848484848485,6.974869689196689e-05
decoded,2580000.0,selected,10000,99,0.021885555555555557,0.00044369817784216105
decoded,2580000.0,selected,20000,99,0.07527878787878788,0.001666287695149967
decoded,2580000.0,selected,30000,99,0.12852636363636363,0.0030445238423782864
decoded,2580000.0,selected,40000,99,0.17350282828282826,0.004136964727935385
decoded,2580000.0,selected,50000,99,0.21034646464646464,0.004951067408870597
decoded,2630000.0,neutral,5000,1000,0.00473695,2.4599624774354566e-05
decoded,2630000.0,neutral,10000,1000,0.021201970000000004,0.00013217253117458672
decoded,2630000.0,neutral,20000,1000,0.07604306,0.0005707558482176725
decoded,2630000.0,neutral,30000,1000,0.13046492,0.0010300697916982952
decoded,2630000.0,neutral,40000,1000,0.17649695,0.0014277402318934869
decoded,2630000.0,neutral,50000,1000,0.21456641999999998,0.0017455964956166444
decoded,2630000.0,selected,5000,99,0.004785757575757576,6.860780824720972e-05
decoded,2630000.0,selected,10000,99,0.02211333333333334,0.0004823254584473219
decoded,2630000.0,selected,20000,99,0.07816323232323233,0.0018137931511905563
decoded,2630000.0,selected,30000,99,0.13272535353535353,0.0029839143801557054
decoded,2630000.0,selected,40000,99,0.17920555555555556,0.003986361194953106
decoded,2630000.0,selected,50000,99,0.21800959595959593,0.004847314185378819
decoded,2680000.0,neutral,5000,1000,0.0047372000000000004,2.4762676554648734e-05
decoded,2680000.0,neutral,10000,1000,0.02129966,0.0001400496025541507
decoded,2680000.0,neutral,20000,1000,0.07621417999999999,0.0006107172983845685
decoded,2680000.0,neutral,30000,1000,0.13082694,0.0010819787475947237
decoded,2680000.0,neutral,40000,1000,0.17692525,0.0014429704088227998
decoded,2680000.0,neutral,50000,1000,0.21539187,0.0017378932128362557
decoded,2680000.0,selected,5000,99,0.0047957575757575765,7.907122827281e-05
decoded,2680000.0,selected,10000,99,0.022180202020202024,0.000502863660503929
decoded,2680000.0,selected,20000,99,0.07680383838383838,0.001787085543961512
decoded,2680000.0,selected,30000,99,0.13021939393939394,0.0030986598862184477
decoded,2680000.0,selected,40000,99,0.17569353535353532,0.004290275329854745
decoded,2680000.0,selected,50000,99,0.21342626262626266,0.005296467163229659
decoded,2730000.0,neutral,5000,1000,0.004745,2.5507925322421938e-05
decoded,2730000.0,neutral,10000,1000,0.02124691,0.00013818914788250373
decoded,2730000.0,neutral,20000,1000,0.07589694,0.0006002493199350438
decoded,2730000.0,neutral,30000,1000,0.13055084,0.0010653185807883824
decoded,2730000.0,neutral,40000,1000,0.17687683,0.0014380041193607195
decoded,2730000.0,neutral,50000,1000,0.21509743,0.0017253599051494726
decoded,2730000.0,selected,5000,99,0.0048375757575757575,8.308572873918503e-05
decoded,2730000.0,selected,10000,99,0.021736262626262624,0.0004884834816555326
decoded,2730000.0,selected,20000,99,0.07556020202020201,0.0018558837555506097
decoded,2730000.0,selected,30000,99,0.1300149494949495,0.0033539551270559717
decoded,2730000.0,selected,40000,99,0.1773110101010101,0.004507852816240001
decoded,2730000.0,selected,50000,99,0.21723606060606057,0.005622596789486741
decoded,2780000.0,neutral,5000,1000,0.004742499999999999,2.5025359510277144e-05
decoded,2780000.0,neutral,10000,1000,0.0211779,0.00013329029106312168
decoded,2780000.0,neutral,20000,1000,0.07553851,0.0005756260494702517
decoded,2780000.0,neutral,30000,1000,0.13008208999999998,0.0010296662986708455
decoded,2780000.0,neutral,40000,1000,0.17653485,0.0013998417438715654
decoded,2780000.0,neutral,50000,1000,0.21504831000000002,0.0016933650334704801
decoded,2780000.0,selected,5000,99,0.004800404040404041,8.05526058463395e-05
decoded,2780000.0,selected,10000,99,0.02140979797979798,0.00044503335755675564
decoded,2780000.0,selected,20000,99,0.0753030303030303,0.0018569973050662747
decoded,2780000.0,selected,30000,99,0.12839636363636364,0.003291684125751732
decoded,2780000.0,selected,40000,99,0.17224191919191917,0.004540978716885845
decoded,2780000.0,selected,50000,99,0.20866686868686865,0.005508255303851021
decoded,2830000.0,neutral,5000,1000,0.0047447,2.4419447565811545e-05
decoded,2830000.0,neutral,10000,1000,0.02120284,0.00012890967162256615
decoded,2830000.0,neutral,20000,1000,0.07468119,0.0005387567723413264
decoded,2830000.0,neutral,30000,1000,0.12822242,0.000964262884411639
decoded,2830000.0,neutral,40000,1000,0.1740171,0.0013083017208514185
decoded,2830000.0,neutral,50000,1000,0.21241015,0.0015810523456853975
decoded,2830000.0,selected,5000,99,0.004783737373737374,7.861307906404391e-05
decoded,2830000.0,selected,10000,99,0.02167222222222222,0.00043300733552581087
decoded,2830000.0,selected,20000,99,0.07679161616161616,0.001912322363902371
decoded,2830000.0,selected,30000,99,0.130909898989899,0.0033567202137783107
decoded,2830000.0,selected,40000,99,0.17637656565656568,0.004599754038223623
decoded,2830000.0,selected,50000,99,0.21379858585858588,0.005563192550927121
decoded,2880000.0,neutral,5000,1000,0.00474775,2.3768933499416835e-05
decoded,2880000.0,neutral,10000,1000,0.02120307,0.0001289328598824111
decoded,2880000.0,neutral,20000,1000,0.07485685,0.0005645128556035208
decoded,2880000.0,neutral,30000,1000,0.12836970000000003,0.001008433322076911
decoded,2880000.0,neutral,40000,1000,0.17397104,0.0013684342519172123
decoded,2880000.0,neutral,50000,1000,0.21192355,0.0016485312321338715
decoded,2880000.0,selected,5000,99,0.004772020202020202,7.917100105935286e-05
decoded,2880000.0,selected,10000,99,0.02156090909090909,0.00040746750659698784
decoded,2880000.0,selected,20000,99,0.0765871717171717,0.0017691993668079316
decoded,2880000.0,selected,30000,99,0.1306430303030303,0.0031171979726133466
decoded,2880000.0,selected,40000,99,0.17548626262626263,0.00422004666668673
decoded,2880000.0,selected,50000,99,0.21254717171717172,0.005080492159036709
decoded,2930000.0,neutral,5000,1000,0.0047427500000000004,2.3926592304783383e-05
decoded,2930000.0,neutral,10000,1000,0.0212637,0.0001290817927487034
decoded,2930000.0,neutral,20000,1000,0.07563597999999999,0.0005516940613936106
decoded,2930000.0,neutral,30000,1000,0.12977157,0.0010074911878168607
decoded,2930000.0,neutral,40000,1000,0.17578273,0.0013850940669215652
decoded,2930000.0,neutral,50000,1000,0.21399179000000004,0.0016776799215628454
decoded,2930000.0,selected,5000,99,0.004721818181818182,7.98770395537661e-05
decoded,2930000.0,selected,10000,99,0.021204141414141415,0.000400557409240324
decoded,2930000.0,selected,20000,99,0.0749090909090909,0.0017629933579300068
decoded,2930000.0,selected,30000,99,0.12887666666666667,0.0030911453794267236
decoded,2930000.0,selected,40000,99,0.17533151515151515,0.004229374188561891
decoded,2930000.0,selected,50000,99,0.2143446464646465,0.005220561058712111
decoded,2980000.0,neutral,5000,1000,0.0047464199999999995,2.362510379086469e-05
decoded,2980000.0,neutral,10000,1000,0.02124727,0.00012946932359772663
decoded,2980000.0,neutral,20000,1000,0.07548681,0.0005541777856807705
decoded,2980000.0,neutral,30000,1000,0.12974622,0.0009831278566362028
decoded,2980000.0,neutral,40000,1000,0.17540951000000002,0.001328523319581019
decoded,2980000.0,neutral,50000,1000,0.21315289999999998,0.0016067197531477466
decoded,2980000.0,selected,5000,99,0.004721818181818182,8.342670880379932e-05
decoded,2980000.0,selected,10000,99,0.021086161616161617,0.00038932177327655426
decoded,2980000.0,selected,20000,99,0.07519313131313131,0.0019194180657482332
decoded,2980000.0,selected,30000,99,0.1305059595959596,0.003524682789065882
decoded,2980000.0,selected,40000,99,0.17837555555555554,0.00481089330556079
decoded,2980000.0,selected,50000,99,0.21815737373737373,0.005887145589400953
decoded,3030000.0,neutral,5000,1000,0.00474357,2.3741036032403723e-05
decoded,3030000.0,neutral,10000,1000,0.02116457,0.00013094842842129113
decoded,3030000.0,neutral,20000,1000,0.07527719999999999,0.00057477377815629
decoded,3030000.0,neutral,30000,1000,0.12945804,0.0010189178734280754
decoded,3030000.0,neutral,40000,1000,0.17541549999999997,0.0013820543386368514
decoded,3030000.0,neutral,50000,1000,0.21349045,0.001674102689356902
decoded,3030000.0,selected,5000,99,0.004668484848484849,8.00636681862486e-05
decoded,3030000.0,selected,10000,99,0.021253838383838385,0.00039773492121580097
decoded,3030000.0,selected,20000,99,0.07432696969696971,0.0018585157399408888
decoded,3030000.0,selected,30000,99,0.1262569696969697,0.003294107829376473
decoded,3030000.0,selected,40000,99,0.17049989898989895,0.004316833747945304
decoded,3030000.0,selected,50000,99,0.20743040404040405,0.005160079500136221
decoded,3080000.0,neutral,5000,1000,0.004733179999999999,2.381054870912953e-05
decoded,3080000.0,neutral,10000,1000,0.02111773,0.00013290380946259466
decoded,3080000.0,neutral,20000,1000,0.07524865,0.0005790519185719894
decoded,3080000.0,neutral,30000,1000,0.12996157,0.0010768391514024242
decoded,3080000.0,neutral,40000,1000,0.17631689,0.001464258607315319
decoded,3080000.0,neutral,50000,1000,0.21487697,0.001771487816611648
decoded,3080000.0,selected,5000,99,0.004671515151515151,7.627300233439977e-05
decoded,3080000.0,selected,10000,99,0.021386161616161612,0.00038504012772726557
decoded,3080000.0,selected,20000,99,0.07495959595959595,0.0018228767517344255
decoded,3080000.0,selected,30000,99,0.1268076767676768,0.0031000357018720814
decoded,3080000.0,selected,40000,99,0.17095949494949497,0.004074173096823019
decoded,3080000.0,selected,50000,99,0.207619696969697,0.00487835010231634
decoded,3130000.0,neutral,5000,1000,0.0047357200000000006,2.4035402684003075e-05
decoded,3130000.0,neutral,10000,1000,0.021068310000000003,0.00013342405338589414
decoded,3130000.0,neutral,20000,1000,0.07530598000000001,0.0005870305321576428
decoded,3130000.0,neutral,30000,1000,0.12929674,0.0010745085943312375
decoded,3130000.0,neutral,40000,1000,0.17506432,0.0014720428824546471
decoded,3130000.0,neutral,50000,1000,0.21291969,0.0017706595239496649
decoded,3130000.0,selected,5000,99,0.00466040404040404,7.443221750643713e-05
decoded,3130000.0,selected,10000,99,0.02123383838383838,0.000342452012538977
decoded,3130000.0,selected,20000,99,0.07546858585858586,0.0017263281211585245
decoded,3130000.0,selected,30000,99,0.1281349494949495,0.0029774008633931905
decoded,3130000.0,selected,40000,99,0.17234292929292924,0.0038787992493595365
decoded,3130000.0,selected,50000,99,0.20924363636363638,0.004607353515893849
decoded,3180000.0,neutral,5000,1000,0.00472742,2.4026931494409293e-05
decoded,3180000.0,neutral,10000,1000,0.021017849999999998,0.00013409739441424165
decoded,3180000.0,neutral,20000,1000,0.07503268,0.0005979676125705166
decoded,3180000.0,neutral,30000,1000,0.12925763,0.0010909431142647455
decoded,3180000.0,neutral,40000,1000,0.17499056,0.0014776845954567065
decoded,3180000.0,neutral,50000,1000,0.21265964,0.0017641772709435166
decoded,3180000.0,selected,5000,99,0.004671717171717172,6.958664663200503e-05
decoded,3180000.0,selected,10000,99,0.02117181818181818,0.0003769743699587274
decoded,3180000.0,selected,20000,99,0.07275232323232325,0.001615211994834014
decoded,3180000.0,selected,30000,99,0.12427262626262625,0.0027987786068357757
decoded,3180000.0,selected,40000,99,0.16873464646464648,0.0039079314037458275
decoded,3180000.0,selected,50000,99,0.20607585858585864,0.004786274637156781
decoded,3230000.0,neutral,5000,1000,0.00473203,2.3757643079748144e-05
decoded,3230000.0,neutral,10000,1000,0.021039000000000002,0.00013236101782261662
decoded,3230000.0,neutral,20000,1000,0.07548572,0.0006157540684026006
decoded,3230000.0,neutral,30000,1000,0.13026134000000003,0.0010832747002864419
decoded,3230000.0,neutral,40000,1000,0.17616967,0.0014381551590327635
decoded,3230000.0,neutral,50000,1000,0.21415341000000002,0.0017128537184280018
decoded,3230000.0,selected,5000,99,0.0046873737373737375,7.014996831943112e-05
decoded,3230000.0,selected,10000,99,0.021250404040404035,0.00044437453395924584
decoded,3230000.0,selected,20000,99,0.07496686868686869,0.0018425970522775003
decoded,3230000.0,selected,30000,99,0.12804707070707072,0.003373664550229508
decoded,3230000.0,selected,40000,99,0.17294696969696968,0.004467565565626245
decoded,3230000.0,selected,50000,99,0.211080202020202,0.005322616464797138
decoded,3280000.0,neutral,5000,1000,0.00474724,2.3647189515288536e-05
decoded,3280000.0,neutral,10000,1000,0.021080579999999998,0.00013392373961188374
decoded,3280000.0,neutral,20000,1000,0.07566178999999999,0.0005796612355884633
decoded,3280000.0,neutral,30000,1000,0.13062821000000002,0.0010318243601534645
decoded,3280000.0,neutral,40000,1000,0.17720632999999997,0.0013970758741131883
decoded,3280000.0,neutral,50000,1000,0.21572455,0.0016867277460475914
decoded,3280000.0,selected,5000,99,0.004754242424242425,7.204182500301341e-05
decoded,3280000.0,selected,10000,99,0.021425454545454543,0.0004908784395326464
decoded,3280000.0,selected,20000,99,0.0745820202020202,0.0017521344345931902
decoded,3280000.0,selected,30000,99,0.1272307070707071,0.0030701862390774604
decoded,3280000.0,selected,40000,99,0.17234525252525254,0.004260111679549162
decoded,3280000.0,selected,50000,99,0.21032323232323233,0.005257901124867642
decoded,3330000.0,neutral,5000,1000,0.0047465,2.3854617850487415e-05
decoded,3330000.0,neutral,10000,1000,0.021040120000000002,0.00013186727556131569
decoded,3330000.0,neutral,20000,1000,0.07494469,0.000550096161312357
decoded,3330000.0,neutral,30000,1000,0.12919269,0.0009839828154215625
decoded,3330000.0,neutral,40000,1000,0.17494601,0.0013432910690822659
decoded,3330000.0,neutral,50000,1000,0.21287265,0.001623610815669278
decoded,3330000.0,selected,5000,99,0.004848585858585859,7.779214890509267e-05
decoded,3330000.0,selected,10000,99,0.02174515151515152,0.0005147411676453121
decoded,3330000.0,selected,20000,99,0.07595070707070707,0.0019163411960625258
decoded,3330000.0,selected,30000,99,0.12816020202020204,0.0033704716828157617
decoded,3330000.0,selected,40000,99,0.17120000000000002,0.004619662722912722
decoded,3330000.0,selected,50000,99,0.2079028282828283,0.005718201748059174
decoded,3380000.0,neutral,5000,1000,0.00474497,2.3846972075657265e-05
decoded,3380000.0,neutral,10000,1000,0.021025280000000004,0.00012622346963178397
decoded,3380000.0,neutral,20000,1000,0.07455519,0.0005434003252459252
decoded,3380000.0,neutral,30000,1000,0.12770057,0.000983778049269918
decoded,3380000.0,neutral,40000,1000,0.17292095999999998,0.0013430067571043821
decoded,3380000.0,neutral,50000,1000,0.21051262000000004,0.001628434246333032
decoded,3380000.0,selected,5000,99,0.004918585858585859,8.030656706965302e-05
decoded,3380000.0,selected,10000,99,0.02180909090909091,0.00048730556098746416
decoded,3380000.0,selected,20000,99,0.07661090909090909,0.001735098104339439
decoded,3380000.0,selected,30000,99,0.13062272727272728,0.0031518794928779973
decoded,3380000.0,selected,40000,99,0.17547545454545455,0.004262551220102059
decoded,3380000.0,selected,50000,99,0.21228818181818185,0.005093376674519488
decoded,3430000.0,neutral,5000,1000,0.00475786,2.3712880911460784e-05
decoded,3430000.0,neutral,10000,1000,0.021099940000000005,0.00012752176832916723
decoded,3430000.0,neutral,20000,1000,0.07504294,0.0005722464033111108
decoded,3430000.0,neutral,30000,1000,0.1281704,0.0010129306726462516
decoded,3430000.0,neutral,40000,1000,0.17276598999999998,0.0013696754520191139
decoded,3430000.0,neutral,50000,1000,0.20995881,0.0016316292876190094
decoded,3430000.0,selected,5000,99,0.004882929292929293,8.339456655987853e-05
decoded,3430000.0,selected,10000,99,0.021340202020202027,0.00043474722904249946
decoded,3430000.0,selected,20000,99,0.07641373737373737,0.0017278760875061871
decoded,3430000.0,selected,30000,99,0.13163262626262626,0.0035083274070899164
decoded,3430000.0,selected,40000,99,0.17896434343434345,0.004933279724343968
decoded,3430000.0,selected,50000,99,0.2181064646464647,0.006020544717497338
decoded,3480000.0,neutral,5000,1000,0.004741,2.399484429106704e-05
decoded,3480000.0,neutral,10000,1000,0.0212015,0.0001297104118447742
decoded,3480000.0,neutral,20000,1000,0.07497192,0.0005626610410902472
decoded,3480000.0,neutral,30000,1000,0.12822593000000002,0.0009813148837331145
decoded,3480000.0,neutral,40000,1000,0.17326434000000002,0.0013324154208872766
decoded,3480000.0,neutral,50000,1000,0.21075187,0.001617464708080206
decoded,3480000.0,selected,5000,99,0.004864040404040404,8.198122867535586e-05
decoded,3480000.0,selected,10000,99,0.02117666666666667,0.0004354914861017608
decoded,3480000.0,selected,20000,99,0.07566454545454546,0.0017044389599110957
decoded,3480000.0,selected,30000,99,0.1313544444444444,0.0031262362097333714
decoded,3480000.0,selected,40000,99,0.17901919191919194,0.004276831136932537
decoded,3480000.0,selected,50000,99,0.21842676767676766,0.005218006071277648
decoded,3530000.0,neutral,5000,1000,0.00472574,2.4081785332171383e-05
decoded,3530000.0,neutral,10000,1000,0.0211527,0.00013207234007547915
decoded,3530000.0,neutral,20000,1000,0.07485898,0.0005746260013269509
decoded,3530000.0,neutral,30000,1000,0.12819861,0.001024541598303629
decoded,3530000.0,neutral,40000,1000,0.17354141,0.0013922457081362197
decoded,3530000.0,neutral,50000,1000,0.21134154,0.0016819105415265398
decoded,3530000.0,selected,5000,99,0.004824444444444445,7.953213298875573e-05
decoded,3530000.0,selected,10000,99,0.021152727272727274,0.0004335383849132549
decoded,3530000.0,selected,20000,99,0.07560070707070707,0.001623555725633962
decoded,3530000.0,selected,30000,99,0.13237171717171717,0.002868249491258097
decoded,3530000.0,selected,40000,99,0.1802312121212121,0.0039008992490186384
decoded,3530000.0,selected,50000,99,0.22024303030303027,0.004722202520989353
decoded,3580000.0,neutral,5000,1000,0.00471419,2.4063965141229706e-05
decoded,3580000.0,neutral,10000,1000,0.021014380000000003,0.00013063736347743832
decoded,3580000.0,neutral,20000,1000,0.07500814,0.000588010362261182
decoded,3580000.0,neutral,30000,1000,0.12891429,0.0010425895317082018
decoded,3580000.0,neutral,40000,1000,0.17449746,0.0014143255999419127
decoded,3580000.0,neutral,50000,1000,0.21227104000000002,0.001709697749109974
decoded,3580000.0,selected,5000,99,0.004806868686868687,7.818673323434031e-05
decoded,3580000.0,selected,10000,99,0.021666464646464646,0.00044847779174370285
decoded,3580000.0,selected,20000,99,0.07722323232323232,0.0018840153581880187
decoded,3580000.0,selected,30000,99,0.1339648484848485,0.0035265119781283656
decoded,3580000.0,selected,40000,99,0.1809746464646465,0.004908800187503195
decoded,3580000.0,selected,50000,99,0.220170101010101,0.0059724976457188215
decoded,3630000.0,neutral,5000,1000,0.0046974700000000005,2.366712555279859e-05
decoded,3630000.0,neutral,10000,1000,0.020914230000000002,0.00012888392325178795
decoded,3630000.0,neutral,20000,1000,0.07489620999999999,0.0005822629081696087
decoded,3630000.0,neutral,30000,1000,0.12887904,0.0010216696234585318
decoded,3630000.0,neutral,40000,1000,0.17448550999999998,0.0013791765671382482
decoded,3630000.0,neutral,50000,1000,0.21241578,0.001669811363652129
decoded,3630000.0,selected,5000,99,0.004799292929292929,7.715170871739565e-05
decoded,3630000.0,selected,10000,99,0.022074040404040405,0.00048739493461465253
decoded,3630000.0,selected,20000,99,0.07924313131313131,0.0021205470576421553
decoded,3630000.0,selected,30000,99,0.1363220202020202,0.0038187772868551345
decoded,3630000.0,selected,40000,99,0.18253949494949492,0.0050185552248133
decoded,3630000.0,selected,50000,99,0.22047030303030307,0.005979745370759931
decoded,3680000.0,neutral,5000,1000,0.0046912099999999995,2.345554942223053e-05
decoded,3680000.0,neutral,10000,1000,0.02094325,0.0001279909959041359
decoded,3680000.0,neutral,20000,1000,0.07525188999999999,0.0005680863938511278
decoded,3680000.0,neutral,30000,1000,0.12939065,0.001039501455965529
decoded,3680000.0,neutral,40000,1000,0.17560334,0.0014501956648365457
decoded,3680000.0,neutral,50000,1000,0.21374599,0.0017740704153608332
decoded,3680000.0,selected,5000,99,0.004828282828282828,7.562425429478665e-05
decoded,3680000.0,selected,10000,99,0.021784141414141416,0.0005224400833537976
decoded,3680000.0,selected,20000,99,0.07736626262626263,0.0020858751820062183
decoded,3680000.0,selected,30000,99,0.1324330303030303,0.0034006909742493015
decoded,3680000.0,selected,40000,99,0.17839191919191913,0.0043494325712147034
decoded,3680000.0,selected,50000,99,0.2161656565656566,0.005165834738938423
decoded,3730000.0,neutral,5000,1000,0.00469697,2.3537105055941233e-05
decoded,3730000.0,neutral,10000,1000,0.021034660000000004,0.00013059783259410654
decoded,3730000.0,neutral,20000,1000,0.07522197,0.0005727192182230504
decoded,3730000.0,neutral,30000,1000,0.12930658,0.0010002716463391682
decoded,3730000.0,neutral,40000,1000,0.17539225,0.0013674066090493976
decoded,3730000.0,neutral,50000,1000,0.21355045,0.0016695921259291039
decoded,3730000.0,selected,5000,99,0.00482989898989899,7.677555319855692e-05
decoded,3730000.0,selected,10000,99,0.021549393939393938,0.0004998050912247894
decoded,3730000.0,selected,20000,99,0.07649838383838384,0.0019550242833811533
decoded,3730000.0,selected,30000,99,0.13231909090909091,0.003462924396223842
decoded,3730000.0,selected,40000,99,0.17864454545454542,0.004795368606865454
decoded,3730000.0,selected,50000,99,0.217000101010101,0.00580489132331598
decoded,3780000.0,neutral,5000,1000,0.0046853,2.310153655043298e-05
decoded,3780000.0,neutral,10000,1000,0.02111432,0.00013381576662335794
decoded,3780000.0,neutral,20000,1000,0.07450558000000002,0.0005836488986544055
decoded,3780000.0,neutral,30000,1000,0.12806189,0.0010427164341708583
decoded,3780000.0,neutral,40000,1000,0.17378818000000001,0.0014204341855795935
decoded,3780000.0,neutral,50000,1000,0.21153327,0.001708364486526785
decoded,3780000.0,selected,5000,99,0.004807171717171717,7.449825854171426e-05
decoded,3780000.0,selected,10000,99,0.021493434343434342,0.00045766060511097677
decoded,3780000.0,selected,20000,99,0.07724717171717171,0.002141325715591063
decoded,3780000.0,selected,30000,99,0.13350868686868686,0.0038558546179819422
decoded,3780000.0,selected,40000,99,0.17863242424242426,0.0049549437572401454
decoded,3780000.0,selected,50000,99,0.21524171717171722,0.0057257908403181125
decoded,3830000.0,neutral,5000,1000,0.00470584,2.354594457451019e-05
decoded,3830000.0,neutral,10000,1000,0.021196730000000004,0.00013406479096047283
decoded,3830000.0,neutral,20000,1000,0.07490284,0.0005645070179437167
decoded,3830000.0,neutral,30000,1000,0.12852975,0.0010159524677139941
decoded,3830000.0,neutral,40000,1000,0.17456427,0.001393676629643733
decoded,3830000.0,neutral,50000,1000,0.21284724,0.0016997235539175607
decoded,3830000.0,selected,5000,99,0.004845050505050505,7.237516691069483e-05
decoded,3830000.0,selected,10000,99,0.021734545454545454,0.00044738621725617684
decoded,3830000.0,selected,20000,99,0.07721959595959596,0.002148255009547998
decoded,3830000.0,selected,30000,99,0.13288979797979794,0.003835897996572807
decoded,3830000.0,selected,40000,99,0.18026949494949493,0.005150688424533574
decoded,3830000.0,selected,50000,99,0.21875464646464646,0.0061539325612255755
decoded,3880000.0,neutral,5000,1000,0.00472008,2.3849792582037404e-05
decoded,3880000.0,neutral,10000,1000,0.02125412,0.00013454964300224672
decoded,3880000.0,neutral,20000,1000,0.07603691,0.0005835160429021847
decoded,3880000.0,neutral,30000,1000,0.13054796,0.0010691827431157765
decoded,3880000.0,neutral,40000,1000,0.17705896000000002,0.0014794066111246899
decoded,3880000.0,neutral,50000,1000,0.21566341999999997,0.0017835786412359487
decoded,3880000.0,selected,5000,99,0.004827676767676768,7.452022428658343e-05
decoded,3880000.0,selected,10000,99,0.02175050505050506,0.00040744778267127546
decoded,3880000.0,selected,20000,99,0.07731010101010101,0.001837160880518086
decoded,3880000.0,selected,30000,99,0.13401030303030306,0.0032935357482961982
decoded,3880000.0,selected,40000,99,0.18126747474747473,0.004482388060863104
decoded,3880000.0,selected,50000,99,0.22105838383838386,0.005439949223215798
decoded,3930000.0,neutral,5000,1000,0.0047268499999999995,2.4306439074460916e-05
decoded,3930000.0,neutral,10000,1000,0.02127834,0.0001367820623363202
decoded,3930000.0,neutral,20000,1000,0.07583626,0.0005893644951305775
decoded,3930000.0,neutral,30000,1000,0.1304077,0.0010524620720591897
decoded,3930000.0,neutral,40000,1000,0.17675314000000003,0.0014294264434022122
decoded,3930000.0,neutral,50000,1000,0.21513534,0.0017238046051688113
decoded,3930000.0,selected,5000,99,0.004806767676767677,7.22857411327837e-05
decoded,3930000.0,selected,10000,99,0.0215289898989899,0.0003513295856251051
decoded,3930000.0,selected,20000,99,0.07550878787878787,0.001644904002970508
decoded,3930000.0,selected,30000,99,0.13087454545454547,0.0030526151596592375
decoded,3930000.0,selected,40000,99,0.17701737373737372,0.0040803159135990065
decoded,3930000.0,selected,50000,99,0.2155038383838384,0.0049470151744669556
decoded,3980000.0,neutral,5000,1000,0.00473965,2.4022319816149097e-05
decoded,3980000.0,neutral,10000,1000,0.021216290000000002,0.00014140209293991298
decoded,3980000.0,neutral,20000,1000,0.07602568,0.0006098292195480753
decoded,3980000.0,neutral,30000,1000,0.13051986,0.0010719044378601596
decoded,3980000.0,neutral,40000,1000,0.17630355,0.0014429494400650647
decoded,3980000.0,neutral,50000,1000,0.21401098000000002,0.0017354278570100477
decoded,3980000.0,selected,5000,99,0.00480979797979798,6.786583521420313e-05
decoded,3980000.0,selected,10000,99,0.02140494949494949,0.0003184787968568061
decoded,3980000.0,selected,20000,99,0.07366838383838385,0.0013717814954972971
decoded,3980000.0,selected,30000,99,0.12565080808080809,0.0026834262139391685
decoded,3980000.0,selected,40000,99,0.1693217171717172,0.0036379439267292257
decoded,3980000.0,selected,50000,99,0.20491767676767675,0.004401406797153347
decoded,4030000.0,neutral,5000,1000,0.00474885,2.3742191751587916e-05
decoded,4030000.0,neutral,10000,1000,0.021133720000000005,0.00013977368008049026
decoded,4030000.0,neutral,20000,1000,0.07609064,0.0006014963223630018
decoded,4030000.0,neutral,30000,1000,0.1308481,0.0010579738232114253
decoded,4030000.0,neutral,40000,1000,0.17749209999999999,0.0014217436294697923
decoded,4030000.0,neutral,50000,1000,0.21592087,0.0017030688841521554
decoded,4030000.0,selected,5000,99,0.004875555555555556,6.737750625581329e-05
decoded,4030000.0,selected,10000,99,0.021626969696969697,0.00035406443697688053
decoded,4030000.0,selected,20000,99,0.07703737373737374,0.0016418562644494514
decoded,4030000.0,selected,30000,99,0.1327427272727273,0.0032373391331973387
decoded,4030000.0,selected,40000,99,0.1785957575757576,0.00446228296800613
decoded,4030000.0,selected,50000,99,0.21601404040404037,0.0054709986812441335
decoded,4080000.0,neutral,5000,1000,0.00473914,2.3381521677511836e-05
decoded,4080000.0,neutral,10000,1000,0.02108782,0.00013326143499774293
decoded,4080000.0,neutral,20000,1000,0.07571481,0.0005784938680048556
decoded,4080000.0,neutral,30000,1000,0.12986059,0.0010291195376508381
decoded,4080000.0,neutral,40000,1000,0.17572246000000002,0.0013928414986597681
decoded,4080000.0,neutral,50000,1000,0.21400037,0.0016992819909738195
decoded,4080000.0,selected,5000,99,0.004871313131313131,6.682366277071728e-05
decoded,4080000.0,selected,10000,99,0.02155010101010101,0.00039009118108446667
decoded,4080000.0,selected,20000,99,0.07612707070707071,0.0016927368960923607
decoded,4080000.0,selected,30000,99,0.1316949494949495,0.0031015564561199978
decoded,4080000.0,selected,40000,99,0.17924080808080808,0.004432059199308066
decoded,4080000.0,selected,50000,99,0.21879363636363636,0.005431798214022601
decoded,4130000.0,neutral,5000,1000,0.004724600000000001,2.3168327764675023e-05
decoded,4130000.0,neutral,10000,1000,0.020998620000000003,0.00012660325936120635
decoded,4130000.0,neutral,20000,1000,0.07556790000000001,0.0005822194652325666
decoded,4130000.0,neutral,30000,1000,0.13010093999999997,0.0010639268911659986
decoded,4130000.0,neutral,40000,1000,0.17614361000000003,0.0014473648182075191
decoded,4130000.0,neutral,50000,1000,0.21420772,0.0017373847081823374
decoded,4130000.0,selected,5000,99,0.004900505050505051,7.159495394346192e-05
decoded,4130000.0,selected,10000,99,0.021501717171717172,0.0004330657810725918
decoded,4130000.0,selected,20000,99,0.07690232323232324,0.001904486164177101
decoded,4130000.0,selected,30000,99,0.13157878787878788,0.003290834370318578
decoded,4130000.0,selected,40000,99,0.1778170707070707,0.004553564833772833
decoded,4130000.0,selected,50000,99,0.21585787878787882,0.005768074847946196
decoded,4180000.0,neutral,5000,1000,0.004719900000000001,2.2945144795134102e-05
decoded,4180000.0,neutral,10000,1000,0.020952440000000003,0.00012677448487931797
decoded,4180000.0,neutral,20000,1000,0.07481556,0.000577530394215441
decoded,4180000.0,neutral,30000,1000,0.12836307,0.0010233106060583811
decoded,4180000.0,neutral,40000,1000,0.17328721000000002,0.001378056301929347
decoded,4180000.0,neutral,50000,1000,0.21067457,0.0016572051076991297
decoded,4180000.0,selected,5000,99,0.004910909090909091,7.405003279832716e-05
decoded,4180000.0,selected,10000,99,0.02151131313131313,0.000426656970902528
decoded,4180000.0,selected,20000,99,0.07648363636363636,0.0016584169012394767
decoded,4180000.0,selected,30000,99,0.13210676767676766,0.0029844268053668362
decoded,4180000.0,selected,40000,99,0.17859090909090908,0.004251958545870001
decoded,4180000.0,selected,50000,99,0.2176789898989899,0.00537123602993571
decoded,4230000.0,neutral,5000,1000,0.00471479,2.2755394170698602e-05
decoded,4230000.0,neutral,10000,1000,0.02109272,0.00013506625520423262
decoded,4230000.0,neutral,20000,1000,0.07470512,0.0005669363557023107
decoded,4230000.0,neutral,30000,1000,0.12830903999999999,0.0010252733446792178
decoded,4230000.0,neutral,40000,1000,0.17365325999999998,0.0014004930365116841
decoded,4230000.0,neutral,50000,1000,0.21149178000000002,0.0016954160625217212
decoded,4230000.0,selected,5000,99,0.0049015151515151515,7.451974507765816e-05
decoded,4230000.0,selected,10000,99,0.02175313131313131,0.00046320962311539334
decoded,4230000.0,selected,20000,99,0.077750101010101,0.0018227030116578077
decoded,4230000.0,selected,30000,99,0.1350069696969697,0.0032437522092894143
decoded,4230000.0,selected,40000,99,0.18213383838383843,0.004307287144597233
decoded,4230000.0,selected,50000,99,0.22139535353535358,0.00507974328516606
decoded,4280000.0,neutral,5000,1000,0.004700930000000001,2.2714223981264938e-05
decoded,4280000.0,neutral,10000,1000,0.021181020000000002,0.000140500079116817
decoded,4280000.0,neutral,20000,1000,0.07529458,0.0005705754065135635
decoded,4280000.0,neutral,30000,1000,0.12893866000000004,0.000993980905976491
decoded,4280000.0,neutral,40000,1000,0.17378984000000003,0.001324949126707423
decoded,4280000.0,neutral,50000,1000,0.21132060000000003,0.001590837460794366
decoded,4280000.0,selected,5000,99,0.00489979797979798,6.865750066381808e-05
decoded,4280000.0,selected,10000,99,0.02215959595959596,0.0004988658115177839
decoded,4280000.0,selected,20000,99,0.07817444444444444,0.001959334193232852
decoded,4280000.0,selected,30000,99,0.13376535353535352,0.0033352065216436994
decoded,4280000.0,selected,40000,99,0.18081424242424243,0.004370705122423628
decoded,4280000.0,selected,50000,99,0.21898020202020202,0.005202758849796937
decoded,4330000.0,neutral,5000,1000,0.00469752,2.2679890366292055e-05
decoded,4330000.0,neutral,10000,1000,0.02110294,0.00013733724649808468
decoded,4330000.0,neutral,20000,1000,0.07460696,0.0005791421922440441
decoded,4330000.0,neutral,30000,1000,0.12799778,0.001024573492489979
decoded,4330000.0,neutral,40000,1000,0.17364622,0.0013890557980591428
decoded,4330000.0,neutral,50000,1000,0.21155810000000003,0.0016641178704276558
decoded,4330000.0,selected,5000,99,0.004897777777777778,7.345067852616854e-05
decoded,4330000.0,selected,10000,99,0.02217292929292929,0.0004349968131237918
decoded,4330000.0,selected,20000,99,0.077909898989899,0.001849942114651236
decoded,4330000.0,selected,30000,99,0.13217191919191917,0.0032762482555459688
decoded,4330000.0,selected,40000,99,0.177640101010101,0.004486571391480855
decoded,4330000.0,selected,50000,99,0.21460343434343432,0.00539034378549092
decoded,4380000.0,neutral,5000,1000,0.00470629,2.2894346179504385e-05
decoded,4380000.0,neutral,10000,1000,0.021018549999999997,0.00013289546117569665
decoded,4380000.0,neutral,20000,1000,0.07457509999999999,0.0005987088887961523
decoded,4380000.0,neutral,30000,1000,0.12837959999999998,0.0010733781453350366
decoded,4380000.0,neutral,40000,1000,0.17402524,0.001451504633076396
decoded,4380000.0,neutral,50000,1000,0.2123957,0.0017503755219889182
decoded,4380000.0,selected,5000,99,0.004957979797979798,8.371144642511332e-05
decoded,4380000.0,selected,10000,99,0.022269191919191925,0.0004198302333017732
decoded,4380000.0,selected,20000,99,0.07732131313131313,0.0016689067361014135
decoded,4380000.0,selected,30000,99,0.13267727272727275,0.0030552495817132677
decoded,4380000.0,selected,40000,99,0.17928393939393938,0.004232718662172349
decoded,4380000.0,selected,50000,99,0.21710454545454544,0.005274843873184437
decoded,4430000.0,neutral,5000,1000,0.004706060000000001,2.3407626821046885e-05
decoded,4430000.0,neutral,10000,1000,0.02106131,0.0001333290847067088
decoded,4430000.0,neutral,20000,1000,0.07512359,0.0005775849629286598
decoded,4430000.0,neutral,30000,1000,0.12939141999999998,0.0010378227059341842
decoded,4430000.0,neutral,40000,1000,0.17551233000000002,0.0014112254122695409
decoded,4430000.0,neutral,50000,1000,0.21365867,0.0016994542589635678
decoded,4430000.0,selected,5000,99,0.0050160606060606055,8.981827529191085e-05
decoded,4430000.0,selected,10000,99,0.022436363636363633,0.0005023736167073927
decoded,4430000.0,selected,20000,99,0.07840575757575757,0.0020025364666764957
decoded,4430000.0,selected,30000,99,0.1350051515151515,0.0035548701959643133
decoded,4430000.0,selected,40000,99,0.18224040404040406,0.004889160883410485
decoded,4430000.0,selected,50000,99,0.2214860606060606,0.006021752400690796
decoded,4480000.0,neutral,5000,1000,0.00470635,2.3929864519380712e-05
decoded,4480000.0,neutral,10000,1000,0.02116028,0.0001349793574905013
decoded,4480000.0,neutral,20000,1000,0.07546089,0.0005913057564454329
decoded,4480000.0,neutral,30000,1000,0.12975917,0.0010641654666222972
decoded,4480000.0,neutral,40000,1000,0.17556126,0.0014488808194746184
decoded,4480000.0,neutral,50000,1000,0.21400791000000002,0.0017582970622426095
decoded,4480000.0,selected,5000,99,0.0050515151515151515,9.458579249853563e-05
decoded,4480000.0,selected,10000,99,0.022271010101010093,0.0005212532369417508
decoded,4480000.0,selected,20000,99,0.07608050505050505,0.0018645451787052659
decoded,4480000.0,selected,30000,99,0.1283988888888889,0.0030321407976404906
decoded,4480000.0,selected,40000,99,0.1733887878787879,0.00415018297220712
decoded,4480000.0,selected,50000,99,0.21034373737373738,0.004964851084493348
decoded,4530000.0,neutral,5000,1000,0.00469214,2.4012034445215136e-05
decoded,4530000.0,neutral,10000,1000,0.0210826,0.00013351359151456875
decoded,4530000.0,neutral,20000,1000,0.07492533,0.0005802487998788631
decoded,4530000.0,neutral,30000,1000,0.12878325000000002,0.001027463349844058
decoded,4530000.0,neutral,40000,1000,0.17448798,0.0013816294643269216
decoded,4530000.0,neutral,50000,1000,0.21229184,0.001657700589267573
decoded,4530000.0,selected,5000,99,0.004994444444444445,0.00010060169652898933
decoded,4530000.0,selected,10000,99,0.021875959595959598,0.0004940835885136298
decoded,4530000.0,selected,20000,99,0.07470080808080809,0.0016347933012595438
decoded,4530000.0,selected,30000,99,0.12769585858585863,0.002981181626145311
decoded,4530000.0,selected,40000,99,0.17314747474747472,0.00432345285097405
decoded,4530000.0,selected,50000,99,0.21104181818181822,0.005379220008772223
decoded,4580000.0,neutral,5000,1000,0.00465935,2.365277428191525e-05
decoded,4580000.0,neutral,10000,1000,0.02099453,0.00013037337610224067
decoded,4580000.0,neutral,20000,1000,0.07451988,0.0005578320467470275
decoded,4580000.0,neutral,30000,1000,0.12753793,0.0009832283438709908
decoded,4580000.0,neutral,40000,1000,0.17238013000000002,0.0013130327139073462
decoded,4580000.0,neutral,50000,1000,0.20993907,0.0015670773387490235
decoded,4580000.0,selected,5000,99,0.004965858585858586,9.45085706473721e-05
decoded,4580000.0,selected,10000,99,0.0217510101010101,0.0005302246385109378
decoded,4580000.0,selected,20000,99,0.07457222222222222,0.0016513577339892695
decoded,4580000.0,selected,30000,99,0.12761262626262626,0.0027591479209640103
decoded,4580000.0,selected,40000,99,0.17264969696969695,0.0038849721207208825
decoded,4580000.0,selected,50000,99,0.21040747474747473,0.004956014393771734
decoded,4630000.0,neutral,5000,1000,0.0046202000000000005,2.2933117709720323e-05
decoded,4630000.0,neutral,10000,1000,0.02099928,0.00013455911874725562
decoded,4630000.0,neutral,20000,1000,0.07443232000000001,0.0005708399462737887
decoded,4630000.0,neutral,30000,1000,0.12753109,0.0010086604154747256
decoded,4630000.0,neutral,40000,1000,0.17302898,0.0013570703349692873
decoded,4630000.0,neutral,50000,1000,0.2107038,0.0016322778123888156
decoded,4630000.0,selected,5000,99,0.004881919191919192,8.937604974338453e-05
decoded,4630000.0,selected,10000,99,0.021208585858585864,0.0005184617411116431
decoded,4630000.0,selected,20000,99,0.07285535353535354,0.0017297928156808319
decoded,4630000.0,selected,30000,99,0.12565575757575762,0.0031634024744303557
decoded,4630000.0,selected,40000,99,0.17170050505050505,0.004581063199813689
decoded,4630000.0,selected,50000,99,0.21037060606060606,0.005604667529867412
decoded,4680000.0,neutral,5000,1000,0.00458053,2.220391931919077e-05
decoded,4680000.0,neutral,10000,1000,0.02107736,0.00013632120121353207
decoded,4680000.0,neutral,20000,1000,0.07541827,0.0006163569780829382
decoded,4680000.0,neutral,30000,1000,0.1299026,0.0011045227770421964
decoded,4680000.0,neutral,40000,1000,0.17596945,0.0014962371838407864
decoded,4680000.0,neutral,50000,1000,0.21400497999999998,0.001781444569486728
decoded,4680000.0,selected,5000,99,0.004761717171717171,8.006941953088193e-05
decoded,4680000.0,selected,10000,99,0.02107424242424243,0.0004906255413117499
decoded,4680000.0,selected,20000,99,0.0732950505050505,0.001928207252098352
decoded,4680000.0,selected,30000,99,0.1250372727272727,0.0033457404371425806
decoded,4680000.0,selected,40000,99,0.1692070707070707,0.004439155980413396
decoded,4680000.0,selected,50000,99,0.20612141414141408,0.0053679836901152035
decoded,4730000.0,neutral,5000,1000,0.00450387,2.1679989507493887e-05
decoded,4730000.0,neutral,10000,1000,0.02099641,0.00012931454234834828
decoded,4730000.0,neutral,20000,1000,0.07513472,0.0005866711463465334
decoded,4730000.0,neutral,30000,1000,0.12962489,0.0010939226812807753
decoded,4730000.0,neutral,40000,1000,0.17573122000000002,0.0015031632902611709
decoded,4730000.0,neutral,50000,1000,0.21368732,0.0018182692013302393
decoded,4730000.0,selected,5000,99,0.004673434343434343,7.525263731679164e-05
decoded,4730000.0,selected,10000,99,0.021194141414141415,0.0005068345710565519
decoded,4730000.0,selected,20000,99,0.07352848484848484,0.0018985441338435212
decoded,4730000.0,selected,30000,99,0.12590545454545451,0.003337868137573538
decoded,4730000.0,selected,40000,99,0.17142404040404038,0.004748556045472155
decoded,4730000.0,selected,50000,99,0.20903040404040402,0.005745330232358597
decoded,4780000.0,neutral,5000,1000,0.00436766,2.154725989096546e-05
decoded,4780000.0,neutral,10000,1000,0.02092935,0.00013052273158711076
decoded,4780000.0,neutral,20000,1000,0.07519503,0.0005699974971399838
decoded,4780000.0,neutral,30000,1000,0.12969656000000004,0.0010287186994163804
decoded,4780000.0,neutral,40000,1000,0.17634417,0.0014057346955045412
decoded,4780000.0,neutral,50000,1000,0.21469431000000003,0.0016989241491568976
decoded,4780000.0,selected,5000,99,0.00453,7.803872942355796e-05
decoded,4780000.0,selected,10000,99,0.02114030303030303,0.00045692688473667755
decoded,4780000.0,selected,20000,99,0.0740240404040404,0.0020331356642221323
decoded,4780000.0,selected,30000,99,0.12613404040404042,0.0036071411338820967
decoded,4780000.0,selected,40000,99,0.17067545454545455,0.004771327055354242
decoded,4780000.0,selected,50000,99,0.2073729292929293,0.005608490459015764
decoded,4830000.0,neutral,5000,1000,0.00391395,2.0560336206514837e-05
decoded,4830000.0,neutral,10000,1000,0.02054584,0.00013461133795749416
decoded,4830000.0,neutral,20000,1000,0.07478529,0.0005639908488561614
decoded,4830000.0,neutral,30000,1000,0.12876526000000002,0.000992089994955342
decoded,4830000.0,neutral,40000,1000,0.17449964,0.0013572644210982543
decoded,4830000.0,neutral,50000,1000,0.21246094999999998,0.0016533860244792938
decoded,4830000.0,selected,5000,99,0.004055757575757575,6.924618275546066e-05
decoded,4830000.0,selected,10000,99,0.020957373737373736,0.00042097352559621656
decoded,4830000.0,selected,20000,99,0.07300141414141413,0.001772168944160837
decoded,4830000.0,selected,30000,99,0.12283646464646464,0.0029935386761609814
decoded,4830000.0,selected,40000,99,0.16564131313131317,0.003999375999169719
decoded,4830000.0,selected,50000,99,0.20139393939393938,0.004865545079240734
decoded,4880000.0,neutral,5000,1000,0.00333528,1.8493245299885084e-05
decoded,4880000.0,neutral,10000,1000,0.01933938,0.00012911261163063074
decoded,4880000.0,neutral,20000,1000,0.07390903,0.000551234814557172
decoded,4880000.0,neutral,30000,1000,0.12860099,0.000990137206859892
decoded,4880000.0,neutral,40000,1000,0.1745176,0.0013564701434569395
decoded,4880000.0,neutral,50000,1000,0.21257557000000002,0.0016510152913184262
decoded,4880000.0,selected,5000,99,0.003495151515151515,6.070437295129986e-05
decoded,4880000.0,selected,10000,99,0.01999919191919192,0.00041419394109073413
decoded,4880000.0,selected,20000,99,0.07341959595959596,0.0017704502251040713
decoded,4880000.0,selected,30000,99,0.12611282828282827,0.003000669014389768
decoded,4880000.0,selected,40000,99,0.1698269696969697,0.004152140043883731
decoded,4880000.0,selected,50000,99,0.20579272727272727,0.005046195798730931
decoded,4930000.0,neutral,5000,1000,0.0027399200000000003,1.58513614323584e-05
decoded,4930000.0,neutral,10000,1000,0.014720360000000002,0.0001022687996300816
decoded,4930000.0,neutral,20000,1000,0.06817232999999999,0.0005035944626919104
decoded,4930000.0,neutral,30000,1000,0.12377089999999999,0.0009409399962093579
decoded,4930000.0,neutral,40000,1000,0.17087279,0.0012983193807111677
decoded,4930000.0,neutral,50000,1000,0.21004282000000002,0.001587983064160213
decoded,4930000.0,selected,5000,99,0.0028987878787878787,5.33865057928345e-05
decoded,4930000.0,selected,10000,99,0.015575656565656567,0.0003473149402641615
decoded,4930000.0,selected,20000,99,0.0674080808080808,0.001570578247419438
decoded,4930000.0,selected,30000,99,0.11972999999999999,0.0026841189767797115
decoded,4930000.0,selected,40000,99,0.16492464646464647,0.003749523191876802
decoded,4930000.0,selected,50000,99,0.20264131313131312,0.004593361502845696
decoded,4977777.777777778,neutral,5000,1000,0.002122288888888889,1.2665727895871917e-05
decoded,4977777.777777778,neutral,10000,1000,0.008905755555555556,6.010005753064461e-05
decoded,4977777.777777778,neutral,20000,1000,0.041521833333333334,0.0003297251363656611
decoded,4977777.777777778,neutral,30000,1000,0.08603040000000002,0.0007023594981949804
decoded,4977777.777777778,neutral,40000,1000,0.12921955555555556,0.0010551985607318043
decoded,4977777.777777778,neutral,50000,1000,0.1671044777777778,0.0013623930330774361
decoded,4977777.777777778,selected,5000,99,0.002218967452300786,4.258915749078986e-05
decoded,4977777.777777778,selected,10000,99,0.009537261503928168,0.0002248425027946066
decoded,4977777.777777778,selected,20000,99,0.04163333333333333,0.0011242748814797403
decoded,4977777.777777778,selected,30000,99,0.08337171717171717,0.002173354404888026
decoded,4977777.777777778,selected,40000,99,0.12438810325476993,0.003103972343279414
decoded,4977777.777777778,selected,50000,99,0.15999214365881032,0.00401221327704865
truth,0.0,neutral,5000,1000,0.0026663,1.810696474211435e-05
truth,0.0,neutral,10000,1000,0.0073925,3.93853393403555e-05
truth,0.0,neutral,20000,1000,0.04543029999999999,0.0002781107288248468
truth,0.0,neutral,30000,1000,0.10154899999999999,0.0008349039247503653
truth,0.0,neutral,40000,1000,0.15924899999999997,0.0015651311493017175
truth,0.0,neutral,50000,1000,0.20716090000000004,0.002170156362990886
truth,0.0,selected,5000,99,0.002587878787878788,5.450764854866269e-05
truth,0.0,selected,10000,99,0.007985858585858588,0.00012234405848966402
truth,0.0,selected,20000,99,0.0637949494949495,0.0025865681360049643
truth,0.0,selected,30000,99,0.18252424242424242,0.008235831469727338
truth,0.0,selected,40000,99,0.3467282828282829,0.01611058644973192
truth,0.0,selected,50000,99,0.5913060606060606,0.022361711809632645
truth,30000.0,neutral,5000,1000,0.0026701400000000005,1.7691907302040218e-05
truth,30000.0,neutral,10000,1000,0.0073903499999999995,3.655922256085671e-05
truth,30000.0,neutral,20000,1000,0.04551829,0.0002586515555783555
truth,30000.0,neutral,30000,1000,0.10149781000000002,0.0007494681517011342
truth,30000.0,neutral,40000,1000,0.15849675000000002,0.0014028525622633867
truth,30000.0,neutral,50000,1000,0.20660002,0.0018244700767237757
truth,30000.0,selected,5000,99,0.0025957575757575755,5.3224047529257274e-05
truth,30000.0,selected,10000,99,0.007975858585858586,0.0001142246418800986
truth,30000.0,selected,20000,99,0.061591010101010105,0.0023603469521203072
truth,30000.0,selected,30000,99,0.165230303030303,0.006202106403433293
truth,30000.0,selected,40000,99,0.29389818181818184,0.01255877241663102
truth,30000.0,selected,50000,99,0.4565256565656565,0.01712538106334762
truth,80000.0,neutral,5000,1000,0.0026728999999999998,1.7106753959504738e-05
truth,80000.0,neutral,10000,1000,0.0073896199999999995,3.384199072064077e-05
truth,80000.0,neutral,20000,1000,0.04559191,0.000239957508442136
truth,80000.0,neutral,30000,1000,0.10066154000000001,0.0006466911769204114
truth,80000.0,neutral,40000,1000,0.1571965,0.0012223550346690526
truth,80000.0,neutral,50000,1000,0.20455110999999998,0.0015620552991573397
truth,80000.0,selected,5000,99,0.0026251515151515157,5.231604865964705e-05
truth,80000.0,selected,10000,99,0.007954343434343435,0.00011114842142636718
truth,80000.0,selected,20000,99,0.057908080808080804,0.0019140942199064267
truth,80000.0,selected,30000,99,0.1414810101010101,0.004548259462839607
truth,80000.0,selected,40000,99,0.23789,0.00870304069961119
truth,80000.0,selected,50000,99,0.3339426262626262,0.011643984128731173
truth,130000.0,neutral,5000,1000,0.00267294,1.6527883328706292e-05
truth,130000.0,neutral,10000,1000,0.007389349999999999,3.163485485254424e-05
truth,130000.0,neutral,20000,1000,0.04558577,0.00022682449594137551
truth,130000.0,neutral,30000,1000,0.10056720999999999,0.0005990215785491099
truth,130000.0,neutral,40000,1000,0.15634309,0.0011259421197419115
truth,130000.0,neutral,50000,1000,0.20544173000000002,0.0015255819712680662
truth,130000.0,selected,5000,99,0.0026205050505050498,5.010715661088322e-05
truth,130000.0,selected,10000,99,0.007940808080808081,0.00010442909323392893
truth,130000.0,selected,20000,99,0.05563262626262627,0.0016108939683158643
truth,130000.0,selected,30000,99,0.1283158585858586,0.0034193333907574825
truth,130000.0,selected,40000,99,0.20744565656565658,0.00631017082390589
truth,130000.0,selected,50000,99,0.2744063636363636,0.00845562782885445
truth,180000.0,neutral,5000,1000,0.00267694,1.600284748185546e-05
truth,180000.0,neutral,10000,1000,0.00742098,3.072522545204638e-05
truth,180000.0,neutral,20000,1000,0.04555468,0.00021661711259979226
truth,180000.0,neutral,30000,1000,0.09986223000000001,0.0005721730989676834
truth,180000.0,neutral,40000,1000,0.15595341999999998,0.0010983036040687069
truth,180000.0,neutral,50000,1000,0.20530292,0.001459220774160422
truth,180000.0,selected,5000,99,0.0026247474747474746,4.8727434598878596e-05
truth,180000.0,selected,10000,99,0.007919494949494949,0.00010457681147262694
truth,180000.0,selected,20000,99,0.053149595959595966,0.0014564852866445857
truth,180000.0,selected,30000,99,0.11901656565656567,0.002810151526330982
truth,180000.0,selected,40000,99,0.18873979797979798,0.005625874821877641
truth,180000.0,selected,50000,99,0.2450891919191919,0.006950431941832175
truth,230000.0,neutral,5000,1000,0.0026745399999999996,1.5610742573102785e-05
truth,230000.0,neutral,10000,1000,0.00742667,3.053753021859908e-05
truth,230000.0,neutral,20000,1000,0.045470909999999996,0.00020764843207508996
truth,230000.0,neutral,30000,1000,0.09983448,0.0005744264493172955
truth,230000.0,neutral,40000,1000,0.15561921999999997,0.0010902838947552894
truth,230000.0,neutral,50000,1000,0.2038825,0.0014121482237200724
truth,230000.0,selected,5000,99,0.0025938383838383836,4.70079198471837e-05
truth,230000.0,selected,10000,99,0.007825454545454543,9.500027370630457e-05
truth,230000.0,selected,20000,99,0.05176757575757574,0.0014266784145398346
truth,230000.0,selected,30000,99,0.11461414141414142,0.002567039050523384
truth,230000.0,selected,40000,99,0.17956656565656567,0.0054149220179952
truth,230000.0,selected,50000,99,0.23268131313131313,0.007009495342507696
truth,280000.0,neutral,5000,1000,0.0026807600000000003,1.5204584894096972e-05
truth,280000.0,neutral,10000,1000,0.00744826,2.9371957447270762e-05
truth,280000.0,neutral,20000,1000,0.04552871000000001,0.00020276245473200638
truth,280000.0,neutral,30000,1000,0.10012925,0.0005748026525921109
truth,280000.0,neutral,40000,1000,0.15516560999999998,0.001002783993373082
truth,280000.0,neutral,50000,1000,0.20371131000000003,0.0013092620481380322
truth,280000.0,selected,5000,99,0.0025964646464646463,4.6181173055932185e-05
truth,280000.0,selected,10000,99,0.007724747474747474,9.649947619592709e-05
truth,280000.0,selected,20000,99,0.05090535353535353,0.0010393200736462523
truth,280000.0,selected,30000,99,0.10941434343434343,0.002052925632375373
truth,280000.0,selected,40000,99,0.17574282828282825,0.004278898144002155
truth,280000.0,selected,50000,99,0.2284771717171717,0.005993914893470122
truth,330000.0,neutral,5000,1000,0.00268194,1.4927895982973571e-05
truth,330000.0,neutral,10000,1000,0.00745233,2.9568851653185456e-05
truth,330000.0,neutral,20000,1000,0.04562256,0.0001997708803881363
truth,330000.0,neutral,30000,1000,0.10043959000000001,0.0005490092989578977
truth,330000.0,neutral,40000,1000,0.1547054,0.0009672428929974385
truth,330000.0,neutral,50000,1000,0.20261616999999998,0.001296690427471336
truth,330000.0,selected,5000,99,0.0026023232323232324,4.684541002467462e-05
truth,330000.0,selected,10000,99,0.007702626262626262,0.00010034372855443359
truth,330000.0,selected,20000,99,0.04966505050505051,0.0008551151264498549
truth,330000.0,selected,30000,99,0.10553353535353535,0.001988692661426251
truth,330000.0,selected,40000,99,0.16763272727272727,0.0034805124819554463
truth,330000.0,selected,50000,99,0.2159419191919192,0.005175839951724771
truth,380000.0,neutral,5000,1000,0.00268309,1.4850989994064496e-05
truth,380000.0,neutral,10000,1000,0.0074652600000000005,3.0115621910946534e-05
truth,380000.0,neutral,20000,1000,0.04584015,0.00019410056080600388
truth,380000.0,neutral,30000,1000,0.10093115,0.0005431400426072298
truth,380000.0,neutral,40000,1000,0.15596828999999995,0.0009818059115853418
truth,380000.0,neutral,50000,1000,0.20435298,0.0013396787275360511
truth,380000.0,selected,5000,99,0.0025879797979797984,4.8142144157411297e-05
truth,380000.0,selected,10000,99,0.007692828282828281,9.697039699465597e-05
truth,380000.0,selected,20000,99,0.0490539393939394,0.000865076663569443
truth,380000.0,selected,30000,99,0.10482080808080808,0.0018673663747166877
truth,380000.0,selected,40000,99,0.165460202020202,0.003043179186054839
truth,380000.0,selected,50000,99,0.21306424242424243,0.004312825054216415
truth,430000.0,neutral,5000,1000,0.0026771000000000004,1.4504246383840946e-05
truth,430000.0,neutral,10000,1000,0.00745605,2.9056727119393386e-05
truth,430000.0,neutral,20000,1000,0.04574168,0.00019848601077676503
truth,430000.0,neutral,30000,1000,0.10083949,0.0005601011493805716
truth,430000.0,neutral,40000,1000,0.15686774000000003,0.0010089027751483798
truth,430000.0,neutral,50000,1000,0.2047216,0.0013778650454683591
truth,430000.0,selected,5000,99,0.002571313131313131,4.801258305501858e-05
truth,430000.0,selected,10000,99,0.007682626262626263,9.398467243669083e-05
truth,430000.0,selected,20000,99,0.04856737373737374,0.0008539297953338236
truth,430000.0,selected,30000,99,0.10521252525252527,0.001906412728047254
truth,430000.0,selected,40000,99,0.1639672727272727,0.002916235242651035
truth,430000.0,selected,50000,99,0.20738444444444448,0.004021030970843834
truth,480000.0,neutral,5000,1000,0.00267369,1.431472651835498e-05
truth,480000.0,neutral,10000,1000,0.00743208,2.8834352662986794e-05
truth,480000.0,neutral,20000,1000,0.04584173,0.0002036971871458984
truth,480000.0,neutral,30000,1000,0.10085761,0.0005448385954417905
truth,480000.0,neutral,40000,1000,0.15694089,0.0010009607926469031
truth,480000.0,neutral,50000,1000,0.20369642,0.001374546069246164
truth,480000.0,selected,5000,99,0.002573131313131313,4.669727913349317e-05
truth,480000.0,selected,10000,99,0.00767919191919192,9.468199950386026e-05
truth,480000.0,selected,20000,99,0.047315252525252524,0.000719032816329876
truth,480000.0,selected,30000,99,0.10459363636363636,0.0018446556458464418
truth,480000.0,selected,40000,99,0.1607768686868687,0.0028874612268494173
truth,480000.0,selected,50000,99,0.20006919191919192,0.0036021369510094155
truth,530000.0,neutral,5000,1000,0.00267173,1.4306480436588257e-05
truth,530000.0,neutral,10000,1000,0.007431710000000001,2.94161024437804e-05
truth,530000.0,neutral,20000,1000,0.04593366,0.0002090130394378663
truth,530000.0,neutral,30000,1000,0.10115668,0.0005764488486003356
truth,530000.0,neutral,40000,1000,0.15730117999999998,0.000994445758487699
truth,530000.0,neutral,50000,1000,0.20513609,0.0013507466554980765
truth,530000.0,selected,5000,99,0.002577272727272727,4.63843874968664e-05
truth,530000.0,selected,10000,99,0.007685959595959597,9.90529176895991e-05
truth,530000.0,selected,20000,99,0.04755070707070708,0.0006621213207747934
truth,530000.0,selected,30000,99,0.10474949494949495,0.001937176821511455
truth,530000.0,selected,40000,99,0.16080050505050505,0.0029469562066329314
truth,530000.0,selected,50000,99,0.20647787878787877,0.003955087174680521
truth,580000.0,neutral,5000,1000,0.00267148,1.4400005894782466e-05
truth,580000.0,neutral,10000,1000,0.00742546,2.9299201894106805e-05
truth,580000.0,neutral,20000,1000,0.046011760000000006,0.00020473719012289738
truth,580000.0,neutral,30000,1000,0.10143897,0.0005632997954008139
truth,580000.0,neutral,40000,1000,0.15707505,0.0009517694046338625
truth,580000.0,neutral,50000,1000,0.20442099000000002,0.0013191751119908215
truth,580000.0,selected,5000,99,0.0025573737373737375,4.5581649633536624e-05
truth,580000.0,selected,10000,99,0.00761060606060606,9.555410971034126e-05
truth,580000.0,selected,20000,99,0.04755969696969697,0.0006317198543071275
truth,580000.0,selected,30000,99,0.10413222222222224,0.001974544244978409
truth,580000.0,selected,40000,99,0.15849969696969696,0.002988356669043563
truth,580000.0,selected,50000,99,0.20074525252525252,0.004325875174865606
truth,630000.0,neutral,5000,1000,0.00267014,1.4362460118679552e-05
truth,630000.0,neutral,10000,1000,0.007428369999999999,2.8923738100835545e-05
truth,630000.0,neutral,20000,1000,0.045990300000000005,0.00020312835114044773
truth,630000.0,neutral,30000,1000,0.10142009,0.0005620913113847556
truth,630000.0,neutral,40000,1000,0.15662887,0.000952898151173361
truth,630000.0,neutral,50000,1000,0.20413267000000002,0.0013434777585277543
truth,630000.0,selected,5000,99,0.002565656565656566,4.576277226996915e-05
truth,630000.0,selected,10000,99,0.0075480808080808075,9.343329711315282e-05
truth,630000.0,selected,20000,99,0.04713777777777778,0.0006153440756084572
truth,630000.0,selected,30000,99,0.10357616161616161,0.002179798394615481
truth,630000.0,selected,40000,99,0.15671717171717173,0.003094169266143162
truth,630000.0,selected,50000,99,0.19945474747474745,0.004349671901092526
truth,680000.0,neutral,5000,1000,0.00266443,1.4144969256073174e-05
truth,680000.0,neutral,10000,1000,0.00742715,2.80974561934803e-05
truth,680000.0,neutral,20000,1000,0.04588444,0.00020326032235791874
truth,680000.0,neutral,30000,1000,0.10067065000000001,0.0005724470579115693
truth,680000.0,neutral,40000,1000,0.15569391000000002,0.000980464480748747
truth,680000.0,neutral,50000,1000,0.20355478999999996,0.0013721112457912175
truth,680000.0,selected,5000,99,0.0025760606060606065,4.558916367521574e-05
truth,680000.0,selected,10000,99,0.007484949494949493,8.896312561261954e-05
truth,680000.0,selected,20000,99,0.04745272727272727,0.0006728570941165016
truth,680000.0,selected,30000,99,0.10465939393939394,0.002419497239030452
truth,680000.0,selected,40000,99,0.15926484848484845,0.003836695821284181
truth,680000.0,selected,50000,99,0.20439191919191918,0.005079754041990974
truth,730000.0,neutral,5000,1000,0.00266277,1.3618123232677124e-05
truth,730000.0,neutral,10000,1000,0.00741389,2.7498304031787573e-05
truth,730000.0,neutral,20000,1000,0.0456613,0.00020227018944851842
truth,730000.0,neutral,30000,1000,0.10044726999999999,0.0005566259027773885
truth,730000.0,neutral,40000,1000,0.15521555,0.0009377716927083825
truth,730000.0,neutral,50000,1000,0.20435848,0.0013813455925059217
truth,730000.0,selected,5000,99,0.0025674747474747476,4.395710682531721e-05
truth,730000.0,selected,10000,99,0.0074774747474747475,8.28829316778778e-05
truth,730000.0,selected,20000,99,0.047857373737373726,0.0006784267269709026
truth,730000.0,selected,30000,99,0.10467727272727272,0.00235933671930578
truth,730000.0,selected,40000,99,0.15982343434343432,0.0034253986767760515
truth,730000.0,selected,50000,99,0.20332939393939395,0.004309775226021507
truth,780000.0,neutral,5000,1000,0.00266024,1.3632086273794492e-05
truth,780000.0,neutral,10000,1000,0.007406180000000001,2.742784888565807e-05
truth,780000.0,neutral,20000,1000,0.04578574,0.00020096838344262898
truth,780000.0,neutral,30000,1000,0.10066169999999999,0.0005478394304461405
truth,780000.0,neutral,40000,1000,0.15539734,0.0009355361428608727
truth,780000.0,neutral,50000,1000,0.20279235999999998,0.0012938732911394082
truth,780000.0,selected,5000,99,0.0025664646464646466,4.3124541741550615e-05
truth,780000.0,selected,10000,99,0.007513838383838384,8.886648557653284e-05
truth,780000.0,selected,20000,99,0.04765878787878788,0.000638328110132128
truth,780000.0,selected,30000,99,0.10374717171717172,0.002298184265495161
truth,780000.0,selected,40000,99,0.15953050505050506,0.0032333229965398383
truth,780000.0,selected,50000,99,0.20434040404040404,0.0041045156385964504
truth,830000.0,neutral,5000,1000,0.00265863,1.3793087847627608e-05
truth,830000.0,neutral,10000,1000,0.007391180000000001,2.7460092211503303e-05
truth,830000.0,neutral,20000,1000,0.04582971,0.0002000535984634072
truth,830000.0,neutral,30000,1000,0.100849,0.0005417894487776657
truth,830000.0,neutral,40000,1000,0.15621069,0.0009542707471586787
truth,830000.0,neutral,50000,1000,0.20432783000000002,0.0013095300509516556
truth,830000.0,selected,5000,99,0.0025738383838383844,4.529358798970308e-05
truth,830000.0,selected,10000,99,0.0075611111111111105,9.47664608629637e-05
truth,830000.0,selected,20000,99,0.04719939393939393,0.0006615724790884488
truth,830000.0,selected,30000,99,0.1043858585858586,0.0021647155432102144
truth,830000.0,selected,40000,99,0.15771969696969698,0.0031637653846455713
truth,830000.0,selected,50000,99,0.2058128282828283,0.0043880421012781135
truth,880000.0,neutral,5000,1000,0.0026508,1.3461953208364088e-05
truth,880000.0,neutral,10000,1000,0.00736114,2.686132593955911e-05
truth,880000.0,neutral,20000,1000,0.04570514,0.00019917527148009405
truth,880000.0,neutral,30000,1000,0.10087706,0.0005642346471934291
truth,880000.0,neutral,40000,1000,0.15606031,0.000979261235611556
truth,880000.0,neutral,50000,1000,0.20368524,0.0013044610168521278
truth,880000.0,selected,5000,99,0.0025724242424242424,4.517085248732736e-05
truth,880000.0,selected,10000,99,0.007487676767676766,9.126381126382607e-05
truth,880000.0,selected,20000,99,0.04655858585858586,0.0007202835341840009
truth,880000.0,selected,30000,99,0.10347484848484848,0.001996984922563234
truth,880000.0,selected,40000,99,0.15829767676767675,0.00337133839739352
truth,880000.0,selected,50000,99,0.2071484848484849,0.005019147504209177
truth,930000.0,neutral,5000,1000,0.00265294,1.3444772899469828e-05
truth,930000.0,neutral,10000,1000,0.00736504,2.7133761984646353e-05
truth,930000.0,neutral,20000,1000,0.045753510000000004,0.0001985989308007856
truth,930000.0,neutral,30000,1000,0.10139192000000001,0.0005642671476592693
truth,930000.0,neutral,40000,1000,0.15682718,0.0009983842513586443
truth,930000.0,neutral,50000,1000,0.20538286,0.0014078279968409101
truth,930000.0,selected,5000,99,0.0025599999999999993,4.355965824034039e-05
truth,930000.0,selected,10000,99,0.007462929292929292,8.496161265008645e-05
truth,930000.0,selected,20000,99,0.046083737373737374,0.0007283848838208672
truth,930000.0,selected,30000,99,0.10344282828282829,0.0019141518929792598
truth,930000.0,selected,40000,99,0.1598350505050505,0.003399591082682215
truth,930000.0,selected,50000,99,0.208629595959596,0.005010736900919143
truth,980000.0,neutral,5000,1000,0.00265296,1.3496985108053095e-05
truth,980000.0,neutral,10000,1000,0.00737167,2.6236063769973993e-05
truth,980000.0,neutral,20000,1000,0.04597383,0.00020427583422311007
truth,980000.0,neutral,30000,1000,0.10171728999999999,0.0005539578947041057
truth,980000.0,neutral,40000,1000,0.15665625,0.0009923309075442362
truth,980000.0,neutral,50000,1000,0.20472980000000002,0.0014005154581469312
truth,980000.0,selected,5000,99,0.002543232323232323,4.3632672469611685e-05
truth,980000.0,selected,10000,99,0.007381212121212122,7.466302678082414e-05
truth,980000.0,selected,20000,99,0.04572767676767677,0.0006808855479612161
truth,980000.0,selected,30000,99,0.10324414141414143,0.002087676067500385
truth,980000.0,selected,40000,99,0.1611732323232323,0.0033772599336468405
truth,980000.0,selected,50000,99,0.2129166666666667,0.00561971677907115
truth,1030000.0,neutral,5000,1000,0.00265517,1.3395581835542372e-05
truth,1030000.0,neutral,10000,1000,0.0073802,2.5976715530446685e-05
truth,1030000.0,neutral,20000,1000,0.04590317,0.00020125133826201568
truth,1030000.0,neutral,30000,1000,0.10172279000000001,0.0005748184142189821
truth,1030000.0,neutral,40000,1000,0.15660334,0.0009904160871422021
truth,1030000.0,neutral,50000,1000,0.20521616,0.0013697616424076897
truth,1030000.0,selected,5000,99,0.0025444444444444442,4.139328303083179e-05
truth,1030000.0,selected,10000,99,0.007418787878787878,7.870960861742982e-05
truth,1030000.0,selected,20000,99,0.04603979797979797,0.0006354637698882681
truth,1030000.0,selected,30000,99,0.10260060606060606,0.0017408236180215604
truth,1030000.0,selected,40000,99,0.1604269696969697,0.003283256610973508
truth,1030000.0,selected,50000,99,0.213560202020202,0.004819677308970123
truth,1080000.0,neutral,5000,1000,0.0026558700000000003,1.3325367105956536e-05
truth,1080000.0,neutral,10000,1000,0.0073980700000000005,2.6235828437344873e-05
truth,1080000.0,neutral,20000,1000,0.045788539999999996,0.00020232281430819803
truth,1080000.0,neutral,30000,1000,0.10140541,0.0005697808340324644
truth,1080000.0,neutral,40000,1000,0.15635918,0.0009577602769355575
truth,1080000.0,neutral,50000,1000,0.20455761,0.001339836785283603
truth,1080000.0,selected,5000,99,0.0025562626262626265,4.297040969349341e-05
truth,1080000.0,selected,10000,99,0.007481010101010099,8.197928942765221e-05
truth,1080000.0,selected,20000,99,0.046532020202020206,0.0006784660050224318
truth,1080000.0,selected,30000,99,0.10199858585858587,0.0015241918352257944
truth,1080000.0,selected,40000,99,0.16022050505050506,0.003279022030212419
truth,1080000.0,selected,50000,99,0.21355828282828282,0.004621127940156948
truth,1130000.0,neutral,5000,1000,0.0026593299999999997,1.3180507459004638e-05
truth,1130000.0,neutral,10000,1000,0.00741913,2.6472943921291787e-05
truth,1130000.0,neutral,20000,1000,0.04582253,0.00019413533482425947
truth,1130000.0,neutral,30000,1000,0.10154782,0.0005482516583910427
truth,1130000.0,neutral,40000,1000,0.15672381999999999,0.0009675912124249382
truth,1130000.0,neutral,50000,1000,0.20453654,0.0013276279493141894
truth,1130000.0,selected,5000,99,0.002544949494949495,4.233554007887244e-05
truth,1130000.0,selected,10000,99,0.00752959595959596,7.731594594693205e-05
truth,1130000.0,selected,20000,99,0.046616868686868686,0.0007525039305279416
truth,1130000.0,selected,30000,99,0.10160838383838382,0.0018269519947601031
truth,1130000.0,selected,40000,99,0.15959929292929292,0.003328391377539682
truth,1130000.0,selected,50000,99,0.21028181818181815,0.0038899423440702046
truth,1180000.0,neutral,5000,1000,0.0026551300000000003,1.3314866457038493e-05
truth,1180000.0,neutral,10000,1000,0.00740806,2.6596439743074766e-05
truth,1180000.0,neutral,20000,1000,0.04580874,0.00019214770504211843
truth,1180000.0,neutral,30000,1000,0.1012577,0.0005296306591816085
truth,1180000.0,neutral,40000,1000,0.15697102000000002,0.0010210780610542792
truth,1180000.0,neutral,50000,1000,0.20484807,0.001369338127374748
truth,1180000.0,selected,5000,99,0.0025479797979797983,4.053115183634923e-05
truth,1180000.0,selected,10000,99,0.0075327272727272725,8.405854118623417e-05
truth,1180000.0,selected,20000,99,0.04680949494949494,0.000737841478145217
truth,1180000.0,selected,30000,99,0.10300161616161614,0.001969692470751618
truth,1180000.0,selected,40000,99,0.1583621212121212,0.003046655357892291
truth,1180000.0,selected,50000,99,0.20585626262626266,0.0036258337253368515
truth,1230000.0,neutral,5000,1000,0.00265244,1.3295616564109383e-05
truth,1230000.0,neutral,10000,1000,0.00740309,2.660304256610085e-05
truth,1230000.0,neutral,20000,1000,0.04574753,0.00019731375196832028
truth,1230000.0,neutral,30000,1000,0.1014883,0.0005661680250089566
truth,1230000.0,neutral,40000,1000,0.15716791,0.0010302758256937358
truth,1230000.0,neutral,50000,1000,0.20452434,0.001410400410905883
truth,1230000.0,selected,5000,99,0.0025254545454545456,3.891442618081263e-05
truth,1230000.0,selected,10000,99,0.007513333333333331,8.826449167485467e-05
truth,1230000.0,selected,20000,99,0.04657080808080808,0.0007817602420180744
truth,1230000.0,selected,30000,99,0.10363979797979796,0.001976139711337737
truth,1230000.0,selected,40000,99,0.15884464646464647,0.0031685542898353698
truth,1230000.0,selected,50000,99,0.20192343434343435,0.004223351591260393
truth,1280000.0,neutral,5000,1000,0.0026584,1.3425717481382135e-05
truth,1280000.0,neutral,10000,1000,0.0074100699999999995,2.6690040340047323e-05
truth,1280000.0,neutral,20000,1000,0.04560947,0.00019571515178886826
truth,1280000.0,neutral,30000,1000,0.10114984000000002,0.0005683498976691916
truth,1280000.0,neutral,40000,1000,0.15576087,0.0009660815187363559
truth,1280000.0,neutral,50000,1000,0.20265901,0.001320320623359481
truth,1280000.0,selected,5000,99,0.0025203030303030303,4.086557157467408e-05
truth,1280000.0,selected,10000,99,0.007533131313131313,8.712258729372161e-05
truth,1280000.0,selected,20000,99,0.04626292929292928,0.0006925093852509081
truth,1280000.0,selected,30000,99,0.10019777777777779,0.0017687756548422286
truth,1280000.0,selected,40000,99,0.15501060606060607,0.003080188654674503
truth,1280000.0,selected,50000,99,0.20286888888888888,0.004921267057101
truth,1330000.0,neutral,5000,1000,0.00266456,1.3308212311009878e-05
truth,1330000.0,neutral,10000,1000,0.00741488,2.6799316950045367e-05
truth,1330000.0,neutral,20000,1000,0.04579769,0.00018879765230907247
truth,1330000.0,neutral,30000,1000,0.10096432,0.000564559587169561
truth,1330000.0,neutral,40000,1000,0.15563493,0.0009422794223078444
truth,1330000.0,neutral,50000,1000,0.20179207000000002,0.0012759041089793583
truth,1330000.0,selected,5000,99,0.002531515151515152,3.957498476848946e-05
truth,1330000.0,selected,10000,99,0.007488383838383837,9.183382263979393e-05
truth,1330000.0,selected,20000,99,0.04672030303030303,0.0006921214233185389
truth,1330000.0,selected,30000,99,0.0991088888888889,0.0016443254489307824
truth,1330000.0,selected,40000,99,0.15225151515151514,0.0025570034237850227
truth,1330000.0,selected,50000,99,0.19921555555555553,0.0045790583002370865
truth,1380000.0,neutral,5000,1000,0.00266749,1.3261707008253983e-05
truth,1380000.0,neutral,10000,1000,0.0074031800000000005,2.7370733359642463e-05
truth,1380000.0,neutral,20000,1000,0.04584977,0.00019554181099434194
truth,1380000.0,neutral,30000,1000,0.10044921999999999,0.000547553854351346
truth,1380000.0,neutral,40000,1000,0.15546321,0.0009398541067303147
truth,1380000.0,neutral,50000,1000,0.20208302999999997,0.0012918751661689545
truth,1380000.0,selected,5000,99,0.0025396969696969696,3.831039203422497e-05
truth,1380000.0,selected,10000,99,0.007451111111111111,8.812166315843381e-05
truth,1380000.0,selected,20000,99,0.046378383838383844,0.0006521298329696907
truth,1380000.0,selected,30000,99,0.09999767676767675,0.001735492267989324
truth,1380000.0,selected,40000,99,0.15477949494949497,0.0028032304978271782
truth,1380000.0,selected,50000,99,0.2019791919191919,0.004078825054539155
truth,1430000.0,neutral,5000,1000,0.0026718400000000004,1.3579492516917449e-05
truth,1430000.0,neutral,10000,1000,0.0074179,2.7025720704165868e-05
truth,1430000.0,neutral,20000,1000,0.04594516,0.00019893512248307828
truth,1430000.0,neutral,30000,1000,0.10062601,0.0005510855910914463
truth,1430000.0,neutral,40000,1000,0.15604288,0.0009593889644407479
truth,1430000.0,neutral,50000,1000,0.20344553,0.001281703437078843
truth,1430000.0,selected,5000,99,0.0025351515151515154,3.838643135899912e-05
truth,1430000.0,selected,10000,99,0.00738010101010101,8.879661070999647e-05
truth,1430000.0,selected,20000,99,0.04596888888888888,0.0006177637684181299
truth,1430000.0,selected,30000,99,0.09824595959595958,0.0015924729081808193
truth,1430000.0,selected,40000,99,0.15217767676767677,0.002501711814796741
truth,1430000.0,selected,50000,99,0.19689989898989899,0.0038201517644055848
truth,1480000.0,neutral,5000,1000,0.0026661400000000004,1.379425176592706e-05
truth,1480000.0,neutral,10000,1000,0.007415499999999999,2.726268886599787e-05
truth,1480000.0,neutral,20000,1000,0.046022959999999995,0.00020424496724532785
truth,1480000.0,neutral,30000,1000,0.10119435999999998,0.0005623143208080208
truth,1480000.0,neutral,40000,1000,0.15650115999999997,0.0009751442553659296
truth,1480000.0,neutral,50000,1000,0.20329217,0.001340125813118338
truth,1480000.0,selected,5000,99,0.0025589898989898992,3.7459108454621675e-05
truth,1480000.0,selected,10000,99,0.007315353535353536,8.265890515702872e-05
truth,1480000.0,selected,20000,99,0.04608939393939394,0.0006001230173171744
truth,1480000.0,selected,30000,99,0.10030707070707073,0.0016365770565478003
truth,1480000.0,selected,40000,99,0.1542231313131313,0.0026734255202832654
truth,1480000.0,selected,50000,99,0.196930101010101,0.003658296916956139
truth,1530000.0,neutral,5000,1000,0.0026672400000000004,1.3748046813681979e-05
truth,1530000.0,neutral,10000,1000,0.00741798,2.762503324997206e-05
truth,1530000.0,neutral,20000,1000,0.04601106,0.00019857398949939465
truth,1530000.0,neutral,30000,1000,0.10179076999999999,0.0005683605917631599
truth,1530000.0,neutral,40000,1000,0.15724244,0.0009922541505812642
truth,1530000.0,neutral,50000,1000,0.20470511000000002,0.00136543527018492
truth,1530000.0,selected,5000,99,0.0025468686868686872,3.80382816819819e-05
truth,1530000.0,selected,10000,99,0.007364949494949495,8.303600311667544e-05
truth,1530000.0,selected,20000,99,0.04585353535353535,0.0005774522036302697
truth,1530000.0,selected,30000,99,0.10144333333333334,0.0017766025716485173
truth,1530000.0,selected,40000,99,0.155559696969697,0.0026674612354215597
truth,1530000.0,selected,50000,99,0.20200525252525256,0.0036392378997674186
truth,1580000.0,neutral,5000,1000,0.0026631500000000004,1.357645379315223e-05
truth,1580000.0,neutral,10000,1000,0.00741158,2.7387653919004954e-05
truth,1580000.0,neutral,20000,1000,0.045907170000000004,0.00019434793389822933
truth,1580000.0,neutral,30000,1000,0.10147695999999999,0.0005339921414829677
truth,1580000.0,neutral,40000,1000,0.15651055000000003,0.0009470803786591407
truth,1580000.0,neutral,50000,1000,0.20335635000000002,0.0013531233142922271
truth,1580000.0,selected,5000,99,0.0025821212121212114,3.860195273617412e-05
truth,1580000.0,selected,10000,99,0.007491616161616162,8.798808354676133e-05
truth,1580000.0,selected,20000,99,0.04711232323232322,0.0006227007731664867
truth,1580000.0,selected,30000,99,0.10311020202020202,0.0020454098823671353
truth,1580000.0,selected,40000,99,0.1578120202020202,0.0033449107694607434
truth,1580000.0,selected,50000,99,0.2043868686868687,0.0044555545433
truth,1630000.0,neutral,5000,1000,0.0026584,1.3509224224178794e-05
truth,1630000.0,neutral,10000,1000,0.0074007199999999995,2.7737628911961052e-05
truth,1630000.0,neutral,20000,1000,0.045792870000000006,0.0001984021796452549
truth,1630000.0,neutral,30000,1000,0.10121064,0.0005427066536373976
truth,1630000.0,neutral,40000,1000,0.15658159,0.0009314140657805388
truth,1630000.0,neutral,50000,1000,0.20408299,0.0013056945862307972
truth,1630000.0,selected,5000,99,0.0026174747474747477,3.807151410486222e-05
truth,1630000.0,selected,10000,99,0.007542626262626262,8.343451937950853e-05
truth,1630000.0,selected,20000,99,0.046341414141414135,0.0006437706033808832
truth,1630000.0,selected,30000,99,0.10053242424242424,0.0016339111600861263
truth,1630000.0,selected,40000,99,0.15921545454545455,0.003376789630716726
truth,1630000.0,selected,50000,99,0.20638969696969692,0.004391251730844818
truth,1680000.0,neutral,5000,1000,0.00265665,1.3636767906616985e-05
truth,1680000.0,neutral,10000,1000,0.00740655,2.7869946742529513e-05
truth,1680000.0,neutral,20000,1000,0.04585249,0.00020184005079767
truth,1680000.0,neutral,30000,1000,0.10140173000000001,0.0005758191264394346
truth,1680000.0,neutral,40000,1000,0.15687867,0.0009466250892463661
truth,1680000.0,neutral,50000,1000,0.2039264,0.0013184648558896882
truth,1680000.0,selected,5000,99,0.0026256565656565655,3.8350111037889614e-05
truth,1680000.0,selected,10000,99,0.007471212121212122,8.008219246200236e-05
truth,1680000.0,selected,20000,99,0.0452980808080808,0.0005973569849649787
truth,1680000.0,selected,30000,99,0.098190202020202,0.0017376036485611
truth,1680000.0,selected,40000,99,0.15575555555555554,0.003100815545040783
truth,1680000.0,selected,50000,99,0.20447515151515155,0.004255363379128495
truth,1730000.0,neutral,5000,1000,0.00266671,1.3569045467345702e-05
truth,1730000.0,neutral,10000,1000,0.007425589999999999,2.766576669001867e-05
truth,1730000.0,neutral,20000,1000,0.04598908,0.00019872037374295707
truth,1730000.0,neutral,30000,1000,0.10189055,0.000567661628544701
truth,1730000.0,neutral,40000,1000,0.15795726999999998,0.0009754746051807051
truth,1730000.0,neutral,50000,1000,0.20521321999999997,0.001324250349374853
truth,1730000.0,selected,5000,99,0.0026228282828282836,3.773450428899397e-05
truth,1730000.0,selected,10000,99,0.007422020202020202,7.594793372668347e-05
truth,1730000.0,selected,20000,99,0.045661414141414135,0.0006480002222097935
truth,1730000.0,selected,30000,99,0.09769353535353535,0.0014429559587348136
truth,1730000.0,selected,40000,99,0.15509111111111112,0.0027706984127976145
truth,1730000.0,selected,50000,99,0.2010361616161616,0.0038152203045316146
truth,1780000.0,neutral,5000,1000,0.00266902,1.3414312631789352e-05
truth,1780000.0,neutral,10000,1000,0.00740178,2.706267577347111e-05
truth,1780000.0,neutral,20000,1000,0.04569014,0.00019589957739828034
truth,1780000.0,neutral,30000,1000,0.10194473000000001,0.000561806065277051
truth,1780000.0,neutral,40000,1000,0.1585743,0.0009647183431404172
truth,1780000.0,neutral,50000,1000,0.20642862000000003,0.0013365734531597172
truth,1780000.0,selected,5000,99,0.0026198989898989894,3.7482489541825254e-05
truth,1780000.0,selected,10000,99,0.007356262626262626,6.631114011080648e-05
truth,1780000.0,selected,20000,99,0.0464411111111111,0.0005984333440771995
truth,1780000.0,selected,30000,99,0.09802353535353536,0.001426015457415995
truth,1780000.0,selected,40000,99,0.1528018181818182,0.002973843363203419
truth,1780000.0,selected,50000,99,0.20019565656565655,0.004382429922496771
truth,1830000.0,neutral,5000,1000,0.00266487,1.3127037068668703e-05
truth,1830000.0,neutral,10000,1000,0.00740043,2.666805392600293e-05
truth,1830000.0,neutral,20000,1000,0.04539188,0.0001925618090793601
truth,1830000.0,neutral,30000,1000,0.10211452,0.0005724863395563064
truth,1830000.0,neutral,40000,1000,0.15837326999999998,0.000989451442145325
truth,1830000.0,neutral,50000,1000,0.20492568,0.0012906863436851633
truth,1830000.0,selected,5000,99,0.0026336363636363636,3.925834138740576e-05
truth,1830000.0,selected,10000,99,0.0074308080808080795,6.959918181569432e-05
truth,1830000.0,selected,20000,99,0.04616444444444444,0.0005805193763206346
truth,1830000.0,selected,30000,99,0.10029555555555555,0.0014833806891207545
truth,1830000.0,selected,40000,99,0.15302363636363636,0.002941387528840163
truth,1830000.0,selected,50000,99,0.20164707070707072,0.004281250330925871
truth,1880000.0,neutral,5000,1000,0.00267286,1.3368056153582142e-05
truth,1880000.0,neutral,10000,1000,0.00741229,2.6623611185798453e-05
truth,1880000.0,neutral,20000,1000,0.04553123,0.00019412169951172725
truth,1880000.0,neutral,30000,1000,0.10112299999999999,0.000549315663073335
truth,1880000.0,neutral,40000,1000,0.15704494,0.0009712037158362062
truth,1880000.0,neutral,50000,1000,0.20335174,0.0013068771556164996
truth,1880000.0,selected,5000,99,0.0026574747474747474,4.170810393083493e-05
truth,1880000.0,selected,10000,99,0.007507272727272727,6.994974462774152e-05
truth,1880000.0,selected,20000,99,0.04611505050505051,0.0005853902312258237
truth,1880000.0,selected,30000,99,0.10144151515151517,0.0015601922321794351
truth,1880000.0,selected,40000,99,0.1549368686868687,0.0031224902736598703
truth,1880000.0,selected,50000,99,0.19797454545454546,0.003921508196629752
truth,1930000.0,neutral,5000,1000,0.0026704299999999997,1.3222395654602339e-05
truth,1930000.0,neutral,10000,1000,0.00742079,2.6203096728787198e-05
truth,1930000.0,neutral,20000,1000,0.04543824,0.00019039067443367942
truth,1930000.0,neutral,30000,1000,0.10072765000000002,0.0005293882088346444
truth,1930000.0,neutral,40000,1000,0.15609913999999997,0.0009290136914487856
truth,1930000.0,neutral,50000,1000,0.20298647,0.0012591500619535457
truth,1930000.0,selected,5000,99,0.0026771717171717173,4.4443474624451884e-05
truth,1930000.0,selected,10000,99,0.007586464646464647,7.855821916133744e-05
truth,1930000.0,selected,20000,99,0.046252828282828284,0.000638522439543787
truth,1930000.0,selected,30000,99,0.10165212121212122,0.0016161245466399105
truth,1930000.0,selected,40000,99,0.15486373737373735,0.00304020463616582
truth,1930000.0,selected,50000,99,0.19515787878787877,0.003874614233988846
truth,1980000.0,neutral,5000,1000,0.0026674499999999996,1.311917338136097e-05
truth,1980000.0,neutral,10000,1000,0.007431340000000001,2.7183851201883928e-05
truth,1980000.0,neutral,20000,1000,0.0452777,0.00018943157770718336
truth,1980000.0,neutral,30000,1000,0.10066407000000001,0.0005306244018049781
truth,1980000.0,neutral,40000,1000,0.15587357,0.0009433851249882782
truth,1980000.0,neutral,50000,1000,0.20353911,0.0013181797895072454
truth,1980000.0,selected,5000,99,0.0026688888888888886,4.6049431841567015e-05
truth,1980000.0,selected,10000,99,0.007557474747474748,8.89888390198216e-05
truth,1980000.0,selected,20000,99,0.04603070707070707,0.000596232956533358
truth,1980000.0,selected,30000,99,0.10269050505050506,0.0017035309128669573
truth,1980000.0,selected,40000,99,0.1540530303030303,0.0028489893597874196
truth,1980000.0,selected,50000,99,0.20129818181818182,0.004301584723691801
truth,2030000.0,neutral,5000,1000,0.00266874,1.2951770564705073e-05
truth,2030000.0,neutral,10000,1000,0.007446059999999999,2.727290758037888e-05
truth,2030000.0,neutral,20000,1000,0.04541497,0.00019467873640824135
truth,2030000.0,neutral,30000,1000,0.10047025999999999,0.0005284363271807534
truth,2030000.0,neutral,40000,1000,0.1543945,0.0009539054212565849
truth,2030000.0,neutral,50000,1000,0.20336019,0.001396781672167703
truth,2030000.0,selected,5000,99,0.0026586868686868685,4.6190174155447215e-05
truth,2030000.0,selected,10000,99,0.007462525252525254,8.723924168823894e-05
truth,2030000.0,selected,20000,99,0.046164949494949495,0.0006154860478622715
truth,2030000.0,selected,30000,99,0.10077010101010102,0.0018413313957309095
truth,2030000.0,selected,40000,99,0.15294636363636363,0.0031611724216266093
truth,2030000.0,selected,50000,99,0.1990607070707071,0.0044442383149665785
truth,2080000.0,neutral,5000,1000,0.00266843,1.2958655866325871e-05
truth,2080000.0,neutral,10000,1000,0.007452009999999999,2.7446934147443394e-05
truth,2080000.0,neutral,20000,1000,0.04549122,0.000197516787116419
truth,2080000.0,neutral,30000,1000,0.10051786000000001,0.0005201567304617376
truth,2080000.0,neutral,40000,1000,0.15543424,0.0009475116031270861
truth,2080000.0,neutral,50000,1000,0.20442805,0.0013598528386705453
truth,2080000.0,selected,5000,99,0.002642727272727273,4.6914225028613865e-05
truth,2080000.0,selected,10000,99,0.007475757575757576,8.120765593831084e-05
truth,2080000.0,selected,20000,99,0.0462389898989899,0.000613372277926368
truth,2080000.0,selected,30000,99,0.10131565656565657,0.0018278569929271787
truth,2080000.0,selected,40000,99,0.15212848484848485,0.0028251810630169987
truth,2080000.0,selected,50000,99,0.19949434343434347,0.0038543444478521165
truth,2130000.0,neutral,5000,1000,0.0026700499999999998,1.3133239489154209e-05
truth,2130000.0,neutral,10000,1000,0.007473420000000001,2.7455927074705226e-05
truth,2130000.0,neutral,20000,1000,0.04557126,0.0001931307393837006
truth,2130000.0,neutral,30000,1000,0.10074766000000002,0.0005232584879097229
truth,2130000.0,neutral,40000,1000,0.15625609000000001,0.0009525061964450238
truth,2130000.0,neutral,50000,1000,0.205574,0.0013386900927266044
truth,2130000.0,selected,5000,99,0.0026270707070707067,4.5797690087403286e-05
truth,2130000.0,selected,10000,99,0.007466161616161617,7.751748954086916e-05
truth,2130000.0,selected,20000,99,0.04592434343434344,0.0006256472741732351
truth,2130000.0,selected,30000,99,0.10184858585858587,0.0017593933429660238
truth,2130000.0,selected,40000,99,0.15601585858585856,0.0032267469688577687
truth,2130000.0,selected,50000,99,0.20559666666666662,0.004841427440956669
truth,2180000.0,neutral,5000,1000,0.00267109,1.343644484043119e-05
truth,2180000.0,neutral,10000,1000,0.007487220000000001,2.7350870950332492e-05
truth,2180000.0,neutral,20000,1000,0.045677819999999994,0.00019509178930404491
truth,2180000.0,neutral,30000,1000,0.10047656,0.0005263771741782653
truth,2180000.0,neutral,40000,1000,0.15620135999999996,0.0009638619335658907
truth,2180000.0,neutral,50000,1000,0.20504131999999997,0.0013350248633052656
truth,2180000.0,selected,5000,99,0.0026170707070707062,4.310803247574829e-05
truth,2180000.0,selected,10000,99,0.007496161616161615,8.384539116786868e-05
truth,2180000.0,selected,20000,99,0.0459549494949495,0.0006258942128935281
truth,2180000.0,selected,30000,99,0.1017278787878788,0.0016540659614284682
truth,2180000.0,selected,40000,99,0.1547809090909091,0.003581149440473734
truth,2180000.0,selected,50000,99,0.20212272727272726,0.004611890717355604
truth,2230000.0,neutral,5000,1000,0.0026667199999999996,1.3325644990559159e-05
truth,2230000.0,neutral,10000,1000,0.0074603199999999995,2.7258230109614762e-05
truth,2230000.0,neutral,20000,1000,0.045874740000000004,0.00020136183432001387
truth,2230000.0,neutral,30000,1000,0.10112424999999998,0.0005322659033127421
truth,2230000.0,neutral,40000,1000,0.15602097,0.0009414396466940764
truth,2230000.0,neutral,50000,1000,0.20419585,0.0013653578603297614
truth,2230000.0,selected,5000,99,0.0026083838383838386,4.132736482899266e-05
truth,2230000.0,selected,10000,99,0.007442323232323232,8.073906556024349e-05
truth,2230000.0,selected,20000,99,0.0456549494949495,0.000696801411630905
truth,2230000.0,selected,30000,99,0.10170191919191918,0.0017062995114015315
truth,2230000.0,selected,40000,99,0.14987848484848484,0.0030128151982409283
truth,2230000.0,selected,50000,99,0.19806777777777784,0.004453032928062825
truth,2280000.0,neutral,5000,1000,0.00266759,1.3382846950200565e-05
truth,2280000.0,neutral,10000,1000,0.00745896,2.743822104973962e-05
truth,2280000.0,neutral,20000,1000,0.045896990000000006,0.00019929590386457316
truth,2280000.0,neutral,30000,1000,0.10150848,0.0005635072689253722
truth,2280000.0,neutral,40000,1000,0.15695797,0.0009615400358901963
truth,2280000.0,neutral,50000,1000,0.20506639000000002,0.001353541481821267
truth,2280000.0,selected,5000,99,0.00263040404040404,4.125177961764488e-05
truth,2280000.0,selected,10000,99,0.007489090909090908,8.546646363992025e-05
truth,2280000.0,selected,20000,99,0.04563999999999999,0.0006600362770587698
truth,2280000.0,selected,30000,99,0.09980939393939395,0.0015973669636682982
truth,2280000.0,selected,40000,99,0.1489769696969697,0.0028458564107608874
truth,2280000.0,selected,50000,99,0.1975885858585859,0.004150121918196089
truth,2330000.0,neutral,5000,1000,0.00267385,1.3536340347745769e-05
truth,2330000.0,neutral,10000,1000,0.0074633500000000005,2.737050642794397e-05
truth,2330000.0,neutral,20000,1000,0.04593433,0.0001994545378369812
truth,2330000.0,neutral,30000,1000,0.10180961,0.0005530629920914264
truth,2330000.0,neutral,40000,1000,0.1574015,0.0009682139975723833
truth,2330000.0,neutral,50000,1000,0.20565247,0.0013543597796789122
truth,2330000.0,selected,5000,99,0.0026626262626262627,4.1042030600230626e-05
truth,2330000.0,selected,10000,99,0.007528484848484849,8.180092124215988e-05
truth,2330000.0,selected,20000,99,0.045528585858585845,0.0006088026037983844
truth,2330000.0,selected,30000,99,0.09882040404040404,0.0015765955321022619
truth,2330000.0,selected,40000,99,0.14953939393939392,0.0025685984739445104
truth,2330000.0,selected,50000,99,0.19287434343434345,0.0034707867421367466
truth,2380000.0,neutral,5000,1000,0.00268074,1.3732152942070826e-05
truth,2380000.0,neutral,10000,1000,0.0074702100000000006,2.756326521821189e-05
truth,2380000.0,neutral,20000,1000,0.04570756,0.00019642976479876693
truth,2380000.0,neutral,30000,1000,0.10144113,0.0005613566908458983
truth,2380000.0,neutral,40000,1000,0.15779952,0.0009529556656373213
truth,2380000.0,neutral,50000,1000,0.20449149,0.0013222715243337746
truth,2380000.0,selected,5000,99,0.002683333333333334,4.2025848275969167e-05
truth,2380000.0,selected,10000,99,0.0075261616161616165,8.380887286626231e-05
truth,2380000.0,selected,20000,99,0.045211313131313144,0.00056723707415735
truth,2380000.0,selected,30000,99,0.09893838383838385,0.0016230304824496817
truth,2380000.0,selected,40000,99,0.1516588888888889,0.002556777952830509
truth,2380000.0,selected,50000,99,0.19533626262626266,0.003870444392791128
truth,2430000.0,neutral,5000,1000,0.0026850199999999998,1.3657163604413535e-05
truth,2430000.0,neutral,10000,1000,0.00747183,2.7103375141189412e-05
truth,2430000.0,neutral,20000,1000,0.0456725,0.0001956113819867412
truth,2430000.0,neutral,30000,1000,0.10058186000000001,0.0005502830606035291
truth,2430000.0,neutral,40000,1000,0.15572025,0.0009382725971187714
truth,2430000.0,neutral,50000,1000,0.20342570999999998,0.0013018672106363343
truth,2430000.0,selected,5000,99,0.002694242424242424,4.278832640213241e-05
truth,2430000.0,selected,10000,99,0.007612828282828281,7.936501246225699e-05
truth,2430000.0,selected,20000,99,0.04491565656565657,0.0006137985443893954
truth,2430000.0,selected,30000,99,0.09788767676767676,0.0015483641418395564
truth,2430000.0,selected,40000,99,0.14986787878787877,0.0024471122206435806
truth,2430000.0,selected,50000,99,0.19730070707070707,0.004130040520271343
truth,2480000.0,neutral,5000,1000,0.00268092,1.3506516189587142e-05
truth,2480000.0,neutral,10000,1000,0.00745805,2.746586738793027e-05
truth,2480000.0,neutral,20000,1000,0.045517350000000005,0.00019502974819288514
truth,2480000.0,neutral,30000,1000,0.10023658,0.0005579901214889734
truth,2480000.0,neutral,40000,1000,0.15441384,0.0009740886120258661
truth,2480000.0,neutral,50000,1000,0.20294524,0.0013389133163917712
truth,2480000.0,selected,5000,99,0.002686565656565657,4.36679345735382e-05
truth,2480000.0,selected,10000,99,0.0075745454545454545,8.108243598345312e-05
truth,2480000.0,selected,20000,99,0.0448550505050505,0.0006143413407099723
truth,2480000.0,selected,30000,99,0.09900040404040404,0.0016735774959977562
truth,2480000.0,selected,40000,99,0.15050818181818182,0.003121240748948575
truth,2480000.0,selected,50000,99,0.19950343434343437,0.004832280684556688
truth,2530000.0,neutral,5000,1000,0.00267663,1.3334224561055086e-05
truth,2530000.0,neutral,10000,1000,0.00746138,2.7654367822455457e-05
truth,2530000.0,neutral,20000,1000,0.045553079999999996,0.00018851389763941334
truth,2530000.0,neutral,30000,1000,0.10019893999999999,0.000559211157072706
truth,2530000.0,neutral,40000,1000,0.15571518,0.0010156258434194266
truth,2530000.0,neutral,50000,1000,0.20267815,0.0013276234130220454
truth,2530000.0,selected,5000,99,0.002667272727272728,4.4381690484409565e-05
truth,2530000.0,selected,10000,99,0.007561717171717174,7.999382067508398e-05
truth,2530000.0,selected,20000,99,0.04515535353535353,0.0006022914279612959
truth,2530000.0,selected,30000,99,0.09998333333333334,0.0016851079937890655
truth,2530000.0,selected,40000,99,0.15317555555555554,0.002917019652541473
truth,2530000.0,selected,50000,99,0.20328646464646466,0.00462574210354581
truth,2580000.0,neutral,5000,1000,0.0026755,1.3331139083711836e-05
truth,2580000.0,neutral,10000,1000,0.007468979999999999,2.728344820850448e-05
truth,2580000.0,neutral,20000,1000,0.045524709999999996,0.00018991678362009133
truth,2580000.0,neutral,30000,1000,0.10013762,0.000552212107751675
truth,2580000.0,neutral,40000,1000,0.15471348000000001,0.0009961714348530664
truth,2580000.0,neutral,50000,1000,0.20200891999999998,0.0013185673029337433
truth,2580000.0,selected,5000,99,0.0026452525252525253,4.163786102224762e-05
truth,2580000.0,selected,10000,99,0.007514343434343434,7.704701994321862e-05
truth,2580000.0,selected,20000,99,0.04553393939393939,0.0005979193777731855
truth,2580000.0,selected,30000,99,0.10090656565656562,0.001977865066120998
truth,2580000.0,selected,40000,99,0.15559121212121213,0.0032163418828947427
truth,2580000.0,selected,50000,99,0.20671323232323235,0.004788063425573176
truth,2630000.0,neutral,5000,1000,0.00266884,1.3333230269871943e-05
truth,2630000.0,neutral,10000,1000,0.00745498,2.7653852084929058e-05
truth,2630000.0,neutral,20000,1000,0.0454093,0.0001887822906505355
truth,2630000.0,neutral,30000,1000,0.10047350000000001,0.0005275969333440768
truth,2630000.0,neutral,40000,1000,0.1549441,0.0009392953525645431
truth,2630000.0,neutral,50000,1000,0.20219455,0.001270304818352284
truth,2630000.0,selected,5000,99,0.0026417171717171718,4.1910920544104794e-05
truth,2630000.0,selected,10000,99,0.007482929292929293,7.820289440135174e-05
truth,2630000.0,selected,20000,99,0.04574393939393939,0.0005959418146322391
truth,2630000.0,selected,30000,99,0.10208353535353534,0.0020548649521101537
truth,2630000.0,selected,40000,99,0.1569841414141414,0.0032492637639045603
truth,2630000.0,selected,50000,99,0.20941696969696968,0.0049930208939048745
truth,2680000.0,neutral,5000,1000,0.00266025,1.3236731037100837e-05
truth,2680000.0,neutral,10000,1000,0.007436299999999999,2.7290061514358255e-05
truth,2680000.0,neutral,20000,1000,0.04551583,0.00018638280409083015
truth,2680000.0,neutral,30000,1000,0.10065512,0.0005256524089554244
truth,2680000.0,neutral,40000,1000,0.15582159999999998,0.0009704515896879802
truth,2680000.0,neutral,50000,1000,0.20379504,0.0013776797277417674
truth,2680000.0,selected,5000,99,0.002636969696969697,4.068103362139337e-05
truth,2680000.0,selected,10000,99,0.0074820202020202025,7.946727645496125e-05
truth,2680000.0,selected,20000,99,0.04582666666666666,0.0005928068790737324
truth,2680000.0,selected,30000,99,0.10077888888888889,0.0018951149641792092
truth,2680000.0,selected,40000,99,0.15395030303030302,0.0030177189384221993
truth,2680000.0,selected,50000,99,0.20946292929292926,0.00497692443323294
truth,2730000.0,neutral,5000,1000,0.00266556,1.3332720946897817e-05
truth,2730000.0,neutral,10000,1000,0.00742845,2.708375947920686e-05
truth,2730000.0,neutral,20000,1000,0.04579203,0.0001969599233105316
truth,2730000.0,neutral,30000,1000,0.10109756000000002,0.0005214317667094456
truth,2730000.0,neutral,40000,1000,0.15577215,0.0009650711947252329
truth,2730000.0,neutral,50000,1000,0.20277822000000004,0.0013475266870841573
truth,2730000.0,selected,5000,99,0.002624242424242424,4.164472914370192e-05
truth,2730000.0,selected,10000,99,0.007457575757575758,8.283774601405791e-05
truth,2730000.0,selected,20000,99,0.04544969696969698,0.0005606946661496241
truth,2730000.0,selected,30000,99,0.10052141414141415,0.0020132613885118097
truth,2730000.0,selected,40000,99,0.15282959595959594,0.0027884568839844524
truth,2730000.0,selected,50000,99,0.20843404040404037,0.00464932695607543
truth,2780000.0,neutral,5000,1000,0.0026620299999999997,1.3145485266162027e-05
truth,2780000.0,neutral,10000,1000,0.00742275,2.73965601674555e-05
truth,2780000.0,neutral,20000,1000,0.0457986,0.00019483039167830446
truth,2780000.0,neutral,30000,1000,0.10106004,0.0005363167002820268
truth,2780000.0,neutral,40000,1000,0.15549023,0.000947700353807947
truth,2780000.0,neutral,50000,1000,0.20332349,0.0013311112053321695
truth,2780000.0,selected,5000,99,0.0026369696969696967,4.2136180786847384e-05
truth,2780000.0,selected,10000,99,0.00750090909090909,9.574691900338794e-05
truth,2780000.0,selected,20000,99,0.045005959595959606,0.0005383843593492641
truth,2780000.0,selected,30000,99,0.10049070707070706,0.0018939306398203513
truth,2780000.0,selected,40000,99,0.15414787878787878,0.002767894617901041
truth,2780000.0,selected,50000,99,0.20511535353535348,0.0043420760844333755
truth,2830000.0,neutral,5000,1000,0.0026615799999999998,1.3054360188072026e-05
truth,2830000.0,neutral,10000,1000,0.0074255300000000005,2.7192648993050662e-05
truth,2830000.0,neutral,20000,1000,0.045695599999999996,0.0001989635809552757
truth,2830000.0,neutral,30000,1000,0.10080852,0.0005474679599545317
truth,2830000.0,neutral,40000,1000,0.15446659,0.0009269019598183052
truth,2830000.0,neutral,50000,1000,0.20217137,0.0013378658197198531
truth,2830000.0,selected,5000,99,0.0026275757575757574,4.277218392567074e-05
truth,2830000.0,selected,10000,99,0.007542020202020203,0.0001007496105190888
truth,2830000.0,selected,20000,99,0.045003535353535344,0.0005192744512719563
truth,2830000.0,selected,30000,99,0.10142343434343436,0.0019514527471602857
truth,2830000.0,selected,40000,99,0.15577707070707073,0.0029567001057614413
truth,2830000.0,selected,50000,99,0.20478030303030306,0.004468620485863846
truth,2880000.0,neutral,5000,1000,0.0026653799999999997,1.2978169689462705e-05
truth,2880000.0,neutral,10000,1000,0.00742397,2.6436009564639322e-05
truth,2880000.0,neutral,20000,1000,0.04564451,0.0001990690243014627
truth,2880000.0,neutral,30000,1000,0.10055823000000001,0.0005246067979540101
truth,2880000.0,neutral,40000,1000,0.1553633,0.0009396514441783968
truth,2880000.0,neutral,50000,1000,0.20222821,0.001301777145610082
truth,2880000.0,selected,5000,99,0.002624444444444444,4.204919575179719e-05
truth,2880000.0,selected,10000,99,0.007551515151515151,9.359572662241704e-05
truth,2880000.0,selected,20000,99,0.04503666666666666,0.0005220538266283859
truth,2880000.0,selected,30000,99,0.10018292929292928,0.0018054046774394507
truth,2880000.0,selected,40000,99,0.15535222222222222,0.0029322394287512243
truth,2880000.0,selected,50000,99,0.20769020202020202,0.004492231467501738
truth,2930000.0,neutral,5000,1000,0.00265688,1.3098084799902063e-05
truth,2930000.0,neutral,10000,1000,0.00742362,2.640646506060584e-05
truth,2930000.0,neutral,20000,1000,0.04575837,0.00019628653251292088
truth,2930000.0,neutral,30000,1000,0.10088113,0.0005296411543445953
truth,2930000.0,neutral,40000,1000,0.15672216999999997,0.0009726383144220579
truth,2930000.0,neutral,50000,1000,0.20450791,0.0013690725775701428
truth,2930000.0,selected,5000,99,0.0026180808080808076,4.247124890394281e-05
truth,2930000.0,selected,10000,99,0.007523232323232323,9.436022114987368e-05
truth,2930000.0,selected,20000,99,0.04503656565656566,0.0005225372025494054
truth,2930000.0,selected,30000,99,0.09915363636363635,0.0018371341074084082
truth,2930000.0,selected,40000,99,0.15280838383838385,0.0028285568261865665
truth,2930000.0,selected,50000,99,0.20755141414141415,0.004043428005959227
truth,2980000.0,neutral,5000,1000,0.00265645,1.3151207235526013e-05
truth,2980000.0,neutral,10000,1000,0.00739505,2.6507988814147542e-05
truth,2980000.0,neutral,20000,1000,0.04565709,0.00019878455606920685
truth,2980000.0,neutral,30000,1000,0.10060823,0.0005220710725292791
truth,2980000.0,neutral,40000,1000,0.15553187000000002,0.0009529038059880792
truth,2980000.0,neutral,50000,1000,0.20315961999999999,0.0013086157781833866
truth,2980000.0,selected,5000,99,0.002617777777777778,4.265550341835065e-05
truth,2980000.0,selected,10000,99,0.007465050505050504,8.505232286034824e-05
truth,2980000.0,selected,20000,99,0.044570101010101004,0.0005240827995324891
truth,2980000.0,selected,30000,99,0.0995169696969697,0.001675031946975301
truth,2980000.0,selected,40000,99,0.15330979797979796,0.0027782299540513354
truth,2980000.0,selected,50000,99,0.20632232323232322,0.004354607991212076
truth,3030000.0,neutral,5000,1000,0.00265851,1.3321476706493226e-05
truth,3030000.0,neutral,10000,1000,0.00738249,2.6803614189762428e-05
truth,3030000.0,neutral,20000,1000,0.045598160000000006,0.00019593401785742502
truth,3030000.0,neutral,30000,1000,0.10011759,0.0005200228443545058
truth,3030000.0,neutral,40000,1000,0.15572077,0.0009798338574959508
truth,3030000.0,neutral,50000,1000,0.20280016,0.0013419670627000395
truth,3030000.0,selected,5000,99,0.0026110101010101004,4.320815728180785e-05
truth,3030000.0,selected,10000,99,0.007477878787878789,9.151683067834146e-05
truth,3030000.0,selected,20000,99,0.044940101010101,0.0005334135200802865
truth,3030000.0,selected,30000,99,0.09859222222222225,0.0016955875263411576
truth,3030000.0,selected,40000,99,0.14841242424242426,0.0026505252552764245
truth,3030000.0,selected,50000,99,0.19658060606060607,0.00384647553519326
truth,3080000.0,neutral,5000,1000,0.0026596099999999998,1.3233437640000115e-05
truth,3080000.0,neutral,10000,1000,0.00738952,2.7500972220506552e-05
truth,3080000.0,neutral,20000,1000,0.04548778,0.0001944228611056851
truth,3080000.0,neutral,30000,1000,0.10085763,0.0005439774285076779
truth,3080000.0,neutral,40000,1000,0.15656441999999998,0.0010581806098519603
truth,3080000.0,neutral,50000,1000,0.20327155,0.0014245413744869348
truth,3080000.0,selected,5000,99,0.002604848484848485,4.306045177943748e-05
truth,3080000.0,selected,10000,99,0.0074995959595959595,0.00010099289793725383
truth,3080000.0,selected,20000,99,0.044748888888888894,0.0005398992074194094
truth,3080000.0,selected,30000,99,0.09927767676767675,0.0016477617411139662
truth,3080000.0,selected,40000,99,0.15058989898989902,0.0027192846557999788
truth,3080000.0,selected,50000,99,0.19528939393939393,0.003704825202884016
truth,3130000.0,neutral,5000,1000,0.00265841,1.2874086919623233e-05
truth,3130000.0,neutral,10000,1000,0.0073865300000000005,2.7135367830329614e-05
truth,3130000.0,neutral,20000,1000,0.04533904,0.00018636543605012748
truth,3130000.0,neutral,30000,1000,0.10076816000000001,0.0005353868389133989
truth,3130000.0,neutral,40000,1000,0.15659978000000002,0.0010427496377168196
truth,3130000.0,neutral,50000,1000,0.20238837999999998,0.0013960198681422294
truth,3130000.0,selected,5000,99,0.0026089898989898994,4.33041847993917e-05
truth,3130000.0,selected,10000,99,0.007465151515151515,9.90311095585999e-05
truth,3130000.0,selected,20000,99,0.044504444444444444,0.00048205875964172094
truth,3130000.0,selected,30000,99,0.10057676767676767,0.0017064109706963501
truth,3130000.0,selected,40000,99,0.1538012121212121,0.00262815593394412
truth,3130000.0,selected,50000,99,0.19601757575757578,0.0034745279487914294
truth,3180000.0,neutral,5000,1000,0.0026652399999999997,1.2602442777650847e-05
truth,3180000.0,neutral,10000,1000,0.00741207,2.698862725484757e-05
truth,3180000.0,neutral,20000,1000,0.0453444,0.0001938059193481313
truth,3180000.0,neutral,30000,1000,0.10104697,0.0005328643389483132
truth,3180000.0,neutral,40000,1000,0.15626623999999997,0.0009785398076816382
truth,3180000.0,neutral,50000,1000,0.20321172,0.001386824734667754
truth,3180000.0,selected,5000,99,0.0025952525252525257,4.2262186678980064e-05
truth,3180000.0,selected,10000,99,0.0074810101010101,9.234797632422182e-05
truth,3180000.0,selected,20000,99,0.04463222222222223,0.0004955496762835385
truth,3180000.0,selected,30000,99,0.10030919191919192,0.0017021134453751832
truth,3180000.0,selected,40000,99,0.15429494949494948,0.0031942216735938085
truth,3180000.0,selected,50000,99,0.20115787878787875,0.004185237522091298
truth,3230000.0,neutral,5000,1000,0.00266969,1.2698506052128966e-05
truth,3230000.0,neutral,10000,1000,0.00741902,2.6441667901276603e-05
truth,3230000.0,neutral,20000,1000,0.04539765,0.0001874529812985051
truth,3230000.0,neutral,30000,1000,0.10107412,0.0005705881552122058
truth,3230000.0,neutral,40000,1000,0.15637709,0.0010055379115296566
truth,3230000.0,neutral,50000,1000,0.20387941,0.0013346229045124128
truth,3230000.0,selected,5000,99,0.0026054545454545453,4.325125968313476e-05
truth,3230000.0,selected,10000,99,0.007523333333333334,9.284315578972115e-05
truth,3230000.0,selected,20000,99,0.044857272727272725,0.0004831261752585882
truth,3230000.0,selected,30000,99,0.09933696969696972,0.0016110731448628383
truth,3230000.0,selected,40000,99,0.15437535353535353,0.0035345714488474334
truth,3230000.0,selected,50000,99,0.20540444444444445,0.004574472465194445
truth,3280000.0,neutral,5000,1000,0.00267414,1.2894476644204212e-05
truth,3280000.0,neutral,10000,1000,0.00743781,2.646498250895321e-05
truth,3280000.0,neutral,20000,1000,0.04542106,0.0001900137360726753
truth,3280000.0,neutral,30000,1000,0.10118172000000002,0.0005416787996253532
truth,3280000.0,neutral,40000,1000,0.15711048,0.0010517850678720432
truth,3280000.0,neutral,50000,1000,0.20385778999999998,0.0013313041262959387
truth,3280000.0,selected,5000,99,0.002613030303030303,4.419775618900749e-05
truth,3280000.0,selected,10000,99,0.0075368686868686864,9.833028269689568e-05
truth,3280000.0,selected,20000,99,0.04477353535353536,0.00047034725157826714
truth,3280000.0,selected,30000,99,0.0987381818181818,0.0015888272705757989
truth,3280000.0,selected,40000,99,0.15369969696969696,0.0030756453099227677
truth,3280000.0,selected,50000,99,0.20014101010101013,0.003974752358056238
truth,3330000.0,neutral,5000,1000,0.00267966,1.2918350055954056e-05
truth,3330000.0,neutral,10000,1000,0.007434420000000001,2.6591626091275016e-05
truth,3330000.0,neutral,20000,1000,0.04547081,0.00018966812130703496
truth,3330000.0,neutral,30000,1000,0.10035235,0.0005326944059285846
truth,3330000.0,neutral,40000,1000,0.1555315,0.0009582438119566197
truth,3330000.0,neutral,50000,1000,0.20286069,0.0012482317565027106
truth,3330000.0,selected,5000,99,0.0026309090909090917,4.4110833522813e-05
truth,3330000.0,selected,10000,99,0.007584444444444444,0.00010219344777093241
truth,3330000.0,selected,20000,99,0.04545292929292929,0.00047962695625030353
truth,3330000.0,selected,30000,99,0.10066313131313133,0.0018289343279778406
truth,3330000.0,selected,40000,99,0.1539331313131313,0.003569321680551515
truth,3330000.0,selected,50000,99,0.20033808080808083,0.004217542749698243
truth,3380000.0,neutral,5000,1000,0.00268085,1.300488771979999e-05
truth,3380000.0,neutral,10000,1000,0.00742742,2.6584086541712454e-05
truth,3380000.0,neutral,20000,1000,0.045623870000000004,0.00019138043628985304
truth,3380000.0,neutral,30000,1000,0.10017794000000001,0.0005309483716235785
truth,3380000.0,neutral,40000,1000,0.15540501999999998,0.0009461156632504548
truth,3380000.0,neutral,50000,1000,0.20219552000000002,0.001295702168879886
truth,3380000.0,selected,5000,99,0.0026462626262626267,4.364725875040937e-05
truth,3380000.0,selected,10000,99,0.0075289898989899,9.607999044008224e-05
truth,3380000.0,selected,20000,99,0.04589363636363636,0.0004892231178198643
truth,3380000.0,selected,30000,99,0.10168343434343435,0.0018228395981008242
truth,3380000.0,selected,40000,99,0.15467353535353537,0.0031535963617177255
truth,3380000.0,selected,50000,99,0.20148858585858584,0.003916188215385476
truth,3430000.0,neutral,5000,1000,0.00268395,1.3027409984755639e-05
truth,3430000.0,neutral,10000,1000,0.00744153,2.6617743393521613e-05
truth,3430000.0,neutral,20000,1000,0.045622329999999996,0.00019423606802347813
truth,3430000.0,neutral,30000,1000,0.10006764000000001,0.0005240690209973962
truth,3430000.0,neutral,40000,1000,0.15431906,0.0009146937722611942
truth,3430000.0,neutral,50000,1000,0.20125917999999998,0.001277742847960071
truth,3430000.0,selected,5000,99,0.0026681818181818182,4.2921635850524215e-05
truth,3430000.0,selected,10000,99,0.007526161616161617,9.307386265719318e-05
truth,3430000.0,selected,20000,99,0.045689797979797976,0.0005610510607056949
truth,3430000.0,selected,30000,99,0.10172535353535353,0.0017126467954100488
truth,3430000.0,selected,40000,99,0.15932343434343435,0.003358383333380416
truth,3430000.0,selected,50000,99,0.20604666666666668,0.003985794829206823
truth,3480000.0,neutral,5000,1000,0.0026833,1.3000050434952602e-05
truth,3480000.0,neutral,10000,1000,0.00743586,2.635138812389313e-05
truth,3480000.0,neutral,20000,1000,0.045588010000000005,0.00019896487267972822
truth,3480000.0,neutral,30000,1000,0.1001597,0.0005370932888343616
truth,3480000.0,neutral,40000,1000,0.15496062,0.0009590967692722297
truth,3480000.0,neutral,50000,1000,0.20093251999999998,0.0012922760860327534
truth,3480000.0,selected,5000,99,0.0026883838383838384,4.2823870458776e-05
truth,3480000.0,selected,10000,99,0.0075482828282828285,9.189085873843761e-05
truth,3480000.0,selected,20000,99,0.04541171717171717,0.0005415763549735348
truth,3480000.0,selected,30000,99,0.10016969696969699,0.0015490294702230724
truth,3480000.0,selected,40000,99,0.15909262626262624,0.0034425708076875118
truth,3480000.0,selected,50000,99,0.20632919191919194,0.0043245622990149635
truth,3530000.0,neutral,5000,1000,0.00268182,1.2935556277803295e-05
truth,3530000.0,neutral,10000,1000,0.0074326800000000005,2.629752797465149e-05
truth,3530000.0,neutral,20000,1000,0.04560863999999999,0.0001987483535993656
truth,3530000.0,neutral,30000,1000,0.10010749999999999,0.0005481648487922693
truth,3530000.0,neutral,40000,1000,0.15535112,0.0009485962862355407
truth,3530000.0,neutral,50000,1000,0.20204572999999998,0.0013958506672823035
truth,3530000.0,selected,5000,99,0.00269949494949495,4.4528815084826407e-05
truth,3530000.0,selected,10000,99,0.00755878787878788,9.197766132038856e-05
truth,3530000.0,selected,20000,99,0.04586030303030303,0.0005605255554022744
truth,3530000.0,selected,30000,99,0.10120404040404041,0.0019645970836474082
truth,3530000.0,selected,40000,99,0.157449898989899,0.003154886941881991
truth,3530000.0,selected,50000,99,0.20654010101010098,0.004604295032436723
truth,3580000.0,neutral,5000,1000,0.00267961,1.2988273293365179e-05
truth,3580000.0,neutral,10000,1000,0.007438329999999999,2.610442782847868e-05
truth,3580000.0,neutral,20000,1000,0.04576774999999999,0.00019180826324052713
truth,3580000.0,neutral,30000,1000,0.09970857999999999,0.0005328036010209211
truth,3580000.0,neutral,40000,1000,0.15495064,0.0009389902842651485
truth,3580000.0,neutral,50000,1000,0.20109165999999998,0.0013046667238435666
truth,3580000.0,selected,5000,99,0.0026999999999999997,4.3180120180570285e-05
truth,3580000.0,selected,10000,99,0.007572929292929293,8.96957973667077e-05
truth,3580000.0,selected,20000,99,0.045681010101010104,0.0006420846969754643
truth,3580000.0,selected,30000,99,0.1009969696969697,0.0017768420949645356
truth,3580000.0,selected,40000,99,0.1568668686868687,0.0034338641466522338
truth,3580000.0,selected,50000,99,0.20549151515151515,0.00488863904795182
truth,3630000.0,neutral,5000,1000,0.0026773300000000003,1.2887841850657834e-05
truth,3630000.0,neutral,10000,1000,0.00743338,2.662510980394395e-05
truth,3630000.0,neutral,20000,1000,0.04560741,0.00019122643892213975
truth,3630000.0,neutral,30000,1000,0.09928901,0.0005182413820315297
truth,3630000.0,neutral,40000,1000,0.15493914999999997,0.0009524091526079911
truth,3630000.0,neutral,50000,1000,0.20154488,0.001327872359524359
truth,3630000.0,selected,5000,99,0.002715252525252525,4.21324842162016e-05
truth,3630000.0,selected,10000,99,0.0076324242424242435,8.487310800945564e-05
truth,3630000.0,selected,20000,99,0.04556575757575757,0.0006924921323364987
truth,3630000.0,selected,30000,99,0.10029171717171714,0.0018055427215906163
truth,3630000.0,selected,40000,99,0.15310393939393938,0.0032075148851035485
truth,3630000.0,selected,50000,99,0.20157818181818188,0.004375738904209852
truth,3680000.0,neutral,5000,1000,0.00267525,1.2926230112640146e-05
truth,3680000.0,neutral,10000,1000,0.00742341,2.6796408703768856e-05
truth,3680000.0,neutral,20000,1000,0.045523049999999995,0.00019426276951881727
truth,3680000.0,neutral,30000,1000,0.0998111,0.0005288740780000286
truth,3680000.0,neutral,40000,1000,0.15519675000000002,0.0009245301766762861
truth,3680000.0,neutral,50000,1000,0.20269017000000003,0.001293335218053447
truth,3680000.0,selected,5000,99,0.002716262626262626,4.469106161899692e-05
truth,3680000.0,selected,10000,99,0.007659292929292929,9.623624693526754e-05
truth,3680000.0,selected,20000,99,0.04538414141414141,0.0006154549094950354
truth,3680000.0,selected,30000,99,0.09900151515151517,0.0015546251497013778
truth,3680000.0,selected,40000,99,0.15424434343434346,0.003069605473101564
truth,3680000.0,selected,50000,99,0.20355262626262627,0.004714237005270815
truth,3730000.0,neutral,5000,1000,0.00266766,1.2941050776316244e-05
truth,3730000.0,neutral,10000,1000,0.007419740000000001,2.75466540717843e-05
truth,3730000.0,neutral,20000,1000,0.045573680000000005,0.00019004958327158126
truth,3730000.0,neutral,30000,1000,0.10014129,0.000528328299476687
truth,3730000.0,neutral,40000,1000,0.15519181,0.0009495077124067081
truth,3730000.0,neutral,50000,1000,0.20278363000000002,0.0012909813819151504
truth,3730000.0,selected,5000,99,0.0027111111111111103,4.4358244587584376e-05
truth,3730000.0,selected,10000,99,0.007644141414141415,8.721226035977171e-05
truth,3730000.0,selected,20000,99,0.04535848484848485,0.0006213240588772415
truth,3730000.0,selected,30000,99,0.09955363636363634,0.0018203962241771041
truth,3730000.0,selected,40000,99,0.15647030303030304,0.002913744999970225
truth,3730000.0,selected,50000,99,0.20636383838383837,0.004288180247040515
truth,3780000.0,neutral,5000,1000,0.00266513,1.3012428920321003e-05
truth,3780000.0,neutral,10000,1000,0.00746039,2.748492257345596e-05
truth,3780000.0,neutral,20000,1000,0.045515320000000005,0.0001925846404606072
truth,3780000.0,neutral,30000,1000,0.09994576000000001,0.0005192283379104894
truth,3780000.0,neutral,40000,1000,0.15391683999999997,0.0009373524656495332
truth,3780000.0,neutral,50000,1000,0.2011574,0.0012933897066906685
truth,3780000.0,selected,5000,99,0.002695050505050505,4.5929860963939865e-05
truth,3780000.0,selected,10000,99,0.007586767676767676,8.101332418041138e-05
truth,3780000.0,selected,20000,99,0.04504575757575757,0.0005936993286372719
truth,3780000.0,selected,30000,99,0.10163666666666667,0.001972732655238808
truth,3780000.0,selected,40000,99,0.16067656565656566,0.0031805392846885982
truth,3780000.0,selected,50000,99,0.2130332323232323,0.0050454555128617695
truth,3830000.0,neutral,5000,1000,0.00266579,1.2818443290368312e-05
truth,3830000.0,neutral,10000,1000,0.00748343,2.6856559904610087e-05
truth,3830000.0,neutral,20000,1000,0.04561658,0.00019049139895721453
truth,3830000.0,neutral,30000,1000,0.10035332,0.0005278696924334545
truth,3830000.0,neutral,40000,1000,0.15574768,0.0009913744733267868
truth,3830000.0,neutral,50000,1000,0.20263164999999997,0.0013415607600292842
truth,3830000.0,selected,5000,99,0.002696363636363636,4.529489588448167e-05
truth,3830000.0,selected,10000,99,0.007590808080808081,8.005662765551928e-05
truth,3830000.0,selected,20000,99,0.04528222222222222,0.0005593789543643621
truth,3830000.0,selected,30000,99,0.10110464646464648,0.0019223178355615342
truth,3830000.0,selected,40000,99,0.15675040404040402,0.003230258791460222
truth,3830000.0,selected,50000,99,0.2109387878787879,0.004771121915716095
truth,3880000.0,neutral,5000,1000,0.00267099,1.256453689904596e-05
truth,3880000.0,neutral,10000,1000,0.007473919999999999,2.6153715805798046e-05
truth,3880000.0,neutral,20000,1000,0.045602710000000005,0.00019545639503034496
truth,3880000.0,neutral,30000,1000,0.10076156,0.0005412539339232441
truth,3880000.0,neutral,40000,1000,0.15625752,0.0009961582483246853
truth,3880000.0,neutral,50000,1000,0.20376245999999998,0.0013653243096124889
truth,3880000.0,selected,5000,99,0.002695151515151516,4.347874456975808e-05
truth,3880000.0,selected,10000,99,0.007607878787878788,7.970380034264001e-05
truth,3880000.0,selected,20000,99,0.04571787878787879,0.0006454187423472805
truth,3880000.0,selected,30000,99,0.10014484848484849,0.0017632983511922137
truth,3880000.0,selected,40000,99,0.15480444444444444,0.0031309655859423024
truth,3880000.0,selected,50000,99,0.20696787878787876,0.004390606010027098
truth,3930000.0,neutral,5000,1000,0.00267418,1.2621744571810826e-05
truth,3930000.0,neutral,10000,1000,0.00748048,2.636152688483161e-05
truth,3930000.0,neutral,20000,1000,0.04551102,0.00019821037387561709
truth,3930000.0,neutral,30000,1000,0.10048899,0.0005480782745876495
truth,3930000.0,neutral,40000,1000,0.15601859999999998,0.001032232253354285
truth,3930000.0,neutral,50000,1000,0.20450878999999997,0.0013727291557955163
truth,3930000.0,selected,5000,99,0.0026740404040404035,4.2772624499248155e-05
truth,3930000.0,selected,10000,99,0.007494747474747475,7.961569508599967e-05
truth,3930000.0,selected,20000,99,0.04550010101010102,0.0005913651403574998
truth,3930000.0,selected,30000,99,0.10056323232323232,0.001547064994584995
truth,3930000.0,selected,40000,99,0.15742949494949493,0.0027080066445801104
truth,3930000.0,selected,50000,99,0.20739131313131315,0.004071481209366992
truth,3980000.0,neutral,5000,1000,0.00268102,1.2691951987194297e-05
truth,3980000.0,neutral,10000,1000,0.007474260000000001,2.6025860174023026e-05
truth,3980000.0,neutral,20000,1000,0.04548941000000001,0.00019877670771856405
truth,3980000.0,neutral,30000,1000,0.10020271,0.000541806814445961
truth,3980000.0,neutral,40000,1000,0.15516709,0.0010215426836341134
truth,3980000.0,neutral,50000,1000,0.20387776999999999,0.0014042122985882892
truth,3980000.0,selected,5000,99,0.0026734343434343436,4.176559970626776e-05
truth,3980000.0,selected,10000,99,0.007526060606060606,8.175774812905854e-05
truth,3980000.0,selected,20000,99,0.04498767676767677,0.0005650360479500857
truth,3980000.0,selected,30000,99,0.10005010101010102,0.0015797227556255881
truth,3980000.0,selected,40000,99,0.155240404040404,0.002610857812717308
truth,3980000.0,selected,50000,99,0.20396383838383836,0.004069217975878251
truth,4030000.0,neutral,5000,1000,0.00268405,1.2664014954775392e-05
truth,4030000.0,neutral,10000,1000,0.00745507,2.5911499395073624e-05
truth,4030000.0,neutral,20000,1000,0.04555086,0.00019671542547298882
truth,4030000.0,neutral,30000,1000,0.10089893000000001,0.0005582992803519825
truth,4030000.0,neutral,40000,1000,0.15647710999999997,0.0010329734631264365
truth,4030000.0,neutral,50000,1000,0.20633974,0.0014435592737082564
truth,4030000.0,selected,5000,99,0.0026722222222222217,4.1742986517848776e-05
truth,4030000.0,selected,10000,99,0.007571111111111112,8.501177830637339e-05
truth,4030000.0,selected,20000,99,0.04504060606060605,0.0005707056902765872
truth,4030000.0,selected,30000,99,0.10163242424242425,0.0016693906131867967
truth,4030000.0,selected,40000,99,0.15657272727272728,0.00292384340060391
truth,4030000.0,selected,50000,99,0.2046846464646464,0.0043880023650849555
truth,4080000.0,neutral,5000,1000,0.00268471,1.2777643917564932e-05
truth,4080000.0,neutral,10000,1000,0.00744362,2.5699742651870517e-05
truth,4080000.0,neutral,20000,1000,0.04547454000000001,0.00019448951426634693
truth,4080000.0,neutral,30000,1000,0.10074162,0.0005544966538354535
truth,4080000.0,neutral,40000,1000,0.15547543000000003,0.0010015229881090153
truth,4080000.0,neutral,50000,1000,0.20498242,0.001403284286141383
truth,4080000.0,selected,5000,99,0.0026724242424242426,4.138179448803928e-05
truth,4080000.0,selected,10000,99,0.007527676767676769,8.703939974206418e-05
truth,4080000.0,selected,20000,99,0.045013737373737366,0.0005495086837943703
truth,4080000.0,selected,30000,99,0.09929555555555554,0.0015858560524633556
truth,4080000.0,selected,40000,99,0.15454555555555555,0.002883752323421168
truth,4080000.0,selected,50000,99,0.20769313131313133,0.00503272828614805
truth,4130000.0,neutral,5000,1000,0.0026839099999999994,1.3182138699038205e-05
truth,4130000.0,neutral,10000,1000,0.007432800000000001,2.567448420395508e-05
truth,4130000.0,neutral,20000,1000,0.04536731,0.00019896605830205377
truth,4130000.0,neutral,30000,1000,0.10047451,0.0005466356104852211
truth,4130000.0,neutral,40000,1000,0.15511737,0.0009700322137325022
truth,4130000.0,neutral,50000,1000,0.20392329999999997,0.0013467946955872906
truth,4130000.0,selected,5000,99,0.0026781818181818187,4.0187245627420245e-05
truth,4130000.0,selected,10000,99,0.007541414141414141,8.353210802770675e-05
truth,4130000.0,selected,20000,99,0.04507767676767676,0.0005761089496951405
truth,4130000.0,selected,30000,99,0.10046535353535352,0.0016362231721501952
truth,4130000.0,selected,40000,99,0.15591939393939394,0.0030857075444123013
truth,4130000.0,selected,50000,99,0.2053227272727273,0.004269812735965114
truth,4180000.0,neutral,5000,1000,0.0026824,1.3286043766259352e-05
truth,4180000.0,neutral,10000,1000,0.00743537,2.655893522225882e-05
truth,4180000.0,neutral,20000,1000,0.045319809999999995,0.00019422605134976855
truth,4180000.0,neutral,30000,1000,0.10084022000000001,0.0005493914151847285
truth,4180000.0,neutral,40000,1000,0.15530403,0.0009345233528147149
truth,4180000.0,neutral,50000,1000,0.20325294,0.0013905434074218338
truth,4180000.0,selected,5000,99,0.0026895959595959595,3.8010978025593553e-05
truth,4180000.0,selected,10000,99,0.007527878787878788,8.316585182672875e-05
truth,4180000.0,selected,20000,99,0.04547353535353535,0.0005213362568884608
truth,4180000.0,selected,30000,99,0.10240989898989898,0.0016624110573198398
truth,4180000.0,selected,40000,99,0.15927828282828282,0.0031284562072004685
truth,4180000.0,selected,50000,99,0.21028878787878788,0.003916666093692579
truth,4230000.0,neutral,5000,1000,0.00267928,1.3275493223241098e-05
truth,4230000.0,neutral,10000,1000,0.00743997,2.629093974380932e-05
truth,4230000.0,neutral,20000,1000,0.04514985,0.00019231044533484106
truth,4230000.0,neutral,30000,1000,0.09996715,0.0005274095435277068
truth,4230000.0,neutral,40000,1000,0.15430038000000001,0.0009464934720050362
truth,4230000.0,neutral,50000,1000,0.20237898,0.001382058659209911
truth,4230000.0,selected,5000,99,0.0026787878787878786,3.789946250868448e-05
truth,4230000.0,selected,10000,99,0.007521616161616162,8.569500830248779e-05
truth,4230000.0,selected,20000,99,0.04552474747474748,0.0005837530664747937
truth,4230000.0,selected,30000,99,0.1016079797979798,0.0016674496242552403
truth,4230000.0,selected,40000,99,0.1565479797979798,0.0030047481081035545
truth,4230000.0,selected,50000,99,0.21104252525252526,0.004276183819602206
truth,4280000.0,neutral,5000,1000,0.00267694,1.3340855100585376e-05
truth,4280000.0,neutral,10000,1000,0.0074483,2.6205748439059156e-05
truth,4280000.0,neutral,20000,1000,0.045114289999999994,0.0001920643538294181
truth,4280000.0,neutral,30000,1000,0.09944184,0.0005318536860432179
truth,4280000.0,neutral,40000,1000,0.15377181,0.0009198530830073998
truth,4280000.0,neutral,50000,1000,0.20200007,0.001323203678981876
truth,4280000.0,selected,5000,99,0.002673232323232323,3.88833065624253e-05
truth,4280000.0,selected,10000,99,0.0075286868686868695,7.897504184799608e-05
truth,4280000.0,selected,20000,99,0.0456240404040404,0.0006436009632855698
truth,4280000.0,selected,30000,99,0.10034545454545456,0.0017963838150063837
truth,4280000.0,selected,40000,99,0.15365313131313132,0.002980866168367525
truth,4280000.0,selected,50000,99,0.20848656565656568,0.004205462843925155
truth,4330000.0,neutral,5000,1000,0.00267286,1.3352756888242835e-05
truth,4330000.0,neutral,10000,1000,0.00747242,2.5692591400107015e-05
truth,4330000.0,neutral,20000,1000,0.045234579999999996,0.00019167061655050012
truth,4330000.0,neutral,30000,1000,0.09954248,0.0005284030488477821
truth,4330000.0,neutral,40000,1000,0.15380669,0.0009393259230605922
truth,4330000.0,neutral,50000,1000,0.20112464,0.0013466760580316543
truth,4330000.0,selected,5000,99,0.0026759595959595954,3.864375645888134e-05
truth,4330000.0,selected,10000,99,0.00753141414141414,8.527134349993716e-05
truth,4330000.0,selected,20000,99,0.046299494949494945,0.000631316832972038
truth,4330000.0,selected,30000,99,0.10182959595959594,0.0019078420383874292
truth,4330000.0,selected,40000,99,0.15637353535353535,0.003297773767021096
truth,4330000.0,selected,50000,99,0.20824232323232322,0.004183991208531774
truth,4380000.0,neutral,5000,1000,0.00266775,1.3360079686485005e-05
truth,4380000.0,neutral,10000,1000,0.007471579999999999,2.6388149575861475e-05
truth,4380000.0,neutral,20000,1000,0.04537738,0.00020100577269386135
truth,4380000.0,neutral,30000,1000,0.09964909,0.0005204695078296907
truth,4380000.0,neutral,40000,1000,0.15409193,0.0009607698446920415
truth,4380000.0,neutral,50000,1000,0.20144658,0.0013570521656457737
truth,4380000.0,selected,5000,99,0.0026679797979797977,3.9423536234000676e-05
truth,4380000.0,selected,10000,99,0.007583939393939393,8.520820029844389e-05
truth,4380000.0,selected,20000,99,0.04661464646464647,0.0005818848225151575
truth,4380000.0,selected,30000,99,0.10228131313131315,0.0018407449927554471
truth,4380000.0,selected,40000,99,0.15560111111111113,0.0026730831658213373
truth,4380000.0,selected,50000,99,0.2031464646464646,0.0037609844627858086
truth,4430000.0,neutral,5000,1000,0.00266875,1.3253852349490775e-05
truth,4430000.0,neutral,10000,1000,0.00746931,2.6982759184212298e-05
truth,4430000.0,neutral,20000,1000,0.045449840000000005,0.0002079436725301959
truth,4430000.0,neutral,30000,1000,0.09985218,0.0005275243778412678
truth,4430000.0,neutral,40000,1000,0.15412028,0.0009549997403275174
truth,4430000.0,neutral,50000,1000,0.20178986000000002,0.0013382797368392133
truth,4430000.0,selected,5000,99,0.002690909090909091,3.909618216246045e-05
truth,4430000.0,selected,10000,99,0.007608686868686869,8.086940571411057e-05
truth,4430000.0,selected,20000,99,0.04717202020202021,0.0006003677149136662
truth,4430000.0,selected,30000,99,0.10234747474747473,0.0019215708994391849
truth,4430000.0,selected,40000,99,0.15467050505050506,0.002936255759369538
truth,4430000.0,selected,50000,99,0.20269393939393943,0.004007496273555853
truth,4480000.0,neutral,5000,1000,0.0026634099999999997,1.349551780780941e-05
truth,4480000.0,neutral,10000,1000,0.007463939999999999,2.6744145634619283e-05
truth,4480000.0,neutral,20000,1000,0.04539409999999999,0.00020309677271953164
truth,4480000.0,neutral,30000,1000,0.10017812999999999,0.000548432159009787
truth,4480000.0,neutral,40000,1000,0.15470447,0.0009730319314692395
truth,4480000.0,neutral,50000,1000,0.20388997,0.0013914675648692583
truth,4480000.0,selected,5000,99,0.0026999999999999997,4.098634451891623e-05
truth,4480000.0,selected,10000,99,0.007606464646464646,7.751903273137096e-05
truth,4480000.0,selected,20000,99,0.04678191919191919,0.0006179060682906586
truth,4480000.0,selected,30000,99,0.09930232323232321,0.001606882652197114
truth,4480000.0,selected,40000,99,0.1515628282828283,0.002855142983495385
truth,4480000.0,selected,50000,99,0.20172737373737373,0.003985493889818608
truth,4530000.0,neutral,5000,1000,0.00265416,1.3275154391724571e-05
truth,4530000.0,neutral,10000,1000,0.00743089,2.706757398551746e-05
truth,4530000.0,neutral,20000,1000,0.04544931,0.00020609069750840162
truth,4530000.0,neutral,30000,1000,0.09997091000000001,0.0005359025629990297
truth,4530000.0,neutral,40000,1000,0.15428435999999998,0.0009375939167588189
truth,4530000.0,neutral,50000,1000,0.20133862,0.001314517111235655
truth,4530000.0,selected,5000,99,0.0026952525252525246,4.202053650581237e-05
truth,4530000.0,selected,10000,99,0.0076389898989898996,8.700264249470547e-05
truth,4530000.0,selected,20000,99,0.046292929292929295,0.0006035094105201502
truth,4530000.0,selected,30000,99,0.10067777777777778,0.001699294884238266
truth,4530000.0,selected,40000,99,0.1527429292929293,0.002755768359409408
truth,4530000.0,selected,50000,99,0.20186757575757575,0.0037719282898712875
truth,4580000.0,neutral,5000,1000,0.0026482100000000002,1.3113033499062966e-05
truth,4580000.0,neutral,10000,1000,0.00741685,2.6906518508313897e-05
truth,4580000.0,neutral,20000,1000,0.045511430000000005,0.00020168374894792514
truth,4580000.0,neutral,30000,1000,0.0999427,0.0005240382254871982
truth,4580000.0,neutral,40000,1000,0.15414187000000001,0.0009354260635258264
truth,4580000.0,neutral,50000,1000,0.20179692,0.001315936953192811
truth,4580000.0,selected,5000,99,0.0026716161616161618,4.1883039202088616e-05
truth,4580000.0,selected,10000,99,0.007603030303030304,8.702135386535989e-05
truth,4580000.0,selected,20000,99,0.04652777777777778,0.0006314805688494107
truth,4580000.0,selected,30000,99,0.1006289898989899,0.0016966554735167224
truth,4580000.0,selected,40000,99,0.1537078787878788,0.0032490777540337347
truth,4580000.0,selected,50000,99,0.20210656565656562,0.004407334812290956
truth,4630000.0,neutral,5000,1000,0.0026461899999999997,1.3064994373438437e-05
truth,4630000.0,neutral,10000,1000,0.00740474,2.634873029176146e-05
truth,4630000.0,neutral,20000,1000,0.04550995,0.00019647465023683256
truth,4630000.0,neutral,30000,1000,0.10025316000000001,0.0005417002004074961
truth,4630000.0,neutral,40000,1000,0.15545240999999999,0.001012955252731302
truth,4630000.0,neutral,50000,1000,0.20310055,0.0013403761560237997
truth,4630000.0,selected,5000,99,0.002676464646464647,4.22687636971308e-05
truth,4630000.0,selected,10000,99,0.0076100000000000004,8.189922461902359e-05
truth,4630000.0,selected,20000,99,0.04604515151515151,0.0006635637648325051
truth,4630000.0,selected,30000,99,0.09954676767676766,0.0019123912295792975
truth,4630000.0,selected,40000,99,0.15254353535353535,0.003247794908065365
truth,4630000.0,selected,50000,99,0.19913838383838384,0.0038090032130948578
truth,4680000.0,neutral,5000,1000,0.00265317,1.2980645139909196e-05
truth,4680000.0,neutral,10000,1000,0.00740235,2.664222937154258e-05
truth,4680000.0,neutral,20000,1000,0.04534412999999999,0.00019434356553424807
truth,4680000.0,neutral,30000,1000,0.10056424000000001,0.0005474491828747489
truth,4680000.0,neutral,40000,1000,0.15574212,0.0010186747124943643
truth,4680000.0,neutral,50000,1000,0.20384824999999998,0.0013176082669681011
truth,4680000.0,selected,5000,99,0.002671111111111112,4.369359045930062e-05
truth,4680000.0,selected,10000,99,0.007579595959595959,8.547500501920291e-05
truth,4680000.0,selected,20000,99,0.046741212121212114,0.000750707798670213
truth,4680000.0,selected,30000,99,0.09959090909090909,0.0019370483844872734
truth,4680000.0,selected,40000,99,0.15224151515151516,0.0032977539390218738
truth,4680000.0,selected,50000,99,0.19892545454545457,0.0037940212931840463
truth,4730000.0,neutral,5000,1000,0.00265784,1.2928281976924654e-05
truth,4730000.0,neutral,10000,1000,0.00740539,2.6407972828843354e-05
truth,4730000.0,neutral,20000,1000,0.04538779,0.0001929620251735016
truth,4730000.0,neutral,30000,1000,0.10042991000000001,0.0005494700426954319
truth,4730000.0,neutral,40000,1000,0.15402821,0.0009613348030209868
truth,4730000.0,neutral,50000,1000,0.20265426,0.0013227927003807438
truth,4730000.0,selected,5000,99,0.002653434343434344,4.404350316938813e-05
truth,4730000.0,selected,10000,99,0.007551414141414142,8.021667345435526e-05
truth,4730000.0,selected,20000,99,0.04697858585858586,0.0007361344575566102
truth,4730000.0,selected,30000,99,0.09949757575757574,0.001857962584606857
truth,4730000.0,selected,40000,99,0.14979565656565658,0.003242448919902676
truth,4730000.0,selected,50000,99,0.19586020202020205,0.003909580858582127
truth,4780000.0,neutral,5000,1000,0.0026583300000000004,1.2783142016727335e-05
truth,4780000.0,neutral,10000,1000,0.00739143,2.556671100888442e-05
truth,4780000.0,neutral,20000,1000,0.04530312,0.00018759542027274364
truth,4780000.0,neutral,30000,1000,0.10075993,0.0005405757618034213
truth,4780000.0,neutral,40000,1000,0.15435619000000003,0.0009598147259195349
truth,4780000.0,neutral,50000,1000,0.20224664,0.0013385877224900882
truth,4780000.0,selected,5000,99,0.0026229292929292936,4.450632861111993e-05
truth,4780000.0,selected,10000,99,0.007493939393939394,8.079572545206755e-05
truth,4780000.0,selected,20000,99,0.046396868686868674,0.0006239918712778507
truth,4780000.0,selected,30000,99,0.10000868686868687,0.0018304611934467738
truth,4780000.0,selected,40000,99,0.14804787878787878,0.0026554279764377697
truth,4780000.0,selected,50000,99,0.19503818181818183,0.003776774686535021
truth,4830000.0,neutral,5000,1000,0.00266212,1.2746323955336079e-05
truth,4830000.0,neutral,10000,1000,0.007407700000000001,2.5607652408252145e-05
truth,4830000.0,neutral,20000,1000,0.04527457,0.00018808747463138848
truth,4830000.0,neutral,30000,1000,0.10057755,0.0005502962633663571
truth,4830000.0,neutral,40000,1000,0.15408343,0.0009296655238963213
truth,4830000.0,neutral,50000,1000,0.20210685999999997,0.0012968756759455624
truth,4830000.0,selected,5000,99,0.002611515151515152,4.599892527321413e-05
truth,4830000.0,selected,10000,99,0.007503434343434344,8.360415629517536e-05
truth,4830000.0,selected,20000,99,0.04666545454545454,0.0006542491699266943
truth,4830000.0,selected,30000,99,0.10016242424242423,0.00173103318967313
truth,4830000.0,selected,40000,99,0.14912030303030302,0.002467556089353023
truth,4830000.0,selected,50000,99,0.19514353535353535,0.0037761828944562073
truth,4880000.0,neutral,5000,1000,0.0026646900000000004,1.2907560149346934e-05
truth,4880000.0,neutral,10000,1000,0.00742047,2.5544141838830335e-05
truth,4880000.0,neutral,20000,1000,0.045312820000000004,0.0001820555461101624
truth,4880000.0,neutral,30000,1000,0.10063513,0.0005494995908856379
truth,4880000.0,neutral,40000,1000,0.15453460000000002,0.0009577201731037986
truth,4880000.0,neutral,50000,1000,0.20354534000000002,0.0013411302225952403
truth,4880000.0,selected,5000,99,0.0026123232323232324,4.573611227739892e-05
truth,4880000.0,selected,10000,99,0.007498282828282828,8.74123574271025e-05
truth,4880000.0,selected,20000,99,0.046596363636363644,0.0006448145836918483
truth,4880000.0,selected,30000,99,0.10048666666666665,0.0018612496439393944
truth,4880000.0,selected,40000,99,0.1515850505050505,0.0027949728532375272
truth,4880000.0,selected,50000,99,0.20104747474747475,0.004394419788802523
truth,4930000.0,neutral,5000,1000,0.0026584300000000003,1.292979561766986e-05
truth,4930000.0,neutral,10000,1000,0.00741469,2.604130283517615e-05
truth,4930000.0,neutral,20000,1000,0.04533048,0.0001849942897952714
truth,4930000.0,neutral,30000,1000,0.10077631000000001,0.0005451892491615194
truth,4930000.0,neutral,40000,1000,0.15536128999999999,0.0009483294493900737
truth,4930000.0,neutral,50000,1000,0.20374543,0.0012957449437966079
truth,4930000.0,selected,5000,99,0.0026005050505050506,4.301878457573391e-05
truth,4930000.0,selected,10000,99,0.007473939393939396,8.447112170205962e-05
truth,4930000.0,selected,20000,99,0.04654484848484848,0.0006827179358374652
truth,4930000.0,selected,30000,99,0.10120111111111112,0.001912900431811901
truth,4930000.0,selected,40000,99,0.1523533333333333,0.003093713737192447
truth,4930000.0,selected,50000,99,0.20032323232323232,0.0041865592004834236
truth,4977777.777777778,neutral,5000,1000,0.002656077777777778,1.2939617621785628e-05
truth,4977777.777777778,neutral,10000,1000,0.0074158444444444435,2.6404310683757922e-05
truth,4977777.777777778,neutral,20000,1000,0.0454362888888889,0.00019023693770735153
truth,4977777.777777778,neutral,30000,1000,0.10091846666666668,0.0005501930022428501
truth,4977777.777777778,neutral,40000,1000,0.15532694444444445,0.0009488209769133473
truth,4977777.777777778,neutral,50000,1000,0.2035345888888889,0.0012560206728693772
truth,4977777.777777778,selected,5000,99,0.0025965207631874297,4.472433185669181e-05
truth,4977777.777777778,selected,10000,99,0.007563411896745231,8.199339647167842e-05
truth,4977777.777777778,selected,20000,99,0.04669842873176206,0.0006727609173487556
truth,4977777.777777778,selected,30000,99,0.10110404040404042,0.001885713101125697
truth,4977777.777777778,selected,40000,99,0.15373232323232325,0.003201648390255197
truth,4977777.777777778,selected,50000,99,0.19746947250280583,0.003912795656659527
