source,cutoff_years,alpha,stride_bp,max_gap_strides,min_significant_strides,mode,bin_0,bin_1,bin_2,bin_3,bin_4,bin_5,bin_6
decoded,5000,0.001,10000,0,1,neutral,0.001,0.001,0.009,0.012,0.016,0.039,0.105
decoded,5000,0.001,10000,0,1,selected,0.01,0.0,0.04,0.03,0.01,0.0,0.21
decoded,5000,0.001,10000,0,3,neutral,0.001,0.001,0.003,0.008,0.009,0.019,0.059
decoded,5000,0.001,10000,0,3,selected,0.0,0.0,0.03,0.01,0.01,0.0,0.12
decoded,5000,0.001,10000,0,5,neutral,0.001,0.001,0.001,0.004,0.008,0.015,0.041
decoded,5000,0.001,10000,0,5,selected,0.0,0.0,0.02,0.01,0.01,0.0,0.08
decoded,5000,0.001,10000,0,10,neutral,0.0,0.0,0.001,0.0,0.005,0.006,0.019
decoded,5000,0.001,10000,0,10,selected,0.0,0.0,0.02,0.01,0.0,0.0,0.03
decoded,5000,0.001,10000,0,20,neutral,0.0,0.0,0.0,0.0,0.0,0.001,0.005
decoded,5000,0.001,10000,0,20,selected,0.0,0.0,0.01,0.0,0.0,0.0,0.01
decoded,5000,0.001,10000,1,1,neutral,0.001,0.001,0.007,0.01,0.01,0.033,0.093
decoded,5000,0.001,10000,1,1,selected,0.01,0.0,0.04,0.02,0.01,0.0,0.16
decoded,5000,0.001,10000,1,3,neutral,0.001,0.001,0.003,0.006,0.006,0.019,0.056
decoded,5000,0.001,10000,1,3,selected,0.0,0.0,0.03,0.02,0.01,0.0,0.12
decoded,5000,0.001,10000,1,5,neutral,0.001,0.001,0.002,0.004,0.006,0.015,0.043
decoded,5000,0.001,10000,1,5,selected,0.0,0.0,0.02,0.01,0.01,0.0,0.08
decoded,5000,0.001,10000,1,10,neutral,0.0,0.0,0.001,0.001,0.006,0.006,0.022
decoded,5000,0.001,10000,1,10,selected,0.0,0.0,0.02,0.01,0.0,0.0,0.04
decoded,5000,0.001,10000,1,20,neutral,0.0,0.0,0.0,0.0,0.0,0.001,0.007
decoded,5000,0.001,10000,1,20,selected,0.0,0.0,0.01,0.0,0.0,0.0,0.01
decoded,5000,0.001,20000,0,1,neutral,0.001,0.001,0.01,0.01,0.009,0.03,0.078
decoded,5000,0.001,20000,0,1,selected,0.0,0.0,0.03,0.02,0.01,0.0,0.16
decoded,5000,0.001,20000,0,3,neutral,0.001,0.001,0.001,0.003,0.006,0.014,0.042
decoded,5000,0.001,20000,0,3,selected,0.0,0.0,0.02,0.01,0.01,0.0,0.08
decoded,5000,0.001,20000,0,5,neutral,0.0,0.0,0.001,0.002,0.005,0.007,0.023
decoded,5000,0.001,20000,0,5,selected,0.0,0.0,0.02,0.01,0.0,0.0,0.04
decoded,5000,0.001,20000,0,10,neutral,0.0,0.0,0.0,0.0,0.0,0.001,0.006
decoded,5000,0.001,20000,0,10,selected,0.0,0.0,0.01,0.0,0.0,0.0,0.01
decoded,5000,0.001,20000,0,20,neutral,0.0,0.0,0.0,0.0,0.0,0.0,0.0
decoded,5000,0.001,20000,0,20,selected,0.0,0.0,0.0,0.0,0.0,0.0,0.0
decoded,5000,0.001,20000,1,1,neutral,0.001,0.001,0.007,0.007,0.008,0.025,0.074
decoded,5000,0.001,20000,1,1,selected,0.0,0.0,0.03,0.02,0.01,0.0,0.15
decoded,5000,0.001,20000,1,3,neutral,0.001,0.001,0.002,0.005,0.006,0.015,0.04
decoded,5000,0.001,20000,1,3,selected,0.0,0.0,0.02,0.01,0.01,0.0,0.08
decoded,5000,0.001,20000,1,5,neutral,0.0,0.0,0.001,0.002,0.006,0.007,0.024
decoded,5000,0.001,20000,1,5,selected,0.0,0.0,0.02,0.01,0.0,0.0,0.05
decoded,5000,0.001,20000,1,10,neutral,0.0,0.0,0.0,0.0,0.0,0.001,0.008
decoded,5000,0.001,20000,1,10,selected,0.0,0.0,0.01,0.0,0.0,0.0,0.01
decoded,5000,0.001,20000,1,20,neutral,0.0,0.0,0.0,0.0,0.0,0.0,0.0
decoded,5000,0.001,20000,1,20,selected,0.0,0.0,0.0,0.0,0.0,0.0,0.0
decoded,5000,0.001,50000,0,1,neutral,0.0,0.002,0.003,0.006,0.006,0.018,0.061
decoded,5000,0.001,50000,0,1,selected,0.0,0.0,0.03,0.02,0.01,0.0,0.11
decoded,5000,0.001,50000,0,3,neutral,0.0,0.0,0.001,0.001,0.005,0.004,0.013
decoded,5000,0.001,50000,0,3,selected,0.0,0.0,0.02,0.01,0.0,0.0,0.03
decoded,5000,0.001,50000,0,5,neutral,0.0,0.0,0.0,0.0,0.001,0.0,0.006
decoded,5000,0.001,50000,0,5,selected,0.0,0.0,0.01,0.0,0.0,0.0,0.0
decoded,5000,0.001,50000,0,10,neutral,0.0,0.0,0.0,0.0,0.0,0.0,0.0
decoded,5000,0.001,50000,0,10,selected,0.0,0.0,0.0,0.0,0.0,0.0,0.0
decoded,5000,0.001,50000,0,20,neutral,0.0,0.0,0.0,0.0,0.0,0.0,0.0
decoded,5000,0.001,50000,0,20,selected,0.0,0.0,0.0,0.0,0.0,0.0,0.0
decoded,5000,0.001,50000,1,1,neutral,0.0,0.002,0.003,0.006,0.006,0.018,0.057
decoded,5000,0.001,50000,1,1,selected,0.0,0.0,0.03,0.01,0.0,0.0,0.09
decoded,5000,0.001,50000,1,3,neutral,0.0,0.0,0.001,0.001,0.005,0.004,0.014
decoded,5000,0.001,50000,1,3,selected,0.0,0.0,0.02,0.01,0.0,0.0,0.03
decoded,5000,0.001,50000,1,5,neutral,0.0,0.0,0.0,0.0,0.001,0.0,0.007
decoded,5000,0.001,50000,1,5,selected,0.0,0.0,0.01,0.0,0.0,0.0,0.01
decoded,5000,0.001,50000,1,10,neutral,0.0,0.0,0.0,0.0,0.0,0.0,0.0
decoded,5000,0.001,50000,1,10,selected,0.0,0.0,0.01,0.0,0.0,0.0,0.0
decoded,5000,0.001,50000,1,20,neutral,0.0,0.0,0.0,0.0,0.0,0.0,0.0
decoded,5000,0.001,50000,1,20,selected,0.0,0.0,0.0,0.0,0.0,0.0,0.0
decoded,5000,0.01,10000,0,1,neutral,0.011,0.017,0.044,0.081,0.138,0.279,0.926
decoded,5000,0.01,10000,0,1,selected,0.05,0.07,0.23,0.2,0.13,0.24,1.07
decoded,5000,0.01,10000,0,3,neutral,0.006,0.008,0.026,0.035,0.078,0.154,0.509
decoded,5000,0.01,10000,0,3,selected,0.02,0.05,0.15,0.1,0.07,0.12,0.52
decoded,5000,0.01,10000,0,5,neutral,0.003,0.006,0.02,0.02,0.056,0.117,0.376
decoded,5000,0.01,10000,0,5,selected,0.01,0.03,0.14,0.08,0.05,0.06,0.42
decoded,5000,0.01,10000,0,10,neutral,0.001,0.003,0.013,0.013,0.036,0.071,0.191
decoded,5000,0.01,10000,0,10,selected,0.0,0.0,0.11,0.03,0.04,0.03,0.25
decoded,5000,0.01,10000,0,20,neutral,0.0,0.002,0.005,0.005,0.014,0.024,0.063
decoded,5000,0.01,10000,0,20,selected,0.0,0.0,0.06,0.01,0.01,0.01,0.11
decoded,5000,0.01,10000,1,1,neutral,0.01,0.013,0.036,0.062,0.115,0.231,0.754
decoded,5000,0.01,10000,1,1,selected,0.04,0.07,0.2,0.14,0.12,0.17,0.89
decoded,5000,0.01,10000,1,3,neutral,0.005,0.007,0.023,0.031,0.074,0.147,0.484
decoded,5000,0.01,10000,1,3,selected,0.01,0.05,0.15,0.08,0.07,0.1,0.52
decoded,5000,0.01,10000,1,5,neutral,0.002,0.006,0.02,0.018,0.058,0.114,0.385
decoded,5000,0.01,10000,1,5,selected,0.01,0.03,0.14,0.07,0.06,0.07,0.43
decoded,5000,0.01,10000,1,10,neutral,0.001,0.004,0.015,0.014,0.037,0.074,0.203
decoded,5000,0.01,10000,1,10,selected,0.0,0.0,0.12,0.04,0.04,0.03,0.27
decoded,5000,0.01,10000,1,20,neutral,0.0,0.002,0.005,0.006,0.016,0.028,0.074
decoded,5000,0.01,10000,1,20,selected,0.0,0.0,0.06,0.01,0.01,0.01,0.11
decoded,5000,0.01,20000,0,1,neutral,0.006,0.01,0.038,0.055,0.1,0.214,0.688
decoded,5000,0.01,20000,0,1,selected,0.06,0.05,0.19,0.13,0.13,0.16,0.8
decoded,5000,0.01,20000,0,3,neutral,0.002,0.006,0.018,0.017,0.053,0.112,0.365
decoded,5000,0.01,20000,0,3,selected,0.01,0.03,0.14,0.07,0.05,0.07,0.4
decoded,5000,0.01,20000,0,5,neutral,0.001,0.005,0.014,0.014,0.038,0.078,0.213
decoded,5000,0.01,20000,0,5,selected,0.0,0.02,0.12,0.05,0.04,0.04,0.26
decoded,5000,0.01,20000,0,10,neutral,0.0,0.002,0.006,0.006,0.016,0.031,0.076
decoded,5000,0.01,20000,0,10,selected,0.0,0.0,0.06,0.01,0.01,0.01,0.13
decoded,5000,0.01,20000,0,20,neutral,0.0,0.0,0.0,0.0,0.001,0.0,0.003
decoded,5000,0.01,20000,0,20,selected,0.0,0.0,0.01,0.0,0.0,0.0,0.01
decoded,5000,0.01,20000,1,1,neutral,0.006,0.009,0.032,0.043,0.094,0.187,0.599
decoded,5000,0.01,20000,1,1,selected,0.02,0.04,0.18,0.11,0.11,0.15,0.72
decoded,5000,0.01,20000,1,3,neutral,0.002,0.006,0.019,0.018,0.054,0.109,0.361
decoded,5000,0.01,20000,1,3,selected,0.01,0.03,0.13,0.07,0.06,0.08,0.38
decoded,5000,0.01,20000,1,5,neutral,0.001,0.005,0.017,0.014,0.038,0.08,0.226
decoded,5000,0.01,20000,1,5,selected,0.0,0.02,0.11,0.05,0.04,0.04,0.28
decoded,5000,0.01,20000,1,10,neutral,0.0,0.002,0.006,0.007,0.017,0.035,0.082
decoded,5000,0.01,20000,1,10,selected,0.0,0.0,0.07,0.01,0.01,0.01,0.14
decoded,5000,0.01,20000,1,20,neutral,0.0,0.0,0.0,0.0,0.001,0.0,0.004
decoded,5000,0.01,20000,1,20,selected,0.0,0.0,0.01,0.0,0.0,0.0,0.01
decoded,5000,0.01,50000,0,1,neutral,0.002,0.006,0.027,0.033,0.075,0.152,0.497
decoded,5000,0.01,50000,0,1,selected,0.02,0.03,0.14,0.12,0.09,0.11,0.55
decoded,5000,0.01,50000,0,3,neutral,0.0,0.003,0.011,0.015,0.027,0.061,0.166
decoded,5000,0.01,50000,0,3,selected,0.0,0.01,0.09,0.03,0.03,0.03,0.19
decoded,5000,0.01,50000,0,5,neutral,0.0,0.001,0.004,0.008,0.011,0.019,0.056
decoded,5000,0.01,50000,0,5,selected,0.0,0.0,0.07,0.01,0.01,0.0,0.1
decoded,5000,0.01,50000,0,10,neutral,0.0,0.0,0.0,0.0,0.0,0.0,0.0
decoded,5000,0.01,50000,0,10,selected,0.0,0.0,0.01,0.0,0.0,0.0,0.01
decoded,5000,0.01,50000,0,20,neutral,0.0,0.0,0.0,0.0,0.0,0.0,0.0
decoded,5000,0.01,50000,0,20,selected,0.0,0.0,0.0,0.0,0.0,0.0,0.0
decoded,5000,0.01,50000,1,1,neutral,0.002,0.006,0.023,0.029,0.067,0.143,0.452
decoded,5000,0.01,50000,1,1,selected,0.02,0.03,0.13,0.12,0.09,0.11,0.5
decoded,5000,0.01,50000,1,3,neutral,0.0,0.003,0.015,0.014,0.028,0.063,0.18
decoded,5000,0.01,50000,1,3,selected,0.0,0.01,0.09,0.03,0.03,0.03,0.22
decoded,5000,0.01,50000,1,5,neutral,0.0,0.001,0.005,0.008,0.012,0.022,0.059
decoded,5000,0.01,50000,1,5,selected,0.0,0.0,0.07,0.01,0.01,0.0,0.11
decoded,5000,0.01,50000,1,10,neutral,0.0,0.0,0.0,0.0,0.0,0.0,0.001
decoded,5000,0.01,50000,1,10,selected,0.0,0.0,0.01,0.0,0.0,0.0,0.01
decoded,5000,0.01,50000,1,20,neutral,0.0,0.0,0.0,0.0,0.0,0.0,0.0
decoded,5000,0.01,50000,1,20,selected,0.0,0.0,0.0,0.0,0.0,0.0,0.0
decoded,5000,0.05,10000,0,1,neutral,0.05,0.07,0.178,0.311,0.605,1.214,3.705
decoded,5000,0.05,10000,0,1,selected,0.18,0.2,0.4,0.45,0.59,1.25,4.43
decoded,5000,0.05,10000,0,3,neutral,0.027,0.039,0.109,0.186,0.334,0.702,2.105
decoded,5000,0.05,10000,0,3,selected,0.13,0.14,0.28,0.24,0.32,0.72,2.44
decoded,5000,0.05,10000,0,5,neutral,0.022,0.03,0.084,0.141,0.264,0.528,1.566
decoded,5000,0.05,10000,0,5,selected,0.09,0.12,0.26,0.18,0.23,0.47,1.8
decoded,5000,0.05,10000,0,10,neutral,0.012,0.013,0.057,0.08,0.15,0.327,1.004
decoded,5000,0.05,10000,0,10,selected,0.04,0.08,0.21,0.11,0.15,0.27,1.1
decoded,5000,0.05,10000,0,20,neutral,0.006,0.006,0.025,0.033,0.074,0.138,0.455
decoded,5000,0.05,10000,0,20,selected,0.0,0.03,0.14,0.05,0.08,0.07,0.46
decoded,5000,0.05,10000,1,1,neutral,0.039,0.056,0.143,0.262,0.498,0.992,3.048
decoded,5000,0.05,10000,1,1,selected,0.13,0.14,0.31,0.35,0.47,1.08,3.56
decoded,5000,0.05,10000,1,3,neutral,0.024,0.034,0.099,0.181,0.316,0.66,2.016
decoded,5000,0.05,10000,1,3,selected,0.12,0.1,0.24,0.25,0.31,0.72,2.27
decoded,5000,0.05,10000,1,5,neutral,0.022,0.028,0.078,0.144,0.258,0.51,1.579
decoded,5000,0.05,10000,1,5,selected,0.09,0.1,0.24,0.18,0.24,0.48,1.77
decoded,5000,0.05,10000,1,10,neutral,0.013,0.017,0.058,0.084,0.156,0.336,1.042
decoded,5000,0.05,10000,1,10,selected,0.05,0.08,0.19,0.12,0.15,0.28,1.13
decoded,5000,0.05,10000,1,20,neutral,0.008,0.007,0.027,0.034,0.078,0.155,0.49
decoded,5000,0.05,10000,1,20,selected,0.0,0.03,0.12,0.06,0.08,0.09,0.51
decoded,5000,0.05,20000,0,1,neutral,0.038,0.05,0.142,0.233,0.463,0.929,2.865
decoded,5000,0.05,20000,0,1,selected,0.15,0.13,0.3,0.33,0.44,1.01,3.38
decoded,5000,0.05,20000,0,3,neutral,0.024,0.022,0.082,0.131,0.255,0.489,1.506
decoded,5000,0.05,20000,0,3,selected,0.08,0.1,0.23,0.18,0.23,0.45,1.77
decoded,5000,0.05,20000,0,5,neutral,0.015,0.016,0.064,0.084,0.16,0.354,1.052
decoded,5000,0.05,20000,0,5,selected,0.04,0.08,0.19,0.14,0.16,0.26,1.19
decoded,5000,0.05,20000,0,10,neutral,0.006,0.008,0.026,0.036,0.081,0.161,0.488
decoded,5000,0.05,20000,0,10,selected,0.0,0.03,0.12,0.08,0.08,0.08,0.49
decoded,5000,0.05,20000,0,20,neutral,0.001,0.002,0.005,0.007,0.011,0.025,0.054
decoded,5000,0.05,20000,0,20,selected,0.0,0.0,0.05,0.0,0.01,0.01,0.09
decoded,5000,0.05,20000,1,1,neutral,0.03,0.042,0.116,0.193,0.391,0.773,2.46
decoded,5000,0.05,20000,1,1,selected,0.12,0.1,0.26,0.28,0.39,0.85,2.79
decoded,5000,0.05,20000,1,3,neutral,0.022,0.02,0.076,0.122,0.247,0.476,1.489
decoded,5000,0.05,20000,1,3,selected,0.07,0.1,0.22,0.19,0.21,0.47,1.74
decoded,5000,0.05,20000,1,5,neutral,0.015,0.017,0.062,0.093,0.169,0.364,1.093
decoded,5000,0.05,20000,1,5,selected,0.05,0.08,0.18,0.13,0.16,0.3,1.22
decoded,5000,0.05,20000,1,10,neutral,0.008,0.01,0.028,0.04,0.086,0.177,0.52
decoded,5000,0.05,20000,1,10,selected,0.01,0.03,0.11,0.07,0.09,0.1,0.55
decoded,5000,0.05,20000,1,20,neutral,0.001,0.002,0.006,0.009,0.013,0.029,0.061
decoded,5000,0.05,20000,1,20,selected,0.0,0.0,0.04,0.01,0.01,0.01,0.12
decoded,5000,0.05,50000,0,1,neutral,0.016,0.031,0.094,0.166,0.333,0.639,2.043
decoded,5000,0.05,50000,0,1,selected,0.05,0.13,0.24,0.22,0.36,0.7,2.27
decoded,5000,0.05,50000,0,3,neutral,0.007,0.016,0.047,0.067,0.126,0.281,0.891
decoded,5000,0.05,50000,0,3,selected,0.0,0.05,0.2,0.11,0.12,0.24,0.95
decoded,5000,0.05,50000,0,5,neutral,0.001,0.007,0.021,0.032,0.059,0.131,0.365
decoded,5000,0.05,50000,0,5,selected,0.0,0.03,0.14,0.06,0.06,0.07,0.4
decoded,5000,0.05,50000,0,10,neutral,0.0,0.001,0.002,0.004,0.007,0.017,0.028
decoded,5000,0.05,50000,0,10,selected,0.0,0.0,0.04,0.0,0.0,0.01,0.05
decoded,5000,0.05,50000,0,20,neutral,0.0,0.0,0.0,0.0,0.0,0.0,0.001
decoded,5000,0.05,50000,0,20,selected,0.0,0.0,0.0,0.0,0.0,0.0,0.0
decoded,5000,0.05,50000,1,1,neutral,0.016,0.026,0.084,0.152,0.291,0.569,1.84
decoded,5000,0.05,50000,1,1,selected,0.04,0.1,0.22,0.21,0.33,0.64,2.07
decoded,5000,0.05,50000,1,3,neutral,0.007,0.016,0.049,0.076,0.137,0.283,0.916
decoded,5000,0.05,50000,1,3,selected,0.01,0.05,0.18,0.1,0.13,0.23,1.0
decoded,5000,0.05,50000,1,5,neutral,0.002,0.007,0.023,0.034,0.063,0.132,0.394
decoded,5000,0.05,50000,1,5,selected,0.01,0.03,0.13,0.05,0.06,0.07,0.42
decoded,5000,0.05,50000,1,10,neutral,0.0,0.001,0.003,0.005,0.009,0.025,0.034
decoded,5000,0.05,50000,1,10,selected,0.01,0.0,0.04,0.01,0.02,0.01,0.06
decoded,5000,0.05,50000,1,20,neutral,0.0,0.0,0.0,0.0,0.0,0.001,0.002
decoded,5000,0.05,50000,1,20,selected,0.0,0.0,0.0,0.0,0.0,0.0,0.0
decoded,10000,0.001,10000,0,1,neutral,0.002,0.004,0.007,0.008,0.026,0.042,0.129
decoded,10000,0.001,10000,0,1,selected,0.1,0.06,0.07,0.02,0.01,0.03,0.17
decoded,10000,0.001,10000,0,3,neutral,0.001,0.001,0.003,0.006,0.013,0.029,0.075
decoded,10000,0.001,10000,0,3,selected,0.08,0.05,0.03,0.02,0.01,0.0,0.13
decoded,10000,0.001,10000,0,5,neutral,0.0,0.001,0.002,0.003,0.008,0.021,0.049
decoded,10000,0.001,10000,0,5,selected,0.06,0.05,0.02,0.02,0.01,0.0,0.09
decoded,10000,0.001,10000,0,10,neutral,0.0,0.001,0.001,0.001,0.002,0.005,0.016
decoded,10000,0.001,10000,0,10,selected,0.01,0.03,0.0,0.01,0.0,0.0,0.03
decoded,10000,0.001,10000,0,20,neutral,0.0,0.0,0.0,0.0,0.0,0.0,0.0
decoded,10000,0.001,10000,0,20,selected,0.01,0.0,0.0,0.0,0.0,0.0,0.01
decoded,10000,0.001,10000,1,1,neutral,0.002,0.003,0.006,0.007,0.024,0.041,0.119
decoded,10000,0.001,10000,1,1,selected,0.09,0.06,0.07,0.02,0.01,0.03,0.16
decoded,10000,0.001,10000,1,3,neutral,0.001,0.001,0.004,0.006,0.013,0.029,0.074
decoded,10000,0.001,10000,1,3,selected,0.07,0.05,0.03,0.02,0.01,0.0,0.13
decoded,10000,0.001,10000,1,5,neutral,0.0,0.001,0.002,0.004,0.009,0.022,0.051
decoded,10000,0.001,10000,1,5,selected,0.06,0.05,0.02,0.02,0.01,0.0,0.09
decoded,10000,0.001,10000,1,10,neutral,0.0,0.001,0.001,0.001,0.002,0.005,0.018
decoded,10000,0.001,10000,1,10,selected,0.01,0.03,0.0,0.01,0.0,0.0,0.03
decoded,10000,0.001,10000,1,20,neutral,0.0,0.0,0.0,0.0,0.0,0.0,0.0
decoded,10000,0.001,10000,1,20,selected,0.01,0.0,0.0,0.0,0.0,0.0,0.01
decoded,10000,0.001,20000,0,1,neutral,0.002,0.003,0.005,0.006,0.021,0.039,0.106
decoded,10000,0.001,20000,0,1,selected,0.06,0.04,0.09,0.02,0.01,0.03,0.15
decoded,10000,0.001,20000,0,3,neutral,0.0,0.001,0.002,0.004,0.009,0.017,0.046
decoded,10000,0.001,20000,0,3,selected,0.03,0.04,0.03,0.02,0.01,0.0,0.08
decoded,10000,0.001,20000,0,5,neutral,0.0,0.001,0.001,0.001,0.002,0.006,0.02
decoded,10000,0.001,20000,0,5,selected,0.02,0.02,0.02,0.02,0.0,0.0,0.03
decoded,10000,0.001,20000,0,10,neutral,0.0,0.0,0.0,0.0,0.0,0.0,0.0
decoded,10000,0.001,20000,0,10,selected,0.01,0.0,0.0,0.0,0.0,0.0,0.01
decoded,10000,0.001,20000,0,20,neutral,0.0,0.0,0.0,0.0,0.0,0.0,0.0
decoded,10000,0.001,20000,0,20,selected,0.0,0.0,0.0,0.0,0.0,0.0,0.0
decoded,10000,0.001,20000,1,1,neutral,0.002,0.003,0.005,0.005,0.019,0.036,0.098
decoded,10000,0.001,20000,1,1,selected,0.06,0.04,0.08,0.02,0.01,0.02,0.14
decoded,10000,0.001,20000,1,3,neutral,0.0,0.001,0.002,0.003,0.01,0.019,0.049
decoded,10000,0.001,20000,1,3,selected,0.03,0.04,0.03,0.02,0.01,0.0,0.08
decoded,10000,0.001,20000,1,5,neutral,0.0,0.001,0.001,0.001,0.003,0.006,0.023
decoded,10000,0.001,20000,1,5,selected,0.02,0.02,0.03,0.02,0.0,0.0,0.03
decoded,10000,0.001,20000,1,10,neutral,0.0,0.0,0.0,0.0,0.0,0.0,0.0
decoded,10000,0.001,20000,1,10,selected,0.01,0.0,0.0,0.0,0.0,0.0,0.01
decoded,10000,0.001,20000,1,20,neutral,0.0,0.0,0.0,0.0,0.0,0.0,0.0
decoded,10000,0.001,20000,1,20,selected,0.0,0.0,0.0,0.0,0.0,0.0,0.0
decoded,10000,0.001,50000,0,1,neutral,0.0,0.002,0.004,0.006,0.013,0.029,0.076
decoded,10000,0.001,50000,0,1,selected,0.03,0.06,0.08,0.02,0.01,0.0,0.12
decoded,10000,0.001,50000,0,3,neutral,0.0,0.001,0.001,0.0,0.001,0.001,0.009
decoded,10000,0.001,50000,0,3,selected,0.0,0.03,0.02,0.0,0.0,0.0,0.02
decoded,10000,0.001,50000,0,5,neutral,0.0,0.0,0.0,0.0,0.0,0.0,0.0
decoded,10000,0.001,50000,0,5,selected,0.0,0.01,0.0,0.0,0.0,0.0,0.0
decoded,10000,0.001,50000,0,10,neutral,0.0,0.0,0.0,0.0,0.0,0.0,0.0
decoded,10000,0.001,50000,0,10,selected,0.0,0.0,0.0,0.0,0.0,0.0,0.0
decoded,10000,0.001,50000,0,20,neutral,0.0,0.0,0.0,0.0,0.0,0.0,0.0
decoded,10000,0.001,50000,0,20,selected,0.0,0.0,0.0,0.0,0.0,0.0,0.0
decoded,10000,0.001,50000,1,1,neutral,0.0,0.002,0.004,0.005,0.013,0.029,0.075
decoded,10000,0.001,50000,1,1,selected,0.03,0.06,0.07,0.02,0.01,0.0,0.12
decoded,10000,0.001,50000,1,3,neutral,0.0,0.001,0.001,0.001,0.001,0.001,0.01
decoded,10000,0.001,50000,1,3,selected,0.0,0.03,0.03,0.0,0.0,0.0,0.02
decoded,10000,0.001,50000,1,5,neutral,0.0,0.0,0.0,0.0,0.0,0.0,0.0
decoded,10000,0.001,50000,1,5,selected,0.0,0.01,0.0,0.0,0.0,0.0,0.0
decoded,10000,0.001,50000,1,10,neutral,0.0,0.0,0.0,0.0,0.0,0.0,0.0
decoded,10000,0.001,50000,1,10,selected,0.0,0.0,0.0,0.0,0.0,0.0,0.0
decoded,10000,0.001,50000,1,20,neutral,0.0,0.0,0.0,0.0,0.0,0.0,0.0
decoded,10000,0.001,50000,1,20,selected,0.0,0.0,0.0,0.0,0.0,0.0,0.0
decoded,10000,0.01,10000,0,1,neutral,0.015,0.012,0.045,0.072,0.147,0.307,0.927
decoded,10000,0.01,10000,0,1,selected,0.19,0.12,0.3,0.24,0.19,0.2,1.2
decoded,10000,0.01,10000,0,3,neutral,0.014,0.005,0.029,0.051,0.106,0.203,0.62
decoded,10000,0.01,10000,0,3,selected,0.15,0.12,0.22,0.13,0.13,0.1,0.74
decoded,10000,0.01,10000,0,5,neutral,0.011,0.003,0.021,0.038,0.076,0.154,0.479
decoded,10000,0.01,10000,0,5,selected,0.14,0.11,0.19,0.11,0.1,0.08,0.65
decoded,10000,0.01,10000,0,10,neutral,0.007,0.002,0.012,0.019,0.041,0.083,0.244
decoded,10000,0.01,10000,0,10,selected,0.11,0.08,0.1,0.08,0.07,0.03,0.32
decoded,10000,0.01,10000,0,20,neutral,0.001,0.001,0.002,0.002,0.006,0.01,0.032
decoded,10000,0.01,10000,0,20,selected,0.03,0.02,0.04,0.03,0.0,0.0,0.06
decoded,10000,0.01,10000,1,1,neutral,0.012,0.011,0.04,0.065,0.135,0.281,0.823
decoded,10000,0.01,10000,1,1,selected,0.17,0.12,0.25,0.22,0.13,0.16,1.05
decoded,10000,0.01,10000,1,3,neutral,0.012,0.005,0.027,0.047,0.109,0.201,0.615
decoded,10000,0.01,10000,1,3,selected,0.14,0.12,0.21,0.14,0.1,0.09,0.74
decoded,10000,0.01,10000,1,5,neutral,0.011,0.003,0.022,0.037,0.078,0.156,0.492
decoded,10000,0.01,10000,1,5,selected,0.13,0.11,0.17,0.11,0.1,0.08,0.64
decoded,10000,0.01,10000,1,10,neutral,0.008,0.002,0.012,0.018,0.041,0.085,0.254
decoded,10000,0.01,10000,1,10,selected,0.11,0.08,0.09,0.08,0.07,0.04,0.35
decoded,10000,0.01,10000,1,20,neutral,0.001,0.001,0.002,0.003,0.006,0.01,0.035
decoded,10000,0.01,10000,1,20,selected,0.04,0.02,0.04,0.03,0.02,0.0,0.07
decoded,10000,0.01,20000,0,1,neutral,0.011,0.01,0.04,0.059,0.129,0.256,0.788
decoded,10000,0.01,20000,0,1,selected,0.14,0.11,0.27,0.2,0.15,0.12,0.99
decoded,10000,0.01,20000,0,3,neutral,0.01,0.005,0.018,0.034,0.072,0.152,0.457
decoded,10000,0.01,20000,0,3,selected,0.13,0.1,0.2,0.09,0.09,0.06,0.59
decoded,10000,0.01,20000,0,5,neutral,0.009,0.003,0.012,0.02,0.045,0.089,0.272
decoded,10000,0.01,20000,0,5,selected,0.1,0.07,0.12,0.07,0.08,0.04,0.36
decoded,10000,0.01,20000,0,10,neutral,0.001,0.001,0.002,0.004,0.007,0.011,0.038
decoded,10000,0.01,20000,0,10,selected,0.04,0.01,0.07,0.02,0.0,0.0,0.06
decoded,10000,0.01,20000,0,20,neutral,0.0,0.0,0.0,0.0,0.0,0.0,0.001
decoded,10000,0.01,20000,0,20,selected,0.01,0.0,0.0,0.01,0.0,0.0,0.01
decoded,10000,0.01,20000,1,1,neutral,0.011,0.01,0.039,0.052,0.122,0.235,0.724
decoded,10000,0.01,20000,1,1,selected,0.12,0.1,0.24,0.17,0.12,0.11,0.95
decoded,10000,0.01,20000,1,3,neutral,0.01,0.005,0.019,0.035,0.073,0.155,0.467
decoded,10000,0.01,20000,1,3,selected,0.11,0.09,0.2,0.08,0.09,0.06,0.57
decoded,10000,0.01,20000,1,5,neutral,0.009,0.003,0.012,0.02,0.045,0.091,0.282
decoded,10000,0.01,20000,1,5,selected,0.1,0.07,0.13,0.07,0.08,0.04,0.35
decoded,10000,0.01,20000,1,10,neutral,0.001,0.001,0.002,0.004,0.007,0.013,0.041
decoded,10000,0.01,20000,1,10,selected,0.04,0.01,0.07,0.02,0.0,0.0,0.09
decoded,10000,0.01,20000,1,20,neutral,0.0,0.0,0.0,0.0,0.0,0.0,0.001
decoded,10000,0.01,20000,1,20,selected,0.01,0.0,0.0,0.01,0.0,0.0,0.01
decoded,10000,0.01,50000,0,1,neutral,0.004,0.013,0.031,0.046,0.105,0.192,0.622
decoded,10000,0.01,50000,0,1,selected,0.09,0.12,0.25,0.13,0.12,0.1,0.79
decoded,10000,0.01,50000,0,3,neutral,0.0,0.005,0.007,0.013,0.031,0.052,0.145
decoded,10000,0.01,50000,0,3,selected,0.05,0.05,0.1,0.07,0.05,0.03,0.19
decoded,10000,0.01,50000,0,5,neutral,0.0,0.001,0.002,0.001,0.003,0.004,0.019
decoded,10000,0.01,50000,0,5,selected,0.02,0.03,0.05,0.01,0.0,0.0,0.08
decoded,10000,0.01,50000,0,10,neutral,0.0,0.0,0.0,0.0,0.0,0.0,0.001
decoded,10000,0.01,50000,0,10,selected,0.0,0.01,0.0,0.0,0.0,0.0,0.01
decoded,10000,0.01,50000,0,20,neutral,0.0,0.0,0.0,0.0,0.0,0.0,0.0
decoded,10000,0.01,50000,0,20,selected,0.0,0.0,0.0,0.0,0.0,0.0,0.0
decoded,10000,0.01,50000,1,1,neutral,0.004,0.012,0.031,0.045,0.102,0.189,0.599
decoded,10000,0.01,50000,1,1,selected,0.08,0.11,0.22,0.11,0.11,0.1,0.77
decoded,10000,0.01,50000,1,3,neutral,0.0,0.005,0.007,0.013,0.031,0.053,0.153
decoded,10000,0.01,50000,1,3,selected,0.06,0.05,0.09,0.05,0.05,0.03,0.19
decoded,10000,0.01,50000,1,5,neutral,0.0,0.001,0.002,0.002,0.004,0.005,0.021
decoded,10000,0.01,50000,1,5,selected,0.03,0.04,0.05,0.02,0.01,0.0,0.08
decoded,10000,0.01,50000,1,10,neutral,0.0,0.0,0.0,0.0,0.0,0.0,0.002
decoded,10000,0.01,50000,1,10,selected,0.0,0.02,0.0,0.0,0.0,0.0,0.01
decoded,10000,0.01,50000,1,20,neutral,0.0,0.0,0.0,0.0,0.0,0.0,0.0
decoded,10000,0.01,50000,1,20,selected,0.0,0.0,0.0,0.0,0.0,0.0,0.0
decoded,10000,0.05,10000,0,1,neutral,0.064,0.058,0.197,0.323,0.675,1.348,4.022
decoded,10000,0.05,10000,0,1,selected,0.42,0.34,0.43,0.45,0.57,1.27,4.43
decoded,10000,0.05,10000,0,3,neutral,0.049,0.04,0.136,0.241,0.458,0.905,2.728
decoded,10000,0.05,10000,0,3,selected,0.33,0.24,0.35,0.28,0.38,0.91,2.95
decoded,10000,0.05,10000,0,5,neutral,0.039,0.028,0.104,0.187,0.342,0.71,2.167
decoded,10000,0.05,10000,0,5,selected,0.27,0.19,0.3,0.27,0.33,0.7,2.47
decoded,10000,0.05,10000,0,10,neutral,0.023,0.016,0.057,0.109,0.202,0.418,1.248
decoded,10000,0.05,10000,0,10,selected,0.21,0.15,0.22,0.18,0.22,0.35,1.52
decoded,10000,0.05,10000,0,20,neutral,0.006,0.003,0.011,0.024,0.047,0.086,0.254
decoded,10000,0.05,10000,0,20,selected,0.09,0.07,0.12,0.06,0.04,0.04,0.31
decoded,10000,0.05,10000,1,1,neutral,0.063,0.053,0.174,0.291,0.597,1.191,3.591
decoded,10000,0.05,10000,1,1,selected,0.39,0.29,0.41,0.4,0.54,1.1,3.95
decoded,10000,0.05,10000,1,3,neutral,0.048,0.041,0.135,0.231,0.446,0.884,2.658
decoded,10000,0.05,10000,1,3,selected,0.31,0.22,0.34,0.27,0.37,0.86,2.86
decoded,10000,0.05,10000,1,5,neutral,0.038,0.03,0.106,0.191,0.343,0.712,2.162
decoded,10000,0.05,10000,1,5,selected,0.26,0.18,0.31,0.26,0.33,0.72,2.46
decoded,10000,0.05,10000,1,10,neutral,0.024,0.016,0.058,0.112,0.21,0.443,1.279
decoded,10000,0.05,10000,1,10,selected,0.23,0.14,0.22,0.17,0.22,0.37,1.55
decoded,10000,0.05,10000,1,20,neutral,0.007,0.003,0.012,0.025,0.051,0.092,0.288
decoded,10000,0.05,10000,1,20,selected,0.1,0.08,0.12,0.05,0.04,0.05,0.34
decoded,10000,0.05,20000,0,1,neutral,0.06,0.043,0.183,0.26,0.582,1.14,3.409
decoded,10000,0.05,20000,0,1,selected,0.37,0.25,0.45,0.34,0.53,1.09,3.68
decoded,10000,0.05,20000,0,3,neutral,0.038,0.027,0.11,0.169,0.332,0.681,2.081
decoded,10000,0.05,20000,0,3,selected,0.26,0.18,0.36,0.2,0.34,0.68,2.26
decoded,10000,0.05,20000,0,5,neutral,0.024,0.015,0.071,0.109,0.223,0.457,1.37
decoded,10000,0.05,20000,0,5,selected,0.23,0.15,0.25,0.17,0.23,0.42,1.57
decoded,10000,0.05,20000,0,10,neutral,0.005,0.004,0.013,0.026,0.05,0.097,0.295
decoded,10000,0.05,20000,0,10,selected,0.09,0.05,0.15,0.05,0.05,0.04,0.32
decoded,10000,0.05,20000,0,20,neutral,0.0,0.0,0.001,0.001,0.006,0.004,0.014
decoded,10000,0.05,20000,0,20,selected,0.02,0.02,0.04,0.01,0.02,0.0,0.02
decoded,10000,0.05,20000,1,1,neutral,0.055,0.039,0.159,0.233,0.512,1.018,3.103
decoded,10000,0.05,20000,1,1,selected,0.34,0.21,0.39,0.29,0.48,1.0,3.29
decoded,10000,0.05,20000,1,3,neutral,0.04,0.026,0.105,0.17,0.337,0.683,2.066
decoded,10000,0.05,20000,1,3,selected,0.27,0.17,0.32,0.17,0.34,0.69,2.29
decoded,10000,0.05,20000,1,5,neutral,0.025,0.016,0.069,0.112,0.228,0.467,1.389
decoded,10000,0.05,20000,1,5,selected,0.22,0.14,0.24,0.16,0.23,0.44,1.58
decoded,10000,0.05,20000,1,10,neutral,0.007,0.004,0.014,0.029,0.056,0.108,0.336
decoded,10000,0.05,20000,1,10,selected,0.09,0.07,0.17,0.04,0.05,0.05,0.39
decoded,10000,0.05,20000,1,20,neutral,0.001,0.0,0.001,0.002,0.006,0.006,0.024
decoded,10000,0.05,20000,1,20,selected,0.02,0.03,0.04,0.01,0.02,0.0,0.02
decoded,10000,0.05,50000,0,1,neutral,0.017,0.048,0.133,0.212,0.434,0.872,2.646
decoded,10000,0.05,50000,0,1,selected,0.22,0.23,0.38,0.26,0.42,0.9,2.9
decoded,10000,0.05,50000,0,3,neutral,0.007,0.017,0.044,0.071,0.146,0.28,0.875
decoded,10000,0.05,50000,0,3,selected,0.14,0.14,0.23,0.1,0.17,0.19,0.99
decoded,10000,0.05,50000,0,5,neutral,0.001,0.004,0.009,0.019,0.035,0.077,0.207
decoded,10000,0.05,50000,0,5,selected,0.05,0.06,0.14,0.05,0.04,0.05,0.27
decoded,10000,0.05,50000,0,10,neutral,0.0,0.001,0.001,0.0,0.001,0.004,0.007
decoded,10000,0.05,50000,0,10,selected,0.01,0.02,0.0,0.0,0.01,0.0,0.02
decoded,10000,0.05,50000,0,20,neutral,0.0,0.0,0.0,0.0,0.0,0.0,0.0
decoded,10000,0.05,50000,0,20,selected,0.0,0.0,0.0,0.0,0.0,0.0,0.0
decoded,10000,0.05,50000,1,1,neutral,0.016,0.044,0.127,0.197,0.405,0.822,2.487
decoded,10000,0.05,50000,1,1,selected,0.2,0.23,0.34,0.21,0.4,0.88,2.76
decoded,10000,0.05,50000,1,3,neutral,0.007,0.018,0.045,0.077,0.154,0.287,0.895
decoded,10000,0.05,50000,1,3,selected,0.14,0.15,0.23,0.08,0.17,0.19,1.01
decoded,10000,0.05,50000,1,5,neutral,0.001,0.005,0.009,0.024,0.044,0.09,0.244
decoded,10000,0.05,50000,1,5,selected,0.05,0.07,0.14,0.04,0.04,0.05,0.34
decoded,10000,0.05,50000,1,10,neutral,0.0,0.001,0.001,0.0,0.001,0.009,0.015
decoded,10000,0.05,50000,1,10,selected,0.01,0.02,0.02,0.01,0.01,0.0,0.02
decoded,10000,0.05,50000,1,20,neutral,0.0,0.0,0.0,0.0,0.0,0.0,0.0
decoded,10000,0.05,50000,1,20,selected,0.0,0.0,0.0,0.0,0.0,0.0,0.0
decoded,20000,0.001,10000,0,1,neutral,0.002,0.002,0.007,0.02,0.026,0.058,0.196
decoded,20000,0.001,10000,0,1,selected,0.12,0.06,0.05,0.05,0.03,0.03,0.13
decoded,20000,0.001,10000,0,3,neutral,0.001,0.001,0.005,0.004,0.013,0.029,0.086
decoded,20000,0.001,10000,0,3,selected,0.05,0.04,0.02,0.03,0.02,0.02,0.08
decoded,20000,0.001,10000,0,5,neutral,0.001,0.001,0.003,0.002,0.007,0.015,0.047
decoded,20000,0.001,10000,0,5,selected,0.03,0.04,0.01,0.01,0.01,0.01,0.06
decoded,20000,0.001,10000,0,10,neutral,0.0,0.001,0.0,0.0,0.0,0.002,0.006
decoded,20000,0.001,10000,0,10,selected,0.0,0.01,0.0,0.01,0.0,0.0,0.0
decoded,20000,0.001,10000,0,20,neutral,0.0,0.0,0.0,0.0,0.0,0.0,0.0
decoded,20000,0.001,10000,0,20,selected,0.0,0.0,0.0,0.0,0.0,0.0,0.0
decoded,20000,0.001,10000,1,1,neutral,0.002,0.002,0.007,0.018,0.025,0.055,0.189
decoded,20000,0.001,10000,1,1,selected,0.11,0.06,0.05,0.05,0.03,0.03,0.12
decoded,20000,0.001,10000,1,3,neutral,0.001,0.001,0.005,0.004,0.014,0.029,0.088
decoded,20000,0.001,10000,1,3,selected,0.05,0.04,0.02,0.03,0.02,0.02,0.08
decoded,20000,0.001,10000,1,5,neutral,0.001,0.001,0.003,0.002,0.007,0.015,0.047
decoded,20000,0.001,10000,1,5,selected,0.03,0.04,0.01,0.01,0.01,0.01,0.06
decoded,20000,0.001,10000,1,10,neutral,0.0,0.001,0.0,0.0,0.0,0.003,0.006
decoded,20000,0.001,10000,1,10,selected,0.0,0.01,0.0,0.01,0.0,0.0,0.0
decoded,20000,0.001,10000,1,20,neutral,0.0,0.0,0.0,0.0,0.0,0.0,0.0
decoded,20000,0.001,10000,1,20,selected,0.0,0.0,0.0,0.0,0.0,0.0,0.0
decoded,20000,0.001,20000,0,1,neutral,0.001,0.002,0.007,0.014,0.024,0.05,0.157
decoded,20000,0.001,20000,0,1,selected,0.11,0.02,0.03,0.04,0.03,0.03,0.11
decoded,20000,0.001,20000,0,3,neutral,0.001,0.001,0.003,0.002,0.007,0.014,0.04
decoded,20000,0.001,20000,0,3,selected,0.05,0.01,0.02,0.01,0.01,0.01,0.06
decoded,20000,0.001,20000,0,5,neutral,0.0,0.001,0.0,0.001,0.001,0.002,0.006
decoded,20000,0.001,20000,0,5,selected,0.02,0.0,0.0,0.01,0.0,0.0,0.0
decoded,20000,0.001,20000,0,10,neutral,0.0,0.0,0.0,0.0,0.0,0.0,0.0
decoded,20000,0.001,20000,0,10,selected,0.0,0.0,0.0,0.0,0.0,0.0,0.0
decoded,20000,0.001,20000,0,20,neutral,0.0,0.0,0.0,0.0,0.0,0.0,0.0
decoded,20000,0.001,20000,0,20,selected,0.0,0.0,0.0,0.0,0.0,0.0,0.0
decoded,20000,0.001,20000,1,1,neutral,0.001,0.002,0.007,0.013,0.024,0.048,0.15
decoded,20000,0.001,20000,1,1,selected,0.11,0.02,0.03,0.04,0.03,0.03,0.11
decoded,20000,0.001,20000,1,3,neutral,0.001,0.001,0.003,0.002,0.007,0.016,0.043
decoded,20000,0.001,20000,1,3,selected,0.05,0.01,0.02,0.01,0.01,0.01,0.06
decoded,20000,0.001,20000,1,5,neutral,0.0,0.001,0.0,0.001,0.001,0.002,0.006
decoded,20000,0.001,20000,1,5,selected,0.02,0.0,0.0,0.01,0.0,0.0,0.0
decoded,20000,0.001,20000,1,10,neutral,0.0,0.0,0.0,0.0,0.0,0.0,0.0
decoded,20000,0.001,20000,1,10,selected,0.0,0.0,0.0,0.0,0.0,0.0,0.0
decoded,20000,0.001,20000,1,20,neutral,0.0,0.0,0.0,0.0,0.0,0.0,0.0
decoded,20000,0.001,20000,1,20,selected,0.0,0.0,0.0,0.0,0.0,0.0,0.0
decoded,20000,0.001,50000,0,1,neutral,0.001,0.001,0.004,0.008,0.015,0.035,0.1
decoded,20000,0.001,50000,0,1,selected,0.08,0.03,0.03,0.02,0.02,0.04,0.08
decoded,20000,0.001,50000,0,3,neutral,0.0,0.001,0.0,0.0,0.0,0.001,0.001
decoded,20000,0.001,50000,0,3,selected,0.0,0.01,0.0,0.01,0.0,0.0,0.0
decoded,20000,0.001,50000,0,5,neutral,0.0,0.0,0.0,0.0,0.0,0.0,0.0
decoded,20000,0.001,50000,0,5,selected,0.0,0.0,0.0,0.0,0.0,0.0,0.0
decoded,20000,0.001,50000,0,10,neutral,0.0,0.0,0.0,0.0,0.0,0.0,0.0
decoded,20000,0.001,50000,0,10,selected,0.0,0.0,0.0,0.0,0.0,0.0,0.0
decoded,20000,0.001,50000,0,20,neutral,0.0,0.0,0.0,0.0,0.0,0.0,0.0
decoded,20000,0.001,50000,0,20,selected,0.0,0.0,0.0,0.0,0.0,0.0,0.0
decoded,20000,0.001,50000,1,1,neutral,0.001,0.001,0.004,0.008,0.015,0.035,0.099
decoded,20000,0.001,50000,1,1,selected,0.08,0.03,0.03,0.02,0.02,0.04,0.08
decoded,20000,0.001,50000,1,3,neutral,0.0,0.001,0.0,0.0,0.0,0.001,0.001
decoded,20000,0.001,50000,1,3,selected,0.0,0.01,0.0,0.01,0.0,0.0,0.0
decoded,20000,0.001,50000,1,5,neutral,0.0,0.0,0.0,0.0,0.0,0.0,0.0
decoded,20000,0.001,50000,1,5,selected,0.0,0.0,0.0,0.0,0.0,0.0,0.0
decoded,20000,0.001,50000,1,10,neutral,0.0,0.0,0.0,0.0,0.0,0.0,0.0
decoded,20000,0.001,50000,1,10,selected,0.0,0.0,0.0,0.0,0.0,0.0,0.0
decoded,20000,0.001,50000,1,20,neutral,0.0,0.0,0.0,0.0,0.0,0.0,0.0
decoded,20000,0.001,50000,1,20,selected,0.0,0.0,0.0,0.0,0.0,0.0,0.0
decoded,20000,0.01,10000,0,1,neutral,0.018,0.022,0.062,0.112,0.216,0.434,1.247
decoded,20000,0.01,10000,0,1,selected,0.31,0.24,0.28,0.18,0.21,0.37,1.22
decoded,20000,0.01,10000,0,3,neutral,0.012,0.009,0.035,0.067,0.132,0.267,0.82
decoded,20000,0.01,10000,0,3,selected,0.26,0.16,0.18,0.13,0.13,0.21,0.79
decoded,20000,0.01,10000,0,5,neutral,0.011,0.007,0.025,0.042,0.094,0.185,0.553
decoded,20000,0.01,10000,0,5,selected,0.21,0.13,0.13,0.1,0.1,0.13,0.51
decoded,20000,0.01,10000,0,10,neutral,0.004,0.002,0.007,0.011,0.018,0.043,0.13
decoded,20000,0.01,10000,0,10,selected,0.1,0.07,0.03,0.04,0.03,0.01,0.11
decoded,20000,0.01,10000,0,20,neutral,0.001,0.001,0.001,0.001,0.001,0.004,0.01
decoded,20000,0.01,10000,0,20,selected,0.03,0.03,0.0,0.0,0.0,0.0,0.02
decoded,20000,0.01,10000,1,1,neutral,0.017,0.02,0.057,0.101,0.203,0.396,1.157
decoded,20000,0.01,10000,1,1,selected,0.3,0.24,0.26,0.17,0.2,0.32,1.17
decoded,20000,0.01,10000,1,3,neutral,0.013,0.009,0.034,0.071,0.132,0.27,0.819
decoded,20000,0.01,10000,1,3,selected,0.26,0.16,0.17,0.13,0.14,0.24,0.81
decoded,20000,0.01,10000,1,5,neutral,0.011,0.007,0.027,0.044,0.095,0.186,0.564
decoded,20000,0.01,10000,1,5,selected,0.21,0.13,0.12,0.1,0.1,0.13,0.52
decoded,20000,0.01,10000,1,10,neutral,0.004,0.002,0.008,0.011,0.018,0.046,0.14
decoded,20000,0.01,10000,1,10,selected,0.11,0.07,0.03,0.04,0.03,0.01,0.11
decoded,20000,0.01,10000,1,20,neutral,0.001,0.001,0.001,0.001,0.001,0.005,0.012
decoded,20000,0.01,10000,1,20,selected,0.03,0.03,0.0,0.0,0.0,0.0,0.02
decoded,20000,0.01,20000,0,1,neutral,0.017,0.011,0.061,0.091,0.19,0.357,1.072
decoded,20000,0.01,20000,0,1,selected,0.33,0.17,0.28,0.15,0.17,0.31,1.05
decoded,20000,0.01,20000,0,3,neutral,0.012,0.003,0.025,0.036,0.086,0.155,0.497
decoded,20000,0.01,20000,0,3,selected,0.23,0.1,0.13,0.1,0.07,0.13,0.43
decoded,20000,0.01,20000,0,5,neutral,0.004,0.001,0.009,0.011,0.026,0.056,0.155
decoded,20000,0.01,20000,0,5,selected,0.14,0.04,0.04,0.05,0.03,0.01,0.11
decoded,20000,0.01,20000,0,10,neutral,0.001,0.001,0.001,0.001,0.001,0.005,0.012
decoded,20000,0.01,20000,0,10,selected,0.04,0.02,0.0,0.0,0.0,0.0,0.02
decoded,20000,0.01,20000,0,20,neutral,0.0,0.0,0.0,0.0,0.0,0.0,0.0
decoded,20000,0.01,20000,0,20,selected,0.0,0.0,0.0,0.0,0.0,0.0,0.0
decoded,20000,0.01,20000,1,1,neutral,0.016,0.009,0.054,0.086,0.176,0.332,1.014
decoded,20000,0.01,20000,1,1,selected,0.32,0.12,0.22,0.15,0.14,0.3,0.99
decoded,20000,0.01,20000,1,3,neutral,0.013,0.004,0.027,0.036,0.085,0.159,0.5
decoded,20000,0.01,20000,1,3,selected,0.25,0.07,0.14,0.1,0.06,0.13,0.43
decoded,20000,0.01,20000,1,5,neutral,0.004,0.001,0.011,0.012,0.029,0.06,0.169
decoded,20000,0.01,20000,1,5,selected,0.15,0.04,0.07,0.05,0.03,0.02,0.12
decoded,20000,0.01,20000,1,10,neutral,0.001,0.001,0.001,0.001,0.002,0.006,0.017
decoded,20000,0.01,20000,1,10,selected,0.04,0.01,0.0,0.01,0.01,0.0,0.03
decoded,20000,0.01,20000,1,20,neutral,0.0,0.0,0.0,0.0,0.0,0.0,0.0
decoded,20000,0.01,20000,1,20,selected,0.0,0.0,0.0,0.01,0.0,0.0,0.0
decoded,20000,0.01,50000,0,1,neutral,0.005,0.011,0.036,0.072,0.134,0.263,0.824
decoded,20000,0.01,50000,0,1,selected,0.19,0.19,0.17,0.14,0.13,0.23,0.81
decoded,20000,0.01,50000,0,3,neutral,0.001,0.003,0.001,0.003,0.012,0.035,0.081
decoded,20000,0.01,50000,0,3,selected,0.06,0.08,0.03,0.03,0.0,0.02,0.06
decoded,20000,0.01,50000,0,5,neutral,0.0,0.002,0.0,0.002,0.0,0.001,0.005
decoded,20000,0.01,50000,0,5,selected,0.02,0.04,0.0,0.0,0.0,0.0,0.03
decoded,20000,0.01,50000,0,10,neutral,0.0,0.0,0.0,0.0,0.0,0.0,0.0
decoded,20000,0.01,50000,0,10,selected,0.0,0.0,0.0,0.0,0.0,0.0,0.0
decoded,20000,0.01,50000,0,20,neutral,0.0,0.0,0.0,0.0,0.0,0.0,0.0
decoded,20000,0.01,50000,0,20,selected,0.0,0.0,0.0,0.0,0.0,0.0,0.0
decoded,20000,0.01,50000,1,1,neutral,0.005,0.011,0.035,0.069,0.13,0.252,0.789
decoded,20000,0.01,50000,1,1,selected,0.18,0.17,0.12,0.14,0.13,0.21,0.79
decoded,20000,0.01,50000,1,3,neutral,0.001,0.003,0.001,0.004,0.013,0.041,0.095
decoded,20000,0.01,50000,1,3,selected,0.06,0.07,0.04,0.03,0.0,0.03,0.07
decoded,20000,0.01,50000,1,5,neutral,0.0,0.002,0.001,0.002,0.001,0.001,0.007
decoded,20000,0.01,50000,1,5,selected,0.03,0.03,0.0,0.01,0.0,0.01,0.03
decoded,20000,0.01,50000,1,10,neutral,0.0,0.0,0.0,0.0,0.0,0.0,0.0
decoded,20000,0.01,50000,1,10,selected,0.0,0.0,0.0,0.01,0.0,0.0,0.0
decoded,20000,0.01,50000,1,20,neutral,0.0,0.0,0.0,0.0,0.0,0.0,0.0
decoded,20000,0.01,50000,1,20,selected,0.0,0.0,0.0,0.0,0.0,0.0,0.0
decoded,20000,0.05,10000,0,1,neutral,0.085,0.094,0.283,0.465,0.877,1.729,5.245
decoded,20000,0.05,10000,0,1,selected,0.56,0.35,0.54,0.58,0.86,1.44,5.41
decoded,20000,0.05,10000,0,3,neutral,0.059,0.058,0.193,0.315,0.599,1.207,3.613
decoded,20000,0.05,10000,0,3,selected,0.48,0.28,0.32,0.39,0.57,1.09,3.63
decoded,20000,0.05,10000,0,5,neutral,0.044,0.04,0.13,0.222,0.443,0.894,2.63
decoded,20000,0.05,10000,0,5,selected,0.41,0.25,0.24,0.27,0.42,0.83,2.59
decoded,20000,0.05,10000,0,10,neutral,0.017,0.015,0.035,0.058,0.156,0.277,0.872
decoded,20000,0.05,10000,0,10,selected,0.28,0.14,0.13,0.12,0.16,0.17,0.8
decoded,20000,0.05,10000,0,20,neutral,0.004,0.002,0.005,0.008,0.019,0.04,0.132
decoded,20000,0.05,10000,0,20,selected,0.12,0.09,0.04,0.01,0.03,0.04,0.09
decoded,20000,0.05,10000,1,1,neutral,0.077,0.082,0.261,0.425,0.784,1.559,4.762
decoded,20000,0.05,10000,1,1,selected,0.52,0.31,0.39,0.55,0.74,1.28,4.89
decoded,20000,0.05,10000,1,3,neutral,0.062,0.056,0.191,0.308,0.584,1.179,3.54
decoded,20000,0.05,10000,1,3,selected,0.48,0.27,0.26,0.39,0.56,1.01,3.57
decoded,20000,0.05,10000,1,5,neutral,0.049,0.039,0.132,0.227,0.446,0.89,2.628
decoded,20000,0.05,10000,1,5,selected,0.41,0.25,0.21,0.27,0.41,0.77,2.59
decoded,20000,0.05,10000,1,10,neutral,0.017,0.015,0.038,0.065,0.171,0.291,0.921
decoded,20000,0.05,10000,1,10,selected,0.29,0.15,0.14,0.13,0.17,0.23,0.86
decoded,20000,0.05,10000,1,20,neutral,0.004,0.003,0.005,0.011,0.02,0.045,0.158
decoded,20000,0.05,10000,1,20,selected,0.12,0.1,0.04,0.02,0.04,0.04,0.12
decoded,20000,0.05,20000,0,1,neutral,0.079,0.061,0.253,0.382,0.743,1.491,4.504
decoded,20000,0.05,20000,0,1,selected,0.54,0.24,0.45,0.49,0.75,1.28,4.62
decoded,20000,0.05,20000,0,3,neutral,0.047,0.027,0.125,0.197,0.41,0.818,2.434
decoded,20000,0.05,20000,0,3,selected,0.43,0.18,0.25,0.22,0.37,0.73,2.39
decoded,20000,0.05,20000,0,5,neutral,0.021,0.011,0.044,0.069,0.18,0.305,1.002
decoded,20000,0.05,20000,0,5,selected,0.32,0.13,0.15,0.11,0.16,0.24,0.91
decoded,20000,0.05,20000,0,10,neutral,0.004,0.003,0.008,0.009,0.023,0.048,0.159
decoded,20000,0.05,20000,0,10,selected,0.15,0.05,0.07,0.01,0.04,0.04,0.09
decoded,20000,0.05,20000,0,20,neutral,0.0,0.0,0.0,0.0,0.001,0.004,0.003
decoded,20000,0.05,20000,0,20,selected,0.02,0.02,0.0,0.01,0.01,0.0,0.01
decoded,20000,0.05,20000,1,1,neutral,0.077,0.055,0.238,0.338,0.678,1.369,4.111
decoded,20000,0.05,20000,1,1,selected,0.52,0.22,0.37,0.44,0.67,1.18,4.18
decoded,20000,0.05,20000,1,3,neutral,0.049,0.028,0.127,0.196,0.4,0.802,2.414
decoded,20000,0.05,20000,1,3,selected,0.42,0.18,0.24,0.21,0.35,0.74,2.38
decoded,20000,0.05,20000,1,5,neutral,0.021,0.012,0.046,0.077,0.195,0.327,1.06
decoded,20000,0.05,20000,1,5,selected,0.32,0.13,0.17,0.12,0.15,0.27,0.96
decoded,20000,0.05,20000,1,10,neutral,0.004,0.003,0.009,0.011,0.03,0.059,0.198
decoded,20000,0.05,20000,1,10,selected,0.15,0.06,0.08,0.01,0.04,0.05,0.17
decoded,20000,0.05,20000,1,20,neutral,0.0,0.0,0.0,0.0,0.002,0.006,0.005
decoded,20000,0.05,20000,1,20,selected,0.03,0.02,0.0,0.01,0.01,0.0,0.01
decoded,20000,0.05,50000,0,1,neutral,0.033,0.061,0.175,0.293,0.587,1.149,3.492
decoded,20000,0.05,50000,0,1,selected,0.32,0.27,0.31,0.35,0.55,0.97,3.54
decoded,20000,0.05,50000,0,3,neutral,0.005,0.01,0.024,0.05,0.099,0.187,0.594
decoded,20000,0.05,50000,0,3,selected,0.14,0.16,0.13,0.1,0.09,0.15,0.49
decoded,20000,0.05,50000,0,5,neutral,0.001,0.003,0.004,0.006,0.018,0.038,0.106
decoded,20000,0.05,50000,0,5,selected,0.07,0.12,0.05,0.04,0.02,0.02,0.12
decoded,20000,0.05,50000,0,10,neutral,0.0,0.0,0.0,0.0,0.001,0.002,0.002
decoded,20000,0.05,50000,0,10,selected,0.0,0.0,0.0,0.01,0.0,0.01,0.0
decoded,20000,0.05,50000,0,20,neutral,0.0,0.0,0.0,0.0,0.0,0.0,0.0
decoded,20000,0.05,50000,0,20,selected,0.0,0.0,0.0,0.0,0.0,0.0,0.0
decoded,20000,0.05,50000,1,1,neutral,0.03,0.06,0.16,0.269,0.533,1.067,3.241
decoded,20000,0.05,50000,1,1,selected,0.31,0.25,0.21,0.26,0.51,0.93,3.23
decoded,20000,0.05,50000,1,3,neutral,0.006,0.012,0.028,0.057,0.117,0.21,0.676
decoded,20000,0.05,50000,1,3,selected,0.17,0.17,0.11,0.08,0.09,0.19,0.57
decoded,20000,0.05,50000,1,5,neutral,0.001,0.004,0.007,0.008,0.023,0.049,0.144
decoded,20000,0.05,50000,1,5,selected,0.09,0.13,0.05,0.04,0.02,0.05,0.19
decoded,20000,0.05,50000,1,10,neutral,0.0,0.0,0.0,0.0,0.001,0.002,0.005
decoded,20000,0.05,50000,1,10,selected,0.0,0.02,0.01,0.01,0.0,0.01,0.0
decoded,20000,0.05,50000,1,20,neutral,0.0,0.0,0.0,0.0,0.0,0.0,0.0
decoded,20000,0.05,50000,1,20,selected,0.0,0.0,0.0,0.0,0.0,0.0,0.0
decoded,30000,0.001,10000,0,1,neutral,0.002,0.002,0.008,0.016,0.036,0.084,0.227
decoded,30000,0.001,10000,0,1,selected,0.13,0.05,0.04,0.04,0.04,0.08,0.15
decoded,30000,0.001,10000,0,3,neutral,0.002,0.001,0.004,0.009,0.014,0.036,0.098
decoded,30000,0.001,10000,0,3,selected,0.1,0.02,0.01,0.03,0.01,0.02,0.08
decoded,30000,0.001,10000,0,5,neutral,0.001,0.001,0.003,0.003,0.007,0.009,0.033
decoded,30000,0.001,10000,0,5,selected,0.06,0.01,0.0,0.02,0.0,0.02,0.03
decoded,30000,0.001,10000,0,10,neutral,0.0,0.001,0.0,0.0,0.0,0.0,0.002
decoded,30000,0.001,10000,0,10,selected,0.0,0.01,0.0,0.01,0.0,0.0,0.0
decoded,30000,0.001,10000,0,20,neutral,0.0,0.0,0.0,0.0,0.0,0.0,0.0
decoded,30000,0.001,10000,0,20,selected,0.0,0.0,0.0,0.0,0.0,0.0,0.0
decoded,30000,0.001,10000,1,1,neutral,0.002,0.002,0.008,0.015,0.035,0.08,0.215
decoded,30000,0.001,10000,1,1,selected,0.12,0.05,0.04,0.04,0.03,0.08,0.15
decoded,30000,0.001,10000,1,3,neutral,0.002,0.001,0.004,0.008,0.014,0.036,0.099
decoded,30000,0.001,10000,1,3,selected,0.1,0.02,0.01,0.03,0.01,0.02,0.08
decoded,30000,0.001,10000,1,5,neutral,0.001,0.001,0.003,0.004,0.007,0.01,0.035
decoded,30000,0.001,10000,1,5,selected,0.07,0.01,0.0,0.02,0.01,0.02,0.03
decoded,30000,0.001,10000,1,10,neutral,0.0,0.001,0.0,0.0,0.0,0.0,0.002
decoded,30000,0.001,10000,1,10,selected,0.0,0.01,0.0,0.01,0.0,0.0,0.0
decoded,30000,0.001,10000,1,20,neutral,0.0,0.0,0.0,0.0,0.0,0.0,0.0
decoded,30000,0.001,10000,1,20,selected,0.0,0.0,0.0,0.0,0.0,0.0,0.0
decoded,30000,0.001,20000,0,1,neutral,0.002,0.002,0.008,0.012,0.031,0.062,0.175
decoded,30000,0.001,20000,0,1,selected,0.14,0.01,0.02,0.04,0.03,0.08,0.13
decoded,30000,0.001,20000,0,3,neutral,0.001,0.001,0.002,0.004,0.006,0.005,0.03
decoded,30000,0.001,20000,0,3,selected,0.06,0.0,0.0,0.02,0.0,0.01,0.01
decoded,30000,0.001,20000,0,5,neutral,0.0,0.001,0.0,0.0,0.0,0.001,0.002
decoded,30000,0.001,20000,0,5,selected,0.01,0.0,0.0,0.01,0.0,0.0,0.0
decoded,30000,0.001,20000,0,10,neutral,0.0,0.0,0.0,0.0,0.0,0.0,0.0
decoded,30000,0.001,20000,0,10,selected,0.0,0.0,0.0,0.0,0.0,0.0,0.0
decoded,30000,0.001,20000,0,20,neutral,0.0,0.0,0.0,0.0,0.0,0.0,0.0
decoded,30000,0.001,20000,0,20,selected,0.0,0.0,0.0,0.0,0.0,0.0,0.0
decoded,30000,0.001,20000,1,1,neutral,0.002,0.002,0.008,0.012,0.03,0.056,0.168
decoded,30000,0.001,20000,1,1,selected,0.13,0.01,0.02,0.04,0.03,0.07,0.13
decoded,30000,0.001,20000,1,3,neutral,0.001,0.001,0.002,0.004,0.006,0.007,0.031
decoded,30000,0.001,20000,1,3,selected,0.07,0.0,0.0,0.02,0.0,0.01,0.01
decoded,30000,0.001,20000,1,5,neutral,0.0,0.001,0.0,0.0,0.0,0.002,0.002
decoded,30000,0.001,20000,1,5,selected,0.01,0.0,0.0,0.01,0.0,0.0,0.0
decoded,30000,0.001,20000,1,10,neutral,0.0,0.0,0.0,0.0,0.0,0.0,0.0
decoded,30000,0.001,20000,1,10,selected,0.0,0.0,0.0,0.0,0.0,0.0,0.0
decoded,30000,0.001,20000,1,20,neutral,0.0,0.0,0.0,0.0,0.0,0.0,0.0
decoded,30000,0.001,20000,1,20,selected,0.0,0.0,0.0,0.0,0.0,0.0,0.0
decoded,30000,0.001,50000,0,1,neutral,0.001,0.001,0.006,0.008,0.016,0.033,0.101
decoded,30000,0.001,50000,0,1,selected,0.07,0.07,0.0,0.03,0.0,0.04,0.1
decoded,30000,0.001,50000,0,3,neutral,0.0,0.0,0.0,0.0,0.0,0.002,0.001
decoded,30000,0.001,50000,0,3,selected,0.0,0.0,0.0,0.01,0.0,0.0,0.0
decoded,30000,0.001,50000,0,5,neutral,0.0,0.0,0.0,0.0,0.0,0.0,0.0
decoded,30000,0.001,50000,0,5,selected,0.0,0.0,0.0,0.0,0.0,0.0,0.0
decoded,30000,0.001,50000,0,10,neutral,0.0,0.0,0.0,0.0,0.0,0.0,0.0
decoded,30000,0.001,50000,0,10,selected,0.0,0.0,0.0,0.0,0.0,0.0,0.0
decoded,30000,0.001,50000,0,20,neutral,0.0,0.0,0.0,0.0,0.0,0.0,0.0
decoded,30000,0.001,50000,0,20,selected,0.0,0.0,0.0,0.0,0.0,0.0,0.0
decoded,30000,0.001,50000,1,1,neutral,0.001,0.001,0.006,0.008,0.016,0.033,0.1
decoded,30000,0.001,50000,1,1,selected,0.07,0.07,0.0,0.03,0.0,0.04,0.1
decoded,30000,0.001,50000,1,3,neutral,0.0,0.0,0.0,0.0,0.0,0.002,0.001
decoded,30000,0.001,50000,1,3,selected,0.0,0.0,0.0,0.01,0.0,0.0,0.0
decoded,30000,0.001,50000,1,5,neutral,0.0,0.0,0.0,0.0,0.0,0.0,0.0
decoded,30000,0.001,50000,1,5,selected,0.0,0.0,0.0,0.0,0.0,0.0,0.0
decoded,30000,0.001,50000,1,10,neutral,0.0,0.0,0.0,0.0,0.0,0.0,0.0
decoded,30000,0.001,50000,1,10,selected,0.0,0.0,0.0,0.0,0.0,0.0,0.0
decoded,30000,0.001,50000,1,20,neutral,0.0,0.0,0.0,0.0,0.0,0.0,0.0
decoded,30000,0.001,50000,1,20,selected,0.0,0.0,0.0,0.0,0.0,0.0,0.0
decoded,30000,0.01,10000,0,1,neutral,0.019,0.025,0.073,0.144,0.266,0.526,1.562
decoded,30000,0.01,10000,0,1,selected,0.42,0.18,0.28,0.2,0.25,0.5,1.48
decoded,30000,0.01,10000,0,3,neutral,0.013,0.016,0.043,0.085,0.16,0.307,0.918
decoded,30000,0.01,10000,0,3,selected,0.32,0.13,0.13,0.11,0.12,0.3,0.8
decoded,30000,0.01,10000,0,5,neutral,0.008,0.008,0.016,0.038,0.077,0.144,0.496
decoded,30000,0.01,10000,0,5,selected,0.25,0.05,0.05,0.05,0.04,0.15,0.32
decoded,30000,0.01,10000,0,10,neutral,0.003,0.002,0.007,0.004,0.012,0.027,0.081
decoded,30000,0.01,10000,0,10,selected,0.14,0.04,0.01,0.01,0.01,0.01,0.05
decoded,30000,0.01,10000,0,20,neutral,0.0,0.001,0.001,0.0,0.0,0.003,0.003
decoded,30000,0.01,10000,0,20,selected,0.03,0.01,0.0,0.0,0.0,0.0,0.0
decoded,30000,0.01,10000,1,1,neutral,0.017,0.022,0.067,0.137,0.248,0.488,1.425
decoded,30000,0.01,10000,1,1,selected,0.39,0.17,0.24,0.17,0.23,0.44,1.4
decoded,30000,0.01,10000,1,3,neutral,0.013,0.014,0.041,0.084,0.159,0.307,0.909
decoded,30000,0.01,10000,1,3,selected,0.32,0.12,0.12,0.11,0.12,0.33,0.8
decoded,30000,0.01,10000,1,5,neutral,0.009,0.007,0.017,0.039,0.079,0.152,0.516
decoded,30000,0.01,10000,1,5,selected,0.25,0.05,0.05,0.08,0.04,0.15,0.33
decoded,30000,0.01,10000,1,10,neutral,0.004,0.001,0.009,0.005,0.015,0.031,0.098
decoded,30000,0.01,10000,1,10,selected,0.14,0.04,0.01,0.01,0.01,0.01,0.06
decoded,30000,0.01,10000,1,20,neutral,0.0,0.001,0.001,0.0,0.0,0.003,0.007
decoded,30000,0.01,10000,1,20,selected,0.03,0.01,0.0,0.0,0.0,0.0,0.0
decoded,30000,0.01,20000,0,1,neutral,0.018,0.013,0.065,0.113,0.231,0.44,1.315
decoded,30000,0.01,20000,0,1,selected,0.39,0.12,0.26,0.15,0.22,0.4,1.2
decoded,30000,0.01,20000,0,3,neutral,0.009,0.005,0.016,0.029,0.071,0.121,0.426
decoded,30000,0.01,20000,0,3,selected,0.22,0.02,0.08,0.05,0.04,0.14,0.27
decoded,30000,0.01,20000,0,5,neutral,0.004,0.002,0.009,0.003,0.02,0.034,0.108
decoded,30000,0.01,20000,0,5,selected,0.15,0.02,0.03,0.01,0.02,0.01,0.07
decoded,30000,0.01,20000,0,10,neutral,0.0,0.001,0.001,0.0,0.001,0.002,0.004
decoded,30000,0.01,20000,0,10,selected,0.05,0.0,0.0,0.0,0.0,0.0,0.0
decoded,30000,0.01,20000,0,20,neutral,0.0,0.0,0.0,0.0,0.0,0.0,0.0
decoded,30000,0.01,20000,0,20,selected,0.0,0.0,0.0,0.0,0.0,0.0,0.0
decoded,30000,0.01,20000,1,1,neutral,0.018,0.012,0.062,0.11,0.218,0.416,1.217
decoded,30000,0.01,20000,1,1,selected,0.38,0.1,0.21,0.14,0.18,0.35,1.13
decoded,30000,0.01,20000,1,3,neutral,0.01,0.004,0.016,0.031,0.073,0.13,0.447
decoded,30000,0.01,20000,1,3,selected,0.24,0.02,0.07,0.06,0.05,0.14,0.29
decoded,30000,0.01,20000,1,5,neutral,0.005,0.001,0.009,0.003,0.023,0.039,0.128
decoded,30000,0.01,20000,1,5,selected,0.15,0.02,0.04,0.01,0.02,0.02,0.09
decoded,30000,0.01,20000,1,10,neutral,0.001,0.001,0.001,0.0,0.001,0.003,0.009
decoded,30000,0.01,20000,1,10,selected,0.06,0.0,0.0,0.0,0.0,0.0,0.01
decoded,30000,0.01,20000,1,20,neutral,0.0,0.0,0.0,0.0,0.0,0.0,0.0
decoded,30000,0.01,20000,1,20,selected,0.0,0.0,0.0,0.0,0.0,0.0,0.0
decoded,30000,0.01,50000,0,1,neutral,0.007,0.012,0.045,0.079,0.16,0.294,0.898
decoded,30000,0.01,50000,0,1,selected,0.22,0.15,0.13,0.09,0.1,0.27,0.84
decoded,30000,0.01,50000,0,3,neutral,0.0,0.002,0.004,0.001,0.007,0.019,0.062
decoded,30000,0.01,50000,0,3,selected,0.03,0.08,0.03,0.02,0.0,0.02,0.03
decoded,30000,0.01,50000,0,5,neutral,0.0,0.0,0.001,0.0,0.0,0.001,0.002
decoded,30000,0.01,50000,0,5,selected,0.01,0.04,0.0,0.0,0.0,0.0,0.01
decoded,30000,0.01,50000,0,10,neutral,0.0,0.0,0.0,0.0,0.0,0.0,0.0
decoded,30000,0.01,50000,0,10,selected,0.0,0.0,0.0,0.0,0.0,0.0,0.0
decoded,30000,0.01,50000,0,20,neutral,0.0,0.0,0.0,0.0,0.0,0.0,0.0
decoded,30000,0.01,50000,0,20,selected,0.0,0.0,0.0,0.0,0.0,0.0,0.0
decoded,30000,0.01,50000,1,1,neutral,0.007,0.012,0.043,0.076,0.156,0.288,0.866
decoded,30000,0.01,50000,1,1,selected,0.21,0.14,0.12,0.09,0.1,0.24,0.8
decoded,30000,0.01,50000,1,3,neutral,0.001,0.002,0.004,0.002,0.008,0.023,0.077
decoded,30000,0.01,50000,1,3,selected,0.03,0.08,0.03,0.02,0.0,0.03,0.04
decoded,30000,0.01,50000,1,5,neutral,0.0,0.0,0.002,0.0,0.0,0.001,0.002
decoded,30000,0.01,50000,1,5,selected,0.01,0.04,0.0,0.0,0.0,0.0,0.01
decoded,30000,0.01,50000,1,10,neutral,0.0,0.0,0.0,0.0,0.0,0.0,0.0
decoded,30000,0.01,50000,1,10,selected,0.0,0.0,0.0,0.0,0.0,0.0,0.0
decoded,30000,0.01,50000,1,20,neutral,0.0,0.0,0.0,0.0,0.0,0.0,0.0
decoded,30000,0.01,50000,1,20,selected,0.0,0.0,0.0,0.0,0.0,0.0,0.0
decoded,30000,0.05,10000,0,1,neutral,0.095,0.115,0.328,0.608,1.084,2.122,6.344
decoded,30000,0.05,10000,0,1,selected,0.64,0.35,0.54,0.54,0.89,1.95,6.43
decoded,30000,0.05,10000,0,3,neutral,0.065,0.063,0.216,0.368,0.705,1.401,4.164
decoded,30000,0.05,10000,0,3,selected,0.53,0.24,0.32,0.38,0.56,1.17,4.03
decoded,30000,0.05,10000,0,5,neutral,0.039,0.037,0.121,0.205,0.415,0.826,2.408
decoded,30000,0.05,10000,0,5,selected,0.45,0.2,0.21,0.23,0.33,0.65,2.25
decoded,30000,0.05,10000,0,10,neutral,0.011,0.007,0.033,0.042,0.107,0.219,0.672
decoded,30000,0.05,10000,0,10,selected,0.29,0.09,0.11,0.09,0.06,0.16,0.57
decoded,30000,0.05,10000,0,20,neutral,0.004,0.001,0.002,0.0,0.012,0.03,0.095
decoded,30000,0.05,10000,0,20,selected,0.1,0.04,0.04,0.02,0.03,0.02,0.05
decoded,30000,0.05,10000,1,1,neutral,0.083,0.098,0.301,0.559,0.987,1.926,5.762
decoded,30000,0.05,10000,1,1,selected,0.61,0.24,0.47,0.49,0.83,1.8,5.77
decoded,30000,0.05,10000,1,3,neutral,0.065,0.058,0.213,0.36,0.687,1.371,4.066
decoded,30000,0.05,10000,1,3,selected,0.52,0.18,0.32,0.39,0.55,1.17,3.91
decoded,30000,0.05,10000,1,5,neutral,0.043,0.038,0.133,0.206,0.427,0.833,2.447
decoded,30000,0.05,10000,1,5,selected,0.46,0.16,0.22,0.23,0.35,0.66,2.34
decoded,30000,0.05,10000,1,10,neutral,0.013,0.007,0.035,0.045,0.118,0.246,0.745
decoded,30000,0.05,10000,1,10,selected,0.31,0.09,0.11,0.09,0.07,0.17,0.65
decoded,30000,0.05,10000,1,20,neutral,0.005,0.002,0.002,0.004,0.018,0.033,0.115
decoded,30000,0.05,10000,1,20,selected,0.11,0.06,0.04,0.02,0.03,0.02,0.06
decoded,30000,0.05,20000,0,1,neutral,0.092,0.071,0.309,0.482,0.928,1.813,5.44
decoded,30000,0.05,20000,0,1,selected,0.62,0.2,0.47,0.46,0.82,1.63,5.5
decoded,30000,0.05,20000,0,3,neutral,0.044,0.025,0.12,0.168,0.374,0.74,2.167
decoded,30000,0.05,20000,0,3,selected,0.47,0.14,0.24,0.16,0.32,0.58,2.02
decoded,30000,0.05,20000,0,5,neutral,0.015,0.006,0.042,0.048,0.132,0.264,0.825
decoded,30000,0.05,20000,0,5,selected,0.31,0.05,0.15,0.09,0.09,0.18,0.79
decoded,30000,0.05,20000,0,10,neutral,0.006,0.001,0.002,0.001,0.016,0.036,0.113
decoded,30000,0.05,20000,0,10,selected,0.13,0.02,0.08,0.01,0.03,0.04,0.06
decoded,30000,0.05,20000,0,20,neutral,0.0,0.0,0.0,0.0,0.001,0.001,0.002
decoded,30000,0.05,20000,0,20,selected,0.01,0.0,0.0,0.01,0.01,0.0,0.0
decoded,30000,0.05,20000,1,1,neutral,0.083,0.062,0.283,0.439,0.848,1.676,4.981
decoded,30000,0.05,20000,1,1,selected,0.55,0.15,0.4,0.42,0.74,1.57,5.02
decoded,30000,0.05,20000,1,3,neutral,0.046,0.025,0.122,0.17,0.375,0.745,2.199
decoded,30000,0.05,20000,1,3,selected,0.46,0.11,0.25,0.19,0.32,0.58,2.13
decoded,30000,0.05,20000,1,5,neutral,0.02,0.007,0.041,0.058,0.157,0.297,0.906
decoded,30000,0.05,20000,1,5,selected,0.33,0.05,0.15,0.1,0.1,0.21,0.86
decoded,30000,0.05,20000,1,10,neutral,0.007,0.001,0.006,0.004,0.023,0.045,0.147
decoded,30000,0.05,20000,1,10,selected,0.13,0.02,0.09,0.01,0.03,0.04,0.09
decoded,30000,0.05,20000,1,20,neutral,0.0,0.0,0.0,0.0,0.001,0.005,0.004
decoded,30000,0.05,20000,1,20,selected,0.01,0.0,0.0,0.01,0.01,0.0,0.0
decoded,30000,0.05,50000,0,1,neutral,0.039,0.064,0.197,0.345,0.652,1.309,3.935
decoded,30000,0.05,50000,0,1,selected,0.39,0.2,0.31,0.37,0.58,1.18,3.8
decoded,30000,0.05,50000,0,3,neutral,0.007,0.007,0.019,0.028,0.082,0.153,0.467
decoded,30000,0.05,50000,0,3,selected,0.19,0.12,0.09,0.08,0.04,0.13,0.45
decoded,30000,0.05,50000,0,5,neutral,0.001,0.002,0.006,0.004,0.012,0.03,0.073
decoded,30000,0.05,50000,0,5,selected,0.03,0.07,0.05,0.03,0.02,0.01,0.06
decoded,30000,0.05,50000,0,10,neutral,0.0,0.0,0.0,0.0,0.001,0.003,0.0
decoded,30000,0.05,50000,0,10,selected,0.0,0.0,0.0,0.01,0.0,0.01,0.0
decoded,30000,0.05,50000,0,20,neutral,0.0,0.0,0.0,0.0,0.0,0.0,0.0
decoded,30000,0.05,50000,0,20,selected,0.0,0.0,0.0,0.0,0.0,0.0,0.0
decoded,30000,0.05,50000,1,1,neutral,0.036,0.061,0.178,0.313,0.59,1.211,3.645
decoded,30000,0.05,50000,1,1,selected,0.39,0.19,0.21,0.32,0.54,1.12,3.61
decoded,30000,0.05,50000,1,3,neutral,0.009,0.008,0.02,0.036,0.097,0.183,0.559
decoded,30000,0.05,50000,1,3,selected,0.21,0.13,0.07,0.07,0.04,0.14,0.52
decoded,30000,0.05,50000,1,5,neutral,0.001,0.004,0.007,0.007,0.019,0.038,0.108
decoded,30000,0.05,50000,1,5,selected,0.05,0.09,0.05,0.03,0.02,0.02,0.08
decoded,30000,0.05,50000,1,10,neutral,0.0,0.0,0.0,0.0,0.001,0.003,0.003
decoded,30000,0.05,50000,1,10,selected,0.0,0.0,0.0,0.01,0.0,0.01,0.0
decoded,30000,0.05,50000,1,20,neutral,0.0,0.0,0.0,0.0,0.0,0.0,0.0
decoded,30000,0.05,50000,1,20,selected,0.0,0.0,0.0,0.0,0.0,0.0,0.0
decoded,40000,0.001,10000,0,1,neutral,0.005,0.004,0.016,0.03,0.04,0.092,0.256
decoded,40000,0.001,10000,0,1,selected,0.14,0.04,0.03,0.02,0.03,0.1,0.19
decoded,40000,0.001,10000,0,3,neutral,0.002,0.001,0.005,0.005,0.015,0.032,0.09
decoded,40000,0.001,10000,0,3,selected,0.11,0.0,0.0,0.02,0.02,0.04,0.05
decoded,40000,0.001,10000,0,5,neutral,0.0,0.001,0.001,0.0,0.004,0.008,0.022
decoded,40000,0.001,10000,0,5,selected,0.07,0.0,0.0,0.01,0.0,0.0,0.01
decoded,40000,0.001,10000,0,10,neutral,0.0,0.0,0.0,0.0,0.0,0.0,0.001
decoded,40000,0.001,10000,0,10,selected,0.0,0.0,0.0,0.01,0.0,0.0,0.0
decoded,40000,0.001,10000,0,20,neutral,0.0,0.0,0.0,0.0,0.0,0.0,0.0
decoded,40000,0.001,10000,0,20,selected,0.0,0.0,0.0,0.0,0.0,0.0,0.0
decoded,40000,0.001,10000,1,1,neutral,0.004,0.004,0.014,0.024,0.037,0.086,0.242
decoded,40000,0.001,10000,1,1,selected,0.14,0.02,0.03,0.02,0.03,0.09,0.18
decoded,40000,0.001,10000,1,3,neutral,0.002,0.001,0.005,0.006,0.015,0.033,0.093
decoded,40000,0.001,10000,1,3,selected,0.11,0.0,0.0,0.02,0.02,0.05,0.06
decoded,40000,0.001,10000,1,5,neutral,0.0,0.001,0.001,0.0,0.005,0.008,0.023
decoded,40000,0.001,10000,1,5,selected,0.07,0.0,0.0,0.01,0.0,0.0,0.01
decoded,40000,0.001,10000,1,10,neutral,0.0,0.0,0.0,0.0,0.0,0.001,0.002
decoded,40000,0.001,10000,1,10,selected,0.0,0.0,0.0,0.01,0.0,0.0,0.0
decoded,40000,0.001,10000,1,20,neutral,0.0,0.0,0.0,0.0,0.0,0.0,0.0
decoded,40000,0.001,10000,1,20,selected,0.0,0.0,0.0,0.0,0.0,0.0,0.0
decoded,40000,0.001,20000,0,1,neutral,0.003,0.002,0.01,0.02,0.032,0.067,0.189
decoded,40000,0.001,20000,0,1,selected,0.13,0.0,0.02,0.02,0.03,0.07,0.17
decoded,40000,0.001,20000,0,3,neutral,0.001,0.001,0.0,0.001,0.003,0.008,0.023
decoded,40000,0.001,20000,0,3,selected,0.05,0.0,0.0,0.01,0.0,0.0,0.0
decoded,40000,0.001,20000,0,5,neutral,0.0,0.0,0.0,0.0,0.0,0.0,0.003
decoded,40000,0.001,20000,0,5,selected,0.0,0.0,0.0,0.01,0.0,0.0,0.0
decoded,40000,0.001,20000,0,10,neutral,0.0,0.0,0.0,0.0,0.0,0.0,0.0
decoded,40000,0.001,20000,0,10,selected,0.0,0.0,0.0,0.0,0.0,0.0,0.0
decoded,40000,0.001,20000,0,20,neutral,0.0,0.0,0.0,0.0,0.0,0.0,0.0
decoded,40000,0.001,20000,0,20,selected,0.0,0.0,0.0,0.0,0.0,0.0,0.0
decoded,40000,0.001,20000,1,1,neutral,0.003,0.002,0.01,0.02,0.03,0.059,0.185
decoded,40000,0.001,20000,1,1,selected,0.13,0.0,0.02,0.02,0.03,0.07,0.16
decoded,40000,0.001,20000,1,3,neutral,0.001,0.001,0.0,0.001,0.005,0.009,0.024
decoded,40000,0.001,20000,1,3,selected,0.05,0.0,0.0,0.01,0.0,0.0,0.0
decoded,40000,0.001,20000,1,5,neutral,0.0,0.0,0.0,0.0,0.0,0.003,0.003
decoded,40000,0.001,20000,1,5,selected,0.0,0.0,0.0,0.01,0.0,0.0,0.0
decoded,40000,0.001,20000,1,10,neutral,0.0,0.0,0.0,0.0,0.0,0.0,0.0
decoded,40000,0.001,20000,1,10,selected,0.0,0.0,0.0,0.0,0.0,0.0,0.0
decoded,40000,0.001,20000,1,20,neutral,0.0,0.0,0.0,0.0,0.0,0.0,0.0
decoded,40000,0.001,20000,1,20,selected,0.0,0.0,0.0,0.0,0.0,0.0,0.0
decoded,40000,0.001,50000,0,1,neutral,0.001,0.002,0.006,0.009,0.018,0.031,0.106
decoded,40000,0.001,50000,0,1,selected,0.08,0.08,0.01,0.03,0.01,0.03,0.08
decoded,40000,0.001,50000,0,3,neutral,0.0,0.0,0.0,0.0,0.001,0.002,0.0
decoded,40000,0.001,50000,0,3,selected,0.0,0.0,0.0,0.01,0.0,0.01,0.0
decoded,40000,0.001,50000,0,5,neutral,0.0,0.0,0.0,0.0,0.0,0.0,0.0
decoded,40000,0.001,50000,0,5,selected,0.0,0.0,0.0,0.0,0.0,0.0,0.0
decoded,40000,0.001,50000,0,10,neutral,0.0,0.0,0.0,0.0,0.0,0.0,0.0
decoded,40000,0.001,50000,0,10,selected,0.0,0.0,0.0,0.0,0.0,0.0,0.0
decoded,40000,0.001,50000,0,20,neutral,0.0,0.0,0.0,0.0,0.0,0.0,0.0
decoded,40000,0.001,50000,0,20,selected,0.0,0.0,0.0,0.0,0.0,0.0,0.0
decoded,40000,0.001,50000,1,1,neutral,0.001,0.002,0.006,0.009,0.018,0.031,0.105
decoded,40000,0.001,50000,1,1,selected,0.08,0.08,0.01,0.03,0.01,0.03,0.08
decoded,40000,0.001,50000,1,3,neutral,0.0,0.0,0.0,0.0,0.001,0.002,0.0
decoded,40000,0.001,50000,1,3,selected,0.0,0.0,0.0,0.01,0.0,0.01,0.0
decoded,40000,0.001,50000,1,5,neutral,0.0,0.0,0.0,0.0,0.0,0.0,0.0
decoded,40000,0.001,50000,1,5,selected,0.0,0.0,0.0,0.0,0.0,0.0,0.0
decoded,40000,0.001,50000,1,10,neutral,0.0,0.0,0.0,0.0,0.0,0.0,0.0
decoded,40000,0.001,50000,1,10,selected,0.0,0.0,0.0,0.0,0.0,0.0,0.0
decoded,40000,0.001,50000,1,20,neutral,0.0,0.0,0.0,0.0,0.0,0.0,0.0
decoded,40000,0.001,50000,1,20,selected,0.0,0.0,0.0,0.0,0.0,0.0,0.0
decoded,40000,0.01,10000,0,1,neutral,0.022,0.03,0.084,0.167,0.324,0.611,1.767
decoded,40000,0.01,10000,0,1,selected,0.44,0.11,0.18,0.19,0.3,0.64,1.59
decoded,40000,0.01,10000,0,3,neutral,0.01,0.018,0.046,0.081,0.15,0.316,0.938
decoded,40000,0.01,10000,0,3,selected,0.41,0.05,0.09,0.12,0.14,0.39,0.76
decoded,40000,0.01,10000,0,5,neutral,0.004,0.009,0.019,0.033,0.062,0.131,0.415
decoded,40000,0.01,10000,0,5,selected,0.27,0.02,0.03,0.06,0.04,0.16,0.31
decoded,40000,0.01,10000,0,10,neutral,0.002,0.002,0.005,0.005,0.008,0.02,0.074
decoded,40000,0.01,10000,0,10,selected,0.14,0.01,0.02,0.02,0.01,0.01,0.03
decoded,40000,0.01,10000,0,20,neutral,0.0,0.001,0.0,0.0,0.0,0.001,0.0
decoded,40000,0.01,10000,0,20,selected,0.04,0.0,0.0,0.0,0.0,0.0,0.0
decoded,40000,0.01,10000,1,1,neutral,0.022,0.028,0.08,0.158,0.3,0.567,1.641
decoded,40000,0.01,10000,1,1,selected,0.43,0.09,0.17,0.17,0.3,0.57,1.47
decoded,40000,0.01,10000,1,3,neutral,0.01,0.018,0.044,0.083,0.157,0.311,0.94
decoded,40000,0.01,10000,1,3,selected,0.41,0.04,0.09,0.12,0.14,0.39,0.77
decoded,40000,0.01,10000,1,5,neutral,0.005,0.008,0.02,0.036,0.063,0.138,0.436
decoded,40000,0.01,10000,1,5,selected,0.27,0.02,0.02,0.06,0.04,0.18,0.32
decoded,40000,0.01,10000,1,10,neutral,0.003,0.001,0.006,0.005,0.009,0.025,0.081
decoded,40000,0.01,10000,1,10,selected,0.14,0.01,0.02,0.03,0.01,0.01,0.04
decoded,40000,0.01,10000,1,20,neutral,0.0,0.001,0.0,0.0,0.0,0.001,0.001
decoded,40000,0.01,10000,1,20,selected,0.04,0.0,0.0,0.0,0.0,0.0,0.0
decoded,40000,0.01,20000,0,1,neutral,0.024,0.019,0.075,0.132,0.26,0.505,1.484
decoded,40000,0.01,20000,0,1,selected,0.44,0.07,0.18,0.14,0.3,0.56,1.31
decoded,40000,0.01,20000,0,3,neutral,0.006,0.005,0.014,0.03,0.052,0.11,0.367
decoded,40000,0.01,20000,0,3,selected,0.25,0.01,0.03,0.06,0.04,0.14,0.29
decoded,40000,0.01,20000,0,5,neutral,0.003,0.001,0.007,0.006,0.014,0.029,0.099
decoded,40000,0.01,20000,0,5,selected,0.17,0.01,0.03,0.02,0.01,0.01,0.04
decoded,40000,0.01,20000,0,10,neutral,0.0,0.001,0.0,0.0,0.0,0.001,0.0
decoded,40000,0.01,20000,0,10,selected,0.05,0.0,0.0,0.01,0.0,0.0,0.0
decoded,40000,0.01,20000,0,20,neutral,0.0,0.0,0.0,0.0,0.0,0.0,0.0
decoded,40000,0.01,20000,0,20,selected,0.0,0.0,0.0,0.0,0.0,0.0,0.0
decoded,40000,0.01,20000,1,1,neutral,0.023,0.019,0.072,0.127,0.245,0.478,1.393
decoded,40000,0.01,20000,1,1,selected,0.42,0.06,0.16,0.13,0.28,0.51,1.25
decoded,40000,0.01,20000,1,3,neutral,0.006,0.005,0.016,0.031,0.056,0.121,0.38
decoded,40000,0.01,20000,1,3,selected,0.27,0.01,0.04,0.06,0.05,0.14,0.31
decoded,40000,0.01,20000,1,5,neutral,0.003,0.001,0.007,0.006,0.016,0.035,0.116
decoded,40000,0.01,20000,1,5,selected,0.18,0.01,0.03,0.02,0.01,0.01,0.05
decoded,40000,0.01,20000,1,10,neutral,0.0,0.001,0.0,0.0,0.0,0.001,0.002
decoded,40000,0.01,20000,1,10,selected,0.05,0.0,0.0,0.01,0.0,0.0,0.0
decoded,40000,0.01,20000,1,20,neutral,0.0,0.0,0.0,0.0,0.0,0.0,0.0
decoded,40000,0.01,20000,1,20,selected,0.0,0.0,0.0,0.0,0.0,0.0,0.0
decoded,40000,0.01,50000,0,1,neutral,0.008,0.013,0.048,0.079,0.166,0.31,0.963
decoded,40000,0.01,50000,0,1,selected,0.28,0.1,0.13,0.12,0.13,0.33,0.83
decoded,40000,0.01,50000,0,3,neutral,0.0,0.001,0.003,0.001,0.007,0.015,0.042
decoded,40000,0.01,50000,0,3,selected,0.05,0.04,0.02,0.02,0.01,0.01,0.01
decoded,40000,0.01,50000,0,5,neutral,0.0,0.0,0.0,0.0,0.0,0.0,0.001
decoded,40000,0.01,50000,0,5,selected,0.01,0.01,0.01,0.0,0.0,0.0,0.0
decoded,40000,0.01,50000,0,10,neutral,0.0,0.0,0.0,0.0,0.0,0.0,0.0
decoded,40000,0.01,50000,0,10,selected,0.0,0.0,0.0,0.0,0.0,0.0,0.0
decoded,40000,0.01,50000,0,20,neutral,0.0,0.0,0.0,0.0,0.0,0.0,0.0
decoded,40000,0.01,50000,0,20,selected,0.0,0.0,0.0,0.0,0.0,0.0,0.0
decoded,40000,0.01,50000,1,1,neutral,0.008,0.012,0.042,0.078,0.162,0.297,0.934
decoded,40000,0.01,50000,1,1,selected,0.28,0.09,0.09,0.11,0.13,0.32,0.79
decoded,40000,0.01,50000,1,3,neutral,0.002,0.002,0.004,0.002,0.008,0.02,0.052
decoded,40000,0.01,50000,1,3,selected,0.05,0.05,0.02,0.02,0.01,0.01,0.03
decoded,40000,0.01,50000,1,5,neutral,0.0,0.0,0.0,0.0,0.0,0.0,0.002
decoded,40000,0.01,50000,1,5,selected,0.01,0.01,0.01,0.0,0.0,0.0,0.0
decoded,40000,0.01,50000,1,10,neutral,0.0,0.0,0.0,0.0,0.0,0.0,0.0
decoded,40000,0.01,50000,1,10,selected,0.0,0.0,0.0,0.0,0.0,0.0,0.0
decoded,40000,0.01,50000,1,20,neutral,0.0,0.0,0.0,0.0,0.0,0.0,0.0
decoded,40000,0.01,50000,1,20,selected,0.0,0.0,0.0,0.0,0.0,0.0,0.0
decoded,40000,0.05,10000,0,1,neutral,0.102,0.116,0.38,0.691,1.207,2.483,7.264
decoded,40000,0.05,10000,0,1,selected,0.73,0.23,0.51,0.48,1.25,2.13,7.27
decoded,40000,0.05,10000,0,3,neutral,0.063,0.062,0.235,0.397,0.728,1.449,4.323
decoded,40000,0.05,10000,0,3,selected,0.63,0.16,0.32,0.3,0.62,1.22,4.28
decoded,40000,0.05,10000,0,5,neutral,0.04,0.036,0.115,0.18,0.376,0.763,2.23
decoded,40000,0.05,10000,0,5,selected,0.5,0.1,0.23,0.15,0.32,0.69,2.26
decoded,40000,0.05,10000,0,10,neutral,0.009,0.007,0.025,0.028,0.089,0.181,0.561
decoded,40000,0.05,10000,0,10,selected,0.31,0.05,0.09,0.05,0.07,0.16,0.51
decoded,40000,0.05,10000,0,20,neutral,0.002,0.002,0.001,0.002,0.009,0.017,0.063
decoded,40000,0.05,10000,0,20,selected,0.1,0.0,0.02,0.01,0.02,0.02,0.05
decoded,40000,0.05,10000,1,1,neutral,0.093,0.106,0.343,0.626,1.113,2.265,6.633
decoded,40000,0.05,10000,1,1,selected,0.67,0.18,0.43,0.44,1.15,1.98,6.68
decoded,40000,0.05,10000,1,3,neutral,0.063,0.062,0.228,0.385,0.713,1.41,4.238
decoded,40000,0.05,10000,1,3,selected,0.6,0.12,0.28,0.29,0.61,1.25,4.18
decoded,40000,0.05,10000,1,5,neutral,0.04,0.036,0.127,0.185,0.386,0.783,2.294
decoded,40000,0.05,10000,1,5,selected,0.49,0.08,0.19,0.15,0.32,0.74,2.34
decoded,40000,0.05,10000,1,10,neutral,0.01,0.008,0.028,0.036,0.1,0.205,0.638
decoded,40000,0.05,10000,1,10,selected,0.32,0.04,0.09,0.07,0.07,0.16,0.61
decoded,40000,0.05,10000,1,20,neutral,0.003,0.002,0.001,0.003,0.016,0.022,0.08
decoded,40000,0.05,10000,1,20,selected,0.13,0.0,0.02,0.01,0.02,0.02,0.06
decoded,40000,0.05,20000,0,1,neutral,0.097,0.077,0.349,0.555,1.038,2.063,6.181
decoded,40000,0.05,20000,0,1,selected,0.67,0.16,0.4,0.36,1.06,1.76,6.29
decoded,40000,0.05,20000,0,3,neutral,0.043,0.023,0.115,0.151,0.327,0.678,2.019
decoded,40000,0.05,20000,0,3,selected,0.51,0.07,0.21,0.12,0.29,0.6,1.98
decoded,40000,0.05,20000,0,5,neutral,0.013,0.009,0.035,0.039,0.109,0.233,0.707
decoded,40000,0.05,20000,0,5,selected,0.34,0.03,0.11,0.05,0.08,0.17,0.65
decoded,40000,0.05,20000,0,10,neutral,0.003,0.002,0.002,0.002,0.015,0.024,0.084
decoded,40000,0.05,20000,0,10,selected,0.14,0.0,0.02,0.01,0.02,0.02,0.05
decoded,40000,0.05,20000,0,20,neutral,0.0,0.0,0.0,0.0,0.0,0.0,0.003
decoded,40000,0.05,20000,0,20,selected,0.0,0.0,0.0,0.0,0.0,0.0,0.0
decoded,40000,0.05,20000,1,1,neutral,0.086,0.069,0.31,0.514,0.963,1.88,5.643
decoded,40000,0.05,20000,1,1,selected,0.63,0.15,0.32,0.35,0.96,1.69,5.72
decoded,40000,0.05,20000,1,3,neutral,0.044,0.024,0.125,0.158,0.345,0.696,2.095
decoded,40000,0.05,20000,1,3,selected,0.5,0.07,0.2,0.11,0.28,0.61,2.05
decoded,40000,0.05,20000,1,5,neutral,0.017,0.01,0.041,0.047,0.123,0.269,0.801
decoded,40000,0.05,20000,1,5,selected,0.33,0.03,0.12,0.05,0.09,0.18,0.75
decoded,40000,0.05,20000,1,10,neutral,0.004,0.002,0.003,0.003,0.021,0.035,0.117
decoded,40000,0.05,20000,1,10,selected,0.14,0.0,0.02,0.01,0.02,0.02,0.08
decoded,40000,0.05,20000,1,20,neutral,0.0,0.0,0.0,0.001,0.0,0.003,0.005
decoded,40000,0.05,20000,1,20,selected,0.0,0.0,0.0,0.01,0.01,0.0,0.0
decoded,40000,0.05,50000,0,1,neutral,0.035,0.067,0.207,0.371,0.707,1.388,4.18
decoded,40000,0.05,50000,0,1,selected,0.44,0.16,0.3,0.3,0.67,1.21,4.24
decoded,40000,0.05,50000,0,3,neutral,0.003,0.006,0.019,0.019,0.072,0.132,0.425
decoded,40000,0.05,50000,0,3,selected,0.2,0.08,0.09,0.06,0.06,0.11,0.35
decoded,40000,0.05,50000,0,5,neutral,0.001,0.001,0.003,0.001,0.01,0.021,0.054
decoded,40000,0.05,50000,0,5,selected,0.04,0.04,0.04,0.0,0.01,0.01,0.05
decoded,40000,0.05,50000,0,10,neutral,0.0,0.0,0.0,0.0,0.0,0.001,0.001
decoded,40000,0.05,50000,0,10,selected,0.0,0.0,0.0,0.0,0.01,0.0,0.0
decoded,40000,0.05,50000,0,20,neutral,0.0,0.0,0.0,0.0,0.0,0.0,0.0
decoded,40000,0.05,50000,0,20,selected,0.0,0.0,0.0,0.0,0.0,0.0,0.0
decoded,40000,0.05,50000,1,1,neutral,0.033,0.062,0.191,0.34,0.644,1.283,3.873
decoded,40000,0.05,50000,1,1,selected,0.42,0.15,0.19,0.28,0.61,1.14,4.0
decoded,40000,0.05,50000,1,3,neutral,0.007,0.006,0.019,0.025,0.089,0.171,0.518
decoded,40000,0.05,50000,1,3,selected,0.22,0.08,0.08,0.06,0.07,0.13,0.44
decoded,40000,0.05,50000,1,5,neutral,0.001,0.002,0.006,0.006,0.013,0.031,0.087
decoded,40000,0.05,50000,1,5,selected,0.06,0.06,0.04,0.01,0.02,0.01,0.07
decoded,40000,0.05,50000,1,10,neutral,0.0,0.0,0.0,0.0,0.0,0.001,0.002
decoded,40000,0.05,50000,1,10,selected,0.0,0.0,0.0,0.01,0.01,0.0,0.0
decoded,40000,0.05,50000,1,20,neutral,0.0,0.0,0.0,0.0,0.0,0.0,0.0
decoded,40000,0.05,50000,1,20,selected,0.0,0.0,0.0,0.0,0.0,0.0,0.0
decoded,50000,0.001,10000,0,1,neutral,0.006,0.005,0.013,0.026,0.047,0.095,0.29
decoded,50000,0.001,10000,0,1,selected,0.17,0.03,0.04,0.03,0.03,0.11,0.19
decoded,50000,0.001,10000,0,3,neutral,0.001,0.002,0.004,0.004,0.011,0.025,0.077
decoded,50000,0.001,10000,0,3,selected,0.08,0.0,0.02,0.02,0.02,0.04,0.07
decoded,50000,0.001,10000,0,5,neutral,0.0,0.0,0.0,0.0,0.005,0.008,0.018
decoded,50000,0.001,10000,0,5,selected,0.03,0.0,0.01,0.01,0.01,0.0,0.01
decoded,50000,0.001,10000,0,10,neutral,0.0,0.0,0.0,0.0,0.0,0.001,0.002
decoded,50000,0.001,10000,0,10,selected,0.0,0.0,0.0,0.0,0.0,0.0,0.0
decoded,50000,0.001,10000,0,20,neutral,0.0,0.0,0.0,0.0,0.0,0.0,0.0
decoded,50000,0.001,10000,0,20,selected,0.0,0.0,0.0,0.0,0.0,0.0,0.0
decoded,50000,0.001,10000,1,1,neutral,0.005,0.005,0.013,0.026,0.043,0.091,0.282
decoded,50000,0.001,10000,1,1,selected,0.16,0.01,0.04,0.03,0.03,0.1,0.19
decoded,50000,0.001,10000,1,3,neutral,0.001,0.002,0.004,0.005,0.01,0.026,0.08
decoded,50000,0.001,10000,1,3,selected,0.09,0.0,0.02,0.02,0.02,0.04,0.07
decoded,50000,0.001,10000,1,5,neutral,0.0,0.0,0.0,0.0,0.005,0.008,0.021
decoded,50000,0.001,10000,1,5,selected,0.04,0.0,0.01,0.01,0.01,0.0,0.01
decoded,50000,0.001,10000,1,10,neutral,0.0,0.0,0.0,0.0,0.001,0.001,0.002
decoded,50000,0.001,10000,1,10,selected,0.0,0.0,0.0,0.0,0.0,0.0,0.0
decoded,50000,0.001,10000,1,20,neutral,0.0,0.0,0.0,0.0,0.0,0.0,0.0
decoded,50000,0.001,10000,1,20,selected,0.0,0.0,0.0,0.0,0.0,0.0,0.0
decoded,50000,0.001,20000,0,1,neutral,0.003,0.003,0.011,0.021,0.035,0.065,0.214
decoded,50000,0.001,20000,0,1,selected,0.13,0.01,0.04,0.03,0.03,0.08,0.16
decoded,50000,0.001,20000,0,3,neutral,0.001,0.0,0.0,0.0,0.005,0.006,0.016
decoded,50000,0.001,20000,0,3,selected,0.03,0.0,0.01,0.01,0.0,0.0,0.0
decoded,50000,0.001,20000,0,5,neutral,0.0,0.0,0.0,0.0,0.0,0.001,0.002
decoded,50000,0.001,20000,0,5,selected,0.0,0.0,0.0,0.0,0.0,0.0,0.0
decoded,50000,0.001,20000,0,10,neutral,0.0,0.0,0.0,0.0,0.0,0.0,0.0
decoded,50000,0.001,20000,0,10,selected,0.0,0.0,0.0,0.0,0.0,0.0,0.0
decoded,50000,0.001,20000,0,20,neutral,0.0,0.0,0.0,0.0,0.0,0.0,0.0
decoded,50000,0.001,20000,0,20,selected,0.0,0.0,0.0,0.0,0.0,0.0,0.0
decoded,50000,0.001,20000,1,1,neutral,0.003,0.003,0.011,0.021,0.034,0.063,0.204
decoded,50000,0.001,20000,1,1,selected,0.12,0.01,0.03,0.02,0.03,0.07,0.16
decoded,50000,0.001,20000,1,3,neutral,0.001,0.0,0.0,0.0,0.005,0.006,0.02
decoded,50000,0.001,20000,1,3,selected,0.04,0.0,0.01,0.01,0.0,0.01,0.0
decoded,50000,0.001,20000,1,5,neutral,0.0,0.0,0.0,0.0,0.0,0.002,0.003
decoded,50000,0.001,20000,1,5,selected,0.0,0.0,0.0,0.01,0.0,0.0,0.0
decoded,50000,0.001,20000,1,10,neutral,0.0,0.0,0.0,0.0,0.0,0.0,0.0
decoded,50000,0.001,20000,1,10,selected,0.0,0.0,0.0,0.0,0.0,0.0,0.0
decoded,50000,0.001,20000,1,20,neutral,0.0,0.0,0.0,0.0,0.0,0.0,0.0
decoded,50000,0.001,20000,1,20,selected,0.0,0.0,0.0,0.0,0.0,0.0,0.0
decoded,50000,0.001,50000,0,1,neutral,0.001,0.002,0.006,0.01,0.017,0.035,0.107
decoded,50000,0.001,50000,0,1,selected,0.08,0.04,0.01,0.01,0.01,0.05,0.07
decoded,50000,0.001,50000,0,3,neutral,0.0,0.0,0.0,0.0,0.001,0.001,0.001
decoded,50000,0.001,50000,0,3,selected,0.0,0.0,0.0,0.01,0.0,0.0,0.0
decoded,50000,0.001,50000,0,5,neutral,0.0,0.0,0.0,0.0,0.0,0.0,0.0
decoded,50000,0.001,50000,0,5,selected,0.0,0.0,0.0,0.0,0.0,0.0,0.0
decoded,50000,0.001,50000,0,10,neutral,0.0,0.0,0.0,0.0,0.0,0.0,0.0
decoded,50000,0.001,50000,0,10,selected,0.0,0.0,0.0,0.0,0.0,0.0,0.0
decoded,50000,0.001,50000,0,20,neutral,0.0,0.0,0.0,0.0,0.0,0.0,0.0
decoded,50000,0.001,50000,0,20,selected,0.0,0.0,0.0,0.0,0.0,0.0,0.0
decoded,50000,0.001,50000,1,1,neutral,0.001,0.002,0.006,0.01,0.017,0.034,0.106
decoded,50000,0.001,50000,1,1,selected,0.08,0.04,0.01,0.01,0.01,0.04,0.07
decoded,50000,0.001,50000,1,3,neutral,0.0,0.0,0.0,0.0,0.001,0.001,0.001
decoded,50000,0.001,50000,1,3,selected,0.0,0.0,0.0,0.01,0.0,0.01,0.0
decoded,50000,0.001,50000,1,5,neutral,0.0,0.0,0.0,0.0,0.0,0.0,0.0
decoded,50000,0.001,50000,1,5,selected,0.0,0.0,0.0,0.0,0.0,0.0,0.0
decoded,50000,0.001,50000,1,10,neutral,0.0,0.0,0.0,0.0,0.0,0.0,0.0
decoded,50000,0.001,50000,1,10,selected,0.0,0.0,0.0,0.0,0.0,0.0,0.0
decoded,50000,0.001,50000,1,20,neutral,0.0,0.0,0.0,0.0,0.0,0.0,0.0
decoded,50000,0.001,50000,1,20,selected,0.0,0.0,0.0,0.0,0.0,0.0,0.0
decoded,50000,0.01,10000,0,1,neutral,0.024,0.036,0.101,0.182,0.34,0.688,2.009
decoded,50000,0.01,10000,0,1,selected,0.43,0.1,0.18,0.16,0.33,0.76,1.73
decoded,50000,0.01,10000,0,3,neutral,0.01,0.017,0.045,0.076,0.153,0.303,0.894
decoded,50000,0.01,10000,0,3,selected,0.37,0.06,0.1,0.08,0.14,0.3,0.72
decoded,50000,0.01,10000,0,5,neutral,0.004,0.007,0.016,0.034,0.053,0.116,0.374
decoded,50000,0.01,10000,0,5,selected,0.28,0.02,0.04,0.04,0.05,0.15,0.31
decoded,50000,0.01,10000,0,10,neutral,0.002,0.001,0.0,0.003,0.007,0.013,0.051
decoded,50000,0.01,10000,0,10,selected,0.13,0.0,0.03,0.01,0.01,0.01,0.02
decoded,50000,0.01,10000,0,20,neutral,0.0,0.0,0.0,0.0,0.0,0.001,0.0
decoded,50000,0.01,10000,0,20,selected,0.04,0.0,0.0,0.0,0.0,0.0,0.0
decoded,50000,0.01,10000,1,1,neutral,0.021,0.035,0.095,0.175,0.319,0.647,1.853
decoded,50000,0.01,10000,1,1,selected,0.42,0.08,0.15,0.14,0.32,0.67,1.65
decoded,50000,0.01,10000,1,3,neutral,0.009,0.017,0.043,0.078,0.157,0.303,0.903
decoded,50000,0.01,10000,1,3,selected,0.37,0.06,0.09,0.07,0.14,0.33,0.74
decoded,50000,0.01,10000,1,5,neutral,0.003,0.007,0.017,0.038,0.057,0.125,0.4
decoded,50000,0.01,10000,1,5,selected,0.29,0.02,0.04,0.04,0.05,0.16,0.32
decoded,50000,0.01,10000,1,10,neutral,0.002,0.001,0.002,0.004,0.008,0.018,0.061
decoded,50000,0.01,10000,1,10,selected,0.13,0.01,0.03,0.01,0.01,0.01,0.02
decoded,50000,0.01,10000,1,20,neutral,0.0,0.0,0.0,0.0,0.0,0.001,0.001
decoded,50000,0.01,10000,1,20,selected,0.04,0.0,0.0,0.0,0.0,0.0,0.0
decoded,50000,0.01,20000,0,1,neutral,0.027,0.021,0.088,0.136,0.284,0.566,1.626
decoded,50000,0.01,20000,0,1,selected,0.42,0.06,0.14,0.12,0.3,0.57,1.44
decoded,50000,0.01,20000,0,3,neutral,0.004,0.003,0.014,0.028,0.044,0.096,0.326
decoded,50000,0.01,20000,0,3,selected,0.25,0.01,0.04,0.05,0.05,0.13,0.28
decoded,50000,0.01,20000,0,5,neutral,0.002,0.001,0.005,0.004,0.012,0.021,0.078
decoded,50000,0.01,20000,0,5,selected,0.15,0.01,0.04,0.01,0.01,0.01,0.02
decoded,50000,0.01,20000,0,10,neutral,0.0,0.001,0.0,0.0,0.0,0.001,0.0
decoded,50000,0.01,20000,0,10,selected,0.04,0.0,0.0,0.0,0.0,0.0,0.0
decoded,50000,0.01,20000,0,20,neutral,0.0,0.0,0.0,0.0,0.0,0.0,0.0
decoded,50000,0.01,20000,0,20,selected,0.0,0.0,0.0,0.0,0.0,0.0,0.0
decoded,50000,0.01,20000,1,1,neutral,0.025,0.021,0.083,0.128,0.272,0.534,1.531
decoded,50000,0.01,20000,1,1,selected,0.4,0.03,0.13,0.12,0.3,0.53,1.39
decoded,50000,0.01,20000,1,3,neutral,0.004,0.003,0.016,0.03,0.047,0.11,0.346
decoded,50000,0.01,20000,1,3,selected,0.27,0.01,0.04,0.05,0.05,0.14,0.3
decoded,50000,0.01,20000,1,5,neutral,0.002,0.001,0.005,0.004,0.014,0.023,0.093
decoded,50000,0.01,20000,1,5,selected,0.17,0.01,0.04,0.01,0.01,0.01,0.02
decoded,50000,0.01,20000,1,10,neutral,0.0,0.001,0.0,0.0,0.0,0.001,0.004
decoded,50000,0.01,20000,1,10,selected,0.04,0.0,0.0,0.0,0.0,0.0,0.0
decoded,50000,0.01,20000,1,20,neutral,0.0,0.0,0.0,0.0,0.0,0.0,0.0
decoded,50000,0.01,20000,1,20,selected,0.0,0.0,0.0,0.0,0.0,0.0,0.0
decoded,50000,0.01,50000,0,1,neutral,0.008,0.016,0.053,0.083,0.169,0.325,0.989
decoded,50000,0.01,50000,0,1,selected,0.26,0.1,0.08,0.11,0.14,0.35,0.91
decoded,50000,0.01,50000,0,3,neutral,0.0,0.001,0.003,0.002,0.004,0.014,0.036
decoded,50000,0.01,50000,0,3,selected,0.03,0.05,0.0,0.02,0.0,0.01,0.0
decoded,50000,0.01,50000,0,5,neutral,0.0,0.0,0.0,0.0,0.0,0.0,0.0
decoded,50000,0.01,50000,0,5,selected,0.01,0.02,0.0,0.0,0.0,0.0,0.0
decoded,50000,0.01,50000,0,10,neutral,0.0,0.0,0.0,0.0,0.0,0.0,0.0
decoded,50000,0.01,50000,0,10,selected,0.0,0.0,0.0,0.0,0.0,0.0,0.0
decoded,50000,0.01,50000,0,20,neutral,0.0,0.0,0.0,0.0,0.0,0.0,0.0
decoded,50000,0.01,50000,0,20,selected,0.0,0.0,0.0,0.0,0.0,0.0,0.0
decoded,50000,0.01,50000,1,1,neutral,0.008,0.015,0.049,0.081,0.164,0.316,0.963
decoded,50000,0.01,50000,1,1,selected,0.26,0.09,0.07,0.11,0.14,0.34,0.87
decoded,50000,0.01,50000,1,3,neutral,0.001,0.001,0.004,0.004,0.006,0.016,0.046
decoded,50000,0.01,50000,1,3,selected,0.03,0.05,0.0,0.02,0.0,0.01,0.02
decoded,50000,0.01,50000,1,5,neutral,0.0,0.0,0.0,0.0,0.0,0.0,0.001
decoded,50000,0.01,50000,1,5,selected,0.01,0.02,0.0,0.0,0.0,0.0,0.0
decoded,50000,0.01,50000,1,10,neutral,0.0,0.0,0.0,0.0,0.0,0.0,0.0
decoded,50000,0.01,50000,1,10,selected,0.0,0.0,0.0,0.0,0.0,0.0,0.0
decoded,50000,0.01,50000,1,20,neutral,0.0,0.0,0.0,0.0,0.0,0.0,0.0
decoded,50000,0.01,50000,1,20,selected,0.0,0.0,0.0,0.0,0.0,0.0,0.0
decoded,50000,0.05,10000,0,1,neutral,0.112,0.124,0.402,0.726,1.356,2.689,8.039
decoded,50000,0.05,10000,0,1,selected,0.68,0.24,0.51,0.52,1.36,2.42,7.97
decoded,50000,0.05,10000,0,3,neutral,0.06,0.065,0.22,0.389,0.735,1.484,4.295
decoded,50000,0.05,10000,0,3,selected,0.57,0.14,0.28,0.25,0.7,1.16,4.18
decoded,50000,0.05,10000,0,5,neutral,0.032,0.034,0.117,0.175,0.348,0.716,2.139
decoded,50000,0.05,10000,0,5,selected,0.48,0.09,0.18,0.14,0.35,0.64,1.97
decoded,50000,0.05,10000,0,10,neutral,0.01,0.006,0.022,0.03,0.072,0.149,0.487
decoded,50000,0.05,10000,0,10,selected,0.29,0.05,0.08,0.04,0.06,0.12,0.41
decoded,50000,0.05,10000,0,20,neutral,0.002,0.002,0.003,0.002,0.008,0.012,0.045
decoded,50000,0.05,10000,0,20,selected,0.12,0.01,0.01,0.01,0.02,0.02,0.04
decoded,50000,0.05,10000,1,1,neutral,0.103,0.114,0.37,0.663,1.244,2.496,7.351
decoded,50000,0.05,10000,1,1,selected,0.65,0.21,0.41,0.48,1.26,2.24,7.33
decoded,50000,0.05,10000,1,3,neutral,0.061,0.065,0.219,0.377,0.726,1.455,4.244
decoded,50000,0.05,10000,1,3,selected,0.55,0.13,0.28,0.26,0.67,1.18,4.06
decoded,50000,0.05,10000,1,5,neutral,0.034,0.034,0.124,0.177,0.362,0.75,2.231
decoded,50000,0.05,10000,1,5,selected,0.47,0.08,0.19,0.16,0.37,0.7,2.07
decoded,50000,0.05,10000,1,10,neutral,0.011,0.007,0.028,0.039,0.081,0.18,0.552
decoded,50000,0.05,10000,1,10,selected,0.28,0.05,0.08,0.04,0.08,0.13,0.51
decoded,50000,0.05,10000,1,20,neutral,0.003,0.002,0.003,0.002,0.013,0.015,0.059
decoded,50000,0.05,10000,1,20,selected,0.14,0.01,0.01,0.01,0.02,0.02,0.06
decoded,50000,0.05,20000,0,1,neutral,0.105,0.087,0.352,0.58,1.152,2.289,6.756
decoded,50000,0.05,20000,0,1,selected,0.65,0.16,0.4,0.45,1.11,1.91,6.72
decoded,50000,0.05,20000,0,3,neutral,0.038,0.02,0.112,0.141,0.306,0.632,1.918
decoded,50000,0.05,20000,0,3,selected,0.45,0.05,0.18,0.14,0.34,0.6,1.71
decoded,50000,0.05,20000,0,5,neutral,0.017,0.007,0.035,0.038,0.087,0.194,0.604
decoded,50000,0.05,20000,0,5,selected,0.3,0.03,0.08,0.04,0.06,0.16,0.56
decoded,50000,0.05,20000,0,10,neutral,0.002,0.002,0.004,0.002,0.011,0.016,0.06
decoded,50000,0.05,20000,0,10,selected,0.14,0.01,0.01,0.01,0.02,0.02,0.05
decoded,50000,0.05,20000,0,20,neutral,0.0,0.0,0.0,0.0,0.0,0.0,0.003
decoded,50000,0.05,20000,0,20,selected,0.0,0.0,0.0,0.0,0.0,0.0,0.0
decoded,50000,0.05,20000,1,1,neutral,0.098,0.082,0.323,0.533,1.054,2.088,6.206
decoded,50000,0.05,20000,1,1,selected,0.62,0.11,0.34,0.41,0.98,1.81,6.14
decoded,50000,0.05,20000,1,3,neutral,0.038,0.021,0.117,0.155,0.328,0.647,2.019
decoded,50000,0.05,20000,1,3,selected,0.44,0.04,0.16,0.13,0.34,0.62,1.77
decoded,50000,0.05,20000,1,5,neutral,0.018,0.007,0.04,0.048,0.111,0.233,0.711
decoded,50000,0.05,20000,1,5,selected,0.31,0.03,0.08,0.04,0.08,0.17,0.64
decoded,50000,0.05,20000,1,10,neutral,0.003,0.002,0.004,0.003,0.015,0.029,0.081
decoded,50000,0.05,20000,1,10,selected,0.15,0.01,0.01,0.01,0.04,0.02,0.09
decoded,50000,0.05,20000,1,20,neutral,0.0,0.0,0.0,0.0,0.001,0.0,0.004
decoded,50000,0.05,20000,1,20,selected,0.0,0.0,0.0,0.01,0.01,0.0,0.0
decoded,50000,0.05,50000,0,1,neutral,0.038,0.071,0.219,0.386,0.725,1.459,4.347
decoded,50000,0.05,50000,0,1,selected,0.48,0.16,0.28,0.28,0.65,1.33,4.14
decoded,50000,0.05,50000,0,3,neutral,0.003,0.003,0.017,0.019,0.062,0.115,0.379
decoded,50000,0.05,50000,0,3,selected,0.18,0.08,0.04,0.05,0.07,0.09,0.3
decoded,50000,0.05,50000,0,5,neutral,0.001,0.0,0.003,0.003,0.004,0.016,0.038
decoded,50000,0.05,50000,0,5,selected,0.06,0.04,0.02,0.0,0.01,0.02,0.04
decoded,50000,0.05,50000,0,10,neutral,0.0,0.0,0.0,0.0,0.0,0.0,0.001
decoded,50000,0.05,50000,0,10,selected,0.0,0.0,0.0,0.0,0.0,0.0,0.0
decoded,50000,0.05,50000,0,20,neutral,0.0,0.0,0.0,0.0,0.0,0.0,0.0
decoded,50000,0.05,50000,0,20,selected,0.0,0.0,0.0,0.0,0.0,0.0,0.0
decoded,50000,0.05,50000,1,1,neutral,0.034,0.066,0.205,0.358,0.665,1.344,4.025
decoded,50000,0.05,50000,1,1,selected,0.47,0.15,0.18,0.27,0.58,1.24,3.91
decoded,50000,0.05,50000,1,3,neutral,0.005,0.005,0.018,0.023,0.074,0.15,0.474
decoded,50000,0.05,50000,1,3,selected,0.2,0.08,0.04,0.05,0.08,0.12,0.4
decoded,50000,0.05,50000,1,5,neutral,0.001,0.001,0.007,0.004,0.007,0.025,0.064
decoded,50000,0.05,50000,1,5,selected,0.07,0.06,0.02,0.0,0.01,0.02,0.05
decoded,50000,0.05,50000,1,10,neutral,0.0,0.0,0.0,0.0,0.0,0.001,0.003
decoded,50000,0.05,50000,1,10,selected,0.0,0.0,0.0,0.0,0.0,0.01,0.0
decoded,50000,0.05,50000,1,20,neutral,0.0,0.0,0.0,0.0,0.0,0.0,0.0
decoded,50000,0.05,50000,1,20,selected,0.0,0.0,0.0,0.0,0.0,0.0,0.0
truth,5000,0.001,10000,0,1,neutral,0.003,0.005,0.011,0.014,0.02,0.032,0.165
truth,5000,0.001,10000,0,1,selected,0.0,0.0,0.0,0.03,0.02,0.0,0.24
truth,5000,0.001,10000,0,3,neutral,0.0,0.001,0.003,0.006,0.012,0.015,0.051
truth,5000,0.001,10000,0,3,selected,0.0,0.0,0.0,0.02,0.01,0.0,0.05
truth,5000,0.001,10000,0,5,neutral,0.0,0.0,0.001,0.004,0.009,0.01,0.028
truth,5000,0.001,10000,0,5,selected,0.0,0.0,0.0,0.01,0.01,0.0,0.03
truth,5000,0.001,10000,0,10,neutral,0.0,0.0,0.0,0.0,0.001,0.003,0.005
truth,5000,0.001,10000,0,10,selected,0.0,0.0,0.0,0.0,0.0,0.0,0.0
truth,5000,0.001,10000,0,20,neutral,0.0,0.0,0.0,0.0,0.0,0.003,0.003
truth,5000,0.001,10000,0,20,selected,0.0,0.0,0.0,0.0,0.0,0.0,0.0
truth,5000,0.001,10000,1,1,neutral,0.002,0.005,0.01,0.012,0.017,0.029,0.136
truth,5000,0.001,10000,1,1,selected,0.0,0.0,0.0,0.03,0.02,0.0,0.18
truth,5000,0.001,10000,1,3,neutral,0.0,0.001,0.003,0.007,0.009,0.013,0.052
truth,5000,0.001,10000,1,3,selected,0.0,0.0,0.0,0.02,0.01,0.0,0.06
truth,5000,0.001,10000,1,5,neutral,0.0,0.0,0.001,0.004,0.007,0.01,0.033
truth,5000,0.001,10000,1,5,selected,0.0,0.0,0.0,0.01,0.01,0.0,0.03
truth,5000,0.001,10000,1,10,neutral,0.0,0.0,0.0,0.0,0.003,0.003,0.005
truth,5000,0.001,10000,1,10,selected,0.0,0.0,0.0,0.0,0.0,0.0,0.0
truth,5000,0.001,10000,1,20,neutral,0.0,0.0,0.0,0.0,0.0,0.003,0.003
truth,5000,0.001,10000,1,20,selected,0.0,0.0,0.0,0.0,0.0,0.0,0.0
truth,5000,0.001,20000,0,1,neutral,0.001,0.004,0.009,0.012,0.014,0.027,0.109
truth,5000,0.001,20000,0,1,selected,0.0,0.0,0.0,0.02,0.01,0.0,0.12
truth,5000,0.001,20000,0,3,neutral,0.0,0.0,0.001,0.004,0.005,0.01,0.027
truth,5000,0.001,20000,0,3,selected,0.0,0.0,0.0,0.01,0.0,0.0,0.04
truth,5000,0.001,20000,0,5,neutral,0.0,0.0,0.0,0.0,0.003,0.003,0.007
truth,5000,0.001,20000,0,5,selected,0.0,0.0,0.0,0.0,0.0,0.0,0.02
truth,5000,0.001,20000,0,10,neutral,0.0,0.0,0.0,0.0,0.0,0.003,0.003
truth,5000,0.001,20000,0,10,selected,0.0,0.0,0.0,0.0,0.0,0.0,0.0
truth,5000,0.001,20000,0,20,neutral,0.0,0.0,0.0,0.0,0.0,0.001,0.001
truth,5000,0.001,20000,0,20,selected,0.0,0.0,0.0,0.0,0.0,0.0,0.0
truth,5000,0.001,20000,1,1,neutral,0.001,0.004,0.008,0.009,0.01,0.022,0.094
truth,5000,0.001,20000,1,1,selected,0.0,0.0,0.0,0.02,0.01,0.0,0.11
truth,5000,0.001,20000,1,3,neutral,0.0,0.001,0.001,0.003,0.004,0.009,0.026
truth,5000,0.001,20000,1,3,selected,0.0,0.0,0.0,0.01,0.0,0.0,0.04
truth,5000,0.001,20000,1,5,neutral,0.0,0.0,0.0,0.001,0.002,0.004,0.01
truth,5000,0.001,20000,1,5,selected,0.0,0.0,0.0,0.0,0.0,0.0,0.02
truth,5000,0.001,20000,1,10,neutral,0.0,0.0,0.0,0.0,0.0,0.003,0.003
truth,5000,0.001,20000,1,10,selected,0.0,0.0,0.0,0.0,0.0,0.0,0.0
truth,5000,0.001,20000,1,20,neutral,0.0,0.0,0.0,0.0,0.0,0.002,0.001
truth,5000,0.001,20000,1,20,selected,0.0,0.0,0.0,0.0,0.0,0.0,0.0
truth,5000,0.001,50000,0,1,neutral,0.001,0.001,0.002,0.008,0.009,0.016,0.059
truth,5000,0.001,50000,0,1,selected,0.0,0.0,0.0,0.02,0.02,0.0,0.08
truth,5000,0.001,50000,0,3,neutral,0.0,0.0,0.0,0.0,0.003,0.004,0.006
truth,5000,0.001,50000,0,3,selected,0.0,0.0,0.0,0.0,0.0,0.0,0.01
truth,5000,0.001,50000,0,5,neutral,0.0,0.0,0.0,0.0,0.0,0.003,0.002
truth,5000,0.001,50000,0,5,selected,0.0,0.0,0.0,0.0,0.0,0.0,0.0
truth,5000,0.001,50000,0,10,neutral,0.0,0.0,0.0,0.0,0.0,0.0,0.001
truth,5000,0.001,50000,0,10,selected,0.0,0.0,0.0,0.0,0.0,0.0,0.0
truth,5000,0.001,50000,0,20,neutral,0.0,0.0,0.0,0.0,0.0,0.0,0.0
truth,5000,0.001,50000,0,20,selected,0.0,0.0,0.0,0.0,0.0,0.0,0.0
truth,5000,0.001,50000,1,1,neutral,0.001,0.001,0.002,0.008,0.007,0.016,0.055
truth,5000,0.001,50000,1,1,selected,0.0,0.0,0.0,0.02,0.02,0.0,0.08
truth,5000,0.001,50000,1,3,neutral,0.0,0.0,0.0,0.001,0.001,0.004,0.008
truth,5000,0.001,50000,1,3,selected,0.0,0.0,0.0,0.0,0.0,0.0,0.01
truth,5000,0.001,50000,1,5,neutral,0.0,0.0,0.0,0.0,0.0,0.003,0.003
truth,5000,0.001,50000,1,5,selected,0.0,0.0,0.0,0.0,0.0,0.0,0.0
truth,5000,0.001,50000,1,10,neutral,0.0,0.0,0.0,0.0,0.0,0.001,0.001
truth,5000,0.001,50000,1,10,selected,0.0,0.0,0.0,0.0,0.0,0.0,0.0
truth,5000,0.001,50000,1,20,neutral,0.0,0.0,0.0,0.0,0.0,0.0,0.0
truth,5000,0.001,50000,1,20,selected,0.0,0.0,0.0,0.0,0.0,0.0,0.0
truth,5000,0.01,10000,0,1,neutral,0.009,0.013,0.049,0.091,0.16,0.348,0.942
truth,5000,0.01,10000,0,1,selected,0.02,0.02,0.07,0.07,0.2,0.06,0.83
truth,5000,0.01,10000,0,3,neutral,0.006,0.007,0.028,0.036,0.082,0.161,0.453
truth,5000,0.01,10000,0,3,selected,0.0,0.02,0.04,0.06,0.12,0.03,0.36
truth,5000,0.01,10000,0,5,neutral,0.003,0.005,0.017,0.023,0.052,0.109,0.318
truth,5000,0.01,10000,0,5,selected,0.0,0.01,0.02,0.04,0.05,0.02,0.25
truth,5000,0.01,10000,0,10,neutral,0.003,0.003,0.009,0.012,0.023,0.048,0.135
truth,5000,0.01,10000,0,10,selected,0.0,0.0,0.01,0.02,0.03,0.01,0.14
truth,5000,0.01,10000,0,20,neutral,0.001,0.0,0.004,0.003,0.007,0.015,0.049
truth,5000,0.01,10000,0,20,selected,0.0,0.0,0.0,0.01,0.02,0.0,0.08
truth,5000,0.01,10000,1,1,neutral,0.008,0.01,0.041,0.07,0.127,0.291,0.784
truth,5000,0.01,10000,1,1,selected,0.02,0.02,0.07,0.06,0.18,0.05,0.71
truth,5000,0.01,10000,1,3,neutral,0.005,0.006,0.024,0.038,0.07,0.147,0.431
truth,5000,0.01,10000,1,3,selected,0.0,0.02,0.04,0.05,0.11,0.02,0.38
truth,5000,0.01,10000,1,5,neutral,0.003,0.006,0.014,0.023,0.05,0.107,0.31
truth,5000,0.01,10000,1,5,selected,0.0,0.01,0.02,0.04,0.04,0.01,0.28
truth,5000,0.01,10000,1,10,neutral,0.003,0.004,0.008,0.013,0.023,0.053,0.144
truth,5000,0.01,10000,1,10,selected,0.0,0.0,0.01,0.02,0.02,0.01,0.15
truth,5000,0.01,10000,1,20,neutral,0.001,0.0,0.004,0.005,0.008,0.017,0.056
truth,5000,0.01,10000,1,20,selected,0.0,0.0,0.0,0.02,0.01,0.0,0.08
truth,5000,0.01,20000,0,1,neutral,0.013,0.004,0.043,0.058,0.118,0.257,0.703
truth,5000,0.01,20000,0,1,selected,0.02,0.02,0.04,0.07,0.16,0.05,0.64
truth,5000,0.01,20000,0,3,neutral,0.005,0.002,0.022,0.02,0.046,0.102,0.29
truth,5000,0.01,20000,0,3,selected,0.0,0.0,0.02,0.03,0.04,0.01,0.26
truth,5000,0.01,20000,0,5,neutral,0.004,0.002,0.013,0.012,0.026,0.056,0.158
truth,5000,0.01,20000,0,5,selected,0.0,0.0,0.01,0.02,0.02,0.01,0.15
truth,5000,0.01,20000,0,10,neutral,0.001,0.0,0.004,0.004,0.007,0.014,0.061
truth,5000,0.01,20000,0,10,selected,0.0,0.0,0.0,0.02,0.01,0.01,0.08
truth,5000,0.01,20000,0,20,neutral,0.001,0.0,0.0,0.001,0.001,0.002,0.011
truth,5000,0.01,20000,0,20,selected,0.0,0.0,0.0,0.0,0.0,0.0,0.03
truth,5000,0.01,20000,1,1,neutral,0.011,0.003,0.035,0.05,0.1,0.211,0.589
truth,5000,0.01,20000,1,1,selected,0.02,0.02,0.04,0.03,0.13,0.05,0.56
truth,5000,0.01,20000,1,3,neutral,0.005,0.003,0.018,0.017,0.044,0.102,0.289
truth,5000,0.01,20000,1,3,selected,0.0,0.0,0.02,0.03,0.04,0.01,0.27
truth,5000,0.01,20000,1,5,neutral,0.004,0.003,0.011,0.013,0.026,0.062,0.164
truth,5000,0.01,20000,1,5,selected,0.0,0.0,0.01,0.03,0.03,0.01,0.16
truth,5000,0.01,20000,1,10,neutral,0.001,0.0,0.004,0.007,0.009,0.02,0.071
truth,5000,0.01,20000,1,10,selected,0.0,0.0,0.0,0.02,0.01,0.01,0.09
truth,5000,0.01,20000,1,20,neutral,0.001,0.0,0.0,0.001,0.001,0.003,0.015
truth,5000,0.01,20000,1,20,selected,0.0,0.0,0.0,0.01,0.0,0.0,0.03
truth,5000,0.01,50000,0,1,neutral,0.004,0.006,0.024,0.034,0.072,0.16,0.451
truth,5000,0.01,50000,0,1,selected,0.0,0.01,0.05,0.03,0.06,0.05,0.41
truth,5000,0.01,50000,0,3,neutral,0.001,0.001,0.007,0.011,0.02,0.043,0.117
truth,5000,0.01,50000,0,3,selected,0.0,0.0,0.01,0.03,0.01,0.01,0.11
truth,5000,0.01,50000,0,5,neutral,0.0,0.0,0.005,0.004,0.004,0.016,0.052
truth,5000,0.01,50000,0,5,selected,0.0,0.0,0.0,0.02,0.01,0.0,0.07
truth,5000,0.01,50000,0,10,neutral,0.0,0.0,0.001,0.001,0.001,0.003,0.006
truth,5000,0.01,50000,0,10,selected,0.0,0.0,0.0,0.01,0.0,0.0,0.01
truth,5000,0.01,50000,0,20,neutral,0.0,0.0,0.0,0.0,0.0,0.0,0.001
truth,5000,0.01,50000,0,20,selected,0.0,0.0,0.0,0.0,0.0,0.0,0.0
truth,5000,0.01,50000,1,1,neutral,0.004,0.005,0.019,0.033,0.059,0.131,0.392
truth,5000,0.01,50000,1,1,selected,0.0,0.01,0.04,0.03,0.06,0.05,0.36
truth,5000,0.01,50000,1,3,neutral,0.001,0.002,0.006,0.013,0.023,0.043,0.116
truth,5000,0.01,50000,1,3,selected,0.0,0.0,0.01,0.03,0.01,0.01,0.12
truth,5000,0.01,50000,1,5,neutral,0.0,0.0,0.005,0.005,0.004,0.022,0.058
truth,5000,0.01,50000,1,5,selected,0.0,0.0,0.0,0.02,0.01,0.0,0.08
truth,5000,0.01,50000,1,10,neutral,0.0,0.0,0.002,0.002,0.001,0.004,0.012
truth,5000,0.01,50000,1,10,selected,0.0,0.0,0.0,0.01,0.0,0.0,0.01
truth,5000,0.01,50000,1,20,neutral,0.0,0.0,0.0,0.0,0.0,0.0,0.002
truth,5000,0.01,50000,1,20,selected,0.0,0.0,0.0,0.0,0.0,0.0,0.0
truth,5000,0.05,10000,0,1,neutral,0.059,0.063,0.205,0.285,0.637,1.196,3.645
truth,5000,0.05,10000,0,1,selected,0.02,0.04,0.1,0.17,0.46,0.76,3.43
truth,5000,0.05,10000,0,3,neutral,0.027,0.035,0.098,0.166,0.34,0.64,1.973
truth,5000,0.05,10000,0,3,selected,0.01,0.03,0.05,0.13,0.32,0.33,1.93
truth,5000,0.05,10000,0,5,neutral,0.019,0.024,0.069,0.116,0.234,0.444,1.357
truth,5000,0.05,10000,0,5,selected,0.0,0.03,0.04,0.08,0.2,0.21,1.27
truth,5000,0.05,10000,0,10,neutral,0.009,0.01,0.04,0.068,0.112,0.233,0.708
truth,5000,0.05,10000,0,10,selected,0.0,0.03,0.04,0.05,0.09,0.09,0.76
truth,5000,0.05,10000,0,20,neutral,0.004,0.006,0.013,0.032,0.052,0.112,0.323
truth,5000,0.05,10000,0,20,selected,0.0,0.02,0.01,0.02,0.05,0.01,0.33
truth,5000,0.05,10000,1,1,neutral,0.049,0.049,0.172,0.244,0.519,0.995,3.024
truth,5000,0.05,10000,1,1,selected,0.02,0.03,0.09,0.15,0.36,0.66,2.93
truth,5000,0.05,10000,1,3,neutral,0.024,0.032,0.094,0.157,0.321,0.604,1.852
truth,5000,0.05,10000,1,3,selected,0.01,0.02,0.04,0.12,0.29,0.32,1.77
truth,5000,0.05,10000,1,5,neutral,0.016,0.025,0.066,0.114,0.225,0.438,1.316
truth,5000,0.05,10000,1,5,selected,0.0,0.02,0.04,0.07,0.18,0.23,1.29
truth,5000,0.05,10000,1,10,neutral,0.008,0.013,0.039,0.074,0.121,0.253,0.731
truth,5000,0.05,10000,1,10,selected,0.0,0.02,0.04,0.05,0.1,0.12,0.8
truth,5000,0.05,10000,1,20,neutral,0.003,0.006,0.017,0.033,0.056,0.114,0.353
truth,5000,0.05,10000,1,20,selected,0.0,0.01,0.02,0.02,0.05,0.02,0.35
truth,5000,0.05,20000,0,1,neutral,0.048,0.036,0.166,0.216,0.481,0.902,2.798
truth,5000,0.05,20000,0,1,selected,0.02,0.04,0.06,0.15,0.38,0.59,2.62
truth,5000,0.05,20000,0,3,neutral,0.017,0.022,0.067,0.107,0.219,0.423,1.267
truth,5000,0.05,20000,0,3,selected,0.0,0.03,0.05,0.07,0.17,0.21,1.27
truth,5000,0.05,20000,0,5,neutral,0.01,0.012,0.046,0.071,0.124,0.259,0.796
truth,5000,0.05,20000,0,5,selected,0.0,0.03,0.04,0.05,0.1,0.12,0.82
truth,5000,0.05,20000,0,10,neutral,0.004,0.005,0.019,0.03,0.054,0.125,0.35
truth,5000,0.05,20000,0,10,selected,0.0,0.02,0.01,0.02,0.05,0.03,0.36
truth,5000,0.05,20000,0,20,neutral,0.001,0.002,0.005,0.009,0.014,0.039,0.101
truth,5000,0.05,20000,0,20,selected,0.0,0.0,0.01,0.02,0.01,0.0,0.11
truth,5000,0.05,20000,1,1,neutral,0.039,0.031,0.133,0.172,0.379,0.739,2.336
truth,5000,0.05,20000,1,1,selected,0.02,0.03,0.06,0.12,0.29,0.47,2.26
truth,5000,0.05,20000,1,3,neutral,0.017,0.023,0.064,0.095,0.208,0.396,1.218
truth,5000,0.05,20000,1,3,selected,0.0,0.02,0.05,0.06,0.19,0.22,1.26
truth,5000,0.05,20000,1,5,neutral,0.01,0.014,0.045,0.07,0.131,0.264,0.801
truth,5000,0.05,20000,1,5,selected,0.0,0.02,0.04,0.05,0.11,0.15,0.83
truth,5000,0.05,20000,1,10,neutral,0.004,0.006,0.021,0.032,0.065,0.124,0.371
truth,5000,0.05,20000,1,10,selected,0.0,0.01,0.02,0.02,0.05,0.03,0.37
truth,5000,0.05,20000,1,20,neutral,0.001,0.002,0.005,0.01,0.018,0.051,0.12
truth,5000,0.05,20000,1,20,selected,0.0,0.0,0.02,0.02,0.03,0.0,0.12
truth,5000,0.05,50000,0,1,neutral,0.02,0.024,0.08,0.162,0.279,0.582,1.813
truth,5000,0.05,50000,0,1,selected,0.01,0.02,0.04,0.08,0.2,0.33,1.8
truth,5000,0.05,50000,0,3,neutral,0.006,0.007,0.027,0.058,0.104,0.206,0.617
truth,5000,0.05,50000,0,3,selected,0.0,0.02,0.04,0.03,0.09,0.12,0.62
truth,5000,0.05,50000,0,5,neutral,0.003,0.003,0.012,0.033,0.049,0.1,0.306
truth,5000,0.05,50000,0,5,selected,0.0,0.01,0.02,0.01,0.06,0.02,0.29
truth,5000,0.05,50000,0,10,neutral,0.0,0.001,0.004,0.009,0.01,0.031,0.071
truth,5000,0.05,50000,0,10,selected,0.0,0.0,0.0,0.01,0.02,0.0,0.09
truth,5000,0.05,50000,0,20,neutral,0.0,0.0,0.0,0.0,0.002,0.006,0.012
truth,5000,0.05,50000,0,20,selected,0.0,0.0,0.0,0.0,0.0,0.0,0.0
truth,5000,0.05,50000,1,1,neutral,0.018,0.02,0.07,0.138,0.236,0.49,1.532
truth,5000,0.05,50000,1,1,selected,0.01,0.01,0.04,0.07,0.18,0.32,1.52
truth,5000,0.05,50000,1,3,neutral,0.005,0.008,0.029,0.06,0.102,0.214,0.633
truth,5000,0.05,50000,1,3,selected,0.0,0.01,0.04,0.03,0.09,0.13,0.62
truth,5000,0.05,50000,1,5,neutral,0.003,0.002,0.014,0.039,0.056,0.105,0.353
truth,5000,0.05,50000,1,5,selected,0.0,0.01,0.03,0.01,0.07,0.03,0.33
truth,5000,0.05,50000,1,10,neutral,0.0,0.001,0.004,0.012,0.014,0.04,0.093
truth,5000,0.05,50000,1,10,selected,0.0,0.0,0.0,0.01,0.02,0.0,0.11
truth,5000,0.05,50000,1,20,neutral,0.0,0.0,0.0,0.0,0.002,0.008,0.018
truth,5000,0.05,50000,1,20,selected,0.0,0.0,0.0,0.0,0.0,0.0,0.0
truth,10000,0.001,10000,0,1,neutral,0.003,0.006,0.017,0.021,0.047,0.067,0.224
truth,10000,0.001,10000,0,1,selected,0.01,0.02,0.05,0.04,0.05,0.07,0.21
truth,10000,0.001,10000,0,3,neutral,0.001,0.001,0.002,0.005,0.011,0.023,0.074
truth,10000,0.001,10000,0,3,selected,0.0,0.01,0.01,0.04,0.0,0.02,0.1
truth,10000,0.001,10000,0,5,neutral,0.0,0.001,0.001,0.004,0.005,0.008,0.034
truth,10000,0.001,10000,0,5,selected,0.0,0.0,0.0,0.03,0.0,0.0,0.04
truth,10000,0.001,10000,0,10,neutral,0.0,0.0,0.0,0.0,0.0,0.004,0.003
truth,10000,0.001,10000,0,10,selected,0.0,0.0,0.0,0.0,0.0,0.0,0.0
truth,10000,0.001,10000,0,20,neutral,0.0,0.0,0.0,0.0,0.0,0.0,0.001
truth,10000,0.001,10000,0,20,selected,0.0,0.0,0.0,0.0,0.0,0.0,0.0
truth,10000,0.001,10000,1,1,neutral,0.003,0.006,0.014,0.019,0.039,0.058,0.197
truth,10000,0.001,10000,1,1,selected,0.01,0.01,0.03,0.03,0.04,0.07,0.21
truth,10000,0.001,10000,1,3,neutral,0.001,0.001,0.004,0.005,0.011,0.023,0.08
truth,10000,0.001,10000,1,3,selected,0.01,0.01,0.01,0.03,0.0,0.02,0.1
truth,10000,0.001,10000,1,5,neutral,0.0,0.001,0.001,0.004,0.007,0.01,0.039
truth,10000,0.001,10000,1,5,selected,0.0,0.0,0.01,0.03,0.0,0.0,0.04
truth,10000,0.001,10000,1,10,neutral,0.0,0.0,0.0,0.0,0.001,0.005,0.006
truth,10000,0.001,10000,1,10,selected,0.0,0.0,0.0,0.01,0.0,0.0,0.0
truth,10000,0.001,10000,1,20,neutral,0.0,0.0,0.0,0.0,0.0,0.0,0.001
truth,10000,0.001,10000,1,20,selected,0.0,0.0,0.0,0.0,0.0,0.0,0.0
truth,10000,0.001,20000,0,1,neutral,0.002,0.002,0.008,0.015,0.029,0.055,0.157
truth,10000,0.001,20000,0,1,selected,0.0,0.01,0.05,0.04,0.02,0.06,0.18
truth,10000,0.001,20000,0,3,neutral,0.0,0.001,0.001,0.002,0.006,0.009,0.03
truth,10000,0.001,20000,0,3,selected,0.0,0.0,0.01,0.03,0.0,0.0,0.04
truth,10000,0.001,20000,0,5,neutral,0.0,0.0,0.0,0.0,0.0,0.005,0.006
truth,10000,0.001,20000,0,5,selected,0.0,0.0,0.0,0.0,0.0,0.0,0.01
truth,10000,0.001,20000,0,10,neutral,0.0,0.0,0.0,0.0,0.0,0.0,0.001
truth,10000,0.001,20000,0,10,selected,0.0,0.0,0.0,0.0,0.0,0.0,0.0
truth,10000,0.001,20000,0,20,neutral,0.0,0.0,0.0,0.0,0.0,0.0,0.0
truth,10000,0.001,20000,0,20,selected,0.0,0.0,0.0,0.0,0.0,0.0,0.0
truth,10000,0.001,20000,1,1,neutral,0.002,0.002,0.008,0.014,0.026,0.046,0.14
truth,10000,0.001,20000,1,1,selected,0.0,0.01,0.04,0.03,0.02,0.06,0.14
truth,10000,0.001,20000,1,3,neutral,0.0,0.001,0.001,0.003,0.005,0.011,0.033
truth,10000,0.001,20000,1,3,selected,0.0,0.0,0.01,0.03,0.0,0.0,0.04
truth,10000,0.001,20000,1,5,neutral,0.0,0.0,0.0,0.0,0.001,0.005,0.009
truth,10000,0.001,20000,1,5,selected,0.0,0.0,0.0,0.01,0.0,0.0,0.02
truth,10000,0.001,20000,1,10,neutral,0.0,0.0,0.0,0.0,0.0,0.0,0.001
truth,10000,0.001,20000,1,10,selected,0.0,0.0,0.0,0.0,0.0,0.0,0.0
truth,10000,0.001,20000,1,20,neutral,0.0,0.0,0.0,0.0,0.0,0.0,0.0
truth,10000,0.001,20000,1,20,selected,0.0,0.0,0.0,0.0,0.0,0.0,0.0
truth,10000,0.001,50000,0,1,neutral,0.001,0.002,0.005,0.009,0.016,0.029,0.086
truth,10000,0.001,50000,0,1,selected,0.0,0.01,0.02,0.03,0.01,0.02,0.07
truth,10000,0.001,50000,0,3,neutral,0.0,0.0,0.0,0.0,0.001,0.001,0.004
truth,10000,0.001,50000,0,3,selected,0.0,0.0,0.0,0.0,0.0,0.0,0.02
truth,10000,0.001,50000,0,5,neutral,0.0,0.0,0.0,0.0,0.0,0.0,0.0
truth,10000,0.001,50000,0,5,selected,0.0,0.0,0.0,0.0,0.0,0.0,0.0
truth,10000,0.001,50000,0,10,neutral,0.0,0.0,0.0,0.0,0.0,0.0,0.0
truth,10000,0.001,50000,0,10,selected,0.0,0.0,0.0,0.0,0.0,0.0,0.0
truth,10000,0.001,50000,0,20,neutral,0.0,0.0,0.0,0.0,0.0,0.0,0.0
truth,10000,0.001,50000,0,20,selected,0.0,0.0,0.0,0.0,0.0,0.0,0.0
truth,10000,0.001,50000,1,1,neutral,0.001,0.002,0.005,0.007,0.016,0.028,0.082
truth,10000,0.001,50000,1,1,selected,0.0,0.01,0.02,0.03,0.01,0.02,0.06
truth,10000,0.001,50000,1,3,neutral,0.0,0.0,0.0,0.0,0.001,0.001,0.004
truth,10000,0.001,50000,1,3,selected,0.0,0.0,0.0,0.0,0.0,0.0,0.02
truth,10000,0.001,50000,1,5,neutral,0.0,0.0,0.0,0.0,0.0,0.0,0.0
truth,10000,0.001,50000,1,5,selected,0.0,0.0,0.0,0.0,0.0,0.0,0.0
truth,10000,0.001,50000,1,10,neutral,0.0,0.0,0.0,0.0,0.0,0.0,0.0
truth,10000,0.001,50000,1,10,selected,0.0,0.0,0.0,0.0,0.0,0.0,0.0
truth,10000,0.001,50000,1,20,neutral,0.0,0.0,0.0,0.0,0.0,0.0,0.0
truth,10000,0.001,50000,1,20,selected,0.0,0.0,0.0,0.0,0.0,0.0,0.0
truth,10000,0.01,10000,0,1,neutral,0.021,0.032,0.085,0.121,0.237,0.523,1.606
truth,10000,0.01,10000,0,1,selected,0.05,0.05,0.2,0.25,0.31,0.62,1.94
truth,10000,0.01,10000,0,3,neutral,0.007,0.016,0.032,0.053,0.113,0.202,0.623
truth,10000,0.01,10000,0,3,selected,0.04,0.02,0.08,0.11,0.15,0.25,0.78
truth,10000,0.01,10000,0,5,neutral,0.005,0.009,0.019,0.03,0.064,0.104,0.355
truth,10000,0.01,10000,0,5,selected,0.02,0.02,0.05,0.08,0.07,0.15,0.42
truth,10000,0.01,10000,0,10,neutral,0.001,0.003,0.006,0.01,0.021,0.043,0.124
truth,10000,0.01,10000,0,10,selected,0.01,0.0,0.02,0.02,0.03,0.06,0.14
truth,10000,0.01,10000,0,20,neutral,0.0,0.0,0.001,0.002,0.004,0.008,0.026
truth,10000,0.01,10000,0,20,selected,0.0,0.0,0.0,0.0,0.01,0.0,0.04
truth,10000,0.01,10000,1,1,neutral,0.018,0.024,0.069,0.107,0.197,0.434,1.348
truth,10000,0.01,10000,1,1,selected,0.04,0.04,0.15,0.17,0.23,0.54,1.68
truth,10000,0.01,10000,1,3,neutral,0.008,0.016,0.032,0.051,0.106,0.19,0.627
truth,10000,0.01,10000,1,3,selected,0.03,0.02,0.06,0.1,0.13,0.23,0.78
truth,10000,0.01,10000,1,5,neutral,0.005,0.008,0.022,0.033,0.066,0.107,0.385
truth,10000,0.01,10000,1,5,selected,0.02,0.02,0.04,0.06,0.09,0.16,0.42
truth,10000,0.01,10000,1,10,neutral,0.001,0.003,0.008,0.011,0.026,0.049,0.145
truth,10000,0.01,10000,1,10,selected,0.01,0.01,0.02,0.03,0.05,0.08,0.16
truth,10000,0.01,10000,1,20,neutral,0.0,0.0,0.001,0.002,0.004,0.012,0.03
truth,10000,0.01,10000,1,20,selected,0.0,0.0,0.01,0.01,0.01,0.01,0.06
truth,10000,0.01,20000,0,1,neutral,0.019,0.019,0.069,0.089,0.177,0.371,1.115
truth,10000,0.01,20000,0,1,selected,0.04,0.03,0.12,0.12,0.22,0.45,1.38
truth,10000,0.01,20000,0,3,neutral,0.006,0.005,0.019,0.022,0.058,0.096,0.34
truth,10000,0.01,20000,0,3,selected,0.02,0.01,0.06,0.07,0.07,0.14,0.38
truth,10000,0.01,20000,0,5,neutral,0.001,0.003,0.009,0.011,0.03,0.051,0.154
truth,10000,0.01,20000,0,5,selected,0.01,0.0,0.03,0.05,0.04,0.07,0.15
truth,10000,0.01,20000,0,10,neutral,0.0,0.0,0.001,0.003,0.004,0.011,0.031
truth,10000,0.01,20000,0,10,selected,0.0,0.0,0.01,0.0,0.01,0.01,0.05
truth,10000,0.01,20000,0,20,neutral,0.0,0.0,0.0,0.0,0.0,0.001,0.003
truth,10000,0.01,20000,0,20,selected,0.0,0.0,0.0,0.0,0.0,0.0,0.0
truth,10000,0.01,20000,1,1,neutral,0.016,0.017,0.062,0.077,0.148,0.323,0.96
truth,10000,0.01,20000,1,1,selected,0.03,0.03,0.1,0.1,0.2,0.41,1.25
truth,10000,0.01,20000,1,3,neutral,0.008,0.006,0.021,0.023,0.065,0.104,0.348
truth,10000,0.01,20000,1,3,selected,0.02,0.01,0.06,0.06,0.08,0.14,0.38
truth,10000,0.01,20000,1,5,neutral,0.001,0.004,0.009,0.011,0.035,0.057,0.182
truth,10000,0.01,20000,1,5,selected,0.01,0.0,0.02,0.05,0.05,0.09,0.15
truth,10000,0.01,20000,1,10,neutral,0.0,0.0,0.001,0.003,0.006,0.013,0.042
truth,10000,0.01,20000,1,10,selected,0.0,0.0,0.01,0.01,0.01,0.02,0.05
truth,10000,0.01,20000,1,20,neutral,0.0,0.0,0.001,0.0,0.0,0.002,0.005
truth,10000,0.01,20000,1,20,selected,0.0,0.0,0.0,0.0,0.0,0.0,0.01
truth,10000,0.01,50000,0,1,neutral,0.006,0.013,0.037,0.06,0.103,0.214,0.684
truth,10000,0.01,50000,0,1,selected,0.0,0.04,0.09,0.12,0.15,0.24,0.84
truth,10000,0.01,50000,0,3,neutral,0.0,0.002,0.003,0.01,0.026,0.036,0.105
truth,10000,0.01,50000,0,3,selected,0.0,0.0,0.01,0.03,0.02,0.06,0.13
truth,10000,0.01,50000,0,5,neutral,0.0,0.0,0.001,0.001,0.003,0.007,0.028
truth,10000,0.01,50000,0,5,selected,0.0,0.0,0.01,0.01,0.01,0.0,0.04
truth,10000,0.01,50000,0,10,neutral,0.0,0.0,0.0,0.0,0.0,0.0,0.002
truth,10000,0.01,50000,0,10,selected,0.0,0.0,0.0,0.0,0.0,0.0,0.0
truth,10000,0.01,50000,0,20,neutral,0.0,0.0,0.0,0.0,0.0,0.0,0.0
truth,10000,0.01,50000,0,20,selected,0.0,0.0,0.0,0.0,0.0,0.0,0.0
truth,10000,0.01,50000,1,1,neutral,0.006,0.012,0.035,0.056,0.089,0.199,0.611
truth,10000,0.01,50000,1,1,selected,0.0,0.04,0.07,0.11,0.13,0.23,0.74
truth,10000,0.01,50000,1,3,neutral,0.0,0.003,0.002,0.012,0.026,0.039,0.118
truth,10000,0.01,50000,1,3,selected,0.0,0.0,0.01,0.03,0.02,0.06,0.17
truth,10000,0.01,50000,1,5,neutral,0.0,0.0,0.001,0.002,0.007,0.009,0.037
truth,10000,0.01,50000,1,5,selected,0.0,0.0,0.01,0.02,0.01,0.0,0.06
truth,10000,0.01,50000,1,10,neutral,0.0,0.0,0.001,0.0,0.0,0.0,0.004
truth,10000,0.01,50000,1,10,selected,0.0,0.0,0.0,0.01,0.0,0.0,0.0
truth,10000,0.01,50000,1,20,neutral,0.0,0.0,0.0,0.0,0.0,0.0,0.0
truth,10000,0.01,50000,1,20,selected,0.0,0.0,0.0,0.0,0.0,0.0,0.0
truth,10000,0.05,10000,0,1,neutral,0.092,0.098,0.282,0.471,1.032,2.129,6.313
truth,10000,0.05,10000,0,1,selected,0.14,0.19,0.46,0.53,1.12,2.05,7.3
truth,10000,0.05,10000,0,3,neutral,0.046,0.044,0.145,0.23,0.462,0.96,2.846
truth,10000,0.05,10000,0,3,selected,0.07,0.07,0.23,0.31,0.48,0.96,3.67
truth,10000,0.05,10000,0,5,neutral,0.029,0.026,0.089,0.157,0.285,0.604,1.757
truth,10000,0.05,10000,0,5,selected,0.05,0.05,0.16,0.16,0.38,0.6,2.35
truth,10000,0.05,10000,0,10,neutral,0.011,0.014,0.039,0.066,0.13,0.249,0.727
truth,10000,0.05,10000,0,10,selected,0.03,0.05,0.08,0.13,0.18,0.32,0.89
truth,10000,0.05,10000,0,20,neutral,0.002,0.007,0.009,0.02,0.04,0.069,0.215
truth,10000,0.05,10000,0,20,selected,0.01,0.0,0.03,0.05,0.05,0.09,0.24
truth,10000,0.05,10000,1,1,neutral,0.077,0.081,0.233,0.393,0.827,1.735,5.074
truth,10000,0.05,10000,1,1,selected,0.1,0.15,0.38,0.5,0.88,1.66,5.79
truth,10000,0.05,10000,1,3,neutral,0.044,0.042,0.14,0.225,0.459,0.925,2.725
truth,10000,0.05,10000,1,3,selected,0.05,0.09,0.21,0.31,0.5,0.89,3.31
truth,10000,0.05,10000,1,5,neutral,0.03,0.028,0.09,0.156,0.3,0.603,1.824
truth,10000,0.05,10000,1,5,selected,0.05,0.05,0.15,0.16,0.39,0.6,2.38
truth,10000,0.05,10000,1,10,neutral,0.012,0.013,0.042,0.076,0.146,0.283,0.821
truth,10000,0.05,10000,1,10,selected,0.05,0.04,0.08,0.12,0.21,0.36,1.07
truth,10000,0.05,10000,1,20,neutral,0.003,0.006,0.012,0.022,0.047,0.079,0.264
truth,10000,0.05,10000,1,20,selected,0.01,0.01,0.03,0.06,0.06,0.1,0.3
truth,10000,0.05,20000,0,1,neutral,0.077,0.064,0.223,0.342,0.731,1.521,4.518
truth,10000,0.05,20000,0,1,selected,0.08,0.15,0.38,0.4,0.86,1.46,5.19
truth,10000,0.05,20000,0,3,neutral,0.032,0.022,0.085,0.147,0.277,0.569,1.68
truth,10000,0.05,20000,0,3,selected,0.04,0.06,0.18,0.13,0.35,0.58,2.18
truth,10000,0.05,20000,0,5,neutral,0.016,0.012,0.049,0.076,0.146,0.296,0.867
truth,10000,0.05,20000,0,5,selected,0.02,0.05,0.09,0.11,0.2,0.41,1.1
truth,10000,0.05,20000,0,10,neutral,0.007,0.005,0.011,0.022,0.045,0.08,0.256
truth,10000,0.05,20000,0,10,selected,0.01,0.0,0.04,0.05,0.06,0.1,0.3
truth,10000,0.05,20000,0,20,neutral,0.0,0.0,0.002,0.002,0.008,0.007,0.039
truth,10000,0.05,20000,0,20,selected,0.0,0.0,0.0,0.02,0.01,0.01,0.04
truth,10000,0.05,20000,1,1,neutral,0.066,0.049,0.187,0.294,0.608,1.261,3.758
truth,10000,0.05,20000,1,1,selected,0.04,0.13,0.3,0.34,0.72,1.27,4.26
truth,10000,0.05,20000,1,3,neutral,0.033,0.021,0.081,0.143,0.28,0.562,1.69
truth,10000,0.05,20000,1,3,selected,0.03,0.05,0.19,0.13,0.32,0.59,2.19
truth,10000,0.05,20000,1,5,neutral,0.019,0.011,0.05,0.079,0.159,0.319,0.946
truth,10000,0.05,20000,1,5,selected,0.03,0.04,0.11,0.11,0.22,0.43,1.24
truth,10000,0.05,20000,1,10,neutral,0.007,0.005,0.015,0.027,0.056,0.107,0.316
truth,10000,0.05,20000,1,10,selected,0.01,0.01,0.04,0.05,0.07,0.11,0.33
truth,10000,0.05,20000,1,20,neutral,0.001,0.0,0.002,0.006,0.013,0.013,0.057
truth,10000,0.05,20000,1,20,selected,0.0,0.0,0.02,0.02,0.01,0.01,0.06
truth,10000,0.05,50000,0,1,neutral,0.027,0.045,0.122,0.212,0.457,0.933,2.766
truth,10000,0.05,50000,0,1,selected,0.01,0.1,0.27,0.27,0.51,0.92,3.39
truth,10000,0.05,50000,0,3,neutral,0.007,0.011,0.027,0.059,0.11,0.216,0.629
truth,10000,0.05,50000,0,3,selected,0.01,0.03,0.08,0.09,0.14,0.28,0.84
truth,10000,0.05,50000,0,5,neutral,0.003,0.003,0.01,0.025,0.037,0.068,0.214
truth,10000,0.05,50000,0,5,selected,0.0,0.01,0.04,0.04,0.05,0.05,0.22
truth,10000,0.05,50000,0,10,neutral,0.0,0.0,0.001,0.004,0.006,0.005,0.03
truth,10000,0.05,50000,0,10,selected,0.0,0.0,0.0,0.02,0.01,0.0,0.04
truth,10000,0.05,50000,0,20,neutral,0.0,0.0,0.0,0.0,0.0,0.0,0.001
truth,10000,0.05,50000,0,20,selected,0.0,0.0,0.0,0.0,0.0,0.0,0.0
truth,10000,0.05,50000,1,1,neutral,0.025,0.035,0.105,0.181,0.393,0.818,2.4
truth,10000,0.05,50000,1,1,selected,0.01,0.09,0.24,0.23,0.43,0.81,2.83
truth,10000,0.05,50000,1,3,neutral,0.007,0.01,0.031,0.07,0.118,0.242,0.698
truth,10000,0.05,50000,1,3,selected,0.01,0.03,0.08,0.09,0.16,0.28,0.9
truth,10000,0.05,50000,1,5,neutral,0.003,0.005,0.013,0.031,0.046,0.089,0.279
truth,10000,0.05,50000,1,5,selected,0.0,0.01,0.04,0.04,0.05,0.09,0.36
truth,10000,0.05,50000,1,10,neutral,0.001,0.0,0.001,0.006,0.006,0.012,0.046
truth,10000,0.05,50000,1,10,selected,0.0,0.0,0.0,0.02,0.02,0.0,0.07
truth,10000,0.05,50000,1,20,neutral,0.0,0.0,0.0,0.0,0.0,0.0,0.002
truth,10000,0.05,50000,1,20,selected,0.0,0.0,0.0,0.0,0.0,0.0,0.0
truth,20000,0.001,10000,0,1,neutral,0.002,0.005,0.015,0.015,0.045,0.078,0.251
truth,20000,0.001,10000,0,1,selected,0.12,0.05,0.14,0.06,0.06,0.07,0.16
truth,20000,0.001,10000,0,3,neutral,0.001,0.001,0.001,0.006,0.014,0.023,0.063
truth,20000,0.001,10000,0,3,selected,0.05,0.01,0.1,0.03,0.03,0.02,0.03
truth,20000,0.001,10000,0,5,neutral,0.001,0.0,0.0,0.005,0.004,0.009,0.032
truth,20000,0.001,10000,0,5,selected,0.04,0.0,0.05,0.01,0.02,0.02,0.01
truth,20000,0.001,10000,0,10,neutral,0.0,0.0,0.0,0.002,0.0,0.002,0.007
truth,20000,0.001,10000,0,10,selected,0.04,0.0,0.02,0.0,0.0,0.0,0.0
truth,20000,0.001,10000,0,20,neutral,0.0,0.0,0.0,0.0,0.0,0.0,0.002
truth,20000,0.001,10000,0,20,selected,0.02,0.0,0.01,0.0,0.0,0.0,0.0
truth,20000,0.001,10000,1,1,neutral,0.002,0.005,0.011,0.014,0.035,0.068,0.208
truth,20000,0.001,10000,1,1,selected,0.11,0.03,0.09,0.05,0.06,0.07,0.14
truth,20000,0.001,10000,1,3,neutral,0.001,0.001,0.002,0.006,0.016,0.026,0.077
truth,20000,0.001,10000,1,3,selected,0.06,0.01,0.08,0.03,0.03,0.02,0.04
truth,20000,0.001,10000,1,5,neutral,0.001,0.0,0.0,0.005,0.006,0.01,0.033
truth,20000,0.001,10000,1,5,selected,0.05,0.01,0.05,0.01,0.02,0.02,0.01
truth,20000,0.001,10000,1,10,neutral,0.0,0.0,0.0,0.002,0.0,0.002,0.009
truth,20000,0.001,10000,1,10,selected,0.04,0.0,0.02,0.0,0.0,0.0,0.0
truth,20000,0.001,10000,1,20,neutral,0.0,0.0,0.0,0.0,0.0,0.0,0.003
truth,20000,0.001,10000,1,20,selected,0.02,0.0,0.01,0.0,0.0,0.0,0.0
truth,20000,0.001,20000,0,1,neutral,0.002,0.003,0.009,0.01,0.027,0.053,0.159
truth,20000,0.001,20000,0,1,selected,0.11,0.04,0.11,0.05,0.06,0.06,0.13
truth,20000,0.001,20000,0,3,neutral,0.001,0.0,0.0,0.004,0.006,0.009,0.034
truth,20000,0.001,20000,0,3,selected,0.04,0.0,0.04,0.01,0.02,0.02,0.01
truth,20000,0.001,20000,0,5,neutral,0.0,0.0,0.0,0.003,0.001,0.002,0.009
truth,20000,0.001,20000,0,5,selected,0.04,0.0,0.02,0.0,0.0,0.0,0.01
truth,20000,0.001,20000,0,10,neutral,0.0,0.0,0.0,0.0,0.0,0.0,0.002
truth,20000,0.001,20000,0,10,selected,0.02,0.0,0.01,0.0,0.0,0.0,0.0
truth,20000,0.001,20000,0,20,neutral,0.0,0.0,0.0,0.0,0.0,0.0,0.0
truth,20000,0.001,20000,0,20,selected,0.0,0.0,0.01,0.0,0.0,0.0,0.0
truth,20000,0.001,20000,1,1,neutral,0.002,0.003,0.008,0.009,0.025,0.047,0.146
truth,20000,0.001,20000,1,1,selected,0.11,0.02,0.08,0.04,0.05,0.06,0.12
truth,20000,0.001,20000,1,3,neutral,0.001,0.0,0.001,0.004,0.006,0.011,0.035
truth,20000,0.001,20000,1,3,selected,0.05,0.01,0.04,0.01,0.02,0.02,0.01
truth,20000,0.001,20000,1,5,neutral,0.0,0.0,0.0,0.003,0.001,0.004,0.013
truth,20000,0.001,20000,1,5,selected,0.04,0.0,0.03,0.0,0.01,0.0,0.01
truth,20000,0.001,20000,1,10,neutral,0.0,0.0,0.0,0.001,0.0,0.0,0.002
truth,20000,0.001,20000,1,10,selected,0.02,0.0,0.01,0.0,0.0,0.0,0.0
truth,20000,0.001,20000,1,20,neutral,0.0,0.0,0.0,0.0,0.0,0.0,0.0
truth,20000,0.001,20000,1,20,selected,0.01,0.0,0.01,0.0,0.0,0.0,0.0
truth,20000,0.001,50000,0,1,neutral,0.001,0.002,0.004,0.006,0.017,0.036,0.087
truth,20000,0.001,50000,0,1,selected,0.05,0.03,0.05,0.04,0.03,0.02,0.06
truth,20000,0.001,50000,0,3,neutral,0.0,0.0,0.0,0.001,0.0,0.0,0.007
truth,20000,0.001,50000,0,3,selected,0.03,0.01,0.01,0.0,0.0,0.01,0.01
truth,20000,0.001,50000,0,5,neutral,0.0,0.0,0.0,0.001,0.0,0.0,0.002
truth,20000,0.001,50000,0,5,selected,0.01,0.01,0.01,0.0,0.0,0.0,0.0
truth,20000,0.001,50000,0,10,neutral,0.0,0.0,0.0,0.0,0.0,0.0,0.0
truth,20000,0.001,50000,0,10,selected,0.0,0.0,0.0,0.0,0.0,0.0,0.0
truth,20000,0.001,50000,0,20,neutral,0.0,0.0,0.0,0.0,0.0,0.0,0.0
truth,20000,0.001,50000,0,20,selected,0.0,0.0,0.0,0.0,0.0,0.0,0.0
truth,20000,0.001,50000,1,1,neutral,0.001,0.002,0.004,0.006,0.014,0.034,0.084
truth,20000,0.001,50000,1,1,selected,0.05,0.03,0.04,0.04,0.03,0.02,0.06
truth,20000,0.001,50000,1,3,neutral,0.0,0.0,0.0,0.002,0.001,0.001,0.008
truth,20000,0.001,50000,1,3,selected,0.04,0.01,0.01,0.0,0.0,0.01,0.01
truth,20000,0.001,50000,1,5,neutral,0.0,0.0,0.0,0.001,0.0,0.0,0.003
truth,20000,0.001,50000,1,5,selected,0.01,0.01,0.01,0.0,0.0,0.0,0.0
truth,20000,0.001,50000,1,10,neutral,0.0,0.0,0.0,0.0,0.0,0.0,0.0
truth,20000,0.001,50000,1,10,selected,0.0,0.0,0.0,0.0,0.0,0.0,0.0
truth,20000,0.001,50000,1,20,neutral,0.0,0.0,0.0,0.0,0.0,0.0,0.0
truth,20000,0.001,50000,1,20,selected,0.0,0.0,0.0,0.0,0.0,0.0,0.0
truth,20000,0.01,10000,0,1,neutral,0.024,0.024,0.092,0.14,0.278,0.555,1.618
truth,20000,0.01,10000,0,1,selected,0.24,0.13,0.5,0.39,0.29,0.57,1.45
truth,20000,0.01,10000,0,3,neutral,0.011,0.011,0.031,0.06,0.11,0.227,0.687
truth,20000,0.01,10000,0,3,selected,0.13,0.07,0.17,0.15,0.11,0.24,0.51
truth,20000,0.01,10000,0,5,neutral,0.006,0.006,0.019,0.038,0.056,0.122,0.409
truth,20000,0.01,10000,0,5,selected,0.12,0.05,0.13,0.09,0.05,0.12,0.34
truth,20000,0.01,10000,0,10,neutral,0.002,0.002,0.005,0.016,0.017,0.046,0.129
truth,20000,0.01,10000,0,10,selected,0.08,0.02,0.04,0.01,0.03,0.05,0.12
truth,20000,0.01,10000,0,20,neutral,0.0,0.0,0.0,0.005,0.002,0.01,0.027
truth,20000,0.01,10000,0,20,selected,0.04,0.01,0.02,0.01,0.02,0.01,0.03
truth,20000,0.01,10000,1,1,neutral,0.022,0.019,0.074,0.124,0.235,0.47,1.358
truth,20000,0.01,10000,1,1,selected,0.22,0.09,0.4,0.32,0.25,0.49,1.24
truth,20000,0.01,10000,1,3,neutral,0.011,0.011,0.032,0.062,0.111,0.218,0.677
truth,20000,0.01,10000,1,3,selected,0.13,0.06,0.12,0.14,0.1,0.25,0.54
truth,20000,0.01,10000,1,5,neutral,0.006,0.007,0.021,0.039,0.057,0.127,0.419
truth,20000,0.01,10000,1,5,selected,0.13,0.04,0.11,0.07,0.06,0.15,0.36
truth,20000,0.01,10000,1,10,neutral,0.003,0.002,0.007,0.017,0.016,0.05,0.153
truth,20000,0.01,10000,1,10,selected,0.09,0.02,0.06,0.02,0.04,0.05,0.14
truth,20000,0.01,10000,1,20,neutral,0.0,0.0,0.001,0.006,0.004,0.015,0.035
truth,20000,0.01,10000,1,20,selected,0.04,0.02,0.02,0.01,0.02,0.01,0.04
truth,20000,0.01,20000,0,1,neutral,0.018,0.012,0.067,0.102,0.196,0.398,1.166
truth,20000,0.01,20000,0,1,selected,0.24,0.06,0.32,0.25,0.22,0.41,1.05
truth,20000,0.01,20000,0,3,neutral,0.007,0.004,0.02,0.031,0.048,0.116,0.385
truth,20000,0.01,20000,0,3,selected,0.14,0.02,0.11,0.08,0.04,0.12,0.29
truth,20000,0.01,20000,0,5,neutral,0.003,0.001,0.008,0.016,0.022,0.048,0.163
truth,20000,0.01,20000,0,5,selected,0.11,0.01,0.06,0.01,0.04,0.08,0.13
truth,20000,0.01,20000,0,10,neutral,0.0,0.0,0.001,0.004,0.005,0.014,0.033
truth,20000,0.01,20000,0,10,selected,0.06,0.01,0.02,0.01,0.02,0.01,0.04
truth,20000,0.01,20000,0,20,neutral,0.0,0.0,0.0,0.0,0.0,0.0,0.005
truth,20000,0.01,20000,0,20,selected,0.02,0.0,0.01,0.0,0.0,0.0,0.0
truth,20000,0.01,20000,1,1,neutral,0.016,0.009,0.055,0.093,0.172,0.341,1.004
truth,20000,0.01,20000,1,1,selected,0.23,0.04,0.25,0.21,0.17,0.37,0.94
truth,20000,0.01,20000,1,3,neutral,0.007,0.004,0.021,0.032,0.05,0.116,0.393
truth,20000,0.01,20000,1,3,selected,0.15,0.02,0.09,0.06,0.05,0.11,0.28
truth,20000,0.01,20000,1,5,neutral,0.005,0.002,0.008,0.017,0.025,0.061,0.19
truth,20000,0.01,20000,1,5,selected,0.13,0.01,0.05,0.01,0.05,0.07,0.15
truth,20000,0.01,20000,1,10,neutral,0.0,0.0,0.002,0.005,0.007,0.018,0.043
truth,20000,0.01,20000,1,10,selected,0.06,0.01,0.01,0.01,0.02,0.02,0.05
truth,20000,0.01,20000,1,20,neutral,0.0,0.0,0.0,0.0,0.0,0.0,0.006
truth,20000,0.01,20000,1,20,selected,0.02,0.0,0.01,0.0,0.0,0.0,0.0
truth,20000,0.01,50000,0,1,neutral,0.005,0.011,0.039,0.065,0.115,0.227,0.717
truth,20000,0.01,50000,0,1,selected,0.14,0.08,0.19,0.16,0.09,0.24,0.56
truth,20000,0.01,50000,0,3,neutral,0.001,0.001,0.006,0.007,0.015,0.045,0.117
truth,20000,0.01,50000,0,3,selected,0.06,0.04,0.04,0.01,0.04,0.04,0.1
truth,20000,0.01,50000,0,5,neutral,0.0,0.0,0.001,0.004,0.004,0.011,0.025
truth,20000,0.01,50000,0,5,selected,0.03,0.02,0.02,0.0,0.02,0.02,0.02
truth,20000,0.01,50000,0,10,neutral,0.0,0.0,0.0,0.0,0.0,0.001,0.001
truth,20000,0.01,50000,0,10,selected,0.0,0.01,0.01,0.0,0.0,0.0,0.0
truth,20000,0.01,50000,0,20,neutral,0.0,0.0,0.0,0.0,0.0,0.0,0.0
truth,20000,0.01,50000,0,20,selected,0.0,0.0,0.0,0.0,0.0,0.0,0.0
truth,20000,0.01,50000,1,1,neutral,0.005,0.01,0.035,0.06,0.106,0.206,0.658
truth,20000,0.01,50000,1,1,selected,0.13,0.08,0.17,0.15,0.08,0.21,0.54
truth,20000,0.01,50000,1,3,neutral,0.002,0.001,0.006,0.009,0.018,0.046,0.13
truth,20000,0.01,50000,1,3,selected,0.06,0.04,0.04,0.01,0.03,0.04,0.12
truth,20000,0.01,50000,1,5,neutral,0.0,0.0,0.001,0.005,0.006,0.015,0.031
truth,20000,0.01,50000,1,5,selected,0.03,0.02,0.03,0.0,0.03,0.02,0.02
truth,20000,0.01,50000,1,10,neutral,0.0,0.0,0.0,0.0,0.0,0.001,0.001
truth,20000,0.01,50000,1,10,selected,0.0,0.01,0.01,0.0,0.0,0.0,0.0
truth,20000,0.01,50000,1,20,neutral,0.0,0.0,0.0,0.0,0.0,0.0,0.0
truth,20000,0.01,50000,1,20,selected,0.0,0.0,0.0,0.0,0.0,0.0,0.0
truth,20000,0.05,10000,0,1,neutral,0.082,0.106,0.321,0.577,1.047,2.139,6.58
truth,20000,0.05,10000,0,1,selected,0.44,0.25,0.7,1.15,1.23,2.29,7.14
truth,20000,0.05,10000,0,3,neutral,0.037,0.053,0.147,0.257,0.497,0.94,3.046
truth,20000,0.05,10000,0,3,selected,0.32,0.12,0.36,0.48,0.56,1.06,3.29
truth,20000,0.05,10000,0,5,neutral,0.029,0.033,0.094,0.166,0.332,0.581,1.933
truth,20000,0.05,10000,0,5,selected,0.25,0.1,0.27,0.32,0.34,0.7,1.87
truth,20000,0.05,10000,0,10,neutral,0.013,0.013,0.042,0.075,0.127,0.262,0.819
truth,20000,0.05,10000,0,10,selected,0.16,0.08,0.19,0.15,0.15,0.31,0.74
truth,20000,0.05,10000,0,20,neutral,0.003,0.003,0.01,0.022,0.03,0.088,0.226
truth,20000,0.05,10000,0,20,selected,0.09,0.04,0.07,0.03,0.05,0.09,0.22
truth,20000,0.05,10000,1,1,neutral,0.067,0.081,0.275,0.472,0.846,1.748,5.314
truth,20000,0.05,10000,1,1,selected,0.36,0.18,0.57,0.75,1.07,1.89,5.79
truth,20000,0.05,10000,1,3,neutral,0.036,0.048,0.139,0.246,0.476,0.9,2.885
truth,20000,0.05,10000,1,3,selected,0.28,0.1,0.32,0.43,0.56,1.04,3.25
truth,20000,0.05,10000,1,5,neutral,0.03,0.033,0.094,0.166,0.332,0.596,1.939
truth,20000,0.05,10000,1,5,selected,0.24,0.08,0.25,0.32,0.34,0.68,2.04
truth,20000,0.05,10000,1,10,neutral,0.014,0.013,0.045,0.078,0.149,0.291,0.925
truth,20000,0.05,10000,1,10,selected,0.17,0.07,0.19,0.18,0.16,0.34,0.84
truth,20000,0.05,10000,1,20,neutral,0.004,0.005,0.014,0.024,0.04,0.104,0.273
truth,20000,0.05,10000,1,20,selected,0.09,0.05,0.09,0.04,0.05,0.12,0.27
truth,20000,0.05,20000,0,1,neutral,0.062,0.06,0.252,0.395,0.757,1.537,4.75
truth,20000,0.05,20000,0,1,selected,0.41,0.13,0.57,0.73,0.96,1.69,5.18
truth,20000,0.05,20000,0,3,neutral,0.026,0.024,0.092,0.137,0.313,0.561,1.804
truth,20000,0.05,20000,0,3,selected,0.28,0.06,0.27,0.25,0.32,0.69,1.83
truth,20000,0.05,20000,0,5,neutral,0.014,0.011,0.05,0.07,0.157,0.305,0.966
truth,20000,0.05,20000,0,5,selected,0.21,0.05,0.21,0.16,0.18,0.34,0.85
truth,20000,0.05,20000,0,10,neutral,0.005,0.005,0.013,0.021,0.046,0.102,0.264
truth,20000,0.05,20000,0,10,selected,0.13,0.03,0.07,0.03,0.07,0.1,0.27
truth,20000,0.05,20000,0,20,neutral,0.0,0.002,0.002,0.002,0.006,0.013,0.034
truth,20000,0.05,20000,0,20,selected,0.03,0.01,0.02,0.0,0.01,0.03,0.01
truth,20000,0.05,20000,1,1,neutral,0.053,0.051,0.206,0.318,0.628,1.282,3.962
truth,20000,0.05,20000,1,1,selected,0.36,0.11,0.35,0.55,0.78,1.43,4.25
truth,20000,0.05,20000,1,3,neutral,0.027,0.026,0.093,0.14,0.303,0.56,1.814
truth,20000,0.05,20000,1,3,selected,0.26,0.06,0.21,0.25,0.31,0.63,1.89
truth,20000,0.05,20000,1,5,neutral,0.016,0.011,0.051,0.077,0.178,0.336,1.056
truth,20000,0.05,20000,1,5,selected,0.22,0.05,0.17,0.18,0.16,0.37,1.02
truth,20000,0.05,20000,1,10,neutral,0.005,0.007,0.016,0.027,0.057,0.119,0.334
truth,20000,0.05,20000,1,10,selected,0.15,0.03,0.08,0.04,0.08,0.15,0.32
truth,20000,0.05,20000,1,20,neutral,0.0,0.002,0.002,0.007,0.007,0.022,0.044
truth,20000,0.05,20000,1,20,selected,0.04,0.01,0.02,0.01,0.02,0.03,0.01
truth,20000,0.05,50000,0,1,neutral,0.019,0.046,0.148,0.241,0.478,0.956,2.949
truth,20000,0.05,50000,0,1,selected,0.22,0.15,0.3,0.42,0.56,1.09,3.09
truth,20000,0.05,50000,0,3,neutral,0.004,0.014,0.036,0.057,0.128,0.223,0.727
truth,20000,0.05,50000,0,3,selected,0.12,0.09,0.15,0.13,0.11,0.23,0.69
truth,20000,0.05,50000,0,5,neutral,0.001,0.002,0.013,0.023,0.036,0.095,0.23
truth,20000,0.05,50000,0,5,selected,0.08,0.06,0.11,0.03,0.07,0.12,0.19
truth,20000,0.05,50000,0,10,neutral,0.0,0.001,0.001,0.002,0.003,0.013,0.024
truth,20000,0.05,50000,0,10,selected,0.01,0.01,0.02,0.0,0.0,0.02,0.0
truth,20000,0.05,50000,0,20,neutral,0.0,0.0,0.0,0.0,0.0,0.0,0.0
truth,20000,0.05,50000,0,20,selected,0.0,0.0,0.01,0.0,0.0,0.0,0.0
truth,20000,0.05,50000,1,1,neutral,0.018,0.039,0.125,0.2,0.398,0.844,2.562
truth,20000,0.05,50000,1,1,selected,0.2,0.13,0.21,0.31,0.49,0.89,2.6
truth,20000,0.05,50000,1,3,neutral,0.004,0.016,0.039,0.066,0.134,0.239,0.786
truth,20000,0.05,50000,1,3,selected,0.13,0.08,0.15,0.15,0.14,0.3,0.84
truth,20000,0.05,50000,1,5,neutral,0.003,0.003,0.014,0.028,0.055,0.117,0.302
truth,20000,0.05,50000,1,5,selected,0.09,0.06,0.14,0.04,0.07,0.15,0.31
truth,20000,0.05,50000,1,10,neutral,0.0,0.001,0.003,0.002,0.006,0.018,0.038
truth,20000,0.05,50000,1,10,selected,0.03,0.01,0.02,0.0,0.01,0.02,0.0
truth,20000,0.05,50000,1,20,neutral,0.0,0.0,0.0,0.0,0.0,0.0,0.002
truth,20000,0.05,50000,1,20,selected,0.0,0.0,0.01,0.0,0.0,0.0,0.0
truth,30000,0.001,10000,0,1,neutral,0.004,0.003,0.01,0.012,0.041,0.088,0.271
truth,30000,0.001,10000,0,1,selected,0.23,0.04,0.14,0.01,0.11,0.05,0.27
truth,30000,0.001,10000,0,3,neutral,0.002,0.002,0.003,0.006,0.013,0.022,0.065
truth,30000,0.001,10000,0,3,selected,0.06,0.03,0.03,0.0,0.04,0.01,0.06
truth,30000,0.001,10000,0,5,neutral,0.0,0.0,0.002,0.003,0.006,0.01,0.025
truth,30000,0.001,10000,0,5,selected,0.05,0.01,0.01,0.0,0.03,0.0,0.03
truth,30000,0.001,10000,0,10,neutral,0.0,0.0,0.001,0.002,0.0,0.002,0.006
truth,30000,0.001,10000,0,10,selected,0.04,0.0,0.0,0.0,0.01,0.0,0.0
truth,30000,0.001,10000,0,20,neutral,0.0,0.0,0.0,0.0,0.0,0.0,0.0
truth,30000,0.001,10000,0,20,selected,0.0,0.0,0.0,0.0,0.0,0.0,0.0
truth,30000,0.001,10000,1,1,neutral,0.004,0.001,0.01,0.01,0.037,0.077,0.22
truth,30000,0.001,10000,1,1,selected,0.21,0.02,0.12,0.01,0.1,0.05,0.21
truth,30000,0.001,10000,1,3,neutral,0.003,0.001,0.003,0.005,0.013,0.026,0.076
truth,30000,0.001,10000,1,3,selected,0.06,0.02,0.04,0.0,0.04,0.01,0.07
truth,30000,0.001,10000,1,5,neutral,0.001,0.0,0.002,0.002,0.005,0.011,0.034
truth,30000,0.001,10000,1,5,selected,0.05,0.01,0.01,0.0,0.03,0.0,0.04
truth,30000,0.001,10000,1,10,neutral,0.0,0.0,0.001,0.001,0.002,0.002,0.008
truth,30000,0.001,10000,1,10,selected,0.05,0.0,0.0,0.0,0.01,0.0,0.01
truth,30000,0.001,10000,1,20,neutral,0.0,0.0,0.0,0.0,0.0,0.0,0.0
truth,30000,0.001,10000,1,20,selected,0.0,0.0,0.0,0.0,0.0,0.0,0.0
truth,30000,0.001,20000,0,1,neutral,0.004,0.001,0.008,0.008,0.031,0.059,0.164
truth,30000,0.001,20000,0,1,selected,0.19,0.02,0.07,0.01,0.07,0.05,0.15
truth,30000,0.001,20000,0,3,neutral,0.001,0.0,0.002,0.002,0.006,0.011,0.031
truth,30000,0.001,20000,0,3,selected,0.06,0.0,0.01,0.0,0.03,0.0,0.03
truth,30000,0.001,20000,0,5,neutral,0.0,0.0,0.001,0.002,0.0,0.003,0.008
truth,30000,0.001,20000,0,5,selected,0.04,0.0,0.01,0.0,0.01,0.0,0.0
truth,30000,0.001,20000,0,10,neutral,0.0,0.0,0.0,0.0,0.0,0.0,0.0
truth,30000,0.001,20000,0,10,selected,0.0,0.0,0.0,0.0,0.0,0.0,0.0
truth,30000,0.001,20000,0,20,neutral,0.0,0.0,0.0,0.0,0.0,0.0,0.0
truth,30000,0.001,20000,0,20,selected,0.0,0.0,0.0,0.0,0.0,0.0,0.0
truth,30000,0.001,20000,1,1,neutral,0.004,0.001,0.007,0.006,0.027,0.051,0.145
truth,30000,0.001,20000,1,1,selected,0.18,0.01,0.03,0.01,0.06,0.05,0.14
truth,30000,0.001,20000,1,3,neutral,0.001,0.0,0.002,0.001,0.007,0.012,0.036
truth,30000,0.001,20000,1,3,selected,0.06,0.0,0.01,0.0,0.03,0.0,0.03
truth,30000,0.001,20000,1,5,neutral,0.0,0.0,0.001,0.001,0.003,0.004,0.008
truth,30000,0.001,20000,1,5,selected,0.05,0.0,0.01,0.0,0.01,0.0,0.01
truth,30000,0.001,20000,1,10,neutral,0.0,0.0,0.001,0.0,0.0,0.0,0.001
truth,30000,0.001,20000,1,10,selected,0.01,0.0,0.0,0.0,0.0,0.0,0.0
truth,30000,0.001,20000,1,20,neutral,0.0,0.0,0.0,0.0,0.0,0.0,0.0
truth,30000,0.001,20000,1,20,selected,0.0,0.0,0.0,0.0,0.0,0.0,0.0
truth,30000,0.001,50000,0,1,neutral,0.001,0.002,0.005,0.005,0.015,0.033,0.093
truth,30000,0.001,50000,0,1,selected,0.13,0.05,0.02,0.0,0.05,0.01,0.1
truth,30000,0.001,50000,0,3,neutral,0.0,0.0,0.001,0.001,0.001,0.002,0.004
truth,30000,0.001,50000,0,3,selected,0.02,0.02,0.0,0.0,0.0,0.0,0.0
truth,30000,0.001,50000,0,5,neutral,0.0,0.0,0.0,0.0,0.0,0.0,0.0
truth,30000,0.001,50000,0,5,selected,0.0,0.0,0.0,0.0,0.0,0.0,0.0
truth,30000,0.001,50000,0,10,neutral,0.0,0.0,0.0,0.0,0.0,0.0,0.0
truth,30000,0.001,50000,0,10,selected,0.0,0.0,0.0,0.0,0.0,0.0,0.0
truth,30000,0.001,50000,0,20,neutral,0.0,0.0,0.0,0.0,0.0,0.0,0.0
truth,30000,0.001,50000,0,20,selected,0.0,0.0,0.0,0.0,0.0,0.0,0.0
truth,30000,0.001,50000,1,1,neutral,0.001,0.002,0.005,0.004,0.015,0.03,0.09
truth,30000,0.001,50000,1,1,selected,0.12,0.05,0.02,0.0,0.04,0.01,0.08
truth,30000,0.001,50000,1,3,neutral,0.0,0.0,0.001,0.001,0.002,0.003,0.004
truth,30000,0.001,50000,1,3,selected,0.02,0.02,0.01,0.0,0.01,0.0,0.01
truth,30000,0.001,50000,1,5,neutral,0.0,0.0,0.0,0.0,0.0,0.0,0.001
truth,30000,0.001,50000,1,5,selected,0.0,0.0,0.0,0.0,0.0,0.0,0.0
truth,30000,0.001,50000,1,10,neutral,0.0,0.0,0.0,0.0,0.0,0.0,0.0
truth,30000,0.001,50000,1,10,selected,0.0,0.0,0.0,0.0,0.0,0.0,0.0
truth,30000,0.001,50000,1,20,neutral,0.0,0.0,0.0,0.0,0.0,0.0,0.0
truth,30000,0.001,50000,1,20,selected,0.0,0.0,0.0,0.0,0.0,0.0,0.0
truth,30000,0.01,10000,0,1,neutral,0.03,0.027,0.094,0.152,0.291,0.582,1.801
truth,30000,0.01,10000,0,1,selected,0.38,0.22,0.35,0.23,0.52,0.53,2.19
truth,30000,0.01,10000,0,3,neutral,0.01,0.01,0.042,0.063,0.112,0.236,0.697
truth,30000,0.01,10000,0,3,selected,0.33,0.12,0.19,0.09,0.23,0.2,0.85
truth,30000,0.01,10000,0,5,neutral,0.006,0.005,0.024,0.037,0.066,0.138,0.377
truth,30000,0.01,10000,0,5,selected,0.27,0.07,0.08,0.07,0.14,0.1,0.48
truth,30000,0.01,10000,0,10,neutral,0.002,0.002,0.005,0.007,0.023,0.041,0.136
truth,30000,0.01,10000,0,10,selected,0.15,0.04,0.03,0.03,0.05,0.04,0.15
truth,30000,0.01,10000,0,20,neutral,0.0,0.0,0.001,0.001,0.004,0.008,0.017
truth,30000,0.01,10000,0,20,selected,0.06,0.0,0.0,0.01,0.02,0.0,0.05
truth,30000,0.01,10000,1,1,neutral,0.027,0.021,0.081,0.128,0.241,0.5,1.551
truth,30000,0.01,10000,1,1,selected,0.35,0.14,0.26,0.2,0.4,0.44,1.87
truth,30000,0.01,10000,1,3,neutral,0.011,0.009,0.04,0.063,0.113,0.238,0.697
truth,30000,0.01,10000,1,3,selected,0.31,0.1,0.15,0.08,0.24,0.21,0.86
truth,30000,0.01,10000,1,5,neutral,0.008,0.005,0.028,0.041,0.068,0.144,0.403
truth,30000,0.01,10000,1,5,selected,0.27,0.07,0.06,0.08,0.15,0.11,0.5
truth,30000,0.01,10000,1,10,neutral,0.002,0.002,0.005,0.011,0.026,0.048,0.154
truth,30000,0.01,10000,1,10,selected,0.16,0.04,0.02,0.04,0.08,0.06,0.19
truth,30000,0.01,10000,1,20,neutral,0.0,0.0,0.001,0.001,0.005,0.011,0.022
truth,30000,0.01,10000,1,20,selected,0.08,0.02,0.0,0.01,0.02,0.0,0.04
truth,30000,0.01,20000,0,1,neutral,0.023,0.017,0.068,0.103,0.212,0.422,1.3
truth,30000,0.01,20000,0,1,selected,0.41,0.08,0.29,0.15,0.35,0.39,1.6
truth,30000,0.01,20000,0,3,neutral,0.005,0.004,0.027,0.036,0.059,0.13,0.363
truth,30000,0.01,20000,0,3,selected,0.29,0.04,0.07,0.07,0.14,0.1,0.44
truth,30000,0.01,20000,0,5,neutral,0.002,0.002,0.008,0.011,0.026,0.049,0.157
truth,30000,0.01,20000,0,5,selected,0.17,0.02,0.03,0.04,0.06,0.05,0.21
truth,30000,0.01,20000,0,10,neutral,0.0,0.0,0.001,0.002,0.006,0.009,0.022
truth,30000,0.01,20000,0,10,selected,0.07,0.0,0.0,0.01,0.02,0.0,0.05
truth,30000,0.01,20000,0,20,neutral,0.0,0.0,0.0,0.0,0.0,0.0,0.0
truth,30000,0.01,20000,0,20,selected,0.01,0.0,0.0,0.0,0.0,0.0,0.01
truth,30000,0.01,20000,1,1,neutral,0.021,0.013,0.057,0.094,0.186,0.376,1.146
truth,30000,0.01,20000,1,1,selected,0.35,0.06,0.21,0.12,0.31,0.36,1.37
truth,30000,0.01,20000,1,3,neutral,0.007,0.003,0.025,0.035,0.062,0.139,0.384
truth,30000,0.01,20000,1,3,selected,0.27,0.04,0.05,0.07,0.13,0.09,0.45
truth,30000,0.01,20000,1,5,neutral,0.004,0.002,0.009,0.016,0.029,0.057,0.184
truth,30000,0.01,20000,1,5,selected,0.18,0.02,0.02,0.04,0.07,0.06,0.21
truth,30000,0.01,20000,1,10,neutral,0.0,0.001,0.001,0.002,0.006,0.012,0.029
truth,30000,0.01,20000,1,10,selected,0.1,0.0,0.01,0.01,0.02,0.0,0.06
truth,30000,0.01,20000,1,20,neutral,0.0,0.0,0.0,0.0,0.0,0.0,0.003
truth,30000,0.01,20000,1,20,selected,0.01,0.0,0.0,0.0,0.0,0.0,0.02
truth,30000,0.01,50000,0,1,neutral,0.006,0.015,0.04,0.067,0.13,0.253,0.77
truth,30000,0.01,50000,0,1,selected,0.2,0.15,0.13,0.11,0.22,0.22,0.9
truth,30000,0.01,50000,0,3,neutral,0.0,0.002,0.004,0.007,0.017,0.036,0.107
truth,30000,0.01,50000,0,3,selected,0.06,0.08,0.02,0.02,0.05,0.02,0.14
truth,30000,0.01,50000,0,5,neutral,0.0,0.0,0.001,0.001,0.003,0.006,0.017
truth,30000,0.01,50000,0,5,selected,0.03,0.05,0.0,0.0,0.02,0.0,0.03
truth,30000,0.01,50000,0,10,neutral,0.0,0.0,0.0,0.0,0.0,0.0,0.002
truth,30000,0.01,50000,0,10,selected,0.0,0.0,0.0,0.0,0.0,0.0,0.01
truth,30000,0.01,50000,0,20,neutral,0.0,0.0,0.0,0.0,0.0,0.0,0.0
truth,30000,0.01,50000,0,20,selected,0.0,0.0,0.0,0.0,0.0,0.0,0.0
truth,30000,0.01,50000,1,1,neutral,0.005,0.014,0.034,0.062,0.12,0.23,0.72
truth,30000,0.01,50000,1,1,selected,0.2,0.14,0.07,0.09,0.19,0.2,0.83
truth,30000,0.01,50000,1,3,neutral,0.0,0.004,0.005,0.009,0.019,0.041,0.127
truth,30000,0.01,50000,1,3,selected,0.08,0.08,0.02,0.02,0.07,0.03,0.15
truth,30000,0.01,50000,1,5,neutral,0.0,0.0,0.001,0.002,0.003,0.007,0.025
truth,30000,0.01,50000,1,5,selected,0.04,0.06,0.0,0.01,0.02,0.01,0.04
truth,30000,0.01,50000,1,10,neutral,0.0,0.0,0.0,0.0,0.0,0.0,0.002
truth,30000,0.01,50000,1,10,selected,0.01,0.0,0.0,0.0,0.0,0.0,0.01
truth,30000,0.01,50000,1,20,neutral,0.0,0.0,0.0,0.0,0.0,0.0,0.0
truth,30000,0.01,50000,1,20,selected,0.0,0.0,0.0,0.0,0.0,0.0,0.0
truth,30000,0.05,10000,0,1,neutral,0.106,0.122,0.364,0.606,1.19,2.328,7.268
truth,30000,0.05,10000,0,1,selected,0.7,0.25,0.83,0.77,1.37,2.23,6.62
truth,30000,0.05,10000,0,3,neutral,0.049,0.047,0.161,0.283,0.551,1.063,3.327
truth,30000,0.05,10000,0,3,selected,0.48,0.16,0.46,0.39,0.62,1.03,3.24
truth,30000,0.05,10000,0,5,neutral,0.031,0.022,0.093,0.185,0.339,0.639,1.997
truth,30000,0.05,10000,0,5,selected,0.43,0.12,0.27,0.22,0.42,0.69,2.12
truth,30000,0.05,10000,0,10,neutral,0.012,0.009,0.036,0.068,0.127,0.253,0.749
truth,30000,0.05,10000,0,10,selected,0.3,0.05,0.08,0.08,0.21,0.22,0.95
truth,30000,0.05,10000,0,20,neutral,0.003,0.001,0.007,0.019,0.027,0.067,0.168
truth,30000,0.05,10000,0,20,selected,0.16,0.04,0.02,0.03,0.1,0.05,0.21
truth,30000,0.05,10000,1,1,neutral,0.09,0.098,0.321,0.517,0.993,1.939,6.109
truth,30000,0.05,10000,1,1,selected,0.64,0.23,0.65,0.6,1.16,1.83,5.42
truth,30000,0.05,10000,1,3,neutral,0.05,0.046,0.162,0.27,0.525,1.017,3.224
truth,30000,0.05,10000,1,3,selected,0.48,0.17,0.38,0.36,0.58,0.96,3.05
truth,30000,0.05,10000,1,5,neutral,0.033,0.021,0.095,0.18,0.346,0.656,2.057
truth,30000,0.05,10000,1,5,selected,0.43,0.13,0.23,0.19,0.41,0.66,2.17
truth,30000,0.05,10000,1,10,neutral,0.013,0.009,0.042,0.072,0.148,0.291,0.853
truth,30000,0.05,10000,1,10,selected,0.32,0.06,0.07,0.1,0.21,0.26,1.03
truth,30000,0.05,10000,1,20,neutral,0.005,0.001,0.01,0.023,0.032,0.079,0.217
truth,30000,0.05,10000,1,20,selected,0.17,0.05,0.02,0.04,0.1,0.08,0.24
truth,30000,0.05,20000,0,1,neutral,0.093,0.065,0.286,0.431,0.881,1.725,5.328
truth,30000,0.05,20000,0,1,selected,0.64,0.16,0.61,0.58,0.97,1.62,4.93
truth,30000,0.05,20000,0,3,neutral,0.035,0.017,0.087,0.159,0.312,0.603,1.876
truth,30000,0.05,20000,0,3,selected,0.42,0.09,0.25,0.2,0.4,0.62,2.03
truth,30000,0.05,20000,0,5,neutral,0.018,0.009,0.042,0.069,0.156,0.307,0.902
truth,30000,0.05,20000,0,5,selected,0.32,0.05,0.09,0.09,0.2,0.26,1.1
truth,30000,0.05,20000,0,10,neutral,0.003,0.002,0.011,0.021,0.036,0.078,0.219
truth,30000,0.05,20000,0,10,selected,0.17,0.03,0.04,0.03,0.12,0.07,0.25
truth,30000,0.05,20000,0,20,neutral,0.0,0.0,0.0,0.002,0.002,0.008,0.017
truth,30000,0.05,20000,0,20,selected,0.08,0.0,0.0,0.01,0.01,0.0,0.03
truth,30000,0.05,20000,1,1,neutral,0.08,0.055,0.249,0.376,0.748,1.45,4.538
truth,30000,0.05,20000,1,1,selected,0.57,0.12,0.47,0.49,0.82,1.38,4.23
truth,30000,0.05,20000,1,3,neutral,0.035,0.016,0.091,0.164,0.314,0.622,1.912
truth,30000,0.05,20000,1,3,selected,0.4,0.08,0.21,0.21,0.38,0.64,1.9
truth,30000,0.05,20000,1,5,neutral,0.019,0.01,0.048,0.084,0.175,0.341,1.003
truth,30000,0.05,20000,1,5,selected,0.34,0.05,0.09,0.09,0.22,0.28,1.16
truth,30000,0.05,20000,1,10,neutral,0.003,0.002,0.015,0.023,0.043,0.096,0.268
truth,30000,0.05,20000,1,10,selected,0.2,0.03,0.05,0.04,0.11,0.09,0.32
truth,30000,0.05,20000,1,20,neutral,0.0,0.001,0.0,0.003,0.004,0.009,0.03
truth,30000,0.05,20000,1,20,selected,0.1,0.0,0.0,0.01,0.03,0.0,0.06
truth,30000,0.05,50000,0,1,neutral,0.025,0.059,0.162,0.277,0.526,1.063,3.341
truth,30000,0.05,50000,0,1,selected,0.38,0.19,0.36,0.37,0.65,1.09,3.01
truth,30000,0.05,50000,0,3,neutral,0.003,0.011,0.029,0.055,0.114,0.224,0.637
truth,30000,0.05,50000,0,3,selected,0.17,0.13,0.06,0.09,0.16,0.21,0.79
truth,30000,0.05,50000,0,5,neutral,0.001,0.002,0.009,0.01,0.028,0.06,0.183
truth,30000,0.05,50000,0,5,selected,0.1,0.11,0.02,0.02,0.09,0.06,0.25
truth,30000,0.05,50000,0,10,neutral,0.0,0.0,0.0,0.001,0.003,0.006,0.015
truth,30000,0.05,50000,0,10,selected,0.0,0.02,0.01,0.01,0.01,0.0,0.04
truth,30000,0.05,50000,0,20,neutral,0.0,0.0,0.0,0.0,0.0,0.0,0.0
truth,30000,0.05,50000,0,20,selected,0.0,0.0,0.0,0.0,0.0,0.0,0.0
truth,30000,0.05,50000,1,1,neutral,0.024,0.05,0.137,0.236,0.468,0.932,2.946
truth,30000,0.05,50000,1,1,selected,0.36,0.19,0.22,0.28,0.53,0.95,2.74
truth,30000,0.05,50000,1,3,neutral,0.005,0.013,0.033,0.062,0.13,0.243,0.714
truth,30000,0.05,50000,1,3,selected,0.19,0.13,0.06,0.1,0.17,0.25,0.83
truth,30000,0.05,50000,1,5,neutral,0.001,0.006,0.01,0.017,0.038,0.082,0.238
truth,30000,0.05,50000,1,5,selected,0.11,0.12,0.03,0.03,0.08,0.07,0.29
truth,30000,0.05,50000,1,10,neutral,0.0,0.0,0.0,0.002,0.003,0.01,0.031
truth,30000,0.05,50000,1,10,selected,0.01,0.03,0.01,0.01,0.01,0.0,0.05
truth,30000,0.05,50000,1,20,neutral,0.0,0.0,0.0,0.0,0.0,0.0,0.0
truth,30000,0.05,50000,1,20,selected,0.01,0.0,0.01,0.0,0.0,0.0,0.0
truth,40000,0.001,10000,0,1,neutral,0.003,0.003,0.015,0.03,0.055,0.092,0.279
truth,40000,0.001,10000,0,1,selected,0.25,0.07,0.09,0.01,0.11,0.12,0.1
truth,40000,0.001,10000,0,3,neutral,0.001,0.002,0.004,0.005,0.013,0.024,0.075
truth,40000,0.001,10000,0,3,selected,0.16,0.0,0.05,0.0,0.03,0.03,0.03
truth,40000,0.001,10000,0,5,neutral,0.001,0.001,0.0,0.001,0.002,0.006,0.026
truth,40000,0.001,10000,0,5,selected,0.08,0.0,0.03,0.0,0.01,0.03,0.02
truth,40000,0.001,10000,0,10,neutral,0.0,0.0,0.0,0.0,0.001,0.002,0.003
truth,40000,0.001,10000,0,10,selected,0.04,0.0,0.0,0.0,0.0,0.0,0.01
truth,40000,0.001,10000,0,20,neutral,0.0,0.0,0.0,0.0,0.0,0.0,0.0
truth,40000,0.001,10000,0,20,selected,0.0,0.0,0.0,0.0,0.0,0.0,0.0
truth,40000,0.001,10000,1,1,neutral,0.002,0.003,0.015,0.026,0.051,0.086,0.245
truth,40000,0.001,10000,1,1,selected,0.23,0.05,0.08,0.01,0.11,0.11,0.09
truth,40000,0.001,10000,1,3,neutral,0.001,0.002,0.004,0.007,0.013,0.025,0.078
truth,40000,0.001,10000,1,3,selected,0.15,0.01,0.06,0.0,0.03,0.03,0.03
truth,40000,0.001,10000,1,5,neutral,0.001,0.001,0.0,0.001,0.003,0.007,0.032
truth,40000,0.001,10000,1,5,selected,0.09,0.0,0.03,0.0,0.01,0.03,0.02
truth,40000,0.001,10000,1,10,neutral,0.0,0.0,0.0,0.0,0.001,0.002,0.005
truth,40000,0.001,10000,1,10,selected,0.04,0.0,0.0,0.0,0.0,0.0,0.01
truth,40000,0.001,10000,1,20,neutral,0.0,0.0,0.0,0.0,0.0,0.0,0.0
truth,40000,0.001,10000,1,20,selected,0.0,0.0,0.0,0.0,0.0,0.0,0.0
truth,40000,0.001,20000,0,1,neutral,0.001,0.003,0.011,0.018,0.033,0.064,0.196
truth,40000,0.001,20000,0,1,selected,0.24,0.0,0.13,0.01,0.09,0.09,0.06
truth,40000,0.001,20000,0,3,neutral,0.001,0.001,0.0,0.002,0.004,0.008,0.025
truth,40000,0.001,20000,0,3,selected,0.08,0.0,0.03,0.0,0.01,0.02,0.03
truth,40000,0.001,20000,0,5,neutral,0.0,0.0,0.0,0.0,0.001,0.003,0.004
truth,40000,0.001,20000,0,5,selected,0.04,0.0,0.0,0.0,0.0,0.0,0.01
truth,40000,0.001,20000,0,10,neutral,0.0,0.0,0.0,0.0,0.0,0.0,0.0
truth,40000,0.001,20000,0,10,selected,0.0,0.0,0.0,0.0,0.0,0.0,0.0
truth,40000,0.001,20000,0,20,neutral,0.0,0.0,0.0,0.0,0.0,0.0,0.0
truth,40000,0.001,20000,0,20,selected,0.0,0.0,0.0,0.0,0.0,0.0,0.0
truth,40000,0.001,20000,1,1,neutral,0.001,0.003,0.009,0.014,0.032,0.058,0.181
truth,40000,0.001,20000,1,1,selected,0.22,0.0,0.12,0.01,0.07,0.07,0.05
truth,40000,0.001,20000,1,3,neutral,0.001,0.002,0.001,0.003,0.005,0.011,0.028
truth,40000,0.001,20000,1,3,selected,0.08,0.0,0.03,0.0,0.02,0.02,0.03
truth,40000,0.001,20000,1,5,neutral,0.0,0.0,0.0,0.0,0.001,0.003,0.007
truth,40000,0.001,20000,1,5,selected,0.04,0.0,0.0,0.0,0.01,0.01,0.01
truth,40000,0.001,20000,1,10,neutral,0.0,0.0,0.0,0.0,0.0,0.0,0.0
truth,40000,0.001,20000,1,10,selected,0.0,0.0,0.0,0.0,0.0,0.0,0.0
truth,40000,0.001,20000,1,20,neutral,0.0,0.0,0.0,0.0,0.0,0.0,0.0
truth,40000,0.001,20000,1,20,selected,0.0,0.0,0.0,0.0,0.0,0.0,0.0
truth,40000,0.001,50000,0,1,neutral,0.0,0.002,0.006,0.007,0.019,0.036,0.101
truth,40000,0.001,50000,0,1,selected,0.18,0.03,0.07,0.0,0.04,0.06,0.05
truth,40000,0.001,50000,0,3,neutral,0.0,0.0,0.0,0.0,0.0,0.001,0.0
truth,40000,0.001,50000,0,3,selected,0.02,0.0,0.0,0.0,0.01,0.0,0.0
truth,40000,0.001,50000,0,5,neutral,0.0,0.0,0.0,0.0,0.0,0.0,0.0
truth,40000,0.001,50000,0,5,selected,0.01,0.0,0.0,0.0,0.0,0.0,0.0
truth,40000,0.001,50000,0,10,neutral,0.0,0.0,0.0,0.0,0.0,0.0,0.0
truth,40000,0.001,50000,0,10,selected,0.0,0.0,0.0,0.0,0.0,0.0,0.0
truth,40000,0.001,50000,0,20,neutral,0.0,0.0,0.0,0.0,0.0,0.0,0.0
truth,40000,0.001,50000,0,20,selected,0.0,0.0,0.0,0.0,0.0,0.0,0.0
truth,40000,0.001,50000,1,1,neutral,0.0,0.002,0.006,0.006,0.018,0.036,0.095
truth,40000,0.001,50000,1,1,selected,0.18,0.03,0.02,0.0,0.04,0.05,0.05
truth,40000,0.001,50000,1,3,neutral,0.0,0.0,0.0,0.0,0.0,0.002,0.001
truth,40000,0.001,50000,1,3,selected,0.04,0.0,0.0,0.0,0.01,0.0,0.0
truth,40000,0.001,50000,1,5,neutral,0.0,0.0,0.0,0.0,0.0,0.0,0.0
truth,40000,0.001,50000,1,5,selected,0.01,0.0,0.0,0.0,0.0,0.0,0.0
truth,40000,0.001,50000,1,10,neutral,0.0,0.0,0.0,0.0,0.0,0.0,0.0
truth,40000,0.001,50000,1,10,selected,0.0,0.0,0.0,0.0,0.0,0.0,0.0
truth,40000,0.001,50000,1,20,neutral,0.0,0.0,0.0,0.0,0.0,0.0,0.0
truth,40000,0.001,50000,1,20,selected,0.0,0.0,0.0,0.0,0.0,0.0,0.0
truth,40000,0.01,10000,0,1,neutral,0.02,0.024,0.086,0.154,0.341,0.646,1.869
truth,40000,0.01,10000,0,1,selected,0.46,0.21,0.32,0.25,0.4,0.53,1.85
truth,40000,0.01,10000,0,3,neutral,0.011,0.009,0.034,0.062,0.136,0.257,0.735
truth,40000,0.01,10000,0,3,selected,0.27,0.07,0.16,0.08,0.25,0.19,0.65
truth,40000,0.01,10000,0,5,neutral,0.005,0.005,0.02,0.032,0.066,0.14,0.393
truth,40000,0.01,10000,0,5,selected,0.25,0.04,0.1,0.05,0.17,0.12,0.31
truth,40000,0.01,10000,0,10,neutral,0.004,0.004,0.006,0.009,0.013,0.034,0.11
truth,40000,0.01,10000,0,10,selected,0.18,0.01,0.02,0.01,0.02,0.02,0.05
truth,40000,0.01,10000,0,20,neutral,0.0,0.002,0.001,0.0,0.002,0.003,0.013
truth,40000,0.01,10000,0,20,selected,0.07,0.0,0.0,0.0,0.0,0.01,0.0
truth,40000,0.01,10000,1,1,neutral,0.016,0.02,0.071,0.134,0.302,0.572,1.634
truth,40000,0.01,10000,1,1,selected,0.4,0.17,0.28,0.23,0.31,0.46,1.52
truth,40000,0.01,10000,1,3,neutral,0.01,0.009,0.032,0.06,0.131,0.255,0.748
truth,40000,0.01,10000,1,3,selected,0.28,0.08,0.17,0.08,0.2,0.2,0.67
truth,40000,0.01,10000,1,5,neutral,0.005,0.005,0.021,0.034,0.07,0.154,0.433
truth,40000,0.01,10000,1,5,selected,0.24,0.05,0.11,0.05,0.15,0.16,0.4
truth,40000,0.01,10000,1,10,neutral,0.004,0.004,0.008,0.011,0.016,0.04,0.122
truth,40000,0.01,10000,1,10,selected,0.18,0.01,0.02,0.01,0.04,0.02,0.08
truth,40000,0.01,10000,1,20,neutral,0.0,0.003,0.001,0.0,0.002,0.003,0.017
truth,40000,0.01,10000,1,20,selected,0.07,0.0,0.0,0.0,0.01,0.01,0.0
truth,40000,0.01,20000,0,1,neutral,0.014,0.013,0.065,0.104,0.247,0.462,1.375
truth,40000,0.01,20000,0,1,selected,0.41,0.09,0.24,0.16,0.3,0.4,1.27
truth,40000,0.01,20000,0,3,neutral,0.004,0.004,0.02,0.029,0.058,0.134,0.373
truth,40000,0.01,20000,0,3,selected,0.25,0.03,0.09,0.04,0.14,0.13,0.34
truth,40000,0.01,20000,0,5,neutral,0.004,0.003,0.008,0.01,0.022,0.045,0.13
truth,40000,0.01,20000,0,5,selected,0.19,0.0,0.02,0.02,0.04,0.02,0.07
truth,40000,0.01,20000,0,10,neutral,0.001,0.001,0.003,0.001,0.002,0.004,0.016
truth,40000,0.01,20000,0,10,selected,0.09,0.0,0.0,0.0,0.01,0.01,0.0
truth,40000,0.01,20000,0,20,neutral,0.0,0.001,0.0,0.0,0.0,0.0,0.0
truth,40000,0.01,20000,0,20,selected,0.01,0.0,0.0,0.0,0.0,0.0,0.0
truth,40000,0.01,20000,1,1,neutral,0.014,0.012,0.057,0.092,0.225,0.408,1.233
truth,40000,0.01,20000,1,1,selected,0.39,0.05,0.2,0.13,0.25,0.35,1.17
truth,40000,0.01,20000,1,3,neutral,0.004,0.005,0.024,0.028,0.062,0.15,0.401
truth,40000,0.01,20000,1,3,selected,0.27,0.02,0.08,0.03,0.12,0.16,0.36
truth,40000,0.01,20000,1,5,neutral,0.004,0.003,0.008,0.014,0.026,0.055,0.147
truth,40000,0.01,20000,1,5,selected,0.2,0.0,0.03,0.02,0.06,0.03,0.11
truth,40000,0.01,20000,1,10,neutral,0.001,0.002,0.003,0.002,0.003,0.004,0.024
truth,40000,0.01,20000,1,10,selected,0.09,0.0,0.0,0.0,0.01,0.01,0.0
truth,40000,0.01,20000,1,20,neutral,0.0,0.001,0.0,0.0,0.0,0.0,0.001
truth,40000,0.01,20000,1,20,selected,0.01,0.0,0.0,0.0,0.0,0.0,0.0
truth,40000,0.01,50000,0,1,neutral,0.004,0.011,0.036,0.063,0.153,0.271,0.829
truth,40000,0.01,50000,0,1,selected,0.28,0.09,0.16,0.1,0.2,0.21,0.86
truth,40000,0.01,50000,0,3,neutral,0.001,0.005,0.007,0.007,0.008,0.028,0.081
truth,40000,0.01,50000,0,3,selected,0.12,0.02,0.01,0.01,0.05,0.04,0.05
truth,40000,0.01,50000,0,5,neutral,0.0,0.002,0.002,0.001,0.0,0.003,0.012
truth,40000,0.01,50000,0,5,selected,0.06,0.0,0.0,0.0,0.01,0.01,0.0
truth,40000,0.01,50000,0,10,neutral,0.0,0.0,0.0,0.0,0.0,0.0,0.0
truth,40000,0.01,50000,0,10,selected,0.0,0.0,0.0,0.0,0.0,0.0,0.0
truth,40000,0.01,50000,0,20,neutral,0.0,0.0,0.0,0.0,0.0,0.0,0.0
truth,40000,0.01,50000,0,20,selected,0.0,0.0,0.0,0.0,0.0,0.0,0.0
truth,40000,0.01,50000,1,1,neutral,0.004,0.011,0.032,0.057,0.139,0.255,0.774
truth,40000,0.01,50000,1,1,selected,0.26,0.09,0.1,0.08,0.17,0.2,0.82
truth,40000,0.01,50000,1,3,neutral,0.001,0.005,0.007,0.009,0.014,0.032,0.089
truth,40000,0.01,50000,1,3,selected,0.13,0.02,0.02,0.01,0.07,0.04,0.06
truth,40000,0.01,50000,1,5,neutral,0.0,0.002,0.002,0.002,0.001,0.005,0.02
truth,40000,0.01,50000,1,5,selected,0.06,0.01,0.0,0.0,0.02,0.01,0.0
truth,40000,0.01,50000,1,10,neutral,0.0,0.0,0.0,0.0,0.0,0.0,0.0
truth,40000,0.01,50000,1,10,selected,0.0,0.0,0.0,0.0,0.0,0.0,0.0
truth,40000,0.01,50000,1,20,neutral,0.0,0.0,0.0,0.0,0.0,0.0,0.0
truth,40000,0.01,50000,1,20,selected,0.0,0.0,0.0,0.0,0.0,0.0,0.0
truth,40000,0.05,10000,0,1,neutral,0.111,0.128,0.373,0.612,1.336,2.531,7.77
truth,40000,0.05,10000,0,1,selected,0.72,0.29,0.62,0.89,1.24,2.56,7.37
truth,40000,0.05,10000,0,3,neutral,0.048,0.053,0.17,0.275,0.597,1.152,3.462
truth,40000,0.05,10000,0,3,selected,0.58,0.15,0.36,0.33,0.59,1.2,3.3
truth,40000,0.05,10000,0,5,neutral,0.026,0.033,0.099,0.155,0.338,0.685,2.019
truth,40000,0.05,10000,0,5,selected,0.46,0.11,0.25,0.19,0.39,0.58,1.97
truth,40000,0.05,10000,0,10,neutral,0.012,0.015,0.04,0.06,0.111,0.237,0.705
truth,40000,0.05,10000,0,10,selected,0.34,0.07,0.15,0.11,0.12,0.13,0.62
truth,40000,0.05,10000,0,20,neutral,0.005,0.003,0.009,0.014,0.017,0.047,0.135
truth,40000,0.05,10000,0,20,selected,0.18,0.0,0.05,0.01,0.03,0.05,0.07
truth,40000,0.05,10000,1,1,neutral,0.088,0.109,0.328,0.52,1.158,2.157,6.634
truth,40000,0.05,10000,1,1,selected,0.68,0.18,0.49,0.77,1.11,2.06,6.3
truth,40000,0.05,10000,1,3,neutral,0.046,0.058,0.171,0.275,0.586,1.138,3.37
truth,40000,0.05,10000,1,3,selected,0.59,0.15,0.31,0.33,0.57,1.14,3.26
truth,40000,0.05,10000,1,5,neutral,0.026,0.039,0.108,0.159,0.349,0.707,2.097
truth,40000,0.05,10000,1,5,selected,0.48,0.12,0.21,0.21,0.39,0.65,2.01
truth,40000,0.05,10000,1,10,neutral,0.013,0.015,0.044,0.065,0.125,0.265,0.812
truth,40000,0.05,10000,1,10,selected,0.34,0.07,0.14,0.1,0.16,0.14,0.75
truth,40000,0.05,10000,1,20,neutral,0.005,0.003,0.013,0.017,0.022,0.061,0.166
truth,40000,0.05,10000,1,20,selected,0.19,0.01,0.05,0.01,0.04,0.05,0.12
truth,40000,0.05,20000,0,1,neutral,0.092,0.077,0.294,0.438,1.018,1.884,5.778
truth,40000,0.05,20000,0,1,selected,0.74,0.14,0.51,0.66,0.92,1.86,5.67
truth,40000,0.05,20000,0,3,neutral,0.025,0.032,0.095,0.133,0.303,0.636,1.879
truth,40000,0.05,20000,0,3,selected,0.52,0.05,0.23,0.2,0.36,0.58,1.81
truth,40000,0.05,20000,0,5,neutral,0.017,0.015,0.047,0.064,0.14,0.28,0.863
truth,40000,0.05,20000,0,5,selected,0.38,0.05,0.15,0.11,0.18,0.16,0.78
truth,40000,0.05,20000,0,10,neutral,0.004,0.002,0.014,0.021,0.018,0.061,0.161
truth,40000,0.05,20000,0,10,selected,0.19,0.0,0.03,0.02,0.04,0.05,0.11
truth,40000,0.05,20000,0,20,neutral,0.0,0.001,0.001,0.001,0.001,0.003,0.011
truth,40000,0.05,20000,0,20,selected,0.04,0.0,0.0,0.0,0.01,0.01,0.0
truth,40000,0.05,20000,1,1,neutral,0.079,0.069,0.25,0.381,0.871,1.646,5.013
truth,40000,0.05,20000,1,1,selected,0.69,0.07,0.36,0.49,0.78,1.63,5.02
truth,40000,0.05,20000,1,3,neutral,0.025,0.03,0.1,0.137,0.324,0.651,1.942
truth,40000,0.05,20000,1,3,selected,0.53,0.04,0.18,0.16,0.34,0.58,1.81
truth,40000,0.05,20000,1,5,neutral,0.016,0.015,0.049,0.067,0.155,0.325,0.968
truth,40000,0.05,20000,1,5,selected,0.4,0.04,0.15,0.08,0.18,0.19,0.89
truth,40000,0.05,20000,1,10,neutral,0.005,0.002,0.02,0.023,0.023,0.077,0.205
truth,40000,0.05,20000,1,10,selected,0.22,0.01,0.04,0.03,0.05,0.06,0.17
truth,40000,0.05,20000,1,20,neutral,0.0,0.001,0.002,0.002,0.002,0.007,0.015
truth,40000,0.05,20000,1,20,selected,0.06,0.0,0.01,0.0,0.0,0.02,0.01
truth,40000,0.05,50000,0,1,neutral,0.025,0.056,0.155,0.285,0.594,1.175,3.578
truth,40000,0.05,50000,0,1,selected,0.51,0.16,0.28,0.37,0.63,1.25,3.44
truth,40000,0.05,50000,0,3,neutral,0.005,0.014,0.03,0.048,0.093,0.194,0.568
truth,40000,0.05,50000,0,3,selected,0.28,0.08,0.08,0.08,0.12,0.11,0.57
truth,40000,0.05,50000,0,5,neutral,0.004,0.005,0.005,0.016,0.02,0.061,0.146
truth,40000,0.05,50000,0,5,selected,0.13,0.04,0.03,0.01,0.03,0.02,0.1
truth,40000,0.05,50000,0,10,neutral,0.0,0.0,0.001,0.001,0.0,0.001,0.009
truth,40000,0.05,50000,0,10,selected,0.02,0.0,0.0,0.01,0.0,0.01,0.0
truth,40000,0.05,50000,0,20,neutral,0.0,0.0,0.0,0.0,0.0,0.0,0.0
truth,40000,0.05,50000,0,20,selected,0.0,0.0,0.0,0.0,0.0,0.01,0.0
truth,40000,0.05,50000,1,1,neutral,0.022,0.054,0.143,0.259,0.534,1.057,3.214
truth,40000,0.05,50000,1,1,selected,0.47,0.16,0.15,0.31,0.51,1.03,3.11
truth,40000,0.05,50000,1,3,neutral,0.006,0.014,0.03,0.05,0.102,0.225,0.668
truth,40000,0.05,50000,1,3,selected,0.3,0.08,0.07,0.08,0.14,0.19,0.68
truth,40000,0.05,50000,1,5,neutral,0.004,0.005,0.009,0.022,0.026,0.07,0.192
truth,40000,0.05,50000,1,5,selected,0.17,0.05,0.04,0.03,0.04,0.03,0.15
truth,40000,0.05,50000,1,10,neutral,0.0,0.0,0.002,0.002,0.001,0.004,0.011
truth,40000,0.05,50000,1,10,selected,0.03,0.0,0.0,0.01,0.01,0.02,0.01
truth,40000,0.05,50000,1,20,neutral,0.0,0.0,0.0,0.0,0.0,0.0,0.001
truth,40000,0.05,50000,1,20,selected,0.0,0.0,0.0,0.0,0.0,0.01,0.0
truth,50000,0.001,10000,0,1,neutral,0.003,0.006,0.007,0.03,0.051,0.114,0.312
truth,50000,0.001,10000,0,1,selected,0.6,0.07,0.04,0.1,0.08,0.1,0.29
truth,50000,0.001,10000,0,3,neutral,0.002,0.002,0.002,0.006,0.011,0.019,0.071
truth,50000,0.001,10000,0,3,selected,0.4,0.02,0.01,0.04,0.02,0.04,0.04
truth,50000,0.001,10000,0,5,neutral,0.0,0.001,0.002,0.0,0.004,0.004,0.014
truth,50000,0.001,10000,0,5,selected,0.32,0.01,0.01,0.01,0.01,0.0,0.01
truth,50000,0.001,10000,0,10,neutral,0.0,0.001,0.0,0.0,0.001,0.001,0.002
truth,50000,0.001,10000,0,10,selected,0.07,0.01,0.01,0.0,0.0,0.0,0.0
truth,50000,0.001,10000,0,20,neutral,0.0,0.0,0.0,0.0,0.0,0.0,0.0
truth,50000,0.001,10000,0,20,selected,0.0,0.0,0.0,0.0,0.0,0.0,0.0
truth,50000,0.001,10000,1,1,neutral,0.003,0.006,0.007,0.03,0.047,0.097,0.288
truth,50000,0.001,10000,1,1,selected,0.56,0.02,0.04,0.09,0.07,0.09,0.27
truth,50000,0.001,10000,1,3,neutral,0.002,0.002,0.002,0.006,0.012,0.023,0.072
truth,50000,0.001,10000,1,3,selected,0.4,0.01,0.01,0.04,0.03,0.04,0.05
truth,50000,0.001,10000,1,5,neutral,0.0,0.001,0.002,0.0,0.005,0.006,0.018
truth,50000,0.001,10000,1,5,selected,0.31,0.01,0.01,0.02,0.01,0.01,0.01
truth,50000,0.001,10000,1,10,neutral,0.0,0.001,0.0,0.0,0.001,0.001,0.003
truth,50000,0.001,10000,1,10,selected,0.07,0.01,0.01,0.0,0.0,0.0,0.0
truth,50000,0.001,10000,1,20,neutral,0.0,0.0,0.0,0.0,0.0,0.0,0.0
truth,50000,0.001,10000,1,20,selected,0.0,0.0,0.0,0.0,0.0,0.0,0.0
truth,50000,0.001,20000,0,1,neutral,0.002,0.004,0.006,0.02,0.033,0.063,0.224
truth,50000,0.001,20000,0,1,selected,0.53,0.01,0.06,0.06,0.05,0.08,0.18
truth,50000,0.001,20000,0,3,neutral,0.0,0.001,0.001,0.0,0.003,0.007,0.013
truth,50000,0.001,20000,0,3,selected,0.24,0.01,0.02,0.01,0.01,0.0,0.01
truth,50000,0.001,20000,0,5,neutral,0.0,0.001,0.0,0.0,0.001,0.002,0.002
truth,50000,0.001,20000,0,5,selected,0.1,0.01,0.01,0.0,0.0,0.0,0.0
truth,50000,0.001,20000,0,10,neutral,0.0,0.0,0.0,0.0,0.0,0.0,0.0
truth,50000,0.001,20000,0,10,selected,0.0,0.01,0.0,0.0,0.0,0.0,0.0
truth,50000,0.001,20000,0,20,neutral,0.0,0.0,0.0,0.0,0.0,0.0,0.0
truth,50000,0.001,20000,0,20,selected,0.0,0.0,0.0,0.0,0.0,0.0,0.0
truth,50000,0.001,20000,1,1,neutral,0.002,0.004,0.006,0.02,0.032,0.06,0.21
truth,50000,0.001,20000,1,1,selected,0.52,0.01,0.05,0.04,0.04,0.08,0.18
truth,50000,0.001,20000,1,3,neutral,0.0,0.001,0.001,0.0,0.003,0.008,0.02
truth,50000,0.001,20000,1,3,selected,0.24,0.01,0.02,0.01,0.01,0.0,0.01
truth,50000,0.001,20000,1,5,neutral,0.0,0.001,0.0,0.0,0.002,0.003,0.003
truth,50000,0.001,20000,1,5,selected,0.1,0.01,0.02,0.0,0.0,0.0,0.0
truth,50000,0.001,20000,1,10,neutral,0.0,0.0,0.0,0.0,0.0,0.0,0.0
truth,50000,0.001,20000,1,10,selected,0.0,0.01,0.0,0.0,0.0,0.0,0.0
truth,50000,0.001,20000,1,20,neutral,0.0,0.0,0.0,0.0,0.0,0.0,0.0
truth,50000,0.001,20000,1,20,selected,0.0,0.0,0.0,0.0,0.0,0.0,0.0
truth,50000,0.001,50000,0,1,neutral,0.001,0.002,0.004,0.01,0.018,0.034,0.11
truth,50000,0.001,50000,0,1,selected,0.49,0.02,0.02,0.05,0.03,0.04,0.08
truth,50000,0.001,50000,0,3,neutral,0.0,0.0,0.001,0.0,0.0,0.0,0.001
truth,50000,0.001,50000,0,3,selected,0.05,0.02,0.01,0.0,0.0,0.0,0.0
truth,50000,0.001,50000,0,5,neutral,0.0,0.0,0.0,0.0,0.0,0.0,0.0
truth,50000,0.001,50000,0,5,selected,0.0,0.0,0.0,0.0,0.0,0.0,0.0
truth,50000,0.001,50000,0,10,neutral,0.0,0.0,0.0,0.0,0.0,0.0,0.0
truth,50000,0.001,50000,0,10,selected,0.0,0.0,0.0,0.0,0.0,0.0,0.0
truth,50000,0.001,50000,0,20,neutral,0.0,0.0,0.0,0.0,0.0,0.0,0.0
truth,50000,0.001,50000,0,20,selected,0.0,0.0,0.0,0.0,0.0,0.0,0.0
truth,50000,0.001,50000,1,1,neutral,0.001,0.002,0.004,0.01,0.016,0.033,0.109
truth,50000,0.001,50000,1,1,selected,0.48,0.02,0.02,0.04,0.03,0.04,0.08
truth,50000,0.001,50000,1,3,neutral,0.0,0.0,0.001,0.0,0.001,0.001,0.001
truth,50000,0.001,50000,1,3,selected,0.05,0.02,0.01,0.0,0.0,0.0,0.0
truth,50000,0.001,50000,1,5,neutral,0.0,0.0,0.0,0.0,0.0,0.0,0.0
truth,50000,0.001,50000,1,5,selected,0.0,0.0,0.0,0.0,0.0,0.0,0.0
truth,50000,0.001,50000,1,10,neutral,0.0,0.0,0.0,0.0,0.0,0.0,0.0
truth,50000,0.001,50000,1,10,selected,0.0,0.0,0.0,0.0,0.0,0.0,0.0
truth,50000,0.001,50000,1,20,neutral,0.0,0.0,0.0,0.0,0.0,0.0,0.0
truth,50000,0.001,50000,1,20,selected,0.0,0.0,0.0,0.0,0.0,0.0,0.0
truth,50000,0.01,10000,0,1,neutral,0.025,0.041,0.096,0.195,0.367,0.716,2.108
truth,50000,0.01,10000,0,1,selected,0.7,0.23,0.3,0.21,0.44,0.65,2.06
truth,50000,0.01,10000,0,3,neutral,0.009,0.017,0.035,0.067,0.126,0.25,0.762
truth,50000,0.01,10000,0,3,selected,0.62,0.08,0.15,0.08,0.18,0.22,0.84
truth,50000,0.01,10000,0,5,neutral,0.005,0.008,0.018,0.028,0.056,0.116,0.372
truth,50000,0.01,10000,0,5,selected,0.5,0.06,0.07,0.04,0.1,0.1,0.4
truth,50000,0.01,10000,0,10,neutral,0.001,0.002,0.005,0.004,0.01,0.028,0.075
truth,50000,0.01,10000,0,10,selected,0.29,0.02,0.04,0.03,0.02,0.03,0.11
truth,50000,0.01,10000,0,20,neutral,0.0,0.002,0.0,0.0,0.0,0.002,0.007
truth,50000,0.01,10000,0,20,selected,0.09,0.01,0.0,0.01,0.02,0.0,0.0
truth,50000,0.01,10000,1,1,neutral,0.024,0.034,0.085,0.172,0.328,0.628,1.874
truth,50000,0.01,10000,1,1,selected,0.67,0.13,0.24,0.19,0.39,0.56,1.86
truth,50000,0.01,10000,1,3,neutral,0.01,0.015,0.036,0.073,0.127,0.259,0.778
truth,50000,0.01,10000,1,3,selected,0.62,0.05,0.12,0.08,0.17,0.2,0.83
truth,50000,0.01,10000,1,5,neutral,0.005,0.01,0.02,0.035,0.061,0.132,0.402
truth,50000,0.01,10000,1,5,selected,0.52,0.03,0.07,0.05,0.1,0.09,0.43
truth,50000,0.01,10000,1,10,neutral,0.001,0.002,0.005,0.004,0.014,0.033,0.091
truth,50000,0.01,10000,1,10,selected,0.34,0.02,0.04,0.03,0.03,0.04,0.11
truth,50000,0.01,10000,1,20,neutral,0.0,0.002,0.0,0.0,0.0,0.002,0.009
truth,50000,0.01,10000,1,20,selected,0.09,0.01,0.0,0.01,0.02,0.0,0.0
truth,50000,0.01,20000,0,1,neutral,0.022,0.019,0.078,0.132,0.255,0.516,1.55
truth,50000,0.01,20000,0,1,selected,0.66,0.14,0.26,0.15,0.29,0.43,1.5
truth,50000,0.01,20000,0,3,neutral,0.008,0.009,0.018,0.026,0.059,0.114,0.339
truth,50000,0.01,20000,0,3,selected,0.51,0.02,0.1,0.02,0.1,0.08,0.41
truth,50000,0.01,20000,0,5,neutral,0.002,0.003,0.007,0.005,0.016,0.036,0.096
truth,50000,0.01,20000,0,5,selected,0.31,0.02,0.07,0.01,0.03,0.05,0.12
truth,50000,0.01,20000,0,10,neutral,0.0,0.002,0.0,0.001,0.001,0.002,0.01
truth,50000,0.01,20000,0,10,selected,0.09,0.01,0.01,0.0,0.02,0.0,0.01
truth,50000,0.01,20000,0,20,neutral,0.0,0.0,0.0,0.0,0.0,0.0,0.001
truth,50000,0.01,20000,0,20,selected,0.0,0.0,0.0,0.0,0.0,0.0,0.0
truth,50000,0.01,20000,1,1,neutral,0.019,0.017,0.071,0.12,0.233,0.463,1.407
truth,50000,0.01,20000,1,1,selected,0.66,0.05,0.18,0.15,0.28,0.37,1.41
truth,50000,0.01,20000,1,3,neutral,0.008,0.008,0.02,0.029,0.061,0.126,0.363
truth,50000,0.01,20000,1,3,selected,0.51,0.02,0.08,0.02,0.11,0.09,0.45
truth,50000,0.01,20000,1,5,neutral,0.001,0.004,0.01,0.007,0.017,0.041,0.12
truth,50000,0.01,20000,1,5,selected,0.36,0.02,0.06,0.01,0.03,0.05,0.13
truth,50000,0.01,20000,1,10,neutral,0.0,0.002,0.0,0.001,0.004,0.004,0.013
truth,50000,0.01,20000,1,10,selected,0.12,0.01,0.01,0.0,0.02,0.0,0.01
truth,50000,0.01,20000,1,20,neutral,0.0,0.0,0.0,0.0,0.0,0.0,0.001
truth,50000,0.01,20000,1,20,selected,0.0,0.0,0.0,0.0,0.0,0.0,0.0
truth,50000,0.01,50000,0,1,neutral,0.005,0.017,0.043,0.072,0.152,0.295,0.903
truth,50000,0.01,50000,0,1,selected,0.6,0.08,0.14,0.12,0.15,0.23,0.91
truth,50000,0.01,50000,0,3,neutral,0.001,0.001,0.008,0.002,0.009,0.023,0.065
truth,50000,0.01,50000,0,3,selected,0.2,0.02,0.04,0.03,0.02,0.04,0.08
truth,50000,0.01,50000,0,5,neutral,0.0,0.0,0.001,0.0,0.002,0.003,0.003
truth,50000,0.01,50000,0,5,selected,0.05,0.01,0.0,0.01,0.01,0.01,0.0
truth,50000,0.01,50000,0,10,neutral,0.0,0.0,0.0,0.0,0.0,0.0,0.0
truth,50000,0.01,50000,0,10,selected,0.0,0.0,0.0,0.0,0.0,0.0,0.0
truth,50000,0.01,50000,0,20,neutral,0.0,0.0,0.0,0.0,0.0,0.0,0.0
truth,50000,0.01,50000,0,20,selected,0.0,0.0,0.0,0.0,0.0,0.0,0.0
truth,50000,0.01,50000,1,1,neutral,0.005,0.016,0.042,0.066,0.143,0.28,0.854
truth,50000,0.01,50000,1,1,selected,0.6,0.08,0.07,0.09,0.14,0.23,0.87
truth,50000,0.01,50000,1,3,neutral,0.001,0.001,0.009,0.004,0.01,0.033,0.078
truth,50000,0.01,50000,1,3,selected,0.23,0.02,0.04,0.01,0.02,0.04,0.08
truth,50000,0.01,50000,1,5,neutral,0.0,0.0,0.001,0.001,0.003,0.003,0.007
truth,50000,0.01,50000,1,5,selected,0.08,0.02,0.0,0.01,0.01,0.01,0.0
truth,50000,0.01,50000,1,10,neutral,0.0,0.0,0.0,0.0,0.0,0.0,0.0
truth,50000,0.01,50000,1,10,selected,0.0,0.0,0.0,0.0,0.0,0.0,0.0
truth,50000,0.01,50000,1,20,neutral,0.0,0.0,0.0,0.0,0.0,0.0,0.0
truth,50000,0.01,50000,1,20,selected,0.0,0.0,0.0,0.0,0.0,0.0,0.0
truth,50000,0.05,10000,0,1,neutral,0.098,0.153,0.414,0.704,1.467,2.837,8.512
truth,50000,0.05,10000,0,1,selected,0.8,0.3,0.75,0.97,1.43,2.57,8.57
truth,50000,0.05,10000,0,3,neutral,0.047,0.058,0.177,0.31,0.619,1.208,3.679
truth,50000,0.05,10000,0,3,selected,0.73,0.15,0.39,0.4,0.72,1.15,3.7
truth,50000,0.05,10000,0,5,neutral,0.028,0.034,0.096,0.186,0.321,0.667,2.022
truth,50000,0.05,10000,0,5,selected,0.68,0.08,0.2,0.23,0.4,0.63,2.11
truth,50000,0.05,10000,0,10,neutral,0.008,0.013,0.033,0.05,0.089,0.202,0.591
truth,50000,0.05,10000,0,10,selected,0.48,0.03,0.08,0.06,0.14,0.13,0.61
truth,50000,0.05,10000,0,20,neutral,0.001,0.004,0.008,0.004,0.014,0.033,0.079
truth,50000,0.05,10000,0,20,selected,0.21,0.02,0.02,0.0,0.04,0.02,0.05
truth,50000,0.05,10000,1,1,neutral,0.087,0.133,0.37,0.617,1.277,2.466,7.344
truth,50000,0.05,10000,1,1,selected,0.78,0.21,0.58,0.87,1.19,2.24,7.34
truth,50000,0.05,10000,1,3,neutral,0.048,0.059,0.179,0.297,0.61,1.202,3.597
truth,50000,0.05,10000,1,3,selected,0.72,0.1,0.34,0.38,0.66,1.11,3.73
truth,50000,0.05,10000,1,5,neutral,0.032,0.034,0.103,0.186,0.349,0.715,2.136
truth,50000,0.05,10000,1,5,selected,0.67,0.07,0.22,0.22,0.45,0.64,2.33
truth,50000,0.05,10000,1,10,neutral,0.01,0.014,0.036,0.063,0.104,0.23,0.707
truth,50000,0.05,10000,1,10,selected,0.51,0.03,0.11,0.05,0.18,0.16,0.71
truth,50000,0.05,10000,1,20,neutral,0.001,0.004,0.008,0.007,0.016,0.039,0.115
truth,50000,0.05,10000,1,20,selected,0.21,0.02,0.02,0.0,0.06,0.03,0.06
truth,50000,0.05,20000,0,1,neutral,0.09,0.079,0.328,0.503,1.088,2.096,6.325
truth,50000,0.05,20000,0,1,selected,0.79,0.18,0.59,0.65,1.1,1.98,6.23
truth,50000,0.05,20000,0,3,neutral,0.033,0.026,0.102,0.159,0.303,0.63,1.891
truth,50000,0.05,20000,0,3,selected,0.66,0.04,0.23,0.19,0.39,0.57,2.02
truth,50000,0.05,20000,0,5,neutral,0.014,0.011,0.045,0.058,0.123,0.249,0.777
truth,50000,0.05,20000,0,5,selected,0.53,0.02,0.11,0.05,0.2,0.19,0.78
truth,50000,0.05,20000,0,10,neutral,0.003,0.004,0.006,0.005,0.019,0.041,0.114
truth,50000,0.05,20000,0,10,selected,0.22,0.02,0.03,0.01,0.05,0.03,0.07
truth,50000,0.05,20000,0,20,neutral,0.0,0.001,0.0,0.0,0.0,0.001,0.006
truth,50000,0.05,20000,0,20,selected,0.04,0.0,0.0,0.0,0.0,0.0,0.0
truth,50000,0.05,20000,1,1,neutral,0.087,0.069,0.29,0.449,0.949,1.833,5.553
truth,50000,0.05,20000,1,1,selected,0.77,0.1,0.39,0.55,0.95,1.75,5.6
truth,50000,0.05,20000,1,3,neutral,0.036,0.026,0.104,0.161,0.321,0.654,1.992
truth,50000,0.05,20000,1,3,selected,0.66,0.03,0.16,0.22,0.37,0.61,2.05
truth,50000,0.05,20000,1,5,neutral,0.018,0.01,0.045,0.071,0.146,0.292,0.873
truth,50000,0.05,20000,1,5,selected,0.54,0.03,0.08,0.05,0.23,0.23,0.9
truth,50000,0.05,20000,1,10,neutral,0.004,0.004,0.008,0.011,0.023,0.056,0.162
truth,50000,0.05,20000,1,10,selected,0.24,0.02,0.03,0.0,0.06,0.03,0.09
truth,50000,0.05,20000,1,20,neutral,0.0,0.001,0.0,0.0,0.002,0.002,0.009
truth,50000,0.05,20000,1,20,selected,0.05,0.0,0.0,0.0,0.01,0.0,0.0
truth,50000,0.05,50000,0,1,neutral,0.026,0.066,0.187,0.326,0.654,1.275,3.851
truth,50000,0.05,50000,0,1,selected,0.7,0.08,0.32,0.39,0.65,1.24,4.02
truth,50000,0.05,50000,0,3,neutral,0.005,0.011,0.032,0.039,0.076,0.164,0.495
truth,50000,0.05,50000,0,3,selected,0.42,0.06,0.09,0.06,0.1,0.12,0.47
truth,50000,0.05,50000,0,5,neutral,0.001,0.002,0.006,0.006,0.012,0.036,0.097
truth,50000,0.05,50000,0,5,selected,0.16,0.02,0.01,0.0,0.02,0.03,0.06
truth,50000,0.05,50000,0,10,neutral,0.0,0.0,0.0,0.0,0.001,0.0,0.002
truth,50000,0.05,50000,0,10,selected,0.02,0.0,0.0,0.0,0.0,0.01,0.0
truth,50000,0.05,50000,0,20,neutral,0.0,0.0,0.0,0.0,0.0,0.0,0.0
truth,50000,0.05,50000,0,20,selected,0.0,0.0,0.0,0.0,0.0,0.0,0.0
truth,50000,0.05,50000,1,1,neutral,0.024,0.061,0.175,0.293,0.602,1.152,3.489
truth,50000,0.05,50000,1,1,selected,0.7,0.08,0.13,0.33,0.55,1.13,3.65
truth,50000,0.05,50000,1,3,neutral,0.005,0.011,0.034,0.047,0.096,0.192,0.606
truth,50000,0.05,50000,1,3,selected,0.47,0.06,0.06,0.05,0.13,0.18,0.6
truth,50000,0.05,50000,1,5,neutral,0.001,0.004,0.007,0.01,0.014,0.053,0.139
truth,50000,0.05,50000,1,5,selected,0.2,0.03,0.01,0.0,0.02,0.03,0.12
truth,50000,0.05,50000,1,10,neutral,0.0,0.0,0.0,0.0,0.002,0.001,0.004
truth,50000,0.05,50000,1,10,selected,0.04,0.0,0.0,0.0,0.0,0.01,0.0
truth,50000,0.05,50000,1,20,neutral,0.0,0.0,0.0,0.0,0.0,0.0,0.0
truth,50000,0.05,50000,1,20,selected,0.0,0.0,0.0,0.0,0.0,0.0,0.0
