task_id,mode,s,replicate,fold,eligible_cores,finite_cores,focal_valid,focal_af
neutral/rep0000,neutral,0.0,0,1,14669,14669,False,0.0125
selected_s0p001/rep0000,selected,0.001,0,3,13696,13696,True,0.255
selected_s0p002/rep0000,selected,0.002,0,3,15197,15197,True,0.3325
selected_s0p003/rep0000,selected,0.003,0,3,16148,16148,True,0.6475
selected_s0p004/rep0000,selected,0.004,0,3,15309,15309,True,0.4725
selected_s0p005/rep0000,selected,0.005,0,3,14646,14646,True,0.4675
selected_s0p006/rep0000,selected,0.006,0,3,12966,12966,False,0.9625
selected_s0p007/rep0000,selected,0.007,0,3,13710,13710,False,0.9625
selected_s0p008/rep0000,selected,0.008,0,3,15238,15238,False,0.99
selected_s0p009/rep0000,selected,0.009,0,3,13756,13756,False,0.9975
selected_s0p010/rep0000,selected,0.01,0,3,13802,13802,False,0.9925
neutral/rep0001,neutral,0.0,1,3,14236,14236,True,0.155
selected_s0p001/rep0001,selected,0.001,1,1,15618,15618,True,0.3325
selected_s0p002/rep0001,selected,0.002,1,1,15656,15656,True,0.27
selected_s0p003/rep0001,selected,0.003,1,1,14889,14889,False,0.0375
selected_s0p004/rep0001,selected,0.004,1,1,13926,13926,True,0.13
selected_s0p005/rep0001,selected,0.005,1,1,13971,13971,True,0.745
selected_s0p006/rep0001,selected,0.006,1,1,13888,13888,True,0.6825
selected_s0p007/rep0001,selected,0.007,1,1,13434,13434,False,0.995
selected_s0p008/rep0001,selected,0.008,1,1,15393,15392,True,0.9
selected_s0p009/rep0001,selected,0.009,1,1,15073,15073,False,0.995
selected_s0p010/rep0001,selected,0.01,1,1,15637,15637,False,1.0
neutral/rep0002,neutral,0.0,2,4,13895,13885,False,0.0025
selected_s0p001/rep0002,selected,0.001,2,4,13609,13609,True,0.0675
selected_s0p002/rep0002,selected,0.002,2,4,14004,14004,True,0.5125
selected_s0p003/rep0002,selected,0.003,2,4,15743,15743,True,0.8225
selected_s0p004/rep0002,selected,0.004,2,4,15040,15040,True,0.44
selected_s0p005/rep0002,selected,0.005,2,4,17193,17193,False,0.955
selected_s0p006/rep0002,selected,0.006,2,4,14150,14150,True,0.845
selected_s0p007/rep0002,selected,0.007,2,4,14884,14884,True,0.9225
selected_s0p008/rep0002,selected,0.008,2,4,15692,15692,False,0.9875
selected_s0p009/rep0002,selected,0.009,2,4,14649,14649,False,0.995
selected_s0p010/rep0002,selected,0.01,2,4,14077,14077,False,0.9625
neutral/rep0003,neutral,0.0,3,3,13556,13556,False,0.0025
selected_s0p001/rep0003,selected,0.001,3,2,15584,15584,True,0.15
selected_s0p002/rep0003,selected,0.002,3,2,13164,13162,True,0.105
selected_s0p003/rep0003,selected,0.003,3,2,14793,14793,True,0.065
selected_s0p004/rep0003,selected,0.004,3,2,16359,16359,True,0.255
selected_s0p005/rep0003,selected,0.005,3,2,12138,12138,True,0.6825
selected_s0p006/rep0003,selected,0.006,3,2,15481,15477,True,0.8575
selected_s0p007/rep0003,selected,0.007,3,2,14714,14714,False,0.995
selected_s0p008/rep0003,selected,0.008,3,2,14387,14387,False,1.0
selected_s0p009/rep0003,selected,0.009,3,2,15447,15447,False,0.9825
selected_s0p010/rep0003,selected,0.01,3,2,15498,15498,False,1.0
neutral/rep0004,neutral,0.0,4,4,13469,13469,True,0.07
selected_s0p001/rep0004,selected,0.001,4,4,14375,14375,True,0.065
selected_s0p002/rep0004,selected,0.002,4,4,13174,13174,True,0.0525
selected_s0p003/rep0004,selected,0.003,4,4,14980,14980,True,0.265
selected_s0p004/rep0004,selected,0.004,4,4,14250,14249,True,0.8575
selected_s0p005/rep0004,selected,0.005,4,4,13448,13448,True,0.7225
selected_s0p006/rep0004,selected,0.006,4,4,14330,14330,True,0.93
selected_s0p007/rep0004,selected,0.007,4,4,14522,14522,False,0.9525
selected_s0p008/rep0004,selected,0.008,4,4,14043,14043,False,1.0
selected_s0p009/rep0004,selected,0.009,4,4,15142,15142,False,0.9975
selected_s0p010/rep0004,selected,0.01,4,4,14031,14031,False,1.0
neutral/rep0005,neutral,0.0,5,3,16271,16271,True,0.3175
selected_s0p001/rep0005,selected,0.001,5,3,13561,13561,False,0.0425
selected_s0p002/rep0005,selected,0.002,5,3,15150,15150,True,0.66
selected_s0p003/rep0005,selected,0.003,5,3,14344,14344,True,0.74
selected_s0p004/rep0005,selected,0.004,5,3,15179,15179,True,0.795
selected_s0p005/rep0005,selected,0.005,5,3,14172,14172,True,0.7925
selected_s0p006/rep0005,selected,0.006,5,3,14158,14158,True,0.9325
selected_s0p007/rep0005,selected,0.007,5,3,15572,15572,False,0.9875
selected_s0p008/rep0005,selected,0.008,5,3,16067,16067,False,0.98
selected_s0p009/rep0005,selected,0.009,5,3,13981,13981,False,0.96
selected_s0p010/rep0005,selected,0.01,5,3,16038,16037,False,1.0
neutral/rep0006,neutral,0.0,6,4,13351,13351,True,0.915
selected_s0p001/rep0006,selected,0.001,6,4,15858,15858,False,0.02
selected_s0p002/rep0006,selected,0.002,6,4,14705,14705,True,0.2525
selected_s0p003/rep0006,selected,0.003,6,4,16095,16095,True,0.4675
selected_s0p004/rep0006,selected,0.004,6,4,15542,15542,True,0.81
selected_s0p005/rep0006,selected,0.005,6,4,13516,13516,True,0.48
selected_s0p006/rep0006,selected,0.006,6,4,14599,14599,True,0.87
selected_s0p007/rep0006,selected,0.007,6,4,14576,14576,False,0.9525
selected_s0p008/rep0006,selected,0.008,6,4,15372,15372,False,0.9875
selected_s0p009/rep0006,selected,0.009,6,4,13990,13990,False,1.0
selected_s0p010/rep0006,selected,0.01,6,4,13711,13711,False,0.995
neutral/rep0007,neutral,0.0,7,3,13306,13297,False,0.0025
selected_s0p001/rep0007,selected,0.001,7,3,14049,14049,True,0.075
selected_s0p002/rep0007,selected,0.002,7,3,13421,13421,True,0.3325
selected_s0p003/rep0007,selected,0.003,7,3,14885,14885,True,0.91
selected_s0p004/rep0007,selected,0.004,7,3,15517,15517,True,0.73
selected_s0p005/rep0007,selected,0.005,7,3,13530,13529,True,0.55
selected_s0p006/rep0007,selected,0.006,7,3,13598,13598,True,0.2275
selected_s0p007/rep0007,selected,0.007,7,3,14906,14906,True,0.8875
selected_s0p008/rep0007,selected,0.008,7,3,14832,14832,False,0.99
selected_s0p009/rep0007,selected,0.009,7,3,16517,16515,False,0.96
selected_s0p010/rep0007,selected,0.01,7,3,14414,14414,False,1.0
neutral/rep0008,neutral,0.0,8,4,14912,14912,False,0.0075
selected_s0p001/rep0008,selected,0.001,8,4,14121,14121,False,0.0375
selected_s0p002/rep0008,selected,0.002,8,4,14252,14252,True,0.1725
selected_s0p003/rep0008,selected,0.003,8,4,13871,13871,True,0.565
selected_s0p004/rep0008,selected,0.004,8,4,14642,14641,True,0.1
selected_s0p005/rep0008,selected,0.005,8,4,15627,15627,False,0.99
selected_s0p006/rep0008,selected,0.006,8,4,14131,14131,True,0.5625
selected_s0p007/rep0008,selected,0.007,8,4,13134,13134,False,0.98
selected_s0p008/rep0008,selected,0.008,8,4,15916,15916,False,1.0
selected_s0p009/rep0008,selected,0.009,8,4,15146,15146,False,0.985
selected_s0p010/rep0008,selected,0.01,8,4,14612,14612,False,1.0
neutral/rep0009,neutral,0.0,9,0,14130,14130,False,0.005
selected_s0p001/rep0009,selected,0.001,9,0,15038,15038,True,0.34
selected_s0p002/rep0009,selected,0.002,9,0,15829,15829,True,0.4125
selected_s0p003/rep0009,selected,0.003,9,0,14073,14073,True,0.83
selected_s0p004/rep0009,selected,0.004,9,0,13230,13230,True,0.7275
selected_s0p005/rep0009,selected,0.005,9,0,16330,16330,True,0.9225
selected_s0p006/rep0009,selected,0.006,9,0,15684,15684,False,0.98
selected_s0p007/rep0009,selected,0.007,9,0,14189,14189,True,0.8725
selected_s0p008/rep0009,selected,0.008,9,0,15776,15776,False,0.9925
selected_s0p009/rep0009,selected,0.009,9,0,15716,15716,False,0.99
selected_s0p010/rep0009,selected,0.01,9,0,14745,14745,False,0.9925
neutral/rep0010,neutral,0.0,10,4,13183,13183,True,0.07
selected_s0p001/rep0010,selected,0.001,10,2,15076,15076,False,0.015
selected_s0p002/rep0010,selected,0.002,10,2,14470,14470,True,0.735
selected_s0p003/rep0010,selected,0.003,10,2,14421,14421,True,0.545
selected_s0p004/rep0010,selected,0.004,10,2,14771,14771,False,0.995
selected_s0p005/rep0010,selected,0.005,10,2,13539,13539,False,0.9875
selected_s0p006/rep0010,selected,0.006,10,2,14653,14653,False,0.9925
selected_s0p007/rep0010,selected,0.007,10,2,15253,15253,True,0.83
selected_s0p008/rep0010,selected,0.008,10,2,14451,14451,False,0.985
selected_s0p009/rep0010,selected,0.009,10,2,13859,13859,False,1.0
selected_s0p010/rep0010,selected,0.01,10,2,14106,14106,False,1.0
neutral/rep0011,neutral,0.0,11,3,14006,14006,True,0.475
selected_s0p001/rep0011,selected,0.001,11,3,15609,15609,True,0.1475
selected_s0p002/rep0011,selected,0.002,11,3,14061,14061,True,0.4875
selected_s0p003/rep0011,selected,0.003,11,3,14909,14909,True,0.215
selected_s0p004/rep0011,selected,0.004,11,3,14077,14077,False,0.9875
selected_s0p005/rep0011,selected,0.005,11,3,14975,14975,True,0.6925
selected_s0p006/rep0011,selected,0.006,11,3,15122,15122,True,0.9275
selected_s0p007/rep0011,selected,0.007,11,3,13646,13646,True,0.935
selected_s0p008/rep0011,selected,0.008,11,3,16157,16157,True,0.9325
selected_s0p009/rep0011,selected,0.009,11,3,13729,13729,True,0.95
selected_s0p010/rep0011,selected,0.01,11,3,15705,15705,False,0.9975
neutral/rep0012,neutral,0.0,12,3,15065,15065,False,0.0025
selected_s0p001/rep0012,selected,0.001,12,2,15762,15762,True,0.325
selected_s0p002/rep0012,selected,0.002,12,2,14455,14455,True,0.2225
selected_s0p003/rep0012,selected,0.003,12,2,14697,14697,True,0.65
selected_s0p004/rep0012,selected,0.004,12,2,14614,14614,True,0.26
selected_s0p005/rep0012,selected,0.005,12,2,14543,14543,True,0.7525
selected_s0p006/rep0012,selected,0.006,12,2,14881,14881,True,0.9425
selected_s0p007/rep0012,selected,0.007,12,2,14365,14365,False,0.96
selected_s0p008/rep0012,selected,0.008,12,2,15009,15009,False,0.9625
selected_s0p009/rep0012,selected,0.009,12,2,14471,14471,False,1.0
selected_s0p010/rep0012,selected,0.01,12,2,15067,15067,False,0.995
neutral/rep0013,neutral,0.0,13,2,13437,13437,False,0.0025
selected_s0p001/rep0013,selected,0.001,13,4,13948,13948,True,0.2025
selected_s0p002/rep0013,selected,0.002,13,4,14422,14422,True,0.1
selected_s0p003/rep0013,selected,0.003,13,4,14692,14692,True,0.94
selected_s0p004/rep0013,selected,0.004,13,4,13041,13041,True,0.85
selected_s0p005/rep0013,selected,0.005,13,4,14070,14070,True,0.91
selected_s0p006/rep0013,selected,0.006,13,4,13913,13913,True,0.9225
selected_s0p007/rep0013,selected,0.007,13,4,14978,14978,False,0.9775
selected_s0p008/rep0013,selected,0.008,13,4,15031,15031,True,0.92
selected_s0p009/rep0013,selected,0.009,13,4,15462,15462,False,0.9925
selected_s0p010/rep0013,selected,0.01,13,4,14573,14573,False,0.995
neutral/rep0014,neutral,0.0,14,2,13386,13386,False,0.0025
selected_s0p001/rep0014,selected,0.001,14,2,14589,14589,True,0.125
selected_s0p002/rep0014,selected,0.002,14,2,14588,14588,True,0.315
selected_s0p003/rep0014,selected,0.003,14,2,15008,15008,True,0.21
selected_s0p004/rep0014,selected,0.004,14,2,15295,15295,True,0.105
selected_s0p005/rep0014,selected,0.005,14,2,13736,13736,True,0.8225
selected_s0p006/rep0014,selected,0.006,14,2,14313,14313,True,0.8225
selected_s0p007/rep0014,selected,0.007,14,2,15045,15045,False,0.975
selected_s0p008/rep0014,selected,0.008,14,2,14668,14668,False,0.995
selected_s0p009/rep0014,selected,0.009,14,2,15385,15341,False,1.0
selected_s0p010/rep0014,selected,0.01,14,2,14475,14475,False,0.9775
neutral/rep0015,neutral,0.0,15,4,14952,14952,False,0.0025
selected_s0p001/rep0015,selected,0.001,15,0,14089,14089,True,0.3
selected_s0p002/rep0015,selected,0.002,15,0,13639,13639,True,0.085
selected_s0p003/rep0015,selected,0.003,15,0,12899,12899,True,0.685
selected_s0p004/rep0015,selected,0.004,15,0,16779,16779,True,0.8175
selected_s0p005/rep0015,selected,0.005,15,0,14664,14664,True,0.8325
selected_s0p006/rep0015,selected,0.006,15,0,14332,14332,True,0.95
selected_s0p007/rep0015,selected,0.007,15,0,14660,14660,True,0.945
selected_s0p008/rep0015,selected,0.008,15,0,14510,14510,False,1.0
selected_s0p009/rep0015,selected,0.009,15,0,13605,13605,False,0.99
selected_s0p010/rep0015,selected,0.01,15,0,15090,15090,False,1.0
neutral/rep0016,neutral,0.0,16,1,14763,14763,False,0.005
selected_s0p001/rep0016,selected,0.001,16,4,14613,14613,True,0.1325
selected_s0p002/rep0016,selected,0.002,16,4,13788,13788,True,0.4425
selected_s0p003/rep0016,selected,0.003,16,4,13409,13409,True,0.1675
selected_s0p004/rep0016,selected,0.004,16,4,15033,15033,True,0.8025
selected_s0p005/rep0016,selected,0.005,16,4,14440,14440,True,0.755
selected_s0p006/rep0016,selected,0.006,16,4,14899,14899,True,0.7825
selected_s0p007/rep0016,selected,0.007,16,4,16094,16094,True,0.5925
selected_s0p008/rep0016,selected,0.008,16,4,14765,14765,False,0.9975
selected_s0p009/rep0016,selected,0.009,16,4,14545,14545,False,1.0
selected_s0p010/rep0016,selected,0.01,16,4,14518,14518,False,1.0
neutral/rep0017,neutral,0.0,17,0,14059,14059,False,0.005
selected_s0p001/rep0017,selected,0.001,17,2,14930,14930,False,0.0225
selected_s0p002/rep0017,selected,0.002,17,2,15048,15048,True,0.57
selected_s0p003/rep0017,selected,0.003,17,2,14459,14459,True,0.8325
selected_s0p004/rep0017,selected,0.004,17,2,16941,16940,True,0.625
selected_s0p005/rep0017,selected,0.005,17,2,14676,14676,True,0.9025
selected_s0p006/rep0017,selected,0.006,17,2,15276,15276,False,0.99
selected_s0p007/rep0017,selected,0.007,17,2,14476,14474,True,0.875
selected_s0p008/rep0017,selected,0.008,17,2,15242,15241,False,0.995
selected_s0p009/rep0017,selected,0.009,17,2,15298,15298,False,0.995
selected_s0p010/rep0017,selected,0.01,17,2,14016,14016,False,0.99
neutral/rep0018,neutral,0.0,18,3,14369,14369,False,0.0025
selected_s0p001/rep0018,selected,0.001,18,1,14216,14216,True,0.1275
selected_s0p002/rep0018,selected,0.002,18,1,14494,14494,True,0.9325
selected_s0p003/rep0018,selected,0.003,18,1,13341,13341,True,0.485
selected_s0p004/rep0018,selected,0.004,18,1,14457,14457,True,0.82
selected_s0p005/rep0018,selected,0.005,18,1,15301,15301,True,0.9325
selected_s0p006/rep0018,selected,0.006,18,1,14393,14393,True,0.8225
selected_s0p007/rep0018,selected,0.007,18,1,13476,13476,True,0.885
selected_s0p008/rep0018,selected,0.008,18,1,13277,13277,False,0.985
selected_s0p009/rep0018,selected,0.009,18,1,15561,15561,False,1.0
selected_s0p010/rep0018,selected,0.01,18,1,14503,14503,False,0.9825
neutral/rep0019,neutral,0.0,19,1,16507,16507,True,0.24
selected_s0p001/rep0019,selected,0.001,19,0,14948,14948,True,0.0875
selected_s0p002/rep0019,selected,0.002,19,0,15615,15613,True,0.2575
selected_s0p003/rep0019,selected,0.003,19,0,13838,13838,True,0.265
selected_s0p004/rep0019,selected,0.004,19,0,14679,14679,True,0.89
selected_s0p005/rep0019,selected,0.005,19,0,13835,13835,True,0.795
selected_s0p006/rep0019,selected,0.006,19,0,14829,14829,True,0.55
selected_s0p007/rep0019,selected,0.007,19,0,15326,15326,False,0.9925
selected_s0p008/rep0019,selected,0.008,19,0,14828,14828,False,1.0
selected_s0p009/rep0019,selected,0.009,19,0,13039,13039,True,0.925
selected_s0p010/rep0019,selected,0.01,19,0,15978,15977,False,1.0
neutral/rep0020,neutral,0.0,20,4,14129,14129,True,0.575
selected_s0p001/rep0020,selected,0.001,20,3,14156,14156,False,0.015
selected_s0p002/rep0020,selected,0.002,20,3,14562,14562,True,0.4825
selected_s0p003/rep0020,selected,0.003,20,3,13540,13540,True,0.925
selected_s0p004/rep0020,selected,0.004,20,3,13753,13753,True,0.785
selected_s0p005/rep0020,selected,0.005,20,3,14225,14225,True,0.2575
selected_s0p006/rep0020,selected,0.006,20,3,14267,14267,True,0.0575
selected_s0p007/rep0020,selected,0.007,20,3,14296,14296,True,0.845
selected_s0p008/rep0020,selected,0.008,20,3,14677,14677,False,0.0375
selected_s0p009/rep0020,selected,0.009,20,3,14754,14754,False,1.0
selected_s0p010/rep0020,selected,0.01,20,3,14599,14599,False,1.0
neutral/rep0021,neutral,0.0,21,1,12799,12799,False,0.01
selected_s0p001/rep0021,selected,0.001,21,2,14826,14826,True,0.2175
selected_s0p002/rep0021,selected,0.002,21,2,13982,13982,False,0.03
selected_s0p003/rep0021,selected,0.003,21,2,15220,15220,True,0.835
selected_s0p004/rep0021,selected,0.004,21,2,14253,14253,True,0.6925
selected_s0p005/rep0021,selected,0.005,21,2,13930,13930,False,0.9675
selected_s0p006/rep0021,selected,0.006,21,2,13569,13569,False,0.9525
selected_s0p007/rep0021,selected,0.007,21,2,15536,15536,True,0.89
selected_s0p008/rep0021,selected,0.008,21,2,14383,14383,False,0.9925
selected_s0p009/rep0021,selected,0.009,21,2,15918,15918,False,1.0
selected_s0p010/rep0021,selected,0.01,21,2,14063,14063,False,1.0
neutral/rep0022,neutral,0.0,22,1,13395,13395,False,0.0025
selected_s0p001/rep0022,selected,0.001,22,1,14423,14423,True,0.0625
selected_s0p002/rep0022,selected,0.002,22,1,14502,14502,True,0.1975
selected_s0p003/rep0022,selected,0.003,22,1,12774,12774,True,0.15
selected_s0p004/rep0022,selected,0.004,22,1,14598,14598,True,0.89
selected_s0p005/rep0022,selected,0.005,22,1,14143,14143,True,0.935
selected_s0p006/rep0022,selected,0.006,22,1,14704,14704,True,0.3925
selected_s0p007/rep0022,selected,0.007,22,1,14351,14351,True,0.9125
selected_s0p008/rep0022,selected,0.008,22,1,14432,14432,False,0.99
selected_s0p009/rep0022,selected,0.009,22,1,14960,14960,True,0.78
selected_s0p010/rep0022,selected,0.01,22,1,15230,15230,False,0.9925
neutral/rep0023,neutral,0.0,23,3,13978,13978,False,0.0025
selected_s0p001/rep0023,selected,0.001,23,2,13921,13921,False,0.01
selected_s0p002/rep0023,selected,0.002,23,2,14415,14415,True,0.125
selected_s0p003/rep0023,selected,0.003,23,2,14342,14342,True,0.53
selected_s0p004/rep0023,selected,0.004,23,2,14031,14031,True,0.1925
selected_s0p005/rep0023,selected,0.005,23,2,13023,13023,True,0.755
selected_s0p006/rep0023,selected,0.006,23,2,14662,14662,True,0.905
selected_s0p007/rep0023,selected,0.007,23,2,14405,14405,False,0.9575
selected_s0p008/rep0023,selected,0.008,23,2,14917,14917,False,0.99
selected_s0p009/rep0023,selected,0.009,23,2,13940,13940,False,1.0
selected_s0p010/rep0023,selected,0.01,23,2,14155,14155,False,1.0
neutral/rep0024,neutral,0.0,24,2,14719,14719,False,0.005
selected_s0p001/rep0024,selected,0.001,24,1,14726,14726,True,0.1475
selected_s0p002/rep0024,selected,0.002,24,1,14782,14782,True,0.0825
selected_s0p003/rep0024,selected,0.003,24,1,15379,15379,True,0.145
selected_s0p004/rep0024,selected,0.004,24,1,13986,13986,True,0.685
selected_s0p005/rep0024,selected,0.005,24,1,13071,13071,True,0.49
selected_s0p006/rep0024,selected,0.006,24,1,14268,14267,True,0.8
selected_s0p007/rep0024,selected,0.007,24,1,14859,14859,False,1.0
selected_s0p008/rep0024,selected,0.008,24,1,14910,14910,False,1.0
selected_s0p009/rep0024,selected,0.009,24,1,16813,16813,False,1.0
selected_s0p010/rep0024,selected,0.01,24,1,14171,14171,False,1.0
neutral/rep0025,neutral,0.0,25,4,14022,14022,True,0.9
selected_s0p001/rep0025,selected,0.001,25,0,14841,14841,True,0.1175
selected_s0p002/rep0025,selected,0.002,25,0,15469,15469,True,0.21
selected_s0p003/rep0025,selected,0.003,25,0,14916,14916,True,0.0825
selected_s0p004/rep0025,selected,0.004,25,0,14880,14880,True,0.0825
selected_s0p005/rep0025,selected,0.005,25,0,14810,14810,True,0.885
selected_s0p006/rep0025,selected,0.006,25,0,13841,13841,True,0.8125
selected_s0p007/rep0025,selected,0.007,25,0,14979,14979,True,0.92
selected_s0p008/rep0025,selected,0.008,25,0,15692,15692,False,0.9975
selected_s0p009/rep0025,selected,0.009,25,0,16148,16148,False,0.9875
selected_s0p010/rep0025,selected,0.01,25,0,13748,13748,False,1.0
neutral/rep0026,neutral,0.0,26,3,14065,14063,False,0.005
selected_s0p001/rep0026,selected,0.001,26,2,14328,14328,True,0.265
selected_s0p002/rep0026,selected,0.002,26,2,13254,13254,True,0.215
selected_s0p003/rep0026,selected,0.003,26,2,13409,13409,True,0.0925
selected_s0p004/rep0026,selected,0.004,26,2,14873,14873,True,0.6325
selected_s0p005/rep0026,selected,0.005,26,2,14038,14038,True,0.81
selected_s0p006/rep0026,selected,0.006,26,2,14405,14405,False,0.98
selected_s0p007/rep0026,selected,0.007,26,2,15065,15065,False,0.9725
selected_s0p008/rep0026,selected,0.008,26,2,14719,14719,False,0.98
selected_s0p009/rep0026,selected,0.009,26,2,13006,13006,False,1.0
selected_s0p010/rep0026,selected,0.01,26,2,15519,15519,False,1.0
neutral/rep0027,neutral,0.0,27,0,15241,15241,False,0.0025
selected_s0p001/rep0027,selected,0.001,27,0,14611,14611,True,0.0975
selected_s0p002/rep0027,selected,0.002,27,0,13386,13386,True,0.2375
selected_s0p003/rep0027,selected,0.003,27,0,13980,13980,True,0.6625
selected_s0p004/rep0027,selected,0.004,27,0,13092,13092,True,0.65
selected_s0p005/rep0027,selected,0.005,27,0,14655,14655,True,0.865
selected_s0p006/rep0027,selected,0.006,27,0,14111,14111,True,0.385
selected_s0p007/rep0027,selected,0.007,27,0,13566,13566,False,0.9675
selected_s0p008/rep0027,selected,0.008,27,0,14174,14174,False,0.955
selected_s0p009/rep0027,selected,0.009,27,0,15806,15806,False,1.0
selected_s0p010/rep0027,selected,0.01,27,0,16180,16180,False,0.99
neutral/rep0028,neutral,0.0,28,4,13117,13117,False,0.0025
selected_s0p001/rep0028,selected,0.001,28,2,14580,14580,False,0.025
selected_s0p002/rep0028,selected,0.002,28,2,15708,15708,True,0.4675
selected_s0p003/rep0028,selected,0.003,28,2,15238,15238,True,0.4375
selected_s0p004/rep0028,selected,0.004,28,2,15327,15327,True,0.6925
selected_s0p005/rep0028,selected,0.005,28,2,15528,15528,True,0.5425
selected_s0p006/rep0028,selected,0.006,28,2,14719,14719,False,0.9675
selected_s0p007/rep0028,selected,0.007,28,2,13494,13494,True,0.94
selected_s0p008/rep0028,selected,0.008,28,2,16472,16472,False,1.0
selected_s0p009/rep0028,selected,0.009,28,2,14669,14669,False,0.985
selected_s0p010/rep0028,selected,0.01,28,2,13479,13479,False,1.0
neutral/rep0029,neutral,0.0,29,2,14211,14210,False,0.02
selected_s0p001/rep0029,selected,0.001,29,0,16128,16128,False,0.0375
selected_s0p002/rep0029,selected,0.002,29,0,15876,15876,True,0.08
selected_s0p003/rep0029,selected,0.003,29,0,14626,14626,True,0.775
selected_s0p004/rep0029,selected,0.004,29,0,14602,14602,True,0.325
selected_s0p005/rep0029,selected,0.005,29,0,13850,13850,True,0.9475
selected_s0p006/rep0029,selected,0.006,29,0,13569,13569,False,0.97
selected_s0p007/rep0029,selected,0.007,29,0,15087,15084,False,0.985
selected_s0p008/rep0029,selected,0.008,29,0,13844,13844,True,0.95
selected_s0p009/rep0029,selected,0.009,29,0,15535,15535,False,1.0
selected_s0p010/rep0029,selected,0.01,29,0,14501,14501,False,0.99
neutral/rep0030,neutral,0.0,30,4,13447,13447,False,0.005
selected_s0p001/rep0030,selected,0.001,30,0,13809,13809,True,0.095
selected_s0p002/rep0030,selected,0.002,30,0,14164,14164,True,0.1925
selected_s0p003/rep0030,selected,0.003,30,0,14132,14132,True,0.095
selected_s0p004/rep0030,selected,0.004,30,0,15445,15445,True,0.39
selected_s0p005/rep0030,selected,0.005,30,0,14730,14730,True,0.925
selected_s0p006/rep0030,selected,0.006,30,0,16114,16114,False,0.9725
selected_s0p007/rep0030,selected,0.007,30,0,15312,15312,False,0.9725
selected_s0p008/rep0030,selected,0.008,30,0,13882,13882,False,0.9675
selected_s0p009/rep0030,selected,0.009,30,0,14739,14739,False,0.995
selected_s0p010/rep0030,selected,0.01,30,0,13601,13601,False,1.0
neutral/rep0031,neutral,0.0,31,4,13464,13464,True,0.135
selected_s0p001/rep0031,selected,0.001,31,4,13385,13385,True,0.3
selected_s0p002/rep0031,selected,0.002,31,4,15119,15119,True,0.4875
selected_s0p003/rep0031,selected,0.003,31,4,13624,13624,True,0.215
selected_s0p004/rep0031,selected,0.004,31,4,15042,15042,True,0.915
selected_s0p005/rep0031,selected,0.005,31,4,15357,15357,True,0.855
selected_s0p006/rep0031,selected,0.006,31,4,14739,14739,True,0.95
selected_s0p007/rep0031,selected,0.007,31,4,13217,13217,False,0.9975
selected_s0p008/rep0031,selected,0.008,31,4,15108,15108,False,1.0
selected_s0p009/rep0031,selected,0.009,31,4,14336,14336,False,1.0
selected_s0p010/rep0031,selected,0.01,31,4,13888,13888,False,0.98
neutral/rep0032,neutral,0.0,32,4,14143,14143,False,0.0025
selected_s0p001/rep0032,selected,0.001,32,4,15269,15269,True,0.265
selected_s0p002/rep0032,selected,0.002,32,4,15458,15458,False,0.0075
selected_s0p003/rep0032,selected,0.003,32,4,15137,15137,True,0.2
selected_s0p004/rep0032,selected,0.004,32,4,13620,13620,False,0.97
selected_s0p005/rep0032,selected,0.005,32,4,16040,16040,True,0.9225
selected_s0p006/rep0032,selected,0.006,32,4,15278,15278,True,0.7975
selected_s0p007/rep0032,selected,0.007,32,4,15027,15027,True,0.9025
selected_s0p008/rep0032,selected,0.008,32,4,16041,16041,True,0.7075
selected_s0p009/rep0032,selected,0.009,32,4,13709,13709,False,0.9925
selected_s0p010/rep0032,selected,0.01,32,4,14368,14368,False,1.0
neutral/rep0033,neutral,0.0,33,3,14209,14209,False,0.02
selected_s0p001/rep0033,selected,0.001,33,4,15617,15617,True,0.0925
selected_s0p002/rep0033,selected,0.002,33,4,14742,14742,True,0.345
selected_s0p003/rep0033,selected,0.003,33,4,14224,14224,True,0.07
selected_s0p004/rep0033,selected,0.004,33,4,14794,14794,True,0.2825
selected_s0p005/rep0033,selected,0.005,33,4,15108,15108,True,0.4875
selected_s0p006/rep0033,selected,0.006,33,4,14590,14590,True,0.7125
selected_s0p007/rep0033,selected,0.007,33,4,14686,14686,False,0.9625
selected_s0p008/rep0033,selected,0.008,33,4,14977,14977,True,0.9225
selected_s0p009/rep0033,selected,0.009,33,4,14923,14916,False,0.97
selected_s0p010/rep0033,selected,0.01,33,4,14615,14615,False,0.995
neutral/rep0034,neutral,0.0,34,2,14191,14191,False,0.02
selected_s0p001/rep0034,selected,0.001,34,2,15915,15915,True,0.25
selected_s0p002/rep0034,selected,0.002,34,2,15209,15209,True,0.05
selected_s0p003/rep0034,selected,0.003,34,2,14627,14627,True,0.2525
selected_s0p004/rep0034,selected,0.004,34,2,14271,14271,True,0.685
selected_s0p005/rep0034,selected,0.005,34,2,14575,14575,True,0.815
selected_s0p006/rep0034,selected,0.006,34,2,15815,15815,True,0.875
selected_s0p007/rep0034,selected,0.007,34,2,15383,15383,True,0.9425
selected_s0p008/rep0034,selected,0.008,34,2,14953,14953,True,0.91
selected_s0p009/rep0034,selected,0.009,34,2,15674,15674,False,0.99
selected_s0p010/rep0034,selected,0.01,34,2,13608,13608,False,0.9975
neutral/rep0035,neutral,0.0,35,1,13809,13809,False,0.0025
selected_s0p001/rep0035,selected,0.001,35,4,15127,15126,True,0.21
selected_s0p002/rep0035,selected,0.002,35,4,13992,13992,True,0.1875
selected_s0p003/rep0035,selected,0.003,35,4,14619,14619,True,0.6375
selected_s0p004/rep0035,selected,0.004,35,4,15270,15270,True,0.82
selected_s0p005/rep0035,selected,0.005,35,4,16097,16097,True,0.9475
selected_s0p006/rep0035,selected,0.006,35,4,15423,15423,True,0.8675
selected_s0p007/rep0035,selected,0.007,35,4,15390,15390,False,0.9975
selected_s0p008/rep0035,selected,0.008,35,4,13864,13864,False,1.0
selected_s0p009/rep0035,selected,0.009,35,4,15600,15599,False,0.995
selected_s0p010/rep0035,selected,0.01,35,4,14606,14606,False,1.0
neutral/rep0036,neutral,0.0,36,0,14192,14192,False,0.0025
selected_s0p001/rep0036,selected,0.001,36,4,14313,14313,True,0.1125
selected_s0p002/rep0036,selected,0.002,36,4,14025,14025,True,0.3525
selected_s0p003/rep0036,selected,0.003,36,4,15158,15158,True,0.2675
selected_s0p004/rep0036,selected,0.004,36,4,15938,15936,True,0.7875
selected_s0p005/rep0036,selected,0.005,36,4,15224,15224,True,0.6125
selected_s0p006/rep0036,selected,0.006,36,4,13787,13787,True,0.6225
selected_s0p007/rep0036,selected,0.007,36,4,14237,14237,False,1.0
selected_s0p008/rep0036,selected,0.008,36,4,14073,14073,False,0.9775
selected_s0p009/rep0036,selected,0.009,36,4,13849,13849,False,1.0
selected_s0p010/rep0036,selected,0.01,36,4,16384,16384,False,0.995
neutral/rep0037,neutral,0.0,37,0,14106,14106,False,0.0025
selected_s0p001/rep0037,selected,0.001,37,1,15529,15529,True,0.4625
selected_s0p002/rep0037,selected,0.002,37,1,15915,15915,True,0.0675
selected_s0p003/rep0037,selected,0.003,37,1,13824,13824,True,0.2725
selected_s0p004/rep0037,selected,0.004,37,1,14251,14251,True,0.5475
selected_s0p005/rep0037,selected,0.005,37,1,15819,15819,True,0.9325
selected_s0p006/rep0037,selected,0.006,37,1,14076,14076,True,0.8525
selected_s0p007/rep0037,selected,0.007,37,1,13932,13932,True,0.8625
selected_s0p008/rep0037,selected,0.008,37,1,15386,15386,False,1.0
selected_s0p009/rep0037,selected,0.009,37,1,16260,16260,False,1.0
selected_s0p010/rep0037,selected,0.01,37,1,14179,14179,False,1.0
neutral/rep0038,neutral,0.0,38,4,13382,13381,False,0.9625
selected_s0p001/rep0038,selected,0.001,38,1,14189,14189,True,0.3725
selected_s0p002/rep0038,selected,0.002,38,1,14829,14829,True,0.28
selected_s0p003/rep0038,selected,0.003,38,1,14879,14879,True,0.535
selected_s0p004/rep0038,selected,0.004,38,1,14875,14875,True,0.4875
selected_s0p005/rep0038,selected,0.005,38,1,15049,15049,True,0.82
selected_s0p006/rep0038,selected,0.006,38,1,15065,15065,False,0.995
selected_s0p007/rep0038,selected,0.007,38,1,15089,15089,False,0.9825
selected_s0p008/rep0038,selected,0.008,38,1,15544,15544,False,1.0
selected_s0p009/rep0038,selected,0.009,38,1,15353,15353,False,1.0
selected_s0p010/rep0038,selected,0.01,38,1,14021,14021,True,0.94
neutral/rep0039,neutral,0.0,39,3,14731,14731,False,0.0025
selected_s0p001/rep0039,selected,0.001,39,3,15291,15291,True,0.085
selected_s0p002/rep0039,selected,0.002,39,3,14735,14735,True,0.305
selected_s0p003/rep0039,selected,0.003,39,3,14118,14118,True,0.8475
selected_s0p004/rep0039,selected,0.004,39,3,13857,13857,True,0.46
selected_s0p005/rep0039,selected,0.005,39,3,14291,14291,True,0.89
selected_s0p006/rep0039,selected,0.006,39,3,14736,14736,True,0.6875
selected_s0p007/rep0039,selected,0.007,39,3,15668,15668,True,0.9375
selected_s0p008/rep0039,selected,0.008,39,3,15125,15125,False,1.0
selected_s0p009/rep0039,selected,0.009,39,3,14009,14009,False,0.975
selected_s0p010/rep0039,selected,0.01,39,3,14832,14832,False,1.0
neutral/rep0040,neutral,0.0,40,2,14348,14348,True,0.4925
selected_s0p001/rep0040,selected,0.001,40,0,15838,15838,True,0.2325
selected_s0p002/rep0040,selected,0.002,40,0,15002,15002,True,0.1475
selected_s0p003/rep0040,selected,0.003,40,0,14294,14294,True,0.1875
selected_s0p004/rep0040,selected,0.004,40,0,14824,14824,True,0.71
selected_s0p005/rep0040,selected,0.005,40,0,15716,15714,True,0.585
selected_s0p006/rep0040,selected,0.006,40,0,13842,13842,True,0.8375
selected_s0p007/rep0040,selected,0.007,40,0,14321,14321,False,0.9625
selected_s0p008/rep0040,selected,0.008,40,0,17018,17018,False,1.0
selected_s0p009/rep0040,selected,0.009,40,0,13855,13855,False,1.0
selected_s0p010/rep0040,selected,0.01,40,0,14374,14374,False,0.99
neutral/rep0041,neutral,0.0,41,0,14058,14058,True,0.8075
selected_s0p001/rep0041,selected,0.001,41,0,16283,16283,True,0.1825
selected_s0p002/rep0041,selected,0.002,41,0,15837,15837,True,0.5675
selected_s0p003/rep0041,selected,0.003,41,0,13344,13344,True,0.5825
selected_s0p004/rep0041,selected,0.004,41,0,14830,14830,True,0.2125
selected_s0p005/rep0041,selected,0.005,41,0,16001,16001,False,0.9925
selected_s0p006/rep0041,selected,0.006,41,0,14703,14703,False,0.96
selected_s0p007/rep0041,selected,0.007,41,0,12931,12931,True,0.9425
selected_s0p008/rep0041,selected,0.008,41,0,14522,14522,False,0.995
selected_s0p009/rep0041,selected,0.009,41,0,15432,15432,False,0.9975
selected_s0p010/rep0041,selected,0.01,41,0,15356,15356,False,0.9825
neutral/rep0042,neutral,0.0,42,4,13647,13647,False,0.0025
selected_s0p001/rep0042,selected,0.001,42,2,14247,14247,True,0.105
selected_s0p002/rep0042,selected,0.002,42,2,15442,15442,True,0.1175
selected_s0p003/rep0042,selected,0.003,42,2,14805,14805,True,0.5225
selected_s0p004/rep0042,selected,0.004,42,2,15112,15111,True,0.6275
selected_s0p005/rep0042,selected,0.005,42,2,14250,14250,True,0.37
selected_s0p006/rep0042,selected,0.006,42,2,13718,13718,True,0.59
selected_s0p007/rep0042,selected,0.007,42,2,14262,14262,True,0.4875
selected_s0p008/rep0042,selected,0.008,42,2,14887,14887,True,0.9375
selected_s0p009/rep0042,selected,0.009,42,2,16339,16339,False,1.0
selected_s0p010/rep0042,selected,0.01,42,2,15876,15876,False,1.0
neutral/rep0043,neutral,0.0,43,2,14130,14130,False,0.0025
selected_s0p001/rep0043,selected,0.001,43,0,14858,14857,True,0.12
selected_s0p002/rep0043,selected,0.002,43,0,14703,14703,True,0.41
selected_s0p003/rep0043,selected,0.003,43,0,13435,13434,True,0.5
selected_s0p004/rep0043,selected,0.004,43,0,14236,14236,True,0.5
selected_s0p005/rep0043,selected,0.005,43,0,15594,15594,True,0.8875
selected_s0p006/rep0043,selected,0.006,43,0,15132,15132,True,0.7875
selected_s0p007/rep0043,selected,0.007,43,0,14123,14123,False,1.0
selected_s0p008/rep0043,selected,0.008,43,0,15211,15211,False,1.0
selected_s0p009/rep0043,selected,0.009,43,0,15451,15451,False,0.99
selected_s0p010/rep0043,selected,0.01,43,0,15067,15067,False,1.0
neutral/rep0044,neutral,0.0,44,4,13227,13227,True,0.7675
selected_s0p001/rep0044,selected,0.001,44,4,13027,13027,True,0.1825
selected_s0p002/rep0044,selected,0.002,44,4,13643,13643,True,0.74
selected_s0p003/rep0044,selected,0.003,44,4,14639,14639,True,0.7025
selected_s0p004/rep0044,selected,0.004,44,4,15194,15194,True,0.68
selected_s0p005/rep0044,selected,0.005,44,4,13938,13938,True,0.82
selected_s0p006/rep0044,selected,0.006,44,4,15663,15662,False,0.9775
selected_s0p007/rep0044,selected,0.007,44,4,14670,14670,False,0.965
selected_s0p008/rep0044,selected,0.008,44,4,14442,14442,True,0.95
selected_s0p009/rep0044,selected,0.009,44,4,14551,14551,True,0.9475
selected_s0p010/rep0044,selected,0.01,44,4,14548,14548,False,0.9975
neutral/rep0045,neutral,0.0,45,4,13251,13251,False,0.0325
selected_s0p001/rep0045,selected,0.001,45,0,14432,14432,False,0.015
selected_s0p002/rep0045,selected,0.002,45,0,14999,14999,True,0.155
selected_s0p003/rep0045,selected,0.003,45,0,15915,15915,True,0.7275
selected_s0p004/rep0045,selected,0.004,45,0,14319,14319,True,0.23
selected_s0p005/rep0045,selected,0.005,45,0,14417,14417,True,0.84
selected_s0p006/rep0045,selected,0.006,45,0,15121,15121,True,0.84
selected_s0p007/rep0045,selected,0.007,45,0,13930,13930,True,0.91
selected_s0p008/rep0045,selected,0.008,45,0,14622,14622,False,0.995
selected_s0p009/rep0045,selected,0.009,45,0,13016,13016,False,0.9675
selected_s0p010/rep0045,selected,0.01,45,0,15319,15319,False,0.9925
neutral/rep0046,neutral,0.0,46,4,14005,14005,False,0.0025
selected_s0p001/rep0046,selected,0.001,46,0,14993,14993,True,0.18
selected_s0p002/rep0046,selected,0.002,46,0,14073,14073,True,0.1325
selected_s0p003/rep0046,selected,0.003,46,0,14946,14946,False,0.0375
selected_s0p004/rep0046,selected,0.004,46,0,15065,15065,True,0.665
selected_s0p005/rep0046,selected,0.005,46,0,15551,15551,True,0.94
selected_s0p006/rep0046,selected,0.006,46,0,13926,13926,True,0.5
selected_s0p007/rep0046,selected,0.007,46,0,13738,13738,True,0.895
selected_s0p008/rep0046,selected,0.008,46,0,14769,14769,True,0.9425
selected_s0p009/rep0046,selected,0.009,46,0,14502,14502,False,0.96
selected_s0p010/rep0046,selected,0.01,46,0,14098,14098,False,0.9625
neutral/rep0047,neutral,0.0,47,3,14377,14377,True,0.2575
selected_s0p001/rep0047,selected,0.001,47,0,14379,14379,False,0.0225
selected_s0p002/rep0047,selected,0.002,47,0,14356,14356,True,0.2275
selected_s0p003/rep0047,selected,0.003,47,0,15039,15039,True,0.6225
selected_s0p004/rep0047,selected,0.004,47,0,15744,15744,True,0.8825
selected_s0p005/rep0047,selected,0.005,47,0,14724,14724,True,0.7775
selected_s0p006/rep0047,selected,0.006,47,0,15780,15780,True,0.79
selected_s0p007/rep0047,selected,0.007,47,0,14195,14195,True,0.6125
selected_s0p008/rep0047,selected,0.008,47,0,15617,15617,False,0.995
selected_s0p009/rep0047,selected,0.009,47,0,13207,13207,False,0.98
selected_s0p010/rep0047,selected,0.01,47,0,14332,14332,False,0.9975
neutral/rep0048,neutral,0.0,48,3,13631,13631,False,0.0025
selected_s0p001/rep0048,selected,0.001,48,3,14721,14721,True,0.1025
selected_s0p002/rep0048,selected,0.002,48,3,16095,16095,True,0.5925
selected_s0p003/rep0048,selected,0.003,48,3,13546,13546,True,0.55
selected_s0p004/rep0048,selected,0.004,48,3,14533,14533,True,0.8925
selected_s0p005/rep0048,selected,0.005,48,3,15136,15136,True,0.5375
selected_s0p006/rep0048,selected,0.006,48,3,13779,13779,True,0.8575
selected_s0p007/rep0048,selected,0.007,48,3,15927,15927,False,0.995
selected_s0p008/rep0048,selected,0.008,48,3,13289,13289,False,0.9975
selected_s0p009/rep0048,selected,0.009,48,3,15015,15015,False,0.9925
selected_s0p010/rep0048,selected,0.01,48,3,15231,15231,False,1.0
neutral/rep0049,neutral,0.0,49,2,13744,13744,False,0.0025
selected_s0p001/rep0049,selected,0.001,49,3,14405,14405,True,0.17
selected_s0p002/rep0049,selected,0.002,49,3,14224,14224,False,0.03
selected_s0p003/rep0049,selected,0.003,49,3,14976,14976,True,0.87
selected_s0p004/rep0049,selected,0.004,49,3,14956,14956,True,0.945
selected_s0p005/rep0049,selected,0.005,49,3,14618,14618,True,0.6875
selected_s0p006/rep0049,selected,0.006,49,3,15157,15157,True,0.9025
selected_s0p007/rep0049,selected,0.007,49,3,15295,15295,False,0.98
selected_s0p008/rep0049,selected,0.008,49,3,14638,14638,False,0.995
selected_s0p009/rep0049,selected,0.009,49,3,14309,14309,False,0.9825
selected_s0p010/rep0049,selected,0.01,49,3,14818,14818,False,0.995
neutral/rep0050,neutral,0.0,50,4,15211,15211,True,0.21
selected_s0p001/rep0050,selected,0.001,50,2,13826,13826,True,0.0975
selected_s0p002/rep0050,selected,0.002,50,2,14885,14885,True,0.35
selected_s0p003/rep0050,selected,0.003,50,2,13949,13949,True,0.1875
selected_s0p004/rep0050,selected,0.004,50,2,14028,14028,True,0.645
selected_s0p005/rep0050,selected,0.005,50,2,16014,16014,True,0.87
selected_s0p006/rep0050,selected,0.006,50,2,14479,14479,True,0.8775
selected_s0p007/rep0050,selected,0.007,50,2,13823,13823,True,0.7475
selected_s0p008/rep0050,selected,0.008,50,2,14173,14173,False,0.99
selected_s0p009/rep0050,selected,0.009,50,2,14430,14430,False,0.9725
selected_s0p010/rep0050,selected,0.01,50,2,14609,14609,False,1.0
neutral/rep0051,neutral,0.0,51,4,14061,14061,True,0.2225
selected_s0p001/rep0051,selected,0.001,51,3,13969,13969,True,0.14
selected_s0p002/rep0051,selected,0.002,51,3,15186,15186,True,0.085
selected_s0p003/rep0051,selected,0.003,51,3,15385,15385,True,0.78
selected_s0p004/rep0051,selected,0.004,51,3,13549,13549,True,0.2325
selected_s0p005/rep0051,selected,0.005,51,3,15717,15717,True,0.6725
selected_s0p006/rep0051,selected,0.006,51,3,15701,15701,False,0.9825
selected_s0p007/rep0051,selected,0.007,51,3,14573,14573,False,0.9875
selected_s0p008/rep0051,selected,0.008,51,3,14540,14540,False,0.975
selected_s0p009/rep0051,selected,0.009,51,3,14903,14903,False,1.0
selected_s0p010/rep0051,selected,0.01,51,3,14328,14328,False,1.0
neutral/rep0052,neutral,0.0,52,2,13586,13586,True,0.06
selected_s0p001/rep0052,selected,0.001,52,1,14881,14881,True,0.175
selected_s0p002/rep0052,selected,0.002,52,1,14427,14427,False,0.02
selected_s0p003/rep0052,selected,0.003,52,1,15184,15184,True,0.7775
selected_s0p004/rep0052,selected,0.004,52,1,14914,14914,False,0.015
selected_s0p005/rep0052,selected,0.005,52,1,13875,13875,True,0.93
selected_s0p006/rep0052,selected,0.006,52,1,13878,13878,True,0.945
selected_s0p007/rep0052,selected,0.007,52,1,15398,15398,False,0.9825
selected_s0p008/rep0052,selected,0.008,52,1,15000,15000,False,1.0
selected_s0p009/rep0052,selected,0.009,52,1,13452,13452,True,0.915
selected_s0p010/rep0052,selected,0.01,52,1,16767,16767,False,1.0
neutral/rep0053,neutral,0.0,53,2,13423,13423,False,0.0025
selected_s0p001/rep0053,selected,0.001,53,0,13647,13647,True,0.11
selected_s0p002/rep0053,selected,0.002,53,0,16133,16131,True,0.5125
selected_s0p003/rep0053,selected,0.003,53,0,14476,14476,True,0.675
selected_s0p004/rep0053,selected,0.004,53,0,15466,15466,False,0.9525
selected_s0p005/rep0053,selected,0.005,53,0,13959,13959,True,0.605
selected_s0p006/rep0053,selected,0.006,53,0,14374,14373,True,0.95
selected_s0p007/rep0053,selected,0.007,53,0,14613,14613,True,0.915
selected_s0p008/rep0053,selected,0.008,53,0,13660,13660,True,0.945
selected_s0p009/rep0053,selected,0.009,53,0,16967,16967,False,0.995
selected_s0p010/rep0053,selected,0.01,53,0,14646,14646,False,1.0
neutral/rep0054,neutral,0.0,54,1,13382,13382,True,0.71
selected_s0p001/rep0054,selected,0.001,54,3,14299,14299,True,0.54
selected_s0p002/rep0054,selected,0.002,54,3,14252,14252,True,0.6075
selected_s0p003/rep0054,selected,0.003,54,3,15356,15356,True,0.1775
selected_s0p004/rep0054,selected,0.004,54,3,14071,14071,True,0.29
selected_s0p005/rep0054,selected,0.005,54,3,13867,13867,True,0.475
selected_s0p006/rep0054,selected,0.006,54,3,13099,13099,True,0.26
selected_s0p007/rep0054,selected,0.007,54,3,15217,15217,False,0.96
selected_s0p008/rep0054,selected,0.008,54,3,15591,15591,False,0.9625
selected_s0p009/rep0054,selected,0.009,54,3,15099,15099,False,0.9975
selected_s0p010/rep0054,selected,0.01,54,3,13816,13816,False,0.9975
neutral/rep0055,neutral,0.0,55,4,13646,13646,False,0.01
selected_s0p001/rep0055,selected,0.001,55,0,15391,15391,True,0.4975
selected_s0p002/rep0055,selected,0.002,55,0,14854,14854,True,0.3725
selected_s0p003/rep0055,selected,0.003,55,0,14462,14462,True,0.4675
selected_s0p004/rep0055,selected,0.004,55,0,13951,13951,True,0.2575
selected_s0p005/rep0055,selected,0.005,55,0,16061,16061,True,0.6975
selected_s0p006/rep0055,selected,0.006,55,0,13204,13204,True,0.3925
selected_s0p007/rep0055,selected,0.007,55,0,15006,15006,False,1.0
selected_s0p008/rep0055,selected,0.008,55,0,13502,13502,True,0.8525
selected_s0p009/rep0055,selected,0.009,55,0,14140,14140,False,1.0
selected_s0p010/rep0055,selected,0.01,55,0,14378,14378,False,0.9975
neutral/rep0056,neutral,0.0,56,1,14026,14026,False,0.0025
selected_s0p001/rep0056,selected,0.001,56,2,14832,14832,True,0.665
selected_s0p002/rep0056,selected,0.002,56,2,16111,16111,True,0.185
selected_s0p003/rep0056,selected,0.003,56,2,14172,14172,False,0.03
selected_s0p004/rep0056,selected,0.004,56,2,14476,14476,True,0.4275
selected_s0p005/rep0056,selected,0.005,56,2,13910,13910,False,0.9925
selected_s0p006/rep0056,selected,0.006,56,2,14309,14309,True,0.8475
selected_s0p007/rep0056,selected,0.007,56,2,15127,15127,False,0.97
selected_s0p008/rep0056,selected,0.008,56,2,16892,16892,False,1.0
selected_s0p009/rep0056,selected,0.009,56,2,15775,15775,False,0.9875
selected_s0p010/rep0056,selected,0.01,56,2,14108,14108,False,1.0
neutral/rep0057,neutral,0.0,57,1,14176,14176,False,0.0025
selected_s0p001/rep0057,selected,0.001,57,1,13118,13118,False,0.0475
selected_s0p002/rep0057,selected,0.002,57,1,14898,14898,True,0.0575
selected_s0p003/rep0057,selected,0.003,57,1,15209,15209,True,0.15
selected_s0p004/rep0057,selected,0.004,57,1,14049,14049,True,0.71
selected_s0p005/rep0057,selected,0.005,57,1,14106,14106,True,0.8825
selected_s0p006/rep0057,selected,0.006,57,1,13428,13428,False,0.98
selected_s0p007/rep0057,selected,0.007,57,1,15235,15235,True,0.81
selected_s0p008/rep0057,selected,0.008,57,1,15862,15862,False,1.0
selected_s0p009/rep0057,selected,0.009,57,1,13648,13648,False,1.0
selected_s0p010/rep0057,selected,0.01,57,1,13845,13845,False,1.0
neutral/rep0058,neutral,0.0,58,0,13766,13766,True,0.38
selected_s0p001/rep0058,selected,0.001,58,1,15186,15186,True,0.1725
selected_s0p002/rep0058,selected,0.002,58,1,16273,16273,True,0.58
selected_s0p003/rep0058,selected,0.003,58,1,13897,13897,True,0.1325
selected_s0p004/rep0058,selected,0.004,58,1,13772,13772,True,0.315
selected_s0p005/rep0058,selected,0.005,58,1,14071,14071,True,0.6875
selected_s0p006/rep0058,selected,0.006,58,1,15348,15348,False,0.96
selected_s0p007/rep0058,selected,0.007,58,1,13935,13935,False,0.9925
selected_s0p008/rep0058,selected,0.008,58,1,15209,15209,True,0.92
selected_s0p009/rep0058,selected,0.009,58,1,13685,13685,True,0.925
selected_s0p010/rep0058,selected,0.01,58,1,13847,13847,False,0.9775
neutral/rep0059,neutral,0.0,59,0,13519,13519,True,0.7925
selected_s0p001/rep0059,selected,0.001,59,4,14450,14450,True,0.265
selected_s0p002/rep0059,selected,0.002,59,4,13786,13786,True,0.655
selected_s0p003/rep0059,selected,0.003,59,4,14573,14573,True,0.8775
selected_s0p004/rep0059,selected,0.004,59,4,13973,13973,True,0.7875
selected_s0p005/rep0059,selected,0.005,59,4,14598,14598,True,0.5475
selected_s0p006/rep0059,selected,0.006,59,4,13861,13861,True,0.94
selected_s0p007/rep0059,selected,0.007,59,4,14076,14076,False,0.955
selected_s0p008/rep0059,selected,0.008,59,4,14686,14686,False,0.9875
selected_s0p009/rep0059,selected,0.009,59,4,14384,14384,False,0.97
selected_s0p010/rep0059,selected,0.01,59,4,15429,15429,False,0.975
neutral/rep0060,neutral,0.0,60,3,13459,13459,True,0.6025
selected_s0p001/rep0060,selected,0.001,60,1,13149,13149,False,0.0075
selected_s0p002/rep0060,selected,0.002,60,1,14234,14234,True,0.07
selected_s0p003/rep0060,selected,0.003,60,1,15317,15317,True,0.4275
selected_s0p004/rep0060,selected,0.004,60,1,14606,14606,True,0.8625
selected_s0p005/rep0060,selected,0.005,60,1,14689,14689,True,0.87
selected_s0p006/rep0060,selected,0.006,60,1,14185,14185,True,0.1575
selected_s0p007/rep0060,selected,0.007,60,1,15633,15633,False,1.0
selected_s0p008/rep0060,selected,0.008,60,1,13932,13932,True,0.945
selected_s0p009/rep0060,selected,0.009,60,1,13743,13743,False,1.0
selected_s0p010/rep0060,selected,0.01,60,1,15166,15166,False,1.0
neutral/rep0061,neutral,0.0,61,1,13894,13888,False,0.005
selected_s0p001/rep0061,selected,0.001,61,4,14761,14761,True,0.0625
selected_s0p002/rep0061,selected,0.002,61,4,14058,14058,True,0.2
selected_s0p003/rep0061,selected,0.003,61,4,14526,14526,False,0.0225
selected_s0p004/rep0061,selected,0.004,61,4,13807,13807,True,0.2075
selected_s0p005/rep0061,selected,0.005,61,4,15264,15264,True,0.875
selected_s0p006/rep0061,selected,0.006,61,4,14593,14593,True,0.59
selected_s0p007/rep0061,selected,0.007,61,4,15683,15682,False,1.0
selected_s0p008/rep0061,selected,0.008,61,4,14459,14459,False,0.995
selected_s0p009/rep0061,selected,0.009,61,4,16095,16095,False,1.0
selected_s0p010/rep0061,selected,0.01,61,4,16143,16143,False,1.0
neutral/rep0062,neutral,0.0,62,2,13286,13286,False,0.0025
selected_s0p001/rep0062,selected,0.001,62,1,15942,15942,True,0.33
selected_s0p002/rep0062,selected,0.002,62,1,13448,13448,True,0.3425
selected_s0p003/rep0062,selected,0.003,62,1,12980,12980,True,0.51
selected_s0p004/rep0062,selected,0.004,62,1,14437,14437,True,0.3975
selected_s0p005/rep0062,selected,0.005,62,1,15811,15811,True,0.7475
selected_s0p006/rep0062,selected,0.006,62,1,14174,14174,True,0.875
selected_s0p007/rep0062,selected,0.007,62,1,14333,14333,True,0.645
selected_s0p008/rep0062,selected,0.008,62,1,14201,14201,True,0.8975
selected_s0p009/rep0062,selected,0.009,62,1,13920,13920,False,0.9975
selected_s0p010/rep0062,selected,0.01,62,1,14972,14972,False,0.98
neutral/rep0063,neutral,0.0,63,3,13619,13619,False,0.0025
selected_s0p001/rep0063,selected,0.001,63,2,16936,16936,True,0.215
selected_s0p002/rep0063,selected,0.002,63,2,14065,14065,True,0.36
selected_s0p003/rep0063,selected,0.003,63,2,14637,14637,True,0.06
selected_s0p004/rep0063,selected,0.004,63,2,14244,14244,True,0.69
selected_s0p005/rep0063,selected,0.005,63,2,17068,17068,True,0.9275
selected_s0p006/rep0063,selected,0.006,63,2,14146,14146,True,0.845
selected_s0p007/rep0063,selected,0.007,63,2,15212,15212,True,0.7775
selected_s0p008/rep0063,selected,0.008,63,2,14570,14570,True,0.11
selected_s0p009/rep0063,selected,0.009,63,2,16286,16286,False,0.9975
selected_s0p010/rep0063,selected,0.01,63,2,15310,15310,False,1.0
neutral/rep0064,neutral,0.0,64,4,14190,14190,False,0.0025
selected_s0p001/rep0064,selected,0.001,64,1,15141,15141,False,0.045
selected_s0p002/rep0064,selected,0.002,64,1,15052,15052,True,0.4175
selected_s0p003/rep0064,selected,0.003,64,1,14215,14215,True,0.335
selected_s0p004/rep0064,selected,0.004,64,1,13662,13662,True,0.615
selected_s0p005/rep0064,selected,0.005,64,1,15145,15145,True,0.73
selected_s0p006/rep0064,selected,0.006,64,1,15387,15387,False,0.995
selected_s0p007/rep0064,selected,0.007,64,1,14298,14298,True,0.825
selected_s0p008/rep0064,selected,0.008,64,1,12605,12605,True,0.9275
selected_s0p009/rep0064,selected,0.009,64,1,14603,14603,False,1.0
selected_s0p010/rep0064,selected,0.01,64,1,13675,13675,False,0.9825
neutral/rep0065,neutral,0.0,65,0,14689,14689,False,0.0025
selected_s0p001/rep0065,selected,0.001,65,3,14782,14782,True,0.225
selected_s0p002/rep0065,selected,0.002,65,3,13741,13741,True,0.0525
selected_s0p003/rep0065,selected,0.003,65,3,15485,15485,True,0.49
selected_s0p004/rep0065,selected,0.004,65,3,13190,13190,True,0.3325
selected_s0p005/rep0065,selected,0.005,65,3,12704,12704,False,0.9725
selected_s0p006/rep0065,selected,0.006,65,3,15287,15287,False,0.9975
selected_s0p007/rep0065,selected,0.007,65,3,14261,14261,True,0.95
selected_s0p008/rep0065,selected,0.008,65,3,13728,13728,False,0.9975
selected_s0p009/rep0065,selected,0.009,65,3,15066,15066,False,0.9925
selected_s0p010/rep0065,selected,0.01,65,3,13180,13179,False,1.0
neutral/rep0066,neutral,0.0,66,2,14226,14226,False,0.0025
selected_s0p001/rep0066,selected,0.001,66,1,14032,14032,False,0.02
selected_s0p002/rep0066,selected,0.002,66,1,14948,14948,True,0.0625
selected_s0p003/rep0066,selected,0.003,66,1,14983,14983,True,0.625
selected_s0p004/rep0066,selected,0.004,66,1,15429,15429,True,0.945
selected_s0p005/rep0066,selected,0.005,66,1,15091,15091,True,0.6175
selected_s0p006/rep0066,selected,0.006,66,1,14692,14692,False,0.97
selected_s0p007/rep0066,selected,0.007,66,1,15107,15107,False,1.0
selected_s0p008/rep0066,selected,0.008,66,1,14425,14425,True,0.94
selected_s0p009/rep0066,selected,0.009,66,1,13638,13638,False,0.9975
selected_s0p010/rep0066,selected,0.01,66,1,14315,14315,False,0.995
neutral/rep0067,neutral,0.0,67,2,13901,13901,True,0.0975
selected_s0p001/rep0067,selected,0.001,67,1,15777,15777,True,0.335
selected_s0p002/rep0067,selected,0.002,67,1,15094,15094,False,0.0375
selected_s0p003/rep0067,selected,0.003,67,1,16311,16311,True,0.435
selected_s0p004/rep0067,selected,0.004,67,1,15138,15138,False,0.9725
selected_s0p005/rep0067,selected,0.005,67,1,14137,14137,True,0.4775
selected_s0p006/rep0067,selected,0.006,67,1,15173,15173,True,0.925
selected_s0p007/rep0067,selected,0.007,67,1,14246,14246,True,0.71
selected_s0p008/rep0067,selected,0.008,67,1,13961,13961,False,0.9975
selected_s0p009/rep0067,selected,0.009,67,1,14820,14820,False,0.975
selected_s0p010/rep0067,selected,0.01,67,1,13357,13357,False,1.0
neutral/rep0068,neutral,0.0,68,1,12803,12803,False,0.005
selected_s0p001/rep0068,selected,0.001,68,4,13657,13657,True,0.115
selected_s0p002/rep0068,selected,0.002,68,4,13646,13646,True,0.6925
selected_s0p003/rep0068,selected,0.003,68,4,14957,14957,True,0.38
selected_s0p004/rep0068,selected,0.004,68,4,15273,15273,True,0.19
selected_s0p005/rep0068,selected,0.005,68,4,14458,14455,True,0.7525
selected_s0p006/rep0068,selected,0.006,68,4,16335,16335,True,0.93
selected_s0p007/rep0068,selected,0.007,68,4,14295,14295,True,0.88
selected_s0p008/rep0068,selected,0.008,68,4,13828,13828,False,0.9675
selected_s0p009/rep0068,selected,0.009,68,4,15326,15326,False,0.9625
selected_s0p010/rep0068,selected,0.01,68,4,14866,14866,False,1.0
neutral/rep0069,neutral,0.0,69,3,14584,14584,False,0.01
selected_s0p001/rep0069,selected,0.001,69,3,16038,16038,True,0.4675
selected_s0p002/rep0069,selected,0.002,69,3,14307,14307,True,0.2575
selected_s0p003/rep0069,selected,0.003,69,3,14007,14007,True,0.3925
selected_s0p004/rep0069,selected,0.004,69,3,14460,14459,True,0.9425
selected_s0p005/rep0069,selected,0.005,69,3,14322,14322,True,0.5725
selected_s0p006/rep0069,selected,0.006,69,3,14208,14208,True,0.8275
selected_s0p007/rep0069,selected,0.007,69,3,14135,14135,True,0.9125
selected_s0p008/rep0069,selected,0.008,69,3,13109,13109,True,0.94
selected_s0p009/rep0069,selected,0.009,69,3,15735,15735,False,1.0
selected_s0p010/rep0069,selected,0.01,69,3,14697,14697,False,1.0
neutral/rep0070,neutral,0.0,70,3,13987,13987,True,0.365
selected_s0p001/rep0070,selected,0.001,70,0,14905,14904,True,0.3325
selected_s0p002/rep0070,selected,0.002,70,0,16792,16792,True,0.4875
selected_s0p003/rep0070,selected,0.003,70,0,14820,14820,True,0.2775
selected_s0p004/rep0070,selected,0.004,70,0,13814,13814,True,0.1525
selected_s0p005/rep0070,selected,0.005,70,0,13961,13961,False,0.98
selected_s0p006/rep0070,selected,0.006,70,0,16133,16133,True,0.815
selected_s0p007/rep0070,selected,0.007,70,0,15455,15455,False,0.9775
selected_s0p008/rep0070,selected,0.008,70,0,14237,14237,False,0.995
selected_s0p009/rep0070,selected,0.009,70,0,13633,13633,False,0.9775
selected_s0p010/rep0070,selected,0.01,70,0,14464,14464,False,0.98
neutral/rep0071,neutral,0.0,71,1,13896,13896,True,0.07
selected_s0p001/rep0071,selected,0.001,71,0,13560,13560,True,0.1075
selected_s0p002/rep0071,selected,0.002,71,0,14207,14207,True,0.3325
selected_s0p003/rep0071,selected,0.003,71,0,14462,14462,True,0.0725
selected_s0p004/rep0071,selected,0.004,71,0,14122,14122,False,0.955
selected_s0p005/rep0071,selected,0.005,71,0,14454,14454,True,0.95
selected_s0p006/rep0071,selected,0.006,71,0,14052,14052,False,0.9775
selected_s0p007/rep0071,selected,0.007,71,0,13517,13517,False,0.97
selected_s0p008/rep0071,selected,0.008,71,0,13841,13841,False,0.975
selected_s0p009/rep0071,selected,0.009,71,0,15109,15109,False,1.0
selected_s0p010/rep0071,selected,0.01,71,0,13661,13661,False,0.9975
neutral/rep0072,neutral,0.0,72,4,13868,13868,False,0.0025
selected_s0p001/rep0072,selected,0.001,72,3,15248,15247,True,0.1725
selected_s0p002/rep0072,selected,0.002,72,3,16624,16624,True,0.15
selected_s0p003/rep0072,selected,0.003,72,3,13576,13576,True,0.63
selected_s0p004/rep0072,selected,0.004,72,3,16994,16994,True,0.6425
selected_s0p005/rep0072,selected,0.005,72,3,14168,14168,True,0.59
selected_s0p006/rep0072,selected,0.006,72,3,14596,14596,False,0.985
selected_s0p007/rep0072,selected,0.007,72,3,15640,15640,False,0.9875
selected_s0p008/rep0072,selected,0.008,72,3,14055,14055,False,1.0
selected_s0p009/rep0072,selected,0.009,72,3,12547,12547,False,1.0
selected_s0p010/rep0072,selected,0.01,72,3,15093,15093,False,1.0
neutral/rep0073,neutral,0.0,73,4,13937,13937,True,0.3375
selected_s0p001/rep0073,selected,0.001,73,3,14130,14130,True,0.26
selected_s0p002/rep0073,selected,0.002,73,3,15515,15515,True,0.575
selected_s0p003/rep0073,selected,0.003,73,3,14980,14980,True,0.365
selected_s0p004/rep0073,selected,0.004,73,3,15414,15414,True,0.7925
selected_s0p005/rep0073,selected,0.005,73,3,16315,16315,True,0.935
selected_s0p006/rep0073,selected,0.006,73,3,14251,14251,True,0.8875
selected_s0p007/rep0073,selected,0.007,73,3,15960,15960,False,0.9925
selected_s0p008/rep0073,selected,0.008,73,3,15677,15677,False,0.98
selected_s0p009/rep0073,selected,0.009,73,3,14661,14661,False,1.0
selected_s0p010/rep0073,selected,0.01,73,3,14387,14387,False,1.0
neutral/rep0074,neutral,0.0,74,1,14499,14499,True,0.2275
selected_s0p001/rep0074,selected,0.001,74,3,14860,14860,True,0.1375
selected_s0p002/rep0074,selected,0.002,74,3,14082,14082,True,0.175
selected_s0p003/rep0074,selected,0.003,74,3,15773,15773,True,0.8275
selected_s0p004/rep0074,selected,0.004,74,3,15924,15924,True,0.4275
selected_s0p005/rep0074,selected,0.005,74,3,15324,15324,True,0.9175
selected_s0p006/rep0074,selected,0.006,74,3,13881,13881,False,0.9925
selected_s0p007/rep0074,selected,0.007,74,3,14838,14838,False,0.98
selected_s0p008/rep0074,selected,0.008,74,3,16643,16643,False,1.0
selected_s0p009/rep0074,selected,0.009,74,3,15786,15786,False,0.995
selected_s0p010/rep0074,selected,0.01,74,3,13322,13322,False,0.9575
neutral/rep0075,neutral,0.0,75,3,15499,15499,True,0.6925
selected_s0p001/rep0075,selected,0.001,75,2,14249,14249,True,0.2625
selected_s0p002/rep0075,selected,0.002,75,2,15204,15204,False,0.0225
selected_s0p003/rep0075,selected,0.003,75,2,13605,13605,True,0.6325
selected_s0p004/rep0075,selected,0.004,75,2,14201,14201,True,0.9275
selected_s0p005/rep0075,selected,0.005,75,2,13501,13501,True,0.7575
selected_s0p006/rep0075,selected,0.006,75,2,15727,15727,True,0.1875
selected_s0p007/rep0075,selected,0.007,75,2,15139,15137,False,0.99
selected_s0p008/rep0075,selected,0.008,75,2,12990,12990,False,1.0
selected_s0p009/rep0075,selected,0.009,75,2,14116,14116,False,1.0
selected_s0p010/rep0075,selected,0.01,75,2,15209,15209,False,0.965
neutral/rep0076,neutral,0.0,76,0,15086,15086,True,0.645
selected_s0p001/rep0076,selected,0.001,76,1,14123,14123,False,0.0125
selected_s0p002/rep0076,selected,0.002,76,1,13181,13181,True,0.195
selected_s0p003/rep0076,selected,0.003,76,1,14007,14007,True,0.0775
selected_s0p004/rep0076,selected,0.004,76,1,13588,13588,True,0.7625
selected_s0p005/rep0076,selected,0.005,76,1,13683,13683,True,0.3625
selected_s0p006/rep0076,selected,0.006,76,1,14729,14729,True,0.9475
selected_s0p007/rep0076,selected,0.007,76,1,13474,13474,False,0.9525
selected_s0p008/rep0076,selected,0.008,76,1,14790,14790,False,0.985
selected_s0p009/rep0076,selected,0.009,76,1,14393,14393,False,1.0
selected_s0p010/rep0076,selected,0.01,76,1,14604,14604,False,1.0
neutral/rep0077,neutral,0.0,77,4,14313,14313,False,0.0025
selected_s0p001/rep0077,selected,0.001,77,4,14208,14208,True,0.485
selected_s0p002/rep0077,selected,0.002,77,4,14081,14081,True,0.215
selected_s0p003/rep0077,selected,0.003,77,4,14181,14181,True,0.0875
selected_s0p004/rep0077,selected,0.004,77,4,14406,14406,True,0.535
selected_s0p005/rep0077,selected,0.005,77,4,14502,14502,True,0.8525
selected_s0p006/rep0077,selected,0.006,77,4,14541,14541,True,0.9125
selected_s0p007/rep0077,selected,0.007,77,4,14181,14181,True,0.7075
selected_s0p008/rep0077,selected,0.008,77,4,14624,14624,False,0.9825
selected_s0p009/rep0077,selected,0.009,77,4,14648,14648,False,0.9975
selected_s0p010/rep0077,selected,0.01,77,4,14656,14656,False,0.99
neutral/rep0078,neutral,0.0,78,3,14170,14170,True,0.28
selected_s0p001/rep0078,selected,0.001,78,2,14453,14453,True,0.2275
selected_s0p002/rep0078,selected,0.002,78,2,14009,14009,True,0.225
selected_s0p003/rep0078,selected,0.003,78,2,14270,14270,True,0.6875
selected_s0p004/rep0078,selected,0.004,78,2,15441,15441,True,0.8075
selected_s0p005/rep0078,selected,0.005,78,2,14124,14124,True,0.895
selected_s0p006/rep0078,selected,0.006,78,2,14802,14802,True,0.8525
selected_s0p007/rep0078,selected,0.007,78,2,13400,13400,False,0.97
selected_s0p008/rep0078,selected,0.008,78,2,15249,15249,True,0.8925
selected_s0p009/rep0078,selected,0.009,78,2,14604,14604,False,0.9975
selected_s0p010/rep0078,selected,0.01,78,2,14567,14567,False,0.9725
neutral/rep0079,neutral,0.0,79,1,15190,15190,True,0.2475
selected_s0p001/rep0079,selected,0.001,79,0,15399,15399,False,0.0375
selected_s0p002/rep0079,selected,0.002,79,0,13823,13823,True,0.6
selected_s0p003/rep0079,selected,0.003,79,0,13997,13997,True,0.44
selected_s0p004/rep0079,selected,0.004,79,0,13288,13288,True,0.3625
selected_s0p005/rep0079,selected,0.005,79,0,13779,13779,True,0.9375
selected_s0p006/rep0079,selected,0.006,79,0,15805,15805,True,0.945
selected_s0p007/rep0079,selected,0.007,79,0,15105,15105,True,0.95
selected_s0p008/rep0079,selected,0.008,79,0,13664,13664,False,0.99
selected_s0p009/rep0079,selected,0.009,79,0,13926,13926,False,1.0
selected_s0p010/rep0079,selected,0.01,79,0,14121,14121,False,0.9875
neutral/rep0080,neutral,0.0,80,4,13425,13425,False,0.005
selected_s0p001/rep0080,selected,0.001,80,3,13851,13851,True,0.125
selected_s0p002/rep0080,selected,0.002,80,3,14493,14493,True,0.665
selected_s0p003/rep0080,selected,0.003,80,3,16038,16038,True,0.64
selected_s0p004/rep0080,selected,0.004,80,3,14427,14426,True,0.6575
selected_s0p005/rep0080,selected,0.005,80,3,14743,14743,True,0.9175
selected_s0p006/rep0080,selected,0.006,80,3,14288,14288,True,0.7075
selected_s0p007/rep0080,selected,0.007,80,3,14139,14139,True,0.93
selected_s0p008/rep0080,selected,0.008,80,3,14844,14844,False,1.0
selected_s0p009/rep0080,selected,0.009,80,3,14558,14558,True,0.8775
selected_s0p010/rep0080,selected,0.01,80,3,14221,14221,False,0.965
neutral/rep0081,neutral,0.0,81,2,13658,13658,True,0.0525
selected_s0p001/rep0081,selected,0.001,81,2,14016,14016,True,0.1475
selected_s0p002/rep0081,selected,0.002,81,2,14839,14839,True,0.465
selected_s0p003/rep0081,selected,0.003,81,2,16629,16629,True,0.585
selected_s0p004/rep0081,selected,0.004,81,2,14343,14343,True,0.5975
selected_s0p005/rep0081,selected,0.005,81,2,14710,14710,True,0.835
selected_s0p006/rep0081,selected,0.006,81,2,14653,14653,True,0.9175
selected_s0p007/rep0081,selected,0.007,81,2,15800,15800,False,0.995
selected_s0p008/rep0081,selected,0.008,81,2,13594,13594,False,1.0
selected_s0p009/rep0081,selected,0.009,81,2,14408,14408,False,0.975
selected_s0p010/rep0081,selected,0.01,81,2,14981,14981,False,0.995
neutral/rep0082,neutral,0.0,82,1,14473,14473,False,0.0025
selected_s0p001/rep0082,selected,0.001,82,3,14231,14231,True,0.4625
selected_s0p002/rep0082,selected,0.002,82,3,14591,14591,True,0.1875
selected_s0p003/rep0082,selected,0.003,82,3,13152,13152,True,0.31
selected_s0p004/rep0082,selected,0.004,82,3,16065,16065,True,0.81
selected_s0p005/rep0082,selected,0.005,82,3,15053,15053,True,0.895
selected_s0p006/rep0082,selected,0.006,82,3,16647,16647,True,0.1725
selected_s0p007/rep0082,selected,0.007,82,3,14719,14719,True,0.1225
selected_s0p008/rep0082,selected,0.008,82,3,15669,15669,True,0.915
selected_s0p009/rep0082,selected,0.009,82,3,16957,16957,False,0.9875
selected_s0p010/rep0082,selected,0.01,82,3,13875,13875,False,1.0
neutral/rep0083,neutral,0.0,83,0,14031,14031,False,0.045
selected_s0p001/rep0083,selected,0.001,83,4,13478,13478,True,0.285
selected_s0p002/rep0083,selected,0.002,83,4,15670,15670,True,0.2975
selected_s0p003/rep0083,selected,0.003,83,4,16858,16858,True,0.8325
selected_s0p004/rep0083,selected,0.004,83,4,14934,14934,True,0.3825
selected_s0p005/rep0083,selected,0.005,83,4,15640,15640,True,0.78
selected_s0p006/rep0083,selected,0.006,83,4,15347,15347,True,0.9175
selected_s0p007/rep0083,selected,0.007,83,4,15221,15221,False,0.9625
selected_s0p008/rep0083,selected,0.008,83,4,13251,13251,True,0.9325
selected_s0p009/rep0083,selected,0.009,83,4,13528,13528,False,0.9825
selected_s0p010/rep0083,selected,0.01,83,4,15345,15345,False,1.0
neutral/rep0084,neutral,0.0,84,1,13371,13371,False,0.0025
selected_s0p001/rep0084,selected,0.001,84,4,14995,14995,True,0.125
selected_s0p002/rep0084,selected,0.002,84,4,15020,15020,True,0.1075
selected_s0p003/rep0084,selected,0.003,84,4,13925,13925,True,0.0525
selected_s0p004/rep0084,selected,0.004,84,4,14678,14678,True,0.3825
selected_s0p005/rep0084,selected,0.005,84,4,13447,13447,True,0.81
selected_s0p006/rep0084,selected,0.006,84,4,14258,14258,True,0.95
selected_s0p007/rep0084,selected,0.007,84,4,14313,14313,False,0.9975
selected_s0p008/rep0084,selected,0.008,84,4,13932,13932,True,0.895
selected_s0p009/rep0084,selected,0.009,84,4,13575,13575,False,0.99
selected_s0p010/rep0084,selected,0.01,84,4,14953,14953,False,0.985
neutral/rep0085,neutral,0.0,85,3,13458,13458,False,0.0025
selected_s0p001/rep0085,selected,0.001,85,2,15252,15252,True,0.3275
selected_s0p002/rep0085,selected,0.002,85,2,14842,14842,True,0.375
selected_s0p003/rep0085,selected,0.003,85,2,14497,14497,True,0.13
selected_s0p004/rep0085,selected,0.004,85,2,13426,13426,True,0.66
selected_s0p005/rep0085,selected,0.005,85,2,13229,13229,False,0.9675
selected_s0p006/rep0085,selected,0.006,85,2,14951,14951,False,0.9575
selected_s0p007/rep0085,selected,0.007,85,2,14463,14462,False,0.97
selected_s0p008/rep0085,selected,0.008,85,2,13645,13645,False,0.955
selected_s0p009/rep0085,selected,0.009,85,2,15129,15129,False,0.9975
selected_s0p010/rep0085,selected,0.01,85,2,15862,15862,False,0.995
neutral/rep0086,neutral,0.0,86,3,14134,14134,False,0.0025
selected_s0p002/rep0086,selected,0.002,86,3,15371,15371,False,0.01
selected_s0p003/rep0086,selected,0.003,86,3,14706,14706,True,0.45
selected_s0p004/rep0086,selected,0.004,86,3,14656,14656,True,0.13
selected_s0p005/rep0086,selected,0.005,86,3,13543,13543,True,0.93
selected_s0p006/rep0086,selected,0.006,86,3,14876,14876,True,0.835
selected_s0p007/rep0086,selected,0.007,86,3,14099,14099,False,0.995
selected_s0p008/rep0086,selected,0.008,86,3,13969,13969,False,0.9775
selected_s0p009/rep0086,selected,0.009,86,3,15314,15314,False,0.9875
selected_s0p010/rep0086,selected,0.01,86,3,14142,14142,False,0.9925
neutral/rep0087,neutral,0.0,87,0,13292,13292,False,0.0025
selected_s0p001/rep0087,selected,0.001,87,1,13782,13782,True,0.075
selected_s0p002/rep0087,selected,0.002,87,1,14374,14373,True,0.065
selected_s0p003/rep0087,selected,0.003,87,1,14472,14472,True,0.105
selected_s0p004/rep0087,selected,0.004,87,1,14269,14269,True,0.285
selected_s0p005/rep0087,selected,0.005,87,1,14406,14406,True,0.8875
selected_s0p006/rep0087,selected,0.006,87,1,15415,15415,True,0.645
selected_s0p007/rep0087,selected,0.007,87,1,13428,13428,True,0.8375
selected_s0p008/rep0087,selected,0.008,87,1,13665,13665,True,0.8925
selected_s0p009/rep0087,selected,0.009,87,1,14113,14113,False,1.0
selected_s0p010/rep0087,selected,0.01,87,1,14162,14162,False,0.995
neutral/rep0088,neutral,0.0,88,0,13771,13771,False,0.0075
selected_s0p001/rep0088,selected,0.001,88,3,15473,15473,True,0.05
selected_s0p002/rep0088,selected,0.002,88,3,15516,15516,True,0.67
selected_s0p003/rep0088,selected,0.003,88,3,14955,14955,True,0.7625
selected_s0p004/rep0088,selected,0.004,88,3,14456,14456,True,0.6
selected_s0p005/rep0088,selected,0.005,88,3,14543,14543,True,0.88
selected_s0p006/rep0088,selected,0.006,88,3,13264,13264,True,0.8625
selected_s0p007/rep0088,selected,0.007,88,3,14628,14628,False,0.9975
selected_s0p008/rep0088,selected,0.008,88,3,15003,15003,False,0.9675
selected_s0p009/rep0088,selected,0.009,88,3,15133,15133,False,0.98
selected_s0p010/rep0088,selected,0.01,88,3,13811,13811,False,1.0
neutral/rep0089,neutral,0.0,89,0,13978,13978,True,0.095
selected_s0p001/rep0089,selected,0.001,89,1,16220,16220,True,0.4875
selected_s0p002/rep0089,selected,0.002,89,1,13583,13583,True,0.3875
selected_s0p003/rep0089,selected,0.003,89,1,14474,14474,True,0.185
selected_s0p004/rep0089,selected,0.004,89,1,14073,14073,True,0.845
selected_s0p005/rep0089,selected,0.005,89,1,14093,14090,False,0.9775
selected_s0p006/rep0089,selected,0.006,89,1,15127,15127,True,0.7925
selected_s0p007/rep0089,selected,0.007,89,1,15944,15944,True,0.22
selected_s0p008/rep0089,selected,0.008,89,1,15407,15407,True,0.9475
selected_s0p009/rep0089,selected,0.009,89,1,13119,13119,True,0.945
selected_s0p010/rep0089,selected,0.01,89,1,14019,14019,False,0.9925
neutral/rep0090,neutral,0.0,90,2,13680,13679,False,0.0025
selected_s0p001/rep0090,selected,0.001,90,1,13801,13801,True,0.095
selected_s0p002/rep0090,selected,0.002,90,1,16139,16139,True,0.6125
selected_s0p003/rep0090,selected,0.003,90,1,14611,14611,True,0.245
selected_s0p004/rep0090,selected,0.004,90,1,15295,15295,True,0.8325
selected_s0p005/rep0090,selected,0.005,90,1,14195,14195,False,0.99
selected_s0p006/rep0090,selected,0.006,90,1,15144,15144,True,0.9475
selected_s0p007/rep0090,selected,0.007,90,1,14702,14702,True,0.6375
selected_s0p008/rep0090,selected,0.008,90,1,14941,14941,False,0.9925
selected_s0p009/rep0090,selected,0.009,90,1,15528,15528,False,0.9975
selected_s0p010/rep0090,selected,0.01,90,1,13128,13128,True,0.915
neutral/rep0091,neutral,0.0,91,1,13859,13859,True,0.8325
selected_s0p001/rep0091,selected,0.001,91,2,15468,15468,True,0.27
selected_s0p002/rep0091,selected,0.002,91,2,14182,14182,True,0.6575
selected_s0p003/rep0091,selected,0.003,91,2,13626,13626,True,0.2925
selected_s0p004/rep0091,selected,0.004,91,2,14727,14727,True,0.5725
selected_s0p005/rep0091,selected,0.005,91,2,15245,15245,True,0.71
selected_s0p006/rep0091,selected,0.006,91,2,14869,14869,False,0.96
selected_s0p007/rep0091,selected,0.007,91,2,14099,14099,False,1.0
selected_s0p008/rep0091,selected,0.008,91,2,13713,13713,False,0.9525
selected_s0p009/rep0091,selected,0.009,91,2,14607,14607,False,0.99
selected_s0p010/rep0091,selected,0.01,91,2,14808,14808,False,1.0
neutral/rep0092,neutral,0.0,92,3,13819,13819,True,0.0875
selected_s0p002/rep0092,selected,0.002,92,3,13888,13888,True,0.475
selected_s0p004/rep0092,selected,0.004,92,3,15322,15322,True,0.375
selected_s0p005/rep0092,selected,0.005,92,3,14291,14291,False,0.9575
selected_s0p006/rep0092,selected,0.006,92,3,13754,13754,False,0.97
selected_s0p007/rep0092,selected,0.007,92,3,15617,15617,False,0.985
selected_s0p008/rep0092,selected,0.008,92,3,13997,13997,False,0.995
selected_s0p009/rep0092,selected,0.009,92,3,13739,13739,False,0.9875
selected_s0p010/rep0092,selected,0.01,92,3,14205,14205,False,0.9625
neutral/rep0093,neutral,0.0,93,0,13764,13764,False,0.005
selected_s0p001/rep0093,selected,0.001,93,2,16075,16075,False,0.02
selected_s0p003/rep0093,selected,0.003,93,2,14363,14363,True,0.395
selected_s0p004/rep0093,selected,0.004,93,2,14862,14862,True,0.8775
selected_s0p005/rep0093,selected,0.005,93,2,13496,13496,True,0.4825
selected_s0p006/rep0093,selected,0.006,93,2,15211,15211,False,0.9825
selected_s0p007/rep0093,selected,0.007,93,2,14014,14014,False,0.9725
selected_s0p008/rep0093,selected,0.008,93,2,15688,15688,False,1.0
selected_s0p009/rep0093,selected,0.009,93,2,15495,15495,False,0.98
selected_s0p010/rep0093,selected,0.01,93,2,14023,14023,False,0.9975
neutral/rep0094,neutral,0.0,94,3,12624,12624,False,0.0025
selected_s0p003/rep0094,selected,0.003,94,1,14070,14070,True,0.545
selected_s0p005/rep0094,selected,0.005,94,1,13566,13566,True,0.72
selected_s0p008/rep0094,selected,0.008,94,1,13890,13890,False,0.955
selected_s0p009/rep0094,selected,0.009,94,1,14362,14362,False,1.0
selected_s0p010/rep0094,selected,0.01,94,1,14310,14310,False,1.0
neutral/rep0095,neutral,0.0,95,0,12858,12858,True,0.815
selected_s0p003/rep0095,selected,0.003,95,0,14652,14652,True,0.445
selected_s0p005/rep0095,selected,0.005,95,0,14367,14367,True,0.605
neutral/rep0096,neutral,0.0,96,3,13250,13250,False,0.0025
selected_s0p005/rep0096,selected,0.005,96,4,14849,14849,True,0.9375
neutral/rep0097,neutral,0.0,97,3,14209,14209,True,0.14
selected_s0p005/rep0097,selected,0.005,97,4,14261,14260,True,0.72
neutral/rep0098,neutral,0.0,98,1,13386,13386,False,0.0025
selected_s0p005/rep0098,selected,0.005,98,1,13415,13415,True,0.82
neutral/rep0099,neutral,0.0,99,4,14160,14160,True,0.285
selected_s0p005/rep0099,selected,0.005,99,0,15061,15061,True,0.7
neutral/rep0100,neutral,0.0,100,1,15063,15063,False,0.005
neutral/rep0101,neutral,0.0,101,1,13361,13361,False,0.0025
neutral/rep0102,neutral,0.0,102,1,13778,13778,True,0.0875
neutral/rep0103,neutral,0.0,103,0,15323,15323,True,0.135
neutral/rep0104,neutral,0.0,104,4,13985,13985,False,0.005
neutral/rep0105,neutral,0.0,105,0,13676,13676,False,0.005
neutral/rep0106,neutral,0.0,106,1,13813,13813,False,0.0025
neutral/rep0107,neutral,0.0,107,1,13465,13465,False,0.0025
neutral/rep0108,neutral,0.0,108,3,14816,14816,False,0.0025
neutral/rep0109,neutral,0.0,109,0,13834,13834,True,0.13
neutral/rep0110,neutral,0.0,110,4,14343,14343,False,0.0125
neutral/rep0111,neutral,0.0,111,0,14624,14624,False,0.0025
neutral/rep0112,neutral,0.0,112,3,14262,14262,False,0.0025
neutral/rep0113,neutral,0.0,113,2,14337,14337,True,0.7525
neutral/rep0114,neutral,0.0,114,4,13191,13191,False,0.03
neutral/rep0115,neutral,0.0,115,4,13470,13470,False,0.0025
neutral/rep0116,neutral,0.0,116,1,15418,15418,False,0.0025
neutral/rep0117,neutral,0.0,117,0,14114,14114,False,0.0025
neutral/rep0118,neutral,0.0,118,0,14053,14053,False,0.0025
neutral/rep0119,neutral,0.0,119,1,13713,13713,False,0.0025
neutral/rep0120,neutral,0.0,120,1,13372,13372,False,0.015
neutral/rep0121,neutral,0.0,121,3,14165,14165,False,0.0025
neutral/rep0122,neutral,0.0,122,1,14161,14161,True,0.055
neutral/rep0123,neutral,0.0,123,4,14944,14944,True,0.33
neutral/rep0124,neutral,0.0,124,0,15503,15503,True,0.23
neutral/rep0125,neutral,0.0,125,3,14889,14889,True,0.1625
neutral/rep0126,neutral,0.0,126,0,13603,13603,False,0.0025
neutral/rep0127,neutral,0.0,127,2,13077,13077,False,0.005
neutral/rep0128,neutral,0.0,128,3,13419,13419,False,0.0225
neutral/rep0129,neutral,0.0,129,2,14450,14450,False,0.0025
neutral/rep0130,neutral,0.0,130,2,13070,13070,True,0.0525
neutral/rep0131,neutral,0.0,131,2,13310,13310,True,0.9275
neutral/rep0132,neutral,0.0,132,2,13437,13437,True,0.39
neutral/rep0133,neutral,0.0,133,3,13877,13877,False,0.0025
neutral/rep0134,neutral,0.0,134,4,13457,13457,False,0.0025
neutral/rep0135,neutral,0.0,135,2,14469,14469,True,0.21
neutral/rep0136,neutral,0.0,136,3,15364,15364,True,0.1975
neutral/rep0137,neutral,0.0,137,4,15443,15443,False,0.0025
neutral/rep0138,neutral,0.0,138,2,15116,15116,True,0.27
neutral/rep0139,neutral,0.0,139,3,14405,14405,True,0.325
neutral/rep0140,neutral,0.0,140,4,14169,14169,False,0.0075
neutral/rep0141,neutral,0.0,141,1,13421,13421,True,0.3925
neutral/rep0142,neutral,0.0,142,1,14056,14056,False,0.0025
neutral/rep0143,neutral,0.0,143,1,14607,14607,False,0.0025
neutral/rep0144,neutral,0.0,144,4,13404,13404,True,0.05
neutral/rep0145,neutral,0.0,145,0,13603,13603,False,0.0025
neutral/rep0146,neutral,0.0,146,1,13760,13760,False,0.0025
neutral/rep0147,neutral,0.0,147,1,13689,13689,False,0.0025
neutral/rep0148,neutral,0.0,148,0,12842,12842,True,0.2425
neutral/rep0149,neutral,0.0,149,4,13746,13746,True,0.445
neutral/rep0150,neutral,0.0,150,4,12841,12841,True,0.12
neutral/rep0151,neutral,0.0,151,1,14574,14574,False,0.9525
neutral/rep0152,neutral,0.0,152,1,14175,14175,True,0.5975
neutral/rep0153,neutral,0.0,153,3,13652,13652,False,0.0075
neutral/rep0154,neutral,0.0,154,0,13577,13577,True,0.1825
neutral/rep0155,neutral,0.0,155,2,15142,15142,True,0.6525
neutral/rep0156,neutral,0.0,156,4,13843,13843,False,0.0025
neutral/rep0157,neutral,0.0,157,2,12914,12914,True,0.765
neutral/rep0158,neutral,0.0,158,1,13832,13832,False,0.025
neutral/rep0159,neutral,0.0,159,0,14105,14105,True,0.1
neutral/rep0160,neutral,0.0,160,0,13463,13463,False,0.0475
neutral/rep0161,neutral,0.0,161,0,14243,14243,True,0.4975
neutral/rep0162,neutral,0.0,162,1,13690,13690,True,0.1075
neutral/rep0163,neutral,0.0,163,0,13721,13721,False,0.01
neutral/rep0164,neutral,0.0,164,3,13748,13748,True,0.1
neutral/rep0165,neutral,0.0,165,0,13552,13552,True,0.14
neutral/rep0166,neutral,0.0,166,2,14230,14230,True,0.5725
neutral/rep0167,neutral,0.0,167,4,14838,14838,False,0.0025
neutral/rep0168,neutral,0.0,168,3,14724,14724,False,0.01
neutral/rep0169,neutral,0.0,169,0,14442,14442,True,0.75
neutral/rep0170,neutral,0.0,170,4,14286,14286,False,0.0025
neutral/rep0171,neutral,0.0,171,3,13834,13834,False,0.0025
neutral/rep0172,neutral,0.0,172,3,13464,13463,True,0.0875
neutral/rep0173,neutral,0.0,173,1,15272,15272,True,0.895
neutral/rep0174,neutral,0.0,174,3,13442,13442,True,0.0525
neutral/rep0175,neutral,0.0,175,2,13248,13248,True,0.5875
neutral/rep0176,neutral,0.0,176,3,15299,15299,True,0.13
neutral/rep0177,neutral,0.0,177,0,15582,15582,False,0.0275
neutral/rep0178,neutral,0.0,178,1,13439,13439,True,0.4325
neutral/rep0179,neutral,0.0,179,3,16959,16959,False,0.0025
neutral/rep0180,neutral,0.0,180,3,14363,14363,False,0.005
neutral/rep0181,neutral,0.0,181,2,13978,13978,False,0.0025
neutral/rep0182,neutral,0.0,182,0,15508,15508,False,0.0025
neutral/rep0183,neutral,0.0,183,3,13415,13414,True,0.155
neutral/rep0184,neutral,0.0,184,0,16151,16151,True,0.2275
neutral/rep0185,neutral,0.0,185,4,13400,13400,True,0.1725
neutral/rep0186,neutral,0.0,186,1,14792,14792,False,0.0025
neutral/rep0187,neutral,0.0,187,3,15286,15286,True,0.15
neutral/rep0188,neutral,0.0,188,4,12997,12997,False,0.015
neutral/rep0189,neutral,0.0,189,4,13302,13302,False,0.01
neutral/rep0190,neutral,0.0,190,1,14152,14152,True,0.055
neutral/rep0191,neutral,0.0,191,3,13307,13307,True,0.065
neutral/rep0192,neutral,0.0,192,3,13777,13777,True,0.1075
neutral/rep0193,neutral,0.0,193,0,15124,15124,True,0.165
neutral/rep0194,neutral,0.0,194,2,13937,13937,False,0.0225
neutral/rep0195,neutral,0.0,195,0,14636,14635,True,0.085
neutral/rep0196,neutral,0.0,196,2,13318,13318,True,0.11
neutral/rep0197,neutral,0.0,197,0,14665,14664,False,0.005
neutral/rep0198,neutral,0.0,198,2,14174,14174,False,0.0075
neutral/rep0199,neutral,0.0,199,4,14797,14797,False,0.0075
neutral/rep0200,neutral,0.0,200,3,14521,14521,False,0.0025
neutral/rep0201,neutral,0.0,201,1,15188,15188,True,0.19
neutral/rep0202,neutral,0.0,202,2,13905,13905,False,0.0025
neutral/rep0203,neutral,0.0,203,3,13141,13141,True,0.65
neutral/rep0204,neutral,0.0,204,3,13948,13940,True,0.145
neutral/rep0205,neutral,0.0,205,2,13852,13852,False,0.0025
neutral/rep0206,neutral,0.0,206,2,15098,15081,True,0.6675
neutral/rep0207,neutral,0.0,207,0,14005,14005,True,0.7
neutral/rep0208,neutral,0.0,208,2,13769,13769,False,0.005
neutral/rep0209,neutral,0.0,209,3,13392,13392,False,0.0025
neutral/rep0210,neutral,0.0,210,2,14612,14612,True,0.095
neutral/rep0211,neutral,0.0,211,4,13769,13769,False,0.01
neutral/rep0212,neutral,0.0,212,3,14000,14000,False,0.025
neutral/rep0213,neutral,0.0,213,3,14093,14093,True,0.0725
neutral/rep0214,neutral,0.0,214,4,13856,13856,False,0.0025
neutral/rep0215,neutral,0.0,215,0,13621,13621,False,0.0025
neutral/rep0216,neutral,0.0,216,0,13918,13918,True,0.235
neutral/rep0217,neutral,0.0,217,2,14685,14685,False,0.0025
neutral/rep0218,neutral,0.0,218,3,14740,14740,False,0.005
neutral/rep0219,neutral,0.0,219,1,13919,13919,True,0.2375
neutral/rep0220,neutral,0.0,220,0,12665,12665,True,0.215
neutral/rep0221,neutral,0.0,221,0,14250,14250,False,0.0025
neutral/rep0222,neutral,0.0,222,2,14860,14860,True,0.315
neutral/rep0223,neutral,0.0,223,4,14482,14482,False,0.015
neutral/rep0224,neutral,0.0,224,3,14213,14213,False,0.0025
neutral/rep0225,neutral,0.0,225,4,14278,14278,True,0.7975
neutral/rep0226,neutral,0.0,226,2,13192,13192,True,0.3975
neutral/rep0227,neutral,0.0,227,3,13680,13680,True,0.17
neutral/rep0228,neutral,0.0,228,3,14711,14711,True,0.0825
neutral/rep0229,neutral,0.0,229,2,15191,15191,True,0.1825
neutral/rep0230,neutral,0.0,230,0,13373,13372,True,0.545
neutral/rep0231,neutral,0.0,231,2,13941,13941,True,0.91
neutral/rep0232,neutral,0.0,232,0,13637,13637,False,0.0025
neutral/rep0233,neutral,0.0,233,1,13959,13959,True,0.2625
neutral/rep0234,neutral,0.0,234,2,15089,15089,True,0.195
neutral/rep0235,neutral,0.0,235,2,15164,15164,True,0.635
neutral/rep0236,neutral,0.0,236,2,13337,13337,True,0.3025
neutral/rep0237,neutral,0.0,237,4,14674,14674,True,0.08
neutral/rep0238,neutral,0.0,238,0,12777,12777,True,0.5275
neutral/rep0239,neutral,0.0,239,2,14525,14525,False,0.0025
neutral/rep0240,neutral,0.0,240,2,15522,15522,False,0.005
neutral/rep0241,neutral,0.0,241,4,13080,13080,False,0.0025
neutral/rep0242,neutral,0.0,242,1,13272,13272,True,0.3875
neutral/rep0243,neutral,0.0,243,1,14134,14134,False,0.0025
neutral/rep0244,neutral,0.0,244,1,14647,14647,False,0.0025
neutral/rep0245,neutral,0.0,245,1,14635,14635,False,0.01
neutral/rep0246,neutral,0.0,246,1,14728,14728,True,0.25
neutral/rep0247,neutral,0.0,247,2,13625,13625,False,0.005
neutral/rep0248,neutral,0.0,248,2,14465,14463,False,0.0025
neutral/rep0249,neutral,0.0,249,0,14055,14055,True,0.7025
neutral/rep0250,neutral,0.0,250,0,14641,14641,False,0.005
neutral/rep0251,neutral,0.0,251,3,13795,13795,False,0.0025
neutral/rep0252,neutral,0.0,252,1,13682,13682,False,0.04
neutral/rep0253,neutral,0.0,253,0,13824,13824,False,0.0025
neutral/rep0254,neutral,0.0,254,2,13284,13284,True,0.065
neutral/rep0255,neutral,0.0,255,3,14201,14201,True,0.2
neutral/rep0256,neutral,0.0,256,4,12960,12960,False,0.0025
neutral/rep0257,neutral,0.0,257,3,13265,13265,False,0.0225
neutral/rep0258,neutral,0.0,258,3,13567,13567,False,0.0025
neutral/rep0259,neutral,0.0,259,3,13662,13662,True,0.345
neutral/rep0260,neutral,0.0,260,1,13235,13235,True,0.33
neutral/rep0261,neutral,0.0,261,0,14394,14394,True,0.6575
neutral/rep0262,neutral,0.0,262,3,14262,14262,False,0.015
neutral/rep0263,neutral,0.0,263,0,13797,13797,False,0.025
neutral/rep0264,neutral,0.0,264,0,14223,14223,True,0.695
neutral/rep0265,neutral,0.0,265,0,13746,13746,True,0.385
neutral/rep0266,neutral,0.0,266,1,15464,15464,False,0.0025
neutral/rep0267,neutral,0.0,267,2,14035,14035,False,0.0125
neutral/rep0268,neutral,0.0,268,1,13882,13882,False,0.0025
neutral/rep0269,neutral,0.0,269,1,13401,13401,False,0.0025
neutral/rep0270,neutral,0.0,270,1,14495,14495,False,0.0025
neutral/rep0271,neutral,0.0,271,1,13136,13136,False,0.0025
neutral/rep0272,neutral,0.0,272,1,14302,14302,True,0.2175
neutral/rep0273,neutral,0.0,273,4,14820,14820,True,0.4375
neutral/rep0274,neutral,0.0,274,4,13668,13668,True,0.09
neutral/rep0275,neutral,0.0,275,0,14446,14446,False,0.005
neutral/rep0276,neutral,0.0,276,0,13946,13946,False,0.025
neutral/rep0277,neutral,0.0,277,0,15107,15107,True,0.105
neutral/rep0278,neutral,0.0,278,2,14362,14362,False,0.005
neutral/rep0279,neutral,0.0,279,4,13683,13683,False,0.0025
neutral/rep0280,neutral,0.0,280,2,14140,14140,False,0.0025
neutral/rep0281,neutral,0.0,281,1,13173,13173,False,0.0025
neutral/rep0282,neutral,0.0,282,2,13651,13651,True,0.16
neutral/rep0283,neutral,0.0,283,1,13503,13503,True,0.46
neutral/rep0284,neutral,0.0,284,0,14071,14071,False,0.0025
neutral/rep0285,neutral,0.0,285,4,13999,13999,False,0.0025
neutral/rep0286,neutral,0.0,286,3,13195,13195,False,0.0025
neutral/rep0287,neutral,0.0,287,1,14932,14932,False,0.0025
neutral/rep0288,neutral,0.0,288,2,14015,14015,False,0.005
neutral/rep0289,neutral,0.0,289,1,14312,14311,False,0.0325
neutral/rep0290,neutral,0.0,290,1,14178,14178,False,0.005
neutral/rep0291,neutral,0.0,291,2,13550,13550,True,0.3225
neutral/rep0292,neutral,0.0,292,2,14633,14633,True,0.79
neutral/rep0293,neutral,0.0,293,0,14267,14267,False,0.005
neutral/rep0294,neutral,0.0,294,4,14586,14582,False,0.0025
neutral/rep0295,neutral,0.0,295,0,13728,13728,False,0.0025
neutral/rep0296,neutral,0.0,296,2,13739,13739,True,0.2325
neutral/rep0297,neutral,0.0,297,0,13441,13441,False,0.0225
neutral/rep0298,neutral,0.0,298,1,13785,13785,False,0.0025
neutral/rep0299,neutral,0.0,299,0,13465,13465,False,0.0025
neutral/rep0300,neutral,0.0,300,2,13944,13944,True,0.5875
neutral/rep0301,neutral,0.0,301,1,13469,13469,False,0.0025
neutral/rep0302,neutral,0.0,302,2,13761,13761,True,0.2025
neutral/rep0303,neutral,0.0,303,4,14739,14739,False,0.0025
neutral/rep0304,neutral,0.0,304,3,14940,14940,False,0.005
neutral/rep0305,neutral,0.0,305,3,13394,13394,True,0.2475
neutral/rep0306,neutral,0.0,306,0,13081,13081,True,0.615
neutral/rep0307,neutral,0.0,307,3,14032,14032,False,0.005
neutral/rep0308,neutral,0.0,308,3,13415,13415,False,0.0025
neutral/rep0309,neutral,0.0,309,0,15924,15924,False,0.0025
neutral/rep0310,neutral,0.0,310,0,14072,14072,True,0.7575
neutral/rep0311,neutral,0.0,311,4,13513,13513,False,0.0025
neutral/rep0312,neutral,0.0,312,3,14127,14127,False,0.005
neutral/rep0313,neutral,0.0,313,1,12720,12720,False,0.0075
neutral/rep0314,neutral,0.0,314,1,13178,13178,False,0.005
neutral/rep0315,neutral,0.0,315,1,13939,13939,True,0.415
neutral/rep0316,neutral,0.0,316,0,13043,13043,False,0.0075
neutral/rep0317,neutral,0.0,317,2,15149,15149,False,0.015
neutral/rep0318,neutral,0.0,318,0,12805,12805,False,0.0075
neutral/rep0319,neutral,0.0,319,1,13933,13933,False,0.0025
neutral/rep0320,neutral,0.0,320,2,13606,13606,False,0.02
neutral/rep0321,neutral,0.0,321,4,12813,12813,False,0.005
neutral/rep0322,neutral,0.0,322,1,13840,13840,True,0.925
neutral/rep0323,neutral,0.0,323,1,13726,13726,False,0.0025
neutral/rep0324,neutral,0.0,324,0,14282,14282,False,0.0075
neutral/rep0325,neutral,0.0,325,2,14532,14532,False,0.005
neutral/rep0326,neutral,0.0,326,1,14065,14065,True,0.5725
neutral/rep0327,neutral,0.0,327,3,14224,14224,True,0.7075
neutral/rep0328,neutral,0.0,328,0,13250,13250,False,0.0025
neutral/rep0329,neutral,0.0,329,2,14955,14955,False,0.0025
neutral/rep0330,neutral,0.0,330,1,13119,13119,True,0.4325
neutral/rep0331,neutral,0.0,331,3,14314,14314,False,0.005
neutral/rep0332,neutral,0.0,332,1,13457,13457,False,0.0025
neutral/rep0333,neutral,0.0,333,2,13250,13250,False,0.0425
neutral/rep0334,neutral,0.0,334,3,13658,13658,False,0.02
neutral/rep0335,neutral,0.0,335,2,14178,14178,False,0.0025
neutral/rep0336,neutral,0.0,336,2,14463,14463,False,0.005
neutral/rep0337,neutral,0.0,337,2,13079,13079,False,0.025
neutral/rep0338,neutral,0.0,338,4,14267,14267,False,0.0025
neutral/rep0339,neutral,0.0,339,2,14372,14372,True,0.835
neutral/rep0340,neutral,0.0,340,0,13778,13778,True,0.1625
neutral/rep0341,neutral,0.0,341,2,14094,14094,True,0.4575
neutral/rep0342,neutral,0.0,342,2,13134,13134,False,0.01
neutral/rep0343,neutral,0.0,343,1,13481,13481,False,0.0025
neutral/rep0344,neutral,0.0,344,0,13382,13382,False,0.0025
neutral/rep0345,neutral,0.0,345,4,13414,13414,False,0.0025
neutral/rep0346,neutral,0.0,346,2,13991,13991,False,0.0075
neutral/rep0347,neutral,0.0,347,1,14607,14607,True,0.1025
neutral/rep0348,neutral,0.0,348,2,12580,12580,True,0.235
neutral/rep0349,neutral,0.0,349,1,13988,13988,False,0.03
neutral/rep0350,neutral,0.0,350,3,14394,14394,True,0.595
neutral/rep0351,neutral,0.0,351,3,15318,15318,True,0.545
neutral/rep0352,neutral,0.0,352,2,15457,15457,True,0.8875
neutral/rep0353,neutral,0.0,353,3,13260,13260,False,0.0025
neutral/rep0354,neutral,0.0,354,2,13631,13631,True,0.4475
neutral/rep0355,neutral,0.0,355,4,13204,13204,True,0.165
neutral/rep0356,neutral,0.0,356,4,13051,13051,False,0.0075
neutral/rep0357,neutral,0.0,357,4,13464,13464,True,0.45
neutral/rep0358,neutral,0.0,358,4,14709,14709,False,0.0025
neutral/rep0359,neutral,0.0,359,0,14825,14825,False,0.0025
neutral/rep0360,neutral,0.0,360,3,15089,15089,False,0.015
neutral/rep0361,neutral,0.0,361,4,15676,15676,True,0.0625
neutral/rep0362,neutral,0.0,362,2,14344,14344,False,0.0025
neutral/rep0363,neutral,0.0,363,3,13249,13249,True,0.3425
neutral/rep0364,neutral,0.0,364,0,14171,14171,False,0.0025
neutral/rep0365,neutral,0.0,365,2,13593,13593,False,0.0025
neutral/rep0366,neutral,0.0,366,3,13521,13521,True,0.7275
neutral/rep0367,neutral,0.0,367,1,13993,13993,False,0.0025
neutral/rep0368,neutral,0.0,368,2,13836,13836,False,0.0025
neutral/rep0369,neutral,0.0,369,1,13628,13628,False,0.04
neutral/rep0370,neutral,0.0,370,2,14992,14992,False,0.025
neutral/rep0371,neutral,0.0,371,3,13834,13834,False,0.0075
neutral/rep0372,neutral,0.0,372,4,13901,13901,True,0.0725
neutral/rep0373,neutral,0.0,373,0,13332,13332,False,0.0225
neutral/rep0374,neutral,0.0,374,2,13576,13576,True,0.495
neutral/rep0375,neutral,0.0,375,2,13696,13696,True,0.6925
neutral/rep0376,neutral,0.0,376,1,14493,14493,False,0.0025
neutral/rep0377,neutral,0.0,377,3,13625,13625,False,0.0075
neutral/rep0378,neutral,0.0,378,3,13296,13296,True,0.0675
neutral/rep0379,neutral,0.0,379,2,15371,15371,False,0.98
neutral/rep0380,neutral,0.0,380,0,13794,13794,True,0.525
neutral/rep0381,neutral,0.0,381,0,13917,13917,True,0.44
neutral/rep0382,neutral,0.0,382,2,13955,13955,False,0.0025
neutral/rep0383,neutral,0.0,383,0,14535,14535,True,0.9
neutral/rep0384,neutral,0.0,384,2,13904,13904,False,0.0025
neutral/rep0385,neutral,0.0,385,0,14601,14601,False,0.0025
neutral/rep0386,neutral,0.0,386,0,14091,14091,True,0.235
neutral/rep0387,neutral,0.0,387,3,13684,13684,False,0.015
neutral/rep0388,neutral,0.0,388,1,13372,13372,True,0.6675
neutral/rep0389,neutral,0.0,389,4,13334,13334,True,0.2075
neutral/rep0390,neutral,0.0,390,4,14065,14065,False,0.01
neutral/rep0391,neutral,0.0,391,4,14430,14430,False,0.03
neutral/rep0392,neutral,0.0,392,2,13196,13196,False,0.0075
neutral/rep0393,neutral,0.0,393,2,14340,14340,False,0.005
neutral/rep0394,neutral,0.0,394,2,13713,13713,True,0.0925
neutral/rep0395,neutral,0.0,395,1,14194,14194,True,0.5725
neutral/rep0396,neutral,0.0,396,2,13970,13970,False,0.0075
neutral/rep0397,neutral,0.0,397,3,14211,14211,False,0.0125
neutral/rep0398,neutral,0.0,398,0,15843,15843,True,0.2175
neutral/rep0399,neutral,0.0,399,4,13729,13729,True,0.1875
neutral/rep0400,neutral,0.0,400,1,15383,15383,True,0.515
neutral/rep0401,neutral,0.0,401,1,12765,12765,False,0.0025
neutral/rep0402,neutral,0.0,402,2,13103,13103,False,0.005
neutral/rep0403,neutral,0.0,403,3,14097,14097,True,0.46
neutral/rep0404,neutral,0.0,404,0,16073,16073,False,0.0025
neutral/rep0405,neutral,0.0,405,4,14032,14032,True,0.2875
neutral/rep0406,neutral,0.0,406,0,14511,14511,False,0.0025
neutral/rep0407,neutral,0.0,407,0,14568,14568,False,0.0025
neutral/rep0408,neutral,0.0,408,4,14163,14163,False,0.0025
neutral/rep0409,neutral,0.0,409,4,13669,13669,False,0.0025
neutral/rep0410,neutral,0.0,410,0,13274,13274,False,0.0075
neutral/rep0411,neutral,0.0,411,4,14709,14709,True,0.1975
neutral/rep0412,neutral,0.0,412,2,14301,14301,True,0.33
neutral/rep0413,neutral,0.0,413,4,14154,14154,False,0.0075
neutral/rep0414,neutral,0.0,414,4,13428,13428,False,0.0075
neutral/rep0415,neutral,0.0,415,0,14216,14216,True,0.24
neutral/rep0416,neutral,0.0,416,3,14395,14395,False,0.0025
neutral/rep0417,neutral,0.0,417,4,15197,15197,True,0.0775
neutral/rep0418,neutral,0.0,418,4,13160,13160,True,0.3225
neutral/rep0419,neutral,0.0,419,4,14325,14325,True,0.21
neutral/rep0420,neutral,0.0,420,4,14667,14667,True,0.2975
neutral/rep0421,neutral,0.0,421,4,15897,15897,False,0.02
neutral/rep0422,neutral,0.0,422,3,13495,13495,False,0.0025
neutral/rep0423,neutral,0.0,423,3,14284,14284,False,0.005
neutral/rep0424,neutral,0.0,424,0,13517,13516,False,0.005
neutral/rep0425,neutral,0.0,425,0,14702,14702,False,0.0025
neutral/rep0426,neutral,0.0,426,1,13864,13864,False,0.0025
neutral/rep0427,neutral,0.0,427,0,14289,14289,True,0.46
neutral/rep0428,neutral,0.0,428,4,13778,13778,True,0.7525
neutral/rep0429,neutral,0.0,429,1,14633,14633,False,0.03
neutral/rep0430,neutral,0.0,430,2,15351,15351,True,0.4175
neutral/rep0431,neutral,0.0,431,1,13413,13413,False,0.0025
neutral/rep0432,neutral,0.0,432,4,14170,14170,True,0.52
neutral/rep0433,neutral,0.0,433,2,14937,14937,True,0.1775
neutral/rep0434,neutral,0.0,434,0,13964,13964,True,0.0775
neutral/rep0435,neutral,0.0,435,4,14223,14223,True,0.8825
neutral/rep0436,neutral,0.0,436,2,13290,13290,True,0.3275
neutral/rep0437,neutral,0.0,437,0,12343,12343,False,0.0025
neutral/rep0438,neutral,0.0,438,4,14087,14087,False,0.0025
neutral/rep0439,neutral,0.0,439,3,14369,14369,False,0.0025
neutral/rep0440,neutral,0.0,440,4,13984,13984,True,0.1475
neutral/rep0441,neutral,0.0,441,3,12836,12836,False,0.005
neutral/rep0442,neutral,0.0,442,1,13722,13722,False,0.0075
neutral/rep0443,neutral,0.0,443,2,14266,14266,True,0.4425
neutral/rep0444,neutral,0.0,444,4,13957,13957,True,0.18
neutral/rep0445,neutral,0.0,445,1,14918,14918,False,0.0025
neutral/rep0446,neutral,0.0,446,2,14021,14021,False,0.0025
neutral/rep0447,neutral,0.0,447,2,14678,14678,False,0.005
neutral/rep0448,neutral,0.0,448,1,14991,14991,False,0.0025
neutral/rep0449,neutral,0.0,449,0,13898,13898,True,0.1425
neutral/rep0450,neutral,0.0,450,3,14635,14635,False,0.0025
neutral/rep0451,neutral,0.0,451,3,14912,14912,True,0.94
neutral/rep0452,neutral,0.0,452,4,14415,14415,True,0.0925
neutral/rep0453,neutral,0.0,453,4,14327,14327,False,0.96
neutral/rep0454,neutral,0.0,454,2,13980,13980,False,0.0075
neutral/rep0455,neutral,0.0,455,1,14090,14090,False,0.0025
neutral/rep0456,neutral,0.0,456,3,12516,12516,False,0.0025
neutral/rep0457,neutral,0.0,457,3,14932,14932,False,0.0025
neutral/rep0458,neutral,0.0,458,1,13106,13106,False,0.0025
neutral/rep0459,neutral,0.0,459,1,14059,14059,False,0.01
neutral/rep0460,neutral,0.0,460,3,15314,15314,False,0.0025
neutral/rep0461,neutral,0.0,461,3,15814,15814,False,0.0075
neutral/rep0462,neutral,0.0,462,1,13965,13965,True,0.16
neutral/rep0463,neutral,0.0,463,1,14084,14084,False,0.0075
neutral/rep0464,neutral,0.0,464,1,13050,13050,False,0.0025
neutral/rep0465,neutral,0.0,465,0,13871,13871,False,0.0075
neutral/rep0466,neutral,0.0,466,1,14032,14032,True,0.1275
neutral/rep0467,neutral,0.0,467,0,14206,14206,False,0.0025
neutral/rep0468,neutral,0.0,468,1,13890,13890,True,0.745
neutral/rep0469,neutral,0.0,469,3,15151,15151,False,0.0025
neutral/rep0470,neutral,0.0,470,1,14853,14853,False,0.0025
neutral/rep0471,neutral,0.0,471,3,13445,13445,False,0.0125
neutral/rep0472,neutral,0.0,472,0,15286,15286,False,0.0025
neutral/rep0473,neutral,0.0,473,2,13684,13684,False,0.0025
neutral/rep0474,neutral,0.0,474,4,13912,13912,True,0.3675
neutral/rep0475,neutral,0.0,475,0,14270,14270,True,0.095
neutral/rep0476,neutral,0.0,476,2,15074,15074,True,0.355
neutral/rep0477,neutral,0.0,477,4,13360,13360,False,0.005
neutral/rep0478,neutral,0.0,478,0,14818,14818,False,0.01
neutral/rep0479,neutral,0.0,479,4,13286,13286,False,0.0025
neutral/rep0480,neutral,0.0,480,4,12975,12975,False,0.005
neutral/rep0481,neutral,0.0,481,4,13456,13456,False,0.005
neutral/rep0482,neutral,0.0,482,4,13639,13639,False,0.0025
neutral/rep0483,neutral,0.0,483,4,13302,13302,True,0.295
neutral/rep0484,neutral,0.0,484,2,15009,15009,False,0.005
neutral/rep0485,neutral,0.0,485,4,13947,13947,False,0.015
neutral/rep0486,neutral,0.0,486,1,14295,14295,False,0.0025
neutral/rep0487,neutral,0.0,487,2,15378,15378,False,0.005
neutral/rep0488,neutral,0.0,488,4,14011,14011,False,0.0025
neutral/rep0489,neutral,0.0,489,4,13683,13683,True,0.2425
neutral/rep0490,neutral,0.0,490,4,13990,13990,False,0.02
neutral/rep0491,neutral,0.0,491,2,12746,12746,True,0.575
neutral/rep0492,neutral,0.0,492,1,14908,14908,True,0.055
neutral/rep0493,neutral,0.0,493,4,13329,13329,False,0.0025
neutral/rep0494,neutral,0.0,494,4,14501,14501,False,0.02
neutral/rep0495,neutral,0.0,495,2,14275,14275,True,0.4725
neutral/rep0496,neutral,0.0,496,3,14421,14421,True,0.145
neutral/rep0497,neutral,0.0,497,3,13603,13603,False,0.005
neutral/rep0498,neutral,0.0,498,0,13698,13698,True,0.2175
neutral/rep0499,neutral,0.0,499,4,12221,12221,True,0.1375
neutral/rep0500,neutral,0.0,500,3,14201,14201,False,0.0025
neutral/rep0501,neutral,0.0,501,2,15250,15250,False,0.0025
neutral/rep0502,neutral,0.0,502,3,15135,15135,True,0.0875
neutral/rep0503,neutral,0.0,503,1,13768,13768,True,0.1625
neutral/rep0504,neutral,0.0,504,0,13649,13649,True,0.2325
neutral/rep0505,neutral,0.0,505,0,14496,14496,True,0.7125
neutral/rep0506,neutral,0.0,506,0,14416,14416,False,0.0075
neutral/rep0507,neutral,0.0,507,2,14202,14202,False,0.005
neutral/rep0508,neutral,0.0,508,1,12684,12684,False,0.0025
neutral/rep0509,neutral,0.0,509,3,13780,13780,True,0.6025
neutral/rep0510,neutral,0.0,510,0,13348,13348,True,0.915
neutral/rep0511,neutral,0.0,511,2,14839,14839,False,0.0025
neutral/rep0512,neutral,0.0,512,0,13931,13931,False,0.045
neutral/rep0513,neutral,0.0,513,4,14263,14263,False,0.0175
neutral/rep0514,neutral,0.0,514,3,13483,13483,True,0.235
neutral/rep0515,neutral,0.0,515,3,13902,13902,False,0.0025
neutral/rep0516,neutral,0.0,516,2,13958,13958,True,0.22
neutral/rep0517,neutral,0.0,517,4,13984,13984,False,0.005
neutral/rep0518,neutral,0.0,518,2,14615,14615,True,0.7025
neutral/rep0519,neutral,0.0,519,4,14017,14017,True,0.17
neutral/rep0520,neutral,0.0,520,4,14397,14397,False,0.005
neutral/rep0521,neutral,0.0,521,1,14808,14808,True,0.4525
neutral/rep0522,neutral,0.0,522,4,14136,14136,False,0.0025
neutral/rep0523,neutral,0.0,523,1,15051,15051,False,0.0025
neutral/rep0524,neutral,0.0,524,3,14202,14202,True,0.23
neutral/rep0525,neutral,0.0,525,1,13893,13893,False,0.0025
neutral/rep0526,neutral,0.0,526,3,13840,13840,True,0.1325
neutral/rep0527,neutral,0.0,527,0,13046,13046,False,0.005
neutral/rep0528,neutral,0.0,528,0,13433,13433,False,0.0025
neutral/rep0529,neutral,0.0,529,0,14234,14234,False,0.0075
neutral/rep0530,neutral,0.0,530,1,13785,13784,False,0.025
neutral/rep0531,neutral,0.0,531,4,15091,15091,False,0.0025
neutral/rep0532,neutral,0.0,532,3,14011,14011,False,0.0025
neutral/rep0533,neutral,0.0,533,4,14540,14538,True,0.245
neutral/rep0534,neutral,0.0,534,3,13521,13521,False,0.0125
neutral/rep0535,neutral,0.0,535,1,13548,13548,True,0.095
neutral/rep0536,neutral,0.0,536,4,14050,14050,True,0.4
neutral/rep0537,neutral,0.0,537,4,14302,14302,False,0.0025
neutral/rep0538,neutral,0.0,538,0,14280,14280,False,0.03
neutral/rep0539,neutral,0.0,539,1,16092,16092,False,0.0025
neutral/rep0540,neutral,0.0,540,2,14104,14104,True,0.0575
neutral/rep0541,neutral,0.0,541,2,14697,14697,True,0.6775
neutral/rep0542,neutral,0.0,542,3,14175,14175,False,0.01
neutral/rep0543,neutral,0.0,543,0,14768,14768,False,0.0025
neutral/rep0544,neutral,0.0,544,2,13309,13308,True,0.3825
neutral/rep0545,neutral,0.0,545,1,12976,12976,False,0.0025
neutral/rep0546,neutral,0.0,546,4,14796,14796,False,0.0025
neutral/rep0547,neutral,0.0,547,3,14937,14937,False,0.0175
neutral/rep0548,neutral,0.0,548,2,12970,12970,False,0.0175
neutral/rep0549,neutral,0.0,549,3,13150,13150,True,0.0875
neutral/rep0550,neutral,0.0,550,3,13311,13311,True,0.1475
neutral/rep0551,neutral,0.0,551,3,13875,13875,False,0.0025
neutral/rep0552,neutral,0.0,552,4,14307,14307,False,0.0275
neutral/rep0553,neutral,0.0,553,1,13937,13937,False,0.0025
neutral/rep0554,neutral,0.0,554,2,14201,14201,False,0.0025
neutral/rep0555,neutral,0.0,555,0,13399,13399,False,0.005
neutral/rep0556,neutral,0.0,556,3,13714,13714,True,0.1275
neutral/rep0557,neutral,0.0,557,4,14085,14085,False,0.0175
neutral/rep0558,neutral,0.0,558,4,13507,13507,True,0.435
neutral/rep0559,neutral,0.0,559,0,14038,14038,False,0.0025
neutral/rep0560,neutral,0.0,560,2,13453,13453,True,0.8525
neutral/rep0561,neutral,0.0,561,2,13402,13402,True,0.2325
neutral/rep0562,neutral,0.0,562,4,13070,13070,False,0.0025
neutral/rep0563,neutral,0.0,563,1,13826,13823,False,0.0025
neutral/rep0564,neutral,0.0,564,2,13597,13597,False,0.0175
neutral/rep0565,neutral,0.0,565,3,14153,14153,True,0.12
neutral/rep0566,neutral,0.0,566,1,14987,14987,False,0.0025
neutral/rep0567,neutral,0.0,567,2,13574,13574,False,0.0025
neutral/rep0568,neutral,0.0,568,4,13869,13869,True,0.115
neutral/rep0569,neutral,0.0,569,4,13887,13887,False,0.0025
neutral/rep0570,neutral,0.0,570,3,13678,13670,True,0.36
neutral/rep0571,neutral,0.0,571,1,14513,14513,True,0.19
neutral/rep0572,neutral,0.0,572,1,14797,14797,False,0.0075
neutral/rep0573,neutral,0.0,573,2,15062,15062,True,0.25
neutral/rep0574,neutral,0.0,574,0,14029,14029,True,0.2175
neutral/rep0575,neutral,0.0,575,2,14238,14238,False,0.0025
neutral/rep0576,neutral,0.0,576,2,12687,12687,False,0.0275
neutral/rep0577,neutral,0.0,577,2,13771,13771,False,0.0075
neutral/rep0578,neutral,0.0,578,4,14264,14264,False,0.0025
neutral/rep0579,neutral,0.0,579,1,14221,14221,False,0.0175
neutral/rep0580,neutral,0.0,580,1,13583,13583,False,0.03
neutral/rep0581,neutral,0.0,581,2,16287,16287,False,0.0125
neutral/rep0582,neutral,0.0,582,0,16726,16726,False,0.04
neutral/rep0583,neutral,0.0,583,0,14643,14643,True,0.0775
neutral/rep0584,neutral,0.0,584,4,14419,14419,False,0.0025
neutral/rep0585,neutral,0.0,585,0,13521,13521,True,0.4025
neutral/rep0586,neutral,0.0,586,2,13784,13784,True,0.75
neutral/rep0587,neutral,0.0,587,4,13768,13768,False,0.0025
neutral/rep0588,neutral,0.0,588,1,13605,13605,False,0.0025
neutral/rep0589,neutral,0.0,589,1,13700,13700,False,0.02
neutral/rep0590,neutral,0.0,590,1,13120,13120,True,0.4575
neutral/rep0591,neutral,0.0,591,1,14237,14237,False,0.015
neutral/rep0592,neutral,0.0,592,3,14047,14047,True,0.1525
neutral/rep0593,neutral,0.0,593,3,13485,13485,False,0.0075
neutral/rep0594,neutral,0.0,594,4,13410,13410,True,0.0725
neutral/rep0595,neutral,0.0,595,2,14563,14563,False,0.015
neutral/rep0596,neutral,0.0,596,0,14297,14297,True,0.295
neutral/rep0597,neutral,0.0,597,0,13731,13731,False,0.0125
neutral/rep0598,neutral,0.0,598,0,15632,15632,False,0.0025
neutral/rep0599,neutral,0.0,599,4,13151,13151,False,0.0075
neutral/rep0600,neutral,0.0,600,2,14170,14170,False,0.005
neutral/rep0601,neutral,0.0,601,1,13487,13487,True,0.19
neutral/rep0602,neutral,0.0,602,2,13377,13369,False,0.015
neutral/rep0603,neutral,0.0,603,0,14943,14943,False,0.0025
neutral/rep0604,neutral,0.0,604,1,15094,15094,True,0.1475
neutral/rep0605,neutral,0.0,605,1,15080,15080,False,0.0025
neutral/rep0606,neutral,0.0,606,0,14159,14159,False,0.0025
neutral/rep0607,neutral,0.0,607,4,13251,13251,False,0.005
neutral/rep0608,neutral,0.0,608,4,13777,13777,False,0.01
neutral/rep0609,neutral,0.0,609,1,14034,14034,False,0.0075
neutral/rep0610,neutral,0.0,610,4,13522,13522,False,0.0075
neutral/rep0611,neutral,0.0,611,0,14769,14769,True,0.58
neutral/rep0612,neutral,0.0,612,0,13865,13865,True,0.135
neutral/rep0613,neutral,0.0,613,3,13294,13294,True,0.06
neutral/rep0614,neutral,0.0,614,3,14973,14972,False,0.0225
neutral/rep0615,neutral,0.0,615,3,14019,14019,True,0.105
neutral/rep0616,neutral,0.0,616,2,14367,14367,False,0.0025
neutral/rep0617,neutral,0.0,617,0,13685,13685,True,0.0625
neutral/rep0618,neutral,0.0,618,3,15869,15869,False,0.0275
neutral/rep0619,neutral,0.0,619,3,13917,13917,False,0.0425
neutral/rep0620,neutral,0.0,620,4,13879,13879,True,0.0775
neutral/rep0621,neutral,0.0,621,4,15894,15894,True,0.14
neutral/rep0622,neutral,0.0,622,4,14742,14742,False,0.0025
neutral/rep0623,neutral,0.0,623,2,14718,14718,True,0.49
neutral/rep0624,neutral,0.0,624,3,14372,14372,False,0.0025
neutral/rep0625,neutral,0.0,625,2,13403,13403,True,0.09
neutral/rep0626,neutral,0.0,626,1,13355,13355,True,0.365
neutral/rep0627,neutral,0.0,627,3,13343,13343,False,0.0025
neutral/rep0628,neutral,0.0,628,3,14403,14403,True,0.335
neutral/rep0629,neutral,0.0,629,0,14806,14805,False,0.0025
neutral/rep0630,neutral,0.0,630,0,14140,14140,False,0.0025
neutral/rep0631,neutral,0.0,631,4,15825,15825,False,0.01
neutral/rep0632,neutral,0.0,632,1,13760,13760,True,0.92
neutral/rep0633,neutral,0.0,633,0,13545,13545,True,0.5675
neutral/rep0634,neutral,0.0,634,4,14241,14241,False,0.0025
neutral/rep0635,neutral,0.0,635,2,13714,13714,False,0.01
neutral/rep0636,neutral,0.0,636,1,14002,14002,False,0.0025
neutral/rep0637,neutral,0.0,637,2,14237,14237,False,0.0075
neutral/rep0638,neutral,0.0,638,3,14049,14049,False,0.0025
neutral/rep0639,neutral,0.0,639,4,14857,14857,True,0.21
neutral/rep0640,neutral,0.0,640,4,13011,13011,True,0.1875
neutral/rep0641,neutral,0.0,641,0,13787,13787,True,0.48
neutral/rep0642,neutral,0.0,642,1,13392,13392,True,0.4575
neutral/rep0643,neutral,0.0,643,2,13854,13854,False,0.0025
neutral/rep0644,neutral,0.0,644,4,13605,13605,False,0.0025
neutral/rep0645,neutral,0.0,645,4,13887,13887,False,0.0025
neutral/rep0646,neutral,0.0,646,1,13996,13996,False,0.0125
neutral/rep0647,neutral,0.0,647,2,14615,14615,False,0.0025
neutral/rep0648,neutral,0.0,648,2,15000,15000,True,0.08
neutral/rep0649,neutral,0.0,649,4,14102,14102,False,0.005
neutral/rep0650,neutral,0.0,650,3,15284,15284,False,0.0025
neutral/rep0651,neutral,0.0,651,0,13975,13975,False,0.0025
neutral/rep0652,neutral,0.0,652,4,14659,14659,False,0.045
neutral/rep0653,neutral,0.0,653,1,13163,13163,False,0.005
neutral/rep0654,neutral,0.0,654,1,14247,14247,True,0.24
neutral/rep0655,neutral,0.0,655,3,13279,13279,True,0.1975
neutral/rep0656,neutral,0.0,656,2,14495,14495,False,0.0025
neutral/rep0657,neutral,0.0,657,2,14280,14280,True,0.12
neutral/rep0658,neutral,0.0,658,1,14577,14577,False,0.005
neutral/rep0659,neutral,0.0,659,2,13726,13726,True,0.665
neutral/rep0660,neutral,0.0,660,1,14540,14540,False,0.0025
neutral/rep0661,neutral,0.0,661,3,13392,13392,False,0.0075
neutral/rep0662,neutral,0.0,662,4,13430,13430,False,0.0025
neutral/rep0663,neutral,0.0,663,1,14514,14514,False,0.0025
neutral/rep0664,neutral,0.0,664,1,14175,14175,True,0.865
neutral/rep0665,neutral,0.0,665,1,13131,13131,False,0.0025
neutral/rep0666,neutral,0.0,666,3,14603,14603,False,0.995
neutral/rep0667,neutral,0.0,667,1,13245,13243,False,0.005
neutral/rep0668,neutral,0.0,668,2,14548,14548,True,0.0575
neutral/rep0669,neutral,0.0,669,0,13728,13728,False,0.0075
neutral/rep0670,neutral,0.0,670,4,15007,15007,False,0.9875
neutral/rep0671,neutral,0.0,671,4,13268,13268,True,0.165
neutral/rep0672,neutral,0.0,672,1,16022,16022,False,0.0075
neutral/rep0673,neutral,0.0,673,1,13532,13532,False,0.01
neutral/rep0674,neutral,0.0,674,2,13289,13289,True,0.7825
neutral/rep0675,neutral,0.0,675,3,14210,14210,False,0.0025
neutral/rep0676,neutral,0.0,676,2,14069,14069,False,0.0025
neutral/rep0677,neutral,0.0,677,3,14742,14742,True,0.54
neutral/rep0678,neutral,0.0,678,4,14470,14470,False,0.0025
neutral/rep0679,neutral,0.0,679,2,13371,13371,True,0.8425
neutral/rep0680,neutral,0.0,680,4,15208,15208,False,0.005
neutral/rep0681,neutral,0.0,681,3,14195,14195,True,0.5525
neutral/rep0682,neutral,0.0,682,0,13311,13311,False,0.0025
neutral/rep0683,neutral,0.0,683,0,13360,13360,True,0.385
neutral/rep0684,neutral,0.0,684,2,15181,15181,True,0.0575
neutral/rep0685,neutral,0.0,685,1,14155,14155,False,0.0175
neutral/rep0686,neutral,0.0,686,1,16667,16667,False,0.0075
neutral/rep0687,neutral,0.0,687,0,13322,13322,False,0.0025
neutral/rep0688,neutral,0.0,688,4,14175,14175,True,0.38
neutral/rep0689,neutral,0.0,689,1,13349,13349,False,0.0025
neutral/rep0690,neutral,0.0,690,2,14805,14804,False,0.0075
neutral/rep0691,neutral,0.0,691,0,13554,13554,False,0.0025
neutral/rep0692,neutral,0.0,692,2,14610,14610,False,0.0225
neutral/rep0693,neutral,0.0,693,0,14318,14318,False,0.0025
neutral/rep0694,neutral,0.0,694,2,13053,13053,True,0.055
neutral/rep0695,neutral,0.0,695,0,14880,14880,False,0.0275
neutral/rep0696,neutral,0.0,696,3,14349,14349,False,0.0025
neutral/rep0697,neutral,0.0,697,2,13960,13960,True,0.51
neutral/rep0698,neutral,0.0,698,2,12559,12559,False,0.005
neutral/rep0699,neutral,0.0,699,3,13702,13702,False,0.0025
neutral/rep0700,neutral,0.0,700,3,14520,14520,True,0.1325
neutral/rep0701,neutral,0.0,701,4,14737,14737,False,0.0475
neutral/rep0702,neutral,0.0,702,0,13211,13211,True,0.13
neutral/rep0703,neutral,0.0,703,3,15176,15176,True,0.1525
neutral/rep0704,neutral,0.0,704,1,13334,13334,False,0.0025
neutral/rep0705,neutral,0.0,705,0,14648,14648,True,0.12
neutral/rep0706,neutral,0.0,706,0,15743,15743,False,0.025
neutral/rep0707,neutral,0.0,707,2,12638,12638,True,0.0775
neutral/rep0708,neutral,0.0,708,2,14619,14619,True,0.27
neutral/rep0709,neutral,0.0,709,3,15204,15204,False,0.0075
neutral/rep0710,neutral,0.0,710,1,13683,13682,True,0.515
neutral/rep0711,neutral,0.0,711,0,13765,13765,True,0.1175
neutral/rep0712,neutral,0.0,712,2,14095,14095,False,0.005
neutral/rep0713,neutral,0.0,713,0,15287,15287,False,0.0225
neutral/rep0714,neutral,0.0,714,4,14057,14057,True,0.065
neutral/rep0715,neutral,0.0,715,4,13911,13911,True,0.1025
neutral/rep0716,neutral,0.0,716,3,13948,13948,False,0.0025
neutral/rep0717,neutral,0.0,717,0,14283,14283,False,0.0025
neutral/rep0718,neutral,0.0,718,2,14775,14775,False,0.02
neutral/rep0719,neutral,0.0,719,2,13413,13413,True,0.2575
neutral/rep0720,neutral,0.0,720,4,15103,15103,False,0.0025
neutral/rep0721,neutral,0.0,721,2,15172,15172,False,0.005
neutral/rep0722,neutral,0.0,722,0,14146,14146,False,0.005
neutral/rep0723,neutral,0.0,723,3,13499,13499,False,0.02
neutral/rep0724,neutral,0.0,724,3,13598,13598,False,0.015
neutral/rep0725,neutral,0.0,725,4,14770,14770,True,0.9
neutral/rep0726,neutral,0.0,726,3,13539,13539,True,0.0675
neutral/rep0727,neutral,0.0,727,1,13867,13867,False,0.0025
neutral/rep0728,neutral,0.0,728,1,15594,15594,True,0.88
neutral/rep0729,neutral,0.0,729,3,13999,13999,False,0.965
neutral/rep0730,neutral,0.0,730,0,12829,12829,True,0.1225
neutral/rep0731,neutral,0.0,731,0,13039,13039,True,0.785
neutral/rep0732,neutral,0.0,732,1,14575,14575,False,0.03
neutral/rep0733,neutral,0.0,733,4,13204,13204,True,0.3425
neutral/rep0734,neutral,0.0,734,1,12924,12924,False,0.0075
neutral/rep0735,neutral,0.0,735,0,13442,13442,True,0.775
neutral/rep0736,neutral,0.0,736,3,17170,17170,False,0.025
neutral/rep0737,neutral,0.0,737,0,12650,12650,False,0.0025
neutral/rep0738,neutral,0.0,738,4,13936,13936,False,0.0175
neutral/rep0739,neutral,0.0,739,1,15036,15036,False,0.0025
neutral/rep0740,neutral,0.0,740,0,13350,13350,True,0.34
neutral/rep0741,neutral,0.0,741,0,12671,12671,False,0.0025
neutral/rep0742,neutral,0.0,742,4,14894,14894,False,0.0025
neutral/rep0743,neutral,0.0,743,4,13991,13988,False,0.005
neutral/rep0744,neutral,0.0,744,2,14096,14096,False,0.01
neutral/rep0745,neutral,0.0,745,3,14810,14810,False,0.005
neutral/rep0746,neutral,0.0,746,2,13448,13448,False,0.0375
neutral/rep0747,neutral,0.0,747,3,12970,12970,False,0.005
neutral/rep0748,neutral,0.0,748,2,14501,14501,False,0.02
neutral/rep0749,neutral,0.0,749,0,13998,13998,True,0.09
neutral/rep0750,neutral,0.0,750,2,13789,13789,False,0.0025
neutral/rep0751,neutral,0.0,751,4,13749,13749,False,0.0025
neutral/rep0752,neutral,0.0,752,4,13545,13545,True,0.135
neutral/rep0753,neutral,0.0,753,4,14955,14955,True,0.2875
neutral/rep0754,neutral,0.0,754,3,14091,14091,True,0.7125
neutral/rep0755,neutral,0.0,755,4,13671,13671,False,0.005
neutral/rep0756,neutral,0.0,756,0,14189,14189,False,0.01
neutral/rep0757,neutral,0.0,757,0,13876,13876,False,0.0025
neutral/rep0758,neutral,0.0,758,0,13318,13318,False,0.0025
neutral/rep0759,neutral,0.0,759,3,13990,13990,True,0.8275
neutral/rep0760,neutral,0.0,760,2,15125,15125,False,0.015
neutral/rep0761,neutral,0.0,761,1,14640,14640,True,0.915
neutral/rep0762,neutral,0.0,762,3,14442,14442,False,0.005
neutral/rep0763,neutral,0.0,763,2,12868,12867,True,0.6675
neutral/rep0764,neutral,0.0,764,0,14109,14109,True,0.0525
neutral/rep0765,neutral,0.0,765,1,13151,13150,True,0.0675
neutral/rep0766,neutral,0.0,766,0,14138,14138,True,0.165
neutral/rep0767,neutral,0.0,767,2,13786,13786,False,0.0125
neutral/rep0768,neutral,0.0,768,2,14293,14293,True,0.135
neutral/rep0769,neutral,0.0,769,3,13883,13882,False,0.0025
neutral/rep0770,neutral,0.0,770,0,14500,14500,False,0.0025
neutral/rep0771,neutral,0.0,771,1,14084,14084,False,0.01
neutral/rep0772,neutral,0.0,772,2,13810,13810,False,0.025
neutral/rep0773,neutral,0.0,773,0,13774,13774,False,0.0025
neutral/rep0774,neutral,0.0,774,1,14503,14503,False,0.01
neutral/rep0775,neutral,0.0,775,2,13869,13869,False,0.02
neutral/rep0776,neutral,0.0,776,2,14934,14934,True,0.645
neutral/rep0777,neutral,0.0,777,3,13414,13414,False,0.0025
neutral/rep0778,neutral,0.0,778,0,13328,13328,False,0.005
neutral/rep0779,neutral,0.0,779,0,13812,13812,False,0.0025
neutral/rep0780,neutral,0.0,780,0,13164,13164,True,0.25
neutral/rep0781,neutral,0.0,781,2,13581,13581,True,0.37
neutral/rep0782,neutral,0.0,782,0,13268,13268,False,0.0025
neutral/rep0783,neutral,0.0,783,4,13266,13266,True,0.0875
neutral/rep0784,neutral,0.0,784,2,13537,13537,False,0.0025
neutral/rep0785,neutral,0.0,785,0,14693,14693,False,0.0225
neutral/rep0786,neutral,0.0,786,2,13430,13430,False,0.0025
neutral/rep0787,neutral,0.0,787,4,12899,12899,False,0.015
neutral/rep0788,neutral,0.0,788,1,13752,13752,False,0.0025
neutral/rep0789,neutral,0.0,789,2,13718,13718,False,0.0025
neutral/rep0790,neutral,0.0,790,4,14773,14773,False,0.03
neutral/rep0791,neutral,0.0,791,4,13384,13384,True,0.6625
neutral/rep0792,neutral,0.0,792,2,13340,13340,True,0.175
neutral/rep0793,neutral,0.0,793,2,13612,13612,False,0.01
neutral/rep0794,neutral,0.0,794,0,14994,14994,False,0.0025
neutral/rep0795,neutral,0.0,795,3,13064,13064,False,0.0025
neutral/rep0796,neutral,0.0,796,2,14208,14207,False,0.0425
neutral/rep0797,neutral,0.0,797,0,15659,15659,False,0.0075
neutral/rep0798,neutral,0.0,798,2,14720,14720,True,0.1225
neutral/rep0799,neutral,0.0,799,3,14032,14032,True,0.105
neutral/rep0800,neutral,0.0,800,1,13221,13221,True,0.26
neutral/rep0801,neutral,0.0,801,1,13664,13664,False,0.0025
neutral/rep0802,neutral,0.0,802,3,14048,14048,True,0.315
neutral/rep0803,neutral,0.0,803,3,13899,13899,True,0.53
neutral/rep0804,neutral,0.0,804,1,13896,13896,True,0.2
neutral/rep0805,neutral,0.0,805,0,15133,15133,False,0.005
neutral/rep0806,neutral,0.0,806,1,15800,15800,False,0.0025
neutral/rep0807,neutral,0.0,807,3,13294,13294,True,0.07
neutral/rep0808,neutral,0.0,808,2,14751,14751,True,0.7525
neutral/rep0809,neutral,0.0,809,2,13177,13177,False,0.0075
neutral/rep0810,neutral,0.0,810,1,13425,13424,False,0.0025
neutral/rep0811,neutral,0.0,811,4,13818,13818,False,0.01
neutral/rep0812,neutral,0.0,812,1,14377,14377,False,0.0075
neutral/rep0813,neutral,0.0,813,1,13536,13536,True,0.1
neutral/rep0814,neutral,0.0,814,1,14799,14799,False,0.0025
neutral/rep0815,neutral,0.0,815,1,14412,14412,False,0.0275
neutral/rep0816,neutral,0.0,816,4,13072,13072,False,0.0025
neutral/rep0817,neutral,0.0,817,0,13096,13096,False,0.0025
neutral/rep0818,neutral,0.0,818,2,14573,14573,False,0.0025
neutral/rep0819,neutral,0.0,819,4,13802,13802,False,0.005
neutral/rep0820,neutral,0.0,820,1,13997,13997,False,0.0025
neutral/rep0821,neutral,0.0,821,2,13599,13599,False,0.0025
neutral/rep0822,neutral,0.0,822,2,14118,14118,True,0.265
neutral/rep0823,neutral,0.0,823,2,12988,12988,False,0.0025
neutral/rep0824,neutral,0.0,824,0,14480,14480,True,0.3975
neutral/rep0825,neutral,0.0,825,4,13865,13865,True,0.28
neutral/rep0826,neutral,0.0,826,0,16685,16685,False,0.0325
neutral/rep0827,neutral,0.0,827,0,13338,13338,True,0.1175
neutral/rep0828,neutral,0.0,828,2,14411,14411,False,0.02
neutral/rep0829,neutral,0.0,829,1,12571,12571,False,0.0025
neutral/rep0830,neutral,0.0,830,3,14649,14649,True,0.12
neutral/rep0831,neutral,0.0,831,4,14253,14253,False,0.0025
neutral/rep0832,neutral,0.0,832,1,13379,13379,False,0.005
neutral/rep0833,neutral,0.0,833,3,14290,14290,False,0.0025
neutral/rep0834,neutral,0.0,834,1,15608,15607,False,0.0175
neutral/rep0835,neutral,0.0,835,4,13824,13824,False,0.0025
neutral/rep0836,neutral,0.0,836,3,13566,13566,True,0.4675
neutral/rep0837,neutral,0.0,837,3,13215,13215,True,0.06
neutral/rep0838,neutral,0.0,838,2,13178,13178,False,0.03
neutral/rep0839,neutral,0.0,839,0,14450,14444,True,0.235
neutral/rep0840,neutral,0.0,840,2,14846,14846,False,0.005
neutral/rep0841,neutral,0.0,841,2,15186,15186,False,0.0025
neutral/rep0842,neutral,0.0,842,1,14146,14146,False,0.0025
neutral/rep0843,neutral,0.0,843,4,13727,13727,True,0.0675
neutral/rep0844,neutral,0.0,844,4,13871,13871,False,0.9775
neutral/rep0845,neutral,0.0,845,4,14234,14234,False,0.005
neutral/rep0846,neutral,0.0,846,0,14935,14935,False,0.0025
neutral/rep0847,neutral,0.0,847,3,13593,13593,False,0.0025
neutral/rep0848,neutral,0.0,848,1,13685,13685,True,0.2175
neutral/rep0849,neutral,0.0,849,0,13554,13554,False,0.0275
neutral/rep0850,neutral,0.0,850,0,14962,14962,True,0.3525
neutral/rep0851,neutral,0.0,851,4,13932,13932,True,0.16
neutral/rep0852,neutral,0.0,852,1,14397,14397,False,0.0125
neutral/rep0853,neutral,0.0,853,1,14255,14255,False,0.0025
neutral/rep0854,neutral,0.0,854,0,14415,14415,True,0.05
neutral/rep0855,neutral,0.0,855,2,13586,13586,True,0.1625
neutral/rep0856,neutral,0.0,856,1,14785,14785,True,0.1225
neutral/rep0857,neutral,0.0,857,3,12987,12987,False,0.0025
neutral/rep0858,neutral,0.0,858,2,13799,13799,False,0.0025
neutral/rep0859,neutral,0.0,859,4,13044,13044,True,0.865
neutral/rep0860,neutral,0.0,860,3,14092,14092,True,0.815
neutral/rep0861,neutral,0.0,861,0,13214,13214,False,0.0025
neutral/rep0862,neutral,0.0,862,3,14536,14536,False,0.0075
neutral/rep0863,neutral,0.0,863,2,13318,13318,False,0.0025
neutral/rep0864,neutral,0.0,864,3,14571,14571,False,0.0025
neutral/rep0865,neutral,0.0,865,1,14172,14172,False,0.03
neutral/rep0866,neutral,0.0,866,1,13690,13690,False,0.0025
neutral/rep0867,neutral,0.0,867,0,15580,15580,False,0.005
neutral/rep0868,neutral,0.0,868,2,14620,14620,False,0.0025
neutral/rep0869,neutral,0.0,869,0,14449,14449,True,0.5
neutral/rep0870,neutral,0.0,870,3,14285,14285,False,0.0025
neutral/rep0871,neutral,0.0,871,0,14405,14403,True,0.06
neutral/rep0872,neutral,0.0,872,0,13895,13895,False,0.0025
neutral/rep0873,neutral,0.0,873,0,13851,13851,False,0.0025
neutral/rep0874,neutral,0.0,874,2,13403,13403,False,0.0075
neutral/rep0875,neutral,0.0,875,3,14349,14349,False,0.0025
neutral/rep0876,neutral,0.0,876,1,14598,14598,True,0.935
neutral/rep0877,neutral,0.0,877,4,15568,15568,False,0.0025
neutral/rep0878,neutral,0.0,878,4,14793,14793,True,0.1625
neutral/rep0879,neutral,0.0,879,1,14102,14102,False,0.01
neutral/rep0880,neutral,0.0,880,0,14381,14381,False,0.035
neutral/rep0881,neutral,0.0,881,4,15317,15317,False,0.0075
neutral/rep0882,neutral,0.0,882,1,15191,15191,False,0.0025
neutral/rep0883,neutral,0.0,883,1,15558,15558,True,0.7825
neutral/rep0884,neutral,0.0,884,0,14445,14445,True,0.0625
neutral/rep0885,neutral,0.0,885,3,13088,13088,True,0.0825
neutral/rep0886,neutral,0.0,886,3,13334,13334,False,0.0025
neutral/rep0887,neutral,0.0,887,2,13033,13033,False,0.02
neutral/rep0888,neutral,0.0,888,4,12792,12792,True,0.33
neutral/rep0889,neutral,0.0,889,0,14522,14522,True,0.18
neutral/rep0890,neutral,0.0,890,3,14003,14003,True,0.14
neutral/rep0891,neutral,0.0,891,4,13368,13368,False,0.005
neutral/rep0892,neutral,0.0,892,2,14478,14478,False,0.0025
neutral/rep0893,neutral,0.0,893,1,13187,13187,False,0.0075
neutral/rep0894,neutral,0.0,894,0,13857,13857,True,0.1075
neutral/rep0895,neutral,0.0,895,0,14059,14057,True,0.855
neutral/rep0896,neutral,0.0,896,3,12581,12581,False,0.005
neutral/rep0897,neutral,0.0,897,4,14386,14386,False,0.025
neutral/rep0898,neutral,0.0,898,0,13849,13849,False,0.0025
neutral/rep0899,neutral,0.0,899,4,13047,13047,False,0.0025
neutral/rep0900,neutral,0.0,900,3,13385,13385,False,0.005
neutral/rep0901,neutral,0.0,901,3,13530,13530,False,0.005
neutral/rep0902,neutral,0.0,902,2,12783,12783,True,0.3275
neutral/rep0903,neutral,0.0,903,1,12943,12943,False,0.0025
neutral/rep0904,neutral,0.0,904,1,15755,15755,True,0.125
neutral/rep0905,neutral,0.0,905,3,13293,13293,True,0.7475
neutral/rep0906,neutral,0.0,906,4,14716,14716,True,0.1
neutral/rep0907,neutral,0.0,907,3,13776,13776,False,0.0025
neutral/rep0908,neutral,0.0,908,0,15340,15340,False,0.005
neutral/rep0909,neutral,0.0,909,1,15686,15686,True,0.115
neutral/rep0910,neutral,0.0,910,0,13948,13948,False,0.0025
neutral/rep0911,neutral,0.0,911,1,13967,13967,False,0.0025
neutral/rep0912,neutral,0.0,912,3,14168,14168,False,0.005
neutral/rep0913,neutral,0.0,913,0,14876,14876,False,0.0425
neutral/rep0914,neutral,0.0,914,4,13433,13433,True,0.055
neutral/rep0915,neutral,0.0,915,3,13447,13447,False,0.035
neutral/rep0916,neutral,0.0,916,3,13499,13499,True,0.7425
neutral/rep0917,neutral,0.0,917,3,13036,13036,False,0.0025
neutral/rep0918,neutral,0.0,918,0,16121,16121,False,0.0025
neutral/rep0919,neutral,0.0,919,2,15872,15872,False,0.005
neutral/rep0920,neutral,0.0,920,1,15845,15845,True,0.1725
neutral/rep0921,neutral,0.0,921,1,14717,14717,False,0.0025
neutral/rep0922,neutral,0.0,922,4,13970,13970,False,0.0025
neutral/rep0923,neutral,0.0,923,0,15618,15618,False,0.005
neutral/rep0924,neutral,0.0,924,3,13804,13804,True,0.3525
neutral/rep0925,neutral,0.0,925,4,13597,13597,False,0.0125
neutral/rep0926,neutral,0.0,926,0,12588,12588,True,0.175
neutral/rep0927,neutral,0.0,927,3,13414,13414,False,0.0025
neutral/rep0928,neutral,0.0,928,3,13808,13807,False,0.0025
neutral/rep0929,neutral,0.0,929,4,13522,13522,True,0.29
neutral/rep0930,neutral,0.0,930,2,14196,14195,True,0.9125
neutral/rep0931,neutral,0.0,931,3,13760,13760,False,0.0025
neutral/rep0932,neutral,0.0,932,3,13469,13469,True,0.4925
neutral/rep0933,neutral,0.0,933,4,16159,16159,True,0.555
neutral/rep0934,neutral,0.0,934,0,13633,13633,False,0.0025
neutral/rep0935,neutral,0.0,935,3,14168,14168,True,0.1175
neutral/rep0936,neutral,0.0,936,1,13178,13178,True,0.105
neutral/rep0937,neutral,0.0,937,1,14026,14026,False,0.04
neutral/rep0938,neutral,0.0,938,0,14637,14637,True,0.3125
neutral/rep0939,neutral,0.0,939,3,13406,13406,True,0.32
neutral/rep0940,neutral,0.0,940,4,13213,13213,True,0.795
neutral/rep0941,neutral,0.0,941,4,14037,14037,False,0.0025
neutral/rep0942,neutral,0.0,942,2,14596,14596,False,0.005
neutral/rep0943,neutral,0.0,943,1,13308,13308,False,0.005
neutral/rep0944,neutral,0.0,944,2,14581,14581,True,0.445
neutral/rep0945,neutral,0.0,945,4,13523,13523,True,0.1725
neutral/rep0946,neutral,0.0,946,3,13681,13681,False,0.0025
neutral/rep0947,neutral,0.0,947,3,14103,14102,False,0.0125
neutral/rep0948,neutral,0.0,948,4,14959,14959,False,0.0075
neutral/rep0949,neutral,0.0,949,4,14820,14820,True,0.0625
neutral/rep0950,neutral,0.0,950,1,13707,13706,False,0.005
neutral/rep0951,neutral,0.0,951,2,14221,14221,False,0.01
neutral/rep0952,neutral,0.0,952,4,13015,13015,False,0.015
neutral/rep0953,neutral,0.0,953,0,14009,14009,True,0.5875
neutral/rep0954,neutral,0.0,954,1,13794,13794,False,0.0025
neutral/rep0955,neutral,0.0,955,3,13873,13873,True,0.05
neutral/rep0956,neutral,0.0,956,0,13426,13426,True,0.075
neutral/rep0957,neutral,0.0,957,2,13567,13567,True,0.2775
neutral/rep0958,neutral,0.0,958,1,13357,13357,True,0.065
neutral/rep0959,neutral,0.0,959,2,14321,14321,True,0.195
neutral/rep0960,neutral,0.0,960,3,13968,13968,False,0.0075
neutral/rep0961,neutral,0.0,961,3,14397,14397,False,0.0025
neutral/rep0962,neutral,0.0,962,2,13848,13848,True,0.375
neutral/rep0963,neutral,0.0,963,1,12985,12985,False,0.0025
neutral/rep0964,neutral,0.0,964,3,14582,14582,False,0.0025
neutral/rep0965,neutral,0.0,965,1,14371,14371,False,0.005
neutral/rep0966,neutral,0.0,966,1,15548,15548,False,0.0025
neutral/rep0967,neutral,0.0,967,3,13604,13604,False,0.0025
neutral/rep0968,neutral,0.0,968,3,14560,14560,True,0.9075
neutral/rep0969,neutral,0.0,969,0,14533,14533,True,0.8025
neutral/rep0970,neutral,0.0,970,3,14824,14824,True,0.4375
neutral/rep0971,neutral,0.0,971,4,14909,14909,False,0.0025
neutral/rep0972,neutral,0.0,972,2,13276,13276,False,0.005
neutral/rep0973,neutral,0.0,973,4,13125,13125,False,0.015
neutral/rep0974,neutral,0.0,974,0,13546,13546,False,0.0025
neutral/rep0975,neutral,0.0,975,1,15829,15829,False,0.0025
neutral/rep0976,neutral,0.0,976,0,13899,13899,True,0.1525
neutral/rep0977,neutral,0.0,977,0,13476,13476,False,0.0025
neutral/rep0978,neutral,0.0,978,3,13893,13893,True,0.105
neutral/rep0979,neutral,0.0,979,3,13008,13008,True,0.265
neutral/rep0980,neutral,0.0,980,1,13818,13818,False,0.0025
neutral/rep0981,neutral,0.0,981,4,14260,14260,False,0.0125
neutral/rep0982,neutral,0.0,982,3,15145,15145,False,0.0025
neutral/rep0983,neutral,0.0,983,1,13870,13870,False,0.0025
neutral/rep0984,neutral,0.0,984,2,14795,14795,True,0.22
neutral/rep0985,neutral,0.0,985,4,12979,12979,False,0.005
neutral/rep0986,neutral,0.0,986,0,13127,13127,False,0.015
neutral/rep0987,neutral,0.0,987,0,13828,13828,True,0.6
neutral/rep0988,neutral,0.0,988,1,13473,13473,True,0.06
neutral/rep0989,neutral,0.0,989,4,12496,12496,False,0.015
neutral/rep0990,neutral,0.0,990,4,13998,13998,False,0.0025
neutral/rep0991,neutral,0.0,991,1,15539,15539,False,0.04
neutral/rep0992,neutral,0.0,992,3,15569,15569,False,0.0025
neutral/rep0993,neutral,0.0,993,0,15116,15116,False,0.03
neutral/rep0994,neutral,0.0,994,1,13388,13388,False,0.0025
neutral/rep0995,neutral,0.0,995,4,15179,15179,False,0.0025
neutral/rep0996,neutral,0.0,996,1,13611,13611,True,0.5275
neutral/rep0997,neutral,0.0,997,4,14524,14524,False,0.0025
neutral/rep0998,neutral,0.0,998,3,13999,13999,False,0.0025
neutral/rep0999,neutral,0.0,999,2,15397,15397,False,0.005
