draw_id	phase	selection_coefficient	target_allele_frequency	population_af_lower	population_af_upper	duration_multiplier	requested_selection_end_generations_ago	realized_selection_end_generations_ago	exact_sample_alt_count	sample_diploids	candidate_pool_diploids	slim_scaling_factor	mutation_age_generations	selection_start_generations_ago	draw_index	seed	seed_nonce	panel_seed	panel_seed_nonce	timeout_seconds	sequence_length_bp	focal_position_bp	processing_mode	exploratory_screen_ledger_sha256
han_fixed_v2__confirmation__s0.010000__af0.100000__q5__draw000	confirmation	0.01	0.1	0.07500000000000001	0.125	0.25	2067.3253325403894	2065.0	20	100	500	5.0	2400.0	2272.0	0	2810736	0	514251492	0	1800.0	2	1	focal_2bp_forward_only_no_recap_no_neutral_overlay	9b9f610f150a1edbce6dce318cd3a376256b7ca1adf20360858aefd29eb288aa
han_fixed_v2__confirmation__s0.010000__af0.100000__q5__draw001	confirmation	0.01	0.1	0.07500000000000001	0.125	0.25	2067.3253325403894	2065.0	20	100	500	5.0	2400.0	2272.0	1	1695188462	0	767656348	0	1800.0	2	1	focal_2bp_forward_only_no_recap_no_neutral_overlay	9b9f610f150a1edbce6dce318cd3a376256b7ca1adf20360858aefd29eb288aa
han_fixed_v2__confirmation__s0.010000__af0.100000__q5__draw002	confirmation	0.01	0.1	0.07500000000000001	0.125	0.25	2067.3253325403894	2065.0	20	100	500	5.0	2400.0	2272.0	2	530073916	0	1147295782	0	1800.0	2	1	focal_2bp_forward_only_no_recap_no_neutral_overlay	9b9f610f150a1edbce6dce318cd3a376256b7ca1adf20360858aefd29eb288aa
han_fixed_v2__confirmation__s0.010000__af0.100000__q5__draw003	confirmation	0.01	0.1	0.07500000000000001	0.125	0.25	2067.3253325403894	2065.0	20	100	500	5.0	2400.0	2272.0	3	1105480592	0	977201508	0	1800.0	2	1	focal_2bp_forward_only_no_recap_no_neutral_overlay	9b9f610f150a1edbce6dce318cd3a376256b7ca1adf20360858aefd29eb288aa
han_fixed_v2__confirmation__s0.010000__af0.100000__q5__draw004	confirmation	0.01	0.1	0.07500000000000001	0.125	0.25	2067.3253325403894	2065.0	20	100	500	5.0	2400.0	2272.0	4	1019531524	0	2088091396	0	1800.0	2	1	focal_2bp_forward_only_no_recap_no_neutral_overlay	9b9f610f150a1edbce6dce318cd3a376256b7ca1adf20360858aefd29eb288aa
han_fixed_v2__confirmation__s0.010000__af0.100000__q5__draw005	confirmation	0.01	0.1	0.07500000000000001	0.125	0.25	2067.3253325403894	2065.0	20	100	500	5.0	2400.0	2272.0	5	1529031681	0	969432345	0	1800.0	2	1	focal_2bp_forward_only_no_recap_no_neutral_overlay	9b9f610f150a1edbce6dce318cd3a376256b7ca1adf20360858aefd29eb288aa
han_fixed_v2__confirmation__s0.010000__af0.100000__q5__draw006	confirmation	0.01	0.1	0.07500000000000001	0.125	0.25	2067.3253325403894	2065.0	20	100	500	5.0	2400.0	2272.0	6	614611157	0	497952266	0	1800.0	2	1	focal_2bp_forward_only_no_recap_no_neutral_overlay	9b9f610f150a1edbce6dce318cd3a376256b7ca1adf20360858aefd29eb288aa
han_fixed_v2__confirmation__s0.010000__af0.100000__q5__draw007	confirmation	0.01	0.1	0.07500000000000001	0.125	0.25	2067.3253325403894	2065.0	20	100	500	5.0	2400.0	2272.0	7	1605453248	0	1648060709	0	1800.0	2	1	focal_2bp_forward_only_no_recap_no_neutral_overlay	9b9f610f150a1edbce6dce318cd3a376256b7ca1adf20360858aefd29eb288aa
han_fixed_v2__confirmation__s0.010000__af0.100000__q5__draw008	confirmation	0.01	0.1	0.07500000000000001	0.125	0.25	2067.3253325403894	2065.0	20	100	500	5.0	2400.0	2272.0	8	1005705181	0	1010367678	0	1800.0	2	1	focal_2bp_forward_only_no_recap_no_neutral_overlay	9b9f610f150a1edbce6dce318cd3a376256b7ca1adf20360858aefd29eb288aa
han_fixed_v2__confirmation__s0.010000__af0.100000__q5__draw009	confirmation	0.01	0.1	0.07500000000000001	0.125	0.25	2067.3253325403894	2065.0	20	100	500	5.0	2400.0	2272.0	9	646276924	0	147048735	0	1800.0	2	1	focal_2bp_forward_only_no_recap_no_neutral_overlay	9b9f610f150a1edbce6dce318cd3a376256b7ca1adf20360858aefd29eb288aa
han_fixed_v2__confirmation__s0.010000__af0.100000__q5__draw010	confirmation	0.01	0.1	0.07500000000000001	0.125	0.25	2067.3253325403894	2065.0	20	100	500	5.0	2400.0	2272.0	10	144678128	0	948333120	0	1800.0	2	1	focal_2bp_forward_only_no_recap_no_neutral_overlay	9b9f610f150a1edbce6dce318cd3a376256b7ca1adf20360858aefd29eb288aa
han_fixed_v2__confirmation__s0.010000__af0.100000__q5__draw011	confirmation	0.01	0.1	0.07500000000000001	0.125	0.25	2067.3253325403894	2065.0	20	100	500	5.0	2400.0	2272.0	11	1085385507	0	1934848549	0	1800.0	2	1	focal_2bp_forward_only_no_recap_no_neutral_overlay	9b9f610f150a1edbce6dce318cd3a376256b7ca1adf20360858aefd29eb288aa
han_fixed_v2__confirmation__s0.010000__af0.100000__q5__draw012	confirmation	0.01	0.1	0.07500000000000001	0.125	0.25	2067.3253325403894	2065.0	20	100	500	5.0	2400.0	2272.0	12	310411236	0	73107045	0	1800.0	2	1	focal_2bp_forward_only_no_recap_no_neutral_overlay	9b9f610f150a1edbce6dce318cd3a376256b7ca1adf20360858aefd29eb288aa
han_fixed_v2__confirmation__s0.010000__af0.100000__q5__draw013	confirmation	0.01	0.1	0.07500000000000001	0.125	0.25	2067.3253325403894	2065.0	20	100	500	5.0	2400.0	2272.0	13	1317743658	0	1012544499	0	1800.0	2	1	focal_2bp_forward_only_no_recap_no_neutral_overlay	9b9f610f150a1edbce6dce318cd3a376256b7ca1adf20360858aefd29eb288aa
han_fixed_v2__confirmation__s0.010000__af0.100000__q5__draw014	confirmation	0.01	0.1	0.07500000000000001	0.125	0.25	2067.3253325403894	2065.0	20	100	500	5.0	2400.0	2272.0	14	1541234081	0	129303528	0	1800.0	2	1	focal_2bp_forward_only_no_recap_no_neutral_overlay	9b9f610f150a1edbce6dce318cd3a376256b7ca1adf20360858aefd29eb288aa
han_fixed_v2__confirmation__s0.010000__af0.100000__q5__draw015	confirmation	0.01	0.1	0.07500000000000001	0.125	0.25	2067.3253325403894	2065.0	20	100	500	5.0	2400.0	2272.0	15	1255024176	0	802134280	0	1800.0	2	1	focal_2bp_forward_only_no_recap_no_neutral_overlay	9b9f610f150a1edbce6dce318cd3a376256b7ca1adf20360858aefd29eb288aa
han_fixed_v2__confirmation__s0.010000__af0.100000__q5__draw016	confirmation	0.01	0.1	0.07500000000000001	0.125	0.25	2067.3253325403894	2065.0	20	100	500	5.0	2400.0	2272.0	16	70367726	0	1685111655	0	1800.0	2	1	focal_2bp_forward_only_no_recap_no_neutral_overlay	9b9f610f150a1edbce6dce318cd3a376256b7ca1adf20360858aefd29eb288aa
han_fixed_v2__confirmation__s0.010000__af0.100000__q5__draw017	confirmation	0.01	0.1	0.07500000000000001	0.125	0.25	2067.3253325403894	2065.0	20	100	500	5.0	2400.0	2272.0	17	1977709477	0	1750687744	0	1800.0	2	1	focal_2bp_forward_only_no_recap_no_neutral_overlay	9b9f610f150a1edbce6dce318cd3a376256b7ca1adf20360858aefd29eb288aa
han_fixed_v2__confirmation__s0.010000__af0.100000__q5__draw018	confirmation	0.01	0.1	0.07500000000000001	0.125	0.25	2067.3253325403894	2065.0	20	100	500	5.0	2400.0	2272.0	18	1663627339	0	827878256	0	1800.0	2	1	focal_2bp_forward_only_no_recap_no_neutral_overlay	9b9f610f150a1edbce6dce318cd3a376256b7ca1adf20360858aefd29eb288aa
han_fixed_v2__confirmation__s0.010000__af0.100000__q5__draw019	confirmation	0.01	0.1	0.07500000000000001	0.125	0.25	2067.3253325403894	2065.0	20	100	500	5.0	2400.0	2272.0	19	1705972191	0	1791075753	0	1800.0	2	1	focal_2bp_forward_only_no_recap_no_neutral_overlay	9b9f610f150a1edbce6dce318cd3a376256b7ca1adf20360858aefd29eb288aa
han_fixed_v2__confirmation__s0.010000__af0.100000__q5__draw020	confirmation	0.01	0.1	0.07500000000000001	0.125	0.25	2067.3253325403894	2065.0	20	100	500	5.0	2400.0	2272.0	20	1593273520	0	2124153708	0	1800.0	2	1	focal_2bp_forward_only_no_recap_no_neutral_overlay	9b9f610f150a1edbce6dce318cd3a376256b7ca1adf20360858aefd29eb288aa
han_fixed_v2__confirmation__s0.010000__af0.100000__q5__draw021	confirmation	0.01	0.1	0.07500000000000001	0.125	0.25	2067.3253325403894	2065.0	20	100	500	5.0	2400.0	2272.0	21	1381566507	0	687612835	0	1800.0	2	1	focal_2bp_forward_only_no_recap_no_neutral_overlay	9b9f610f150a1edbce6dce318cd3a376256b7ca1adf20360858aefd29eb288aa
han_fixed_v2__confirmation__s0.010000__af0.100000__q5__draw022	confirmation	0.01	0.1	0.07500000000000001	0.125	0.25	2067.3253325403894	2065.0	20	100	500	5.0	2400.0	2272.0	22	834774157	0	1250943318	0	1800.0	2	1	focal_2bp_forward_only_no_recap_no_neutral_overlay	9b9f610f150a1edbce6dce318cd3a376256b7ca1adf20360858aefd29eb288aa
han_fixed_v2__confirmation__s0.010000__af0.100000__q5__draw023	confirmation	0.01	0.1	0.07500000000000001	0.125	0.25	2067.3253325403894	2065.0	20	100	500	5.0	2400.0	2272.0	23	275176859	0	1991834682	0	1800.0	2	1	focal_2bp_forward_only_no_recap_no_neutral_overlay	9b9f610f150a1edbce6dce318cd3a376256b7ca1adf20360858aefd29eb288aa
han_fixed_v2__confirmation__s0.010000__af0.100000__q5__draw024	confirmation	0.01	0.1	0.07500000000000001	0.125	0.25	2067.3253325403894	2065.0	20	100	500	5.0	2400.0	2272.0	24	1909605146	0	1926355499	0	1800.0	2	1	focal_2bp_forward_only_no_recap_no_neutral_overlay	9b9f610f150a1edbce6dce318cd3a376256b7ca1adf20360858aefd29eb288aa
han_fixed_v2__confirmation__s0.010000__af0.100000__q5__draw025	confirmation	0.01	0.1	0.07500000000000001	0.125	0.25	2067.3253325403894	2065.0	20	100	500	5.0	2400.0	2272.0	25	2013121132	0	310797133	0	1800.0	2	1	focal_2bp_forward_only_no_recap_no_neutral_overlay	9b9f610f150a1edbce6dce318cd3a376256b7ca1adf20360858aefd29eb288aa
han_fixed_v2__confirmation__s0.010000__af0.100000__q5__draw026	confirmation	0.01	0.1	0.07500000000000001	0.125	0.25	2067.3253325403894	2065.0	20	100	500	5.0	2400.0	2272.0	26	1984869215	0	1449977252	0	1800.0	2	1	focal_2bp_forward_only_no_recap_no_neutral_overlay	9b9f610f150a1edbce6dce318cd3a376256b7ca1adf20360858aefd29eb288aa
han_fixed_v2__confirmation__s0.010000__af0.100000__q5__draw027	confirmation	0.01	0.1	0.07500000000000001	0.125	0.25	2067.3253325403894	2065.0	20	100	500	5.0	2400.0	2272.0	27	1534844005	0	26930410	0	1800.0	2	1	focal_2bp_forward_only_no_recap_no_neutral_overlay	9b9f610f150a1edbce6dce318cd3a376256b7ca1adf20360858aefd29eb288aa
han_fixed_v2__confirmation__s0.010000__af0.100000__q5__draw028	confirmation	0.01	0.1	0.07500000000000001	0.125	0.25	2067.3253325403894	2065.0	20	100	500	5.0	2400.0	2272.0	28	2041626566	0	1143488153	0	1800.0	2	1	focal_2bp_forward_only_no_recap_no_neutral_overlay	9b9f610f150a1edbce6dce318cd3a376256b7ca1adf20360858aefd29eb288aa
han_fixed_v2__confirmation__s0.010000__af0.100000__q5__draw029	confirmation	0.01	0.1	0.07500000000000001	0.125	0.25	2067.3253325403894	2065.0	20	100	500	5.0	2400.0	2272.0	29	1173369376	0	1911727819	0	1800.0	2	1	focal_2bp_forward_only_no_recap_no_neutral_overlay	9b9f610f150a1edbce6dce318cd3a376256b7ca1adf20360858aefd29eb288aa
han_fixed_v2__confirmation__s0.010000__af0.100000__q5__draw030	confirmation	0.01	0.1	0.07500000000000001	0.125	0.25	2067.3253325403894	2065.0	20	100	500	5.0	2400.0	2272.0	30	328712710	0	633859978	0	1800.0	2	1	focal_2bp_forward_only_no_recap_no_neutral_overlay	9b9f610f150a1edbce6dce318cd3a376256b7ca1adf20360858aefd29eb288aa
han_fixed_v2__confirmation__s0.010000__af0.100000__q5__draw031	confirmation	0.01	0.1	0.07500000000000001	0.125	0.25	2067.3253325403894	2065.0	20	100	500	5.0	2400.0	2272.0	31	2104513109	0	1473883026	0	1800.0	2	1	focal_2bp_forward_only_no_recap_no_neutral_overlay	9b9f610f150a1edbce6dce318cd3a376256b7ca1adf20360858aefd29eb288aa
han_fixed_v2__confirmation__s0.010000__af0.100000__q5__draw032	confirmation	0.01	0.1	0.07500000000000001	0.125	0.25	2067.3253325403894	2065.0	20	100	500	5.0	2400.0	2272.0	32	1115801553	0	2005012514	0	1800.0	2	1	focal_2bp_forward_only_no_recap_no_neutral_overlay	9b9f610f150a1edbce6dce318cd3a376256b7ca1adf20360858aefd29eb288aa
han_fixed_v2__confirmation__s0.010000__af0.100000__q5__draw033	confirmation	0.01	0.1	0.07500000000000001	0.125	0.25	2067.3253325403894	2065.0	20	100	500	5.0	2400.0	2272.0	33	2065688751	0	208819503	0	1800.0	2	1	focal_2bp_forward_only_no_recap_no_neutral_overlay	9b9f610f150a1edbce6dce318cd3a376256b7ca1adf20360858aefd29eb288aa
han_fixed_v2__confirmation__s0.010000__af0.100000__q5__draw034	confirmation	0.01	0.1	0.07500000000000001	0.125	0.25	2067.3253325403894	2065.0	20	100	500	5.0	2400.0	2272.0	34	488703253	0	1173101166	0	1800.0	2	1	focal_2bp_forward_only_no_recap_no_neutral_overlay	9b9f610f150a1edbce6dce318cd3a376256b7ca1adf20360858aefd29eb288aa
han_fixed_v2__confirmation__s0.010000__af0.100000__q5__draw035	confirmation	0.01	0.1	0.07500000000000001	0.125	0.25	2067.3253325403894	2065.0	20	100	500	5.0	2400.0	2272.0	35	1794631109	0	635699254	0	1800.0	2	1	focal_2bp_forward_only_no_recap_no_neutral_overlay	9b9f610f150a1edbce6dce318cd3a376256b7ca1adf20360858aefd29eb288aa
han_fixed_v2__confirmation__s0.010000__af0.100000__q5__draw036	confirmation	0.01	0.1	0.07500000000000001	0.125	0.25	2067.3253325403894	2065.0	20	100	500	5.0	2400.0	2272.0	36	641086645	0	1323926771	0	1800.0	2	1	focal_2bp_forward_only_no_recap_no_neutral_overlay	9b9f610f150a1edbce6dce318cd3a376256b7ca1adf20360858aefd29eb288aa
han_fixed_v2__confirmation__s0.010000__af0.100000__q5__draw037	confirmation	0.01	0.1	0.07500000000000001	0.125	0.25	2067.3253325403894	2065.0	20	100	500	5.0	2400.0	2272.0	37	1772065122	0	1750730937	0	1800.0	2	1	focal_2bp_forward_only_no_recap_no_neutral_overlay	9b9f610f150a1edbce6dce318cd3a376256b7ca1adf20360858aefd29eb288aa
han_fixed_v2__confirmation__s0.010000__af0.100000__q5__draw038	confirmation	0.01	0.1	0.07500000000000001	0.125	0.25	2067.3253325403894	2065.0	20	100	500	5.0	2400.0	2272.0	38	198564048	0	594674643	0	1800.0	2	1	focal_2bp_forward_only_no_recap_no_neutral_overlay	9b9f610f150a1edbce6dce318cd3a376256b7ca1adf20360858aefd29eb288aa
han_fixed_v2__confirmation__s0.010000__af0.100000__q5__draw039	confirmation	0.01	0.1	0.07500000000000001	0.125	0.25	2067.3253325403894	2065.0	20	100	500	5.0	2400.0	2272.0	39	694252431	0	2090106156	0	1800.0	2	1	focal_2bp_forward_only_no_recap_no_neutral_overlay	9b9f610f150a1edbce6dce318cd3a376256b7ca1adf20360858aefd29eb288aa
han_fixed_v2__confirmation__s0.010000__af0.100000__q5__draw040	confirmation	0.01	0.1	0.07500000000000001	0.125	0.25	2067.3253325403894	2065.0	20	100	500	5.0	2400.0	2272.0	40	707634160	0	957123211	0	1800.0	2	1	focal_2bp_forward_only_no_recap_no_neutral_overlay	9b9f610f150a1edbce6dce318cd3a376256b7ca1adf20360858aefd29eb288aa
han_fixed_v2__confirmation__s0.010000__af0.100000__q5__draw041	confirmation	0.01	0.1	0.07500000000000001	0.125	0.25	2067.3253325403894	2065.0	20	100	500	5.0	2400.0	2272.0	41	1769931700	0	1797369473	0	1800.0	2	1	focal_2bp_forward_only_no_recap_no_neutral_overlay	9b9f610f150a1edbce6dce318cd3a376256b7ca1adf20360858aefd29eb288aa
han_fixed_v2__confirmation__s0.010000__af0.100000__q5__draw042	confirmation	0.01	0.1	0.07500000000000001	0.125	0.25	2067.3253325403894	2065.0	20	100	500	5.0	2400.0	2272.0	42	2104967628	0	88535905	0	1800.0	2	1	focal_2bp_forward_only_no_recap_no_neutral_overlay	9b9f610f150a1edbce6dce318cd3a376256b7ca1adf20360858aefd29eb288aa
han_fixed_v2__confirmation__s0.010000__af0.100000__q5__draw043	confirmation	0.01	0.1	0.07500000000000001	0.125	0.25	2067.3253325403894	2065.0	20	100	500	5.0	2400.0	2272.0	43	1919373877	0	1204561056	0	1800.0	2	1	focal_2bp_forward_only_no_recap_no_neutral_overlay	9b9f610f150a1edbce6dce318cd3a376256b7ca1adf20360858aefd29eb288aa
han_fixed_v2__confirmation__s0.010000__af0.100000__q5__draw044	confirmation	0.01	0.1	0.07500000000000001	0.125	0.25	2067.3253325403894	2065.0	20	100	500	5.0	2400.0	2272.0	44	94635011	0	74309606	0	1800.0	2	1	focal_2bp_forward_only_no_recap_no_neutral_overlay	9b9f610f150a1edbce6dce318cd3a376256b7ca1adf20360858aefd29eb288aa
han_fixed_v2__confirmation__s0.010000__af0.100000__q5__draw045	confirmation	0.01	0.1	0.07500000000000001	0.125	0.25	2067.3253325403894	2065.0	20	100	500	5.0	2400.0	2272.0	45	365973736	0	1478562788	0	1800.0	2	1	focal_2bp_forward_only_no_recap_no_neutral_overlay	9b9f610f150a1edbce6dce318cd3a376256b7ca1adf20360858aefd29eb288aa
han_fixed_v2__confirmation__s0.010000__af0.100000__q5__draw046	confirmation	0.01	0.1	0.07500000000000001	0.125	0.25	2067.3253325403894	2065.0	20	100	500	5.0	2400.0	2272.0	46	1762174989	0	1552059285	0	1800.0	2	1	focal_2bp_forward_only_no_recap_no_neutral_overlay	9b9f610f150a1edbce6dce318cd3a376256b7ca1adf20360858aefd29eb288aa
han_fixed_v2__confirmation__s0.010000__af0.100000__q5__draw047	confirmation	0.01	0.1	0.07500000000000001	0.125	0.25	2067.3253325403894	2065.0	20	100	500	5.0	2400.0	2272.0	47	1872359848	0	1305581289	0	1800.0	2	1	focal_2bp_forward_only_no_recap_no_neutral_overlay	9b9f610f150a1edbce6dce318cd3a376256b7ca1adf20360858aefd29eb288aa
han_fixed_v2__confirmation__s0.010000__af0.100000__q5__draw048	confirmation	0.01	0.1	0.07500000000000001	0.125	0.25	2067.3253325403894	2065.0	20	100	500	5.0	2400.0	2272.0	48	2035188000	0	1363975244	0	1800.0	2	1	focal_2bp_forward_only_no_recap_no_neutral_overlay	9b9f610f150a1edbce6dce318cd3a376256b7ca1adf20360858aefd29eb288aa
han_fixed_v2__confirmation__s0.010000__af0.100000__q5__draw049	confirmation	0.01	0.1	0.07500000000000001	0.125	0.25	2067.3253325403894	2065.0	20	100	500	5.0	2400.0	2272.0	49	1398783742	0	309574941	0	1800.0	2	1	focal_2bp_forward_only_no_recap_no_neutral_overlay	9b9f610f150a1edbce6dce318cd3a376256b7ca1adf20360858aefd29eb288aa
han_fixed_v2__confirmation__s0.010000__af0.100000__q5__draw050	confirmation	0.01	0.1	0.07500000000000001	0.125	0.25	2067.3253325403894	2065.0	20	100	500	5.0	2400.0	2272.0	50	1443483108	0	1475497464	0	1800.0	2	1	focal_2bp_forward_only_no_recap_no_neutral_overlay	9b9f610f150a1edbce6dce318cd3a376256b7ca1adf20360858aefd29eb288aa
han_fixed_v2__confirmation__s0.010000__af0.100000__q5__draw051	confirmation	0.01	0.1	0.07500000000000001	0.125	0.25	2067.3253325403894	2065.0	20	100	500	5.0	2400.0	2272.0	51	963090572	0	1307770025	0	1800.0	2	1	focal_2bp_forward_only_no_recap_no_neutral_overlay	9b9f610f150a1edbce6dce318cd3a376256b7ca1adf20360858aefd29eb288aa
han_fixed_v2__confirmation__s0.010000__af0.100000__q5__draw052	confirmation	0.01	0.1	0.07500000000000001	0.125	0.25	2067.3253325403894	2065.0	20	100	500	5.0	2400.0	2272.0	52	2125112071	0	651504911	0	1800.0	2	1	focal_2bp_forward_only_no_recap_no_neutral_overlay	9b9f610f150a1edbce6dce318cd3a376256b7ca1adf20360858aefd29eb288aa
han_fixed_v2__confirmation__s0.010000__af0.100000__q5__draw053	confirmation	0.01	0.1	0.07500000000000001	0.125	0.25	2067.3253325403894	2065.0	20	100	500	5.0	2400.0	2272.0	53	515496481	0	1157300479	0	1800.0	2	1	focal_2bp_forward_only_no_recap_no_neutral_overlay	9b9f610f150a1edbce6dce318cd3a376256b7ca1adf20360858aefd29eb288aa
han_fixed_v2__confirmation__s0.010000__af0.100000__q5__draw054	confirmation	0.01	0.1	0.07500000000000001	0.125	0.25	2067.3253325403894	2065.0	20	100	500	5.0	2400.0	2272.0	54	1766122628	0	150663754	0	1800.0	2	1	focal_2bp_forward_only_no_recap_no_neutral_overlay	9b9f610f150a1edbce6dce318cd3a376256b7ca1adf20360858aefd29eb288aa
han_fixed_v2__confirmation__s0.010000__af0.100000__q5__draw055	confirmation	0.01	0.1	0.07500000000000001	0.125	0.25	2067.3253325403894	2065.0	20	100	500	5.0	2400.0	2272.0	55	731155999	0	278372078	0	1800.0	2	1	focal_2bp_forward_only_no_recap_no_neutral_overlay	9b9f610f150a1edbce6dce318cd3a376256b7ca1adf20360858aefd29eb288aa
han_fixed_v2__confirmation__s0.010000__af0.100000__q5__draw056	confirmation	0.01	0.1	0.07500000000000001	0.125	0.25	2067.3253325403894	2065.0	20	100	500	5.0	2400.0	2272.0	56	1628591275	0	1136504445	0	1800.0	2	1	focal_2bp_forward_only_no_recap_no_neutral_overlay	9b9f610f150a1edbce6dce318cd3a376256b7ca1adf20360858aefd29eb288aa
han_fixed_v2__confirmation__s0.010000__af0.100000__q5__draw057	confirmation	0.01	0.1	0.07500000000000001	0.125	0.25	2067.3253325403894	2065.0	20	100	500	5.0	2400.0	2272.0	57	772526710	0	969314981	0	1800.0	2	1	focal_2bp_forward_only_no_recap_no_neutral_overlay	9b9f610f150a1edbce6dce318cd3a376256b7ca1adf20360858aefd29eb288aa
han_fixed_v2__confirmation__s0.010000__af0.100000__q5__draw058	confirmation	0.01	0.1	0.07500000000000001	0.125	0.25	2067.3253325403894	2065.0	20	100	500	5.0	2400.0	2272.0	58	309806348	0	579473802	0	1800.0	2	1	focal_2bp_forward_only_no_recap_no_neutral_overlay	9b9f610f150a1edbce6dce318cd3a376256b7ca1adf20360858aefd29eb288aa
han_fixed_v2__confirmation__s0.010000__af0.100000__q5__draw059	confirmation	0.01	0.1	0.07500000000000001	0.125	0.25	2067.3253325403894	2065.0	20	100	500	5.0	2400.0	2272.0	59	1060056244	0	1808595172	0	1800.0	2	1	focal_2bp_forward_only_no_recap_no_neutral_overlay	9b9f610f150a1edbce6dce318cd3a376256b7ca1adf20360858aefd29eb288aa
han_fixed_v2__confirmation__s0.010000__af0.100000__q5__draw060	confirmation	0.01	0.1	0.07500000000000001	0.125	0.25	2067.3253325403894	2065.0	20	100	500	5.0	2400.0	2272.0	60	53726402	0	1615778800	0	1800.0	2	1	focal_2bp_forward_only_no_recap_no_neutral_overlay	9b9f610f150a1edbce6dce318cd3a376256b7ca1adf20360858aefd29eb288aa
han_fixed_v2__confirmation__s0.010000__af0.100000__q5__draw061	confirmation	0.01	0.1	0.07500000000000001	0.125	0.25	2067.3253325403894	2065.0	20	100	500	5.0	2400.0	2272.0	61	1083305211	0	673187412	0	1800.0	2	1	focal_2bp_forward_only_no_recap_no_neutral_overlay	9b9f610f150a1edbce6dce318cd3a376256b7ca1adf20360858aefd29eb288aa
han_fixed_v2__confirmation__s0.010000__af0.100000__q5__draw062	confirmation	0.01	0.1	0.07500000000000001	0.125	0.25	2067.3253325403894	2065.0	20	100	500	5.0	2400.0	2272.0	62	714396334	0	1559920004	0	1800.0	2	1	focal_2bp_forward_only_no_recap_no_neutral_overlay	9b9f610f150a1edbce6dce318cd3a376256b7ca1adf20360858aefd29eb288aa
han_fixed_v2__confirmation__s0.010000__af0.100000__q5__draw063	confirmation	0.01	0.1	0.07500000000000001	0.125	0.25	2067.3253325403894	2065.0	20	100	500	5.0	2400.0	2272.0	63	340591716	0	2146529202	0	1800.0	2	1	focal_2bp_forward_only_no_recap_no_neutral_overlay	9b9f610f150a1edbce6dce318cd3a376256b7ca1adf20360858aefd29eb288aa
han_fixed_v2__confirmation__s0.010000__af0.100000__q5__draw064	confirmation	0.01	0.1	0.07500000000000001	0.125	0.25	2067.3253325403894	2065.0	20	100	500	5.0	2400.0	2272.0	64	84496202	0	1673356848	0	1800.0	2	1	focal_2bp_forward_only_no_recap_no_neutral_overlay	9b9f610f150a1edbce6dce318cd3a376256b7ca1adf20360858aefd29eb288aa
han_fixed_v2__confirmation__s0.010000__af0.100000__q5__draw065	confirmation	0.01	0.1	0.07500000000000001	0.125	0.25	2067.3253325403894	2065.0	20	100	500	5.0	2400.0	2272.0	65	1655313787	0	1689828108	0	1800.0	2	1	focal_2bp_forward_only_no_recap_no_neutral_overlay	9b9f610f150a1edbce6dce318cd3a376256b7ca1adf20360858aefd29eb288aa
han_fixed_v2__confirmation__s0.010000__af0.100000__q5__draw066	confirmation	0.01	0.1	0.07500000000000001	0.125	0.25	2067.3253325403894	2065.0	20	100	500	5.0	2400.0	2272.0	66	1476614535	0	452182221	0	1800.0	2	1	focal_2bp_forward_only_no_recap_no_neutral_overlay	9b9f610f150a1edbce6dce318cd3a376256b7ca1adf20360858aefd29eb288aa
han_fixed_v2__confirmation__s0.010000__af0.100000__q5__draw067	confirmation	0.01	0.1	0.07500000000000001	0.125	0.25	2067.3253325403894	2065.0	20	100	500	5.0	2400.0	2272.0	67	907191312	0	890253495	0	1800.0	2	1	focal_2bp_forward_only_no_recap_no_neutral_overlay	9b9f610f150a1edbce6dce318cd3a376256b7ca1adf20360858aefd29eb288aa
han_fixed_v2__confirmation__s0.010000__af0.100000__q5__draw068	confirmation	0.01	0.1	0.07500000000000001	0.125	0.25	2067.3253325403894	2065.0	20	100	500	5.0	2400.0	2272.0	68	585218718	0	883816922	0	1800.0	2	1	focal_2bp_forward_only_no_recap_no_neutral_overlay	9b9f610f150a1edbce6dce318cd3a376256b7ca1adf20360858aefd29eb288aa
han_fixed_v2__confirmation__s0.010000__af0.100000__q5__draw069	confirmation	0.01	0.1	0.07500000000000001	0.125	0.25	2067.3253325403894	2065.0	20	100	500	5.0	2400.0	2272.0	69	630089425	0	1381052728	0	1800.0	2	1	focal_2bp_forward_only_no_recap_no_neutral_overlay	9b9f610f150a1edbce6dce318cd3a376256b7ca1adf20360858aefd29eb288aa
han_fixed_v2__confirmation__s0.010000__af0.100000__q5__draw070	confirmation	0.01	0.1	0.07500000000000001	0.125	0.25	2067.3253325403894	2065.0	20	100	500	5.0	2400.0	2272.0	70	2018158639	0	1501306630	0	1800.0	2	1	focal_2bp_forward_only_no_recap_no_neutral_overlay	9b9f610f150a1edbce6dce318cd3a376256b7ca1adf20360858aefd29eb288aa
han_fixed_v2__confirmation__s0.010000__af0.100000__q5__draw071	confirmation	0.01	0.1	0.07500000000000001	0.125	0.25	2067.3253325403894	2065.0	20	100	500	5.0	2400.0	2272.0	71	2035322250	0	601828123	0	1800.0	2	1	focal_2bp_forward_only_no_recap_no_neutral_overlay	9b9f610f150a1edbce6dce318cd3a376256b7ca1adf20360858aefd29eb288aa
han_fixed_v2__confirmation__s0.010000__af0.100000__q5__draw072	confirmation	0.01	0.1	0.07500000000000001	0.125	0.25	2067.3253325403894	2065.0	20	100	500	5.0	2400.0	2272.0	72	120311524	0	967013117	0	1800.0	2	1	focal_2bp_forward_only_no_recap_no_neutral_overlay	9b9f610f150a1edbce6dce318cd3a376256b7ca1adf20360858aefd29eb288aa
han_fixed_v2__confirmation__s0.010000__af0.100000__q5__draw073	confirmation	0.01	0.1	0.07500000000000001	0.125	0.25	2067.3253325403894	2065.0	20	100	500	5.0	2400.0	2272.0	73	737029103	0	44962173	0	1800.0	2	1	focal_2bp_forward_only_no_recap_no_neutral_overlay	9b9f610f150a1edbce6dce318cd3a376256b7ca1adf20360858aefd29eb288aa
han_fixed_v2__confirmation__s0.010000__af0.100000__q5__draw074	confirmation	0.01	0.1	0.07500000000000001	0.125	0.25	2067.3253325403894	2065.0	20	100	500	5.0	2400.0	2272.0	74	220209064	0	967906637	0	1800.0	2	1	focal_2bp_forward_only_no_recap_no_neutral_overlay	9b9f610f150a1edbce6dce318cd3a376256b7ca1adf20360858aefd29eb288aa
han_fixed_v2__confirmation__s0.010000__af0.100000__q5__draw075	confirmation	0.01	0.1	0.07500000000000001	0.125	0.25	2067.3253325403894	2065.0	20	100	500	5.0	2400.0	2272.0	75	531111832	0	1897520267	0	1800.0	2	1	focal_2bp_forward_only_no_recap_no_neutral_overlay	9b9f610f150a1edbce6dce318cd3a376256b7ca1adf20360858aefd29eb288aa
han_fixed_v2__confirmation__s0.010000__af0.100000__q5__draw076	confirmation	0.01	0.1	0.07500000000000001	0.125	0.25	2067.3253325403894	2065.0	20	100	500	5.0	2400.0	2272.0	76	1052475264	0	192117791	0	1800.0	2	1	focal_2bp_forward_only_no_recap_no_neutral_overlay	9b9f610f150a1edbce6dce318cd3a376256b7ca1adf20360858aefd29eb288aa
han_fixed_v2__confirmation__s0.010000__af0.100000__q5__draw077	confirmation	0.01	0.1	0.07500000000000001	0.125	0.25	2067.3253325403894	2065.0	20	100	500	5.0	2400.0	2272.0	77	1998664471	0	170052201	0	1800.0	2	1	focal_2bp_forward_only_no_recap_no_neutral_overlay	9b9f610f150a1edbce6dce318cd3a376256b7ca1adf20360858aefd29eb288aa
han_fixed_v2__confirmation__s0.010000__af0.100000__q5__draw078	confirmation	0.01	0.1	0.07500000000000001	0.125	0.25	2067.3253325403894	2065.0	20	100	500	5.0	2400.0	2272.0	78	798747413	0	1594718674	0	1800.0	2	1	focal_2bp_forward_only_no_recap_no_neutral_overlay	9b9f610f150a1edbce6dce318cd3a376256b7ca1adf20360858aefd29eb288aa
han_fixed_v2__confirmation__s0.010000__af0.100000__q5__draw079	confirmation	0.01	0.1	0.07500000000000001	0.125	0.25	2067.3253325403894	2065.0	20	100	500	5.0	2400.0	2272.0	79	729745058	0	1240469918	0	1800.0	2	1	focal_2bp_forward_only_no_recap_no_neutral_overlay	9b9f610f150a1edbce6dce318cd3a376256b7ca1adf20360858aefd29eb288aa
han_fixed_v2__confirmation__s0.010000__af0.100000__q5__draw080	confirmation	0.01	0.1	0.07500000000000001	0.125	0.25	2067.3253325403894	2065.0	20	100	500	5.0	2400.0	2272.0	80	399778681	0	148070520	0	1800.0	2	1	focal_2bp_forward_only_no_recap_no_neutral_overlay	9b9f610f150a1edbce6dce318cd3a376256b7ca1adf20360858aefd29eb288aa
han_fixed_v2__confirmation__s0.010000__af0.100000__q5__draw081	confirmation	0.01	0.1	0.07500000000000001	0.125	0.25	2067.3253325403894	2065.0	20	100	500	5.0	2400.0	2272.0	81	158334089	0	1319989849	0	1800.0	2	1	focal_2bp_forward_only_no_recap_no_neutral_overlay	9b9f610f150a1edbce6dce318cd3a376256b7ca1adf20360858aefd29eb288aa
han_fixed_v2__confirmation__s0.010000__af0.100000__q5__draw082	confirmation	0.01	0.1	0.07500000000000001	0.125	0.25	2067.3253325403894	2065.0	20	100	500	5.0	2400.0	2272.0	82	454084616	0	402994291	0	1800.0	2	1	focal_2bp_forward_only_no_recap_no_neutral_overlay	9b9f610f150a1edbce6dce318cd3a376256b7ca1adf20360858aefd29eb288aa
han_fixed_v2__confirmation__s0.010000__af0.100000__q5__draw083	confirmation	0.01	0.1	0.07500000000000001	0.125	0.25	2067.3253325403894	2065.0	20	100	500	5.0	2400.0	2272.0	83	1003610874	0	1113337446	0	1800.0	2	1	focal_2bp_forward_only_no_recap_no_neutral_overlay	9b9f610f150a1edbce6dce318cd3a376256b7ca1adf20360858aefd29eb288aa
han_fixed_v2__confirmation__s0.010000__af0.100000__q5__draw084	confirmation	0.01	0.1	0.07500000000000001	0.125	0.25	2067.3253325403894	2065.0	20	100	500	5.0	2400.0	2272.0	84	13990185	0	1615011587	0	1800.0	2	1	focal_2bp_forward_only_no_recap_no_neutral_overlay	9b9f610f150a1edbce6dce318cd3a376256b7ca1adf20360858aefd29eb288aa
han_fixed_v2__confirmation__s0.010000__af0.100000__q5__draw085	confirmation	0.01	0.1	0.07500000000000001	0.125	0.25	2067.3253325403894	2065.0	20	100	500	5.0	2400.0	2272.0	85	208770584	0	1958816601	0	1800.0	2	1	focal_2bp_forward_only_no_recap_no_neutral_overlay	9b9f610f150a1edbce6dce318cd3a376256b7ca1adf20360858aefd29eb288aa
han_fixed_v2__confirmation__s0.010000__af0.100000__q5__draw086	confirmation	0.01	0.1	0.07500000000000001	0.125	0.25	2067.3253325403894	2065.0	20	100	500	5.0	2400.0	2272.0	86	674844515	0	152202280	0	1800.0	2	1	focal_2bp_forward_only_no_recap_no_neutral_overlay	9b9f610f150a1edbce6dce318cd3a376256b7ca1adf20360858aefd29eb288aa
han_fixed_v2__confirmation__s0.010000__af0.100000__q5__draw087	confirmation	0.01	0.1	0.07500000000000001	0.125	0.25	2067.3253325403894	2065.0	20	100	500	5.0	2400.0	2272.0	87	508081536	0	1875138884	0	1800.0	2	1	focal_2bp_forward_only_no_recap_no_neutral_overlay	9b9f610f150a1edbce6dce318cd3a376256b7ca1adf20360858aefd29eb288aa
han_fixed_v2__confirmation__s0.010000__af0.100000__q5__draw088	confirmation	0.01	0.1	0.07500000000000001	0.125	0.25	2067.3253325403894	2065.0	20	100	500	5.0	2400.0	2272.0	88	1624640108	0	594354858	0	1800.0	2	1	focal_2bp_forward_only_no_recap_no_neutral_overlay	9b9f610f150a1edbce6dce318cd3a376256b7ca1adf20360858aefd29eb288aa
han_fixed_v2__confirmation__s0.010000__af0.100000__q5__draw089	confirmation	0.01	0.1	0.07500000000000001	0.125	0.25	2067.3253325403894	2065.0	20	100	500	5.0	2400.0	2272.0	89	1907953291	0	891386948	0	1800.0	2	1	focal_2bp_forward_only_no_recap_no_neutral_overlay	9b9f610f150a1edbce6dce318cd3a376256b7ca1adf20360858aefd29eb288aa
han_fixed_v2__confirmation__s0.010000__af0.100000__q5__draw090	confirmation	0.01	0.1	0.07500000000000001	0.125	0.25	2067.3253325403894	2065.0	20	100	500	5.0	2400.0	2272.0	90	1416143897	0	1419965741	0	1800.0	2	1	focal_2bp_forward_only_no_recap_no_neutral_overlay	9b9f610f150a1edbce6dce318cd3a376256b7ca1adf20360858aefd29eb288aa
han_fixed_v2__confirmation__s0.010000__af0.100000__q5__draw091	confirmation	0.01	0.1	0.07500000000000001	0.125	0.25	2067.3253325403894	2065.0	20	100	500	5.0	2400.0	2272.0	91	1701092606	0	692739842	0	1800.0	2	1	focal_2bp_forward_only_no_recap_no_neutral_overlay	9b9f610f150a1edbce6dce318cd3a376256b7ca1adf20360858aefd29eb288aa
han_fixed_v2__confirmation__s0.010000__af0.100000__q5__draw092	confirmation	0.01	0.1	0.07500000000000001	0.125	0.25	2067.3253325403894	2065.0	20	100	500	5.0	2400.0	2272.0	92	921510755	0	516877662	0	1800.0	2	1	focal_2bp_forward_only_no_recap_no_neutral_overlay	9b9f610f150a1edbce6dce318cd3a376256b7ca1adf20360858aefd29eb288aa
han_fixed_v2__confirmation__s0.010000__af0.100000__q5__draw093	confirmation	0.01	0.1	0.07500000000000001	0.125	0.25	2067.3253325403894	2065.0	20	100	500	5.0	2400.0	2272.0	93	158229401	0	1605179295	0	1800.0	2	1	focal_2bp_forward_only_no_recap_no_neutral_overlay	9b9f610f150a1edbce6dce318cd3a376256b7ca1adf20360858aefd29eb288aa
han_fixed_v2__confirmation__s0.010000__af0.100000__q5__draw094	confirmation	0.01	0.1	0.07500000000000001	0.125	0.25	2067.3253325403894	2065.0	20	100	500	5.0	2400.0	2272.0	94	1071211124	0	907773720	0	1800.0	2	1	focal_2bp_forward_only_no_recap_no_neutral_overlay	9b9f610f150a1edbce6dce318cd3a376256b7ca1adf20360858aefd29eb288aa
han_fixed_v2__confirmation__s0.010000__af0.100000__q5__draw095	confirmation	0.01	0.1	0.07500000000000001	0.125	0.25	2067.3253325403894	2065.0	20	100	500	5.0	2400.0	2272.0	95	1823854846	0	235044988	0	1800.0	2	1	focal_2bp_forward_only_no_recap_no_neutral_overlay	9b9f610f150a1edbce6dce318cd3a376256b7ca1adf20360858aefd29eb288aa
han_fixed_v2__confirmation__s0.010000__af0.100000__q5__draw096	confirmation	0.01	0.1	0.07500000000000001	0.125	0.25	2067.3253325403894	2065.0	20	100	500	5.0	2400.0	2272.0	96	71648721	0	346179750	0	1800.0	2	1	focal_2bp_forward_only_no_recap_no_neutral_overlay	9b9f610f150a1edbce6dce318cd3a376256b7ca1adf20360858aefd29eb288aa
han_fixed_v2__confirmation__s0.010000__af0.100000__q5__draw097	confirmation	0.01	0.1	0.07500000000000001	0.125	0.25	2067.3253325403894	2065.0	20	100	500	5.0	2400.0	2272.0	97	302404048	0	998780483	0	1800.0	2	1	focal_2bp_forward_only_no_recap_no_neutral_overlay	9b9f610f150a1edbce6dce318cd3a376256b7ca1adf20360858aefd29eb288aa
han_fixed_v2__confirmation__s0.010000__af0.100000__q5__draw098	confirmation	0.01	0.1	0.07500000000000001	0.125	0.25	2067.3253325403894	2065.0	20	100	500	5.0	2400.0	2272.0	98	1983583051	0	794790382	0	1800.0	2	1	focal_2bp_forward_only_no_recap_no_neutral_overlay	9b9f610f150a1edbce6dce318cd3a376256b7ca1adf20360858aefd29eb288aa
han_fixed_v2__confirmation__s0.010000__af0.100000__q5__draw099	confirmation	0.01	0.1	0.07500000000000001	0.125	0.25	2067.3253325403894	2065.0	20	100	500	5.0	2400.0	2272.0	99	2013428992	0	1606994841	0	1800.0	2	1	focal_2bp_forward_only_no_recap_no_neutral_overlay	9b9f610f150a1edbce6dce318cd3a376256b7ca1adf20360858aefd29eb288aa
han_fixed_v2__confirmation__s0.010000__af0.200000__q5__draw000	confirmation	0.01	0.2	0.17500000000000002	0.225	0.5	1781.5576434591462	1780.0	40	100	500	5.0	2400.0	2272.0	0	591388164	0	1235792408	0	1800.0	2	1	focal_2bp_forward_only_no_recap_no_neutral_overlay	9b9f610f150a1edbce6dce318cd3a376256b7ca1adf20360858aefd29eb288aa
han_fixed_v2__confirmation__s0.010000__af0.200000__q5__draw001	confirmation	0.01	0.2	0.17500000000000002	0.225	0.5	1781.5576434591462	1780.0	40	100	500	5.0	2400.0	2272.0	1	982424422	0	960957408	0	1800.0	2	1	focal_2bp_forward_only_no_recap_no_neutral_overlay	9b9f610f150a1edbce6dce318cd3a376256b7ca1adf20360858aefd29eb288aa
han_fixed_v2__confirmation__s0.010000__af0.200000__q5__draw002	confirmation	0.01	0.2	0.17500000000000002	0.225	0.5	1781.5576434591462	1780.0	40	100	500	5.0	2400.0	2272.0	2	1807673474	0	1944744826	0	1800.0	2	1	focal_2bp_forward_only_no_recap_no_neutral_overlay	9b9f610f150a1edbce6dce318cd3a376256b7ca1adf20360858aefd29eb288aa
han_fixed_v2__confirmation__s0.010000__af0.200000__q5__draw003	confirmation	0.01	0.2	0.17500000000000002	0.225	0.5	1781.5576434591462	1780.0	40	100	500	5.0	2400.0	2272.0	3	1121036945	0	56884211	0	1800.0	2	1	focal_2bp_forward_only_no_recap_no_neutral_overlay	9b9f610f150a1edbce6dce318cd3a376256b7ca1adf20360858aefd29eb288aa
han_fixed_v2__confirmation__s0.010000__af0.200000__q5__draw004	confirmation	0.01	0.2	0.17500000000000002	0.225	0.5	1781.5576434591462	1780.0	40	100	500	5.0	2400.0	2272.0	4	1825890506	0	912099277	0	1800.0	2	1	focal_2bp_forward_only_no_recap_no_neutral_overlay	9b9f610f150a1edbce6dce318cd3a376256b7ca1adf20360858aefd29eb288aa
han_fixed_v2__confirmation__s0.010000__af0.200000__q5__draw005	confirmation	0.01	0.2	0.17500000000000002	0.225	0.5	1781.5576434591462	1780.0	40	100	500	5.0	2400.0	2272.0	5	1487699061	0	1662662015	0	1800.0	2	1	focal_2bp_forward_only_no_recap_no_neutral_overlay	9b9f610f150a1edbce6dce318cd3a376256b7ca1adf20360858aefd29eb288aa
han_fixed_v2__confirmation__s0.010000__af0.200000__q5__draw006	confirmation	0.01	0.2	0.17500000000000002	0.225	0.5	1781.5576434591462	1780.0	40	100	500	5.0	2400.0	2272.0	6	859228456	0	946894768	0	1800.0	2	1	focal_2bp_forward_only_no_recap_no_neutral_overlay	9b9f610f150a1edbce6dce318cd3a376256b7ca1adf20360858aefd29eb288aa
han_fixed_v2__confirmation__s0.010000__af0.200000__q5__draw007	confirmation	0.01	0.2	0.17500000000000002	0.225	0.5	1781.5576434591462	1780.0	40	100	500	5.0	2400.0	2272.0	7	785779860	0	1516936229	0	1800.0	2	1	focal_2bp_forward_only_no_recap_no_neutral_overlay	9b9f610f150a1edbce6dce318cd3a376256b7ca1adf20360858aefd29eb288aa
han_fixed_v2__confirmation__s0.010000__af0.200000__q5__draw008	confirmation	0.01	0.2	0.17500000000000002	0.225	0.5	1781.5576434591462	1780.0	40	100	500	5.0	2400.0	2272.0	8	799992096	0	1898977550	0	1800.0	2	1	focal_2bp_forward_only_no_recap_no_neutral_overlay	9b9f610f150a1edbce6dce318cd3a376256b7ca1adf20360858aefd29eb288aa
han_fixed_v2__confirmation__s0.010000__af0.200000__q5__draw009	confirmation	0.01	0.2	0.17500000000000002	0.225	0.5	1781.5576434591462	1780.0	40	100	500	5.0	2400.0	2272.0	9	348005084	0	1181248172	0	1800.0	2	1	focal_2bp_forward_only_no_recap_no_neutral_overlay	9b9f610f150a1edbce6dce318cd3a376256b7ca1adf20360858aefd29eb288aa
han_fixed_v2__confirmation__s0.010000__af0.200000__q5__draw010	confirmation	0.01	0.2	0.17500000000000002	0.225	0.5	1781.5576434591462	1780.0	40	100	500	5.0	2400.0	2272.0	10	283794216	0	1634677064	0	1800.0	2	1	focal_2bp_forward_only_no_recap_no_neutral_overlay	9b9f610f150a1edbce6dce318cd3a376256b7ca1adf20360858aefd29eb288aa
han_fixed_v2__confirmation__s0.010000__af0.200000__q5__draw011	confirmation	0.01	0.2	0.17500000000000002	0.225	0.5	1781.5576434591462	1780.0	40	100	500	5.0	2400.0	2272.0	11	1787013780	0	2141052688	0	1800.0	2	1	focal_2bp_forward_only_no_recap_no_neutral_overlay	9b9f610f150a1edbce6dce318cd3a376256b7ca1adf20360858aefd29eb288aa
han_fixed_v2__confirmation__s0.010000__af0.200000__q5__draw012	confirmation	0.01	0.2	0.17500000000000002	0.225	0.5	1781.5576434591462	1780.0	40	100	500	5.0	2400.0	2272.0	12	1436799314	0	1643121021	0	1800.0	2	1	focal_2bp_forward_only_no_recap_no_neutral_overlay	9b9f610f150a1edbce6dce318cd3a376256b7ca1adf20360858aefd29eb288aa
han_fixed_v2__confirmation__s0.010000__af0.200000__q5__draw013	confirmation	0.01	0.2	0.17500000000000002	0.225	0.5	1781.5576434591462	1780.0	40	100	500	5.0	2400.0	2272.0	13	318141682	0	260760370	0	1800.0	2	1	focal_2bp_forward_only_no_recap_no_neutral_overlay	9b9f610f150a1edbce6dce318cd3a376256b7ca1adf20360858aefd29eb288aa
han_fixed_v2__confirmation__s0.010000__af0.200000__q5__draw014	confirmation	0.01	0.2	0.17500000000000002	0.225	0.5	1781.5576434591462	1780.0	40	100	500	5.0	2400.0	2272.0	14	775257945	0	106258441	0	1800.0	2	1	focal_2bp_forward_only_no_recap_no_neutral_overlay	9b9f610f150a1edbce6dce318cd3a376256b7ca1adf20360858aefd29eb288aa
han_fixed_v2__confirmation__s0.010000__af0.200000__q5__draw015	confirmation	0.01	0.2	0.17500000000000002	0.225	0.5	1781.5576434591462	1780.0	40	100	500	5.0	2400.0	2272.0	15	34284648	0	320341325	0	1800.0	2	1	focal_2bp_forward_only_no_recap_no_neutral_overlay	9b9f610f150a1edbce6dce318cd3a376256b7ca1adf20360858aefd29eb288aa
han_fixed_v2__confirmation__s0.010000__af0.200000__q5__draw016	confirmation	0.01	0.2	0.17500000000000002	0.225	0.5	1781.5576434591462	1780.0	40	100	500	5.0	2400.0	2272.0	16	1355381472	0	1648686350	0	1800.0	2	1	focal_2bp_forward_only_no_recap_no_neutral_overlay	9b9f610f150a1edbce6dce318cd3a376256b7ca1adf20360858aefd29eb288aa
han_fixed_v2__confirmation__s0.010000__af0.200000__q5__draw017	confirmation	0.01	0.2	0.17500000000000002	0.225	0.5	1781.5576434591462	1780.0	40	100	500	5.0	2400.0	2272.0	17	281028375	0	779279512	0	1800.0	2	1	focal_2bp_forward_only_no_recap_no_neutral_overlay	9b9f610f150a1edbce6dce318cd3a376256b7ca1adf20360858aefd29eb288aa
han_fixed_v2__confirmation__s0.010000__af0.200000__q5__draw018	confirmation	0.01	0.2	0.17500000000000002	0.225	0.5	1781.5576434591462	1780.0	40	100	500	5.0	2400.0	2272.0	18	987258941	0	1193836977	0	1800.0	2	1	focal_2bp_forward_only_no_recap_no_neutral_overlay	9b9f610f150a1edbce6dce318cd3a376256b7ca1adf20360858aefd29eb288aa
han_fixed_v2__confirmation__s0.010000__af0.200000__q5__draw019	confirmation	0.01	0.2	0.17500000000000002	0.225	0.5	1781.5576434591462	1780.0	40	100	500	5.0	2400.0	2272.0	19	404203685	0	1472031433	0	1800.0	2	1	focal_2bp_forward_only_no_recap_no_neutral_overlay	9b9f610f150a1edbce6dce318cd3a376256b7ca1adf20360858aefd29eb288aa
han_fixed_v2__confirmation__s0.010000__af0.200000__q5__draw020	confirmation	0.01	0.2	0.17500000000000002	0.225	0.5	1781.5576434591462	1780.0	40	100	500	5.0	2400.0	2272.0	20	1236519215	0	771945080	0	1800.0	2	1	focal_2bp_forward_only_no_recap_no_neutral_overlay	9b9f610f150a1edbce6dce318cd3a376256b7ca1adf20360858aefd29eb288aa
han_fixed_v2__confirmation__s0.010000__af0.200000__q5__draw021	confirmation	0.01	0.2	0.17500000000000002	0.225	0.5	1781.5576434591462	1780.0	40	100	500	5.0	2400.0	2272.0	21	1265537331	0	950753675	0	1800.0	2	1	focal_2bp_forward_only_no_recap_no_neutral_overlay	9b9f610f150a1edbce6dce318cd3a376256b7ca1adf20360858aefd29eb288aa
han_fixed_v2__confirmation__s0.010000__af0.200000__q5__draw022	confirmation	0.01	0.2	0.17500000000000002	0.225	0.5	1781.5576434591462	1780.0	40	100	500	5.0	2400.0	2272.0	22	233444117	0	939051124	0	1800.0	2	1	focal_2bp_forward_only_no_recap_no_neutral_overlay	9b9f610f150a1edbce6dce318cd3a376256b7ca1adf20360858aefd29eb288aa
han_fixed_v2__confirmation__s0.010000__af0.200000__q5__draw023	confirmation	0.01	0.2	0.17500000000000002	0.225	0.5	1781.5576434591462	1780.0	40	100	500	5.0	2400.0	2272.0	23	620522609	0	1129623068	0	1800.0	2	1	focal_2bp_forward_only_no_recap_no_neutral_overlay	9b9f610f150a1edbce6dce318cd3a376256b7ca1adf20360858aefd29eb288aa
han_fixed_v2__confirmation__s0.010000__af0.200000__q5__draw024	confirmation	0.01	0.2	0.17500000000000002	0.225	0.5	1781.5576434591462	1780.0	40	100	500	5.0	2400.0	2272.0	24	2000762946	0	1341494184	0	1800.0	2	1	focal_2bp_forward_only_no_recap_no_neutral_overlay	9b9f610f150a1edbce6dce318cd3a376256b7ca1adf20360858aefd29eb288aa
han_fixed_v2__confirmation__s0.010000__af0.200000__q5__draw025	confirmation	0.01	0.2	0.17500000000000002	0.225	0.5	1781.5576434591462	1780.0	40	100	500	5.0	2400.0	2272.0	25	80813759	0	1029818469	0	1800.0	2	1	focal_2bp_forward_only_no_recap_no_neutral_overlay	9b9f610f150a1edbce6dce318cd3a376256b7ca1adf20360858aefd29eb288aa
han_fixed_v2__confirmation__s0.010000__af0.200000__q5__draw026	confirmation	0.01	0.2	0.17500000000000002	0.225	0.5	1781.5576434591462	1780.0	40	100	500	5.0	2400.0	2272.0	26	946508632	0	1483340401	0	1800.0	2	1	focal_2bp_forward_only_no_recap_no_neutral_overlay	9b9f610f150a1edbce6dce318cd3a376256b7ca1adf20360858aefd29eb288aa
han_fixed_v2__confirmation__s0.010000__af0.200000__q5__draw027	confirmation	0.01	0.2	0.17500000000000002	0.225	0.5	1781.5576434591462	1780.0	40	100	500	5.0	2400.0	2272.0	27	760461494	0	1996289199	0	1800.0	2	1	focal_2bp_forward_only_no_recap_no_neutral_overlay	9b9f610f150a1edbce6dce318cd3a376256b7ca1adf20360858aefd29eb288aa
han_fixed_v2__confirmation__s0.010000__af0.200000__q5__draw028	confirmation	0.01	0.2	0.17500000000000002	0.225	0.5	1781.5576434591462	1780.0	40	100	500	5.0	2400.0	2272.0	28	307178888	0	1572000923	0	1800.0	2	1	focal_2bp_forward_only_no_recap_no_neutral_overlay	9b9f610f150a1edbce6dce318cd3a376256b7ca1adf20360858aefd29eb288aa
han_fixed_v2__confirmation__s0.010000__af0.200000__q5__draw029	confirmation	0.01	0.2	0.17500000000000002	0.225	0.5	1781.5576434591462	1780.0	40	100	500	5.0	2400.0	2272.0	29	1160379461	0	1546539187	0	1800.0	2	1	focal_2bp_forward_only_no_recap_no_neutral_overlay	9b9f610f150a1edbce6dce318cd3a376256b7ca1adf20360858aefd29eb288aa
han_fixed_v2__confirmation__s0.010000__af0.200000__q5__draw030	confirmation	0.01	0.2	0.17500000000000002	0.225	0.5	1781.5576434591462	1780.0	40	100	500	5.0	2400.0	2272.0	30	2022318954	0	2064813809	0	1800.0	2	1	focal_2bp_forward_only_no_recap_no_neutral_overlay	9b9f610f150a1edbce6dce318cd3a376256b7ca1adf20360858aefd29eb288aa
han_fixed_v2__confirmation__s0.010000__af0.200000__q5__draw031	confirmation	0.01	0.2	0.17500000000000002	0.225	0.5	1781.5576434591462	1780.0	40	100	500	5.0	2400.0	2272.0	31	840084904	0	738031565	0	1800.0	2	1	focal_2bp_forward_only_no_recap_no_neutral_overlay	9b9f610f150a1edbce6dce318cd3a376256b7ca1adf20360858aefd29eb288aa
han_fixed_v2__confirmation__s0.010000__af0.200000__q5__draw032	confirmation	0.01	0.2	0.17500000000000002	0.225	0.5	1781.5576434591462	1780.0	40	100	500	5.0	2400.0	2272.0	32	672241038	0	2146444157	0	1800.0	2	1	focal_2bp_forward_only_no_recap_no_neutral_overlay	9b9f610f150a1edbce6dce318cd3a376256b7ca1adf20360858aefd29eb288aa
han_fixed_v2__confirmation__s0.010000__af0.200000__q5__draw033	confirmation	0.01	0.2	0.17500000000000002	0.225	0.5	1781.5576434591462	1780.0	40	100	500	5.0	2400.0	2272.0	33	482964051	0	1461000885	0	1800.0	2	1	focal_2bp_forward_only_no_recap_no_neutral_overlay	9b9f610f150a1edbce6dce318cd3a376256b7ca1adf20360858aefd29eb288aa
han_fixed_v2__confirmation__s0.010000__af0.200000__q5__draw034	confirmation	0.01	0.2	0.17500000000000002	0.225	0.5	1781.5576434591462	1780.0	40	100	500	5.0	2400.0	2272.0	34	736292039	0	1583371088	0	1800.0	2	1	focal_2bp_forward_only_no_recap_no_neutral_overlay	9b9f610f150a1edbce6dce318cd3a376256b7ca1adf20360858aefd29eb288aa
han_fixed_v2__confirmation__s0.010000__af0.200000__q5__draw035	confirmation	0.01	0.2	0.17500000000000002	0.225	0.5	1781.5576434591462	1780.0	40	100	500	5.0	2400.0	2272.0	35	858774253	0	1180507006	0	1800.0	2	1	focal_2bp_forward_only_no_recap_no_neutral_overlay	9b9f610f150a1edbce6dce318cd3a376256b7ca1adf20360858aefd29eb288aa
han_fixed_v2__confirmation__s0.010000__af0.200000__q5__draw036	confirmation	0.01	0.2	0.17500000000000002	0.225	0.5	1781.5576434591462	1780.0	40	100	500	5.0	2400.0	2272.0	36	912267198	0	1407816155	0	1800.0	2	1	focal_2bp_forward_only_no_recap_no_neutral_overlay	9b9f610f150a1edbce6dce318cd3a376256b7ca1adf20360858aefd29eb288aa
han_fixed_v2__confirmation__s0.010000__af0.200000__q5__draw037	confirmation	0.01	0.2	0.17500000000000002	0.225	0.5	1781.5576434591462	1780.0	40	100	500	5.0	2400.0	2272.0	37	601014677	0	2034246712	0	1800.0	2	1	focal_2bp_forward_only_no_recap_no_neutral_overlay	9b9f610f150a1edbce6dce318cd3a376256b7ca1adf20360858aefd29eb288aa
han_fixed_v2__confirmation__s0.010000__af0.200000__q5__draw038	confirmation	0.01	0.2	0.17500000000000002	0.225	0.5	1781.5576434591462	1780.0	40	100	500	5.0	2400.0	2272.0	38	978976880	0	1307090313	0	1800.0	2	1	focal_2bp_forward_only_no_recap_no_neutral_overlay	9b9f610f150a1edbce6dce318cd3a376256b7ca1adf20360858aefd29eb288aa
han_fixed_v2__confirmation__s0.010000__af0.200000__q5__draw039	confirmation	0.01	0.2	0.17500000000000002	0.225	0.5	1781.5576434591462	1780.0	40	100	500	5.0	2400.0	2272.0	39	1415576854	0	1951991998	0	1800.0	2	1	focal_2bp_forward_only_no_recap_no_neutral_overlay	9b9f610f150a1edbce6dce318cd3a376256b7ca1adf20360858aefd29eb288aa
han_fixed_v2__confirmation__s0.010000__af0.200000__q5__draw040	confirmation	0.01	0.2	0.17500000000000002	0.225	0.5	1781.5576434591462	1780.0	40	100	500	5.0	2400.0	2272.0	40	79420611	0	956270098	0	1800.0	2	1	focal_2bp_forward_only_no_recap_no_neutral_overlay	9b9f610f150a1edbce6dce318cd3a376256b7ca1adf20360858aefd29eb288aa
han_fixed_v2__confirmation__s0.010000__af0.200000__q5__draw041	confirmation	0.01	0.2	0.17500000000000002	0.225	0.5	1781.5576434591462	1780.0	40	100	500	5.0	2400.0	2272.0	41	893020130	0	1696135721	0	1800.0	2	1	focal_2bp_forward_only_no_recap_no_neutral_overlay	9b9f610f150a1edbce6dce318cd3a376256b7ca1adf20360858aefd29eb288aa
han_fixed_v2__confirmation__s0.010000__af0.200000__q5__draw042	confirmation	0.01	0.2	0.17500000000000002	0.225	0.5	1781.5576434591462	1780.0	40	100	500	5.0	2400.0	2272.0	42	592433552	0	2126068635	0	1800.0	2	1	focal_2bp_forward_only_no_recap_no_neutral_overlay	9b9f610f150a1edbce6dce318cd3a376256b7ca1adf20360858aefd29eb288aa
han_fixed_v2__confirmation__s0.010000__af0.200000__q5__draw043	confirmation	0.01	0.2	0.17500000000000002	0.225	0.5	1781.5576434591462	1780.0	40	100	500	5.0	2400.0	2272.0	43	91106741	0	1772615811	0	1800.0	2	1	focal_2bp_forward_only_no_recap_no_neutral_overlay	9b9f610f150a1edbce6dce318cd3a376256b7ca1adf20360858aefd29eb288aa
han_fixed_v2__confirmation__s0.010000__af0.200000__q5__draw044	confirmation	0.01	0.2	0.17500000000000002	0.225	0.5	1781.5576434591462	1780.0	40	100	500	5.0	2400.0	2272.0	44	273853375	0	239544875	0	1800.0	2	1	focal_2bp_forward_only_no_recap_no_neutral_overlay	9b9f610f150a1edbce6dce318cd3a376256b7ca1adf20360858aefd29eb288aa
han_fixed_v2__confirmation__s0.010000__af0.200000__q5__draw045	confirmation	0.01	0.2	0.17500000000000002	0.225	0.5	1781.5576434591462	1780.0	40	100	500	5.0	2400.0	2272.0	45	1282184415	0	1624682599	0	1800.0	2	1	focal_2bp_forward_only_no_recap_no_neutral_overlay	9b9f610f150a1edbce6dce318cd3a376256b7ca1adf20360858aefd29eb288aa
han_fixed_v2__confirmation__s0.010000__af0.200000__q5__draw046	confirmation	0.01	0.2	0.17500000000000002	0.225	0.5	1781.5576434591462	1780.0	40	100	500	5.0	2400.0	2272.0	46	1497801868	0	1261848485	0	1800.0	2	1	focal_2bp_forward_only_no_recap_no_neutral_overlay	9b9f610f150a1edbce6dce318cd3a376256b7ca1adf20360858aefd29eb288aa
han_fixed_v2__confirmation__s0.010000__af0.200000__q5__draw047	confirmation	0.01	0.2	0.17500000000000002	0.225	0.5	1781.5576434591462	1780.0	40	100	500	5.0	2400.0	2272.0	47	1001556512	0	1051042753	0	1800.0	2	1	focal_2bp_forward_only_no_recap_no_neutral_overlay	9b9f610f150a1edbce6dce318cd3a376256b7ca1adf20360858aefd29eb288aa
han_fixed_v2__confirmation__s0.010000__af0.200000__q5__draw048	confirmation	0.01	0.2	0.17500000000000002	0.225	0.5	1781.5576434591462	1780.0	40	100	500	5.0	2400.0	2272.0	48	1993567526	0	1010137066	0	1800.0	2	1	focal_2bp_forward_only_no_recap_no_neutral_overlay	9b9f610f150a1edbce6dce318cd3a376256b7ca1adf20360858aefd29eb288aa
han_fixed_v2__confirmation__s0.010000__af0.200000__q5__draw049	confirmation	0.01	0.2	0.17500000000000002	0.225	0.5	1781.5576434591462	1780.0	40	100	500	5.0	2400.0	2272.0	49	318517764	0	1880499030	0	1800.0	2	1	focal_2bp_forward_only_no_recap_no_neutral_overlay	9b9f610f150a1edbce6dce318cd3a376256b7ca1adf20360858aefd29eb288aa
han_fixed_v2__confirmation__s0.010000__af0.200000__q5__draw050	confirmation	0.01	0.2	0.17500000000000002	0.225	0.5	1781.5576434591462	1780.0	40	100	500	5.0	2400.0	2272.0	50	1675704770	0	2005443609	0	1800.0	2	1	focal_2bp_forward_only_no_recap_no_neutral_overlay	9b9f610f150a1edbce6dce318cd3a376256b7ca1adf20360858aefd29eb288aa
han_fixed_v2__confirmation__s0.010000__af0.200000__q5__draw051	confirmation	0.01	0.2	0.17500000000000002	0.225	0.5	1781.5576434591462	1780.0	40	100	500	5.0	2400.0	2272.0	51	2004305798	0	333423161	0	1800.0	2	1	focal_2bp_forward_only_no_recap_no_neutral_overlay	9b9f610f150a1edbce6dce318cd3a376256b7ca1adf20360858aefd29eb288aa
han_fixed_v2__confirmation__s0.010000__af0.200000__q5__draw052	confirmation	0.01	0.2	0.17500000000000002	0.225	0.5	1781.5576434591462	1780.0	40	100	500	5.0	2400.0	2272.0	52	1087703815	0	1754395270	0	1800.0	2	1	focal_2bp_forward_only_no_recap_no_neutral_overlay	9b9f610f150a1edbce6dce318cd3a376256b7ca1adf20360858aefd29eb288aa
han_fixed_v2__confirmation__s0.010000__af0.200000__q5__draw053	confirmation	0.01	0.2	0.17500000000000002	0.225	0.5	1781.5576434591462	1780.0	40	100	500	5.0	2400.0	2272.0	53	1834072518	0	1698437305	0	1800.0	2	1	focal_2bp_forward_only_no_recap_no_neutral_overlay	9b9f610f150a1edbce6dce318cd3a376256b7ca1adf20360858aefd29eb288aa
han_fixed_v2__confirmation__s0.010000__af0.200000__q5__draw054	confirmation	0.01	0.2	0.17500000000000002	0.225	0.5	1781.5576434591462	1780.0	40	100	500	5.0	2400.0	2272.0	54	1785362616	0	1362432371	0	1800.0	2	1	focal_2bp_forward_only_no_recap_no_neutral_overlay	9b9f610f150a1edbce6dce318cd3a376256b7ca1adf20360858aefd29eb288aa
han_fixed_v2__confirmation__s0.010000__af0.200000__q5__draw055	confirmation	0.01	0.2	0.17500000000000002	0.225	0.5	1781.5576434591462	1780.0	40	100	500	5.0	2400.0	2272.0	55	341436206	0	1265380849	0	1800.0	2	1	focal_2bp_forward_only_no_recap_no_neutral_overlay	9b9f610f150a1edbce6dce318cd3a376256b7ca1adf20360858aefd29eb288aa
han_fixed_v2__confirmation__s0.010000__af0.200000__q5__draw056	confirmation	0.01	0.2	0.17500000000000002	0.225	0.5	1781.5576434591462	1780.0	40	100	500	5.0	2400.0	2272.0	56	144006219	0	1372144868	0	1800.0	2	1	focal_2bp_forward_only_no_recap_no_neutral_overlay	9b9f610f150a1edbce6dce318cd3a376256b7ca1adf20360858aefd29eb288aa
han_fixed_v2__confirmation__s0.010000__af0.200000__q5__draw057	confirmation	0.01	0.2	0.17500000000000002	0.225	0.5	1781.5576434591462	1780.0	40	100	500	5.0	2400.0	2272.0	57	1459640113	0	712477155	0	1800.0	2	1	focal_2bp_forward_only_no_recap_no_neutral_overlay	9b9f610f150a1edbce6dce318cd3a376256b7ca1adf20360858aefd29eb288aa
han_fixed_v2__confirmation__s0.010000__af0.200000__q5__draw058	confirmation	0.01	0.2	0.17500000000000002	0.225	0.5	1781.5576434591462	1780.0	40	100	500	5.0	2400.0	2272.0	58	1036083782	0	655174952	0	1800.0	2	1	focal_2bp_forward_only_no_recap_no_neutral_overlay	9b9f610f150a1edbce6dce318cd3a376256b7ca1adf20360858aefd29eb288aa
han_fixed_v2__confirmation__s0.010000__af0.200000__q5__draw059	confirmation	0.01	0.2	0.17500000000000002	0.225	0.5	1781.5576434591462	1780.0	40	100	500	5.0	2400.0	2272.0	59	613192945	0	1419292133	0	1800.0	2	1	focal_2bp_forward_only_no_recap_no_neutral_overlay	9b9f610f150a1edbce6dce318cd3a376256b7ca1adf20360858aefd29eb288aa
han_fixed_v2__confirmation__s0.010000__af0.200000__q5__draw060	confirmation	0.01	0.2	0.17500000000000002	0.225	0.5	1781.5576434591462	1780.0	40	100	500	5.0	2400.0	2272.0	60	1113370309	0	1678250081	0	1800.0	2	1	focal_2bp_forward_only_no_recap_no_neutral_overlay	9b9f610f150a1edbce6dce318cd3a376256b7ca1adf20360858aefd29eb288aa
han_fixed_v2__confirmation__s0.010000__af0.200000__q5__draw061	confirmation	0.01	0.2	0.17500000000000002	0.225	0.5	1781.5576434591462	1780.0	40	100	500	5.0	2400.0	2272.0	61	693282176	0	1545554697	0	1800.0	2	1	focal_2bp_forward_only_no_recap_no_neutral_overlay	9b9f610f150a1edbce6dce318cd3a376256b7ca1adf20360858aefd29eb288aa
han_fixed_v2__confirmation__s0.010000__af0.200000__q5__draw062	confirmation	0.01	0.2	0.17500000000000002	0.225	0.5	1781.5576434591462	1780.0	40	100	500	5.0	2400.0	2272.0	62	403910837	0	133459539	0	1800.0	2	1	focal_2bp_forward_only_no_recap_no_neutral_overlay	9b9f610f150a1edbce6dce318cd3a376256b7ca1adf20360858aefd29eb288aa
han_fixed_v2__confirmation__s0.010000__af0.200000__q5__draw063	confirmation	0.01	0.2	0.17500000000000002	0.225	0.5	1781.5576434591462	1780.0	40	100	500	5.0	2400.0	2272.0	63	165785056	0	1805434395	0	1800.0	2	1	focal_2bp_forward_only_no_recap_no_neutral_overlay	9b9f610f150a1edbce6dce318cd3a376256b7ca1adf20360858aefd29eb288aa
han_fixed_v2__confirmation__s0.010000__af0.200000__q5__draw064	confirmation	0.01	0.2	0.17500000000000002	0.225	0.5	1781.5576434591462	1780.0	40	100	500	5.0	2400.0	2272.0	64	1119453622	0	2071034658	0	1800.0	2	1	focal_2bp_forward_only_no_recap_no_neutral_overlay	9b9f610f150a1edbce6dce318cd3a376256b7ca1adf20360858aefd29eb288aa
han_fixed_v2__confirmation__s0.010000__af0.200000__q5__draw065	confirmation	0.01	0.2	0.17500000000000002	0.225	0.5	1781.5576434591462	1780.0	40	100	500	5.0	2400.0	2272.0	65	544830571	0	1198939146	0	1800.0	2	1	focal_2bp_forward_only_no_recap_no_neutral_overlay	9b9f610f150a1edbce6dce318cd3a376256b7ca1adf20360858aefd29eb288aa
han_fixed_v2__confirmation__s0.010000__af0.200000__q5__draw066	confirmation	0.01	0.2	0.17500000000000002	0.225	0.5	1781.5576434591462	1780.0	40	100	500	5.0	2400.0	2272.0	66	1968338444	0	1398084106	0	1800.0	2	1	focal_2bp_forward_only_no_recap_no_neutral_overlay	9b9f610f150a1edbce6dce318cd3a376256b7ca1adf20360858aefd29eb288aa
han_fixed_v2__confirmation__s0.010000__af0.200000__q5__draw067	confirmation	0.01	0.2	0.17500000000000002	0.225	0.5	1781.5576434591462	1780.0	40	100	500	5.0	2400.0	2272.0	67	1875377427	0	234219301	0	1800.0	2	1	focal_2bp_forward_only_no_recap_no_neutral_overlay	9b9f610f150a1edbce6dce318cd3a376256b7ca1adf20360858aefd29eb288aa
han_fixed_v2__confirmation__s0.010000__af0.200000__q5__draw068	confirmation	0.01	0.2	0.17500000000000002	0.225	0.5	1781.5576434591462	1780.0	40	100	500	5.0	2400.0	2272.0	68	2106375881	0	1836610628	0	1800.0	2	1	focal_2bp_forward_only_no_recap_no_neutral_overlay	9b9f610f150a1edbce6dce318cd3a376256b7ca1adf20360858aefd29eb288aa
han_fixed_v2__confirmation__s0.010000__af0.200000__q5__draw069	confirmation	0.01	0.2	0.17500000000000002	0.225	0.5	1781.5576434591462	1780.0	40	100	500	5.0	2400.0	2272.0	69	703264053	0	2089461176	0	1800.0	2	1	focal_2bp_forward_only_no_recap_no_neutral_overlay	9b9f610f150a1edbce6dce318cd3a376256b7ca1adf20360858aefd29eb288aa
han_fixed_v2__confirmation__s0.010000__af0.200000__q5__draw070	confirmation	0.01	0.2	0.17500000000000002	0.225	0.5	1781.5576434591462	1780.0	40	100	500	5.0	2400.0	2272.0	70	720228712	0	1182078215	0	1800.0	2	1	focal_2bp_forward_only_no_recap_no_neutral_overlay	9b9f610f150a1edbce6dce318cd3a376256b7ca1adf20360858aefd29eb288aa
han_fixed_v2__confirmation__s0.010000__af0.200000__q5__draw071	confirmation	0.01	0.2	0.17500000000000002	0.225	0.5	1781.5576434591462	1780.0	40	100	500	5.0	2400.0	2272.0	71	1008561065	0	569171744	0	1800.0	2	1	focal_2bp_forward_only_no_recap_no_neutral_overlay	9b9f610f150a1edbce6dce318cd3a376256b7ca1adf20360858aefd29eb288aa
han_fixed_v2__confirmation__s0.010000__af0.200000__q5__draw072	confirmation	0.01	0.2	0.17500000000000002	0.225	0.5	1781.5576434591462	1780.0	40	100	500	5.0	2400.0	2272.0	72	1607942308	0	390207962	0	1800.0	2	1	focal_2bp_forward_only_no_recap_no_neutral_overlay	9b9f610f150a1edbce6dce318cd3a376256b7ca1adf20360858aefd29eb288aa
han_fixed_v2__confirmation__s0.010000__af0.200000__q5__draw073	confirmation	0.01	0.2	0.17500000000000002	0.225	0.5	1781.5576434591462	1780.0	40	100	500	5.0	2400.0	2272.0	73	1408860964	0	1290009773	0	1800.0	2	1	focal_2bp_forward_only_no_recap_no_neutral_overlay	9b9f610f150a1edbce6dce318cd3a376256b7ca1adf20360858aefd29eb288aa
han_fixed_v2__confirmation__s0.010000__af0.200000__q5__draw074	confirmation	0.01	0.2	0.17500000000000002	0.225	0.5	1781.5576434591462	1780.0	40	100	500	5.0	2400.0	2272.0	74	363911140	0	983211675	0	1800.0	2	1	focal_2bp_forward_only_no_recap_no_neutral_overlay	9b9f610f150a1edbce6dce318cd3a376256b7ca1adf20360858aefd29eb288aa
han_fixed_v2__confirmation__s0.010000__af0.200000__q5__draw075	confirmation	0.01	0.2	0.17500000000000002	0.225	0.5	1781.5576434591462	1780.0	40	100	500	5.0	2400.0	2272.0	75	1616592975	0	956287454	0	1800.0	2	1	focal_2bp_forward_only_no_recap_no_neutral_overlay	9b9f610f150a1edbce6dce318cd3a376256b7ca1adf20360858aefd29eb288aa
han_fixed_v2__confirmation__s0.010000__af0.200000__q5__draw076	confirmation	0.01	0.2	0.17500000000000002	0.225	0.5	1781.5576434591462	1780.0	40	100	500	5.0	2400.0	2272.0	76	2116417510	0	843213284	0	1800.0	2	1	focal_2bp_forward_only_no_recap_no_neutral_overlay	9b9f610f150a1edbce6dce318cd3a376256b7ca1adf20360858aefd29eb288aa
han_fixed_v2__confirmation__s0.010000__af0.200000__q5__draw077	confirmation	0.01	0.2	0.17500000000000002	0.225	0.5	1781.5576434591462	1780.0	40	100	500	5.0	2400.0	2272.0	77	1188700633	0	871344392	0	1800.0	2	1	focal_2bp_forward_only_no_recap_no_neutral_overlay	9b9f610f150a1edbce6dce318cd3a376256b7ca1adf20360858aefd29eb288aa
han_fixed_v2__confirmation__s0.010000__af0.200000__q5__draw078	confirmation	0.01	0.2	0.17500000000000002	0.225	0.5	1781.5576434591462	1780.0	40	100	500	5.0	2400.0	2272.0	78	1480076770	0	2003159457	0	1800.0	2	1	focal_2bp_forward_only_no_recap_no_neutral_overlay	9b9f610f150a1edbce6dce318cd3a376256b7ca1adf20360858aefd29eb288aa
han_fixed_v2__confirmation__s0.010000__af0.200000__q5__draw079	confirmation	0.01	0.2	0.17500000000000002	0.225	0.5	1781.5576434591462	1780.0	40	100	500	5.0	2400.0	2272.0	79	1368679089	0	1881581679	0	1800.0	2	1	focal_2bp_forward_only_no_recap_no_neutral_overlay	9b9f610f150a1edbce6dce318cd3a376256b7ca1adf20360858aefd29eb288aa
han_fixed_v2__confirmation__s0.010000__af0.200000__q5__draw080	confirmation	0.01	0.2	0.17500000000000002	0.225	0.5	1781.5576434591462	1780.0	40	100	500	5.0	2400.0	2272.0	80	1942386932	0	2071534362	0	1800.0	2	1	focal_2bp_forward_only_no_recap_no_neutral_overlay	9b9f610f150a1edbce6dce318cd3a376256b7ca1adf20360858aefd29eb288aa
han_fixed_v2__confirmation__s0.010000__af0.200000__q5__draw081	confirmation	0.01	0.2	0.17500000000000002	0.225	0.5	1781.5576434591462	1780.0	40	100	500	5.0	2400.0	2272.0	81	259211032	0	1254511571	0	1800.0	2	1	focal_2bp_forward_only_no_recap_no_neutral_overlay	9b9f610f150a1edbce6dce318cd3a376256b7ca1adf20360858aefd29eb288aa
han_fixed_v2__confirmation__s0.010000__af0.200000__q5__draw082	confirmation	0.01	0.2	0.17500000000000002	0.225	0.5	1781.5576434591462	1780.0	40	100	500	5.0	2400.0	2272.0	82	914773281	0	45418319	0	1800.0	2	1	focal_2bp_forward_only_no_recap_no_neutral_overlay	9b9f610f150a1edbce6dce318cd3a376256b7ca1adf20360858aefd29eb288aa
han_fixed_v2__confirmation__s0.010000__af0.200000__q5__draw083	confirmation	0.01	0.2	0.17500000000000002	0.225	0.5	1781.5576434591462	1780.0	40	100	500	5.0	2400.0	2272.0	83	632574140	0	1625118234	0	1800.0	2	1	focal_2bp_forward_only_no_recap_no_neutral_overlay	9b9f610f150a1edbce6dce318cd3a376256b7ca1adf20360858aefd29eb288aa
han_fixed_v2__confirmation__s0.010000__af0.200000__q5__draw084	confirmation	0.01	0.2	0.17500000000000002	0.225	0.5	1781.5576434591462	1780.0	40	100	500	5.0	2400.0	2272.0	84	1082537213	0	23335820	0	1800.0	2	1	focal_2bp_forward_only_no_recap_no_neutral_overlay	9b9f610f150a1edbce6dce318cd3a376256b7ca1adf20360858aefd29eb288aa
han_fixed_v2__confirmation__s0.010000__af0.200000__q5__draw085	confirmation	0.01	0.2	0.17500000000000002	0.225	0.5	1781.5576434591462	1780.0	40	100	500	5.0	2400.0	2272.0	85	1397090075	0	1178448465	0	1800.0	2	1	focal_2bp_forward_only_no_recap_no_neutral_overlay	9b9f610f150a1edbce6dce318cd3a376256b7ca1adf20360858aefd29eb288aa
han_fixed_v2__confirmation__s0.010000__af0.200000__q5__draw086	confirmation	0.01	0.2	0.17500000000000002	0.225	0.5	1781.5576434591462	1780.0	40	100	500	5.0	2400.0	2272.0	86	799543636	0	1151081748	0	1800.0	2	1	focal_2bp_forward_only_no_recap_no_neutral_overlay	9b9f610f150a1edbce6dce318cd3a376256b7ca1adf20360858aefd29eb288aa
han_fixed_v2__confirmation__s0.010000__af0.200000__q5__draw087	confirmation	0.01	0.2	0.17500000000000002	0.225	0.5	1781.5576434591462	1780.0	40	100	500	5.0	2400.0	2272.0	87	2029529759	0	546412333	0	1800.0	2	1	focal_2bp_forward_only_no_recap_no_neutral_overlay	9b9f610f150a1edbce6dce318cd3a376256b7ca1adf20360858aefd29eb288aa
han_fixed_v2__confirmation__s0.010000__af0.200000__q5__draw088	confirmation	0.01	0.2	0.17500000000000002	0.225	0.5	1781.5576434591462	1780.0	40	100	500	5.0	2400.0	2272.0	88	1603615731	0	135404202	0	1800.0	2	1	focal_2bp_forward_only_no_recap_no_neutral_overlay	9b9f610f150a1edbce6dce318cd3a376256b7ca1adf20360858aefd29eb288aa
han_fixed_v2__confirmation__s0.010000__af0.200000__q5__draw089	confirmation	0.01	0.2	0.17500000000000002	0.225	0.5	1781.5576434591462	1780.0	40	100	500	5.0	2400.0	2272.0	89	1181210777	0	1331886280	0	1800.0	2	1	focal_2bp_forward_only_no_recap_no_neutral_overlay	9b9f610f150a1edbce6dce318cd3a376256b7ca1adf20360858aefd29eb288aa
han_fixed_v2__confirmation__s0.010000__af0.200000__q5__draw090	confirmation	0.01	0.2	0.17500000000000002	0.225	0.5	1781.5576434591462	1780.0	40	100	500	5.0	2400.0	2272.0	90	126644955	0	1781446166	0	1800.0	2	1	focal_2bp_forward_only_no_recap_no_neutral_overlay	9b9f610f150a1edbce6dce318cd3a376256b7ca1adf20360858aefd29eb288aa
han_fixed_v2__confirmation__s0.010000__af0.200000__q5__draw091	confirmation	0.01	0.2	0.17500000000000002	0.225	0.5	1781.5576434591462	1780.0	40	100	500	5.0	2400.0	2272.0	91	2003970356	0	373152495	0	1800.0	2	1	focal_2bp_forward_only_no_recap_no_neutral_overlay	9b9f610f150a1edbce6dce318cd3a376256b7ca1adf20360858aefd29eb288aa
han_fixed_v2__confirmation__s0.010000__af0.200000__q5__draw092	confirmation	0.01	0.2	0.17500000000000002	0.225	0.5	1781.5576434591462	1780.0	40	100	500	5.0	2400.0	2272.0	92	488569077	0	1945618914	0	1800.0	2	1	focal_2bp_forward_only_no_recap_no_neutral_overlay	9b9f610f150a1edbce6dce318cd3a376256b7ca1adf20360858aefd29eb288aa
han_fixed_v2__confirmation__s0.010000__af0.200000__q5__draw093	confirmation	0.01	0.2	0.17500000000000002	0.225	0.5	1781.5576434591462	1780.0	40	100	500	5.0	2400.0	2272.0	93	1537077789	0	1245768397	0	1800.0	2	1	focal_2bp_forward_only_no_recap_no_neutral_overlay	9b9f610f150a1edbce6dce318cd3a376256b7ca1adf20360858aefd29eb288aa
han_fixed_v2__confirmation__s0.010000__af0.200000__q5__draw094	confirmation	0.01	0.2	0.17500000000000002	0.225	0.5	1781.5576434591462	1780.0	40	100	500	5.0	2400.0	2272.0	94	1943370349	0	754379723	0	1800.0	2	1	focal_2bp_forward_only_no_recap_no_neutral_overlay	9b9f610f150a1edbce6dce318cd3a376256b7ca1adf20360858aefd29eb288aa
han_fixed_v2__confirmation__s0.010000__af0.200000__q5__draw095	confirmation	0.01	0.2	0.17500000000000002	0.225	0.5	1781.5576434591462	1780.0	40	100	500	5.0	2400.0	2272.0	95	1462050568	0	1341582214	0	1800.0	2	1	focal_2bp_forward_only_no_recap_no_neutral_overlay	9b9f610f150a1edbce6dce318cd3a376256b7ca1adf20360858aefd29eb288aa
han_fixed_v2__confirmation__s0.010000__af0.200000__q5__draw096	confirmation	0.01	0.2	0.17500000000000002	0.225	0.5	1781.5576434591462	1780.0	40	100	500	5.0	2400.0	2272.0	96	484151987	0	1784914357	0	1800.0	2	1	focal_2bp_forward_only_no_recap_no_neutral_overlay	9b9f610f150a1edbce6dce318cd3a376256b7ca1adf20360858aefd29eb288aa
han_fixed_v2__confirmation__s0.010000__af0.200000__q5__draw097	confirmation	0.01	0.2	0.17500000000000002	0.225	0.5	1781.5576434591462	1780.0	40	100	500	5.0	2400.0	2272.0	97	76931008	0	668747378	0	1800.0	2	1	focal_2bp_forward_only_no_recap_no_neutral_overlay	9b9f610f150a1edbce6dce318cd3a376256b7ca1adf20360858aefd29eb288aa
han_fixed_v2__confirmation__s0.010000__af0.200000__q5__draw098	confirmation	0.01	0.2	0.17500000000000002	0.225	0.5	1781.5576434591462	1780.0	40	100	500	5.0	2400.0	2272.0	98	948191376	0	383736565	0	1800.0	2	1	focal_2bp_forward_only_no_recap_no_neutral_overlay	9b9f610f150a1edbce6dce318cd3a376256b7ca1adf20360858aefd29eb288aa
han_fixed_v2__confirmation__s0.010000__af0.200000__q5__draw099	confirmation	0.01	0.2	0.17500000000000002	0.225	0.5	1781.5576434591462	1780.0	40	100	500	5.0	2400.0	2272.0	99	2056702599	0	744080881	0	1800.0	2	1	focal_2bp_forward_only_no_recap_no_neutral_overlay	9b9f610f150a1edbce6dce318cd3a376256b7ca1adf20360858aefd29eb288aa
han_fixed_v2__confirmation__s0.010000__af0.300000__q5__draw000	confirmation	0.01	0.3	0.27499999999999997	0.325	0.5	1727.6579933858775	1730.0	60	100	500	5.0	2400.0	2272.0	0	926968136	0	181079799	0	1800.0	2	1	focal_2bp_forward_only_no_recap_no_neutral_overlay	9b9f610f150a1edbce6dce318cd3a376256b7ca1adf20360858aefd29eb288aa
han_fixed_v2__confirmation__s0.010000__af0.300000__q5__draw001	confirmation	0.01	0.3	0.27499999999999997	0.325	0.5	1727.6579933858775	1730.0	60	100	500	5.0	2400.0	2272.0	1	1804310596	0	873816581	0	1800.0	2	1	focal_2bp_forward_only_no_recap_no_neutral_overlay	9b9f610f150a1edbce6dce318cd3a376256b7ca1adf20360858aefd29eb288aa
han_fixed_v2__confirmation__s0.010000__af0.300000__q5__draw002	confirmation	0.01	0.3	0.27499999999999997	0.325	0.5	1727.6579933858775	1730.0	60	100	500	5.0	2400.0	2272.0	2	1028699670	0	2103445314	0	1800.0	2	1	focal_2bp_forward_only_no_recap_no_neutral_overlay	9b9f610f150a1edbce6dce318cd3a376256b7ca1adf20360858aefd29eb288aa
han_fixed_v2__confirmation__s0.010000__af0.300000__q5__draw003	confirmation	0.01	0.3	0.27499999999999997	0.325	0.5	1727.6579933858775	1730.0	60	100	500	5.0	2400.0	2272.0	3	1488420724	0	1055201529	0	1800.0	2	1	focal_2bp_forward_only_no_recap_no_neutral_overlay	9b9f610f150a1edbce6dce318cd3a376256b7ca1adf20360858aefd29eb288aa
han_fixed_v2__confirmation__s0.010000__af0.300000__q5__draw004	confirmation	0.01	0.3	0.27499999999999997	0.325	0.5	1727.6579933858775	1730.0	60	100	500	5.0	2400.0	2272.0	4	1270210585	0	1568310970	0	1800.0	2	1	focal_2bp_forward_only_no_recap_no_neutral_overlay	9b9f610f150a1edbce6dce318cd3a376256b7ca1adf20360858aefd29eb288aa
han_fixed_v2__confirmation__s0.010000__af0.300000__q5__draw005	confirmation	0.01	0.3	0.27499999999999997	0.325	0.5	1727.6579933858775	1730.0	60	100	500	5.0	2400.0	2272.0	5	537696485	0	191629109	0	1800.0	2	1	focal_2bp_forward_only_no_recap_no_neutral_overlay	9b9f610f150a1edbce6dce318cd3a376256b7ca1adf20360858aefd29eb288aa
han_fixed_v2__confirmation__s0.010000__af0.300000__q5__draw006	confirmation	0.01	0.3	0.27499999999999997	0.325	0.5	1727.6579933858775	1730.0	60	100	500	5.0	2400.0	2272.0	6	15921862	0	372749609	0	1800.0	2	1	focal_2bp_forward_only_no_recap_no_neutral_overlay	9b9f610f150a1edbce6dce318cd3a376256b7ca1adf20360858aefd29eb288aa
han_fixed_v2__confirmation__s0.010000__af0.300000__q5__draw007	confirmation	0.01	0.3	0.27499999999999997	0.325	0.5	1727.6579933858775	1730.0	60	100	500	5.0	2400.0	2272.0	7	1602969530	0	1682046565	0	1800.0	2	1	focal_2bp_forward_only_no_recap_no_neutral_overlay	9b9f610f150a1edbce6dce318cd3a376256b7ca1adf20360858aefd29eb288aa
han_fixed_v2__confirmation__s0.010000__af0.300000__q5__draw008	confirmation	0.01	0.3	0.27499999999999997	0.325	0.5	1727.6579933858775	1730.0	60	100	500	5.0	2400.0	2272.0	8	191439987	0	353276404	0	1800.0	2	1	focal_2bp_forward_only_no_recap_no_neutral_overlay	9b9f610f150a1edbce6dce318cd3a376256b7ca1adf20360858aefd29eb288aa
han_fixed_v2__confirmation__s0.010000__af0.300000__q5__draw009	confirmation	0.01	0.3	0.27499999999999997	0.325	0.5	1727.6579933858775	1730.0	60	100	500	5.0	2400.0	2272.0	9	1898131721	0	1045789167	0	1800.0	2	1	focal_2bp_forward_only_no_recap_no_neutral_overlay	9b9f610f150a1edbce6dce318cd3a376256b7ca1adf20360858aefd29eb288aa
han_fixed_v2__confirmation__s0.010000__af0.300000__q5__draw010	confirmation	0.01	0.3	0.27499999999999997	0.325	0.5	1727.6579933858775	1730.0	60	100	500	5.0	2400.0	2272.0	10	1029170168	0	776845445	0	1800.0	2	1	focal_2bp_forward_only_no_recap_no_neutral_overlay	9b9f610f150a1edbce6dce318cd3a376256b7ca1adf20360858aefd29eb288aa
han_fixed_v2__confirmation__s0.010000__af0.300000__q5__draw011	confirmation	0.01	0.3	0.27499999999999997	0.325	0.5	1727.6579933858775	1730.0	60	100	500	5.0	2400.0	2272.0	11	1214151983	0	264912910	0	1800.0	2	1	focal_2bp_forward_only_no_recap_no_neutral_overlay	9b9f610f150a1edbce6dce318cd3a376256b7ca1adf20360858aefd29eb288aa
han_fixed_v2__confirmation__s0.010000__af0.300000__q5__draw012	confirmation	0.01	0.3	0.27499999999999997	0.325	0.5	1727.6579933858775	1730.0	60	100	500	5.0	2400.0	2272.0	12	1304526388	0	449378856	0	1800.0	2	1	focal_2bp_forward_only_no_recap_no_neutral_overlay	9b9f610f150a1edbce6dce318cd3a376256b7ca1adf20360858aefd29eb288aa
han_fixed_v2__confirmation__s0.010000__af0.300000__q5__draw013	confirmation	0.01	0.3	0.27499999999999997	0.325	0.5	1727.6579933858775	1730.0	60	100	500	5.0	2400.0	2272.0	13	878106254	0	1460374089	0	1800.0	2	1	focal_2bp_forward_only_no_recap_no_neutral_overlay	9b9f610f150a1edbce6dce318cd3a376256b7ca1adf20360858aefd29eb288aa
han_fixed_v2__confirmation__s0.010000__af0.300000__q5__draw014	confirmation	0.01	0.3	0.27499999999999997	0.325	0.5	1727.6579933858775	1730.0	60	100	500	5.0	2400.0	2272.0	14	1018330594	0	1696512090	0	1800.0	2	1	focal_2bp_forward_only_no_recap_no_neutral_overlay	9b9f610f150a1edbce6dce318cd3a376256b7ca1adf20360858aefd29eb288aa
han_fixed_v2__confirmation__s0.010000__af0.300000__q5__draw015	confirmation	0.01	0.3	0.27499999999999997	0.325	0.5	1727.6579933858775	1730.0	60	100	500	5.0	2400.0	2272.0	15	1171737367	0	1296691118	0	1800.0	2	1	focal_2bp_forward_only_no_recap_no_neutral_overlay	9b9f610f150a1edbce6dce318cd3a376256b7ca1adf20360858aefd29eb288aa
han_fixed_v2__confirmation__s0.010000__af0.300000__q5__draw016	confirmation	0.01	0.3	0.27499999999999997	0.325	0.5	1727.6579933858775	1730.0	60	100	500	5.0	2400.0	2272.0	16	946192880	0	661563000	0	1800.0	2	1	focal_2bp_forward_only_no_recap_no_neutral_overlay	9b9f610f150a1edbce6dce318cd3a376256b7ca1adf20360858aefd29eb288aa
han_fixed_v2__confirmation__s0.010000__af0.300000__q5__draw017	confirmation	0.01	0.3	0.27499999999999997	0.325	0.5	1727.6579933858775	1730.0	60	100	500	5.0	2400.0	2272.0	17	1527611501	0	2023479313	0	1800.0	2	1	focal_2bp_forward_only_no_recap_no_neutral_overlay	9b9f610f150a1edbce6dce318cd3a376256b7ca1adf20360858aefd29eb288aa
han_fixed_v2__confirmation__s0.010000__af0.300000__q5__draw018	confirmation	0.01	0.3	0.27499999999999997	0.325	0.5	1727.6579933858775	1730.0	60	100	500	5.0	2400.0	2272.0	18	541531888	0	14035584	0	1800.0	2	1	focal_2bp_forward_only_no_recap_no_neutral_overlay	9b9f610f150a1edbce6dce318cd3a376256b7ca1adf20360858aefd29eb288aa
han_fixed_v2__confirmation__s0.010000__af0.300000__q5__draw019	confirmation	0.01	0.3	0.27499999999999997	0.325	0.5	1727.6579933858775	1730.0	60	100	500	5.0	2400.0	2272.0	19	2121802236	0	1478587063	0	1800.0	2	1	focal_2bp_forward_only_no_recap_no_neutral_overlay	9b9f610f150a1edbce6dce318cd3a376256b7ca1adf20360858aefd29eb288aa
han_fixed_v2__confirmation__s0.010000__af0.300000__q5__draw020	confirmation	0.01	0.3	0.27499999999999997	0.325	0.5	1727.6579933858775	1730.0	60	100	500	5.0	2400.0	2272.0	20	614081247	0	2122781690	0	1800.0	2	1	focal_2bp_forward_only_no_recap_no_neutral_overlay	9b9f610f150a1edbce6dce318cd3a376256b7ca1adf20360858aefd29eb288aa
han_fixed_v2__confirmation__s0.010000__af0.300000__q5__draw021	confirmation	0.01	0.3	0.27499999999999997	0.325	0.5	1727.6579933858775	1730.0	60	100	500	5.0	2400.0	2272.0	21	1547670012	0	2117708598	0	1800.0	2	1	focal_2bp_forward_only_no_recap_no_neutral_overlay	9b9f610f150a1edbce6dce318cd3a376256b7ca1adf20360858aefd29eb288aa
han_fixed_v2__confirmation__s0.010000__af0.300000__q5__draw022	confirmation	0.01	0.3	0.27499999999999997	0.325	0.5	1727.6579933858775	1730.0	60	100	500	5.0	2400.0	2272.0	22	821631940	0	1135862012	0	1800.0	2	1	focal_2bp_forward_only_no_recap_no_neutral_overlay	9b9f610f150a1edbce6dce318cd3a376256b7ca1adf20360858aefd29eb288aa
han_fixed_v2__confirmation__s0.010000__af0.300000__q5__draw023	confirmation	0.01	0.3	0.27499999999999997	0.325	0.5	1727.6579933858775	1730.0	60	100	500	5.0	2400.0	2272.0	23	960552966	0	215466307	0	1800.0	2	1	focal_2bp_forward_only_no_recap_no_neutral_overlay	9b9f610f150a1edbce6dce318cd3a376256b7ca1adf20360858aefd29eb288aa
han_fixed_v2__confirmation__s0.010000__af0.300000__q5__draw024	confirmation	0.01	0.3	0.27499999999999997	0.325	0.5	1727.6579933858775	1730.0	60	100	500	5.0	2400.0	2272.0	24	353701662	0	706081955	0	1800.0	2	1	focal_2bp_forward_only_no_recap_no_neutral_overlay	9b9f610f150a1edbce6dce318cd3a376256b7ca1adf20360858aefd29eb288aa
han_fixed_v2__confirmation__s0.010000__af0.300000__q5__draw025	confirmation	0.01	0.3	0.27499999999999997	0.325	0.5	1727.6579933858775	1730.0	60	100	500	5.0	2400.0	2272.0	25	985259111	0	1391133562	0	1800.0	2	1	focal_2bp_forward_only_no_recap_no_neutral_overlay	9b9f610f150a1edbce6dce318cd3a376256b7ca1adf20360858aefd29eb288aa
han_fixed_v2__confirmation__s0.010000__af0.300000__q5__draw026	confirmation	0.01	0.3	0.27499999999999997	0.325	0.5	1727.6579933858775	1730.0	60	100	500	5.0	2400.0	2272.0	26	1952036538	0	1076516140	0	1800.0	2	1	focal_2bp_forward_only_no_recap_no_neutral_overlay	9b9f610f150a1edbce6dce318cd3a376256b7ca1adf20360858aefd29eb288aa
han_fixed_v2__confirmation__s0.010000__af0.300000__q5__draw027	confirmation	0.01	0.3	0.27499999999999997	0.325	0.5	1727.6579933858775	1730.0	60	100	500	5.0	2400.0	2272.0	27	1761231702	0	390588398	0	1800.0	2	1	focal_2bp_forward_only_no_recap_no_neutral_overlay	9b9f610f150a1edbce6dce318cd3a376256b7ca1adf20360858aefd29eb288aa
han_fixed_v2__confirmation__s0.010000__af0.300000__q5__draw028	confirmation	0.01	0.3	0.27499999999999997	0.325	0.5	1727.6579933858775	1730.0	60	100	500	5.0	2400.0	2272.0	28	1737895565	0	786026077	0	1800.0	2	1	focal_2bp_forward_only_no_recap_no_neutral_overlay	9b9f610f150a1edbce6dce318cd3a376256b7ca1adf20360858aefd29eb288aa
han_fixed_v2__confirmation__s0.010000__af0.300000__q5__draw029	confirmation	0.01	0.3	0.27499999999999997	0.325	0.5	1727.6579933858775	1730.0	60	100	500	5.0	2400.0	2272.0	29	1941499542	0	185322977	0	1800.0	2	1	focal_2bp_forward_only_no_recap_no_neutral_overlay	9b9f610f150a1edbce6dce318cd3a376256b7ca1adf20360858aefd29eb288aa
han_fixed_v2__confirmation__s0.010000__af0.300000__q5__draw030	confirmation	0.01	0.3	0.27499999999999997	0.325	0.5	1727.6579933858775	1730.0	60	100	500	5.0	2400.0	2272.0	30	277866976	0	1921990598	0	1800.0	2	1	focal_2bp_forward_only_no_recap_no_neutral_overlay	9b9f610f150a1edbce6dce318cd3a376256b7ca1adf20360858aefd29eb288aa
han_fixed_v2__confirmation__s0.010000__af0.300000__q5__draw031	confirmation	0.01	0.3	0.27499999999999997	0.325	0.5	1727.6579933858775	1730.0	60	100	500	5.0	2400.0	2272.0	31	1282071332	0	2002847316	0	1800.0	2	1	focal_2bp_forward_only_no_recap_no_neutral_overlay	9b9f610f150a1edbce6dce318cd3a376256b7ca1adf20360858aefd29eb288aa
han_fixed_v2__confirmation__s0.010000__af0.300000__q5__draw032	confirmation	0.01	0.3	0.27499999999999997	0.325	0.5	1727.6579933858775	1730.0	60	100	500	5.0	2400.0	2272.0	32	1422174889	0	1834475998	0	1800.0	2	1	focal_2bp_forward_only_no_recap_no_neutral_overlay	9b9f610f150a1edbce6dce318cd3a376256b7ca1adf20360858aefd29eb288aa
han_fixed_v2__confirmation__s0.010000__af0.300000__q5__draw033	confirmation	0.01	0.3	0.27499999999999997	0.325	0.5	1727.6579933858775	1730.0	60	100	500	5.0	2400.0	2272.0	33	1544355627	0	186229042	0	1800.0	2	1	focal_2bp_forward_only_no_recap_no_neutral_overlay	9b9f610f150a1edbce6dce318cd3a376256b7ca1adf20360858aefd29eb288aa
han_fixed_v2__confirmation__s0.010000__af0.300000__q5__draw034	confirmation	0.01	0.3	0.27499999999999997	0.325	0.5	1727.6579933858775	1730.0	60	100	500	5.0	2400.0	2272.0	34	1205586812	0	1227330264	0	1800.0	2	1	focal_2bp_forward_only_no_recap_no_neutral_overlay	9b9f610f150a1edbce6dce318cd3a376256b7ca1adf20360858aefd29eb288aa
han_fixed_v2__confirmation__s0.010000__af0.300000__q5__draw035	confirmation	0.01	0.3	0.27499999999999997	0.325	0.5	1727.6579933858775	1730.0	60	100	500	5.0	2400.0	2272.0	35	1254421977	0	1794376231	0	1800.0	2	1	focal_2bp_forward_only_no_recap_no_neutral_overlay	9b9f610f150a1edbce6dce318cd3a376256b7ca1adf20360858aefd29eb288aa
han_fixed_v2__confirmation__s0.010000__af0.300000__q5__draw036	confirmation	0.01	0.3	0.27499999999999997	0.325	0.5	1727.6579933858775	1730.0	60	100	500	5.0	2400.0	2272.0	36	1210676084	0	436257966	0	1800.0	2	1	focal_2bp_forward_only_no_recap_no_neutral_overlay	9b9f610f150a1edbce6dce318cd3a376256b7ca1adf20360858aefd29eb288aa
han_fixed_v2__confirmation__s0.010000__af0.300000__q5__draw037	confirmation	0.01	0.3	0.27499999999999997	0.325	0.5	1727.6579933858775	1730.0	60	100	500	5.0	2400.0	2272.0	37	833851347	0	1402405317	0	1800.0	2	1	focal_2bp_forward_only_no_recap_no_neutral_overlay	9b9f610f150a1edbce6dce318cd3a376256b7ca1adf20360858aefd29eb288aa
han_fixed_v2__confirmation__s0.010000__af0.300000__q5__draw038	confirmation	0.01	0.3	0.27499999999999997	0.325	0.5	1727.6579933858775	1730.0	60	100	500	5.0	2400.0	2272.0	38	135056698	0	678718323	0	1800.0	2	1	focal_2bp_forward_only_no_recap_no_neutral_overlay	9b9f610f150a1edbce6dce318cd3a376256b7ca1adf20360858aefd29eb288aa
han_fixed_v2__confirmation__s0.010000__af0.300000__q5__draw039	confirmation	0.01	0.3	0.27499999999999997	0.325	0.5	1727.6579933858775	1730.0	60	100	500	5.0	2400.0	2272.0	39	1277062103	0	772718885	0	1800.0	2	1	focal_2bp_forward_only_no_recap_no_neutral_overlay	9b9f610f150a1edbce6dce318cd3a376256b7ca1adf20360858aefd29eb288aa
han_fixed_v2__confirmation__s0.010000__af0.300000__q5__draw040	confirmation	0.01	0.3	0.27499999999999997	0.325	0.5	1727.6579933858775	1730.0	60	100	500	5.0	2400.0	2272.0	40	1422606053	0	808588289	0	1800.0	2	1	focal_2bp_forward_only_no_recap_no_neutral_overlay	9b9f610f150a1edbce6dce318cd3a376256b7ca1adf20360858aefd29eb288aa
han_fixed_v2__confirmation__s0.010000__af0.300000__q5__draw041	confirmation	0.01	0.3	0.27499999999999997	0.325	0.5	1727.6579933858775	1730.0	60	100	500	5.0	2400.0	2272.0	41	830294326	0	1237954152	0	1800.0	2	1	focal_2bp_forward_only_no_recap_no_neutral_overlay	9b9f610f150a1edbce6dce318cd3a376256b7ca1adf20360858aefd29eb288aa
han_fixed_v2__confirmation__s0.010000__af0.300000__q5__draw042	confirmation	0.01	0.3	0.27499999999999997	0.325	0.5	1727.6579933858775	1730.0	60	100	500	5.0	2400.0	2272.0	42	808726799	0	1741529072	0	1800.0	2	1	focal_2bp_forward_only_no_recap_no_neutral_overlay	9b9f610f150a1edbce6dce318cd3a376256b7ca1adf20360858aefd29eb288aa
han_fixed_v2__confirmation__s0.010000__af0.300000__q5__draw043	confirmation	0.01	0.3	0.27499999999999997	0.325	0.5	1727.6579933858775	1730.0	60	100	500	5.0	2400.0	2272.0	43	342735840	0	1800082158	0	1800.0	2	1	focal_2bp_forward_only_no_recap_no_neutral_overlay	9b9f610f150a1edbce6dce318cd3a376256b7ca1adf20360858aefd29eb288aa
han_fixed_v2__confirmation__s0.010000__af0.300000__q5__draw044	confirmation	0.01	0.3	0.27499999999999997	0.325	0.5	1727.6579933858775	1730.0	60	100	500	5.0	2400.0	2272.0	44	286491898	0	1001070537	0	1800.0	2	1	focal_2bp_forward_only_no_recap_no_neutral_overlay	9b9f610f150a1edbce6dce318cd3a376256b7ca1adf20360858aefd29eb288aa
han_fixed_v2__confirmation__s0.010000__af0.300000__q5__draw045	confirmation	0.01	0.3	0.27499999999999997	0.325	0.5	1727.6579933858775	1730.0	60	100	500	5.0	2400.0	2272.0	45	2031498327	0	249285703	0	1800.0	2	1	focal_2bp_forward_only_no_recap_no_neutral_overlay	9b9f610f150a1edbce6dce318cd3a376256b7ca1adf20360858aefd29eb288aa
han_fixed_v2__confirmation__s0.010000__af0.300000__q5__draw046	confirmation	0.01	0.3	0.27499999999999997	0.325	0.5	1727.6579933858775	1730.0	60	100	500	5.0	2400.0	2272.0	46	566278024	0	2128458758	0	1800.0	2	1	focal_2bp_forward_only_no_recap_no_neutral_overlay	9b9f610f150a1edbce6dce318cd3a376256b7ca1adf20360858aefd29eb288aa
han_fixed_v2__confirmation__s0.010000__af0.300000__q5__draw047	confirmation	0.01	0.3	0.27499999999999997	0.325	0.5	1727.6579933858775	1730.0	60	100	500	5.0	2400.0	2272.0	47	864295449	0	285674007	0	1800.0	2	1	focal_2bp_forward_only_no_recap_no_neutral_overlay	9b9f610f150a1edbce6dce318cd3a376256b7ca1adf20360858aefd29eb288aa
han_fixed_v2__confirmation__s0.010000__af0.300000__q5__draw048	confirmation	0.01	0.3	0.27499999999999997	0.325	0.5	1727.6579933858775	1730.0	60	100	500	5.0	2400.0	2272.0	48	1820796625	0	1077695695	0	1800.0	2	1	focal_2bp_forward_only_no_recap_no_neutral_overlay	9b9f610f150a1edbce6dce318cd3a376256b7ca1adf20360858aefd29eb288aa
han_fixed_v2__confirmation__s0.010000__af0.300000__q5__draw049	confirmation	0.01	0.3	0.27499999999999997	0.325	0.5	1727.6579933858775	1730.0	60	100	500	5.0	2400.0	2272.0	49	223451739	0	2107401829	0	1800.0	2	1	focal_2bp_forward_only_no_recap_no_neutral_overlay	9b9f610f150a1edbce6dce318cd3a376256b7ca1adf20360858aefd29eb288aa
han_fixed_v2__confirmation__s0.010000__af0.300000__q5__draw050	confirmation	0.01	0.3	0.27499999999999997	0.325	0.5	1727.6579933858775	1730.0	60	100	500	5.0	2400.0	2272.0	50	1788949487	0	1154024642	0	1800.0	2	1	focal_2bp_forward_only_no_recap_no_neutral_overlay	9b9f610f150a1edbce6dce318cd3a376256b7ca1adf20360858aefd29eb288aa
han_fixed_v2__confirmation__s0.010000__af0.300000__q5__draw051	confirmation	0.01	0.3	0.27499999999999997	0.325	0.5	1727.6579933858775	1730.0	60	100	500	5.0	2400.0	2272.0	51	455151850	0	2066573940	0	1800.0	2	1	focal_2bp_forward_only_no_recap_no_neutral_overlay	9b9f610f150a1edbce6dce318cd3a376256b7ca1adf20360858aefd29eb288aa
han_fixed_v2__confirmation__s0.010000__af0.300000__q5__draw052	confirmation	0.01	0.3	0.27499999999999997	0.325	0.5	1727.6579933858775	1730.0	60	100	500	5.0	2400.0	2272.0	52	1708657769	0	1035978548	0	1800.0	2	1	focal_2bp_forward_only_no_recap_no_neutral_overlay	9b9f610f150a1edbce6dce318cd3a376256b7ca1adf20360858aefd29eb288aa
han_fixed_v2__confirmation__s0.010000__af0.300000__q5__draw053	confirmation	0.01	0.3	0.27499999999999997	0.325	0.5	1727.6579933858775	1730.0	60	100	500	5.0	2400.0	2272.0	53	914573623	0	1038821769	0	1800.0	2	1	focal_2bp_forward_only_no_recap_no_neutral_overlay	9b9f610f150a1edbce6dce318cd3a376256b7ca1adf20360858aefd29eb288aa
han_fixed_v2__confirmation__s0.010000__af0.300000__q5__draw054	confirmation	0.01	0.3	0.27499999999999997	0.325	0.5	1727.6579933858775	1730.0	60	100	500	5.0	2400.0	2272.0	54	356511442	0	1021943655	0	1800.0	2	1	focal_2bp_forward_only_no_recap_no_neutral_overlay	9b9f610f150a1edbce6dce318cd3a376256b7ca1adf20360858aefd29eb288aa
han_fixed_v2__confirmation__s0.010000__af0.300000__q5__draw055	confirmation	0.01	0.3	0.27499999999999997	0.325	0.5	1727.6579933858775	1730.0	60	100	500	5.0	2400.0	2272.0	55	380871654	0	1527917617	0	1800.0	2	1	focal_2bp_forward_only_no_recap_no_neutral_overlay	9b9f610f150a1edbce6dce318cd3a376256b7ca1adf20360858aefd29eb288aa
han_fixed_v2__confirmation__s0.010000__af0.300000__q5__draw056	confirmation	0.01	0.3	0.27499999999999997	0.325	0.5	1727.6579933858775	1730.0	60	100	500	5.0	2400.0	2272.0	56	1592351025	0	695221453	0	1800.0	2	1	focal_2bp_forward_only_no_recap_no_neutral_overlay	9b9f610f150a1edbce6dce318cd3a376256b7ca1adf20360858aefd29eb288aa
han_fixed_v2__confirmation__s0.010000__af0.300000__q5__draw057	confirmation	0.01	0.3	0.27499999999999997	0.325	0.5	1727.6579933858775	1730.0	60	100	500	5.0	2400.0	2272.0	57	693379837	0	942257358	0	1800.0	2	1	focal_2bp_forward_only_no_recap_no_neutral_overlay	9b9f610f150a1edbce6dce318cd3a376256b7ca1adf20360858aefd29eb288aa
han_fixed_v2__confirmation__s0.010000__af0.300000__q5__draw058	confirmation	0.01	0.3	0.27499999999999997	0.325	0.5	1727.6579933858775	1730.0	60	100	500	5.0	2400.0	2272.0	58	1645333829	0	2081246488	0	1800.0	2	1	focal_2bp_forward_only_no_recap_no_neutral_overlay	9b9f610f150a1edbce6dce318cd3a376256b7ca1adf20360858aefd29eb288aa
han_fixed_v2__confirmation__s0.010000__af0.300000__q5__draw059	confirmation	0.01	0.3	0.27499999999999997	0.325	0.5	1727.6579933858775	1730.0	60	100	500	5.0	2400.0	2272.0	59	2118454067	0	1815798235	0	1800.0	2	1	focal_2bp_forward_only_no_recap_no_neutral_overlay	9b9f610f150a1edbce6dce318cd3a376256b7ca1adf20360858aefd29eb288aa
han_fixed_v2__confirmation__s0.010000__af0.300000__q5__draw060	confirmation	0.01	0.3	0.27499999999999997	0.325	0.5	1727.6579933858775	1730.0	60	100	500	5.0	2400.0	2272.0	60	1151048101	0	2104937769	0	1800.0	2	1	focal_2bp_forward_only_no_recap_no_neutral_overlay	9b9f610f150a1edbce6dce318cd3a376256b7ca1adf20360858aefd29eb288aa
han_fixed_v2__confirmation__s0.010000__af0.300000__q5__draw061	confirmation	0.01	0.3	0.27499999999999997	0.325	0.5	1727.6579933858775	1730.0	60	100	500	5.0	2400.0	2272.0	61	1878176614	0	229449260	0	1800.0	2	1	focal_2bp_forward_only_no_recap_no_neutral_overlay	9b9f610f150a1edbce6dce318cd3a376256b7ca1adf20360858aefd29eb288aa
han_fixed_v2__confirmation__s0.010000__af0.300000__q5__draw062	confirmation	0.01	0.3	0.27499999999999997	0.325	0.5	1727.6579933858775	1730.0	60	100	500	5.0	2400.0	2272.0	62	659193266	0	1631492970	0	1800.0	2	1	focal_2bp_forward_only_no_recap_no_neutral_overlay	9b9f610f150a1edbce6dce318cd3a376256b7ca1adf20360858aefd29eb288aa
han_fixed_v2__confirmation__s0.010000__af0.300000__q5__draw063	confirmation	0.01	0.3	0.27499999999999997	0.325	0.5	1727.6579933858775	1730.0	60	100	500	5.0	2400.0	2272.0	63	922420233	0	1304086507	0	1800.0	2	1	focal_2bp_forward_only_no_recap_no_neutral_overlay	9b9f610f150a1edbce6dce318cd3a376256b7ca1adf20360858aefd29eb288aa
han_fixed_v2__confirmation__s0.010000__af0.300000__q5__draw064	confirmation	0.01	0.3	0.27499999999999997	0.325	0.5	1727.6579933858775	1730.0	60	100	500	5.0	2400.0	2272.0	64	607235450	0	211148483	0	1800.0	2	1	focal_2bp_forward_only_no_recap_no_neutral_overlay	9b9f610f150a1edbce6dce318cd3a376256b7ca1adf20360858aefd29eb288aa
han_fixed_v2__confirmation__s0.010000__af0.300000__q5__draw065	confirmation	0.01	0.3	0.27499999999999997	0.325	0.5	1727.6579933858775	1730.0	60	100	500	5.0	2400.0	2272.0	65	2141921937	0	919677923	0	1800.0	2	1	focal_2bp_forward_only_no_recap_no_neutral_overlay	9b9f610f150a1edbce6dce318cd3a376256b7ca1adf20360858aefd29eb288aa
han_fixed_v2__confirmation__s0.010000__af0.300000__q5__draw066	confirmation	0.01	0.3	0.27499999999999997	0.325	0.5	1727.6579933858775	1730.0	60	100	500	5.0	2400.0	2272.0	66	1208343069	0	898913165	0	1800.0	2	1	focal_2bp_forward_only_no_recap_no_neutral_overlay	9b9f610f150a1edbce6dce318cd3a376256b7ca1adf20360858aefd29eb288aa
han_fixed_v2__confirmation__s0.010000__af0.300000__q5__draw067	confirmation	0.01	0.3	0.27499999999999997	0.325	0.5	1727.6579933858775	1730.0	60	100	500	5.0	2400.0	2272.0	67	1423596840	0	805896043	0	1800.0	2	1	focal_2bp_forward_only_no_recap_no_neutral_overlay	9b9f610f150a1edbce6dce318cd3a376256b7ca1adf20360858aefd29eb288aa
han_fixed_v2__confirmation__s0.010000__af0.300000__q5__draw068	confirmation	0.01	0.3	0.27499999999999997	0.325	0.5	1727.6579933858775	1730.0	60	100	500	5.0	2400.0	2272.0	68	1560962636	0	413139125	0	1800.0	2	1	focal_2bp_forward_only_no_recap_no_neutral_overlay	9b9f610f150a1edbce6dce318cd3a376256b7ca1adf20360858aefd29eb288aa
han_fixed_v2__confirmation__s0.010000__af0.300000__q5__draw069	confirmation	0.01	0.3	0.27499999999999997	0.325	0.5	1727.6579933858775	1730.0	60	100	500	5.0	2400.0	2272.0	69	753488061	0	1041736723	0	1800.0	2	1	focal_2bp_forward_only_no_recap_no_neutral_overlay	9b9f610f150a1edbce6dce318cd3a376256b7ca1adf20360858aefd29eb288aa
han_fixed_v2__confirmation__s0.010000__af0.300000__q5__draw070	confirmation	0.01	0.3	0.27499999999999997	0.325	0.5	1727.6579933858775	1730.0	60	100	500	5.0	2400.0	2272.0	70	1413286419	0	374333729	0	1800.0	2	1	focal_2bp_forward_only_no_recap_no_neutral_overlay	9b9f610f150a1edbce6dce318cd3a376256b7ca1adf20360858aefd29eb288aa
han_fixed_v2__confirmation__s0.010000__af0.300000__q5__draw071	confirmation	0.01	0.3	0.27499999999999997	0.325	0.5	1727.6579933858775	1730.0	60	100	500	5.0	2400.0	2272.0	71	1586791633	0	1216115973	0	1800.0	2	1	focal_2bp_forward_only_no_recap_no_neutral_overlay	9b9f610f150a1edbce6dce318cd3a376256b7ca1adf20360858aefd29eb288aa
han_fixed_v2__confirmation__s0.010000__af0.300000__q5__draw072	confirmation	0.01	0.3	0.27499999999999997	0.325	0.5	1727.6579933858775	1730.0	60	100	500	5.0	2400.0	2272.0	72	369813032	0	1365466444	0	1800.0	2	1	focal_2bp_forward_only_no_recap_no_neutral_overlay	9b9f610f150a1edbce6dce318cd3a376256b7ca1adf20360858aefd29eb288aa
han_fixed_v2__confirmation__s0.010000__af0.300000__q5__draw073	confirmation	0.01	0.3	0.27499999999999997	0.325	0.5	1727.6579933858775	1730.0	60	100	500	5.0	2400.0	2272.0	73	509214698	0	1590554511	0	1800.0	2	1	focal_2bp_forward_only_no_recap_no_neutral_overlay	9b9f610f150a1edbce6dce318cd3a376256b7ca1adf20360858aefd29eb288aa
han_fixed_v2__confirmation__s0.010000__af0.300000__q5__draw074	confirmation	0.01	0.3	0.27499999999999997	0.325	0.5	1727.6579933858775	1730.0	60	100	500	5.0	2400.0	2272.0	74	340578600	0	996182735	0	1800.0	2	1	focal_2bp_forward_only_no_recap_no_neutral_overlay	9b9f610f150a1edbce6dce318cd3a376256b7ca1adf20360858aefd29eb288aa
han_fixed_v2__confirmation__s0.010000__af0.300000__q5__draw075	confirmation	0.01	0.3	0.27499999999999997	0.325	0.5	1727.6579933858775	1730.0	60	100	500	5.0	2400.0	2272.0	75	317323044	0	348381909	0	1800.0	2	1	focal_2bp_forward_only_no_recap_no_neutral_overlay	9b9f610f150a1edbce6dce318cd3a376256b7ca1adf20360858aefd29eb288aa
han_fixed_v2__confirmation__s0.010000__af0.300000__q5__draw076	confirmation	0.01	0.3	0.27499999999999997	0.325	0.5	1727.6579933858775	1730.0	60	100	500	5.0	2400.0	2272.0	76	248221937	0	1086808260	0	1800.0	2	1	focal_2bp_forward_only_no_recap_no_neutral_overlay	9b9f610f150a1edbce6dce318cd3a376256b7ca1adf20360858aefd29eb288aa
han_fixed_v2__confirmation__s0.010000__af0.300000__q5__draw077	confirmation	0.01	0.3	0.27499999999999997	0.325	0.5	1727.6579933858775	1730.0	60	100	500	5.0	2400.0	2272.0	77	1257434975	0	179972137	0	1800.0	2	1	focal_2bp_forward_only_no_recap_no_neutral_overlay	9b9f610f150a1edbce6dce318cd3a376256b7ca1adf20360858aefd29eb288aa
han_fixed_v2__confirmation__s0.010000__af0.300000__q5__draw078	confirmation	0.01	0.3	0.27499999999999997	0.325	0.5	1727.6579933858775	1730.0	60	100	500	5.0	2400.0	2272.0	78	718886183	0	1768651950	0	1800.0	2	1	focal_2bp_forward_only_no_recap_no_neutral_overlay	9b9f610f150a1edbce6dce318cd3a376256b7ca1adf20360858aefd29eb288aa
han_fixed_v2__confirmation__s0.010000__af0.300000__q5__draw079	confirmation	0.01	0.3	0.27499999999999997	0.325	0.5	1727.6579933858775	1730.0	60	100	500	5.0	2400.0	2272.0	79	840185002	0	593332054	0	1800.0	2	1	focal_2bp_forward_only_no_recap_no_neutral_overlay	9b9f610f150a1edbce6dce318cd3a376256b7ca1adf20360858aefd29eb288aa
han_fixed_v2__confirmation__s0.010000__af0.300000__q5__draw080	confirmation	0.01	0.3	0.27499999999999997	0.325	0.5	1727.6579933858775	1730.0	60	100	500	5.0	2400.0	2272.0	80	1120072593	0	300396862	0	1800.0	2	1	focal_2bp_forward_only_no_recap_no_neutral_overlay	9b9f610f150a1edbce6dce318cd3a376256b7ca1adf20360858aefd29eb288aa
han_fixed_v2__confirmation__s0.010000__af0.300000__q5__draw081	confirmation	0.01	0.3	0.27499999999999997	0.325	0.5	1727.6579933858775	1730.0	60	100	500	5.0	2400.0	2272.0	81	234276524	0	1331774471	0	1800.0	2	1	focal_2bp_forward_only_no_recap_no_neutral_overlay	9b9f610f150a1edbce6dce318cd3a376256b7ca1adf20360858aefd29eb288aa
han_fixed_v2__confirmation__s0.010000__af0.300000__q5__draw082	confirmation	0.01	0.3	0.27499999999999997	0.325	0.5	1727.6579933858775	1730.0	60	100	500	5.0	2400.0	2272.0	82	676223423	0	2015977970	0	1800.0	2	1	focal_2bp_forward_only_no_recap_no_neutral_overlay	9b9f610f150a1edbce6dce318cd3a376256b7ca1adf20360858aefd29eb288aa
han_fixed_v2__confirmation__s0.010000__af0.300000__q5__draw083	confirmation	0.01	0.3	0.27499999999999997	0.325	0.5	1727.6579933858775	1730.0	60	100	500	5.0	2400.0	2272.0	83	43552985	0	137220209	0	1800.0	2	1	focal_2bp_forward_only_no_recap_no_neutral_overlay	9b9f610f150a1edbce6dce318cd3a376256b7ca1adf20360858aefd29eb288aa
han_fixed_v2__confirmation__s0.010000__af0.300000__q5__draw084	confirmation	0.01	0.3	0.27499999999999997	0.325	0.5	1727.6579933858775	1730.0	60	100	500	5.0	2400.0	2272.0	84	1875043759	0	172712978	0	1800.0	2	1	focal_2bp_forward_only_no_recap_no_neutral_overlay	9b9f610f150a1edbce6dce318cd3a376256b7ca1adf20360858aefd29eb288aa
han_fixed_v2__confirmation__s0.010000__af0.300000__q5__draw085	confirmation	0.01	0.3	0.27499999999999997	0.325	0.5	1727.6579933858775	1730.0	60	100	500	5.0	2400.0	2272.0	85	2850100	0	259686154	0	1800.0	2	1	focal_2bp_forward_only_no_recap_no_neutral_overlay	9b9f610f150a1edbce6dce318cd3a376256b7ca1adf20360858aefd29eb288aa
han_fixed_v2__confirmation__s0.010000__af0.300000__q5__draw086	confirmation	0.01	0.3	0.27499999999999997	0.325	0.5	1727.6579933858775	1730.0	60	100	500	5.0	2400.0	2272.0	86	1586242349	0	2062656554	0	1800.0	2	1	focal_2bp_forward_only_no_recap_no_neutral_overlay	9b9f610f150a1edbce6dce318cd3a376256b7ca1adf20360858aefd29eb288aa
han_fixed_v2__confirmation__s0.010000__af0.300000__q5__draw087	confirmation	0.01	0.3	0.27499999999999997	0.325	0.5	1727.6579933858775	1730.0	60	100	500	5.0	2400.0	2272.0	87	701505070	0	1102410892	0	1800.0	2	1	focal_2bp_forward_only_no_recap_no_neutral_overlay	9b9f610f150a1edbce6dce318cd3a376256b7ca1adf20360858aefd29eb288aa
han_fixed_v2__confirmation__s0.010000__af0.300000__q5__draw088	confirmation	0.01	0.3	0.27499999999999997	0.325	0.5	1727.6579933858775	1730.0	60	100	500	5.0	2400.0	2272.0	88	1436323803	0	724130657	0	1800.0	2	1	focal_2bp_forward_only_no_recap_no_neutral_overlay	9b9f610f150a1edbce6dce318cd3a376256b7ca1adf20360858aefd29eb288aa
han_fixed_v2__confirmation__s0.010000__af0.300000__q5__draw089	confirmation	0.01	0.3	0.27499999999999997	0.325	0.5	1727.6579933858775	1730.0	60	100	500	5.0	2400.0	2272.0	89	1127517373	0	1165805717	0	1800.0	2	1	focal_2bp_forward_only_no_recap_no_neutral_overlay	9b9f610f150a1edbce6dce318cd3a376256b7ca1adf20360858aefd29eb288aa
han_fixed_v2__confirmation__s0.010000__af0.300000__q5__draw090	confirmation	0.01	0.3	0.27499999999999997	0.325	0.5	1727.6579933858775	1730.0	60	100	500	5.0	2400.0	2272.0	90	510151789	0	799157062	0	1800.0	2	1	focal_2bp_forward_only_no_recap_no_neutral_overlay	9b9f610f150a1edbce6dce318cd3a376256b7ca1adf20360858aefd29eb288aa
han_fixed_v2__confirmation__s0.010000__af0.300000__q5__draw091	confirmation	0.01	0.3	0.27499999999999997	0.325	0.5	1727.6579933858775	1730.0	60	100	500	5.0	2400.0	2272.0	91	906435394	0	1736542348	0	1800.0	2	1	focal_2bp_forward_only_no_recap_no_neutral_overlay	9b9f610f150a1edbce6dce318cd3a376256b7ca1adf20360858aefd29eb288aa
han_fixed_v2__confirmation__s0.010000__af0.300000__q5__draw092	confirmation	0.01	0.3	0.27499999999999997	0.325	0.5	1727.6579933858775	1730.0	60	100	500	5.0	2400.0	2272.0	92	59281772	0	1385953458	0	1800.0	2	1	focal_2bp_forward_only_no_recap_no_neutral_overlay	9b9f610f150a1edbce6dce318cd3a376256b7ca1adf20360858aefd29eb288aa
han_fixed_v2__confirmation__s0.010000__af0.300000__q5__draw093	confirmation	0.01	0.3	0.27499999999999997	0.325	0.5	1727.6579933858775	1730.0	60	100	500	5.0	2400.0	2272.0	93	1524359534	0	1356575217	0	1800.0	2	1	focal_2bp_forward_only_no_recap_no_neutral_overlay	9b9f610f150a1edbce6dce318cd3a376256b7ca1adf20360858aefd29eb288aa
han_fixed_v2__confirmation__s0.010000__af0.300000__q5__draw094	confirmation	0.01	0.3	0.27499999999999997	0.325	0.5	1727.6579933858775	1730.0	60	100	500	5.0	2400.0	2272.0	94	1157255201	0	892007288	0	1800.0	2	1	focal_2bp_forward_only_no_recap_no_neutral_overlay	9b9f610f150a1edbce6dce318cd3a376256b7ca1adf20360858aefd29eb288aa
han_fixed_v2__confirmation__s0.010000__af0.300000__q5__draw095	confirmation	0.01	0.3	0.27499999999999997	0.325	0.5	1727.6579933858775	1730.0	60	100	500	5.0	2400.0	2272.0	95	984574630	0	596760177	0	1800.0	2	1	focal_2bp_forward_only_no_recap_no_neutral_overlay	9b9f610f150a1edbce6dce318cd3a376256b7ca1adf20360858aefd29eb288aa
han_fixed_v2__confirmation__s0.010000__af0.300000__q5__draw096	confirmation	0.01	0.3	0.27499999999999997	0.325	0.5	1727.6579933858775	1730.0	60	100	500	5.0	2400.0	2272.0	96	896169969	0	749896781	0	1800.0	2	1	focal_2bp_forward_only_no_recap_no_neutral_overlay	9b9f610f150a1edbce6dce318cd3a376256b7ca1adf20360858aefd29eb288aa
han_fixed_v2__confirmation__s0.010000__af0.300000__q5__draw097	confirmation	0.01	0.3	0.27499999999999997	0.325	0.5	1727.6579933858775	1730.0	60	100	500	5.0	2400.0	2272.0	97	1354284672	0	1680017296	0	1800.0	2	1	focal_2bp_forward_only_no_recap_no_neutral_overlay	9b9f610f150a1edbce6dce318cd3a376256b7ca1adf20360858aefd29eb288aa
han_fixed_v2__confirmation__s0.010000__af0.300000__q5__draw098	confirmation	0.01	0.3	0.27499999999999997	0.325	0.5	1727.6579933858775	1730.0	60	100	500	5.0	2400.0	2272.0	98	419318993	0	13682129	0	1800.0	2	1	focal_2bp_forward_only_no_recap_no_neutral_overlay	9b9f610f150a1edbce6dce318cd3a376256b7ca1adf20360858aefd29eb288aa
han_fixed_v2__confirmation__s0.010000__af0.300000__q5__draw099	confirmation	0.01	0.3	0.27499999999999997	0.325	0.5	1727.6579933858775	1730.0	60	100	500	5.0	2400.0	2272.0	99	129718083	0	1032134472	0	1800.0	2	1	focal_2bp_forward_only_no_recap_no_neutral_overlay	9b9f610f150a1edbce6dce318cd3a376256b7ca1adf20360858aefd29eb288aa
han_fixed_v2__confirmation__s0.005000__af0.100000__q5__draw000	confirmation	0.005	0.1	0.07500000000000001	0.125	0.2	1944.5205320646232	1945.0	20	100	500	5.0	2400.0	2272.0	0	1107625450	0	1513496312	0	1800.0	2	1	focal_2bp_forward_only_no_recap_no_neutral_overlay	9b9f610f150a1edbce6dce318cd3a376256b7ca1adf20360858aefd29eb288aa
han_fixed_v2__confirmation__s0.005000__af0.100000__q5__draw001	confirmation	0.005	0.1	0.07500000000000001	0.125	0.2	1944.5205320646232	1945.0	20	100	500	5.0	2400.0	2272.0	1	1812086928	0	1393408603	0	1800.0	2	1	focal_2bp_forward_only_no_recap_no_neutral_overlay	9b9f610f150a1edbce6dce318cd3a376256b7ca1adf20360858aefd29eb288aa
han_fixed_v2__confirmation__s0.005000__af0.100000__q5__draw002	confirmation	0.005	0.1	0.07500000000000001	0.125	0.2	1944.5205320646232	1945.0	20	100	500	5.0	2400.0	2272.0	2	2026088166	0	2126050423	0	1800.0	2	1	focal_2bp_forward_only_no_recap_no_neutral_overlay	9b9f610f150a1edbce6dce318cd3a376256b7ca1adf20360858aefd29eb288aa
han_fixed_v2__confirmation__s0.005000__af0.100000__q5__draw003	confirmation	0.005	0.1	0.07500000000000001	0.125	0.2	1944.5205320646232	1945.0	20	100	500	5.0	2400.0	2272.0	3	1338475636	0	715898795	0	1800.0	2	1	focal_2bp_forward_only_no_recap_no_neutral_overlay	9b9f610f150a1edbce6dce318cd3a376256b7ca1adf20360858aefd29eb288aa
han_fixed_v2__confirmation__s0.005000__af0.100000__q5__draw004	confirmation	0.005	0.1	0.07500000000000001	0.125	0.2	1944.5205320646232	1945.0	20	100	500	5.0	2400.0	2272.0	4	506608397	0	1708297	0	1800.0	2	1	focal_2bp_forward_only_no_recap_no_neutral_overlay	9b9f610f150a1edbce6dce318cd3a376256b7ca1adf20360858aefd29eb288aa
han_fixed_v2__confirmation__s0.005000__af0.100000__q5__draw005	confirmation	0.005	0.1	0.07500000000000001	0.125	0.2	1944.5205320646232	1945.0	20	100	500	5.0	2400.0	2272.0	5	1652147147	0	743905821	0	1800.0	2	1	focal_2bp_forward_only_no_recap_no_neutral_overlay	9b9f610f150a1edbce6dce318cd3a376256b7ca1adf20360858aefd29eb288aa
han_fixed_v2__confirmation__s0.005000__af0.100000__q5__draw006	confirmation	0.005	0.1	0.07500000000000001	0.125	0.2	1944.5205320646232	1945.0	20	100	500	5.0	2400.0	2272.0	6	1539105405	0	2005717880	0	1800.0	2	1	focal_2bp_forward_only_no_recap_no_neutral_overlay	9b9f610f150a1edbce6dce318cd3a376256b7ca1adf20360858aefd29eb288aa
han_fixed_v2__confirmation__s0.005000__af0.100000__q5__draw007	confirmation	0.005	0.1	0.07500000000000001	0.125	0.2	1944.5205320646232	1945.0	20	100	500	5.0	2400.0	2272.0	7	1272131842	0	2008536003	0	1800.0	2	1	focal_2bp_forward_only_no_recap_no_neutral_overlay	9b9f610f150a1edbce6dce318cd3a376256b7ca1adf20360858aefd29eb288aa
han_fixed_v2__confirmation__s0.005000__af0.100000__q5__draw008	confirmation	0.005	0.1	0.07500000000000001	0.125	0.2	1944.5205320646232	1945.0	20	100	500	5.0	2400.0	2272.0	8	595220848	0	874856983	0	1800.0	2	1	focal_2bp_forward_only_no_recap_no_neutral_overlay	9b9f610f150a1edbce6dce318cd3a376256b7ca1adf20360858aefd29eb288aa
han_fixed_v2__confirmation__s0.005000__af0.100000__q5__draw009	confirmation	0.005	0.1	0.07500000000000001	0.125	0.2	1944.5205320646232	1945.0	20	100	500	5.0	2400.0	2272.0	9	938430847	0	810729650	0	1800.0	2	1	focal_2bp_forward_only_no_recap_no_neutral_overlay	9b9f610f150a1edbce6dce318cd3a376256b7ca1adf20360858aefd29eb288aa
han_fixed_v2__confirmation__s0.005000__af0.100000__q5__draw010	confirmation	0.005	0.1	0.07500000000000001	0.125	0.2	1944.5205320646232	1945.0	20	100	500	5.0	2400.0	2272.0	10	268870481	0	1596591331	0	1800.0	2	1	focal_2bp_forward_only_no_recap_no_neutral_overlay	9b9f610f150a1edbce6dce318cd3a376256b7ca1adf20360858aefd29eb288aa
han_fixed_v2__confirmation__s0.005000__af0.100000__q5__draw011	confirmation	0.005	0.1	0.07500000000000001	0.125	0.2	1944.5205320646232	1945.0	20	100	500	5.0	2400.0	2272.0	11	1297447114	0	1994857960	0	1800.0	2	1	focal_2bp_forward_only_no_recap_no_neutral_overlay	9b9f610f150a1edbce6dce318cd3a376256b7ca1adf20360858aefd29eb288aa
han_fixed_v2__confirmation__s0.005000__af0.100000__q5__draw012	confirmation	0.005	0.1	0.07500000000000001	0.125	0.2	1944.5205320646232	1945.0	20	100	500	5.0	2400.0	2272.0	12	2025094865	0	447223065	0	1800.0	2	1	focal_2bp_forward_only_no_recap_no_neutral_overlay	9b9f610f150a1edbce6dce318cd3a376256b7ca1adf20360858aefd29eb288aa
han_fixed_v2__confirmation__s0.005000__af0.100000__q5__draw013	confirmation	0.005	0.1	0.07500000000000001	0.125	0.2	1944.5205320646232	1945.0	20	100	500	5.0	2400.0	2272.0	13	952518516	0	1069835766	0	1800.0	2	1	focal_2bp_forward_only_no_recap_no_neutral_overlay	9b9f610f150a1edbce6dce318cd3a376256b7ca1adf20360858aefd29eb288aa
han_fixed_v2__confirmation__s0.005000__af0.100000__q5__draw014	confirmation	0.005	0.1	0.07500000000000001	0.125	0.2	1944.5205320646232	1945.0	20	100	500	5.0	2400.0	2272.0	14	479358660	0	1965753133	0	1800.0	2	1	focal_2bp_forward_only_no_recap_no_neutral_overlay	9b9f610f150a1edbce6dce318cd3a376256b7ca1adf20360858aefd29eb288aa
han_fixed_v2__confirmation__s0.005000__af0.100000__q5__draw015	confirmation	0.005	0.1	0.07500000000000001	0.125	0.2	1944.5205320646232	1945.0	20	100	500	5.0	2400.0	2272.0	15	1623985138	0	1261245609	0	1800.0	2	1	focal_2bp_forward_only_no_recap_no_neutral_overlay	9b9f610f150a1edbce6dce318cd3a376256b7ca1adf20360858aefd29eb288aa
han_fixed_v2__confirmation__s0.005000__af0.100000__q5__draw016	confirmation	0.005	0.1	0.07500000000000001	0.125	0.2	1944.5205320646232	1945.0	20	100	500	5.0	2400.0	2272.0	16	287181021	0	262449848	0	1800.0	2	1	focal_2bp_forward_only_no_recap_no_neutral_overlay	9b9f610f150a1edbce6dce318cd3a376256b7ca1adf20360858aefd29eb288aa
han_fixed_v2__confirmation__s0.005000__af0.100000__q5__draw017	confirmation	0.005	0.1	0.07500000000000001	0.125	0.2	1944.5205320646232	1945.0	20	100	500	5.0	2400.0	2272.0	17	1246251903	0	2091098375	0	1800.0	2	1	focal_2bp_forward_only_no_recap_no_neutral_overlay	9b9f610f150a1edbce6dce318cd3a376256b7ca1adf20360858aefd29eb288aa
han_fixed_v2__confirmation__s0.005000__af0.100000__q5__draw018	confirmation	0.005	0.1	0.07500000000000001	0.125	0.2	1944.5205320646232	1945.0	20	100	500	5.0	2400.0	2272.0	18	1584244144	0	1159786063	0	1800.0	2	1	focal_2bp_forward_only_no_recap_no_neutral_overlay	9b9f610f150a1edbce6dce318cd3a376256b7ca1adf20360858aefd29eb288aa
han_fixed_v2__confirmation__s0.005000__af0.100000__q5__draw019	confirmation	0.005	0.1	0.07500000000000001	0.125	0.2	1944.5205320646232	1945.0	20	100	500	5.0	2400.0	2272.0	19	10847365	0	1048692698	0	1800.0	2	1	focal_2bp_forward_only_no_recap_no_neutral_overlay	9b9f610f150a1edbce6dce318cd3a376256b7ca1adf20360858aefd29eb288aa
han_fixed_v2__confirmation__s0.005000__af0.100000__q5__draw020	confirmation	0.005	0.1	0.07500000000000001	0.125	0.2	1944.5205320646232	1945.0	20	100	500	5.0	2400.0	2272.0	20	918442313	0	1003972259	0	1800.0	2	1	focal_2bp_forward_only_no_recap_no_neutral_overlay	9b9f610f150a1edbce6dce318cd3a376256b7ca1adf20360858aefd29eb288aa
han_fixed_v2__confirmation__s0.005000__af0.100000__q5__draw021	confirmation	0.005	0.1	0.07500000000000001	0.125	0.2	1944.5205320646232	1945.0	20	100	500	5.0	2400.0	2272.0	21	1927923166	0	1238476079	0	1800.0	2	1	focal_2bp_forward_only_no_recap_no_neutral_overlay	9b9f610f150a1edbce6dce318cd3a376256b7ca1adf20360858aefd29eb288aa
han_fixed_v2__confirmation__s0.005000__af0.100000__q5__draw022	confirmation	0.005	0.1	0.07500000000000001	0.125	0.2	1944.5205320646232	1945.0	20	100	500	5.0	2400.0	2272.0	22	1343854425	0	126025829	0	1800.0	2	1	focal_2bp_forward_only_no_recap_no_neutral_overlay	9b9f610f150a1edbce6dce318cd3a376256b7ca1adf20360858aefd29eb288aa
han_fixed_v2__confirmation__s0.005000__af0.100000__q5__draw023	confirmation	0.005	0.1	0.07500000000000001	0.125	0.2	1944.5205320646232	1945.0	20	100	500	5.0	2400.0	2272.0	23	18315616	0	1298623328	0	1800.0	2	1	focal_2bp_forward_only_no_recap_no_neutral_overlay	9b9f610f150a1edbce6dce318cd3a376256b7ca1adf20360858aefd29eb288aa
han_fixed_v2__confirmation__s0.005000__af0.100000__q5__draw024	confirmation	0.005	0.1	0.07500000000000001	0.125	0.2	1944.5205320646232	1945.0	20	100	500	5.0	2400.0	2272.0	24	1492627977	0	847124165	0	1800.0	2	1	focal_2bp_forward_only_no_recap_no_neutral_overlay	9b9f610f150a1edbce6dce318cd3a376256b7ca1adf20360858aefd29eb288aa
han_fixed_v2__confirmation__s0.005000__af0.100000__q5__draw025	confirmation	0.005	0.1	0.07500000000000001	0.125	0.2	1944.5205320646232	1945.0	20	100	500	5.0	2400.0	2272.0	25	1758334794	0	1584569048	0	1800.0	2	1	focal_2bp_forward_only_no_recap_no_neutral_overlay	9b9f610f150a1edbce6dce318cd3a376256b7ca1adf20360858aefd29eb288aa
han_fixed_v2__confirmation__s0.005000__af0.100000__q5__draw026	confirmation	0.005	0.1	0.07500000000000001	0.125	0.2	1944.5205320646232	1945.0	20	100	500	5.0	2400.0	2272.0	26	1056103124	0	1150242611	0	1800.0	2	1	focal_2bp_forward_only_no_recap_no_neutral_overlay	9b9f610f150a1edbce6dce318cd3a376256b7ca1adf20360858aefd29eb288aa
han_fixed_v2__confirmation__s0.005000__af0.100000__q5__draw027	confirmation	0.005	0.1	0.07500000000000001	0.125	0.2	1944.5205320646232	1945.0	20	100	500	5.0	2400.0	2272.0	27	1797387744	0	767466837	0	1800.0	2	1	focal_2bp_forward_only_no_recap_no_neutral_overlay	9b9f610f150a1edbce6dce318cd3a376256b7ca1adf20360858aefd29eb288aa
han_fixed_v2__confirmation__s0.005000__af0.100000__q5__draw028	confirmation	0.005	0.1	0.07500000000000001	0.125	0.2	1944.5205320646232	1945.0	20	100	500	5.0	2400.0	2272.0	28	1431556778	0	147506561	0	1800.0	2	1	focal_2bp_forward_only_no_recap_no_neutral_overlay	9b9f610f150a1edbce6dce318cd3a376256b7ca1adf20360858aefd29eb288aa
han_fixed_v2__confirmation__s0.005000__af0.100000__q5__draw029	confirmation	0.005	0.1	0.07500000000000001	0.125	0.2	1944.5205320646232	1945.0	20	100	500	5.0	2400.0	2272.0	29	523347864	0	1346975221	0	1800.0	2	1	focal_2bp_forward_only_no_recap_no_neutral_overlay	9b9f610f150a1edbce6dce318cd3a376256b7ca1adf20360858aefd29eb288aa
han_fixed_v2__confirmation__s0.005000__af0.100000__q5__draw030	confirmation	0.005	0.1	0.07500000000000001	0.125	0.2	1944.5205320646232	1945.0	20	100	500	5.0	2400.0	2272.0	30	1419286877	0	1613425357	0	1800.0	2	1	focal_2bp_forward_only_no_recap_no_neutral_overlay	9b9f610f150a1edbce6dce318cd3a376256b7ca1adf20360858aefd29eb288aa
han_fixed_v2__confirmation__s0.005000__af0.100000__q5__draw031	confirmation	0.005	0.1	0.07500000000000001	0.125	0.2	1944.5205320646232	1945.0	20	100	500	5.0	2400.0	2272.0	31	1743584567	0	1855150333	0	1800.0	2	1	focal_2bp_forward_only_no_recap_no_neutral_overlay	9b9f610f150a1edbce6dce318cd3a376256b7ca1adf20360858aefd29eb288aa
han_fixed_v2__confirmation__s0.005000__af0.100000__q5__draw032	confirmation	0.005	0.1	0.07500000000000001	0.125	0.2	1944.5205320646232	1945.0	20	100	500	5.0	2400.0	2272.0	32	2140852188	0	1232716386	0	1800.0	2	1	focal_2bp_forward_only_no_recap_no_neutral_overlay	9b9f610f150a1edbce6dce318cd3a376256b7ca1adf20360858aefd29eb288aa
han_fixed_v2__confirmation__s0.005000__af0.100000__q5__draw033	confirmation	0.005	0.1	0.07500000000000001	0.125	0.2	1944.5205320646232	1945.0	20	100	500	5.0	2400.0	2272.0	33	121004212	0	1145767781	0	1800.0	2	1	focal_2bp_forward_only_no_recap_no_neutral_overlay	9b9f610f150a1edbce6dce318cd3a376256b7ca1adf20360858aefd29eb288aa
han_fixed_v2__confirmation__s0.005000__af0.100000__q5__draw034	confirmation	0.005	0.1	0.07500000000000001	0.125	0.2	1944.5205320646232	1945.0	20	100	500	5.0	2400.0	2272.0	34	412439627	0	1916906958	0	1800.0	2	1	focal_2bp_forward_only_no_recap_no_neutral_overlay	9b9f610f150a1edbce6dce318cd3a376256b7ca1adf20360858aefd29eb288aa
han_fixed_v2__confirmation__s0.005000__af0.100000__q5__draw035	confirmation	0.005	0.1	0.07500000000000001	0.125	0.2	1944.5205320646232	1945.0	20	100	500	5.0	2400.0	2272.0	35	892855660	0	920973024	0	1800.0	2	1	focal_2bp_forward_only_no_recap_no_neutral_overlay	9b9f610f150a1edbce6dce318cd3a376256b7ca1adf20360858aefd29eb288aa
han_fixed_v2__confirmation__s0.005000__af0.100000__q5__draw036	confirmation	0.005	0.1	0.07500000000000001	0.125	0.2	1944.5205320646232	1945.0	20	100	500	5.0	2400.0	2272.0	36	684094314	0	803678009	0	1800.0	2	1	focal_2bp_forward_only_no_recap_no_neutral_overlay	9b9f610f150a1edbce6dce318cd3a376256b7ca1adf20360858aefd29eb288aa
han_fixed_v2__confirmation__s0.005000__af0.100000__q5__draw037	confirmation	0.005	0.1	0.07500000000000001	0.125	0.2	1944.5205320646232	1945.0	20	100	500	5.0	2400.0	2272.0	37	49418084	0	1863270714	0	1800.0	2	1	focal_2bp_forward_only_no_recap_no_neutral_overlay	9b9f610f150a1edbce6dce318cd3a376256b7ca1adf20360858aefd29eb288aa
han_fixed_v2__confirmation__s0.005000__af0.100000__q5__draw038	confirmation	0.005	0.1	0.07500000000000001	0.125	0.2	1944.5205320646232	1945.0	20	100	500	5.0	2400.0	2272.0	38	397658895	0	752680825	0	1800.0	2	1	focal_2bp_forward_only_no_recap_no_neutral_overlay	9b9f610f150a1edbce6dce318cd3a376256b7ca1adf20360858aefd29eb288aa
han_fixed_v2__confirmation__s0.005000__af0.100000__q5__draw039	confirmation	0.005	0.1	0.07500000000000001	0.125	0.2	1944.5205320646232	1945.0	20	100	500	5.0	2400.0	2272.0	39	265183779	0	1767465062	0	1800.0	2	1	focal_2bp_forward_only_no_recap_no_neutral_overlay	9b9f610f150a1edbce6dce318cd3a376256b7ca1adf20360858aefd29eb288aa
han_fixed_v2__confirmation__s0.005000__af0.100000__q5__draw040	confirmation	0.005	0.1	0.07500000000000001	0.125	0.2	1944.5205320646232	1945.0	20	100	500	5.0	2400.0	2272.0	40	1080633305	0	1704549888	0	1800.0	2	1	focal_2bp_forward_only_no_recap_no_neutral_overlay	9b9f610f150a1edbce6dce318cd3a376256b7ca1adf20360858aefd29eb288aa
han_fixed_v2__confirmation__s0.005000__af0.100000__q5__draw041	confirmation	0.005	0.1	0.07500000000000001	0.125	0.2	1944.5205320646232	1945.0	20	100	500	5.0	2400.0	2272.0	41	1164522475	0	1833915388	0	1800.0	2	1	focal_2bp_forward_only_no_recap_no_neutral_overlay	9b9f610f150a1edbce6dce318cd3a376256b7ca1adf20360858aefd29eb288aa
han_fixed_v2__confirmation__s0.005000__af0.100000__q5__draw042	confirmation	0.005	0.1	0.07500000000000001	0.125	0.2	1944.5205320646232	1945.0	20	100	500	5.0	2400.0	2272.0	42	156490177	0	1114362751	0	1800.0	2	1	focal_2bp_forward_only_no_recap_no_neutral_overlay	9b9f610f150a1edbce6dce318cd3a376256b7ca1adf20360858aefd29eb288aa
han_fixed_v2__confirmation__s0.005000__af0.100000__q5__draw043	confirmation	0.005	0.1	0.07500000000000001	0.125	0.2	1944.5205320646232	1945.0	20	100	500	5.0	2400.0	2272.0	43	139355983	0	1589728045	0	1800.0	2	1	focal_2bp_forward_only_no_recap_no_neutral_overlay	9b9f610f150a1edbce6dce318cd3a376256b7ca1adf20360858aefd29eb288aa
han_fixed_v2__confirmation__s0.005000__af0.100000__q5__draw044	confirmation	0.005	0.1	0.07500000000000001	0.125	0.2	1944.5205320646232	1945.0	20	100	500	5.0	2400.0	2272.0	44	1880660497	0	461654545	0	1800.0	2	1	focal_2bp_forward_only_no_recap_no_neutral_overlay	9b9f610f150a1edbce6dce318cd3a376256b7ca1adf20360858aefd29eb288aa
han_fixed_v2__confirmation__s0.005000__af0.100000__q5__draw045	confirmation	0.005	0.1	0.07500000000000001	0.125	0.2	1944.5205320646232	1945.0	20	100	500	5.0	2400.0	2272.0	45	2207287	0	1121590634	0	1800.0	2	1	focal_2bp_forward_only_no_recap_no_neutral_overlay	9b9f610f150a1edbce6dce318cd3a376256b7ca1adf20360858aefd29eb288aa
han_fixed_v2__confirmation__s0.005000__af0.100000__q5__draw046	confirmation	0.005	0.1	0.07500000000000001	0.125	0.2	1944.5205320646232	1945.0	20	100	500	5.0	2400.0	2272.0	46	526158939	0	1462996019	0	1800.0	2	1	focal_2bp_forward_only_no_recap_no_neutral_overlay	9b9f610f150a1edbce6dce318cd3a376256b7ca1adf20360858aefd29eb288aa
han_fixed_v2__confirmation__s0.005000__af0.100000__q5__draw047	confirmation	0.005	0.1	0.07500000000000001	0.125	0.2	1944.5205320646232	1945.0	20	100	500	5.0	2400.0	2272.0	47	1746038206	0	1727928356	0	1800.0	2	1	focal_2bp_forward_only_no_recap_no_neutral_overlay	9b9f610f150a1edbce6dce318cd3a376256b7ca1adf20360858aefd29eb288aa
han_fixed_v2__confirmation__s0.005000__af0.100000__q5__draw048	confirmation	0.005	0.1	0.07500000000000001	0.125	0.2	1944.5205320646232	1945.0	20	100	500	5.0	2400.0	2272.0	48	144300619	0	164221297	0	1800.0	2	1	focal_2bp_forward_only_no_recap_no_neutral_overlay	9b9f610f150a1edbce6dce318cd3a376256b7ca1adf20360858aefd29eb288aa
han_fixed_v2__confirmation__s0.005000__af0.100000__q5__draw049	confirmation	0.005	0.1	0.07500000000000001	0.125	0.2	1944.5205320646232	1945.0	20	100	500	5.0	2400.0	2272.0	49	49461910	0	1787646545	0	1800.0	2	1	focal_2bp_forward_only_no_recap_no_neutral_overlay	9b9f610f150a1edbce6dce318cd3a376256b7ca1adf20360858aefd29eb288aa
han_fixed_v2__confirmation__s0.005000__af0.100000__q5__draw050	confirmation	0.005	0.1	0.07500000000000001	0.125	0.2	1944.5205320646232	1945.0	20	100	500	5.0	2400.0	2272.0	50	1103171814	0	1106460366	0	1800.0	2	1	focal_2bp_forward_only_no_recap_no_neutral_overlay	9b9f610f150a1edbce6dce318cd3a376256b7ca1adf20360858aefd29eb288aa
han_fixed_v2__confirmation__s0.005000__af0.100000__q5__draw051	confirmation	0.005	0.1	0.07500000000000001	0.125	0.2	1944.5205320646232	1945.0	20	100	500	5.0	2400.0	2272.0	51	1577829430	0	753632475	0	1800.0	2	1	focal_2bp_forward_only_no_recap_no_neutral_overlay	9b9f610f150a1edbce6dce318cd3a376256b7ca1adf20360858aefd29eb288aa
han_fixed_v2__confirmation__s0.005000__af0.100000__q5__draw052	confirmation	0.005	0.1	0.07500000000000001	0.125	0.2	1944.5205320646232	1945.0	20	100	500	5.0	2400.0	2272.0	52	33892163	0	1910349414	0	1800.0	2	1	focal_2bp_forward_only_no_recap_no_neutral_overlay	9b9f610f150a1edbce6dce318cd3a376256b7ca1adf20360858aefd29eb288aa
han_fixed_v2__confirmation__s0.005000__af0.100000__q5__draw053	confirmation	0.005	0.1	0.07500000000000001	0.125	0.2	1944.5205320646232	1945.0	20	100	500	5.0	2400.0	2272.0	53	910366590	0	1101495360	0	1800.0	2	1	focal_2bp_forward_only_no_recap_no_neutral_overlay	9b9f610f150a1edbce6dce318cd3a376256b7ca1adf20360858aefd29eb288aa
han_fixed_v2__confirmation__s0.005000__af0.100000__q5__draw054	confirmation	0.005	0.1	0.07500000000000001	0.125	0.2	1944.5205320646232	1945.0	20	100	500	5.0	2400.0	2272.0	54	132841496	0	2111275357	0	1800.0	2	1	focal_2bp_forward_only_no_recap_no_neutral_overlay	9b9f610f150a1edbce6dce318cd3a376256b7ca1adf20360858aefd29eb288aa
han_fixed_v2__confirmation__s0.005000__af0.100000__q5__draw055	confirmation	0.005	0.1	0.07500000000000001	0.125	0.2	1944.5205320646232	1945.0	20	100	500	5.0	2400.0	2272.0	55	1941604146	0	1118371582	0	1800.0	2	1	focal_2bp_forward_only_no_recap_no_neutral_overlay	9b9f610f150a1edbce6dce318cd3a376256b7ca1adf20360858aefd29eb288aa
han_fixed_v2__confirmation__s0.005000__af0.100000__q5__draw056	confirmation	0.005	0.1	0.07500000000000001	0.125	0.2	1944.5205320646232	1945.0	20	100	500	5.0	2400.0	2272.0	56	167788523	0	507550161	0	1800.0	2	1	focal_2bp_forward_only_no_recap_no_neutral_overlay	9b9f610f150a1edbce6dce318cd3a376256b7ca1adf20360858aefd29eb288aa
han_fixed_v2__confirmation__s0.005000__af0.100000__q5__draw057	confirmation	0.005	0.1	0.07500000000000001	0.125	0.2	1944.5205320646232	1945.0	20	100	500	5.0	2400.0	2272.0	57	709507478	0	1094920807	0	1800.0	2	1	focal_2bp_forward_only_no_recap_no_neutral_overlay	9b9f610f150a1edbce6dce318cd3a376256b7ca1adf20360858aefd29eb288aa
han_fixed_v2__confirmation__s0.005000__af0.100000__q5__draw058	confirmation	0.005	0.1	0.07500000000000001	0.125	0.2	1944.5205320646232	1945.0	20	100	500	5.0	2400.0	2272.0	58	863639616	0	838723926	0	1800.0	2	1	focal_2bp_forward_only_no_recap_no_neutral_overlay	9b9f610f150a1edbce6dce318cd3a376256b7ca1adf20360858aefd29eb288aa
han_fixed_v2__confirmation__s0.005000__af0.100000__q5__draw059	confirmation	0.005	0.1	0.07500000000000001	0.125	0.2	1944.5205320646232	1945.0	20	100	500	5.0	2400.0	2272.0	59	512871249	0	1938690742	0	1800.0	2	1	focal_2bp_forward_only_no_recap_no_neutral_overlay	9b9f610f150a1edbce6dce318cd3a376256b7ca1adf20360858aefd29eb288aa
han_fixed_v2__confirmation__s0.005000__af0.100000__q5__draw060	confirmation	0.005	0.1	0.07500000000000001	0.125	0.2	1944.5205320646232	1945.0	20	100	500	5.0	2400.0	2272.0	60	1020378483	0	760783662	0	1800.0	2	1	focal_2bp_forward_only_no_recap_no_neutral_overlay	9b9f610f150a1edbce6dce318cd3a376256b7ca1adf20360858aefd29eb288aa
han_fixed_v2__confirmation__s0.005000__af0.100000__q5__draw061	confirmation	0.005	0.1	0.07500000000000001	0.125	0.2	1944.5205320646232	1945.0	20	100	500	5.0	2400.0	2272.0	61	1844680228	0	28956582	0	1800.0	2	1	focal_2bp_forward_only_no_recap_no_neutral_overlay	9b9f610f150a1edbce6dce318cd3a376256b7ca1adf20360858aefd29eb288aa
han_fixed_v2__confirmation__s0.005000__af0.100000__q5__draw062	confirmation	0.005	0.1	0.07500000000000001	0.125	0.2	1944.5205320646232	1945.0	20	100	500	5.0	2400.0	2272.0	62	1689149048	0	347690336	0	1800.0	2	1	focal_2bp_forward_only_no_recap_no_neutral_overlay	9b9f610f150a1edbce6dce318cd3a376256b7ca1adf20360858aefd29eb288aa
han_fixed_v2__confirmation__s0.005000__af0.100000__q5__draw063	confirmation	0.005	0.1	0.07500000000000001	0.125	0.2	1944.5205320646232	1945.0	20	100	500	5.0	2400.0	2272.0	63	495023590	0	59111721	0	1800.0	2	1	focal_2bp_forward_only_no_recap_no_neutral_overlay	9b9f610f150a1edbce6dce318cd3a376256b7ca1adf20360858aefd29eb288aa
han_fixed_v2__confirmation__s0.005000__af0.100000__q5__draw064	confirmation	0.005	0.1	0.07500000000000001	0.125	0.2	1944.5205320646232	1945.0	20	100	500	5.0	2400.0	2272.0	64	386800873	0	267631508	0	1800.0	2	1	focal_2bp_forward_only_no_recap_no_neutral_overlay	9b9f610f150a1edbce6dce318cd3a376256b7ca1adf20360858aefd29eb288aa
han_fixed_v2__confirmation__s0.005000__af0.100000__q5__draw065	confirmation	0.005	0.1	0.07500000000000001	0.125	0.2	1944.5205320646232	1945.0	20	100	500	5.0	2400.0	2272.0	65	1528878413	0	1122147415	0	1800.0	2	1	focal_2bp_forward_only_no_recap_no_neutral_overlay	9b9f610f150a1edbce6dce318cd3a376256b7ca1adf20360858aefd29eb288aa
han_fixed_v2__confirmation__s0.005000__af0.100000__q5__draw066	confirmation	0.005	0.1	0.07500000000000001	0.125	0.2	1944.5205320646232	1945.0	20	100	500	5.0	2400.0	2272.0	66	1364165058	0	1749742271	0	1800.0	2	1	focal_2bp_forward_only_no_recap_no_neutral_overlay	9b9f610f150a1edbce6dce318cd3a376256b7ca1adf20360858aefd29eb288aa
han_fixed_v2__confirmation__s0.005000__af0.100000__q5__draw067	confirmation	0.005	0.1	0.07500000000000001	0.125	0.2	1944.5205320646232	1945.0	20	100	500	5.0	2400.0	2272.0	67	795688224	0	810465013	0	1800.0	2	1	focal_2bp_forward_only_no_recap_no_neutral_overlay	9b9f610f150a1edbce6dce318cd3a376256b7ca1adf20360858aefd29eb288aa
han_fixed_v2__confirmation__s0.005000__af0.100000__q5__draw068	confirmation	0.005	0.1	0.07500000000000001	0.125	0.2	1944.5205320646232	1945.0	20	100	500	5.0	2400.0	2272.0	68	249858976	0	1612633584	0	1800.0	2	1	focal_2bp_forward_only_no_recap_no_neutral_overlay	9b9f610f150a1edbce6dce318cd3a376256b7ca1adf20360858aefd29eb288aa
han_fixed_v2__confirmation__s0.005000__af0.100000__q5__draw069	confirmation	0.005	0.1	0.07500000000000001	0.125	0.2	1944.5205320646232	1945.0	20	100	500	5.0	2400.0	2272.0	69	1465711384	0	1384371318	0	1800.0	2	1	focal_2bp_forward_only_no_recap_no_neutral_overlay	9b9f610f150a1edbce6dce318cd3a376256b7ca1adf20360858aefd29eb288aa
han_fixed_v2__confirmation__s0.005000__af0.100000__q5__draw070	confirmation	0.005	0.1	0.07500000000000001	0.125	0.2	1944.5205320646232	1945.0	20	100	500	5.0	2400.0	2272.0	70	1560296808	0	643863636	0	1800.0	2	1	focal_2bp_forward_only_no_recap_no_neutral_overlay	9b9f610f150a1edbce6dce318cd3a376256b7ca1adf20360858aefd29eb288aa
han_fixed_v2__confirmation__s0.005000__af0.100000__q5__draw071	confirmation	0.005	0.1	0.07500000000000001	0.125	0.2	1944.5205320646232	1945.0	20	100	500	5.0	2400.0	2272.0	71	1223452690	0	1111276412	0	1800.0	2	1	focal_2bp_forward_only_no_recap_no_neutral_overlay	9b9f610f150a1edbce6dce318cd3a376256b7ca1adf20360858aefd29eb288aa
han_fixed_v2__confirmation__s0.005000__af0.100000__q5__draw072	confirmation	0.005	0.1	0.07500000000000001	0.125	0.2	1944.5205320646232	1945.0	20	100	500	5.0	2400.0	2272.0	72	1556484448	0	1760088722	0	1800.0	2	1	focal_2bp_forward_only_no_recap_no_neutral_overlay	9b9f610f150a1edbce6dce318cd3a376256b7ca1adf20360858aefd29eb288aa
han_fixed_v2__confirmation__s0.005000__af0.100000__q5__draw073	confirmation	0.005	0.1	0.07500000000000001	0.125	0.2	1944.5205320646232	1945.0	20	100	500	5.0	2400.0	2272.0	73	95759061	0	615319429	0	1800.0	2	1	focal_2bp_forward_only_no_recap_no_neutral_overlay	9b9f610f150a1edbce6dce318cd3a376256b7ca1adf20360858aefd29eb288aa
han_fixed_v2__confirmation__s0.005000__af0.100000__q5__draw074	confirmation	0.005	0.1	0.07500000000000001	0.125	0.2	1944.5205320646232	1945.0	20	100	500	5.0	2400.0	2272.0	74	623817930	0	774903593	0	1800.0	2	1	focal_2bp_forward_only_no_recap_no_neutral_overlay	9b9f610f150a1edbce6dce318cd3a376256b7ca1adf20360858aefd29eb288aa
han_fixed_v2__confirmation__s0.005000__af0.100000__q5__draw075	confirmation	0.005	0.1	0.07500000000000001	0.125	0.2	1944.5205320646232	1945.0	20	100	500	5.0	2400.0	2272.0	75	547294745	0	767651257	0	1800.0	2	1	focal_2bp_forward_only_no_recap_no_neutral_overlay	9b9f610f150a1edbce6dce318cd3a376256b7ca1adf20360858aefd29eb288aa
han_fixed_v2__confirmation__s0.005000__af0.100000__q5__draw076	confirmation	0.005	0.1	0.07500000000000001	0.125	0.2	1944.5205320646232	1945.0	20	100	500	5.0	2400.0	2272.0	76	1458538577	0	2121398477	0	1800.0	2	1	focal_2bp_forward_only_no_recap_no_neutral_overlay	9b9f610f150a1edbce6dce318cd3a376256b7ca1adf20360858aefd29eb288aa
han_fixed_v2__confirmation__s0.005000__af0.100000__q5__draw077	confirmation	0.005	0.1	0.07500000000000001	0.125	0.2	1944.5205320646232	1945.0	20	100	500	5.0	2400.0	2272.0	77	1897322951	0	2035889627	0	1800.0	2	1	focal_2bp_forward_only_no_recap_no_neutral_overlay	9b9f610f150a1edbce6dce318cd3a376256b7ca1adf20360858aefd29eb288aa
han_fixed_v2__confirmation__s0.005000__af0.100000__q5__draw078	confirmation	0.005	0.1	0.07500000000000001	0.125	0.2	1944.5205320646232	1945.0	20	100	500	5.0	2400.0	2272.0	78	513625462	0	1021780711	0	1800.0	2	1	focal_2bp_forward_only_no_recap_no_neutral_overlay	9b9f610f150a1edbce6dce318cd3a376256b7ca1adf20360858aefd29eb288aa
han_fixed_v2__confirmation__s0.005000__af0.100000__q5__draw079	confirmation	0.005	0.1	0.07500000000000001	0.125	0.2	1944.5205320646232	1945.0	20	100	500	5.0	2400.0	2272.0	79	1195091188	0	1897205535	0	1800.0	2	1	focal_2bp_forward_only_no_recap_no_neutral_overlay	9b9f610f150a1edbce6dce318cd3a376256b7ca1adf20360858aefd29eb288aa
han_fixed_v2__confirmation__s0.005000__af0.100000__q5__draw080	confirmation	0.005	0.1	0.07500000000000001	0.125	0.2	1944.5205320646232	1945.0	20	100	500	5.0	2400.0	2272.0	80	1431330379	0	2027992213	0	1800.0	2	1	focal_2bp_forward_only_no_recap_no_neutral_overlay	9b9f610f150a1edbce6dce318cd3a376256b7ca1adf20360858aefd29eb288aa
han_fixed_v2__confirmation__s0.005000__af0.100000__q5__draw081	confirmation	0.005	0.1	0.07500000000000001	0.125	0.2	1944.5205320646232	1945.0	20	100	500	5.0	2400.0	2272.0	81	689751117	0	163288428	0	1800.0	2	1	focal_2bp_forward_only_no_recap_no_neutral_overlay	9b9f610f150a1edbce6dce318cd3a376256b7ca1adf20360858aefd29eb288aa
han_fixed_v2__confirmation__s0.005000__af0.100000__q5__draw082	confirmation	0.005	0.1	0.07500000000000001	0.125	0.2	1944.5205320646232	1945.0	20	100	500	5.0	2400.0	2272.0	82	1827759743	0	1482490805	0	1800.0	2	1	focal_2bp_forward_only_no_recap_no_neutral_overlay	9b9f610f150a1edbce6dce318cd3a376256b7ca1adf20360858aefd29eb288aa
han_fixed_v2__confirmation__s0.005000__af0.100000__q5__draw083	confirmation	0.005	0.1	0.07500000000000001	0.125	0.2	1944.5205320646232	1945.0	20	100	500	5.0	2400.0	2272.0	83	1469251197	0	148793611	0	1800.0	2	1	focal_2bp_forward_only_no_recap_no_neutral_overlay	9b9f610f150a1edbce6dce318cd3a376256b7ca1adf20360858aefd29eb288aa
han_fixed_v2__confirmation__s0.005000__af0.100000__q5__draw084	confirmation	0.005	0.1	0.07500000000000001	0.125	0.2	1944.5205320646232	1945.0	20	100	500	5.0	2400.0	2272.0	84	297878147	0	992891032	0	1800.0	2	1	focal_2bp_forward_only_no_recap_no_neutral_overlay	9b9f610f150a1edbce6dce318cd3a376256b7ca1adf20360858aefd29eb288aa
han_fixed_v2__confirmation__s0.005000__af0.100000__q5__draw085	confirmation	0.005	0.1	0.07500000000000001	0.125	0.2	1944.5205320646232	1945.0	20	100	500	5.0	2400.0	2272.0	85	1652875387	0	618862835	0	1800.0	2	1	focal_2bp_forward_only_no_recap_no_neutral_overlay	9b9f610f150a1edbce6dce318cd3a376256b7ca1adf20360858aefd29eb288aa
han_fixed_v2__confirmation__s0.005000__af0.100000__q5__draw086	confirmation	0.005	0.1	0.07500000000000001	0.125	0.2	1944.5205320646232	1945.0	20	100	500	5.0	2400.0	2272.0	86	1865614225	0	1960895836	0	1800.0	2	1	focal_2bp_forward_only_no_recap_no_neutral_overlay	9b9f610f150a1edbce6dce318cd3a376256b7ca1adf20360858aefd29eb288aa
han_fixed_v2__confirmation__s0.005000__af0.100000__q5__draw087	confirmation	0.005	0.1	0.07500000000000001	0.125	0.2	1944.5205320646232	1945.0	20	100	500	5.0	2400.0	2272.0	87	103473613	0	1304355942	0	1800.0	2	1	focal_2bp_forward_only_no_recap_no_neutral_overlay	9b9f610f150a1edbce6dce318cd3a376256b7ca1adf20360858aefd29eb288aa
han_fixed_v2__confirmation__s0.005000__af0.100000__q5__draw088	confirmation	0.005	0.1	0.07500000000000001	0.125	0.2	1944.5205320646232	1945.0	20	100	500	5.0	2400.0	2272.0	88	1858041331	0	1339066510	0	1800.0	2	1	focal_2bp_forward_only_no_recap_no_neutral_overlay	9b9f610f150a1edbce6dce318cd3a376256b7ca1adf20360858aefd29eb288aa
han_fixed_v2__confirmation__s0.005000__af0.100000__q5__draw089	confirmation	0.005	0.1	0.07500000000000001	0.125	0.2	1944.5205320646232	1945.0	20	100	500	5.0	2400.0	2272.0	89	1503117699	0	1418275012	0	1800.0	2	1	focal_2bp_forward_only_no_recap_no_neutral_overlay	9b9f610f150a1edbce6dce318cd3a376256b7ca1adf20360858aefd29eb288aa
han_fixed_v2__confirmation__s0.005000__af0.100000__q5__draw090	confirmation	0.005	0.1	0.07500000000000001	0.125	0.2	1944.5205320646232	1945.0	20	100	500	5.0	2400.0	2272.0	90	617560455	0	1070704810	0	1800.0	2	1	focal_2bp_forward_only_no_recap_no_neutral_overlay	9b9f610f150a1edbce6dce318cd3a376256b7ca1adf20360858aefd29eb288aa
han_fixed_v2__confirmation__s0.005000__af0.100000__q5__draw091	confirmation	0.005	0.1	0.07500000000000001	0.125	0.2	1944.5205320646232	1945.0	20	100	500	5.0	2400.0	2272.0	91	1615299614	0	1925557456	0	1800.0	2	1	focal_2bp_forward_only_no_recap_no_neutral_overlay	9b9f610f150a1edbce6dce318cd3a376256b7ca1adf20360858aefd29eb288aa
han_fixed_v2__confirmation__s0.005000__af0.100000__q5__draw092	confirmation	0.005	0.1	0.07500000000000001	0.125	0.2	1944.5205320646232	1945.0	20	100	500	5.0	2400.0	2272.0	92	1036094321	0	229251953	0	1800.0	2	1	focal_2bp_forward_only_no_recap_no_neutral_overlay	9b9f610f150a1edbce6dce318cd3a376256b7ca1adf20360858aefd29eb288aa
han_fixed_v2__confirmation__s0.005000__af0.100000__q5__draw093	confirmation	0.005	0.1	0.07500000000000001	0.125	0.2	1944.5205320646232	1945.0	20	100	500	5.0	2400.0	2272.0	93	1529415388	0	1099855527	0	1800.0	2	1	focal_2bp_forward_only_no_recap_no_neutral_overlay	9b9f610f150a1edbce6dce318cd3a376256b7ca1adf20360858aefd29eb288aa
han_fixed_v2__confirmation__s0.005000__af0.100000__q5__draw094	confirmation	0.005	0.1	0.07500000000000001	0.125	0.2	1944.5205320646232	1945.0	20	100	500	5.0	2400.0	2272.0	94	891769274	0	1394527377	0	1800.0	2	1	focal_2bp_forward_only_no_recap_no_neutral_overlay	9b9f610f150a1edbce6dce318cd3a376256b7ca1adf20360858aefd29eb288aa
han_fixed_v2__confirmation__s0.005000__af0.100000__q5__draw095	confirmation	0.005	0.1	0.07500000000000001	0.125	0.2	1944.5205320646232	1945.0	20	100	500	5.0	2400.0	2272.0	95	364348767	0	989988052	0	1800.0	2	1	focal_2bp_forward_only_no_recap_no_neutral_overlay	9b9f610f150a1edbce6dce318cd3a376256b7ca1adf20360858aefd29eb288aa
han_fixed_v2__confirmation__s0.005000__af0.100000__q5__draw096	confirmation	0.005	0.1	0.07500000000000001	0.125	0.2	1944.5205320646232	1945.0	20	100	500	5.0	2400.0	2272.0	96	564376920	0	1433722422	0	1800.0	2	1	focal_2bp_forward_only_no_recap_no_neutral_overlay	9b9f610f150a1edbce6dce318cd3a376256b7ca1adf20360858aefd29eb288aa
han_fixed_v2__confirmation__s0.005000__af0.100000__q5__draw097	confirmation	0.005	0.1	0.07500000000000001	0.125	0.2	1944.5205320646232	1945.0	20	100	500	5.0	2400.0	2272.0	97	82267853	0	1362827766	0	1800.0	2	1	focal_2bp_forward_only_no_recap_no_neutral_overlay	9b9f610f150a1edbce6dce318cd3a376256b7ca1adf20360858aefd29eb288aa
han_fixed_v2__confirmation__s0.005000__af0.100000__q5__draw098	confirmation	0.005	0.1	0.07500000000000001	0.125	0.2	1944.5205320646232	1945.0	20	100	500	5.0	2400.0	2272.0	98	1857352877	0	623849021	0	1800.0	2	1	focal_2bp_forward_only_no_recap_no_neutral_overlay	9b9f610f150a1edbce6dce318cd3a376256b7ca1adf20360858aefd29eb288aa
han_fixed_v2__confirmation__s0.005000__af0.100000__q5__draw099	confirmation	0.005	0.1	0.07500000000000001	0.125	0.2	1944.5205320646232	1945.0	20	100	500	5.0	2400.0	2272.0	99	489726092	0	1812847693	0	1800.0	2	1	focal_2bp_forward_only_no_recap_no_neutral_overlay	9b9f610f150a1edbce6dce318cd3a376256b7ca1adf20360858aefd29eb288aa
han_fixed_v2__confirmation__s0.005000__af0.200000__q5__draw000	confirmation	0.005	0.2	0.17500000000000002	0.225	0.2	1879.646114767317	1880.0	40	100	500	5.0	2400.0	2272.0	0	1218504184	0	993094101	0	1800.0	2	1	focal_2bp_forward_only_no_recap_no_neutral_overlay	9b9f610f150a1edbce6dce318cd3a376256b7ca1adf20360858aefd29eb288aa
han_fixed_v2__confirmation__s0.005000__af0.200000__q5__draw001	confirmation	0.005	0.2	0.17500000000000002	0.225	0.2	1879.646114767317	1880.0	40	100	500	5.0	2400.0	2272.0	1	1741413501	0	382959175	0	1800.0	2	1	focal_2bp_forward_only_no_recap_no_neutral_overlay	9b9f610f150a1edbce6dce318cd3a376256b7ca1adf20360858aefd29eb288aa
han_fixed_v2__confirmation__s0.005000__af0.200000__q5__draw002	confirmation	0.005	0.2	0.17500000000000002	0.225	0.2	1879.646114767317	1880.0	40	100	500	5.0	2400.0	2272.0	2	1108728525	0	195148145	0	1800.0	2	1	focal_2bp_forward_only_no_recap_no_neutral_overlay	9b9f610f150a1edbce6dce318cd3a376256b7ca1adf20360858aefd29eb288aa
han_fixed_v2__confirmation__s0.005000__af0.200000__q5__draw003	confirmation	0.005	0.2	0.17500000000000002	0.225	0.2	1879.646114767317	1880.0	40	100	500	5.0	2400.0	2272.0	3	1366393550	0	656530589	0	1800.0	2	1	focal_2bp_forward_only_no_recap_no_neutral_overlay	9b9f610f150a1edbce6dce318cd3a376256b7ca1adf20360858aefd29eb288aa
han_fixed_v2__confirmation__s0.005000__af0.200000__q5__draw004	confirmation	0.005	0.2	0.17500000000000002	0.225	0.2	1879.646114767317	1880.0	40	100	500	5.0	2400.0	2272.0	4	272456629	0	882252763	0	1800.0	2	1	focal_2bp_forward_only_no_recap_no_neutral_overlay	9b9f610f150a1edbce6dce318cd3a376256b7ca1adf20360858aefd29eb288aa
han_fixed_v2__confirmation__s0.005000__af0.200000__q5__draw005	confirmation	0.005	0.2	0.17500000000000002	0.225	0.2	1879.646114767317	1880.0	40	100	500	5.0	2400.0	2272.0	5	523483339	0	638365661	0	1800.0	2	1	focal_2bp_forward_only_no_recap_no_neutral_overlay	9b9f610f150a1edbce6dce318cd3a376256b7ca1adf20360858aefd29eb288aa
han_fixed_v2__confirmation__s0.005000__af0.200000__q5__draw006	confirmation	0.005	0.2	0.17500000000000002	0.225	0.2	1879.646114767317	1880.0	40	100	500	5.0	2400.0	2272.0	6	295535059	0	334116877	0	1800.0	2	1	focal_2bp_forward_only_no_recap_no_neutral_overlay	9b9f610f150a1edbce6dce318cd3a376256b7ca1adf20360858aefd29eb288aa
han_fixed_v2__confirmation__s0.005000__af0.200000__q5__draw007	confirmation	0.005	0.2	0.17500000000000002	0.225	0.2	1879.646114767317	1880.0	40	100	500	5.0	2400.0	2272.0	7	1763792649	0	564593112	0	1800.0	2	1	focal_2bp_forward_only_no_recap_no_neutral_overlay	9b9f610f150a1edbce6dce318cd3a376256b7ca1adf20360858aefd29eb288aa
han_fixed_v2__confirmation__s0.005000__af0.200000__q5__draw008	confirmation	0.005	0.2	0.17500000000000002	0.225	0.2	1879.646114767317	1880.0	40	100	500	5.0	2400.0	2272.0	8	570587063	0	1147750351	0	1800.0	2	1	focal_2bp_forward_only_no_recap_no_neutral_overlay	9b9f610f150a1edbce6dce318cd3a376256b7ca1adf20360858aefd29eb288aa
han_fixed_v2__confirmation__s0.005000__af0.200000__q5__draw009	confirmation	0.005	0.2	0.17500000000000002	0.225	0.2	1879.646114767317	1880.0	40	100	500	5.0	2400.0	2272.0	9	1925644106	0	74010505	0	1800.0	2	1	focal_2bp_forward_only_no_recap_no_neutral_overlay	9b9f610f150a1edbce6dce318cd3a376256b7ca1adf20360858aefd29eb288aa
han_fixed_v2__confirmation__s0.005000__af0.200000__q5__draw010	confirmation	0.005	0.2	0.17500000000000002	0.225	0.2	1879.646114767317	1880.0	40	100	500	5.0	2400.0	2272.0	10	414599706	0	325846775	0	1800.0	2	1	focal_2bp_forward_only_no_recap_no_neutral_overlay	9b9f610f150a1edbce6dce318cd3a376256b7ca1adf20360858aefd29eb288aa
han_fixed_v2__confirmation__s0.005000__af0.200000__q5__draw011	confirmation	0.005	0.2	0.17500000000000002	0.225	0.2	1879.646114767317	1880.0	40	100	500	5.0	2400.0	2272.0	11	600315928	0	1971887201	0	1800.0	2	1	focal_2bp_forward_only_no_recap_no_neutral_overlay	9b9f610f150a1edbce6dce318cd3a376256b7ca1adf20360858aefd29eb288aa
han_fixed_v2__confirmation__s0.005000__af0.200000__q5__draw012	confirmation	0.005	0.2	0.17500000000000002	0.225	0.2	1879.646114767317	1880.0	40	100	500	5.0	2400.0	2272.0	12	2025327613	0	806714247	0	1800.0	2	1	focal_2bp_forward_only_no_recap_no_neutral_overlay	9b9f610f150a1edbce6dce318cd3a376256b7ca1adf20360858aefd29eb288aa
han_fixed_v2__confirmation__s0.005000__af0.200000__q5__draw013	confirmation	0.005	0.2	0.17500000000000002	0.225	0.2	1879.646114767317	1880.0	40	100	500	5.0	2400.0	2272.0	13	1314793718	0	1955690592	0	1800.0	2	1	focal_2bp_forward_only_no_recap_no_neutral_overlay	9b9f610f150a1edbce6dce318cd3a376256b7ca1adf20360858aefd29eb288aa
han_fixed_v2__confirmation__s0.005000__af0.200000__q5__draw014	confirmation	0.005	0.2	0.17500000000000002	0.225	0.2	1879.646114767317	1880.0	40	100	500	5.0	2400.0	2272.0	14	1945061345	0	967411542	0	1800.0	2	1	focal_2bp_forward_only_no_recap_no_neutral_overlay	9b9f610f150a1edbce6dce318cd3a376256b7ca1adf20360858aefd29eb288aa
han_fixed_v2__confirmation__s0.005000__af0.200000__q5__draw015	confirmation	0.005	0.2	0.17500000000000002	0.225	0.2	1879.646114767317	1880.0	40	100	500	5.0	2400.0	2272.0	15	1343737733	0	525175217	0	1800.0	2	1	focal_2bp_forward_only_no_recap_no_neutral_overlay	9b9f610f150a1edbce6dce318cd3a376256b7ca1adf20360858aefd29eb288aa
han_fixed_v2__confirmation__s0.005000__af0.200000__q5__draw016	confirmation	0.005	0.2	0.17500000000000002	0.225	0.2	1879.646114767317	1880.0	40	100	500	5.0	2400.0	2272.0	16	1105928169	0	188049363	0	1800.0	2	1	focal_2bp_forward_only_no_recap_no_neutral_overlay	9b9f610f150a1edbce6dce318cd3a376256b7ca1adf20360858aefd29eb288aa
han_fixed_v2__confirmation__s0.005000__af0.200000__q5__draw017	confirmation	0.005	0.2	0.17500000000000002	0.225	0.2	1879.646114767317	1880.0	40	100	500	5.0	2400.0	2272.0	17	1929204551	0	1324866971	0	1800.0	2	1	focal_2bp_forward_only_no_recap_no_neutral_overlay	9b9f610f150a1edbce6dce318cd3a376256b7ca1adf20360858aefd29eb288aa
han_fixed_v2__confirmation__s0.005000__af0.200000__q5__draw018	confirmation	0.005	0.2	0.17500000000000002	0.225	0.2	1879.646114767317	1880.0	40	100	500	5.0	2400.0	2272.0	18	953758588	0	523988617	0	1800.0	2	1	focal_2bp_forward_only_no_recap_no_neutral_overlay	9b9f610f150a1edbce6dce318cd3a376256b7ca1adf20360858aefd29eb288aa
han_fixed_v2__confirmation__s0.005000__af0.200000__q5__draw019	confirmation	0.005	0.2	0.17500000000000002	0.225	0.2	1879.646114767317	1880.0	40	100	500	5.0	2400.0	2272.0	19	1714623841	0	172457536	0	1800.0	2	1	focal_2bp_forward_only_no_recap_no_neutral_overlay	9b9f610f150a1edbce6dce318cd3a376256b7ca1adf20360858aefd29eb288aa
han_fixed_v2__confirmation__s0.005000__af0.200000__q5__draw020	confirmation	0.005	0.2	0.17500000000000002	0.225	0.2	1879.646114767317	1880.0	40	100	500	5.0	2400.0	2272.0	20	609038069	0	1552266317	0	1800.0	2	1	focal_2bp_forward_only_no_recap_no_neutral_overlay	9b9f610f150a1edbce6dce318cd3a376256b7ca1adf20360858aefd29eb288aa
han_fixed_v2__confirmation__s0.005000__af0.200000__q5__draw021	confirmation	0.005	0.2	0.17500000000000002	0.225	0.2	1879.646114767317	1880.0	40	100	500	5.0	2400.0	2272.0	21	1813893007	0	1709404740	0	1800.0	2	1	focal_2bp_forward_only_no_recap_no_neutral_overlay	9b9f610f150a1edbce6dce318cd3a376256b7ca1adf20360858aefd29eb288aa
han_fixed_v2__confirmation__s0.005000__af0.200000__q5__draw022	confirmation	0.005	0.2	0.17500000000000002	0.225	0.2	1879.646114767317	1880.0	40	100	500	5.0	2400.0	2272.0	22	510111576	0	213081284	0	1800.0	2	1	focal_2bp_forward_only_no_recap_no_neutral_overlay	9b9f610f150a1edbce6dce318cd3a376256b7ca1adf20360858aefd29eb288aa
han_fixed_v2__confirmation__s0.005000__af0.200000__q5__draw023	confirmation	0.005	0.2	0.17500000000000002	0.225	0.2	1879.646114767317	1880.0	40	100	500	5.0	2400.0	2272.0	23	1334167206	0	1009353759	0	1800.0	2	1	focal_2bp_forward_only_no_recap_no_neutral_overlay	9b9f610f150a1edbce6dce318cd3a376256b7ca1adf20360858aefd29eb288aa
han_fixed_v2__confirmation__s0.005000__af0.200000__q5__draw024	confirmation	0.005	0.2	0.17500000000000002	0.225	0.2	1879.646114767317	1880.0	40	100	500	5.0	2400.0	2272.0	24	1519921431	0	1247821021	0	1800.0	2	1	focal_2bp_forward_only_no_recap_no_neutral_overlay	9b9f610f150a1edbce6dce318cd3a376256b7ca1adf20360858aefd29eb288aa
han_fixed_v2__confirmation__s0.005000__af0.200000__q5__draw025	confirmation	0.005	0.2	0.17500000000000002	0.225	0.2	1879.646114767317	1880.0	40	100	500	5.0	2400.0	2272.0	25	444673968	0	1403379595	0	1800.0	2	1	focal_2bp_forward_only_no_recap_no_neutral_overlay	9b9f610f150a1edbce6dce318cd3a376256b7ca1adf20360858aefd29eb288aa
han_fixed_v2__confirmation__s0.005000__af0.200000__q5__draw026	confirmation	0.005	0.2	0.17500000000000002	0.225	0.2	1879.646114767317	1880.0	40	100	500	5.0	2400.0	2272.0	26	1229679404	0	1562738406	0	1800.0	2	1	focal_2bp_forward_only_no_recap_no_neutral_overlay	9b9f610f150a1edbce6dce318cd3a376256b7ca1adf20360858aefd29eb288aa
han_fixed_v2__confirmation__s0.005000__af0.200000__q5__draw027	confirmation	0.005	0.2	0.17500000000000002	0.225	0.2	1879.646114767317	1880.0	40	100	500	5.0	2400.0	2272.0	27	1245059291	0	1715661488	0	1800.0	2	1	focal_2bp_forward_only_no_recap_no_neutral_overlay	9b9f610f150a1edbce6dce318cd3a376256b7ca1adf20360858aefd29eb288aa
han_fixed_v2__confirmation__s0.005000__af0.200000__q5__draw028	confirmation	0.005	0.2	0.17500000000000002	0.225	0.2	1879.646114767317	1880.0	40	100	500	5.0	2400.0	2272.0	28	798647184	0	708351903	0	1800.0	2	1	focal_2bp_forward_only_no_recap_no_neutral_overlay	9b9f610f150a1edbce6dce318cd3a376256b7ca1adf20360858aefd29eb288aa
han_fixed_v2__confirmation__s0.005000__af0.200000__q5__draw029	confirmation	0.005	0.2	0.17500000000000002	0.225	0.2	1879.646114767317	1880.0	40	100	500	5.0	2400.0	2272.0	29	277707881	0	1861937727	0	1800.0	2	1	focal_2bp_forward_only_no_recap_no_neutral_overlay	9b9f610f150a1edbce6dce318cd3a376256b7ca1adf20360858aefd29eb288aa
han_fixed_v2__confirmation__s0.005000__af0.200000__q5__draw030	confirmation	0.005	0.2	0.17500000000000002	0.225	0.2	1879.646114767317	1880.0	40	100	500	5.0	2400.0	2272.0	30	433853511	0	151370738	0	1800.0	2	1	focal_2bp_forward_only_no_recap_no_neutral_overlay	9b9f610f150a1edbce6dce318cd3a376256b7ca1adf20360858aefd29eb288aa
han_fixed_v2__confirmation__s0.005000__af0.200000__q5__draw031	confirmation	0.005	0.2	0.17500000000000002	0.225	0.2	1879.646114767317	1880.0	40	100	500	5.0	2400.0	2272.0	31	330089430	0	1562718767	0	1800.0	2	1	focal_2bp_forward_only_no_recap_no_neutral_overlay	9b9f610f150a1edbce6dce318cd3a376256b7ca1adf20360858aefd29eb288aa
han_fixed_v2__confirmation__s0.005000__af0.200000__q5__draw032	confirmation	0.005	0.2	0.17500000000000002	0.225	0.2	1879.646114767317	1880.0	40	100	500	5.0	2400.0	2272.0	32	1167078387	0	359514407	0	1800.0	2	1	focal_2bp_forward_only_no_recap_no_neutral_overlay	9b9f610f150a1edbce6dce318cd3a376256b7ca1adf20360858aefd29eb288aa
han_fixed_v2__confirmation__s0.005000__af0.200000__q5__draw033	confirmation	0.005	0.2	0.17500000000000002	0.225	0.2	1879.646114767317	1880.0	40	100	500	5.0	2400.0	2272.0	33	322155558	0	929721088	0	1800.0	2	1	focal_2bp_forward_only_no_recap_no_neutral_overlay	9b9f610f150a1edbce6dce318cd3a376256b7ca1adf20360858aefd29eb288aa
han_fixed_v2__confirmation__s0.005000__af0.200000__q5__draw034	confirmation	0.005	0.2	0.17500000000000002	0.225	0.2	1879.646114767317	1880.0	40	100	500	5.0	2400.0	2272.0	34	1662428133	0	1801025681	0	1800.0	2	1	focal_2bp_forward_only_no_recap_no_neutral_overlay	9b9f610f150a1edbce6dce318cd3a376256b7ca1adf20360858aefd29eb288aa
han_fixed_v2__confirmation__s0.005000__af0.200000__q5__draw035	confirmation	0.005	0.2	0.17500000000000002	0.225	0.2	1879.646114767317	1880.0	40	100	500	5.0	2400.0	2272.0	35	163495033	0	1950269990	0	1800.0	2	1	focal_2bp_forward_only_no_recap_no_neutral_overlay	9b9f610f150a1edbce6dce318cd3a376256b7ca1adf20360858aefd29eb288aa
han_fixed_v2__confirmation__s0.005000__af0.200000__q5__draw036	confirmation	0.005	0.2	0.17500000000000002	0.225	0.2	1879.646114767317	1880.0	40	100	500	5.0	2400.0	2272.0	36	1839294839	0	152985917	0	1800.0	2	1	focal_2bp_forward_only_no_recap_no_neutral_overlay	9b9f610f150a1edbce6dce318cd3a376256b7ca1adf20360858aefd29eb288aa
han_fixed_v2__confirmation__s0.005000__af0.200000__q5__draw037	confirmation	0.005	0.2	0.17500000000000002	0.225	0.2	1879.646114767317	1880.0	40	100	500	5.0	2400.0	2272.0	37	632892038	0	1985223574	0	1800.0	2	1	focal_2bp_forward_only_no_recap_no_neutral_overlay	9b9f610f150a1edbce6dce318cd3a376256b7ca1adf20360858aefd29eb288aa
han_fixed_v2__confirmation__s0.005000__af0.200000__q5__draw038	confirmation	0.005	0.2	0.17500000000000002	0.225	0.2	1879.646114767317	1880.0	40	100	500	5.0	2400.0	2272.0	38	923329746	0	615446471	0	1800.0	2	1	focal_2bp_forward_only_no_recap_no_neutral_overlay	9b9f610f150a1edbce6dce318cd3a376256b7ca1adf20360858aefd29eb288aa
han_fixed_v2__confirmation__s0.005000__af0.200000__q5__draw039	confirmation	0.005	0.2	0.17500000000000002	0.225	0.2	1879.646114767317	1880.0	40	100	500	5.0	2400.0	2272.0	39	1570186046	0	816624786	0	1800.0	2	1	focal_2bp_forward_only_no_recap_no_neutral_overlay	9b9f610f150a1edbce6dce318cd3a376256b7ca1adf20360858aefd29eb288aa
han_fixed_v2__confirmation__s0.005000__af0.200000__q5__draw040	confirmation	0.005	0.2	0.17500000000000002	0.225	0.2	1879.646114767317	1880.0	40	100	500	5.0	2400.0	2272.0	40	1483687591	0	1982076442	0	1800.0	2	1	focal_2bp_forward_only_no_recap_no_neutral_overlay	9b9f610f150a1edbce6dce318cd3a376256b7ca1adf20360858aefd29eb288aa
han_fixed_v2__confirmation__s0.005000__af0.200000__q5__draw041	confirmation	0.005	0.2	0.17500000000000002	0.225	0.2	1879.646114767317	1880.0	40	100	500	5.0	2400.0	2272.0	41	2010554163	0	2015968180	0	1800.0	2	1	focal_2bp_forward_only_no_recap_no_neutral_overlay	9b9f610f150a1edbce6dce318cd3a376256b7ca1adf20360858aefd29eb288aa
han_fixed_v2__confirmation__s0.005000__af0.200000__q5__draw042	confirmation	0.005	0.2	0.17500000000000002	0.225	0.2	1879.646114767317	1880.0	40	100	500	5.0	2400.0	2272.0	42	123257542	0	379025338	0	1800.0	2	1	focal_2bp_forward_only_no_recap_no_neutral_overlay	9b9f610f150a1edbce6dce318cd3a376256b7ca1adf20360858aefd29eb288aa
han_fixed_v2__confirmation__s0.005000__af0.200000__q5__draw043	confirmation	0.005	0.2	0.17500000000000002	0.225	0.2	1879.646114767317	1880.0	40	100	500	5.0	2400.0	2272.0	43	1805134723	0	58127270	0	1800.0	2	1	focal_2bp_forward_only_no_recap_no_neutral_overlay	9b9f610f150a1edbce6dce318cd3a376256b7ca1adf20360858aefd29eb288aa
han_fixed_v2__confirmation__s0.005000__af0.200000__q5__draw044	confirmation	0.005	0.2	0.17500000000000002	0.225	0.2	1879.646114767317	1880.0	40	100	500	5.0	2400.0	2272.0	44	885829253	0	355977607	0	1800.0	2	1	focal_2bp_forward_only_no_recap_no_neutral_overlay	9b9f610f150a1edbce6dce318cd3a376256b7ca1adf20360858aefd29eb288aa
han_fixed_v2__confirmation__s0.005000__af0.200000__q5__draw045	confirmation	0.005	0.2	0.17500000000000002	0.225	0.2	1879.646114767317	1880.0	40	100	500	5.0	2400.0	2272.0	45	1441916855	0	160131193	0	1800.0	2	1	focal_2bp_forward_only_no_recap_no_neutral_overlay	9b9f610f150a1edbce6dce318cd3a376256b7ca1adf20360858aefd29eb288aa
han_fixed_v2__confirmation__s0.005000__af0.200000__q5__draw046	confirmation	0.005	0.2	0.17500000000000002	0.225	0.2	1879.646114767317	1880.0	40	100	500	5.0	2400.0	2272.0	46	439392306	0	1100056719	0	1800.0	2	1	focal_2bp_forward_only_no_recap_no_neutral_overlay	9b9f610f150a1edbce6dce318cd3a376256b7ca1adf20360858aefd29eb288aa
han_fixed_v2__confirmation__s0.005000__af0.200000__q5__draw047	confirmation	0.005	0.2	0.17500000000000002	0.225	0.2	1879.646114767317	1880.0	40	100	500	5.0	2400.0	2272.0	47	2115577600	0	2133051464	0	1800.0	2	1	focal_2bp_forward_only_no_recap_no_neutral_overlay	9b9f610f150a1edbce6dce318cd3a376256b7ca1adf20360858aefd29eb288aa
han_fixed_v2__confirmation__s0.005000__af0.200000__q5__draw048	confirmation	0.005	0.2	0.17500000000000002	0.225	0.2	1879.646114767317	1880.0	40	100	500	5.0	2400.0	2272.0	48	107415415	0	1879218488	0	1800.0	2	1	focal_2bp_forward_only_no_recap_no_neutral_overlay	9b9f610f150a1edbce6dce318cd3a376256b7ca1adf20360858aefd29eb288aa
han_fixed_v2__confirmation__s0.005000__af0.200000__q5__draw049	confirmation	0.005	0.2	0.17500000000000002	0.225	0.2	1879.646114767317	1880.0	40	100	500	5.0	2400.0	2272.0	49	1910557146	0	277006887	0	1800.0	2	1	focal_2bp_forward_only_no_recap_no_neutral_overlay	9b9f610f150a1edbce6dce318cd3a376256b7ca1adf20360858aefd29eb288aa
han_fixed_v2__confirmation__s0.005000__af0.200000__q5__draw050	confirmation	0.005	0.2	0.17500000000000002	0.225	0.2	1879.646114767317	1880.0	40	100	500	5.0	2400.0	2272.0	50	829992875	0	774959869	0	1800.0	2	1	focal_2bp_forward_only_no_recap_no_neutral_overlay	9b9f610f150a1edbce6dce318cd3a376256b7ca1adf20360858aefd29eb288aa
han_fixed_v2__confirmation__s0.005000__af0.200000__q5__draw051	confirmation	0.005	0.2	0.17500000000000002	0.225	0.2	1879.646114767317	1880.0	40	100	500	5.0	2400.0	2272.0	51	333332546	0	1875398027	0	1800.0	2	1	focal_2bp_forward_only_no_recap_no_neutral_overlay	9b9f610f150a1edbce6dce318cd3a376256b7ca1adf20360858aefd29eb288aa
han_fixed_v2__confirmation__s0.005000__af0.200000__q5__draw052	confirmation	0.005	0.2	0.17500000000000002	0.225	0.2	1879.646114767317	1880.0	40	100	500	5.0	2400.0	2272.0	52	781701222	0	664251247	0	1800.0	2	1	focal_2bp_forward_only_no_recap_no_neutral_overlay	9b9f610f150a1edbce6dce318cd3a376256b7ca1adf20360858aefd29eb288aa
han_fixed_v2__confirmation__s0.005000__af0.200000__q5__draw053	confirmation	0.005	0.2	0.17500000000000002	0.225	0.2	1879.646114767317	1880.0	40	100	500	5.0	2400.0	2272.0	53	890429832	0	1912576909	0	1800.0	2	1	focal_2bp_forward_only_no_recap_no_neutral_overlay	9b9f610f150a1edbce6dce318cd3a376256b7ca1adf20360858aefd29eb288aa
han_fixed_v2__confirmation__s0.005000__af0.200000__q5__draw054	confirmation	0.005	0.2	0.17500000000000002	0.225	0.2	1879.646114767317	1880.0	40	100	500	5.0	2400.0	2272.0	54	178606039	0	2058464512	0	1800.0	2	1	focal_2bp_forward_only_no_recap_no_neutral_overlay	9b9f610f150a1edbce6dce318cd3a376256b7ca1adf20360858aefd29eb288aa
han_fixed_v2__confirmation__s0.005000__af0.200000__q5__draw055	confirmation	0.005	0.2	0.17500000000000002	0.225	0.2	1879.646114767317	1880.0	40	100	500	5.0	2400.0	2272.0	55	1400534655	0	923045458	0	1800.0	2	1	focal_2bp_forward_only_no_recap_no_neutral_overlay	9b9f610f150a1edbce6dce318cd3a376256b7ca1adf20360858aefd29eb288aa
han_fixed_v2__confirmation__s0.005000__af0.200000__q5__draw056	confirmation	0.005	0.2	0.17500000000000002	0.225	0.2	1879.646114767317	1880.0	40	100	500	5.0	2400.0	2272.0	56	459980823	0	386378613	0	1800.0	2	1	focal_2bp_forward_only_no_recap_no_neutral_overlay	9b9f610f150a1edbce6dce318cd3a376256b7ca1adf20360858aefd29eb288aa
han_fixed_v2__confirmation__s0.005000__af0.200000__q5__draw057	confirmation	0.005	0.2	0.17500000000000002	0.225	0.2	1879.646114767317	1880.0	40	100	500	5.0	2400.0	2272.0	57	915589635	0	1995663605	0	1800.0	2	1	focal_2bp_forward_only_no_recap_no_neutral_overlay	9b9f610f150a1edbce6dce318cd3a376256b7ca1adf20360858aefd29eb288aa
han_fixed_v2__confirmation__s0.005000__af0.200000__q5__draw058	confirmation	0.005	0.2	0.17500000000000002	0.225	0.2	1879.646114767317	1880.0	40	100	500	5.0	2400.0	2272.0	58	256726944	0	441501058	0	1800.0	2	1	focal_2bp_forward_only_no_recap_no_neutral_overlay	9b9f610f150a1edbce6dce318cd3a376256b7ca1adf20360858aefd29eb288aa
han_fixed_v2__confirmation__s0.005000__af0.200000__q5__draw059	confirmation	0.005	0.2	0.17500000000000002	0.225	0.2	1879.646114767317	1880.0	40	100	500	5.0	2400.0	2272.0	59	1047185670	0	373843753	0	1800.0	2	1	focal_2bp_forward_only_no_recap_no_neutral_overlay	9b9f610f150a1edbce6dce318cd3a376256b7ca1adf20360858aefd29eb288aa
han_fixed_v2__confirmation__s0.005000__af0.200000__q5__draw060	confirmation	0.005	0.2	0.17500000000000002	0.225	0.2	1879.646114767317	1880.0	40	100	500	5.0	2400.0	2272.0	60	2073710435	0	1165348898	0	1800.0	2	1	focal_2bp_forward_only_no_recap_no_neutral_overlay	9b9f610f150a1edbce6dce318cd3a376256b7ca1adf20360858aefd29eb288aa
han_fixed_v2__confirmation__s0.005000__af0.200000__q5__draw061	confirmation	0.005	0.2	0.17500000000000002	0.225	0.2	1879.646114767317	1880.0	40	100	500	5.0	2400.0	2272.0	61	207346421	0	1944168824	0	1800.0	2	1	focal_2bp_forward_only_no_recap_no_neutral_overlay	9b9f610f150a1edbce6dce318cd3a376256b7ca1adf20360858aefd29eb288aa
han_fixed_v2__confirmation__s0.005000__af0.200000__q5__draw062	confirmation	0.005	0.2	0.17500000000000002	0.225	0.2	1879.646114767317	1880.0	40	100	500	5.0	2400.0	2272.0	62	1848348490	0	544801418	0	1800.0	2	1	focal_2bp_forward_only_no_recap_no_neutral_overlay	9b9f610f150a1edbce6dce318cd3a376256b7ca1adf20360858aefd29eb288aa
han_fixed_v2__confirmation__s0.005000__af0.200000__q5__draw063	confirmation	0.005	0.2	0.17500000000000002	0.225	0.2	1879.646114767317	1880.0	40	100	500	5.0	2400.0	2272.0	63	1925230082	0	1189168782	0	1800.0	2	1	focal_2bp_forward_only_no_recap_no_neutral_overlay	9b9f610f150a1edbce6dce318cd3a376256b7ca1adf20360858aefd29eb288aa
han_fixed_v2__confirmation__s0.005000__af0.200000__q5__draw064	confirmation	0.005	0.2	0.17500000000000002	0.225	0.2	1879.646114767317	1880.0	40	100	500	5.0	2400.0	2272.0	64	368240770	0	552925099	0	1800.0	2	1	focal_2bp_forward_only_no_recap_no_neutral_overlay	9b9f610f150a1edbce6dce318cd3a376256b7ca1adf20360858aefd29eb288aa
han_fixed_v2__confirmation__s0.005000__af0.200000__q5__draw065	confirmation	0.005	0.2	0.17500000000000002	0.225	0.2	1879.646114767317	1880.0	40	100	500	5.0	2400.0	2272.0	65	327245840	0	785206083	0	1800.0	2	1	focal_2bp_forward_only_no_recap_no_neutral_overlay	9b9f610f150a1edbce6dce318cd3a376256b7ca1adf20360858aefd29eb288aa
han_fixed_v2__confirmation__s0.005000__af0.200000__q5__draw066	confirmation	0.005	0.2	0.17500000000000002	0.225	0.2	1879.646114767317	1880.0	40	100	500	5.0	2400.0	2272.0	66	1034972144	0	1309702523	0	1800.0	2	1	focal_2bp_forward_only_no_recap_no_neutral_overlay	9b9f610f150a1edbce6dce318cd3a376256b7ca1adf20360858aefd29eb288aa
han_fixed_v2__confirmation__s0.005000__af0.200000__q5__draw067	confirmation	0.005	0.2	0.17500000000000002	0.225	0.2	1879.646114767317	1880.0	40	100	500	5.0	2400.0	2272.0	67	718093212	0	1074197254	0	1800.0	2	1	focal_2bp_forward_only_no_recap_no_neutral_overlay	9b9f610f150a1edbce6dce318cd3a376256b7ca1adf20360858aefd29eb288aa
han_fixed_v2__confirmation__s0.005000__af0.200000__q5__draw068	confirmation	0.005	0.2	0.17500000000000002	0.225	0.2	1879.646114767317	1880.0	40	100	500	5.0	2400.0	2272.0	68	1913271931	0	2025238772	0	1800.0	2	1	focal_2bp_forward_only_no_recap_no_neutral_overlay	9b9f610f150a1edbce6dce318cd3a376256b7ca1adf20360858aefd29eb288aa
han_fixed_v2__confirmation__s0.005000__af0.200000__q5__draw069	confirmation	0.005	0.2	0.17500000000000002	0.225	0.2	1879.646114767317	1880.0	40	100	500	5.0	2400.0	2272.0	69	1569243639	0	1747824251	0	1800.0	2	1	focal_2bp_forward_only_no_recap_no_neutral_overlay	9b9f610f150a1edbce6dce318cd3a376256b7ca1adf20360858aefd29eb288aa
han_fixed_v2__confirmation__s0.005000__af0.200000__q5__draw070	confirmation	0.005	0.2	0.17500000000000002	0.225	0.2	1879.646114767317	1880.0	40	100	500	5.0	2400.0	2272.0	70	1842852219	0	1818604685	0	1800.0	2	1	focal_2bp_forward_only_no_recap_no_neutral_overlay	9b9f610f150a1edbce6dce318cd3a376256b7ca1adf20360858aefd29eb288aa
han_fixed_v2__confirmation__s0.005000__af0.200000__q5__draw071	confirmation	0.005	0.2	0.17500000000000002	0.225	0.2	1879.646114767317	1880.0	40	100	500	5.0	2400.0	2272.0	71	1114976183	0	1472562944	0	1800.0	2	1	focal_2bp_forward_only_no_recap_no_neutral_overlay	9b9f610f150a1edbce6dce318cd3a376256b7ca1adf20360858aefd29eb288aa
han_fixed_v2__confirmation__s0.005000__af0.200000__q5__draw072	confirmation	0.005	0.2	0.17500000000000002	0.225	0.2	1879.646114767317	1880.0	40	100	500	5.0	2400.0	2272.0	72	1320652344	0	2041741433	0	1800.0	2	1	focal_2bp_forward_only_no_recap_no_neutral_overlay	9b9f610f150a1edbce6dce318cd3a376256b7ca1adf20360858aefd29eb288aa
han_fixed_v2__confirmation__s0.005000__af0.200000__q5__draw073	confirmation	0.005	0.2	0.17500000000000002	0.225	0.2	1879.646114767317	1880.0	40	100	500	5.0	2400.0	2272.0	73	1326601047	0	2022927632	0	1800.0	2	1	focal_2bp_forward_only_no_recap_no_neutral_overlay	9b9f610f150a1edbce6dce318cd3a376256b7ca1adf20360858aefd29eb288aa
han_fixed_v2__confirmation__s0.005000__af0.200000__q5__draw074	confirmation	0.005	0.2	0.17500000000000002	0.225	0.2	1879.646114767317	1880.0	40	100	500	5.0	2400.0	2272.0	74	217756562	0	514979401	0	1800.0	2	1	focal_2bp_forward_only_no_recap_no_neutral_overlay	9b9f610f150a1edbce6dce318cd3a376256b7ca1adf20360858aefd29eb288aa
han_fixed_v2__confirmation__s0.005000__af0.200000__q5__draw075	confirmation	0.005	0.2	0.17500000000000002	0.225	0.2	1879.646114767317	1880.0	40	100	500	5.0	2400.0	2272.0	75	1003054337	0	753566184	0	1800.0	2	1	focal_2bp_forward_only_no_recap_no_neutral_overlay	9b9f610f150a1edbce6dce318cd3a376256b7ca1adf20360858aefd29eb288aa
han_fixed_v2__confirmation__s0.005000__af0.200000__q5__draw076	confirmation	0.005	0.2	0.17500000000000002	0.225	0.2	1879.646114767317	1880.0	40	100	500	5.0	2400.0	2272.0	76	2038018610	0	1601126891	0	1800.0	2	1	focal_2bp_forward_only_no_recap_no_neutral_overlay	9b9f610f150a1edbce6dce318cd3a376256b7ca1adf20360858aefd29eb288aa
han_fixed_v2__confirmation__s0.005000__af0.200000__q5__draw077	confirmation	0.005	0.2	0.17500000000000002	0.225	0.2	1879.646114767317	1880.0	40	100	500	5.0	2400.0	2272.0	77	1275236562	0	894248130	0	1800.0	2	1	focal_2bp_forward_only_no_recap_no_neutral_overlay	9b9f610f150a1edbce6dce318cd3a376256b7ca1adf20360858aefd29eb288aa
han_fixed_v2__confirmation__s0.005000__af0.200000__q5__draw078	confirmation	0.005	0.2	0.17500000000000002	0.225	0.2	1879.646114767317	1880.0	40	100	500	5.0	2400.0	2272.0	78	1238601181	0	321403997	0	1800.0	2	1	focal_2bp_forward_only_no_recap_no_neutral_overlay	9b9f610f150a1edbce6dce318cd3a376256b7ca1adf20360858aefd29eb288aa
han_fixed_v2__confirmation__s0.005000__af0.200000__q5__draw079	confirmation	0.005	0.2	0.17500000000000002	0.225	0.2	1879.646114767317	1880.0	40	100	500	5.0	2400.0	2272.0	79	945820039	0	1796851643	0	1800.0	2	1	focal_2bp_forward_only_no_recap_no_neutral_overlay	9b9f610f150a1edbce6dce318cd3a376256b7ca1adf20360858aefd29eb288aa
han_fixed_v2__confirmation__s0.005000__af0.200000__q5__draw080	confirmation	0.005	0.2	0.17500000000000002	0.225	0.2	1879.646114767317	1880.0	40	100	500	5.0	2400.0	2272.0	80	1084081446	0	1223263373	0	1800.0	2	1	focal_2bp_forward_only_no_recap_no_neutral_overlay	9b9f610f150a1edbce6dce318cd3a376256b7ca1adf20360858aefd29eb288aa
han_fixed_v2__confirmation__s0.005000__af0.200000__q5__draw081	confirmation	0.005	0.2	0.17500000000000002	0.225	0.2	1879.646114767317	1880.0	40	100	500	5.0	2400.0	2272.0	81	1307926353	0	186258977	0	1800.0	2	1	focal_2bp_forward_only_no_recap_no_neutral_overlay	9b9f610f150a1edbce6dce318cd3a376256b7ca1adf20360858aefd29eb288aa
han_fixed_v2__confirmation__s0.005000__af0.200000__q5__draw082	confirmation	0.005	0.2	0.17500000000000002	0.225	0.2	1879.646114767317	1880.0	40	100	500	5.0	2400.0	2272.0	82	2132497412	0	1687271253	0	1800.0	2	1	focal_2bp_forward_only_no_recap_no_neutral_overlay	9b9f610f150a1edbce6dce318cd3a376256b7ca1adf20360858aefd29eb288aa
han_fixed_v2__confirmation__s0.005000__af0.200000__q5__draw083	confirmation	0.005	0.2	0.17500000000000002	0.225	0.2	1879.646114767317	1880.0	40	100	500	5.0	2400.0	2272.0	83	18805729	0	1550529233	0	1800.0	2	1	focal_2bp_forward_only_no_recap_no_neutral_overlay	9b9f610f150a1edbce6dce318cd3a376256b7ca1adf20360858aefd29eb288aa
han_fixed_v2__confirmation__s0.005000__af0.200000__q5__draw084	confirmation	0.005	0.2	0.17500000000000002	0.225	0.2	1879.646114767317	1880.0	40	100	500	5.0	2400.0	2272.0	84	1216488720	0	1065156441	0	1800.0	2	1	focal_2bp_forward_only_no_recap_no_neutral_overlay	9b9f610f150a1edbce6dce318cd3a376256b7ca1adf20360858aefd29eb288aa
han_fixed_v2__confirmation__s0.005000__af0.200000__q5__draw085	confirmation	0.005	0.2	0.17500000000000002	0.225	0.2	1879.646114767317	1880.0	40	100	500	5.0	2400.0	2272.0	85	1564738158	0	1119338446	0	1800.0	2	1	focal_2bp_forward_only_no_recap_no_neutral_overlay	9b9f610f150a1edbce6dce318cd3a376256b7ca1adf20360858aefd29eb288aa
han_fixed_v2__confirmation__s0.005000__af0.200000__q5__draw086	confirmation	0.005	0.2	0.17500000000000002	0.225	0.2	1879.646114767317	1880.0	40	100	500	5.0	2400.0	2272.0	86	4239402	0	1525827736	0	1800.0	2	1	focal_2bp_forward_only_no_recap_no_neutral_overlay	9b9f610f150a1edbce6dce318cd3a376256b7ca1adf20360858aefd29eb288aa
han_fixed_v2__confirmation__s0.005000__af0.200000__q5__draw087	confirmation	0.005	0.2	0.17500000000000002	0.225	0.2	1879.646114767317	1880.0	40	100	500	5.0	2400.0	2272.0	87	604584845	0	844008576	0	1800.0	2	1	focal_2bp_forward_only_no_recap_no_neutral_overlay	9b9f610f150a1edbce6dce318cd3a376256b7ca1adf20360858aefd29eb288aa
han_fixed_v2__confirmation__s0.005000__af0.200000__q5__draw088	confirmation	0.005	0.2	0.17500000000000002	0.225	0.2	1879.646114767317	1880.0	40	100	500	5.0	2400.0	2272.0	88	1492343542	0	1744613158	0	1800.0	2	1	focal_2bp_forward_only_no_recap_no_neutral_overlay	9b9f610f150a1edbce6dce318cd3a376256b7ca1adf20360858aefd29eb288aa
han_fixed_v2__confirmation__s0.005000__af0.200000__q5__draw089	confirmation	0.005	0.2	0.17500000000000002	0.225	0.2	1879.646114767317	1880.0	40	100	500	5.0	2400.0	2272.0	89	768713721	0	1980736589	0	1800.0	2	1	focal_2bp_forward_only_no_recap_no_neutral_overlay	9b9f610f150a1edbce6dce318cd3a376256b7ca1adf20360858aefd29eb288aa
han_fixed_v2__confirmation__s0.005000__af0.200000__q5__draw090	confirmation	0.005	0.2	0.17500000000000002	0.225	0.2	1879.646114767317	1880.0	40	100	500	5.0	2400.0	2272.0	90	796700441	0	2035252464	0	1800.0	2	1	focal_2bp_forward_only_no_recap_no_neutral_overlay	9b9f610f150a1edbce6dce318cd3a376256b7ca1adf20360858aefd29eb288aa
han_fixed_v2__confirmation__s0.005000__af0.200000__q5__draw091	confirmation	0.005	0.2	0.17500000000000002	0.225	0.2	1879.646114767317	1880.0	40	100	500	5.0	2400.0	2272.0	91	759576096	0	263501331	0	1800.0	2	1	focal_2bp_forward_only_no_recap_no_neutral_overlay	9b9f610f150a1edbce6dce318cd3a376256b7ca1adf20360858aefd29eb288aa
han_fixed_v2__confirmation__s0.005000__af0.200000__q5__draw092	confirmation	0.005	0.2	0.17500000000000002	0.225	0.2	1879.646114767317	1880.0	40	100	500	5.0	2400.0	2272.0	92	1978088333	0	758471470	0	1800.0	2	1	focal_2bp_forward_only_no_recap_no_neutral_overlay	9b9f610f150a1edbce6dce318cd3a376256b7ca1adf20360858aefd29eb288aa
han_fixed_v2__confirmation__s0.005000__af0.200000__q5__draw093	confirmation	0.005	0.2	0.17500000000000002	0.225	0.2	1879.646114767317	1880.0	40	100	500	5.0	2400.0	2272.0	93	1189011755	0	1055075540	0	1800.0	2	1	focal_2bp_forward_only_no_recap_no_neutral_overlay	9b9f610f150a1edbce6dce318cd3a376256b7ca1adf20360858aefd29eb288aa
han_fixed_v2__confirmation__s0.005000__af0.200000__q5__draw094	confirmation	0.005	0.2	0.17500000000000002	0.225	0.2	1879.646114767317	1880.0	40	100	500	5.0	2400.0	2272.0	94	143727251	0	325200501	0	1800.0	2	1	focal_2bp_forward_only_no_recap_no_neutral_overlay	9b9f610f150a1edbce6dce318cd3a376256b7ca1adf20360858aefd29eb288aa
han_fixed_v2__confirmation__s0.005000__af0.200000__q5__draw095	confirmation	0.005	0.2	0.17500000000000002	0.225	0.2	1879.646114767317	1880.0	40	100	500	5.0	2400.0	2272.0	95	966466080	0	1274093308	0	1800.0	2	1	focal_2bp_forward_only_no_recap_no_neutral_overlay	9b9f610f150a1edbce6dce318cd3a376256b7ca1adf20360858aefd29eb288aa
han_fixed_v2__confirmation__s0.005000__af0.200000__q5__draw096	confirmation	0.005	0.2	0.17500000000000002	0.225	0.2	1879.646114767317	1880.0	40	100	500	5.0	2400.0	2272.0	96	747839347	0	778620783	0	1800.0	2	1	focal_2bp_forward_only_no_recap_no_neutral_overlay	9b9f610f150a1edbce6dce318cd3a376256b7ca1adf20360858aefd29eb288aa
han_fixed_v2__confirmation__s0.005000__af0.200000__q5__draw097	confirmation	0.005	0.2	0.17500000000000002	0.225	0.2	1879.646114767317	1880.0	40	100	500	5.0	2400.0	2272.0	97	1957410834	0	470522712	0	1800.0	2	1	focal_2bp_forward_only_no_recap_no_neutral_overlay	9b9f610f150a1edbce6dce318cd3a376256b7ca1adf20360858aefd29eb288aa
han_fixed_v2__confirmation__s0.005000__af0.200000__q5__draw098	confirmation	0.005	0.2	0.17500000000000002	0.225	0.2	1879.646114767317	1880.0	40	100	500	5.0	2400.0	2272.0	98	271435535	0	1301888632	0	1800.0	2	1	focal_2bp_forward_only_no_recap_no_neutral_overlay	9b9f610f150a1edbce6dce318cd3a376256b7ca1adf20360858aefd29eb288aa
han_fixed_v2__confirmation__s0.005000__af0.200000__q5__draw099	confirmation	0.005	0.2	0.17500000000000002	0.225	0.2	1879.646114767317	1880.0	40	100	500	5.0	2400.0	2272.0	99	1552932826	0	1397888352	0	1800.0	2	1	focal_2bp_forward_only_no_recap_no_neutral_overlay	9b9f610f150a1edbce6dce318cd3a376256b7ca1adf20360858aefd29eb288aa
han_fixed_v2__confirmation__s0.005000__af0.300000__q5__draw000	confirmation	0.005	0.3	0.27499999999999997	0.325	0.5	1183.315986771755	1185.0	60	100	500	5.0	2400.0	2272.0	0	1435050286	0	205337043	0	1800.0	2	1	focal_2bp_forward_only_no_recap_no_neutral_overlay	9b9f610f150a1edbce6dce318cd3a376256b7ca1adf20360858aefd29eb288aa
han_fixed_v2__confirmation__s0.005000__af0.300000__q5__draw001	confirmation	0.005	0.3	0.27499999999999997	0.325	0.5	1183.315986771755	1185.0	60	100	500	5.0	2400.0	2272.0	1	155441799	0	279195071	0	1800.0	2	1	focal_2bp_forward_only_no_recap_no_neutral_overlay	9b9f610f150a1edbce6dce318cd3a376256b7ca1adf20360858aefd29eb288aa
han_fixed_v2__confirmation__s0.005000__af0.300000__q5__draw002	confirmation	0.005	0.3	0.27499999999999997	0.325	0.5	1183.315986771755	1185.0	60	100	500	5.0	2400.0	2272.0	2	1483449284	0	1054175881	0	1800.0	2	1	focal_2bp_forward_only_no_recap_no_neutral_overlay	9b9f610f150a1edbce6dce318cd3a376256b7ca1adf20360858aefd29eb288aa
han_fixed_v2__confirmation__s0.005000__af0.300000__q5__draw003	confirmation	0.005	0.3	0.27499999999999997	0.325	0.5	1183.315986771755	1185.0	60	100	500	5.0	2400.0	2272.0	3	1409152361	0	1218021777	0	1800.0	2	1	focal_2bp_forward_only_no_recap_no_neutral_overlay	9b9f610f150a1edbce6dce318cd3a376256b7ca1adf20360858aefd29eb288aa
han_fixed_v2__confirmation__s0.005000__af0.300000__q5__draw004	confirmation	0.005	0.3	0.27499999999999997	0.325	0.5	1183.315986771755	1185.0	60	100	500	5.0	2400.0	2272.0	4	44837527	0	1867216133	0	1800.0	2	1	focal_2bp_forward_only_no_recap_no_neutral_overlay	9b9f610f150a1edbce6dce318cd3a376256b7ca1adf20360858aefd29eb288aa
han_fixed_v2__confirmation__s0.005000__af0.300000__q5__draw005	confirmation	0.005	0.3	0.27499999999999997	0.325	0.5	1183.315986771755	1185.0	60	100	500	5.0	2400.0	2272.0	5	1539984009	0	2120390812	0	1800.0	2	1	focal_2bp_forward_only_no_recap_no_neutral_overlay	9b9f610f150a1edbce6dce318cd3a376256b7ca1adf20360858aefd29eb288aa
han_fixed_v2__confirmation__s0.005000__af0.300000__q5__draw006	confirmation	0.005	0.3	0.27499999999999997	0.325	0.5	1183.315986771755	1185.0	60	100	500	5.0	2400.0	2272.0	6	420200463	0	2065639732	0	1800.0	2	1	focal_2bp_forward_only_no_recap_no_neutral_overlay	9b9f610f150a1edbce6dce318cd3a376256b7ca1adf20360858aefd29eb288aa
han_fixed_v2__confirmation__s0.005000__af0.300000__q5__draw007	confirmation	0.005	0.3	0.27499999999999997	0.325	0.5	1183.315986771755	1185.0	60	100	500	5.0	2400.0	2272.0	7	905455758	0	1951143816	0	1800.0	2	1	focal_2bp_forward_only_no_recap_no_neutral_overlay	9b9f610f150a1edbce6dce318cd3a376256b7ca1adf20360858aefd29eb288aa
han_fixed_v2__confirmation__s0.005000__af0.300000__q5__draw008	confirmation	0.005	0.3	0.27499999999999997	0.325	0.5	1183.315986771755	1185.0	60	100	500	5.0	2400.0	2272.0	8	1096771509	0	1852187231	0	1800.0	2	1	focal_2bp_forward_only_no_recap_no_neutral_overlay	9b9f610f150a1edbce6dce318cd3a376256b7ca1adf20360858aefd29eb288aa
han_fixed_v2__confirmation__s0.005000__af0.300000__q5__draw009	confirmation	0.005	0.3	0.27499999999999997	0.325	0.5	1183.315986771755	1185.0	60	100	500	5.0	2400.0	2272.0	9	885967642	0	643559363	0	1800.0	2	1	focal_2bp_forward_only_no_recap_no_neutral_overlay	9b9f610f150a1edbce6dce318cd3a376256b7ca1adf20360858aefd29eb288aa
han_fixed_v2__confirmation__s0.005000__af0.300000__q5__draw010	confirmation	0.005	0.3	0.27499999999999997	0.325	0.5	1183.315986771755	1185.0	60	100	500	5.0	2400.0	2272.0	10	224974105	0	1774190247	0	1800.0	2	1	focal_2bp_forward_only_no_recap_no_neutral_overlay	9b9f610f150a1edbce6dce318cd3a376256b7ca1adf20360858aefd29eb288aa
han_fixed_v2__confirmation__s0.005000__af0.300000__q5__draw011	confirmation	0.005	0.3	0.27499999999999997	0.325	0.5	1183.315986771755	1185.0	60	100	500	5.0	2400.0	2272.0	11	1997485205	0	992397788	0	1800.0	2	1	focal_2bp_forward_only_no_recap_no_neutral_overlay	9b9f610f150a1edbce6dce318cd3a376256b7ca1adf20360858aefd29eb288aa
han_fixed_v2__confirmation__s0.005000__af0.300000__q5__draw012	confirmation	0.005	0.3	0.27499999999999997	0.325	0.5	1183.315986771755	1185.0	60	100	500	5.0	2400.0	2272.0	12	1388800587	0	784525778	0	1800.0	2	1	focal_2bp_forward_only_no_recap_no_neutral_overlay	9b9f610f150a1edbce6dce318cd3a376256b7ca1adf20360858aefd29eb288aa
han_fixed_v2__confirmation__s0.005000__af0.300000__q5__draw013	confirmation	0.005	0.3	0.27499999999999997	0.325	0.5	1183.315986771755	1185.0	60	100	500	5.0	2400.0	2272.0	13	1117588063	0	560550163	0	1800.0	2	1	focal_2bp_forward_only_no_recap_no_neutral_overlay	9b9f610f150a1edbce6dce318cd3a376256b7ca1adf20360858aefd29eb288aa
han_fixed_v2__confirmation__s0.005000__af0.300000__q5__draw014	confirmation	0.005	0.3	0.27499999999999997	0.325	0.5	1183.315986771755	1185.0	60	100	500	5.0	2400.0	2272.0	14	675735132	0	1258504421	0	1800.0	2	1	focal_2bp_forward_only_no_recap_no_neutral_overlay	9b9f610f150a1edbce6dce318cd3a376256b7ca1adf20360858aefd29eb288aa
han_fixed_v2__confirmation__s0.005000__af0.300000__q5__draw015	confirmation	0.005	0.3	0.27499999999999997	0.325	0.5	1183.315986771755	1185.0	60	100	500	5.0	2400.0	2272.0	15	1358797442	0	582582504	0	1800.0	2	1	focal_2bp_forward_only_no_recap_no_neutral_overlay	9b9f610f150a1edbce6dce318cd3a376256b7ca1adf20360858aefd29eb288aa
han_fixed_v2__confirmation__s0.005000__af0.300000__q5__draw016	confirmation	0.005	0.3	0.27499999999999997	0.325	0.5	1183.315986771755	1185.0	60	100	500	5.0	2400.0	2272.0	16	784276544	0	676547775	0	1800.0	2	1	focal_2bp_forward_only_no_recap_no_neutral_overlay	9b9f610f150a1edbce6dce318cd3a376256b7ca1adf20360858aefd29eb288aa
han_fixed_v2__confirmation__s0.005000__af0.300000__q5__draw017	confirmation	0.005	0.3	0.27499999999999997	0.325	0.5	1183.315986771755	1185.0	60	100	500	5.0	2400.0	2272.0	17	1541398605	0	187307043	0	1800.0	2	1	focal_2bp_forward_only_no_recap_no_neutral_overlay	9b9f610f150a1edbce6dce318cd3a376256b7ca1adf20360858aefd29eb288aa
han_fixed_v2__confirmation__s0.005000__af0.300000__q5__draw018	confirmation	0.005	0.3	0.27499999999999997	0.325	0.5	1183.315986771755	1185.0	60	100	500	5.0	2400.0	2272.0	18	302377401	0	508167005	0	1800.0	2	1	focal_2bp_forward_only_no_recap_no_neutral_overlay	9b9f610f150a1edbce6dce318cd3a376256b7ca1adf20360858aefd29eb288aa
han_fixed_v2__confirmation__s0.005000__af0.300000__q5__draw019	confirmation	0.005	0.3	0.27499999999999997	0.325	0.5	1183.315986771755	1185.0	60	100	500	5.0	2400.0	2272.0	19	1244830879	0	636483630	0	1800.0	2	1	focal_2bp_forward_only_no_recap_no_neutral_overlay	9b9f610f150a1edbce6dce318cd3a376256b7ca1adf20360858aefd29eb288aa
han_fixed_v2__confirmation__s0.005000__af0.300000__q5__draw020	confirmation	0.005	0.3	0.27499999999999997	0.325	0.5	1183.315986771755	1185.0	60	100	500	5.0	2400.0	2272.0	20	138264590	0	943230233	0	1800.0	2	1	focal_2bp_forward_only_no_recap_no_neutral_overlay	9b9f610f150a1edbce6dce318cd3a376256b7ca1adf20360858aefd29eb288aa
han_fixed_v2__confirmation__s0.005000__af0.300000__q5__draw021	confirmation	0.005	0.3	0.27499999999999997	0.325	0.5	1183.315986771755	1185.0	60	100	500	5.0	2400.0	2272.0	21	1937012637	0	1880076668	0	1800.0	2	1	focal_2bp_forward_only_no_recap_no_neutral_overlay	9b9f610f150a1edbce6dce318cd3a376256b7ca1adf20360858aefd29eb288aa
han_fixed_v2__confirmation__s0.005000__af0.300000__q5__draw022	confirmation	0.005	0.3	0.27499999999999997	0.325	0.5	1183.315986771755	1185.0	60	100	500	5.0	2400.0	2272.0	22	866426481	0	52607654	0	1800.0	2	1	focal_2bp_forward_only_no_recap_no_neutral_overlay	9b9f610f150a1edbce6dce318cd3a376256b7ca1adf20360858aefd29eb288aa
han_fixed_v2__confirmation__s0.005000__af0.300000__q5__draw023	confirmation	0.005	0.3	0.27499999999999997	0.325	0.5	1183.315986771755	1185.0	60	100	500	5.0	2400.0	2272.0	23	2030229457	0	116538580	0	1800.0	2	1	focal_2bp_forward_only_no_recap_no_neutral_overlay	9b9f610f150a1edbce6dce318cd3a376256b7ca1adf20360858aefd29eb288aa
han_fixed_v2__confirmation__s0.005000__af0.300000__q5__draw024	confirmation	0.005	0.3	0.27499999999999997	0.325	0.5	1183.315986771755	1185.0	60	100	500	5.0	2400.0	2272.0	24	302032429	0	1743654413	0	1800.0	2	1	focal_2bp_forward_only_no_recap_no_neutral_overlay	9b9f610f150a1edbce6dce318cd3a376256b7ca1adf20360858aefd29eb288aa
han_fixed_v2__confirmation__s0.005000__af0.300000__q5__draw025	confirmation	0.005	0.3	0.27499999999999997	0.325	0.5	1183.315986771755	1185.0	60	100	500	5.0	2400.0	2272.0	25	264978148	0	2124451836	0	1800.0	2	1	focal_2bp_forward_only_no_recap_no_neutral_overlay	9b9f610f150a1edbce6dce318cd3a376256b7ca1adf20360858aefd29eb288aa
han_fixed_v2__confirmation__s0.005000__af0.300000__q5__draw026	confirmation	0.005	0.3	0.27499999999999997	0.325	0.5	1183.315986771755	1185.0	60	100	500	5.0	2400.0	2272.0	26	1282078222	0	257051061	0	1800.0	2	1	focal_2bp_forward_only_no_recap_no_neutral_overlay	9b9f610f150a1edbce6dce318cd3a376256b7ca1adf20360858aefd29eb288aa
han_fixed_v2__confirmation__s0.005000__af0.300000__q5__draw027	confirmation	0.005	0.3	0.27499999999999997	0.325	0.5	1183.315986771755	1185.0	60	100	500	5.0	2400.0	2272.0	27	2060127340	0	1908112733	0	1800.0	2	1	focal_2bp_forward_only_no_recap_no_neutral_overlay	9b9f610f150a1edbce6dce318cd3a376256b7ca1adf20360858aefd29eb288aa
han_fixed_v2__confirmation__s0.005000__af0.300000__q5__draw028	confirmation	0.005	0.3	0.27499999999999997	0.325	0.5	1183.315986771755	1185.0	60	100	500	5.0	2400.0	2272.0	28	2147422000	0	2020570733	0	1800.0	2	1	focal_2bp_forward_only_no_recap_no_neutral_overlay	9b9f610f150a1edbce6dce318cd3a376256b7ca1adf20360858aefd29eb288aa
han_fixed_v2__confirmation__s0.005000__af0.300000__q5__draw029	confirmation	0.005	0.3	0.27499999999999997	0.325	0.5	1183.315986771755	1185.0	60	100	500	5.0	2400.0	2272.0	29	2083933883	0	768267599	0	1800.0	2	1	focal_2bp_forward_only_no_recap_no_neutral_overlay	9b9f610f150a1edbce6dce318cd3a376256b7ca1adf20360858aefd29eb288aa
han_fixed_v2__confirmation__s0.005000__af0.300000__q5__draw030	confirmation	0.005	0.3	0.27499999999999997	0.325	0.5	1183.315986771755	1185.0	60	100	500	5.0	2400.0	2272.0	30	120108998	0	1813493422	0	1800.0	2	1	focal_2bp_forward_only_no_recap_no_neutral_overlay	9b9f610f150a1edbce6dce318cd3a376256b7ca1adf20360858aefd29eb288aa
han_fixed_v2__confirmation__s0.005000__af0.300000__q5__draw031	confirmation	0.005	0.3	0.27499999999999997	0.325	0.5	1183.315986771755	1185.0	60	100	500	5.0	2400.0	2272.0	31	965813559	0	1640770693	0	1800.0	2	1	focal_2bp_forward_only_no_recap_no_neutral_overlay	9b9f610f150a1edbce6dce318cd3a376256b7ca1adf20360858aefd29eb288aa
han_fixed_v2__confirmation__s0.005000__af0.300000__q5__draw032	confirmation	0.005	0.3	0.27499999999999997	0.325	0.5	1183.315986771755	1185.0	60	100	500	5.0	2400.0	2272.0	32	999724580	0	1292354395	0	1800.0	2	1	focal_2bp_forward_only_no_recap_no_neutral_overlay	9b9f610f150a1edbce6dce318cd3a376256b7ca1adf20360858aefd29eb288aa
han_fixed_v2__confirmation__s0.005000__af0.300000__q5__draw033	confirmation	0.005	0.3	0.27499999999999997	0.325	0.5	1183.315986771755	1185.0	60	100	500	5.0	2400.0	2272.0	33	1774417322	0	1023353638	0	1800.0	2	1	focal_2bp_forward_only_no_recap_no_neutral_overlay	9b9f610f150a1edbce6dce318cd3a376256b7ca1adf20360858aefd29eb288aa
han_fixed_v2__confirmation__s0.005000__af0.300000__q5__draw034	confirmation	0.005	0.3	0.27499999999999997	0.325	0.5	1183.315986771755	1185.0	60	100	500	5.0	2400.0	2272.0	34	1962290753	0	1607840856	0	1800.0	2	1	focal_2bp_forward_only_no_recap_no_neutral_overlay	9b9f610f150a1edbce6dce318cd3a376256b7ca1adf20360858aefd29eb288aa
han_fixed_v2__confirmation__s0.005000__af0.300000__q5__draw035	confirmation	0.005	0.3	0.27499999999999997	0.325	0.5	1183.315986771755	1185.0	60	100	500	5.0	2400.0	2272.0	35	796984732	0	2097054197	0	1800.0	2	1	focal_2bp_forward_only_no_recap_no_neutral_overlay	9b9f610f150a1edbce6dce318cd3a376256b7ca1adf20360858aefd29eb288aa
han_fixed_v2__confirmation__s0.005000__af0.300000__q5__draw036	confirmation	0.005	0.3	0.27499999999999997	0.325	0.5	1183.315986771755	1185.0	60	100	500	5.0	2400.0	2272.0	36	1599839656	0	1858649898	0	1800.0	2	1	focal_2bp_forward_only_no_recap_no_neutral_overlay	9b9f610f150a1edbce6dce318cd3a376256b7ca1adf20360858aefd29eb288aa
han_fixed_v2__confirmation__s0.005000__af0.300000__q5__draw037	confirmation	0.005	0.3	0.27499999999999997	0.325	0.5	1183.315986771755	1185.0	60	100	500	5.0	2400.0	2272.0	37	578460139	0	1283661951	0	1800.0	2	1	focal_2bp_forward_only_no_recap_no_neutral_overlay	9b9f610f150a1edbce6dce318cd3a376256b7ca1adf20360858aefd29eb288aa
han_fixed_v2__confirmation__s0.005000__af0.300000__q5__draw038	confirmation	0.005	0.3	0.27499999999999997	0.325	0.5	1183.315986771755	1185.0	60	100	500	5.0	2400.0	2272.0	38	1971484527	0	1805655768	0	1800.0	2	1	focal_2bp_forward_only_no_recap_no_neutral_overlay	9b9f610f150a1edbce6dce318cd3a376256b7ca1adf20360858aefd29eb288aa
han_fixed_v2__confirmation__s0.005000__af0.300000__q5__draw039	confirmation	0.005	0.3	0.27499999999999997	0.325	0.5	1183.315986771755	1185.0	60	100	500	5.0	2400.0	2272.0	39	2082940042	0	505203998	0	1800.0	2	1	focal_2bp_forward_only_no_recap_no_neutral_overlay	9b9f610f150a1edbce6dce318cd3a376256b7ca1adf20360858aefd29eb288aa
han_fixed_v2__confirmation__s0.005000__af0.300000__q5__draw040	confirmation	0.005	0.3	0.27499999999999997	0.325	0.5	1183.315986771755	1185.0	60	100	500	5.0	2400.0	2272.0	40	1716517268	0	1787327450	0	1800.0	2	1	focal_2bp_forward_only_no_recap_no_neutral_overlay	9b9f610f150a1edbce6dce318cd3a376256b7ca1adf20360858aefd29eb288aa
han_fixed_v2__confirmation__s0.005000__af0.300000__q5__draw041	confirmation	0.005	0.3	0.27499999999999997	0.325	0.5	1183.315986771755	1185.0	60	100	500	5.0	2400.0	2272.0	41	89416604	0	249055276	0	1800.0	2	1	focal_2bp_forward_only_no_recap_no_neutral_overlay	9b9f610f150a1edbce6dce318cd3a376256b7ca1adf20360858aefd29eb288aa
han_fixed_v2__confirmation__s0.005000__af0.300000__q5__draw042	confirmation	0.005	0.3	0.27499999999999997	0.325	0.5	1183.315986771755	1185.0	60	100	500	5.0	2400.0	2272.0	42	771933527	0	376248713	0	1800.0	2	1	focal_2bp_forward_only_no_recap_no_neutral_overlay	9b9f610f150a1edbce6dce318cd3a376256b7ca1adf20360858aefd29eb288aa
han_fixed_v2__confirmation__s0.005000__af0.300000__q5__draw043	confirmation	0.005	0.3	0.27499999999999997	0.325	0.5	1183.315986771755	1185.0	60	100	500	5.0	2400.0	2272.0	43	2091746004	0	1918899365	0	1800.0	2	1	focal_2bp_forward_only_no_recap_no_neutral_overlay	9b9f610f150a1edbce6dce318cd3a376256b7ca1adf20360858aefd29eb288aa
han_fixed_v2__confirmation__s0.005000__af0.300000__q5__draw044	confirmation	0.005	0.3	0.27499999999999997	0.325	0.5	1183.315986771755	1185.0	60	100	500	5.0	2400.0	2272.0	44	463470148	0	235444812	0	1800.0	2	1	focal_2bp_forward_only_no_recap_no_neutral_overlay	9b9f610f150a1edbce6dce318cd3a376256b7ca1adf20360858aefd29eb288aa
han_fixed_v2__confirmation__s0.005000__af0.300000__q5__draw045	confirmation	0.005	0.3	0.27499999999999997	0.325	0.5	1183.315986771755	1185.0	60	100	500	5.0	2400.0	2272.0	45	790068198	0	893987339	0	1800.0	2	1	focal_2bp_forward_only_no_recap_no_neutral_overlay	9b9f610f150a1edbce6dce318cd3a376256b7ca1adf20360858aefd29eb288aa
han_fixed_v2__confirmation__s0.005000__af0.300000__q5__draw046	confirmation	0.005	0.3	0.27499999999999997	0.325	0.5	1183.315986771755	1185.0	60	100	500	5.0	2400.0	2272.0	46	638302407	0	1220196592	0	1800.0	2	1	focal_2bp_forward_only_no_recap_no_neutral_overlay	9b9f610f150a1edbce6dce318cd3a376256b7ca1adf20360858aefd29eb288aa
han_fixed_v2__confirmation__s0.005000__af0.300000__q5__draw047	confirmation	0.005	0.3	0.27499999999999997	0.325	0.5	1183.315986771755	1185.0	60	100	500	5.0	2400.0	2272.0	47	1404845234	0	1131075676	0	1800.0	2	1	focal_2bp_forward_only_no_recap_no_neutral_overlay	9b9f610f150a1edbce6dce318cd3a376256b7ca1adf20360858aefd29eb288aa
han_fixed_v2__confirmation__s0.005000__af0.300000__q5__draw048	confirmation	0.005	0.3	0.27499999999999997	0.325	0.5	1183.315986771755	1185.0	60	100	500	5.0	2400.0	2272.0	48	1675523220	0	389869023	0	1800.0	2	1	focal_2bp_forward_only_no_recap_no_neutral_overlay	9b9f610f150a1edbce6dce318cd3a376256b7ca1adf20360858aefd29eb288aa
han_fixed_v2__confirmation__s0.005000__af0.300000__q5__draw049	confirmation	0.005	0.3	0.27499999999999997	0.325	0.5	1183.315986771755	1185.0	60	100	500	5.0	2400.0	2272.0	49	1585619816	0	1816714432	0	1800.0	2	1	focal_2bp_forward_only_no_recap_no_neutral_overlay	9b9f610f150a1edbce6dce318cd3a376256b7ca1adf20360858aefd29eb288aa
han_fixed_v2__confirmation__s0.005000__af0.300000__q5__draw050	confirmation	0.005	0.3	0.27499999999999997	0.325	0.5	1183.315986771755	1185.0	60	100	500	5.0	2400.0	2272.0	50	1871310400	0	1039617417	0	1800.0	2	1	focal_2bp_forward_only_no_recap_no_neutral_overlay	9b9f610f150a1edbce6dce318cd3a376256b7ca1adf20360858aefd29eb288aa
han_fixed_v2__confirmation__s0.005000__af0.300000__q5__draw051	confirmation	0.005	0.3	0.27499999999999997	0.325	0.5	1183.315986771755	1185.0	60	100	500	5.0	2400.0	2272.0	51	752209152	0	1455246273	0	1800.0	2	1	focal_2bp_forward_only_no_recap_no_neutral_overlay	9b9f610f150a1edbce6dce318cd3a376256b7ca1adf20360858aefd29eb288aa
han_fixed_v2__confirmation__s0.005000__af0.300000__q5__draw052	confirmation	0.005	0.3	0.27499999999999997	0.325	0.5	1183.315986771755	1185.0	60	100	500	5.0	2400.0	2272.0	52	2067854455	0	826095408	0	1800.0	2	1	focal_2bp_forward_only_no_recap_no_neutral_overlay	9b9f610f150a1edbce6dce318cd3a376256b7ca1adf20360858aefd29eb288aa
han_fixed_v2__confirmation__s0.005000__af0.300000__q5__draw053	confirmation	0.005	0.3	0.27499999999999997	0.325	0.5	1183.315986771755	1185.0	60	100	500	5.0	2400.0	2272.0	53	1335659772	0	779751854	0	1800.0	2	1	focal_2bp_forward_only_no_recap_no_neutral_overlay	9b9f610f150a1edbce6dce318cd3a376256b7ca1adf20360858aefd29eb288aa
han_fixed_v2__confirmation__s0.005000__af0.300000__q5__draw054	confirmation	0.005	0.3	0.27499999999999997	0.325	0.5	1183.315986771755	1185.0	60	100	500	5.0	2400.0	2272.0	54	926067213	0	1695276082	0	1800.0	2	1	focal_2bp_forward_only_no_recap_no_neutral_overlay	9b9f610f150a1edbce6dce318cd3a376256b7ca1adf20360858aefd29eb288aa
han_fixed_v2__confirmation__s0.005000__af0.300000__q5__draw055	confirmation	0.005	0.3	0.27499999999999997	0.325	0.5	1183.315986771755	1185.0	60	100	500	5.0	2400.0	2272.0	55	1014548111	0	1175820995	0	1800.0	2	1	focal_2bp_forward_only_no_recap_no_neutral_overlay	9b9f610f150a1edbce6dce318cd3a376256b7ca1adf20360858aefd29eb288aa
han_fixed_v2__confirmation__s0.005000__af0.300000__q5__draw056	confirmation	0.005	0.3	0.27499999999999997	0.325	0.5	1183.315986771755	1185.0	60	100	500	5.0	2400.0	2272.0	56	1592961321	0	2097873151	0	1800.0	2	1	focal_2bp_forward_only_no_recap_no_neutral_overlay	9b9f610f150a1edbce6dce318cd3a376256b7ca1adf20360858aefd29eb288aa
han_fixed_v2__confirmation__s0.005000__af0.300000__q5__draw057	confirmation	0.005	0.3	0.27499999999999997	0.325	0.5	1183.315986771755	1185.0	60	100	500	5.0	2400.0	2272.0	57	1910029954	0	88735863	0	1800.0	2	1	focal_2bp_forward_only_no_recap_no_neutral_overlay	9b9f610f150a1edbce6dce318cd3a376256b7ca1adf20360858aefd29eb288aa
han_fixed_v2__confirmation__s0.005000__af0.300000__q5__draw058	confirmation	0.005	0.3	0.27499999999999997	0.325	0.5	1183.315986771755	1185.0	60	100	500	5.0	2400.0	2272.0	58	1297940065	0	107168644	0	1800.0	2	1	focal_2bp_forward_only_no_recap_no_neutral_overlay	9b9f610f150a1edbce6dce318cd3a376256b7ca1adf20360858aefd29eb288aa
han_fixed_v2__confirmation__s0.005000__af0.300000__q5__draw059	confirmation	0.005	0.3	0.27499999999999997	0.325	0.5	1183.315986771755	1185.0	60	100	500	5.0	2400.0	2272.0	59	943285301	0	563255239	0	1800.0	2	1	focal_2bp_forward_only_no_recap_no_neutral_overlay	9b9f610f150a1edbce6dce318cd3a376256b7ca1adf20360858aefd29eb288aa
han_fixed_v2__confirmation__s0.005000__af0.300000__q5__draw060	confirmation	0.005	0.3	0.27499999999999997	0.325	0.5	1183.315986771755	1185.0	60	100	500	5.0	2400.0	2272.0	60	451192216	0	842131567	0	1800.0	2	1	focal_2bp_forward_only_no_recap_no_neutral_overlay	9b9f610f150a1edbce6dce318cd3a376256b7ca1adf20360858aefd29eb288aa
han_fixed_v2__confirmation__s0.005000__af0.300000__q5__draw061	confirmation	0.005	0.3	0.27499999999999997	0.325	0.5	1183.315986771755	1185.0	60	100	500	5.0	2400.0	2272.0	61	1117130464	0	1444446457	0	1800.0	2	1	focal_2bp_forward_only_no_recap_no_neutral_overlay	9b9f610f150a1edbce6dce318cd3a376256b7ca1adf20360858aefd29eb288aa
han_fixed_v2__confirmation__s0.005000__af0.300000__q5__draw062	confirmation	0.005	0.3	0.27499999999999997	0.325	0.5	1183.315986771755	1185.0	60	100	500	5.0	2400.0	2272.0	62	1688379044	0	1272719985	0	1800.0	2	1	focal_2bp_forward_only_no_recap_no_neutral_overlay	9b9f610f150a1edbce6dce318cd3a376256b7ca1adf20360858aefd29eb288aa
han_fixed_v2__confirmation__s0.005000__af0.300000__q5__draw063	confirmation	0.005	0.3	0.27499999999999997	0.325	0.5	1183.315986771755	1185.0	60	100	500	5.0	2400.0	2272.0	63	1072778023	0	1069857093	0	1800.0	2	1	focal_2bp_forward_only_no_recap_no_neutral_overlay	9b9f610f150a1edbce6dce318cd3a376256b7ca1adf20360858aefd29eb288aa
han_fixed_v2__confirmation__s0.005000__af0.300000__q5__draw064	confirmation	0.005	0.3	0.27499999999999997	0.325	0.5	1183.315986771755	1185.0	60	100	500	5.0	2400.0	2272.0	64	1880386236	0	4595306	0	1800.0	2	1	focal_2bp_forward_only_no_recap_no_neutral_overlay	9b9f610f150a1edbce6dce318cd3a376256b7ca1adf20360858aefd29eb288aa
han_fixed_v2__confirmation__s0.005000__af0.300000__q5__draw065	confirmation	0.005	0.3	0.27499999999999997	0.325	0.5	1183.315986771755	1185.0	60	100	500	5.0	2400.0	2272.0	65	1160552098	0	326228062	0	1800.0	2	1	focal_2bp_forward_only_no_recap_no_neutral_overlay	9b9f610f150a1edbce6dce318cd3a376256b7ca1adf20360858aefd29eb288aa
han_fixed_v2__confirmation__s0.005000__af0.300000__q5__draw066	confirmation	0.005	0.3	0.27499999999999997	0.325	0.5	1183.315986771755	1185.0	60	100	500	5.0	2400.0	2272.0	66	154855401	0	1771442842	0	1800.0	2	1	focal_2bp_forward_only_no_recap_no_neutral_overlay	9b9f610f150a1edbce6dce318cd3a376256b7ca1adf20360858aefd29eb288aa
han_fixed_v2__confirmation__s0.005000__af0.300000__q5__draw067	confirmation	0.005	0.3	0.27499999999999997	0.325	0.5	1183.315986771755	1185.0	60	100	500	5.0	2400.0	2272.0	67	1833420546	0	1743562681	0	1800.0	2	1	focal_2bp_forward_only_no_recap_no_neutral_overlay	9b9f610f150a1edbce6dce318cd3a376256b7ca1adf20360858aefd29eb288aa
han_fixed_v2__confirmation__s0.005000__af0.300000__q5__draw068	confirmation	0.005	0.3	0.27499999999999997	0.325	0.5	1183.315986771755	1185.0	60	100	500	5.0	2400.0	2272.0	68	1876299478	0	738342589	0	1800.0	2	1	focal_2bp_forward_only_no_recap_no_neutral_overlay	9b9f610f150a1edbce6dce318cd3a376256b7ca1adf20360858aefd29eb288aa
han_fixed_v2__confirmation__s0.005000__af0.300000__q5__draw069	confirmation	0.005	0.3	0.27499999999999997	0.325	0.5	1183.315986771755	1185.0	60	100	500	5.0	2400.0	2272.0	69	131616674	0	594754643	0	1800.0	2	1	focal_2bp_forward_only_no_recap_no_neutral_overlay	9b9f610f150a1edbce6dce318cd3a376256b7ca1adf20360858aefd29eb288aa
han_fixed_v2__confirmation__s0.005000__af0.300000__q5__draw070	confirmation	0.005	0.3	0.27499999999999997	0.325	0.5	1183.315986771755	1185.0	60	100	500	5.0	2400.0	2272.0	70	769952584	0	857930298	0	1800.0	2	1	focal_2bp_forward_only_no_recap_no_neutral_overlay	9b9f610f150a1edbce6dce318cd3a376256b7ca1adf20360858aefd29eb288aa
han_fixed_v2__confirmation__s0.005000__af0.300000__q5__draw071	confirmation	0.005	0.3	0.27499999999999997	0.325	0.5	1183.315986771755	1185.0	60	100	500	5.0	2400.0	2272.0	71	1149831936	0	497860650	0	1800.0	2	1	focal_2bp_forward_only_no_recap_no_neutral_overlay	9b9f610f150a1edbce6dce318cd3a376256b7ca1adf20360858aefd29eb288aa
han_fixed_v2__confirmation__s0.005000__af0.300000__q5__draw072	confirmation	0.005	0.3	0.27499999999999997	0.325	0.5	1183.315986771755	1185.0	60	100	500	5.0	2400.0	2272.0	72	995788517	0	1720683510	0	1800.0	2	1	focal_2bp_forward_only_no_recap_no_neutral_overlay	9b9f610f150a1edbce6dce318cd3a376256b7ca1adf20360858aefd29eb288aa
han_fixed_v2__confirmation__s0.005000__af0.300000__q5__draw073	confirmation	0.005	0.3	0.27499999999999997	0.325	0.5	1183.315986771755	1185.0	60	100	500	5.0	2400.0	2272.0	73	1931361812	0	1129011329	0	1800.0	2	1	focal_2bp_forward_only_no_recap_no_neutral_overlay	9b9f610f150a1edbce6dce318cd3a376256b7ca1adf20360858aefd29eb288aa
han_fixed_v2__confirmation__s0.005000__af0.300000__q5__draw074	confirmation	0.005	0.3	0.27499999999999997	0.325	0.5	1183.315986771755	1185.0	60	100	500	5.0	2400.0	2272.0	74	476655960	0	547241601	0	1800.0	2	1	focal_2bp_forward_only_no_recap_no_neutral_overlay	9b9f610f150a1edbce6dce318cd3a376256b7ca1adf20360858aefd29eb288aa
han_fixed_v2__confirmation__s0.005000__af0.300000__q5__draw075	confirmation	0.005	0.3	0.27499999999999997	0.325	0.5	1183.315986771755	1185.0	60	100	500	5.0	2400.0	2272.0	75	1195993868	0	75581313	0	1800.0	2	1	focal_2bp_forward_only_no_recap_no_neutral_overlay	9b9f610f150a1edbce6dce318cd3a376256b7ca1adf20360858aefd29eb288aa
han_fixed_v2__confirmation__s0.005000__af0.300000__q5__draw076	confirmation	0.005	0.3	0.27499999999999997	0.325	0.5	1183.315986771755	1185.0	60	100	500	5.0	2400.0	2272.0	76	209106522	0	1038278358	0	1800.0	2	1	focal_2bp_forward_only_no_recap_no_neutral_overlay	9b9f610f150a1edbce6dce318cd3a376256b7ca1adf20360858aefd29eb288aa
han_fixed_v2__confirmation__s0.005000__af0.300000__q5__draw077	confirmation	0.005	0.3	0.27499999999999997	0.325	0.5	1183.315986771755	1185.0	60	100	500	5.0	2400.0	2272.0	77	755846095	0	195387258	0	1800.0	2	1	focal_2bp_forward_only_no_recap_no_neutral_overlay	9b9f610f150a1edbce6dce318cd3a376256b7ca1adf20360858aefd29eb288aa
han_fixed_v2__confirmation__s0.005000__af0.300000__q5__draw078	confirmation	0.005	0.3	0.27499999999999997	0.325	0.5	1183.315986771755	1185.0	60	100	500	5.0	2400.0	2272.0	78	1796219424	0	692826673	0	1800.0	2	1	focal_2bp_forward_only_no_recap_no_neutral_overlay	9b9f610f150a1edbce6dce318cd3a376256b7ca1adf20360858aefd29eb288aa
han_fixed_v2__confirmation__s0.005000__af0.300000__q5__draw079	confirmation	0.005	0.3	0.27499999999999997	0.325	0.5	1183.315986771755	1185.0	60	100	500	5.0	2400.0	2272.0	79	235833661	0	9442623	0	1800.0	2	1	focal_2bp_forward_only_no_recap_no_neutral_overlay	9b9f610f150a1edbce6dce318cd3a376256b7ca1adf20360858aefd29eb288aa
han_fixed_v2__confirmation__s0.005000__af0.300000__q5__draw080	confirmation	0.005	0.3	0.27499999999999997	0.325	0.5	1183.315986771755	1185.0	60	100	500	5.0	2400.0	2272.0	80	1063766878	0	902400478	0	1800.0	2	1	focal_2bp_forward_only_no_recap_no_neutral_overlay	9b9f610f150a1edbce6dce318cd3a376256b7ca1adf20360858aefd29eb288aa
han_fixed_v2__confirmation__s0.005000__af0.300000__q5__draw081	confirmation	0.005	0.3	0.27499999999999997	0.325	0.5	1183.315986771755	1185.0	60	100	500	5.0	2400.0	2272.0	81	1473902429	0	1897053240	0	1800.0	2	1	focal_2bp_forward_only_no_recap_no_neutral_overlay	9b9f610f150a1edbce6dce318cd3a376256b7ca1adf20360858aefd29eb288aa
han_fixed_v2__confirmation__s0.005000__af0.300000__q5__draw082	confirmation	0.005	0.3	0.27499999999999997	0.325	0.5	1183.315986771755	1185.0	60	100	500	5.0	2400.0	2272.0	82	1553558379	0	121018980	0	1800.0	2	1	focal_2bp_forward_only_no_recap_no_neutral_overlay	9b9f610f150a1edbce6dce318cd3a376256b7ca1adf20360858aefd29eb288aa
han_fixed_v2__confirmation__s0.005000__af0.300000__q5__draw083	confirmation	0.005	0.3	0.27499999999999997	0.325	0.5	1183.315986771755	1185.0	60	100	500	5.0	2400.0	2272.0	83	1920435043	0	863504050	0	1800.0	2	1	focal_2bp_forward_only_no_recap_no_neutral_overlay	9b9f610f150a1edbce6dce318cd3a376256b7ca1adf20360858aefd29eb288aa
han_fixed_v2__confirmation__s0.005000__af0.300000__q5__draw084	confirmation	0.005	0.3	0.27499999999999997	0.325	0.5	1183.315986771755	1185.0	60	100	500	5.0	2400.0	2272.0	84	214193204	0	1089720761	0	1800.0	2	1	focal_2bp_forward_only_no_recap_no_neutral_overlay	9b9f610f150a1edbce6dce318cd3a376256b7ca1adf20360858aefd29eb288aa
han_fixed_v2__confirmation__s0.005000__af0.300000__q5__draw085	confirmation	0.005	0.3	0.27499999999999997	0.325	0.5	1183.315986771755	1185.0	60	100	500	5.0	2400.0	2272.0	85	1886901414	0	1665429194	0	1800.0	2	1	focal_2bp_forward_only_no_recap_no_neutral_overlay	9b9f610f150a1edbce6dce318cd3a376256b7ca1adf20360858aefd29eb288aa
han_fixed_v2__confirmation__s0.005000__af0.300000__q5__draw086	confirmation	0.005	0.3	0.27499999999999997	0.325	0.5	1183.315986771755	1185.0	60	100	500	5.0	2400.0	2272.0	86	390383096	0	606279917	0	1800.0	2	1	focal_2bp_forward_only_no_recap_no_neutral_overlay	9b9f610f150a1edbce6dce318cd3a376256b7ca1adf20360858aefd29eb288aa
han_fixed_v2__confirmation__s0.005000__af0.300000__q5__draw087	confirmation	0.005	0.3	0.27499999999999997	0.325	0.5	1183.315986771755	1185.0	60	100	500	5.0	2400.0	2272.0	87	721706841	0	1711272520	0	1800.0	2	1	focal_2bp_forward_only_no_recap_no_neutral_overlay	9b9f610f150a1edbce6dce318cd3a376256b7ca1adf20360858aefd29eb288aa
han_fixed_v2__confirmation__s0.005000__af0.300000__q5__draw088	confirmation	0.005	0.3	0.27499999999999997	0.325	0.5	1183.315986771755	1185.0	60	100	500	5.0	2400.0	2272.0	88	1854380169	0	332620699	0	1800.0	2	1	focal_2bp_forward_only_no_recap_no_neutral_overlay	9b9f610f150a1edbce6dce318cd3a376256b7ca1adf20360858aefd29eb288aa
han_fixed_v2__confirmation__s0.005000__af0.300000__q5__draw089	confirmation	0.005	0.3	0.27499999999999997	0.325	0.5	1183.315986771755	1185.0	60	100	500	5.0	2400.0	2272.0	89	520991521	0	809536888	0	1800.0	2	1	focal_2bp_forward_only_no_recap_no_neutral_overlay	9b9f610f150a1edbce6dce318cd3a376256b7ca1adf20360858aefd29eb288aa
han_fixed_v2__confirmation__s0.005000__af0.300000__q5__draw090	confirmation	0.005	0.3	0.27499999999999997	0.325	0.5	1183.315986771755	1185.0	60	100	500	5.0	2400.0	2272.0	90	18870328	0	2087521806	0	1800.0	2	1	focal_2bp_forward_only_no_recap_no_neutral_overlay	9b9f610f150a1edbce6dce318cd3a376256b7ca1adf20360858aefd29eb288aa
han_fixed_v2__confirmation__s0.005000__af0.300000__q5__draw091	confirmation	0.005	0.3	0.27499999999999997	0.325	0.5	1183.315986771755	1185.0	60	100	500	5.0	2400.0	2272.0	91	198972419	0	438107715	0	1800.0	2	1	focal_2bp_forward_only_no_recap_no_neutral_overlay	9b9f610f150a1edbce6dce318cd3a376256b7ca1adf20360858aefd29eb288aa
han_fixed_v2__confirmation__s0.005000__af0.300000__q5__draw092	confirmation	0.005	0.3	0.27499999999999997	0.325	0.5	1183.315986771755	1185.0	60	100	500	5.0	2400.0	2272.0	92	1227814150	0	1768935272	0	1800.0	2	1	focal_2bp_forward_only_no_recap_no_neutral_overlay	9b9f610f150a1edbce6dce318cd3a376256b7ca1adf20360858aefd29eb288aa
han_fixed_v2__confirmation__s0.005000__af0.300000__q5__draw093	confirmation	0.005	0.3	0.27499999999999997	0.325	0.5	1183.315986771755	1185.0	60	100	500	5.0	2400.0	2272.0	93	1975921779	0	458835529	0	1800.0	2	1	focal_2bp_forward_only_no_recap_no_neutral_overlay	9b9f610f150a1edbce6dce318cd3a376256b7ca1adf20360858aefd29eb288aa
han_fixed_v2__confirmation__s0.005000__af0.300000__q5__draw094	confirmation	0.005	0.3	0.27499999999999997	0.325	0.5	1183.315986771755	1185.0	60	100	500	5.0	2400.0	2272.0	94	1135250404	0	112140164	0	1800.0	2	1	focal_2bp_forward_only_no_recap_no_neutral_overlay	9b9f610f150a1edbce6dce318cd3a376256b7ca1adf20360858aefd29eb288aa
han_fixed_v2__confirmation__s0.005000__af0.300000__q5__draw095	confirmation	0.005	0.3	0.27499999999999997	0.325	0.5	1183.315986771755	1185.0	60	100	500	5.0	2400.0	2272.0	95	669093827	0	1684761652	0	1800.0	2	1	focal_2bp_forward_only_no_recap_no_neutral_overlay	9b9f610f150a1edbce6dce318cd3a376256b7ca1adf20360858aefd29eb288aa
han_fixed_v2__confirmation__s0.005000__af0.300000__q5__draw096	confirmation	0.005	0.3	0.27499999999999997	0.325	0.5	1183.315986771755	1185.0	60	100	500	5.0	2400.0	2272.0	96	1422869610	0	1824359825	0	1800.0	2	1	focal_2bp_forward_only_no_recap_no_neutral_overlay	9b9f610f150a1edbce6dce318cd3a376256b7ca1adf20360858aefd29eb288aa
han_fixed_v2__confirmation__s0.005000__af0.300000__q5__draw097	confirmation	0.005	0.3	0.27499999999999997	0.325	0.5	1183.315986771755	1185.0	60	100	500	5.0	2400.0	2272.0	97	1570933083	0	1351446005	0	1800.0	2	1	focal_2bp_forward_only_no_recap_no_neutral_overlay	9b9f610f150a1edbce6dce318cd3a376256b7ca1adf20360858aefd29eb288aa
han_fixed_v2__confirmation__s0.005000__af0.300000__q5__draw098	confirmation	0.005	0.3	0.27499999999999997	0.325	0.5	1183.315986771755	1185.0	60	100	500	5.0	2400.0	2272.0	98	2090745429	0	1457015934	0	1800.0	2	1	focal_2bp_forward_only_no_recap_no_neutral_overlay	9b9f610f150a1edbce6dce318cd3a376256b7ca1adf20360858aefd29eb288aa
han_fixed_v2__confirmation__s0.005000__af0.300000__q5__draw099	confirmation	0.005	0.3	0.27499999999999997	0.325	0.5	1183.315986771755	1185.0	60	100	500	5.0	2400.0	2272.0	99	1475435280	0	194070258	0	1800.0	2	1	focal_2bp_forward_only_no_recap_no_neutral_overlay	9b9f610f150a1edbce6dce318cd3a376256b7ca1adf20360858aefd29eb288aa
han_fixed_v2__sensitivity_10mb__s0.010000__af0.100000__q5__draw000	sensitivity_10mb	0.01	0.1	0.07500000000000001	0.125	0.25	2067.3253325403894	2065.0	20	100	500	5.0	2400.0	2272.0	0	18569477	0	732565597	0	1800.0	10000000	5000000	production_10mb_normal_recap_neutral_overlay_strict_identity_exact_panel	9b9f610f150a1edbce6dce318cd3a376256b7ca1adf20360858aefd29eb288aa
han_fixed_v2__sensitivity_10mb__s0.010000__af0.100000__q5__draw001	sensitivity_10mb	0.01	0.1	0.07500000000000001	0.125	0.25	2067.3253325403894	2065.0	20	100	500	5.0	2400.0	2272.0	1	408511558	0	2063612897	0	1800.0	10000000	5000000	production_10mb_normal_recap_neutral_overlay_strict_identity_exact_panel	9b9f610f150a1edbce6dce318cd3a376256b7ca1adf20360858aefd29eb288aa
han_fixed_v2__sensitivity_10mb__s0.010000__af0.100000__q5__draw002	sensitivity_10mb	0.01	0.1	0.07500000000000001	0.125	0.25	2067.3253325403894	2065.0	20	100	500	5.0	2400.0	2272.0	2	150077798	0	1464658923	0	1800.0	10000000	5000000	production_10mb_normal_recap_neutral_overlay_strict_identity_exact_panel	9b9f610f150a1edbce6dce318cd3a376256b7ca1adf20360858aefd29eb288aa
han_fixed_v2__sensitivity_10mb__s0.010000__af0.100000__q5__draw003	sensitivity_10mb	0.01	0.1	0.07500000000000001	0.125	0.25	2067.3253325403894	2065.0	20	100	500	5.0	2400.0	2272.0	3	826001965	0	1646805028	0	1800.0	10000000	5000000	production_10mb_normal_recap_neutral_overlay_strict_identity_exact_panel	9b9f610f150a1edbce6dce318cd3a376256b7ca1adf20360858aefd29eb288aa
han_fixed_v2__sensitivity_10mb__s0.010000__af0.100000__q5__draw004	sensitivity_10mb	0.01	0.1	0.07500000000000001	0.125	0.25	2067.3253325403894	2065.0	20	100	500	5.0	2400.0	2272.0	4	1713379234	0	169010705	0	1800.0	10000000	5000000	production_10mb_normal_recap_neutral_overlay_strict_identity_exact_panel	9b9f610f150a1edbce6dce318cd3a376256b7ca1adf20360858aefd29eb288aa
han_fixed_v2__sensitivity_10mb__s0.010000__af0.100000__q5__draw005	sensitivity_10mb	0.01	0.1	0.07500000000000001	0.125	0.25	2067.3253325403894	2065.0	20	100	500	5.0	2400.0	2272.0	5	1797830785	0	299145745	0	1800.0	10000000	5000000	production_10mb_normal_recap_neutral_overlay_strict_identity_exact_panel	9b9f610f150a1edbce6dce318cd3a376256b7ca1adf20360858aefd29eb288aa
han_fixed_v2__sensitivity_10mb__s0.010000__af0.100000__q5__draw006	sensitivity_10mb	0.01	0.1	0.07500000000000001	0.125	0.25	2067.3253325403894	2065.0	20	100	500	5.0	2400.0	2272.0	6	356118646	0	1468442075	0	1800.0	10000000	5000000	production_10mb_normal_recap_neutral_overlay_strict_identity_exact_panel	9b9f610f150a1edbce6dce318cd3a376256b7ca1adf20360858aefd29eb288aa
han_fixed_v2__sensitivity_10mb__s0.010000__af0.100000__q5__draw007	sensitivity_10mb	0.01	0.1	0.07500000000000001	0.125	0.25	2067.3253325403894	2065.0	20	100	500	5.0	2400.0	2272.0	7	1555852166	0	2101071726	0	1800.0	10000000	5000000	production_10mb_normal_recap_neutral_overlay_strict_identity_exact_panel	9b9f610f150a1edbce6dce318cd3a376256b7ca1adf20360858aefd29eb288aa
han_fixed_v2__sensitivity_10mb__s0.010000__af0.100000__q5__draw008	sensitivity_10mb	0.01	0.1	0.07500000000000001	0.125	0.25	2067.3253325403894	2065.0	20	100	500	5.0	2400.0	2272.0	8	1598649346	0	42700093	0	1800.0	10000000	5000000	production_10mb_normal_recap_neutral_overlay_strict_identity_exact_panel	9b9f610f150a1edbce6dce318cd3a376256b7ca1adf20360858aefd29eb288aa
han_fixed_v2__sensitivity_10mb__s0.010000__af0.100000__q5__draw009	sensitivity_10mb	0.01	0.1	0.07500000000000001	0.125	0.25	2067.3253325403894	2065.0	20	100	500	5.0	2400.0	2272.0	9	1184046474	0	1046011464	0	1800.0	10000000	5000000	production_10mb_normal_recap_neutral_overlay_strict_identity_exact_panel	9b9f610f150a1edbce6dce318cd3a376256b7ca1adf20360858aefd29eb288aa
han_fixed_v2__sensitivity_10mb__s0.010000__af0.100000__q5__draw010	sensitivity_10mb	0.01	0.1	0.07500000000000001	0.125	0.25	2067.3253325403894	2065.0	20	100	500	5.0	2400.0	2272.0	10	1474208273	0	328348321	0	1800.0	10000000	5000000	production_10mb_normal_recap_neutral_overlay_strict_identity_exact_panel	9b9f610f150a1edbce6dce318cd3a376256b7ca1adf20360858aefd29eb288aa
han_fixed_v2__sensitivity_10mb__s0.010000__af0.100000__q5__draw011	sensitivity_10mb	0.01	0.1	0.07500000000000001	0.125	0.25	2067.3253325403894	2065.0	20	100	500	5.0	2400.0	2272.0	11	1094568246	0	1200137897	0	1800.0	10000000	5000000	production_10mb_normal_recap_neutral_overlay_strict_identity_exact_panel	9b9f610f150a1edbce6dce318cd3a376256b7ca1adf20360858aefd29eb288aa
han_fixed_v2__sensitivity_10mb__s0.010000__af0.100000__q5__draw012	sensitivity_10mb	0.01	0.1	0.07500000000000001	0.125	0.25	2067.3253325403894	2065.0	20	100	500	5.0	2400.0	2272.0	12	988484754	0	1019018665	0	1800.0	10000000	5000000	production_10mb_normal_recap_neutral_overlay_strict_identity_exact_panel	9b9f610f150a1edbce6dce318cd3a376256b7ca1adf20360858aefd29eb288aa
han_fixed_v2__sensitivity_10mb__s0.010000__af0.100000__q5__draw013	sensitivity_10mb	0.01	0.1	0.07500000000000001	0.125	0.25	2067.3253325403894	2065.0	20	100	500	5.0	2400.0	2272.0	13	1112383651	0	547951332	0	1800.0	10000000	5000000	production_10mb_normal_recap_neutral_overlay_strict_identity_exact_panel	9b9f610f150a1edbce6dce318cd3a376256b7ca1adf20360858aefd29eb288aa
han_fixed_v2__sensitivity_10mb__s0.010000__af0.100000__q5__draw014	sensitivity_10mb	0.01	0.1	0.07500000000000001	0.125	0.25	2067.3253325403894	2065.0	20	100	500	5.0	2400.0	2272.0	14	438443983	0	1978523525	0	1800.0	10000000	5000000	production_10mb_normal_recap_neutral_overlay_strict_identity_exact_panel	9b9f610f150a1edbce6dce318cd3a376256b7ca1adf20360858aefd29eb288aa
han_fixed_v2__sensitivity_10mb__s0.010000__af0.100000__q5__draw015	sensitivity_10mb	0.01	0.1	0.07500000000000001	0.125	0.25	2067.3253325403894	2065.0	20	100	500	5.0	2400.0	2272.0	15	878999206	0	1000079567	0	1800.0	10000000	5000000	production_10mb_normal_recap_neutral_overlay_strict_identity_exact_panel	9b9f610f150a1edbce6dce318cd3a376256b7ca1adf20360858aefd29eb288aa
han_fixed_v2__sensitivity_10mb__s0.010000__af0.100000__q5__draw016	sensitivity_10mb	0.01	0.1	0.07500000000000001	0.125	0.25	2067.3253325403894	2065.0	20	100	500	5.0	2400.0	2272.0	16	1912186842	0	2028753841	0	1800.0	10000000	5000000	production_10mb_normal_recap_neutral_overlay_strict_identity_exact_panel	9b9f610f150a1edbce6dce318cd3a376256b7ca1adf20360858aefd29eb288aa
han_fixed_v2__sensitivity_10mb__s0.010000__af0.100000__q5__draw017	sensitivity_10mb	0.01	0.1	0.07500000000000001	0.125	0.25	2067.3253325403894	2065.0	20	100	500	5.0	2400.0	2272.0	17	1751362276	0	1856871073	0	1800.0	10000000	5000000	production_10mb_normal_recap_neutral_overlay_strict_identity_exact_panel	9b9f610f150a1edbce6dce318cd3a376256b7ca1adf20360858aefd29eb288aa
han_fixed_v2__sensitivity_10mb__s0.010000__af0.100000__q5__draw018	sensitivity_10mb	0.01	0.1	0.07500000000000001	0.125	0.25	2067.3253325403894	2065.0	20	100	500	5.0	2400.0	2272.0	18	1580657480	0	1772209302	0	1800.0	10000000	5000000	production_10mb_normal_recap_neutral_overlay_strict_identity_exact_panel	9b9f610f150a1edbce6dce318cd3a376256b7ca1adf20360858aefd29eb288aa
han_fixed_v2__sensitivity_10mb__s0.010000__af0.100000__q5__draw019	sensitivity_10mb	0.01	0.1	0.07500000000000001	0.125	0.25	2067.3253325403894	2065.0	20	100	500	5.0	2400.0	2272.0	19	501209014	0	995724221	0	1800.0	10000000	5000000	production_10mb_normal_recap_neutral_overlay_strict_identity_exact_panel	9b9f610f150a1edbce6dce318cd3a376256b7ca1adf20360858aefd29eb288aa
han_fixed_v2__sensitivity_10mb__s0.010000__af0.200000__q5__draw000	sensitivity_10mb	0.01	0.2	0.17500000000000002	0.225	0.5	1781.5576434591462	1780.0	40	100	500	5.0	2400.0	2272.0	0	1958439840	0	2052482862	0	1800.0	10000000	5000000	production_10mb_normal_recap_neutral_overlay_strict_identity_exact_panel	9b9f610f150a1edbce6dce318cd3a376256b7ca1adf20360858aefd29eb288aa
han_fixed_v2__sensitivity_10mb__s0.010000__af0.200000__q5__draw001	sensitivity_10mb	0.01	0.2	0.17500000000000002	0.225	0.5	1781.5576434591462	1780.0	40	100	500	5.0	2400.0	2272.0	1	314582137	0	985328946	0	1800.0	10000000	5000000	production_10mb_normal_recap_neutral_overlay_strict_identity_exact_panel	9b9f610f150a1edbce6dce318cd3a376256b7ca1adf20360858aefd29eb288aa
han_fixed_v2__sensitivity_10mb__s0.010000__af0.200000__q5__draw002	sensitivity_10mb	0.01	0.2	0.17500000000000002	0.225	0.5	1781.5576434591462	1780.0	40	100	500	5.0	2400.0	2272.0	2	309306559	0	1123279915	0	1800.0	10000000	5000000	production_10mb_normal_recap_neutral_overlay_strict_identity_exact_panel	9b9f610f150a1edbce6dce318cd3a376256b7ca1adf20360858aefd29eb288aa
han_fixed_v2__sensitivity_10mb__s0.010000__af0.200000__q5__draw003	sensitivity_10mb	0.01	0.2	0.17500000000000002	0.225	0.5	1781.5576434591462	1780.0	40	100	500	5.0	2400.0	2272.0	3	1719966629	0	313272562	0	1800.0	10000000	5000000	production_10mb_normal_recap_neutral_overlay_strict_identity_exact_panel	9b9f610f150a1edbce6dce318cd3a376256b7ca1adf20360858aefd29eb288aa
han_fixed_v2__sensitivity_10mb__s0.010000__af0.200000__q5__draw004	sensitivity_10mb	0.01	0.2	0.17500000000000002	0.225	0.5	1781.5576434591462	1780.0	40	100	500	5.0	2400.0	2272.0	4	2004443027	0	960914665	0	1800.0	10000000	5000000	production_10mb_normal_recap_neutral_overlay_strict_identity_exact_panel	9b9f610f150a1edbce6dce318cd3a376256b7ca1adf20360858aefd29eb288aa
han_fixed_v2__sensitivity_10mb__s0.010000__af0.200000__q5__draw005	sensitivity_10mb	0.01	0.2	0.17500000000000002	0.225	0.5	1781.5576434591462	1780.0	40	100	500	5.0	2400.0	2272.0	5	1470214784	0	1944276294	0	1800.0	10000000	5000000	production_10mb_normal_recap_neutral_overlay_strict_identity_exact_panel	9b9f610f150a1edbce6dce318cd3a376256b7ca1adf20360858aefd29eb288aa
han_fixed_v2__sensitivity_10mb__s0.010000__af0.200000__q5__draw006	sensitivity_10mb	0.01	0.2	0.17500000000000002	0.225	0.5	1781.5576434591462	1780.0	40	100	500	5.0	2400.0	2272.0	6	1335862557	0	1661626316	0	1800.0	10000000	5000000	production_10mb_normal_recap_neutral_overlay_strict_identity_exact_panel	9b9f610f150a1edbce6dce318cd3a376256b7ca1adf20360858aefd29eb288aa
han_fixed_v2__sensitivity_10mb__s0.010000__af0.200000__q5__draw007	sensitivity_10mb	0.01	0.2	0.17500000000000002	0.225	0.5	1781.5576434591462	1780.0	40	100	500	5.0	2400.0	2272.0	7	1464077451	0	980013039	0	1800.0	10000000	5000000	production_10mb_normal_recap_neutral_overlay_strict_identity_exact_panel	9b9f610f150a1edbce6dce318cd3a376256b7ca1adf20360858aefd29eb288aa
han_fixed_v2__sensitivity_10mb__s0.010000__af0.200000__q5__draw008	sensitivity_10mb	0.01	0.2	0.17500000000000002	0.225	0.5	1781.5576434591462	1780.0	40	100	500	5.0	2400.0	2272.0	8	1556256038	0	220185696	0	1800.0	10000000	5000000	production_10mb_normal_recap_neutral_overlay_strict_identity_exact_panel	9b9f610f150a1edbce6dce318cd3a376256b7ca1adf20360858aefd29eb288aa
han_fixed_v2__sensitivity_10mb__s0.010000__af0.200000__q5__draw009	sensitivity_10mb	0.01	0.2	0.17500000000000002	0.225	0.5	1781.5576434591462	1780.0	40	100	500	5.0	2400.0	2272.0	9	1214533829	0	1128462109	0	1800.0	10000000	5000000	production_10mb_normal_recap_neutral_overlay_strict_identity_exact_panel	9b9f610f150a1edbce6dce318cd3a376256b7ca1adf20360858aefd29eb288aa
han_fixed_v2__sensitivity_10mb__s0.010000__af0.200000__q5__draw010	sensitivity_10mb	0.01	0.2	0.17500000000000002	0.225	0.5	1781.5576434591462	1780.0	40	100	500	5.0	2400.0	2272.0	10	787094522	0	271821663	0	1800.0	10000000	5000000	production_10mb_normal_recap_neutral_overlay_strict_identity_exact_panel	9b9f610f150a1edbce6dce318cd3a376256b7ca1adf20360858aefd29eb288aa
han_fixed_v2__sensitivity_10mb__s0.010000__af0.200000__q5__draw011	sensitivity_10mb	0.01	0.2	0.17500000000000002	0.225	0.5	1781.5576434591462	1780.0	40	100	500	5.0	2400.0	2272.0	11	118771387	0	369682925	0	1800.0	10000000	5000000	production_10mb_normal_recap_neutral_overlay_strict_identity_exact_panel	9b9f610f150a1edbce6dce318cd3a376256b7ca1adf20360858aefd29eb288aa
han_fixed_v2__sensitivity_10mb__s0.010000__af0.200000__q5__draw012	sensitivity_10mb	0.01	0.2	0.17500000000000002	0.225	0.5	1781.5576434591462	1780.0	40	100	500	5.0	2400.0	2272.0	12	831336203	0	37278035	0	1800.0	10000000	5000000	production_10mb_normal_recap_neutral_overlay_strict_identity_exact_panel	9b9f610f150a1edbce6dce318cd3a376256b7ca1adf20360858aefd29eb288aa
han_fixed_v2__sensitivity_10mb__s0.010000__af0.200000__q5__draw013	sensitivity_10mb	0.01	0.2	0.17500000000000002	0.225	0.5	1781.5576434591462	1780.0	40	100	500	5.0	2400.0	2272.0	13	2074436565	0	2073132330	0	1800.0	10000000	5000000	production_10mb_normal_recap_neutral_overlay_strict_identity_exact_panel	9b9f610f150a1edbce6dce318cd3a376256b7ca1adf20360858aefd29eb288aa
han_fixed_v2__sensitivity_10mb__s0.010000__af0.200000__q5__draw014	sensitivity_10mb	0.01	0.2	0.17500000000000002	0.225	0.5	1781.5576434591462	1780.0	40	100	500	5.0	2400.0	2272.0	14	338915334	0	1810538978	0	1800.0	10000000	5000000	production_10mb_normal_recap_neutral_overlay_strict_identity_exact_panel	9b9f610f150a1edbce6dce318cd3a376256b7ca1adf20360858aefd29eb288aa
han_fixed_v2__sensitivity_10mb__s0.010000__af0.200000__q5__draw015	sensitivity_10mb	0.01	0.2	0.17500000000000002	0.225	0.5	1781.5576434591462	1780.0	40	100	500	5.0	2400.0	2272.0	15	1546350493	0	1834940801	0	1800.0	10000000	5000000	production_10mb_normal_recap_neutral_overlay_strict_identity_exact_panel	9b9f610f150a1edbce6dce318cd3a376256b7ca1adf20360858aefd29eb288aa
han_fixed_v2__sensitivity_10mb__s0.010000__af0.200000__q5__draw016	sensitivity_10mb	0.01	0.2	0.17500000000000002	0.225	0.5	1781.5576434591462	1780.0	40	100	500	5.0	2400.0	2272.0	16	2145833177	0	720605777	0	1800.0	10000000	5000000	production_10mb_normal_recap_neutral_overlay_strict_identity_exact_panel	9b9f610f150a1edbce6dce318cd3a376256b7ca1adf20360858aefd29eb288aa
han_fixed_v2__sensitivity_10mb__s0.010000__af0.200000__q5__draw017	sensitivity_10mb	0.01	0.2	0.17500000000000002	0.225	0.5	1781.5576434591462	1780.0	40	100	500	5.0	2400.0	2272.0	17	1964035605	0	89109858	0	1800.0	10000000	5000000	production_10mb_normal_recap_neutral_overlay_strict_identity_exact_panel	9b9f610f150a1edbce6dce318cd3a376256b7ca1adf20360858aefd29eb288aa
han_fixed_v2__sensitivity_10mb__s0.010000__af0.200000__q5__draw018	sensitivity_10mb	0.01	0.2	0.17500000000000002	0.225	0.5	1781.5576434591462	1780.0	40	100	500	5.0	2400.0	2272.0	18	1168683172	0	2072357829	0	1800.0	10000000	5000000	production_10mb_normal_recap_neutral_overlay_strict_identity_exact_panel	9b9f610f150a1edbce6dce318cd3a376256b7ca1adf20360858aefd29eb288aa
han_fixed_v2__sensitivity_10mb__s0.010000__af0.200000__q5__draw019	sensitivity_10mb	0.01	0.2	0.17500000000000002	0.225	0.5	1781.5576434591462	1780.0	40	100	500	5.0	2400.0	2272.0	19	799812810	0	693496414	0	1800.0	10000000	5000000	production_10mb_normal_recap_neutral_overlay_strict_identity_exact_panel	9b9f610f150a1edbce6dce318cd3a376256b7ca1adf20360858aefd29eb288aa
han_fixed_v2__sensitivity_10mb__s0.010000__af0.300000__q5__draw000	sensitivity_10mb	0.01	0.3	0.27499999999999997	0.325	0.5	1727.6579933858775	1730.0	60	100	500	5.0	2400.0	2272.0	0	975529151	0	726024607	0	1800.0	10000000	5000000	production_10mb_normal_recap_neutral_overlay_strict_identity_exact_panel	9b9f610f150a1edbce6dce318cd3a376256b7ca1adf20360858aefd29eb288aa
han_fixed_v2__sensitivity_10mb__s0.010000__af0.300000__q5__draw001	sensitivity_10mb	0.01	0.3	0.27499999999999997	0.325	0.5	1727.6579933858775	1730.0	60	100	500	5.0	2400.0	2272.0	1	801716498	0	676948298	0	1800.0	10000000	5000000	production_10mb_normal_recap_neutral_overlay_strict_identity_exact_panel	9b9f610f150a1edbce6dce318cd3a376256b7ca1adf20360858aefd29eb288aa
han_fixed_v2__sensitivity_10mb__s0.010000__af0.300000__q5__draw002	sensitivity_10mb	0.01	0.3	0.27499999999999997	0.325	0.5	1727.6579933858775	1730.0	60	100	500	5.0	2400.0	2272.0	2	977144224	0	1502604542	0	1800.0	10000000	5000000	production_10mb_normal_recap_neutral_overlay_strict_identity_exact_panel	9b9f610f150a1edbce6dce318cd3a376256b7ca1adf20360858aefd29eb288aa
han_fixed_v2__sensitivity_10mb__s0.010000__af0.300000__q5__draw003	sensitivity_10mb	0.01	0.3	0.27499999999999997	0.325	0.5	1727.6579933858775	1730.0	60	100	500	5.0	2400.0	2272.0	3	2145901206	0	485605424	0	1800.0	10000000	5000000	production_10mb_normal_recap_neutral_overlay_strict_identity_exact_panel	9b9f610f150a1edbce6dce318cd3a376256b7ca1adf20360858aefd29eb288aa
han_fixed_v2__sensitivity_10mb__s0.010000__af0.300000__q5__draw004	sensitivity_10mb	0.01	0.3	0.27499999999999997	0.325	0.5	1727.6579933858775	1730.0	60	100	500	5.0	2400.0	2272.0	4	1607783548	0	1041694111	0	1800.0	10000000	5000000	production_10mb_normal_recap_neutral_overlay_strict_identity_exact_panel	9b9f610f150a1edbce6dce318cd3a376256b7ca1adf20360858aefd29eb288aa
han_fixed_v2__sensitivity_10mb__s0.010000__af0.300000__q5__draw005	sensitivity_10mb	0.01	0.3	0.27499999999999997	0.325	0.5	1727.6579933858775	1730.0	60	100	500	5.0	2400.0	2272.0	5	1871752070	0	1103225432	0	1800.0	10000000	5000000	production_10mb_normal_recap_neutral_overlay_strict_identity_exact_panel	9b9f610f150a1edbce6dce318cd3a376256b7ca1adf20360858aefd29eb288aa
han_fixed_v2__sensitivity_10mb__s0.010000__af0.300000__q5__draw006	sensitivity_10mb	0.01	0.3	0.27499999999999997	0.325	0.5	1727.6579933858775	1730.0	60	100	500	5.0	2400.0	2272.0	6	241221481	0	613231156	0	1800.0	10000000	5000000	production_10mb_normal_recap_neutral_overlay_strict_identity_exact_panel	9b9f610f150a1edbce6dce318cd3a376256b7ca1adf20360858aefd29eb288aa
han_fixed_v2__sensitivity_10mb__s0.010000__af0.300000__q5__draw007	sensitivity_10mb	0.01	0.3	0.27499999999999997	0.325	0.5	1727.6579933858775	1730.0	60	100	500	5.0	2400.0	2272.0	7	1384915201	0	1619227276	0	1800.0	10000000	5000000	production_10mb_normal_recap_neutral_overlay_strict_identity_exact_panel	9b9f610f150a1edbce6dce318cd3a376256b7ca1adf20360858aefd29eb288aa
han_fixed_v2__sensitivity_10mb__s0.010000__af0.300000__q5__draw008	sensitivity_10mb	0.01	0.3	0.27499999999999997	0.325	0.5	1727.6579933858775	1730.0	60	100	500	5.0	2400.0	2272.0	8	1885824378	0	221581386	0	1800.0	10000000	5000000	production_10mb_normal_recap_neutral_overlay_strict_identity_exact_panel	9b9f610f150a1edbce6dce318cd3a376256b7ca1adf20360858aefd29eb288aa
han_fixed_v2__sensitivity_10mb__s0.010000__af0.300000__q5__draw009	sensitivity_10mb	0.01	0.3	0.27499999999999997	0.325	0.5	1727.6579933858775	1730.0	60	100	500	5.0	2400.0	2272.0	9	1242507157	0	1355805250	0	1800.0	10000000	5000000	production_10mb_normal_recap_neutral_overlay_strict_identity_exact_panel	9b9f610f150a1edbce6dce318cd3a376256b7ca1adf20360858aefd29eb288aa
han_fixed_v2__sensitivity_10mb__s0.010000__af0.300000__q5__draw010	sensitivity_10mb	0.01	0.3	0.27499999999999997	0.325	0.5	1727.6579933858775	1730.0	60	100	500	5.0	2400.0	2272.0	10	2055536115	0	1075733616	0	1800.0	10000000	5000000	production_10mb_normal_recap_neutral_overlay_strict_identity_exact_panel	9b9f610f150a1edbce6dce318cd3a376256b7ca1adf20360858aefd29eb288aa
han_fixed_v2__sensitivity_10mb__s0.010000__af0.300000__q5__draw011	sensitivity_10mb	0.01	0.3	0.27499999999999997	0.325	0.5	1727.6579933858775	1730.0	60	100	500	5.0	2400.0	2272.0	11	509001376	0	261825878	0	1800.0	10000000	5000000	production_10mb_normal_recap_neutral_overlay_strict_identity_exact_panel	9b9f610f150a1edbce6dce318cd3a376256b7ca1adf20360858aefd29eb288aa
han_fixed_v2__sensitivity_10mb__s0.010000__af0.300000__q5__draw012	sensitivity_10mb	0.01	0.3	0.27499999999999997	0.325	0.5	1727.6579933858775	1730.0	60	100	500	5.0	2400.0	2272.0	12	82602505	0	1997031628	0	1800.0	10000000	5000000	production_10mb_normal_recap_neutral_overlay_strict_identity_exact_panel	9b9f610f150a1edbce6dce318cd3a376256b7ca1adf20360858aefd29eb288aa
han_fixed_v2__sensitivity_10mb__s0.010000__af0.300000__q5__draw013	sensitivity_10mb	0.01	0.3	0.27499999999999997	0.325	0.5	1727.6579933858775	1730.0	60	100	500	5.0	2400.0	2272.0	13	1481455452	0	1311771448	0	1800.0	10000000	5000000	production_10mb_normal_recap_neutral_overlay_strict_identity_exact_panel	9b9f610f150a1edbce6dce318cd3a376256b7ca1adf20360858aefd29eb288aa
han_fixed_v2__sensitivity_10mb__s0.010000__af0.300000__q5__draw014	sensitivity_10mb	0.01	0.3	0.27499999999999997	0.325	0.5	1727.6579933858775	1730.0	60	100	500	5.0	2400.0	2272.0	14	897528867	0	1509655756	0	1800.0	10000000	5000000	production_10mb_normal_recap_neutral_overlay_strict_identity_exact_panel	9b9f610f150a1edbce6dce318cd3a376256b7ca1adf20360858aefd29eb288aa
han_fixed_v2__sensitivity_10mb__s0.010000__af0.300000__q5__draw015	sensitivity_10mb	0.01	0.3	0.27499999999999997	0.325	0.5	1727.6579933858775	1730.0	60	100	500	5.0	2400.0	2272.0	15	252057497	0	1071204812	0	1800.0	10000000	5000000	production_10mb_normal_recap_neutral_overlay_strict_identity_exact_panel	9b9f610f150a1edbce6dce318cd3a376256b7ca1adf20360858aefd29eb288aa
han_fixed_v2__sensitivity_10mb__s0.010000__af0.300000__q5__draw016	sensitivity_10mb	0.01	0.3	0.27499999999999997	0.325	0.5	1727.6579933858775	1730.0	60	100	500	5.0	2400.0	2272.0	16	172935236	0	1180990156	0	1800.0	10000000	5000000	production_10mb_normal_recap_neutral_overlay_strict_identity_exact_panel	9b9f610f150a1edbce6dce318cd3a376256b7ca1adf20360858aefd29eb288aa
han_fixed_v2__sensitivity_10mb__s0.010000__af0.300000__q5__draw017	sensitivity_10mb	0.01	0.3	0.27499999999999997	0.325	0.5	1727.6579933858775	1730.0	60	100	500	5.0	2400.0	2272.0	17	475660609	0	899579237	0	1800.0	10000000	5000000	production_10mb_normal_recap_neutral_overlay_strict_identity_exact_panel	9b9f610f150a1edbce6dce318cd3a376256b7ca1adf20360858aefd29eb288aa
han_fixed_v2__sensitivity_10mb__s0.010000__af0.300000__q5__draw018	sensitivity_10mb	0.01	0.3	0.27499999999999997	0.325	0.5	1727.6579933858775	1730.0	60	100	500	5.0	2400.0	2272.0	18	1187248417	0	2118936999	0	1800.0	10000000	5000000	production_10mb_normal_recap_neutral_overlay_strict_identity_exact_panel	9b9f610f150a1edbce6dce318cd3a376256b7ca1adf20360858aefd29eb288aa
han_fixed_v2__sensitivity_10mb__s0.010000__af0.300000__q5__draw019	sensitivity_10mb	0.01	0.3	0.27499999999999997	0.325	0.5	1727.6579933858775	1730.0	60	100	500	5.0	2400.0	2272.0	19	2054708148	0	1259525531	0	1800.0	10000000	5000000	production_10mb_normal_recap_neutral_overlay_strict_identity_exact_panel	9b9f610f150a1edbce6dce318cd3a376256b7ca1adf20360858aefd29eb288aa
han_fixed_v2__sensitivity_10mb__s0.005000__af0.100000__q5__draw000	sensitivity_10mb	0.005	0.1	0.07500000000000001	0.125	0.2	1944.5205320646232	1945.0	20	100	500	5.0	2400.0	2272.0	0	1294119903	0	1709769559	0	1800.0	10000000	5000000	production_10mb_normal_recap_neutral_overlay_strict_identity_exact_panel	9b9f610f150a1edbce6dce318cd3a376256b7ca1adf20360858aefd29eb288aa
han_fixed_v2__sensitivity_10mb__s0.005000__af0.100000__q5__draw001	sensitivity_10mb	0.005	0.1	0.07500000000000001	0.125	0.2	1944.5205320646232	1945.0	20	100	500	5.0	2400.0	2272.0	1	2093270842	0	1101105977	0	1800.0	10000000	5000000	production_10mb_normal_recap_neutral_overlay_strict_identity_exact_panel	9b9f610f150a1edbce6dce318cd3a376256b7ca1adf20360858aefd29eb288aa
han_fixed_v2__sensitivity_10mb__s0.005000__af0.100000__q5__draw002	sensitivity_10mb	0.005	0.1	0.07500000000000001	0.125	0.2	1944.5205320646232	1945.0	20	100	500	5.0	2400.0	2272.0	2	727497700	0	361035610	0	1800.0	10000000	5000000	production_10mb_normal_recap_neutral_overlay_strict_identity_exact_panel	9b9f610f150a1edbce6dce318cd3a376256b7ca1adf20360858aefd29eb288aa
han_fixed_v2__sensitivity_10mb__s0.005000__af0.100000__q5__draw003	sensitivity_10mb	0.005	0.1	0.07500000000000001	0.125	0.2	1944.5205320646232	1945.0	20	100	500	5.0	2400.0	2272.0	3	475445467	0	11688675	0	1800.0	10000000	5000000	production_10mb_normal_recap_neutral_overlay_strict_identity_exact_panel	9b9f610f150a1edbce6dce318cd3a376256b7ca1adf20360858aefd29eb288aa
han_fixed_v2__sensitivity_10mb__s0.005000__af0.100000__q5__draw004	sensitivity_10mb	0.005	0.1	0.07500000000000001	0.125	0.2	1944.5205320646232	1945.0	20	100	500	5.0	2400.0	2272.0	4	1439811202	0	2095734760	0	1800.0	10000000	5000000	production_10mb_normal_recap_neutral_overlay_strict_identity_exact_panel	9b9f610f150a1edbce6dce318cd3a376256b7ca1adf20360858aefd29eb288aa
han_fixed_v2__sensitivity_10mb__s0.005000__af0.100000__q5__draw005	sensitivity_10mb	0.005	0.1	0.07500000000000001	0.125	0.2	1944.5205320646232	1945.0	20	100	500	5.0	2400.0	2272.0	5	1978805979	0	1209688327	0	1800.0	10000000	5000000	production_10mb_normal_recap_neutral_overlay_strict_identity_exact_panel	9b9f610f150a1edbce6dce318cd3a376256b7ca1adf20360858aefd29eb288aa
han_fixed_v2__sensitivity_10mb__s0.005000__af0.100000__q5__draw006	sensitivity_10mb	0.005	0.1	0.07500000000000001	0.125	0.2	1944.5205320646232	1945.0	20	100	500	5.0	2400.0	2272.0	6	81002302	0	1127534051	0	1800.0	10000000	5000000	production_10mb_normal_recap_neutral_overlay_strict_identity_exact_panel	9b9f610f150a1edbce6dce318cd3a376256b7ca1adf20360858aefd29eb288aa
han_fixed_v2__sensitivity_10mb__s0.005000__af0.100000__q5__draw007	sensitivity_10mb	0.005	0.1	0.07500000000000001	0.125	0.2	1944.5205320646232	1945.0	20	100	500	5.0	2400.0	2272.0	7	1252904107	0	2101134642	0	1800.0	10000000	5000000	production_10mb_normal_recap_neutral_overlay_strict_identity_exact_panel	9b9f610f150a1edbce6dce318cd3a376256b7ca1adf20360858aefd29eb288aa
han_fixed_v2__sensitivity_10mb__s0.005000__af0.100000__q5__draw008	sensitivity_10mb	0.005	0.1	0.07500000000000001	0.125	0.2	1944.5205320646232	1945.0	20	100	500	5.0	2400.0	2272.0	8	800590620	0	807998638	0	1800.0	10000000	5000000	production_10mb_normal_recap_neutral_overlay_strict_identity_exact_panel	9b9f610f150a1edbce6dce318cd3a376256b7ca1adf20360858aefd29eb288aa
han_fixed_v2__sensitivity_10mb__s0.005000__af0.100000__q5__draw009	sensitivity_10mb	0.005	0.1	0.07500000000000001	0.125	0.2	1944.5205320646232	1945.0	20	100	500	5.0	2400.0	2272.0	9	1134528043	0	1627185911	0	1800.0	10000000	5000000	production_10mb_normal_recap_neutral_overlay_strict_identity_exact_panel	9b9f610f150a1edbce6dce318cd3a376256b7ca1adf20360858aefd29eb288aa
han_fixed_v2__sensitivity_10mb__s0.005000__af0.100000__q5__draw010	sensitivity_10mb	0.005	0.1	0.07500000000000001	0.125	0.2	1944.5205320646232	1945.0	20	100	500	5.0	2400.0	2272.0	10	277515639	0	273155080	0	1800.0	10000000	5000000	production_10mb_normal_recap_neutral_overlay_strict_identity_exact_panel	9b9f610f150a1edbce6dce318cd3a376256b7ca1adf20360858aefd29eb288aa
han_fixed_v2__sensitivity_10mb__s0.005000__af0.100000__q5__draw011	sensitivity_10mb	0.005	0.1	0.07500000000000001	0.125	0.2	1944.5205320646232	1945.0	20	100	500	5.0	2400.0	2272.0	11	1749637012	0	1778210631	0	1800.0	10000000	5000000	production_10mb_normal_recap_neutral_overlay_strict_identity_exact_panel	9b9f610f150a1edbce6dce318cd3a376256b7ca1adf20360858aefd29eb288aa
han_fixed_v2__sensitivity_10mb__s0.005000__af0.100000__q5__draw012	sensitivity_10mb	0.005	0.1	0.07500000000000001	0.125	0.2	1944.5205320646232	1945.0	20	100	500	5.0	2400.0	2272.0	12	79755329	0	1573049540	0	1800.0	10000000	5000000	production_10mb_normal_recap_neutral_overlay_strict_identity_exact_panel	9b9f610f150a1edbce6dce318cd3a376256b7ca1adf20360858aefd29eb288aa
han_fixed_v2__sensitivity_10mb__s0.005000__af0.100000__q5__draw013	sensitivity_10mb	0.005	0.1	0.07500000000000001	0.125	0.2	1944.5205320646232	1945.0	20	100	500	5.0	2400.0	2272.0	13	2130706209	0	2078293840	0	1800.0	10000000	5000000	production_10mb_normal_recap_neutral_overlay_strict_identity_exact_panel	9b9f610f150a1edbce6dce318cd3a376256b7ca1adf20360858aefd29eb288aa
han_fixed_v2__sensitivity_10mb__s0.005000__af0.100000__q5__draw014	sensitivity_10mb	0.005	0.1	0.07500000000000001	0.125	0.2	1944.5205320646232	1945.0	20	100	500	5.0	2400.0	2272.0	14	598216272	0	620162495	0	1800.0	10000000	5000000	production_10mb_normal_recap_neutral_overlay_strict_identity_exact_panel	9b9f610f150a1edbce6dce318cd3a376256b7ca1adf20360858aefd29eb288aa
han_fixed_v2__sensitivity_10mb__s0.005000__af0.100000__q5__draw015	sensitivity_10mb	0.005	0.1	0.07500000000000001	0.125	0.2	1944.5205320646232	1945.0	20	100	500	5.0	2400.0	2272.0	15	1435072684	0	1252908435	0	1800.0	10000000	5000000	production_10mb_normal_recap_neutral_overlay_strict_identity_exact_panel	9b9f610f150a1edbce6dce318cd3a376256b7ca1adf20360858aefd29eb288aa
han_fixed_v2__sensitivity_10mb__s0.005000__af0.100000__q5__draw016	sensitivity_10mb	0.005	0.1	0.07500000000000001	0.125	0.2	1944.5205320646232	1945.0	20	100	500	5.0	2400.0	2272.0	16	141460836	0	1156222156	0	1800.0	10000000	5000000	production_10mb_normal_recap_neutral_overlay_strict_identity_exact_panel	9b9f610f150a1edbce6dce318cd3a376256b7ca1adf20360858aefd29eb288aa
han_fixed_v2__sensitivity_10mb__s0.005000__af0.100000__q5__draw017	sensitivity_10mb	0.005	0.1	0.07500000000000001	0.125	0.2	1944.5205320646232	1945.0	20	100	500	5.0	2400.0	2272.0	17	2062800039	0	1628316470	0	1800.0	10000000	5000000	production_10mb_normal_recap_neutral_overlay_strict_identity_exact_panel	9b9f610f150a1edbce6dce318cd3a376256b7ca1adf20360858aefd29eb288aa
han_fixed_v2__sensitivity_10mb__s0.005000__af0.100000__q5__draw018	sensitivity_10mb	0.005	0.1	0.07500000000000001	0.125	0.2	1944.5205320646232	1945.0	20	100	500	5.0	2400.0	2272.0	18	105598224	0	1359598614	0	1800.0	10000000	5000000	production_10mb_normal_recap_neutral_overlay_strict_identity_exact_panel	9b9f610f150a1edbce6dce318cd3a376256b7ca1adf20360858aefd29eb288aa
han_fixed_v2__sensitivity_10mb__s0.005000__af0.100000__q5__draw019	sensitivity_10mb	0.005	0.1	0.07500000000000001	0.125	0.2	1944.5205320646232	1945.0	20	100	500	5.0	2400.0	2272.0	19	44843983	0	1410212510	0	1800.0	10000000	5000000	production_10mb_normal_recap_neutral_overlay_strict_identity_exact_panel	9b9f610f150a1edbce6dce318cd3a376256b7ca1adf20360858aefd29eb288aa
han_fixed_v2__sensitivity_10mb__s0.005000__af0.200000__q5__draw000	sensitivity_10mb	0.005	0.2	0.17500000000000002	0.225	0.2	1879.646114767317	1880.0	40	100	500	5.0	2400.0	2272.0	0	389463197	0	1134367187	0	1800.0	10000000	5000000	production_10mb_normal_recap_neutral_overlay_strict_identity_exact_panel	9b9f610f150a1edbce6dce318cd3a376256b7ca1adf20360858aefd29eb288aa
han_fixed_v2__sensitivity_10mb__s0.005000__af0.200000__q5__draw001	sensitivity_10mb	0.005	0.2	0.17500000000000002	0.225	0.2	1879.646114767317	1880.0	40	100	500	5.0	2400.0	2272.0	1	1953356879	0	2039134553	0	1800.0	10000000	5000000	production_10mb_normal_recap_neutral_overlay_strict_identity_exact_panel	9b9f610f150a1edbce6dce318cd3a376256b7ca1adf20360858aefd29eb288aa
han_fixed_v2__sensitivity_10mb__s0.005000__af0.200000__q5__draw002	sensitivity_10mb	0.005	0.2	0.17500000000000002	0.225	0.2	1879.646114767317	1880.0	40	100	500	5.0	2400.0	2272.0	2	2056524884	0	1610076597	0	1800.0	10000000	5000000	production_10mb_normal_recap_neutral_overlay_strict_identity_exact_panel	9b9f610f150a1edbce6dce318cd3a376256b7ca1adf20360858aefd29eb288aa
han_fixed_v2__sensitivity_10mb__s0.005000__af0.200000__q5__draw003	sensitivity_10mb	0.005	0.2	0.17500000000000002	0.225	0.2	1879.646114767317	1880.0	40	100	500	5.0	2400.0	2272.0	3	1721350289	0	1346363800	0	1800.0	10000000	5000000	production_10mb_normal_recap_neutral_overlay_strict_identity_exact_panel	9b9f610f150a1edbce6dce318cd3a376256b7ca1adf20360858aefd29eb288aa
han_fixed_v2__sensitivity_10mb__s0.005000__af0.200000__q5__draw004	sensitivity_10mb	0.005	0.2	0.17500000000000002	0.225	0.2	1879.646114767317	1880.0	40	100	500	5.0	2400.0	2272.0	4	861120567	0	1671106384	0	1800.0	10000000	5000000	production_10mb_normal_recap_neutral_overlay_strict_identity_exact_panel	9b9f610f150a1edbce6dce318cd3a376256b7ca1adf20360858aefd29eb288aa
han_fixed_v2__sensitivity_10mb__s0.005000__af0.200000__q5__draw005	sensitivity_10mb	0.005	0.2	0.17500000000000002	0.225	0.2	1879.646114767317	1880.0	40	100	500	5.0	2400.0	2272.0	5	790505815	0	1661510842	0	1800.0	10000000	5000000	production_10mb_normal_recap_neutral_overlay_strict_identity_exact_panel	9b9f610f150a1edbce6dce318cd3a376256b7ca1adf20360858aefd29eb288aa
han_fixed_v2__sensitivity_10mb__s0.005000__af0.200000__q5__draw006	sensitivity_10mb	0.005	0.2	0.17500000000000002	0.225	0.2	1879.646114767317	1880.0	40	100	500	5.0	2400.0	2272.0	6	17427876	0	1466439284	0	1800.0	10000000	5000000	production_10mb_normal_recap_neutral_overlay_strict_identity_exact_panel	9b9f610f150a1edbce6dce318cd3a376256b7ca1adf20360858aefd29eb288aa
han_fixed_v2__sensitivity_10mb__s0.005000__af0.200000__q5__draw007	sensitivity_10mb	0.005	0.2	0.17500000000000002	0.225	0.2	1879.646114767317	1880.0	40	100	500	5.0	2400.0	2272.0	7	332474190	0	978093145	0	1800.0	10000000	5000000	production_10mb_normal_recap_neutral_overlay_strict_identity_exact_panel	9b9f610f150a1edbce6dce318cd3a376256b7ca1adf20360858aefd29eb288aa
han_fixed_v2__sensitivity_10mb__s0.005000__af0.200000__q5__draw008	sensitivity_10mb	0.005	0.2	0.17500000000000002	0.225	0.2	1879.646114767317	1880.0	40	100	500	5.0	2400.0	2272.0	8	1750547365	0	1447681223	0	1800.0	10000000	5000000	production_10mb_normal_recap_neutral_overlay_strict_identity_exact_panel	9b9f610f150a1edbce6dce318cd3a376256b7ca1adf20360858aefd29eb288aa
han_fixed_v2__sensitivity_10mb__s0.005000__af0.200000__q5__draw009	sensitivity_10mb	0.005	0.2	0.17500000000000002	0.225	0.2	1879.646114767317	1880.0	40	100	500	5.0	2400.0	2272.0	9	1959943605	0	854930271	0	1800.0	10000000	5000000	production_10mb_normal_recap_neutral_overlay_strict_identity_exact_panel	9b9f610f150a1edbce6dce318cd3a376256b7ca1adf20360858aefd29eb288aa
han_fixed_v2__sensitivity_10mb__s0.005000__af0.200000__q5__draw010	sensitivity_10mb	0.005	0.2	0.17500000000000002	0.225	0.2	1879.646114767317	1880.0	40	100	500	5.0	2400.0	2272.0	10	1000386136	0	2129598041	0	1800.0	10000000	5000000	production_10mb_normal_recap_neutral_overlay_strict_identity_exact_panel	9b9f610f150a1edbce6dce318cd3a376256b7ca1adf20360858aefd29eb288aa
han_fixed_v2__sensitivity_10mb__s0.005000__af0.200000__q5__draw011	sensitivity_10mb	0.005	0.2	0.17500000000000002	0.225	0.2	1879.646114767317	1880.0	40	100	500	5.0	2400.0	2272.0	11	246244722	0	1727019268	0	1800.0	10000000	5000000	production_10mb_normal_recap_neutral_overlay_strict_identity_exact_panel	9b9f610f150a1edbce6dce318cd3a376256b7ca1adf20360858aefd29eb288aa
han_fixed_v2__sensitivity_10mb__s0.005000__af0.200000__q5__draw012	sensitivity_10mb	0.005	0.2	0.17500000000000002	0.225	0.2	1879.646114767317	1880.0	40	100	500	5.0	2400.0	2272.0	12	2088193208	0	1919873441	0	1800.0	10000000	5000000	production_10mb_normal_recap_neutral_overlay_strict_identity_exact_panel	9b9f610f150a1edbce6dce318cd3a376256b7ca1adf20360858aefd29eb288aa
han_fixed_v2__sensitivity_10mb__s0.005000__af0.200000__q5__draw013	sensitivity_10mb	0.005	0.2	0.17500000000000002	0.225	0.2	1879.646114767317	1880.0	40	100	500	5.0	2400.0	2272.0	13	1832255837	0	765946761	0	1800.0	10000000	5000000	production_10mb_normal_recap_neutral_overlay_strict_identity_exact_panel	9b9f610f150a1edbce6dce318cd3a376256b7ca1adf20360858aefd29eb288aa
han_fixed_v2__sensitivity_10mb__s0.005000__af0.200000__q5__draw014	sensitivity_10mb	0.005	0.2	0.17500000000000002	0.225	0.2	1879.646114767317	1880.0	40	100	500	5.0	2400.0	2272.0	14	1879582011	0	48897099	0	1800.0	10000000	5000000	production_10mb_normal_recap_neutral_overlay_strict_identity_exact_panel	9b9f610f150a1edbce6dce318cd3a376256b7ca1adf20360858aefd29eb288aa
han_fixed_v2__sensitivity_10mb__s0.005000__af0.200000__q5__draw015	sensitivity_10mb	0.005	0.2	0.17500000000000002	0.225	0.2	1879.646114767317	1880.0	40	100	500	5.0	2400.0	2272.0	15	199774310	0	112503606	0	1800.0	10000000	5000000	production_10mb_normal_recap_neutral_overlay_strict_identity_exact_panel	9b9f610f150a1edbce6dce318cd3a376256b7ca1adf20360858aefd29eb288aa
han_fixed_v2__sensitivity_10mb__s0.005000__af0.200000__q5__draw016	sensitivity_10mb	0.005	0.2	0.17500000000000002	0.225	0.2	1879.646114767317	1880.0	40	100	500	5.0	2400.0	2272.0	16	903084659	0	1994058645	0	1800.0	10000000	5000000	production_10mb_normal_recap_neutral_overlay_strict_identity_exact_panel	9b9f610f150a1edbce6dce318cd3a376256b7ca1adf20360858aefd29eb288aa
han_fixed_v2__sensitivity_10mb__s0.005000__af0.200000__q5__draw017	sensitivity_10mb	0.005	0.2	0.17500000000000002	0.225	0.2	1879.646114767317	1880.0	40	100	500	5.0	2400.0	2272.0	17	1448419807	0	1602660619	0	1800.0	10000000	5000000	production_10mb_normal_recap_neutral_overlay_strict_identity_exact_panel	9b9f610f150a1edbce6dce318cd3a376256b7ca1adf20360858aefd29eb288aa
han_fixed_v2__sensitivity_10mb__s0.005000__af0.200000__q5__draw018	sensitivity_10mb	0.005	0.2	0.17500000000000002	0.225	0.2	1879.646114767317	1880.0	40	100	500	5.0	2400.0	2272.0	18	1178042630	0	879433594	0	1800.0	10000000	5000000	production_10mb_normal_recap_neutral_overlay_strict_identity_exact_panel	9b9f610f150a1edbce6dce318cd3a376256b7ca1adf20360858aefd29eb288aa
han_fixed_v2__sensitivity_10mb__s0.005000__af0.200000__q5__draw019	sensitivity_10mb	0.005	0.2	0.17500000000000002	0.225	0.2	1879.646114767317	1880.0	40	100	500	5.0	2400.0	2272.0	19	520725226	0	94166112	0	1800.0	10000000	5000000	production_10mb_normal_recap_neutral_overlay_strict_identity_exact_panel	9b9f610f150a1edbce6dce318cd3a376256b7ca1adf20360858aefd29eb288aa
han_fixed_v2__sensitivity_10mb__s0.005000__af0.300000__q5__draw000	sensitivity_10mb	0.005	0.3	0.27499999999999997	0.325	0.5	1183.315986771755	1185.0	60	100	500	5.0	2400.0	2272.0	0	675333302	0	1759962709	0	1800.0	10000000	5000000	production_10mb_normal_recap_neutral_overlay_strict_identity_exact_panel	9b9f610f150a1edbce6dce318cd3a376256b7ca1adf20360858aefd29eb288aa
han_fixed_v2__sensitivity_10mb__s0.005000__af0.300000__q5__draw001	sensitivity_10mb	0.005	0.3	0.27499999999999997	0.325	0.5	1183.315986771755	1185.0	60	100	500	5.0	2400.0	2272.0	1	590325339	0	664069356	0	1800.0	10000000	5000000	production_10mb_normal_recap_neutral_overlay_strict_identity_exact_panel	9b9f610f150a1edbce6dce318cd3a376256b7ca1adf20360858aefd29eb288aa
han_fixed_v2__sensitivity_10mb__s0.005000__af0.300000__q5__draw002	sensitivity_10mb	0.005	0.3	0.27499999999999997	0.325	0.5	1183.315986771755	1185.0	60	100	500	5.0	2400.0	2272.0	2	1652306206	0	283426954	0	1800.0	10000000	5000000	production_10mb_normal_recap_neutral_overlay_strict_identity_exact_panel	9b9f610f150a1edbce6dce318cd3a376256b7ca1adf20360858aefd29eb288aa
han_fixed_v2__sensitivity_10mb__s0.005000__af0.300000__q5__draw003	sensitivity_10mb	0.005	0.3	0.27499999999999997	0.325	0.5	1183.315986771755	1185.0	60	100	500	5.0	2400.0	2272.0	3	1658434721	0	120133349	0	1800.0	10000000	5000000	production_10mb_normal_recap_neutral_overlay_strict_identity_exact_panel	9b9f610f150a1edbce6dce318cd3a376256b7ca1adf20360858aefd29eb288aa
han_fixed_v2__sensitivity_10mb__s0.005000__af0.300000__q5__draw004	sensitivity_10mb	0.005	0.3	0.27499999999999997	0.325	0.5	1183.315986771755	1185.0	60	100	500	5.0	2400.0	2272.0	4	968114991	0	372874480	0	1800.0	10000000	5000000	production_10mb_normal_recap_neutral_overlay_strict_identity_exact_panel	9b9f610f150a1edbce6dce318cd3a376256b7ca1adf20360858aefd29eb288aa
han_fixed_v2__sensitivity_10mb__s0.005000__af0.300000__q5__draw005	sensitivity_10mb	0.005	0.3	0.27499999999999997	0.325	0.5	1183.315986771755	1185.0	60	100	500	5.0	2400.0	2272.0	5	395824042	0	859657733	0	1800.0	10000000	5000000	production_10mb_normal_recap_neutral_overlay_strict_identity_exact_panel	9b9f610f150a1edbce6dce318cd3a376256b7ca1adf20360858aefd29eb288aa
han_fixed_v2__sensitivity_10mb__s0.005000__af0.300000__q5__draw006	sensitivity_10mb	0.005	0.3	0.27499999999999997	0.325	0.5	1183.315986771755	1185.0	60	100	500	5.0	2400.0	2272.0	6	1477634520	0	431283017	0	1800.0	10000000	5000000	production_10mb_normal_recap_neutral_overlay_strict_identity_exact_panel	9b9f610f150a1edbce6dce318cd3a376256b7ca1adf20360858aefd29eb288aa
han_fixed_v2__sensitivity_10mb__s0.005000__af0.300000__q5__draw007	sensitivity_10mb	0.005	0.3	0.27499999999999997	0.325	0.5	1183.315986771755	1185.0	60	100	500	5.0	2400.0	2272.0	7	668140892	0	195660223	0	1800.0	10000000	5000000	production_10mb_normal_recap_neutral_overlay_strict_identity_exact_panel	9b9f610f150a1edbce6dce318cd3a376256b7ca1adf20360858aefd29eb288aa
han_fixed_v2__sensitivity_10mb__s0.005000__af0.300000__q5__draw008	sensitivity_10mb	0.005	0.3	0.27499999999999997	0.325	0.5	1183.315986771755	1185.0	60	100	500	5.0	2400.0	2272.0	8	508190721	0	1760134134	0	1800.0	10000000	5000000	production_10mb_normal_recap_neutral_overlay_strict_identity_exact_panel	9b9f610f150a1edbce6dce318cd3a376256b7ca1adf20360858aefd29eb288aa
han_fixed_v2__sensitivity_10mb__s0.005000__af0.300000__q5__draw009	sensitivity_10mb	0.005	0.3	0.27499999999999997	0.325	0.5	1183.315986771755	1185.0	60	100	500	5.0	2400.0	2272.0	9	609066599	0	1871034439	0	1800.0	10000000	5000000	production_10mb_normal_recap_neutral_overlay_strict_identity_exact_panel	9b9f610f150a1edbce6dce318cd3a376256b7ca1adf20360858aefd29eb288aa
han_fixed_v2__sensitivity_10mb__s0.005000__af0.300000__q5__draw010	sensitivity_10mb	0.005	0.3	0.27499999999999997	0.325	0.5	1183.315986771755	1185.0	60	100	500	5.0	2400.0	2272.0	10	1745372342	0	1619419521	0	1800.0	10000000	5000000	production_10mb_normal_recap_neutral_overlay_strict_identity_exact_panel	9b9f610f150a1edbce6dce318cd3a376256b7ca1adf20360858aefd29eb288aa
han_fixed_v2__sensitivity_10mb__s0.005000__af0.300000__q5__draw011	sensitivity_10mb	0.005	0.3	0.27499999999999997	0.325	0.5	1183.315986771755	1185.0	60	100	500	5.0	2400.0	2272.0	11	107656207	0	1907058109	0	1800.0	10000000	5000000	production_10mb_normal_recap_neutral_overlay_strict_identity_exact_panel	9b9f610f150a1edbce6dce318cd3a376256b7ca1adf20360858aefd29eb288aa
han_fixed_v2__sensitivity_10mb__s0.005000__af0.300000__q5__draw012	sensitivity_10mb	0.005	0.3	0.27499999999999997	0.325	0.5	1183.315986771755	1185.0	60	100	500	5.0	2400.0	2272.0	12	743189648	0	1933778639	0	1800.0	10000000	5000000	production_10mb_normal_recap_neutral_overlay_strict_identity_exact_panel	9b9f610f150a1edbce6dce318cd3a376256b7ca1adf20360858aefd29eb288aa
han_fixed_v2__sensitivity_10mb__s0.005000__af0.300000__q5__draw013	sensitivity_10mb	0.005	0.3	0.27499999999999997	0.325	0.5	1183.315986771755	1185.0	60	100	500	5.0	2400.0	2272.0	13	2040515709	0	2145574951	0	1800.0	10000000	5000000	production_10mb_normal_recap_neutral_overlay_strict_identity_exact_panel	9b9f610f150a1edbce6dce318cd3a376256b7ca1adf20360858aefd29eb288aa
han_fixed_v2__sensitivity_10mb__s0.005000__af0.300000__q5__draw014	sensitivity_10mb	0.005	0.3	0.27499999999999997	0.325	0.5	1183.315986771755	1185.0	60	100	500	5.0	2400.0	2272.0	14	1715000563	0	428259476	0	1800.0	10000000	5000000	production_10mb_normal_recap_neutral_overlay_strict_identity_exact_panel	9b9f610f150a1edbce6dce318cd3a376256b7ca1adf20360858aefd29eb288aa
han_fixed_v2__sensitivity_10mb__s0.005000__af0.300000__q5__draw015	sensitivity_10mb	0.005	0.3	0.27499999999999997	0.325	0.5	1183.315986771755	1185.0	60	100	500	5.0	2400.0	2272.0	15	2005875526	0	1810025306	0	1800.0	10000000	5000000	production_10mb_normal_recap_neutral_overlay_strict_identity_exact_panel	9b9f610f150a1edbce6dce318cd3a376256b7ca1adf20360858aefd29eb288aa
han_fixed_v2__sensitivity_10mb__s0.005000__af0.300000__q5__draw016	sensitivity_10mb	0.005	0.3	0.27499999999999997	0.325	0.5	1183.315986771755	1185.0	60	100	500	5.0	2400.0	2272.0	16	1617250997	0	1889147625	0	1800.0	10000000	5000000	production_10mb_normal_recap_neutral_overlay_strict_identity_exact_panel	9b9f610f150a1edbce6dce318cd3a376256b7ca1adf20360858aefd29eb288aa
han_fixed_v2__sensitivity_10mb__s0.005000__af0.300000__q5__draw017	sensitivity_10mb	0.005	0.3	0.27499999999999997	0.325	0.5	1183.315986771755	1185.0	60	100	500	5.0	2400.0	2272.0	17	960419840	0	1682462031	0	1800.0	10000000	5000000	production_10mb_normal_recap_neutral_overlay_strict_identity_exact_panel	9b9f610f150a1edbce6dce318cd3a376256b7ca1adf20360858aefd29eb288aa
han_fixed_v2__sensitivity_10mb__s0.005000__af0.300000__q5__draw018	sensitivity_10mb	0.005	0.3	0.27499999999999997	0.325	0.5	1183.315986771755	1185.0	60	100	500	5.0	2400.0	2272.0	18	1023559430	0	723409075	0	1800.0	10000000	5000000	production_10mb_normal_recap_neutral_overlay_strict_identity_exact_panel	9b9f610f150a1edbce6dce318cd3a376256b7ca1adf20360858aefd29eb288aa
han_fixed_v2__sensitivity_10mb__s0.005000__af0.300000__q5__draw019	sensitivity_10mb	0.005	0.3	0.27499999999999997	0.325	0.5	1183.315986771755	1185.0	60	100	500	5.0	2400.0	2272.0	19	1281152814	0	1542320184	0	1800.0	10000000	5000000	production_10mb_normal_recap_neutral_overlay_strict_identity_exact_panel	9b9f610f150a1edbce6dce318cd3a376256b7ca1adf20360858aefd29eb288aa
