arm_id	estimator	threshold_years	replicate_index	observed	percentile	p_value	census_af	n_null
eas_sweep_structured	gamma_smc_frac	1000.0	0	0.01	0.76	0.40594059405940597		100
eas_sweep_structured	gamma_smc_frac	1000.0	1	0.0	0.3	1.0		100
eas_sweep_structured	gamma_smc_frac	1000.0	2	0.0	0.3	1.0		100
eas_sweep_structured	gamma_smc_frac	1000.0	3	0.01	0.76	0.40594059405940597		100
eas_sweep_structured	gamma_smc_frac	1000.0	4	0.03	1.0	0.009900990099009901		100
eas_sweep_structured	gamma_smc_frac	1000.0	5	0.01	0.76	0.40594059405940597		100
eas_sweep_structured	gamma_smc_frac	1000.0	6	0.0	0.3	1.0		100
eas_sweep_structured	gamma_smc_frac	1000.0	7	0.01	0.76	0.40594059405940597		100
eas_sweep_structured	gamma_smc_frac	1000.0	8	0.0	0.3	1.0		100
eas_sweep_structured	gamma_smc_frac	1000.0	9	0.0	0.3	1.0		100
eas_sweep_structured	gamma_smc_frac	1000.0	10	0.01	0.76	0.40594059405940597		100
eas_sweep_structured	gamma_smc_frac	1000.0	11	0.0	0.3	1.0		100
eas_sweep_structured	gamma_smc_frac	1000.0	12	0.0	0.3	1.0		100
eas_sweep_structured	gamma_smc_frac	1000.0	13	0.01	0.76	0.40594059405940597		100
eas_sweep_structured	gamma_smc_frac	1000.0	14	0.02	0.96	0.0891089108910891		100
eas_sweep_structured	gamma_smc_frac	1000.0	15	0.0	0.3	1.0		100
eas_sweep_structured	gamma_smc_frac	1000.0	16	0.01	0.76	0.40594059405940597		100
eas_sweep_structured	gamma_smc_frac	1000.0	17	0.01	0.76	0.40594059405940597		100
eas_sweep_structured	gamma_smc_frac	1000.0	18	0.0	0.3	1.0		100
eas_sweep_structured	gamma_smc_frac	1000.0	19	0.02	0.96	0.0891089108910891		100
eas_sweep_structured	gamma_smc_frac	1000.0	20	0.01	0.76	0.40594059405940597		100
eas_sweep_structured	gamma_smc_frac	1000.0	21	0.0	0.3	1.0		100
eas_sweep_structured	gamma_smc_frac	1000.0	22	0.01	0.76	0.40594059405940597		100
eas_sweep_structured	gamma_smc_frac	1000.0	23	0.01	0.76	0.40594059405940597		100
eas_sweep_structured	gamma_smc_frac	1000.0	24	0.01	0.76	0.40594059405940597		100
eas_sweep_structured	gamma_smc_frac	1000.0	25	0.0	0.3	1.0		100
eas_sweep_structured	gamma_smc_frac	1000.0	26	0.01	0.76	0.40594059405940597		100
eas_sweep_structured	gamma_smc_frac	1000.0	27	0.01	0.76	0.40594059405940597		100
eas_sweep_structured	gamma_smc_frac	1000.0	28	0.01	0.76	0.40594059405940597		100
eas_sweep_structured	gamma_smc_frac	1000.0	29	0.0	0.3	1.0		100
eas_sweep_structured	gamma_smc_frac	1000.0	30	0.0	0.3	1.0		100
eas_sweep_structured	gamma_smc_frac	1000.0	31	0.01	0.76	0.40594059405940597		100
eas_sweep_structured	gamma_smc_frac	1000.0	32	0.0	0.3	1.0		100
eas_sweep_structured	gamma_smc_frac	1000.0	33	0.0	0.3	1.0		100
eas_sweep_structured	gamma_smc_frac	1000.0	34	0.01	0.76	0.40594059405940597		100
eas_sweep_structured	gamma_smc_frac	1000.0	35	0.01	0.76	0.40594059405940597		100
eas_sweep_structured	gamma_smc_frac	1000.0	36	0.0	0.3	1.0		100
eas_sweep_structured	gamma_smc_frac	1000.0	37	0.01	0.76	0.40594059405940597		100
eas_sweep_structured	gamma_smc_frac	1000.0	38	0.0	0.3	1.0		100
eas_sweep_structured	gamma_smc_frac	1000.0	39	0.0	0.3	1.0		100
eas_sweep_structured	gamma_smc_frac	1000.0	40	0.02	0.96	0.0891089108910891		100
eas_sweep_structured	gamma_smc_frac	1000.0	41	0.01	0.76	0.40594059405940597		100
eas_sweep_structured	gamma_smc_frac	1000.0	42	0.01	0.76	0.40594059405940597		100
eas_sweep_structured	gamma_smc_frac	1000.0	43	0.0	0.3	1.0		100
eas_sweep_structured	gamma_smc_frac	1000.0	44	0.02	0.96	0.0891089108910891		100
eas_sweep_structured	gamma_smc_frac	1000.0	45	0.0	0.3	1.0		100
eas_sweep_structured	gamma_smc_frac	1000.0	46	0.02	0.96	0.0891089108910891		100
eas_sweep_structured	gamma_smc_frac	1000.0	47	0.0	0.3	1.0		100
eas_sweep_structured	gamma_smc_frac	1000.0	48	0.03	1.0	0.009900990099009901		100
eas_sweep_structured	gamma_smc_frac	1000.0	49	0.02	0.96	0.0891089108910891		100
eas_sweep_structured	gamma_smc_frac	1000.0	50	0.03	1.0	0.009900990099009901		100
eas_sweep_structured	gamma_smc_frac	1000.0	51	0.0	0.3	1.0		100
eas_sweep_structured	gamma_smc_frac	1000.0	52	0.0	0.3	1.0		100
eas_sweep_structured	gamma_smc_frac	1000.0	53	0.01	0.76	0.40594059405940597		100
eas_sweep_structured	gamma_smc_frac	1000.0	54	0.01	0.76	0.40594059405940597		100
eas_sweep_structured	gamma_smc_frac	1000.0	55	0.02	0.96	0.0891089108910891		100
eas_sweep_structured	gamma_smc_frac	1000.0	56	0.02	0.96	0.0891089108910891		100
eas_sweep_structured	gamma_smc_frac	1000.0	57	0.0	0.3	1.0		100
eas_sweep_structured	gamma_smc_frac	1000.0	58	0.0	0.3	1.0		100
eas_sweep_structured	gamma_smc_frac	1000.0	59	0.0	0.3	1.0		100
eas_sweep_structured	gamma_smc_frac	1000.0	60	0.02	0.96	0.0891089108910891		100
eas_sweep_structured	gamma_smc_frac	1000.0	61	0.0	0.3	1.0		100
eas_sweep_structured	gamma_smc_frac	1000.0	62	0.0	0.3	1.0		100
eas_sweep_structured	gamma_smc_frac	1000.0	63	0.0	0.3	1.0		100
eas_sweep_structured	gamma_smc_frac	1000.0	64	0.0	0.3	1.0		100
eas_sweep_structured	gamma_smc_frac	1000.0	65	0.02	0.96	0.0891089108910891		100
eas_sweep_structured	gamma_smc_frac	1000.0	66	0.0	0.3	1.0		100
eas_sweep_structured	gamma_smc_frac	1000.0	67	0.01	0.76	0.40594059405940597		100
eas_sweep_structured	gamma_smc_frac	1000.0	68	0.0	0.3	1.0		100
eas_sweep_structured	gamma_smc_frac	1000.0	69	0.02	0.96	0.0891089108910891		100
eas_sweep_structured	gamma_smc_frac	1000.0	70	0.0	0.3	1.0		100
eas_sweep_structured	gamma_smc_frac	1000.0	71	0.0	0.3	1.0		100
eas_sweep_structured	gamma_smc_frac	1000.0	72	0.0	0.3	1.0		100
eas_sweep_structured	gamma_smc_frac	1000.0	73	0.01	0.76	0.40594059405940597		100
eas_sweep_structured	gamma_smc_frac	1000.0	74	0.01	0.76	0.40594059405940597		100
eas_sweep_structured	gamma_smc_frac	1000.0	75	0.03	1.0	0.009900990099009901		100
eas_sweep_structured	gamma_smc_frac	1000.0	76	0.0	0.3	1.0		100
eas_sweep_structured	gamma_smc_frac	1000.0	77	0.0	0.3	1.0		100
eas_sweep_structured	gamma_smc_frac	1000.0	78	0.0	0.3	1.0		100
eas_sweep_structured	gamma_smc_frac	1000.0	79	0.01	0.76	0.40594059405940597		100
eas_sweep_structured	gamma_smc_frac	1000.0	80	0.01	0.76	0.40594059405940597		100
eas_sweep_structured	gamma_smc_frac	1000.0	81	0.02	0.96	0.0891089108910891		100
eas_sweep_structured	gamma_smc_frac	1000.0	82	0.01	0.76	0.40594059405940597		100
eas_sweep_structured	gamma_smc_frac	1000.0	83	0.0	0.3	1.0		100
eas_sweep_structured	gamma_smc_frac	1000.0	84	0.0	0.3	1.0		100
eas_sweep_structured	gamma_smc_frac	1000.0	85	0.01	0.76	0.40594059405940597		100
eas_sweep_structured	gamma_smc_frac	1000.0	86	0.02	0.96	0.0891089108910891		100
eas_sweep_structured	gamma_smc_frac	1000.0	87	0.02	0.96	0.0891089108910891		100
eas_sweep_structured	gamma_smc_frac	1000.0	88	0.0	0.3	1.0		100
eas_sweep_structured	gamma_smc_frac	1000.0	89	0.0	0.3	1.0		100
eas_sweep_structured	gamma_smc_frac	1000.0	90	0.0	0.3	1.0		100
eas_sweep_structured	gamma_smc_frac	1000.0	91	0.01	0.76	0.40594059405940597		100
eas_sweep_structured	gamma_smc_frac	1000.0	92	0.01	0.76	0.40594059405940597		100
eas_sweep_structured	gamma_smc_frac	1000.0	93	0.0	0.3	1.0		100
eas_sweep_structured	gamma_smc_frac	1000.0	94	0.0	0.3	1.0		100
eas_sweep_structured	gamma_smc_frac	1000.0	95	0.01	0.76	0.40594059405940597		100
eas_sweep_structured	gamma_smc_frac	1000.0	96	0.0	0.3	1.0		100
eas_sweep_structured	gamma_smc_frac	1000.0	97	0.01	0.76	0.40594059405940597		100
eas_sweep_structured	gamma_smc_frac	1000.0	98	0.0	0.3	1.0		100
eas_sweep_structured	gamma_smc_frac	1000.0	99	0.01	0.76	0.40594059405940597		100
eas_sweep_structured	gamma_smc_frac	4500.0	0	0.11	1.0	0.009900990099009901		100
eas_sweep_structured	gamma_smc_frac	4500.0	1	0.1	1.0	0.009900990099009901		100
eas_sweep_structured	gamma_smc_frac	4500.0	2	0.03	0.705	0.4158415841584158		100
eas_sweep_structured	gamma_smc_frac	4500.0	3	0.01	0.175	0.9405940594059405		100
eas_sweep_structured	gamma_smc_frac	4500.0	4	0.06	0.975	0.04950495049504951		100
eas_sweep_structured	gamma_smc_frac	4500.0	5	0.01	0.175	0.9405940594059405		100
eas_sweep_structured	gamma_smc_frac	4500.0	6	0.01	0.175	0.9405940594059405		100
eas_sweep_structured	gamma_smc_frac	4500.0	7	0.05	0.94	0.0891089108910891		100
eas_sweep_structured	gamma_smc_frac	4500.0	8	0.02	0.44	0.7128712871287128		100
eas_sweep_structured	gamma_smc_frac	4500.0	9	0.02	0.44	0.7128712871287128		100
eas_sweep_structured	gamma_smc_frac	4500.0	10	0.05	0.94	0.0891089108910891		100
eas_sweep_structured	gamma_smc_frac	4500.0	11	0.01	0.175	0.9405940594059405		100
eas_sweep_structured	gamma_smc_frac	4500.0	12	0.03	0.705	0.4158415841584158		100
eas_sweep_structured	gamma_smc_frac	4500.0	13	0.06	0.975	0.04950495049504951		100
eas_sweep_structured	gamma_smc_frac	4500.0	14	0.05	0.94	0.0891089108910891		100
eas_sweep_structured	gamma_smc_frac	4500.0	15	0.02	0.44	0.7128712871287128		100
eas_sweep_structured	gamma_smc_frac	4500.0	16	0.03	0.705	0.4158415841584158		100
eas_sweep_structured	gamma_smc_frac	4500.0	17	0.04	0.87	0.18811881188118812		100
eas_sweep_structured	gamma_smc_frac	4500.0	18	0.02	0.44	0.7128712871287128		100
eas_sweep_structured	gamma_smc_frac	4500.0	19	0.02	0.44	0.7128712871287128		100
eas_sweep_structured	gamma_smc_frac	4500.0	20	0.03	0.705	0.4158415841584158		100
eas_sweep_structured	gamma_smc_frac	4500.0	21	0.01	0.175	0.9405940594059405		100
eas_sweep_structured	gamma_smc_frac	4500.0	22	0.03	0.705	0.4158415841584158		100
eas_sweep_structured	gamma_smc_frac	4500.0	23	0.08	0.995	0.019801980198019802		100
eas_sweep_structured	gamma_smc_frac	4500.0	24	0.01	0.175	0.9405940594059405		100
eas_sweep_structured	gamma_smc_frac	4500.0	25	0.03	0.705	0.4158415841584158		100
eas_sweep_structured	gamma_smc_frac	4500.0	26	0.03	0.705	0.4158415841584158		100
eas_sweep_structured	gamma_smc_frac	4500.0	27	0.03	0.705	0.4158415841584158		100
eas_sweep_structured	gamma_smc_frac	4500.0	28	0.02	0.44	0.7128712871287128		100
eas_sweep_structured	gamma_smc_frac	4500.0	29	0.05	0.94	0.0891089108910891		100
eas_sweep_structured	gamma_smc_frac	4500.0	30	0.03	0.705	0.4158415841584158		100
eas_sweep_structured	gamma_smc_frac	4500.0	31	0.05	0.94	0.0891089108910891		100
eas_sweep_structured	gamma_smc_frac	4500.0	32	0.01	0.175	0.9405940594059405		100
eas_sweep_structured	gamma_smc_frac	4500.0	33	0.02	0.44	0.7128712871287128		100
eas_sweep_structured	gamma_smc_frac	4500.0	34	0.05	0.94	0.0891089108910891		100
eas_sweep_structured	gamma_smc_frac	4500.0	35	0.02	0.44	0.7128712871287128		100
eas_sweep_structured	gamma_smc_frac	4500.0	36	0.03	0.705	0.4158415841584158		100
eas_sweep_structured	gamma_smc_frac	4500.0	37	0.06	0.975	0.04950495049504951		100
eas_sweep_structured	gamma_smc_frac	4500.0	38	0.0	0.03	1.0		100
eas_sweep_structured	gamma_smc_frac	4500.0	39	0.02	0.44	0.7128712871287128		100
eas_sweep_structured	gamma_smc_frac	4500.0	40	0.04	0.87	0.18811881188118812		100
eas_sweep_structured	gamma_smc_frac	4500.0	41	0.02	0.44	0.7128712871287128		100
eas_sweep_structured	gamma_smc_frac	4500.0	42	0.05	0.94	0.0891089108910891		100
eas_sweep_structured	gamma_smc_frac	4500.0	43	0.04	0.87	0.18811881188118812		100
eas_sweep_structured	gamma_smc_frac	4500.0	44	0.06	0.975	0.04950495049504951		100
eas_sweep_structured	gamma_smc_frac	4500.0	45	0.04	0.87	0.18811881188118812		100
eas_sweep_structured	gamma_smc_frac	4500.0	46	0.05	0.94	0.0891089108910891		100
eas_sweep_structured	gamma_smc_frac	4500.0	47	0.04	0.87	0.18811881188118812		100
eas_sweep_structured	gamma_smc_frac	4500.0	48	0.06	0.975	0.04950495049504951		100
eas_sweep_structured	gamma_smc_frac	4500.0	49	0.05	0.94	0.0891089108910891		100
eas_sweep_structured	gamma_smc_frac	4500.0	50	0.06	0.975	0.04950495049504951		100
eas_sweep_structured	gamma_smc_frac	4500.0	51	0.03	0.705	0.4158415841584158		100
eas_sweep_structured	gamma_smc_frac	4500.0	52	0.04	0.87	0.18811881188118812		100
eas_sweep_structured	gamma_smc_frac	4500.0	53	0.04	0.87	0.18811881188118812		100
eas_sweep_structured	gamma_smc_frac	4500.0	54	0.05	0.94	0.0891089108910891		100
eas_sweep_structured	gamma_smc_frac	4500.0	55	0.03	0.705	0.4158415841584158		100
eas_sweep_structured	gamma_smc_frac	4500.0	56	0.07	0.99	0.019801980198019802		100
eas_sweep_structured	gamma_smc_frac	4500.0	57	0.0	0.03	1.0		100
eas_sweep_structured	gamma_smc_frac	4500.0	58	0.04	0.87	0.18811881188118812		100
eas_sweep_structured	gamma_smc_frac	4500.0	59	0.03	0.705	0.4158415841584158		100
eas_sweep_structured	gamma_smc_frac	4500.0	60	0.04	0.87	0.18811881188118812		100
eas_sweep_structured	gamma_smc_frac	4500.0	61	0.06	0.975	0.04950495049504951		100
eas_sweep_structured	gamma_smc_frac	4500.0	62	0.01	0.175	0.9405940594059405		100
eas_sweep_structured	gamma_smc_frac	4500.0	63	0.03	0.705	0.4158415841584158		100
eas_sweep_structured	gamma_smc_frac	4500.0	64	0.03	0.705	0.4158415841584158		100
eas_sweep_structured	gamma_smc_frac	4500.0	65	0.17	1.0	0.009900990099009901		100
eas_sweep_structured	gamma_smc_frac	4500.0	66	0.05	0.94	0.0891089108910891		100
eas_sweep_structured	gamma_smc_frac	4500.0	67	0.03	0.705	0.4158415841584158		100
eas_sweep_structured	gamma_smc_frac	4500.0	68	0.03	0.705	0.4158415841584158		100
eas_sweep_structured	gamma_smc_frac	4500.0	69	0.07	0.99	0.019801980198019802		100
eas_sweep_structured	gamma_smc_frac	4500.0	70	0.02	0.44	0.7128712871287128		100
eas_sweep_structured	gamma_smc_frac	4500.0	71	0.12	1.0	0.009900990099009901		100
eas_sweep_structured	gamma_smc_frac	4500.0	72	0.04	0.87	0.18811881188118812		100
eas_sweep_structured	gamma_smc_frac	4500.0	73	0.1	1.0	0.009900990099009901		100
eas_sweep_structured	gamma_smc_frac	4500.0	74	0.05	0.94	0.0891089108910891		100
eas_sweep_structured	gamma_smc_frac	4500.0	75	0.07	0.99	0.019801980198019802		100
eas_sweep_structured	gamma_smc_frac	4500.0	76	0.04	0.87	0.18811881188118812		100
eas_sweep_structured	gamma_smc_frac	4500.0	77	0.0	0.03	1.0		100
eas_sweep_structured	gamma_smc_frac	4500.0	78	0.03	0.705	0.4158415841584158		100
eas_sweep_structured	gamma_smc_frac	4500.0	79	0.02	0.44	0.7128712871287128		100
eas_sweep_structured	gamma_smc_frac	4500.0	80	0.05	0.94	0.0891089108910891		100
eas_sweep_structured	gamma_smc_frac	4500.0	81	0.08	0.995	0.019801980198019802		100
eas_sweep_structured	gamma_smc_frac	4500.0	82	0.05	0.94	0.0891089108910891		100
eas_sweep_structured	gamma_smc_frac	4500.0	83	0.0	0.03	1.0		100
eas_sweep_structured	gamma_smc_frac	4500.0	84	0.02	0.44	0.7128712871287128		100
eas_sweep_structured	gamma_smc_frac	4500.0	85	0.02	0.44	0.7128712871287128		100
eas_sweep_structured	gamma_smc_frac	4500.0	86	0.04	0.87	0.18811881188118812		100
eas_sweep_structured	gamma_smc_frac	4500.0	87	0.05	0.94	0.0891089108910891		100
eas_sweep_structured	gamma_smc_frac	4500.0	88	0.05	0.94	0.0891089108910891		100
eas_sweep_structured	gamma_smc_frac	4500.0	89	0.03	0.705	0.4158415841584158		100
eas_sweep_structured	gamma_smc_frac	4500.0	90	0.03	0.705	0.4158415841584158		100
eas_sweep_structured	gamma_smc_frac	4500.0	91	0.05	0.94	0.0891089108910891		100
eas_sweep_structured	gamma_smc_frac	4500.0	92	0.06	0.975	0.04950495049504951		100
eas_sweep_structured	gamma_smc_frac	4500.0	93	0.04	0.87	0.18811881188118812		100
eas_sweep_structured	gamma_smc_frac	4500.0	94	0.05	0.94	0.0891089108910891		100
eas_sweep_structured	gamma_smc_frac	4500.0	95	0.07	0.99	0.019801980198019802		100
eas_sweep_structured	gamma_smc_frac	4500.0	96	0.07	0.99	0.019801980198019802		100
eas_sweep_structured	gamma_smc_frac	4500.0	97	0.01	0.175	0.9405940594059405		100
eas_sweep_structured	gamma_smc_frac	4500.0	98	0.02	0.44	0.7128712871287128		100
eas_sweep_structured	gamma_smc_frac	4500.0	99	0.04	0.87	0.18811881188118812		100
eas_sweep_structured	gamma_smc_frac	10000.0	0	0.19	1.0	0.009900990099009901		100
eas_sweep_structured	gamma_smc_frac	10000.0	1	0.17	1.0	0.009900990099009901		100
eas_sweep_structured	gamma_smc_frac	10000.0	2	0.14	1.0	0.009900990099009901		100
eas_sweep_structured	gamma_smc_frac	10000.0	3	0.05	0.57	0.5346534653465347		100
eas_sweep_structured	gamma_smc_frac	10000.0	4	0.11	0.985	0.0297029702970297		100
eas_sweep_structured	gamma_smc_frac	10000.0	5	0.06	0.715	0.33663366336633666		100
eas_sweep_structured	gamma_smc_frac	10000.0	6	0.04	0.4	0.6732673267326733		100
eas_sweep_structured	gamma_smc_frac	10000.0	7	0.11	0.985	0.0297029702970297		100
eas_sweep_structured	gamma_smc_frac	10000.0	8	0.05	0.57	0.5346534653465347		100
eas_sweep_structured	gamma_smc_frac	10000.0	9	0.07	0.795	0.24752475247524752		100
eas_sweep_structured	gamma_smc_frac	10000.0	10	0.29	1.0	0.009900990099009901		100
eas_sweep_structured	gamma_smc_frac	10000.0	11	0.06	0.715	0.33663366336633666		100
eas_sweep_structured	gamma_smc_frac	10000.0	12	0.08	0.85	0.1782178217821782		100
eas_sweep_structured	gamma_smc_frac	10000.0	13	0.13	1.0	0.009900990099009901		100
eas_sweep_structured	gamma_smc_frac	10000.0	14	0.13	1.0	0.009900990099009901		100
eas_sweep_structured	gamma_smc_frac	10000.0	15	0.11	0.985	0.0297029702970297		100
eas_sweep_structured	gamma_smc_frac	10000.0	16	0.26	1.0	0.009900990099009901		100
eas_sweep_structured	gamma_smc_frac	10000.0	17	0.09	0.89	0.13861386138613863		100
eas_sweep_structured	gamma_smc_frac	10000.0	18	0.06	0.715	0.33663366336633666		100
eas_sweep_structured	gamma_smc_frac	10000.0	19	0.06	0.715	0.33663366336633666		100
eas_sweep_structured	gamma_smc_frac	10000.0	20	0.15	1.0	0.009900990099009901		100
eas_sweep_structured	gamma_smc_frac	10000.0	21	0.14	1.0	0.009900990099009901		100
eas_sweep_structured	gamma_smc_frac	10000.0	22	0.12	0.995	0.019801980198019802		100
eas_sweep_structured	gamma_smc_frac	10000.0	23	0.2	1.0	0.009900990099009901		100
eas_sweep_structured	gamma_smc_frac	10000.0	24	0.04	0.4	0.6732673267326733		100
eas_sweep_structured	gamma_smc_frac	10000.0	25	0.09	0.89	0.13861386138613863		100
eas_sweep_structured	gamma_smc_frac	10000.0	26	0.12	0.995	0.019801980198019802		100
eas_sweep_structured	gamma_smc_frac	10000.0	27	0.09	0.89	0.13861386138613863		100
eas_sweep_structured	gamma_smc_frac	10000.0	28	0.07	0.795	0.24752475247524752		100
eas_sweep_structured	gamma_smc_frac	10000.0	29	0.13	1.0	0.009900990099009901		100
eas_sweep_structured	gamma_smc_frac	10000.0	30	0.06	0.715	0.33663366336633666		100
eas_sweep_structured	gamma_smc_frac	10000.0	31	0.11	0.985	0.0297029702970297		100
eas_sweep_structured	gamma_smc_frac	10000.0	32	0.05	0.57	0.5346534653465347		100
eas_sweep_structured	gamma_smc_frac	10000.0	33	0.06	0.715	0.33663366336633666		100
eas_sweep_structured	gamma_smc_frac	10000.0	34	0.13	1.0	0.009900990099009901		100
eas_sweep_structured	gamma_smc_frac	10000.0	35	0.05	0.57	0.5346534653465347		100
eas_sweep_structured	gamma_smc_frac	10000.0	36	0.09	0.89	0.13861386138613863		100
eas_sweep_structured	gamma_smc_frac	10000.0	37	0.1	0.945	0.09900990099009901		100
eas_sweep_structured	gamma_smc_frac	10000.0	38	0.05	0.57	0.5346534653465347		100
eas_sweep_structured	gamma_smc_frac	10000.0	39	0.07	0.795	0.24752475247524752		100
eas_sweep_structured	gamma_smc_frac	10000.0	40	0.09	0.89	0.13861386138613863		100
eas_sweep_structured	gamma_smc_frac	10000.0	41	0.06	0.715	0.33663366336633666		100
eas_sweep_structured	gamma_smc_frac	10000.0	42	0.24	1.0	0.009900990099009901		100
eas_sweep_structured	gamma_smc_frac	10000.0	43	0.07	0.795	0.24752475247524752		100
eas_sweep_structured	gamma_smc_frac	10000.0	44	0.1	0.945	0.09900990099009901		100
eas_sweep_structured	gamma_smc_frac	10000.0	45	0.07	0.795	0.24752475247524752		100
eas_sweep_structured	gamma_smc_frac	10000.0	46	0.16	1.0	0.009900990099009901		100
eas_sweep_structured	gamma_smc_frac	10000.0	47	0.04	0.4	0.6732673267326733		100
eas_sweep_structured	gamma_smc_frac	10000.0	48	0.07	0.795	0.24752475247524752		100
eas_sweep_structured	gamma_smc_frac	10000.0	49	0.08	0.85	0.1782178217821782		100
eas_sweep_structured	gamma_smc_frac	10000.0	50	0.14	1.0	0.009900990099009901		100
eas_sweep_structured	gamma_smc_frac	10000.0	51	0.09	0.89	0.13861386138613863		100
eas_sweep_structured	gamma_smc_frac	10000.0	52	0.17	1.0	0.009900990099009901		100
eas_sweep_structured	gamma_smc_frac	10000.0	53	0.18	1.0	0.009900990099009901		100
eas_sweep_structured	gamma_smc_frac	10000.0	54	0.09	0.89	0.13861386138613863		100
eas_sweep_structured	gamma_smc_frac	10000.0	55	0.08	0.85	0.1782178217821782		100
eas_sweep_structured	gamma_smc_frac	10000.0	56	0.12	0.995	0.019801980198019802		100
eas_sweep_structured	gamma_smc_frac	10000.0	57	0.06	0.715	0.33663366336633666		100
eas_sweep_structured	gamma_smc_frac	10000.0	58	0.1	0.945	0.09900990099009901		100
eas_sweep_structured	gamma_smc_frac	10000.0	59	0.1	0.945	0.09900990099009901		100
eas_sweep_structured	gamma_smc_frac	10000.0	60	0.26	1.0	0.009900990099009901		100
eas_sweep_structured	gamma_smc_frac	10000.0	61	0.17	1.0	0.009900990099009901		100
eas_sweep_structured	gamma_smc_frac	10000.0	62	0.04	0.4	0.6732673267326733		100
eas_sweep_structured	gamma_smc_frac	10000.0	63	0.1	0.945	0.09900990099009901		100
eas_sweep_structured	gamma_smc_frac	10000.0	64	0.1	0.945	0.09900990099009901		100
eas_sweep_structured	gamma_smc_frac	10000.0	65	0.32	1.0	0.009900990099009901		100
eas_sweep_structured	gamma_smc_frac	10000.0	66	0.12	0.995	0.019801980198019802		100
eas_sweep_structured	gamma_smc_frac	10000.0	67	0.11	0.985	0.0297029702970297		100
eas_sweep_structured	gamma_smc_frac	10000.0	68	0.06	0.715	0.33663366336633666		100
eas_sweep_structured	gamma_smc_frac	10000.0	69	0.16	1.0	0.009900990099009901		100
eas_sweep_structured	gamma_smc_frac	10000.0	70	0.08	0.85	0.1782178217821782		100
eas_sweep_structured	gamma_smc_frac	10000.0	71	0.26	1.0	0.009900990099009901		100
eas_sweep_structured	gamma_smc_frac	10000.0	72	0.14	1.0	0.009900990099009901		100
eas_sweep_structured	gamma_smc_frac	10000.0	73	0.15	1.0	0.009900990099009901		100
eas_sweep_structured	gamma_smc_frac	10000.0	74	0.11	0.985	0.0297029702970297		100
eas_sweep_structured	gamma_smc_frac	10000.0	75	0.13	1.0	0.009900990099009901		100
eas_sweep_structured	gamma_smc_frac	10000.0	76	0.12	0.995	0.019801980198019802		100
eas_sweep_structured	gamma_smc_frac	10000.0	77	0.05	0.57	0.5346534653465347		100
eas_sweep_structured	gamma_smc_frac	10000.0	78	0.11	0.985	0.0297029702970297		100
eas_sweep_structured	gamma_smc_frac	10000.0	79	0.06	0.715	0.33663366336633666		100
eas_sweep_structured	gamma_smc_frac	10000.0	80	0.07	0.795	0.24752475247524752		100
eas_sweep_structured	gamma_smc_frac	10000.0	81	0.15	1.0	0.009900990099009901		100
eas_sweep_structured	gamma_smc_frac	10000.0	82	0.23	1.0	0.009900990099009901		100
eas_sweep_structured	gamma_smc_frac	10000.0	83	0.1	0.945	0.09900990099009901		100
eas_sweep_structured	gamma_smc_frac	10000.0	84	0.04	0.4	0.6732673267326733		100
eas_sweep_structured	gamma_smc_frac	10000.0	85	0.05	0.57	0.5346534653465347		100
eas_sweep_structured	gamma_smc_frac	10000.0	86	0.06	0.715	0.33663366336633666		100
eas_sweep_structured	gamma_smc_frac	10000.0	87	0.08	0.85	0.1782178217821782		100
eas_sweep_structured	gamma_smc_frac	10000.0	88	0.12	0.995	0.019801980198019802		100
eas_sweep_structured	gamma_smc_frac	10000.0	89	0.12	0.995	0.019801980198019802		100
eas_sweep_structured	gamma_smc_frac	10000.0	90	0.1	0.945	0.09900990099009901		100
eas_sweep_structured	gamma_smc_frac	10000.0	91	0.12	0.995	0.019801980198019802		100
eas_sweep_structured	gamma_smc_frac	10000.0	92	0.07	0.795	0.24752475247524752		100
eas_sweep_structured	gamma_smc_frac	10000.0	93	0.09	0.89	0.13861386138613863		100
eas_sweep_structured	gamma_smc_frac	10000.0	94	0.13	1.0	0.009900990099009901		100
eas_sweep_structured	gamma_smc_frac	10000.0	95	0.11	0.985	0.0297029702970297		100
eas_sweep_structured	gamma_smc_frac	10000.0	96	0.22	1.0	0.009900990099009901		100
eas_sweep_structured	gamma_smc_frac	10000.0	97	0.06	0.715	0.33663366336633666		100
eas_sweep_structured	gamma_smc_frac	10000.0	98	0.07	0.795	0.24752475247524752		100
eas_sweep_structured	gamma_smc_frac	10000.0	99	0.13	1.0	0.009900990099009901		100
eas_sweep_structured	gamma_smc_frac	20000.0	0	0.26	1.0	0.009900990099009901		100
eas_sweep_structured	gamma_smc_frac	20000.0	1	0.3	1.0	0.009900990099009901		100
eas_sweep_structured	gamma_smc_frac	20000.0	2	0.22	0.995	0.019801980198019802		100
eas_sweep_structured	gamma_smc_frac	20000.0	3	0.18	0.99	0.019801980198019802		100
eas_sweep_structured	gamma_smc_frac	20000.0	4	0.15	0.97	0.039603960396039604		100
eas_sweep_structured	gamma_smc_frac	20000.0	5	0.14	0.955	0.06930693069306931		100
eas_sweep_structured	gamma_smc_frac	20000.0	6	0.09	0.605	0.45544554455445546		100
eas_sweep_structured	gamma_smc_frac	20000.0	7	0.3	1.0	0.009900990099009901		100
eas_sweep_structured	gamma_smc_frac	20000.0	8	0.14	0.955	0.06930693069306931		100
eas_sweep_structured	gamma_smc_frac	20000.0	9	0.2	0.99	0.019801980198019802		100
eas_sweep_structured	gamma_smc_frac	20000.0	10	0.48	1.0	0.009900990099009901		100
eas_sweep_structured	gamma_smc_frac	20000.0	11	0.28	1.0	0.009900990099009901		100
eas_sweep_structured	gamma_smc_frac	20000.0	12	0.14	0.955	0.06930693069306931		100
eas_sweep_structured	gamma_smc_frac	20000.0	13	0.25	1.0	0.009900990099009901		100
eas_sweep_structured	gamma_smc_frac	20000.0	14	0.22	0.995	0.019801980198019802		100
eas_sweep_structured	gamma_smc_frac	20000.0	15	0.17	0.985	0.0297029702970297		100
eas_sweep_structured	gamma_smc_frac	20000.0	16	0.37	1.0	0.009900990099009901		100
eas_sweep_structured	gamma_smc_frac	20000.0	17	0.2	0.99	0.019801980198019802		100
eas_sweep_structured	gamma_smc_frac	20000.0	18	0.15	0.97	0.039603960396039604		100
eas_sweep_structured	gamma_smc_frac	20000.0	19	0.07	0.365	0.6732673267326733		100
eas_sweep_structured	gamma_smc_frac	20000.0	20	0.39	1.0	0.009900990099009901		100
eas_sweep_structured	gamma_smc_frac	20000.0	21	0.33	1.0	0.009900990099009901		100
eas_sweep_structured	gamma_smc_frac	20000.0	22	0.21	0.99	0.019801980198019802		100
eas_sweep_structured	gamma_smc_frac	20000.0	23	0.27	1.0	0.009900990099009901		100
eas_sweep_structured	gamma_smc_frac	20000.0	24	0.07	0.365	0.6732673267326733		100
eas_sweep_structured	gamma_smc_frac	20000.0	25	0.15	0.97	0.039603960396039604		100
eas_sweep_structured	gamma_smc_frac	20000.0	26	0.19	0.99	0.019801980198019802		100
eas_sweep_structured	gamma_smc_frac	20000.0	27	0.17	0.985	0.0297029702970297		100
eas_sweep_structured	gamma_smc_frac	20000.0	28	0.11	0.79	0.24752475247524752		100
eas_sweep_structured	gamma_smc_frac	20000.0	29	0.28	1.0	0.009900990099009901		100
eas_sweep_structured	gamma_smc_frac	20000.0	30	0.08	0.475	0.6039603960396039		100
eas_sweep_structured	gamma_smc_frac	20000.0	31	0.15	0.97	0.039603960396039604		100
eas_sweep_structured	gamma_smc_frac	20000.0	32	0.13	0.925	0.09900990099009901		100
eas_sweep_structured	gamma_smc_frac	20000.0	33	0.08	0.475	0.6039603960396039		100
eas_sweep_structured	gamma_smc_frac	20000.0	34	0.26	1.0	0.009900990099009901		100
eas_sweep_structured	gamma_smc_frac	20000.0	35	0.08	0.475	0.6039603960396039		100
eas_sweep_structured	gamma_smc_frac	20000.0	36	0.16	0.975	0.039603960396039604		100
eas_sweep_structured	gamma_smc_frac	20000.0	37	0.13	0.925	0.09900990099009901		100
eas_sweep_structured	gamma_smc_frac	20000.0	38	0.15	0.97	0.039603960396039604		100
eas_sweep_structured	gamma_smc_frac	20000.0	39	0.12	0.865	0.18811881188118812		100
eas_sweep_structured	gamma_smc_frac	20000.0	40	0.22	0.995	0.019801980198019802		100
eas_sweep_structured	gamma_smc_frac	20000.0	41	0.11	0.79	0.24752475247524752		100
eas_sweep_structured	gamma_smc_frac	20000.0	42	0.38	1.0	0.009900990099009901		100
eas_sweep_structured	gamma_smc_frac	20000.0	43	0.29	1.0	0.009900990099009901		100
eas_sweep_structured	gamma_smc_frac	20000.0	44	0.15	0.97	0.039603960396039604		100
eas_sweep_structured	gamma_smc_frac	20000.0	45	0.13	0.925	0.09900990099009901		100
eas_sweep_structured	gamma_smc_frac	20000.0	46	0.34	1.0	0.009900990099009901		100
eas_sweep_structured	gamma_smc_frac	20000.0	47	0.12	0.865	0.18811881188118812		100
eas_sweep_structured	gamma_smc_frac	20000.0	48	0.15	0.97	0.039603960396039604		100
eas_sweep_structured	gamma_smc_frac	20000.0	49	0.15	0.97	0.039603960396039604		100
eas_sweep_structured	gamma_smc_frac	20000.0	50	0.19	0.99	0.019801980198019802		100
eas_sweep_structured	gamma_smc_frac	20000.0	51	0.15	0.97	0.039603960396039604		100
eas_sweep_structured	gamma_smc_frac	20000.0	52	0.23	1.0	0.009900990099009901		100
eas_sweep_structured	gamma_smc_frac	20000.0	53	0.27	1.0	0.009900990099009901		100
eas_sweep_structured	gamma_smc_frac	20000.0	54	0.23	1.0	0.009900990099009901		100
eas_sweep_structured	gamma_smc_frac	20000.0	55	0.15	0.97	0.039603960396039604		100
eas_sweep_structured	gamma_smc_frac	20000.0	56	0.22	0.995	0.019801980198019802		100
eas_sweep_structured	gamma_smc_frac	20000.0	57	0.15	0.97	0.039603960396039604		100
eas_sweep_structured	gamma_smc_frac	20000.0	58	0.17	0.985	0.0297029702970297		100
eas_sweep_structured	gamma_smc_frac	20000.0	59	0.16	0.975	0.039603960396039604		100
eas_sweep_structured	gamma_smc_frac	20000.0	60	0.35	1.0	0.009900990099009901		100
eas_sweep_structured	gamma_smc_frac	20000.0	61	0.27	1.0	0.009900990099009901		100
eas_sweep_structured	gamma_smc_frac	20000.0	62	0.04	0.1	0.9207920792079208		100
eas_sweep_structured	gamma_smc_frac	20000.0	63	0.17	0.985	0.0297029702970297		100
eas_sweep_structured	gamma_smc_frac	20000.0	64	0.23	1.0	0.009900990099009901		100
eas_sweep_structured	gamma_smc_frac	20000.0	65	0.45	1.0	0.009900990099009901		100
eas_sweep_structured	gamma_smc_frac	20000.0	66	0.17	0.985	0.0297029702970297		100
eas_sweep_structured	gamma_smc_frac	20000.0	67	0.14	0.955	0.06930693069306931		100
eas_sweep_structured	gamma_smc_frac	20000.0	68	0.09	0.605	0.45544554455445546		100
eas_sweep_structured	gamma_smc_frac	20000.0	69	0.36	1.0	0.009900990099009901		100
eas_sweep_structured	gamma_smc_frac	20000.0	70	0.25	1.0	0.009900990099009901		100
eas_sweep_structured	gamma_smc_frac	20000.0	71	0.43	1.0	0.009900990099009901		100
eas_sweep_structured	gamma_smc_frac	20000.0	72	0.2	0.99	0.019801980198019802		100
eas_sweep_structured	gamma_smc_frac	20000.0	73	0.25	1.0	0.009900990099009901		100
eas_sweep_structured	gamma_smc_frac	20000.0	74	0.14	0.955	0.06930693069306931		100
eas_sweep_structured	gamma_smc_frac	20000.0	75	0.19	0.99	0.019801980198019802		100
eas_sweep_structured	gamma_smc_frac	20000.0	76	0.13	0.925	0.09900990099009901		100
eas_sweep_structured	gamma_smc_frac	20000.0	77	0.11	0.79	0.24752475247524752		100
eas_sweep_structured	gamma_smc_frac	20000.0	78	0.18	0.99	0.019801980198019802		100
eas_sweep_structured	gamma_smc_frac	20000.0	79	0.17	0.985	0.0297029702970297		100
eas_sweep_structured	gamma_smc_frac	20000.0	80	0.11	0.79	0.24752475247524752		100
eas_sweep_structured	gamma_smc_frac	20000.0	81	0.23	1.0	0.009900990099009901		100
eas_sweep_structured	gamma_smc_frac	20000.0	82	0.48	1.0	0.009900990099009901		100
eas_sweep_structured	gamma_smc_frac	20000.0	83	0.25	1.0	0.009900990099009901		100
eas_sweep_structured	gamma_smc_frac	20000.0	84	0.11	0.79	0.24752475247524752		100
eas_sweep_structured	gamma_smc_frac	20000.0	85	0.13	0.925	0.09900990099009901		100
eas_sweep_structured	gamma_smc_frac	20000.0	86	0.12	0.865	0.18811881188118812		100
eas_sweep_structured	gamma_smc_frac	20000.0	87	0.14	0.955	0.06930693069306931		100
eas_sweep_structured	gamma_smc_frac	20000.0	88	0.19	0.99	0.019801980198019802		100
eas_sweep_structured	gamma_smc_frac	20000.0	89	0.14	0.955	0.06930693069306931		100
eas_sweep_structured	gamma_smc_frac	20000.0	90	0.19	0.99	0.019801980198019802		100
eas_sweep_structured	gamma_smc_frac	20000.0	91	0.15	0.97	0.039603960396039604		100
eas_sweep_structured	gamma_smc_frac	20000.0	92	0.09	0.605	0.45544554455445546		100
eas_sweep_structured	gamma_smc_frac	20000.0	93	0.15	0.97	0.039603960396039604		100
eas_sweep_structured	gamma_smc_frac	20000.0	94	0.29	1.0	0.009900990099009901		100
eas_sweep_structured	gamma_smc_frac	20000.0	95	0.17	0.985	0.0297029702970297		100
eas_sweep_structured	gamma_smc_frac	20000.0	96	0.31	1.0	0.009900990099009901		100
eas_sweep_structured	gamma_smc_frac	20000.0	97	0.19	0.99	0.019801980198019802		100
eas_sweep_structured	gamma_smc_frac	20000.0	98	0.11	0.79	0.24752475247524752		100
eas_sweep_structured	gamma_smc_frac	20000.0	99	0.23	1.0	0.009900990099009901		100
eas_sweep_structured	gamma_smc_frac	30000.0	0	0.32	1.0	0.009900990099009901		100
eas_sweep_structured	gamma_smc_frac	30000.0	1	0.36	1.0	0.009900990099009901		100
eas_sweep_structured	gamma_smc_frac	30000.0	2	0.24	0.99	0.019801980198019802		100
eas_sweep_structured	gamma_smc_frac	30000.0	3	0.27	0.99	0.019801980198019802		100
eas_sweep_structured	gamma_smc_frac	30000.0	4	0.15	0.865	0.1485148514851485		100
eas_sweep_structured	gamma_smc_frac	30000.0	5	0.22	0.985	0.0297029702970297		100
eas_sweep_structured	gamma_smc_frac	30000.0	6	0.13	0.705	0.33663366336633666		100
eas_sweep_structured	gamma_smc_frac	30000.0	7	0.42	1.0	0.009900990099009901		100
eas_sweep_structured	gamma_smc_frac	30000.0	8	0.14	0.8	0.26732673267326734		100
eas_sweep_structured	gamma_smc_frac	30000.0	9	0.26	0.99	0.019801980198019802		100
eas_sweep_structured	gamma_smc_frac	30000.0	10	0.57	1.0	0.009900990099009901		100
eas_sweep_structured	gamma_smc_frac	30000.0	11	0.41	1.0	0.009900990099009901		100
eas_sweep_structured	gamma_smc_frac	30000.0	12	0.18	0.935	0.0891089108910891		100
eas_sweep_structured	gamma_smc_frac	30000.0	13	0.37	1.0	0.009900990099009901		100
eas_sweep_structured	gamma_smc_frac	30000.0	14	0.25	0.99	0.019801980198019802		100
eas_sweep_structured	gamma_smc_frac	30000.0	15	0.2	0.96	0.0594059405940594		100
eas_sweep_structured	gamma_smc_frac	30000.0	16	0.39	1.0	0.009900990099009901		100
eas_sweep_structured	gamma_smc_frac	30000.0	17	0.24	0.99	0.019801980198019802		100
eas_sweep_structured	gamma_smc_frac	30000.0	18	0.18	0.935	0.0891089108910891		100
eas_sweep_structured	gamma_smc_frac	30000.0	19	0.13	0.705	0.33663366336633666		100
eas_sweep_structured	gamma_smc_frac	30000.0	20	0.5	1.0	0.009900990099009901		100
eas_sweep_structured	gamma_smc_frac	30000.0	21	0.39	1.0	0.009900990099009901		100
eas_sweep_structured	gamma_smc_frac	30000.0	22	0.24	0.99	0.019801980198019802		100
eas_sweep_structured	gamma_smc_frac	30000.0	23	0.31	1.0	0.009900990099009901		100
eas_sweep_structured	gamma_smc_frac	30000.0	24	0.1	0.455	0.5841584158415841		100
eas_sweep_structured	gamma_smc_frac	30000.0	25	0.21	0.975	0.039603960396039604		100
eas_sweep_structured	gamma_smc_frac	30000.0	26	0.22	0.985	0.0297029702970297		100
eas_sweep_structured	gamma_smc_frac	30000.0	27	0.19	0.95	0.0594059405940594		100
eas_sweep_structured	gamma_smc_frac	30000.0	28	0.21	0.975	0.039603960396039604		100
eas_sweep_structured	gamma_smc_frac	30000.0	29	0.37	1.0	0.009900990099009901		100
eas_sweep_structured	gamma_smc_frac	30000.0	30	0.11	0.545	0.5148514851485149		100
eas_sweep_structured	gamma_smc_frac	30000.0	31	0.2	0.96	0.0594059405940594		100
eas_sweep_structured	gamma_smc_frac	30000.0	32	0.14	0.8	0.26732673267326734		100
eas_sweep_structured	gamma_smc_frac	30000.0	33	0.1	0.455	0.5841584158415841		100
eas_sweep_structured	gamma_smc_frac	30000.0	34	0.35	1.0	0.009900990099009901		100
eas_sweep_structured	gamma_smc_frac	30000.0	35	0.09	0.355	0.7128712871287128		100
eas_sweep_structured	gamma_smc_frac	30000.0	36	0.19	0.95	0.0594059405940594		100
eas_sweep_structured	gamma_smc_frac	30000.0	37	0.16	0.88	0.13861386138613863		100
eas_sweep_structured	gamma_smc_frac	30000.0	38	0.19	0.95	0.0594059405940594		100
eas_sweep_structured	gamma_smc_frac	30000.0	39	0.2	0.96	0.0594059405940594		100
eas_sweep_structured	gamma_smc_frac	30000.0	40	0.27	0.99	0.019801980198019802		100
eas_sweep_structured	gamma_smc_frac	30000.0	41	0.13	0.705	0.33663366336633666		100
eas_sweep_structured	gamma_smc_frac	30000.0	42	0.42	1.0	0.009900990099009901		100
eas_sweep_structured	gamma_smc_frac	30000.0	43	0.42	1.0	0.009900990099009901		100
eas_sweep_structured	gamma_smc_frac	30000.0	44	0.2	0.96	0.0594059405940594		100
eas_sweep_structured	gamma_smc_frac	30000.0	45	0.16	0.88	0.13861386138613863		100
eas_sweep_structured	gamma_smc_frac	30000.0	46	0.41	1.0	0.009900990099009901		100
eas_sweep_structured	gamma_smc_frac	30000.0	47	0.17	0.905	0.1188118811881188		100
eas_sweep_structured	gamma_smc_frac	30000.0	48	0.22	0.985	0.0297029702970297		100
eas_sweep_structured	gamma_smc_frac	30000.0	49	0.17	0.905	0.1188118811881188		100
eas_sweep_structured	gamma_smc_frac	30000.0	50	0.23	0.99	0.019801980198019802		100
eas_sweep_structured	gamma_smc_frac	30000.0	51	0.2	0.96	0.0594059405940594		100
eas_sweep_structured	gamma_smc_frac	30000.0	52	0.26	0.99	0.019801980198019802		100
eas_sweep_structured	gamma_smc_frac	30000.0	53	0.29	0.995	0.019801980198019802		100
eas_sweep_structured	gamma_smc_frac	30000.0	54	0.24	0.99	0.019801980198019802		100
eas_sweep_structured	gamma_smc_frac	30000.0	55	0.18	0.935	0.0891089108910891		100
eas_sweep_structured	gamma_smc_frac	30000.0	56	0.23	0.99	0.019801980198019802		100
eas_sweep_structured	gamma_smc_frac	30000.0	57	0.24	0.99	0.019801980198019802		100
eas_sweep_structured	gamma_smc_frac	30000.0	58	0.2	0.96	0.0594059405940594		100
eas_sweep_structured	gamma_smc_frac	30000.0	59	0.22	0.985	0.0297029702970297		100
eas_sweep_structured	gamma_smc_frac	30000.0	60	0.41	1.0	0.009900990099009901		100
eas_sweep_structured	gamma_smc_frac	30000.0	61	0.29	0.995	0.019801980198019802		100
eas_sweep_structured	gamma_smc_frac	30000.0	62	0.07	0.18	0.8514851485148515		100
eas_sweep_structured	gamma_smc_frac	30000.0	63	0.21	0.975	0.039603960396039604		100
eas_sweep_structured	gamma_smc_frac	30000.0	64	0.25	0.99	0.019801980198019802		100
eas_sweep_structured	gamma_smc_frac	30000.0	65	0.5	1.0	0.009900990099009901		100
eas_sweep_structured	gamma_smc_frac	30000.0	66	0.21	0.975	0.039603960396039604		100
eas_sweep_structured	gamma_smc_frac	30000.0	67	0.21	0.975	0.039603960396039604		100
eas_sweep_structured	gamma_smc_frac	30000.0	68	0.09	0.355	0.7128712871287128		100
eas_sweep_structured	gamma_smc_frac	30000.0	69	0.49	1.0	0.009900990099009901		100
eas_sweep_structured	gamma_smc_frac	30000.0	70	0.33	1.0	0.009900990099009901		100
eas_sweep_structured	gamma_smc_frac	30000.0	71	0.46	1.0	0.009900990099009901		100
eas_sweep_structured	gamma_smc_frac	30000.0	72	0.21	0.975	0.039603960396039604		100
eas_sweep_structured	gamma_smc_frac	30000.0	73	0.32	1.0	0.009900990099009901		100
eas_sweep_structured	gamma_smc_frac	30000.0	74	0.18	0.935	0.0891089108910891		100
eas_sweep_structured	gamma_smc_frac	30000.0	75	0.23	0.99	0.019801980198019802		100
eas_sweep_structured	gamma_smc_frac	30000.0	76	0.18	0.935	0.0891089108910891		100
eas_sweep_structured	gamma_smc_frac	30000.0	77	0.23	0.99	0.019801980198019802		100
eas_sweep_structured	gamma_smc_frac	30000.0	78	0.23	0.99	0.019801980198019802		100
eas_sweep_structured	gamma_smc_frac	30000.0	79	0.26	0.99	0.019801980198019802		100
eas_sweep_structured	gamma_smc_frac	30000.0	80	0.15	0.865	0.1485148514851485		100
eas_sweep_structured	gamma_smc_frac	30000.0	81	0.26	0.99	0.019801980198019802		100
eas_sweep_structured	gamma_smc_frac	30000.0	82	0.54	1.0	0.009900990099009901		100
eas_sweep_structured	gamma_smc_frac	30000.0	83	0.33	1.0	0.009900990099009901		100
eas_sweep_structured	gamma_smc_frac	30000.0	84	0.15	0.865	0.1485148514851485		100
eas_sweep_structured	gamma_smc_frac	30000.0	85	0.21	0.975	0.039603960396039604		100
eas_sweep_structured	gamma_smc_frac	30000.0	86	0.16	0.88	0.13861386138613863		100
eas_sweep_structured	gamma_smc_frac	30000.0	87	0.22	0.985	0.0297029702970297		100
eas_sweep_structured	gamma_smc_frac	30000.0	88	0.22	0.985	0.0297029702970297		100
eas_sweep_structured	gamma_smc_frac	30000.0	89	0.18	0.935	0.0891089108910891		100
eas_sweep_structured	gamma_smc_frac	30000.0	90	0.29	0.995	0.019801980198019802		100
eas_sweep_structured	gamma_smc_frac	30000.0	91	0.17	0.905	0.1188118811881188		100
eas_sweep_structured	gamma_smc_frac	30000.0	92	0.13	0.705	0.33663366336633666		100
eas_sweep_structured	gamma_smc_frac	30000.0	93	0.17	0.905	0.1188118811881188		100
eas_sweep_structured	gamma_smc_frac	30000.0	94	0.37	1.0	0.009900990099009901		100
eas_sweep_structured	gamma_smc_frac	30000.0	95	0.28	0.99	0.019801980198019802		100
eas_sweep_structured	gamma_smc_frac	30000.0	96	0.34	1.0	0.009900990099009901		100
eas_sweep_structured	gamma_smc_frac	30000.0	97	0.26	0.99	0.019801980198019802		100
eas_sweep_structured	gamma_smc_frac	30000.0	98	0.17	0.905	0.1188118811881188		100
eas_sweep_structured	gamma_smc_frac	30000.0	99	0.26	0.99	0.019801980198019802		100
eas_sweep_structured	gamma_smc_frac	40000.0	0	0.35	1.0	0.009900990099009901		100
eas_sweep_structured	gamma_smc_frac	40000.0	1	0.38	1.0	0.009900990099009901		100
eas_sweep_structured	gamma_smc_frac	40000.0	2	0.27	0.97	0.039603960396039604		100
eas_sweep_structured	gamma_smc_frac	40000.0	3	0.34	1.0	0.009900990099009901		100
eas_sweep_structured	gamma_smc_frac	40000.0	4	0.17	0.73	0.297029702970297		100
eas_sweep_structured	gamma_smc_frac	40000.0	5	0.28	0.975	0.039603960396039604		100
eas_sweep_structured	gamma_smc_frac	40000.0	6	0.15	0.64	0.39603960396039606		100
eas_sweep_structured	gamma_smc_frac	40000.0	7	0.46	1.0	0.009900990099009901		100
eas_sweep_structured	gamma_smc_frac	40000.0	8	0.16	0.69	0.33663366336633666		100
eas_sweep_structured	gamma_smc_frac	40000.0	9	0.32	0.99	0.019801980198019802		100
eas_sweep_structured	gamma_smc_frac	40000.0	10	0.62	1.0	0.009900990099009901		100
eas_sweep_structured	gamma_smc_frac	40000.0	11	0.44	1.0	0.009900990099009901		100
eas_sweep_structured	gamma_smc_frac	40000.0	12	0.21	0.92	0.09900990099009901		100
eas_sweep_structured	gamma_smc_frac	40000.0	13	0.45	1.0	0.009900990099009901		100
eas_sweep_structured	gamma_smc_frac	40000.0	14	0.3	0.99	0.019801980198019802		100
eas_sweep_structured	gamma_smc_frac	40000.0	15	0.24	0.945	0.06930693069306931		100
eas_sweep_structured	gamma_smc_frac	40000.0	16	0.41	1.0	0.009900990099009901		100
eas_sweep_structured	gamma_smc_frac	40000.0	17	0.24	0.945	0.06930693069306931		100
eas_sweep_structured	gamma_smc_frac	40000.0	18	0.23	0.94	0.06930693069306931		100
eas_sweep_structured	gamma_smc_frac	40000.0	19	0.13	0.515	0.5346534653465347		100
eas_sweep_structured	gamma_smc_frac	40000.0	20	0.58	1.0	0.009900990099009901		100
eas_sweep_structured	gamma_smc_frac	40000.0	21	0.41	1.0	0.009900990099009901		100
eas_sweep_structured	gamma_smc_frac	40000.0	22	0.27	0.97	0.039603960396039604		100
eas_sweep_structured	gamma_smc_frac	40000.0	23	0.36	1.0	0.009900990099009901		100
eas_sweep_structured	gamma_smc_frac	40000.0	24	0.14	0.585	0.44554455445544555		100
eas_sweep_structured	gamma_smc_frac	40000.0	25	0.22	0.935	0.07920792079207921		100
eas_sweep_structured	gamma_smc_frac	40000.0	26	0.24	0.945	0.06930693069306931		100
eas_sweep_structured	gamma_smc_frac	40000.0	27	0.2	0.885	0.1485148514851485		100
eas_sweep_structured	gamma_smc_frac	40000.0	28	0.3	0.99	0.019801980198019802		100
eas_sweep_structured	gamma_smc_frac	40000.0	29	0.47	1.0	0.009900990099009901		100
eas_sweep_structured	gamma_smc_frac	40000.0	30	0.12	0.435	0.6039603960396039		100
eas_sweep_structured	gamma_smc_frac	40000.0	31	0.22	0.935	0.07920792079207921		100
eas_sweep_structured	gamma_smc_frac	40000.0	32	0.15	0.64	0.39603960396039606		100
eas_sweep_structured	gamma_smc_frac	40000.0	33	0.12	0.435	0.6039603960396039		100
eas_sweep_structured	gamma_smc_frac	40000.0	34	0.36	1.0	0.009900990099009901		100
eas_sweep_structured	gamma_smc_frac	40000.0	35	0.13	0.515	0.5346534653465347		100
eas_sweep_structured	gamma_smc_frac	40000.0	36	0.21	0.92	0.09900990099009901		100
eas_sweep_structured	gamma_smc_frac	40000.0	37	0.16	0.69	0.33663366336633666		100
eas_sweep_structured	gamma_smc_frac	40000.0	38	0.2	0.885	0.1485148514851485		100
eas_sweep_structured	gamma_smc_frac	40000.0	39	0.2	0.885	0.1485148514851485		100
eas_sweep_structured	gamma_smc_frac	40000.0	40	0.3	0.99	0.019801980198019802		100
eas_sweep_structured	gamma_smc_frac	40000.0	41	0.16	0.69	0.33663366336633666		100
eas_sweep_structured	gamma_smc_frac	40000.0	42	0.42	1.0	0.009900990099009901		100
eas_sweep_structured	gamma_smc_frac	40000.0	43	0.48	1.0	0.009900990099009901		100
eas_sweep_structured	gamma_smc_frac	40000.0	44	0.22	0.935	0.07920792079207921		100
eas_sweep_structured	gamma_smc_frac	40000.0	45	0.16	0.69	0.33663366336633666		100
eas_sweep_structured	gamma_smc_frac	40000.0	46	0.5	1.0	0.009900990099009901		100
eas_sweep_structured	gamma_smc_frac	40000.0	47	0.18	0.775	0.25742574257425743		100
eas_sweep_structured	gamma_smc_frac	40000.0	48	0.27	0.97	0.039603960396039604		100
eas_sweep_structured	gamma_smc_frac	40000.0	49	0.19	0.83	0.2079207920792079		100
eas_sweep_structured	gamma_smc_frac	40000.0	50	0.28	0.975	0.039603960396039604		100
eas_sweep_structured	gamma_smc_frac	40000.0	51	0.25	0.95	0.0594059405940594		100
eas_sweep_structured	gamma_smc_frac	40000.0	52	0.27	0.97	0.039603960396039604		100
eas_sweep_structured	gamma_smc_frac	40000.0	53	0.34	1.0	0.009900990099009901		100
eas_sweep_structured	gamma_smc_frac	40000.0	54	0.26	0.96	0.0594059405940594		100
eas_sweep_structured	gamma_smc_frac	40000.0	55	0.2	0.885	0.1485148514851485		100
eas_sweep_structured	gamma_smc_frac	40000.0	56	0.23	0.94	0.06930693069306931		100
eas_sweep_structured	gamma_smc_frac	40000.0	57	0.26	0.96	0.0594059405940594		100
eas_sweep_structured	gamma_smc_frac	40000.0	58	0.26	0.96	0.0594059405940594		100
eas_sweep_structured	gamma_smc_frac	40000.0	59	0.25	0.95	0.0594059405940594		100
eas_sweep_structured	gamma_smc_frac	40000.0	60	0.41	1.0	0.009900990099009901		100
eas_sweep_structured	gamma_smc_frac	40000.0	61	0.31	0.99	0.019801980198019802		100
eas_sweep_structured	gamma_smc_frac	40000.0	62	0.07	0.11	0.9207920792079208		100
eas_sweep_structured	gamma_smc_frac	40000.0	63	0.25	0.95	0.0594059405940594		100
eas_sweep_structured	gamma_smc_frac	40000.0	64	0.25	0.95	0.0594059405940594		100
eas_sweep_structured	gamma_smc_frac	40000.0	65	0.51	1.0	0.009900990099009901		100
eas_sweep_structured	gamma_smc_frac	40000.0	66	0.22	0.935	0.07920792079207921		100
eas_sweep_structured	gamma_smc_frac	40000.0	67	0.23	0.94	0.06930693069306931		100
eas_sweep_structured	gamma_smc_frac	40000.0	68	0.11	0.36	0.6831683168316832		100
eas_sweep_structured	gamma_smc_frac	40000.0	69	0.61	1.0	0.009900990099009901		100
eas_sweep_structured	gamma_smc_frac	40000.0	70	0.42	1.0	0.009900990099009901		100
eas_sweep_structured	gamma_smc_frac	40000.0	71	0.47	1.0	0.009900990099009901		100
eas_sweep_structured	gamma_smc_frac	40000.0	72	0.23	0.94	0.06930693069306931		100
eas_sweep_structured	gamma_smc_frac	40000.0	73	0.34	1.0	0.009900990099009901		100
eas_sweep_structured	gamma_smc_frac	40000.0	74	0.19	0.83	0.2079207920792079		100
eas_sweep_structured	gamma_smc_frac	40000.0	75	0.27	0.97	0.039603960396039604		100
eas_sweep_structured	gamma_smc_frac	40000.0	76	0.18	0.775	0.25742574257425743		100
eas_sweep_structured	gamma_smc_frac	40000.0	77	0.28	0.975	0.039603960396039604		100
eas_sweep_structured	gamma_smc_frac	40000.0	78	0.26	0.96	0.0594059405940594		100
eas_sweep_structured	gamma_smc_frac	40000.0	79	0.31	0.99	0.019801980198019802		100
eas_sweep_structured	gamma_smc_frac	40000.0	80	0.21	0.92	0.09900990099009901		100
eas_sweep_structured	gamma_smc_frac	40000.0	81	0.3	0.99	0.019801980198019802		100
eas_sweep_structured	gamma_smc_frac	40000.0	82	0.57	1.0	0.009900990099009901		100
eas_sweep_structured	gamma_smc_frac	40000.0	83	0.39	1.0	0.009900990099009901		100
eas_sweep_structured	gamma_smc_frac	40000.0	84	0.18	0.775	0.25742574257425743		100
eas_sweep_structured	gamma_smc_frac	40000.0	85	0.23	0.94	0.06930693069306931		100
eas_sweep_structured	gamma_smc_frac	40000.0	86	0.19	0.83	0.2079207920792079		100
eas_sweep_structured	gamma_smc_frac	40000.0	87	0.23	0.94	0.06930693069306931		100
eas_sweep_structured	gamma_smc_frac	40000.0	88	0.24	0.945	0.06930693069306931		100
eas_sweep_structured	gamma_smc_frac	40000.0	89	0.18	0.775	0.25742574257425743		100
eas_sweep_structured	gamma_smc_frac	40000.0	90	0.34	1.0	0.009900990099009901		100
eas_sweep_structured	gamma_smc_frac	40000.0	91	0.19	0.83	0.2079207920792079		100
eas_sweep_structured	gamma_smc_frac	40000.0	92	0.14	0.585	0.44554455445544555		100
eas_sweep_structured	gamma_smc_frac	40000.0	93	0.21	0.92	0.09900990099009901		100
eas_sweep_structured	gamma_smc_frac	40000.0	94	0.39	1.0	0.009900990099009901		100
eas_sweep_structured	gamma_smc_frac	40000.0	95	0.34	1.0	0.009900990099009901		100
eas_sweep_structured	gamma_smc_frac	40000.0	96	0.39	1.0	0.009900990099009901		100
eas_sweep_structured	gamma_smc_frac	40000.0	97	0.34	1.0	0.009900990099009901		100
eas_sweep_structured	gamma_smc_frac	40000.0	98	0.22	0.935	0.07920792079207921		100
eas_sweep_structured	gamma_smc_frac	40000.0	99	0.29	0.985	0.0297029702970297		100
eas_sweep_structured	gamma_smc_frac	50000.0	0	0.4	1.0	0.009900990099009901		100
eas_sweep_structured	gamma_smc_frac	50000.0	1	0.4	1.0	0.009900990099009901		100
eas_sweep_structured	gamma_smc_frac	50000.0	2	0.28	0.945	0.06930693069306931		100
eas_sweep_structured	gamma_smc_frac	50000.0	3	0.37	1.0	0.009900990099009901		100
eas_sweep_structured	gamma_smc_frac	50000.0	4	0.17	0.64	0.39603960396039606		100
eas_sweep_structured	gamma_smc_frac	50000.0	5	0.31	0.975	0.039603960396039604		100
eas_sweep_structured	gamma_smc_frac	50000.0	6	0.17	0.64	0.39603960396039606		100
eas_sweep_structured	gamma_smc_frac	50000.0	7	0.5	1.0	0.009900990099009901		100
eas_sweep_structured	gamma_smc_frac	50000.0	8	0.16	0.585	0.44554455445544555		100
eas_sweep_structured	gamma_smc_frac	50000.0	9	0.35	1.0	0.009900990099009901		100
eas_sweep_structured	gamma_smc_frac	50000.0	10	0.62	1.0	0.009900990099009901		100
eas_sweep_structured	gamma_smc_frac	50000.0	11	0.47	1.0	0.009900990099009901		100
eas_sweep_structured	gamma_smc_frac	50000.0	12	0.26	0.925	0.0891089108910891		100
eas_sweep_structured	gamma_smc_frac	50000.0	13	0.5	1.0	0.009900990099009901		100
eas_sweep_structured	gamma_smc_frac	50000.0	14	0.31	0.975	0.039603960396039604		100
eas_sweep_structured	gamma_smc_frac	50000.0	15	0.24	0.89	0.12871287128712872		100
eas_sweep_structured	gamma_smc_frac	50000.0	16	0.43	1.0	0.009900990099009901		100
eas_sweep_structured	gamma_smc_frac	50000.0	17	0.25	0.91	0.10891089108910891		100
eas_sweep_structured	gamma_smc_frac	50000.0	18	0.25	0.91	0.10891089108910891		100
eas_sweep_structured	gamma_smc_frac	50000.0	19	0.15	0.525	0.5148514851485149		100
eas_sweep_structured	gamma_smc_frac	50000.0	20	0.59	1.0	0.009900990099009901		100
eas_sweep_structured	gamma_smc_frac	50000.0	21	0.44	1.0	0.009900990099009901		100
eas_sweep_structured	gamma_smc_frac	50000.0	22	0.29	0.955	0.0594059405940594		100
eas_sweep_structured	gamma_smc_frac	50000.0	23	0.36	1.0	0.009900990099009901		100
eas_sweep_structured	gamma_smc_frac	50000.0	24	0.14	0.45	0.594059405940594		100
eas_sweep_structured	gamma_smc_frac	50000.0	25	0.26	0.925	0.0891089108910891		100
eas_sweep_structured	gamma_smc_frac	50000.0	26	0.27	0.935	0.07920792079207921		100
eas_sweep_structured	gamma_smc_frac	50000.0	27	0.21	0.81	0.21782178217821782		100
eas_sweep_structured	gamma_smc_frac	50000.0	28	0.32	0.985	0.0297029702970297		100
eas_sweep_structured	gamma_smc_frac	50000.0	29	0.54	1.0	0.009900990099009901		100
eas_sweep_structured	gamma_smc_frac	50000.0	30	0.15	0.525	0.5148514851485149		100
eas_sweep_structured	gamma_smc_frac	50000.0	31	0.26	0.925	0.0891089108910891		100
eas_sweep_structured	gamma_smc_frac	50000.0	32	0.16	0.585	0.44554455445544555		100
eas_sweep_structured	gamma_smc_frac	50000.0	33	0.14	0.45	0.594059405940594		100
eas_sweep_structured	gamma_smc_frac	50000.0	34	0.36	1.0	0.009900990099009901		100
eas_sweep_structured	gamma_smc_frac	50000.0	35	0.17	0.64	0.39603960396039606		100
eas_sweep_structured	gamma_smc_frac	50000.0	36	0.24	0.89	0.12871287128712872		100
eas_sweep_structured	gamma_smc_frac	50000.0	37	0.21	0.81	0.21782178217821782		100
eas_sweep_structured	gamma_smc_frac	50000.0	38	0.23	0.875	0.13861386138613863		100
eas_sweep_structured	gamma_smc_frac	50000.0	39	0.24	0.89	0.12871287128712872		100
eas_sweep_structured	gamma_smc_frac	50000.0	40	0.32	0.985	0.0297029702970297		100
eas_sweep_structured	gamma_smc_frac	50000.0	41	0.16	0.585	0.44554455445544555		100
eas_sweep_structured	gamma_smc_frac	50000.0	42	0.42	1.0	0.009900990099009901		100
eas_sweep_structured	gamma_smc_frac	50000.0	43	0.5	1.0	0.009900990099009901		100
eas_sweep_structured	gamma_smc_frac	50000.0	44	0.27	0.935	0.07920792079207921		100
eas_sweep_structured	gamma_smc_frac	50000.0	45	0.16	0.585	0.44554455445544555		100
eas_sweep_structured	gamma_smc_frac	50000.0	46	0.53	1.0	0.009900990099009901		100
eas_sweep_structured	gamma_smc_frac	50000.0	47	0.2	0.78	0.2376237623762376		100
eas_sweep_structured	gamma_smc_frac	50000.0	48	0.27	0.935	0.07920792079207921		100
eas_sweep_structured	gamma_smc_frac	50000.0	49	0.23	0.875	0.13861386138613863		100
eas_sweep_structured	gamma_smc_frac	50000.0	50	0.31	0.975	0.039603960396039604		100
eas_sweep_structured	gamma_smc_frac	50000.0	51	0.29	0.955	0.0594059405940594		100
eas_sweep_structured	gamma_smc_frac	50000.0	52	0.28	0.945	0.06930693069306931		100
eas_sweep_structured	gamma_smc_frac	50000.0	53	0.39	1.0	0.009900990099009901		100
eas_sweep_structured	gamma_smc_frac	50000.0	54	0.31	0.975	0.039603960396039604		100
eas_sweep_structured	gamma_smc_frac	50000.0	55	0.23	0.875	0.13861386138613863		100
eas_sweep_structured	gamma_smc_frac	50000.0	56	0.27	0.935	0.07920792079207921		100
eas_sweep_structured	gamma_smc_frac	50000.0	57	0.27	0.935	0.07920792079207921		100
eas_sweep_structured	gamma_smc_frac	50000.0	58	0.26	0.925	0.0891089108910891		100
eas_sweep_structured	gamma_smc_frac	50000.0	59	0.31	0.975	0.039603960396039604		100
eas_sweep_structured	gamma_smc_frac	50000.0	60	0.41	1.0	0.009900990099009901		100
eas_sweep_structured	gamma_smc_frac	50000.0	61	0.34	1.0	0.009900990099009901		100
eas_sweep_structured	gamma_smc_frac	50000.0	62	0.07	0.055	0.9702970297029703		100
eas_sweep_structured	gamma_smc_frac	50000.0	63	0.27	0.935	0.07920792079207921		100
eas_sweep_structured	gamma_smc_frac	50000.0	64	0.28	0.945	0.06930693069306931		100
eas_sweep_structured	gamma_smc_frac	50000.0	65	0.51	1.0	0.009900990099009901		100
eas_sweep_structured	gamma_smc_frac	50000.0	66	0.24	0.89	0.12871287128712872		100
eas_sweep_structured	gamma_smc_frac	50000.0	67	0.24	0.89	0.12871287128712872		100
eas_sweep_structured	gamma_smc_frac	50000.0	68	0.13	0.385	0.6435643564356436		100
eas_sweep_structured	gamma_smc_frac	50000.0	69	0.62	1.0	0.009900990099009901		100
eas_sweep_structured	gamma_smc_frac	50000.0	70	0.46	1.0	0.009900990099009901		100
eas_sweep_structured	gamma_smc_frac	50000.0	71	0.48	1.0	0.009900990099009901		100
eas_sweep_structured	gamma_smc_frac	50000.0	72	0.28	0.945	0.06930693069306931		100
eas_sweep_structured	gamma_smc_frac	50000.0	73	0.36	1.0	0.009900990099009901		100
eas_sweep_structured	gamma_smc_frac	50000.0	74	0.2	0.78	0.2376237623762376		100
eas_sweep_structured	gamma_smc_frac	50000.0	75	0.28	0.945	0.06930693069306931		100
eas_sweep_structured	gamma_smc_frac	50000.0	76	0.21	0.81	0.21782178217821782		100
eas_sweep_structured	gamma_smc_frac	50000.0	77	0.33	0.995	0.019801980198019802		100
eas_sweep_structured	gamma_smc_frac	50000.0	78	0.29	0.955	0.0594059405940594		100
eas_sweep_structured	gamma_smc_frac	50000.0	79	0.36	1.0	0.009900990099009901		100
eas_sweep_structured	gamma_smc_frac	50000.0	80	0.23	0.875	0.13861386138613863		100
eas_sweep_structured	gamma_smc_frac	50000.0	81	0.32	0.985	0.0297029702970297		100
eas_sweep_structured	gamma_smc_frac	50000.0	82	0.57	1.0	0.009900990099009901		100
eas_sweep_structured	gamma_smc_frac	50000.0	83	0.42	1.0	0.009900990099009901		100
eas_sweep_structured	gamma_smc_frac	50000.0	84	0.21	0.81	0.21782178217821782		100
eas_sweep_structured	gamma_smc_frac	50000.0	85	0.23	0.875	0.13861386138613863		100
eas_sweep_structured	gamma_smc_frac	50000.0	86	0.21	0.81	0.21782178217821782		100
eas_sweep_structured	gamma_smc_frac	50000.0	87	0.24	0.89	0.12871287128712872		100
eas_sweep_structured	gamma_smc_frac	50000.0	88	0.24	0.89	0.12871287128712872		100
eas_sweep_structured	gamma_smc_frac	50000.0	89	0.19	0.755	0.26732673267326734		100
eas_sweep_structured	gamma_smc_frac	50000.0	90	0.39	1.0	0.009900990099009901		100
eas_sweep_structured	gamma_smc_frac	50000.0	91	0.19	0.755	0.26732673267326734		100
eas_sweep_structured	gamma_smc_frac	50000.0	92	0.15	0.525	0.5148514851485149		100
eas_sweep_structured	gamma_smc_frac	50000.0	93	0.23	0.875	0.13861386138613863		100
eas_sweep_structured	gamma_smc_frac	50000.0	94	0.44	1.0	0.009900990099009901		100
eas_sweep_structured	gamma_smc_frac	50000.0	95	0.4	1.0	0.009900990099009901		100
eas_sweep_structured	gamma_smc_frac	50000.0	96	0.42	1.0	0.009900990099009901		100
eas_sweep_structured	gamma_smc_frac	50000.0	97	0.36	1.0	0.009900990099009901		100
eas_sweep_structured	gamma_smc_frac	50000.0	98	0.25	0.91	0.10891089108910891		100
eas_sweep_structured	gamma_smc_frac	50000.0	99	0.31	0.975	0.039603960396039604		100
eas_sweep_structured	gamma_smc_meanp	1000.0	0	0.03799189983	1.0	0.009900990099009901		100
eas_sweep_structured	gamma_smc_meanp	1000.0	1	0.03390199792	1.0	0.009900990099009901		100
eas_sweep_structured	gamma_smc_meanp	1000.0	2	0.01817517143	0.88	0.12871287128712872		100
eas_sweep_structured	gamma_smc_meanp	1000.0	3	0.01222468289	0.57	0.43564356435643564		100
eas_sweep_structured	gamma_smc_meanp	1000.0	4	0.03979136607	1.0	0.009900990099009901		100
eas_sweep_structured	gamma_smc_meanp	1000.0	5	0.0180124893	0.88	0.12871287128712872		100
eas_sweep_structured	gamma_smc_meanp	1000.0	6	0.00495179011	0.12	0.8811881188118812		100
eas_sweep_structured	gamma_smc_meanp	1000.0	7	0.03026599068	0.98	0.0297029702970297		100
eas_sweep_structured	gamma_smc_meanp	1000.0	8	0.01069905379	0.43	0.5742574257425742		100
eas_sweep_structured	gamma_smc_meanp	1000.0	9	0.0146625267	0.77	0.2376237623762376		100
eas_sweep_structured	gamma_smc_meanp	1000.0	10	0.04768444769	1.0	0.009900990099009901		100
eas_sweep_structured	gamma_smc_meanp	1000.0	11	0.01240259167	0.57	0.43564356435643564		100
eas_sweep_structured	gamma_smc_meanp	1000.0	12	0.01280700981	0.62	0.38613861386138615		100
eas_sweep_structured	gamma_smc_meanp	1000.0	13	0.02623814265	0.96	0.04950495049504951		100
eas_sweep_structured	gamma_smc_meanp	1000.0	14	0.02695502049	0.96	0.04950495049504951		100
eas_sweep_structured	gamma_smc_meanp	1000.0	15	0.01385260779	0.72	0.2871287128712871		100
eas_sweep_structured	gamma_smc_meanp	1000.0	16	0.03462624621	1.0	0.009900990099009901		100
eas_sweep_structured	gamma_smc_meanp	1000.0	17	0.02290052197	0.93	0.07920792079207921		100
eas_sweep_structured	gamma_smc_meanp	1000.0	18	0.008653587453	0.35	0.6534653465346535		100
eas_sweep_structured	gamma_smc_meanp	1000.0	19	0.01459331269	0.75	0.25742574257425743		100
eas_sweep_structured	gamma_smc_meanp	1000.0	20	0.03431799249	1.0	0.009900990099009901		100
eas_sweep_structured	gamma_smc_meanp	1000.0	21	0.01329171107	0.68	0.32673267326732675		100
eas_sweep_structured	gamma_smc_meanp	1000.0	22	0.02328595908	0.93	0.07920792079207921		100
eas_sweep_structured	gamma_smc_meanp	1000.0	23	0.03407984842	1.0	0.009900990099009901		100
eas_sweep_structured	gamma_smc_meanp	1000.0	24	0.01238199474	0.57	0.43564356435643564		100
eas_sweep_structured	gamma_smc_meanp	1000.0	25	0.01698914573	0.86	0.1485148514851485		100
eas_sweep_structured	gamma_smc_meanp	1000.0	26	0.02267350939	0.93	0.07920792079207921		100
eas_sweep_structured	gamma_smc_meanp	1000.0	27	0.01917020104	0.88	0.12871287128712872		100
eas_sweep_structured	gamma_smc_meanp	1000.0	28	0.01614751474	0.84	0.16831683168316833		100
eas_sweep_structured	gamma_smc_meanp	1000.0	29	0.02453838238	0.94	0.06930693069306931		100
eas_sweep_structured	gamma_smc_meanp	1000.0	30	0.01348657088	0.68	0.32673267326732675		100
eas_sweep_structured	gamma_smc_meanp	1000.0	31	0.02102083625	0.93	0.07920792079207921		100
eas_sweep_structured	gamma_smc_meanp	1000.0	32	0.007274434558	0.26	0.7425742574257426		100
eas_sweep_structured	gamma_smc_meanp	1000.0	33	0.00750855967	0.28	0.7227722772277227		100
eas_sweep_structured	gamma_smc_meanp	1000.0	34	0.02662835442	0.96	0.04950495049504951		100
eas_sweep_structured	gamma_smc_meanp	1000.0	35	0.01169753712	0.52	0.48514851485148514		100
eas_sweep_structured	gamma_smc_meanp	1000.0	36	0.01536773179	0.81	0.19801980198019803		100
eas_sweep_structured	gamma_smc_meanp	1000.0	37	0.02105478986	0.93	0.07920792079207921		100
eas_sweep_structured	gamma_smc_meanp	1000.0	38	0.006003014556	0.16	0.8415841584158416		100
eas_sweep_structured	gamma_smc_meanp	1000.0	39	0.00953798446	0.36	0.6435643564356436		100
eas_sweep_structured	gamma_smc_meanp	1000.0	40	0.0255232602	0.95	0.0594059405940594		100
eas_sweep_structured	gamma_smc_meanp	1000.0	41	0.01657387171	0.86	0.1485148514851485		100
eas_sweep_structured	gamma_smc_meanp	1000.0	42	0.03687446497	1.0	0.009900990099009901		100
eas_sweep_structured	gamma_smc_meanp	1000.0	43	0.01586907864	0.82	0.18811881188118812		100
eas_sweep_structured	gamma_smc_meanp	1000.0	44	0.02174412587	0.93	0.07920792079207921		100
eas_sweep_structured	gamma_smc_meanp	1000.0	45	0.01423191166	0.73	0.27722772277227725		100
eas_sweep_structured	gamma_smc_meanp	1000.0	46	0.03302770864	0.99	0.019801980198019802		100
eas_sweep_structured	gamma_smc_meanp	1000.0	47	0.01340748388	0.68	0.32673267326732675		100
eas_sweep_structured	gamma_smc_meanp	1000.0	48	0.03580108627	1.0	0.009900990099009901		100
eas_sweep_structured	gamma_smc_meanp	1000.0	49	0.02086092371	0.92	0.0891089108910891		100
eas_sweep_structured	gamma_smc_meanp	1000.0	50	0.04193511798	1.0	0.009900990099009901		100
eas_sweep_structured	gamma_smc_meanp	1000.0	51	0.0136990406	0.72	0.2871287128712871		100
eas_sweep_structured	gamma_smc_meanp	1000.0	52	0.01925908599	0.88	0.12871287128712872		100
eas_sweep_structured	gamma_smc_meanp	1000.0	53	0.02349606678	0.93	0.07920792079207921		100
eas_sweep_structured	gamma_smc_meanp	1000.0	54	0.02649131369	0.96	0.04950495049504951		100
eas_sweep_structured	gamma_smc_meanp	1000.0	55	0.01867952789	0.88	0.12871287128712872		100
eas_sweep_structured	gamma_smc_meanp	1000.0	56	0.03185590882	0.98	0.0297029702970297		100
eas_sweep_structured	gamma_smc_meanp	1000.0	57	0.008918601598	0.35	0.6534653465346535		100
eas_sweep_structured	gamma_smc_meanp	1000.0	58	0.02346873459	0.93	0.07920792079207921		100
eas_sweep_structured	gamma_smc_meanp	1000.0	59	0.01836933549	0.88	0.12871287128712872		100
eas_sweep_structured	gamma_smc_meanp	1000.0	60	0.04279318333	1.0	0.009900990099009901		100
eas_sweep_structured	gamma_smc_meanp	1000.0	61	0.02519603373	0.95	0.0594059405940594		100
eas_sweep_structured	gamma_smc_meanp	1000.0	62	0.004917840362	0.12	0.8811881188118812		100
eas_sweep_structured	gamma_smc_meanp	1000.0	63	0.01431039491	0.74	0.26732673267326734		100
eas_sweep_structured	gamma_smc_meanp	1000.0	64	0.01680604369	0.86	0.1485148514851485		100
eas_sweep_structured	gamma_smc_meanp	1000.0	65	0.06507342204	1.0	0.009900990099009901		100
eas_sweep_structured	gamma_smc_meanp	1000.0	66	0.01816250582	0.88	0.12871287128712872		100
eas_sweep_structured	gamma_smc_meanp	1000.0	67	0.02076200239	0.92	0.0891089108910891		100
eas_sweep_structured	gamma_smc_meanp	1000.0	68	0.01051129797	0.43	0.5742574257425742		100
eas_sweep_structured	gamma_smc_meanp	1000.0	69	0.0358499952	1.0	0.009900990099009901		100
eas_sweep_structured	gamma_smc_meanp	1000.0	70	0.01298125997	0.62	0.38613861386138615		100
eas_sweep_structured	gamma_smc_meanp	1000.0	71	0.04397962205	1.0	0.009900990099009901		100
eas_sweep_structured	gamma_smc_meanp	1000.0	72	0.01748642085	0.87	0.13861386138613863		100
eas_sweep_structured	gamma_smc_meanp	1000.0	73	0.03032053298	0.98	0.0297029702970297		100
eas_sweep_structured	gamma_smc_meanp	1000.0	74	0.0229599476	0.93	0.07920792079207921		100
eas_sweep_structured	gamma_smc_meanp	1000.0	75	0.03483962946	1.0	0.009900990099009901		100
eas_sweep_structured	gamma_smc_meanp	1000.0	76	0.01794992569	0.88	0.12871287128712872		100
eas_sweep_structured	gamma_smc_meanp	1000.0	77	0.005578255819	0.16	0.8415841584158416		100
eas_sweep_structured	gamma_smc_meanp	1000.0	78	0.01597706209	0.83	0.1782178217821782		100
eas_sweep_structured	gamma_smc_meanp	1000.0	79	0.0191583829	0.88	0.12871287128712872		100
eas_sweep_structured	gamma_smc_meanp	1000.0	80	0.0185272904	0.88	0.12871287128712872		100
eas_sweep_structured	gamma_smc_meanp	1000.0	81	0.0376875786	1.0	0.009900990099009901		100
eas_sweep_structured	gamma_smc_meanp	1000.0	82	0.0384851421	1.0	0.009900990099009901		100
eas_sweep_structured	gamma_smc_meanp	1000.0	83	0.01499192566	0.77	0.2376237623762376		100
eas_sweep_structured	gamma_smc_meanp	1000.0	84	0.01020016536	0.4	0.6039603960396039		100
eas_sweep_structured	gamma_smc_meanp	1000.0	85	0.01588254226	0.82	0.18811881188118812		100
eas_sweep_structured	gamma_smc_meanp	1000.0	86	0.0191282059	0.88	0.12871287128712872		100
eas_sweep_structured	gamma_smc_meanp	1000.0	87	0.02316834664	0.93	0.07920792079207921		100
eas_sweep_structured	gamma_smc_meanp	1000.0	88	0.01894076584	0.88	0.12871287128712872		100
eas_sweep_structured	gamma_smc_meanp	1000.0	89	0.01274999072	0.61	0.39603960396039606		100
eas_sweep_structured	gamma_smc_meanp	1000.0	90	0.01861149002	0.88	0.12871287128712872		100
eas_sweep_structured	gamma_smc_meanp	1000.0	91	0.02843962339	0.98	0.0297029702970297		100
eas_sweep_structured	gamma_smc_meanp	1000.0	92	0.01960180882	0.88	0.12871287128712872		100
eas_sweep_structured	gamma_smc_meanp	1000.0	93	0.01509842335	0.79	0.21782178217821782		100
eas_sweep_structured	gamma_smc_meanp	1000.0	94	0.02001345092	0.91	0.09900990099009901		100
eas_sweep_structured	gamma_smc_meanp	1000.0	95	0.03155346155	0.98	0.0297029702970297		100
eas_sweep_structured	gamma_smc_meanp	1000.0	96	0.03063207489	0.98	0.0297029702970297		100
eas_sweep_structured	gamma_smc_meanp	1000.0	97	0.01497803293	0.77	0.2376237623762376		100
eas_sweep_structured	gamma_smc_meanp	1000.0	98	0.009179228148	0.35	0.6534653465346535		100
eas_sweep_structured	gamma_smc_meanp	1000.0	99	0.0211687087	0.93	0.07920792079207921		100
eas_sweep_structured	gamma_smc_meanp	4500.0	0	0.1199249203	1.0	0.009900990099009901		100
eas_sweep_structured	gamma_smc_meanp	4500.0	1	0.1198639032	1.0	0.009900990099009901		100
eas_sweep_structured	gamma_smc_meanp	4500.0	2	0.07422709006	0.98	0.0297029702970297		100
eas_sweep_structured	gamma_smc_meanp	4500.0	3	0.04796555437	0.78	0.22772277227722773		100
eas_sweep_structured	gamma_smc_meanp	4500.0	4	0.0801155636	0.98	0.0297029702970297		100
eas_sweep_structured	gamma_smc_meanp	4500.0	5	0.04942350674	0.8	0.2079207920792079		100
eas_sweep_structured	gamma_smc_meanp	4500.0	6	0.02511187888	0.24	0.7623762376237624		100
eas_sweep_structured	gamma_smc_meanp	4500.0	7	0.0969621991	1.0	0.009900990099009901		100
eas_sweep_structured	gamma_smc_meanp	4500.0	8	0.04170062922	0.69	0.31683168316831684		100
eas_sweep_structured	gamma_smc_meanp	4500.0	9	0.06288066402	0.91	0.09900990099009901		100
eas_sweep_structured	gamma_smc_meanp	4500.0	10	0.1648577961	1.0	0.009900990099009901		100
eas_sweep_structured	gamma_smc_meanp	4500.0	11	0.06814485967	0.95	0.0594059405940594		100
eas_sweep_structured	gamma_smc_meanp	4500.0	12	0.05635611407	0.9	0.10891089108910891		100
eas_sweep_structured	gamma_smc_meanp	4500.0	13	0.09764688246	1.0	0.009900990099009901		100
eas_sweep_structured	gamma_smc_meanp	4500.0	14	0.07843098557	0.98	0.0297029702970297		100
eas_sweep_structured	gamma_smc_meanp	4500.0	15	0.06100145234	0.91	0.09900990099009901		100
eas_sweep_structured	gamma_smc_meanp	4500.0	16	0.1243011864	1.0	0.009900990099009901		100
eas_sweep_structured	gamma_smc_meanp	4500.0	17	0.06424185276	0.92	0.0891089108910891		100
eas_sweep_structured	gamma_smc_meanp	4500.0	18	0.04249375363	0.7	0.3069306930693069		100
eas_sweep_structured	gamma_smc_meanp	4500.0	19	0.04174145184	0.69	0.31683168316831684		100
eas_sweep_structured	gamma_smc_meanp	4500.0	20	0.120560344	1.0	0.009900990099009901		100
eas_sweep_structured	gamma_smc_meanp	4500.0	21	0.07852081623	0.98	0.0297029702970297		100
eas_sweep_structured	gamma_smc_meanp	4500.0	22	0.07615165174	0.98	0.0297029702970297		100
eas_sweep_structured	gamma_smc_meanp	4500.0	23	0.1193221651	1.0	0.009900990099009901		100
eas_sweep_structured	gamma_smc_meanp	4500.0	24	0.02778160609	0.31	0.693069306930693		100
eas_sweep_structured	gamma_smc_meanp	4500.0	25	0.06088330373	0.91	0.09900990099009901		100
eas_sweep_structured	gamma_smc_meanp	4500.0	26	0.07259728938	0.98	0.0297029702970297		100
eas_sweep_structured	gamma_smc_meanp	4500.0	27	0.05081398099	0.82	0.18811881188118812		100
eas_sweep_structured	gamma_smc_meanp	4500.0	28	0.05328593478	0.87	0.13861386138613863		100
eas_sweep_structured	gamma_smc_meanp	4500.0	29	0.0947935036	1.0	0.009900990099009901		100
eas_sweep_structured	gamma_smc_meanp	4500.0	30	0.04315163423	0.71	0.297029702970297		100
eas_sweep_structured	gamma_smc_meanp	4500.0	31	0.05941896578	0.91	0.09900990099009901		100
eas_sweep_structured	gamma_smc_meanp	4500.0	32	0.03416337851	0.51	0.49504950495049505		100
eas_sweep_structured	gamma_smc_meanp	4500.0	33	0.03393969682	0.5	0.504950495049505		100
eas_sweep_structured	gamma_smc_meanp	4500.0	34	0.09021787303	1.0	0.009900990099009901		100
eas_sweep_structured	gamma_smc_meanp	4500.0	35	0.03270064831	0.48	0.5247524752475248		100
eas_sweep_structured	gamma_smc_meanp	4500.0	36	0.06078278702	0.91	0.09900990099009901		100
eas_sweep_structured	gamma_smc_meanp	4500.0	37	0.06526206501	0.94	0.06930693069306931		100
eas_sweep_structured	gamma_smc_meanp	4500.0	38	0.03389228853	0.5	0.504950495049505		100
eas_sweep_structured	gamma_smc_meanp	4500.0	39	0.04402331185	0.73	0.27722772277227725		100
eas_sweep_structured	gamma_smc_meanp	4500.0	40	0.07631538946	0.98	0.0297029702970297		100
eas_sweep_structured	gamma_smc_meanp	4500.0	41	0.04014335735	0.66	0.3465346534653465		100
eas_sweep_structured	gamma_smc_meanp	4500.0	42	0.1295636863	1.0	0.009900990099009901		100
eas_sweep_structured	gamma_smc_meanp	4500.0	43	0.07745786468	0.98	0.0297029702970297		100
eas_sweep_structured	gamma_smc_meanp	4500.0	44	0.06705526557	0.95	0.0594059405940594		100
eas_sweep_structured	gamma_smc_meanp	4500.0	45	0.04873580205	0.78	0.22772277227722773		100
eas_sweep_structured	gamma_smc_meanp	4500.0	46	0.1179923269	1.0	0.009900990099009901		100
eas_sweep_structured	gamma_smc_meanp	4500.0	47	0.04487699264	0.73	0.27722772277227725		100
eas_sweep_structured	gamma_smc_meanp	4500.0	48	0.07419396023	0.98	0.0297029702970297		100
eas_sweep_structured	gamma_smc_meanp	4500.0	49	0.05781431066	0.9	0.10891089108910891		100
eas_sweep_structured	gamma_smc_meanp	4500.0	50	0.09925565332	1.0	0.009900990099009901		100
eas_sweep_structured	gamma_smc_meanp	4500.0	51	0.05814806487	0.91	0.09900990099009901		100
eas_sweep_structured	gamma_smc_meanp	4500.0	52	0.07932950571	0.98	0.0297029702970297		100
eas_sweep_structured	gamma_smc_meanp	4500.0	53	0.09163028438	1.0	0.009900990099009901		100
eas_sweep_structured	gamma_smc_meanp	4500.0	54	0.07899230462	0.98	0.0297029702970297		100
eas_sweep_structured	gamma_smc_meanp	4500.0	55	0.05541574472	0.88	0.12871287128712872		100
eas_sweep_structured	gamma_smc_meanp	4500.0	56	0.08186529515	1.0	0.009900990099009901		100
eas_sweep_structured	gamma_smc_meanp	4500.0	57	0.04526356313	0.75	0.25742574257425743		100
eas_sweep_structured	gamma_smc_meanp	4500.0	58	0.07717815596	0.98	0.0297029702970297		100
eas_sweep_structured	gamma_smc_meanp	4500.0	59	0.06798017262	0.95	0.0594059405940594		100
eas_sweep_structured	gamma_smc_meanp	4500.0	60	0.1304740381	1.0	0.009900990099009901		100
eas_sweep_structured	gamma_smc_meanp	4500.0	61	0.1027872846	1.0	0.009900990099009901		100
eas_sweep_structured	gamma_smc_meanp	4500.0	62	0.0204832851	0.12	0.8811881188118812		100
eas_sweep_structured	gamma_smc_meanp	4500.0	63	0.06266711651	0.91	0.09900990099009901		100
eas_sweep_structured	gamma_smc_meanp	4500.0	64	0.06882856452	0.96	0.04950495049504951		100
eas_sweep_structured	gamma_smc_meanp	4500.0	65	0.1923241907	1.0	0.009900990099009901		100
eas_sweep_structured	gamma_smc_meanp	4500.0	66	0.06911217618	0.96	0.04950495049504951		100
eas_sweep_structured	gamma_smc_meanp	4500.0	67	0.06417905249	0.92	0.0891089108910891		100
eas_sweep_structured	gamma_smc_meanp	4500.0	68	0.03857968184	0.59	0.4158415841584158		100
eas_sweep_structured	gamma_smc_meanp	4500.0	69	0.1208962725	1.0	0.009900990099009901		100
eas_sweep_structured	gamma_smc_meanp	4500.0	70	0.06801570073	0.95	0.0594059405940594		100
eas_sweep_structured	gamma_smc_meanp	4500.0	71	0.1636698955	1.0	0.009900990099009901		100
eas_sweep_structured	gamma_smc_meanp	4500.0	72	0.07315173194	0.98	0.0297029702970297		100
eas_sweep_structured	gamma_smc_meanp	4500.0	73	0.09779776154	1.0	0.009900990099009901		100
eas_sweep_structured	gamma_smc_meanp	4500.0	74	0.06445005442	0.93	0.07920792079207921		100
eas_sweep_structured	gamma_smc_meanp	4500.0	75	0.09249981353	1.0	0.009900990099009901		100
eas_sweep_structured	gamma_smc_meanp	4500.0	76	0.06365773923	0.92	0.0891089108910891		100
eas_sweep_structured	gamma_smc_meanp	4500.0	77	0.03366468752	0.49	0.5148514851485149		100
eas_sweep_structured	gamma_smc_meanp	4500.0	78	0.06404497635	0.92	0.0891089108910891		100
eas_sweep_structured	gamma_smc_meanp	4500.0	79	0.06132594663	0.91	0.09900990099009901		100
eas_sweep_structured	gamma_smc_meanp	4500.0	80	0.0567026591	0.9	0.10891089108910891		100
eas_sweep_structured	gamma_smc_meanp	4500.0	81	0.1062407715	1.0	0.009900990099009901		100
eas_sweep_structured	gamma_smc_meanp	4500.0	82	0.1430165426	1.0	0.009900990099009901		100
eas_sweep_structured	gamma_smc_meanp	4500.0	83	0.06931113549	0.96	0.04950495049504951		100
eas_sweep_structured	gamma_smc_meanp	4500.0	84	0.03927137801	0.61	0.39603960396039606		100
eas_sweep_structured	gamma_smc_meanp	4500.0	85	0.04938953697	0.8	0.2079207920792079		100
eas_sweep_structured	gamma_smc_meanp	4500.0	86	0.05200102098	0.84	0.16831683168316833		100
eas_sweep_structured	gamma_smc_meanp	4500.0	87	0.06505861853	0.93	0.07920792079207921		100
eas_sweep_structured	gamma_smc_meanp	4500.0	88	0.07331288742	0.98	0.0297029702970297		100
eas_sweep_structured	gamma_smc_meanp	4500.0	89	0.05708852119	0.9	0.10891089108910891		100
eas_sweep_structured	gamma_smc_meanp	4500.0	90	0.0752142103	0.98	0.0297029702970297		100
eas_sweep_structured	gamma_smc_meanp	4500.0	91	0.07613605343	0.98	0.0297029702970297		100
eas_sweep_structured	gamma_smc_meanp	4500.0	92	0.05349684201	0.87	0.13861386138613863		100
eas_sweep_structured	gamma_smc_meanp	4500.0	93	0.05899440518	0.91	0.09900990099009901		100
eas_sweep_structured	gamma_smc_meanp	4500.0	94	0.09131174311	1.0	0.009900990099009901		100
eas_sweep_structured	gamma_smc_meanp	4500.0	95	0.08848054737	1.0	0.009900990099009901		100
eas_sweep_structured	gamma_smc_meanp	4500.0	96	0.1204393408	1.0	0.009900990099009901		100
eas_sweep_structured	gamma_smc_meanp	4500.0	97	0.05938666111	0.91	0.09900990099009901		100
eas_sweep_structured	gamma_smc_meanp	4500.0	98	0.03974472968	0.64	0.36633663366336633		100
eas_sweep_structured	gamma_smc_meanp	4500.0	99	0.08236340031	1.0	0.009900990099009901		100
eas_sweep_structured	gamma_smc_meanp	10000.0	0	0.192991735	1.0	0.009900990099009901		100
eas_sweep_structured	gamma_smc_meanp	10000.0	1	0.2003921066	1.0	0.009900990099009901		100
eas_sweep_structured	gamma_smc_meanp	10000.0	2	0.1357612812	1.0	0.009900990099009901		100
eas_sweep_structured	gamma_smc_meanp	10000.0	3	0.104536401	0.93	0.07920792079207921		100
eas_sweep_structured	gamma_smc_meanp	10000.0	4	0.109301758	0.95	0.0594059405940594		100
eas_sweep_structured	gamma_smc_meanp	10000.0	5	0.09437669404	0.89	0.1188118811881188		100
eas_sweep_structured	gamma_smc_meanp	10000.0	6	0.0536149121	0.43	0.5742574257425742		100
eas_sweep_structured	gamma_smc_meanp	10000.0	7	0.1806866692	1.0	0.009900990099009901		100
eas_sweep_structured	gamma_smc_meanp	10000.0	8	0.074816854	0.73	0.27722772277227725		100
eas_sweep_structured	gamma_smc_meanp	10000.0	9	0.1223618841	0.98	0.0297029702970297		100
eas_sweep_structured	gamma_smc_meanp	10000.0	10	0.2944390661	1.0	0.009900990099009901		100
eas_sweep_structured	gamma_smc_meanp	10000.0	11	0.1542287064	1.0	0.009900990099009901		100
eas_sweep_structured	gamma_smc_meanp	10000.0	12	0.1040389907	0.93	0.07920792079207921		100
eas_sweep_structured	gamma_smc_meanp	10000.0	13	0.1817058197	1.0	0.009900990099009901		100
eas_sweep_structured	gamma_smc_meanp	10000.0	14	0.1341183305	0.99	0.019801980198019802		100
eas_sweep_structured	gamma_smc_meanp	10000.0	15	0.1127132753	0.96	0.04950495049504951		100
eas_sweep_structured	gamma_smc_meanp	10000.0	16	0.2203422385	1.0	0.009900990099009901		100
eas_sweep_structured	gamma_smc_meanp	10000.0	17	0.1113263041	0.96	0.04950495049504951		100
eas_sweep_structured	gamma_smc_meanp	10000.0	18	0.08751760606	0.84	0.16831683168316833		100
eas_sweep_structured	gamma_smc_meanp	10000.0	19	0.06675075261	0.62	0.38613861386138615		100
eas_sweep_structured	gamma_smc_meanp	10000.0	20	0.2272231168	1.0	0.009900990099009901		100
eas_sweep_structured	gamma_smc_meanp	10000.0	21	0.1743197343	1.0	0.009900990099009901		100
eas_sweep_structured	gamma_smc_meanp	10000.0	22	0.1318393061	0.99	0.019801980198019802		100
eas_sweep_structured	gamma_smc_meanp	10000.0	23	0.1981042874	1.0	0.009900990099009901		100
eas_sweep_structured	gamma_smc_meanp	10000.0	24	0.04986910287	0.3	0.7029702970297029		100
eas_sweep_structured	gamma_smc_meanp	10000.0	25	0.1078551698	0.95	0.0594059405940594		100
eas_sweep_structured	gamma_smc_meanp	10000.0	26	0.1234199335	0.98	0.0297029702970297		100
eas_sweep_structured	gamma_smc_meanp	10000.0	27	0.09166216541	0.88	0.12871287128712872		100
eas_sweep_structured	gamma_smc_meanp	10000.0	28	0.09811791524	0.91	0.09900990099009901		100
eas_sweep_structured	gamma_smc_meanp	10000.0	29	0.1767113156	1.0	0.009900990099009901		100
eas_sweep_structured	gamma_smc_meanp	10000.0	30	0.06754105649	0.62	0.38613861386138615		100
eas_sweep_structured	gamma_smc_meanp	10000.0	31	0.1048828328	0.93	0.07920792079207921		100
eas_sweep_structured	gamma_smc_meanp	10000.0	32	0.07212152664	0.7	0.3069306930693069		100
eas_sweep_structured	gamma_smc_meanp	10000.0	33	0.05866669872	0.5	0.504950495049505		100
eas_sweep_structured	gamma_smc_meanp	10000.0	34	0.1615760028	1.0	0.009900990099009901		100
eas_sweep_structured	gamma_smc_meanp	10000.0	35	0.05606936926	0.48	0.5247524752475248		100
eas_sweep_structured	gamma_smc_meanp	10000.0	36	0.1126425669	0.96	0.04950495049504951		100
eas_sweep_structured	gamma_smc_meanp	10000.0	37	0.1009935357	0.91	0.09900990099009901		100
eas_sweep_structured	gamma_smc_meanp	10000.0	38	0.07623302262	0.73	0.27722772277227725		100
eas_sweep_structured	gamma_smc_meanp	10000.0	39	0.08525867405	0.82	0.18811881188118812		100
eas_sweep_structured	gamma_smc_meanp	10000.0	40	0.1337619076	0.99	0.019801980198019802		100
eas_sweep_structured	gamma_smc_meanp	10000.0	41	0.06839930808	0.63	0.37623762376237624		100
eas_sweep_structured	gamma_smc_meanp	10000.0	42	0.2261113601	1.0	0.009900990099009901		100
eas_sweep_structured	gamma_smc_meanp	10000.0	43	0.1596396489	1.0	0.009900990099009901		100
eas_sweep_structured	gamma_smc_meanp	10000.0	44	0.1087335131	0.95	0.0594059405940594		100
eas_sweep_structured	gamma_smc_meanp	10000.0	45	0.0820960328	0.78	0.22772277227722773		100
eas_sweep_structured	gamma_smc_meanp	10000.0	46	0.2131613401	1.0	0.009900990099009901		100
eas_sweep_structured	gamma_smc_meanp	10000.0	47	0.07587599417	0.73	0.27722772277227725		100
eas_sweep_structured	gamma_smc_meanp	10000.0	48	0.1145403689	0.97	0.039603960396039604		100
eas_sweep_structured	gamma_smc_meanp	10000.0	49	0.09627766203	0.89	0.1188118811881188		100
eas_sweep_structured	gamma_smc_meanp	10000.0	50	0.1555401197	1.0	0.009900990099009901		100
eas_sweep_structured	gamma_smc_meanp	10000.0	51	0.1107968527	0.96	0.04950495049504951		100
eas_sweep_structured	gamma_smc_meanp	10000.0	52	0.1441485144	1.0	0.009900990099009901		100
eas_sweep_structured	gamma_smc_meanp	10000.0	53	0.1668541852	1.0	0.009900990099009901		100
eas_sweep_structured	gamma_smc_meanp	10000.0	54	0.1368274247	1.0	0.009900990099009901		100
eas_sweep_structured	gamma_smc_meanp	10000.0	55	0.09389855225	0.89	0.1188118811881188		100
eas_sweep_structured	gamma_smc_meanp	10000.0	56	0.1332862719	0.99	0.019801980198019802		100
eas_sweep_structured	gamma_smc_meanp	10000.0	57	0.09628253872	0.89	0.1188118811881188		100
eas_sweep_structured	gamma_smc_meanp	10000.0	58	0.1225147014	0.98	0.0297029702970297		100
eas_sweep_structured	gamma_smc_meanp	10000.0	59	0.1229085942	0.98	0.0297029702970297		100
eas_sweep_structured	gamma_smc_meanp	10000.0	60	0.2256847472	1.0	0.009900990099009901		100
eas_sweep_structured	gamma_smc_meanp	10000.0	61	0.1743645997	1.0	0.009900990099009901		100
eas_sweep_structured	gamma_smc_meanp	10000.0	62	0.03563674724	0.11	0.8910891089108911		100
eas_sweep_structured	gamma_smc_meanp	10000.0	63	0.1194068358	0.98	0.0297029702970297		100
eas_sweep_structured	gamma_smc_meanp	10000.0	64	0.1295370955	0.99	0.019801980198019802		100
eas_sweep_structured	gamma_smc_meanp	10000.0	65	0.3105029857	1.0	0.009900990099009901		100
eas_sweep_structured	gamma_smc_meanp	10000.0	66	0.1187781027	0.98	0.0297029702970297		100
eas_sweep_structured	gamma_smc_meanp	10000.0	67	0.1098151113	0.95	0.0594059405940594		100
eas_sweep_structured	gamma_smc_meanp	10000.0	68	0.06363012553	0.54	0.46534653465346537		100
eas_sweep_structured	gamma_smc_meanp	10000.0	69	0.2264916158	1.0	0.009900990099009901		100
eas_sweep_structured	gamma_smc_meanp	10000.0	70	0.143744626	1.0	0.009900990099009901		100
eas_sweep_structured	gamma_smc_meanp	10000.0	71	0.2730468464	1.0	0.009900990099009901		100
eas_sweep_structured	gamma_smc_meanp	10000.0	72	0.1332675251	0.99	0.019801980198019802		100
eas_sweep_structured	gamma_smc_meanp	10000.0	73	0.16484137	1.0	0.009900990099009901		100
eas_sweep_structured	gamma_smc_meanp	10000.0	74	0.104142653	0.93	0.07920792079207921		100
eas_sweep_structured	gamma_smc_meanp	10000.0	75	0.142812641	1.0	0.009900990099009901		100
eas_sweep_structured	gamma_smc_meanp	10000.0	76	0.1061625876	0.95	0.0594059405940594		100
eas_sweep_structured	gamma_smc_meanp	10000.0	77	0.08255522253	0.78	0.22772277227722773		100
eas_sweep_structured	gamma_smc_meanp	10000.0	78	0.1186001241	0.98	0.0297029702970297		100
eas_sweep_structured	gamma_smc_meanp	10000.0	79	0.1191803956	0.98	0.0297029702970297		100
eas_sweep_structured	gamma_smc_meanp	10000.0	80	0.09058363049	0.86	0.1485148514851485		100
eas_sweep_structured	gamma_smc_meanp	10000.0	81	0.1653807817	1.0	0.009900990099009901		100
eas_sweep_structured	gamma_smc_meanp	10000.0	82	0.2645863989	1.0	0.009900990099009901		100
eas_sweep_structured	gamma_smc_meanp	10000.0	83	0.1436647514	1.0	0.009900990099009901		100
eas_sweep_structured	gamma_smc_meanp	10000.0	84	0.07329398535	0.72	0.2871287128712871		100
eas_sweep_structured	gamma_smc_meanp	10000.0	85	0.08478312591	0.82	0.18811881188118812		100
eas_sweep_structured	gamma_smc_meanp	10000.0	86	0.08457216368	0.82	0.18811881188118812		100
eas_sweep_structured	gamma_smc_meanp	10000.0	87	0.1108545706	0.96	0.04950495049504951		100
eas_sweep_structured	gamma_smc_meanp	10000.0	88	0.1297830956	0.99	0.019801980198019802		100
eas_sweep_structured	gamma_smc_meanp	10000.0	89	0.1002568667	0.91	0.09900990099009901		100
eas_sweep_structured	gamma_smc_meanp	10000.0	90	0.1421402788	1.0	0.009900990099009901		100
eas_sweep_structured	gamma_smc_meanp	10000.0	91	0.1140781872	0.97	0.039603960396039604		100
eas_sweep_structured	gamma_smc_meanp	10000.0	92	0.07776675135	0.75	0.25742574257425743		100
eas_sweep_structured	gamma_smc_meanp	10000.0	93	0.09878001811	0.91	0.09900990099009901		100
eas_sweep_structured	gamma_smc_meanp	10000.0	94	0.1739998171	1.0	0.009900990099009901		100
eas_sweep_structured	gamma_smc_meanp	10000.0	95	0.1471965678	1.0	0.009900990099009901		100
eas_sweep_structured	gamma_smc_meanp	10000.0	96	0.2106207985	1.0	0.009900990099009901		100
eas_sweep_structured	gamma_smc_meanp	10000.0	97	0.1185119039	0.98	0.0297029702970297		100
eas_sweep_structured	gamma_smc_meanp	10000.0	98	0.07851579134	0.75	0.25742574257425743		100
eas_sweep_structured	gamma_smc_meanp	10000.0	99	0.1421430081	1.0	0.009900990099009901		100
eas_sweep_structured	gamma_smc_meanp	20000.0	0	0.2740268397	1.0	0.009900990099009901		100
eas_sweep_structured	gamma_smc_meanp	20000.0	1	0.2890081227	1.0	0.009900990099009901		100
eas_sweep_structured	gamma_smc_meanp	20000.0	2	0.2029249104	0.99	0.019801980198019802		100
eas_sweep_structured	gamma_smc_meanp	20000.0	3	0.1972639889	0.99	0.019801980198019802		100
eas_sweep_structured	gamma_smc_meanp	20000.0	4	0.1377403414	0.86	0.1485148514851485		100
eas_sweep_structured	gamma_smc_meanp	20000.0	5	0.1625332806	0.94	0.06930693069306931		100
eas_sweep_structured	gamma_smc_meanp	20000.0	6	0.09536430705	0.55	0.45544554455445546		100
eas_sweep_structured	gamma_smc_meanp	20000.0	7	0.2958319575	1.0	0.009900990099009901		100
eas_sweep_structured	gamma_smc_meanp	20000.0	8	0.1106752732	0.67	0.33663366336633666		100
eas_sweep_structured	gamma_smc_meanp	20000.0	9	0.1955032486	0.99	0.019801980198019802		100
eas_sweep_structured	gamma_smc_meanp	20000.0	10	0.4360695839	1.0	0.009900990099009901		100
eas_sweep_structured	gamma_smc_meanp	20000.0	11	0.2711485672	1.0	0.009900990099009901		100
eas_sweep_structured	gamma_smc_meanp	20000.0	12	0.1598559047	0.93	0.07920792079207921		100
eas_sweep_structured	gamma_smc_meanp	20000.0	13	0.2937203979	1.0	0.009900990099009901		100
eas_sweep_structured	gamma_smc_meanp	20000.0	14	0.2016913599	0.99	0.019801980198019802		100
eas_sweep_structured	gamma_smc_meanp	20000.0	15	0.1665338475	0.95	0.0594059405940594		100
eas_sweep_structured	gamma_smc_meanp	20000.0	16	0.3212952709	1.0	0.009900990099009901		100
eas_sweep_structured	gamma_smc_meanp	20000.0	17	0.167507031	0.95	0.0594059405940594		100
eas_sweep_structured	gamma_smc_meanp	20000.0	18	0.1484278944	0.92	0.0891089108910891		100
eas_sweep_structured	gamma_smc_meanp	20000.0	19	0.09928985268	0.58	0.42574257425742573		100
eas_sweep_structured	gamma_smc_meanp	20000.0	20	0.3588730389	1.0	0.009900990099009901		100
eas_sweep_structured	gamma_smc_meanp	20000.0	21	0.2875426636	1.0	0.009900990099009901		100
eas_sweep_structured	gamma_smc_meanp	20000.0	22	0.1992779011	0.99	0.019801980198019802		100
eas_sweep_structured	gamma_smc_meanp	20000.0	23	0.2691693169	1.0	0.009900990099009901		100
eas_sweep_structured	gamma_smc_meanp	20000.0	24	0.08360776462	0.43	0.5742574257425742		100
eas_sweep_structured	gamma_smc_meanp	20000.0	25	0.1657104003	0.94	0.06930693069306931		100
eas_sweep_structured	gamma_smc_meanp	20000.0	26	0.1831864208	0.99	0.019801980198019802		100
eas_sweep_structured	gamma_smc_meanp	20000.0	27	0.1467181946	0.92	0.0891089108910891		100
eas_sweep_structured	gamma_smc_meanp	20000.0	28	0.1675711781	0.95	0.0594059405940594		100
eas_sweep_structured	gamma_smc_meanp	20000.0	29	0.2951944196	1.0	0.009900990099009901		100
eas_sweep_structured	gamma_smc_meanp	20000.0	30	0.09681395403	0.55	0.45544554455445546		100
eas_sweep_structured	gamma_smc_meanp	20000.0	31	0.1600478202	0.93	0.07920792079207921		100
eas_sweep_structured	gamma_smc_meanp	20000.0	32	0.1164940058	0.71	0.297029702970297		100
eas_sweep_structured	gamma_smc_meanp	20000.0	33	0.08864349975	0.46	0.5445544554455446		100
eas_sweep_structured	gamma_smc_meanp	20000.0	34	0.2454773608	1.0	0.009900990099009901		100
eas_sweep_structured	gamma_smc_meanp	20000.0	35	0.08871192995	0.46	0.5445544554455446		100
eas_sweep_structured	gamma_smc_meanp	20000.0	36	0.1797651061	0.97	0.039603960396039604		100
eas_sweep_structured	gamma_smc_meanp	20000.0	37	0.1401944068	0.89	0.1188118811881188		100
eas_sweep_structured	gamma_smc_meanp	20000.0	38	0.1344550603	0.86	0.1485148514851485		100
eas_sweep_structured	gamma_smc_meanp	20000.0	39	0.143952275	0.91	0.09900990099009901		100
eas_sweep_structured	gamma_smc_meanp	20000.0	40	0.2066396636	0.99	0.019801980198019802		100
eas_sweep_structured	gamma_smc_meanp	20000.0	41	0.1050772659	0.61	0.39603960396039606		100
eas_sweep_structured	gamma_smc_meanp	20000.0	42	0.3236218474	1.0	0.009900990099009901		100
eas_sweep_structured	gamma_smc_meanp	20000.0	43	0.2741506875	1.0	0.009900990099009901		100
eas_sweep_structured	gamma_smc_meanp	20000.0	44	0.1617525967	0.94	0.06930693069306931		100
eas_sweep_structured	gamma_smc_meanp	20000.0	45	0.121060475	0.73	0.27722772277227725		100
eas_sweep_structured	gamma_smc_meanp	20000.0	46	0.3266002315	1.0	0.009900990099009901		100
eas_sweep_structured	gamma_smc_meanp	20000.0	47	0.120185055	0.73	0.27722772277227725		100
eas_sweep_structured	gamma_smc_meanp	20000.0	48	0.166973964	0.95	0.0594059405940594		100
eas_sweep_structured	gamma_smc_meanp	20000.0	49	0.1459085036	0.92	0.0891089108910891		100
eas_sweep_structured	gamma_smc_meanp	20000.0	50	0.2165829167	1.0	0.009900990099009901		100
eas_sweep_structured	gamma_smc_meanp	20000.0	51	0.177884625	0.96	0.04950495049504951		100
eas_sweep_structured	gamma_smc_meanp	20000.0	52	0.2077571214	0.99	0.019801980198019802		100
eas_sweep_structured	gamma_smc_meanp	20000.0	53	0.2527049136	1.0	0.009900990099009901		100
eas_sweep_structured	gamma_smc_meanp	20000.0	54	0.2086695306	0.99	0.019801980198019802		100
eas_sweep_structured	gamma_smc_meanp	20000.0	55	0.1437673742	0.91	0.09900990099009901		100
eas_sweep_structured	gamma_smc_meanp	20000.0	56	0.1946618268	0.99	0.019801980198019802		100
eas_sweep_structured	gamma_smc_meanp	20000.0	57	0.1621988624	0.94	0.06930693069306931		100
eas_sweep_structured	gamma_smc_meanp	20000.0	58	0.1705883237	0.96	0.04950495049504951		100
eas_sweep_structured	gamma_smc_meanp	20000.0	59	0.1905033892	0.99	0.019801980198019802		100
eas_sweep_structured	gamma_smc_meanp	20000.0	60	0.3180201588	1.0	0.009900990099009901		100
eas_sweep_structured	gamma_smc_meanp	20000.0	61	0.2407512584	1.0	0.009900990099009901		100
eas_sweep_structured	gamma_smc_meanp	20000.0	62	0.0509841331	0.11	0.8910891089108911		100
eas_sweep_structured	gamma_smc_meanp	20000.0	63	0.1839609565	0.99	0.019801980198019802		100
eas_sweep_structured	gamma_smc_meanp	20000.0	64	0.1979984536	0.99	0.019801980198019802		100
eas_sweep_structured	gamma_smc_meanp	20000.0	65	0.4111115551	1.0	0.009900990099009901		100
eas_sweep_structured	gamma_smc_meanp	20000.0	66	0.1680500378	0.95	0.0594059405940594		100
eas_sweep_structured	gamma_smc_meanp	20000.0	67	0.1626580909	0.94	0.06930693069306931		100
eas_sweep_structured	gamma_smc_meanp	20000.0	68	0.08704023609	0.45	0.5544554455445545		100
eas_sweep_structured	gamma_smc_meanp	20000.0	69	0.3702566731	1.0	0.009900990099009901		100
eas_sweep_structured	gamma_smc_meanp	20000.0	70	0.2465828693	1.0	0.009900990099009901		100
eas_sweep_structured	gamma_smc_meanp	20000.0	71	0.3719832814	1.0	0.009900990099009901		100
eas_sweep_structured	gamma_smc_meanp	20000.0	72	0.1981365752	0.99	0.019801980198019802		100
eas_sweep_structured	gamma_smc_meanp	20000.0	73	0.2425661814	1.0	0.009900990099009901		100
eas_sweep_structured	gamma_smc_meanp	20000.0	74	0.1495093642	0.92	0.0891089108910891		100
eas_sweep_structured	gamma_smc_meanp	20000.0	75	0.1990382898	0.99	0.019801980198019802		100
eas_sweep_structured	gamma_smc_meanp	20000.0	76	0.14836338	0.92	0.0891089108910891		100
eas_sweep_structured	gamma_smc_meanp	20000.0	77	0.1618415326	0.94	0.06930693069306931		100
eas_sweep_structured	gamma_smc_meanp	20000.0	78	0.1867288014	0.99	0.019801980198019802		100
eas_sweep_structured	gamma_smc_meanp	20000.0	79	0.2026421013	0.99	0.019801980198019802		100
eas_sweep_structured	gamma_smc_meanp	20000.0	80	0.1352726991	0.86	0.1485148514851485		100
eas_sweep_structured	gamma_smc_meanp	20000.0	81	0.2241679093	1.0	0.009900990099009901		100
eas_sweep_structured	gamma_smc_meanp	20000.0	82	0.3954492289	1.0	0.009900990099009901		100
eas_sweep_structured	gamma_smc_meanp	20000.0	83	0.2468981409	1.0	0.009900990099009901		100
eas_sweep_structured	gamma_smc_meanp	20000.0	84	0.119546199	0.73	0.27722772277227725		100
eas_sweep_structured	gamma_smc_meanp	20000.0	85	0.1321475627	0.85	0.15841584158415842		100
eas_sweep_structured	gamma_smc_meanp	20000.0	86	0.1280585682	0.84	0.16831683168316833		100
eas_sweep_structured	gamma_smc_meanp	20000.0	87	0.1673127298	0.95	0.0594059405940594		100
eas_sweep_structured	gamma_smc_meanp	20000.0	88	0.1888530988	0.99	0.019801980198019802		100
eas_sweep_structured	gamma_smc_meanp	20000.0	89	0.1438971059	0.91	0.09900990099009901		100
eas_sweep_structured	gamma_smc_meanp	20000.0	90	0.2266415113	1.0	0.009900990099009901		100
eas_sweep_structured	gamma_smc_meanp	20000.0	91	0.1477557871	0.92	0.0891089108910891		100
eas_sweep_structured	gamma_smc_meanp	20000.0	92	0.1022819771	0.59	0.4158415841584158		100
eas_sweep_structured	gamma_smc_meanp	20000.0	93	0.1476841249	0.92	0.0891089108910891		100
eas_sweep_structured	gamma_smc_meanp	20000.0	94	0.2731162554	1.0	0.009900990099009901		100
eas_sweep_structured	gamma_smc_meanp	20000.0	95	0.2244773763	1.0	0.009900990099009901		100
eas_sweep_structured	gamma_smc_meanp	20000.0	96	0.305730294	1.0	0.009900990099009901		100
eas_sweep_structured	gamma_smc_meanp	20000.0	97	0.1991247082	0.99	0.019801980198019802		100
eas_sweep_structured	gamma_smc_meanp	20000.0	98	0.1317359145	0.85	0.15841584158415842		100
eas_sweep_structured	gamma_smc_meanp	20000.0	99	0.2071473652	0.99	0.019801980198019802		100
eas_sweep_structured	gamma_smc_meanp	30000.0	0	0.3285602105	1.0	0.009900990099009901		100
eas_sweep_structured	gamma_smc_meanp	30000.0	1	0.3479020303	1.0	0.009900990099009901		100
eas_sweep_structured	gamma_smc_meanp	30000.0	2	0.2444390619	0.99	0.019801980198019802		100
eas_sweep_structured	gamma_smc_meanp	30000.0	3	0.2736897266	1.0	0.009900990099009901		100
eas_sweep_structured	gamma_smc_meanp	30000.0	4	0.1543031717	0.77	0.2376237623762376		100
eas_sweep_structured	gamma_smc_meanp	30000.0	5	0.2171530515	0.95	0.0594059405940594		100
eas_sweep_structured	gamma_smc_meanp	30000.0	6	0.1275759752	0.6	0.40594059405940597		100
eas_sweep_structured	gamma_smc_meanp	30000.0	7	0.3742861593	1.0	0.009900990099009901		100
eas_sweep_structured	gamma_smc_meanp	30000.0	8	0.1316040505	0.61	0.39603960396039606		100
eas_sweep_structured	gamma_smc_meanp	30000.0	9	0.2424793077	0.99	0.019801980198019802		100
eas_sweep_structured	gamma_smc_meanp	30000.0	10	0.515180738	1.0	0.009900990099009901		100
eas_sweep_structured	gamma_smc_meanp	30000.0	11	0.3445252836	1.0	0.009900990099009901		100
eas_sweep_structured	gamma_smc_meanp	30000.0	12	0.2021294668	0.92	0.0891089108910891		100
eas_sweep_structured	gamma_smc_meanp	30000.0	13	0.3753836417	1.0	0.009900990099009901		100
eas_sweep_structured	gamma_smc_meanp	30000.0	14	0.2465446973	0.99	0.019801980198019802		100
eas_sweep_structured	gamma_smc_meanp	30000.0	15	0.1986372349	0.92	0.0891089108910891		100
eas_sweep_structured	gamma_smc_meanp	30000.0	16	0.3767292798	1.0	0.009900990099009901		100
eas_sweep_structured	gamma_smc_meanp	30000.0	17	0.2054935706	0.92	0.0891089108910891		100
eas_sweep_structured	gamma_smc_meanp	30000.0	18	0.194788518	0.91	0.09900990099009901		100
eas_sweep_structured	gamma_smc_meanp	30000.0	19	0.1271158873	0.6	0.40594059405940597		100
eas_sweep_structured	gamma_smc_meanp	30000.0	20	0.438399452	1.0	0.009900990099009901		100
eas_sweep_structured	gamma_smc_meanp	30000.0	21	0.3496380928	1.0	0.009900990099009901		100
eas_sweep_structured	gamma_smc_meanp	30000.0	22	0.2441649544	0.99	0.019801980198019802		100
eas_sweep_structured	gamma_smc_meanp	30000.0	23	0.3058365524	1.0	0.009900990099009901		100
eas_sweep_structured	gamma_smc_meanp	30000.0	24	0.1082538209	0.42	0.5841584158415841		100
eas_sweep_structured	gamma_smc_meanp	30000.0	25	0.2055213159	0.92	0.0891089108910891		100
eas_sweep_structured	gamma_smc_meanp	30000.0	26	0.2246564168	0.97	0.039603960396039604		100
eas_sweep_structured	gamma_smc_meanp	30000.0	27	0.1824767967	0.89	0.1188118811881188		100
eas_sweep_structured	gamma_smc_meanp	30000.0	28	0.2272267365	0.97	0.039603960396039604		100
eas_sweep_structured	gamma_smc_meanp	30000.0	29	0.3889920276	1.0	0.009900990099009901		100
eas_sweep_structured	gamma_smc_meanp	30000.0	30	0.1204839038	0.54	0.46534653465346537		100
eas_sweep_structured	gamma_smc_meanp	30000.0	31	0.1979260677	0.92	0.0891089108910891		100
eas_sweep_structured	gamma_smc_meanp	30000.0	32	0.1460148404	0.73	0.27722772277227725		100
eas_sweep_structured	gamma_smc_meanp	30000.0	33	0.1097550301	0.43	0.5742574257425742		100
eas_sweep_structured	gamma_smc_meanp	30000.0	34	0.2990445384	1.0	0.009900990099009901		100
eas_sweep_structured	gamma_smc_meanp	30000.0	35	0.11467942	0.47	0.5346534653465347		100
eas_sweep_structured	gamma_smc_meanp	30000.0	36	0.2309643817	0.98	0.0297029702970297		100
eas_sweep_structured	gamma_smc_meanp	30000.0	37	0.1717873016	0.86	0.1485148514851485		100
eas_sweep_structured	gamma_smc_meanp	30000.0	38	0.1767390979	0.87	0.13861386138613863		100
eas_sweep_structured	gamma_smc_meanp	30000.0	39	0.1888284596	0.9	0.10891089108910891		100
eas_sweep_structured	gamma_smc_meanp	30000.0	40	0.2567409411	0.99	0.019801980198019802		100
eas_sweep_structured	gamma_smc_meanp	30000.0	41	0.1299204106	0.61	0.39603960396039606		100
eas_sweep_structured	gamma_smc_meanp	30000.0	42	0.3754508808	1.0	0.009900990099009901		100
eas_sweep_structured	gamma_smc_meanp	30000.0	43	0.3580735491	1.0	0.009900990099009901		100
eas_sweep_structured	gamma_smc_meanp	30000.0	44	0.2040803697	0.92	0.0891089108910891		100
eas_sweep_structured	gamma_smc_meanp	30000.0	45	0.1462523766	0.73	0.27722772277227725		100
eas_sweep_structured	gamma_smc_meanp	30000.0	46	0.3963345426	1.0	0.009900990099009901		100
eas_sweep_structured	gamma_smc_meanp	30000.0	47	0.1553118375	0.78	0.22772277227722773		100
eas_sweep_structured	gamma_smc_meanp	30000.0	48	0.2041184056	0.92	0.0891089108910891		100
eas_sweep_structured	gamma_smc_meanp	30000.0	49	0.1809765849	0.89	0.1188118811881188		100
eas_sweep_structured	gamma_smc_meanp	30000.0	50	0.2608903396	0.99	0.019801980198019802		100
eas_sweep_structured	gamma_smc_meanp	30000.0	51	0.227194193	0.97	0.039603960396039604		100
eas_sweep_structured	gamma_smc_meanp	30000.0	52	0.2393713494	0.98	0.0297029702970297		100
eas_sweep_structured	gamma_smc_meanp	30000.0	53	0.3096663129	1.0	0.009900990099009901		100
eas_sweep_structured	gamma_smc_meanp	30000.0	54	0.2582042411	0.99	0.019801980198019802		100
eas_sweep_structured	gamma_smc_meanp	30000.0	55	0.176930525	0.87	0.13861386138613863		100
eas_sweep_structured	gamma_smc_meanp	30000.0	56	0.2327305493	0.98	0.0297029702970297		100
eas_sweep_structured	gamma_smc_meanp	30000.0	57	0.2041210281	0.92	0.0891089108910891		100
eas_sweep_structured	gamma_smc_meanp	30000.0	58	0.1985477901	0.92	0.0891089108910891		100
eas_sweep_structured	gamma_smc_meanp	30000.0	59	0.2365879792	0.98	0.0297029702970297		100
eas_sweep_structured	gamma_smc_meanp	30000.0	60	0.3606637027	1.0	0.009900990099009901		100
eas_sweep_structured	gamma_smc_meanp	30000.0	61	0.2746494547	1.0	0.009900990099009901		100
eas_sweep_structured	gamma_smc_meanp	30000.0	62	0.06084455457	0.07	0.9306930693069307		100
eas_sweep_structured	gamma_smc_meanp	30000.0	63	0.2240961797	0.97	0.039603960396039604		100
eas_sweep_structured	gamma_smc_meanp	30000.0	64	0.2381678822	0.98	0.0297029702970297		100
eas_sweep_structured	gamma_smc_meanp	30000.0	65	0.4552455831	1.0	0.009900990099009901		100
eas_sweep_structured	gamma_smc_meanp	30000.0	66	0.1962294158	0.92	0.0891089108910891		100
eas_sweep_structured	gamma_smc_meanp	30000.0	67	0.1980283058	0.92	0.0891089108910891		100
eas_sweep_structured	gamma_smc_meanp	30000.0	68	0.1028385518	0.4	0.6039603960396039		100
eas_sweep_structured	gamma_smc_meanp	30000.0	69	0.4681750655	1.0	0.009900990099009901		100
eas_sweep_structured	gamma_smc_meanp	30000.0	70	0.3161854994	1.0	0.009900990099009901		100
eas_sweep_structured	gamma_smc_meanp	30000.0	71	0.4224502563	1.0	0.009900990099009901		100
eas_sweep_structured	gamma_smc_meanp	30000.0	72	0.2394991609	0.98	0.0297029702970297		100
eas_sweep_structured	gamma_smc_meanp	30000.0	73	0.2919840492	1.0	0.009900990099009901		100
eas_sweep_structured	gamma_smc_meanp	30000.0	74	0.1722315089	0.86	0.1485148514851485		100
eas_sweep_structured	gamma_smc_meanp	30000.0	75	0.2348070142	0.98	0.0297029702970297		100
eas_sweep_structured	gamma_smc_meanp	30000.0	76	0.1738328797	0.86	0.1485148514851485		100
eas_sweep_structured	gamma_smc_meanp	30000.0	77	0.2260841407	0.97	0.039603960396039604		100
eas_sweep_structured	gamma_smc_meanp	30000.0	78	0.2345075157	0.98	0.0297029702970297		100
eas_sweep_structured	gamma_smc_meanp	30000.0	79	0.2642688888	0.99	0.019801980198019802		100
eas_sweep_structured	gamma_smc_meanp	30000.0	80	0.1740540955	0.86	0.1485148514851485		100
eas_sweep_structured	gamma_smc_meanp	30000.0	81	0.2602837273	0.99	0.019801980198019802		100
eas_sweep_structured	gamma_smc_meanp	30000.0	82	0.4675574225	1.0	0.009900990099009901		100
eas_sweep_structured	gamma_smc_meanp	30000.0	83	0.3240572727	1.0	0.009900990099009901		100
eas_sweep_structured	gamma_smc_meanp	30000.0	84	0.153860389	0.76	0.24752475247524752		100
eas_sweep_structured	gamma_smc_meanp	30000.0	85	0.1662009677	0.85	0.15841584158415842		100
eas_sweep_structured	gamma_smc_meanp	30000.0	86	0.1594456232	0.83	0.1782178217821782		100
eas_sweep_structured	gamma_smc_meanp	30000.0	87	0.2109623595	0.94	0.06930693069306931		100
eas_sweep_structured	gamma_smc_meanp	30000.0	88	0.2266278237	0.97	0.039603960396039604		100
eas_sweep_structured	gamma_smc_meanp	30000.0	89	0.1692119065	0.86	0.1485148514851485		100
eas_sweep_structured	gamma_smc_meanp	30000.0	90	0.2837779081	1.0	0.009900990099009901		100
eas_sweep_structured	gamma_smc_meanp	30000.0	91	0.1652978338	0.85	0.15841584158415842		100
eas_sweep_structured	gamma_smc_meanp	30000.0	92	0.1187981724	0.52	0.48514851485148514		100
eas_sweep_structured	gamma_smc_meanp	30000.0	93	0.1853778513	0.9	0.10891089108910891		100
eas_sweep_structured	gamma_smc_meanp	30000.0	94	0.3346506155	1.0	0.009900990099009901		100
eas_sweep_structured	gamma_smc_meanp	30000.0	95	0.2859228343	1.0	0.009900990099009901		100
eas_sweep_structured	gamma_smc_meanp	30000.0	96	0.3601159036	1.0	0.009900990099009901		100
eas_sweep_structured	gamma_smc_meanp	30000.0	97	0.2558747911	0.99	0.019801980198019802		100
eas_sweep_structured	gamma_smc_meanp	30000.0	98	0.1727959884	0.86	0.1485148514851485		100
eas_sweep_structured	gamma_smc_meanp	30000.0	99	0.2490606415	0.99	0.019801980198019802		100
eas_sweep_structured	gamma_smc_meanp	40000.0	0	0.3696568573	1.0	0.009900990099009901		100
eas_sweep_structured	gamma_smc_meanp	40000.0	1	0.391427201	1.0	0.009900990099009901		100
eas_sweep_structured	gamma_smc_meanp	40000.0	2	0.2749983376	0.98	0.0297029702970297		100
eas_sweep_structured	gamma_smc_meanp	40000.0	3	0.3358867419	1.0	0.009900990099009901		100
eas_sweep_structured	gamma_smc_meanp	40000.0	4	0.166505199	0.71	0.297029702970297		100
eas_sweep_structured	gamma_smc_meanp	40000.0	5	0.2613051486	0.94	0.06930693069306931		100
eas_sweep_structured	gamma_smc_meanp	40000.0	6	0.1530939658	0.63	0.37623762376237624		100
eas_sweep_structured	gamma_smc_meanp	40000.0	7	0.4276255882	1.0	0.009900990099009901		100
eas_sweep_structured	gamma_smc_meanp	40000.0	8	0.1452070785	0.56	0.44554455445544555		100
eas_sweep_structured	gamma_smc_meanp	40000.0	9	0.2745514369	0.98	0.0297029702970297		100
eas_sweep_structured	gamma_smc_meanp	40000.0	10	0.5645085263	1.0	0.009900990099009901		100
eas_sweep_structured	gamma_smc_meanp	40000.0	11	0.3915792775	1.0	0.009900990099009901		100
eas_sweep_structured	gamma_smc_meanp	40000.0	12	0.2390092498	0.92	0.0891089108910891		100
eas_sweep_structured	gamma_smc_meanp	40000.0	13	0.438573761	1.0	0.009900990099009901		100
eas_sweep_structured	gamma_smc_meanp	40000.0	14	0.2793330663	0.98	0.0297029702970297		100
eas_sweep_structured	gamma_smc_meanp	40000.0	15	0.2219172341	0.87	0.13861386138613863		100
eas_sweep_structured	gamma_smc_meanp	40000.0	16	0.4103352582	1.0	0.009900990099009901		100
eas_sweep_structured	gamma_smc_meanp	40000.0	17	0.2345262015	0.92	0.0891089108910891		100
eas_sweep_structured	gamma_smc_meanp	40000.0	18	0.2333072399	0.92	0.0891089108910891		100
eas_sweep_structured	gamma_smc_meanp	40000.0	19	0.1523722546	0.62	0.38613861386138615		100
eas_sweep_structured	gamma_smc_meanp	40000.0	20	0.4885510528	1.0	0.009900990099009901		100
eas_sweep_structured	gamma_smc_meanp	40000.0	21	0.3863496363	1.0	0.009900990099009901		100
eas_sweep_structured	gamma_smc_meanp	40000.0	22	0.2776667333	0.98	0.0297029702970297		100
eas_sweep_structured	gamma_smc_meanp	40000.0	23	0.3293156493	1.0	0.009900990099009901		100
eas_sweep_structured	gamma_smc_meanp	40000.0	24	0.12623234	0.4	0.6039603960396039		100
eas_sweep_structured	gamma_smc_meanp	40000.0	25	0.2359551656	0.92	0.0891089108910891		100
eas_sweep_structured	gamma_smc_meanp	40000.0	26	0.258368293	0.94	0.06930693069306931		100
eas_sweep_structured	gamma_smc_meanp	40000.0	27	0.2070472555	0.86	0.1485148514851485		100
eas_sweep_structured	gamma_smc_meanp	40000.0	28	0.2795592177	0.98	0.0297029702970297		100
eas_sweep_structured	gamma_smc_meanp	40000.0	29	0.463957535	1.0	0.009900990099009901		100
eas_sweep_structured	gamma_smc_meanp	40000.0	30	0.1412734286	0.52	0.48514851485148514		100
eas_sweep_structured	gamma_smc_meanp	40000.0	31	0.2274319482	0.9	0.10891089108910891		100
eas_sweep_structured	gamma_smc_meanp	40000.0	32	0.1709009809	0.74	0.26732673267326734		100
eas_sweep_structured	gamma_smc_meanp	40000.0	33	0.1258808568	0.4	0.6039603960396039		100
eas_sweep_structured	gamma_smc_meanp	40000.0	34	0.3366398096	1.0	0.009900990099009901		100
eas_sweep_structured	gamma_smc_meanp	40000.0	35	0.1367890185	0.49	0.5148514851485149		100
eas_sweep_structured	gamma_smc_meanp	40000.0	36	0.274278754	0.98	0.0297029702970297		100
eas_sweep_structured	gamma_smc_meanp	40000.0	37	0.2015064126	0.86	0.1485148514851485		100
eas_sweep_structured	gamma_smc_meanp	40000.0	38	0.210498261	0.86	0.1485148514851485		100
eas_sweep_structured	gamma_smc_meanp	40000.0	39	0.2234533921	0.88	0.12871287128712872		100
eas_sweep_structured	gamma_smc_meanp	40000.0	40	0.2943487236	0.99	0.019801980198019802		100
eas_sweep_structured	gamma_smc_meanp	40000.0	41	0.1483044117	0.6	0.40594059405940597		100
eas_sweep_structured	gamma_smc_meanp	40000.0	42	0.4083204433	1.0	0.009900990099009901		100
eas_sweep_structured	gamma_smc_meanp	40000.0	43	0.4185930148	1.0	0.009900990099009901		100
eas_sweep_structured	gamma_smc_meanp	40000.0	44	0.2394058369	0.92	0.0891089108910891		100
eas_sweep_structured	gamma_smc_meanp	40000.0	45	0.1636902591	0.69	0.31683168316831684		100
eas_sweep_structured	gamma_smc_meanp	40000.0	46	0.4423046708	1.0	0.009900990099009901		100
eas_sweep_structured	gamma_smc_meanp	40000.0	47	0.1843523374	0.8	0.2079207920792079		100
eas_sweep_structured	gamma_smc_meanp	40000.0	48	0.2307601885	0.91	0.09900990099009901		100
eas_sweep_structured	gamma_smc_meanp	40000.0	49	0.2087268838	0.86	0.1485148514851485		100
eas_sweep_structured	gamma_smc_meanp	40000.0	50	0.2998663807	0.99	0.019801980198019802		100
eas_sweep_structured	gamma_smc_meanp	40000.0	51	0.2667218539	0.95	0.0594059405940594		100
eas_sweep_structured	gamma_smc_meanp	40000.0	52	0.2580291353	0.94	0.06930693069306931		100
eas_sweep_structured	gamma_smc_meanp	40000.0	53	0.353372879	1.0	0.009900990099009901		100
eas_sweep_structured	gamma_smc_meanp	40000.0	54	0.2950860059	0.99	0.019801980198019802		100
eas_sweep_structured	gamma_smc_meanp	40000.0	55	0.2018304044	0.86	0.1485148514851485		100
eas_sweep_structured	gamma_smc_meanp	40000.0	56	0.2590714794	0.94	0.06930693069306931		100
eas_sweep_structured	gamma_smc_meanp	40000.0	57	0.2334072249	0.92	0.0891089108910891		100
eas_sweep_structured	gamma_smc_meanp	40000.0	58	0.2168841086	0.87	0.13861386138613863		100
eas_sweep_structured	gamma_smc_meanp	40000.0	59	0.2707876366	0.98	0.0297029702970297		100
eas_sweep_structured	gamma_smc_meanp	40000.0	60	0.3821845236	1.0	0.009900990099009901		100
eas_sweep_structured	gamma_smc_meanp	40000.0	61	0.2944941419	0.99	0.019801980198019802		100
eas_sweep_structured	gamma_smc_meanp	40000.0	62	0.06916658456	0.04	0.9603960396039604		100
eas_sweep_structured	gamma_smc_meanp	40000.0	63	0.2532531037	0.94	0.06930693069306931		100
eas_sweep_structured	gamma_smc_meanp	40000.0	64	0.2662862229	0.95	0.0594059405940594		100
eas_sweep_structured	gamma_smc_meanp	40000.0	65	0.4775441313	1.0	0.009900990099009901		100
eas_sweep_structured	gamma_smc_meanp	40000.0	66	0.215781417	0.87	0.13861386138613863		100
eas_sweep_structured	gamma_smc_meanp	40000.0	67	0.2259023958	0.89	0.1188118811881188		100
eas_sweep_structured	gamma_smc_meanp	40000.0	68	0.117062903	0.34	0.6633663366336634		100
eas_sweep_structured	gamma_smc_meanp	40000.0	69	0.5367162251	1.0	0.009900990099009901		100
eas_sweep_structured	gamma_smc_meanp	40000.0	70	0.3641932988	1.0	0.009900990099009901		100
eas_sweep_structured	gamma_smc_meanp	40000.0	71	0.4518976855	1.0	0.009900990099009901		100
eas_sweep_structured	gamma_smc_meanp	40000.0	72	0.2709465435	0.98	0.0297029702970297		100
eas_sweep_structured	gamma_smc_meanp	40000.0	73	0.3250269973	1.0	0.009900990099009901		100
eas_sweep_structured	gamma_smc_meanp	40000.0	74	0.1877529887	0.82	0.18811881188118812		100
eas_sweep_structured	gamma_smc_meanp	40000.0	75	0.2604601997	0.94	0.06930693069306931		100
eas_sweep_structured	gamma_smc_meanp	40000.0	76	0.1924161157	0.85	0.15841584158415842		100
eas_sweep_structured	gamma_smc_meanp	40000.0	77	0.2778015928	0.98	0.0297029702970297		100
eas_sweep_structured	gamma_smc_meanp	40000.0	78	0.2713071138	0.98	0.0297029702970297		100
eas_sweep_structured	gamma_smc_meanp	40000.0	79	0.310893268	0.99	0.019801980198019802		100
eas_sweep_structured	gamma_smc_meanp	40000.0	80	0.2085830065	0.86	0.1485148514851485		100
eas_sweep_structured	gamma_smc_meanp	40000.0	81	0.2853655395	0.98	0.0297029702970297		100
eas_sweep_structured	gamma_smc_meanp	40000.0	82	0.5101693392	1.0	0.009900990099009901		100
eas_sweep_structured	gamma_smc_meanp	40000.0	83	0.3861434376	1.0	0.009900990099009901		100
eas_sweep_structured	gamma_smc_meanp	40000.0	84	0.1803227422	0.79	0.21782178217821782		100
eas_sweep_structured	gamma_smc_meanp	40000.0	85	0.1911875272	0.83	0.1782178217821782		100
eas_sweep_structured	gamma_smc_meanp	40000.0	86	0.183990883	0.8	0.2079207920792079		100
eas_sweep_structured	gamma_smc_meanp	40000.0	87	0.242176338	0.92	0.0891089108910891		100
eas_sweep_structured	gamma_smc_meanp	40000.0	88	0.2579384357	0.94	0.06930693069306931		100
eas_sweep_structured	gamma_smc_meanp	40000.0	89	0.1871407384	0.82	0.18811881188118812		100
eas_sweep_structured	gamma_smc_meanp	40000.0	90	0.3260147381	1.0	0.009900990099009901		100
eas_sweep_structured	gamma_smc_meanp	40000.0	91	0.176614692	0.79	0.21782178217821782		100
eas_sweep_structured	gamma_smc_meanp	40000.0	92	0.1307051177	0.42	0.5841584158415841		100
eas_sweep_structured	gamma_smc_meanp	40000.0	93	0.2166184721	0.87	0.13861386138613863		100
eas_sweep_structured	gamma_smc_meanp	40000.0	94	0.375437032	1.0	0.009900990099009901		100
eas_sweep_structured	gamma_smc_meanp	40000.0	95	0.3369397783	1.0	0.009900990099009901		100
eas_sweep_structured	gamma_smc_meanp	40000.0	96	0.395274992	1.0	0.009900990099009901		100
eas_sweep_structured	gamma_smc_meanp	40000.0	97	0.2982789069	0.99	0.019801980198019802		100
eas_sweep_structured	gamma_smc_meanp	40000.0	98	0.20590931	0.86	0.1485148514851485		100
eas_sweep_structured	gamma_smc_meanp	40000.0	99	0.279454354	0.98	0.0297029702970297		100
eas_sweep_structured	gamma_smc_meanp	50000.0	0	0.403158834	1.0	0.009900990099009901		100
eas_sweep_structured	gamma_smc_meanp	50000.0	1	0.4258552659	1.0	0.009900990099009901		100
eas_sweep_structured	gamma_smc_meanp	50000.0	2	0.3000359851	0.95	0.0594059405940594		100
eas_sweep_structured	gamma_smc_meanp	50000.0	3	0.3867619014	1.0	0.009900990099009901		100
eas_sweep_structured	gamma_smc_meanp	50000.0	4	0.1767770713	0.67	0.33663366336633666		100
eas_sweep_structured	gamma_smc_meanp	50000.0	5	0.2970443934	0.94	0.06930693069306931		100
eas_sweep_structured	gamma_smc_meanp	50000.0	6	0.1740540902	0.61	0.39603960396039606		100
eas_sweep_structured	gamma_smc_meanp	50000.0	7	0.464644711	1.0	0.009900990099009901		100
eas_sweep_structured	gamma_smc_meanp	50000.0	8	0.1547362268	0.48	0.5247524752475248		100
eas_sweep_structured	gamma_smc_meanp	50000.0	9	0.2974124801	0.94	0.06930693069306931		100
eas_sweep_structured	gamma_smc_meanp	50000.0	10	0.5983189487	1.0	0.009900990099009901		100
eas_sweep_structured	gamma_smc_meanp	50000.0	11	0.4235365772	1.0	0.009900990099009901		100
eas_sweep_structured	gamma_smc_meanp	50000.0	12	0.2719097221	0.91	0.09900990099009901		100
eas_sweep_structured	gamma_smc_meanp	50000.0	13	0.4894546413	1.0	0.009900990099009901		100
eas_sweep_structured	gamma_smc_meanp	50000.0	14	0.3055286735	0.96	0.04950495049504951		100
eas_sweep_structured	gamma_smc_meanp	50000.0	15	0.240598954	0.86	0.1485148514851485		100
eas_sweep_structured	gamma_smc_meanp	50000.0	16	0.4334847045	1.0	0.009900990099009901		100
eas_sweep_structured	gamma_smc_meanp	50000.0	17	0.2585762346	0.87	0.13861386138613863		100
eas_sweep_structured	gamma_smc_meanp	50000.0	18	0.2675016458	0.9	0.10891089108910891		100
eas_sweep_structured	gamma_smc_meanp	50000.0	19	0.1753949599	0.65	0.3564356435643564		100
eas_sweep_structured	gamma_smc_meanp	50000.0	20	0.5218891537	1.0	0.009900990099009901		100
eas_sweep_structured	gamma_smc_meanp	50000.0	21	0.4098372534	1.0	0.009900990099009901		100
eas_sweep_structured	gamma_smc_meanp	50000.0	22	0.3052783376	0.96	0.04950495049504951		100
eas_sweep_structured	gamma_smc_meanp	50000.0	23	0.3464907587	0.99	0.019801980198019802		100
eas_sweep_structured	gamma_smc_meanp	50000.0	24	0.1398080334	0.4	0.6039603960396039		100
eas_sweep_structured	gamma_smc_meanp	50000.0	25	0.261130867	0.89	0.1188118811881188		100
eas_sweep_structured	gamma_smc_meanp	50000.0	26	0.2871970701	0.93	0.07920792079207921		100
eas_sweep_structured	gamma_smc_meanp	50000.0	27	0.227182081	0.86	0.1485148514851485		100
eas_sweep_structured	gamma_smc_meanp	50000.0	28	0.3260371995	0.98	0.0297029702970297		100
eas_sweep_structured	gamma_smc_meanp	50000.0	29	0.5243727231	1.0	0.009900990099009901		100
eas_sweep_structured	gamma_smc_meanp	50000.0	30	0.1598362117	0.54	0.46534653465346537		100
eas_sweep_structured	gamma_smc_meanp	50000.0	31	0.2516654134	0.87	0.13861386138613863		100
eas_sweep_structured	gamma_smc_meanp	50000.0	32	0.1936444619	0.77	0.2376237623762376		100
eas_sweep_structured	gamma_smc_meanp	50000.0	33	0.1390890642	0.39	0.6138613861386139		100
eas_sweep_structured	gamma_smc_meanp	50000.0	34	0.3647431397	1.0	0.009900990099009901		100
eas_sweep_structured	gamma_smc_meanp	50000.0	35	0.1559417371	0.49	0.5148514851485149		100
eas_sweep_structured	gamma_smc_meanp	50000.0	36	0.3125695306	0.96	0.04950495049504951		100
eas_sweep_structured	gamma_smc_meanp	50000.0	37	0.2293358698	0.86	0.1485148514851485		100
eas_sweep_structured	gamma_smc_meanp	50000.0	38	0.2389712582	0.86	0.1485148514851485		100
eas_sweep_structured	gamma_smc_meanp	50000.0	39	0.2507413457	0.87	0.13861386138613863		100
eas_sweep_structured	gamma_smc_meanp	50000.0	40	0.3242141372	0.98	0.0297029702970297		100
eas_sweep_structured	gamma_smc_meanp	50000.0	41	0.1632432081	0.55	0.45544554455445546		100
eas_sweep_structured	gamma_smc_meanp	50000.0	42	0.4325014931	1.0	0.009900990099009901		100
eas_sweep_structured	gamma_smc_meanp	50000.0	43	0.4630967486	1.0	0.009900990099009901		100
eas_sweep_structured	gamma_smc_meanp	50000.0	44	0.2686859065	0.91	0.09900990099009901		100
eas_sweep_structured	gamma_smc_meanp	50000.0	45	0.1768286023	0.67	0.33663366336633666		100
eas_sweep_structured	gamma_smc_meanp	50000.0	46	0.4740470195	1.0	0.009900990099009901		100
eas_sweep_structured	gamma_smc_meanp	50000.0	47	0.2096957702	0.82	0.18811881188118812		100
eas_sweep_structured	gamma_smc_meanp	50000.0	48	0.2499711005	0.87	0.13861386138613863		100
eas_sweep_structured	gamma_smc_meanp	50000.0	49	0.2329626763	0.86	0.1485148514851485		100
eas_sweep_structured	gamma_smc_meanp	50000.0	50	0.336344794	0.98	0.0297029702970297		100
eas_sweep_structured	gamma_smc_meanp	50000.0	51	0.2999214458	0.95	0.0594059405940594		100
eas_sweep_structured	gamma_smc_meanp	50000.0	52	0.2710637319	0.91	0.09900990099009901		100
eas_sweep_structured	gamma_smc_meanp	50000.0	53	0.389493891	1.0	0.009900990099009901		100
eas_sweep_structured	gamma_smc_meanp	50000.0	54	0.324166559	0.98	0.0297029702970297		100
eas_sweep_structured	gamma_smc_meanp	50000.0	55	0.2224797696	0.85	0.15841584158415842		100
eas_sweep_structured	gamma_smc_meanp	50000.0	56	0.2793628275	0.93	0.07920792079207921		100
eas_sweep_structured	gamma_smc_meanp	50000.0	57	0.2567967233	0.87	0.13861386138613863		100
eas_sweep_structured	gamma_smc_meanp	50000.0	58	0.2301384291	0.86	0.1485148514851485		100
eas_sweep_structured	gamma_smc_meanp	50000.0	59	0.2974697447	0.94	0.06930693069306931		100
eas_sweep_structured	gamma_smc_meanp	50000.0	60	0.3939809061	1.0	0.009900990099009901		100
eas_sweep_structured	gamma_smc_meanp	50000.0	61	0.3071872759	0.96	0.04950495049504951		100
eas_sweep_structured	gamma_smc_meanp	50000.0	62	0.07751006045	0.04	0.9603960396039604		100
eas_sweep_structured	gamma_smc_meanp	50000.0	63	0.2765390205	0.93	0.07920792079207921		100
eas_sweep_structured	gamma_smc_meanp	50000.0	64	0.2895181435	0.93	0.07920792079207921		100
eas_sweep_structured	gamma_smc_meanp	50000.0	65	0.4898263967	1.0	0.009900990099009901		100
eas_sweep_structured	gamma_smc_meanp	50000.0	66	0.2311567247	0.86	0.1485148514851485		100
eas_sweep_structured	gamma_smc_meanp	50000.0	67	0.2499156421	0.87	0.13861386138613863		100
eas_sweep_structured	gamma_smc_meanp	50000.0	68	0.1302771773	0.35	0.6534653465346535		100
eas_sweep_structured	gamma_smc_meanp	50000.0	69	0.5866954088	1.0	0.009900990099009901		100
eas_sweep_structured	gamma_smc_meanp	50000.0	70	0.3982913423	1.0	0.009900990099009901		100
eas_sweep_structured	gamma_smc_meanp	50000.0	71	0.4703121889	1.0	0.009900990099009901		100
eas_sweep_structured	gamma_smc_meanp	50000.0	72	0.2971930718	0.94	0.06930693069306931		100
eas_sweep_structured	gamma_smc_meanp	50000.0	73	0.3477737302	0.99	0.019801980198019802		100
eas_sweep_structured	gamma_smc_meanp	50000.0	74	0.2005741318	0.8	0.2079207920792079		100
eas_sweep_structured	gamma_smc_meanp	50000.0	75	0.2803342235	0.93	0.07920792079207921		100
eas_sweep_structured	gamma_smc_meanp	50000.0	76	0.2071227932	0.8	0.2079207920792079		100
eas_sweep_structured	gamma_smc_meanp	50000.0	77	0.3194160189	0.97	0.039603960396039604		100
eas_sweep_structured	gamma_smc_meanp	50000.0	78	0.3012317604	0.95	0.0594059405940594		100
eas_sweep_structured	gamma_smc_meanp	50000.0	79	0.3468793839	0.99	0.019801980198019802		100
eas_sweep_structured	gamma_smc_meanp	50000.0	80	0.2385035257	0.86	0.1485148514851485		100
eas_sweep_structured	gamma_smc_meanp	50000.0	81	0.3038764364	0.96	0.04950495049504951		100
eas_sweep_structured	gamma_smc_meanp	50000.0	82	0.536556372	1.0	0.009900990099009901		100
eas_sweep_structured	gamma_smc_meanp	50000.0	83	0.4386061192	1.0	0.009900990099009901		100
eas_sweep_structured	gamma_smc_meanp	50000.0	84	0.2016502312	0.8	0.2079207920792079		100
eas_sweep_structured	gamma_smc_meanp	50000.0	85	0.2097345992	0.82	0.18811881188118812		100
eas_sweep_structured	gamma_smc_meanp	50000.0	86	0.2041487045	0.8	0.2079207920792079		100
eas_sweep_structured	gamma_smc_meanp	50000.0	87	0.2677454125	0.9	0.10891089108910891		100
eas_sweep_structured	gamma_smc_meanp	50000.0	88	0.2872328699	0.93	0.07920792079207921		100
eas_sweep_structured	gamma_smc_meanp	50000.0	89	0.2018654238	0.8	0.2079207920792079		100
eas_sweep_structured	gamma_smc_meanp	50000.0	90	0.359214735	1.0	0.009900990099009901		100
eas_sweep_structured	gamma_smc_meanp	50000.0	91	0.1851588728	0.68	0.32673267326732675		100
eas_sweep_structured	gamma_smc_meanp	50000.0	92	0.139274873	0.4	0.6039603960396039		100
eas_sweep_structured	gamma_smc_meanp	50000.0	93	0.2429906453	0.87	0.13861386138613863		100
eas_sweep_structured	gamma_smc_meanp	50000.0	94	0.4036904001	1.0	0.009900990099009901		100
eas_sweep_structured	gamma_smc_meanp	50000.0	95	0.3798814487	1.0	0.009900990099009901		100
eas_sweep_structured	gamma_smc_meanp	50000.0	96	0.4209659255	1.0	0.009900990099009901		100
eas_sweep_structured	gamma_smc_meanp	50000.0	97	0.3315587705	0.98	0.0297029702970297		100
eas_sweep_structured	gamma_smc_meanp	50000.0	98	0.2332853302	0.86	0.1485148514851485		100
eas_sweep_structured	gamma_smc_meanp	50000.0	99	0.3032691365	0.96	0.04950495049504951		100
eas_sweep_structured	tree_truth	1000.0	0	0.0	0.35	1.0		100
eas_sweep_structured	tree_truth	1000.0	1	0.0	0.35	1.0		100
eas_sweep_structured	tree_truth	1000.0	2	0.0	0.35	1.0		100
eas_sweep_structured	tree_truth	1000.0	3	0.01	0.845	0.3069306930693069		100
eas_sweep_structured	tree_truth	1000.0	4	0.02	0.995	0.019801980198019802		100
eas_sweep_structured	tree_truth	1000.0	5	0.01	0.845	0.3069306930693069		100
eas_sweep_structured	tree_truth	1000.0	6	0.0	0.35	1.0		100
eas_sweep_structured	tree_truth	1000.0	7	0.01	0.845	0.3069306930693069		100
eas_sweep_structured	tree_truth	1000.0	8	0.0	0.35	1.0		100
eas_sweep_structured	tree_truth	1000.0	9	0.0	0.35	1.0		100
eas_sweep_structured	tree_truth	1000.0	10	0.01	0.845	0.3069306930693069		100
eas_sweep_structured	tree_truth	1000.0	11	0.0	0.35	1.0		100
eas_sweep_structured	tree_truth	1000.0	12	0.0	0.35	1.0		100
eas_sweep_structured	tree_truth	1000.0	13	0.0	0.35	1.0		100
eas_sweep_structured	tree_truth	1000.0	14	0.01	0.845	0.3069306930693069		100
eas_sweep_structured	tree_truth	1000.0	15	0.0	0.35	1.0		100
eas_sweep_structured	tree_truth	1000.0	16	0.0	0.35	1.0		100
eas_sweep_structured	tree_truth	1000.0	17	0.01	0.845	0.3069306930693069		100
eas_sweep_structured	tree_truth	1000.0	18	0.0	0.35	1.0		100
eas_sweep_structured	tree_truth	1000.0	19	0.0	0.35	1.0		100
eas_sweep_structured	tree_truth	1000.0	20	0.0	0.35	1.0		100
eas_sweep_structured	tree_truth	1000.0	21	0.0	0.35	1.0		100
eas_sweep_structured	tree_truth	1000.0	22	0.0	0.35	1.0		100
eas_sweep_structured	tree_truth	1000.0	23	0.0	0.35	1.0		100
eas_sweep_structured	tree_truth	1000.0	24	0.01	0.845	0.3069306930693069		100
eas_sweep_structured	tree_truth	1000.0	25	0.0	0.35	1.0		100
eas_sweep_structured	tree_truth	1000.0	26	0.01	0.845	0.3069306930693069		100
eas_sweep_structured	tree_truth	1000.0	27	0.01	0.845	0.3069306930693069		100
eas_sweep_structured	tree_truth	1000.0	28	0.0	0.35	1.0		100
eas_sweep_structured	tree_truth	1000.0	29	0.0	0.35	1.0		100
eas_sweep_structured	tree_truth	1000.0	30	0.0	0.35	1.0		100
eas_sweep_structured	tree_truth	1000.0	31	0.01	0.845	0.3069306930693069		100
eas_sweep_structured	tree_truth	1000.0	32	0.0	0.35	1.0		100
eas_sweep_structured	tree_truth	1000.0	33	0.0	0.35	1.0		100
eas_sweep_structured	tree_truth	1000.0	34	0.01	0.845	0.3069306930693069		100
eas_sweep_structured	tree_truth	1000.0	35	0.0	0.35	1.0		100
eas_sweep_structured	tree_truth	1000.0	36	0.0	0.35	1.0		100
eas_sweep_structured	tree_truth	1000.0	37	0.0	0.35	1.0		100
eas_sweep_structured	tree_truth	1000.0	38	0.0	0.35	1.0		100
eas_sweep_structured	tree_truth	1000.0	39	0.0	0.35	1.0		100
eas_sweep_structured	tree_truth	1000.0	40	0.01	0.845	0.3069306930693069		100
eas_sweep_structured	tree_truth	1000.0	41	0.01	0.845	0.3069306930693069		100
eas_sweep_structured	tree_truth	1000.0	42	0.01	0.845	0.3069306930693069		100
eas_sweep_structured	tree_truth	1000.0	43	0.01	0.845	0.3069306930693069		100
eas_sweep_structured	tree_truth	1000.0	44	0.01	0.845	0.3069306930693069		100
eas_sweep_structured	tree_truth	1000.0	45	0.0	0.35	1.0		100
eas_sweep_structured	tree_truth	1000.0	46	0.0	0.35	1.0		100
eas_sweep_structured	tree_truth	1000.0	47	0.0	0.35	1.0		100
eas_sweep_structured	tree_truth	1000.0	48	0.02	0.995	0.019801980198019802		100
eas_sweep_structured	tree_truth	1000.0	49	0.0	0.35	1.0		100
eas_sweep_structured	tree_truth	1000.0	50	0.02	0.995	0.019801980198019802		100
eas_sweep_structured	tree_truth	1000.0	51	0.0	0.35	1.0		100
eas_sweep_structured	tree_truth	1000.0	52	0.0	0.35	1.0		100
eas_sweep_structured	tree_truth	1000.0	53	0.0	0.35	1.0		100
eas_sweep_structured	tree_truth	1000.0	54	0.01	0.845	0.3069306930693069		100
eas_sweep_structured	tree_truth	1000.0	55	0.02	0.995	0.019801980198019802		100
eas_sweep_structured	tree_truth	1000.0	56	0.01	0.845	0.3069306930693069		100
eas_sweep_structured	tree_truth	1000.0	57	0.0	0.35	1.0		100
eas_sweep_structured	tree_truth	1000.0	58	0.02	0.995	0.019801980198019802		100
eas_sweep_structured	tree_truth	1000.0	59	0.0	0.35	1.0		100
eas_sweep_structured	tree_truth	1000.0	60	0.01	0.845	0.3069306930693069		100
eas_sweep_structured	tree_truth	1000.0	61	0.0	0.35	1.0		100
eas_sweep_structured	tree_truth	1000.0	62	0.0	0.35	1.0		100
eas_sweep_structured	tree_truth	1000.0	63	0.0	0.35	1.0		100
eas_sweep_structured	tree_truth	1000.0	64	0.0	0.35	1.0		100
eas_sweep_structured	tree_truth	1000.0	65	0.02	0.995	0.019801980198019802		100
eas_sweep_structured	tree_truth	1000.0	66	0.0	0.35	1.0		100
eas_sweep_structured	tree_truth	1000.0	67	0.0	0.35	1.0		100
eas_sweep_structured	tree_truth	1000.0	68	0.0	0.35	1.0		100
eas_sweep_structured	tree_truth	1000.0	69	0.0	0.35	1.0		100
eas_sweep_structured	tree_truth	1000.0	70	0.0	0.35	1.0		100
eas_sweep_structured	tree_truth	1000.0	71	0.0	0.35	1.0		100
eas_sweep_structured	tree_truth	1000.0	72	0.0	0.35	1.0		100
eas_sweep_structured	tree_truth	1000.0	73	0.0	0.35	1.0		100
eas_sweep_structured	tree_truth	1000.0	74	0.01	0.845	0.3069306930693069		100
eas_sweep_structured	tree_truth	1000.0	75	0.01	0.845	0.3069306930693069		100
eas_sweep_structured	tree_truth	1000.0	76	0.0	0.35	1.0		100
eas_sweep_structured	tree_truth	1000.0	77	0.0	0.35	1.0		100
eas_sweep_structured	tree_truth	1000.0	78	0.0	0.35	1.0		100
eas_sweep_structured	tree_truth	1000.0	79	0.01	0.845	0.3069306930693069		100
eas_sweep_structured	tree_truth	1000.0	80	0.0	0.35	1.0		100
eas_sweep_structured	tree_truth	1000.0	81	0.02	0.995	0.019801980198019802		100
eas_sweep_structured	tree_truth	1000.0	82	0.01	0.845	0.3069306930693069		100
eas_sweep_structured	tree_truth	1000.0	83	0.0	0.35	1.0		100
eas_sweep_structured	tree_truth	1000.0	84	0.0	0.35	1.0		100
eas_sweep_structured	tree_truth	1000.0	85	0.0	0.35	1.0		100
eas_sweep_structured	tree_truth	1000.0	86	0.01	0.845	0.3069306930693069		100
eas_sweep_structured	tree_truth	1000.0	87	0.01	0.845	0.3069306930693069		100
eas_sweep_structured	tree_truth	1000.0	88	0.0	0.35	1.0		100
eas_sweep_structured	tree_truth	1000.0	89	0.0	0.35	1.0		100
eas_sweep_structured	tree_truth	1000.0	90	0.0	0.35	1.0		100
eas_sweep_structured	tree_truth	1000.0	91	0.01	0.845	0.3069306930693069		100
eas_sweep_structured	tree_truth	1000.0	92	0.0	0.35	1.0		100
eas_sweep_structured	tree_truth	1000.0	93	0.0	0.35	1.0		100
eas_sweep_structured	tree_truth	1000.0	94	0.0	0.35	1.0		100
eas_sweep_structured	tree_truth	1000.0	95	0.01	0.845	0.3069306930693069		100
eas_sweep_structured	tree_truth	1000.0	96	0.0	0.35	1.0		100
eas_sweep_structured	tree_truth	1000.0	97	0.0	0.35	1.0		100
eas_sweep_structured	tree_truth	1000.0	98	0.0	0.35	1.0		100
eas_sweep_structured	tree_truth	1000.0	99	0.01	0.845	0.3069306930693069		100
eas_sweep_structured	tree_truth	4500.0	0	0.06	0.995	0.019801980198019802		100
eas_sweep_structured	tree_truth	4500.0	1	0.0	0.075	1.0		100
eas_sweep_structured	tree_truth	4500.0	2	0.01	0.35	0.8514851485148515		100
eas_sweep_structured	tree_truth	4500.0	3	0.01	0.35	0.8514851485148515		100
eas_sweep_structured	tree_truth	4500.0	4	0.05	0.985	0.0297029702970297		100
eas_sweep_structured	tree_truth	4500.0	5	0.01	0.35	0.8514851485148515		100
eas_sweep_structured	tree_truth	4500.0	6	0.0	0.075	1.0		100
eas_sweep_structured	tree_truth	4500.0	7	0.03	0.855	0.2079207920792079		100
eas_sweep_structured	tree_truth	4500.0	8	0.01	0.35	0.8514851485148515		100
eas_sweep_structured	tree_truth	4500.0	9	0.01	0.35	0.8514851485148515		100
eas_sweep_structured	tree_truth	4500.0	10	0.02	0.675	0.45544554455445546		100
eas_sweep_structured	tree_truth	4500.0	11	0.0	0.075	1.0		100
eas_sweep_structured	tree_truth	4500.0	12	0.02	0.675	0.45544554455445546		100
eas_sweep_structured	tree_truth	4500.0	13	0.03	0.855	0.2079207920792079		100
eas_sweep_structured	tree_truth	4500.0	14	0.02	0.675	0.45544554455445546		100
eas_sweep_structured	tree_truth	4500.0	15	0.01	0.35	0.8514851485148515		100
eas_sweep_structured	tree_truth	4500.0	16	0.01	0.35	0.8514851485148515		100
eas_sweep_structured	tree_truth	4500.0	17	0.03	0.855	0.2079207920792079		100
eas_sweep_structured	tree_truth	4500.0	18	0.0	0.075	1.0		100
eas_sweep_structured	tree_truth	4500.0	19	0.02	0.675	0.45544554455445546		100
eas_sweep_structured	tree_truth	4500.0	20	0.03	0.855	0.2079207920792079		100
eas_sweep_structured	tree_truth	4500.0	21	0.01	0.35	0.8514851485148515		100
eas_sweep_structured	tree_truth	4500.0	22	0.02	0.675	0.45544554455445546		100
eas_sweep_structured	tree_truth	4500.0	23	0.02	0.675	0.45544554455445546		100
eas_sweep_structured	tree_truth	4500.0	24	0.01	0.35	0.8514851485148515		100
eas_sweep_structured	tree_truth	4500.0	25	0.01	0.35	0.8514851485148515		100
eas_sweep_structured	tree_truth	4500.0	26	0.03	0.855	0.2079207920792079		100
eas_sweep_structured	tree_truth	4500.0	27	0.02	0.675	0.45544554455445546		100
eas_sweep_structured	tree_truth	4500.0	28	0.02	0.675	0.45544554455445546		100
eas_sweep_structured	tree_truth	4500.0	29	0.02	0.675	0.45544554455445546		100
eas_sweep_structured	tree_truth	4500.0	30	0.01	0.35	0.8514851485148515		100
eas_sweep_structured	tree_truth	4500.0	31	0.02	0.675	0.45544554455445546		100
eas_sweep_structured	tree_truth	4500.0	32	0.0	0.075	1.0		100
eas_sweep_structured	tree_truth	4500.0	33	0.01	0.35	0.8514851485148515		100
eas_sweep_structured	tree_truth	4500.0	34	0.01	0.35	0.8514851485148515		100
eas_sweep_structured	tree_truth	4500.0	35	0.01	0.35	0.8514851485148515		100
eas_sweep_structured	tree_truth	4500.0	36	0.02	0.675	0.45544554455445546		100
eas_sweep_structured	tree_truth	4500.0	37	0.02	0.675	0.45544554455445546		100
eas_sweep_structured	tree_truth	4500.0	38	0.01	0.35	0.8514851485148515		100
eas_sweep_structured	tree_truth	4500.0	39	0.02	0.675	0.45544554455445546		100
eas_sweep_structured	tree_truth	4500.0	40	0.03	0.855	0.2079207920792079		100
eas_sweep_structured	tree_truth	4500.0	41	0.02	0.675	0.45544554455445546		100
eas_sweep_structured	tree_truth	4500.0	42	0.03	0.855	0.2079207920792079		100
eas_sweep_structured	tree_truth	4500.0	43	0.02	0.675	0.45544554455445546		100
eas_sweep_structured	tree_truth	4500.0	44	0.03	0.855	0.2079207920792079		100
eas_sweep_structured	tree_truth	4500.0	45	0.01	0.35	0.8514851485148515		100
eas_sweep_structured	tree_truth	4500.0	46	0.01	0.35	0.8514851485148515		100
eas_sweep_structured	tree_truth	4500.0	47	0.03	0.855	0.2079207920792079		100
eas_sweep_structured	tree_truth	4500.0	48	0.05	0.985	0.0297029702970297		100
eas_sweep_structured	tree_truth	4500.0	49	0.02	0.675	0.45544554455445546		100
eas_sweep_structured	tree_truth	4500.0	50	0.04	0.945	0.09900990099009901		100
eas_sweep_structured	tree_truth	4500.0	51	0.02	0.675	0.45544554455445546		100
eas_sweep_structured	tree_truth	4500.0	52	0.0	0.075	1.0		100
eas_sweep_structured	tree_truth	4500.0	53	0.03	0.855	0.2079207920792079		100
eas_sweep_structured	tree_truth	4500.0	54	0.05	0.985	0.0297029702970297		100
eas_sweep_structured	tree_truth	4500.0	55	0.03	0.855	0.2079207920792079		100
eas_sweep_structured	tree_truth	4500.0	56	0.02	0.675	0.45544554455445546		100
eas_sweep_structured	tree_truth	4500.0	57	0.0	0.075	1.0		100
eas_sweep_structured	tree_truth	4500.0	58	0.03	0.855	0.2079207920792079		100
eas_sweep_structured	tree_truth	4500.0	59	0.01	0.35	0.8514851485148515		100
eas_sweep_structured	tree_truth	4500.0	60	0.04	0.945	0.09900990099009901		100
eas_sweep_structured	tree_truth	4500.0	61	0.02	0.675	0.45544554455445546		100
eas_sweep_structured	tree_truth	4500.0	62	0.0	0.075	1.0		100
eas_sweep_structured	tree_truth	4500.0	63	0.0	0.075	1.0		100
eas_sweep_structured	tree_truth	4500.0	64	0.01	0.35	0.8514851485148515		100
eas_sweep_structured	tree_truth	4500.0	65	0.03	0.855	0.2079207920792079		100
eas_sweep_structured	tree_truth	4500.0	66	0.01	0.35	0.8514851485148515		100
eas_sweep_structured	tree_truth	4500.0	67	0.01	0.35	0.8514851485148515		100
eas_sweep_structured	tree_truth	4500.0	68	0.02	0.675	0.45544554455445546		100
eas_sweep_structured	tree_truth	4500.0	69	0.03	0.855	0.2079207920792079		100
eas_sweep_structured	tree_truth	4500.0	70	0.01	0.35	0.8514851485148515		100
eas_sweep_structured	tree_truth	4500.0	71	0.03	0.855	0.2079207920792079		100
eas_sweep_structured	tree_truth	4500.0	72	0.01	0.35	0.8514851485148515		100
eas_sweep_structured	tree_truth	4500.0	73	0.02	0.675	0.45544554455445546		100
eas_sweep_structured	tree_truth	4500.0	74	0.02	0.675	0.45544554455445546		100
eas_sweep_structured	tree_truth	4500.0	75	0.04	0.945	0.09900990099009901		100
eas_sweep_structured	tree_truth	4500.0	76	0.01	0.35	0.8514851485148515		100
eas_sweep_structured	tree_truth	4500.0	77	0.0	0.075	1.0		100
eas_sweep_structured	tree_truth	4500.0	78	0.0	0.075	1.0		100
eas_sweep_structured	tree_truth	4500.0	79	0.03	0.855	0.2079207920792079		100
eas_sweep_structured	tree_truth	4500.0	80	0.02	0.675	0.45544554455445546		100
eas_sweep_structured	tree_truth	4500.0	81	0.04	0.945	0.09900990099009901		100
eas_sweep_structured	tree_truth	4500.0	82	0.02	0.675	0.45544554455445546		100
eas_sweep_structured	tree_truth	4500.0	83	0.01	0.35	0.8514851485148515		100
eas_sweep_structured	tree_truth	4500.0	84	0.0	0.075	1.0		100
eas_sweep_structured	tree_truth	4500.0	85	0.01	0.35	0.8514851485148515		100
eas_sweep_structured	tree_truth	4500.0	86	0.03	0.855	0.2079207920792079		100
eas_sweep_structured	tree_truth	4500.0	87	0.04	0.945	0.09900990099009901		100
eas_sweep_structured	tree_truth	4500.0	88	0.02	0.675	0.45544554455445546		100
eas_sweep_structured	tree_truth	4500.0	89	0.02	0.675	0.45544554455445546		100
eas_sweep_structured	tree_truth	4500.0	90	0.02	0.675	0.45544554455445546		100
eas_sweep_structured	tree_truth	4500.0	91	0.02	0.675	0.45544554455445546		100
eas_sweep_structured	tree_truth	4500.0	92	0.0	0.075	1.0		100
eas_sweep_structured	tree_truth	4500.0	93	0.04	0.945	0.09900990099009901		100
eas_sweep_structured	tree_truth	4500.0	94	0.04	0.945	0.09900990099009901		100
eas_sweep_structured	tree_truth	4500.0	95	0.04	0.945	0.09900990099009901		100
eas_sweep_structured	tree_truth	4500.0	96	0.01	0.35	0.8514851485148515		100
eas_sweep_structured	tree_truth	4500.0	97	0.01	0.35	0.8514851485148515		100
eas_sweep_structured	tree_truth	4500.0	98	0.03	0.855	0.2079207920792079		100
eas_sweep_structured	tree_truth	4500.0	99	0.03	0.855	0.2079207920792079		100
eas_sweep_structured	tree_truth	10000.0	0	0.15	1.0	0.009900990099009901		100
eas_sweep_structured	tree_truth	10000.0	1	0.07	0.925	0.09900990099009901		100
eas_sweep_structured	tree_truth	10000.0	2	0.01	0.08	0.9801980198019802		100
eas_sweep_structured	tree_truth	10000.0	3	0.04	0.605	0.46534653465346537		100
eas_sweep_structured	tree_truth	10000.0	4	0.09	0.98	0.039603960396039604		100
eas_sweep_structured	tree_truth	10000.0	5	0.03	0.43	0.6831683168316832		100
eas_sweep_structured	tree_truth	10000.0	6	0.04	0.605	0.46534653465346537		100
eas_sweep_structured	tree_truth	10000.0	7	0.07	0.925	0.09900990099009901		100
eas_sweep_structured	tree_truth	10000.0	8	0.02	0.23	0.8613861386138614		100
eas_sweep_structured	tree_truth	10000.0	9	0.04	0.605	0.46534653465346537		100
eas_sweep_structured	tree_truth	10000.0	10	0.08	0.955	0.06930693069306931		100
eas_sweep_structured	tree_truth	10000.0	11	0.02	0.23	0.8613861386138614		100
eas_sweep_structured	tree_truth	10000.0	12	0.09	0.98	0.039603960396039604		100
eas_sweep_structured	tree_truth	10000.0	13	0.07	0.925	0.09900990099009901		100
eas_sweep_structured	tree_truth	10000.0	14	0.03	0.43	0.6831683168316832		100
eas_sweep_structured	tree_truth	10000.0	15	0.05	0.715	0.33663366336633666		100
eas_sweep_structured	tree_truth	10000.0	16	0.03	0.43	0.6831683168316832		100
eas_sweep_structured	tree_truth	10000.0	17	0.04	0.605	0.46534653465346537		100
eas_sweep_structured	tree_truth	10000.0	18	0.03	0.43	0.6831683168316832		100
eas_sweep_structured	tree_truth	10000.0	19	0.06	0.835	0.24752475247524752		100
eas_sweep_structured	tree_truth	10000.0	20	0.06	0.835	0.24752475247524752		100
eas_sweep_structured	tree_truth	10000.0	21	0.01	0.08	0.9801980198019802		100
eas_sweep_structured	tree_truth	10000.0	22	0.06	0.835	0.24752475247524752		100
eas_sweep_structured	tree_truth	10000.0	23	0.14	1.0	0.009900990099009901		100
eas_sweep_structured	tree_truth	10000.0	24	0.05	0.715	0.33663366336633666		100
eas_sweep_structured	tree_truth	10000.0	25	0.03	0.43	0.6831683168316832		100
eas_sweep_structured	tree_truth	10000.0	26	0.12	1.0	0.009900990099009901		100
eas_sweep_structured	tree_truth	10000.0	27	0.07	0.925	0.09900990099009901		100
eas_sweep_structured	tree_truth	10000.0	28	0.06	0.835	0.24752475247524752		100
eas_sweep_structured	tree_truth	10000.0	29	0.05	0.715	0.33663366336633666		100
eas_sweep_structured	tree_truth	10000.0	30	0.05	0.715	0.33663366336633666		100
eas_sweep_structured	tree_truth	10000.0	31	0.05	0.715	0.33663366336633666		100
eas_sweep_structured	tree_truth	10000.0	32	0.0	0.01	1.0		100
eas_sweep_structured	tree_truth	10000.0	33	0.04	0.605	0.46534653465346537		100
eas_sweep_structured	tree_truth	10000.0	34	0.05	0.715	0.33663366336633666		100
eas_sweep_structured	tree_truth	10000.0	35	0.03	0.43	0.6831683168316832		100
eas_sweep_structured	tree_truth	10000.0	36	0.04	0.605	0.46534653465346537		100
eas_sweep_structured	tree_truth	10000.0	37	0.1	0.995	0.019801980198019802		100
eas_sweep_structured	tree_truth	10000.0	38	0.03	0.43	0.6831683168316832		100
eas_sweep_structured	tree_truth	10000.0	39	0.05	0.715	0.33663366336633666		100
eas_sweep_structured	tree_truth	10000.0	40	0.07	0.925	0.09900990099009901		100
eas_sweep_structured	tree_truth	10000.0	41	0.03	0.43	0.6831683168316832		100
eas_sweep_structured	tree_truth	10000.0	42	0.09	0.98	0.039603960396039604		100
eas_sweep_structured	tree_truth	10000.0	43	0.04	0.605	0.46534653465346537		100
eas_sweep_structured	tree_truth	10000.0	44	0.07	0.925	0.09900990099009901		100
eas_sweep_structured	tree_truth	10000.0	45	0.07	0.925	0.09900990099009901		100
eas_sweep_structured	tree_truth	10000.0	46	0.09	0.98	0.039603960396039604		100
eas_sweep_structured	tree_truth	10000.0	47	0.05	0.715	0.33663366336633666		100
eas_sweep_structured	tree_truth	10000.0	48	0.05	0.715	0.33663366336633666		100
eas_sweep_structured	tree_truth	10000.0	49	0.11	1.0	0.009900990099009901		100
eas_sweep_structured	tree_truth	10000.0	50	0.08	0.955	0.06930693069306931		100
eas_sweep_structured	tree_truth	10000.0	51	0.04	0.605	0.46534653465346537		100
eas_sweep_structured	tree_truth	10000.0	52	0.06	0.835	0.24752475247524752		100
eas_sweep_structured	tree_truth	10000.0	53	0.04	0.605	0.46534653465346537		100
eas_sweep_structured	tree_truth	10000.0	54	0.07	0.925	0.09900990099009901		100
eas_sweep_structured	tree_truth	10000.0	55	0.05	0.715	0.33663366336633666		100
eas_sweep_structured	tree_truth	10000.0	56	0.04	0.605	0.46534653465346537		100
eas_sweep_structured	tree_truth	10000.0	57	0.01	0.08	0.9801980198019802		100
eas_sweep_structured	tree_truth	10000.0	58	0.04	0.605	0.46534653465346537		100
eas_sweep_structured	tree_truth	10000.0	59	0.04	0.605	0.46534653465346537		100
eas_sweep_structured	tree_truth	10000.0	60	0.07	0.925	0.09900990099009901		100
eas_sweep_structured	tree_truth	10000.0	61	0.04	0.605	0.46534653465346537		100
eas_sweep_structured	tree_truth	10000.0	62	0.03	0.43	0.6831683168316832		100
eas_sweep_structured	tree_truth	10000.0	63	0.03	0.43	0.6831683168316832		100
eas_sweep_structured	tree_truth	10000.0	64	0.03	0.43	0.6831683168316832		100
eas_sweep_structured	tree_truth	10000.0	65	0.08	0.955	0.06930693069306931		100
eas_sweep_structured	tree_truth	10000.0	66	0.07	0.925	0.09900990099009901		100
eas_sweep_structured	tree_truth	10000.0	67	0.1	0.995	0.019801980198019802		100
eas_sweep_structured	tree_truth	10000.0	68	0.04	0.605	0.46534653465346537		100
eas_sweep_structured	tree_truth	10000.0	69	0.04	0.605	0.46534653465346537		100
eas_sweep_structured	tree_truth	10000.0	70	0.01	0.08	0.9801980198019802		100
eas_sweep_structured	tree_truth	10000.0	71	0.05	0.715	0.33663366336633666		100
eas_sweep_structured	tree_truth	10000.0	72	0.08	0.955	0.06930693069306931		100
eas_sweep_structured	tree_truth	10000.0	73	0.04	0.605	0.46534653465346537		100
eas_sweep_structured	tree_truth	10000.0	74	0.04	0.605	0.46534653465346537		100
eas_sweep_structured	tree_truth	10000.0	75	0.12	1.0	0.009900990099009901		100
eas_sweep_structured	tree_truth	10000.0	76	0.03	0.43	0.6831683168316832		100
eas_sweep_structured	tree_truth	10000.0	77	0.02	0.23	0.8613861386138614		100
eas_sweep_structured	tree_truth	10000.0	78	0.04	0.605	0.46534653465346537		100
eas_sweep_structured	tree_truth	10000.0	79	0.05	0.715	0.33663366336633666		100
eas_sweep_structured	tree_truth	10000.0	80	0.07	0.925	0.09900990099009901		100
eas_sweep_structured	tree_truth	10000.0	81	0.11	1.0	0.009900990099009901		100
eas_sweep_structured	tree_truth	10000.0	82	0.12	1.0	0.009900990099009901		100
eas_sweep_structured	tree_truth	10000.0	83	0.04	0.605	0.46534653465346537		100
eas_sweep_structured	tree_truth	10000.0	84	0.06	0.835	0.24752475247524752		100
eas_sweep_structured	tree_truth	10000.0	85	0.02	0.23	0.8613861386138614		100
eas_sweep_structured	tree_truth	10000.0	86	0.04	0.605	0.46534653465346537		100
eas_sweep_structured	tree_truth	10000.0	87	0.09	0.98	0.039603960396039604		100
eas_sweep_structured	tree_truth	10000.0	88	0.08	0.955	0.06930693069306931		100
eas_sweep_structured	tree_truth	10000.0	89	0.07	0.925	0.09900990099009901		100
eas_sweep_structured	tree_truth	10000.0	90	0.03	0.43	0.6831683168316832		100
eas_sweep_structured	tree_truth	10000.0	91	0.07	0.925	0.09900990099009901		100
eas_sweep_structured	tree_truth	10000.0	92	0.04	0.605	0.46534653465346537		100
eas_sweep_structured	tree_truth	10000.0	93	0.08	0.955	0.06930693069306931		100
eas_sweep_structured	tree_truth	10000.0	94	0.07	0.925	0.09900990099009901		100
eas_sweep_structured	tree_truth	10000.0	95	0.06	0.835	0.24752475247524752		100
eas_sweep_structured	tree_truth	10000.0	96	0.05	0.715	0.33663366336633666		100
eas_sweep_structured	tree_truth	10000.0	97	0.04	0.605	0.46534653465346537		100
eas_sweep_structured	tree_truth	10000.0	98	0.05	0.715	0.33663366336633666		100
eas_sweep_structured	tree_truth	10000.0	99	0.06	0.835	0.24752475247524752		100
eas_sweep_structured	tree_truth	20000.0	0	0.24	1.0	0.009900990099009901		100
eas_sweep_structured	tree_truth	20000.0	1	0.39	1.0	0.009900990099009901		100
eas_sweep_structured	tree_truth	20000.0	2	0.11	0.815	0.21782178217821782		100
eas_sweep_structured	tree_truth	20000.0	3	0.15	0.955	0.0594059405940594		100
eas_sweep_structured	tree_truth	20000.0	4	0.19	1.0	0.009900990099009901		100
eas_sweep_structured	tree_truth	20000.0	5	0.09	0.7	0.3465346534653465		100
eas_sweep_structured	tree_truth	20000.0	6	0.11	0.815	0.21782178217821782		100
eas_sweep_structured	tree_truth	20000.0	7	0.16	0.97	0.04950495049504951		100
eas_sweep_structured	tree_truth	20000.0	8	0.11	0.815	0.21782178217821782		100
eas_sweep_structured	tree_truth	20000.0	9	0.11	0.815	0.21782178217821782		100
eas_sweep_structured	tree_truth	20000.0	10	0.36	1.0	0.009900990099009901		100
eas_sweep_structured	tree_truth	20000.0	11	0.15	0.955	0.0594059405940594		100
eas_sweep_structured	tree_truth	20000.0	12	0.36	1.0	0.009900990099009901		100
eas_sweep_structured	tree_truth	20000.0	13	0.5	1.0	0.009900990099009901		100
eas_sweep_structured	tree_truth	20000.0	14	0.34	1.0	0.009900990099009901		100
eas_sweep_structured	tree_truth	20000.0	15	0.23	1.0	0.009900990099009901		100
eas_sweep_structured	tree_truth	20000.0	16	0.5	1.0	0.009900990099009901		100
eas_sweep_structured	tree_truth	20000.0	17	0.23	1.0	0.009900990099009901		100
eas_sweep_structured	tree_truth	20000.0	18	0.2	1.0	0.009900990099009901		100
eas_sweep_structured	tree_truth	20000.0	19	0.11	0.815	0.21782178217821782		100
eas_sweep_structured	tree_truth	20000.0	20	0.23	1.0	0.009900990099009901		100
eas_sweep_structured	tree_truth	20000.0	21	0.31	1.0	0.009900990099009901		100
eas_sweep_structured	tree_truth	20000.0	22	0.19	1.0	0.009900990099009901		100
eas_sweep_structured	tree_truth	20000.0	23	0.25	1.0	0.009900990099009901		100
eas_sweep_structured	tree_truth	20000.0	24	0.09	0.7	0.3465346534653465		100
eas_sweep_structured	tree_truth	20000.0	25	0.25	1.0	0.009900990099009901		100
eas_sweep_structured	tree_truth	20000.0	26	0.17	0.985	0.0297029702970297		100
eas_sweep_structured	tree_truth	20000.0	27	0.24	1.0	0.009900990099009901		100
eas_sweep_structured	tree_truth	20000.0	28	0.15	0.955	0.0594059405940594		100
eas_sweep_structured	tree_truth	20000.0	29	0.4	1.0	0.009900990099009901		100
eas_sweep_structured	tree_truth	20000.0	30	0.15	0.955	0.0594059405940594		100
eas_sweep_structured	tree_truth	20000.0	31	0.19	1.0	0.009900990099009901		100
eas_sweep_structured	tree_truth	20000.0	32	0.18	0.995	0.019801980198019802		100
eas_sweep_structured	tree_truth	20000.0	33	0.14	0.94	0.07920792079207921		100
eas_sweep_structured	tree_truth	20000.0	34	0.23	1.0	0.009900990099009901		100
eas_sweep_structured	tree_truth	20000.0	35	0.19	1.0	0.009900990099009901		100
eas_sweep_structured	tree_truth	20000.0	36	0.29	1.0	0.009900990099009901		100
eas_sweep_structured	tree_truth	20000.0	37	0.28	1.0	0.009900990099009901		100
eas_sweep_structured	tree_truth	20000.0	38	0.16	0.97	0.04950495049504951		100
eas_sweep_structured	tree_truth	20000.0	39	0.25	1.0	0.009900990099009901		100
eas_sweep_structured	tree_truth	20000.0	40	0.27	1.0	0.009900990099009901		100
eas_sweep_structured	tree_truth	20000.0	41	0.17	0.985	0.0297029702970297		100
eas_sweep_structured	tree_truth	20000.0	42	0.21	1.0	0.009900990099009901		100
eas_sweep_structured	tree_truth	20000.0	43	0.13	0.91	0.1188118811881188		100
eas_sweep_structured	tree_truth	20000.0	44	0.17	0.985	0.0297029702970297		100
eas_sweep_structured	tree_truth	20000.0	45	0.17	0.985	0.0297029702970297		100
eas_sweep_structured	tree_truth	20000.0	46	0.25	1.0	0.009900990099009901		100
eas_sweep_structured	tree_truth	20000.0	47	0.18	0.995	0.019801980198019802		100
eas_sweep_structured	tree_truth	20000.0	48	0.2	1.0	0.009900990099009901		100
eas_sweep_structured	tree_truth	20000.0	49	0.28	1.0	0.009900990099009901		100
eas_sweep_structured	tree_truth	20000.0	50	0.14	0.94	0.07920792079207921		100
eas_sweep_structured	tree_truth	20000.0	51	0.19	1.0	0.009900990099009901		100
eas_sweep_structured	tree_truth	20000.0	52	0.34	1.0	0.009900990099009901		100
eas_sweep_structured	tree_truth	20000.0	53	0.34	1.0	0.009900990099009901		100
eas_sweep_structured	tree_truth	20000.0	54	0.24	1.0	0.009900990099009901		100
eas_sweep_structured	tree_truth	20000.0	55	0.15	0.955	0.0594059405940594		100
eas_sweep_structured	tree_truth	20000.0	56	0.28	1.0	0.009900990099009901		100
eas_sweep_structured	tree_truth	20000.0	57	0.21	1.0	0.009900990099009901		100
eas_sweep_structured	tree_truth	20000.0	58	0.18	0.995	0.019801980198019802		100
eas_sweep_structured	tree_truth	20000.0	59	0.23	1.0	0.009900990099009901		100
eas_sweep_structured	tree_truth	20000.0	60	0.35	1.0	0.009900990099009901		100
eas_sweep_structured	tree_truth	20000.0	61	0.27	1.0	0.009900990099009901		100
eas_sweep_structured	tree_truth	20000.0	62	0.09	0.7	0.3465346534653465		100
eas_sweep_structured	tree_truth	20000.0	63	0.23	1.0	0.009900990099009901		100
eas_sweep_structured	tree_truth	20000.0	64	0.18	0.995	0.019801980198019802		100
eas_sweep_structured	tree_truth	20000.0	65	0.52	1.0	0.009900990099009901		100
eas_sweep_structured	tree_truth	20000.0	66	0.19	1.0	0.009900990099009901		100
eas_sweep_structured	tree_truth	20000.0	67	0.2	1.0	0.009900990099009901		100
eas_sweep_structured	tree_truth	20000.0	68	0.11	0.815	0.21782178217821782		100
eas_sweep_structured	tree_truth	20000.0	69	0.23	1.0	0.009900990099009901		100
eas_sweep_structured	tree_truth	20000.0	70	0.15	0.955	0.0594059405940594		100
eas_sweep_structured	tree_truth	20000.0	71	0.28	1.0	0.009900990099009901		100
eas_sweep_structured	tree_truth	20000.0	72	0.22	1.0	0.009900990099009901		100
eas_sweep_structured	tree_truth	20000.0	73	0.32	1.0	0.009900990099009901		100
eas_sweep_structured	tree_truth	20000.0	74	0.13	0.91	0.1188118811881188		100
eas_sweep_structured	tree_truth	20000.0	75	0.27	1.0	0.009900990099009901		100
eas_sweep_structured	tree_truth	20000.0	76	0.15	0.955	0.0594059405940594		100
eas_sweep_structured	tree_truth	20000.0	77	0.13	0.91	0.1188118811881188		100
eas_sweep_structured	tree_truth	20000.0	78	0.09	0.7	0.3465346534653465		100
eas_sweep_structured	tree_truth	20000.0	79	0.15	0.955	0.0594059405940594		100
eas_sweep_structured	tree_truth	20000.0	80	0.18	0.995	0.019801980198019802		100
eas_sweep_structured	tree_truth	20000.0	81	0.25	1.0	0.009900990099009901		100
eas_sweep_structured	tree_truth	20000.0	82	0.4	1.0	0.009900990099009901		100
eas_sweep_structured	tree_truth	20000.0	83	0.11	0.815	0.21782178217821782		100
eas_sweep_structured	tree_truth	20000.0	84	0.15	0.955	0.0594059405940594		100
eas_sweep_structured	tree_truth	20000.0	85	0.26	1.0	0.009900990099009901		100
eas_sweep_structured	tree_truth	20000.0	86	0.15	0.955	0.0594059405940594		100
eas_sweep_structured	tree_truth	20000.0	87	0.19	1.0	0.009900990099009901		100
eas_sweep_structured	tree_truth	20000.0	88	0.25	1.0	0.009900990099009901		100
eas_sweep_structured	tree_truth	20000.0	89	0.23	1.0	0.009900990099009901		100
eas_sweep_structured	tree_truth	20000.0	90	0.17	0.985	0.0297029702970297		100
eas_sweep_structured	tree_truth	20000.0	91	0.2	1.0	0.009900990099009901		100
eas_sweep_structured	tree_truth	20000.0	92	0.15	0.955	0.0594059405940594		100
eas_sweep_structured	tree_truth	20000.0	93	0.26	1.0	0.009900990099009901		100
eas_sweep_structured	tree_truth	20000.0	94	0.33	1.0	0.009900990099009901		100
eas_sweep_structured	tree_truth	20000.0	95	0.21	1.0	0.009900990099009901		100
eas_sweep_structured	tree_truth	20000.0	96	0.35	1.0	0.009900990099009901		100
eas_sweep_structured	tree_truth	20000.0	97	0.23	1.0	0.009900990099009901		100
eas_sweep_structured	tree_truth	20000.0	98	0.13	0.91	0.1188118811881188		100
eas_sweep_structured	tree_truth	20000.0	99	0.2	1.0	0.009900990099009901		100
eas_sweep_structured	tree_truth	30000.0	0	0.44	1.0	0.009900990099009901		100
eas_sweep_structured	tree_truth	30000.0	1	0.46	1.0	0.009900990099009901		100
eas_sweep_structured	tree_truth	30000.0	2	0.24	0.97	0.039603960396039604		100
eas_sweep_structured	tree_truth	30000.0	3	0.53	1.0	0.009900990099009901		100
eas_sweep_structured	tree_truth	30000.0	4	0.19	0.94	0.0891089108910891		100
eas_sweep_structured	tree_truth	30000.0	5	0.26	0.97	0.039603960396039604		100
eas_sweep_structured	tree_truth	30000.0	6	0.2	0.96	0.04950495049504951		100
eas_sweep_structured	tree_truth	30000.0	7	0.64	1.0	0.009900990099009901		100
eas_sweep_structured	tree_truth	30000.0	8	0.19	0.94	0.0891089108910891		100
eas_sweep_structured	tree_truth	30000.0	9	0.25	0.97	0.039603960396039604		100
eas_sweep_structured	tree_truth	30000.0	10	0.63	1.0	0.009900990099009901		100
eas_sweep_structured	tree_truth	30000.0	11	0.48	1.0	0.009900990099009901		100
eas_sweep_structured	tree_truth	30000.0	12	0.51	1.0	0.009900990099009901		100
eas_sweep_structured	tree_truth	30000.0	13	0.51	1.0	0.009900990099009901		100
eas_sweep_structured	tree_truth	30000.0	14	0.36	1.0	0.009900990099009901		100
eas_sweep_structured	tree_truth	30000.0	15	0.31	1.0	0.009900990099009901		100
eas_sweep_structured	tree_truth	30000.0	16	0.5	1.0	0.009900990099009901		100
eas_sweep_structured	tree_truth	30000.0	17	0.25	0.97	0.039603960396039604		100
eas_sweep_structured	tree_truth	30000.0	18	0.21	0.965	0.04950495049504951		100
eas_sweep_structured	tree_truth	30000.0	19	0.34	1.0	0.009900990099009901		100
eas_sweep_structured	tree_truth	30000.0	20	0.61	1.0	0.009900990099009901		100
eas_sweep_structured	tree_truth	30000.0	21	0.51	1.0	0.009900990099009901		100
eas_sweep_structured	tree_truth	30000.0	22	0.44	1.0	0.009900990099009901		100
eas_sweep_structured	tree_truth	30000.0	23	0.32	1.0	0.009900990099009901		100
eas_sweep_structured	tree_truth	30000.0	24	0.16	0.84	0.19801980198019803		100
eas_sweep_structured	tree_truth	30000.0	25	0.25	0.97	0.039603960396039604		100
eas_sweep_structured	tree_truth	30000.0	26	0.36	1.0	0.009900990099009901		100
eas_sweep_structured	tree_truth	30000.0	27	0.35	1.0	0.009900990099009901		100
eas_sweep_structured	tree_truth	30000.0	28	0.3	1.0	0.009900990099009901		100
eas_sweep_structured	tree_truth	30000.0	29	0.41	1.0	0.009900990099009901		100
eas_sweep_structured	tree_truth	30000.0	30	0.2	0.96	0.04950495049504951		100
eas_sweep_structured	tree_truth	30000.0	31	0.22	0.97	0.039603960396039604		100
eas_sweep_structured	tree_truth	30000.0	32	0.28	0.995	0.019801980198019802		100
eas_sweep_structured	tree_truth	30000.0	33	0.14	0.755	0.2871287128712871		100
eas_sweep_structured	tree_truth	30000.0	34	0.32	1.0	0.009900990099009901		100
eas_sweep_structured	tree_truth	30000.0	35	0.29	1.0	0.009900990099009901		100
eas_sweep_structured	tree_truth	30000.0	36	0.33	1.0	0.009900990099009901		100
eas_sweep_structured	tree_truth	30000.0	37	0.46	1.0	0.009900990099009901		100
eas_sweep_structured	tree_truth	30000.0	38	0.28	0.995	0.019801980198019802		100
eas_sweep_structured	tree_truth	30000.0	39	0.25	0.97	0.039603960396039604		100
eas_sweep_structured	tree_truth	30000.0	40	0.27	0.98	0.039603960396039604		100
eas_sweep_structured	tree_truth	30000.0	41	0.19	0.94	0.0891089108910891		100
eas_sweep_structured	tree_truth	30000.0	42	0.48	1.0	0.009900990099009901		100
eas_sweep_structured	tree_truth	30000.0	43	0.19	0.94	0.0891089108910891		100
eas_sweep_structured	tree_truth	30000.0	44	0.23	0.97	0.039603960396039604		100
eas_sweep_structured	tree_truth	30000.0	45	0.17	0.88	0.13861386138613863		100
eas_sweep_structured	tree_truth	30000.0	46	0.52	1.0	0.009900990099009901		100
eas_sweep_structured	tree_truth	30000.0	47	0.18	0.905	0.1188118811881188		100
eas_sweep_structured	tree_truth	30000.0	48	0.27	0.98	0.039603960396039604		100
eas_sweep_structured	tree_truth	30000.0	49	0.35	1.0	0.009900990099009901		100
eas_sweep_structured	tree_truth	30000.0	50	0.38	1.0	0.009900990099009901		100
eas_sweep_structured	tree_truth	30000.0	51	0.37	1.0	0.009900990099009901		100
eas_sweep_structured	tree_truth	30000.0	52	0.36	1.0	0.009900990099009901		100
eas_sweep_structured	tree_truth	30000.0	53	0.4	1.0	0.009900990099009901		100
eas_sweep_structured	tree_truth	30000.0	54	0.29	1.0	0.009900990099009901		100
eas_sweep_structured	tree_truth	30000.0	55	0.4	1.0	0.009900990099009901		100
eas_sweep_structured	tree_truth	30000.0	56	0.28	0.995	0.019801980198019802		100
eas_sweep_structured	tree_truth	30000.0	57	0.26	0.97	0.039603960396039604		100
eas_sweep_structured	tree_truth	30000.0	58	0.28	0.995	0.019801980198019802		100
eas_sweep_structured	tree_truth	30000.0	59	0.23	0.97	0.039603960396039604		100
eas_sweep_structured	tree_truth	30000.0	60	0.35	1.0	0.009900990099009901		100
eas_sweep_structured	tree_truth	30000.0	61	0.27	0.98	0.039603960396039604		100
eas_sweep_structured	tree_truth	30000.0	62	0.19	0.94	0.0891089108910891		100
eas_sweep_structured	tree_truth	30000.0	63	0.23	0.97	0.039603960396039604		100
eas_sweep_structured	tree_truth	30000.0	64	0.19	0.94	0.0891089108910891		100
eas_sweep_structured	tree_truth	30000.0	65	0.52	1.0	0.009900990099009901		100
eas_sweep_structured	tree_truth	30000.0	66	0.25	0.97	0.039603960396039604		100
eas_sweep_structured	tree_truth	30000.0	67	0.23	0.97	0.039603960396039604		100
eas_sweep_structured	tree_truth	30000.0	68	0.31	1.0	0.009900990099009901		100
eas_sweep_structured	tree_truth	30000.0	69	0.6	1.0	0.009900990099009901		100
eas_sweep_structured	tree_truth	30000.0	70	0.44	1.0	0.009900990099009901		100
eas_sweep_structured	tree_truth	30000.0	71	0.5	1.0	0.009900990099009901		100
eas_sweep_structured	tree_truth	30000.0	72	0.32	1.0	0.009900990099009901		100
eas_sweep_structured	tree_truth	30000.0	73	0.42	1.0	0.009900990099009901		100
eas_sweep_structured	tree_truth	30000.0	74	0.14	0.755	0.2871287128712871		100
eas_sweep_structured	tree_truth	30000.0	75	0.27	0.98	0.039603960396039604		100
eas_sweep_structured	tree_truth	30000.0	76	0.19	0.94	0.0891089108910891		100
eas_sweep_structured	tree_truth	30000.0	77	0.21	0.965	0.04950495049504951		100
eas_sweep_structured	tree_truth	30000.0	78	0.3	1.0	0.009900990099009901		100
eas_sweep_structured	tree_truth	30000.0	79	0.46	1.0	0.009900990099009901		100
eas_sweep_structured	tree_truth	30000.0	80	0.39	1.0	0.009900990099009901		100
eas_sweep_structured	tree_truth	30000.0	81	0.33	1.0	0.009900990099009901		100
eas_sweep_structured	tree_truth	30000.0	82	0.59	1.0	0.009900990099009901		100
eas_sweep_structured	tree_truth	30000.0	83	0.18	0.905	0.1188118811881188		100
eas_sweep_structured	tree_truth	30000.0	84	0.2	0.96	0.04950495049504951		100
eas_sweep_structured	tree_truth	30000.0	85	0.27	0.98	0.039603960396039604		100
eas_sweep_structured	tree_truth	30000.0	86	0.19	0.94	0.0891089108910891		100
eas_sweep_structured	tree_truth	30000.0	87	0.2	0.96	0.04950495049504951		100
eas_sweep_structured	tree_truth	30000.0	88	0.28	0.995	0.019801980198019802		100
eas_sweep_structured	tree_truth	30000.0	89	0.25	0.97	0.039603960396039604		100
eas_sweep_structured	tree_truth	30000.0	90	0.53	1.0	0.009900990099009901		100
eas_sweep_structured	tree_truth	30000.0	91	0.27	0.98	0.039603960396039604		100
eas_sweep_structured	tree_truth	30000.0	92	0.15	0.8	0.21782178217821782		100
eas_sweep_structured	tree_truth	30000.0	93	0.41	1.0	0.009900990099009901		100
eas_sweep_structured	tree_truth	30000.0	94	0.35	1.0	0.009900990099009901		100
eas_sweep_structured	tree_truth	30000.0	95	0.42	1.0	0.009900990099009901		100
eas_sweep_structured	tree_truth	30000.0	96	0.48	1.0	0.009900990099009901		100
eas_sweep_structured	tree_truth	30000.0	97	0.45	1.0	0.009900990099009901		100
eas_sweep_structured	tree_truth	30000.0	98	0.38	1.0	0.009900990099009901		100
eas_sweep_structured	tree_truth	30000.0	99	0.63	1.0	0.009900990099009901		100
eas_sweep_structured	tree_truth	40000.0	0	0.44	1.0	0.009900990099009901		100
eas_sweep_structured	tree_truth	40000.0	1	0.46	1.0	0.009900990099009901		100
eas_sweep_structured	tree_truth	40000.0	2	0.25	0.94	0.07920792079207921		100
eas_sweep_structured	tree_truth	40000.0	3	0.53	1.0	0.009900990099009901		100
eas_sweep_structured	tree_truth	40000.0	4	0.22	0.86	0.16831683168316833		100
eas_sweep_structured	tree_truth	40000.0	5	0.26	0.955	0.0594059405940594		100
eas_sweep_structured	tree_truth	40000.0	6	0.23	0.895	0.12871287128712872		100
eas_sweep_structured	tree_truth	40000.0	7	0.64	1.0	0.009900990099009901		100
eas_sweep_structured	tree_truth	40000.0	8	0.22	0.86	0.16831683168316833		100
eas_sweep_structured	tree_truth	40000.0	9	0.56	1.0	0.009900990099009901		100
eas_sweep_structured	tree_truth	40000.0	10	0.72	1.0	0.009900990099009901		100
eas_sweep_structured	tree_truth	40000.0	11	0.57	1.0	0.009900990099009901		100
eas_sweep_structured	tree_truth	40000.0	12	0.52	1.0	0.009900990099009901		100
eas_sweep_structured	tree_truth	40000.0	13	0.56	1.0	0.009900990099009901		100
eas_sweep_structured	tree_truth	40000.0	14	0.37	1.0	0.009900990099009901		100
eas_sweep_structured	tree_truth	40000.0	15	0.38	1.0	0.009900990099009901		100
eas_sweep_structured	tree_truth	40000.0	16	0.5	1.0	0.009900990099009901		100
eas_sweep_structured	tree_truth	40000.0	17	0.33	0.995	0.019801980198019802		100
eas_sweep_structured	tree_truth	40000.0	18	0.21	0.83	0.18811881188118812		100
eas_sweep_structured	tree_truth	40000.0	19	0.37	1.0	0.009900990099009901		100
eas_sweep_structured	tree_truth	40000.0	20	0.61	1.0	0.009900990099009901		100
eas_sweep_structured	tree_truth	40000.0	21	0.51	1.0	0.009900990099009901		100
eas_sweep_structured	tree_truth	40000.0	22	0.53	1.0	0.009900990099009901		100
eas_sweep_structured	tree_truth	40000.0	23	0.42	1.0	0.009900990099009901		100
eas_sweep_structured	tree_truth	40000.0	24	0.2	0.805	0.21782178217821782		100
eas_sweep_structured	tree_truth	40000.0	25	0.25	0.94	0.07920792079207921		100
eas_sweep_structured	tree_truth	40000.0	26	0.36	1.0	0.009900990099009901		100
eas_sweep_structured	tree_truth	40000.0	27	0.39	1.0	0.009900990099009901		100
eas_sweep_structured	tree_truth	40000.0	28	0.35	1.0	0.009900990099009901		100
eas_sweep_structured	tree_truth	40000.0	29	0.5	1.0	0.009900990099009901		100
eas_sweep_structured	tree_truth	40000.0	30	0.22	0.86	0.16831683168316833		100
eas_sweep_structured	tree_truth	40000.0	31	0.35	1.0	0.009900990099009901		100
eas_sweep_structured	tree_truth	40000.0	32	0.28	0.97	0.039603960396039604		100
eas_sweep_structured	tree_truth	40000.0	33	0.14	0.415	0.6237623762376238		100
eas_sweep_structured	tree_truth	40000.0	34	0.32	0.99	0.019801980198019802		100
eas_sweep_structured	tree_truth	40000.0	35	0.3	0.985	0.0297029702970297		100
eas_sweep_structured	tree_truth	40000.0	36	0.33	0.995	0.019801980198019802		100
eas_sweep_structured	tree_truth	40000.0	37	0.46	1.0	0.009900990099009901		100
eas_sweep_structured	tree_truth	40000.0	38	0.28	0.97	0.039603960396039604		100
eas_sweep_structured	tree_truth	40000.0	39	0.29	0.975	0.039603960396039604		100
eas_sweep_structured	tree_truth	40000.0	40	0.28	0.97	0.039603960396039604		100
eas_sweep_structured	tree_truth	40000.0	41	0.2	0.805	0.21782178217821782		100
eas_sweep_structured	tree_truth	40000.0	42	0.49	1.0	0.009900990099009901		100
eas_sweep_structured	tree_truth	40000.0	43	0.47	1.0	0.009900990099009901		100
eas_sweep_structured	tree_truth	40000.0	44	0.25	0.94	0.07920792079207921		100
eas_sweep_structured	tree_truth	40000.0	45	0.18	0.705	0.32673267326732675		100
eas_sweep_structured	tree_truth	40000.0	46	0.52	1.0	0.009900990099009901		100
eas_sweep_structured	tree_truth	40000.0	47	0.23	0.895	0.12871287128712872		100
eas_sweep_structured	tree_truth	40000.0	48	0.33	0.995	0.019801980198019802		100
eas_sweep_structured	tree_truth	40000.0	49	0.39	1.0	0.009900990099009901		100
eas_sweep_structured	tree_truth	40000.0	50	0.39	1.0	0.009900990099009901		100
eas_sweep_structured	tree_truth	40000.0	51	0.49	1.0	0.009900990099009901		100
eas_sweep_structured	tree_truth	40000.0	52	0.41	1.0	0.009900990099009901		100
eas_sweep_structured	tree_truth	40000.0	53	0.41	1.0	0.009900990099009901		100
eas_sweep_structured	tree_truth	40000.0	54	0.31	0.99	0.019801980198019802		100
eas_sweep_structured	tree_truth	40000.0	55	0.4	1.0	0.009900990099009901		100
eas_sweep_structured	tree_truth	40000.0	56	0.32	0.99	0.019801980198019802		100
eas_sweep_structured	tree_truth	40000.0	57	0.29	0.975	0.039603960396039604		100
eas_sweep_structured	tree_truth	40000.0	58	0.53	1.0	0.009900990099009901		100
eas_sweep_structured	tree_truth	40000.0	59	0.41	1.0	0.009900990099009901		100
eas_sweep_structured	tree_truth	40000.0	60	0.47	1.0	0.009900990099009901		100
eas_sweep_structured	tree_truth	40000.0	61	0.27	0.965	0.04950495049504951		100
eas_sweep_structured	tree_truth	40000.0	62	0.19	0.76	0.27722772277227725		100
eas_sweep_structured	tree_truth	40000.0	63	0.27	0.965	0.04950495049504951		100
eas_sweep_structured	tree_truth	40000.0	64	0.36	1.0	0.009900990099009901		100
eas_sweep_structured	tree_truth	40000.0	65	0.52	1.0	0.009900990099009901		100
eas_sweep_structured	tree_truth	40000.0	66	0.53	1.0	0.009900990099009901		100
eas_sweep_structured	tree_truth	40000.0	67	0.25	0.94	0.07920792079207921		100
eas_sweep_structured	tree_truth	40000.0	68	0.33	0.995	0.019801980198019802		100
eas_sweep_structured	tree_truth	40000.0	69	0.6	1.0	0.009900990099009901		100
eas_sweep_structured	tree_truth	40000.0	70	0.49	1.0	0.009900990099009901		100
eas_sweep_structured	tree_truth	40000.0	71	0.5	1.0	0.009900990099009901		100
eas_sweep_structured	tree_truth	40000.0	72	0.34	1.0	0.009900990099009901		100
eas_sweep_structured	tree_truth	40000.0	73	0.44	1.0	0.009900990099009901		100
eas_sweep_structured	tree_truth	40000.0	74	0.18	0.705	0.32673267326732675		100
eas_sweep_structured	tree_truth	40000.0	75	0.27	0.965	0.04950495049504951		100
eas_sweep_structured	tree_truth	40000.0	76	0.21	0.83	0.18811881188118812		100
eas_sweep_structured	tree_truth	40000.0	77	0.66	1.0	0.009900990099009901		100
eas_sweep_structured	tree_truth	40000.0	78	0.31	0.99	0.019801980198019802		100
eas_sweep_structured	tree_truth	40000.0	79	0.46	1.0	0.009900990099009901		100
eas_sweep_structured	tree_truth	40000.0	80	0.43	1.0	0.009900990099009901		100
eas_sweep_structured	tree_truth	40000.0	81	0.36	1.0	0.009900990099009901		100
eas_sweep_structured	tree_truth	40000.0	82	0.59	1.0	0.009900990099009901		100
eas_sweep_structured	tree_truth	40000.0	83	0.37	1.0	0.009900990099009901		100
eas_sweep_structured	tree_truth	40000.0	84	0.21	0.83	0.18811881188118812		100
eas_sweep_structured	tree_truth	40000.0	85	0.28	0.97	0.039603960396039604		100
eas_sweep_structured	tree_truth	40000.0	86	0.23	0.895	0.12871287128712872		100
eas_sweep_structured	tree_truth	40000.0	87	0.2	0.805	0.21782178217821782		100
eas_sweep_structured	tree_truth	40000.0	88	0.28	0.97	0.039603960396039604		100
eas_sweep_structured	tree_truth	40000.0	89	0.25	0.94	0.07920792079207921		100
eas_sweep_structured	tree_truth	40000.0	90	0.53	1.0	0.009900990099009901		100
eas_sweep_structured	tree_truth	40000.0	91	0.45	1.0	0.009900990099009901		100
eas_sweep_structured	tree_truth	40000.0	92	0.17	0.625	0.43564356435643564		100
eas_sweep_structured	tree_truth	40000.0	93	0.43	1.0	0.009900990099009901		100
eas_sweep_structured	tree_truth	40000.0	94	0.5	1.0	0.009900990099009901		100
eas_sweep_structured	tree_truth	40000.0	95	0.44	1.0	0.009900990099009901		100
eas_sweep_structured	tree_truth	40000.0	96	0.48	1.0	0.009900990099009901		100
eas_sweep_structured	tree_truth	40000.0	97	0.49	1.0	0.009900990099009901		100
eas_sweep_structured	tree_truth	40000.0	98	0.38	1.0	0.009900990099009901		100
eas_sweep_structured	tree_truth	40000.0	99	0.64	1.0	0.009900990099009901		100
eas_sweep_structured	tree_truth	50000.0	0	0.44	0.98	0.0297029702970297		100
eas_sweep_structured	tree_truth	50000.0	1	0.51	0.99	0.019801980198019802		100
eas_sweep_structured	tree_truth	50000.0	2	0.29	0.855	0.15841584158415842		100
eas_sweep_structured	tree_truth	50000.0	3	0.71	1.0	0.009900990099009901		100
eas_sweep_structured	tree_truth	50000.0	4	0.22	0.585	0.45544554455445546		100
eas_sweep_structured	tree_truth	50000.0	5	0.38	0.97	0.039603960396039604		100
eas_sweep_structured	tree_truth	50000.0	6	0.27	0.81	0.21782178217821782		100
eas_sweep_structured	tree_truth	50000.0	7	0.65	1.0	0.009900990099009901		100
eas_sweep_structured	tree_truth	50000.0	8	0.22	0.585	0.45544554455445546		100
eas_sweep_structured	tree_truth	50000.0	9	0.57	0.99	0.019801980198019802		100
eas_sweep_structured	tree_truth	50000.0	10	0.72	1.0	0.009900990099009901		100
eas_sweep_structured	tree_truth	50000.0	11	0.57	0.99	0.019801980198019802		100
eas_sweep_structured	tree_truth	50000.0	12	0.52	0.99	0.019801980198019802		100
eas_sweep_structured	tree_truth	50000.0	13	0.56	0.99	0.019801980198019802		100
eas_sweep_structured	tree_truth	50000.0	14	0.37	0.97	0.039603960396039604		100
eas_sweep_structured	tree_truth	50000.0	15	0.38	0.97	0.039603960396039604		100
eas_sweep_structured	tree_truth	50000.0	16	0.5	0.99	0.019801980198019802		100
eas_sweep_structured	tree_truth	50000.0	17	0.33	0.935	0.07920792079207921		100
eas_sweep_structured	tree_truth	50000.0	18	0.26	0.77	0.25742574257425743		100
eas_sweep_structured	tree_truth	50000.0	19	0.37	0.97	0.039603960396039604		100
eas_sweep_structured	tree_truth	50000.0	20	0.61	1.0	0.009900990099009901		100
eas_sweep_structured	tree_truth	50000.0	21	0.51	0.99	0.019801980198019802		100
eas_sweep_structured	tree_truth	50000.0	22	0.53	0.99	0.019801980198019802		100
eas_sweep_structured	tree_truth	50000.0	23	0.42	0.98	0.0297029702970297		100
eas_sweep_structured	tree_truth	50000.0	24	0.23	0.655	0.38613861386138615		100
eas_sweep_structured	tree_truth	50000.0	25	0.26	0.77	0.25742574257425743		100
eas_sweep_structured	tree_truth	50000.0	26	0.36	0.965	0.04950495049504951		100
eas_sweep_structured	tree_truth	50000.0	27	0.39	0.97	0.039603960396039604		100
eas_sweep_structured	tree_truth	50000.0	28	0.76	1.0	0.009900990099009901		100
eas_sweep_structured	tree_truth	50000.0	29	0.53	0.99	0.019801980198019802		100
eas_sweep_structured	tree_truth	50000.0	30	0.23	0.655	0.38613861386138615		100
eas_sweep_structured	tree_truth	50000.0	31	0.36	0.965	0.04950495049504951		100
eas_sweep_structured	tree_truth	50000.0	32	0.39	0.97	0.039603960396039604		100
eas_sweep_structured	tree_truth	50000.0	33	0.16	0.255	0.7821782178217822		100
eas_sweep_structured	tree_truth	50000.0	34	0.32	0.91	0.1188118811881188		100
eas_sweep_structured	tree_truth	50000.0	35	0.36	0.965	0.04950495049504951		100
eas_sweep_structured	tree_truth	50000.0	36	0.6	1.0	0.009900990099009901		100
eas_sweep_structured	tree_truth	50000.0	37	0.48	0.985	0.0297029702970297		100
eas_sweep_structured	tree_truth	50000.0	38	0.29	0.855	0.15841584158415842		100
eas_sweep_structured	tree_truth	50000.0	39	0.35	0.96	0.04950495049504951		100
eas_sweep_structured	tree_truth	50000.0	40	0.36	0.965	0.04950495049504951		100
eas_sweep_structured	tree_truth	50000.0	41	0.2	0.45	0.5841584158415841		100
eas_sweep_structured	tree_truth	50000.0	42	0.51	0.99	0.019801980198019802		100
eas_sweep_structured	tree_truth	50000.0	43	0.57	0.99	0.019801980198019802		100
eas_sweep_structured	tree_truth	50000.0	44	0.25	0.73	0.297029702970297		100
eas_sweep_structured	tree_truth	50000.0	45	0.21	0.515	0.5247524752475248		100
eas_sweep_structured	tree_truth	50000.0	46	0.52	0.99	0.019801980198019802		100
eas_sweep_structured	tree_truth	50000.0	47	0.4	0.97	0.039603960396039604		100
eas_sweep_structured	tree_truth	50000.0	48	0.37	0.97	0.039603960396039604		100
eas_sweep_structured	tree_truth	50000.0	49	0.39	0.97	0.039603960396039604		100
eas_sweep_structured	tree_truth	50000.0	50	0.41	0.975	0.039603960396039604		100
eas_sweep_structured	tree_truth	50000.0	51	0.49	0.99	0.019801980198019802		100
eas_sweep_structured	tree_truth	50000.0	52	0.41	0.975	0.039603960396039604		100
eas_sweep_structured	tree_truth	50000.0	53	0.42	0.98	0.0297029702970297		100
eas_sweep_structured	tree_truth	50000.0	54	0.31	0.885	0.12871287128712872		100
eas_sweep_structured	tree_truth	50000.0	55	0.4	0.97	0.039603960396039604		100
eas_sweep_structured	tree_truth	50000.0	56	0.4	0.97	0.039603960396039604		100
eas_sweep_structured	tree_truth	50000.0	57	0.29	0.855	0.15841584158415842		100
eas_sweep_structured	tree_truth	50000.0	58	0.53	0.99	0.019801980198019802		100
eas_sweep_structured	tree_truth	50000.0	59	0.41	0.975	0.039603960396039604		100
eas_sweep_structured	tree_truth	50000.0	60	0.47	0.98	0.0297029702970297		100
eas_sweep_structured	tree_truth	50000.0	61	0.34	0.95	0.06930693069306931		100
eas_sweep_structured	tree_truth	50000.0	62	0.27	0.81	0.21782178217821782		100
eas_sweep_structured	tree_truth	50000.0	63	0.29	0.855	0.15841584158415842		100
eas_sweep_structured	tree_truth	50000.0	64	0.55	0.99	0.019801980198019802		100
eas_sweep_structured	tree_truth	50000.0	65	0.52	0.99	0.019801980198019802		100
eas_sweep_structured	tree_truth	50000.0	66	0.53	0.99	0.019801980198019802		100
eas_sweep_structured	tree_truth	50000.0	67	0.25	0.73	0.297029702970297		100
eas_sweep_structured	tree_truth	50000.0	68	0.33	0.935	0.07920792079207921		100
eas_sweep_structured	tree_truth	50000.0	69	0.6	1.0	0.009900990099009901		100
eas_sweep_structured	tree_truth	50000.0	70	0.5	0.99	0.019801980198019802		100
eas_sweep_structured	tree_truth	50000.0	71	0.5	0.99	0.019801980198019802		100
eas_sweep_structured	tree_truth	50000.0	72	0.34	0.95	0.06930693069306931		100
eas_sweep_structured	tree_truth	50000.0	73	0.44	0.98	0.0297029702970297		100
eas_sweep_structured	tree_truth	50000.0	74	0.19	0.4	0.6237623762376238		100
eas_sweep_structured	tree_truth	50000.0	75	0.32	0.91	0.1188118811881188		100
eas_sweep_structured	tree_truth	50000.0	76	0.21	0.515	0.5247524752475248		100
eas_sweep_structured	tree_truth	50000.0	77	0.66	1.0	0.009900990099009901		100
eas_sweep_structured	tree_truth	50000.0	78	0.32	0.91	0.1188118811881188		100
eas_sweep_structured	tree_truth	50000.0	79	0.46	0.98	0.0297029702970297		100
eas_sweep_structured	tree_truth	50000.0	80	0.43	0.98	0.0297029702970297		100
eas_sweep_structured	tree_truth	50000.0	81	0.4	0.97	0.039603960396039604		100
eas_sweep_structured	tree_truth	50000.0	82	0.6	1.0	0.009900990099009901		100
eas_sweep_structured	tree_truth	50000.0	83	0.5	0.99	0.019801980198019802		100
eas_sweep_structured	tree_truth	50000.0	84	0.21	0.515	0.5247524752475248		100
eas_sweep_structured	tree_truth	50000.0	85	0.28	0.84	0.1782178217821782		100
eas_sweep_structured	tree_truth	50000.0	86	0.28	0.84	0.1782178217821782		100
eas_sweep_structured	tree_truth	50000.0	87	0.29	0.855	0.15841584158415842		100
eas_sweep_structured	tree_truth	50000.0	88	0.3	0.87	0.1485148514851485		100
eas_sweep_structured	tree_truth	50000.0	89	0.27	0.81	0.21782178217821782		100
eas_sweep_structured	tree_truth	50000.0	90	0.55	0.99	0.019801980198019802		100
eas_sweep_structured	tree_truth	50000.0	91	0.45	0.98	0.0297029702970297		100
eas_sweep_structured	tree_truth	50000.0	92	0.19	0.4	0.6237623762376238		100
eas_sweep_structured	tree_truth	50000.0	93	0.43	0.98	0.0297029702970297		100
eas_sweep_structured	tree_truth	50000.0	94	0.5	0.99	0.019801980198019802		100
eas_sweep_structured	tree_truth	50000.0	95	0.45	0.98	0.0297029702970297		100
eas_sweep_structured	tree_truth	50000.0	96	0.48	0.985	0.0297029702970297		100
eas_sweep_structured	tree_truth	50000.0	97	0.5	0.99	0.019801980198019802		100
eas_sweep_structured	tree_truth	50000.0	98	0.4	0.97	0.039603960396039604		100
eas_sweep_structured	tree_truth	50000.0	99	0.65	1.0	0.009900990099009901		100
