attempt	seed	accepted	focal_allele_outcome	population_allele_frequency	ancestry_seconds	slim_seconds
0	930777	False	lost	0.0	7.6030000002447196e-06	0.5412573159999852
1	930787	False	lost	0.0	8.967000013626603e-06	0.5238828740000088
2	930797	False	lost	0.0	8.555999983173024e-06	0.5236712030000206
3	930807	False	lost	0.0	1.0250000002542947e-05	0.5201101879999896
4	930817	False	lost	0.0	7.642000014129735e-06	0.522751817999989
5	930827	False	lost	0.0	7.992999996986327e-06	0.5770764700000086
6	930837	False	lost	0.0	1.0089999989304488e-05	0.5752846919999968
7	930847	False	lost	0.0	7.320999998228217e-06	0.5447595040000124
8	930857	False	lost	0.0	4.168300000628733e-05	0.5720521769999891
9	930867	False	lost	0.0	2.5284999992436497e-05	0.5249112600000103
10	930877	False	lost	0.0	1.788299999816445e-05	0.5629908479999983
11	930887	False	segregating	0.034025	1.672000001917695e-05	2.936971975000006
12	930897	False	segregating	0.0374	1.6438000017160448e-05	2.9464416099999937
13	930907	False	lost	0.0	2.0419999998466665e-05	0.5764505049999968
14	930917	False	lost	0.0	2.3429999998825224e-05	0.5278133939999918
15	930927	False	lost	0.0	2.2586999989471224e-05	0.5090231290000133
16	930937	False	lost	0.0	1.5044000008401781e-05	0.5447675400000094
17	930947	False	lost	0.0	2.497400001288952e-05	0.5145243979999918
18	930957	False	lost	0.0	1.1814999993475794e-05	0.5154949509999938
19	930967	False	lost	0.0	1.4723999981924862e-05	0.5431210739999983
20	930977	False	lost	0.0	8.041000000957865e-06	0.5361917949999793
21	930987	False	lost	0.0	8.011000005581081e-06	0.5214937180000163
22	930997	False	lost	0.0	7.078999999521329e-06	0.5495416859999978
23	931007	False	segregating	0.010225	6.9079999889254395e-06	2.780329753000018
24	931017	False	lost	0.0	9.986000009121199e-06	0.5187758570000085
25	931027	False	lost	0.0	1.0137000003851426e-05	0.49566126300001656
26	931037	False	lost	0.0	1.6283000007888404e-05	0.555147470999998
27	931047	False	lost	0.0	7.390000007490016e-06	0.5086312530000043
28	931057	False	lost	0.0	1.2873999992280005e-05	0.5079800350000028
29	931067	False	lost	0.0	1.1048999994045516e-05	0.5180055220000099
30	931077	False	lost	0.0	4.177099998514677e-05	0.4834272589999955
31	931087	False	lost	0.0	1.2042000008705145e-05	0.5084771209999985
32	931097	False	lost	0.0	1.9211000022778535e-05	0.5033660349999991
33	931107	False	lost	0.0	2.2399000016548598e-05	0.5301890730000025
34	931117	False	lost	0.0	1.8037000018011895e-05	0.4749625139999978
35	931127	False	lost	0.0	1.0639000009859956e-05	0.7816249669999991
36	931137	False	lost	0.0	2.2229000023799017e-05	0.5173347410000133
37	931147	False	lost	0.0	1.5802000007170136e-05	0.498341699000008
38	931157	False	lost	0.0	2.6781000002529254e-05	0.5083978929999944
39	931167	False	lost	0.0	1.5620999988641415e-05	0.5057050190000041
40	931177	False	lost	0.0	1.4948000000458705e-05	0.5160747179999987
41	931187	False	lost	0.0	1.0857000006581075e-05	0.4827839250000068
42	931197	False	lost	0.0	9.023000018260063e-06	0.5052810050000005
43	931207	False	lost	0.0	1.0164999991957302e-05	0.570004573999995
44	931217	False	lost	0.0	8.090000022775712e-06	0.49532841500001723
45	931227	False	lost	0.0	7.960000004914036e-06	0.4960913449999964
46	931237	False	lost	0.0	8.781999980556066e-06	0.5045533820000117
47	931247	False	lost	0.0	9.292999976651117e-06	0.48064188099999683
48	931257	False	lost	0.0	1.2631000004148518e-05	0.5004101129999867
49	931267	False	lost	0.0	1.2722000008125178e-05	0.5082426870000063
50	931277	False	segregating	0.071075	1.1639000007335198e-05	2.8233391109999957
51	931287	False	lost	0.0	1.097699998808821e-05	0.5110745140000006
52	931297	False	lost	0.0	1.7965000012054588e-05	0.4967040170000132
53	931307	False	lost	0.0	1.0295999999243577e-05	0.4808744149999882
54	931317	False	lost	0.0	1.7514000006713104e-05	0.4966916500000025
55	931327	False	lost	0.0	1.4746999994486032e-05	0.5103194620000124
56	931337	False	segregating	0.0768	1.707300000930445e-05	2.9028019099999938
57	931347	False	lost	0.0	1.1709999995446196e-05	0.5101983350000125
58	931357	False	lost	0.0	1.9199000007574796e-05	0.49274928500000215
59	931367	False	lost	0.0	1.888700001018151e-05	1.140328736000015
60	931377	False	lost	0.0	1.0854000009885567e-05	0.4984540589999824
61	931387	False	lost	0.0	9.261000002425135e-06	0.4723207410000043
62	931397	False	lost	0.0	1.2236999992865094e-05	0.5416821499999855
63	931407	False	lost	0.0	1.162600000270686e-05	0.518921186
64	931417	False	lost	0.0	9.400999999797932e-06	0.5412809740000171
65	931427	False	lost	0.0	1.3078999984372786e-05	0.5365721569999948
66	931437	False	lost	0.0	1.2589000021989705e-05	0.5079182800000126
67	931447	False	lost	0.0	2.1629000002576504e-05	0.5094494759999861
68	931457	False	lost	0.0	2.9375999986314127e-05	0.49657617199997617
69	931467	False	lost	0.0	2.2319999999353968e-05	0.5062468209999906
70	931477	False	lost	0.0	1.1685999993460428e-05	0.5068935479999936
71	931487	False	lost	0.0	2.42650000075173e-05	0.5115784449999978
72	931497	False	lost	0.0	2.292199999942568e-05	0.7407114730000046
73	931507	False	lost	0.0	1.6125999991345452e-05	0.4770878079999932
74	931517	False	lost	0.0	2.2108999985448463e-05	0.5376899979999905
75	931527	False	lost	0.0	1.2598000012076227e-05	0.5119837420000124
76	931537	False	lost	0.0	1.801099998033351e-05	0.5028142959999968
77	931547	False	lost	0.0	1.1224999980186112e-05	0.926238273999985
78	931557	False	lost	0.0	9.992999991936813e-06	0.4832303290000084
79	931567	False	lost	0.0	2.3383000012699995e-05	0.48942071099997975
80	931577	False	lost	0.0	1.2887999986332943e-05	0.5305584689999989
81	931587	False	lost	0.0	8.858999990479788e-06	0.505115974000006
82	931597	False	lost	0.0	8.618999999043808e-06	0.5071475569999961
83	931607	False	segregating	0.114225	8.438999998361396e-06	3.346056153999996
84	931617	False	lost	0.0	7.455999991634599e-06	0.49510991500000046
85	931627	False	lost	0.0	8.829999984527603e-06	0.5578435680000098
86	931637	False	lost	0.0	1.0853999981463858e-05	1.4012176310000086
87	931647	False	lost	0.0	1.170600000932609e-05	0.6225729570000169
88	931657	False	lost	0.0	9.831999989273754e-06	0.5830943719999766
89	931667	False	lost	0.0	7.877000001599299e-06	0.5124985859999924
90	931677	False	lost	0.0	1.8792000020084743e-05	0.5015790630000083
91	931687	False	lost	0.0	1.627599999665108e-05	0.5272378980000099
92	931697	False	lost	0.0	1.079399999071029e-05	0.4863944229999788
93	931707	False	segregating	0.040325	1.893099999961123e-05	3.3617711340000085
94	931717	False	lost	0.0	1.0833999994019905e-05	0.5947483200000079
95	931727	False	lost	0.0	1.7458000002079643e-05	0.530129727000002
96	931737	False	lost	0.0	2.2870000009334035e-05	0.4979175830000031
97	931747	False	lost	0.0	2.8192000002036366e-05	0.5369277490000002
98	931757	False	lost	0.0	2.773099998876205e-05	0.5889096930000051
99	931767	False	segregating	0.0283	1.7718999998805884e-05	3.318988989000019
100	931777	False	lost	0.0	1.1412999981530447e-05	0.48559955399997534
101	931787	False	lost	0.0	9.728999998515064e-06	0.5151645219999921
102	931797	False	lost	0.0	8.025999989058619e-06	0.5189457609999977
103	931807	False	lost	0.0	1.036099999396356e-05	0.49395442899998443
104	931817	False	lost	0.0	8.355999995046659e-06	0.5177504069999941
105	931827	False	lost	0.0	7.8760000121747e-06	0.5048585190000097
106	931837	False	lost	0.0	1.1594000000059168e-05	0.9705487490000166
107	931847	False	lost	0.0	1.633299999070914e-05	0.5469840810000051
108	931857	False	lost	0.0	1.5931999996610102e-05	0.47591522999999825
109	931867	False	lost	0.0	2.4088999992954996e-05	0.4873559549999982
110	931877	False	lost	0.0	2.3096999996141676e-05	0.531805692000006
111	931887	False	lost	0.0	1.6963999996733037e-05	0.5011607799999922
112	931897	False	lost	0.0	2.2194999985458708e-05	0.47431000500000664
113	931907	False	lost	0.0	1.7184000000725064e-05	0.5442853449999916
114	931917	False	lost	0.0	2.4308999996947023e-05	0.4768699019999758
115	931927	False	lost	0.0	1.202400000011039e-05	0.5224458689999949
116	931937	False	lost	0.0	1.9690000016225895e-05	0.4917829020000113
117	931947	False	lost	0.0	2.0250999995141683e-05	0.49528344500001253
118	931957	False	lost	0.0	1.6953999988800206e-05	0.48522248999998396
119	931967	False	lost	0.0	2.0742000003792782e-05	0.49950659500001393
120	931977	False	lost	0.0	1.0881999997991443e-05	0.5354054950000204
121	931987	False	lost	0.0	1.4899000007062568e-05	0.5137078949999818
122	931997	False	lost	0.0	1.1834000019916857e-05	0.5499545019999914
123	932007	False	lost	0.0	7.775000000265209e-06	0.5296604119999984
124	932017	False	lost	0.0	8.667000003015346e-06	0.49972752299999
125	932027	False	lost	0.0	1.1502999996082508e-05	0.5468579130000251
126	932037	False	lost	0.0	8.056000012857112e-06	0.5049875440000164
127	932047	False	lost	0.0	1.2956000006170143e-05	0.5243456339999852
128	932057	False	lost	0.0	7.194000005483758e-06	0.7603557799999976
129	932067	False	lost	0.0	7.393999993610123e-06	0.5044085459999792
130	932077	False	lost	0.0	2.1532999994633428e-05	0.5128002210000204
131	932087	False	lost	0.0	2.179300000193507e-05	0.5207834299999945
132	932097	False	lost	0.0	2.0530999989887277e-05	0.5219467160000022
133	932107	False	lost	0.0	2.2825999991482604e-05	0.5154981130000067
134	932117	False	lost	0.0	2.0661000007748953e-05	0.5179708320000032
135	932127	False	lost	0.0	1.8517000000883854e-05	0.5114427670000055
136	932137	False	lost	0.0	2.1763000006558286e-05	0.5211062620000178
137	932147	False	lost	0.0	1.1422000000038679e-05	0.5341249970000206
138	932157	False	segregating	0.1786	1.3566999996328377e-05	2.7961731400000076
139	932167	False	lost	0.0	2.055000001632834e-05	1.3569089169999984
140	932177	False	lost	0.0	9.159000001091044e-06	0.509604832000008
141	932187	False	lost	0.0	9.328999993840625e-06	0.5143296640000017
142	932197	False	lost	0.0	9.440000013682948e-06	0.5164722499999925
143	932207	False	lost	0.0	8.267999987765506e-06	0.5455596129999947
144	932217	False	lost	0.0	7.917999994333513e-06	0.5692035619999842
145	932227	False	lost	0.0	7.926999984420036e-06	0.5106767000000048
146	932237	False	lost	0.0	9.159000001091044e-06	0.46983418700000357
147	932247	False	lost	0.0	8.007999980463865e-06	0.49075092100000006
148	932257	False	lost	0.0	1.5665999995917446e-05	0.5707826839999939
149	932267	False	lost	0.0	7.657999987031872e-06	0.5382629650000013
150	932277	False	lost	0.0	1.1792000009336334e-05	0.5305932349999978
151	932287	False	lost	0.0	1.3853000012886696e-05	0.5103653339999994
152	932297	False	lost	0.0	2.2962999992159894e-05	0.5835753329999989
153	932307	False	lost	0.0	2.1841999995331207e-05	1.0345052679999753
154	932317	False	lost	0.0	2.7176999992661877e-05	0.5097631019999938
155	932327	False	lost	0.0	1.8478000015420548e-05	0.48843503400001964
156	932337	False	lost	0.0	1.9178999991709134e-05	0.5096792749999963
157	932347	False	lost	0.0	2.2231999992072815e-05	0.5055302429999813
158	932357	False	lost	0.0	2.2572000005993687e-05	0.46341347800000676
159	932367	False	lost	0.0	1.2402000010069969e-05	0.521770604000011
160	932377	False	lost	0.0	1.372299999502502e-05	0.7765764810000064
161	932387	False	lost	0.0	1.1349999994081372e-05	0.5195462650000024
162	932397	False	lost	0.0	1.0339999988673299e-05	0.5740636520000066
163	932407	False	lost	0.0	8.178000001635155e-06	0.5644754889999888
164	932417	False	lost	0.0	8.679000018219085e-06	0.5463123440000004
165	932427	False	lost	0.0	1.2022000021261192e-05	0.535702595999993
166	932437	False	lost	0.0	1.3382999981104149e-05	0.5535409420000121
167	932447	False	lost	0.0	8.518000015556026e-06	0.515640540000021
168	932457	False	lost	0.0	1.2271999992208293e-05	0.4989954909999881
169	932467	False	lost	0.0	1.2431999977025043e-05	0.549134701999975
170	932477	False	lost	0.0	1.7617000025893503e-05	0.5323580380000124
171	932487	False	lost	0.0	1.1971000020594147e-05	0.5273005219999902
172	932497	False	lost	0.0	2.1339999989322678e-05	0.5201841770000044
173	932507	False	lost	0.0	2.1420999985366507e-05	0.5591838969999969
174	932517	False	lost	0.0	1.248199998826749e-05	0.5443094979999898
175	932527	False	lost	0.0	1.1051000001316424e-05	0.5160014430000217
176	932537	False	lost	0.0	1.1881999995466686e-05	0.5399924740000017
177	932547	False	lost	0.0	1.19219999987763e-05	0.49949578799999017
178	932557	False	lost	0.0	2.415399998767498e-05	0.5364116419999903
179	932567	False	lost	0.0	1.3002999992295372e-05	0.5733001940000122
180	932577	False	lost	0.0	1.610499998605519e-05	0.49941080100001045
181	932587	False	lost	0.0	1.2260999994850863e-05	1.0624655379999979
182	932597	False	segregating	0.15395	1.0939999981474102e-05	2.8655355610000015
183	932607	False	lost	0.0	1.1701000005359674e-05	0.4982454260000111
184	932617	False	lost	0.0	1.7156000012619188e-05	0.8102376169999843
185	932627	False	lost	0.0	1.1150000005955008e-05	0.5678370259999781
186	932637	False	lost	0.0	1.1491000009300478e-05	0.558530764000011
187	932647	False	lost	0.0	1.511400000708818e-05	0.4854936319999865
188	932657	False	lost	0.0	1.4644000003727342e-05	0.5368661189999955
189	932667	False	lost	0.0	1.3402000007545212e-05	0.5335691509999947
190	932677	False	lost	0.0	2.5673999999753505e-05	0.6012229270000091
191	932687	False	lost	0.0	1.4824000004409754e-05	0.5501980509999953
192	932697	False	lost	0.0	2.4432999992995974e-05	0.533954088999991
193	932707	False	lost	0.0	1.749699998754295e-05	0.5072385460000248
194	932717	False	lost	0.0	2.5523999994447877e-05	0.5304148820000023
195	932727	False	lost	0.0	1.4323000016247533e-05	0.4919427119999966
196	932737	False	lost	0.0	1.5814999983376765e-05	0.5693274089999818
197	932747	False	lost	0.0	1.921800000559415e-05	0.538529202999996
198	932757	False	lost	0.0	1.1321000016550897e-05	0.5527652490000037
199	932767	False	lost	0.0	1.1411000002681249e-05	0.5094349069999851
200	932777	False	lost	0.0	8.766999997078528e-06	0.5225252809999859
201	932787	False	lost	0.0	8.137000008900941e-06	0.5540273150000132
202	932797	False	lost	0.0	9.52799999254239e-06	0.5380156040000088
203	932807	False	lost	0.0	1.2511000022641383e-05	0.7956070820000036
204	932817	False	lost	0.0	8.596999975907238e-06	0.5719415099999878
205	932827	False	lost	0.0	8.37700000033692e-06	0.5618378050000103
206	932837	False	lost	0.0	8.436999991090488e-06	0.589242028000001
207	932847	False	lost	0.0	2.0067000008339164e-05	0.5385791519999827
208	932857	False	lost	0.0	1.1650000004692629e-05	0.5397738230000186
209	932867	False	lost	0.0	1.6133999992007375e-05	0.5609087920000206
210	932877	False	lost	0.0	2.216900000462374e-05	0.5805914660000155
211	932887	False	lost	0.0	2.256999999872278e-05	0.5499965639999971
212	932897	False	lost	0.0	1.1780000022554304e-05	0.5241990209999869
213	932907	False	lost	0.0	2.0126999999092732e-05	0.568068113999999
214	932917	False	lost	0.0	3.0175999995663005e-05	0.5808493299999782
215	932927	False	lost	0.0	1.979699999310469e-05	0.5704762929999845
216	932937	False	lost	0.0	1.0779000007232753e-05	1.0367460850000043
217	932947	False	segregating	0.1348	1.977700000566074e-05	2.6901336959999753
218	932957	False	lost	0.0	2.2368999992750105e-05	0.5314140029999805
219	932967	False	lost	0.0	2.289900001528622e-05	0.6065851959999975
220	932977	False	lost	0.0	8.436000001665889e-06	0.5435200580000128
221	932987	False	lost	0.0	1.1795000006031842e-05	0.552121330999995
222	932997	False	lost	0.0	1.0265999975445084e-05	0.5583682859999897
223	933007	False	lost	0.0	8.506000000352287e-06	0.5884520870000074
224	933017	False	segregating	0.2355	7.766999999603286e-06	2.631210353
225	933027	False	lost	0.0	1.186500000471824e-05	0.6139860510000119
226	933037	False	lost	0.0	1.2604999994891841e-05	0.5350092979999772
227	933047	False	lost	0.0	1.2625000010757503e-05	0.5358029660000057
228	933057	False	lost	0.0	1.3074999998252679e-05	0.5797401500000205
229	933067	False	lost	0.0	1.3424000002260073e-05	0.7984457889999987
230	933077	False	lost	0.0	1.1604999997416598e-05	0.5335208010000088
231	933087	False	lost	0.0	2.2160000014537218e-05	0.5603107400000056
232	933097	False	lost	0.0	2.2230000013223616e-05	0.5447528519999878
233	933107	False	lost	0.0	2.1591000006537797e-05	0.5610709600000234
234	933117	False	lost	0.0	1.0696000003918016e-05	0.6165055259999974
235	933127	False	lost	0.0	2.5308999994422265e-05	0.6073957970000095
236	933137	False	lost	0.0	9.785000003148525e-06	0.5614769440000202
237	933147	False	lost	0.0	1.137500001391345e-05	0.5372488870000041
238	933157	False	lost	0.0	1.778199998625496e-05	0.6162967870000102
239	933167	False	lost	0.0	2.7278000004571368e-05	0.5263720350000085
240	933177	False	lost	0.0	1.1526000008643678e-05	0.5503112600000009
241	933187	False	lost	0.0	1.2687999998206578e-05	0.5238826810000035
242	933197	False	lost	0.0	1.7675000009376163e-05	0.5129525990000161
243	933207	False	lost	0.0	1.3798999987102434e-05	0.5185828189999881
244	933217	False	lost	0.0	1.1236000005965252e-05	0.5404586199999812
245	933227	False	lost	0.0	8.57200001291858e-06	0.5129497320000098
246	933237	False	lost	0.0	1.1076000021148502e-05	0.5081808609999996
247	933247	False	lost	0.0	1.1025999981484347e-05	0.5232446459999949
248	933257	False	lost	0.0	8.702000002358545e-06	0.5251871760000029
249	933267	False	lost	0.0	2.2951999994802463e-05	0.5263647239999898
250	933277	False	lost	0.0	1.220699999748831e-05	0.5190720280000107
251	933287	False	lost	0.0	1.2767999976404099e-05	0.7529576489999954
252	933297	False	lost	0.0	2.5967000027549147e-05	0.517364740000005
253	933307	False	lost	0.0	1.1976999985563452e-05	0.5657947450000052
254	933317	False	lost	0.0	1.9448000017519007e-05	0.5407607620000192
255	933327	False	lost	0.0	1.1024999992059747e-05	0.507040021000023
256	933337	False	lost	0.0	2.7017999997269726e-05	0.4799102599999969
257	933347	False	lost	0.0	1.8355999998220796e-05	0.5163719499999786
258	933357	False	lost	0.0	2.1300000014434772e-05	0.7406044809999912
259	933367	False	lost	0.0	2.0849000009093288e-05	0.5196934809999902
260	933377	False	lost	0.0	1.4219999997067134e-05	0.4955420249999918
261	933387	False	lost	0.0	8.882999992465557e-06	0.521210965999984
262	933397	False	lost	0.0	1.1264999983495727e-05	0.502006141999999
263	933407	False	lost	0.0	1.2566999998853134e-05	1.367235050000005
264	933417	False	segregating	0.05295	9.683000001814435e-06	3.4565537800000072
265	933427	False	lost	0.0	9.513999998489453e-06	0.5148151860000212
266	933437	False	lost	0.0	1.0655000011183802e-05	0.4829120590000002
267	933447	False	lost	0.0	1.2798000000202592e-05	0.5374163559999943
268	933457	False	lost	0.0	1.9726999994418293e-05	2.1589656149999996
269	933467	False	lost	0.0	1.1326000020517313e-05	0.478856535999995
270	933477	False	lost	0.0	1.922700002410238e-05	0.5166597280000076
271	933487	False	lost	0.0	1.76549999935105e-05	0.5321473019999985
272	933497	False	lost	0.0	1.0173999982043824e-05	0.4873220489999994
273	933507	False	lost	0.0	1.1776999997437088e-05	0.5102531940000006
274	933517	False	segregating	0.027825	1.5300999990586206e-05	3.4307567930000005
275	933527	False	lost	0.0	2.2581999985504808e-05	0.48317245200001935
276	933537	False	lost	0.0	2.0498999987239586e-05	0.505404317
277	933547	False	segregating	0.041475	1.1585999999397245e-05	3.372270044000004
278	933557	False	lost	0.0	1.2186999981622648e-05	0.5272383619999914
279	933567	False	lost	0.0	1.77249999921969e-05	0.49672779300001935
280	933577	False	lost	0.0	8.911999998417741e-06	0.5062026479999986
281	933587	False	lost	0.0	1.1995999983582806e-05	0.5093354560000023
282	933597	False	lost	0.0	9.361999985912917e-06	0.4960235970000042
283	933607	False	lost	0.0	9.321999982603302e-06	0.5490794520000009
284	933617	False	lost	0.0	1.4208000010285105e-05	0.5249629529999993
285	933627	False	segregating	0.046325	7.650000014791658e-06	2.6244177219999756
286	933637	False	lost	0.0	1.2706999996225932e-05	0.5466144139999756
287	933647	False	lost	0.0	2.7404999997315826e-05	0.5022496850000095
288	933657	False	lost	0.0	7.89999998573876e-06	0.4914484210000012
289	933667	False	lost	0.0	2.3089999984904352e-05	0.5177818049999985
290	933677	False	lost	0.0	1.3486999989709147e-05	0.49344959399999766
291	933687	False	lost	0.0	1.0412999984055205e-05	0.5180403500000068
292	933697	False	lost	0.0	1.2596000004805319e-05	0.5015784680000195
293	933707	False	lost	0.0	1.1935999992829238e-05	0.504898800999996
294	933717	False	lost	0.0	4.7172000023465444e-05	0.7362421529999779
295	933727	False	lost	0.0	2.42309999975987e-05	0.48050765900001124
296	933737	False	lost	0.0	1.740300001529249e-05	0.5116805179999915
297	933747	False	lost	0.0	2.288900000735339e-05	0.4884451350000063
298	933757	False	lost	0.0	1.4478999986522467e-05	0.5163112099999978
299	933767	False	lost	0.0	1.4308000004348287e-05	0.4700634459999833
300	933777	False	lost	0.0	5.073500000207787e-05	0.5053004030000068
301	933787	False	lost	0.0	1.1224000019183222e-05	0.538678267999984
302	933797	False	lost	0.0	1.2816000008797346e-05	0.5245536550000054
303	933807	False	lost	0.0	1.4458000009653915e-05	0.8084364099999846
304	933817	False	lost	0.0	1.3316999996959566e-05	0.5501441210000166
305	933827	False	segregating	0.04195	1.226500000939268e-05	3.327030030000003
306	933837	False	lost	0.0	1.1253999986138297e-05	0.5264913000000035
307	933847	False	lost	0.0	1.5939999997272025e-05	0.5278110040000001
308	933857	False	lost	0.0	1.1003999986769486e-05	0.5513210670000035
309	933867	False	lost	0.0	1.1735000015278274e-05	0.5272887529999934
310	933877	False	lost	0.0	1.7732999992858822e-05	0.515282539999987
311	933887	False	lost	0.0	1.095400000394875e-05	0.5178654540000025
312	933897	False	lost	0.0	1.836300000945812e-05	0.5045742560000122
313	933907	False	lost	0.0	1.0453999976789419e-05	0.5498435609999888
314	933917	False	lost	0.0	1.2646000016047765e-05	0.5164039980000155
315	933927	False	lost	0.0	1.0794000019132e-05	0.5297565170000098
316	933937	False	segregating	0.011	1.1554999986174153e-05	3.303764627000021
317	933947	False	lost	0.0	2.3949999985006798e-05	0.5081192379999777
318	933957	False	lost	0.0	1.1914999987538977e-05	0.5206395760000078
319	933967	False	segregating	0.1426	1.0762999977487198e-05	3.1843729770000095
320	933977	False	lost	0.0	8.039999983111557e-06	0.5314964990000135
321	933987	False	lost	0.0	9.132000002409768e-06	0.5968877589999977
322	933997	False	lost	0.0	8.81099998650825e-06	0.5763777190000212
323	934007	False	lost	0.0	7.559000010814998e-06	0.5686016670000242
324	934017	False	lost	0.0	8.581000003005101e-06	0.5814928599999973
325	934027	False	lost	0.0	9.242000004405782e-06	0.6011075730000073
326	934037	False	lost	0.0	2.3599000002150206e-05	0.5360818000000052
327	934047	False	segregating	0.012075	7.809000010183809e-06	3.1242399500000033
328	934057	False	lost	0.0	1.2085000008710267e-05	0.5335472349999861
329	934067	False	lost	0.0	1.235499999552303e-05	0.5919748579999862
330	934077	False	lost	0.0	1.39969999963796e-05	0.5773497879999923
331	934087	False	lost	0.0	2.026500001761633e-05	0.5431981139999777
332	934097	False	lost	0.0	2.043500001036591e-05	0.6302043959999821
333	934107	False	lost	0.0	1.0072999998556043e-05	0.557970408999978
334	934117	False	lost	0.0	1.9704000010278833e-05	0.5603833750000149
335	934127	False	lost	0.0	2.0115000012310702e-05	0.5727033870000184
336	934137	False	lost	0.0	1.5109000003121764e-05	0.549596484999995
337	934147	False	segregating	0.056975	1.4348000007657902e-05	3.1520045869999933
338	934157	False	lost	0.0	9.681999983968126e-06	0.5380135420000158
339	934167	False	lost	0.0	2.733400000920483e-05	0.5798824010000203
340	934177	False	lost	0.0	1.2943000001541805e-05	0.5506396509999831
341	934187	False	lost	0.0	1.2239999989560602e-05	0.535832771999992
342	934197	False	lost	0.0	8.340999983147412e-06	0.5208863990000054
343	934207	False	lost	0.0	1.358599999434773e-05	0.5269895109999823
344	934217	False	lost	0.0	1.2411000000156491e-05	0.602594401999994
345	934227	False	lost	0.0	1.2078999986897543e-05	0.5950110450000068
346	934237	False	lost	0.0	9.133999981258967e-06	0.5728181369999845
347	934247	False	lost	0.0	2.9574999985015893e-05	0.560443547999995
348	934257	False	lost	0.0	1.4993000007734736e-05	0.5040159819999985
349	934267	False	lost	0.0	1.4550999992479774e-05	0.5393854999999803
350	934277	False	lost	0.0	3.1555000020944135e-05	0.8050989569999842
351	934287	False	lost	0.0	2.26820000079897e-05	0.5039429889999951
352	934297	False	lost	0.0	1.4753000016298756e-05	0.5213158930000077
353	934307	False	segregating	0.1158	2.038000002357876e-05	2.809082095000008
354	934317	False	lost	0.0	1.9575999999688065e-05	0.5849596570000131
355	934327	False	lost	0.0	1.8029000017349972e-05	0.5501986630000033
356	934337	False	lost	0.0	1.1094000001321547e-05	0.5294839600000216
357	934347	False	lost	0.0	2.1284999974113816e-05	0.5495790530000022
358	934357	False	lost	0.0	1.3043999985029586e-05	0.5069215999999983
359	934367	False	lost	0.0	1.1255000003984605e-05	0.5343557049999959
360	934377	False	lost	0.0	8.162000000311309e-06	0.5118433810000056
361	934387	False	lost	0.0	9.342999987893563e-06	0.5109168150000016
362	934397	False	lost	0.0	1.319899999430163e-05	0.5064862740000251
363	934407	False	lost	0.0	8.120999979155386e-06	0.5133662449999861
364	934417	False	segregating	0.004525	7.871000008208284e-06	3.6118605599999967
365	934427	False	segregating	0.034925	7.411000012780278e-06	3.6583746679999933
366	934437	False	lost	0.0	1.4130000010936783e-05	0.5264215420000085
367	934447	False	lost	0.0	9.342999987893563e-06	1.18036927
368	934457	False	lost	0.0	1.1075999992726793e-05	0.526361928
369	934467	False	lost	0.0	1.2577000006785966e-05	0.586587570000006
370	934477	False	lost	0.0	1.385999999570231e-05	0.8153064800000038
371	934487	False	lost	0.0	1.0505000005878173e-05	0.5121220479999806
372	934497	False	lost	0.0	4.0606999988312964e-05	0.5054160910000007
373	934507	False	lost	0.0	1.3839000018833758e-05	0.5117725190000044
374	934517	False	segregating	0.09475	2.6106000007075636e-05	3.60177391900001
375	934527	False	segregating	0.09455	1.3397999993003396e-05	3.634985884999992
376	934537	False	lost	0.0	1.922700002410238e-05	0.5311600779999992
377	934547	False	segregating	0.129775	2.464400000690148e-05	3.688007932000005
378	934557	False	segregating	0.0317	1.0915000018485443e-05	3.6772900290000052
379	934567	False	lost	0.0	2.010800000107338e-05	0.9110961210000141
380	934577	False	lost	0.0	1.2336999986928276e-05	0.8497034869999993
381	934587	False	lost	0.0	7.643000003554334e-06	0.535010839000023
382	934597	False	lost	0.0	9.19800001497606e-06	0.5539825680000092
383	934607	False	lost	0.0	7.643000003554334e-06	0.5298122869999986
384	934617	False	lost	0.0	1.1996000012004515e-05	0.5014905589999898
385	934627	False	lost	0.0	7.11200002001533e-06	0.5256910749999975
386	934637	False	lost	0.0	7.723999999598163e-06	0.5301525689999949
387	934647	False	lost	0.0	2.9848999986370472e-05	0.5759779060000199
388	934657	False	lost	0.0	1.2236999992865094e-05	0.5571803670000008
389	934667	False	lost	0.0	2.0912999985966962e-05	0.5359850700000095
390	934677	False	lost	0.0	2.7051000017763727e-05	0.5835320699999897
391	934687	False	lost	0.0	1.0802000019793923e-05	0.5657657060000076
392	934697	False	lost	0.0	2.774300000396579e-05	0.5407381090000172
393	934707	False	lost	0.0	3.0381000016177495e-05	0.5447194159999924
394	934717	False	segregating	0.087975	1.922699999568067e-05	3.0417354790000104
395	934727	False	lost	0.0	2.049200000442397e-05	0.8409591439999815
396	934737	False	segregating	0.067325	3.000000000952241e-05	3.0857619379999903
397	934747	False	lost	0.0	1.5907999994624333e-05	0.5292216850000102
398	934757	False	lost	0.0	1.169499998354695e-05	0.5882544709999991
399	934767	False	lost	0.0	2.45839999877262e-05	0.5503334649999942
400	934777	False	lost	0.0	8.443000012903212e-06	0.5117544750000036
401	934787	False	lost	0.0	8.333000010907199e-06	0.530497132999983
402	934797	False	lost	0.0	8.643999990454176e-06	0.5539171220000014
403	934807	False	lost	0.0	8.562999994410347e-06	0.532210090999996
404	934817	False	lost	0.0	1.4864000007719369e-05	0.5914045849999923
405	934827	False	segregating	0.14145	7.10099999423619e-06	2.792414680999997
406	934837	False	lost	0.0	1.2110000000120635e-05	0.5949903979999931
407	934847	False	lost	0.0	1.1217999997370498e-05	0.522413322999995
408	934857	False	lost	0.0	1.1958999976968698e-05	0.5082372829999997
409	934867	False	lost	0.0	2.545000000964137e-05	0.5648927080000021
410	934877	False	lost	0.0	1.0396000021728469e-05	0.5211095059999877
411	934887	False	lost	0.0	1.469299999712348e-05	0.5839764909999872
412	934897	False	lost	0.0	2.2484999988137133e-05	0.5415045520000206
413	934907	False	lost	0.0	1.057700001183548e-05	0.5374401069999806
414	934917	False	lost	0.0	2.0842999987280564e-05	0.5748104970000156
415	934927	False	lost	0.0	9.954999995898106e-06	0.5179083710000043
416	934937	False	lost	0.0	2.0532999997158186e-05	0.5308550299999979
417	934947	False	lost	0.0	3.5475999993650476e-05	0.4808025309999948
418	934957	False	lost	0.0	1.1327999999366511e-05	0.5233634390000077
419	934967	False	lost	0.0	1.5373999985968112e-05	0.49394419300000436
420	934977	False	lost	0.0	1.0216000021046057e-05	0.48996147099998666
421	934987	False	lost	0.0	9.043999995128615e-06	0.5118155840000043
422	934997	False	lost	0.0	2.642199999058903e-05	0.4966911029999892
423	935007	False	lost	0.0	1.511300001766358e-05	0.48902981399999135
424	935017	False	lost	0.0	2.0382000002427958e-05	0.4707591579999928
425	935027	False	lost	0.0	1.0867000014513906e-05	0.7433344860000091
426	935037	False	lost	0.0	2.2094999991395525e-05	0.5557980640000153
427	935047	False	lost	0.0	1.314100001081897e-05	0.7765200119999918
428	935057	False	lost	0.0	9.624999989910066e-06	0.49404406100001097
429	935067	False	lost	0.0	7.642000014129735e-06	1.2635467819999917
430	935077	False	lost	0.0	1.2139999995497419e-05	0.5050051979999921
431	935087	False	lost	0.0	1.6074999990678407e-05	0.49526699999998414
432	935097	False	lost	0.0	1.6536000003952722e-05	0.4651300849999984
433	935107	False	lost	0.0	2.0512000020289634e-05	0.5063057619999825
434	935117	False	lost	0.0	2.5128999993739853e-05	0.5071994120000056
435	935127	False	lost	0.0	2.056200000311037e-05	0.5088656089999972
436	935137	False	lost	0.0	2.749300000459698e-05	0.5188865490000012
437	935147	False	lost	0.0	2.0453000018960665e-05	0.5258472719999929
438	935157	False	lost	0.0	1.081700000327146e-05	0.9908995039999979
439	935167	False	lost	0.0	2.0541999987244708e-05	0.5027661379999984
440	935177	False	lost	0.0	1.5004000005092166e-05	0.5232888670000193
441	935187	False	lost	0.0	9.153999997124629e-06	0.7966560110000103
442	935197	False	segregating	0.02375	1.7167999999401218e-05	2.7679430020000098
443	935207	False	lost	0.0	1.3580999990381315e-05	0.5460685209999951
444	935217	False	lost	0.0	1.197899999283436e-05	0.5646058039999957
445	935227	False	lost	0.0	1.1598000014600984e-05	0.5756400139999869
446	935237	False	lost	0.0	8.42299999703755e-06	0.5203127380000012
447	935247	False	lost	0.0	8.863999994446203e-06	0.5905299190000051
448	935257	False	lost	0.0	1.2599999990925426e-05	0.5797160159999919
449	935267	False	lost	0.0	8.17299999766874e-06	0.5950156080000113
450	935277	False	lost	0.0	1.6486000021131986e-05	0.5303482030000168
451	935287	False	lost	0.0	1.9510999976546373e-05	0.4904781809999861
452	935297	False	lost	0.0	1.2338999994199185e-05	0.5348501629999873
453	935307	False	lost	0.0	1.634599999533748e-05	0.5253356489999987
454	935317	False	lost	0.0	1.932000000692824e-05	0.5390769819999832
455	935327	False	lost	0.0	2.2094999991395525e-05	0.5377395019999938
456	935337	False	lost	0.0	1.9950999984530426e-05	0.5132927429999938
457	935347	False	lost	0.0	2.4238000008836025e-05	0.5560417769999901
458	935357	False	lost	0.0	2.5801000020919673e-05	0.5023531440000113
459	935367	False	lost	0.0	2.3497000000816115e-05	0.529398566999987
460	935377	False	segregating	0.082075	8.893999989822987e-06	2.8689781550000077
461	935387	False	lost	0.0	1.0772000024417139e-05	0.5532565089999935
462	935397	False	lost	0.0	1.4035000020840016e-05	0.5070086750000087
463	935407	False	lost	0.0	1.0640999988709154e-05	0.499311543999994
464	935417	False	lost	0.0	1.1746000012635704e-05	0.5067381309999917
465	935427	False	lost	0.0	1.2117000011357959e-05	0.4802083870000047
466	935437	False	lost	0.0	1.1423999978887878e-05	0.5153237469999965
467	935447	False	lost	0.0	1.0841999994681828e-05	0.5145732350000003
468	935457	False	lost	0.0	7.599000014124613e-06	0.5002378450000151
469	935467	False	lost	0.0	1.2357999992218538e-05	0.5115429259999758
470	935477	False	lost	0.0	9.758000004467249e-06	0.5128073879999988
471	935487	False	lost	0.0	0.0005598799999972925	0.5239500229999976
472	935497	False	lost	0.0	1.7708999990873053e-05	0.5274081100000103
473	935507	False	lost	0.0	4.1721999991750636e-05	0.5183786460000022
474	935517	False	lost	0.0	1.9245000004275425e-05	0.5251464579999947
475	935527	False	lost	0.0	1.0892000005924274e-05	0.7763413449999916
476	935537	False	lost	0.0	1.295999999229025e-05	0.5521554110000011
477	935547	False	lost	0.0	4.3559000005188864e-05	0.5250946589999899
478	935557	False	lost	0.0	1.1935999992829238e-05	0.46315470100000766
479	935567	False	lost	0.0	2.3339999984273163e-05	0.5057115199999771
480	935577	False	lost	0.0	8.953999980576555e-06	0.5720054749999974
481	935587	False	lost	0.0	1.159100000336366e-05	0.618635734999998
482	935597	False	lost	0.0	1.5612000026976602e-05	0.569015740000026
483	935607	False	lost	0.0	9.325999997145118e-06	1.1621644699999933
484	935617	False	lost	0.0	1.0858999985430273e-05	0.6188729899999998
485	935627	False	segregating	0.08185	2.8727000000117187e-05	3.37904956700001
486	935637	False	lost	0.0	1.374699999701079e-05	0.5437335889999986
487	935647	False	lost	0.0	2.0213999988527576e-05	0.5769284790000029
488	935657	False	lost	0.0	7.710000005545226e-06	0.5783577470000125
489	935667	False	lost	0.0	1.1180000001331791e-05	0.5075454750000006
490	935677	False	lost	0.0	1.2553999994224796e-05	0.5626690130000043
491	935687	False	segregating	0.10195	1.0537999997950465e-05	3.275334001999994
492	935697	False	lost	0.0	3.3870999999408014e-05	0.5741965739999841
493	935707	False	lost	0.0	2.227000001653323e-05	0.5431317759999956
494	935717	False	lost	0.0	2.375400001142225e-05	0.5464158839999982
495	935727	False	lost	0.0	2.4445000008199713e-05	0.5928456890000007
496	935737	False	lost	0.0	1.7898000010063697e-05	0.5706781089999993
497	935747	False	lost	0.0	2.091600001108418e-05	0.5560437170000228
498	935757	False	segregating	0.16665	1.6704999978855994e-05	3.255166954999993
499	935767	False	lost	0.0	1.1050000011891825e-05	0.5745394889999886
500	935777	False	lost	0.0	9.344000005739872e-06	0.5489732570000001
501	935787	False	lost	0.0	9.122999983901536e-06	0.5293605120000109
502	935797	False	lost	0.0	1.3354000003573674e-05	0.5111613850000083
503	935807	False	lost	0.0	1.1760000006688642e-05	0.5147928380000053
504	935817	False	lost	0.0	8.511999993743302e-06	0.5293732190000071
505	935827	False	lost	0.0	8.131000015509926e-06	0.5219702680000182
506	935837	False	lost	0.0	2.3188999989542936e-05	0.565252122000004
507	935847	False	lost	0.0	1.0546999988036987e-05	0.5501738709999984
508	935857	False	lost	0.0	1.166000001262546e-05	0.5040385089999972
509	935867	False	lost	0.0	1.1519999986830953e-05	0.509780945999978
510	935877	False	lost	0.0	1.0666999997965831e-05	0.5438355359999889
511	935887	False	lost	0.0	1.4577000001736451e-05	0.5050170829999843
512	935897	False	lost	0.0	1.4878000001772307e-05	0.5725863270000104
513	935907	False	lost	0.0	2.0491999976002262e-05	0.5285910869999952
514	935917	False	lost	0.0	4.2347999993808116e-05	0.5236250099999893
515	935927	False	lost	0.0	1.7614999990200886e-05	0.5146931550000033
516	935937	False	lost	0.0	2.0121000005701717e-05	0.5241210650000028
517	935947	False	lost	0.0	2.1865999997316976e-05	0.5273027590000083
518	935957	False	segregating	0.005525	1.0727000017141108e-05	2.632886333000016
519	935967	False	lost	0.0	1.938899998776833e-05	0.5108306999999854
520	935977	False	lost	0.0	1.6661000017847982e-05	0.5223572190000141
521	935987	False	lost	0.0	9.965000003830937e-06	0.5230269570000132
522	935997	False	lost	0.0	1.1338000007299343e-05	0.528728645000001
523	936007	False	lost	0.0	1.197900002125607e-05	0.564593809999991
524	936017	False	lost	0.0	1.0244999998576532e-05	0.50185176399998
525	936027	False	lost	0.0	9.132999991834367e-06	0.5287687139999946
526	936037	False	lost	0.0	1.1999999998124622e-05	0.5236113050000029
527	936047	False	lost	0.0	1.032599999462036e-05	0.5375760020000087
528	936057	False	lost	0.0	1.2049999980945358e-05	0.4735576139999864
529	936067	False	lost	0.0	7.578000008834351e-06	0.5439596669999958
530	936077	False	lost	0.0	1.281199999425553e-05	0.5278886110000087
531	936087	False	lost	0.0	1.0275000022375025e-05	0.5194709680000074
532	936097	False	lost	0.0	2.214500000263797e-05	0.5248450610000077
533	936107	False	lost	0.0	2.0680999995192906e-05	0.5092989000000046
534	936117	False	lost	0.0	1.4326000012943041e-05	0.5191481679999868
535	936127	False	lost	0.0	2.0691999992550336e-05	0.4905724150000026
536	936137	False	lost	0.0	1.439500002220484e-05	0.5059808670000052
537	936147	False	lost	0.0	9.303000013005658e-06	0.5118647020000253
538	936157	False	lost	0.0	1.539800001637559e-05	0.5382371919999969
539	936167	False	lost	0.0	1.2100000020609514e-05	0.7267516459999968
540	936177	False	lost	0.0	9.142999999767198e-06	0.5377046859999837
541	936187	False	lost	0.0	1.2851999997565144e-05	0.5257371510000155
542	936197	False	lost	0.0	8.100000002286833e-06	0.5682980150000105
543	936207	False	lost	0.0	8.820999994441081e-06	0.5753085789999943
544	936217	False	lost	0.0	1.1788999984219117e-05	0.5567648729999917
545	936227	False	lost	0.0	7.930000009537252e-06	0.5582610010000053
546	936237	False	lost	0.0	1.2319999996179831e-05	0.5223508999999922
547	936247	False	lost	0.0	1.1467999996739309e-05	0.5794097910000175
548	936257	False	lost	0.0	7.589000006191782e-06	0.5687975890000132
549	936267	False	lost	0.0	1.28009999968981e-05	0.529781612999983
550	936277	False	lost	0.0	8.210000004282847e-06	0.5396302030000015
551	936287	False	lost	0.0	2.2895999990169003e-05	0.5414960930000063
552	936297	False	lost	0.0	1.6600000009248106e-05	0.5272631130000036
553	936307	False	lost	0.0	1.398499998117586e-05	0.5190329910000173
554	936317	False	lost	0.0	9.523999978000575e-06	0.5575092980000136
555	936327	False	lost	0.0	2.0489999997153063e-05	0.5743854699999815
556	936337	False	lost	0.0	2.263499999344276e-05	0.5064399309999885
557	936347	False	lost	0.0	2.538199998980417e-05	1.0231256600000052
558	936357	False	lost	0.0	2.562200000966186e-05	0.5429160559999957
559	936367	False	lost	0.0	2.3528000014039208e-05	0.507957972999975
560	936377	False	lost	0.0	8.280000002969246e-06	0.5767394140000022
561	936387	False	lost	0.0	8.831000002373912e-06	0.481751418000016
562	936397	False	lost	0.0	9.271999999782565e-06	0.5399388820000013
563	936407	False	lost	0.0	9.23199999647295e-06	0.497814438000006
564	936417	False	lost	0.0	9.321999982603302e-06	0.48706860100000426
565	936427	False	lost	0.0	1.1236999995389851e-05	0.5043003040000258
566	936437	False	lost	0.0	1.388300000826348e-05	0.5106501410000135
567	936447	False	lost	0.0	8.451000013565135e-06	0.5527685330000054
568	936457	False	segregating	0.005575	1.1276999998699466e-05	2.548518556999994
569	936467	False	lost	0.0	1.1457999988806478e-05	0.5148793559999945
570	936477	False	lost	0.0	2.221400001189977e-05	0.48832090599998423
571	936487	False	lost	0.0	1.2531000010085336e-05	0.5111881210000035
572	936497	False	lost	0.0	2.104099999655773e-05	0.49869559600000457
573	936507	False	lost	0.0	1.272099999027887e-05	0.4998973780000142
574	936517	False	lost	0.0	2.2995999984232185e-05	0.512784412000002
575	936527	False	lost	0.0	1.1768000007350565e-05	0.5642585089999841
576	936537	False	lost	0.0	2.2816000011971482e-05	0.5284198110000204
577	936547	False	lost	0.0	2.1733000011181502e-05	0.5055072650000056
578	936557	False	lost	0.0	2.054899999848203e-05	0.7660810909999896
579	936567	False	lost	0.0	1.0244999998576532e-05	0.5725530800000058
580	936577	False	lost	0.0	1.0973000001968103e-05	0.572593640000008
581	936587	False	lost	0.0	1.1422999989463278e-05	0.5233988780000232
582	936597	False	lost	0.0	7.759999988365962e-06	0.5556103509999843
583	936607	False	lost	0.0	1.2464999997519044e-05	0.4861446119999755
584	936617	False	segregating	0.05625	1.1573999984193506e-05	2.928221943000011
585	936627	False	lost	0.0	8.379999997032428e-06	0.7632179589999737
586	936637	False	lost	0.0	7.468999996262937e-06	0.5113855989999934
587	936647	False	lost	0.0	1.861199999098062e-05	0.5212514720000172
588	936657	False	lost	0.0	1.15340000093056e-05	1.2424173809999957
589	936667	False	lost	0.0	1.0653000003912894e-05	0.5162311720000048
590	936677	False	lost	0.0	1.3456000004907764e-05	0.5065474259999974
591	936687	False	lost	0.0	1.8632000006846283e-05	0.49987108900000976
592	936697	False	segregating	0.039975	1.538800000844276e-05	3.0156967340000165
593	936707	False	lost	0.0	2.1044999982677837e-05	0.523971572000022
594	936717	False	lost	0.0	2.0956000014393794e-05	0.49290187199997604
595	936727	False	lost	0.0	1.3767000012876451e-05	0.5033110569999906
596	936737	False	lost	0.0	1.1833999991495148e-05	0.5133391309999809
597	936747	False	lost	0.0	2.066400000444446e-05	0.5062471040000105
598	936757	False	lost	0.0	1.1252999996713697e-05	0.5094559140000001
599	936767	False	lost	0.0	1.0763000005908907e-05	0.5272284929999955
600	936777	False	lost	0.0	1.618699999994533e-05	0.5270805110000083
601	936787	False	lost	0.0	1.545599999985825e-05	0.5157980349999889
602	936797	False	lost	0.0	8.599000011599855e-06	0.5308295279999982
603	936807	False	lost	0.0	1.15359999881548e-05	0.5243630040000085
604	936817	False	lost	0.0	7.276999980376786e-06	0.5115672270000005
605	936827	False	lost	0.0	8.339999993722813e-06	0.5216530809999824
606	936837	False	segregating	0.05215	1.96949999917706e-05	3.381816896999993
607	936847	False	lost	0.0	1.2668999971765516e-05	0.8188865099999987
608	936857	False	lost	0.0	8.97000001032211e-06	1.133589948000008
609	936867	False	lost	0.0	1.0314000007838331e-05	0.5204163230000063
610	936877	False	segregating	0.013925	2.21909999993386e-05	3.31592608699998
611	936887	False	segregating	0.173275	1.619700000787816e-05	3.394590835999992
612	936897	False	lost	0.0	2.310299998953269e-05	0.5453784360000213
613	936907	False	lost	0.0	1.0414000001901513e-05	0.5202184810000006
614	936917	False	lost	0.0	1.1736000004702873e-05	0.5230983910000191
615	936927	False	lost	0.0	1.23780000080842e-05	0.5211922530000095
616	936937	False	lost	0.0	2.0787000011068812e-05	0.5227503770000226
617	936947	False	lost	0.0	2.193000000261236e-05	0.49707519200001116
618	936957	False	lost	0.0	1.0724999981448491e-05	1.0782234360000018
619	936967	False	lost	0.0	1.8723000010822943e-05	0.5452332370000192
620	936977	False	lost	0.0	8.648999994420592e-06	0.5114948599999991
621	936987	False	lost	0.0	8.429000018850275e-06	0.49293163899997694
622	936997	False	lost	0.0	1.244799997834889e-05	0.4966333989999896
623	937007	False	lost	0.0	8.467999975891871e-06	0.5157934629999943
624	937017	False	lost	0.0	1.1526000008643678e-05	0.5678203340000039
625	937027	False	lost	0.0	8.929000017587896e-06	0.7712127659999908
626	937037	False	lost	0.0	1.2798999989627191e-05	0.5203921039999955
627	937047	False	lost	0.0	1.103400001056798e-05	0.5092150970000091
628	937057	False	lost	0.0	8.067999999639142e-06	0.502617994000019
629	937067	False	lost	0.0	1.162600000270686e-05	0.5090349269999876
630	937077	False	lost	0.0	3.8144000001238965e-05	0.5793072319999908
631	937087	False	lost	0.0	1.0642999995980063e-05	0.5149387639999929
632	937097	False	lost	0.0	4.015899997966699e-05	0.5605026510000073
633	937107	False	lost	0.0	1.9111999989718242e-05	0.5127373800000044
634	937117	False	lost	0.0	3.5488000008854215e-05	0.5847068760000127
635	937127	False	lost	0.0	1.1424999996734186e-05	0.5093754909999859
636	937137	False	lost	0.0	1.0814000006575952e-05	0.5171373979999885
637	937147	False	lost	0.0	1.9704000010278833e-05	0.5097642259999873
638	937157	False	lost	0.0	3.223100000582235e-05	0.5214760780000063
639	937167	False	lost	0.0	2.3140999985571398e-05	0.49187290300000086
640	937177	False	lost	0.0	1.4219000007642535e-05	0.5355936640000039
641	937187	False	lost	0.0	2.7646999996022714e-05	0.5373688679999873
642	937197	False	lost	0.0	1.359799998112976e-05	0.5307971010000188
643	937207	False	lost	0.0	8.792000016910606e-06	0.5387940960000037
644	937217	False	lost	0.0	7.710999994969825e-06	0.5483272440000064
645	937227	False	lost	0.0	1.1765000010655058e-05	0.5647009829999945
646	937237	False	segregating	0.139425	1.4768999989200893e-05	2.855151873000011
647	937247	False	lost	0.0	1.3709000000972082e-05	0.5533903589999909
648	937257	False	lost	0.0	1.4059000022825785e-05	0.5453959790000056
649	937267	False	lost	0.0	1.5640000015082478e-05	0.5403172899999902
650	937277	False	lost	0.0	1.5700000005836046e-05	0.5292574959999854
651	937287	False	lost	0.0	3.884100001982915e-05	0.5554032290000066
652	937297	False	lost	0.0	2.2889999996777988e-05	0.5380627399999867
653	937307	False	lost	0.0	1.5009999998483181e-05	0.5827025310000238
654	937317	False	lost	0.0	1.1825000001408625e-05	0.5184164620000047
655	937327	False	lost	0.0	2.0497000008390387e-05	0.5105488469999955
656	937337	False	lost	0.0	2.050699998790151e-05	0.5369725520000088
657	937347	False	lost	0.0	1.0334000023703993e-05	0.5353348959999948
658	937357	False	lost	0.0	2.1728000007215087e-05	0.7773840639999889
659	937367	False	lost	0.0	2.233899999737332e-05	0.5518711599999904
660	937377	False	lost	0.0	9.531999978662498e-06	0.5411116289999995
661	937387	False	lost	0.0	8.189999988417185e-06	0.5715358289999983
662	937397	False	lost	0.0	9.371999993845748e-06	0.8396576170000003
663	937407	False	lost	0.0	1.2536000014051751e-05	0.5429151870000055
664	937417	False	lost	0.0	7.870000018783685e-06	0.513124758999993
665	937427	False	lost	0.0	8.57100002349398e-06	0.5664789379999888
666	937437	False	lost	0.0	8.801000006997128e-06	0.5311567339999783
667	937447	False	lost	0.0	1.317699999958677e-05	0.562559498000013
668	937457	False	lost	0.0	1.8103000002156477e-05	0.535230079999991
669	937467	False	lost	0.0	1.4978999985260089e-05	0.510733335999987
670	937477	False	lost	0.0	1.1624999984860551e-05	0.5490178320000041
671	937487	False	lost	0.0	1.4398000018900348e-05	0.5517206039999962
672	937497	False	lost	0.0	2.390000000218606e-05	0.5244209530000035
673	937507	False	lost	0.0	1.1595000017905477e-05	0.5077174850000006
674	937517	False	lost	0.0	2.2778999976935665e-05	0.5396468379999817
675	937527	False	lost	0.0	3.413300001398056e-05	0.5433448980000151
676	937537	False	segregating	0.16015	2.3179000010031814e-05	2.9479825499999777
677	937547	False	lost	0.0	2.1126999996567974e-05	0.5432061439999814
678	937557	False	lost	0.0	4.621899998369372e-05	0.5382639009999934
679	937567	False	lost	0.0	1.9043999998302752e-05	0.5394024249999916
680	937577	False	lost	0.0	1.5020000006416012e-05	0.5416570000000149
681	937587	False	lost	0.0	1.0050000014416582e-05	0.5724771939999869
682	937597	False	lost	0.0	1.0080000009793366e-05	0.5295969390000153
683	937607	False	lost	0.0	1.011000000517015e-05	0.553372784000004
684	937617	False	lost	0.0	1.078200000392826e-05	0.5140130279999937
685	937627	False	lost	0.0	1.2655000006134287e-05	0.4979923699999915
686	937637	False	lost	0.0	1.052099997878031e-05	0.5199365800000066
687	937647	False	lost	0.0	7.965999998305051e-06	0.8342243550000035
688	937657	False	lost	0.0	1.3465999984418886e-05	0.5762263259999827
689	937667	False	lost	0.0	1.1652999972966427e-05	0.582494142999991
690	937677	False	segregating	0.113575	9.388999984594193e-06	2.9669742309999947
691	937687	False	lost	0.0	2.0911999996542363e-05	0.8628741660000117
692	937697	False	lost	0.0	1.168299999676492e-05	0.4991061719999834
693	937707	False	lost	0.0	1.2975999993614096e-05	0.5241621769999938
694	937717	False	lost	0.0	2.1252999999887834e-05	0.5095640470000262
695	937727	False	lost	0.0	2.2153999992724493e-05	0.7954860069999938
696	937737	False	lost	0.0	2.0751999983303904e-05	0.5092841519999922
697	937747	False	lost	0.0	2.1341999996593586e-05	0.5540847510000049
698	937757	False	lost	0.0	1.1643000021877015e-05	1.0885406879999948
699	937767	False	lost	0.0	2.0810999984632872e-05	0.5723706770000092
700	937777	False	lost	0.0	8.815000001050066e-06	1.275544004000011
701	937787	False	lost	0.0	1.5238000003137131e-05	0.5210260530000141
702	937797	False	lost	0.0	1.4397999990478638e-05	0.531782450999998
703	937807	False	lost	0.0	8.93500001097891e-06	0.5568334310000012
704	937817	False	lost	0.0	9.00500000966531e-06	0.6085822730000245
705	937827	False	lost	0.0	8.485000023483735e-06	0.526008217999987
706	937837	False	lost	0.0	7.78500000819804e-06	0.5112754189999862
707	937847	False	lost	0.0	1.0596000009854833e-05	0.591461100999993
708	937857	False	lost	0.0	1.0795999997981198e-05	0.5203823479999983
709	937867	False	lost	0.0	1.1906999986877054e-05	0.7954051659999948
710	937877	False	lost	0.0	1.1446000002024448e-05	0.541797951999996
711	937887	False	lost	0.0	1.2147000006734743e-05	0.5305265750000103
712	937897	False	lost	0.0	2.1902000014506484e-05	0.5484308990000102
713	937907	False	lost	0.0	1.8619999991642544e-05	0.5510877679999737
714	937917	False	lost	0.0	1.555899999061694e-05	0.47375167000001284
715	937927	False	lost	0.0	1.1986000004071684e-05	0.5210177779999867
716	937937	False	lost	0.0	2.2231999992072815e-05	0.5183488840000052
717	937947	False	lost	0.0	1.0666000008541232e-05	0.5296728739999992
718	937957	False	lost	0.0	1.9631000014896927e-05	0.5220075389999863
719	937967	False	lost	0.0	1.530800000182353e-05	0.5771485490000146
720	937977	False	lost	0.0	1.2416000004122907e-05	0.5368117710000035
721	937987	False	lost	0.0	1.0974999980817302e-05	0.5211328030000004
722	937997	False	lost	0.0	7.70400001215421e-06	0.49562345300000743
723	938007	False	lost	0.0	9.696000006442773e-06	0.5679463439999779
724	938017	False	lost	0.0	8.864999983870803e-06	0.532423840000007
725	938027	False	lost	0.0	7.723999999598163e-06	0.5198995150000201
726	938037	False	lost	0.0	1.1727000014616351e-05	0.5093583329999944
727	938047	False	lost	0.0	1.2187000010044358e-05	0.49123973300001467
728	938057	False	lost	0.0	9.314999999787688e-06	1.0872735279999972
729	938067	False	lost	0.0	1.1346000007961266e-05	0.5978670249999993
730	938077	False	lost	0.0	1.3657000010880438e-05	0.8454462530000058
731	938087	False	lost	0.0	1.3287000001582783e-05	0.5905372400000033
732	938097	False	lost	0.0	1.9951000012952136e-05	0.5301475260000075
733	938107	False	lost	0.0	2.5203000006968068e-05	0.506516247999997
734	938117	False	lost	0.0	9.765000015704572e-06	0.5183115540000074
735	938127	False	lost	0.0	2.481299998180475e-05	0.5310808719999898
736	938137	False	lost	0.0	1.0276000011799624e-05	0.8635044300000061
737	938147	False	lost	0.0	2.096200000778481e-05	0.5281977899999788
738	938157	False	lost	0.0	1.8879999998944186e-05	1.2656752450000113
739	938167	False	lost	0.0	1.4398000018900348e-05	0.5698940009999944
740	938177	False	lost	0.0	8.93600000040351e-06	0.5388053750000097
741	938187	False	segregating	0.09885	9.336000005077949e-06	3.467360981000013
742	938197	False	lost	0.0	9.325999997145118e-06	0.5412819479999769
743	938207	False	lost	0.0	7.492000008824107e-06	0.5486482680000222
744	938217	False	lost	0.0	1.0967999998001687e-05	0.5593134240000097
745	938227	False	lost	0.0	1.1720000003379027e-05	0.5193667180000148
746	938237	False	lost	0.0	1.140899999541034e-05	0.5644398710000189
747	938247	False	lost	0.0	1.0607999996636863e-05	0.5373364900000013
748	938257	False	lost	0.0	2.5252999989788805e-05	0.5056810270000085
749	938267	False	lost	0.0	1.0518000010506512e-05	0.5347000620000131
750	938277	False	lost	0.0	2.8868999976339182e-05	0.48735801000000833
751	938287	False	lost	0.0	1.926300001287018e-05	1.1186723289999918
752	938297	False	lost	0.0	1.0216999982048947e-05	0.5301992209999753
753	938307	False	lost	0.0	2.1046000000524145e-05	0.52350921499999
754	938317	False	segregating	0.13045	1.115899999604153e-05	3.5364565440000035
755	938327	False	segregating	0.013325	1.4644999993151941e-05	3.47935952200001
756	938337	False	lost	0.0	2.3600999980999404e-05	0.5423084939999967
757	938347	False	lost	0.0	2.3961000010785938e-05	0.5394689649999975
758	938357	False	segregating	0.083075	1.7629999973678423e-05	3.4160006839999824
759	938367	False	lost	0.0	2.2277999988773445e-05	0.5084628829999929
760	938377	False	lost	0.0	1.1929000010013624e-05	0.5242892139999924
761	938387	False	lost	0.0	1.584499997875355e-05	0.5192742119999991
762	938397	False	lost	0.0	8.704000009629453e-06	0.5270249529999944
763	938407	False	lost	0.0	9.114999983239613e-06	0.5053052339999908
764	938417	False	lost	0.0	1.2649999973746162e-05	0.5048292969999864
765	938427	False	lost	0.0	8.062999995672726e-06	0.5278560939999863
766	938437	False	lost	0.0	8.603999987144562e-06	0.4948181509999756
767	938447	False	lost	0.0	7.67199998108481e-06	0.5034465960000034
768	938457	False	lost	0.0	1.2088999994830374e-05	0.5259972620000042
769	938467	False	lost	0.0	1.8850000003567402e-05	0.5210200069999757
770	938477	False	lost	0.0	8.082999983116679e-06	0.5329588620000152
771	938487	False	lost	0.0	2.445900000225265e-05	0.5212006940000151
772	938497	False	lost	0.0	1.2038999983587928e-05	0.5250185840000086
773	938507	False	lost	0.0	2.181599998607453e-05	0.5284726689999957
774	938517	False	lost	0.0	2.066400000444446e-05	0.5183423219999952
775	938527	False	lost	0.0	1.2040000001434237e-05	0.5217921840000201
776	938537	False	lost	0.0	1.3432000002921995e-05	0.5141836049999995
777	938547	False	lost	0.0	2.2025999982133726e-05	0.5327052369999876
778	938557	False	lost	0.0	2.3849000001519016e-05	0.5686719420000088
779	938567	False	lost	0.0	1.0787999997319275e-05	0.5283624680000116
780	938577	False	lost	0.0	1.1188000001993714e-05	0.4957380129999933
781	938587	False	lost	0.0	1.081700000327146e-05	0.5271634629999937
782	938597	False	lost	0.0	9.806000008438787e-06	0.5545558299999982
783	938607	False	lost	0.0	1.3451000000941349e-05	0.8013354410000204
784	938617	False	lost	0.0	1.478400000110014e-05	0.5182737339999903
785	938627	False	lost	0.0	1.3651999978492313e-05	0.5372914289999926
786	938637	False	lost	0.0	7.8420000022561e-06	0.5213795599999855
787	938647	False	lost	0.0	1.2580000003481473e-05	0.5029297270000086
788	938657	False	lost	0.0	1.27309999982117e-05	0.5009467019999931
789	938667	False	lost	0.0	1.3641999998981191e-05	0.5108802719999801
790	938677	False	lost	0.0	1.3501000012183795e-05	0.5226602689999993
791	938687	False	lost	0.0	1.3202000019418847e-05	0.515113542999984
792	938697	False	lost	0.0	1.9361999989087053e-05	0.5358165620000079
793	938707	False	lost	0.0	1.2349000002132016e-05	0.5096618809999995
794	938717	False	lost	0.0	1.2309999988247e-05	0.523605745999987
795	938727	False	lost	0.0	2.123400000186848e-05	0.7773923560000071
796	938737	False	lost	0.0	2.313699999945129e-05	0.5339978279999968
797	938747	False	lost	0.0	1.692699999011893e-05	0.5027172570000005
798	938757	False	lost	0.0	1.1889000006704009e-05	0.5222931320000157
799	938767	False	lost	0.0	1.1077000010573101e-05	0.5338610170000209
800	938777	False	lost	0.0	1.1308000011922559e-05	0.4988620740000158
801	938787	False	lost	0.0	8.823999991136589e-06	0.5263165219999735
802	938797	False	lost	0.0	1.0226000000557178e-05	0.5082453019999775
803	938807	False	lost	0.0	9.384999998474086e-06	0.5245507180000004
804	938817	False	lost	0.0	8.83399999906942e-06	0.5479060220000065
805	938827	False	lost	0.0	1.3160999998262923e-05	0.5176467870000181
806	938837	False	lost	0.0	1.3029999990976648e-05	0.5451533680000011
807	938847	False	lost	0.0	9.144999978616397e-06	0.5360080029999779
808	938857	False	segregating	0.1085	1.412299999969946e-05	3.024274491
809	938867	False	lost	0.0	1.2139999995497419e-05	0.5223850490000075
810	938877	False	lost	0.0	1.5714999989313583e-05	0.5209498689999918
811	938887	False	lost	0.0	1.329099998770289e-05	0.4978698830000212
812	938897	False	lost	0.0	2.3838000004161586e-05	0.5635591600000112
813	938907	False	lost	0.0	2.577099999712118e-05	0.5082844900000225
814	938917	False	lost	0.0	2.4319000004879854e-05	0.508594267999996
815	938927	False	segregating	0.027375	2.361800000016956e-05	3.170609614
816	938937	False	lost	0.0	1.1859000011327225e-05	0.5155966110000065
817	938947	False	lost	0.0	2.1102999994582206e-05	0.5137866439999925
818	938957	False	lost	0.0	1.2088999994830374e-05	0.5133635980000122
819	938967	False	lost	0.0	1.6896999994742146e-05	0.5444439509999768
820	938977	False	lost	0.0	1.1018000009244133e-05	0.5268979809999905
821	938987	False	lost	0.0	9.355000003097302e-06	0.534634503999996
822	938997	False	lost	0.0	8.734000005006237e-06	0.5649417029999881
823	939007	False	lost	0.0	9.023999979262953e-06	0.5151521800000012
824	939017	False	lost	0.0	9.964999975409228e-06	0.5959780230000149
825	939027	False	lost	0.0	8.883999981890156e-06	0.5221329160000039
826	939037	False	lost	0.0	8.884000010311865e-06	0.5268629480000016
827	939047	False	lost	0.0	1.5875000002552042e-05	0.5115147539999896
828	939057	False	lost	0.0	1.2450000014041507e-05	0.5430843560000085
829	939067	False	lost	0.0	1.4341999985845177e-05	0.5240617199999917
830	939077	False	lost	0.0	7.581999994954458e-06	0.5588844880000181
831	939087	False	lost	0.0	1.2690000005477486e-05	0.5062555730000042
832	939097	False	lost	0.0	1.1508000000048924e-05	0.854922538000011
833	939107	False	lost	0.0	1.5324000003147376e-05	0.5282561770000029
834	939117	False	lost	0.0	1.2440000006108676e-05	1.0543294729999957
835	939127	False	segregating	0.0519	1.535399999852416e-05	2.838245102000002
836	939137	False	lost	0.0	1.289000002202556e-05	0.8003197360000058
837	939147	False	lost	0.0	1.9930999997086474e-05	1.6054572259999986
838	939157	False	lost	0.0	1.1446999991449047e-05	0.5387802989999955
839	939167	False	lost	0.0	1.9842000000380722e-05	0.5834959880000099
840	939177	False	lost	0.0	8.909000001722234e-06	0.5031734140000026
841	939187	False	lost	0.0	9.250000005067704e-06	0.5147531759999993
842	939197	False	lost	0.0	1.20250000179567e-05	0.5017693210000118
843	939207	False	lost	0.0	9.890999990602722e-06	1.008485788999991
844	939217	False	lost	0.0	1.0061000011774013e-05	0.5171754829999884
845	939227	False	segregating	0.051725	7.476000007500261e-06	2.8306262289999893
846	939237	False	lost	0.0	1.210599998557882e-05	0.5003219479999927
847	939247	False	lost	0.0	1.2968000021373882e-05	0.5036782299999913
848	939257	False	lost	0.0	1.2876999988975513e-05	0.5070853280000165
849	939267	False	lost	0.0	1.2075999990202035e-05	0.4932207379999909
850	939277	False	lost	0.0	1.0833000004595306e-05	0.5137817670000118
851	939287	False	lost	0.0	1.3147999993634585e-05	0.5065509679999991
852	939297	False	lost	0.0	1.3618999986420022e-05	0.576923134999987
853	939307	False	lost	0.0	1.9971999989820688e-05	0.5050764780000065
854	939317	False	lost	0.0	1.0561999999936234e-05	0.5061238990000163
855	939327	False	lost	0.0	2.091400000381327e-05	0.5124786700000072
856	939337	False	lost	0.0	1.219600000013088e-05	0.5301930130000017
857	939347	False	lost	0.0	2.248799998483264e-05	0.49854874700000096
858	939357	False	lost	0.0	2.2878999999420557e-05	0.4914170600000034
859	939367	False	lost	0.0	2.0814999999174688e-05	0.5390877620000083
860	939377	False	lost	0.0	9.140000003071691e-06	0.5647625460000256
861	939387	False	lost	0.0	1.6153999979451328e-05	0.5035253710000234
862	939397	False	lost	0.0	9.489999996503684e-06	0.5846577199999956
863	939407	False	segregating	0.017425	1.1314000005313574e-05	2.996738424
864	939417	False	lost	0.0	7.164999999531574e-06	0.5289626340000098
865	939427	False	lost	0.0	8.828999995103004e-06	0.5262835470000198
866	939437	False	lost	0.0	1.2876999988975513e-05	0.5491259989999833
867	939447	False	lost	0.0	9.849999997868508e-06	0.5458476960000098
868	939457	False	lost	0.0	1.1515000011286247e-05	0.5402506550000226
869	939467	False	lost	0.0	1.227500001732551e-05	0.5019458440000051
870	939477	False	lost	0.0	1.228600001468294e-05	0.5279543270000033
871	939487	False	lost	0.0	3.539400000818205e-05	0.5131969910000009
872	939497	False	lost	0.0	2.0442999982606125e-05	0.536085780999997
873	939507	False	lost	0.0	9.028999983229369e-06	0.5168322780000096
874	939517	False	lost	0.0	1.4310000011619195e-05	0.5003758680000203
875	939527	False	lost	0.0	9.169000009023875e-06	0.5215537409999911
876	939537	False	segregating	0.098925	2.819899998485198e-05	3.0130668649999848
877	939547	False	lost	0.0	0.00020318800000040937	0.5545232270000042
878	939557	False	lost	0.0	2.1384999996598708e-05	0.5487379869999813
879	939567	False	lost	0.0	2.2518000008631134e-05	0.5382176239999978
880	939577	False	segregating	0.10455	9.013999999751832e-06	3.231649231999995
881	939587	False	lost	0.0	9.094000006371061e-06	0.5112126239999952
882	939597	False	lost	0.0	9.464000015668717e-06	0.5223158429999728
883	939607	False	lost	0.0	9.443999999803054e-06	0.5389993879999793
884	939617	False	lost	0.0	1.2840000010783115e-05	0.5185204020000072
885	939627	False	lost	0.0	7.882000005565715e-06	0.5476279860000091
886	939637	False	lost	0.0	7.301000010784264e-06	0.5283773669999903
887	939647	False	lost	0.0	7.941999996319282e-06	0.5473949150000124
888	939657	False	lost	0.0	1.2479000019993691e-05	0.4930535750000047
889	939667	False	lost	0.0	1.940999999305859e-05	0.5171028200000194
890	939677	False	lost	0.0	1.256000001603752e-05	0.5181820800000025
891	939687	False	lost	0.0	9.363999993183825e-06	0.7545765030000098
892	939697	False	lost	0.0	1.0776999999961845e-05	0.4907210750000104
893	939707	False	lost	0.0	2.0921999976053485e-05	0.536226733999996
894	939717	False	segregating	0.036575	1.7396999993479767e-05	3.0237299500000177
895	939727	False	lost	0.0	1.708600001393279e-05	0.5051233089999982
896	939737	False	lost	0.0	2.4387999985719944e-05	0.5088098139999886
897	939747	False	lost	0.0	2.1413000013126293e-05	0.5542345949999969
898	939757	False	lost	0.0	1.1567999990802491e-05	0.5620092239999792
899	939767	False	lost	0.0	1.834900001540518e-05	0.5139345329999969
900	939777	False	lost	0.0	1.4924999987897536e-05	0.5652234529999873
901	939787	False	lost	0.0	7.869000000937376e-06	0.5213602120000189
902	939797	False	lost	0.0	7.768000017449594e-06	0.5244952459999865
903	939807	False	lost	0.0	9.452999989889577e-06	0.5703907969999875
904	939817	False	lost	0.0	1.1798000002727349e-05	0.5874250600000153
905	939827	False	lost	0.0	9.914000003163892e-06	0.5415197220000039
906	939837	False	lost	0.0	9.992999991936813e-06	0.544567537000006
907	939847	False	lost	0.0	9.001999984548092e-06	0.4905422280000096
908	939857	False	lost	0.0	1.2749999996231054e-05	0.4927516740000044
909	939867	False	lost	0.0	9.041999987857707e-06	0.521262551999996
910	939877	False	segregating	0.12115	1.347200000623161e-05	2.8207163390000005
911	939887	False	lost	0.0	2.277400000139096e-05	0.4947394709999742
912	939897	False	lost	0.0	2.1510999999918567e-05	0.5266390430000172
913	939907	False	lost	0.0	2.1169999996573097e-05	0.5444748349999884
914	939917	False	lost	0.0	1.9395999999005653e-05	0.5784209409999903
915	939927	False	lost	0.0	2.1420999985366507e-05	0.5105234050000149
916	939937	False	lost	0.0	2.3124000023244662e-05	0.5551135089999946
917	939947	False	lost	0.0	2.0497999997814986e-05	0.5141452179999817
918	939957	False	lost	0.0	1.4894999992520752e-05	0.5138492449999887
919	939967	False	lost	0.0	1.85339999916323e-05	0.5508227309999825
920	939977	False	lost	0.0	8.293000007597584e-06	0.5416261370000086
921	939987	False	lost	0.0	1.130799998350085e-05	0.7472514250000017
922	939997	False	lost	0.0	8.273999981156521e-06	0.5283928320000086
923	940007	False	lost	0.0	8.474000026126305e-06	0.5266469590000042
924	940017	False	lost	0.0	8.653999998387008e-06	0.5278931729999954
925	940027	False	lost	0.0	8.233000016844016e-06	0.5276176129999897
926	940037	False	lost	0.0	7.691999996950472e-06	0.5109221619999857
927	940047	False	lost	0.0	7.713000002240733e-06	0.5237302419999992
928	940057	False	lost	0.0	9.33500001565335e-06	0.5024914920000185
929	940067	False	lost	0.0	1.2269999984937385e-05	0.522260225999986
930	940077	False	lost	0.0	1.2370000007422277e-05	0.5024545500000102
931	940087	False	lost	0.0	2.1164000003182082e-05	0.5174916800000062
932	940097	False	lost	0.0	1.198000001068067e-05	0.49580804199999307
933	940107	False	lost	0.0	2.1914999990713113e-05	0.5254322049999871
934	940117	False	lost	0.0	1.4002000000346015e-05	0.4888899049999793
935	940127	False	lost	0.0	2.2426000015229874e-05	0.5074310990000015
936	940137	False	lost	0.0	1.0738000014498539e-05	0.545715174999998
937	940147	False	lost	0.0	2.0793000004459827e-05	0.5170175700000073
938	940157	False	lost	0.0	1.0567000003902649e-05	0.5196999400000095
939	940167	False	segregating	0.045	2.3147000007384122e-05	2.7938003149999986
940	940177	False	segregating	0.082425	1.3390999981766072e-05	2.6972875920000092
941	940187	False	lost	0.0	9.215000005724505e-06	0.531903686999982
942	940197	False	lost	0.0	9.00400002024071e-06	0.5181201500000157
943	940207	False	lost	0.0	1.048699999728342e-05	0.5338161709999838
944	940217	False	lost	0.0	8.75399999245019e-06	0.5327396280000016
945	940227	False	lost	0.0	9.705000024951005e-06	0.528770030000004
946	940237	False	lost	0.0	9.615999999823543e-06	0.5250398440000197
947	940247	False	lost	0.0	1.256000001603752e-05	0.523912901000017
948	940257	False	lost	0.0	9.774999995215694e-06	0.7772974519999991
949	940267	False	lost	0.0	1.4332999995758655e-05	0.5224263460000032
950	940277	False	lost	0.0	1.11479999986841e-05	0.525714148999981
951	940287	False	lost	0.0	1.4613000018925959e-05	0.5294985779999877
952	940297	False	lost	0.0	1.669700000661578e-05	0.5723736039999778
953	940307	False	lost	0.0	2.2255999994058584e-05	0.5912496889999943
954	940317	False	lost	0.0	1.925099999766644e-05	0.5184164340000166
955	940327	False	lost	0.0	1.766799999813884e-05	0.5223780590000047
956	940337	False	lost	0.0	1.1849000003394394e-05	0.5309340510000027
957	940347	False	lost	0.0	1.215000000343025e-05	0.5175825430000032
958	940357	False	lost	0.0	1.832899999953952e-05	0.5784833939999885
959	940367	False	lost	0.0	2.025300000241259e-05	0.5721504459999949
960	940377	False	lost	0.0	1.4625000005707989e-05	0.536320819999986
961	940387	False	lost	0.0	1.646800001253723e-05	0.5233609679999915
962	940397	False	lost	0.0	2.206700000328965e-05	0.5241042100000186
963	940407	False	lost	0.0	8.84499999642685e-06	0.527829880000013
964	940417	False	lost	0.0	8.003999994343758e-06	0.5012688630000071
965	940427	False	lost	0.0	1.4695000004394387e-05	1.3975514279999857
966	940437	False	lost	0.0	1.3081999981068293e-05	0.5206371289999936
967	940447	False	lost	0.0	1.6337999994675556e-05	1.0992737289999752
968	940457	False	lost	0.0	1.530599999455262e-05	0.5172149439999885
969	940467	False	segregating	0.000425	2.4451000001590728e-05	2.867872000999995
970	940477	False	lost	0.0	2.43009999962851e-05	0.5703543399999944
971	940487	False	lost	0.0	1.115899999604153e-05	0.5290951489999998
972	940497	False	lost	0.0	1.2842000018054023e-05	1.0546839579999983
973	940507	False	lost	0.0	1.668799998810755e-05	0.5220764080000038
974	940517	False	lost	0.0	2.2607999994761485e-05	0.5603530420000027
975	940527	False	lost	0.0	1.1760000006688642e-05	0.5197496910000154
976	940537	False	lost	0.0	1.381399999900168e-05	0.5170786350000185
977	940547	False	lost	0.0	2.3439000017333456e-05	0.520529678999992
978	940557	False	lost	0.0	1.1430000000700602e-05	0.5051565619999963
979	940567	False	lost	0.0	1.3742999982468973e-05	0.5172811619999891
980	940577	False	lost	0.0	8.493999985148548e-06	0.5089451919999988
981	940587	False	lost	0.0	1.2440999995533275e-05	0.5488440690000118
982	940597	False	segregating	0.1658	8.60500000499087e-06	2.8890487220000125
983	940607	False	lost	0.0	1.1048999994045516e-05	0.543302978000014
984	940617	False	lost	0.0	1.0888999980807057e-05	0.5634232829999917
985	940627	False	lost	0.0	1.4254000006985734e-05	0.7832162390000121
986	940637	False	lost	0.0	2.0634999998492276e-05	0.5302024620000054
987	940647	False	lost	0.0	2.273799998420145e-05	0.5217393180000158
988	940657	False	lost	0.0	1.123900000266076e-05	0.5404529090000096
989	940667	False	lost	0.0	2.1426000017754632e-05	0.49185175099998446
990	940677	False	lost	0.0	3.635100000565217e-05	0.5113626469999986
991	940687	False	lost	0.0	2.2268000009262323e-05	0.506393093999975
992	940697	False	lost	0.0	2.189599999269376e-05	1.0522742279999875
993	940707	False	lost	0.0	2.280800001130956e-05	0.5206968920000179
994	940717	False	lost	0.0	1.3572999989719392e-05	0.5112607899999944
995	940727	False	lost	0.0	1.5275999999175838e-05	0.4919501169999876
996	940737	False	lost	0.0	2.1476000000575368e-05	0.5303038019999917
997	940747	False	lost	0.0	1.5735999994603844e-05	0.4974115020000056
998	940757	False	lost	0.0	1.0367000015776284e-05	0.5214608299999952
999	940767	False	lost	0.0	1.6547999990734752e-05	0.5518981669999903
1000	940777	False	lost	0.0	9.553000040796178e-06	0.5330758479999531
1001	940787	False	lost	0.0	8.99200000503697e-06	1.03337645900001
1002	940797	False	lost	0.0	8.299999990413198e-06	0.5206830619999891
1003	940807	False	lost	0.0	9.583000007751252e-06	0.531459620000021
1004	940817	False	lost	0.0	1.1276999998699466e-05	0.5170528299999546
1005	940827	False	lost	0.0	1.0846000009223644e-05	0.5569836700000224
1006	940837	False	lost	0.0	2.096000002893561e-05	0.5090335720000212
1007	940847	False	lost	0.0	2.0990999985315284e-05	0.5028899570000362
1008	940857	False	lost	0.0	1.1787999994794518e-05	0.5334141349999868
1009	940867	False	lost	0.0	1.647999999931926e-05	0.48335097500000757
1010	940877	False	lost	0.0	2.1973000002617482e-05	0.5614774179999813
1011	940887	False	lost	0.0	1.9927999971969257e-05	0.5186671700000147
1012	940897	False	lost	0.0	2.311600002258274e-05	0.5209466809999981
1013	940907	False	lost	0.0	1.3411999987056333e-05	0.5210952519999523
1014	940917	False	lost	0.0	2.5802999971347163e-05	0.5248026889999551
1015	940927	False	lost	0.0	1.9146999989061442e-05	0.5101435179999498
1016	940937	False	lost	0.0	1.963799996929083e-05	0.5040469990000247
1017	940947	False	lost	0.0	1.565800005209894e-05	0.500429883000038
1018	940957	False	lost	0.0	2.3357000031865027e-05	0.5210649739999553
1019	940967	False	lost	0.0	2.055000004475005e-05	0.519412903999978
1020	940977	False	lost	0.0	1.3603000013517885e-05	0.5050097889999847
1021	940987	False	lost	0.0	9.202000001096167e-06	0.523382531999971
1022	940997	False	lost	0.0	1.0265000014442194e-05	0.504772169999967
1023	941007	False	lost	0.0	1.4164000049277092e-05	0.513655104999998
1024	941017	False	lost	0.0	7.738999954653991e-06	0.5144837309999843
1025	941027	False	lost	0.0	9.473000034176948e-06	0.5142684990000248
1026	941037	False	lost	0.0	8.30999999834603e-06	0.5212910440000087
1027	941047	False	lost	0.0	1.1166999968281743e-05	0.5232156270000132
1028	941057	False	lost	0.0	1.829400002861803e-05	0.51004642099997
1029	941067	False	lost	0.0	0.00010487399998737601	0.5707060810000257
1030	941077	False	lost	0.0	1.5286999996533268e-05	0.5386711379999838
1031	941087	False	segregating	0.101925	2.4308999968525313e-05	2.903562366000017
1032	941097	False	lost	0.0	2.8047999990121752e-05	0.7878302599999643
1033	941107	False	lost	0.0	2.295500001991968e-05	0.7931754749999982
1034	941117	False	lost	0.0	1.413399996863518e-05	0.5112271689999943
1035	941127	False	lost	0.0	1.2871000024006207e-05	0.5252414509999994
1036	941137	False	lost	0.0	1.8002999979671586e-05	0.5476129790000073
1037	941147	False	lost	0.0	1.9858000030126277e-05	0.5134845979999909
1038	941157	False	lost	0.0	2.35269999961929e-05	0.5219502240000224
1039	941167	False	lost	0.0	2.427900000157024e-05	0.5222253459999706
1040	941177	False	lost	0.0	1.098899997487024e-05	0.5316354020000063
1041	941187	False	segregating	0.0293	1.701899998352019e-05	2.7024223079999956
1042	941197	False	lost	0.0	8.875999981228233e-06	0.5412464890000024
1043	941207	False	lost	0.0	1.0739000003923138e-05	0.5356928499999754
1044	941217	False	lost	0.0	8.063999985097325e-06	0.513224174999948
1045	941227	False	lost	0.0	8.374999993066012e-06	0.5410303319999912
1046	941237	False	lost	0.0	1.4104000001680106e-05	0.5538435799999775
1047	941247	False	lost	0.0	1.2040999990858836e-05	0.5684347979999984
1048	941257	False	lost	0.0	7.072000016705715e-06	0.5902049430000034
1049	941267	False	lost	0.0	1.1220000033063116e-05	0.5397151469999812
1050	941277	False	lost	0.0	1.1920000019927102e-05	0.5375135029999569
1051	941287	False	lost	0.0	2.066599995487195e-05	0.5380302970000344
1052	941297	False	lost	0.0	1.8913000019438186e-05	0.5286663859999976
1053	941307	False	lost	0.0	1.5165999968758115e-05	0.5352448680000066
1054	941317	False	lost	0.0	1.2901999980385881e-05	0.6017940890000091
1055	941327	False	lost	0.0	2.1156999991944758e-05	0.5423510260000057
1056	941337	False	lost	0.0	1.1790000030487136e-05	0.536109372999988
1057	941347	False	lost	0.0	1.8972000020767155e-05	0.5216929289999825
1058	941357	False	lost	0.0	1.4584999973976664e-05	0.5551182940000103
1059	941367	False	lost	0.0	1.7900999978337495e-05	0.5362765069999682
1060	941377	False	lost	0.0	1.3002000002870773e-05	0.5441284560000099
1061	941387	False	lost	0.0	9.657000020979467e-06	0.570051927999998
1062	941397	False	lost	0.0	9.17599999183949e-06	0.5263385150000204
1063	941407	False	lost	0.0	7.633000052464922e-06	0.4866267450000237
1064	941417	False	lost	0.0	8.535000006304472e-06	0.5436769209999852
1065	941427	False	lost	0.0	9.486999999808177e-06	0.5292894620000084
1066	941437	False	lost	0.0	1.3914000021486572e-05	0.822133311000016
1067	941447	False	lost	0.0	1.092900004096009e-05	0.8275913520000131
1068	941457	False	lost	0.0	1.1228999994727928e-05	0.5425168500000268
1069	941467	False	lost	0.0	1.6989000016565114e-05	0.5071242409999854
1070	941477	False	lost	0.0	9.636000015689206e-06	0.5145701989999907
1071	941487	False	lost	0.0	1.2030999982926005e-05	0.5409828640000001
1072	941497	False	lost	0.0	1.0838999969564611e-05	0.5151852989999952
1073	941507	False	lost	0.0	1.1369999981525325e-05	0.525283466000019
1074	941517	False	lost	0.0	7.32160000325166e-05	0.8065832560000104
1075	941527	False	lost	0.0	1.619799996888105e-05	0.5146732100000122
1076	941537	False	lost	0.0	4.9165000007178605e-05	0.5089149799999859
1077	941547	False	segregating	0.074025	2.2379000029104645e-05	2.743777582000007
1078	941557	False	lost	0.0	1.6408999954364845e-05	0.48858004400000254
1079	941567	False	lost	0.0	2.3521000002801884e-05	0.48224086300001545
1080	941577	False	lost	0.0	1.0758999962945381e-05	0.8396445679999829
1081	941587	False	lost	0.0	1.398500000959757e-05	0.8284882059999745
1082	941597	False	lost	0.0	1.1780999955135485e-05	0.5265951279999967
1083	941607	False	lost	0.0	1.84630000035213e-05	0.5258797030000437
1084	941617	False	lost	0.0	1.4074999967306212e-05	0.553861650999977
1085	941627	False	lost	0.0	1.8162999992910045e-05	1.109931237000012
1086	941637	False	lost	0.0	1.9344999998338608e-05	0.5245437570000036
1087	941647	False	segregating	0.0204	2.499500004660149e-05	3.5910553100000016
1088	941657	False	segregating	0.05615	1.9565000002330635e-05	3.580157961999987
1089	941667	False	lost	0.0	1.4866000014990277e-05	0.5146488070000146
1090	941677	False	lost	0.0	2.4843999995027843e-05	0.5295093930000121
1091	941687	False	segregating	0.06745	1.9184000052518968e-05	3.5891213390000303
1092	941697	False	lost	0.0	1.2813000012101838e-05	0.5007937110000285
1093	941707	False	lost	0.0	2.068700001700563e-05	0.542435931
1094	941717	False	lost	0.0	1.531700002033176e-05	0.5223552890000178
1095	941727	False	lost	0.0	2.143800003295837e-05	0.4741382629999862
1096	941737	False	lost	0.0	2.326100002392195e-05	0.5271443060000252
1097	941747	False	lost	0.0	1.1400000005323818e-05	0.5147172769999884
1098	941757	False	lost	0.0	1.546800001506199e-05	0.4920591599999966
1099	941767	False	segregating	0.0885	1.752099996110701e-05	3.548818151999967
1100	941777	False	lost	0.0	9.457000032853102e-06	0.7458338779999849
1101	941787	False	lost	0.0	9.497000007741008e-06	0.5452485800000204
1102	941797	False	lost	0.0	1.1610999990807613e-05	0.5107059389999904
1103	941807	False	lost	0.0	1.1400000005323818e-05	0.5020196069999656
1104	941817	False	lost	0.0	8.865999973295402e-06	0.49916880699998956
1105	941827	False	lost	0.0	8.92599996404897e-06	0.5354864639999732
1106	941837	False	lost	0.0	1.5507999989949894e-05	0.5258950510000204
1107	941847	False	lost	0.0	1.1599999993450183e-05	0.5241156129999922
1108	941857	False	lost	0.0	8.475000015550904e-06	0.48183269800000517
1109	941867	False	lost	0.0	1.28330000279675e-05	0.5511465470000303
1110	941877	False	lost	0.0	1.6318999996656203e-05	0.5014998340000147
1111	941887	False	lost	0.0	2.274000001989407e-05	0.517865090999976
1112	941897	False	lost	0.0	2.1559000003890105e-05	0.517852879999964
1113	941907	False	lost	0.0	1.4937000003101275e-05	0.5078834939999979
1114	941917	False	lost	0.0	1.827199997705975e-05	0.4938010750000217
1115	941927	False	lost	0.0	1.2231000027895789e-05	0.5224987799999781
1116	941937	False	lost	0.0	1.2322000031872449e-05	0.5187772769999697
1117	941947	False	lost	0.0	1.4346000000386994e-05	0.5535874460000514
1118	941957	False	lost	0.0	2.7990000035060802e-05	0.5069660020000128
1119	941967	False	lost	0.0	1.1690000008002244e-05	0.502354089999983
1120	941977	False	lost	0.0	1.0379000002558314e-05	0.5064841290000004
1121	941987	False	lost	0.0	9.787999999844033e-06	0.5112837830000103
1122	941997	False	lost	0.0	1.0698999972191814e-05	0.5161442229999693
1123	942007	False	lost	0.0	1.5246999964801944e-05	0.5102057089999903
1124	942017	False	lost	0.0	1.0980000013205427e-05	0.5819798059999925
1125	942027	False	lost	0.0	1.5576999999211694e-05	0.5100719459999823
1126	942037	False	lost	0.0	8.245000003626046e-06	0.5157836810000163
1127	942047	False	lost	0.0	7.694000032643089e-06	0.5857197500000098
1128	942057	False	lost	0.0	1.0587999952349492e-05	0.5016990620000001
1129	942067	False	lost	0.0	2.622600004542619e-05	0.5278458980000096
1130	942077	False	lost	0.0	1.555699998334603e-05	0.7413313640000183
1131	942087	False	lost	0.0	2.116799998930219e-05	0.5228236190000075
1132	942097	False	lost	0.0	2.590600001894927e-05	0.5148830740000108
1133	942107	False	lost	0.0	1.3363999983084796e-05	0.49434332100003076
1134	942117	False	lost	0.0	1.0368000005200884e-05	0.5087072809999995
1135	942127	False	lost	0.0	1.4986999985922012e-05	0.5378841529999931
1136	942137	False	lost	0.0	2.5606000008338015e-05	0.5515402980000204
1137	942147	False	lost	0.0	1.4245999977902102e-05	0.5138217600000416
1138	942157	False	lost	0.0	1.1571000015919708e-05	0.5048570490000088
1139	942167	False	lost	0.0	1.3103000014780264e-05	0.5099957830000221
1140	942177	False	lost	0.0	2.588600000308361e-05	0.5336054059999924
1141	942187	False	lost	0.0	1.3534000004256086e-05	0.5255487510000307
1142	942197	False	lost	0.0	1.1309999990771757e-05	0.585456220000026
1143	942207	False	lost	0.0	9.155999975973828e-06	0.49725634999998647
1144	942217	False	lost	0.0	8.736000040698855e-06	0.5343824849999805
1145	942227	False	lost	0.0	8.394999952088256e-06	0.5184691799999541
1146	942237	False	lost	0.0	1.0838999969564611e-05	0.5378233470000282
1147	942247	False	lost	0.0	7.543999970494042e-06	0.5011657499999842
1148	942257	False	lost	0.0	2.1447999984047783e-05	0.5170125620000476
1149	942267	False	lost	0.0	1.1931000017284532e-05	0.5195176430000288
1150	942277	False	lost	0.0	1.2772999980370514e-05	0.5722316949999708
1151	942287	False	lost	0.0	1.3744999989739881e-05	0.52991051500004
1152	942297	False	lost	0.0	1.3093000006847433e-05	0.5234571259999825
1153	942307	False	lost	0.0	1.1600999982874782e-05	0.5012298430000328
1154	942317	False	lost	0.0	3.07749999706175e-05	0.5354270180000071
1155	942327	False	lost	0.0	9.937000015725062e-06	1.0215594059999944
1156	942337	False	lost	0.0	2.09269999800199e-05	0.5258148549999646
1157	942347	False	lost	0.0	1.0818999953698949e-05	0.5324297919999594
1158	942357	False	lost	0.0	9.92700000779223e-06	0.8057779580000215
1159	942367	False	lost	0.0	2.0455999958812754e-05	0.5749776160000124
1160	942377	False	lost	0.0	9.398999964105315e-06	0.5274684710000201
1161	942387	False	lost	0.0	1.0831999986748997e-05	0.8104775229999746
1162	942397	False	lost	0.0	1.0961999976188963e-05	0.5042759769999634
1163	942407	False	lost	0.0	1.0652000014488294e-05	0.5679279729999962
1164	942417	False	lost	0.0	7.595999989007396e-06	0.5266188709999824
1165	942427	False	lost	0.0	1.0822999968240765e-05	0.49499217599998246
1166	942437	False	lost	0.0	2.163499999596752e-05	0.516414114999975
1167	942447	False	lost	0.0	1.259599997638361e-05	0.5344757210000353
1168	942457	False	lost	0.0	1.3658000000305037e-05	0.5222133109999731
1169	942467	False	lost	0.0	2.0773000017015875e-05	0.5640836880000393
1170	942477	False	lost	0.0	1.1063000044941873e-05	0.5049420279999595
1171	942487	False	lost	0.0	2.0942999981343746e-05	0.5725158360000364
1172	942497	False	lost	0.0	1.2465999986943643e-05	0.5206818059999705
1173	942507	False	lost	0.0	2.9059999974379025e-05	0.5446616770000219
1174	942517	False	lost	0.0	2.5442000037401158e-05	0.5091018050000002
1175	942527	False	lost	0.0	2.5091999987125746e-05	0.539351336999971
1176	942537	False	lost	0.0	1.9078999969224242e-05	0.5200639770000066
1177	942547	False	lost	0.0	1.7886000023281667e-05	0.559401451000042
1178	942557	False	lost	0.0	1.7676999959803652e-05	0.5716943649999848
1179	942567	False	lost	0.0	1.6625000000658474e-05	0.7493124290000424
1180	942577	False	lost	0.0	9.088000012980046e-06	0.4972905200000355
1181	942587	False	lost	0.0	9.108000028845709e-06	0.5175952040000311
1182	942597	False	lost	0.0	8.257000047251495e-06	0.49928226100001893
1183	942607	False	lost	0.0	9.629999965454772e-06	0.5047011839999982
1184	942617	False	lost	0.0	7.345000028635695e-06	0.47947051900001725
1185	942627	False	lost	0.0	1.5001000008396659e-05	0.5007131849999951
1186	942637	False	lost	0.0	8.257000047251495e-06	0.4985113459999866
1187	942647	False	lost	0.0	7.935999974506558e-06	0.4835909820000097
1188	942657	False	lost	0.0	2.212599997619691e-05	0.5336091849999889
1189	942667	False	segregating	0.123525	1.1373999996067141e-05	2.7222965509999995
1190	942677	False	lost	0.0	1.9098999985089904e-05	0.48622299499999144
1191	942687	False	lost	0.0	1.908000001549226e-05	0.5060494250000147
1192	942697	False	lost	0.0	1.77560000338417e-05	0.5015195459999973
1193	942707	False	lost	0.0	2.2847000025194575e-05	0.5006579869999541
1194	942717	False	lost	0.0	1.8548000014106947e-05	0.546804418000022
1195	942727	False	lost	0.0	2.0262000020920823e-05	0.5195810540000139
1196	942737	False	lost	0.0	2.411999997775638e-05	0.4873896240000022
1197	942747	False	lost	0.0	1.8507999982375622e-05	0.5459954300000049
1198	942757	False	lost	0.0	1.2574999971093348e-05	0.49026716100001977
1199	942767	False	lost	0.0	1.8789000023389235e-05	0.49899952699996675
1200	942777	False	lost	0.0	1.0838999969564611e-05	0.5254206040000327
1201	942787	False	lost	0.0	8.074999982454756e-06	0.5010886489999962
1202	942797	False	lost	0.0	8.11500001418608e-06	0.5638280570000234
1203	942807	False	lost	0.0	9.377000026233873e-06	0.5205614609999998
1204	942817	False	lost	0.0	7.594000010158197e-06	0.5389422060000015
1205	942827	False	lost	0.0	8.69600000896753e-06	0.5431692249999855
1206	942837	False	segregating	0.0558	8.475000015550904e-06	2.7077639949999934
1207	942847	False	lost	0.0	8.294999986446783e-06	0.5807616410000378
1208	942857	False	lost	0.0	7.964000019455852e-06	0.5130489460000263
1209	942867	False	lost	0.0	1.207099995781391e-05	0.5167571529999577
1210	942877	False	lost	0.0	1.4616000044043176e-05	0.5476356039999928
1211	942887	False	lost	0.0	9.59699997338248e-06	0.5123099799999977
1212	942897	False	lost	0.0	1.1661000030471769e-05	0.5228213170000231
1213	942907	False	lost	0.0	2.4844999984452443e-05	0.5462155360000338
1214	942917	False	lost	0.0	1.8662999991647666e-05	0.5041334909999478
1215	942927	False	lost	0.0	1.7822000017986284e-05	0.5167381460000229
1216	942937	False	lost	0.0	2.251099999739381e-05	0.49445328299998437
1217	942947	False	lost	0.0	2.4524000025394344e-05	0.5221297580000055
1218	942957	False	lost	0.0	1.7251000031137664e-05	0.4951344770000219
1219	942967	False	lost	0.0	2.8090999990126875e-05	0.5070642460000272
1220	942977	False	segregating	0.0799	8.84499996800514e-06	2.8166735780000067
1221	942987	False	lost	0.0	1.4846999988549214e-05	0.5824869469999499
1222	942997	False	lost	0.0	8.084999990387587e-06	0.5376631500000144
1223	943007	False	lost	0.0	9.27700000374898e-06	0.5079129389999935
1224	943017	False	lost	0.0	8.615999945504882e-06	0.6123243040000261
1225	943027	False	lost	0.0	8.945999979914632e-06	0.7814114369999743
1226	943037	False	lost	0.0	7.384000014099001e-06	0.49818427200000315
1227	943047	False	lost	0.0	1.2251999976342631e-05	0.5307902170000034
1228	943057	False	lost	0.0	7.995000032678945e-06	0.5059230369999455
1229	943067	False	lost	0.0	1.0409000026356807e-05	0.5936065579999763
1230	943077	False	lost	0.0	1.2342000047738111e-05	0.5178838159999941
1231	943087	False	lost	0.0	2.7258999978130305e-05	0.5386880410000003
1232	943097	False	lost	0.0	1.7841999977008527e-05	0.5079555130000131
1233	943107	False	lost	0.0	8.214000001771637e-05	0.8034716970000204
1234	943117	False	lost	0.0	1.8904000000929955e-05	0.5203307280000331
1235	943127	False	lost	0.0	1.050899999199828e-05	0.5416190299999926
1236	943137	False	lost	0.0	1.7522000007375027e-05	0.49471497299998646
1237	943147	False	lost	0.0	2.6687000001857086e-05	0.7671983039999759
1238	943157	False	lost	0.0	1.4776999989862816e-05	0.5522565599999893
1239	943167	False	lost	0.0	1.0228999997252686e-05	0.5126710549999984
1240	943177	False	segregating	0.088	8.878999949502031e-06	3.0851565059999757
1241	943187	False	segregating	0.13805	1.5982999968855438e-05	3.0684470599999827
1242	943197	False	lost	0.0	8.236999974542414e-06	0.5196757460000185
1243	943207	False	lost	0.0	1.0231999965526484e-05	1.6007655039999804
1244	943217	False	lost	0.0	8.606999983840069e-06	0.5306268030000183
1245	943227	False	lost	0.0	8.977999982562324e-06	0.535936439000011
1246	943237	False	lost	0.0	8.438000008936797e-06	0.5640251340000191
1247	943247	False	lost	0.0	1.2665999975070008e-05	0.5273119119999592
1248	943257	False	lost	0.0	1.5692000033595832e-05	0.5355370010000229
1249	943267	False	lost	0.0	7.666000044537213e-06	0.5455095809999762
1250	943277	False	lost	0.0	1.169500001196866e-05	0.513894697000012
1251	943287	False	lost	0.0	2.098300001307507e-05	0.5364342050000346
1252	943297	False	lost	0.0	3.054399996926804e-05	0.5134424960000388
1253	943307	False	lost	0.0	1.9881000014265737e-05	0.5278534749999721
1254	943317	False	lost	0.0	2.180500001713881e-05	0.5123115389999953
1255	943327	False	lost	0.0	1.0832999976173596e-05	0.5439895930000489
1256	943337	False	lost	0.0	1.47709999964718e-05	0.7681731870000021
1257	943347	False	lost	0.0	2.023199999712233e-05	0.5252200819999757
1258	943357	False	lost	0.0	1.4480000004368776e-05	0.524572054000032
1259	943367	False	lost	0.0	1.1373999996067141e-05	0.5305500130000382
1260	943377	False	lost	0.0	1.2631999993573118e-05	0.5354792539999949
1261	943387	False	lost	0.0	1.3935000026776834e-05	0.5173332019999748
1262	943397	False	lost	0.0	8.064999974521925e-06	0.5143901740000274
1263	943407	False	lost	0.0	1.838399998632667e-05	0.5095240460000241
1264	943417	False	lost	0.0	7.563999986359704e-06	0.5287179080000328
1265	943427	False	lost	0.0	1.5417999975397834e-05	0.56122528100002
1266	943437	False	lost	0.0	8.955999987847463e-06	0.5565523060000146
1267	943447	False	lost	0.0	7.93399999565736e-06	0.49673636500000384
1268	943457	False	lost	0.0	1.2212000001454726e-05	0.5555652290000239
1269	943467	False	lost	0.0	8.033999961298832e-06	0.5094264119999821
1270	943477	False	lost	0.0	1.6830999982175854e-05	0.578488606999997
1271	943487	False	lost	0.0	1.2522000019998814e-05	0.5085308700000155
1272	943497	False	lost	0.0	1.531800000975636e-05	0.5687590510000291
1273	943507	False	lost	0.0	1.6759999994064856e-05	0.5294388440000262
1274	943517	False	lost	0.0	1.828299997441718e-05	0.5235000330000048
1275	943527	False	lost	0.0	2.0918000018355087e-05	1.2914808980000316
1276	943537	False	lost	0.0	2.141800001709271e-05	0.5336578569999801
1277	943547	False	lost	0.0	1.9995999991806457e-05	0.526056643000004
1278	943557	False	lost	0.0	1.4916999987235613e-05	0.5311748739999871
1279	943567	False	lost	0.0	1.835299997310358e-05	0.5243708130000186
1280	943577	False	lost	0.0	1.3283999976465566e-05	0.49124856800000316
1281	943587	False	lost	0.0	1.9645999998374464e-05	0.5177698449999752
1282	943597	False	lost	0.0	7.763999974486069e-06	0.9959845199999791
1283	943607	False	lost	0.0	9.678000026269729e-06	0.5260863910000353
1284	943617	False	lost	0.0	1.679999996895276e-05	0.5069168200000149
1285	943627	False	lost	0.0	7.833999973172467e-06	0.5177635320000036
1286	943637	False	lost	0.0	9.43700001698744e-06	0.5145282060000227
1287	943647	False	lost	0.0	7.823999965239636e-06	0.5410831570000028
1288	943657	False	lost	0.0	1.3966000039999926e-05	0.5100472469999886
1289	943667	False	lost	0.0	2.6327000000492262e-05	0.4837448719999884
1290	943677	False	lost	0.0	1.5357999984644266e-05	0.5270550740000317
1291	943687	False	lost	0.0	1.3944999977866246e-05	0.5485548139999992
1292	943697	False	lost	0.0	1.3635000016165577e-05	0.5068204300000048
1293	943707	False	lost	0.0	1.978599999574726e-05	0.5038834890000317
1294	943717	False	lost	0.0	1.795299999685085e-05	0.5162723460000507
1295	943727	False	lost	0.0	1.995600001691855e-05	0.5237512549999792
1296	943737	False	lost	0.0	2.251000000796921e-05	0.49049499900002047
1297	943747	False	lost	0.0	1.5447999999196327e-05	0.5366030289999912
1298	943757	False	lost	0.0	1.8353000029946998e-05	0.5339973750000127
1299	943767	False	lost	0.0	2.0496999979968678e-05	0.520039818999976
1300	943777	False	lost	0.0	9.099000010337477e-06	0.5311772249999649
1301	943787	False	lost	0.0	9.279999972022779e-06	0.5471930900000075
1302	943797	False	lost	0.0	1.2255999990884447e-05	0.5276697390000322
1303	943807	False	lost	0.0	1.2066000010690914e-05	0.5138020079999706
1304	943817	False	lost	0.0	9.068999986538984e-06	0.5207014829999821
1305	943827	False	lost	0.0	7.697000000916887e-06	0.5487533870000334
1306	943837	False	lost	0.0	7.715999970514531e-06	0.5348733809999544
1307	943847	False	lost	0.0	2.065399996808992e-05	0.5303933550000011
1308	943857	False	lost	0.0	1.095300001452415e-05	0.5072200630000339
1309	943867	False	lost	0.0	1.4141000008294213e-05	0.5324106419999453
1310	943877	False	lost	0.0	2.705899999000394e-05	0.5276170449999995
1311	943887	False	lost	0.0	1.3770000009571959e-05	0.523035531000005
1312	943897	False	lost	0.0	1.0422999991988036e-05	0.5159754250000219
1313	943907	False	lost	0.0	2.224799999339666e-05	0.5266114699999775
1314	943917	False	lost	0.0	9.32610000177192e-05	0.5321134800000209
1315	943927	False	lost	0.0	2.2858999955133186e-05	0.5286287600000037
1316	943937	False	lost	0.0	1.6565000009904907e-05	0.5217540980000308
1317	943947	False	lost	0.0	2.0124000002397224e-05	0.5116235520000032
1318	943957	False	lost	0.0	1.3989999956720567e-05	0.5280874930000437
1319	943967	False	lost	0.0	1.9070999996984028e-05	0.7465844479999646
1320	943977	False	lost	0.0	2.541500003871988e-05	0.5105627939999522
1321	943987	False	lost	0.0	1.6466000033688033e-05	0.5003566309999883
1322	943997	False	segregating	0.148375	1.7488000025878137e-05	3.7504695160000097
1323	944007	False	segregating	0.033675	1.7157000002043787e-05	3.5093127810000055
1324	944017	False	lost	0.0	1.2165999976332387e-05	0.502533341000003
1325	944027	False	lost	0.0	1.4501000009659037e-05	0.5130919869999957
1326	944037	False	lost	0.0	1.1094000001321547e-05	0.5150124799999958
1327	944047	False	lost	0.0	1.459099996736768e-05	0.5268224559999908
1328	944057	False	lost	0.0	1.792900002328679e-05	0.5465553129999989
1329	944067	False	segregating	0.2409	1.3018000004194619e-05	3.801597571000002
1330	944077	False	lost	0.0	2.2607999994761485e-05	0.5293594800000392
1331	944087	False	segregating	0.055975	1.4650999958121247e-05	3.590799990999983
1332	944097	False	lost	0.0	1.5894000000571396e-05	0.5528262849999805
1333	944107	False	lost	0.0	1.1714999970990903e-05	0.5443774810000264
1334	944117	False	lost	0.0	4.279099999848768e-05	0.5066705870000305
1335	944127	False	lost	0.0	1.933100003270738e-05	0.5349156110000308
1336	944137	False	lost	0.0	1.1564999965685274e-05	0.5584450200000219
1337	944147	False	lost	0.0	1.3930000022810418e-05	0.49689048599998387
1338	944157	False	segregating	0.0119	1.9962999999734166e-05	3.6471692380000036
1339	944167	False	lost	0.0	1.526299996612579e-05	0.5620876120000275
1340	944177	False	lost	0.0	1.6510000023117755e-05	0.5518032769999763
1341	944187	False	lost	0.0	1.837300004581266e-05	0.5123320100000228
1342	944197	False	lost	0.0	1.008800001045529e-05	0.4990755069999864
1343	944207	False	lost	0.0	9.607999970739911e-06	0.5282313810000119
1344	944217	False	lost	0.0	1.3363999983084796e-05	0.48597763999998733
1345	944227	False	lost	0.0	8.646000026146794e-06	0.49760018800003536
1346	944237	False	lost	0.0	8.595999986482639e-06	0.5261674600000106
1347	944247	False	lost	0.0	8.575999970616976e-06	0.5019828929999903
1348	944257	False	lost	0.0	1.1791000019911735e-05	0.49914160700001275
1349	944267	False	lost	0.0	1.1450999977569154e-05	0.5117138169999862
1350	944277	False	lost	0.0	1.1120000010578224e-05	0.5036016740000377
1351	944287	False	lost	0.0	1.2403000027916278e-05	0.5128333129999874
1352	944297	False	lost	0.0	2.4816000006921968e-05	0.4882267630000001
1353	944307	False	segregating	0.093375	1.8002999979671586e-05	3.071427846000006
1354	944317	False	lost	0.0	1.9085000019458676e-05	0.4967549919999783
1355	944327	False	lost	0.0	1.2943999990966404e-05	0.521489583999994
1356	944337	False	lost	0.0	2.5456999992456986e-05	0.49835841800000935
1357	944347	False	lost	0.0	2.7710000040315208e-05	0.5208603930000208
1358	944357	False	segregating	0.0367	1.2862999994922575e-05	2.9486123390000216
1359	944367	False	lost	0.0	2.252199999475124e-05	0.5073796589999802
1360	944377	False	lost	0.0	1.393900004131865e-05	0.8003948220000439
1361	944387	False	lost	0.0	1.2045000005400652e-05	0.49866101800000706
1362	944397	False	lost	0.0	8.387000036691461e-06	0.5135128459999692
1363	944407	False	lost	0.0	9.389000013015902e-06	0.8158489580000037
1364	944417	False	lost	0.0	8.186999991721677e-06	0.5375237549999952
1365	944427	False	lost	0.0	1.3568000042596395e-05	0.5212135040000021
1366	944437	False	lost	0.0	1.2395999988257245e-05	0.5531630269999823
1367	944447	False	lost	0.0	8.376999971915211e-06	0.5803493099999741
1368	944457	False	lost	0.0	1.218500000277345e-05	0.5146150500000317
1369	944467	False	lost	0.0	1.3868999985788832e-05	0.5230089609999595
1370	944477	False	lost	0.0	1.0280999958922621e-05	0.5262222800000131
1371	944487	False	lost	0.0	1.8718999967859418e-05	0.5583558820000007
1372	944497	False	lost	0.0	1.7115000048306683e-05	0.5491566059999968
1373	944507	False	lost	0.0	2.2757000010642514e-05	0.5066140260000225
1374	944517	False	lost	0.0	2.189500003169087e-05	0.4997314940000024
1375	944527	False	lost	0.0	1.0801999962950504e-05	0.5096877490000224
1376	944537	False	lost	0.0	2.572300002157135e-05	0.5205818860000022
1377	944547	False	lost	0.0	1.1583999992126337e-05	0.4768482779999772
1378	944557	False	lost	0.0	2.1373999970819568e-05	0.5489591150000024
1379	944567	False	lost	0.0	1.6404000007241848e-05	0.818690681000021
1380	944577	False	lost	0.0	1.1053000037009042e-05	0.5419531910000046
1381	944587	False	lost	0.0	1.0170999985348317e-05	0.5201822590000234
1382	944597	False	lost	0.0	9.430000034171826e-06	0.5434239979999802
1383	944607	False	lost	0.0	1.5851999989990873e-05	0.5061785799999825
1384	944617	False	lost	0.0	1.4229999976578256e-05	0.5058668230000194
1385	944627	False	lost	0.0	8.927999999741587e-06	0.4789179850000096
1386	944637	False	lost	0.0	1.2014999981602159e-05	0.4764928710000049
1387	944647	False	lost	0.0	1.4119000013579353e-05	0.5088126769999803
1388	944657	False	lost	0.0	1.2295000033191172e-05	0.5029151940000247
1389	944667	False	lost	0.0	1.3858999977856001e-05	0.5226721359999829
1390	944677	False	lost	0.0	1.1463999953775783e-05	0.5144919049999999
1391	944687	False	lost	0.0	8.328000035362493e-06	0.5121093160000214
1392	944697	False	lost	0.0	1.7456000023230445e-05	0.4979050179999831
1393	944707	False	lost	0.0	2.3016999989522446e-05	0.5374047560000008
1394	944717	False	lost	0.0	3.054400002611146e-05	0.49321167100004004
1395	944727	False	lost	0.0	1.2575999960517947e-05	0.5297755050000319
1396	944737	False	lost	0.0	2.3489000000154192e-05	0.514590907000013
1397	944747	False	lost	0.0	1.965100000234088e-05	0.5149477530000013
1398	944757	False	lost	0.0	2.5311999991117773e-05	0.5378705579999519
1399	944767	False	lost	0.0	1.1544000017238432e-05	0.501895281999964
1400	944777	False	lost	0.0	9.26699999581615e-06	0.7669901880000225
1401	944787	False	lost	0.0	9.287000011681812e-06	0.5142636759999846
1402	944797	False	lost	0.0	9.035999994466692e-06	0.5082777650000025
1403	944807	False	lost	0.0	8.665999985169037e-06	0.5092009040000107
1404	944817	False	lost	0.0	1.3555000009546347e-05	0.4732377759999622
1405	944827	False	segregating	0.01255	1.5348000033554854e-05	3.0136642200000097
1406	944837	False	lost	0.0	1.7322000019248662e-05	0.5182408830000327
1407	944847	False	lost	0.0	1.4166000028126291e-05	0.5233757520000495
1408	944857	False	lost	0.0	2.4205000045185443e-05	0.4946108190000018
1409	944867	False	lost	0.0	2.3653999960515648e-05	0.5163192279999862
1410	944877	False	lost	0.0	1.2042000037126854e-05	0.4951173640000093
1411	944887	False	lost	0.0	2.343300002394244e-05	0.49849542700002303
1412	944897	False	segregating	0.02075	2.0418000019617466e-05	3.108439422999993
1413	944907	False	lost	0.0	1.7012000000704575e-05	0.5124375569999984
1414	944917	False	lost	0.0	2.1650000007866765e-05	0.47613642999999684
1415	944927	False	lost	0.0	2.1619999984068272e-05	0.4842889770000056
1416	944937	False	lost	0.0	2.111899999590605e-05	0.7412197180000248
1417	944947	False	lost	0.0	2.3552999948606157e-05	0.5206443140000374
1418	944957	False	lost	0.0	1.8313999987640273e-05	0.4997632220000128
1419	944967	False	lost	0.0	4.678599998442223e-05	0.4959940560000291
1420	944977	False	lost	0.0	1.31539999870256e-05	0.5224936060000118
1421	944987	False	lost	0.0	1.390599999240294e-05	0.5366358090000176
1422	944997	False	lost	0.0	9.27799999317358e-06	0.5149373080000146
1423	945007	False	lost	0.0	8.02499999963402e-06	0.5174715619999688
1424	945017	False	lost	0.0	1.4926999995168444e-05	0.49612305300001935
1425	945027	False	lost	0.0	1.3293999984398397e-05	0.520626309000022
1426	945037	False	lost	0.0	1.1572000005344307e-05	0.5622884269999986
1427	945047	False	lost	0.0	1.6900999980862252e-05	0.5159133519999841
1428	945057	False	lost	0.0	1.3795000029404036e-05	0.4832649009999841
1429	945067	False	lost	0.0	7.954000011523021e-06	0.5221401969999988
1430	945077	False	lost	0.0	8.155000045917404e-06	0.502174239999988
1431	945087	False	segregating	0.01215	2.5226999980532128e-05	3.161602402000028
1432	945097	False	segregating	0.03745	2.267100001063227e-05	2.9702908959999945
1433	945107	False	lost	0.0	2.2792000038407423e-05	0.5134672809999756
1434	945117	False	lost	0.0	2.1409999988009076e-05	0.5402850109999804
1435	945127	False	lost	0.0	2.052799999319177e-05	0.4924067719999812
1436	945137	False	lost	0.0	1.1712000002717105e-05	0.4881288340000083
1437	945147	False	lost	0.0	1.7042000024503068e-05	0.4982401560000085
1438	945157	False	lost	0.0	1.1530999984188384e-05	0.48891346999999996
1439	945167	False	lost	0.0	1.0910000014519028e-05	0.501098829
1440	945177	False	lost	0.0	8.997000009003386e-06	0.5249504150000348
1441	945187	False	lost	0.0	1.4718999977958447e-05	0.4861451049999914
1442	945197	False	lost	0.0	2.0689999985279428e-05	0.5138583149999931
1443	945207	False	lost	0.0	8.475999948132085e-06	0.5387353769999663
1444	945217	False	lost	0.0	1.2394999998832645e-05	0.5155882800000313
1445	945227	False	lost	0.0	1.2103999949886202e-05	0.4931045969999559
1446	945237	False	lost	0.0	1.0741999972196936e-05	0.48292388799995933
1447	945247	False	lost	0.0	9.629000032873591e-06	0.7728479559999641
1448	945257	False	lost	0.0	1.0740999982772337e-05	0.4818140819999712
1449	945267	False	lost	0.0	1.7444999969029595e-05	0.5132300579999765
1450	945277	False	lost	0.0	7.856000024730747e-06	0.5276940589999981
1451	945287	False	lost	0.0	1.0441000029004499e-05	0.5122993800000017
1452	945297	False	lost	0.0	2.3495999982969806e-05	0.5256192690000034
1453	945307	False	lost	0.0	4.38569999801075e-05	0.4958341199999836
1454	945317	False	lost	0.0	1.5731000019059138e-05	0.57530299900003
1455	945327	False	lost	0.0	2.3135999981604982e-05	0.49504355900000974
1456	945337	False	lost	0.0	1.49090000149954e-05	0.5331214500000101
1457	945347	False	lost	0.0	1.342600000953098e-05	0.5400121769999942
1458	945357	False	lost	0.0	2.1973000002617482e-05	0.47939329499996575
1459	945367	False	lost	0.0	1.539999999522479e-05	0.498301089999984
1460	945377	False	lost	0.0	9.168000019599276e-06	0.5694234370000117
1461	945387	False	lost	0.0	1.771499995584236e-05	0.5157732889999807
1462	945397	False	lost	0.0	9.127999987867952e-06	0.5960369989999776
1463	945407	False	lost	0.0	1.241399996843029e-05	0.5663636869999777
1464	945417	False	lost	0.0	7.895999999618653e-06	0.6352762000000212
1465	945427	False	lost	0.0	8.416000014221936e-06	0.5658558569999741
1466	945437	False	lost	0.0	1.2895999986994866e-05	0.5624102110000422
1467	945447	False	lost	0.0	7.724999989022763e-06	0.6172732699999983
1468	945457	True	segregating	0.3216	8.557000001019333e-06	3.0430736680000336
1469	945467	False	lost	0.0	1.3787999989745003e-05	0.8797516770000016
1470	945477	False	lost	0.0	1.1702999984208873e-05	0.5461110200000121
1471	945487	False	lost	0.0	1.110199997356176e-05	0.5966887769999971
1472	945497	False	lost	0.0	1.9428000030075054e-05	0.6065139269999804
1473	945507	False	lost	0.0	2.452899997251734e-05	0.5837950839999735
1474	945517	False	lost	0.0	1.3396999975157087e-05	0.5137532159999978
1475	945527	False	lost	0.0	1.566100002037274e-05	0.61473206200003
1476	945537	False	lost	0.0	1.093100001980929e-05	0.5068861000000311
1477	945547	False	lost	0.0	1.0590000044885528e-05	0.9089950400000362
1478	945557	False	lost	0.0	2.0570000003772293e-05	0.49983767700001636
1479	945567	False	lost	0.0	2.243399995904838e-05	0.8461949559999766
